arm,target_index,segment_id,optimizer_step,learning_rate,loss,loss_moving_mean_16,gradient_norm,gradient_clipped,update_weight_ratio,state_gradient_nonzero_fraction,image_min,image_max,image_saturation_fraction
direct-pixel-oracle,0,r5-f1-8015bf53a4067aaa7e882288,1,0.05,13.86458969116211,13.86458969116211,4.437497389468332,False,,1.0,0.48554322123527527,0.5105376243591309,0.0
direct-pixel-oracle,0,r5-f1-8015bf53a4067aaa7e882288,2,0.05,12.145843505859375,13.005216598510742,6.851077571638969,False,,1.0,0.47304844856262207,0.5230398178100586,0.0
direct-pixel-oracle,0,r5-f1-8015bf53a4067aaa7e882288,3,0.05,11.562562942504883,12.524332046508789,1.931401895916797,False,,1.0,0.46055951714515686,0.5355409383773804,0.0
direct-pixel-oracle,0,r5-f1-8015bf53a4067aaa7e882288,4,0.05,9.085548400878906,11.664636135101318,4.161470714026967,False,,1.0,0.4480854570865631,0.548033595085144,0.0
direct-pixel-oracle,0,r5-f1-8015bf53a4067aaa7e882288,5,0.05,4.837677001953125,10.29924430847168,9.396236508543875,False,,1.0,0.43565651774406433,0.5605084300041199,0.0
direct-pixel-oracle,0,r5-f1-8015bf53a4067aaa7e882288,6,0.05,0.4759659767150879,8.662031253178915,1.3591620093864143,False,,1.0,0.4234073758125305,0.5726946592330933,0.0
direct-pixel-oracle,0,r5-f1-8015bf53a4067aaa7e882288,7,0.05,0.8247485160827637,7.54241943359375,3.535744317476538,False,,1.0,0.41110914945602417,0.5849243998527527,0.0
direct-pixel-oracle,0,r5-f1-8015bf53a4067aaa7e882288,8,0.05,0.3148648738861084,6.638975113630295,0.6263404157404839,False,,1.0,0.39934757351875305,0.5961180925369263,0.0
direct-pixel-oracle,0,r5-f1-8015bf53a4067aaa7e882288,9,0.05,0.09068286418914795,5.911387085914612,0.16656042536857515,False,,1.0,0.3887883424758911,0.6059688925743103,0.0
direct-pixel-oracle,0,r5-f1-8015bf53a4067aaa7e882288,10,0.05,0.09408397972583771,5.329656775295734,0.131783334921886,False,,1.0,0.3799118995666504,0.614667534828186,0.0
direct-pixel-oracle,0,r5-f1-8015bf53a4067aaa7e882288,11,0.05,0.25729066133499146,4.868532583117485,0.8256248867386933,False,,1.0,0.36976954340934753,0.6238982081413269,0.0
direct-pixel-oracle,0,r5-f1-8015bf53a4067aaa7e882288,12,0.05,0.01013914868235588,4.463666463581224,0.008732086622424149,False,,1.0,0.36059239506721497,0.6327655911445618,0.0
direct-pixel-oracle,0,r5-f1-8015bf53a4067aaa7e882288,13,0.05,0.01105906069278717,4.121158201820576,0.013810491120485746,False,,1.0,0.352487176656723,0.6406905055046082,0.0
direct-pixel-oracle,0,r5-f1-8015bf53a4067aaa7e882288,14,0.05,0.011518404819071293,3.8276125020347536,0.014831911945963573,False,,1.0,0.3452751636505127,0.6477725505828857,0.0
direct-pixel-oracle,0,r5-f1-8015bf53a4067aaa7e882288,15,0.05,0.008470442146062851,3.5730030313755075,0.008513647460757131,False,,1.0,0.33884331583976746,0.6541224718093872,0.0
direct-pixel-oracle,0,r5-f1-8015bf53a4067aaa7e882288,16,0.05,0.007947266101837158,3.350187046045903,0.006506959095775301,False,,1.0,0.33306029438972473,0.6598334312438965,0.0
direct-pixel-oracle,0,r5-f1-8015bf53a4067aaa7e882288,17,0.05,0.00799538567662239,2.48414990195306,0.008812375407958435,False,,1.0,0.32790905237197876,0.6649718284606934,0.0
direct-pixel-oracle,0,r5-f1-8015bf53a4067aaa7e882288,18,0.05,0.006622273474931717,1.7254485749290325,0.013582148010017798,False,,1.0,0.32333412766456604,0.6695970296859741,0.0
direct-pixel-oracle,0,r5-f1-8015bf53a4067aaa7e882288,19,0.05,0.0050800517201423645,1.0031058942549862,0.005596498325313767,False,,1.0,0.3192185163497925,0.6737683415412903,0.0
direct-pixel-oracle,0,r5-f1-8015bf53a4067aaa7e882288,20,0.05,0.008328914642333984,0.43577967636520043,0.00794565045165167,False,,1.0,0.31552091240882874,0.6775383949279785,0.0
direct-pixel-oracle,0,r5-f1-8015bf53a4067aaa7e882288,21,0.05,0.005301108583807945,0.13375618302961811,0.004110131110578924,False,,1.0,0.3121784031391144,0.6809461712837219,0.0
direct-pixel-oracle,0,r5-f1-8015bf53a4067aaa7e882288,22,0.05,0.003457285463809967,0.10422438982641324,0.004613975012032292,False,,1.0,0.3091616928577423,0.6840306520462036,0.0
direct-pixel-oracle,0,r5-f1-8015bf53a4067aaa7e882288,23,0.05,0.004746362566947937,0.05297425523167476,0.004560210117562948,False,,1.0,0.3064376413822174,0.6868210434913635,0.0
direct-pixel-oracle,0,r5-f1-8015bf53a4067aaa7e882288,24,0.05,0.006103515625,0.033676670340355486,0.005699644099375169,False,,1.0,0.30398446321487427,0.6893428564071655,0.0
direct-pixel-oracle,0,r5-f1-8015bf53a4067aaa7e882288,25,0.05,0.004277010448276997,0.02827630448155105,0.002808104862743116,False,,1.0,0.3017598092556,0.6916265487670898,0.0
direct-pixel-oracle,0,r5-f1-8015bf53a4067aaa7e882288,26,0.05,0.0027763396501541138,0.022569576976820827,0.0024290091072031506,False,,1.0,0.2997472584247589,0.6936984062194824,0.0
direct-pixel-oracle,0,r5-f1-8015bf53a4067aaa7e882288,27,0.05,0.003598645329475403,0.006713825976476073,0.0029707576396691515,False,,1.0,0.29792124032974243,0.6955753564834595,0.0
direct-pixel-oracle,0,r5-f1-8015bf53a4067aaa7e882288,28,0.05,0.005644083023071289,0.006432884372770786,0.005052904545691982,False,,1.0,0.296277791261673,0.6972745060920715,0.0
direct-pixel-oracle,0,r5-f1-8015bf53a4067aaa7e882288,29,0.05,0.0037379655987024307,0.00597531592939049,0.0022039432581085006,False,,1.0,0.29478195309638977,0.6988145709037781,0.0
direct-pixel-oracle,0,r5-f1-8015bf53a4067aaa7e882288,30,0.05,0.0022137686610221863,0.005393776169512421,0.0015730130298842273,False,,1.0,0.29342514276504517,0.7002131342887878,0.0
direct-pixel-oracle,0,r5-f1-8015bf53a4067aaa7e882288,31,0.05,0.002751976251602173,0.0050363720511086285,0.002098234353743916,False,,1.0,0.2921912968158722,0.7014796137809753,0.0
direct-pixel-oracle,0,r5-f1-8015bf53a4067aaa7e882288,32,0.05,0.004212856292724609,0.004802971438039094,0.0033582665100317603,False,,1.0,0.2910807430744171,0.7026259899139404,0.0
direct-pixel-oracle,0,r5-f1-8015bf53a4067aaa7e882288,33,0.05,0.0031257830560207367,0.004498621274251491,0.0022635104281623054,False,,1.0,0.2900676429271698,0.7036656737327576,0.0
direct-pixel-oracle,0,r5-f1-8015bf53a4067aaa7e882288,34,0.05,0.0018511563539505005,0.004200426454190165,0.0012649817206076648,False,,1.0,0.28914621472358704,0.7046101689338684,0.0
direct-pixel-oracle,0,r5-f1-8015bf53a4067aaa7e882288,35,0.05,0.0021056383848190308,0.0040145256207324564,0.001452222684861929,False,,1.0,0.2883094251155853,0.7054640054702759,0.0
direct-pixel-oracle,0,r5-f1-8015bf53a4067aaa7e882288,36,0.05,0.0029250383377075195,0.0036767833516933024,0.0020304786903080968,False,,1.0,0.2875567674636841,0.7062368392944336,0.0
direct-pixel-oracle,0,r5-f1-8015bf53a4067aaa7e882288,37,0.05,0.0023769475519657135,0.003494023287203163,0.0014098300832324031,False,,1.0,0.2868695855140686,0.706937313079834,0.0
direct-pixel-oracle,0,r5-f1-8015bf53a4067aaa7e882288,38,0.05,0.0015456639230251312,0.0033745469409041107,0.0010430853933083282,False,,1.0,0.28624632954597473,0.7075725197792053,0.0
direct-pixel-oracle,0,r5-f1-8015bf53a4067aaa7e882288,39,0.05,0.0016916990280151367,0.0031836304697208107,0.0009638085528885518,False,,1.0,0.2856801748275757,0.7081467509269714,0.0
direct-pixel-oracle,0,r5-f1-8015bf53a4067aaa7e882288,40,0.05,0.0028693079948425293,0.0029814924928359687,0.002124087809462741,False,,1.0,0.28517308831214905,0.7086641192436218,0.0
direct-pixel-oracle,0,r5-f1-8015bf53a4067aaa7e882288,41,0.05,0.002154530957341194,0.002848837524652481,0.0011406041795823144,False,,1.0,0.2847099006175995,0.7091329097747803,0.0
direct-pixel-oracle,0,r5-f1-8015bf53a4067aaa7e882288,42,0.05,0.0014387741684913635,0.002765239682048559,0.0009366892040101063,False,,1.0,0.2842904031276703,0.7095584273338318,0.0
direct-pixel-oracle,0,r5-f1-8015bf53a4067aaa7e882288,43,0.05,0.001395680010318756,0.0026275543496012688,0.0007372832933709116,False,,1.0,0.28390952944755554,0.7099430561065674,0.0
direct-pixel-oracle,0,r5-f1-8015bf53a4067aaa7e882288,44,0.05,0.0023122429847717285,0.0024193143472075462,0.0014781270398181259,False,,1.0,0.2835710048675537,0.7102898359298706,0.0
direct-pixel-oracle,0,r5-f1-8015bf53a4067aaa7e882288,45,0.05,0.0018538921140134335,0.002301559754414484,0.000933272853628103,False,,1.0,0.2832617163658142,0.710602343082428,0.0
direct-pixel-oracle,0,r5-f1-8015bf53a4067aaa7e882288,46,0.05,0.0011485181748867035,0.0022349815990310162,0.0007025375561713572,False,,1.0,0.2829829454421997,0.7108855843544006,0.0
direct-pixel-oracle,0,r5-f1-8015bf53a4067aaa7e882288,47,0.05,0.0011707842350006104,0.0021361570979934186,0.0005891711700504496,False,,1.0,0.2827299237251282,0.7111411094665527,0.0
direct-pixel-oracle,0,r5-f1-8015bf53a4067aaa7e882288,48,0.05,0.0018715262413024902,0.001989823969779536,0.0012481112512055838,False,,1.0,0.28250616788864136,0.7113726735115051,0.0
direct-pixel-oracle,0,r5-f1-8015bf53a4067aaa7e882288,49,0.05,0.001589702907949686,0.0018938189605250955,0.0007746126807209795,False,,1.0,0.2823023200035095,0.7115814089775085,0.0
direct-pixel-oracle,0,r5-f1-8015bf53a4067aaa7e882288,50,0.05,0.0008822362869977951,0.0018332614563405514,0.0005215824278808004,False,,1.0,0.2821187973022461,0.7117707133293152,0.0
direct-pixel-oracle,0,r5-f1-8015bf53a4067aaa7e882288,51,0.05,0.0009828731417655945,0.0017630886286497116,0.00045346821570354953,False,,1.0,0.28195250034332275,0.7119414806365967,0.0
direct-pixel-oracle,0,r5-f1-8015bf53a4067aaa7e882288,52,0.05,0.0016045570373535156,0.0016805585473775864,0.000914270273776203,False,,1.0,0.28180617094039917,0.7120949029922485,0.0
direct-pixel-oracle,0,r5-f1-8015bf53a4067aaa7e882288,53,0.05,0.0014441311359405518,0.0016222575213760138,0.0006853778443193417,False,,1.0,0.28167209029197693,0.7122327089309692,0.0
direct-pixel-oracle,0,r5-f1-8015bf53a4067aaa7e882288,54,0.05,0.0007985010743141174,0.0015755598433315754,0.0004517780043648918,False,,1.0,0.281551718711853,0.7123575806617737,0.0
direct-pixel-oracle,0,r5-f1-8015bf53a4067aaa7e882288,55,0.05,0.0008809268474578857,0.0015248865820467472,0.00037757726953462957,False,,1.0,0.2814430594444275,0.7124694585800171,0.0
direct-pixel-oracle,0,r5-f1-8015bf53a4067aaa7e882288,56,0.05,0.001240074634552002,0.0014230594970285892,0.0006243221609654995,False,,1.0,0.2813476026058197,0.7125703692436218,0.0
direct-pixel-oracle,0,r5-f1-8015bf53a4067aaa7e882288,57,0.05,0.0013715154491364956,0.0013741210277657956,0.00064251093545905,False,,1.0,0.28125977516174316,0.7126614451408386,0.0
direct-pixel-oracle,0,r5-f1-8015bf53a4067aaa7e882288,58,0.05,0.0007597878575325012,0.0013316843833308667,0.00041620934997677424,False,,1.0,0.28118130564689636,0.7127436399459839,0.0
direct-pixel-oracle,0,r5-f1-8015bf53a4067aaa7e882288,59,0.05,0.0007900446653366089,0.0012938321742694825,0.00033545999807442733,False,,1.0,0.28111109137535095,0.7128171920776367,0.0
direct-pixel-oracle,0,r5-f1-8015bf53a4067aaa7e882288,60,0.05,0.0012499690055847168,0.0012274400505702943,0.000662496143240589,False,,1.0,0.2810511291027069,0.7128829956054688,0.0
direct-pixel-oracle,0,r5-f1-8015bf53a4067aaa7e882288,61,0.05,0.001203170046210289,0.0011867699213325977,0.000553168692432617,False,,1.0,0.2809964716434479,0.7129420638084412,0.0
direct-pixel-oracle,0,r5-f1-8015bf53a4067aaa7e882288,62,0.05,0.0007572881877422333,0.0011623180471360683,0.0004008030868932491,False,,1.0,0.280948281288147,0.712995171546936,0.0
direct-pixel-oracle,0,r5-f1-8015bf53a4067aaa7e882288,63,0.05,0.0007045194506645203,0.0011331764981150627,0.00029252198638753346,False,,1.0,0.28090524673461914,0.713042676448822,0.0
direct-pixel-oracle,0,r5-f1-8015bf53a4067aaa7e882288,64,0.05,0.0011008977890014648,0.0010850122198462486,0.0008189734723482652,False,,1.0,0.2808693051338196,0.7130861878395081,0.0
direct-pixel-oracle,0,r5-f1-8015bf53a4067aaa7e882288,65,0.05,0.0011591147631406784,0.0010581004607956856,0.000497647528439231,False,,1.0,0.28083616495132446,0.7131252884864807,0.0
direct-pixel-oracle,0,r5-f1-8015bf53a4067aaa7e882288,66,0.05,0.0006356611847877502,0.0010426895169075578,0.00032127550466550187,False,,1.0,0.2808075249195099,0.7131605744361877,0.0
direct-pixel-oracle,0,r5-f1-8015bf53a4067aaa7e882288,67,0.05,0.0006551966071128845,0.0010222097334917635,0.0002636594955547839,False,,1.0,0.28078269958496094,0.713191568851471,0.0
direct-pixel-oracle,0,r5-f1-8015bf53a4067aaa7e882288,68,0.05,0.0011107921600341797,0.000991349428659305,0.0006248553511675106,False,,1.0,0.2807639241218567,0.7132189869880676,0.0
direct-pixel-oracle,0,r5-f1-8015bf53a4067aaa7e882288,69,0.05,0.0010164575651288033,0.0009646198304835707,0.00043666560111799087,False,,1.0,0.2807464301586151,0.7132434248924255,0.0
direct-pixel-oracle,0,r5-f1-8015bf53a4067aaa7e882288,70,0.05,0.0005862191319465637,0.0009513522090855986,0.0002902041818183008,False,,1.0,0.2807316184043884,0.7132651805877686,0.0
direct-pixel-oracle,0,r5-f1-8015bf53a4067aaa7e882288,71,0.05,0.0006845071911811829,0.0009390759805683047,0.00027954984508200695,False,,1.0,0.28071916103363037,0.7132840752601624,0.0
direct-pixel-oracle,0,r5-f1-8015bf53a4067aaa7e882288,72,0.05,0.0008717477321624756,0.0009160555491689593,0.0004653785354949375,False,,1.0,0.28071078658103943,0.7133165001869202,0.0
direct-pixel-oracle,0,r5-f1-8015bf53a4067aaa7e882288,73,0.05,0.0009790631011128426,0.0008915272774174809,0.00041786640604584167,False,,1.0,0.2807027995586395,0.7133457660675049,0.0
direct-pixel-oracle,0,r5-f1-8015bf53a4067aaa7e882288,74,0.05,0.0005443990230560303,0.0008780654752627015,0.0002662634667512404,False,,1.0,0.28069648146629333,0.7133722305297852,0.0
direct-pixel-oracle,0,r5-f1-8015bf53a4067aaa7e882288,75,0.05,0.0006537660956382751,0.0008695480646565557,0.00025973440416093,False,,1.0,0.2806917726993561,0.7133973836898804,0.0
direct-pixel-oracle,0,r5-f1-8015bf53a4067aaa7e882288,76,0.05,0.0010041892528533936,0.000854186830110848,0.0004940833980829071,False,,1.0,0.2806907594203949,0.7134218215942383,0.0
direct-pixel-oracle,0,r5-f1-8015bf53a4067aaa7e882288,77,0.05,0.0009790631011128426,0.0008401801460422575,0.0004108397730279691,False,,1.0,0.28068915009498596,0.7134420275688171,0.0
direct-pixel-oracle,0,r5-f1-8015bf53a4067aaa7e882288,78,0.05,0.0005634650588035583,0.0008280662004835904,0.0002848108746239557,False,,1.0,0.2806888818740845,0.7134606838226318,0.0
direct-pixel-oracle,0,r5-f1-8015bf53a4067aaa7e882288,79,0.05,0.0006381645798683167,0.0008239190210588276,0.0002618386348390657,False,,1.0,0.28068962693214417,0.7134785056114197,0.0
direct-pixel-oracle,0,r5-f1-8015bf53a4067aaa7e882288,80,0.05,0.0008409023284912109,0.0008076693047769368,0.00039941743344866585,False,,1.0,0.28069257736206055,0.7134961485862732,0.0
direct-pixel-oracle,0,r5-f1-8015bf53a4067aaa7e882288,81,0.05,0.0009023644961416721,0.0007916224130894989,0.0003889493171175776,False,,1.0,0.2806943953037262,0.7135105729103088,0.0
direct-pixel-oracle,0,r5-f1-8015bf53a4067aaa7e882288,82,0.05,0.000490305945277214,0.0007825377106200904,0.00024730755571451677,False,,1.0,0.28069692850112915,0.7135237455368042,0.0
direct-pixel-oracle,0,r5-f1-8015bf53a4067aaa7e882288,83,0.05,0.000584430992603302,0.0007781148597132415,0.00023346696646874094,False,,1.0,0.28069987893104553,0.7135365605354309,0.0
direct-pixel-oracle,0,r5-f1-8015bf53a4067aaa7e882288,84,0.05,0.0008574724197387695,0.0007622823759447783,0.0004281549439143905,False,,1.0,0.28070539236068726,0.7135497331619263,0.0
direct-pixel-oracle,0,r5-f1-8015bf53a4067aaa7e882288,85,0.05,0.0008647274225950241,0.0007527992420364171,0.000354514118884655,False,,1.0,0.2807098627090454,0.7135605812072754,0.0
direct-pixel-oracle,0,r5-f1-8015bf53a4067aaa7e882288,86,0.05,0.00043156370520591736,0.0007431332778651267,0.00021340523874680117,False,,1.0,0.28071466088294983,0.7135704755783081,0.0
direct-pixel-oracle,0,r5-f1-8015bf53a4067aaa7e882288,87,0.05,0.0005586966872215271,0.0007352701213676482,0.00022575096461863747,False,,1.0,0.2807193696498871,0.7135801315307617,0.0
direct-pixel-oracle,0,r5-f1-8015bf53a4067aaa7e882288,88,0.05,0.0006833076477050781,0.0007234926160890609,0.000328636338078134,False,,1.0,0.28072553873062134,0.7135900259017944,0.0
direct-pixel-oracle,0,r5-f1-8015bf53a4067aaa7e882288,89,0.05,0.0008325688540935516,0.0007143367256503552,0.00034235740607269685,False,,1.0,0.2807307541370392,0.7135974764823914,0.0
direct-pixel-oracle,0,r5-f1-8015bf53a4067aaa7e882288,90,0.05,0.0003824681043624878,0.0007042160432320088,0.00018095139631713248,False,,1.0,0.2807362973690033,0.7136042714118958,0.0
direct-pixel-oracle,0,r5-f1-8015bf53a4067aaa7e882288,91,0.05,0.0004876852035522461,0.000693835987476632,0.00020325151413467206,False,,1.0,0.28074175119400024,0.7136110067367554,0.0
direct-pixel-oracle,0,r5-f1-8015bf53a4067aaa7e882288,92,0.05,0.0007990896701812744,0.0006810172635596246,0.0004342889338673401,False,,1.0,0.2807494103908539,0.7136185765266418,0.0
direct-pixel-oracle,0,r5-f1-8015bf53a4067aaa7e882288,93,0.05,0.0006940341554582119,0.0006632029544562101,0.0003135815198626008,False,,1.0,0.28075578808784485,0.7136244177818298,0.0
direct-pixel-oracle,0,r5-f1-8015bf53a4067aaa7e882288,94,0.05,0.0004129745066165924,0.0006537972949445248,0.00021053497782407563,False,,1.0,0.2807624340057373,0.7136299014091492,0.0
direct-pixel-oracle,0,r5-f1-8015bf53a4067aaa7e882288,95,0.05,0.0004489608108997345,0.0006419720593839884,0.0001862736501985218,False,,1.0,0.2807689607143402,0.7136353850364685,0.0
direct-pixel-oracle,0,r5-f1-8015bf53a4067aaa7e882288,96,0.05,0.0007052421569824219,0.0006334932986646891,0.00036346693281129767,False,,1.0,0.28077760338783264,0.7136417627334595,0.0
direct-pixel-oracle,0,r5-f1-8015bf53a4067aaa7e882288,97,0.05,0.0006983224302530289,0.0006207406695466489,0.00027835045551368706,False,,1.0,0.2807847857475281,0.713646411895752,0.0
direct-pixel-oracle,0,r5-f1-8015bf53a4067aaa7e882288,98,0.05,0.00040224939584732056,0.0006152371352072805,0.00019703897129706336,False,,1.0,0.28079190850257874,0.713650643825531,0.0
direct-pixel-oracle,0,r5-f1-8015bf53a4067aaa7e882288,99,0.05,0.0004366859793663025,0.000606003071879968,0.00017241059452720973,False,,1.0,0.28079885244369507,0.7136552333831787,0.0
direct-pixel-oracle,0,r5-f1-8015bf53a4067aaa7e882288,100,0.05,0.000599205493927002,0.0005898613890167326,0.0002717724772572631,False,,1.0,0.2808067202568054,0.7136603593826294,0.0
direct-pixel-oracle,0,r5-f1-8015bf53a4067aaa7e882288,101,0.05,0.0007533570751547813,0.0005829007423017174,0.0003300150425564445,False,,1.0,0.28081339597702026,0.7136637568473816,0.0
direct-pixel-oracle,0,r5-f1-8015bf53a4067aaa7e882288,102,0.05,0.00041094981133937836,0.0005816123739350587,0.00019726260087480954,False,,1.0,0.28082016110420227,0.7136668562889099,0.0
direct-pixel-oracle,0,r5-f1-8015bf53a4067aaa7e882288,103,0.05,0.000475175678730011,0.000576392310904339,0.00019669326186193102,False,,1.0,0.280826598405838,0.7136704325675964,0.0
direct-pixel-oracle,0,r5-f1-8015bf53a4067aaa7e882288,104,0.05,0.0006912946701049805,0.0005768914998043329,0.0003992762978771353,False,,1.0,0.2808345556259155,0.7136752009391785,0.0
direct-pixel-oracle,0,r5-f1-8015bf53a4067aaa7e882288,105,0.05,0.0006949873641133308,0.000568292656680569,0.0003153180981011391,False,,1.0,0.2808409631252289,0.7136784791946411,0.0
direct-pixel-oracle,0,r5-f1-8015bf53a4067aaa7e882288,106,0.05,0.00036447495222091675,0.0005671680846717209,0.00017415693343556695,False,,1.0,0.2808474004268646,0.7136815786361694,0.0
direct-pixel-oracle,0,r5-f1-8015bf53a4067aaa7e882288,107,0.05,0.0004351399838924408,0.000563884008442983,0.00018233719520761561,False,,1.0,0.2808535397052765,0.7136849761009216,0.0
direct-pixel-oracle,0,r5-f1-8015bf53a4067aaa7e882288,108,0.05,0.000610053539276123,0.0005520692502614111,0.00029166650405332154,False,,1.0,0.2808608114719391,0.7136892676353455,0.0
direct-pixel-oracle,0,r5-f1-8015bf53a4067aaa7e882288,109,0.05,0.0006403066217899323,0.0005487112794071436,0.00027715148870503944,False,,1.0,0.2808665633201599,0.7136920690536499,0.0
direct-pixel-oracle,0,r5-f1-8015bf53a4067aaa7e882288,110,0.05,0.00034695863723754883,0.0005445852875709534,0.0001682259962300378,False,,1.0,0.28087249398231506,0.7136947512626648,0.0
direct-pixel-oracle,0,r5-f1-8015bf53a4067aaa7e882288,111,0.05,0.0004221498966217041,0.0005429096054285765,0.0001807255342381738,False,,1.0,0.2808780074119568,0.7136982083320618,0.0
direct-pixel-oracle,0,r5-f1-8015bf53a4067aaa7e882288,112,0.05,0.0005724132061004639,0.0005346077959984541,0.0002667111628926233,False,,1.0,0.2808845341205597,0.7137022018432617,0.0
direct-pixel-oracle,0,r5-f1-8015bf53a4067aaa7e882288,113,0.05,0.0006699701771140099,0.0005328357801772654,0.00028490213775124587,False,,1.0,0.280889630317688,0.7137045860290527,0.0
direct-pixel-oracle,0,r5-f1-8015bf53a4067aaa7e882288,114,0.05,0.00034695863723754883,0.0005293801077641547,0.00015848607361598055,False,,1.0,0.2808948755264282,0.7137067914009094,0.0
direct-pixel-oracle,0,r5-f1-8015bf53a4067aaa7e882288,115,0.05,0.0004273951053619385,0.0005287994281388819,0.00017037481879194998,False,,1.0,0.28089985251426697,0.7137094736099243,0.0
direct-pixel-oracle,0,r5-f1-8015bf53a4067aaa7e882288,116,0.05,0.0005946755409240723,0.0005285163060761988,0.00032913021592525013,False,,1.0,0.2809062898159027,0.7137130498886108,0.0
direct-pixel-oracle,0,r5-f1-8015bf53a4067aaa7e882288,117,0.05,0.0006171939894556999,0.0005200061132200062,0.00023904062153266514,False,,1.0,0.2809107303619385,0.7137153148651123,0.0
direct-pixel-oracle,0,r5-f1-8015bf53a4067aaa7e882288,118,0.05,0.0003205016255378723,0.0005143531016074121,0.000147036837246212,False,,1.0,0.28091490268707275,0.7137174606323242,0.0
direct-pixel-oracle,0,r5-f1-8015bf53a4067aaa7e882288,119,0.05,0.00037984922528266907,0.0005083951982669532,0.00014253530146973172,False,,1.0,0.28091898560523987,0.7137202024459839,0.0
direct-pixel-oracle,0,r5-f1-8015bf53a4067aaa7e882288,120,0.05,0.0005761981010437012,0.0005012016627006233,0.0002733875920786138,False,,1.0,0.28092455863952637,0.7137238383293152,0.0
direct-pixel-oracle,0,r5-f1-8015bf53a4067aaa7e882288,121,0.05,0.0005181878805160522,0.0004901516949757934,0.0002023038016756806,False,,1.0,0.28092867136001587,0.7137262225151062,0.0
direct-pixel-oracle,0,r5-f1-8015bf53a4067aaa7e882288,122,0.05,0.00031371042132377625,0.0004869789117947221,0.00014112470632225577,False,,1.0,0.2809326946735382,0.7137284874916077,0.0
direct-pixel-oracle,0,r5-f1-8015bf53a4067aaa7e882288,123,0.05,0.00036507099866867065,0.00048259960021823645,0.00014280661149115005,False,,1.0,0.2809366285800934,0.7137317061424255,0.0
direct-pixel-oracle,0,r5-f1-8015bf53a4067aaa7e882288,124,0.05,0.0005558431148529053,0.00047921144869178534,0.0002662873532348877,False,,1.0,0.28094205260276794,0.7137355804443359,0.0
direct-pixel-oracle,0,r5-f1-8015bf53a4067aaa7e882288,125,0.05,0.0006139781326055527,0.0004775659181177616,0.0002528463163625875,False,,1.0,0.28094595670700073,0.7137381434440613,0.0
direct-pixel-oracle,0,r5-f1-8015bf53a4067aaa7e882288,126,0.05,0.0003210976719856262,0.00047594960778951645,0.00015287300622355472,False,,1.0,0.28094980120658875,0.7137405276298523,0.0
direct-pixel-oracle,0,r5-f1-8015bf53a4067aaa7e882288,127,0.05,0.0003520846366882324,0.00047157052904367447,0.00014103131690861102,False,,1.0,0.2809534966945648,0.7137436866760254,0.0
direct-pixel-oracle,0,r5-f1-8015bf53a4067aaa7e882288,128,0.05,0.0004750490188598633,0.00046548526734113693,0.00019432586777882628,False,,1.0,0.2809580862522125,0.7137474417686462,0.0
direct-pixel-oracle,1,r5-f1-392d41fd097d069c42218e0a,1,0.05,27.041690826416016,27.041690826416016,13.289442890562304,False,,1.0,0.48554322123527527,0.5105376243591309,0.0
direct-pixel-oracle,1,r5-f1-392d41fd097d069c42218e0a,2,0.05,21.333375930786133,24.187533378601074,7.0065495474574435,False,,1.0,0.4730483889579773,0.5230398178100586,0.0
direct-pixel-oracle,1,r5-f1-392d41fd097d069c42218e0a,3,0.05,26.458383560180664,24.944483439127605,6.807241109639764,False,,1.0,0.46055930852890015,0.5355411767959595,0.0
direct-pixel-oracle,1,r5-f1-392d41fd097d069c42218e0a,4,0.05,22.33383560180664,24.291821479797363,5.780129562881892,False,,1.0,0.448086142539978,0.5480324029922485,0.0
direct-pixel-oracle,1,r5-f1-392d41fd097d069c42218e0a,5,0.05,12.608641624450684,21.95518550872803,7.566484929727424,False,,1.0,0.43565723299980164,0.5604925155639648,0.0
direct-pixel-oracle,1,r5-f1-392d41fd097d069c42218e0a,6,0.05,5.590633392333984,19.227760155995686,4.908409226114156,False,,1.0,0.4233464300632477,0.5728535056114197,0.0
direct-pixel-oracle,1,r5-f1-392d41fd097d069c42218e0a,7,0.05,12.727978706359863,18.299219948904856,6.863315889349535,False,,1.0,0.41120144724845886,0.5852314233779907,0.0
direct-pixel-oracle,1,r5-f1-392d41fd097d069c42218e0a,8,0.05,4.646885871887207,16.59267818927765,7.715870739716384,False,,1.0,0.39892813563346863,0.596553385257721,0.0
direct-pixel-oracle,1,r5-f1-392d41fd097d069c42218e0a,9,0.05,2.3608322143554688,15.01136196984185,5.566037939341994,False,,1.0,0.3874300420284271,0.6080082058906555,0.0
direct-pixel-oracle,1,r5-f1-392d41fd097d069c42218e0a,10,0.05,0.3040115237236023,13.540626925230026,2.7298807413020163,False,,1.0,0.37589535117149353,0.6187490820884705,0.0
direct-pixel-oracle,1,r5-f1-392d41fd097d069c42218e0a,11,0.05,6.401698112487793,12.891633396798914,18.32930359167673,False,,1.0,0.36654165387153625,0.6299127340316772,0.0
direct-pixel-oracle,1,r5-f1-392d41fd097d069c42218e0a,12,0.05,5.2356648445129395,12.25363601744175,4.123206253801466,False,,1.0,0.35515108704566956,0.6417187452316284,0.0
direct-pixel-oracle,1,r5-f1-392d41fd097d069c42218e0a,13,0.05,0.6885461807250977,11.3640137223097,1.5240126102468237,False,,1.0,0.34366661310195923,0.6525298357009888,0.0
direct-pixel-oracle,1,r5-f1-392d41fd097d069c42218e0a,14,0.05,0.025245100259780884,10.554101677877563,0.05888325783099517,False,,1.0,0.3334159553050995,0.6621406078338623,0.0
direct-pixel-oracle,1,r5-f1-392d41fd097d069c42218e0a,15,0.05,0.16303235292434692,9.86136372288068,0.44583330797984067,False,,1.0,0.3244319260120392,0.6707255244255066,0.0
direct-pixel-oracle,1,r5-f1-392d41fd097d069c42218e0a,16,0.05,1.2223939895629883,9.321428114548326,3.3089312387578986,False,,1.0,0.31857573986053467,0.6790201663970947,0.0
direct-pixel-oracle,1,r5-f1-392d41fd097d069c42218e0a,17,0.05,0.038570284843444824,7.63373308070004,0.24680633868268606,False,,1.0,0.3132841885089874,0.6863008141517639,0.0
direct-pixel-oracle,1,r5-f1-392d41fd097d069c42218e0a,18,0.05,0.022288888692855835,6.30179014056921,0.08670008378560137,False,,1.0,0.30852171778678894,0.6928238272666931,0.0
direct-pixel-oracle,1,r5-f1-392d41fd097d069c42218e0a,19,0.05,0.02639368176460266,4.649790773168206,0.06428136174333163,False,,1.0,0.30347776412963867,0.6986739635467529,0.0
direct-pixel-oracle,1,r5-f1-392d41fd097d069c42218e0a,20,0.05,0.021660327911376953,3.2552798185497522,0.09288448696756406,False,,1.0,0.2988232672214508,0.7039064764976501,0.0
direct-pixel-oracle,1,r5-f1-392d41fd097d069c42218e0a,21,0.05,0.025951623916625977,2.4688616935163736,0.08171813573341828,False,,1.0,0.2939833104610443,0.7085832357406616,0.0
direct-pixel-oracle,1,r5-f1-392d41fd097d069c42218e0a,22,0.05,0.002519652247428894,2.119604584760964,0.007312713098326668,False,,1.0,0.28894302248954773,0.7128010988235474,0.0
direct-pixel-oracle,1,r5-f1-392d41fd097d069c42218e0a,23,0.05,0.011022508144378662,1.3247948223724961,0.020868462377840513,False,,1.0,0.28438588976860046,0.7166114449501038,0.0
direct-pixel-oracle,1,r5-f1-392d41fd097d069c42218e0a,24,0.05,0.008240699768066406,1.0348794991150498,0.01914875341694045,False,,1.0,0.2802635133266449,0.7200446724891663,0.0
direct-pixel-oracle,1,r5-f1-392d41fd097d069c42218e0a,25,0.05,0.019560575485229492,0.8885500216856599,0.09917562108887668,False,,1.0,0.27648085355758667,0.7230941653251648,0.0
direct-pixel-oracle,1,r5-f1-392d41fd097d069c42218e0a,26,0.05,0.003700908273458481,0.8697806082200259,0.02623343123379147,False,,1.0,0.2730734944343567,0.7258553504943848,0.0
direct-pixel-oracle,1,r5-f1-392d41fd097d069c42218e0a,27,0.05,0.008756451308727264,0.4702217543963343,0.012315918601899675,False,,1.0,0.269989013671875,0.7283554673194885,0.0
direct-pixel-oracle,1,r5-f1-392d41fd097d069c42218e0a,28,0.05,0.006717562675476074,0.14341254928149283,0.05385636952565142,False,,1.0,0.2671680152416229,0.730640172958374,0.0
direct-pixel-oracle,1,r5-f1-392d41fd097d069c42218e0a,29,0.05,0.016254425048828125,0.10139431455172598,0.030158689258387567,False,,1.0,0.2646469175815582,0.7327009439468384,0.0
direct-pixel-oracle,1,r5-f1-392d41fd097d069c42218e0a,30,0.05,0.005567759275436401,0.10016448074020445,0.009797282588469859,False,,1.0,0.2623752951622009,0.7345761060714722,0.0
direct-pixel-oracle,1,r5-f1-392d41fd097d069c42218e0a,31,0.05,0.008401881903409958,0.0905000763013959,0.011516147208599262,False,,1.0,0.2603193521499634,0.7362805604934692,0.0
direct-pixel-oracle,1,r5-f1-392d41fd097d069c42218e0a,32,0.05,0.008210301399230957,0.01461359579116106,0.021057141463323693,False,,1.0,0.2584688663482666,0.7378148436546326,0.0
direct-pixel-oracle,1,r5-f1-392d41fd097d069c42218e0a,33,0.05,0.01150733232498169,0.012922161258757114,0.01685611821815037,False,,1.0,0.25683024525642395,0.7392035722732544,0.0
direct-pixel-oracle,1,r5-f1-392d41fd097d069c42218e0a,34,0.05,0.0037667080760002136,0.011764524970203638,0.007416946803881409,False,,1.0,0.25536060333251953,0.7404664754867554,0.0
direct-pixel-oracle,1,r5-f1-392d41fd097d069c42218e0a,35,0.05,0.006527412682771683,0.010522883152589202,0.010006745690305238,False,,1.0,0.25403255224227905,0.7416131496429443,0.0
direct-pixel-oracle,1,r5-f1-392d41fd097d069c42218e0a,36,0.05,0.0032786130905151367,0.009374025976285338,0.006362952457306929,False,,1.0,0.2528250217437744,0.7426477670669556,0.0
direct-pixel-oracle,1,r5-f1-392d41fd097d069c42218e0a,37,0.05,0.007506608963012695,0.008221212541684508,0.010514597998703894,False,,1.0,0.25174465775489807,0.7435761094093323,0.0
direct-pixel-oracle,1,r5-f1-392d41fd097d069c42218e0a,38,0.05,0.0024078674614429474,0.008214225992560387,0.004856885643715527,False,,1.0,0.25077205896377563,0.744419515132904,0.0
direct-pixel-oracle,1,r5-f1-392d41fd097d069c42218e0a,39,0.05,0.004846848547458649,0.007828247267752886,0.007632242290021255,False,,1.0,0.24989543855190277,0.7451848387718201,0.0
direct-pixel-oracle,1,r5-f1-392d41fd097d069c42218e0a,40,0.05,0.00342714786529541,0.0075274002738296986,0.00767587383423947,False,,1.0,0.24908693134784698,0.7458749413490295,0.0
direct-pixel-oracle,1,r5-f1-392d41fd097d069c42218e0a,41,0.05,0.004950523376464844,0.006614272017031908,0.006657092730006703,False,,1.0,0.2483602613210678,0.7464960813522339,0.0
direct-pixel-oracle,1,r5-f1-392d41fd097d069c42218e0a,42,0.05,0.001429729163646698,0.006472323322668672,0.00287626571879555,False,,1.0,0.2477046400308609,0.7470603585243225,0.0
direct-pixel-oracle,1,r5-f1-392d41fd097d069c42218e0a,43,0.05,0.002935389056801796,0.00610850693192333,0.0042319232845337345,False,,1.0,0.24711211025714874,0.7475731372833252,0.0
direct-pixel-oracle,1,r5-f1-392d41fd097d069c42218e0a,44,0.05,0.0016548633575439453,0.005792088224552572,0.004523279263646457,False,,1.0,0.24656268954277039,0.748038113117218,0.0
direct-pixel-oracle,1,r5-f1-392d41fd097d069c42218e0a,45,0.05,0.003924638032913208,0.0050214765360578895,0.004415734489519525,False,,1.0,0.24606165289878845,0.7484576106071472,0.0
direct-pixel-oracle,1,r5-f1-392d41fd097d069c42218e0a,46,0.05,0.0010877884924411774,0.004741478362120688,0.0018468398493992808,False,,1.0,0.24560916423797607,0.7488389015197754,0.0
direct-pixel-oracle,1,r5-f1-392d41fd097d069c42218e0a,47,0.05,0.001994408667087555,0.004341011284850538,0.002498556278871886,False,,1.0,0.2451988011598587,0.7491858005523682,0.0
direct-pixel-oracle,1,r5-f1-392d41fd097d069c42218e0a,48,0.05,0.001718282699584961,0.003935260116122663,0.0040387385193739935,False,,1.0,0.2448161542415619,0.749500036239624,0.0
direct-pixel-oracle,1,r5-f1-392d41fd097d069c42218e0a,49,0.05,0.0032234489917755127,0.003417517407797277,0.004395995128259766,False,,1.0,0.24446211755275726,0.7497818470001221,0.0
direct-pixel-oracle,1,r5-f1-392d41fd097d069c42218e0a,50,0.05,0.0007721781730651855,0.0032303592888638377,0.001211512123969013,False,,1.0,0.24414226412773132,0.7500383257865906,0.0
direct-pixel-oracle,1,r5-f1-392d41fd097d069c42218e0a,51,0.05,0.0016727745532989502,0.002926944405771792,0.002223109601373464,False,,1.0,0.24385249614715576,0.7502719163894653,0.0
direct-pixel-oracle,1,r5-f1-392d41fd097d069c42218e0a,52,0.05,0.0014575719833374023,0.0028131293365731835,0.0031750147443404798,False,,1.0,0.24358037114143372,0.7504822611808777,0.0
direct-pixel-oracle,1,r5-f1-392d41fd097d069c42218e0a,53,0.05,0.0023005902767181396,0.002487753168679774,0.0026039661104405123,False,,1.0,0.24333104491233826,0.7506721615791321,0.0
direct-pixel-oracle,1,r5-f1-392d41fd097d069c42218e0a,54,0.05,0.0006223171949386597,0.002376156277023256,0.000907339486363331,False,,1.0,0.24310600757598877,0.7508445978164673,0.0
direct-pixel-oracle,1,r5-f1-392d41fd097d069c42218e0a,55,0.05,0.001336514949798584,0.0021567604271695018,0.0015468911270965068,False,,1.0,0.2429044246673584,0.7510014176368713,0.0
direct-pixel-oracle,1,r5-f1-392d41fd097d069c42218e0a,56,0.05,0.0007333159446716309,0.0019883959321305156,0.0011120034016882724,False,,1.0,0.24271780252456665,0.7511431574821472,0.0
direct-pixel-oracle,1,r5-f1-392d41fd097d069c42218e0a,57,0.05,0.0021657049655914307,0.0018143447814509273,0.008551914679087459,False,,1.0,0.2425456941127777,0.7512645125389099,0.0
direct-pixel-oracle,1,r5-f1-392d41fd097d069c42218e0a,58,0.05,0.0006339922547340393,0.001764611224643886,0.0009091340264284373,False,,1.0,0.2423907369375229,0.7513746619224548,0.0
direct-pixel-oracle,1,r5-f1-392d41fd097d069c42218e0a,59,0.05,0.0012147203087806702,0.0016570694278925657,0.0014512168941303901,False,,1.0,0.24225297570228577,0.7514746785163879,0.0
direct-pixel-oracle,1,r5-f1-392d41fd097d069c42218e0a,60,0.05,0.0007417798042297363,0.0016000017058104277,0.0010616818466685364,False,,1.0,0.24212439358234406,0.7515650391578674,0.0
direct-pixel-oracle,1,r5-f1-392d41fd097d069c42218e0a,61,0.05,0.0018732845783233643,0.0014717921148985624,0.0023595922586629463,False,,1.0,0.24200411140918732,0.7516458034515381,0.0
direct-pixel-oracle,1,r5-f1-392d41fd097d069c42218e0a,62,0.05,0.0004960261285305023,0.0014348069671541452,0.0006746112959605938,False,,1.0,0.2418963462114334,0.7517191767692566,0.0
direct-pixel-oracle,1,r5-f1-392d41fd097d069c42218e0a,63,0.05,0.0012194812297821045,0.0013863740023225546,0.0013508078061942876,False,,1.0,0.2418012022972107,0.7517860531806946,0.0
direct-pixel-oracle,1,r5-f1-392d41fd097d069c42218e0a,64,0.05,0.0005890727043151855,0.0013157983776181936,0.000789174072894845,False,,1.0,0.2417120784521103,0.751846194267273,0.0
direct-pixel-oracle,1,r5-f1-392d41fd097d069c42218e0a,65,0.05,0.0015617311000823975,0.001211941009387374,0.0017086623584344838,False,,1.0,0.2416331171989441,0.7519002556800842,0.0
direct-pixel-oracle,1,r5-f1-392d41fd097d069c42218e0a,66,0.05,0.0004150010645389557,0.0011896174401044846,0.0005520259854479247,False,,1.0,0.24156267940998077,0.7519492506980896,0.0
direct-pixel-oracle,1,r5-f1-392d41fd097d069c42218e0a,67,0.05,0.0011570900678634644,0.0011573871597647667,0.001307672568514779,False,,1.0,0.24150186777114868,0.7519944310188293,0.0
direct-pixel-oracle,1,r5-f1-392d41fd097d069c42218e0a,68,0.05,0.0005408525466918945,0.0011000921949744225,0.0006491589088527983,False,,1.0,0.2414446473121643,0.7520350217819214,0.0
direct-pixel-oracle,1,r5-f1-392d41fd097d069c42218e0a,69,0.05,0.0015171021223068237,0.0010511241853237152,0.0016685924393581764,False,,1.0,0.24139517545700073,0.7520711421966553,0.0
direct-pixel-oracle,1,r5-f1-392d41fd097d069c42218e0a,70,0.05,0.0003897380083799362,0.001036587986163795,0.0005076363241081272,False,,1.0,0.24135145545005798,0.7521038055419922,0.0
direct-pixel-oracle,1,r5-f1-392d41fd097d069c42218e0a,71,0.05,0.0009733475744724274,0.0010138900252059102,0.0009549608960481391,False,,1.0,0.2413136512041092,0.7521337866783142,0.0
direct-pixel-oracle,1,r5-f1-392d41fd097d069c42218e0a,72,0.05,0.0005208253860473633,0.0010006093652918935,0.0007120523988291225,False,,1.0,0.2412767857313156,0.7521606087684631,0.0
direct-pixel-oracle,1,r5-f1-392d41fd097d069c42218e0a,73,0.05,0.001508176326751709,0.0009595138253644109,0.0016304006832712668,False,,1.0,0.2412429302930832,0.7521840929985046,0.0
direct-pixel-oracle,1,r5-f1-392d41fd097d069c42218e0a,74,0.05,0.0003744848072528839,0.0009432946098968387,0.0004998127761115715,False,,1.0,0.24121342599391937,0.7522053718566895,0.0
direct-pixel-oracle,1,r5-f1-392d41fd097d069c42218e0a,75,0.05,0.0008983146399259567,0.0009235192555934191,0.0009673357261181197,False,,1.0,0.2411889284849167,0.7522252202033997,0.0
direct-pixel-oracle,1,r5-f1-392d41fd097d069c42218e0a,76,0.05,0.00042062997817993164,0.0009034473914653063,0.00046575125470767404,False,,1.0,0.24116522073745728,0.7522426247596741,0.0
direct-pixel-oracle,1,r5-f1-392d41fd097d069c42218e0a,77,0.05,0.0012018680572509766,0.000861483858898282,0.0011103149206057338,False,,1.0,0.2411443591117859,0.7522575259208679,0.0
direct-pixel-oracle,1,r5-f1-392d41fd097d069c42218e0a,78,0.05,0.0003238394856452942,0.0008507221937179565,0.0003936671679485312,False,,1.0,0.24112634360790253,0.7522709369659424,0.0
direct-pixel-oracle,1,r5-f1-392d41fd097d069c42218e0a,79,0.05,0.0008253026753664017,0.0008260860340669751,0.0007726873939964913,False,,1.0,0.24111153185367584,0.7522832155227661,0.0
direct-pixel-oracle,1,r5-f1-392d41fd097d069c42218e0a,80,0.05,0.0004899501800537109,0.000819890876300633,0.0006971892626944449,False,,1.0,0.24109528958797455,0.7522937655448914,0.0
direct-pixel-oracle,1,r5-f1-392d41fd097d069c42218e0a,81,0.05,0.0012454390525817871,0.0008001226233318448,0.0011203477880912833,False,,1.0,0.2410803884267807,0.7523030638694763,0.0
direct-pixel-oracle,1,r5-f1-392d41fd097d069c42218e0a,82,0.05,0.00031609274446964264,0.0007939408533275127,0.0003956181302614974,False,,1.0,0.24106775224208832,0.7523115277290344,0.0
direct-pixel-oracle,1,r5-f1-392d41fd097d069c42218e0a,83,0.05,0.0008304249495267868,0.0007735242834314704,0.0008004809052019209,False,,1.0,0.2410583198070526,0.7523193955421448,0.0
direct-pixel-oracle,1,r5-f1-392d41fd097d069c42218e0a,84,0.05,0.000523686408996582,0.0007724513998255134,0.0009402881323521588,False,,1.0,0.24104492366313934,0.7523258328437805,0.0
direct-pixel-oracle,1,r5-f1-392d41fd097d069c42218e0a,85,0.05,0.0010136067867279053,0.000740982941351831,0.0009410562080639279,False,,1.0,0.24103516340255737,0.7523312568664551,0.0
direct-pixel-oracle,1,r5-f1-392d41fd097d069c42218e0a,86,0.05,0.00030691642314195633,0.0007358065922744572,0.00036219017958552004,False,,1.0,0.2410273253917694,0.7523362040519714,0.0
direct-pixel-oracle,1,r5-f1-392d41fd097d069c42218e0a,87,0.05,0.0008999817073345184,0.0007312212255783379,0.0008021475519397917,False,,1.0,0.24102230370044708,0.7523408532142639,0.0
direct-pixel-oracle,1,r5-f1-392d41fd097d069c42218e0a,88,0.05,0.0002983510494232178,0.0007173165795393288,0.00034149143222332617,False,,1.0,0.24101655185222626,0.7523448467254639,0.0
direct-pixel-oracle,1,r5-f1-392d41fd097d069c42218e0a,89,0.05,0.0009315460920333862,0.0006812771898694336,0.0007649153587426875,False,,1.0,0.24101117253303528,0.7523479461669922,0.0
direct-pixel-oracle,1,r5-f1-392d41fd097d069c42218e0a,90,0.05,0.0002669934183359146,0.0006745589780621231,0.00032384585109695844,False,,1.0,0.24100719392299652,0.7523506879806519,0.0
direct-pixel-oracle,1,r5-f1-392d41fd097d069c42218e0a,91,0.05,0.0007912367582321167,0.0006678666104562581,0.0007118674312025794,False,,1.0,0.24100542068481445,0.7523534893989563,0.0
direct-pixel-oracle,1,r5-f1-392d41fd097d069c42218e0a,92,0.05,0.0003466010093688965,0.0006632397999055684,0.00036385958365745317,False,,1.0,0.2410021722316742,0.7523557543754578,0.0
direct-pixel-oracle,1,r5-f1-392d41fd097d069c42218e0a,93,0.05,0.0008970052003860474,0.0006441858713515103,0.000794703881171446,False,,1.0,0.24100054800510406,0.7523574233055115,0.0
direct-pixel-oracle,1,r5-f1-392d41fd097d069c42218e0a,94,0.05,0.00022754445672035217,0.0006381674320437014,0.00023803764696016014,False,,1.0,0.2409997582435608,0.7523589134216309,0.0
direct-pixel-oracle,1,r5-f1-392d41fd097d069c42218e0a,95,0.05,0.0006940336897969246,0.0006299631204456091,0.0007637264479811098,False,,1.0,0.24100103974342346,0.7523605823516846,0.0
direct-pixel-oracle,1,r5-f1-392d41fd097d069c42218e0a,96,0.05,0.00033932924270629883,0.0006205493118613958,0.0003868710504209497,False,,1.0,0.2410004884004593,0.7523617148399353,0.0
direct-pixel-oracle,1,r5-f1-392d41fd097d069c42218e0a,97,0.05,0.0009603649377822876,0.0006027321796864271,0.0008929777342058057,False,,1.0,0.24100171029567719,0.7523618936538696,0.0
direct-pixel-oracle,1,r5-f1-392d41fd097d069c42218e0a,98,0.05,0.00021157413721084595,0.0005961997667327523,0.00028483323001586537,False,,1.0,0.24100369215011597,0.7523632645606995,0.0
direct-pixel-oracle,1,r5-f1-392d41fd097d069c42218e0a,99,0.05,0.000763600692152977,0.0005920232506468892,0.0006379371786907362,False,,1.0,0.24100682139396667,0.7523664832115173,0.0
direct-pixel-oracle,1,r5-f1-392d41fd097d069c42218e0a,100,0.05,0.00037556886672973633,0.0005827659042552114,0.0004516791370083001,False,,1.0,0.24100768566131592,0.7523689866065979,0.0
direct-pixel-oracle,1,r5-f1-392d41fd097d069c42218e0a,101,0.05,0.0008194595575332642,0.0005706317024305463,0.0006527686616906782,False,,1.0,0.24100784957408905,0.752371072769165,0.0
direct-pixel-oracle,1,r5-f1-392d41fd097d069c42218e0a,102,0.05,0.00021038204431533813,0.0005645983037538826,0.00021069538593615893,False,,1.0,0.24100865423679352,0.7523728609085083,0.0
direct-pixel-oracle,1,r5-f1-392d41fd097d069c42218e0a,103,0.05,0.0006896266713738441,0.0005514511140063405,0.000589172969176271,False,,1.0,0.2410116195678711,0.7523750066757202,0.0
direct-pixel-oracle,1,r5-f1-392d41fd097d069c42218e0a,104,0.05,0.00038880109786987305,0.0005571042420342565,0.0006677401891770971,False,,1.0,0.24101142585277557,0.7523762583732605,0.0
direct-pixel-oracle,1,r5-f1-392d41fd097d069c42218e0a,105,0.05,0.000925116240978241,0.0005567023763433099,0.0008688459339329746,False,,1.0,0.241012841463089,0.7523776292800903,0.0
direct-pixel-oracle,1,r5-f1-392d41fd097d069c42218e0a,106,0.05,0.00022206269204616547,0.0005538942059502006,0.00022598106986240315,False,,1.0,0.2410147786140442,0.7523788213729858,0.0
direct-pixel-oracle,1,r5-f1-392d41fd097d069c42218e0a,107,0.05,0.0006418554112315178,0.0005445578717626631,0.0005182850200422507,False,,1.0,0.24101799726486206,0.75238037109375,0.0
direct-pixel-oracle,1,r5-f1-392d41fd097d069c42218e0a,108,0.05,0.0003998875617980957,0.0005478882812894881,0.0005572247773911278,False,,1.0,0.24101826548576355,0.7523812055587769,0.0
direct-pixel-oracle,1,r5-f1-392d41fd097d069c42218e0a,109,0.05,0.0008885562419891357,0.0005473602213896811,0.0008011416592840614,False,,1.0,0.24101649224758148,0.7523818016052246,0.0
direct-pixel-oracle,1,r5-f1-392d41fd097d069c42218e0a,110,0.05,0.0001976294443011284,0.0005454905331134796,0.0002128969045087525,False,,1.0,0.2410154640674591,0.7523823380470276,0.0
direct-pixel-oracle,1,r5-f1-392d41fd097d069c42218e0a,111,0.05,0.0006380435079336166,0.0005419911467470229,0.0005044512576007943,False,,1.0,0.24101532995700836,0.7523831725120544,0.0
direct-pixel-oracle,1,r5-f1-392d41fd097d069c42218e0a,112,0.05,0.0003350377082824707,0.0005417229258455336,0.0004681235484759499,False,,1.0,0.24101269245147705,0.7523834705352783,0.0
direct-pixel-oracle,1,r5-f1-392d41fd097d069c42218e0a,113,0.05,0.0008885562419891357,0.0005372348823584616,0.0007567403312142803,False,,1.0,0.24100857973098755,0.7523834705352783,0.0
direct-pixel-oracle,1,r5-f1-392d41fd097d069c42218e0a,114,0.05,0.00021348148584365845,0.0005373540916480124,0.00021995274615297142,False,,1.0,0.24100546538829803,0.7523834705352783,0.0
direct-pixel-oracle,1,r5-f1-392d41fd097d069c42218e0a,115,0.05,0.0006649661809206009,0.0005311894346959889,0.0005207396194647315,False,,1.0,0.2410041093826294,0.7523837685585022,0.0
direct-pixel-oracle,1,r5-f1-392d41fd097d069c42218e0a,116,0.05,0.0002970397472381592,0.0005262813647277653,0.0002706458853591695,False,,1.0,0.2410016804933548,0.7523837685585022,0.0
direct-pixel-oracle,1,r5-f1-392d41fd097d069c42218e0a,117,0.05,0.000781819224357605,0.0005239288439042866,0.0006367668339801845,False,,1.0,0.2409992665052414,0.7523836493492126,0.0
direct-pixel-oracle,1,r5-f1-392d41fd097d069c42218e0a,118,0.05,0.00020370818674564362,0.0005235117278061807,0.00019710935512560685,False,,1.0,0.24099762737751007,0.7523834109306335,0.0
direct-pixel-oracle,1,r5-f1-392d41fd097d069c42218e0a,119,0.05,0.0006317291408777237,0.0005198931321501732,0.0004646015209401993,False,,1.0,0.24099743366241455,0.7523834109306335,0.0
direct-pixel-oracle,1,r5-f1-392d41fd097d069c42218e0a,120,0.05,0.000405728816986084,0.0005209511145949364,0.0007419714795810294,False,,1.0,0.2409936487674713,0.7523825764656067,0.0
direct-pixel-oracle,1,r5-f1-392d41fd097d069c42218e0a,121,0.05,0.0009049922227859497,0.0005196933634579182,0.000860863966854817,False,,1.0,0.24098901450634003,0.7523816823959351,0.0
direct-pixel-oracle,1,r5-f1-392d41fd097d069c42218e0a,122,0.05,0.0001751035451889038,0.0005167584167793393,0.00018407350878005873,False,,1.0,0.24098511040210724,0.7523807883262634,0.0
direct-pixel-oracle,1,r5-f1-392d41fd097d069c42218e0a,123,0.05,0.0006631799042224884,0.000518091197591275,0.0005359749995853634,False,,1.0,0.24098309874534607,0.7523805499076843,0.0
direct-pixel-oracle,1,r5-f1-392d41fd097d069c42218e0a,124,0.05,0.00027629733085632324,0.0005103668081574142,0.0002789459697669464,False,,1.0,0.2409805953502655,0.7523800134658813,0.0
direct-pixel-oracle,1,r5-f1-392d41fd097d069c42218e0a,125,0.05,0.0007601529359817505,0.0005023416015319526,0.0006316970431017302,False,,1.0,0.24097804725170135,0.7523791790008545,0.0
direct-pixel-oracle,1,r5-f1-392d41fd097d069c42218e0a,126,0.05,0.00017855968326330185,0.0005011497414670885,0.00016672812718957457,False,,1.0,0.24097628891468048,0.7523783445358276,0.0
direct-pixel-oracle,1,r5-f1-392d41fd097d069c42218e0a,127,0.05,0.0006098076701164246,0.000499385001603514,0.0004953934056897107,False,,1.0,0.24097613990306854,0.7523781061172485,0.0
direct-pixel-oracle,1,r5-f1-392d41fd097d069c42218e0a,128,0.05,0.000357210636138916,0.0005007708095945418,0.0004180311945327667,False,,1.0,0.240973562002182,0.7523775100708008,0.0
direct-pixel-oracle,2,r5-f1-1aee01c0f3e7684c05c9122c,1,0.05,29.625,29.625,10.621720824788474,False,,1.0,0.48554322123527527,0.5105376243591309,0.0
direct-pixel-oracle,2,r5-f1-1aee01c0f3e7684c05c9122c,2,0.05,30.041667938232422,29.83333396911621,5.863345811634068,False,,1.0,0.4730483889579773,0.5230398178100586,0.0
direct-pixel-oracle,2,r5-f1-1aee01c0f3e7684c05c9122c,3,0.05,22.875045776367188,27.513904571533203,9.610827230212768,False,,1.0,0.4605594575405121,0.5355411767959595,0.0
direct-pixel-oracle,2,r5-f1-1aee01c0f3e7684c05c9122c,4,0.05,9.976008415222168,23.129430532455444,11.119577544706686,False,,1.0,0.44808709621429443,0.5480325818061829,0.0
direct-pixel-oracle,2,r5-f1-1aee01c0f3e7684c05c9122c,5,0.05,5.188936710357666,19.54133176803589,3.629278598374293,False,,1.0,0.4356631338596344,0.5604950785636902,0.0
direct-pixel-oracle,2,r5-f1-1aee01c0f3e7684c05c9122c,6,0.05,5.771201133728027,17.246309995651245,6.9321481379068866,False,,1.0,0.42333900928497314,0.5728498101234436,0.0
direct-pixel-oracle,2,r5-f1-1aee01c0f3e7684c05c9122c,7,0.05,2.3508267402648926,15.118383816310338,3.3152035331212586,False,,1.0,0.4117475748062134,0.5852597951889038,0.0
direct-pixel-oracle,2,r5-f1-1aee01c0f3e7684c05c9122c,8,0.05,0.08442699909210205,13.239139214158058,0.16838990353916125,False,,1.0,0.4011012017726898,0.5961223840713501,0.0
direct-pixel-oracle,2,r5-f1-1aee01c0f3e7684c05c9122c,9,0.05,0.29620814323425293,11.801035761833191,0.5566583267713111,False,,1.0,0.39048898220062256,0.6057909727096558,0.0
direct-pixel-oracle,2,r5-f1-1aee01c0f3e7684c05c9122c,10,0.05,0.08426812291145325,10.629358997941017,0.16789203515766657,False,,1.0,0.3804842531681061,0.6144062876701355,0.0
direct-pixel-oracle,2,r5-f1-1aee01c0f3e7684c05c9122c,11,0.05,0.050363242626190186,9.667632111094214,0.08254779300698965,False,,1.0,0.3715444803237915,0.6231305003166199,0.0
direct-pixel-oracle,2,r5-f1-1aee01c0f3e7684c05c9122c,12,0.05,0.02783280611038208,8.864315502345562,0.05794296931802844,False,,1.0,0.36365655064582825,0.6310927867889404,0.0
direct-pixel-oracle,2,r5-f1-1aee01c0f3e7684c05c9122c,13,0.05,0.0442085862159729,8.185845739566362,0.06509719274045123,False,,1.0,0.3566606938838959,0.638173520565033,0.0
direct-pixel-oracle,2,r5-f1-1aee01c0f3e7684c05c9122c,14,0.05,0.083545982837677,7.607110042657171,0.13021342181312265,False,,1.0,0.350558876991272,0.6442815065383911,0.0
direct-pixel-oracle,2,r5-f1-1aee01c0f3e7684c05c9122c,15,0.05,0.01985110342502594,7.101292780041694,0.02527405405943836,False,,1.0,0.3450690507888794,0.6497504711151123,0.0
direct-pixel-oracle,2,r5-f1-1aee01c0f3e7684c05c9122c,16,0.05,0.008434981107711792,6.657989167608321,0.017431264955426445,False,,1.0,0.34013286232948303,0.6546481847763062,0.0
direct-pixel-oracle,2,r5-f1-1aee01c0f3e7684c05c9122c,17,0.05,0.018290072679519653,4.807569797150791,0.023457046427080314,False,,1.0,0.33570098876953125,0.6590594053268433,0.0
direct-pixel-oracle,2,r5-f1-1aee01c0f3e7684c05c9122c,18,0.05,0.04404844343662262,2.9327185787260532,0.04913187634120608,False,,1.0,0.3316499590873718,0.6630464792251587,0.0
direct-pixel-oracle,2,r5-f1-1aee01c0f3e7684c05c9122c,19,0.05,0.011041015386581421,1.5037182811647654,0.012995013128751913,False,,1.0,0.3279701769351959,0.6670680642127991,0.0
direct-pixel-oracle,2,r5-f1-1aee01c0f3e7684c05c9122c,20,0.05,0.0031339842826128006,0.8804136292310432,0.005434102099085747,False,,1.0,0.32463502883911133,0.6708696484565735,0.0
direct-pixel-oracle,2,r5-f1-1aee01c0f3e7684c05c9122c,21,0.05,0.007620900869369507,0.5565813911380246,0.0065146053153916925,False,,1.0,0.32161542773246765,0.6743115186691284,0.0
direct-pixel-oracle,2,r5-f1-1aee01c0f3e7684c05c9122c,22,0.05,0.020188093185424805,0.19714307610411197,0.024946589435105134,False,,1.0,0.31887537240982056,0.6774450540542603,0.0
direct-pixel-oracle,2,r5-f1-1aee01c0f3e7684c05c9122c,23,0.05,0.01171836256980896,0.05094880249816924,0.02098147788899395,False,,1.0,0.3163873553276062,0.6802600026130676,0.0
direct-pixel-oracle,2,r5-f1-1aee01c0f3e7684c05c9122c,24,0.05,0.0021049268543720245,0.04580367298331112,0.0033917709435526194,False,,1.0,0.31412941217422485,0.6828089356422424,0.0
direct-pixel-oracle,2,r5-f1-1aee01c0f3e7684c05c9122c,25,0.05,0.005761921405792236,0.027650784119032323,0.007770575642876757,False,,1.0,0.3120878338813782,0.6851192712783813,0.0
direct-pixel-oracle,2,r5-f1-1aee01c0f3e7684c05c9122c,26,0.05,0.012668021023273468,0.023175777751021087,0.0290764355533283,False,,1.0,0.3101997673511505,0.6871947050094604,0.0
direct-pixel-oracle,2,r5-f1-1aee01c0f3e7684c05c9122c,27,0.05,0.008819438517093658,0.020579289994202554,0.013594597286510737,False,,1.0,0.3084828555583954,0.6890679597854614,0.0
direct-pixel-oracle,2,r5-f1-1aee01c0f3e7684c05c9122c,28,0.05,0.00164111889898777,0.01894230954349041,0.0022711202898791963,False,,1.0,0.30692359805107117,0.6907663941383362,0.0
direct-pixel-oracle,2,r5-f1-1aee01c0f3e7684c05c9122c,29,0.05,0.0037832260131835938,0.016415724530816078,0.002667476149029494,False,,1.0,0.3055034279823303,0.6923080086708069,0.0
direct-pixel-oracle,2,r5-f1-1aee01c0f3e7684c05c9122c,30,0.05,0.010467156767845154,0.011848297901451588,0.0063701598271934745,False,,1.0,0.3042100667953491,0.6937025189399719,0.0
direct-pixel-oracle,2,r5-f1-1aee01c0f3e7684c05c9122c,31,0.05,0.0059555694460868835,0.010979827027767897,0.008125425870352964,False,,1.0,0.3030317425727844,0.6949623823165894,0.0
direct-pixel-oracle,2,r5-f1-1aee01c0f3e7684c05c9122c,32,0.05,0.001345801167190075,0.01053675328148529,0.0022065000438280793,False,,1.0,0.3019603192806244,0.6961067318916321,0.0
direct-pixel-oracle,2,r5-f1-1aee01c0f3e7684c05c9122c,33,0.05,0.003480687737464905,0.009611166722606868,0.00296560069601685,False,,1.0,0.30098390579223633,0.6971465349197388,0.0
direct-pixel-oracle,2,r5-f1-1aee01c0f3e7684c05c9122c,34,0.05,0.011382997035980225,0.007569576322566718,0.018300063844435544,False,,1.0,0.3000929355621338,0.6981099843978882,0.0
direct-pixel-oracle,2,r5-f1-1aee01c0f3e7684c05c9122c,35,0.05,0.004247099161148071,0.0071449565584771335,0.0031353830906756344,False,,1.0,0.2992802560329437,0.6989821791648865,0.0
direct-pixel-oracle,2,r5-f1-1aee01c0f3e7684c05c9122c,36,0.05,0.0011194637045264244,0.007019049022346735,0.0011866450368645163,False,,1.0,0.29854077100753784,0.6997748017311096,0.0
direct-pixel-oracle,2,r5-f1-1aee01c0f3e7684c05c9122c,37,0.05,0.002823770046234131,0.006719228345900774,0.001800955819798311,False,,1.0,0.29786619544029236,0.700494647026062,0.0
direct-pixel-oracle,2,r5-f1-1aee01c0f3e7684c05c9122c,38,0.05,0.007640071213245392,0.005934976972639561,0.00591684583130657,False,,1.0,0.2972509264945984,0.7011517882347107,0.0
direct-pixel-oracle,2,r5-f1-1aee01c0f3e7684c05c9122c,39,0.05,0.0036237090826034546,0.005429061129689217,0.002890755871095174,False,,1.0,0.29668790102005005,0.7017451524734497,0.0
direct-pixel-oracle,2,r5-f1-1aee01c0f3e7684c05c9122c,40,0.05,0.0007963590323925018,0.0053472756408154964,0.0004909710705849904,False,,1.0,0.29617559909820557,0.7022843956947327,0.0
direct-pixel-oracle,2,r5-f1-1aee01c0f3e7684c05c9122c,41,0.05,0.0025956332683563232,0.005149382632225752,0.001751684729152853,False,,1.0,0.2957078218460083,0.7027737498283386,0.0
direct-pixel-oracle,2,r5-f1-1aee01c0f3e7684c05c9122c,42,0.05,0.006358988583087921,0.004755068104714155,0.004054965368636438,False,,1.0,0.2952829897403717,0.7032268643379211,0.0
direct-pixel-oracle,2,r5-f1-1aee01c0f3e7684c05c9122c,43,0.05,0.00315643846988678,0.004401130601763725,0.002517559768958553,False,,1.0,0.2948939800262451,0.7036349773406982,0.0
direct-pixel-oracle,2,r5-f1-1aee01c0f3e7684c05c9122c,44,0.05,0.0007512122392654419,0.00434551143553108,0.00038440490728095097,False,,1.0,0.2945401072502136,0.7040058374404907,0.0
direct-pixel-oracle,2,r5-f1-1aee01c0f3e7684c05c9122c,45,0.05,0.0022939443588256836,0.00425243133213371,0.0014958848078221762,False,,1.0,0.2942172586917877,0.7043421864509583,0.0
direct-pixel-oracle,2,r5-f1-1aee01c0f3e7684c05c9122c,46,0.05,0.005712613463401794,0.003955272375606,0.0037649184170686204,False,,1.0,0.2939242124557495,0.7046557664871216,0.0
direct-pixel-oracle,2,r5-f1-1aee01c0f3e7684c05c9122c,47,0.05,0.002333894371986389,0.0037289176834747195,0.0014321582340563143,False,,1.0,0.29365620017051697,0.7049392461776733,0.0
direct-pixel-oracle,2,r5-f1-1aee01c0f3e7684c05c9122c,48,0.05,0.0007222667336463928,0.0036899467813782394,0.00037665129742552923,False,,1.0,0.29341238737106323,0.705196738243103,0.0
direct-pixel-oracle,2,r5-f1-1aee01c0f3e7684c05c9122c,49,0.05,0.002294778823852539,0.0036158274742774665,0.0015596313943060812,False,,1.0,0.29318967461586,0.705430269241333,0.0
direct-pixel-oracle,2,r5-f1-1aee01c0f3e7684c05c9122c,50,0.05,0.005306325852870941,0.0032360355253331363,0.0038239658571528018,False,,1.0,0.2929880917072296,0.7056507468223572,0.0
direct-pixel-oracle,2,r5-f1-1aee01c0f3e7684c05c9122c,51,0.05,0.0021843910217285156,0.003107116266619414,0.001768124726689605,False,,1.0,0.29280316829681396,0.7058486342430115,0.0
direct-pixel-oracle,2,r5-f1-1aee01c0f3e7684c05c9122c,52,0.05,0.0007182173430919647,0.0030820383690297604,0.0004955161847115074,False,,1.0,0.29263490438461304,0.7060281038284302,0.0
direct-pixel-oracle,2,r5-f1-1aee01c0f3e7684c05c9122c,53,0.05,0.0021971166133880615,0.003042872529476881,0.0014903644366135041,False,,1.0,0.2924807071685791,0.7061903476715088,0.0
direct-pixel-oracle,2,r5-f1-1aee01c0f3e7684c05c9122c,54,0.05,0.004681698977947235,0.0028579742647707462,0.003158532644647094,False,,1.0,0.29234057664871216,0.7063443064689636,0.0
direct-pixel-oracle,2,r5-f1-1aee01c0f3e7684c05c9122c,55,0.05,0.0018863752484321594,0.0027493909001350403,0.0014732874202544946,False,,1.0,0.29221147298812866,0.7064819931983948,0.0
direct-pixel-oracle,2,r5-f1-1aee01c0f3e7684c05c9122c,56,0.05,0.0006628222763538361,0.0027410448528826237,0.00041212986596039574,False,,1.0,0.2920939326286316,0.7066067457199097,0.0
direct-pixel-oracle,2,r5-f1-1aee01c0f3e7684c05c9122c,57,0.05,0.0017253756523132324,0.0026866537518799305,0.0010599059741327552,False,,1.0,0.2919865548610687,0.7067198753356934,0.0
direct-pixel-oracle,2,r5-f1-1aee01c0f3e7684c05c9122c,58,0.05,0.004020944237709045,0.0025405259802937508,0.002567947040087103,False,,1.0,0.2918899357318878,0.7068291902542114,0.0
direct-pixel-oracle,2,r5-f1-1aee01c0f3e7684c05c9122c,59,0.05,0.001875549554824829,0.002460470423102379,0.001310086593628279,False,,1.0,0.29180029034614563,0.7069260478019714,0.0
direct-pixel-oracle,2,r5-f1-1aee01c0f3e7684c05c9122c,60,0.05,0.0006350642070174217,0.0024532111710868776,0.00042348814594754357,False,,1.0,0.29171860218048096,0.7070136070251465,0.0
direct-pixel-oracle,2,r5-f1-1aee01c0f3e7684c05c9122c,61,0.05,0.0018597245216369629,0.0024260724312625825,0.0010863826715168362,False,,1.0,0.29164382815361023,0.7070927619934082,0.0
direct-pixel-oracle,2,r5-f1-1aee01c0f3e7684c05c9122c,62,0.05,0.0039248839020729065,0.002314339333679527,0.002105083297245519,False,,1.0,0.29157671332359314,0.7071689963340759,0.0
direct-pixel-oracle,2,r5-f1-1aee01c0f3e7684c05c9122c,63,0.05,0.0018624663352966309,0.002284875081386417,0.0012638803423473904,False,,1.0,0.29151350259780884,0.7072358727455139,0.0
direct-pixel-oracle,2,r5-f1-1aee01c0f3e7684c05c9122c,64,0.05,0.0005783550441265106,0.0022758806007914245,0.000361722261343382,False,,1.0,0.29145580530166626,0.7072961926460266,0.0
direct-pixel-oracle,2,r5-f1-1aee01c0f3e7684c05c9122c,65,0.05,0.0016544461250305176,0.002235859807115048,0.0010195672453130718,False,,1.0,0.2914026379585266,0.7073505520820618,0.0
direct-pixel-oracle,2,r5-f1-1aee01c0f3e7684c05c9122c,66,0.05,0.003546975553035736,0.002125900413375348,0.001981081473985113,False,,1.0,0.29135486483573914,0.7074044346809387,0.0
direct-pixel-oracle,2,r5-f1-1aee01c0f3e7684c05c9122c,67,0.05,0.001801416277885437,0.0021019644918851554,0.0012815442996904438,False,,1.0,0.29130953550338745,0.7074507474899292,0.0
direct-pixel-oracle,2,r5-f1-1aee01c0f3e7684c05c9122c,68,0.05,0.0005793087184429169,0.00209328270284459,0.0002763135016282562,False,,1.0,0.29126808047294617,0.7074928283691406,0.0
direct-pixel-oracle,2,r5-f1-1aee01c0f3e7684c05c9122c,69,0.05,0.0014597177505493164,0.0020471952739171684,0.000814829985454533,False,,1.0,0.2912299335002899,0.7075306177139282,0.0
direct-pixel-oracle,2,r5-f1-1aee01c0f3e7684c05c9122c,70,0.05,0.003125786781311035,0.0019499507616274059,0.0015343076051613973,False,,1.0,0.2911953926086426,0.7075653076171875,0.0
direct-pixel-oracle,2,r5-f1-1aee01c0f3e7684c05c9122c,71,0.05,0.00157850980758667,0.0019307091715745628,0.0010846396808137943,False,,1.0,0.29116225242614746,0.707594633102417,0.0
direct-pixel-oracle,2,r5-f1-1aee01c0f3e7684c05c9122c,72,0.05,0.0005289111286401749,0.001922339724842459,0.00024803627807219573,False,,1.0,0.2911318838596344,0.7076212167739868,0.0
direct-pixel-oracle,2,r5-f1-1aee01c0f3e7684c05c9122c,73,0.05,0.0012873411178588867,0.0018949625664390624,0.0006794101830619448,False,,1.0,0.291104257106781,0.7076449990272522,0.0
direct-pixel-oracle,2,r5-f1-1aee01c0f3e7684c05c9122c,74,0.05,0.003003135323524475,0.0018313495093025267,0.0014112398515935128,False,,1.0,0.2910795211791992,0.7076690196990967,0.0
direct-pixel-oracle,2,r5-f1-1aee01c0f3e7684c05c9122c,75,0.05,0.0016039907932281494,0.0018143770867027342,0.0010408633051599708,False,,1.0,0.2910551130771637,0.7076882719993591,0.0
direct-pixel-oracle,2,r5-f1-1aee01c0f3e7684c05c9122c,76,0.05,0.0005127061158418655,0.001806729706004262,0.00026463022718501133,False,,1.0,0.29103267192840576,0.707705557346344,0.0
direct-pixel-oracle,2,r5-f1-1aee01c0f3e7684c05c9122c,77,0.05,0.0011525601148605347,0.0017625319305807352,0.0006048221075804991,False,,1.0,0.29101213812828064,0.7077207565307617,0.0
direct-pixel-oracle,2,r5-f1-1aee01c0f3e7684c05c9122c,78,0.05,0.0027625486254692078,0.001689885975793004,0.001178836814897072,False,,1.0,0.2909930646419525,0.7077344655990601,0.0
direct-pixel-oracle,2,r5-f1-1aee01c0f3e7684c05c9122c,79,0.05,0.001387469470500946,0.0016601986717432737,0.0009451026463656821,False,,1.0,0.2909740209579468,0.7077448964118958,0.0
direct-pixel-oracle,2,r5-f1-1aee01c0f3e7684c05c9122c,80,0.05,0.0004889965057373047,0.0016546137630939484,0.00022480819557804546,False,,1.0,0.29095661640167236,0.707754373550415,0.0
direct-pixel-oracle,2,r5-f1-1aee01c0f3e7684c05c9122c,81,0.05,0.0011520832777023315,0.0016232160851359367,0.0005710885734590608,False,,1.0,0.2909404933452606,0.7077628374099731,0.0
direct-pixel-oracle,2,r5-f1-1aee01c0f3e7684c05c9122c,82,0.05,0.002612866461277008,0.0015648342669010162,0.0011942633261562104,False,,1.0,0.2909261882305145,0.7077726125717163,0.0
direct-pixel-oracle,2,r5-f1-1aee01c0f3e7684c05c9122c,83,0.05,0.0013011544942855835,0.0015335679054260254,0.000820859386929778,False,,1.0,0.29091158509254456,0.7077793478965759,0.0
direct-pixel-oracle,2,r5-f1-1aee01c0f3e7684c05c9122c,84,0.05,0.0004888772964477539,0.0015279159415513277,0.00022046422314880542,False,,1.0,0.29089808464050293,0.7077853679656982,0.0
direct-pixel-oracle,2,r5-f1-1aee01c0f3e7684c05c9122c,85,0.05,0.0011049360036849976,0.0015057420823723078,0.0005273283213920595,False,,1.0,0.2908855974674225,0.7077907919883728,0.0
direct-pixel-oracle,2,r5-f1-1aee01c0f3e7684c05c9122c,86,0.05,0.0028809458017349243,0.0014904395211488008,0.0016145076433835377,False,,1.0,0.2908753752708435,0.7078002095222473,0.0
direct-pixel-oracle,2,r5-f1-1aee01c0f3e7684c05c9122c,87,0.05,0.0012529343366622925,0.0014700910542160273,0.0007997468326043753,False,,1.0,0.29086464643478394,0.7078064680099487,0.0
direct-pixel-oracle,2,r5-f1-1aee01c0f3e7684c05c9122c,88,0.05,0.00044550467282533646,0.0014648781507275999,0.00020318350640163654,False,,1.0,0.2908547520637512,0.7078123092651367,0.0
direct-pixel-oracle,2,r5-f1-1aee01c0f3e7684c05c9122c,89,0.05,0.001234009861946106,0.001461544947233051,0.0006476186357003138,False,,1.0,0.29084551334381104,0.7078173160552979,0.0
direct-pixel-oracle,2,r5-f1-1aee01c0f3e7684c05c9122c,90,0.05,0.0027627870440483093,0.0014465231797657907,0.0013316549841502281,False,,1.0,0.2908379137516022,0.7078244686126709,0.0
direct-pixel-oracle,2,r5-f1-1aee01c0f3e7684c05c9122c,91,0.05,0.0011681616306304932,0.0014192838571034372,0.000670928676553402,False,,1.0,0.29082950949668884,0.707828938961029,0.0
direct-pixel-oracle,2,r5-f1-1aee01c0f3e7684c05c9122c,92,0.05,0.0004887580871582031,0.0014177871053107083,0.00021173016575363394,False,,1.0,0.2908216714859009,0.7078331112861633,0.0
direct-pixel-oracle,2,r5-f1-1aee01c0f3e7684c05c9122c,93,0.05,0.0010441988706588745,0.0014110145275481045,0.0005079342844243626,False,,1.0,0.2908141016960144,0.7078363299369812,0.0
direct-pixel-oracle,2,r5-f1-1aee01c0f3e7684c05c9122c,94,0.05,0.002650320529937744,0.001404000271577388,0.0012550115357278493,False,,1.0,0.2908080518245697,0.7078418135643005,0.0
direct-pixel-oracle,2,r5-f1-1aee01c0f3e7684c05c9122c,95,0.05,0.0010781437158584595,0.0013846674119122326,0.0007038708388668822,False,,1.0,0.29080092906951904,0.7078446745872498,0.0
direct-pixel-oracle,2,r5-f1-1aee01c0f3e7684c05c9122c,96,0.05,0.0004287036135792732,0.0013808991061523557,0.00017576905531677746,False,,1.0,0.2907942831516266,0.707847535610199,0.0
direct-pixel-oracle,2,r5-f1-1aee01c0f3e7684c05c9122c,97,0.05,0.0010892152786254883,0.001376969856210053,0.0005530663787135223,False,,1.0,0.29078805446624756,0.7078497409820557,0.0
direct-pixel-oracle,2,r5-f1-1aee01c0f3e7684c05c9122c,98,0.05,0.0022834688425064087,0.0013563825050368905,0.0010275529131505002,False,,1.0,0.29078277945518494,0.7078523635864258,0.0
direct-pixel-oracle,2,r5-f1-1aee01c0f3e7684c05c9122c,99,0.05,0.001005023717880249,0.001337874331511557,0.0006009614260466034,False,,1.0,0.29077664017677307,0.7078531384468079,0.0
direct-pixel-oracle,2,r5-f1-1aee01c0f3e7684c05c9122c,100,0.05,0.00039795972406864166,0.0013321919832378626,0.0001575135689950669,False,,1.0,0.29077088832855225,0.7078539133071899,0.0
direct-pixel-oracle,2,r5-f1-1aee01c0f3e7684c05c9122c,101,0.05,0.0009747743606567383,0.0013240568805485964,0.0004316995211461632,False,,1.0,0.29076525568962097,0.7078545093536377,0.0
direct-pixel-oracle,2,r5-f1-1aee01c0f3e7684c05c9122c,102,0.05,0.002283945679664612,0.0012867443729192019,0.0010418627743866923,False,,1.0,0.29075998067855835,0.7078547477722168,0.0
direct-pixel-oracle,2,r5-f1-1aee01c0f3e7684c05c9122c,103,0.05,0.0008567497134208679,0.0012619828339666128,0.00047781134023440166,False,,1.0,0.2907540202140808,0.7078540325164795,0.0
direct-pixel-oracle,2,r5-f1-1aee01c0f3e7684c05c9122c,104,0.05,0.0003782995045185089,0.001257782510947436,0.00016599277636637536,False,,1.0,0.2907484173774719,0.7078534364700317,0.0
direct-pixel-oracle,2,r5-f1-1aee01c0f3e7684c05c9122c,105,0.05,0.001002281904220581,0.0012432995135895908,0.0004770845775268721,False,,1.0,0.2907431125640869,0.7078527808189392,0.0
direct-pixel-oracle,2,r5-f1-1aee01c0f3e7684c05c9122c,106,0.05,0.0020640045404434204,0.0011996256071142852,0.0009564658341270376,False,,1.0,0.2907390296459198,0.7078540921211243,0.0
direct-pixel-oracle,2,r5-f1-1aee01c0f3e7684c05c9122c,107,0.05,0.0009893029928207397,0.0011884469422511756,0.0005900496831868329,False,,1.0,0.2907339930534363,0.7078536748886108,0.0
direct-pixel-oracle,2,r5-f1-1aee01c0f3e7684c05c9122c,108,0.05,0.00041023455560207367,0.0011835392215289176,0.00017019034845448607,False,,1.0,0.2907291650772095,0.7078534364700317,0.0
direct-pixel-oracle,2,r5-f1-1aee01c0f3e7684c05c9122c,109,0.05,0.0008837878704071045,0.001173513534013182,0.0004087592121335053,False,,1.0,0.2907244563102722,0.7078529596328735,0.0
direct-pixel-oracle,2,r5-f1-1aee01c0f3e7684c05c9122c,110,0.05,0.001979418098926544,0.001131582132074982,0.0008606224891391086,False,,1.0,0.2907203435897827,0.7078535556793213,0.0
direct-pixel-oracle,2,r5-f1-1aee01c0f3e7684c05c9122c,111,0.05,0.0008855760097503662,0.001119546650443226,0.0005043942300861094,False,,1.0,0.29071542620658875,0.7078529596328735,0.0
direct-pixel-oracle,2,r5-f1-1aee01c0f3e7684c05c9122c,112,0.05,0.0003512483090162277,0.0011147056939080358,0.00013466815794217473,False,,1.0,0.29071077704429626,0.7078524231910706,0.0
direct-pixel-oracle,2,r5-f1-1aee01c0f3e7684c05c9122c,113,0.05,0.0009348839521408081,0.0011050599860027432,0.0003996936792695994,False,,1.0,0.29070615768432617,0.7078521251678467,0.0
direct-pixel-oracle,2,r5-f1-1aee01c0f3e7684c05c9122c,114,0.05,0.0017955899238586426,0.0010745675535872579,0.0009303983070067824,False,,1.0,0.2907024025917053,0.7078544497489929,0.0
direct-pixel-oracle,2,r5-f1-1aee01c0f3e7684c05c9122c,115,0.05,0.0008498430252075195,0.0010648687602952123,0.0004995833346580946,False,,1.0,0.2906978726387024,0.7078553438186646,0.0
direct-pixel-oracle,2,r5-f1-1aee01c0f3e7684c05c9122c,116,0.05,0.00037806108593940735,0.0010636250954121351,0.00015724986811598512,False,,1.0,0.2906935513019562,0.7078562378883362,0.0
direct-pixel-oracle,2,r5-f1-1aee01c0f3e7684c05c9122c,117,0.05,0.0008249431848526001,0.0010542606469243765,0.00036004258747142955,False,,1.0,0.29068922996520996,0.707857072353363,0.0
direct-pixel-oracle,2,r5-f1-1aee01c0f3e7684c05c9122c,118,0.05,0.00189875066280365,0.0010301859583705664,0.0009425730106413314,False,,1.0,0.29068616032600403,0.7078604698181152,0.0
direct-pixel-oracle,2,r5-f1-1aee01c0f3e7684c05c9122c,119,0.05,0.0007815808057785034,0.0010254879016429186,0.00041724000536496063,False,,1.0,0.2906824052333832,0.7078626155853271,0.0
direct-pixel-oracle,2,r5-f1-1aee01c0f3e7684c05c9122c,120,0.05,0.000345766544342041,0.0010234545916318893,0.00014878235043227508,False,,1.0,0.29067885875701904,0.7078647017478943,0.0
direct-pixel-oracle,2,r5-f1-1aee01c0f3e7684c05c9122c,121,0.05,0.0008768737316131592,0.0010156165808439255,0.0004178654841621593,False,,1.0,0.2906755208969116,0.7078664302825928,0.0
direct-pixel-oracle,2,r5-f1-1aee01c0f3e7684c05c9122c,122,0.05,0.0018985122442245483,0.001005273312330246,0.0009715393755902128,False,,1.0,0.2906733751296997,0.7078710198402405,0.0
direct-pixel-oracle,2,r5-f1-1aee01c0f3e7684c05c9122c,123,0.05,0.0006673485040664673,0.000985151156783104,0.0003907678378365794,False,,1.0,0.2906705439090729,0.7078742980957031,0.0
direct-pixel-oracle,2,r5-f1-1aee01c0f3e7684c05c9122c,124,0.05,0.00036578625440597534,0.0009823731379583478,0.00015296113475818298,False,,1.0,0.2906678318977356,0.7078772783279419,0.0
direct-pixel-oracle,2,r5-f1-1aee01c0f3e7684c05c9122c,125,0.05,0.0008249431848526001,0.0009786953451111913,0.00036607783684118757,False,,1.0,0.2906651198863983,0.7078799605369568,0.0
direct-pixel-oracle,2,r5-f1-1aee01c0f3e7684c05c9122c,126,0.05,0.001932784914970398,0.0009757807711139321,0.0008374923288846135,False,,1.0,0.2906630337238312,0.7078829407691956,0.0
direct-pixel-oracle,2,r5-f1-1aee01c0f3e7684c05c9122c,127,0.05,0.000815659761428833,0.0009714110055938363,0.0004691603932707008,False,,1.0,0.29066023230552673,0.7078840732574463,0.0
direct-pixel-oracle,2,r5-f1-1aee01c0f3e7684c05c9122c,128,0.05,0.0003051292151212692,0.0009685285622254014,0.00012302584678521228,False,,1.0,0.29065757989883423,0.7078853249549866,0.0
direct-pixel-oracle,3,r5-f1-807090710dd4c077a97348ba,1,0.05,32.625,32.625,13.184610943079033,False,,1.0,0.48554322123527527,0.5105376243591309,0.0
direct-pixel-oracle,3,r5-f1-807090710dd4c077a97348ba,2,0.05,32.5,32.5625,5.325139721027163,False,,1.0,0.4730483889579773,0.5230398178100586,0.0
direct-pixel-oracle,3,r5-f1-807090710dd4c077a97348ba,3,0.05,27.5,30.875,12.999915143427621,False,,1.0,0.4605594575405121,0.5355411767959595,0.0
direct-pixel-oracle,3,r5-f1-807090710dd4c077a97348ba,4,0.05,15.542570114135742,27.041892528533936,10.982572535454631,False,,1.0,0.4480862319469452,0.5480339527130127,0.0
direct-pixel-oracle,3,r5-f1-807090710dd4c077a97348ba,5,0.05,14.128103256225586,24.459134674072267,8.754537647868577,False,,1.0,0.43567076325416565,0.5604941844940186,0.0
direct-pixel-oracle,3,r5-f1-807090710dd4c077a97348ba,6,0.05,7.423522472381592,21.619865973790485,4.974060513323148,False,,1.0,0.42330047488212585,0.5729230642318726,0.0
direct-pixel-oracle,3,r5-f1-807090710dd4c077a97348ba,7,0.05,10.627599716186523,20.049542222704208,5.171089555799186,False,,1.0,0.411658376455307,0.5847818851470947,0.0
direct-pixel-oracle,3,r5-f1-807090710dd4c077a97348ba,8,0.05,2.605224370956421,17.869002491235733,6.084734544285713,False,,1.0,0.4000360071659088,0.5962304472923279,0.0
direct-pixel-oracle,3,r5-f1-807090710dd4c077a97348ba,9,0.05,0.12817782163619995,15.897799750169119,0.6170210669479902,False,,1.0,0.3892821669578552,0.607410728931427,0.0
direct-pixel-oracle,3,r5-f1-807090710dd4c077a97348ba,10,0.05,0.003246992826461792,14.308344474434852,0.010801539810458548,False,,1.0,0.3797762989997864,0.6173023581504822,0.0
direct-pixel-oracle,3,r5-f1-807090710dd4c077a97348ba,11,0.05,4.097598075866699,13.380094801837748,6.78848208210971,False,,1.0,0.3696441948413849,0.625034749507904,0.0
direct-pixel-oracle,3,r5-f1-807090710dd4c077a97348ba,12,0.05,0.22853541374206543,12.28413151949644,0.6262105719448766,False,,1.0,0.36063116788864136,0.6333172917366028,0.0
direct-pixel-oracle,3,r5-f1-807090710dd4c077a97348ba,13,0.05,2.492952823638916,11.5309639275074,4.530998128479707,False,,1.0,0.3528904318809509,0.6414826512336731,0.0
direct-pixel-oracle,3,r5-f1-807090710dd4c077a97348ba,14,0.05,0.03449214994907379,10.70978737196752,0.05284013651534498,False,,1.0,0.34408140182495117,0.6487277746200562,0.0
direct-pixel-oracle,3,r5-f1-807090710dd4c077a97348ba,15,0.05,0.4903891086578369,10.028494154413542,1.760675576303975,False,,1.0,0.3367619514465332,0.6547743082046509,0.0
direct-pixel-oracle,3,r5-f1-807090710dd4c077a97348ba,16,0.05,0.035312503576278687,9.403920301236212,0.06470314912044517,False,,1.0,0.3302105963230133,0.6617224812507629,0.0
direct-pixel-oracle,3,r5-f1-807090710dd4c077a97348ba,17,0.05,0.06640800833702087,7.369008301757276,0.10465073688695024,False,,1.0,0.3244114816188812,0.6679309010505676,0.0
direct-pixel-oracle,3,r5-f1-807090710dd4c077a97348ba,18,0.05,0.024875514209270477,5.3393130213953555,0.16100787799586874,False,,1.0,0.31917449831962585,0.6738497018814087,0.0
direct-pixel-oracle,3,r5-f1-807090710dd4c077a97348ba,19,0.05,0.07548743486404419,3.6252809860743582,0.1570572535867076,False,,1.0,0.3138172924518585,0.6792224645614624,0.0
direct-pixel-oracle,3,r5-f1-807090710dd4c077a97348ba,20,0.05,0.020382344722747803,2.655144250486046,0.03646618252770476,False,,1.0,0.3082800507545471,0.6840463876724243,0.0
direct-pixel-oracle,3,r5-f1-807090710dd4c077a97348ba,21,0.05,0.051299333572387695,1.7753440053202212,0.16303985294217227,False,,1.0,0.3031999170780182,0.6883575916290283,0.0
direct-pixel-oracle,3,r5-f1-807090710dd4c077a97348ba,22,0.05,0.005763579159975052,1.3117340744938701,0.010349045781091915,False,,1.0,0.2986048460006714,0.6922527551651001,0.0
direct-pixel-oracle,3,r5-f1-807090710dd4c077a97348ba,23,0.05,0.0564875602722168,0.651039564749226,0.06575787256923499,False,,1.0,0.29438522458076477,0.6957650780677795,0.0
direct-pixel-oracle,3,r5-f1-807090710dd4c077a97348ba,24,0.05,0.01639878749847412,0.4892379657831043,0.02094696038725342,False,,1.0,0.2905527651309967,0.6989340782165527,0.0
direct-pixel-oracle,3,r5-f1-807090710dd4c077a97348ba,25,0.05,0.019722551107406616,0.4824595113750547,0.02673378794022499,False,,1.0,0.28705543279647827,0.7017963528633118,0.0
direct-pixel-oracle,3,r5-f1-807090710dd4c077a97348ba,26,0.05,0.0033251717686653137,0.48246439755894244,0.004965157846995425,False,,1.0,0.2838844656944275,0.7043899297714233,0.0
direct-pixel-oracle,3,r5-f1-807090710dd4c077a97348ba,27,0.05,0.04344448447227478,0.2290797980967909,0.04422353160530717,False,,1.0,0.2809613049030304,0.706745982170105,0.0
direct-pixel-oracle,3,r5-f1-807090710dd4c077a97348ba,28,0.05,0.01180177927017212,0.21553394594229758,0.015214395603805695,False,,1.0,0.2783006727695465,0.7088808417320251,0.0
direct-pixel-oracle,3,r5-f1-807090710dd4c077a97348ba,29,0.05,0.014154404401779175,0.060609044739976525,0.0171299737393468,False,,1.0,0.27586808800697327,0.7108120918273926,0.0
direct-pixel-oracle,3,r5-f1-807090710dd4c077a97348ba,30,0.05,0.0017166882753372192,0.05856057838536799,0.0027012095766462897,False,,1.0,0.27366015315055847,0.7125645279884338,0.0
direct-pixel-oracle,3,r5-f1-807090710dd4c077a97348ba,31,0.05,0.03154030442237854,0.02988252812065184,0.027458460010698817,False,,1.0,0.2716197371482849,0.7141953110694885,0.0
direct-pixel-oracle,3,r5-f1-807090710dd4c077a97348ba,32,0.05,0.007476687431335449,0.02814278961159289,0.008428585990503638,False,,1.0,0.26976218819618225,0.7158232927322388,0.0
direct-pixel-oracle,3,r5-f1-807090710dd4c077a97348ba,33,0.05,0.00910535454750061,0.024561373749747872,0.009139061706400109,False,,1.0,0.2680637240409851,0.7172999978065491,0.0
direct-pixel-oracle,3,r5-f1-807090710dd4c077a97348ba,34,0.05,0.0010719504207372665,0.023073651012964547,0.001234069604271498,False,,1.0,0.26652097702026367,0.7186412811279297,0.0
direct-pixel-oracle,3,r5-f1-807090710dd4c077a97348ba,35,0.05,0.019606128334999084,0.019581069354899228,0.01745990609936489,False,,1.0,0.2650955319404602,0.7198917865753174,0.0
direct-pixel-oracle,3,r5-f1-807090710dd4c077a97348ba,36,0.05,0.004664361476898193,0.018598695402033627,0.005307757574558563,False,,1.0,0.2637976109981537,0.721032977104187,0.0
direct-pixel-oracle,3,r5-f1-807090710dd4c077a97348ba,37,0.05,0.004388466477394104,0.015666766208596528,0.003437849571423993,False,,1.0,0.26261427998542786,0.7220708727836609,0.0
direct-pixel-oracle,3,r5-f1-807090710dd4c077a97348ba,38,0.05,0.0007099965587258339,0.015350917296018451,0.0008596224225538069,False,,1.0,0.26153913140296936,0.7230139970779419,0.0
direct-pixel-oracle,3,r5-f1-807090710dd4c077a97348ba,39,0.05,0.012807376682758331,0.012620905821677297,0.01212896954188951,False,,1.0,0.2605462074279785,0.7238996028900146,0.0
direct-pixel-oracle,3,r5-f1-807090710dd4c077a97348ba,40,0.05,0.003526061773300171,0.011816360463853925,0.0037556746931502985,False,,1.0,0.2596420645713806,0.7247076630592346,0.0
direct-pixel-oracle,3,r5-f1-807090710dd4c077a97348ba,41,0.05,0.003409057855606079,0.010796767135616392,0.0026724196517123582,False,,1.0,0.2588173747062683,0.7254422903060913,0.0
direct-pixel-oracle,3,r5-f1-807090710dd4c077a97348ba,42,0.05,0.0005895551294088364,0.010625791095662862,0.0008310326021047738,False,,1.0,0.2580678462982178,0.7261103987693787,0.0
direct-pixel-oracle,3,r5-f1-807090710dd4c077a97348ba,43,0.05,0.00773683562874794,0.008394063042942435,0.00578264844995618,False,,1.0,0.25737836956977844,0.7267296314239502,0.0
direct-pixel-oracle,3,r5-f1-807090710dd4c077a97348ba,44,0.05,0.0021564364433288574,0.007791229116264731,0.0021040744558082614,False,,1.0,0.2567508816719055,0.7272945046424866,0.0
direct-pixel-oracle,3,r5-f1-807090710dd4c077a97348ba,45,0.05,0.0025965869426727295,0.007068865525070578,0.001915405159738984,False,,1.0,0.25617849826812744,0.7278095483779907,0.0
direct-pixel-oracle,3,r5-f1-807090710dd4c077a97348ba,46,0.05,0.0004270356148481369,0.00698826223379001,0.000417082072222127,False,,1.0,0.25565826892852783,0.7282779216766357,0.0
direct-pixel-oracle,3,r5-f1-807090710dd4c077a97348ba,47,0.05,0.005954977124929428,0.005389179277699441,0.004349013302735948,False,,1.0,0.255178838968277,0.7287100553512573,0.0
direct-pixel-oracle,3,r5-f1-807090710dd4c077a97348ba,48,0.05,0.0019126683473587036,0.005041428084950894,0.0018514183528267351,False,,1.0,0.2547423839569092,0.7291048169136047,0.0
direct-pixel-oracle,3,r5-f1-807090710dd4c077a97348ba,49,0.05,0.001983463764190674,0.004596309910994023,0.0014339961877468384,False,,1.0,0.2543441355228424,0.729465126991272,0.0
direct-pixel-oracle,3,r5-f1-807090710dd4c077a97348ba,50,0.05,0.0003610197454690933,0.004551876743789762,0.0003281878608199795,False,,1.0,0.2539821267127991,0.7297927141189575,0.0
direct-pixel-oracle,3,r5-f1-807090710dd4c077a97348ba,51,0.05,0.004221219569444656,0.0035903199459426105,0.0033113445004955225,False,,1.0,0.2536483705043793,0.7300979495048523,0.0
direct-pixel-oracle,3,r5-f1-807090710dd4c077a97348ba,52,0.05,0.0012269765138626099,0.0033754833857528865,0.0011135315884903201,False,,1.0,0.2533446252346039,0.7303765416145325,0.0
direct-pixel-oracle,3,r5-f1-807090710dd4c077a97348ba,53,0.05,0.0017498880624771118,0.0032105722348205745,0.0012072929120195079,False,,1.0,0.2530671954154968,0.73063063621521,0.0
direct-pixel-oracle,3,r5-f1-807090710dd4c077a97348ba,54,0.05,0.0002781953662633896,0.0031835846602916718,0.000253975952431647,False,,1.0,0.2528150677680969,0.7308616638183594,0.0
direct-pixel-oracle,3,r5-f1-807090710dd4c077a97348ba,55,0.05,0.003853633999824524,0.002623975742608309,0.002707747495164299,False,,1.0,0.2525815963745117,0.7310743927955627,0.0
direct-pixel-oracle,3,r5-f1-807090710dd4c077a97348ba,56,0.05,0.0010484904050827026,0.002469127532094717,0.0009603038578357477,False,,1.0,0.25236913561820984,0.7312682867050171,0.0
direct-pixel-oracle,3,r5-f1-807090710dd4c077a97348ba,57,0.05,0.0015439987182617188,0.0023525613360106945,0.0011477364921628893,False,,1.0,0.2521749436855316,0.7314453721046448,0.0
direct-pixel-oracle,3,r5-f1-807090710dd4c077a97348ba,58,0.05,0.00026615895330905914,0.0023323490750044584,0.0002469315952435749,False,,1.0,0.2519984841346741,0.7316063046455383,0.0
direct-pixel-oracle,3,r5-f1-807090710dd4c077a97348ba,59,0.05,0.0027509015053510666,0.002020728192292154,0.0020580177273406336,False,,1.0,0.25183504819869995,0.7317553162574768,0.0
direct-pixel-oracle,3,r5-f1-807090710dd4c077a97348ba,60,0.05,0.0008500739932060242,0.0019390805391594768,0.0008138596275025,False,,1.0,0.2516862750053406,0.7318912744522095,0.0
direct-pixel-oracle,3,r5-f1-807090710dd4c077a97348ba,61,0.05,0.0012353211641311646,0.001854001428000629,0.0008658854423681061,False,,1.0,0.2515501379966736,0.7320155501365662,0.0
direct-pixel-oracle,3,r5-f1-807090710dd4c077a97348ba,62,0.05,0.00023445673286914825,0.0018419652478769422,0.0003588171159120226,False,,1.0,0.25142642855644226,0.7321283221244812,0.0
direct-pixel-oracle,3,r5-f1-807090710dd4c077a97348ba,63,0.05,0.0031323209404945374,0.0016655492363497615,0.0023384786084879733,False,,1.0,0.2513103485107422,0.7322332859039307,0.0
direct-pixel-oracle,3,r5-f1-807090710dd4c077a97348ba,64,0.05,0.0010181218385696411,0.001609640079550445,0.0009244250202703501,False,,1.0,0.25120455026626587,0.7323291301727295,0.0
direct-pixel-oracle,3,r5-f1-807090710dd4c077a97348ba,65,0.05,0.0010902881622314453,0.0015538166044279933,0.0009896510936982298,False,,1.0,0.2511076033115387,0.7324168086051941,0.0
direct-pixel-oracle,3,r5-f1-807090710dd4c077a97348ba,66,0.05,0.0001976294443011284,0.0015436047106049955,0.00020075630361407324,False,,1.0,0.2510194778442383,0.7324965596199036,0.0
direct-pixel-oracle,3,r5-f1-807090710dd4c077a97348ba,67,0.05,0.002044612541794777,0.001407566771376878,0.0017030428932381702,False,,1.0,0.2509370446205139,0.7325701713562012,0.0
direct-pixel-oracle,3,r5-f1-807090710dd4c077a97348ba,68,0.05,0.0007869452238082886,0.001380064815748483,0.0007391860387331527,False,,1.0,0.25086188316345215,0.732637345790863,0.0
direct-pixel-oracle,3,r5-f1-807090710dd4c077a97348ba,69,0.05,0.0010336078703403473,0.0013352973037399352,0.0008017090212427992,False,,1.0,0.25079286098480225,0.7326987385749817,0.0
direct-pixel-oracle,3,r5-f1-807090710dd4c077a97348ba,70,0.05,0.00017414987087249756,0.0013287944602780044,0.00016307637166752053,False,,1.0,0.25073009729385376,0.7327547073364258,0.0
direct-pixel-oracle,3,r5-f1-807090710dd4c077a97348ba,71,0.05,0.0020381882786750793,0.0012153291027061641,0.003025817506717146,False,,1.0,0.250670850276947,0.7328068017959595,0.0
direct-pixel-oracle,3,r5-f1-807090710dd4c077a97348ba,72,0.05,0.0006292238831520081,0.0011891249450854957,0.0005827655047170072,False,,1.0,0.25061675906181335,0.7328543663024902,0.0
direct-pixel-oracle,3,r5-f1-807090710dd4c077a97348ba,73,0.05,0.0009123682975769043,0.0011496480437926948,0.0009634357486369641,False,,1.0,0.2505669891834259,0.7328978180885315,0.0
direct-pixel-oracle,3,r5-f1-807090710dd4c077a97348ba,74,0.05,0.0001469743438065052,0.0011421990056987852,0.0002142969294913209,False,,1.0,0.2505216896533966,0.7329373955726624,0.0
direct-pixel-oracle,3,r5-f1-807090710dd4c077a97348ba,75,0.05,0.001873287372291088,0.0010873481223825365,0.001394015552799426,False,,1.0,0.250478059053421,0.7329749464988708,0.0
direct-pixel-oracle,3,r5-f1-807090710dd4c077a97348ba,76,0.05,0.0007097572088241577,0.0010785783233586699,0.0011916486805036038,False,,1.0,0.25043803453445435,0.7330093383789062,0.0
direct-pixel-oracle,3,r5-f1-807090710dd4c077a97348ba,77,0.05,0.0008750893175601959,0.0010560638329479843,0.000724207559314431,False,,1.0,0.2504010498523712,0.7330409288406372,0.0
direct-pixel-oracle,3,r5-f1-807090710dd4c077a97348ba,78,0.05,0.0001469743438065052,0.0010505961836315691,0.00013461469389182437,False,,1.0,0.2503674030303955,0.733069658279419,0.0
direct-pixel-oracle,3,r5-f1-807090710dd4c077a97348ba,79,0.05,0.0016565900295972824,0.0009583630017004907,0.005377448708336012,False,,1.0,0.25033506751060486,0.7330968976020813,0.0
direct-pixel-oracle,3,r5-f1-807090710dd4c077a97348ba,80,0.05,0.0004811324179172516,0.0009248011629097164,0.0008345375313202804,False,,1.0,0.2503054440021515,0.733121931552887,0.0
direct-pixel-oracle,3,r5-f1-807090710dd4c077a97348ba,81,0.05,0.0007597878575325012,0.0009041448938660324,0.000595638641233642,False,,1.0,0.25027787685394287,0.7331449389457703,0.0
direct-pixel-oracle,3,r5-f1-807090710dd4c077a97348ba,82,0.05,0.00014113355427980423,0.0009006139007396996,0.00012595523678172993,False,,1.0,0.2502528429031372,0.733165979385376,0.0
direct-pixel-oracle,3,r5-f1-807090710dd4c077a97348ba,83,0.05,0.0015844665467739105,0.0008718547760508955,0.0011479113745906718,False,,1.0,0.25022801756858826,0.7331861257553101,0.0
direct-pixel-oracle,3,r5-f1-807090710dd4c077a97348ba,84,0.05,0.000580616295337677,0.0008589592180214822,0.0005444076774908992,False,,1.0,0.2502051889896393,0.7332046627998352,0.0
direct-pixel-oracle,3,r5-f1-807090710dd4c077a97348ba,85,0.05,0.0007490664720535278,0.000841175380628556,0.000571850612490453,False,,1.0,0.2501838505268097,0.7332219481468201,0.0
direct-pixel-oracle,3,r5-f1-807090710dd4c077a97348ba,86,0.05,0.00012992974370718002,0.0008384116226807237,0.00011636466623523826,False,,1.0,0.2501643896102905,0.733237624168396,0.0
direct-pixel-oracle,3,r5-f1-807090710dd4c077a97348ba,87,0.05,0.0015883930027484894,0.0008102994179353118,0.0011518949192537346,False,,1.0,0.2501443326473236,0.7332531809806824,0.0
direct-pixel-oracle,3,r5-f1-807090710dd4c077a97348ba,88,0.05,0.0004863739013671875,0.0008013712940737605,0.00045931871129149126,False,,1.0,0.25012585520744324,0.7332674860954285,0.0
direct-pixel-oracle,3,r5-f1-807090710dd4c077a97348ba,89,0.05,0.0007406100630760193,0.0007906364044174552,0.0005727449129111306,False,,1.0,0.2501085102558136,0.7332808375358582,0.0
direct-pixel-oracle,3,r5-f1-807090710dd4c077a97348ba,90,0.05,0.0001244470477104187,0.0007892284484114498,0.00010229716278166365,False,,1.0,0.2500927150249481,0.7332929372787476,0.0
direct-pixel-oracle,3,r5-f1-807090710dd4c077a97348ba,91,0.05,0.0013981815427541733,0.0007595343340653926,0.000988567783461633,False,,1.0,0.25007644295692444,0.733305037021637,0.0
direct-pixel-oracle,3,r5-f1-807090710dd4c077a97348ba,92,0.05,0.00042560696601867676,0.00074177494389005,0.0003259469768151734,False,,1.0,0.2500614821910858,0.7333163022994995,0.0
direct-pixel-oracle,3,r5-f1-807090710dd4c077a97348ba,93,0.05,0.0007104724645614624,0.0007314863905776292,0.0005024200824301675,False,,1.0,0.2500472664833069,0.73332679271698,0.0
direct-pixel-oracle,3,r5-f1-807090710dd4c077a97348ba,94,0.05,0.00012957211583852768,0.0007303987513296306,0.00010374622849792308,False,,1.0,0.25003430247306824,0.7333363890647888,0.0
direct-pixel-oracle,3,r5-f1-807090710dd4c077a97348ba,95,0.05,0.0015937499701976776,0.0007264712476171553,0.0011195242550583163,False,,1.0,0.25002017617225647,0.7333468198776245,0.0
direct-pixel-oracle,3,r5-f1-807090710dd4c077a97348ba,96,0.05,0.0005035325884819031,0.000727871258277446,0.0004114596270232754,False,,1.0,0.25000709295272827,0.7333564162254333,0.0
direct-pixel-oracle,3,r5-f1-807090710dd4c077a97348ba,97,0.05,0.0007039196789264679,0.000724379497114569,0.0004498052364424125,False,,1.0,0.24999457597732544,0.7333654761314392,0.0
direct-pixel-oracle,3,r5-f1-807090710dd4c077a97348ba,98,0.05,0.00010513700544834137,0.0007221297128126025,7.778862020173591e-05,False,,1.0,0.24998319149017334,0.733373761177063,0.0
direct-pixel-oracle,3,r5-f1-807090710dd4c077a97348ba,99,0.05,0.0012857988476753235,0.0007034629816189408,0.0009376098952362404,False,,1.0,0.24997085332870483,0.7333826422691345,0.0
direct-pixel-oracle,3,r5-f1-807090710dd4c077a97348ba,100,0.05,0.000386163592338562,0.0006913096876814961,0.00029350981556849627,False,,1.0,0.24995946884155273,0.733390748500824,0.0
direct-pixel-oracle,3,r5-f1-807090710dd4c077a97348ba,101,0.05,0.000616956502199173,0.000683052814565599,0.00037501420054253674,False,,1.0,0.24994857609272003,0.7333985567092896,0.0
direct-pixel-oracle,3,r5-f1-807090710dd4c077a97348ba,102,0.05,0.00010501779615879059,0.0006814958178438246,7.963530996221374e-05,False,,1.0,0.24993862211704254,0.7334056496620178,0.0
direct-pixel-oracle,3,r5-f1-807090710dd4c077a97348ba,103,0.05,0.0012366268783807755,0.0006595104350708425,0.0008829349849450337,False,,1.0,0.24992771446704865,0.7334131002426147,0.0
direct-pixel-oracle,3,r5-f1-807090710dd4c077a97348ba,104,0.05,0.00037472695112228394,0.000652532500680536,0.0002710082473648676,False,,1.0,0.24991759657859802,0.7334198951721191,0.0
direct-pixel-oracle,3,r5-f1-807090710dd4c077a97348ba,105,0.05,0.0005443990230560303,0.0006402693106792867,0.00033111119461684465,False,,1.0,0.24990791082382202,0.7334263324737549,0.0
direct-pixel-oracle,3,r5-f1-807090710dd4c077a97348ba,106,0.05,0.00011419598013162613,0.0006396286189556122,8.198656794647048e-05,False,,1.0,0.24989907443523407,0.733432412147522,0.0
direct-pixel-oracle,3,r5-f1-807090710dd4c077a97348ba,107,0.05,0.0011803098022937775,0.0006260116351768374,0.0008349458871648966,False,,1.0,0.24988912045955658,0.7334389686584473,0.0
direct-pixel-oracle,3,r5-f1-807090710dd4c077a97348ba,108,0.05,0.00039593130350112915,0.0006241569062694907,0.0002666932966570132,False,,1.0,0.2498798966407776,0.7334451079368591,0.0
direct-pixel-oracle,3,r5-f1-807090710dd4c077a97348ba,109,0.05,0.0005716830492019653,0.0006154825678095222,0.0003364785185004944,False,,1.0,0.24987095594406128,0.7334509491920471,0.0
direct-pixel-oracle,3,r5-f1-807090710dd4c077a97348ba,110,0.05,9.655486792325974e-05,0.0006134189898148179,6.34643958969354e-05,False,,1.0,0.24986286461353302,0.7334562540054321,0.0
direct-pixel-oracle,3,r5-f1-807090710dd4c077a97348ba,111,0.05,0.001132085919380188,0.0005845649866387248,0.000788844549759575,False,,1.0,0.2498537003993988,0.7334622144699097,0.0
direct-pixel-oracle,3,r5-f1-807090710dd4c077a97348ba,112,0.05,0.00040297210216522217,0.0005782799562439322,0.00027725591665882384,False,,1.0,0.24984511733055115,0.7334676384925842,0.0
direct-pixel-oracle,3,r5-f1-807090710dd4c077a97348ba,113,0.05,0.0006339922547340393,0.0005739094922319055,0.00039884904435644436,False,,1.0,0.2498367875814438,0.7334729433059692,0.0
direct-pixel-oracle,3,r5-f1-807090710dd4c077a97348ba,114,0.05,0.00010942807421088219,0.0005741776840295643,7.810697656380038e-05,False,,1.0,0.24982917308807373,0.733477771282196,0.0
direct-pixel-oracle,3,r5-f1-807090710dd4c077a97348ba,115,0.05,0.0010009761899709702,0.0005563762679230422,0.0007006091660101703,False,,1.0,0.24982072412967682,0.7334831953048706,0.0
direct-pixel-oracle,3,r5-f1-807090710dd4c077a97348ba,116,0.05,0.0003543458878993988,0.0005543876613955945,0.00024210679613282112,False,,1.0,0.24981285631656647,0.7334882020950317,0.0
direct-pixel-oracle,3,r5-f1-807090710dd4c077a97348ba,117,0.05,0.0006014704704284668,0.0005534197844099253,0.0003547279732807051,False,,1.0,0.24980512261390686,0.7334929704666138,0.0
direct-pixel-oracle,3,r5-f1-807090710dd4c077a97348ba,118,0.05,9.691249579191208e-05,0.0005529132031369954,6.160497077432334e-05,False,,1.0,0.24979804456233978,0.7334974408149719,0.0
direct-pixel-oracle,3,r5-f1-807090710dd4c077a97348ba,119,0.05,0.0010881461203098297,0.0005436331557575613,0.0007474503680130662,False,,1.0,0.24978989362716675,0.7335027456283569,0.0
direct-pixel-oracle,3,r5-f1-807090710dd4c077a97348ba,120,0.05,0.00032538920640945435,0.0005405495467130095,0.00020709263543149624,False,,1.0,0.24978230893611908,0.7335076332092285,0.0
direct-pixel-oracle,3,r5-f1-807090710dd4c077a97348ba,121,0.05,0.0005193799734115601,0.0005389858561102301,0.00029309270977596045,False,,1.0,0.24977493286132812,0.7335122227668762,0.0
direct-pixel-oracle,3,r5-f1-807090710dd4c077a97348ba,122,0.05,9.274063631892204e-05,0.0005376448971219361,5.979193656805147e-05,False,,1.0,0.24976816773414612,0.7335165143013,0.0
direct-pixel-oracle,3,r5-f1-807090710dd4c077a97348ba,123,0.05,0.0010008569806814194,0.0005264290957711637,0.0007065352656745976,False,,1.0,0.2497604340314865,0.7335212826728821,0.0
direct-pixel-oracle,3,r5-f1-807090710dd4c077a97348ba,124,0.05,0.00034695863723754883,0.0005233683041296899,0.00021543780490884567,False,,1.0,0.24975329637527466,0.7335256934165955,0.0
direct-pixel-oracle,3,r5-f1-807090710dd4c077a97348ba,125,0.05,0.0005009099841117859,0.0005189449875615537,0.00028067358803015473,False,,1.0,0.24974630773067474,0.7335298657417297,0.0
direct-pixel-oracle,3,r5-f1-807090710dd4c077a97348ba,126,0.05,0.00010060751810669899,0.0005191982781980187,6.64215451228299e-05,False,,1.0,0.24973991513252258,0.7335337996482849,0.0
direct-pixel-oracle,3,r5-f1-807090710dd4c077a97348ba,127,0.05,0.0010855263099074364,0.0005162883026059717,0.0007631619380111817,False,,1.0,0.24973230063915253,0.7335381507873535,0.0
direct-pixel-oracle,3,r5-f1-807090710dd4c077a97348ba,128,0.05,0.0002811737358570099,0.0005086759047117084,0.00016956415425521204,False,,1.0,0.24972522258758545,0.7335422039031982,0.0
direct-pixel-oracle,4,r5-f1-02c8aa9dc3523351c4d5f9c7,1,0.05,34.375,34.375,11.647495162201858,False,,1.0,0.48554322123527527,0.5105376243591309,0.0
direct-pixel-oracle,4,r5-f1-02c8aa9dc3523351c4d5f9c7,2,0.05,30.0,32.1875,5.854016134864007,False,,1.0,0.4730483889579773,0.5230398178100586,0.0
direct-pixel-oracle,4,r5-f1-02c8aa9dc3523351c4d5f9c7,3,0.05,28.5,30.958333333333332,6.051197819882446,False,,1.0,0.4605593681335449,0.5355411767959595,0.0
direct-pixel-oracle,4,r5-f1-02c8aa9dc3523351c4d5f9c7,4,0.05,21.416690826416016,28.572922706604004,6.072429586979462,False,,1.0,0.44808244705200195,0.5480363965034485,0.0
direct-pixel-oracle,4,r5-f1-02c8aa9dc3523351c4d5f9c7,5,0.05,15.750625610351562,26.008463287353514,8.181097348359174,False,,1.0,0.4356667995452881,0.5604682564735413,0.0
direct-pixel-oracle,4,r5-f1-02c8aa9dc3523351c4d5f9c7,6,0.05,5.517613410949707,22.593321641286213,7.832741304830015,False,,1.0,0.4233839511871338,0.5729159712791443,0.0
direct-pixel-oracle,4,r5-f1-02c8aa9dc3523351c4d5f9c7,7,0.05,8.407659530639648,20.56679848262242,7.770454202602529,False,,1.0,0.41140326857566833,0.5846685767173767,0.0
direct-pixel-oracle,4,r5-f1-02c8aa9dc3523351c4d5f9c7,8,0.05,4.125239372253418,18.511603593826294,4.396172416682602,False,,1.0,0.39976242184638977,0.5964547991752625,0.0
direct-pixel-oracle,4,r5-f1-02c8aa9dc3523351c4d5f9c7,9,0.05,0.22248578071594238,16.479479392369587,0.5374987536016557,False,,1.0,0.38898009061813354,0.607410192489624,0.0
direct-pixel-oracle,4,r5-f1-02c8aa9dc3523351c4d5f9c7,10,0.05,0.05967959761619568,14.83749941289425,0.7201989007324875,False,,1.0,0.3796803057193756,0.6177825927734375,0.0
direct-pixel-oracle,4,r5-f1-02c8aa9dc3523351c4d5f9c7,11,0.05,0.7450757026672363,13.556369984691793,3.006060727438693,False,,1.0,0.3709905743598938,0.6278448700904846,0.0
direct-pixel-oracle,4,r5-f1-02c8aa9dc3523351c4d5f9c7,12,0.05,0.021245598793029785,12.428442952533564,0.03736549936448769,False,,1.0,0.36189472675323486,0.6374102234840393,0.0
direct-pixel-oracle,4,r5-f1-02c8aa9dc3523351c4d5f9c7,13,0.05,0.020557666197419167,11.473990238200013,0.02082746391705782,False,,1.0,0.3534531593322754,0.6459484696388245,0.0
direct-pixel-oracle,4,r5-f1-02c8aa9dc3523351c4d5f9c7,14,0.05,0.009197130799293518,10.655076444814247,0.017666577843957133,False,,1.0,0.3459016680717468,0.6535883545875549,0.0
direct-pixel-oracle,4,r5-f1-02c8aa9dc3523351c4d5f9c7,15,0.05,0.016928791999816895,9.945866601293286,0.023248591376944752,False,,1.0,0.339141309261322,0.6604657173156738,0.0
direct-pixel-oracle,4,r5-f1-02c8aa9dc3523351c4d5f9c7,16,0.05,0.047638893127441406,9.32722736953292,0.0815288885332316,False,,1.0,0.3330436944961548,0.6667115092277527,0.0
direct-pixel-oracle,4,r5-f1-02c8aa9dc3523351c4d5f9c7,17,0.05,0.03388445824384689,7.180907648173161,0.052146976739976175,False,,1.0,0.3275739550590515,0.6723007559776306,0.0
direct-pixel-oracle,4,r5-f1-02c8aa9dc3523351c4d5f9c7,18,0.05,0.006447348743677139,5.306310607469641,0.014340181596845473,False,,1.0,0.32264164090156555,0.677330732345581,0.0
direct-pixel-oracle,4,r5-f1-02c8aa9dc3523351c4d5f9c7,19,0.05,0.017704665660858154,3.5261671490734443,0.02878070588005554,False,,1.0,0.31819793581962585,0.6818267107009888,0.0
direct-pixel-oracle,4,r5-f1-02c8aa9dc3523351c4d5f9c7,20,0.05,0.025861501693725586,2.189240316278301,0.036163132370160174,False,,1.0,0.31416648626327515,0.6858369708061218,0.0
direct-pixel-oracle,4,r5-f1-02c8aa9dc3523351c4d5f9c7,21,0.05,0.023912131786346436,1.2063207238679752,0.029081789777808068,False,,1.0,0.31051748991012573,0.6894160509109497,0.0
direct-pixel-oracle,4,r5-f1-02c8aa9dc3523351c4d5f9c7,22,0.05,0.00395694375038147,0.8617171946680173,0.005639120335599595,False,,1.0,0.30721625685691833,0.6926546096801758,0.0
direct-pixel-oracle,4,r5-f1-02c8aa9dc3523351c4d5f9c7,23,0.05,0.015088021755218506,0.33718147536274046,0.031115979590613237,False,,1.0,0.30421170592308044,0.6955465078353882,0.0
direct-pixel-oracle,4,r5-f1-02c8aa9dc3523351c4d5f9c7,24,0.05,0.012747645378112793,0.08015074243303388,0.01629636471496375,False,,1.0,0.3014861047267914,0.6981428265571594,0.0
direct-pixel-oracle,4,r5-f1-02c8aa9dc3523351c4d5f9c7,25,0.05,0.01512463390827179,0.06719067075755447,0.018910986302390107,False,,1.0,0.29901042580604553,0.7004634141921997,0.0
direct-pixel-oracle,4,r5-f1-02c8aa9dc3523351c4d5f9c7,26,0.05,0.0024647116661071777,0.06361474038567394,0.0030335447886427826,False,,1.0,0.296762615442276,0.7025680541992188,0.0
direct-pixel-oracle,4,r5-f1-02c8aa9dc3523351c4d5f9c7,27,0.05,0.009022533893585205,0.017611417337320745,0.012412597268522447,False,,1.0,0.294712096452713,0.7044619917869568,0.0
direct-pixel-oracle,4,r5-f1-02c8aa9dc3523351c4d5f9c7,28,0.05,0.007618308067321777,0.016759711666963995,0.008712315221354607,False,,1.0,0.29284363985061646,0.706170380115509,0.0
direct-pixel-oracle,4,r5-f1-02c8aa9dc3523351c4d5f9c7,29,0.05,0.011586517095565796,0.01619901484809816,0.014209208488912294,False,,1.0,0.2911367118358612,0.7077013850212097,0.0
direct-pixel-oracle,4,r5-f1-02c8aa9dc3523351c4d5f9c7,30,0.05,0.0018098652362823486,0.01573731075040996,0.0024706641681477523,False,,1.0,0.2895846366882324,0.7090925574302673,0.0
direct-pixel-oracle,4,r5-f1-02c8aa9dc3523351c4d5f9c7,31,0.05,0.006217777729034424,0.015067872358486056,0.009069966879558826,False,,1.0,0.28816720843315125,0.7103544473648071,0.0
direct-pixel-oracle,4,r5-f1-02c8aa9dc3523351c4d5f9c7,32,0.05,0.005868196487426758,0.01245720381848514,0.006468753362464174,False,,1.0,0.2868764102458954,0.711492657661438,0.0
direct-pixel-oracle,4,r5-f1-02c8aa9dc3523351c4d5f9c7,33,0.05,0.007941216230392456,0.010835751192644238,0.007644769902706079,False,,1.0,0.2856987714767456,0.7125195860862732,0.0
direct-pixel-oracle,4,r5-f1-02c8aa9dc3523351c4d5f9c7,34,0.05,0.0016022026538848877,0.010532929562032223,0.0023439151655841525,False,,1.0,0.28462696075439453,0.7134549021720886,0.0
direct-pixel-oracle,4,r5-f1-02c8aa9dc3523351c4d5f9c7,35,0.05,0.006442129611968994,0.00982902105897665,0.008016081462229829,False,,1.0,0.283645361661911,0.7143089175224304,0.0
direct-pixel-oracle,4,r5-f1-02c8aa9dc3523351c4d5f9c7,36,0.05,0.0055332183837890625,0.008558503352105618,0.006121460781545919,False,,1.0,0.28275245428085327,0.7150801420211792,0.0
direct-pixel-oracle,4,r5-f1-02c8aa9dc3523351c4d5f9c7,37,0.05,0.00550350546836853,0.0074079642072319984,0.003963254039000191,False,,1.0,0.2819366157054901,0.7157790660858154,0.0
direct-pixel-oracle,4,r5-f1-02c8aa9dc3523351c4d5f9c7,38,0.05,0.0016196966171264648,0.007261886261403561,0.0021535967141249135,False,,1.0,0.2811930477619171,0.7164167165756226,0.0
direct-pixel-oracle,4,r5-f1-02c8aa9dc3523351c4d5f9c7,39,0.05,0.003918468952178955,0.006563789211213589,0.004151763267147075,False,,1.0,0.28051361441612244,0.7169947624206543,0.0
direct-pixel-oracle,4,r5-f1-02c8aa9dc3523351c4d5f9c7,40,0.05,0.003618597984313965,0.005993223749101162,0.003551425162498419,False,,1.0,0.279896080493927,0.7175175547599792,0.0
direct-pixel-oracle,4,r5-f1-02c8aa9dc3523351c4d5f9c7,41,0.05,0.00468561053276062,0.005340784788131714,0.0031114583002558255,False,,1.0,0.27933213114738464,0.7179921269416809,0.0
direct-pixel-oracle,4,r5-f1-02c8aa9dc3523351c4d5f9c7,42,0.05,0.001071833074092865,0.005253729876130819,0.0012150556123698157,False,,1.0,0.2788184881210327,0.7184252738952637,0.0
direct-pixel-oracle,4,r5-f1-02c8aa9dc3523351c4d5f9c7,43,0.05,0.002776101231575012,0.004863327834755182,0.0022820041419266447,False,,1.0,0.2783493399620056,0.7188198566436768,0.0
direct-pixel-oracle,4,r5-f1-02c8aa9dc3523351c4d5f9c7,44,0.05,0.0029289722442626953,0.00457024434581399,0.0029833290221259324,False,,1.0,0.27792418003082275,0.7191745042800903,0.0
direct-pixel-oracle,4,r5-f1-02c8aa9dc3523351c4d5f9c7,45,0.05,0.0046853721141815186,0.004138922784477472,0.003036184823747095,False,,1.0,0.2775361239910126,0.7194963693618774,0.0
direct-pixel-oracle,4,r5-f1-02c8aa9dc3523351c4d5f9c7,46,0.05,0.0008996240794658661,0.004082032712176442,0.0010000768337974102,False,,1.0,0.2771826982498169,0.7197904586791992,0.0
direct-pixel-oracle,4,r5-f1-02c8aa9dc3523351c4d5f9c7,47,0.05,0.0023910999298095703,0.003842865349724889,0.001694829806705915,False,,1.0,0.2768600881099701,0.7200591564178467,0.0
direct-pixel-oracle,4,r5-f1-02c8aa9dc3523351c4d5f9c7,48,0.05,0.002113819122314453,0.0036082167644053698,0.0019086194283624621,False,,1.0,0.27656757831573486,0.7203021049499512,0.0
direct-pixel-oracle,4,r5-f1-02c8aa9dc3523351c4d5f9c7,49,0.05,0.003223225474357605,0.0033133423421531916,0.002024235707552977,False,,1.0,0.2763013541698456,0.7205229997634888,0.0
direct-pixel-oracle,4,r5-f1-02c8aa9dc3523351c4d5f9c7,50,0.05,0.0007634833455085754,0.003260922385379672,0.000798232264203807,False,,1.0,0.2760588228702545,0.7207247614860535,0.0
direct-pixel-oracle,4,r5-f1-02c8aa9dc3523351c4d5f9c7,51,0.05,0.002077922224998474,0.0029881594236940145,0.0012965543453553829,False,,1.0,0.27583760023117065,0.7209087610244751,0.0
direct-pixel-oracle,4,r5-f1-02c8aa9dc3523351c4d5f9c7,52,0.05,0.0013433098793029785,0.0027262901421636343,0.0010743640008415833,False,,1.0,0.27563706040382385,0.7210748195648193,0.0
direct-pixel-oracle,4,r5-f1-02c8aa9dc3523351c4d5f9c7,53,0.05,0.0031711794435977936,0.0025805197656154633,0.0019706037663444675,False,,1.0,0.27545443177223206,0.7212255597114563,0.0
direct-pixel-oracle,4,r5-f1-02c8aa9dc3523351c4d5f9c7,54,0.05,0.0006667524576187134,0.002520960755646229,0.000685193200314743,False,,1.0,0.27528825402259827,0.72136390209198,0.0
direct-pixel-oracle,4,r5-f1-02c8aa9dc3523351c4d5f9c7,55,0.05,0.002141207456588745,0.0024098819121718407,0.0013623314110218336,False,,1.0,0.2751363217830658,0.7214910984039307,0.0
direct-pixel-oracle,4,r5-f1-02c8aa9dc3523351c4d5f9c7,56,0.05,0.0013568997383117676,0.0022685257717967033,0.0009771633873946997,False,,1.0,0.2749985456466675,0.7216058373451233,0.0
direct-pixel-oracle,4,r5-f1-02c8aa9dc3523351c4d5f9c7,57,0.05,0.0030791983008384705,0.002168125007301569,0.0017752781695957321,False,,1.0,0.27487337589263916,0.7217109203338623,0.0
direct-pixel-oracle,4,r5-f1-02c8aa9dc3523351c4d5f9c7,58,0.05,0.0007444247603416443,0.0021476619876921177,0.0008016749888261718,False,,1.0,0.2747591435909271,0.7218077778816223,0.0
direct-pixel-oracle,4,r5-f1-02c8aa9dc3523351c4d5f9c7,59,0.05,0.0017627477645874023,0.002084327396005392,0.0010124894207663446,False,,1.0,0.27465465664863586,0.7218972444534302,0.0
direct-pixel-oracle,4,r5-f1-02c8aa9dc3523351c4d5f9c7,60,0.05,0.0014998316764831543,0.0019950061105191708,0.0012564797094841342,False,,1.0,0.27456024289131165,0.7219768762588501,0.0
direct-pixel-oracle,4,r5-f1-02c8aa9dc3523351c4d5f9c7,61,0.05,0.0028183050453662872,0.0018783144187182188,0.0016992318308377422,False,,1.0,0.2744740843772888,0.7220489382743835,0.0
direct-pixel-oracle,4,r5-f1-02c8aa9dc3523351c4d5f9c7,62,0.05,0.0006835497915744781,0.001864809775725007,0.0007086988598135818,False,,1.0,0.2743953466415405,0.7221157550811768,0.0
direct-pixel-oracle,4,r5-f1-02c8aa9dc3523351c4d5f9c7,63,0.05,0.0017924904823303223,0.001827396685257554,0.0010050107964606828,False,,1.0,0.27432313561439514,0.7221779227256775,0.0
direct-pixel-oracle,4,r5-f1-02c8aa9dc3523351c4d5f9c7,64,0.05,0.0013843774795532227,0.0017818065825849771,0.0010495564566428053,False,,1.0,0.274258017539978,0.7222332954406738,0.0
direct-pixel-oracle,4,r5-f1-02c8aa9dc3523351c4d5f9c7,65,0.05,0.0030791983008384705,0.0017728048842400312,0.0018136192165609944,False,,1.0,0.2741989195346832,0.7222825884819031,0.0
direct-pixel-oracle,4,r5-f1-02c8aa9dc3523351c4d5f9c7,66,0.05,0.0005093701183795929,0.0017569228075444698,0.0004297337745714876,False,,1.0,0.2741449773311615,0.7223280668258667,0.0
direct-pixel-oracle,4,r5-f1-02c8aa9dc3523351c4d5f9c7,67,0.05,0.0015106648206710815,0.0017214692197740078,0.0008260677418783692,False,,1.0,0.2740955948829651,0.722370445728302,0.0
direct-pixel-oracle,4,r5-f1-02c8aa9dc3523351c4d5f9c7,68,0.05,0.001199960708618164,0.001712509896606207,0.000882312429870218,False,,1.0,0.27405133843421936,0.7224079370498657,0.0
direct-pixel-oracle,4,r5-f1-02c8aa9dc3523351c4d5f9c7,69,0.05,0.002572920173406601,0.0016751186922192574,0.0015563440780571858,False,,1.0,0.2740110158920288,0.7224413156509399,0.0
direct-pixel-oracle,4,r5-f1-02c8aa9dc3523351c4d5f9c7,70,0.05,0.0005271248519420624,0.0016663919668644667,0.0004077181605864149,False,,1.0,0.2739740014076233,0.7224726676940918,0.0
direct-pixel-oracle,4,r5-f1-02c8aa9dc3523351c4d5f9c7,71,0.05,0.0014880597591400146,0.001625570235773921,0.0008086963038271454,False,,1.0,0.27393972873687744,0.7225022315979004,0.0
direct-pixel-oracle,4,r5-f1-02c8aa9dc3523351c4d5f9c7,72,0.05,0.001004934310913086,0.0016035723965615034,0.000867792108119823,False,,1.0,0.2739090919494629,0.7225282788276672,0.0
direct-pixel-oracle,4,r5-f1-02c8aa9dc3523351c4d5f9c7,73,0.05,0.002458052709698677,0.0015647507971152663,0.0012855184305642423,False,,1.0,0.27388179302215576,0.7225524187088013,0.0
direct-pixel-oracle,4,r5-f1-02c8aa9dc3523351c4d5f9c7,74,0.05,0.0004962645471096039,0.0015492407837882638,0.0004096702499001793,False,,1.0,0.2738568186759949,0.7225748300552368,0.0
direct-pixel-oracle,4,r5-f1-02c8aa9dc3523351c4d5f9c7,75,0.05,0.0013680607080459595,0.0015245728427544236,0.0006822655603950837,False,,1.0,0.2738337814807892,0.7225964665412903,0.0
direct-pixel-oracle,4,r5-f1-02c8aa9dc3523351c4d5f9c7,76,0.05,0.0008001625537872314,0.0014808435225859284,0.0008054381622437771,False,,1.0,0.2738134562969208,0.7226155400276184,0.0
direct-pixel-oracle,4,r5-f1-02c8aa9dc3523351c4d5f9c7,77,0.05,0.0021836739033460617,0.0014411790762096643,0.001274794493416846,False,,1.0,0.2737948000431061,0.7226324677467346,0.0
direct-pixel-oracle,4,r5-f1-02c8aa9dc3523351c4d5f9c7,78,0.05,0.0004459824413061142,0.0014263311168178916,0.0003190897185587561,False,,1.0,0.27377745509147644,0.7226483821868896,0.0
direct-pixel-oracle,4,r5-f1-02c8aa9dc3523351c4d5f9c7,79,0.05,0.0011959075927734375,0.0013890446862205863,0.0005259642294126185,False,,1.0,0.2737613022327423,0.7226640582084656,0.0
direct-pixel-oracle,4,r5-f1-02c8aa9dc3523351c4d5f9c7,80,0.05,0.000808030366897583,0.0013530229916796088,0.0006146812696047538,False,,1.0,0.27374717593193054,0.7226778268814087,0.0
direct-pixel-oracle,4,r5-f1-02c8aa9dc3523351c4d5f9c7,81,0.05,0.0019330158829689026,0.0012813865905627608,0.000991200405714141,False,,1.0,0.27373459935188293,0.7226904034614563,0.0
direct-pixel-oracle,4,r5-f1-02c8aa9dc3523351c4d5f9c7,82,0.05,0.00044598057866096497,0.0012774247443303466,0.00032470883856422386,False,,1.0,0.27372267842292786,0.7227023839950562,0.0
direct-pixel-oracle,4,r5-f1-02c8aa9dc3523351c4d5f9c7,83,0.05,0.0010792165994644165,0.00125045923050493,0.00047577889477386925,False,,1.0,0.27371135354042053,0.7227147221565247,0.0
direct-pixel-oracle,4,r5-f1-02c8aa9dc3523351c4d5f9c7,84,0.05,0.000721663236618042,0.0012205656385049224,0.0005964340954241335,False,,1.0,0.273701548576355,0.7227253317832947,0.0
direct-pixel-oracle,4,r5-f1-02c8aa9dc3523351c4d5f9c7,85,0.05,0.002069832757115364,0.00118912267498672,0.0010615116301089058,False,,1.0,0.27369293570518494,0.722734808921814,0.0
direct-pixel-oracle,4,r5-f1-02c8aa9dc3523351c4d5f9c7,86,0.05,0.00044359825551509857,0.0011839022627100348,0.0002964109067435548,False,,1.0,0.27368462085723877,0.7227437496185303,0.0
direct-pixel-oracle,4,r5-f1-02c8aa9dc3523351c4d5f9c7,87,0.05,0.0011975765228271484,0.0011657470604404807,0.0005217785707707799,False,,1.0,0.2736768126487732,0.7227530479431152,0.0
direct-pixel-oracle,4,r5-f1-02c8aa9dc3523351c4d5f9c7,88,0.05,0.0009097456932067871,0.001159797771833837,0.0007140568629718638,False,,1.0,0.2736700475215912,0.7227609753608704,0.0
direct-pixel-oracle,4,r5-f1-02c8aa9dc3523351c4d5f9c7,89,0.05,0.0019225459545850754,0.001126328599639237,0.0009704125560879801,False,,1.0,0.2736641764640808,0.7227678298950195,0.0
direct-pixel-oracle,4,r5-f1-02c8aa9dc3523351c4d5f9c7,90,0.05,0.000402132049202919,0.0011204453185200691,0.00032528406937406136,False,,1.0,0.27365821599960327,0.7227743268013,0.0
direct-pixel-oracle,4,r5-f1-02c8aa9dc3523351c4d5f9c7,91,0.05,0.0011663809418678284,0.001107840333133936,0.0009928071452959702,False,,1.0,0.27365127205848694,0.7227820158004761,0.0
direct-pixel-oracle,4,r5-f1-02c8aa9dc3523351c4d5f9c7,92,0.05,0.000783383846282959,0.001106791663914919,0.0006541357246824634,False,,1.0,0.27364498376846313,0.7227885723114014,0.0
direct-pixel-oracle,4,r5-f1-02c8aa9dc3523351c4d5f9c7,93,0.05,0.0019066035747528076,0.0010894747683778405,0.0009401555486837971,False,,1.0,0.2736393213272095,0.7227948307991028,0.0
direct-pixel-oracle,4,r5-f1-02c8aa9dc3523351c4d5f9c7,94,0.05,0.00037806108593940735,0.0010852296836674213,0.0006165635982214936,False,,1.0,0.2736331820487976,0.722801148891449,0.0
direct-pixel-oracle,4,r5-f1-02c8aa9dc3523351c4d5f9c7,95,0.05,0.001237817108631134,0.0010878490284085274,0.00054990760090139,False,,1.0,0.2736271619796753,0.7228084802627563,0.0
direct-pixel-oracle,4,r5-f1-02c8aa9dc3523351c4d5f9c7,96,0.05,0.0007119178771972656,0.0010818419978022575,0.0005874035784333221,False,,1.0,0.2736222743988037,0.7228143215179443,0.0
direct-pixel-oracle,4,r5-f1-02c8aa9dc3523351c4d5f9c7,97,0.05,0.0016252882778644562,0.0010626090224832296,0.00108546849997516,False,,1.0,0.2736172378063202,0.7228204011917114,0.0
direct-pixel-oracle,4,r5-f1-02c8aa9dc3523351c4d5f9c7,98,0.05,0.0003667399287223816,0.0010576564818620682,0.00024892556821787726,False,,1.0,0.27361223101615906,0.7228265404701233,0.0
direct-pixel-oracle,4,r5-f1-02c8aa9dc3523351c4d5f9c7,99,0.05,0.0010432526469230652,0.0010554087348282337,0.00046224270791700466,False,,1.0,0.27360713481903076,0.7228335738182068,0.0
direct-pixel-oracle,4,r5-f1-02c8aa9dc3523351c4d5f9c7,100,0.05,0.0006437897682189941,0.0010505416430532932,0.0004974704328095126,False,,1.0,0.2736031413078308,0.7228394746780396,0.0
direct-pixel-oracle,4,r5-f1-02c8aa9dc3523351c4d5f9c7,101,0.05,0.0018417537212371826,0.0010362867033109069,0.000928813522147962,False,,1.0,0.27360010147094727,0.7228444814682007,0.0
direct-pixel-oracle,4,r5-f1-02c8aa9dc3523351c4d5f9c7,102,0.05,0.0003574453294277191,0.0010309021454304457,0.00020730299508744528,False,,1.0,0.27359703183174133,0.7228493690490723,0.0
direct-pixel-oracle,4,r5-f1-02c8aa9dc3523351c4d5f9c7,103,0.05,0.001018241047859192,0.0010196936782449484,0.0004481671214364128,False,,1.0,0.2735937833786011,0.7228552103042603,0.0
direct-pixel-oracle,4,r5-f1-02c8aa9dc3523351c4d5f9c7,104,0.05,0.0006647109985351562,0.0010043790098279715,0.000680306421017428,False,,1.0,0.27359190583229065,0.7228597402572632,0.0
direct-pixel-oracle,4,r5-f1-02c8aa9dc3523351c4d5f9c7,105,0.05,0.001547330990433693,0.00098092807456851,0.0007585798670519203,False,,1.0,0.2735901474952698,0.7228642702102661,0.0
direct-pixel-oracle,4,r5-f1-02c8aa9dc3523351c4d5f9c7,106,0.05,0.00033587589859962463,0.0009767870651558042,0.00021473600835358831,False,,1.0,0.27358824014663696,0.7228688597679138,0.0
direct-pixel-oracle,4,r5-f1-02c8aa9dc3523351c4d5f9c7,107,0.05,0.000972747802734375,0.0009646849939599633,0.00040866696827791414,False,,1.0,0.27358633279800415,0.7228741645812988,0.0
direct-pixel-oracle,4,r5-f1-02c8aa9dc3523351c4d5f9c7,108,0.05,0.0006965398788452148,0.0009592572459951043,0.0005726517917874226,False,,1.0,0.27358540892601013,0.7228782176971436,0.0
direct-pixel-oracle,4,r5-f1-02c8aa9dc3523351c4d5f9c7,109,0.05,0.0014804359525442123,0.0009326217696070671,0.0007191118470763553,False,,1.0,0.2735850214958191,0.7228824496269226,0.0
direct-pixel-oracle,4,r5-f1-02c8aa9dc3523351c4d5f9c7,110,0.05,0.0003232434391975403,0.0009291956666857004,0.00019693882304536156,False,,1.0,0.27358439564704895,0.7228868007659912,0.0
direct-pixel-oracle,4,r5-f1-02c8aa9dc3523351c4d5f9c7,111,0.05,0.0009729862213134766,0.0009126437362283468,0.0004184711582943818,False,,1.0,0.2735835611820221,0.7228919267654419,0.0
direct-pixel-oracle,4,r5-f1-02c8aa9dc3523351c4d5f9c7,112,0.05,0.000594794750213623,0.0009053235407918692,0.0024485698081652516,False,,1.0,0.2735799252986908,0.7228984832763672,0.0
direct-pixel-oracle,4,r5-f1-02c8aa9dc3523351c4d5f9c7,113,0.05,0.0014159195125102997,0.0008922379929572344,0.000721555117809592,False,,1.0,0.27357712388038635,0.7229045629501343,0.0
direct-pixel-oracle,4,r5-f1-02c8aa9dc3523351c4d5f9c7,114,0.05,0.0002971440553665161,0.0008878882508724928,0.0001790119587086848,False,,1.0,0.2735742926597595,0.7229105234146118,0.0
direct-pixel-oracle,4,r5-f1-02c8aa9dc3523351c4d5f9c7,115,0.05,0.0009846612811088562,0.0008842262905091047,0.00040495780050112346,False,,1.0,0.2735714614391327,0.7229172587394714,0.0
direct-pixel-oracle,4,r5-f1-02c8aa9dc3523351c4d5f9c7,116,0.05,0.0006186366081237793,0.0008826542180031538,0.00048648790375817503,False,,1.0,0.2735694646835327,0.7229228019714355,0.0
direct-pixel-oracle,4,r5-f1-02c8aa9dc3523351c4d5f9c7,117,0.05,0.0013004429638385773,0.000848822295665741,0.0006661514055083158,False,,1.0,0.2735675871372223,0.722927987575531,0.0
direct-pixel-oracle,4,r5-f1-02c8aa9dc3523351c4d5f9c7,118,0.05,0.0003231242299079895,0.0008466772269457579,0.0002235257224048225,False,,1.0,0.27356550097465515,0.7229331731796265,0.0
direct-pixel-oracle,4,r5-f1-02c8aa9dc3523351c4d5f9c7,119,0.05,0.0009046271443367004,0.0008395763579756021,0.000370082778564774,False,,1.0,0.2735635042190552,0.7229391932487488,0.0
direct-pixel-oracle,4,r5-f1-02c8aa9dc3523351c4d5f9c7,120,0.05,0.000508427619934082,0.000829808646813035,0.0005333539770252789,False,,1.0,0.2735624313354492,0.7229442000389099,0.0
direct-pixel-oracle,4,r5-f1-02c8aa9dc3523351c4d5f9c7,121,0.05,0.0014804359525442123,0.0008256277069449425,0.0007184978511796224,False,,1.0,0.2735617160797119,0.7229493260383606,0.0
direct-pixel-oracle,4,r5-f1-02c8aa9dc3523351c4d5f9c7,122,0.05,0.00029619038105010986,0.0008231473620980978,0.00019248463860762117,False,,1.0,0.27356088161468506,0.7229539155960083,0.0
direct-pixel-oracle,4,r5-f1-02c8aa9dc3523351c4d5f9c7,123,0.05,0.0008728280663490295,0.0008169023785740137,0.00036488423966781234,False,,1.0,0.2735598683357239,0.7229592800140381,0.0
direct-pixel-oracle,4,r5-f1-02c8aa9dc3523351c4d5f9c7,124,0.05,0.0005467832088470459,0.0008075425866991282,0.0003353451420634457,False,,1.0,0.2735593318939209,0.7229636311531067,0.0
direct-pixel-oracle,4,r5-f1-02c8aa9dc3523351c4d5f9c7,125,0.05,0.0011463742703199387,0.000786663731560111,0.0005425374567387703,False,,1.0,0.27355897426605225,0.7229678630828857,0.0
direct-pixel-oracle,4,r5-f1-02c8aa9dc3523351c4d5f9c7,126,0.05,0.00025495700538158417,0.0007823958294466138,0.0001427629587890619,False,,1.0,0.27355843782424927,0.7229719758033752,0.0
direct-pixel-oracle,4,r5-f1-02c8aa9dc3523351c4d5f9c7,127,0.05,0.0007777772843837738,0.0007701952708885074,0.00031130008582858526,False,,1.0,0.27355778217315674,0.7229769825935364,0.0
direct-pixel-oracle,4,r5-f1-02c8aa9dc3523351c4d5f9c7,128,0.05,0.0006890296936035156,0.0007760849548503757,0.0009800185246777995,False,,1.0,0.2735591530799866,0.722980797290802,0.0
direct-pixel-oracle,5,r5-f1-11dddf29efebc033a995ab92,1,0.05,17.125,17.125,3.3603039198519333,False,,1.0,0.48554322123527527,0.5105376243591309,0.0
direct-pixel-oracle,5,r5-f1-11dddf29efebc033a995ab92,2,0.05,17.60416603088379,17.364583015441895,2.7434763937477693,False,,1.0,0.47304844856262207,0.5230398178100586,0.0
direct-pixel-oracle,5,r5-f1-11dddf29efebc033a995ab92,3,0.05,14.9375,16.55555534362793,3.1694268497528,False,,1.0,0.46055957674980164,0.5355409383773804,0.0
direct-pixel-oracle,5,r5-f1-11dddf29efebc033a995ab92,4,0.05,14.895844459533691,16.14062762260437,4.916167697478147,False,,1.0,0.4480818808078766,0.5480310916900635,0.0
direct-pixel-oracle,5,r5-f1-11dddf29efebc033a995ab92,5,0.05,8.375476837158203,14.587597465515136,3.0259219055633064,False,,1.0,0.43564745783805847,0.5604997277259827,0.0
direct-pixel-oracle,5,r5-f1-11dddf29efebc033a995ab92,6,0.05,7.812919616699219,13.458484490712484,2.6173590295145894,False,,1.0,0.4233674705028534,0.5728303790092468,0.0
direct-pixel-oracle,5,r5-f1-11dddf29efebc033a995ab92,7,0.05,1.948277235031128,11.81416916847229,1.6044924492745571,False,,1.0,0.41168585419654846,0.5848211646080017,0.0
direct-pixel-oracle,5,r5-f1-11dddf29efebc033a995ab92,8,0.05,2.9201385974884033,10.702415347099304,1.4646083951313273,False,,1.0,0.39983120560646057,0.5962809920310974,0.0
direct-pixel-oracle,5,r5-f1-11dddf29efebc033a995ab92,9,0.05,1.2609935998916626,9.653368486298454,0.7284581016618997,False,,1.0,0.38985514640808105,0.6075055003166199,0.0
direct-pixel-oracle,5,r5-f1-11dddf29efebc033a995ab92,10,0.05,0.21150197088718414,8.709181834757327,0.2566544100614357,False,,1.0,0.37951815128326416,0.6178596019744873,0.0
direct-pixel-oracle,5,r5-f1-11dddf29efebc033a995ab92,11,0.05,0.20667457580566406,7.936226629398086,0.21129451983781608,False,,1.0,0.37025025486946106,0.627270519733429,0.0
direct-pixel-oracle,5,r5-f1-11dddf29efebc033a995ab92,12,0.05,0.19763070344924927,7.291343635569016,0.5231062680185962,False,,1.0,0.3621876537799835,0.6360129117965698,0.0
direct-pixel-oracle,5,r5-f1-11dddf29efebc033a995ab92,13,0.05,0.012611985206604004,6.731441200925754,0.013494295216570588,False,,1.0,0.3549783229827881,0.6441923379898071,0.0
direct-pixel-oracle,5,r5-f1-11dddf29efebc033a995ab92,14,0.05,0.010640546679496765,6.251384011336735,0.01578912017625781,False,,1.0,0.34839409589767456,0.6524142622947693,0.0
direct-pixel-oracle,5,r5-f1-11dddf29efebc033a995ab92,15,0.05,0.05087113380432129,5.838016486167907,0.0643919788355834,False,,1.0,0.3416350483894348,0.6600141525268555,0.0
direct-pixel-oracle,5,r5-f1-11dddf29efebc033a995ab92,16,0.05,0.021849632263183594,5.4745060577988625,0.03245902438810833,False,,1.0,0.3354234993457794,0.6669395565986633,0.0
direct-pixel-oracle,5,r5-f1-11dddf29efebc033a995ab92,17,0.05,0.009065777063369751,4.404760168865323,0.010509529267983606,False,,1.0,0.32978278398513794,0.6732205748558044,0.0
direct-pixel-oracle,5,r5-f1-11dddf29efebc033a995ab92,18,0.05,0.006947408430278301,3.3049340049619786,0.006672780156382542,False,,1.0,0.3246864378452301,0.6789358258247375,0.0
direct-pixel-oracle,5,r5-f1-11dddf29efebc033a995ab92,19,0.05,0.023824334144592285,2.3728292758460157,0.035039863368699145,False,,1.0,0.3200083374977112,0.6842239499092102,0.0
direct-pixel-oracle,5,r5-f1-11dddf29efebc033a995ab92,20,0.05,0.009320437908172607,1.4424215244944207,0.011349479659591225,False,,1.0,0.31573742628097534,0.6891695857048035,0.0
direct-pixel-oracle,5,r5-f1-11dddf29efebc033a995ab92,21,0.05,0.0051941461861133575,0.9192788563086651,0.005837322498182154,False,,1.0,0.31186360120773315,0.6936742067337036,0.0
direct-pixel-oracle,5,r5-f1-11dddf29efebc033a995ab92,22,0.05,0.0046884603798389435,0.4312644090387039,0.004991883358992879,False,,1.0,0.308355450630188,0.6978112459182739,0.0
direct-pixel-oracle,5,r5-f1-11dddf29efebc033a995ab92,23,0.05,0.01128244400024414,0.31020223459927365,0.019995593716432402,False,,1.0,0.30515581369400024,0.7016597986221313,0.0
direct-pixel-oracle,5,r5-f1-11dddf29efebc033a995ab92,24,0.05,0.0065031349658966064,0.12810001819161698,0.013406077757119546,False,,1.0,0.30225345492362976,0.7051489353179932,0.0
direct-pixel-oracle,5,r5-f1-11dddf29efebc033a995ab92,25,0.05,0.004055015742778778,0.049541356682311743,0.00581471448078414,False,,1.0,0.2996208369731903,0.7083170413970947,0.0
direct-pixel-oracle,5,r5-f1-11dddf29efebc033a995ab92,26,0.05,0.0036359410732984543,0.03654972981894389,0.0041563753480932135,False,,1.0,0.29693570733070374,0.7112296223640442,0.0
direct-pixel-oracle,5,r5-f1-11dddf29efebc033a995ab92,27,0.05,0.007401078939437866,0.02409513626480475,0.006351163373054502,False,,1.0,0.29443952441215515,0.7139096260070801,0.0
direct-pixel-oracle,5,r5-f1-11dddf29efebc033a995ab92,28,0.05,0.0033634305000305176,0.011953431705478579,0.003641429028464777,False,,1.0,0.2921605706214905,0.7163643836975098,0.0
direct-pixel-oracle,5,r5-f1-11dddf29efebc033a995ab92,29,0.05,0.0025911107659339905,0.011327127052936703,0.0023390628522365516,False,,1.0,0.2900919020175934,0.7186018824577332,0.0
direct-pixel-oracle,5,r5-f1-11dddf29efebc033a995ab92,30,0.05,0.0021947361528873444,0.010799263895023614,0.0018198825057792222,False,,1.0,0.28819704055786133,0.7206517457962036,0.0
direct-pixel-oracle,5,r5-f1-11dddf29efebc033a995ab92,31,0.05,0.004356056451797485,0.007892071560490876,0.003374894025906705,False,,1.0,0.2864672839641571,0.7225300073623657,0.0
direct-pixel-oracle,5,r5-f1-11dddf29efebc033a995ab92,32,0.05,0.002398235723376274,0.006676359276752919,0.001763793897132985,False,,1.0,0.284885436296463,0.7242529988288879,0.0
direct-pixel-oracle,5,r5-f1-11dddf29efebc033a995ab92,33,0.05,0.0018250960856676102,0.006223816715646535,0.001119198428073385,False,,1.0,0.28344517946243286,0.7258265614509583,0.0
direct-pixel-oracle,5,r5-f1-11dddf29efebc033a995ab92,34,0.05,0.0017799977213144302,0.005900853546336293,0.0013254859054839625,False,,1.0,0.28212594985961914,0.727268636226654,0.0
direct-pixel-oracle,5,r5-f1-11dddf29efebc033a995ab92,35,0.05,0.003438502550125122,0.0046267390716820955,0.0025971514704650122,False,,1.0,0.2809254229068756,0.7285886406898499,0.0
direct-pixel-oracle,5,r5-f1-11dddf29efebc033a995ab92,36,0.05,0.0020220093429088593,0.004170587286353111,0.001277744504980762,False,,1.0,0.2798239290714264,0.7298018932342529,0.0
direct-pixel-oracle,5,r5-f1-11dddf29efebc033a995ab92,37,0.05,0.0014679376035928726,0.003937699249945581,0.0007834827601392905,False,,1.0,0.2788197696208954,0.7309117317199707,0.0
direct-pixel-oracle,5,r5-f1-11dddf29efebc033a995ab92,38,0.05,0.0014448452275246382,0.003734973302925937,0.0009816911078515552,False,,1.0,0.2779003083705902,0.7319296598434448,0.0
direct-pixel-oracle,5,r5-f1-11dddf29efebc033a995ab92,39,0.05,0.002581357955932617,0.0031911554251564667,0.0016660716977079043,False,,1.0,0.2770634591579437,0.7328594326972961,0.0
direct-pixel-oracle,5,r5-f1-11dddf29efebc033a995ab92,40,0.05,0.0017087156884372234,0.0028915042203152552,0.005408609646012109,False,,1.0,0.27629661560058594,0.7337155342102051,0.0
direct-pixel-oracle,5,r5-f1-11dddf29efebc033a995ab92,41,0.05,0.001291036605834961,0.0027187555242562667,0.0006911532666457691,False,,1.0,0.275596559047699,0.7344995737075806,0.0
direct-pixel-oracle,5,r5-f1-11dddf29efebc033a995ab92,42,0.05,0.0011725700460374355,0.002564794835052453,0.0007261423698585337,False,,1.0,0.2749553918838501,0.7352190613746643,0.0
direct-pixel-oracle,5,r5-f1-11dddf29efebc033a995ab92,43,0.05,0.0022192299365997314,0.0022409292723750696,0.0014489040776589877,False,,1.0,0.274371862411499,0.7358777523040771,0.0
direct-pixel-oracle,5,r5-f1-11dddf29efebc033a995ab92,44,0.05,0.0014454405754804611,0.002121054902090691,0.0008447913281164862,False,,1.0,0.2738340497016907,0.736484169960022,0.0
direct-pixel-oracle,5,r5-f1-11dddf29efebc033a995ab92,45,0.05,0.0012349607422947884,0.002036295525613241,0.0006077369769814047,False,,1.0,0.2733413875102997,0.7370415925979614,0.0
direct-pixel-oracle,5,r5-f1-11dddf29efebc033a995ab92,46,0.05,0.0011247028596699238,0.001969418444787152,0.0005878495677100404,False,,1.0,0.2728894352912903,0.7375544309616089,0.0
direct-pixel-oracle,5,r5-f1-11dddf29efebc033a995ab92,47,0.05,0.0017703622579574585,0.0018078125576721504,0.0010776012136935545,False,,1.0,0.27247875928878784,0.7380243539810181,0.0
direct-pixel-oracle,5,r5-f1-11dddf29efebc033a995ab92,48,0.05,0.0013855630531907082,0.0017445205157855526,0.0008140860183302326,False,,1.0,0.2720972001552582,0.7384602427482605,0.0
direct-pixel-oracle,5,r5-f1-11dddf29efebc033a995ab92,49,0.05,0.0010206261649727821,0.0016942411457421258,0.00045412783606801454,False,,1.0,0.2717481553554535,0.7388609647750854,0.0
direct-pixel-oracle,5,r5-f1-11dddf29efebc033a995ab92,50,0.05,0.0009714413899928331,0.001643706375034526,0.0005702609541098792,False,,1.0,0.2714272439479828,0.7392306923866272,0.0
direct-pixel-oracle,5,r5-f1-11dddf29efebc033a995ab92,51,0.05,0.0015860199928283691,0.001527926215203479,0.0009231317160984152,False,,1.0,0.27113354206085205,0.7396501302719116,0.0
direct-pixel-oracle,5,r5-f1-11dddf29efebc033a995ab92,52,0.05,0.0011252984404563904,0.0014718817838001996,0.0005751114119864823,False,,1.0,0.2708609402179718,0.74009770154953,0.0
direct-pixel-oracle,5,r5-f1-11dddf29efebc033a995ab92,53,0.05,0.0009382134303450584,0.0014387740229722112,0.00038518507985697316,False,,1.0,0.27061036229133606,0.7405135631561279,0.0
direct-pixel-oracle,5,r5-f1-11dddf29efebc033a995ab92,54,0.05,0.0009126074146479368,0.0014055091596674174,0.0005155628611372617,False,,1.0,0.270378053188324,0.7409009337425232,0.0
direct-pixel-oracle,5,r5-f1-11dddf29efebc033a995ab92,55,0.05,0.00134199857711792,0.0013280491984914988,0.0007228522604103951,False,,1.0,0.27016493678092957,0.7412683963775635,0.0
direct-pixel-oracle,5,r5-f1-11dddf29efebc033a995ab92,56,0.05,0.0010347971692681313,0.0012859292910434306,0.0005637500855190519,False,,1.0,0.26996609568595886,0.741617739200592,0.0
direct-pixel-oracle,5,r5-f1-11dddf29efebc033a995ab92,57,0.05,0.0009582219645380974,0.0012651283759623766,0.0004051083114315484,False,,1.0,0.26978248357772827,0.7419435381889343,0.0
direct-pixel-oracle,5,r5-f1-11dddf29efebc033a995ab92,58,0.05,0.0007888542022556067,0.0012411461357260123,0.00046609423626864903,False,,1.0,0.2696123421192169,0.7422473430633545,0.0
direct-pixel-oracle,5,r5-f1-11dddf29efebc033a995ab92,59,0.05,0.0012632980942726135,0.0011814003955805674,0.0007088004771366228,False,,1.0,0.2694544792175293,0.7425380349159241,0.0
direct-pixel-oracle,5,r5-f1-11dddf29efebc033a995ab92,60,0.05,0.001035273540765047,0.001155764955910854,0.0005398287988550448,False,,1.0,0.269305557012558,0.7428165674209595,0.0
direct-pixel-oracle,5,r5-f1-11dddf29efebc033a995ab92,61,0.05,0.0007942141965031624,0.0011282182967988774,0.00034335915314598987,False,,1.0,0.2691681683063507,0.7430750131607056,0.0
direct-pixel-oracle,5,r5-f1-11dddf29efebc033a995ab92,62,0.05,0.0006537684239447117,0.0010987848945660517,0.0003008915057437027,False,,1.0,0.26904040575027466,0.7433173060417175,0.0
direct-pixel-oracle,5,r5-f1-11dddf29efebc033a995ab92,63,0.05,0.0012343674898147583,0.001065285221557133,0.0006797032110731406,False,,1.0,0.2689225673675537,0.7435545921325684,0.0
direct-pixel-oracle,5,r5-f1-11dddf29efebc033a995ab92,64,0.05,0.0008405488915741444,0.0010312218364560977,0.00038072647819554155,False,,1.0,0.2688126564025879,0.7437782883644104,0.0
direct-pixel-oracle,5,r5-f1-11dddf29efebc033a995ab92,65,0.05,0.0006843847222626209,0.0010102067462867126,0.0002727968691830734,False,,1.0,0.268710732460022,0.7439863085746765,0.0
direct-pixel-oracle,5,r5-f1-11dddf29efebc033a995ab92,66,0.05,0.0006816447712481022,0.000992094457615167,0.0005794494232189541,False,,1.0,0.268614798784256,0.7441807389259338,0.0
direct-pixel-oracle,5,r5-f1-11dddf29efebc033a995ab92,67,0.05,0.0011840015649795532,0.0009669683058746159,0.0006612856263135793,False,,1.0,0.2685258388519287,0.7443739175796509,0.0
direct-pixel-oracle,5,r5-f1-11dddf29efebc033a995ab92,68,0.05,0.0008415021002292633,0.0009492310346104205,0.00039613073166396126,False,,1.0,0.2684444487094879,0.7445506453514099,0.0
direct-pixel-oracle,5,r5-f1-11dddf29efebc033a995ab92,69,0.05,0.000700466800481081,0.0009343718702439219,0.00030468413623007903,False,,1.0,0.2683691680431366,0.744713544845581,0.0
direct-pixel-oracle,5,r5-f1-11dddf29efebc033a995ab92,70,0.05,0.0006403063889592886,0.0009173530561383814,0.0002851221178964311,False,,1.0,0.2682970464229584,0.744869589805603,0.0
direct-pixel-oracle,5,r5-f1-11dddf29efebc033a995ab92,71,0.05,0.001004546880722046,0.0008962623251136392,0.0005159746846149832,False,,1.0,0.26822999119758606,0.7450231909751892,0.0
direct-pixel-oracle,5,r5-f1-11dddf29efebc033a995ab92,72,0.05,0.0007733693346381187,0.0008799230854492635,0.00036424316440519843,False,,1.0,0.2681678533554077,0.7451664209365845,0.0
direct-pixel-oracle,5,r5-f1-11dddf29efebc033a995ab92,73,0.05,0.0006868867203593254,0.0008629646326880902,0.0002839130532695718,False,,1.0,0.268108993768692,0.7453016042709351,0.0
direct-pixel-oracle,5,r5-f1-11dddf29efebc033a995ab92,74,0.05,0.0006015875842422247,0.0008512604690622538,0.00028897036481632054,False,,1.0,0.26805180311203003,0.745431125164032,0.0
direct-pixel-oracle,5,r5-f1-11dddf29efebc033a995ab92,75,0.05,0.0008325651288032532,0.0008243396587204188,0.0004299516643734289,False,,1.0,0.2679974436759949,0.745562732219696,0.0
direct-pixel-oracle,5,r5-f1-11dddf29efebc033a995ab92,76,0.05,0.0007120221853256226,0.0008041364490054548,0.0003560247018308832,False,,1.0,0.26794907450675964,0.745681643486023,0.0
direct-pixel-oracle,5,r5-f1-11dddf29efebc033a995ab92,77,0.05,0.0005916990339756012,0.0007914792513474822,0.000231459889539754,False,,1.0,0.26790323853492737,0.7457936406135559,0.0
direct-pixel-oracle,5,r5-f1-11dddf29efebc033a995ab92,78,0.05,0.0005652499385178089,0.0007859468460083008,0.00025110350268922366,False,,1.0,0.2678583860397339,0.7459020018577576,0.0
direct-pixel-oracle,5,r5-f1-11dddf29efebc033a995ab92,79,0.05,0.0007607415318489075,0.0007563452236354351,0.0003812940264756787,False,,1.0,0.26781708002090454,0.7460100054740906,0.0
direct-pixel-oracle,5,r5-f1-11dddf29efebc033a995ab92,80,0.05,0.0006549595855176449,0.0007447458920069039,0.000312188043825683,False,,1.0,0.2677798271179199,0.7461102604866028,0.0
direct-pixel-oracle,5,r5-f1-11dddf29efebc033a995ab92,81,0.05,0.0005791895091533661,0.0007381711911875755,0.00023407828383682777,False,,1.0,0.267743855714798,0.7462053298950195,0.0
direct-pixel-oracle,5,r5-f1-11dddf29efebc033a995ab92,82,0.05,0.0005421361420303583,0.0007294519018614665,0.00024406122177722683,False,,1.0,0.26770782470703125,0.7462973594665527,0.0
direct-pixel-oracle,5,r5-f1-11dddf29efebc033a995ab92,83,0.05,0.0006786659359931946,0.000697868425049819,0.00030652462900092775,False,,1.0,0.2676735520362854,0.7463904023170471,0.0
direct-pixel-oracle,5,r5-f1-11dddf29efebc033a995ab92,84,0.05,0.0006973696872591972,0.0006888601492391899,0.00034414976241777217,False,,1.0,0.26764339208602905,0.746476411819458,0.0
direct-pixel-oracle,5,r5-f1-11dddf29efebc033a995ab92,85,0.05,0.0005558375269174576,0.0006798208196414635,0.00023561780547106696,False,,1.0,0.2676140069961548,0.7465593218803406,0.0
direct-pixel-oracle,5,r5-f1-11dddf29efebc033a995ab92,86,0.05,0.0004986473359167576,0.0006709671288263053,0.00022050240021055567,False,,1.0,0.2675839066505432,0.7466411590576172,0.0
direct-pixel-oracle,5,r5-f1-11dddf29efebc033a995ab92,87,0.05,0.0006714016199111938,0.000650145550025627,0.0003265328790406976,False,,1.0,0.26755449175834656,0.7467261552810669,0.0
direct-pixel-oracle,5,r5-f1-11dddf29efebc033a995ab92,88,0.05,0.0006279163062572479,0.0006410547357518226,0.00032626711266062577,False,,1.0,0.2675304114818573,0.7468023300170898,0.0
direct-pixel-oracle,5,r5-f1-11dddf29efebc033a995ab92,89,0.05,0.0005327234975993633,0.000631419534329325,0.0002040625774519677,False,,1.0,0.2675066590309143,0.7468758225440979,0.0
direct-pixel-oracle,5,r5-f1-11dddf29efebc033a995ab92,90,0.05,0.0004309678915888071,0.0006207558035384864,0.00020305247492772525,False,,1.0,0.26748204231262207,0.7469479441642761,0.0
direct-pixel-oracle,5,r5-f1-11dddf29efebc033a995ab92,91,0.05,0.0007258355617523193,0.000614085205597803,0.0003766664928132147,False,,1.0,0.2674572169780731,0.7470279335975647,0.0
direct-pixel-oracle,5,r5-f1-11dddf29efebc033a995ab92,92,0.05,0.0006026597693562508,0.0006072500545997173,0.00029492453114355764,False,,1.0,0.26743578910827637,0.7471024394035339,0.0
direct-pixel-oracle,5,r5-f1-11dddf29efebc033a995ab92,93,0.05,0.0005010301247239113,0.0006015832477714866,0.00019236122391170463,False,,1.0,0.26741403341293335,0.7471750378608704,0.0
direct-pixel-oracle,5,r5-f1-11dddf29efebc033a995ab92,94,0.05,0.00044014304876327515,0.0005937640671618283,0.00021265444233204594,False,,1.0,0.26739081740379333,0.7472466230392456,0.0
direct-pixel-oracle,5,r5-f1-11dddf29efebc033a995ab92,95,0.05,0.0006050392985343933,0.0005840326775796711,0.0002952426202290938,False,,1.0,0.2673676908016205,0.7473222017288208,0.0
direct-pixel-oracle,5,r5-f1-11dddf29efebc033a995ab92,96,0.05,0.0004996005445718765,0.0005743227375205606,0.0002402134734449351,False,,1.0,0.2673477828502655,0.7473927736282349,0.0
direct-pixel-oracle,5,r5-f1-11dddf29efebc033a995ab92,97,0.05,0.000490664504468441,0.0005687899247277528,0.00019002409353871473,False,,1.0,0.2673282325267792,0.7474597096443176,0.0
direct-pixel-oracle,5,r5-f1-11dddf29efebc033a995ab92,98,0.05,0.0004309678915888071,0.0005618419090751559,0.0001945095829657874,False,,1.0,0.2673070728778839,0.7475259304046631,0.0
direct-pixel-oracle,5,r5-f1-11dddf29efebc033a995ab92,99,0.05,0.0006760433316230774,0.0005616779963020235,0.0003542882859653047,False,,1.0,0.26728594303131104,0.7475985288619995,0.0
direct-pixel-oracle,5,r5-f1-11dddf29efebc033a995ab92,100,0.05,0.000499362125992775,0.0005493025237228721,0.00024252696185302013,False,,1.0,0.26726698875427246,0.7476673722267151,0.0
direct-pixel-oracle,5,r5-f1-11dddf29efebc033a995ab92,101,0.05,0.00047052744776010513,0.0005439706437755376,0.00018744926890484624,False,,1.0,0.2672487199306488,0.7477318644523621,0.0
direct-pixel-oracle,5,r5-f1-11dddf29efebc033a995ab92,102,0.05,0.00040487200021743774,0.0005381096852943301,0.00018105206087763007,False,,1.0,0.26722875237464905,0.7477959990501404,0.0
direct-pixel-oracle,5,r5-f1-11dddf29efebc033a995ab92,103,0.05,0.0006050392985343933,0.0005339620402082801,0.00029796090843312533,False,,1.0,0.2672092616558075,0.7478631734848022,0.0
direct-pixel-oracle,5,r5-f1-11dddf29efebc033a995ab92,104,0.05,0.0004690978676080704,0.0005240358877927065,0.00023164304679619015,False,,1.0,0.2671933174133301,0.7479257583618164,0.0
direct-pixel-oracle,5,r5-f1-11dddf29efebc033a995ab92,105,0.05,0.0004144050180912018,0.0005166409828234464,0.0001573253525978478,False,,1.0,0.26717713475227356,0.7479861378669739,0.0
direct-pixel-oracle,5,r5-f1-11dddf29efebc033a995ab92,106,0.05,0.0003804436419159174,0.0005134832172188908,0.0001722132919676449,False,,1.0,0.267159104347229,0.7480461001396179,0.0
direct-pixel-oracle,5,r5-f1-11dddf29efebc033a995ab92,107,0.05,0.0006050392985343933,0.0005059334507677704,0.00030410834796784327,False,,1.0,0.2671400308609009,0.7481124997138977,0.0
direct-pixel-oracle,5,r5-f1-11dddf29efebc033a995ab92,108,0.05,0.00045944610610604286,0.0004969825968146324,0.0002532645579452103,False,,1.0,0.2671244442462921,0.7481755018234253,0.0
direct-pixel-oracle,5,r5-f1-11dddf29efebc033a995ab92,109,0.05,0.00040606362745165825,0.0004910471907351166,0.00015199072579147487,False,,1.0,0.267108678817749,0.7482357025146484,0.0
direct-pixel-oracle,5,r5-f1-11dddf29efebc033a995ab92,110,0.05,0.00037257885560393333,0.00048682442866265774,0.00017086064533338726,False,,1.0,0.2670910954475403,0.748295247554779,0.0
direct-pixel-oracle,5,r5-f1-11dddf29efebc033a995ab92,111,0.05,0.0005158036947250366,0.00048124720342457294,0.00024368637695630724,False,,1.0,0.2670736014842987,0.7483572363853455,0.0
direct-pixel-oracle,5,r5-f1-11dddf29efebc033a995ab92,112,0.05,0.000422745943069458,0.0004764437908306718,0.0002058836825125302,False,,1.0,0.26705700159072876,0.7484176158905029,0.0
direct-pixel-oracle,5,r5-f1-11dddf29efebc033a995ab92,113,0.05,0.0004064207896590233,0.0004711785586550832,0.00015767400215654847,False,,1.0,0.2670401930809021,0.7484756112098694,0.0
direct-pixel-oracle,5,r5-f1-11dddf29efebc033a995ab92,114,0.05,0.00038032454904168844,0.00046801334974588826,0.00018502596093730714,False,,1.0,0.2670215666294098,0.7485334873199463,0.0
direct-pixel-oracle,5,r5-f1-11dddf29efebc033a995ab92,115,0.05,0.0004648081958293915,0.0004548111537587829,0.000206123942456387,False,,1.0,0.26700326800346375,0.7485936284065247,0.0
direct-pixel-oracle,5,r5-f1-11dddf29efebc033a995ab92,116,0.05,0.0004405006766319275,0.0004511323131737299,0.0002185414247498469,False,,1.0,0.2669868469238281,0.7486515641212463,0.0
direct-pixel-oracle,5,r5-f1-11dddf29efebc033a995ab92,117,0.05,0.0004147626459598541,0.00044764701306121424,0.0001520560560625363,False,,1.0,0.26696982979774475,0.7487081289291382,0.0
direct-pixel-oracle,5,r5-f1-11dddf29efebc033a995ab92,118,0.05,0.0003499372396618128,0.0004442135905264877,0.00015544938100093596,False,,1.0,0.26695138216018677,0.7487640380859375,0.0
direct-pixel-oracle,5,r5-f1-11dddf29efebc033a995ab92,119,0.05,0.0005121082067489624,0.00043840539728989825,0.0002415769374749057,False,,1.0,0.26693305373191833,0.748823344707489,0.0
direct-pixel-oracle,5,r5-f1-11dddf29efebc033a995ab92,120,0.05,0.00039688823744654655,0.000433892295404803,0.0002046614166374088,False,,1.0,0.2669161856174469,0.7488805651664734,0.0
direct-pixel-oracle,5,r5-f1-11dddf29efebc033a995ab92,121,0.05,0.00040594441816210747,0.0004333635079092346,0.00015055424477329526,False,,1.0,0.2668984532356262,0.7489374279975891,0.0
direct-pixel-oracle,5,r5-f1-11dddf29efebc033a995ab92,122,0.05,0.00032884441316127777,0.00043013855611206964,0.00014699454432649597,False,,1.0,0.266879677772522,0.7489933371543884,0.0
direct-pixel-oracle,5,r5-f1-11dddf29efebc033a995ab92,123,0.05,0.0005200952291488647,0.0004248295517754741,0.00024418274367043303,False,,1.0,0.26686108112335205,0.7490528225898743,0.0
direct-pixel-oracle,5,r5-f1-11dddf29efebc033a995ab92,124,0.05,0.00040546758100390434,0.00042145589395659044,0.0001837216706390033,False,,1.0,0.26684415340423584,0.7491109371185303,0.0
direct-pixel-oracle,5,r5-f1-11dddf29efebc033a995ab92,125,0.05,0.0003978414461016655,0.0004209420076222159,0.00014458053564572073,False,,1.0,0.26682621240615845,0.7491685152053833,0.0
direct-pixel-oracle,5,r5-f1-11dddf29efebc033a995ab92,126,0.05,0.00030238821636885405,0.00041655509267002344,0.00012797371710400175,False,,1.0,0.2668071985244751,0.7492249011993408,0.0
direct-pixel-oracle,5,r5-f1-11dddf29efebc033a995ab92,127,0.05,0.000468619167804718,0.00041360605973750353,0.00021841232388285827,False,,1.0,0.2667885720729828,0.749284565448761,0.0
direct-pixel-oracle,5,r5-f1-11dddf29efebc033a995ab92,128,0.05,0.00039700744673609734,0.0004119974037166685,0.0002017702427896034,False,,1.0,0.2667725682258606,0.7493416666984558,0.0
direct-pixel-oracle,6,r5-f1-de4899e05b0aa7f3d8373171,1,0.05,13.458335876464844,13.458335876464844,2.742477535415492,False,,1.0,0.48554322123527527,0.5105376243591309,0.0
direct-pixel-oracle,6,r5-f1-de4899e05b0aa7f3d8373171,2,0.05,12.937507629394531,13.197921752929688,1.0766535965284298,False,,1.0,0.47304844856262207,0.5230398178100586,0.0
direct-pixel-oracle,6,r5-f1-de4899e05b0aa7f3d8373171,3,0.05,11.562515258789062,12.652786254882812,2.5625824353012896,False,,1.0,0.46055975556373596,0.5355408191680908,0.0
direct-pixel-oracle,6,r5-f1-de4899e05b0aa7f3d8373171,4,0.05,10.18756103515625,12.036479949951172,3.6462503311212675,False,,1.0,0.44808489084243774,0.5480347275733948,0.0
direct-pixel-oracle,6,r5-f1-de4899e05b0aa7f3d8373171,5,0.05,7.928476333618164,11.21487922668457,2.7168764518747515,False,,1.0,0.43564221262931824,0.5604703426361084,0.0
direct-pixel-oracle,6,r5-f1-de4899e05b0aa7f3d8373171,6,0.05,5.940145969390869,10.33575701713562,8.509789680813016,False,,1.0,0.4232718348503113,0.5728980302810669,0.0
direct-pixel-oracle,6,r5-f1-de4899e05b0aa7f3d8373171,7,0.05,5.518089294433594,9.647518771035331,1.3665750079845127,False,,1.0,0.41163769364356995,0.5849225521087646,0.0
direct-pixel-oracle,6,r5-f1-de4899e05b0aa7f3d8373171,8,0.05,4.002505302429199,8.941892087459564,3.0058982836556467,False,,1.0,0.40019017457962036,0.5965896248817444,0.0
direct-pixel-oracle,6,r5-f1-de4899e05b0aa7f3d8373171,9,0.05,1.006386637687683,8.060169259707132,1.236308995487001,False,,1.0,0.3888183534145355,0.6075254678726196,0.0
direct-pixel-oracle,6,r5-f1-de4899e05b0aa7f3d8373171,10,0.05,0.40265440940856934,7.294417774677276,0.33075251491522617,False,,1.0,0.378979355096817,0.6174222826957703,0.0
direct-pixel-oracle,6,r5-f1-de4899e05b0aa7f3d8373171,11,0.05,0.2273484468460083,6.651956926692616,0.2589674232010037,False,,1.0,0.3693348467350006,0.6268707513809204,0.0
direct-pixel-oracle,6,r5-f1-de4899e05b0aa7f3d8373171,12,0.05,0.3216979503631592,6.124435345331828,0.532043639780499,False,,1.0,0.3614104390144348,0.6356887817382812,0.0
direct-pixel-oracle,6,r5-f1-de4899e05b0aa7f3d8373171,13,0.05,0.03121882677078247,5.655726382365594,0.035778349790926915,False,,1.0,0.354009747505188,0.6435501575469971,0.0
direct-pixel-oracle,6,r5-f1-de4899e05b0aa7f3d8373171,14,0.05,0.19237065315246582,5.265486687421799,0.16968661066254806,False,,1.0,0.3465612530708313,0.650938868522644,0.0
direct-pixel-oracle,6,r5-f1-de4899e05b0aa7f3d8373171,15,0.05,0.04325294494628906,4.917337771256765,0.043900254609562976,False,,1.0,0.3389979600906372,0.6577038168907166,0.0
direct-pixel-oracle,6,r5-f1-de4899e05b0aa7f3d8373171,16,0.05,0.02990013360977173,4.611872918903828,0.023890750769828224,False,,1.0,0.3321990668773651,0.6638019680976868,0.0
direct-pixel-oracle,6,r5-f1-de4899e05b0aa7f3d8373171,17,0.05,0.01958286762237549,3.7719508558511734,0.02855814280511298,False,,1.0,0.32603752613067627,0.6697076559066772,0.0
direct-pixel-oracle,6,r5-f1-de4899e05b0aa7f3d8373171,18,0.05,0.07409054040908813,2.967987287789583,0.04808393856058622,False,,1.0,0.3203657865524292,0.6750823259353638,0.0
direct-pixel-oracle,6,r5-f1-de4899e05b0aa7f3d8373171,19,0.05,0.024752497673034668,2.2468771152198315,0.024426811889602412,False,,1.0,0.3152386546134949,0.6799542307853699,0.0
direct-pixel-oracle,6,r5-f1-de4899e05b0aa7f3d8373171,20,0.05,0.014430105686187744,1.6110564321279526,0.03788505751338583,False,,1.0,0.31060388684272766,0.6843653321266174,0.0
direct-pixel-oracle,6,r5-f1-de4899e05b0aa7f3d8373171,21,0.05,0.00653250515460968,1.1159349428489804,0.007096341510404834,False,,1.0,0.3064207434654236,0.6883618831634521,0.0
direct-pixel-oracle,6,r5-f1-de4899e05b0aa7f3d8373171,22,0.05,0.03400695323944092,0.7468012543395162,0.024581954620027578,False,,1.0,0.3026185631752014,0.6920122504234314,0.0
direct-pixel-oracle,6,r5-f1-de4899e05b0aa7f3d8373171,23,0.05,0.01315075159072876,0.4027425954118371,0.010789820091113542,False,,1.0,0.2991793751716614,0.6953250765800476,0.0
direct-pixel-oracle,6,r5-f1-de4899e05b0aa7f3d8373171,24,0.05,0.008952483534812927,0.15314554423093796,0.008047298802111434,False,,1.0,0.29606902599334717,0.6983293294906616,0.0
direct-pixel-oracle,6,r5-f1-de4899e05b0aa7f3d8373171,25,0.05,0.003618597984313965,0.09047254174947739,0.0049439834746397735,False,,1.0,0.2932519018650055,0.701051652431488,0.0
direct-pixel-oracle,6,r5-f1-de4899e05b0aa7f3d8373171,26,0.05,0.02319568395614624,0.06675637140870094,0.045216482126403654,False,,1.0,0.2906840741634369,0.7035108208656311,0.0
direct-pixel-oracle,6,r5-f1-de4899e05b0aa7f3d8373171,27,0.05,0.011878013610839844,0.053289469331502914,0.009800016395877043,False,,1.0,0.2883526086807251,0.7057549953460693,0.0
direct-pixel-oracle,6,r5-f1-de4899e05b0aa7f3d8373171,28,0.05,0.007152199745178223,0.033630359917879105,0.006029732926411,False,,1.0,0.28623706102371216,0.7077932953834534,0.0
direct-pixel-oracle,6,r5-f1-de4899e05b0aa7f3d8373171,29,0.05,0.0035184621810913086,0.03189908713102341,0.0042371320444053555,False,,1.0,0.2843156158924103,0.7096447348594666,0.0
direct-pixel-oracle,6,r5-f1-de4899e05b0aa7f3d8373171,30,0.05,0.01941204071044922,0.02108917385339737,0.013167667460396836,False,,1.0,0.28255730867385864,0.7113391160964966,0.0
direct-pixel-oracle,6,r5-f1-de4899e05b0aa7f3d8373171,31,0.05,0.007902085781097412,0.01887974515557289,0.06541510107852391,False,,1.0,0.28096988797187805,0.7128725647926331,0.0
direct-pixel-oracle,6,r5-f1-de4899e05b0aa7f3d8373171,32,0.05,0.0053792595863342285,0.017347190529108047,0.004439251692918647,False,,1.0,0.27953052520751953,0.714266836643219,0.0
direct-pixel-oracle,6,r5-f1-de4899e05b0aa7f3d8373171,33,0.05,0.002139665186405182,0.016256990376859903,0.0024301206894691693,False,,1.0,0.27822116017341614,0.7157838344573975,0.0
direct-pixel-oracle,6,r5-f1-de4899e05b0aa7f3d8373171,34,0.05,0.013836562633514404,0.012491116765886545,0.007964494925368064,False,,1.0,0.2770180106163025,0.7174729108810425,0.0
direct-pixel-oracle,6,r5-f1-de4899e05b0aa7f3d8373171,35,0.05,0.005398690700531006,0.011281503830105066,0.004152666413152817,False,,1.0,0.27592167258262634,0.7190176248550415,0.0
direct-pixel-oracle,6,r5-f1-de4899e05b0aa7f3d8373171,36,0.05,0.003949582576751709,0.010626471135765314,0.0034080595576914015,False,,1.0,0.27492618560791016,0.7204179167747498,0.0
direct-pixel-oracle,6,r5-f1-de4899e05b0aa7f3d8373171,37,0.05,0.0017588138580322266,0.010328115429729223,0.0020982848712696144,False,,1.0,0.27402153611183167,0.7216924428939819,0.0
direct-pixel-oracle,6,r5-f1-de4899e05b0aa7f3d8373171,38,0.05,0.008690059185028076,0.00874580955132842,0.004897859959242659,False,,1.0,0.27318647503852844,0.7228869199752808,0.0
direct-pixel-oracle,6,r5-f1-de4899e05b0aa7f3d8373171,39,0.05,0.004250884056091309,0.00818956783041358,0.002957327845477494,False,,1.0,0.27242571115493774,0.7239814400672913,0.0
direct-pixel-oracle,6,r5-f1-de4899e05b0aa7f3d8373171,40,0.05,0.0032897591590881348,0.00783564755693078,0.0024392309137696265,False,,1.0,0.27173522114753723,0.7249726057052612,0.0
direct-pixel-oracle,6,r5-f1-de4899e05b0aa7f3d8373171,41,0.05,0.0011800751090049744,0.0076832398772239685,0.0011143566674969058,False,,1.0,0.27110806107521057,0.7258759140968323,0.0
direct-pixel-oracle,6,r5-f1-de4899e05b0aa7f3d8373171,42,0.05,0.008458375930786133,0.006762158125638962,0.005361059997499332,False,,1.0,0.27052396535873413,0.7267293930053711,0.0
direct-pixel-oracle,6,r5-f1-de4899e05b0aa7f3d8373171,43,0.05,0.0034354329109191895,0.006234496831893921,0.0020745500802707355,False,,1.0,0.2699916362762451,0.7275117635726929,0.0
direct-pixel-oracle,6,r5-f1-de4899e05b0aa7f3d8373171,44,0.05,0.0023431777954101562,0.005933932960033417,0.001844978014844053,False,,1.0,0.2695084512233734,0.7282203435897827,0.0
direct-pixel-oracle,6,r5-f1-de4899e05b0aa7f3d8373171,45,0.05,0.0008219704031944275,0.005765402223914862,0.0008843856129141165,False,,1.0,0.2690701484680176,0.7288656234741211,0.0
direct-pixel-oracle,6,r5-f1-de4899e05b0aa7f3d8373171,46,0.05,0.007764279842376709,0.00503741716966033,0.00508548357897198,False,,1.0,0.2686578929424286,0.7294812798500061,0.0
direct-pixel-oracle,6,r5-f1-de4899e05b0aa7f3d8373171,47,0.05,0.00276753306388855,0.004716507624834776,0.001722716254041077,False,,1.0,0.26828205585479736,0.7300452589988708,0.0
direct-pixel-oracle,6,r5-f1-de4899e05b0aa7f3d8373171,48,0.05,0.0021519064903259277,0.004514798056334257,0.0012997065759156308,False,,1.0,0.26794150471687317,0.730554461479187,0.0
direct-pixel-oracle,6,r5-f1-de4899e05b0aa7f3d8373171,49,0.05,0.0008000507950782776,0.004431072156876326,0.0006646264510669877,False,,1.0,0.2676326334476471,0.7310193181037903,0.0
direct-pixel-oracle,6,r5-f1-de4899e05b0aa7f3d8373171,50,0.05,0.005292952060699463,0.0038970964960753918,0.0027300621092283366,False,,1.0,0.2673438787460327,0.7314649820327759,0.0
direct-pixel-oracle,6,r5-f1-de4899e05b0aa7f3d8373171,51,0.05,0.0020628124475479126,0.0036886041052639484,0.0013059028448948965,False,,1.0,0.26708078384399414,0.7318747639656067,0.0
direct-pixel-oracle,6,r5-f1-de4899e05b0aa7f3d8373171,52,0.05,0.001543283462524414,0.0035382104106247425,0.0008627135873977667,False,,1.0,0.2668426036834717,0.7322453856468201,0.0
direct-pixel-oracle,6,r5-f1-de4899e05b0aa7f3d8373171,53,0.05,0.0006588920950889587,0.0034694653004407883,0.0006415800594652549,False,,1.0,0.26662677526474,0.7325838208198547,0.0
direct-pixel-oracle,6,r5-f1-de4899e05b0aa7f3d8373171,54,0.05,0.0046350955963134766,0.003216030076146126,0.0023395107763893048,False,,1.0,0.2664245665073395,0.7329115271568298,0.0
direct-pixel-oracle,6,r5-f1-de4899e05b0aa7f3d8373171,55,0.05,0.0018984079360961914,0.003069000318646431,0.0011554011807403761,False,,1.0,0.26624032855033875,0.7332131266593933,0.0
direct-pixel-oracle,6,r5-f1-de4899e05b0aa7f3d8373171,56,0.05,0.0014064013957977295,0.0029512904584407806,0.000777809350194425,False,,1.0,0.2660735547542572,0.7334847450256348,0.0
direct-pixel-oracle,6,r5-f1-de4899e05b0aa7f3d8373171,57,0.05,0.0005000773817300797,0.0029087906004860997,0.0004076831753353576,False,,1.0,0.2659224569797516,0.7337319254875183,0.0
direct-pixel-oracle,6,r5-f1-de4899e05b0aa7f3d8373171,58,0.05,0.0037973523139953613,0.0026174766244366765,0.002123204253878079,False,,1.0,0.2657804489135742,0.73397296667099,0.0
direct-pixel-oracle,6,r5-f1-de4899e05b0aa7f3d8373171,59,0.05,0.0013740211725234985,0.002488638390786946,0.0008644239289038562,False,,1.0,0.26565098762512207,0.7341949939727783,0.0
direct-pixel-oracle,6,r5-f1-de4899e05b0aa7f3d8373171,60,0.05,0.0011773258447647095,0.0024157726438716054,0.0005961767646056452,False,,1.0,0.2655342221260071,0.7343952059745789,0.0
direct-pixel-oracle,6,r5-f1-de4899e05b0aa7f3d8373171,61,0.05,0.0004549175500869751,0.0023928318405523896,0.00037748434053339026,False,,1.0,0.2654286026954651,0.7345772981643677,0.0
direct-pixel-oracle,6,r5-f1-de4899e05b0aa7f3d8373171,62,0.05,0.0037494897842407227,0.0021419074619188905,0.002120557927947793,False,,1.0,0.2653268873691559,0.7347637414932251,0.0
direct-pixel-oracle,6,r5-f1-de4899e05b0aa7f3d8373171,63,0.05,0.001187339425086975,0.002043145359493792,0.00077789465514523,False,,1.0,0.26523393392562866,0.7349357604980469,0.0
direct-pixel-oracle,6,r5-f1-de4899e05b0aa7f3d8373171,64,0.05,0.001162208616733551,0.0019812892423942685,0.0005663416305223164,False,,1.0,0.2651500403881073,0.7350896596908569,0.0
direct-pixel-oracle,6,r5-f1-de4899e05b0aa7f3d8373171,65,0.05,0.0004680268466472626,0.00196053774561733,0.0003248118732438873,False,,1.0,0.26507437229156494,0.7352290749549866,0.0
direct-pixel-oracle,6,r5-f1-de4899e05b0aa7f3d8373171,66,0.05,0.0030783414840698242,0.0018221245845779777,0.001723843131326046,False,,1.0,0.26500165462493896,0.7353717684745789,0.0
direct-pixel-oracle,6,r5-f1-de4899e05b0aa7f3d8373171,67,0.05,0.0012352019548416138,0.001770398928783834,0.0006568506712267255,False,,1.0,0.2649352550506592,0.7355045676231384,0.0
direct-pixel-oracle,6,r5-f1-de4899e05b0aa7f3d8373171,68,0.05,0.0010257437825202942,0.0017380526987835765,0.00048199840316070293,False,,1.0,0.26487571001052856,0.7356237769126892,0.0
direct-pixel-oracle,6,r5-f1-de4899e05b0aa7f3d8373171,69,0.05,0.00038520991802215576,0.0017209475627169013,0.0002987402350408758,False,,1.0,0.26482197642326355,0.7357324361801147,0.0
direct-pixel-oracle,6,r5-f1-de4899e05b0aa7f3d8373171,70,0.05,0.003123164176940918,0.0016264518490061164,0.0018813811275572865,False,,1.0,0.26476821303367615,0.7358499765396118,0.0
direct-pixel-oracle,6,r5-f1-de4899e05b0aa7f3d8373171,71,0.05,0.001137569546699524,0.0015788994496688247,0.0007879153321448555,False,,1.0,0.2647191286087036,0.7359601259231567,0.0
direct-pixel-oracle,6,r5-f1-de4899e05b0aa7f3d8373171,72,0.05,0.0009714439511299133,0.0015517146093770862,0.000442357842829692,False,,1.0,0.2646752595901489,0.736059308052063,0.0
direct-pixel-oracle,6,r5-f1-de4899e05b0aa7f3d8373171,73,0.05,0.0003674551844596863,0.0015434257220476866,0.0003236387394185167,False,,1.0,0.2646360695362091,0.7361489534378052,0.0
direct-pixel-oracle,6,r5-f1-de4899e05b0aa7f3d8373171,74,0.05,0.0025867223739624023,0.0014677613507956266,0.0013740269811068674,False,,1.0,0.2645961344242096,0.7362507581710815,0.0
direct-pixel-oracle,6,r5-f1-de4899e05b0aa7f3d8373171,75,0.05,0.0010557621717453003,0.0014478701632469893,0.0006801313991220265,False,,1.0,0.2645592987537384,0.7363460659980774,0.0
direct-pixel-oracle,6,r5-f1-de4899e05b0aa7f3d8373171,76,0.05,0.0009258240461349487,0.0014321513008326292,0.0004377083879851763,False,,1.0,0.2645266652107239,0.7364317178726196,0.0
direct-pixel-oracle,6,r5-f1-de4899e05b0aa7f3d8373171,77,0.05,0.00035327300429344177,0.0014257985167205334,0.00036026404687238673,False,,1.0,0.26449766755104065,0.7365105748176575,0.0
direct-pixel-oracle,6,r5-f1-de4899e05b0aa7f3d8373171,78,0.05,0.002149641513824463,0.0013258079998195171,0.0011234399159007337,False,,1.0,0.2644679546356201,0.736595869064331,0.0
direct-pixel-oracle,6,r5-f1-de4899e05b0aa7f3d8373171,79,0.05,0.0009067729115486145,0.0013082725927233696,0.00044965699008489357,False,,1.0,0.26444071531295776,0.7366753220558167,0.0
direct-pixel-oracle,6,r5-f1-de4899e05b0aa7f3d8373171,80,0.05,0.0007864683866500854,0.001284788828343153,0.0004050981568890386,False,,1.0,0.2644166052341461,0.7367467284202576,0.0
direct-pixel-oracle,6,r5-f1-de4899e05b0aa7f3d8373171,81,0.05,0.00031311437487602234,0.0012751067988574505,0.00022830669233963336,False,,1.0,0.264395147562027,0.7368120551109314,0.0
direct-pixel-oracle,6,r5-f1-de4899e05b0aa7f3d8373171,82,0.05,0.002090662717819214,0.0012133768759667873,0.0010769643445947851,False,,1.0,0.26437267661094666,0.7368845343589783,0.0
direct-pixel-oracle,6,r5-f1-de4899e05b0aa7f3d8373171,83,0.05,0.0009710788726806641,0.001196869183331728,0.00047327400257505484,False,,1.0,0.2643521726131439,0.7369524240493774,0.0
direct-pixel-oracle,6,r5-f1-de4899e05b0aa7f3d8373171,84,0.05,0.0008573457598686218,0.0011863443069159985,0.0004220692867327879,False,,1.0,0.2643342614173889,0.7370133399963379,0.0
direct-pixel-oracle,6,r5-f1-de4899e05b0aa7f3d8373171,85,0.05,0.0003094188868999481,0.0011816073674708605,0.00025627289400458655,False,,1.0,0.2643185257911682,0.7370690703392029,0.0
direct-pixel-oracle,6,r5-f1-de4899e05b0aa7f3d8373171,86,0.05,0.002093017101287842,0.0011172231752425432,0.001112220839655089,False,,1.0,0.2643008530139923,0.7371340990066528,0.0
direct-pixel-oracle,6,r5-f1-de4899e05b0aa7f3d8373171,87,0.05,0.0008878409862518311,0.0011016151402145624,0.0004921051185660671,False,,1.0,0.2642849087715149,0.7371955513954163,0.0
direct-pixel-oracle,6,r5-f1-de4899e05b0aa7f3d8373171,88,0.05,0.000749785453081131,0.0010877614840865135,0.00037075376690484,False,,1.0,0.2642711400985718,0.7372499108314514,0.0
direct-pixel-oracle,6,r5-f1-de4899e05b0aa7f3d8373171,89,0.05,0.00029023177921772003,0.0010829350212588906,0.00022984317493552787,False,,1.0,0.26425909996032715,0.737299382686615,0.0
direct-pixel-oracle,6,r5-f1-de4899e05b0aa7f3d8373171,90,0.05,0.0017364323139190674,0.0010297918925061822,0.0006986317825169123,False,,1.0,0.26424500346183777,0.7373551726341248,0.0
direct-pixel-oracle,6,r5-f1-de4899e05b0aa7f3d8373171,91,0.05,0.0008012428879737854,0.0010138844372704625,0.0005603655218364011,False,,1.0,0.26423245668411255,0.7374078035354614,0.0
direct-pixel-oracle,6,r5-f1-de4899e05b0aa7f3d8373171,92,0.05,0.000753358006477356,0.001003105309791863,0.00037018355978834237,False,,1.0,0.2642218768596649,0.7374551892280579,0.0
direct-pixel-oracle,6,r5-f1-de4899e05b0aa7f3d8373171,93,0.05,0.0002683047205209732,0.0009977947920560837,0.00024314172554036942,False,,1.0,0.26421281695365906,0.7374982833862305,0.0
direct-pixel-oracle,6,r5-f1-de4899e05b0aa7f3d8373171,94,0.05,0.0017297863960266113,0.000971553847193718,0.001057931546467136,False,,1.0,0.26420077681541443,0.7375488877296448,0.0
direct-pixel-oracle,6,r5-f1-de4899e05b0aa7f3d8373171,95,0.05,0.0008289963006973267,0.0009666928090155125,0.0004604668428317293,False,,1.0,0.264190137386322,0.7375973463058472,0.0
direct-pixel-oracle,6,r5-f1-de4899e05b0aa7f3d8373171,96,0.05,0.0007788464426994324,0.0009662164375185966,0.0003492944572589611,False,,1.0,0.2641811668872833,0.737640380859375,0.0
direct-pixel-oracle,6,r5-f1-de4899e05b0aa7f3d8373171,97,0.05,0.00024399161338806152,0.0009618962649255991,0.00020730728533400927,False,,1.0,0.2641734182834625,0.7376797795295715,0.0
direct-pixel-oracle,6,r5-f1-de4899e05b0aa7f3d8373171,98,0.05,0.0015973150730133057,0.0009310620371252298,0.0006357574063156334,False,,1.0,0.2641638219356537,0.7377269864082336,0.0
direct-pixel-oracle,6,r5-f1-de4899e05b0aa7f3d8373171,99,0.05,0.0007200092077255249,0.0009153701830655336,0.0003181843966445238,False,,1.0,0.26415520906448364,0.7377719879150391,0.0
direct-pixel-oracle,6,r5-f1-de4899e05b0aa7f3d8373171,100,0.05,0.0006880760192871094,0.0009047908242791891,0.00034081507905480275,False,,1.0,0.26414793729782104,0.7378116250038147,0.0
direct-pixel-oracle,6,r5-f1-de4899e05b0aa7f3d8373171,101,0.05,0.000276884064078331,0.000902757397852838,0.00020628300316462392,False,,1.0,0.264141708612442,0.737847626209259,0.0
direct-pixel-oracle,6,r5-f1-de4899e05b0aa7f3d8373171,102,0.05,0.001663506031036377,0.0008759129559621215,0.001369884809434154,False,,1.0,0.2641322612762451,0.7378904819488525,0.0
direct-pixel-oracle,6,r5-f1-de4899e05b0aa7f3d8373171,103,0.05,0.0006728321313858032,0.0008624749025329947,0.00032731723351348354,False,,1.0,0.26412340998649597,0.737930417060852,0.0
direct-pixel-oracle,6,r5-f1-de4899e05b0aa7f3d8373171,104,0.05,0.0007177405059337616,0.0008604720933362842,0.0003095925215310921,False,,1.0,0.2641158998012543,0.7379652261734009,0.0
direct-pixel-oracle,6,r5-f1-de4899e05b0aa7f3d8373171,105,0.05,0.00025257281959056854,0.0008581184083595872,0.00017391067483607154,False,,1.0,0.2641095221042633,0.7379971146583557,0.0
direct-pixel-oracle,6,r5-f1-de4899e05b0aa7f3d8373171,106,0.05,0.0013561546802520752,0.0008343510562554002,0.000577054319218985,False,,1.0,0.26410186290740967,0.738034725189209,0.0
direct-pixel-oracle,6,r5-f1-de4899e05b0aa7f3d8373171,107,0.05,0.0006835535168647766,0.0008269954705610871,0.0003529019456070955,False,,1.0,0.2640953063964844,0.7380712628364563,0.0
direct-pixel-oracle,6,r5-f1-de4899e05b0aa7f3d8373171,108,0.05,0.0006305351853370667,0.000819319044239819,0.00030717575514316206,False,,1.0,0.26408982276916504,0.7381032109260559,0.0
direct-pixel-oracle,6,r5-f1-de4899e05b0aa7f3d8373171,109,0.05,0.00023266859352588654,0.0008170917863026261,0.00016402053904453106,False,,1.0,0.26408514380455017,0.7381330132484436,0.0
direct-pixel-oracle,6,r5-f1-de4899e05b0aa7f3d8373171,110,0.05,0.0012985318899154663,0.0007901383796706796,0.0005435409063607175,False,,1.0,0.2640785276889801,0.7381697297096252,0.0
direct-pixel-oracle,6,r5-f1-de4899e05b0aa7f3d8373171,111,0.05,0.0006441175937652588,0.0007785834604874253,0.00030705302599594807,False,,1.0,0.2640726566314697,0.7382050156593323,0.0
direct-pixel-oracle,6,r5-f1-de4899e05b0aa7f3d8373171,112,0.05,0.000695347785949707,0.0007733647944405675,0.0003207912803072336,False,,1.0,0.2640683054924011,0.7382357716560364,0.0
direct-pixel-oracle,6,r5-f1-de4899e05b0aa7f3d8373171,113,0.05,0.0002293325960636139,0.0007724486058577895,0.0001607831416519797,False,,1.0,0.2640647292137146,0.7382642030715942,0.0
direct-pixel-oracle,6,r5-f1-de4899e05b0aa7f3d8373171,114,0.05,0.0014030635356903076,0.0007603078847751021,0.0006560890912920613,False,,1.0,0.26405856013298035,0.7383001446723938,0.0
direct-pixel-oracle,6,r5-f1-de4899e05b0aa7f3d8373171,115,0.05,0.0005994439125061035,0.0007527725538238883,0.00027920795508780096,False,,1.0,0.2640532851219177,0.738334059715271,0.0
direct-pixel-oracle,6,r5-f1-de4899e05b0aa7f3d8373171,116,0.05,0.0006616339087486267,0.0007511199219152331,0.00029133120760715253,False,,1.0,0.26404935121536255,0.7383631467819214,0.0
direct-pixel-oracle,6,r5-f1-de4899e05b0aa7f3d8373171,117,0.05,0.00023302622139453888,0.0007483788067474961,0.00016759451146650494,False,,1.0,0.2640463411808014,0.7383896708488464,0.0
direct-pixel-oracle,6,r5-f1-de4899e05b0aa7f3d8373171,118,0.05,0.0013433098793029785,0.0007283665472641587,0.0006034004054890415,False,,1.0,0.2640409469604492,0.7384240627288818,0.0
direct-pixel-oracle,6,r5-f1-de4899e05b0aa7f3d8373171,119,0.05,0.0005994439125061035,0.0007237797835841775,0.00023683493037919058,False,,1.0,0.2640363276004791,0.7384567260742188,0.0
direct-pixel-oracle,6,r5-f1-de4899e05b0aa7f3d8373171,120,0.05,0.0005815699696540833,0.0007152691250666976,0.000285876158277309,False,,1.0,0.26403290033340454,0.7384859919548035,0.0
direct-pixel-oracle,6,r5-f1-de4899e05b0aa7f3d8373171,121,0.05,0.00021205097436904907,0.0007127365097403526,0.00014821662032244752,False,,1.0,0.2640302777290344,0.7385129928588867,0.0
direct-pixel-oracle,6,r5-f1-de4899e05b0aa7f3d8373171,122,0.05,0.0012624561786651611,0.0007068803533911705,0.0005564890588484848,False,,1.0,0.2640249729156494,0.7385475039482117,0.0
direct-pixel-oracle,6,r5-f1-de4899e05b0aa7f3d8373171,123,0.05,0.0005623921751976013,0.000699307769536972,0.0002717036570110171,False,,1.0,0.2640204131603241,0.7385801672935486,0.0
direct-pixel-oracle,6,r5-f1-de4899e05b0aa7f3d8373171,124,0.05,0.0005743056535720825,0.0006957934238016605,0.0002460031824396266,False,,1.0,0.2640169560909271,0.7386088371276855,0.0
direct-pixel-oracle,6,r5-f1-de4899e05b0aa7f3d8373171,125,0.05,0.0002193208783864975,0.0006949591916054487,0.00014962782683621245,False,,1.0,0.2640143036842346,0.738635241985321,0.0
direct-pixel-oracle,6,r5-f1-de4899e05b0aa7f3d8373171,126,0.05,0.0011455416679382324,0.0006853973027318716,0.0005033849466703999,False,,1.0,0.2640092670917511,0.73866868019104,0.0
direct-pixel-oracle,6,r5-f1-de4899e05b0aa7f3d8373171,127,0.05,0.0005501210689544678,0.0006795225199311972,0.00024077682054946602,False,,1.0,0.26400497555732727,0.7387006282806396,0.0
direct-pixel-oracle,6,r5-f1-de4899e05b0aa7f3d8373171,128,0.05,0.000554647296667099,0.0006707287393510342,0.00023980063984492214,False,,1.0,0.26400190591812134,0.7387286424636841,0.0
direct-pixel-oracle,7,r5-f1-850189e424efde62468b2ef9,1,0.05,35.27083206176758,35.27083206176758,8.389996095459328,False,,1.0,0.48554322123527527,0.5105376243591309,0.0
direct-pixel-oracle,7,r5-f1-850189e424efde62468b2ef9,2,0.05,33.45833206176758,34.36458206176758,7.668050873298597,False,,1.0,0.4730483889579773,0.5230398774147034,0.0
direct-pixel-oracle,7,r5-f1-850189e424efde62468b2ef9,3,0.05,28.91666603088379,32.548610051472984,8.507931744564683,False,,1.0,0.46055930852890015,0.5355411171913147,0.0
direct-pixel-oracle,7,r5-f1-850189e424efde62468b2ef9,4,0.05,18.583606719970703,29.057359218597412,3.509678124969443,False,,1.0,0.44808313250541687,0.54803067445755,0.0
direct-pixel-oracle,7,r5-f1-850189e424efde62468b2ef9,5,0.05,6.826377868652344,24.6111629486084,22.543252369143055,False,,1.0,0.435685932636261,0.5605068802833557,0.0
direct-pixel-oracle,7,r5-f1-850189e424efde62468b2ef9,6,0.05,3.9397037029266357,21.16591974099477,4.946433575045947,False,,1.0,0.4233037233352661,0.5727040767669678,0.0
direct-pixel-oracle,7,r5-f1-850189e424efde62468b2ef9,7,0.05,1.4757200479507446,18.35303407055991,1.9344844252232611,False,,1.0,0.41196972131729126,0.5845667123794556,0.0
direct-pixel-oracle,7,r5-f1-850189e424efde62468b2ef9,8,0.05,1.941607117652893,16.301605701446533,2.9109337799952875,False,,1.0,0.4006158113479614,0.596440851688385,0.0
direct-pixel-oracle,7,r5-f1-850189e424efde62468b2ef9,9,0.05,0.026363149285316467,14.493245417873064,0.04654625344232799,False,,1.0,0.39034348726272583,0.6069774627685547,0.0
direct-pixel-oracle,7,r5-f1-850189e424efde62468b2ef9,10,0.05,0.005378300324082375,13.044458706118167,0.012498451717912714,False,,1.0,0.38124990463256836,0.6163068413734436,0.0
direct-pixel-oracle,7,r5-f1-850189e424efde62468b2ef9,11,0.05,0.004411578178405762,11.858999876305461,0.013739035445913221,False,,1.0,0.373166024684906,0.6245925426483154,0.0
direct-pixel-oracle,7,r5-f1-850189e424efde62468b2ef9,12,0.05,1.0645079612731934,10.959458883386105,3.4051994558873266,False,,1.0,0.3649618327617645,0.6324997544288635,0.0
direct-pixel-oracle,7,r5-f1-850189e424efde62468b2ef9,13,0.05,0.014190010726451874,10.117515123950747,0.018306131739489914,False,,1.0,0.3570874333381653,0.6398879885673523,0.0
direct-pixel-oracle,7,r5-f1-850189e424efde62468b2ef9,14,0.05,0.025995714589953423,9.396692308996405,0.0727465747945008,False,,1.0,0.35010597109794617,0.646567165851593,0.0
direct-pixel-oracle,7,r5-f1-850189e424efde62468b2ef9,15,0.05,0.0806213840842247,8.775620914002259,0.20271888307022184,False,,1.0,0.34389474987983704,0.6528021097183228,0.0
direct-pixel-oracle,7,r5-f1-850189e424efde62468b2ef9,16,0.05,0.13326102495193481,8.235473420936614,0.4306381174330761,False,,1.0,0.3384738266468048,0.6575107574462891,0.0
direct-pixel-oracle,7,r5-f1-850189e424efde62468b2ef9,17,0.05,0.014375690370798111,6.0319448977243155,0.014879886015330631,False,,1.0,0.3335888981819153,0.6617398858070374,0.0
direct-pixel-oracle,7,r5-f1-850189e424efde62468b2ef9,18,0.05,0.007670591119676828,3.9412785558088217,0.010574076580707213,False,,1.0,0.3291833698749542,0.6659674644470215,0.0
direct-pixel-oracle,7,r5-f1-850189e424efde62468b2ef9,19,0.05,0.008183992467820644,2.1344984284078237,0.01413057836624669,False,,1.0,0.32481369376182556,0.6703181266784668,0.0
direct-pixel-oracle,7,r5-f1-850189e424efde62468b2ef9,20,0.05,0.011157147586345673,0.9737203301338013,0.012900422350948095,False,,1.0,0.3207773268222809,0.6742552518844604,0.0
direct-pixel-oracle,7,r5-f1-850189e424efde62468b2ef9,21,0.05,0.007693422492593527,0.5475525522488169,0.005714267301385492,False,,1.0,0.31713011860847473,0.6778202056884766,0.0
direct-pixel-oracle,7,r5-f1-850189e424efde62468b2ef9,22,0.05,0.0024172631092369556,0.3014721497602295,0.0027889710615346206,False,,1.0,0.3138294219970703,0.6810497045516968,0.0
direct-pixel-oracle,7,r5-f1-850189e424efde62468b2ef9,23,0.05,0.002691933885216713,0.20940789263113402,0.003474991520639028,False,,1.0,0.31084153056144714,0.683976948261261,0.0
direct-pixel-oracle,7,r5-f1-850189e424efde62468b2ef9,24,0.05,0.007888710126280785,0.08855049216072075,0.0074395738995915615,False,,1.0,0.30813342332839966,0.6866330504417419,0.0
direct-pixel-oracle,7,r5-f1-850189e424efde62468b2ef9,25,0.05,0.004449230153113604,0.08718087221495807,0.0035827633054579203,False,,1.0,0.305681437253952,0.6890429854393005,0.0
direct-pixel-oracle,7,r5-f1-850189e424efde62468b2ef9,26,0.05,0.0013900866033509374,0.08693160885741236,0.0014920515450902205,False,,1.0,0.30345726013183594,0.6912305951118469,0.0
direct-pixel-oracle,7,r5-f1-850189e424efde62468b2ef9,27,0.05,0.0019364668987691402,0.08677691440243507,0.0020891362251848544,False,,1.0,0.3014400005340576,0.6932171583175659,0.0
direct-pixel-oracle,7,r5-f1-850189e424efde62468b2ef9,28,0.05,0.006190293002873659,0.020632060135540087,0.005570359865735257,False,,1.0,0.29960760474205017,0.6950230598449707,0.0
direct-pixel-oracle,7,r5-f1-850189e424efde62468b2ef9,29,0.05,0.003760529914870858,0.019980217584816273,0.00307079923083197,False,,1.0,0.2979462742805481,0.6966642737388611,0.0
direct-pixel-oracle,7,r5-f1-850189e424efde62468b2ef9,30,0.05,0.0011588770430535078,0.01842791523813503,0.001186559882551953,False,,1.0,0.2964371144771576,0.6981556415557861,0.0
direct-pixel-oracle,7,r5-f1-850189e424efde62468b2ef9,31,0.05,0.001531976624391973,0.013484827271895483,0.0013849239614470291,False,,1.0,0.29506662487983704,0.6995112895965576,0.0
direct-pixel-oracle,7,r5-f1-850189e424efde62468b2ef9,32,0.05,0.006231165956705809,0.00554546108469367,0.005389714942486964,False,,1.0,0.29382050037384033,0.70074462890625,0.0
direct-pixel-oracle,7,r5-f1-850189e424efde62468b2ef9,33,0.05,0.0034593045711517334,0.004863186972215772,0.0027725811696502644,False,,1.0,0.2926902770996094,0.7018659114837646,0.0
direct-pixel-oracle,7,r5-f1-850189e424efde62468b2ef9,34,0.05,0.0009779914980754256,0.004444899495865684,0.0009636926685697164,False,,1.0,0.29166296124458313,0.7028855085372925,0.0
direct-pixel-oracle,7,r5-f1-850189e424efde62468b2ef9,35,0.05,0.0011928117601200938,0.0040079507016344,0.0010786019020017311,False,,1.0,0.29072970151901245,0.7038127779960632,0.0
direct-pixel-oracle,7,r5-f1-850189e424efde62468b2ef9,36,0.05,0.004570395220071077,0.0035962786787422374,0.0038226412921860747,False,,1.0,0.2898808419704437,0.7046570181846619,0.0
direct-pixel-oracle,7,r5-f1-850189e424efde62468b2ef9,37,0.05,0.0026940738316625357,0.0032838193874340504,0.002181003293750629,False,,1.0,0.28911125659942627,0.7054252028465271,0.0
direct-pixel-oracle,7,r5-f1-850189e424efde62468b2ef9,38,0.05,0.0007283418672159314,0.0031782618098077364,0.000665583900243787,False,,1.0,0.2884116470813751,0.7061236500740051,0.0
direct-pixel-oracle,7,r5-f1-850189e424efde62468b2ef9,39,0.05,0.0009601273923180997,0.003070023904001573,0.0008326286854459578,False,,1.0,0.28777605295181274,0.7067589163780212,0.0
direct-pixel-oracle,7,r5-f1-850189e424efde62468b2ef9,40,0.05,0.004167444072663784,0.0028374447756505106,0.0034427713556518763,False,,1.0,0.2871975004673004,0.7073375582695007,0.0
direct-pixel-oracle,7,r5-f1-850189e424efde62468b2ef9,41,0.05,0.0020123724825680256,0.002685141171241412,0.0016158223477953065,False,,1.0,0.2866731286048889,0.7078638672828674,0.0
direct-pixel-oracle,7,r5-f1-850189e424efde62468b2ef9,42,0.05,0.0007264359155669808,0.0026436630032549147,0.0006818314062568449,False,,1.0,0.2861965000629425,0.7083424925804138,0.0
direct-pixel-oracle,7,r5-f1-850189e424efde62468b2ef9,43,0.05,0.0008157739648595452,0.002573619694885565,0.0006732280666592664,False,,1.0,0.2857636511325836,0.708777666091919,0.0
direct-pixel-oracle,7,r5-f1-850189e424efde62468b2ef9,44,0.05,0.003512405790388584,0.0024062517441052478,0.0029373865487193145,False,,1.0,0.2853693664073944,0.7091746926307678,0.0
direct-pixel-oracle,7,r5-f1-850189e424efde62468b2ef9,45,0.05,0.001930398982949555,0.0022918685608601663,0.0015422656590276859,False,,1.0,0.2850119471549988,0.7095357775688171,0.0
direct-pixel-oracle,7,r5-f1-850189e424efde62468b2ef9,46,0.05,0.0005827635759487748,0.0022558614691661205,0.0005989513253789406,False,,1.0,0.2846871018409729,0.7098640203475952,0.0
direct-pixel-oracle,7,r5-f1-850189e424efde62468b2ef9,47,0.05,0.0007560970261693001,0.0022073689942772035,0.0006572808421124594,False,,1.0,0.28439220786094666,0.7101624011993408,0.0
direct-pixel-oracle,7,r5-f1-850189e424efde62468b2ef9,48,0.05,0.0027948864735662937,0.0019926015265809838,0.002482414690436155,False,,1.0,0.28412356972694397,0.7104347944259644,0.0
direct-pixel-oracle,7,r5-f1-850189e424efde62468b2ef9,49,0.05,0.0014419882791116834,0.0018665192583284806,0.0011314666144657257,False,,1.0,0.2838803231716156,0.7106825709342957,0.0
direct-pixel-oracle,7,r5-f1-850189e424efde62468b2ef9,50,0.05,0.0005172345554456115,0.0018377219494141173,0.0004864033151765229,False,,1.0,0.283659428358078,0.7109076976776123,0.0
direct-pixel-oracle,7,r5-f1-850189e424efde62468b2ef9,51,0.05,0.0006124289939180017,0.0018014480265264865,0.000475076115488875,False,,1.0,0.28345900774002075,0.7111124396324158,0.0
direct-pixel-oracle,7,r5-f1-850189e424efde62468b2ef9,52,0.05,0.002684919396415353,0.0016836057875480037,0.0020179065730333264,False,,1.0,0.28327620029449463,0.7112994194030762,0.0
direct-pixel-oracle,7,r5-f1-850189e424efde62468b2ef9,53,0.05,0.0013268723851069808,0.0015981556971382815,0.0012906587352674186,False,,1.0,0.2831090986728668,0.7114691138267517,0.0
direct-pixel-oracle,7,r5-f1-850189e424efde62468b2ef9,54,0.05,0.0004295380203984678,0.00157948045671219,0.00042211771722361715,False,,1.0,0.2829573452472687,0.7116231322288513,0.0
direct-pixel-oracle,7,r5-f1-850189e424efde62468b2ef9,55,0.05,0.0005552418879233301,0.001554175112687517,0.00039965028853202134,False,,1.0,0.2828197777271271,0.7117630839347839,0.0
direct-pixel-oracle,7,r5-f1-850189e424efde62468b2ef9,56,0.05,0.002266221446916461,0.0014353486985783093,0.0017213591520759397,False,,1.0,0.2826941907405853,0.7118910551071167,0.0
direct-pixel-oracle,7,r5-f1-850189e424efde62468b2ef9,57,0.05,0.0011710221879184246,0.0013827643051627092,0.0008317934653263665,False,,1.0,0.28258076310157776,0.7120071053504944,0.0
direct-pixel-oracle,7,r5-f1-850189e424efde62468b2ef9,58,0.05,0.00041237910045310855,0.0013631357542180922,0.00036458018419741224,False,,1.0,0.2824777066707611,0.712112545967102,0.0
direct-pixel-oracle,7,r5-f1-850189e424efde62468b2ef9,59,0.05,0.0004928089329041541,0.0013429504397208802,0.00035779617358368493,False,,1.0,0.2823844254016876,0.7122082114219666,0.0
direct-pixel-oracle,7,r5-f1-850189e424efde62468b2ef9,60,0.05,0.002083632629364729,0.0012536521171568893,0.0015372310665538872,False,,1.0,0.28229886293411255,0.7122957706451416,0.0
direct-pixel-oracle,7,r5-f1-850189e424efde62468b2ef9,61,0.05,0.001077548018656671,0.001200348931888584,0.0007424992727065102,False,,1.0,0.28222179412841797,0.7123751640319824,0.0
direct-pixel-oracle,7,r5-f1-850189e424efde62468b2ef9,62,0.05,0.0003104920033365488,0.00118333195860032,0.00025418603166965013,False,,1.0,0.28215184807777405,0.7124472260475159,0.0
direct-pixel-oracle,7,r5-f1-850189e424efde62468b2ef9,63,0.05,0.0004659997357521206,0.0011652008779492462,0.00032185660054696446,False,,1.0,0.2820885181427002,0.7125126719474792,0.0
direct-pixel-oracle,7,r5-f1-850189e424efde62468b2ef9,64,0.05,0.0016708713956177235,0.0010949499355774606,0.001178093353490614,False,,1.0,0.28203004598617554,0.7125726938247681,0.0
direct-pixel-oracle,7,r5-f1-850189e424efde62468b2ef9,65,0.05,0.001077428925782442,0.001072164975994383,0.000856314902070487,False,,1.0,0.2819766402244568,0.7126267552375793,0.0
direct-pixel-oracle,7,r5-f1-850189e424efde62468b2ef9,66,0.05,0.0003104920033365488,0.0010592435664875666,0.00024291839960846956,False,,1.0,0.2819281220436096,0.7126758098602295,0.0
direct-pixel-oracle,7,r5-f1-850189e424efde62468b2ef9,67,0.05,0.0003816353273577988,0.0010448189623275539,0.0002568335497996289,False,,1.0,0.28188422322273254,0.7127202749252319,0.0
direct-pixel-oracle,7,r5-f1-850189e424efde62468b2ef9,68,0.05,0.0016775359399616718,0.0009818574962991988,0.0011960406014389227,False,,1.0,0.2818434536457062,0.7127614617347717,0.0
direct-pixel-oracle,7,r5-f1-850189e424efde62468b2ef9,69,0.05,0.0009120118920691311,0.0009559287154843332,0.0007115498829890045,False,,1.0,0.2818061113357544,0.7127985954284668,0.0
direct-pixel-oracle,7,r5-f1-850189e424efde62468b2ef9,70,0.05,0.00029845553217455745,0.0009477360599703388,0.00025627333285834126,False,,1.0,0.2817721962928772,0.7128322124481201,0.0
direct-pixel-oracle,7,r5-f1-850189e424efde62468b2ef9,71,0.05,0.000391883309930563,0.0009375261488457909,0.00025157819512558,False,,1.0,0.28174152970314026,0.7128626704216003,0.0
direct-pixel-oracle,7,r5-f1-850189e424efde62468b2ef9,72,0.05,0.001540784491226077,0.0008921863391151419,0.0011221283774919956,False,,1.0,0.2817125916481018,0.7128909826278687,0.0
direct-pixel-oracle,7,r5-f1-850189e424efde62468b2ef9,73,0.05,0.0007720588473603129,0.0008672511303302599,0.0005214793509632185,False,,1.0,0.28168612718582153,0.7129166126251221,0.0
direct-pixel-oracle,7,r5-f1-850189e424efde62468b2ef9,74,0.05,0.000221466354560107,0.0008553190837119473,0.0001707489136311781,False,,1.0,0.28166213631629944,0.7129397988319397,0.0
direct-pixel-oracle,7,r5-f1-850189e424efde62468b2ef9,75,0.05,0.00034457468427717686,0.0008460544431727612,0.00022383620541096085,False,,1.0,0.2816404402256012,0.7129608392715454,0.0
direct-pixel-oracle,7,r5-f1-850189e424efde62468b2ef9,76,0.05,0.0014787702821195126,0.0008082505464699352,0.001027103378554658,False,,1.0,0.2816198468208313,0.7129805088043213,0.0
direct-pixel-oracle,7,r5-f1-850189e424efde62468b2ef9,77,0.05,0.0007103541865944862,0.0007853009319660487,0.00048641223221080205,False,,1.0,0.28160107135772705,0.7129982113838196,0.0
direct-pixel-oracle,7,r5-f1-850189e424efde62468b2ef9,78,0.05,0.0002437533112242818,0.000781129763709032,0.00018508064049083535,False,,1.0,0.2815839946269989,0.7130142450332642,0.0
direct-pixel-oracle,7,r5-f1-850189e424efde62468b2ef9,79,0.05,0.00034588552080094814,0.0007736226252745837,0.00021587233018335747,False,,1.0,0.2815685570240021,0.7130287885665894,0.0
direct-pixel-oracle,7,r5-f1-850189e424efde62468b2ef9,80,0.05,0.0012931802775710821,0.0007500169303966686,0.0008693085878490548,False,,1.0,0.2815536558628082,0.7130425572395325,0.0
direct-pixel-oracle,7,r5-f1-850189e424efde62468b2ef9,81,0.05,0.0007102350937202573,0.0007270673158927821,0.00046654038328562225,False,,1.0,0.2815399467945099,0.7130550146102905,0.0
direct-pixel-oracle,7,r5-f1-850189e424efde62468b2ef9,82,0.05,0.00022110878489911556,0.0007214808647404425,0.0001588835150302209,False,,1.0,0.28152745962142944,0.7130662202835083,0.0
direct-pixel-oracle,7,r5-f1-850189e424efde62468b2ef9,83,0.05,0.00031668890733271837,0.000717421713488875,0.0001956839972116907,False,,1.0,0.2815161645412445,0.7130764722824097,0.0
direct-pixel-oracle,7,r5-f1-850189e424efde62468b2ef9,84,0.05,0.0012424614978954196,0.0006902295608597342,0.0008396709102946892,False,,1.0,0.28150492906570435,0.7130861282348633,0.0
direct-pixel-oracle,7,r5-f1-850189e424efde62468b2ef9,85,0.05,0.0006012300727888942,0.0006708056971547194,0.00037856424088469236,False,,1.0,0.2814948260784149,0.7130948305130005,0.0
direct-pixel-oracle,7,r5-f1-850189e424efde62468b2ef9,86,0.05,0.00024387246230617166,0.0006673942552879453,0.00018479436415369877,False,,1.0,0.2814856469631195,0.7131026983261108,0.0
direct-pixel-oracle,7,r5-f1-850189e424efde62468b2ef9,87,0.05,0.00027795741334557533,0.0006602738867513835,0.00016746185063072437,False,,1.0,0.28147733211517334,0.7131099700927734,0.0
direct-pixel-oracle,7,r5-f1-850189e424efde62468b2ef9,88,0.05,0.001190549461171031,0.0006383841973729432,0.0007615075162886967,False,,1.0,0.28146886825561523,0.7131170034408569,0.0
direct-pixel-oracle,7,r5-f1-850189e424efde62468b2ef9,89,0.05,0.0006012300727888942,0.0006277073989622295,0.00037549205746835446,False,,1.0,0.28146108984947205,0.7131233215332031,0.0
direct-pixel-oracle,7,r5-f1-850189e424efde62468b2ef9,90,0.05,0.00019035913283005357,0.0006257631976041012,0.000127316079251855,False,,1.0,0.28145405650138855,0.7131290435791016,0.0
direct-pixel-oracle,7,r5-f1-850189e424efde62468b2ef9,91,0.05,0.00028951745480298996,0.0006223221207619645,0.0001768851963838368,False,,1.0,0.28144773840904236,0.713134229183197,0.0
direct-pixel-oracle,7,r5-f1-850189e424efde62468b2ef9,92,0.05,0.0010507544502615929,0.0005955711312708445,0.0006735550309576459,False,,1.0,0.28144124150276184,0.7131395936012268,0.0
direct-pixel-oracle,7,r5-f1-850189e424efde62468b2ef9,93,0.05,0.0005532164941541851,0.0005857500254933257,0.00033605465876384005,False,,1.0,0.28143540024757385,0.7131444215774536,0.0
direct-pixel-oracle,7,r5-f1-850189e424efde62468b2ef9,94,0.05,0.00019035913283005357,0.0005824128893436864,0.00013113467514229443,False,,1.0,0.28143003582954407,0.7131487727165222,0.0
direct-pixel-oracle,7,r5-f1-850189e424efde62468b2ef9,95,0.05,0.00026615895330905914,0.0005774299788754433,0.0001611253434908986,False,,1.0,0.28142523765563965,0.7131527662277222,0.0
direct-pixel-oracle,7,r5-f1-850189e424efde62468b2ef9,96,0.05,0.0010509926360100508,0.0005622932512778789,0.000665494191659074,False,,1.0,0.28141993284225464,0.7131567597389221,0.0
direct-pixel-oracle,7,r5-f1-850189e424efde62468b2ef9,97,0.05,0.0005532164941541851,0.0005524795888049994,0.0003340996681582283,False,,1.0,0.281415194272995,0.7131604552268982,0.0
direct-pixel-oracle,7,r5-f1-850189e424efde62468b2ef9,98,0.05,0.00018177763558924198,0.0005500213919731323,0.0001222602740474648,False,,1.0,0.28141093254089355,0.7131636142730713,0.0
direct-pixel-oracle,7,r5-f1-850189e424efde62468b2ef9,99,0.05,0.0002544794697314501,0.000546133302123053,0.00015035338032503992,False,,1.0,0.28140705823898315,0.7131665945053101,0.0
direct-pixel-oracle,7,r5-f1-850189e424efde62468b2ef9,100,0.05,0.0008506731828674674,0.000521646532433806,0.0005477721104900167,False,,1.0,0.28140267729759216,0.7131696939468384,0.0
direct-pixel-oracle,7,r5-f1-850189e424efde62468b2ef9,101,0.05,0.0005305789527483284,0.0005172308374312706,0.0003179501560390512,False,,1.0,0.2813987731933594,0.713172435760498,0.0
direct-pixel-oracle,7,r5-f1-850189e424efde62468b2ef9,102,0.05,0.0001816584262996912,0.0005133424601808656,0.00012387809078168662,False,,1.0,0.28139519691467285,0.7131749391555786,0.0
direct-pixel-oracle,7,r5-f1-850189e424efde62468b2ef9,103,0.05,0.00025412190007045865,0.0005118527406011708,0.00015593059254397044,False,,1.0,0.281391978263855,0.7131771445274353,0.0
direct-pixel-oracle,7,r5-f1-850189e424efde62468b2ef9,104,0.05,0.0008867622818797827,0.0004928660418954678,0.0005499828737442278,False,,1.0,0.28138816356658936,0.7131797671318054,0.0
direct-pixel-oracle,7,r5-f1-850189e424efde62468b2ef9,105,0.05,0.00044919890933670104,0.0004833640941797057,0.00026840799657947136,False,,1.0,0.28138476610183716,0.7131820917129517,0.0
direct-pixel-oracle,7,r5-f1-850189e424efde62468b2ef9,106,0.05,0.0001593701308593154,0.0004814272815565346,0.00010755312433941447,False,,1.0,0.2813816964626312,0.713184118270874,0.0
direct-pixel-oracle,7,r5-f1-850189e424efde62468b2ef9,107,0.05,0.0002246842486783862,0.00047737520617374685,0.0001309069035004753,False,,1.0,0.2813788950443268,0.7131860256195068,0.0
direct-pixel-oracle,7,r5-f1-850189e424efde62468b2ef9,108,0.05,0.0008868812583386898,0.0004671331316785654,0.0005402854052303271,False,,1.0,0.2813756465911865,0.7131880521774292,0.0
direct-pixel-oracle,7,r5-f1-850189e424efde62468b2ef9,109,0.05,0.0005090133054181933,0.0004643704323825659,0.0002964302676329288,False,,1.0,0.28137272596359253,0.7131898999214172,0.0
direct-pixel-oracle,7,r5-f1-850189e424efde62468b2ef9,110,0.05,0.0001603236305527389,0.00046249321349023376,0.00010567052408272619,False,,1.0,0.28137001395225525,0.7131914496421814,0.0
direct-pixel-oracle,7,r5-f1-850189e424efde62468b2ef9,111,0.05,0.00023409968707710505,0.0004604895093507366,0.00013932621072640844,False,,1.0,0.28136757016181946,0.7131929993629456,0.0
direct-pixel-oracle,7,r5-f1-850189e424efde62468b2ef9,112,0.05,0.0008143446175381541,0.0004456990081962431,0.0005067871612126147,False,,1.0,0.2813646197319031,0.713194727897644,0.0
direct-pixel-oracle,7,r5-f1-850189e424efde62468b2ef9,113,0.05,0.00046826363541185856,0.0004403894545248477,0.0002833588311046495,False,,1.0,0.2813621163368225,0.713196337223053,0.0
direct-pixel-oracle,7,r5-f1-850189e424efde62468b2ef9,114,0.05,0.00014554394874721766,0.00043812484909722116,9.741955103572486e-05,False,,1.0,0.28135979175567627,0.7131977081298828,0.0
direct-pixel-oracle,7,r5-f1-850189e424efde62468b2ef9,115,0.05,0.0002156263217329979,0.0004356965273473179,0.00012736205808312856,False,,1.0,0.2813577353954315,0.7131989598274231,0.0
direct-pixel-oracle,7,r5-f1-850189e424efde62468b2ef9,116,0.05,0.000814701896160841,0.00043344832192815375,0.000501380329836963,False,,1.0,0.2813550531864166,0.713200569152832,0.0
direct-pixel-oracle,7,r5-f1-850189e424efde62468b2ef9,117,0.05,0.00046826363541185856,0.0004295536145946244,0.0002725146193754906,False,,1.0,0.28135257959365845,0.7132019996643066,0.0
direct-pixel-oracle,7,r5-f1-850189e424efde62468b2ef9,118,0.05,0.00015233788872137666,0.0004277210809959797,0.00010195820808755076,False,,1.0,0.28135034441947937,0.7132032513618469,0.0
direct-pixel-oracle,7,r5-f1-850189e424efde62468b2ef9,119,0.05,0.00019751029321923852,0.00042418285556777846,0.00011388367802534409,False,,1.0,0.2813483476638794,0.7132044434547424,0.0
direct-pixel-oracle,7,r5-f1-850189e424efde62468b2ef9,120,0.05,0.000749069033190608,0.00041557702752470504,0.00047778998421719006,False,,1.0,0.2813456356525421,0.7132059335708618,0.0
direct-pixel-oracle,7,r5-f1-850189e424efde62468b2ef9,121,0.05,0.00043084874050691724,0.00041443014197284356,0.0002498245051205206,False,,1.0,0.2813433110713959,0.7132073640823364,0.0
direct-pixel-oracle,7,r5-f1-850189e424efde62468b2ef9,122,0.05,0.00015305302804335952,0.0004140353230468463,0.00010376280183022783,False,,1.0,0.2813412547111511,0.7132085561752319,0.0
direct-pixel-oracle,7,r5-f1-850189e424efde62468b2ef9,123,0.05,0.00022373080719262362,0.00041397573295398615,0.00012927621758222768,False,,1.0,0.2813394069671631,0.7132098078727722,0.0
direct-pixel-oracle,7,r5-f1-850189e424efde62468b2ef9,124,0.05,0.0006885542534291744,0.00040158029514714144,0.0004200190420642603,False,,1.0,0.2813369035720825,0.7132112383842468,0.0
direct-pixel-oracle,7,r5-f1-850189e424efde62468b2ef9,125,0.05,0.00041321321623399854,0.00039559278957312927,0.00023886503190061667,False,,1.0,0.2813345789909363,0.7132124304771423,0.0
direct-pixel-oracle,7,r5-f1-850189e424efde62468b2ef9,126,0.05,0.00015150354010984302,0.0003950415339204483,9.675248757055703e-05,False,,1.0,0.2813325524330139,0.7132136225700378,0.0
direct-pixel-oracle,7,r5-f1-850189e424efde62468b2ef9,127,0.05,0.00018952484242618084,0.0003922556061297655,0.00011116994427398185,False,,1.0,0.2813307046890259,0.713214635848999,0.0
direct-pixel-oracle,7,r5-f1-850189e424efde62468b2ef9,128,0.05,0.0006335158832371235,0.0003809538102359511,0.0003915252176670334,False,,1.0,0.2813284993171692,0.7132160067558289,0.0
dreamlite-single-set,0,r5-f1-8015bf53a4067aaa7e882288,1,1e-05,14.385422706604004,14.385422706604004,4.17486047744751,False,0.00036226902076138417,1.0,0.44921875,0.53125,0.0
dreamlite-single-set,0,r5-f1-8015bf53a4067aaa7e882288,2,1.1333333333333334e-05,13.45833969116211,13.921881198883057,3.8241045475006104,False,0.0005488211592813182,1.0,0.451171875,0.53125,0.0
dreamlite-single-set,0,r5-f1-8015bf53a4067aaa7e882288,3,1.2666666666666667e-05,15.416667938232422,14.420143445332846,2.096705436706543,False,0.0005384110150291334,1.0,0.451171875,0.53125,0.0
dreamlite-single-set,0,r5-f1-8015bf53a4067aaa7e882288,4,1.4000000000000001e-05,15.770835876464844,14.757816553115845,3.994215488433838,False,0.0005271695334232699,1.0,0.44921875,0.53125,0.0
dreamlite-single-set,0,r5-f1-8015bf53a4067aaa7e882288,5,1.5333333333333334e-05,14.531254768371582,14.712504196166993,3.000880718231201,False,0.0005679219108242607,1.0,0.447265625,0.53125,0.0
dreamlite-single-set,0,r5-f1-8015bf53a4067aaa7e882288,6,1.6666666666666667e-05,13.375006675720215,14.489587942759195,13.6836519241333,True,0.0005121814180471411,1.0,0.44921875,0.53125,0.0
dreamlite-single-set,0,r5-f1-8015bf53a4067aaa7e882288,7,1.8e-05,15.531251907348633,14.638397080557686,2.465989589691162,False,0.0004887821945257569,1.0,0.44921875,0.53125,0.0
dreamlite-single-set,0,r5-f1-8015bf53a4067aaa7e882288,8,1.9333333333333333e-05,15.562501907348633,14.753910183906555,1.7502793073654175,False,0.0004948575202062585,1.0,0.44921875,0.53125,0.0
dreamlite-single-set,0,r5-f1-8015bf53a4067aaa7e882288,9,2.0666666666666666e-05,14.385421752929688,14.712967024909126,2.5705814361572266,False,0.0005425000455354093,1.0,0.44921875,0.53125,0.0
dreamlite-single-set,0,r5-f1-8015bf53a4067aaa7e882288,10,2.2e-05,13.30208969116211,14.571879291534424,1.543326735496521,False,0.0005660802204239356,1.0,0.44921875,0.53125,0.0
dreamlite-single-set,0,r5-f1-8015bf53a4067aaa7e882288,11,2.3333333333333332e-05,15.385417938232422,14.64583735032515,4.514704704284668,False,0.0006944838355568237,1.0,0.44921875,0.53125,0.0
dreamlite-single-set,0,r5-f1-8015bf53a4067aaa7e882288,12,2.4666666666666665e-05,15.510418891906738,14.717885812123617,2.540149688720703,False,0.0006282908867556479,1.0,0.44921875,0.53125,0.0
dreamlite-single-set,0,r5-f1-8015bf53a4067aaa7e882288,13,2.6000000000000002e-05,14.385421752929688,14.692311653724083,1.53922438621521,False,0.0005771632994112256,1.0,0.44921875,0.53125,0.0
dreamlite-single-set,0,r5-f1-8015bf53a4067aaa7e882288,14,2.733333333333333e-05,13.531255722045898,14.609379087175641,2.0718653202056885,False,0.0006459804775072259,1.0,0.451171875,0.53125,0.0
dreamlite-single-set,0,r5-f1-8015bf53a4067aaa7e882288,15,2.8666666666666668e-05,15.875000953674316,14.693753878275553,2.159454107284546,False,0.000795209425652022,1.0,0.44921875,0.53125,0.0
dreamlite-single-set,0,r5-f1-8015bf53a4067aaa7e882288,16,2.9999999999999997e-05,15.468751907348633,14.74219125509262,6.396849155426025,False,0.0007605314674314711,1.0,0.447265625,0.53125,0.0
dreamlite-single-set,0,r5-f1-8015bf53a4067aaa7e882288,17,2.9999999999999997e-05,14.510421752929688,14.750003695487976,2.3073198795318604,False,0.0009050718398323299,1.0,0.44921875,0.53125,0.0
dreamlite-single-set,0,r5-f1-8015bf53a4067aaa7e882288,18,2.9999872856917585e-05,13.343756675720215,14.742842257022858,2.1621549129486084,False,0.000974209104485789,1.0,0.44921875,0.53125,0.0
dreamlite-single-set,0,r5-f1-8015bf53a4067aaa7e882288,19,2.999949143090342e-05,15.635417938232422,14.756514132022858,2.260159730911255,False,0.001115732495304349,1.0,0.44921875,0.53125,0.0
dreamlite-single-set,0,r5-f1-8015bf53a4067aaa7e882288,20,2.9998855731656623e-05,15.489585876464844,14.738936007022858,2.779935121536255,False,0.0012222392535202735,1.0,0.447265625,0.53125,0.0
dreamlite-single-set,0,r5-f1-8015bf53a4067aaa7e882288,21,2.999796577534217e-05,14.468753814697266,14.735029697418213,4.429507732391357,False,0.0013141436559244903,1.0,0.44921875,0.53125,0.0
dreamlite-single-set,0,r5-f1-8015bf53a4067aaa7e882288,22,2.99968215845904e-05,13.58333969116211,14.748050510883331,2.567890167236328,False,0.0012990378203439146,1.0,0.451171875,0.53125,0.0
dreamlite-single-set,0,r5-f1-8015bf53a4067aaa7e882288,23,2.9995423188496514e-05,15.520833969116211,14.747399389743805,3.8984882831573486,False,0.0014378640447049375,1.0,0.44921875,0.53125,0.0
dreamlite-single-set,0,r5-f1-8015bf53a4067aaa7e882288,24,2.9993770622619783e-05,15.614585876464844,14.750654637813568,1.9281851053237915,False,0.0014689330338807883,1.0,0.44921875,0.53125,0.0
dreamlite-single-set,0,r5-f1-8015bf53a4067aaa7e882288,25,2.9991863928982672e-05,14.291672706604004,14.744795322418213,3.536459445953369,False,0.001513185402313044,1.0,0.44921875,0.53125,0.0
dreamlite-single-set,0,r5-f1-8015bf53a4067aaa7e882288,26,2.998970315606976e-05,13.218757629394531,14.73958706855774,2.432058811187744,False,0.0015259259175179605,1.0,0.451171875,0.53125,0.0
dreamlite-single-set,0,r5-f1-8015bf53a4067aaa7e882288,27,2.998728835882651e-05,15.552083969116211,14.750003695487976,16.0413818359375,True,0.0014380538564635519,1.0,0.44921875,0.53125,0.0
dreamlite-single-set,0,r5-f1-8015bf53a4067aaa7e882288,28,2.9984619598657892e-05,15.65625286102295,14.75911831855774,2.8204429149627686,False,0.001533343827190423,1.0,0.44921875,0.53125,0.0
dreamlite-single-set,0,r5-f1-8015bf53a4067aaa7e882288,29,2.9981696943426767e-05,14.625003814697266,14.774092197418213,3.9202616214752197,False,0.0015123134814349864,1.0,0.451171875,0.53125,0.0
dreamlite-single-set,0,r5-f1-8015bf53a4067aaa7e882288,30,2.997852046745222e-05,13.343757629394531,14.762373566627502,6.371492862701416,False,0.0016146018298700763,1.0,0.44921875,0.53125,0.0
dreamlite-single-set,0,r5-f1-8015bf53a4067aaa7e882288,31,2.9975090251507633e-05,15.656250953674316,14.748701691627502,3.8622753620147705,False,0.0017302317641507022,1.0,0.44921875,0.53125,0.0
dreamlite-single-set,0,r5-f1-8015bf53a4067aaa7e882288,32,2.9971406382818667e-05,15.666667938232422,14.76107144355774,2.2969391345977783,False,0.0017242242953106435,1.0,0.44921875,0.53125,0.0
dreamlite-single-set,0,r5-f1-8015bf53a4067aaa7e882288,33,2.9967468955060995e-05,14.35417366027832,14.751305937767029,2.2745778560638428,False,0.0016585565631469022,1.0,0.44921875,0.53125,0.0
dreamlite-single-set,0,r5-f1-8015bf53a4067aaa7e882288,34,2.996327806835797e-05,13.312507629394531,14.749352872371674,2.6508617401123047,False,0.0013437947117216189,1.0,0.447265625,0.53515625,0.0
dreamlite-single-set,0,r5-f1-8015bf53a4067aaa7e882288,35,2.9958833829278017e-05,15.395833969116211,14.73437887430191,4.023916721343994,False,0.0014336033495043884,1.0,0.44921875,0.53125,0.0
dreamlite-single-set,0,r5-f1-8015bf53a4067aaa7e882288,36,2.995413635083201e-05,15.822917938232422,14.755212128162384,3.7646994590759277,False,0.0015608328355787191,1.0,0.44921875,0.53125,0.0
dreamlite-single-set,0,r5-f1-8015bf53a4067aaa7e882288,37,2.9949185752470325e-05,14.375005722045898,14.749352872371674,4.062089920043945,False,0.0012602721224242311,1.0,0.44921875,0.53125,0.0
dreamlite-single-set,0,r5-f1-8015bf53a4067aaa7e882288,38,2.9943982160079822e-05,13.29167366027832,14.731123745441437,3.9200615882873535,False,0.0014643535565003532,1.0,0.44921875,0.53125,0.0
dreamlite-single-set,0,r5-f1-8015bf53a4067aaa7e882288,39,2.993852570598065e-05,15.489583969116211,14.729170620441437,3.396369695663452,False,0.0013556392980740531,1.0,0.451171875,0.53125,0.0
dreamlite-single-set,0,r5-f1-8015bf53a4067aaa7e882288,40,2.9932816528922903e-05,15.531251907348633,14.723962247371674,5.2776198387146,False,0.0015142392262006321,1.0,0.44921875,0.53125,0.0
dreamlite-single-set,0,r5-f1-8015bf53a4067aaa7e882288,41,2.992685477408305e-05,14.23958969116211,14.720707058906555,10.607307434082031,True,0.0012761869823329946,1.0,0.44921875,0.53125,0.0
dreamlite-single-set,0,r5-f1-8015bf53a4067aaa7e882288,42,2.9920640593060258e-05,13.343757629394531,14.728519558906555,1.908376693725586,False,0.0012189354143674117,1.0,0.44921875,0.53125,0.0
dreamlite-single-set,0,r5-f1-8015bf53a4067aaa7e882288,43,2.9914174143872566e-05,15.520833969116211,14.726566433906555,6.534188270568848,False,0.0014184648566072443,1.0,0.451171875,0.53125,0.0
dreamlite-single-set,0,r5-f1-8015bf53a4067aaa7e882288,44,2.9907455590952825e-05,15.489585876464844,14.716149747371674,1.1553740501403809,False,0.0013746332671114247,1.0,0.44921875,0.53125,0.0
dreamlite-single-set,0,r5-f1-8015bf53a4067aaa7e882288,45,2.990048510514454e-05,14.489588737487793,14.707686305046082,2.388744831085205,False,0.0013078961903466584,1.0,0.447265625,0.53125,0.0
dreamlite-single-set,0,r5-f1-8015bf53a4067aaa7e882288,46,2.9893262863697524e-05,13.29167366027832,14.704431056976318,4.358180046081543,False,0.001433652955994914,1.0,0.44921875,0.53125,0.0
dreamlite-single-set,0,r5-f1-8015bf53a4067aaa7e882288,47,2.9885789050263383e-05,15.500001907348633,14.694665491580963,3.3447682857513428,False,0.0013512818021313106,1.0,0.44921875,0.53125,0.0
dreamlite-single-set,0,r5-f1-8015bf53a4067aaa7e882288,48,2.987806385489085e-05,15.510418891906738,14.684899926185608,5.001989364624023,False,0.0011422808850742028,1.0,0.447265625,0.53125,0.0
dreamlite-single-set,0,r5-f1-8015bf53a4067aaa7e882288,49,2.9870087474020964e-05,14.447921752929688,14.690759181976318,7.111340522766113,False,0.0007466291663857979,1.0,0.447265625,0.53125,0.0
dreamlite-single-set,0,r5-f1-8015bf53a4067aaa7e882288,50,2.9861860110482048e-05,13.208341598510742,14.684248805046082,3.263397693634033,False,0.0008081492482803182,1.0,0.447265625,0.53125,0.0
dreamlite-single-set,0,r5-f1-8015bf53a4067aaa7e882288,51,2.9853381973484574e-05,15.468751907348633,14.688806176185608,4.813887596130371,False,0.0008069810678138918,1.0,0.447265625,0.53125,0.0
dreamlite-single-set,0,r5-f1-8015bf53a4067aaa7e882288,52,2.9844653278615835e-05,15.427085876464844,14.664066672325134,1.9250165224075317,False,0.0007898088199042191,1.0,0.447265625,0.53125,0.0
dreamlite-single-set,0,r5-f1-8015bf53a4067aaa7e882288,53,2.9835674247834466e-05,14.250005722045898,14.656254172325134,1.939034342765808,False,0.0007881051104447827,1.0,0.447265625,0.53125,0.0
dreamlite-single-set,0,r5-f1-8015bf53a4067aaa7e882288,54,2.9826445109464805e-05,13.250007629394531,14.653650045394897,6.479969501495361,False,0.000906413205910725,1.0,0.447265625,0.53125,0.0
dreamlite-single-set,0,r5-f1-8015bf53a4067aaa7e882288,55,2.9816966098191057e-05,15.500001907348633,14.654301166534424,3.1398260593414307,False,0.000989574136865489,1.0,0.44921875,0.53125,0.0
dreamlite-single-set,0,r5-f1-8015bf53a4067aaa7e882288,56,2.9807237455051384e-05,15.489585876464844,14.651697039604187,52.95194625854492,True,0.0010303126252930663,1.0,0.447265625,0.53125,0.0
dreamlite-single-set,0,r5-f1-8015bf53a4067aaa7e882288,57,2.9797259427431705e-05,14.427087783813477,14.663415670394897,1.8052570819854736,False,0.0009477772056386457,1.0,0.447265625,0.53125,0.0
dreamlite-single-set,0,r5-f1-8015bf53a4067aaa7e882288,58,2.978703226905946e-05,13.187507629394531,14.653650045394897,6.820112228393555,False,0.0008783454529847052,1.0,0.44921875,0.53125,0.0
dreamlite-single-set,0,r5-f1-8015bf53a4067aaa7e882288,59,2.9776556239997145e-05,15.343751907348633,14.642582416534424,2.5725159645080566,False,0.0008468029146225026,1.0,0.447265625,0.53125,0.0
dreamlite-single-set,0,r5-f1-8015bf53a4067aaa7e882288,60,2.9765831606635676e-05,15.447918891906738,14.639978229999542,6.940104007720947,False,0.0007999307295995234,1.0,0.4453125,0.53125,0.0
dreamlite-single-set,0,r5-f1-8015bf53a4067aaa7e882288,61,2.975485864168765e-05,14.375005722045898,14.632816791534424,2.2292520999908447,False,0.0007944688927005578,1.0,0.447265625,0.53125,0.0
dreamlite-single-set,0,r5-f1-8015bf53a4067aaa7e882288,62,2.974363762418038e-05,13.104175567626953,14.621098160743713,3.7226369380950928,False,0.0007622788552112742,1.0,0.447265625,0.53125,0.0
dreamlite-single-set,0,r5-f1-8015bf53a4067aaa7e882288,63,2.973216883944881e-05,15.343751907348633,14.611332535743713,103.78224182128906,True,0.0008825449561538272,1.0,0.447265625,0.53125,0.0
dreamlite-single-set,0,r5-f1-8015bf53a4067aaa7e882288,64,2.972045257912828e-05,15.510419845581055,14.611332595348358,1.552610158920288,False,0.0008270583277770988,1.0,0.447265625,0.53125,0.0
dreamlite-single-set,0,r5-f1-8015bf53a4067aaa7e882288,65,2.9708489141147082e-05,14.13542366027832,14.591801464557648,3.4421138763427734,False,0.0008266977734228939,1.0,0.447265625,0.53125,0.0
dreamlite-single-set,0,r5-f1-8015bf53a4067aaa7e882288,66,2.9696278829718878e-05,13.093758583068848,14.58464002609253,3.5116491317749023,False,0.0008498872353914393,1.0,0.447265625,0.53125,0.0
dreamlite-single-set,0,r5-f1-8015bf53a4067aaa7e882288,67,2.9683821955335006e-05,15.562501907348633,14.59049940109253,3.1151952743530273,False,0.0008407948906215396,1.0,0.44921875,0.53125,0.0
dreamlite-single-set,0,r5-f1-8015bf53a4067aaa7e882288,68,2.9671118834756543e-05,15.489585876464844,14.59440565109253,3.251744508743286,False,0.0008528928258033539,1.0,0.447265625,0.53125,0.0
dreamlite-single-set,0,r5-f1-8015bf53a4067aaa7e882288,69,2.9658169791006273e-05,14.322921752929688,14.598962903022766,5.367252349853516,False,0.000900201402518832,1.0,0.44921875,0.53125,0.0
dreamlite-single-set,0,r5-f1-8015bf53a4067aaa7e882288,70,2.964497515336046e-05,13.312507629394531,14.602869153022766,13.797920227050781,True,0.000901803522356481,1.0,0.4453125,0.53125,0.0
dreamlite-single-set,0,r5-f1-8015bf53a4067aaa7e882288,71,2.9631535257340486e-05,15.500001907348633,14.602869153022766,3.0458567142486572,False,0.0009387111909585522,1.0,0.44921875,0.53125,0.0
dreamlite-single-set,0,r5-f1-8015bf53a4067aaa7e882288,72,2.9617850444704315e-05,15.322919845581055,14.59245252609253,2.4958395957946777,False,0.0009876283406149513,1.0,0.44921875,0.53125,0.0
dreamlite-single-set,0,r5-f1-8015bf53a4067aaa7e882288,73,2.9603921063437794e-05,14.697919845581055,14.609379529953003,2.829698324203491,False,0.0008711901075158249,1.0,0.447265625,0.53125,0.0
dreamlite-single-set,0,r5-f1-8015bf53a4067aaa7e882288,74,2.9589747467745818e-05,13.39583969116211,14.622400283813477,2.937971353530884,False,0.0009601906070110532,1.0,0.447265625,0.53125,0.0
dreamlite-single-set,0,r5-f1-8015bf53a4067aaa7e882288,75,2.9575330018043316e-05,15.489583969116211,14.63151478767395,3.2723779678344727,False,0.0009426390888519887,1.0,0.447265625,0.53125,0.0
dreamlite-single-set,0,r5-f1-8015bf53a4067aaa7e882288,76,2.9560669080946092e-05,15.552085876464844,14.638025224208832,2.260591745376587,False,0.0009354736102815171,1.0,0.447265625,0.53125,0.0
dreamlite-single-set,0,r5-f1-8015bf53a4067aaa7e882288,77,2.9545765029261487e-05,14.218757629394531,14.628259718418121,3.2564501762390137,False,0.0008879848498243266,1.0,0.4453125,0.53125,0.0
dreamlite-single-set,0,r5-f1-8015bf53a4067aaa7e882288,78,2.9530618241978923e-05,13.35417366027832,14.643884599208832,27.35478973388672,True,0.001213133230914437,1.0,0.447265625,0.53125,0.0
dreamlite-single-set,0,r5-f1-8015bf53a4067aaa7e882288,79,2.9515229104260233e-05,15.437501907348633,14.649743974208832,11.177940368652344,True,0.0012183548341458635,1.0,0.447265625,0.53125,0.0
dreamlite-single-set,0,r5-f1-8015bf53a4067aaa7e882288,80,2.9499598007429908e-05,15.239585876464844,14.632816851139069,4.193299770355225,False,0.0010266228026578773,1.0,0.447265625,0.53125,0.0
dreamlite-single-set,0,r5-f1-8015bf53a4067aaa7e882288,81,2.948372534896511e-05,14.17708969116211,14.635420978069305,6.4263176918029785,False,0.0010330071337636246,1.0,0.447265625,0.53125,0.0
dreamlite-single-set,0,r5-f1-8015bf53a4067aaa7e882288,82,2.9467611532485588e-05,13.468755722045898,14.658858299255371,7.601912975311279,False,0.0011334332047214445,1.0,0.447265625,0.53125,0.0
dreamlite-single-set,0,r5-f1-8015bf53a4067aaa7e882288,83,2.945125696774339e-05,15.500001907348633,14.654952049255371,2.674504280090332,False,0.001190037613417287,1.0,0.447265625,0.53125,0.0
dreamlite-single-set,0,r5-f1-8015bf53a4067aaa7e882288,84,2.9434662070612482e-05,15.572918891906738,14.66016036272049,3.54988431930542,False,0.0012308847792497296,1.0,0.447265625,0.53125,0.0
dreamlite-single-set,0,r5-f1-8015bf53a4067aaa7e882288,85,2.9417827263078142e-05,14.333338737487793,14.660811424255371,6.790654182434082,False,0.0008541922975355205,1.0,0.44921875,0.53125,0.0
dreamlite-single-set,0,r5-f1-8015bf53a4067aaa7e882288,86,2.940075297322622e-05,13.250007629394531,14.656905174255371,6.775489807128906,False,0.000687274816547926,1.0,0.4453125,0.53125,0.0
dreamlite-single-set,0,r5-f1-8015bf53a4067aaa7e882288,87,2.938343963523229e-05,15.437501907348633,14.652998924255371,3.740316152572632,False,0.0007543993835230956,1.0,0.447265625,0.53125,0.0
dreamlite-single-set,0,r5-f1-8015bf53a4067aaa7e882288,88,2.9365887689350595e-05,15.34375286102295,14.65430098772049,4.8724365234375,False,0.000686659929013574,1.0,0.4453125,0.53125,0.0
dreamlite-single-set,0,r5-f1-8015bf53a4067aaa7e882288,89,2.9348097581902822e-05,14.468754768371582,14.639978170394897,2.7856998443603516,False,0.0006462300818220397,1.0,0.4453125,0.53125,0.0
dreamlite-single-set,0,r5-f1-8015bf53a4067aaa7e882288,90,2.933006976526679e-05,13.156257629394531,14.625004291534424,6.091058254241943,False,0.0006155012974996647,1.0,0.447265625,0.53125,0.0
dreamlite-single-set,0,r5-f1-8015bf53a4067aaa7e882288,91,2.9311804697864947e-05,15.395833969116211,14.619144916534424,5.8895416259765625,False,0.000641123868230983,1.0,0.4453125,0.53125,0.0
dreamlite-single-set,0,r5-f1-8015bf53a4067aaa7e882288,92,2.9293302844152674e-05,15.302085876464844,14.603519916534424,2.9908382892608643,False,0.0006507146373208859,1.0,0.447265625,0.53125,0.0
dreamlite-single-set,0,r5-f1-8015bf53a4067aaa7e882288,93,2.9274564674606523e-05,14.250005722045898,14.605472922325134,13.241205215454102,True,0.0008333911884608887,1.0,0.4453125,0.53125,0.0
dreamlite-single-set,0,r5-f1-8015bf53a4067aaa7e882288,94,2.9255590665712213e-05,13.333341598510742,14.60417091846466,2.9760444164276123,False,0.000861489735420917,1.0,0.4453125,0.53125,0.0
dreamlite-single-set,0,r5-f1-8015bf53a4067aaa7e882288,95,2.923638129995254e-05,15.458333969116211,14.605472922325134,5.085038661956787,False,0.0009884936929878396,1.0,0.447265625,0.53125,0.0
dreamlite-single-set,0,r5-f1-8015bf53a4067aaa7e882288,96,2.9216937065795103e-05,15.427085876464844,14.617191672325134,3.304245710372925,False,0.0008510647184476779,1.0,0.4453125,0.53125,0.0
dreamlite-single-set,0,r5-f1-8015bf53a4067aaa7e882288,97,2.919725845767987e-05,14.416672706604004,14.632165610790253,3.798410415649414,False,0.0007884835677343777,1.0,0.447265625,0.53125,0.0
dreamlite-single-set,0,r5-f1-8015bf53a4067aaa7e882288,98,2.9177345976006628e-05,13.093759536743164,14.608728349208832,3.8583664894104004,False,0.00082070848475139,1.0,0.4453125,0.53125,0.0
dreamlite-single-set,0,r5-f1-8015bf53a4067aaa7e882288,99,2.9157200127122236e-05,15.125001907348633,14.585290849208832,2.913012981414795,False,0.00076860855711316,1.0,0.44921875,0.53125,0.0
dreamlite-single-set,0,r5-f1-8015bf53a4067aaa7e882288,100,2.913682142330775e-05,15.333335876464844,14.570316910743713,2.6683011054992676,False,0.0007384807878140103,1.0,0.447265625,0.53125,0.0
dreamlite-single-set,0,r5-f1-8015bf53a4067aaa7e882288,101,2.911621038276542e-05,14.343754768371582,14.57096791267395,5.907883644104004,False,0.0008185561064075601,1.0,0.4453125,0.53125,0.0
dreamlite-single-set,0,r5-f1-8015bf53a4067aaa7e882288,102,2.909536752960549e-05,13.343757629394531,14.57682728767395,8.400300979614258,False,0.0007769548979714376,1.0,0.447265625,0.53125,0.0
dreamlite-single-set,0,r5-f1-8015bf53a4067aaa7e882288,103,2.9074293393832876e-05,15.437501907348633,14.57682728767395,2.9425101280212402,False,0.0007758895766392788,1.0,0.447265625,0.53125,0.0
dreamlite-single-set,0,r5-f1-8015bf53a4067aaa7e882288,104,2.90529885113337e-05,15.489585876464844,14.585941851139069,3.0821077823638916,False,0.000703601277574142,1.0,0.4453125,0.53125,0.0
dreamlite-single-set,0,r5-f1-8015bf53a4067aaa7e882288,105,2.9031453423861642e-05,14.270838737487793,14.573572099208832,11.508807182312012,True,0.0008624039160450837,1.0,0.447265625,0.53125,0.0
dreamlite-single-set,0,r5-f1-8015bf53a4067aaa7e882288,106,2.9009688679024187e-05,13.166674613952637,14.574223160743713,2.2689616680145264,False,0.0008096428198199742,1.0,0.4453125,0.53125,0.0
dreamlite-single-set,0,r5-f1-8015bf53a4067aaa7e882288,107,2.8987694830268685e-05,15.416667938232422,14.575525283813477,2.200784921646118,False,0.0008050347672238483,1.0,0.4453125,0.53125,0.0
dreamlite-single-set,0,r5-f1-8015bf53a4067aaa7e882288,108,2.8965472436868284e-05,15.437501907348633,14.583988785743713,2.3481972217559814,False,0.0007173676519756944,1.0,0.4453125,0.53125,0.0
dreamlite-single-set,0,r5-f1-8015bf53a4067aaa7e882288,109,2.894302206390769e-05,14.322922706604004,14.588546097278595,4.295144557952881,False,0.0007531295293072401,1.0,0.447265625,0.53125,0.0
dreamlite-single-set,0,r5-f1-8015bf53a4067aaa7e882288,110,2.8920344282268846e-05,13.125007629394531,14.575525224208832,8.266019821166992,False,0.0007726481900484952,1.0,0.447265625,0.53125,0.0
dreamlite-single-set,0,r5-f1-8015bf53a4067aaa7e882288,111,2.8897439668616345e-05,15.468751907348633,14.576176345348358,5.588102340698242,False,0.0008869962611368923,1.0,0.443359375,0.53125,0.0
dreamlite-single-set,0,r5-f1-8015bf53a4067aaa7e882288,112,2.8874308805382837e-05,15.541669845581055,14.583337843418121,3.069359302520752,False,0.0008076187188600603,1.0,0.4453125,0.53125,0.0
dreamlite-single-set,0,r5-f1-8015bf53a4067aaa7e882288,113,2.8850952280754167e-05,14.322920799255371,14.577478349208832,2.7423269748687744,False,0.0007640095426357191,1.0,0.4453125,0.53125,0.0
dreamlite-single-set,0,r5-f1-8015bf53a4067aaa7e882288,114,2.8827370688654434e-05,13.145841598510742,14.580733478069305,2.7863142490386963,False,0.0007704160987822128,1.0,0.447265625,0.53125,0.0
dreamlite-single-set,0,r5-f1-8015bf53a4067aaa7e882288,115,2.880356462873091e-05,15.572917938232422,14.608728229999542,4.110400199890137,False,0.0007648629741593695,1.0,0.4453125,0.53125,0.0
dreamlite-single-set,0,r5-f1-8015bf53a4067aaa7e882288,116,2.8779534706338766e-05,15.500001907348633,14.619144856929779,3.213942050933838,False,0.0007414018350833821,1.0,0.447265625,0.53125,0.0
dreamlite-single-set,0,r5-f1-8015bf53a4067aaa7e882288,117,2.875528153252567e-05,14.218755722045898,14.611332416534424,3.7068724632263184,False,0.0007124911501131612,1.0,0.4453125,0.53125,0.0
dreamlite-single-set,0,r5-f1-8015bf53a4067aaa7e882288,118,2.8730805724016292e-05,13.114592552185059,14.597009599208832,3.31554913520813,False,0.0006923613736748175,1.0,0.4453125,0.53125,0.0
dreamlite-single-set,0,r5-f1-8015bf53a4067aaa7e882288,119,2.8706107903196563e-05,15.479167938232422,14.599613726139069,4.886918544769287,False,0.0007578408882098054,1.0,0.4453125,0.53125,0.0
dreamlite-single-set,0,r5-f1-8015bf53a4067aaa7e882288,120,2.868118869809791e-05,15.479169845581055,14.598962724208832,5.346409320831299,False,0.000868701369730901,1.0,0.44921875,0.53125,0.0
dreamlite-single-set,0,r5-f1-8015bf53a4067aaa7e882288,121,2.8656048742381237e-05,14.20833969116211,14.595056533813477,4.929915904998779,False,0.0009713475008190662,1.0,0.4453125,0.53125,0.0
dreamlite-single-set,0,r5-f1-8015bf53a4067aaa7e882288,122,2.863068867532084e-05,13.479171752929688,14.614587604999542,6.440893173217773,False,0.0010179837563711045,1.0,0.443359375,0.53125,0.0
dreamlite-single-set,0,r5-f1-8015bf53a4067aaa7e882288,123,2.8605109141788138e-05,15.479167938232422,14.618493854999542,10.269285202026367,True,0.0012283175903496783,1.0,0.4453125,0.53125,0.0
dreamlite-single-set,0,r5-f1-8015bf53a4067aaa7e882288,124,2.857931079223527e-05,15.385419845581055,14.615238726139069,5.148046970367432,False,0.001357133128428115,1.0,0.443359375,0.53125,0.0
dreamlite-single-set,0,r5-f1-8015bf53a4067aaa7e882288,125,2.8553294282678578e-05,14.447920799255371,14.623051106929779,3.8769800662994385,False,0.0013730912006174572,1.0,0.4453125,0.53125,0.0
dreamlite-single-set,0,r5-f1-8015bf53a4067aaa7e882288,126,2.8527060274681913e-05,13.145842552185059,14.624353289604187,3.3917667865753174,False,0.0012038163988947058,1.0,0.447265625,0.53125,0.0
dreamlite-single-set,0,r5-f1-8015bf53a4067aaa7e882288,127,2.8500609435339794e-05,15.031251907348633,14.597009539604187,6.368762969970703,False,0.0009949521848531312,1.0,0.447265625,0.53125,0.0
dreamlite-single-set,0,r5-f1-8015bf53a4067aaa7e882288,128,2.847394243726047e-05,15.645835876464844,14.603519916534424,2.675332546234131,False,0.0010014868697853794,1.0,0.4453125,0.53125,0.0
dreamlite-single-set,1,r5-f1-392d41fd097d069c42218e0a,1,1e-05,28.375011444091797,28.375011444091797,10.802225112915039,True,0.0003623129182163203,1.0,0.462890625,0.53125,0.0
dreamlite-single-set,1,r5-f1-392d41fd097d069c42218e0a,2,1.1333333333333334e-05,23.29169273376465,25.833352088928223,11.91283130645752,True,0.000594624328276093,1.0,0.46484375,0.52734375,0.0
dreamlite-single-set,1,r5-f1-392d41fd097d069c42218e0a,3,1.2666666666666667e-05,31.50000762939453,27.72223726908366,22.336517333984375,True,0.0005114245378279869,1.0,0.462890625,0.52734375,0.0
dreamlite-single-set,1,r5-f1-392d41fd097d069c42218e0a,4,1.4000000000000001e-05,30.22918701171875,28.34897470474243,86.24061584472656,True,0.0005456331028081552,1.0,0.46484375,0.52734375,0.0
dreamlite-single-set,1,r5-f1-392d41fd097d069c42218e0a,5,1.5333333333333334e-05,27.750017166137695,28.229183197021484,5.122422695159912,False,0.0005445854711066372,1.0,0.462890625,0.53125,0.0
dreamlite-single-set,1,r5-f1-392d41fd097d069c42218e0a,6,1.6666666666666667e-05,23.666683197021484,27.468766530354817,15.637832641601562,True,0.0006094401946262979,1.0,0.462890625,0.53125,0.0
dreamlite-single-set,1,r5-f1-392d41fd097d069c42218e0a,7,1.8e-05,31.68750762939453,28.071443830217635,8.473836898803711,False,0.0007621638298669943,1.0,0.46484375,0.52734375,0.0
dreamlite-single-set,1,r5-f1-392d41fd097d069c42218e0a,8,1.9333333333333333e-05,30.125019073486328,28.32814073562622,6.356938362121582,False,0.0008068438520529507,1.0,0.462890625,0.52734375,0.0
dreamlite-single-set,1,r5-f1-392d41fd097d069c42218e0a,9,2.0666666666666666e-05,27.833351135253906,28.27316411336263,8.622124671936035,False,0.0009567262205688408,1.0,0.462890625,0.52734375,0.0
dreamlite-single-set,1,r5-f1-392d41fd097d069c42218e0a,10,2.2e-05,22.916690826416016,27.737516784667967,7.642219066619873,False,0.0010769205874691494,1.0,0.462890625,0.52734375,0.0
dreamlite-single-set,1,r5-f1-392d41fd097d069c42218e0a,11,2.3333333333333332e-05,31.520841598510742,28.081455404108222,3.749628782272339,False,0.0011521699211261974,1.0,0.462890625,0.52734375,0.0
dreamlite-single-set,1,r5-f1-392d41fd097d069c42218e0a,12,2.4666666666666665e-05,30.125022888183594,28.251752694447834,10.796815872192383,True,0.0012664180304743885,1.0,0.462890625,0.52734375,0.0
dreamlite-single-set,1,r5-f1-392d41fd097d069c42218e0a,13,2.6000000000000002e-05,27.95834732055664,28.22918305030236,29.921676635742188,True,0.001407972005076904,1.0,0.46484375,0.52734375,0.0
dreamlite-single-set,1,r5-f1-392d41fd097d069c42218e0a,14,2.733333333333333e-05,23.12502098083496,27.864600045340403,19.600360870361328,True,0.0015449777802279553,1.0,0.462890625,0.53125,0.0
dreamlite-single-set,1,r5-f1-392d41fd097d069c42218e0a,15,2.8666666666666668e-05,31.166675567626953,28.08473841349284,5.0458760261535645,False,0.0014736475330453516,1.0,0.462890625,0.52734375,0.0
dreamlite-single-set,1,r5-f1-392d41fd097d069c42218e0a,16,2.9999999999999997e-05,30.187519073486328,28.21616220474243,10.144562721252441,True,0.0016307502710148798,1.0,0.462890625,0.53125,0.0
dreamlite-single-set,1,r5-f1-392d41fd097d069c42218e0a,17,2.9999999999999997e-05,28.08334732055664,28.197933197021484,5.554429054260254,False,0.0015867039607943283,1.0,0.462890625,0.52734375,0.0
dreamlite-single-set,1,r5-f1-392d41fd097d069c42218e0a,18,2.9999872856917585e-05,23.458354949951172,28.208349585533142,10.905623435974121,True,0.0016072012000980824,1.0,0.462890625,0.53125,0.0
dreamlite-single-set,1,r5-f1-392d41fd097d069c42218e0a,19,2.999949143090342e-05,31.000009536743164,28.17709970474243,8.95244026184082,False,0.001423563690988203,1.0,0.46484375,0.52734375,0.0
dreamlite-single-set,1,r5-f1-392d41fd097d069c42218e0a,20,2.9998855731656623e-05,29.895858764648438,28.156266689300537,17.00486946105957,True,0.0015503973742983135,1.0,0.46484375,0.52734375,0.0
dreamlite-single-set,1,r5-f1-392d41fd097d069c42218e0a,21,2.999796577534217e-05,28.04168128967285,28.174495697021484,5.612068176269531,False,0.0015177956557159854,1.0,0.46484375,0.53125,0.0
dreamlite-single-set,1,r5-f1-392d41fd097d069c42218e0a,22,2.99968215845904e-05,23.250022888183594,28.148454427719116,12.19183349609375,True,0.001496455925362103,1.0,0.462890625,0.52734375,0.0
dreamlite-single-set,1,r5-f1-392d41fd097d069c42218e0a,23,2.9995423188496514e-05,31.458341598510742,28.13413155078888,11.933979034423828,True,0.0014402545781526375,1.0,0.462890625,0.52734375,0.0
dreamlite-single-set,1,r5-f1-392d41fd097d069c42218e0a,24,2.9993770622619783e-05,30.208351135253906,28.139339804649353,6.656598091125488,False,0.0014367106813597736,1.0,0.46484375,0.52734375,0.0
dreamlite-single-set,1,r5-f1-392d41fd097d069c42218e0a,25,2.9991863928982672e-05,27.666683197021484,28.128923058509827,12.665895462036133,True,0.0014201221130007552,1.0,0.462890625,0.52734375,0.0
dreamlite-single-set,1,r5-f1-392d41fd097d069c42218e0a,26,2.998970315606976e-05,23.125022888183594,28.1419438123703,10.67453384399414,True,0.0014133806911421863,1.0,0.462890625,0.53125,0.0
dreamlite-single-set,1,r5-f1-392d41fd097d069c42218e0a,27,2.998728835882651e-05,31.250009536743164,28.125016808509827,5.5412397384643555,False,0.001426844317102289,1.0,0.462890625,0.52734375,0.0
dreamlite-single-set,1,r5-f1-392d41fd097d069c42218e0a,28,2.9984619598657892e-05,30.60418128967285,28.154964208602905,12.202493667602539,True,0.0014832491094217408,1.0,0.46484375,0.52734375,0.0
dreamlite-single-set,1,r5-f1-392d41fd097d069c42218e0a,29,2.9981696943426767e-05,27.458351135253906,28.123714447021484,8.702467918395996,False,0.001609534978504655,1.0,0.462890625,0.52734375,0.0
dreamlite-single-set,1,r5-f1-392d41fd097d069c42218e0a,30,2.997852046745222e-05,23.958351135253906,28.17579758167267,12.099499702453613,True,0.0015705253571024172,1.0,0.462890625,0.52734375,0.0
dreamlite-single-set,1,r5-f1-392d41fd097d069c42218e0a,31,2.9975090251507633e-05,31.291675567626953,28.18361008167267,6.447828769683838,False,0.0015959434151709675,1.0,0.462890625,0.53125,0.0
dreamlite-single-set,1,r5-f1-392d41fd097d069c42218e0a,32,2.9971406382818667e-05,29.75002098083496,28.156266450881958,10.922510147094727,True,0.001584088857039754,1.0,0.462890625,0.52734375,0.0
dreamlite-single-set,1,r5-f1-392d41fd097d069c42218e0a,33,2.9967468955060995e-05,27.708351135253906,28.132829189300537,7.922654151916504,False,0.0016292380429079945,1.0,0.46484375,0.52734375,0.0
dreamlite-single-set,1,r5-f1-392d41fd097d069c42218e0a,34,2.996327806835797e-05,22.79169273376465,28.09116280078888,14.23930549621582,True,0.0016787242605271623,1.0,0.462890625,0.52734375,0.0
dreamlite-single-set,1,r5-f1-392d41fd097d069c42218e0a,35,2.9958833829278017e-05,30.708343505859375,28.072933673858643,9.341696739196777,False,0.0017041547643966406,1.0,0.462890625,0.53125,0.0
dreamlite-single-set,1,r5-f1-392d41fd097d069c42218e0a,36,2.995413635083201e-05,30.041683197021484,28.082047700881958,5.912175178527832,False,0.001718607479180818,1.0,0.462890625,0.53125,0.0
dreamlite-single-set,1,r5-f1-392d41fd097d069c42218e0a,37,2.9949185752470325e-05,27.66668128967285,28.058610200881958,9.913125991821289,False,0.0017978836009950826,1.0,0.462890625,0.53125,0.0
dreamlite-single-set,1,r5-f1-392d41fd097d069c42218e0a,38,2.9943982160079822e-05,22.458358764648438,28.00913119316101,10.561473846435547,True,0.0018230413927721291,1.0,0.462890625,0.52734375,0.0
dreamlite-single-set,1,r5-f1-392d41fd097d069c42218e0a,39,2.993852570598065e-05,31.25000762939453,27.996110320091248,8.74107837677002,False,0.0018938670864754896,1.0,0.462890625,0.53125,0.0
dreamlite-single-set,1,r5-f1-392d41fd097d069c42218e0a,40,2.9932816528922903e-05,30.000019073486328,27.983089566230774,7.409825325012207,False,0.001963070510196334,1.0,0.462890625,0.53125,0.0
dreamlite-single-set,1,r5-f1-392d41fd097d069c42218e0a,41,2.992685477408305e-05,27.95834732055664,28.00131857395172,19.342327117919922,True,0.001963385380390391,1.0,0.462890625,0.53125,0.0
dreamlite-single-set,1,r5-f1-392d41fd097d069c42218e0a,42,2.9920640593060258e-05,22.25002670288086,27.9466313123703,11.028779029846191,True,0.001886398073851904,1.0,0.462890625,0.53125,0.0
dreamlite-single-set,1,r5-f1-392d41fd097d069c42218e0a,43,2.9914174143872566e-05,31.000009536743164,27.9310063123703,9.448125839233398,False,0.0017655500130707514,1.0,0.462890625,0.53125,0.0
dreamlite-single-set,1,r5-f1-392d41fd097d069c42218e0a,44,2.9907455590952825e-05,29.500024795532227,27.86199653148651,16.416786193847656,True,0.0017440969293804208,1.0,0.462890625,0.53125,0.0
dreamlite-single-set,1,r5-f1-392d41fd097d069c42218e0a,45,2.990048510514454e-05,27.666683197021484,27.875017285346985,8.171284675598145,False,0.0017823064758456277,1.0,0.462890625,0.53125,0.0
dreamlite-single-set,1,r5-f1-392d41fd097d069c42218e0a,46,2.9893262863697524e-05,22.58336067199707,27.789080381393433,24.51848030090332,True,0.00166524381613598,1.0,0.462890625,0.53125,0.0
dreamlite-single-set,1,r5-f1-392d41fd097d069c42218e0a,47,2.9885789050263383e-05,31.00000762939453,27.770851135253906,12.24716854095459,True,0.0014789340646711442,1.0,0.462890625,0.53125,0.0
dreamlite-single-set,1,r5-f1-392d41fd097d069c42218e0a,48,2.987806385489085e-05,29.583354949951172,27.76043450832367,8.096498489379883,False,0.0014854124369665473,1.0,0.462890625,0.53125,0.0
dreamlite-single-set,1,r5-f1-392d41fd097d069c42218e0a,49,2.9870087474020964e-05,27.458354949951172,27.74480974674225,8.455615043640137,False,0.0014556799301977275,1.0,0.462890625,0.53125,0.0
dreamlite-single-set,1,r5-f1-392d41fd097d069c42218e0a,50,2.9861860110482048e-05,22.708362579345703,27.739601612091064,16.191043853759766,True,0.0014210444244627243,1.0,0.46484375,0.53125,0.0
dreamlite-single-set,1,r5-f1-392d41fd097d069c42218e0a,51,2.9853381973484574e-05,31.458341598510742,27.786476492881775,4.621872425079346,False,0.0012993473419221613,1.0,0.46484375,0.53125,0.0
dreamlite-single-set,1,r5-f1-392d41fd097d069c42218e0a,52,2.9844653278615835e-05,29.81252670288086,27.772154211997986,7.6872053146362305,False,0.0012654809565286595,1.0,0.46484375,0.53125,0.0
dreamlite-single-set,1,r5-f1-392d41fd097d069c42218e0a,53,2.9835674247834466e-05,27.58336067199707,27.76694667339325,13.807073593139648,True,0.0011668968691923127,1.0,0.462890625,0.53125,0.0
dreamlite-single-set,1,r5-f1-392d41fd097d069c42218e0a,54,2.9826445109464805e-05,22.66669273376465,27.779967546463013,19.49448013305664,True,0.001093214918853353,1.0,0.46484375,0.53125,0.0
dreamlite-single-set,1,r5-f1-392d41fd097d069c42218e0a,55,2.9816966098191057e-05,31.333341598510742,27.785175919532776,9.973211288452148,False,0.001067392202434409,1.0,0.462890625,0.53125,0.0
dreamlite-single-set,1,r5-f1-392d41fd097d069c42218e0a,56,2.9807237455051384e-05,29.666690826416016,27.76434290409088,20.862260818481445,True,0.0011788512372228309,1.0,0.46484375,0.53125,0.0
dreamlite-single-set,1,r5-f1-392d41fd097d069c42218e0a,57,2.9797259427431705e-05,27.583351135253906,27.74090564250946,18.084360122680664,True,0.000871940488730836,1.0,0.462890625,0.53125,0.0
dreamlite-single-set,1,r5-f1-392d41fd097d069c42218e0a,58,2.978703226905946e-05,22.916690826416016,27.782572150230408,15.792543411254883,True,0.0010276333132453205,1.0,0.462890625,0.53125,0.0
dreamlite-single-set,1,r5-f1-392d41fd097d069c42218e0a,59,2.9776556239997145e-05,30.916675567626953,27.777363777160645,5.725576400756836,False,0.0011285079703213783,1.0,0.462890625,0.53125,0.0
dreamlite-single-set,1,r5-f1-392d41fd097d069c42218e0a,60,2.9765831606635676e-05,29.91668701171875,27.803405165672302,15.993735313415527,True,0.0012183306019809723,1.0,0.462890625,0.53125,0.0
dreamlite-single-set,1,r5-f1-392d41fd097d069c42218e0a,61,2.975485864168765e-05,27.500022888183594,27.792988896369934,11.878556251525879,True,0.001322565660863111,1.0,0.462890625,0.53125,0.0
dreamlite-single-set,1,r5-f1-392d41fd097d069c42218e0a,62,2.974363762418038e-05,23.166690826416016,27.829447031021118,12.637863159179688,True,0.0013637776857132007,1.0,0.458984375,0.53125,0.0
dreamlite-single-set,1,r5-f1-392d41fd097d069c42218e0a,63,2.973216883944881e-05,30.958341598510742,27.82684290409088,17.76558494567871,True,0.00115072599107818,1.0,0.462890625,0.53515625,0.0
dreamlite-single-set,1,r5-f1-392d41fd097d069c42218e0a,64,2.972045257912828e-05,30.062519073486328,27.85679066181183,14.62138843536377,True,0.0008151965445870883,1.0,0.4609375,0.53515625,0.0
dreamlite-single-set,1,r5-f1-392d41fd097d069c42218e0a,65,2.9708489141147082e-05,27.500022888183594,27.859394907951355,12.863895416259766,True,0.0009766954948536748,1.0,0.458984375,0.53125,0.0
dreamlite-single-set,1,r5-f1-392d41fd097d069c42218e0a,66,2.9696278829718878e-05,23.00002098083496,27.877623558044434,17.540130615234375,True,0.0011899212708123459,1.0,0.458984375,0.53515625,0.0
dreamlite-single-set,1,r5-f1-392d41fd097d069c42218e0a,67,2.9683821955335006e-05,31.291675567626953,27.867206931114197,1312.9171142578125,True,0.0009998238007496456,1.0,0.4609375,0.53515625,0.0
dreamlite-single-set,1,r5-f1-392d41fd097d069c42218e0a,68,2.9671118834756543e-05,29.937522888183594,27.875019192695618,10.438033103942871,True,0.0010836489831550138,1.0,0.4609375,0.53515625,0.0
dreamlite-single-set,1,r5-f1-392d41fd097d069c42218e0a,69,2.9658169791006273e-05,27.250022888183594,27.854185581207275,13.075644493103027,True,0.0009742114831773657,1.0,0.4609375,0.53515625,0.0
dreamlite-single-set,1,r5-f1-392d41fd097d069c42218e0a,70,2.964497515336046e-05,22.750024795532227,27.85939383506775,8.507413864135742,False,0.0010372665929680135,1.0,0.458984375,0.53515625,0.0
dreamlite-single-set,1,r5-f1-392d41fd097d069c42218e0a,71,2.9631535257340486e-05,31.41667366027832,27.864602088928223,6.837271690368652,False,0.0011329329976801522,1.0,0.462890625,0.53515625,0.0
dreamlite-single-set,1,r5-f1-392d41fd097d069c42218e0a,72,2.9617850444704315e-05,29.958351135253906,27.88283085823059,10.389994621276855,True,0.001288537023166925,1.0,0.462890625,0.53515625,0.0
dreamlite-single-set,1,r5-f1-392d41fd097d069c42218e0a,73,2.9603921063437794e-05,27.750015258789062,27.893247365951538,6.837839126586914,False,0.0012084441553662196,1.0,0.4609375,0.53515625,0.0
dreamlite-single-set,1,r5-f1-392d41fd097d069c42218e0a,74,2.9589747467745818e-05,22.41669273376465,27.861997485160828,19.381826400756836,True,0.0012301473267059256,1.0,0.458984375,0.53515625,0.0
dreamlite-single-set,1,r5-f1-392d41fd097d069c42218e0a,75,2.9575330018043316e-05,31.041675567626953,27.869809985160828,8.297985076904297,False,0.0013077669414685881,1.0,0.458984375,0.53515625,0.0
dreamlite-single-set,1,r5-f1-392d41fd097d069c42218e0a,76,2.9560669080946092e-05,30.02085304260254,27.876320362091064,9.829961776733398,False,0.0014156863839920016,1.0,0.4609375,0.5390625,0.0
dreamlite-single-set,1,r5-f1-392d41fd097d069c42218e0a,77,2.9545765029261487e-05,27.750017166137695,27.891945004463196,36.014930725097656,True,0.0011425508881678945,1.0,0.4609375,0.53515625,0.0
dreamlite-single-set,1,r5-f1-392d41fd097d069c42218e0a,78,2.9530618241978923e-05,22.208356857299805,27.832049131393433,21.79218292236328,True,0.0013132838035566899,1.0,0.4609375,0.53515625,0.0
dreamlite-single-set,1,r5-f1-392d41fd097d069c42218e0a,79,2.9515229104260233e-05,30.87500762939453,27.82684075832367,11.10347843170166,True,0.001329488935757186,1.0,0.4609375,0.5390625,0.0
dreamlite-single-set,1,r5-f1-392d41fd097d069c42218e0a,80,2.9499598007429908e-05,29.45836067199707,27.78908085823059,9.54727554321289,False,0.0013644542740236718,1.0,0.4609375,0.53515625,0.0
dreamlite-single-set,1,r5-f1-392d41fd097d069c42218e0a,81,2.948372534896511e-05,27.66667938232422,27.79949688911438,12.76708698272705,True,0.0014254652666043735,1.0,0.4609375,0.5390625,0.0
dreamlite-single-set,1,r5-f1-392d41fd097d069c42218e0a,82,2.9467611532485588e-05,21.62502670288086,27.71355974674225,13.355467796325684,True,0.001574965534498838,1.0,0.4609375,0.5390625,0.0
dreamlite-single-set,1,r5-f1-392d41fd097d069c42218e0a,83,2.945125696774339e-05,30.708341598510742,27.677101373672485,9.189379692077637,False,0.0016902227010546715,1.0,0.4609375,0.5390625,0.0
dreamlite-single-set,1,r5-f1-392d41fd097d069c42218e0a,84,2.9434662070612482e-05,29.75002098083496,27.665382504463196,10.859344482421875,True,0.001745912385202063,1.0,0.4609375,0.5390625,0.0
dreamlite-single-set,1,r5-f1-392d41fd097d069c42218e0a,85,2.9417827263078142e-05,27.125022888183594,27.657570004463196,7.995882987976074,False,0.0015451461308212038,1.0,0.458984375,0.5390625,0.0
dreamlite-single-set,1,r5-f1-392d41fd097d069c42218e0a,86,2.940075297322622e-05,22.00002670288086,27.610695123672485,14.089216232299805,True,0.0014650828170184656,1.0,0.4609375,0.5390625,0.0
dreamlite-single-set,1,r5-f1-392d41fd097d069c42218e0a,87,2.938343963523229e-05,31.00000762939453,27.58465349674225,4.291485786437988,False,0.0014197773829768008,1.0,0.4609375,0.5390625,0.0
dreamlite-single-set,1,r5-f1-392d41fd097d069c42218e0a,88,2.9365887689350595e-05,29.250022888183594,27.540382981300354,13.721946716308594,True,0.0014925284165571808,1.0,0.4609375,0.5390625,0.0
dreamlite-single-set,1,r5-f1-392d41fd097d069c42218e0a,89,2.9348097581902822e-05,26.708356857299805,27.475279331207275,5.38438081741333,False,0.0014410862668031701,1.0,0.4609375,0.5390625,0.0
dreamlite-single-set,1,r5-f1-392d41fd097d069c42218e0a,90,2.933006976526679e-05,21.87502670288086,27.44142520427704,21.252151489257812,True,0.0014256709059311241,1.0,0.462890625,0.5390625,0.0
dreamlite-single-set,1,r5-f1-392d41fd097d069c42218e0a,91,2.9311804697864947e-05,30.541675567626953,27.41017520427704,11.991436958312988,True,0.0014685984413162197,1.0,0.4609375,0.5390625,0.0
dreamlite-single-set,1,r5-f1-392d41fd097d069c42218e0a,92,2.9293302844152674e-05,28.916690826416016,27.34116506576538,8.638579368591309,False,0.0014378914190776428,1.0,0.462890625,0.5390625,0.0
dreamlite-single-set,1,r5-f1-392d41fd097d069c42218e0a,93,2.9274564674606523e-05,27.375022888183594,27.31772792339325,15.77883243560791,True,0.0015005555412827016,1.0,0.4609375,0.5390625,0.0
dreamlite-single-set,1,r5-f1-392d41fd097d069c42218e0a,94,2.9255590665712213e-05,21.54170036315918,27.27606189250946,31.034324645996094,True,0.0013815105243394116,1.0,0.462890625,0.5390625,0.0
dreamlite-single-set,1,r5-f1-392d41fd097d069c42218e0a,95,2.923638129995254e-05,30.333341598510742,27.242207765579224,21.976303100585938,True,0.0014879423877316377,1.0,0.462890625,0.54296875,0.0
dreamlite-single-set,1,r5-f1-392d41fd097d069c42218e0a,96,2.9216937065795103e-05,28.750024795532227,27.19793677330017,7.153564929962158,False,0.0014833926701427321,1.0,0.462890625,0.5390625,0.0
dreamlite-single-set,1,r5-f1-392d41fd097d069c42218e0a,97,2.919725845767987e-05,27.083354949951172,27.161478996276855,8.329538345336914,False,0.0014644970311406247,1.0,0.462890625,0.5390625,0.0
dreamlite-single-set,1,r5-f1-392d41fd097d069c42218e0a,98,2.9177345976006628e-05,22.08336067199707,27.19012486934662,14.47725772857666,True,0.001339622090606184,1.0,0.46484375,0.5390625,0.0
dreamlite-single-set,1,r5-f1-392d41fd097d069c42218e0a,99,2.9157200127122236e-05,30.125009536743164,27.153666615486145,7.098357677459717,False,0.0014160238142230878,1.0,0.462890625,0.54296875,0.0
dreamlite-single-set,1,r5-f1-392d41fd097d069c42218e0a,100,2.913682142330775e-05,28.750024795532227,27.091166853904724,26.764026641845703,True,0.001236015536139612,1.0,0.46484375,0.5390625,0.0
dreamlite-single-set,1,r5-f1-392d41fd097d069c42218e0a,101,2.911621038276542e-05,27.125022888183594,27.091166853904724,15.383858680725098,True,0.00114404718024467,1.0,0.46484375,0.54296875,0.0
dreamlite-single-set,1,r5-f1-392d41fd097d069c42218e0a,102,2.909536752960549e-05,21.833358764648438,27.080750107765198,15.612646102905273,True,0.001182346382820523,1.0,0.46484375,0.54296875,0.0
dreamlite-single-set,1,r5-f1-392d41fd097d069c42218e0a,103,2.9074293393832876e-05,30.458341598510742,27.04689598083496,16.52281379699707,True,0.0011993104092243095,1.0,0.46484375,0.54296875,0.0
dreamlite-single-set,1,r5-f1-392d41fd097d069c42218e0a,104,2.90529885113337e-05,29.041688919067383,27.033875107765198,6.113638877868652,False,0.0012166833149288901,1.0,0.46484375,0.54296875,0.0
dreamlite-single-set,1,r5-f1-392d41fd097d069c42218e0a,105,2.9031453423861642e-05,26.916688919067383,27.04689586162567,72.04962158203125,True,0.0012463368498393404,1.0,0.46484375,0.54296875,0.0
dreamlite-single-set,1,r5-f1-392d41fd097d069c42218e0a,106,2.9009688679024187e-05,21.708362579345703,27.036479353904724,10.84711742401123,True,0.001345574780886699,1.0,0.46484375,0.54296875,0.0
dreamlite-single-set,1,r5-f1-392d41fd097d069c42218e0a,107,2.8987694830268685e-05,30.541675567626953,27.036479353904724,10.482940673828125,True,0.0013433291397183605,1.0,0.46484375,0.54296875,0.0
dreamlite-single-set,1,r5-f1-392d41fd097d069c42218e0a,108,2.8965472436868284e-05,28.833356857299805,27.03127098083496,13.48288631439209,True,0.0013520028924523166,1.0,0.46484375,0.54296875,0.0
dreamlite-single-set,1,r5-f1-392d41fd097d069c42218e0a,109,2.894302206390769e-05,26.41669464111328,26.971375465393066,8.633195877075195,False,0.00135932600175187,1.0,0.46484375,0.54296875,0.0
dreamlite-single-set,1,r5-f1-392d41fd097d069c42218e0a,110,2.8920344282268846e-05,21.541698455810547,26.971375346183777,8.717191696166992,False,0.001373670764478722,1.0,0.46484375,0.54296875,0.0
dreamlite-single-set,1,r5-f1-392d41fd097d069c42218e0a,111,2.8897439668616345e-05,30.041675567626953,26.95314621925354,19.19308853149414,True,0.0013706160698056314,1.0,0.46484375,0.546875,0.0
dreamlite-single-set,1,r5-f1-392d41fd097d069c42218e0a,112,2.8874308805382837e-05,28.50002098083496,26.93752098083496,19.069046020507812,True,0.0013148215538762993,1.0,0.46484375,0.54296875,0.0
dreamlite-single-set,1,r5-f1-392d41fd097d069c42218e0a,113,2.8850952280754167e-05,26.87502670288086,26.924500465393066,17.134279251098633,True,0.0013691563359638868,1.0,0.46484375,0.546875,0.0
dreamlite-single-set,1,r5-f1-392d41fd097d069c42218e0a,114,2.8827370688654434e-05,21.041702270507812,26.859396815299988,9.265769958496094,False,0.0013377679540877423,1.0,0.46484375,0.546875,0.0
dreamlite-single-set,1,r5-f1-392d41fd097d069c42218e0a,115,2.880356462873091e-05,30.125009536743164,26.859396815299988,9.662677764892578,False,0.0013392320308594286,1.0,0.46484375,0.546875,0.0
dreamlite-single-set,1,r5-f1-392d41fd097d069c42218e0a,116,2.8779534706338766e-05,28.291690826416016,26.830750942230225,22.423986434936523,True,0.0013236098157600434,1.0,0.46484375,0.546875,0.0
dreamlite-single-set,1,r5-f1-392d41fd097d069c42218e0a,117,2.875528153252567e-05,26.25003433227539,26.776064157485962,12.408427238464355,True,0.0014097858805716063,1.0,0.46484375,0.546875,0.0
dreamlite-single-set,1,r5-f1-392d41fd097d069c42218e0a,118,2.8730805724016292e-05,21.291698455810547,26.742210388183594,21.509742736816406,True,0.0013947249542845452,1.0,0.46484375,0.546875,0.0
dreamlite-single-set,1,r5-f1-392d41fd097d069c42218e0a,119,2.8706107903196563e-05,30.00000762939453,26.71356451511383,7.647454261779785,False,0.001376470962237559,1.0,0.466796875,0.546875,0.0
dreamlite-single-set,1,r5-f1-392d41fd097d069c42218e0a,120,2.868118869809791e-05,28.54169464111328,26.6823148727417,12.732333183288574,True,0.0013207028139085616,1.0,0.466796875,0.546875,0.0
dreamlite-single-set,1,r5-f1-392d41fd097d069c42218e0a,121,2.8656048742381237e-05,26.58336067199707,26.661481857299805,7.583353519439697,False,0.0013408149122083443,1.0,0.46484375,0.546875,0.0
dreamlite-single-set,1,r5-f1-392d41fd097d069c42218e0a,122,2.863068867532084e-05,20.916704177856445,26.612003207206726,22.307907104492188,True,0.0011284065240288615,1.0,0.466796875,0.546875,0.0
dreamlite-single-set,1,r5-f1-392d41fd097d069c42218e0a,123,2.8605109141788138e-05,29.750011444091797,26.56252419948578,38.842464447021484,True,0.0010635012363741062,1.0,0.46484375,0.546875,0.0
dreamlite-single-set,1,r5-f1-392d41fd097d069c42218e0a,124,2.857931079223527e-05,28.66669273376465,26.55210769176483,7.715010643005371,False,0.001024172933716246,1.0,0.466796875,0.546875,0.0
dreamlite-single-set,1,r5-f1-392d41fd097d069c42218e0a,125,2.8553294282678578e-05,26.25003433227539,26.541691422462463,17.86713981628418,True,0.0010273755944788681,1.0,0.466796875,0.546875,0.0
dreamlite-single-set,1,r5-f1-392d41fd097d069c42218e0a,126,2.8527060274681913e-05,20.791706085205078,26.49481689929962,14.754919052124023,True,0.0010496531715899577,1.0,0.466796875,0.546875,0.0
dreamlite-single-set,1,r5-f1-392d41fd097d069c42218e0a,127,2.8500609435339794e-05,30.041675567626953,26.49481689929962,8.04378604888916,False,0.001076638754250127,1.0,0.466796875,0.546875,0.0
dreamlite-single-set,1,r5-f1-392d41fd097d069c42218e0a,128,2.847394243726047e-05,28.12502670288086,26.47137975692749,6.960217475891113,False,0.001133234188188638,1.0,0.466796875,0.546875,0.0
dreamlite-single-set,2,r5-f1-1aee01c0f3e7684c05c9122c,1,1e-05,31.25,31.25,6.652842044830322,False,0.00036230079827746645,1.0,0.453125,0.52734375,0.0
dreamlite-single-set,2,r5-f1-1aee01c0f3e7684c05c9122c,2,1.1333333333333334e-05,31.208335876464844,31.229167938232422,4.577757358551025,False,0.0005687211100922526,1.0,0.453125,0.52734375,0.0
dreamlite-single-set,2,r5-f1-1aee01c0f3e7684c05c9122c,3,1.2666666666666667e-05,31.29166603088379,31.25000063578288,9.852364540100098,False,0.0006219153706867788,1.0,0.453125,0.5234375,0.0
dreamlite-single-set,2,r5-f1-1aee01c0f3e7684c05c9122c,4,1.4000000000000001e-05,29.04166603088379,30.697916984558105,2.6585569381713867,False,0.0006069340615663754,1.0,0.453125,0.52734375,0.0
dreamlite-single-set,2,r5-f1-1aee01c0f3e7684c05c9122c,5,1.5333333333333334e-05,31.583332061767578,30.875,12.531827926635742,True,0.000715707573087088,1.0,0.453125,0.5234375,0.0
dreamlite-single-set,2,r5-f1-1aee01c0f3e7684c05c9122c,6,1.6666666666666667e-05,31.583335876464844,30.99305597941081,6.4602952003479,False,0.0008313521837719618,1.0,0.453125,0.52734375,0.0
dreamlite-single-set,2,r5-f1-1aee01c0f3e7684c05c9122c,7,1.8e-05,31.29166603088379,31.035714558192662,6.330906867980957,False,0.0009417820980066653,1.0,0.453125,0.52734375,0.0
dreamlite-single-set,2,r5-f1-1aee01c0f3e7684c05c9122c,8,1.9333333333333333e-05,29.04166603088379,30.786458492279053,8.972168922424316,False,0.0010373148468674404,1.0,0.455078125,0.52734375,0.0
dreamlite-single-set,2,r5-f1-1aee01c0f3e7684c05c9122c,9,2.0666666666666666e-05,31.458332061767578,30.86111111111111,4.092162132263184,False,0.001149388692383839,1.0,0.453125,0.5234375,0.0
dreamlite-single-set,2,r5-f1-1aee01c0f3e7684c05c9122c,10,2.2e-05,31.875,30.9625,16.000686645507812,True,0.001206520833507822,1.0,0.453125,0.5234375,0.0
dreamlite-single-set,2,r5-f1-1aee01c0f3e7684c05c9122c,11,2.3333333333333332e-05,31.5625,31.017045454545453,10.017433166503906,True,0.00124010658198982,1.0,0.455078125,0.5234375,0.0
dreamlite-single-set,2,r5-f1-1aee01c0f3e7684c05c9122c,12,2.4666666666666665e-05,28.875,30.838541666666668,11.291533470153809,True,0.0013604473691389953,1.0,0.453125,0.52734375,0.0
dreamlite-single-set,2,r5-f1-1aee01c0f3e7684c05c9122c,13,2.6000000000000002e-05,31.458332061767578,30.886217850905197,8.391037940979004,False,0.0014377157402482798,1.0,0.455078125,0.52734375,0.0
dreamlite-single-set,2,r5-f1-1aee01c0f3e7684c05c9122c,14,2.733333333333333e-05,31.5,30.9300594329834,8.565611839294434,False,0.0015790441993574435,1.0,0.453125,0.5234375,0.0
dreamlite-single-set,2,r5-f1-1aee01c0f3e7684c05c9122c,15,2.8666666666666668e-05,31.5,30.968055470784506,4.675271511077881,False,0.0016153903545543492,1.0,0.453125,0.5234375,0.0
dreamlite-single-set,2,r5-f1-1aee01c0f3e7684c05c9122c,16,2.9999999999999997e-05,28.91666603088379,30.83984363079071,19.442861557006836,True,0.0017552395512603891,1.0,0.455078125,0.5234375,0.0
dreamlite-single-set,2,r5-f1-1aee01c0f3e7684c05c9122c,17,2.9999999999999997e-05,31.54166603088379,30.858072757720947,19.004648208618164,True,0.0018300831160527524,1.0,0.455078125,0.52734375,0.0
dreamlite-single-set,2,r5-f1-1aee01c0f3e7684c05c9122c,18,2.9999872856917585e-05,31.8125,30.895833015441895,9.780817031860352,False,0.0015864556592841024,1.0,0.453125,0.52734375,0.0
dreamlite-single-set,2,r5-f1-1aee01c0f3e7684c05c9122c,19,2.999949143090342e-05,31.833332061767578,30.92968714237213,8.536227226257324,False,0.0015289239674000585,1.0,0.455078125,0.5234375,0.0
dreamlite-single-set,2,r5-f1-1aee01c0f3e7684c05c9122c,20,2.9998855731656623e-05,28.75,30.911458015441895,6.24886417388916,False,0.0016158226082422316,1.0,0.455078125,0.5234375,0.0
dreamlite-single-set,2,r5-f1-1aee01c0f3e7684c05c9122c,21,2.999796577534217e-05,31.708332061767578,30.919270515441895,3.328472852706909,False,0.0014416133267061975,1.0,0.455078125,0.52734375,0.0
dreamlite-single-set,2,r5-f1-1aee01c0f3e7684c05c9122c,22,2.99968215845904e-05,31.41666603088379,30.90885365009308,8.252582550048828,False,0.0014766015758196315,1.0,0.453125,0.5234375,0.0
dreamlite-single-set,2,r5-f1-1aee01c0f3e7684c05c9122c,23,2.9995423188496514e-05,31.5,30.921874523162842,7.427030563354492,False,0.001481942803039841,1.0,0.453125,0.52734375,0.0
dreamlite-single-set,2,r5-f1-1aee01c0f3e7684c05c9122c,24,2.9993770622619783e-05,29.125,30.927082896232605,5.7154951095581055,False,0.0014416963388541836,1.0,0.455078125,0.5234375,0.0
dreamlite-single-set,2,r5-f1-1aee01c0f3e7684c05c9122c,25,2.9991863928982672e-05,31.833332061767578,30.950520396232605,4.281538009643555,False,0.001354675577910271,1.0,0.453125,0.5234375,0.0
dreamlite-single-set,2,r5-f1-1aee01c0f3e7684c05c9122c,26,2.998970315606976e-05,31.5,30.927082896232605,16.841264724731445,True,0.0012801875437673507,1.0,0.455078125,0.52734375,0.0
dreamlite-single-set,2,r5-f1-1aee01c0f3e7684c05c9122c,27,2.998728835882651e-05,31.583332061767578,30.92838490009308,7.510211944580078,False,0.0012395471975099781,1.0,0.453125,0.52734375,0.0
dreamlite-single-set,2,r5-f1-1aee01c0f3e7684c05c9122c,28,2.9984619598657892e-05,28.625,30.91275990009308,7.861116409301758,False,0.0013448581940610762,1.0,0.453125,0.52734375,0.0
dreamlite-single-set,2,r5-f1-1aee01c0f3e7684c05c9122c,29,2.9981696943426767e-05,31.25,30.899739146232605,3.293849229812622,False,0.0013220867784252347,1.0,0.453125,0.52734375,0.0
dreamlite-single-set,2,r5-f1-1aee01c0f3e7684c05c9122c,30,2.997852046745222e-05,31.85416603088379,30.921874523162842,7.666234493255615,False,0.0011560182104336438,1.0,0.453125,0.53125,0.0
dreamlite-single-set,2,r5-f1-1aee01c0f3e7684c05c9122c,31,2.9975090251507633e-05,31.75,30.937499523162842,4.285292625427246,False,0.0011672011433546913,1.0,0.455078125,0.52734375,0.0
dreamlite-single-set,2,r5-f1-1aee01c0f3e7684c05c9122c,32,2.9971406382818667e-05,29.333332061767578,30.96354115009308,4.560543060302734,False,0.0010919172271691316,1.0,0.455078125,0.52734375,0.0
dreamlite-single-set,2,r5-f1-1aee01c0f3e7684c05c9122c,33,2.9967468955060995e-05,31.75,30.976562023162842,3.1733593940734863,False,0.0010989926935037204,1.0,0.455078125,0.52734375,0.0
dreamlite-single-set,2,r5-f1-1aee01c0f3e7684c05c9122c,34,2.996327806835797e-05,31.645832061767578,30.966145277023315,12.649916648864746,True,0.0010062214146484409,1.0,0.455078125,0.5234375,0.0
dreamlite-single-set,2,r5-f1-1aee01c0f3e7684c05c9122c,35,2.9958833829278017e-05,31.25,30.929687023162842,9.263211250305176,False,0.0011094333074890526,1.0,0.455078125,0.52734375,0.0
dreamlite-single-set,2,r5-f1-1aee01c0f3e7684c05c9122c,36,2.995413635083201e-05,29.16666603088379,30.95572865009308,4.429736137390137,False,0.0009399040805942247,1.0,0.453125,0.52734375,0.0
dreamlite-single-set,2,r5-f1-1aee01c0f3e7684c05c9122c,37,2.9949185752470325e-05,31.5,30.942707896232605,19.2377986907959,True,0.0010880225252401935,1.0,0.455078125,0.52734375,0.0
dreamlite-single-set,2,r5-f1-1aee01c0f3e7684c05c9122c,38,2.9943982160079822e-05,31.60416603088379,30.954426646232605,6.056498050689697,False,0.001031630515293688,1.0,0.455078125,0.5234375,0.0
dreamlite-single-set,2,r5-f1-1aee01c0f3e7684c05c9122c,39,2.993852570598065e-05,31.41666603088379,30.949218273162842,3.948044538497925,False,0.0010759461331025467,1.0,0.455078125,0.52734375,0.0
dreamlite-single-set,2,r5-f1-1aee01c0f3e7684c05c9122c,40,2.9932816528922903e-05,29.16666603088379,30.95182240009308,3.4215123653411865,False,0.000992049547547862,1.0,0.455078125,0.52734375,0.0
dreamlite-single-set,2,r5-f1-1aee01c0f3e7684c05c9122c,41,2.992685477408305e-05,31.625,30.938801646232605,5.3202738761901855,False,0.0010579035490827914,1.0,0.453125,0.52734375,0.0
dreamlite-single-set,2,r5-f1-1aee01c0f3e7684c05c9122c,42,2.9920640593060258e-05,31.375,30.930989146232605,7.329575538635254,False,0.0009626737687116667,1.0,0.455078125,0.52734375,0.0
dreamlite-single-set,2,r5-f1-1aee01c0f3e7684c05c9122c,43,2.9914174143872566e-05,31.25,30.91015589237213,4.09225606918335,False,0.0009746612946244976,1.0,0.455078125,0.52734375,0.0
dreamlite-single-set,2,r5-f1-1aee01c0f3e7684c05c9122c,44,2.9907455590952825e-05,28.75,30.91796839237213,3.994417428970337,False,0.0010388760722962638,1.0,0.45703125,0.52734375,0.0
dreamlite-single-set,2,r5-f1-1aee01c0f3e7684c05c9122c,45,2.990048510514454e-05,31.375,30.92578089237213,34.522464752197266,True,0.0008267501026249709,1.0,0.453125,0.52734375,0.0
dreamlite-single-set,2,r5-f1-1aee01c0f3e7684c05c9122c,46,2.9893262863697524e-05,31.25,30.888020515441895,5.065056800842285,False,0.0008549023814227303,1.0,0.455078125,0.52734375,0.0
dreamlite-single-set,2,r5-f1-1aee01c0f3e7684c05c9122c,47,2.9885789050263383e-05,31.208332061767578,30.854166269302368,10.261747360229492,True,0.0008489845022471271,1.0,0.455078125,0.5234375,0.0
dreamlite-single-set,2,r5-f1-1aee01c0f3e7684c05c9122c,48,2.987806385489085e-05,28.833332061767578,30.822916269302368,8.49250602722168,False,0.0008322754915593948,1.0,0.453125,0.52734375,0.0
dreamlite-single-set,2,r5-f1-1aee01c0f3e7684c05c9122c,49,2.9870087474020964e-05,31.583332061767578,30.812499523162842,6.448396682739258,False,0.0008406275959001372,1.0,0.455078125,0.52734375,0.0
dreamlite-single-set,2,r5-f1-1aee01c0f3e7684c05c9122c,50,2.9861860110482048e-05,31.60416603088379,30.809895396232605,5.363795757293701,False,0.0008558289926686589,1.0,0.455078125,0.52734375,0.0
dreamlite-single-set,2,r5-f1-1aee01c0f3e7684c05c9122c,51,2.9853381973484574e-05,30.875,30.786457896232605,4.542253494262695,False,0.0008603629020003226,1.0,0.453125,0.52734375,0.0
dreamlite-single-set,2,r5-f1-1aee01c0f3e7684c05c9122c,52,2.9844653278615835e-05,28.958332061767578,30.773437023162842,7.84916353225708,False,0.0008937195628716109,1.0,0.455078125,0.52734375,0.0
dreamlite-single-set,2,r5-f1-1aee01c0f3e7684c05c9122c,53,2.9835674247834466e-05,31.583332061767578,30.778645277023315,6.919827938079834,False,0.001037808276834693,1.0,0.455078125,0.52734375,0.0
dreamlite-single-set,2,r5-f1-1aee01c0f3e7684c05c9122c,54,2.9826445109464805e-05,31.375,30.76432240009308,25.023622512817383,True,0.001090317731393004,1.0,0.453125,0.52734375,0.0
dreamlite-single-set,2,r5-f1-1aee01c0f3e7684c05c9122c,55,2.9816966098191057e-05,31.41666603088379,30.76432240009308,19.607894897460938,True,0.001042397238961321,1.0,0.453125,0.52734375,0.0
dreamlite-single-set,2,r5-f1-1aee01c0f3e7684c05c9122c,56,2.9807237455051384e-05,29.0,30.753905773162842,11.101750373840332,True,0.001251420524780999,1.0,0.45703125,0.52734375,0.0
dreamlite-single-set,2,r5-f1-1aee01c0f3e7684c05c9122c,57,2.9797259427431705e-05,31.333332061767578,30.735676527023315,4.623417377471924,False,0.0012401012142174283,1.0,0.455078125,0.52734375,0.0
dreamlite-single-set,2,r5-f1-1aee01c0f3e7684c05c9122c,58,2.978703226905946e-05,31.625,30.751301527023315,5.499819278717041,False,0.0012065668343570143,1.0,0.455078125,0.5234375,0.0
dreamlite-single-set,2,r5-f1-1aee01c0f3e7684c05c9122c,59,2.9776556239997145e-05,31.375,30.759114027023315,5.089028358459473,False,0.0010346470746393204,1.0,0.455078125,0.52734375,0.0
dreamlite-single-set,2,r5-f1-1aee01c0f3e7684c05c9122c,60,2.9765831606635676e-05,28.75,30.759114027023315,3.5686745643615723,False,0.001071199741974976,1.0,0.455078125,0.52734375,0.0
dreamlite-single-set,2,r5-f1-1aee01c0f3e7684c05c9122c,61,2.975485864168765e-05,31.708332061767578,30.77994728088379,6.635887145996094,False,0.0009511916844812189,1.0,0.455078125,0.52734375,0.0
dreamlite-single-set,2,r5-f1-1aee01c0f3e7684c05c9122c,62,2.974363762418038e-05,31.66666603088379,30.805988907814026,9.007615089416504,False,0.0008900297828431375,1.0,0.455078125,0.52734375,0.0
dreamlite-single-set,2,r5-f1-1aee01c0f3e7684c05c9122c,63,2.973216883944881e-05,30.708332061767578,30.774738907814026,6.734605312347412,False,0.0008077611053284082,1.0,0.455078125,0.52734375,0.0
dreamlite-single-set,2,r5-f1-1aee01c0f3e7684c05c9122c,64,2.972045257912828e-05,28.625,30.761718153953552,5.190401077270508,False,0.0008310652677526704,1.0,0.45703125,0.52734375,0.0
dreamlite-single-set,2,r5-f1-1aee01c0f3e7684c05c9122c,65,2.9708489141147082e-05,31.083332061767578,30.730468153953552,43.325374603271484,True,0.0009367483062108946,1.0,0.453125,0.52734375,0.0
dreamlite-single-set,2,r5-f1-1aee01c0f3e7684c05c9122c,66,2.9696278829718878e-05,31.75,30.739582777023315,5.045877456665039,False,0.0010328822174149974,1.0,0.455078125,0.52734375,0.0
dreamlite-single-set,2,r5-f1-1aee01c0f3e7684c05c9122c,67,2.9683821955335006e-05,31.16666603088379,30.757811903953552,7.907103061676025,False,0.0012187945105954687,1.0,0.45703125,0.5234375,0.0
dreamlite-single-set,2,r5-f1-1aee01c0f3e7684c05c9122c,68,2.9671118834756543e-05,29.0,30.76041615009308,10.349698066711426,True,0.0010763732678944465,1.0,0.455078125,0.52734375,0.0
dreamlite-single-set,2,r5-f1-1aee01c0f3e7684c05c9122c,69,2.9658169791006273e-05,31.0,30.723957896232605,6.592569828033447,False,0.001230884401295969,1.0,0.455078125,0.52734375,0.0
dreamlite-single-set,2,r5-f1-1aee01c0f3e7684c05c9122c,70,2.964497515336046e-05,31.41666603088379,30.726562023162842,6.299038410186768,False,0.0012036895720509268,1.0,0.455078125,0.52734375,0.0
dreamlite-single-set,2,r5-f1-1aee01c0f3e7684c05c9122c,71,2.9631535257340486e-05,31.333332061767578,30.72135365009308,7.348991870880127,False,0.0010884843309110063,1.0,0.455078125,0.52734375,0.0
dreamlite-single-set,2,r5-f1-1aee01c0f3e7684c05c9122c,72,2.9617850444704315e-05,29.0,30.72135365009308,10.238094329833984,True,0.00128482823115863,1.0,0.45703125,0.52734375,0.0
dreamlite-single-set,2,r5-f1-1aee01c0f3e7684c05c9122c,73,2.9603921063437794e-05,31.41666603088379,30.726562023162842,6.296049118041992,False,0.00133464376927367,1.0,0.45703125,0.52734375,0.0
dreamlite-single-set,2,r5-f1-1aee01c0f3e7684c05c9122c,74,2.9589747467745818e-05,31.5,30.718749523162842,7.019281387329102,False,0.0011497512340455894,1.0,0.45703125,0.52734375,0.0
dreamlite-single-set,2,r5-f1-1aee01c0f3e7684c05c9122c,75,2.9575330018043316e-05,30.91666603088379,30.69010365009308,6.318365097045898,False,0.0012027516843849603,1.0,0.455078125,0.52734375,0.0
dreamlite-single-set,2,r5-f1-1aee01c0f3e7684c05c9122c,76,2.9560669080946092e-05,28.875,30.69791615009308,7.417488098144531,False,0.0011316221700955018,1.0,0.455078125,0.52734375,0.0
dreamlite-single-set,2,r5-f1-1aee01c0f3e7684c05c9122c,77,2.9545765029261487e-05,31.5,30.684895396232605,8.953757286071777,False,0.0012725494873964671,1.0,0.455078125,0.52734375,0.0
dreamlite-single-set,2,r5-f1-1aee01c0f3e7684c05c9122c,78,2.9530618241978923e-05,31.66666603088379,30.684895396232605,10.097871780395508,True,0.0014259885912167656,1.0,0.455078125,0.52734375,0.0
dreamlite-single-set,2,r5-f1-1aee01c0f3e7684c05c9122c,79,2.9515229104260233e-05,31.458332061767578,30.731770396232605,3.0996525287628174,False,0.0013233933960866882,1.0,0.455078125,0.52734375,0.0
dreamlite-single-set,2,r5-f1-1aee01c0f3e7684c05c9122c,80,2.9499598007429908e-05,28.5,30.723957896232605,7.127620220184326,False,0.0013736443023745308,1.0,0.45703125,0.52734375,0.0
dreamlite-single-set,2,r5-f1-1aee01c0f3e7684c05c9122c,81,2.948372534896511e-05,31.625,30.75781214237213,6.772230625152588,False,0.001483541531828236,1.0,0.455078125,0.52734375,0.0
dreamlite-single-set,2,r5-f1-1aee01c0f3e7684c05c9122c,82,2.9467611532485588e-05,31.458332061767578,30.739582896232605,10.582230567932129,True,0.001401023662081707,1.0,0.455078125,0.52734375,0.0
dreamlite-single-set,2,r5-f1-1aee01c0f3e7684c05c9122c,83,2.945125696774339e-05,31.25,30.744791269302368,10.697908401489258,True,0.0013768830661418255,1.0,0.45703125,0.52734375,0.0
dreamlite-single-set,2,r5-f1-1aee01c0f3e7684c05c9122c,84,2.9434662070612482e-05,28.333332061767578,30.703124523162842,5.364426612854004,False,0.001358653762975689,1.0,0.453125,0.52734375,0.0
dreamlite-single-set,2,r5-f1-1aee01c0f3e7684c05c9122c,85,2.9417827263078142e-05,31.29166603088379,30.72135365009308,4.527734279632568,False,0.0013936189190266526,1.0,0.45703125,0.52734375,0.0
dreamlite-single-set,2,r5-f1-1aee01c0f3e7684c05c9122c,86,2.940075297322622e-05,31.520832061767578,30.727864027023315,4.378242015838623,False,0.001396845157790065,1.0,0.455078125,0.52734375,0.0
dreamlite-single-set,2,r5-f1-1aee01c0f3e7684c05c9122c,87,2.938343963523229e-05,30.708332061767578,30.688801527023315,11.50705623626709,True,0.0012536535579199509,1.0,0.455078125,0.53125,0.0
dreamlite-single-set,2,r5-f1-1aee01c0f3e7684c05c9122c,88,2.9365887689350595e-05,28.458332061767578,30.65494728088379,11.510417938232422,True,0.0014029306989056106,1.0,0.455078125,0.52734375,0.0
dreamlite-single-set,2,r5-f1-1aee01c0f3e7684c05c9122c,89,2.9348097581902822e-05,31.333332061767578,30.649738907814026,40.29689025878906,True,0.0010098116016962508,1.0,0.45703125,0.52734375,0.0
dreamlite-single-set,2,r5-f1-1aee01c0f3e7684c05c9122c,90,2.933006976526679e-05,31.72916603088379,30.664061784744263,12.565690040588379,True,0.0008687312836797918,1.0,0.45703125,0.52734375,0.0
dreamlite-single-set,2,r5-f1-1aee01c0f3e7684c05c9122c,91,2.9311804697864947e-05,30.75,30.653645157814026,5.438490390777588,False,0.0009481749646555591,1.0,0.45703125,0.52734375,0.0
dreamlite-single-set,2,r5-f1-1aee01c0f3e7684c05c9122c,92,2.9293302844152674e-05,28.125,30.606770157814026,8.47851276397705,False,0.0010090843921363752,1.0,0.45703125,0.52734375,0.0
dreamlite-single-set,2,r5-f1-1aee01c0f3e7684c05c9122c,93,2.9274564674606523e-05,31.29166603088379,30.593749284744263,6.6779398918151855,False,0.001068582955633503,1.0,0.458984375,0.52734375,0.0
dreamlite-single-set,2,r5-f1-1aee01c0f3e7684c05c9122c,94,2.9255590665712213e-05,31.125,30.559895157814026,14.117692947387695,True,0.0010938671977136446,1.0,0.45703125,0.53125,0.0
dreamlite-single-set,2,r5-f1-1aee01c0f3e7684c05c9122c,95,2.923638129995254e-05,30.625,30.507811903953552,8.879342079162598,False,0.001145482881211725,1.0,0.455078125,0.52734375,0.0
dreamlite-single-set,2,r5-f1-1aee01c0f3e7684c05c9122c,96,2.9216937065795103e-05,28.208332061767578,30.489582657814026,8.011796951293945,False,0.001227510201056853,1.0,0.455078125,0.52734375,0.0
dreamlite-single-set,2,r5-f1-1aee01c0f3e7684c05c9122c,97,2.919725845767987e-05,30.875,30.442707657814026,11.250438690185547,True,0.00124765725410336,1.0,0.45703125,0.52734375,0.0
dreamlite-single-set,2,r5-f1-1aee01c0f3e7684c05c9122c,98,2.9177345976006628e-05,30.958335876464844,30.411457896232605,9.948887825012207,False,0.0012003458274981484,1.0,0.455078125,0.52734375,0.0
dreamlite-single-set,2,r5-f1-1aee01c0f3e7684c05c9122c,99,2.9157200127122236e-05,30.41666603088379,30.359374523162842,5.16262149810791,False,0.0012553420701236055,1.0,0.45703125,0.52734375,0.0
dreamlite-single-set,2,r5-f1-1aee01c0f3e7684c05c9122c,100,2.913682142330775e-05,28.125,30.346353769302368,6.117226600646973,False,0.0012734657116075829,1.0,0.45703125,0.52734375,0.0
dreamlite-single-set,2,r5-f1-1aee01c0f3e7684c05c9122c,101,2.911621038276542e-05,31.0,30.32812464237213,4.8423285484313965,False,0.0012353850995156603,1.0,0.458984375,0.52734375,0.0
dreamlite-single-set,2,r5-f1-1aee01c0f3e7684c05c9122c,102,2.909536752960549e-05,30.625,30.272135138511658,4.603919982910156,False,0.0011294152362946923,1.0,0.45703125,0.52734375,0.0
dreamlite-single-set,2,r5-f1-1aee01c0f3e7684c05c9122c,103,2.9074293393832876e-05,30.708332061767578,30.272135138511658,5.566494941711426,False,0.0012381428833734532,1.0,0.45703125,0.53125,0.0
dreamlite-single-set,2,r5-f1-1aee01c0f3e7684c05c9122c,104,2.90529885113337e-05,28.54166603088379,30.27734351158142,9.96412467956543,False,0.0013869599707450084,1.0,0.45703125,0.52734375,0.0
dreamlite-single-set,2,r5-f1-1aee01c0f3e7684c05c9122c,105,2.9031453423861642e-05,30.29166603088379,30.212239384651184,17.84651756286621,True,0.0011580769997945645,1.0,0.45703125,0.52734375,0.0
dreamlite-single-set,2,r5-f1-1aee01c0f3e7684c05c9122c,106,2.9009688679024187e-05,31.333332061767578,30.18749976158142,4.117548942565918,False,0.0011407000532374745,1.0,0.45703125,0.52734375,0.0
dreamlite-single-set,2,r5-f1-1aee01c0f3e7684c05c9122c,107,2.8987694830268685e-05,30.625,30.17968726158142,6.518564701080322,False,0.001163665347142447,1.0,0.45703125,0.52734375,0.0
dreamlite-single-set,2,r5-f1-1aee01c0f3e7684c05c9122c,108,2.8965472436868284e-05,27.75,30.15624976158142,28.67266082763672,True,0.0011483855982506513,1.0,0.45703125,0.52734375,0.0
dreamlite-single-set,2,r5-f1-1aee01c0f3e7684c05c9122c,109,2.894302206390769e-05,31.125,30.145833134651184,5.446591377258301,False,0.0010234434716760055,1.0,0.45703125,0.52734375,0.0
dreamlite-single-set,2,r5-f1-1aee01c0f3e7684c05c9122c,110,2.8920344282268846e-05,30.91666603088379,30.13281226158142,5.152883529663086,False,0.0010513974118387197,1.0,0.45703125,0.53125,0.0
dreamlite-single-set,2,r5-f1-1aee01c0f3e7684c05c9122c,111,2.8897439668616345e-05,30.16666603088379,30.104166388511658,6.8699049949646,False,0.00108408212881928,1.0,0.458984375,0.52734375,0.0
dreamlite-single-set,2,r5-f1-1aee01c0f3e7684c05c9122c,112,2.8874308805382837e-05,27.79166603088379,30.07812476158142,5.979823112487793,False,0.001161682524800866,1.0,0.458984375,0.52734375,0.0
dreamlite-single-set,2,r5-f1-1aee01c0f3e7684c05c9122c,113,2.8850952280754167e-05,31.29166603088379,30.104166388511658,8.190074920654297,False,0.0010528732241464462,1.0,0.458984375,0.52734375,0.0
dreamlite-single-set,2,r5-f1-1aee01c0f3e7684c05c9122c,114,2.8827370688654434e-05,31.333332061767578,30.12760365009308,10.268489837646484,True,0.0011092395160151973,1.0,0.45703125,0.53125,0.0
dreamlite-single-set,2,r5-f1-1aee01c0f3e7684c05c9122c,115,2.880356462873091e-05,30.41666603088379,30.12760365009308,7.3126349449157715,False,0.001169147043731036,1.0,0.458984375,0.53125,0.0
dreamlite-single-set,2,r5-f1-1aee01c0f3e7684c05c9122c,116,2.8779534706338766e-05,28.0,30.11979115009308,7.70106315612793,False,0.001228989211141772,1.0,0.458984375,0.52734375,0.0
dreamlite-single-set,2,r5-f1-1aee01c0f3e7684c05c9122c,117,2.875528153252567e-05,30.958332061767578,30.117186903953552,19.052480697631836,True,0.0011381926477690256,1.0,0.458984375,0.52734375,0.0
dreamlite-single-set,2,r5-f1-1aee01c0f3e7684c05c9122c,118,2.8730805724016292e-05,31.0,30.140624403953552,11.304336547851562,True,0.0011993089572935043,1.0,0.45703125,0.53125,0.0
dreamlite-single-set,2,r5-f1-1aee01c0f3e7684c05c9122c,119,2.8706107903196563e-05,30.79166603088379,30.145832777023315,6.106001853942871,False,0.0012521173548316576,1.0,0.45703125,0.53515625,0.0
dreamlite-single-set,2,r5-f1-1aee01c0f3e7684c05c9122c,120,2.868118869809791e-05,27.75,30.09635365009308,5.587303638458252,False,0.001292738482781498,1.0,0.458984375,0.52734375,0.0
dreamlite-single-set,2,r5-f1-1aee01c0f3e7684c05c9122c,121,2.8656048742381237e-05,30.583332061767578,30.114582777023315,6.820589542388916,False,0.0013638789455752078,1.0,0.458984375,0.53125,0.0
dreamlite-single-set,2,r5-f1-1aee01c0f3e7684c05c9122c,122,2.863068867532084e-05,31.083332061767578,30.098957777023315,8.371800422668457,False,0.0013886695188425695,1.0,0.458984375,0.53125,0.0
dreamlite-single-set,2,r5-f1-1aee01c0f3e7684c05c9122c,123,2.8605109141788138e-05,30.25,30.075520277023315,6.9778828620910645,False,0.0014622386943098826,1.0,0.458984375,0.52734375,0.0
dreamlite-single-set,2,r5-f1-1aee01c0f3e7684c05c9122c,124,2.857931079223527e-05,27.708332061767578,30.07291603088379,10.691248893737793,True,0.0015481615216183342,1.0,0.458984375,0.52734375,0.0
dreamlite-single-set,2,r5-f1-1aee01c0f3e7684c05c9122c,125,2.8553294282678578e-05,30.125,30.01041603088379,20.415876388549805,True,0.0016977130656931744,1.0,0.458984375,0.53125,0.0
dreamlite-single-set,2,r5-f1-1aee01c0f3e7684c05c9122c,126,2.8527060274681913e-05,30.958332061767578,30.013020157814026,10.975634574890137,True,0.0017494004095607236,1.0,0.4609375,0.53125,0.0
dreamlite-single-set,2,r5-f1-1aee01c0f3e7684c05c9122c,127,2.8500609435339794e-05,30.29166603088379,30.020832657814026,7.714540004730225,False,0.001708248540587006,1.0,0.458984375,0.53125,0.0
dreamlite-single-set,2,r5-f1-1aee01c0f3e7684c05c9122c,128,2.847394243726047e-05,27.708332061767578,30.015624284744263,13.023066520690918,True,0.0017410444161048168,1.0,0.4609375,0.52734375,0.0
dreamlite-single-set,3,r5-f1-807090710dd4c077a97348ba,1,1e-05,33.45833206176758,33.45833206176758,5.516112804412842,False,0.0003622834497319986,1.0,0.455078125,0.5390625,0.0
dreamlite-single-set,3,r5-f1-807090710dd4c077a97348ba,2,1.1333333333333334e-05,33.20833206176758,33.33333206176758,5.204874515533447,False,0.000588986879011059,1.0,0.453125,0.5390625,0.0
dreamlite-single-set,3,r5-f1-807090710dd4c077a97348ba,3,1.2666666666666667e-05,38.0625,34.90972137451172,3.841310739517212,False,0.0006849470950721516,1.0,0.453125,0.5390625,0.0
dreamlite-single-set,3,r5-f1-807090710dd4c077a97348ba,4,1.4000000000000001e-05,36.22916793823242,35.239583015441895,2.0653488636016846,False,0.000747390582942211,1.0,0.455078125,0.5390625,0.0
dreamlite-single-set,3,r5-f1-807090710dd4c077a97348ba,5,1.5333333333333334e-05,33.875,34.96666641235352,7.357370853424072,False,0.0007610916165499133,1.0,0.455078125,0.5390625,0.0
dreamlite-single-set,3,r5-f1-807090710dd4c077a97348ba,6,1.6666666666666667e-05,33.25,34.68055534362793,3.901902914047241,False,0.0007062631362454121,1.0,0.453125,0.5390625,0.0
dreamlite-single-set,3,r5-f1-807090710dd4c077a97348ba,7,1.8e-05,38.1875,35.181547437395366,4.098527431488037,False,0.0007891549357442201,1.0,0.455078125,0.5390625,0.0
dreamlite-single-set,3,r5-f1-807090710dd4c077a97348ba,8,1.9333333333333333e-05,36.02083206176758,35.286458015441895,4.070201396942139,False,0.0009145064555834055,1.0,0.455078125,0.5390625,0.0
dreamlite-single-set,3,r5-f1-807090710dd4c077a97348ba,9,2.0666666666666666e-05,33.91666793823242,35.134259117974175,3.4060325622558594,False,0.00102133118965724,1.0,0.453125,0.5390625,0.0
dreamlite-single-set,3,r5-f1-807090710dd4c077a97348ba,10,2.2e-05,33.83333206176758,35.00416641235351,3.651596784591675,False,0.0009224883576442074,1.0,0.455078125,0.5390625,0.0
dreamlite-single-set,3,r5-f1-807090710dd4c077a97348ba,11,2.3333333333333332e-05,38.39583206176758,35.312499653209336,4.09099817276001,False,0.0010811681662152679,1.0,0.455078125,0.5390625,0.0
dreamlite-single-set,3,r5-f1-807090710dd4c077a97348ba,12,2.4666666666666665e-05,36.02083206176758,35.371527353922524,3.1668519973754883,False,0.0011577707264115013,1.0,0.453125,0.53515625,0.0
dreamlite-single-set,3,r5-f1-807090710dd4c077a97348ba,13,2.6000000000000002e-05,33.875,35.256409865159256,4.596443176269531,False,0.001294279200725603,1.0,0.455078125,0.5390625,0.0
dreamlite-single-set,3,r5-f1-807090710dd4c077a97348ba,14,2.733333333333333e-05,33.04166793823242,35.09821401323591,5.397802829742432,False,0.001435229868376463,1.0,0.453125,0.5390625,0.0
dreamlite-single-set,3,r5-f1-807090710dd4c077a97348ba,15,2.8666666666666668e-05,38.08333206176758,35.29722188313802,2.9316232204437256,False,0.0015493418646190676,1.0,0.453125,0.5390625,0.0
dreamlite-single-set,3,r5-f1-807090710dd4c077a97348ba,16,2.9999999999999997e-05,36.125,35.348958015441895,3.3814890384674072,False,0.0016826657873388183,1.0,0.453125,0.5390625,0.0
dreamlite-single-set,3,r5-f1-807090710dd4c077a97348ba,17,2.9999999999999997e-05,34.16666793823242,35.39322900772095,3.633155584335327,False,0.001747787481815536,1.0,0.455078125,0.5390625,0.0
dreamlite-single-set,3,r5-f1-807090710dd4c077a97348ba,18,2.9999872856917585e-05,33.33333206176758,35.40104150772095,6.991026878356934,False,0.001788160671569974,1.0,0.455078125,0.5390625,0.0
dreamlite-single-set,3,r5-f1-807090710dd4c077a97348ba,19,2.999949143090342e-05,38.0625,35.40104150772095,6.599856376647949,False,0.001807394269662976,1.0,0.455078125,0.5390625,0.0
dreamlite-single-set,3,r5-f1-807090710dd4c077a97348ba,20,2.9998855731656623e-05,35.97916793823242,35.38541650772095,3.47711443901062,False,0.0018106476901333165,1.0,0.453125,0.5390625,0.0
dreamlite-single-set,3,r5-f1-807090710dd4c077a97348ba,21,2.999796577534217e-05,33.54166793823242,35.364583253860474,9.596661567687988,False,0.0018677109906517892,1.0,0.455078125,0.5390625,0.0
dreamlite-single-set,3,r5-f1-807090710dd4c077a97348ba,22,2.99968215845904e-05,33.58333206176758,35.38541650772095,3.757737636566162,False,0.0018795575277998165,1.0,0.455078125,0.5390625,0.0
dreamlite-single-set,3,r5-f1-807090710dd4c077a97348ba,23,2.9995423188496514e-05,38.0,35.37369775772095,2.029938220977783,False,0.001759034641458303,1.0,0.453125,0.5390625,0.0
dreamlite-single-set,3,r5-f1-807090710dd4c077a97348ba,24,2.9993770622619783e-05,35.75,35.356770753860474,8.46557331085205,False,0.0018510449447104612,1.0,0.453125,0.5390625,0.0
dreamlite-single-set,3,r5-f1-807090710dd4c077a97348ba,25,2.9991863928982672e-05,33.66666793823242,35.341145753860474,4.4621148109436035,False,0.0017750906614720525,1.0,0.455078125,0.5390625,0.0
dreamlite-single-set,3,r5-f1-807090710dd4c077a97348ba,26,2.998970315606976e-05,33.16666793823242,35.299479246139526,4.5192461013793945,False,0.0018322067443276217,1.0,0.455078125,0.5390625,0.0
dreamlite-single-set,3,r5-f1-807090710dd4c077a97348ba,27,2.998728835882651e-05,38.20833206176758,35.287760496139526,3.414459228515625,False,0.0018084912766661559,1.0,0.455078125,0.5390625,0.0
dreamlite-single-set,3,r5-f1-807090710dd4c077a97348ba,28,2.9984619598657892e-05,36.125,35.29427099227905,3.2577433586120605,False,0.0018269286716165272,1.0,0.455078125,0.5390625,0.0
dreamlite-single-set,3,r5-f1-807090710dd4c077a97348ba,29,2.9981696943426767e-05,33.66666793823242,35.28125023841858,6.308767795562744,False,0.001926014083644145,1.0,0.45703125,0.5390625,0.0
dreamlite-single-set,3,r5-f1-807090710dd4c077a97348ba,30,2.997852046745222e-05,33.0,35.27864599227905,6.94534969329834,False,0.0019586370921957016,1.0,0.453125,0.5390625,0.0
dreamlite-single-set,3,r5-f1-807090710dd4c077a97348ba,31,2.9975090251507633e-05,38.10416793823242,35.279948234558105,2.6566402912139893,False,0.0018526650633915581,1.0,0.455078125,0.5390625,0.0
dreamlite-single-set,3,r5-f1-807090710dd4c077a97348ba,32,2.9971406382818667e-05,36.20833206176758,35.28515648841858,7.425680160522461,False,0.0019496633684850998,1.0,0.453125,0.5390625,0.0
dreamlite-single-set,3,r5-f1-807090710dd4c077a97348ba,33,2.9967468955060995e-05,33.75,35.25911474227905,5.130026817321777,False,0.0019650232154420078,1.0,0.455078125,0.5390625,0.0
dreamlite-single-set,3,r5-f1-807090710dd4c077a97348ba,34,2.996327806835797e-05,33.125,35.24609398841858,3.4733726978302,False,0.0019810709681191076,1.0,0.455078125,0.5390625,0.0
dreamlite-single-set,3,r5-f1-807090710dd4c077a97348ba,35,2.9958833829278017e-05,38.0,35.24218773841858,2.939605712890625,False,0.0018755307400506634,1.0,0.455078125,0.5390625,0.0
dreamlite-single-set,3,r5-f1-807090710dd4c077a97348ba,36,2.995413635083201e-05,36.20833206176758,35.256510496139526,9.091171264648438,False,0.001816751035131856,1.0,0.455078125,0.5390625,0.0
dreamlite-single-set,3,r5-f1-807090710dd4c077a97348ba,37,2.9949185752470325e-05,33.79166793823242,35.272135496139526,8.582611083984375,False,0.0019255964762532227,1.0,0.455078125,0.5390625,0.0
dreamlite-single-set,3,r5-f1-807090710dd4c077a97348ba,38,2.9943982160079822e-05,32.95833206176758,35.233072996139526,6.121877670288086,False,0.0020056731782886685,1.0,0.45703125,0.5390625,0.0
dreamlite-single-set,3,r5-f1-807090710dd4c077a97348ba,39,2.993852570598065e-05,37.625,35.209635496139526,5.08017635345459,False,0.0018646986899820454,1.0,0.455078125,0.5390625,0.0
dreamlite-single-set,3,r5-f1-807090710dd4c077a97348ba,40,2.9932816528922903e-05,36.0625,35.229166746139526,6.46270227432251,False,0.0017061416169950035,1.0,0.455078125,0.5390625,0.0
dreamlite-single-set,3,r5-f1-807090710dd4c077a97348ba,41,2.992685477408305e-05,33.83333206176758,35.239583253860474,8.800769805908203,False,0.0017434024758364033,1.0,0.455078125,0.5390625,0.0
dreamlite-single-set,3,r5-f1-807090710dd4c077a97348ba,42,2.9920640593060258e-05,32.91666793823242,35.223958253860474,3.0044755935668945,False,0.0017160658438032186,1.0,0.45703125,0.5390625,0.0
dreamlite-single-set,3,r5-f1-807090710dd4c077a97348ba,43,2.9914174143872566e-05,37.89583206176758,35.204427003860474,2.889862537384033,False,0.0016801890132979904,1.0,0.45703125,0.5390625,0.0
dreamlite-single-set,3,r5-f1-807090710dd4c077a97348ba,44,2.9907455590952825e-05,36.04166793823242,35.19921875,3.6037437915802,False,0.0016073310205699264,1.0,0.455078125,0.5390625,0.0
dreamlite-single-set,3,r5-f1-807090710dd4c077a97348ba,45,2.990048510514454e-05,34.125,35.227864503860474,5.102858066558838,False,0.0015400575088438543,1.0,0.455078125,0.5390625,0.0
dreamlite-single-set,3,r5-f1-807090710dd4c077a97348ba,46,2.9893262863697524e-05,33.0,35.227864503860474,3.371366024017334,False,0.0015542451310236935,1.0,0.455078125,0.5390625,0.0
dreamlite-single-set,3,r5-f1-807090710dd4c077a97348ba,47,2.9885789050263383e-05,37.60416793823242,35.196614503860474,7.929177284240723,False,0.001341151159410115,1.0,0.45703125,0.5390625,0.0
dreamlite-single-set,3,r5-f1-807090710dd4c077a97348ba,48,2.987806385489085e-05,35.72916793823242,35.166666746139526,3.9875094890594482,False,0.0013348221717696146,1.0,0.455078125,0.5390625,0.0
dreamlite-single-set,3,r5-f1-807090710dd4c077a97348ba,49,2.9870087474020964e-05,33.95833206176758,35.1796875,15.147971153259277,True,0.001422223716032985,1.0,0.455078125,0.5390625,0.0
dreamlite-single-set,3,r5-f1-807090710dd4c077a97348ba,50,2.9861860110482048e-05,33.20833206176758,35.184895753860474,4.40946626663208,False,0.001416794650965678,1.0,0.45703125,0.5390625,0.0
dreamlite-single-set,3,r5-f1-807090710dd4c077a97348ba,51,2.9853381973484574e-05,38.0,35.184895753860474,6.372180461883545,False,0.0014656558287384032,1.0,0.455078125,0.5390625,0.0
dreamlite-single-set,3,r5-f1-807090710dd4c077a97348ba,52,2.9844653278615835e-05,35.70833206176758,35.153645753860474,5.765650272369385,False,0.0013291499955458185,1.0,0.455078125,0.5390625,0.0
dreamlite-single-set,3,r5-f1-807090710dd4c077a97348ba,53,2.9835674247834466e-05,33.70833206176758,35.14843726158142,7.339503288269043,False,0.0013742306555122898,1.0,0.45703125,0.5390625,0.0
dreamlite-single-set,3,r5-f1-807090710dd4c077a97348ba,54,2.9826445109464805e-05,32.875,35.14322900772095,7.658176898956299,False,0.0011537148376340295,1.0,0.45703125,0.5390625,0.0
dreamlite-single-set,3,r5-f1-807090710dd4c077a97348ba,55,2.9816966098191057e-05,37.375,35.12760400772095,5.401431560516357,False,0.001161671081729115,1.0,0.45703125,0.53515625,0.0
dreamlite-single-set,3,r5-f1-807090710dd4c077a97348ba,56,2.9807237455051384e-05,35.47916793823242,35.091145753860474,5.496575832366943,False,0.0011435913765795451,1.0,0.45703125,0.53515625,0.0
dreamlite-single-set,3,r5-f1-807090710dd4c077a97348ba,57,2.9797259427431705e-05,34.33333206176758,35.122395753860474,9.015809059143066,False,0.001181635493410386,1.0,0.45703125,0.53515625,0.0
dreamlite-single-set,3,r5-f1-807090710dd4c077a97348ba,58,2.978703226905946e-05,33.29166793823242,35.145833253860474,6.160161972045898,False,0.0012532062491212455,1.0,0.455078125,0.5390625,0.0
dreamlite-single-set,3,r5-f1-807090710dd4c077a97348ba,59,2.9776556239997145e-05,37.83333206176758,35.141927003860474,5.4306254386901855,False,0.0013206318032752656,1.0,0.455078125,0.5390625,0.0
dreamlite-single-set,3,r5-f1-807090710dd4c077a97348ba,60,2.9765831606635676e-05,35.0,35.07682275772095,7.923545837402344,False,0.0013246700102072524,1.0,0.455078125,0.5390625,0.0
dreamlite-single-set,3,r5-f1-807090710dd4c077a97348ba,61,2.975485864168765e-05,33.95833206176758,35.06640601158142,7.882906913757324,False,0.0013532093374503304,1.0,0.45703125,0.53515625,0.0
dreamlite-single-set,3,r5-f1-807090710dd4c077a97348ba,62,2.974363762418038e-05,32.79166793823242,35.05338525772095,7.242015838623047,False,0.0012779529185336746,1.0,0.45703125,0.53515625,0.0
dreamlite-single-set,3,r5-f1-807090710dd4c077a97348ba,63,2.973216883944881e-05,37.83333206176758,35.067708015441895,5.281015396118164,False,0.001250843937207965,1.0,0.455078125,0.53515625,0.0
dreamlite-single-set,3,r5-f1-807090710dd4c077a97348ba,64,2.972045257912828e-05,35.70833206176758,35.06640577316284,3.7812273502349854,False,0.0012256288040698822,1.0,0.455078125,0.53515625,0.0
dreamlite-single-set,3,r5-f1-807090710dd4c077a97348ba,65,2.9708489141147082e-05,33.66666793823242,35.048176765441895,5.705071926116943,False,0.0012169860523696756,1.0,0.45703125,0.5390625,0.0
dreamlite-single-set,3,r5-f1-807090710dd4c077a97348ba,66,2.9696278829718878e-05,33.08333206176758,35.040364265441895,4.206820964813232,False,0.0011620895050274607,1.0,0.45703125,0.53515625,0.0
dreamlite-single-set,3,r5-f1-807090710dd4c077a97348ba,67,2.9683821955335006e-05,37.64583206176758,35.01822876930237,4.4375104904174805,False,0.0012259940741799057,1.0,0.45703125,0.5390625,0.0
dreamlite-single-set,3,r5-f1-807090710dd4c077a97348ba,68,2.9671118834756543e-05,35.54166793823242,35.00781226158142,5.443326950073242,False,0.0012862425656400298,1.0,0.455078125,0.53515625,0.0
dreamlite-single-set,3,r5-f1-807090710dd4c077a97348ba,69,2.9658169791006273e-05,33.41666793823242,34.989583253860474,5.460853576660156,False,0.0013461947961960579,1.0,0.455078125,0.53515625,0.0
dreamlite-single-set,3,r5-f1-807090710dd4c077a97348ba,70,2.964497515336046e-05,33.16666793823242,35.0078125,10.399466514587402,True,0.0014375792900597135,1.0,0.45703125,0.53515625,0.0
dreamlite-single-set,3,r5-f1-807090710dd4c077a97348ba,71,2.9631535257340486e-05,37.3125,35.00390625,4.654662132263184,False,0.001332609012478889,1.0,0.45703125,0.53515625,0.0
dreamlite-single-set,3,r5-f1-807090710dd4c077a97348ba,72,2.9617850444704315e-05,35.33333206176758,34.99479150772095,3.858060359954834,False,0.0013408562624013297,1.0,0.45703125,0.53515625,0.0
dreamlite-single-set,3,r5-f1-807090710dd4c077a97348ba,73,2.9603921063437794e-05,33.54166793823242,34.9453125,4.389229774475098,False,0.001420329535137268,1.0,0.455078125,0.5390625,0.0
dreamlite-single-set,3,r5-f1-807090710dd4c077a97348ba,74,2.9589747467745818e-05,32.95833206176758,34.92447900772095,12.725144386291504,True,0.0013387964778079548,1.0,0.45703125,0.53515625,0.0
dreamlite-single-set,3,r5-f1-807090710dd4c077a97348ba,75,2.9575330018043316e-05,37.45833206176758,34.90104150772095,8.14500617980957,False,0.0014347494577095703,1.0,0.455078125,0.53515625,0.0
dreamlite-single-set,3,r5-f1-807090710dd4c077a97348ba,76,2.9560669080946092e-05,35.29166793823242,34.919270753860474,5.568502902984619,False,0.0014609955228178954,1.0,0.455078125,0.5390625,0.0
dreamlite-single-set,3,r5-f1-807090710dd4c077a97348ba,77,2.9545765029261487e-05,33.25,34.875,6.50136137008667,False,0.0015356278235471022,1.0,0.45703125,0.5390625,0.0
dreamlite-single-set,3,r5-f1-807090710dd4c077a97348ba,78,2.9530618241978923e-05,32.33333206176758,34.84635400772095,5.063013076782227,False,0.0016001482516367126,1.0,0.45703125,0.53515625,0.0
dreamlite-single-set,3,r5-f1-807090710dd4c077a97348ba,79,2.9515229104260233e-05,37.125,34.802083253860474,3.654003858566284,False,0.0016223377002834883,1.0,0.455078125,0.53515625,0.0
dreamlite-single-set,3,r5-f1-807090710dd4c077a97348ba,80,2.9499598007429908e-05,35.04166793823242,34.760416746139526,6.129460334777832,False,0.0017037052933252814,1.0,0.455078125,0.5390625,0.0
dreamlite-single-set,3,r5-f1-807090710dd4c077a97348ba,81,2.948372534896511e-05,33.45833206176758,34.747395753860474,7.061456680297852,False,0.0017946420276051928,1.0,0.45703125,0.5390625,0.0
dreamlite-single-set,3,r5-f1-807090710dd4c077a97348ba,82,2.9467611532485588e-05,32.25,34.6953125,10.848423957824707,True,0.0019501594630471635,1.0,0.45703125,0.53515625,0.0
dreamlite-single-set,3,r5-f1-807090710dd4c077a97348ba,83,2.945125696774339e-05,37.02083206176758,34.65625,5.5567731857299805,False,0.0019671603369366196,1.0,0.45703125,0.53515625,0.0
dreamlite-single-set,3,r5-f1-807090710dd4c077a97348ba,84,2.9434662070612482e-05,35.29166793823242,34.640625,5.289384365081787,False,0.0018910021493982205,1.0,0.45703125,0.53515625,0.0
dreamlite-single-set,3,r5-f1-807090710dd4c077a97348ba,85,2.9417827263078142e-05,32.41666793823242,34.578125,8.692412376403809,False,0.001794174968311399,1.0,0.45703125,0.53515625,0.0
dreamlite-single-set,3,r5-f1-807090710dd4c077a97348ba,86,2.940075297322622e-05,32.20833206176758,34.51822900772095,12.923050880432129,True,0.0017800074959523492,1.0,0.45703125,0.53515625,0.0
dreamlite-single-set,3,r5-f1-807090710dd4c077a97348ba,87,2.938343963523229e-05,37.10416793823242,34.505208253860474,5.483923435211182,False,0.0017211148162805511,1.0,0.45703125,0.53515625,0.0
dreamlite-single-set,3,r5-f1-807090710dd4c077a97348ba,88,2.9365887689350595e-05,34.89583206176758,34.477864503860474,4.271389484405518,False,0.0016514416242736768,1.0,0.45703125,0.53515625,0.0
dreamlite-single-set,3,r5-f1-807090710dd4c077a97348ba,89,2.9348097581902822e-05,32.58333206176758,34.41796851158142,8.81334400177002,False,0.0017658685491863068,1.0,0.458984375,0.53515625,0.0
dreamlite-single-set,3,r5-f1-807090710dd4c077a97348ba,90,2.933006976526679e-05,32.66666793823242,34.399739503860474,11.64304256439209,True,0.0016049384025963412,1.0,0.458984375,0.53515625,0.0
dreamlite-single-set,3,r5-f1-807090710dd4c077a97348ba,91,2.9311804697864947e-05,36.60416793823242,34.346354246139526,5.119897365570068,False,0.0015211786252745687,1.0,0.458984375,0.53515625,0.0
dreamlite-single-set,3,r5-f1-807090710dd4c077a97348ba,92,2.9293302844152674e-05,35.02083206176758,34.329427003860474,7.784671783447266,False,0.0014359559608023958,1.0,0.45703125,0.53515625,0.0
dreamlite-single-set,3,r5-f1-807090710dd4c077a97348ba,93,2.9274564674606523e-05,31.708332061767578,34.23307275772095,9.214160919189453,False,0.001465517609773806,1.0,0.458984375,0.53515625,0.0
dreamlite-single-set,3,r5-f1-807090710dd4c077a97348ba,94,2.9255590665712213e-05,32.33333206176758,34.23307275772095,7.466445446014404,False,0.0015395187481137037,1.0,0.458984375,0.53515625,0.0
dreamlite-single-set,3,r5-f1-807090710dd4c077a97348ba,95,2.923638129995254e-05,37.1875,34.23697900772095,7.397264003753662,False,0.0016236989046530415,1.0,0.45703125,0.53515625,0.0
dreamlite-single-set,3,r5-f1-807090710dd4c077a97348ba,96,2.9216937065795103e-05,35.0625,34.23828101158142,465.2846984863281,True,0.0015743943931029185,1.0,0.458984375,0.53515625,0.0
dreamlite-single-set,3,r5-f1-807090710dd4c077a97348ba,97,2.919725845767987e-05,33.20833206176758,34.22265601158142,6.6413960456848145,False,0.0016350915864379932,1.0,0.45703125,0.53515625,0.0
dreamlite-single-set,3,r5-f1-807090710dd4c077a97348ba,98,2.9177345976006628e-05,32.79166793823242,34.25651025772095,8.639327049255371,False,0.0015480700501390467,1.0,0.458984375,0.53515625,0.0
dreamlite-single-set,3,r5-f1-807090710dd4c077a97348ba,99,2.9157200127122236e-05,36.33333206176758,34.21354150772095,4.746688365936279,False,0.0015621045952751668,1.0,0.458984375,0.53515625,0.0
dreamlite-single-set,3,r5-f1-807090710dd4c077a97348ba,100,2.913682142330775e-05,34.83333206176758,34.184895515441895,5.6404266357421875,False,0.0015776025811440175,1.0,0.458984375,0.53515625,0.0
dreamlite-single-set,3,r5-f1-807090710dd4c077a97348ba,101,2.911621038276542e-05,32.625,34.19791626930237,9.003761291503906,False,0.0016853057327689894,1.0,0.458984375,0.53515625,0.0
dreamlite-single-set,3,r5-f1-807090710dd4c077a97348ba,102,2.909536752960549e-05,32.375,34.208333015441895,15.11727237701416,True,0.0016665437910472385,1.0,0.458984375,0.53515625,0.0
dreamlite-single-set,3,r5-f1-807090710dd4c077a97348ba,103,2.9074293393832876e-05,37.0,34.20182251930237,6.735504627227783,False,0.0016249110158699617,1.0,0.458984375,0.53515625,0.0
dreamlite-single-set,3,r5-f1-807090710dd4c077a97348ba,104,2.90529885113337e-05,34.64583206176758,34.18619751930237,9.039727210998535,False,0.0015348950028669756,1.0,0.4609375,0.53515625,0.0
dreamlite-single-set,3,r5-f1-807090710dd4c077a97348ba,105,2.9031453423861642e-05,32.79166793823242,34.19921851158142,9.04314136505127,False,0.0015231957659663218,1.0,0.458984375,0.53515625,0.0
dreamlite-single-set,3,r5-f1-807090710dd4c077a97348ba,106,2.9009688679024187e-05,32.08333206176758,34.16276001930237,6.303811550140381,False,0.0015522610825953328,1.0,0.458984375,0.53515625,0.0
dreamlite-single-set,3,r5-f1-807090710dd4c077a97348ba,107,2.8987694830268685e-05,36.33333206176758,34.145832777023315,8.22042179107666,False,0.0015992231675993288,1.0,0.4609375,0.53515625,0.0
dreamlite-single-set,3,r5-f1-807090710dd4c077a97348ba,108,2.8965472436868284e-05,34.5,34.11328077316284,6.409991264343262,False,0.0016141160723888094,1.0,0.4609375,0.53515625,0.0
dreamlite-single-set,3,r5-f1-807090710dd4c077a97348ba,109,2.894302206390769e-05,32.0,34.13151001930237,14.109131813049316,True,0.0015045149612777176,1.0,0.4609375,0.53515625,0.0
dreamlite-single-set,3,r5-f1-807090710dd4c077a97348ba,110,2.8920344282268846e-05,32.16666793823242,34.12109351158142,8.11314868927002,False,0.0015330469673810801,1.0,0.4609375,0.53515625,0.0
dreamlite-single-set,3,r5-f1-807090710dd4c077a97348ba,111,2.8897439668616345e-05,36.54166793823242,34.08072900772095,172.27825927734375,True,0.0013756912160430709,1.0,0.4609375,0.53125,0.0
dreamlite-single-set,3,r5-f1-807090710dd4c077a97348ba,112,2.8874308805382837e-05,34.58333206176758,34.05078101158142,6.35399866104126,False,0.0013799289581367018,1.0,0.4609375,0.53125,0.0
dreamlite-single-set,3,r5-f1-807090710dd4c077a97348ba,113,2.8850952280754167e-05,32.41666793823242,34.001302003860474,7.7330322265625,False,0.001400470011607924,1.0,0.4609375,0.53515625,0.0
dreamlite-single-set,3,r5-f1-807090710dd4c077a97348ba,114,2.8827370688654434e-05,31.54166603088379,33.923176884651184,13.030179023742676,True,0.0013612069364637358,1.0,0.4609375,0.53515625,0.0
dreamlite-single-set,3,r5-f1-807090710dd4c077a97348ba,115,2.880356462873091e-05,36.5625,33.93749988079071,8.340331077575684,False,0.0013668534641976798,1.0,0.458984375,0.53125,0.0
dreamlite-single-set,3,r5-f1-807090710dd4c077a97348ba,116,2.8779534706338766e-05,34.41666793823242,33.91145837306976,11.551876068115234,True,0.0013599930927301644,1.0,0.4609375,0.53125,0.0
dreamlite-single-set,3,r5-f1-807090710dd4c077a97348ba,117,2.875528153252567e-05,32.375,33.89583337306976,9.713288307189941,False,0.0013422125609469013,1.0,0.4609375,0.53125,0.0
dreamlite-single-set,3,r5-f1-807090710dd4c077a97348ba,118,2.8730805724016292e-05,32.25,33.88802087306976,16.540630340576172,True,0.0013326270145617835,1.0,0.4609375,0.53515625,0.0
dreamlite-single-set,3,r5-f1-807090710dd4c077a97348ba,119,2.8706107903196563e-05,36.3125,33.84505212306976,10.77387809753418,True,0.0013413750551545093,1.0,0.4609375,0.53515625,0.0
dreamlite-single-set,3,r5-f1-807090710dd4c077a97348ba,120,2.868118869809791e-05,34.47916793823242,33.834635615348816,10.883519172668457,True,0.0013284729902687052,1.0,0.4609375,0.53515625,0.0
dreamlite-single-set,3,r5-f1-807090710dd4c077a97348ba,121,2.8656048742381237e-05,31.66666603088379,33.764322996139526,15.248017311096191,True,0.001253479078839214,1.0,0.4609375,0.53125,0.0
dreamlite-single-set,3,r5-f1-807090710dd4c077a97348ba,122,2.863068867532084e-05,31.91666603088379,33.75390636920929,6.702531814575195,False,0.0012866494903720272,1.0,0.4609375,0.53125,0.0
dreamlite-single-set,3,r5-f1-807090710dd4c077a97348ba,123,2.8605109141788138e-05,36.20833206176758,33.74609386920929,14.958080291748047,True,0.0012243354002938209,1.0,0.4609375,0.53125,0.0
dreamlite-single-set,3,r5-f1-807090710dd4c077a97348ba,124,2.857931079223527e-05,34.41666793823242,33.740885615348816,9.256067276000977,False,0.0012382849083396807,1.0,0.4609375,0.53125,0.0
dreamlite-single-set,3,r5-f1-807090710dd4c077a97348ba,125,2.8553294282678578e-05,31.708332061767578,33.72265636920929,15.811627388000488,True,0.0012570346384256652,1.0,0.4609375,0.53515625,0.0
dreamlite-single-set,3,r5-f1-807090710dd4c077a97348ba,126,2.8527060274681913e-05,31.583332061767578,33.68619787693024,7.704056262969971,False,0.0013279605964367403,1.0,0.4609375,0.53125,0.0
dreamlite-single-set,3,r5-f1-807090710dd4c077a97348ba,127,2.8500609435339794e-05,36.3125,33.67187488079071,13.736598014831543,True,0.001211599010900068,1.0,0.462890625,0.53125,0.0
dreamlite-single-set,3,r5-f1-807090710dd4c077a97348ba,128,2.847394243726047e-05,34.125,33.64322912693024,7.6366963386535645,False,0.001223614836195669,1.0,0.462890625,0.53125,0.0
dreamlite-single-set,4,r5-f1-02c8aa9dc3523351c4d5f9c7,1,1e-05,35.77083206176758,35.77083206176758,5.348081588745117,False,0.0003622713759100882,1.0,0.46484375,0.53125,0.0
dreamlite-single-set,4,r5-f1-02c8aa9dc3523351c4d5f9c7,2,1.1333333333333334e-05,31.625,33.69791603088379,4.319870471954346,False,0.0005829875770200784,1.0,0.46484375,0.53125,0.0
dreamlite-single-set,4,r5-f1-02c8aa9dc3523351c4d5f9c7,3,1.2666666666666667e-05,36.25,34.54861068725586,4.100677967071533,False,0.00045236698461184415,1.0,0.46484375,0.53125,0.0
dreamlite-single-set,4,r5-f1-02c8aa9dc3523351c4d5f9c7,4,1.4000000000000001e-05,30.625,33.567708015441895,4.663572311401367,False,0.0005292744036589417,1.0,0.46484375,0.53125,0.0
dreamlite-single-set,4,r5-f1-02c8aa9dc3523351c4d5f9c7,5,1.5333333333333334e-05,35.89583206176758,34.03333282470703,3.496480703353882,False,0.0006617018177081891,1.0,0.46484375,0.53125,0.0
dreamlite-single-set,4,r5-f1-02c8aa9dc3523351c4d5f9c7,6,1.6666666666666667e-05,31.91666603088379,33.68055502573649,3.5884177684783936,False,0.0007521989776600806,1.0,0.46484375,0.53125,0.0
dreamlite-single-set,4,r5-f1-02c8aa9dc3523351c4d5f9c7,7,1.8e-05,36.54166793823242,34.08928544180734,2.962961196899414,False,0.0008664372412600128,1.0,0.46484375,0.53125,0.0
dreamlite-single-set,4,r5-f1-02c8aa9dc3523351c4d5f9c7,8,1.9333333333333333e-05,30.29166603088379,33.614583015441895,2.2780516147613525,False,0.0009594070476347501,1.0,0.46484375,0.53125,0.0
dreamlite-single-set,4,r5-f1-02c8aa9dc3523351c4d5f9c7,9,2.0666666666666666e-05,35.45833206176758,33.819444020589195,5.594110488891602,False,0.0008312441266203438,1.0,0.46484375,0.53125,0.0
dreamlite-single-set,4,r5-f1-02c8aa9dc3523351c4d5f9c7,10,2.2e-05,31.41666603088379,33.57916622161865,5.811226844787598,False,0.0009474785122145062,1.0,0.46484375,0.53125,0.0
dreamlite-single-set,4,r5-f1-02c8aa9dc3523351c4d5f9c7,11,2.3333333333333332e-05,36.58333206176758,33.852272207086735,4.324856758117676,False,0.0010156921530322853,1.0,0.46484375,0.53125,0.0
dreamlite-single-set,4,r5-f1-02c8aa9dc3523351c4d5f9c7,12,2.4666666666666665e-05,30.5,33.572916189829506,2.8504297733306885,False,0.0011240858619752034,1.0,0.46484375,0.53125,0.0
dreamlite-single-set,4,r5-f1-02c8aa9dc3523351c4d5f9c7,13,2.6000000000000002e-05,35.16666793823242,33.6955124781682,2.4375386238098145,False,0.0012574603466759177,1.0,0.46484375,0.53125,0.0
dreamlite-single-set,4,r5-f1-02c8aa9dc3523351c4d5f9c7,14,2.733333333333333e-05,31.66666603088379,33.55059487479074,2.6681582927703857,False,0.0012565298189538953,1.0,0.46484375,0.53125,0.0
dreamlite-single-set,4,r5-f1-02c8aa9dc3523351c4d5f9c7,15,2.8666666666666668e-05,36.91666793823242,33.77499974568685,3.673022985458374,False,0.0013647836203260187,1.0,0.46484375,0.53125,0.0
dreamlite-single-set,4,r5-f1-02c8aa9dc3523351c4d5f9c7,16,2.9999999999999997e-05,30.875,33.59374976158142,4.666559219360352,False,0.0014595913200726063,1.0,0.46484375,0.53125,0.0
dreamlite-single-set,4,r5-f1-02c8aa9dc3523351c4d5f9c7,17,2.9999999999999997e-05,35.41666793823242,33.571614503860474,2.411195755004883,False,0.0015317754331537633,1.0,0.46484375,0.53125,0.0
dreamlite-single-set,4,r5-f1-02c8aa9dc3523351c4d5f9c7,18,2.9999872856917585e-05,31.79166603088379,33.58203113079071,5.030734062194824,False,0.00160792699012816,1.0,0.46484375,0.53125,0.0
dreamlite-single-set,4,r5-f1-02c8aa9dc3523351c4d5f9c7,19,2.999949143090342e-05,36.29166793823242,33.58463537693024,1.988188624382019,False,0.0016194930135425326,1.0,0.46484375,0.52734375,0.0
dreamlite-single-set,4,r5-f1-02c8aa9dc3523351c4d5f9c7,20,2.9998855731656623e-05,30.79166603088379,33.595052003860474,5.236176013946533,False,0.001664081999888318,1.0,0.46484375,0.53125,0.0
dreamlite-single-set,4,r5-f1-02c8aa9dc3523351c4d5f9c7,21,2.999796577534217e-05,35.79166793823242,33.588541746139526,2.9810678958892822,False,0.0017158756806556887,1.0,0.46484375,0.53125,0.0
dreamlite-single-set,4,r5-f1-02c8aa9dc3523351c4d5f9c7,22,2.99968215845904e-05,31.625,33.57031261920929,4.652909755706787,False,0.0017927116323924693,1.0,0.466796875,0.53125,0.0
dreamlite-single-set,4,r5-f1-02c8aa9dc3523351c4d5f9c7,23,2.9995423188496514e-05,36.33333206176758,33.55729162693024,5.037036895751953,False,0.0018221624882290004,1.0,0.46484375,0.53125,0.0
dreamlite-single-set,4,r5-f1-02c8aa9dc3523351c4d5f9c7,24,2.9993770622619783e-05,30.625,33.578125,7.02647066116333,False,0.00185746903842702,1.0,0.46484375,0.53125,0.0
dreamlite-single-set,4,r5-f1-02c8aa9dc3523351c4d5f9c7,25,2.9991863928982672e-05,35.58333206176758,33.5859375,5.650381088256836,False,0.001765950292655631,1.0,0.46484375,0.52734375,0.0
dreamlite-single-set,4,r5-f1-02c8aa9dc3523351c4d5f9c7,26,2.998970315606976e-05,31.708332061767578,33.60416662693024,2.9668128490448,False,0.001748068734156702,1.0,0.46484375,0.53125,0.0
dreamlite-single-set,4,r5-f1-02c8aa9dc3523351c4d5f9c7,27,2.998728835882651e-05,36.91666793823242,33.62500011920929,5.1877241134643555,False,0.0017760214335757949,1.0,0.46484375,0.53125,0.0
dreamlite-single-set,4,r5-f1-02c8aa9dc3523351c4d5f9c7,28,2.9984619598657892e-05,30.5,33.62500011920929,3.9017043113708496,False,0.001812934388755564,1.0,0.46484375,0.53125,0.0
dreamlite-single-set,4,r5-f1-02c8aa9dc3523351c4d5f9c7,29,2.9981696943426767e-05,35.45833206176758,33.64322912693024,4.0557379722595215,False,0.0018449581871932492,1.0,0.46484375,0.53125,0.0
dreamlite-single-set,4,r5-f1-02c8aa9dc3523351c4d5f9c7,30,2.997852046745222e-05,31.66666603088379,33.64322912693024,4.9518890380859375,False,0.0018620576256804609,1.0,0.466796875,0.53125,0.0
dreamlite-single-set,4,r5-f1-02c8aa9dc3523351c4d5f9c7,31,2.9975090251507633e-05,36.54166793823242,33.61979162693024,3.8130135536193848,False,0.0018955223602471548,1.0,0.46484375,0.53125,0.0
dreamlite-single-set,4,r5-f1-02c8aa9dc3523351c4d5f9c7,32,2.9971406382818667e-05,30.29166603088379,33.583333253860474,6.984349250793457,False,0.001971739226064085,1.0,0.46484375,0.53125,0.0
dreamlite-single-set,4,r5-f1-02c8aa9dc3523351c4d5f9c7,33,2.9967468955060995e-05,35.45833206176758,33.58593726158142,13.43656063079834,True,0.0018881711804124126,1.0,0.46484375,0.52734375,0.0
dreamlite-single-set,4,r5-f1-02c8aa9dc3523351c4d5f9c7,34,2.996327806835797e-05,31.66666603088379,33.57812476158142,5.399598121643066,False,0.0018595023692381492,1.0,0.46484375,0.53125,0.0
dreamlite-single-set,4,r5-f1-02c8aa9dc3523351c4d5f9c7,35,2.9958833829278017e-05,36.29166793823242,33.57812476158142,5.7576751708984375,False,0.0019309252646991942,1.0,0.46484375,0.53125,0.0
dreamlite-single-set,4,r5-f1-02c8aa9dc3523351c4d5f9c7,36,2.995413635083201e-05,30.66666603088379,33.57031226158142,3.8382482528686523,False,0.0017839955829181257,1.0,0.46484375,0.53125,0.0
dreamlite-single-set,4,r5-f1-02c8aa9dc3523351c4d5f9c7,37,2.9949185752470325e-05,35.25,33.536458015441895,4.742933750152588,False,0.0018440900181516046,1.0,0.46484375,0.53125,0.0
dreamlite-single-set,4,r5-f1-02c8aa9dc3523351c4d5f9c7,38,2.9943982160079822e-05,31.5,33.528645515441895,2.3358657360076904,False,0.0017868235681683835,1.0,0.46484375,0.53125,0.0
dreamlite-single-set,4,r5-f1-02c8aa9dc3523351c4d5f9c7,39,2.993852570598065e-05,36.29166793823242,33.52604150772095,15.982797622680664,True,0.0014873524914573893,1.0,0.46484375,0.52734375,0.0
dreamlite-single-set,4,r5-f1-02c8aa9dc3523351c4d5f9c7,40,2.9932816528922903e-05,30.79166603088379,33.536458134651184,5.688033580780029,False,0.0015602845152974062,1.0,0.46484375,0.53125,0.0
dreamlite-single-set,4,r5-f1-02c8aa9dc3523351c4d5f9c7,41,2.992685477408305e-05,34.91666793823242,33.49479162693024,5.320749759674072,False,0.0016536865225240522,1.0,0.46484375,0.53125,0.0
dreamlite-single-set,4,r5-f1-02c8aa9dc3523351c4d5f9c7,42,2.9920640593060258e-05,31.583332061767578,33.48697912693024,2.501615285873413,False,0.0016240344741654171,1.0,0.462890625,0.53125,0.0
dreamlite-single-set,4,r5-f1-02c8aa9dc3523351c4d5f9c7,43,2.9914174143872566e-05,36.33333206176758,33.450520634651184,21.526365280151367,True,0.00162819300704947,1.0,0.46484375,0.52734375,0.0
dreamlite-single-set,4,r5-f1-02c8aa9dc3523351c4d5f9c7,44,2.9907455590952825e-05,30.375,33.442708134651184,9.268509864807129,False,0.0017478235528976902,1.0,0.462890625,0.53125,0.0
dreamlite-single-set,4,r5-f1-02c8aa9dc3523351c4d5f9c7,45,2.990048510514454e-05,35.08333206176758,33.419270634651184,5.279526233673096,False,0.00177926935318935,1.0,0.46484375,0.52734375,0.0
dreamlite-single-set,4,r5-f1-02c8aa9dc3523351c4d5f9c7,46,2.9893262863697524e-05,31.41666603088379,33.403645634651184,4.719728946685791,False,0.0017854638035209773,1.0,0.46484375,0.52734375,0.0
dreamlite-single-set,4,r5-f1-02c8aa9dc3523351c4d5f9c7,47,2.9885789050263383e-05,36.54166793823242,33.403645634651184,16.784997940063477,True,0.001698600395395817,1.0,0.46484375,0.52734375,0.0
dreamlite-single-set,4,r5-f1-02c8aa9dc3523351c4d5f9c7,48,2.987806385489085e-05,30.458332061767578,33.41406226158142,7.439535140991211,False,0.0016326739777080782,1.0,0.46484375,0.52734375,0.0
dreamlite-single-set,4,r5-f1-02c8aa9dc3523351c4d5f9c7,49,2.9870087474020964e-05,35.08333206176758,33.39062476158142,2.731386661529541,False,0.001486776610936877,1.0,0.46484375,0.52734375,0.0
dreamlite-single-set,4,r5-f1-02c8aa9dc3523351c4d5f9c7,50,2.9861860110482048e-05,30.958332061767578,33.34635388851166,5.5843377113342285,False,0.0015541348980017953,1.0,0.46484375,0.52734375,0.0
dreamlite-single-set,4,r5-f1-02c8aa9dc3523351c4d5f9c7,51,2.9853381973484574e-05,36.0,33.32812464237213,5.05891227722168,False,0.001356479971231911,1.0,0.462890625,0.52734375,0.0
dreamlite-single-set,4,r5-f1-02c8aa9dc3523351c4d5f9c7,52,2.9844653278615835e-05,30.125,33.294270515441895,3.669253349304199,False,0.0012102795952348916,1.0,0.46484375,0.52734375,0.0
dreamlite-single-set,4,r5-f1-02c8aa9dc3523351c4d5f9c7,53,2.9835674247834466e-05,34.5,33.247395515441895,3.906202554702759,False,0.0012027302761831757,1.0,0.46484375,0.52734375,0.0
dreamlite-single-set,4,r5-f1-02c8aa9dc3523351c4d5f9c7,54,2.9826445109464805e-05,31.458332061767578,33.24479126930237,8.921930313110352,False,0.001319632480930754,1.0,0.46484375,0.52734375,0.0
dreamlite-single-set,4,r5-f1-02c8aa9dc3523351c4d5f9c7,55,2.9816966098191057e-05,36.58333206176758,33.263020277023315,5.757382392883301,False,0.0013056854570630406,1.0,0.46484375,0.52734375,0.0
dreamlite-single-set,4,r5-f1-02c8aa9dc3523351c4d5f9c7,56,2.9807237455051384e-05,29.958332061767578,33.21093690395355,3.646920919418335,False,0.0012014175526479259,1.0,0.46484375,0.52734375,0.0
dreamlite-single-set,4,r5-f1-02c8aa9dc3523351c4d5f9c7,57,2.9797259427431705e-05,34.95833206176758,33.2135409116745,3.62223744392395,False,0.0011935038813218192,1.0,0.46484375,0.52734375,0.0
dreamlite-single-set,4,r5-f1-02c8aa9dc3523351c4d5f9c7,58,2.978703226905946e-05,31.41666603088379,33.20312428474426,5.660895824432373,False,0.0013564822210705798,1.0,0.462890625,0.52734375,0.0
dreamlite-single-set,4,r5-f1-02c8aa9dc3523351c4d5f9c7,59,2.9776556239997145e-05,36.125,33.19010353088379,6.388587474822998,False,0.0012549526374562878,1.0,0.46484375,0.52734375,0.0
dreamlite-single-set,4,r5-f1-02c8aa9dc3523351c4d5f9c7,60,2.9765831606635676e-05,30.583332061767578,33.20312428474426,7.650060653686523,False,0.0011647929440911063,1.0,0.46484375,0.52734375,0.0
dreamlite-single-set,4,r5-f1-02c8aa9dc3523351c4d5f9c7,61,2.975485864168765e-05,34.33333206176758,33.15624928474426,6.890250205993652,False,0.0012150555775805377,1.0,0.46484375,0.52734375,0.0
dreamlite-single-set,4,r5-f1-02c8aa9dc3523351c4d5f9c7,62,2.974363762418038e-05,31.375,33.153645157814026,6.285190105438232,False,0.001302028489289738,1.0,0.46484375,0.52734375,0.0
dreamlite-single-set,4,r5-f1-02c8aa9dc3523351c4d5f9c7,63,2.973216883944881e-05,36.16666793823242,33.130207657814026,4.304678916931152,False,0.0013659850259170319,1.0,0.46484375,0.52734375,0.0
dreamlite-single-set,4,r5-f1-02c8aa9dc3523351c4d5f9c7,64,2.972045257912828e-05,29.875,33.09374940395355,4.573379039764404,False,0.0014659417011997273,1.0,0.46484375,0.52734375,0.0
dreamlite-single-set,4,r5-f1-02c8aa9dc3523351c4d5f9c7,65,2.9708489141147082e-05,34.54166793823242,33.059895396232605,3.3726282119750977,False,0.001444613073799539,1.0,0.46484375,0.52734375,0.0
dreamlite-single-set,4,r5-f1-02c8aa9dc3523351c4d5f9c7,66,2.9696278829718878e-05,31.083332061767578,33.067707896232605,9.171133995056152,False,0.0011795346053219441,1.0,0.46484375,0.52734375,0.0
dreamlite-single-set,4,r5-f1-02c8aa9dc3523351c4d5f9c7,67,2.9683821955335006e-05,36.16666793823242,33.07812464237213,8.418986320495605,False,0.0012348672801144522,1.0,0.46484375,0.52734375,0.0
dreamlite-single-set,4,r5-f1-02c8aa9dc3523351c4d5f9c7,68,2.9671118834756543e-05,30.25,33.08593714237213,2.456727981567383,False,0.0011949755445786387,1.0,0.46484375,0.52734375,0.0
dreamlite-single-set,4,r5-f1-02c8aa9dc3523351c4d5f9c7,69,2.9658169791006273e-05,34.75,33.10156214237213,8.81281566619873,False,0.0010657702667244099,1.0,0.46484375,0.52734375,0.0
dreamlite-single-set,4,r5-f1-02c8aa9dc3523351c4d5f9c7,70,2.964497515336046e-05,30.75,33.05729138851166,3.638481616973877,False,0.001059861476735159,1.0,0.46484375,0.52734375,0.0
dreamlite-single-set,4,r5-f1-02c8aa9dc3523351c4d5f9c7,71,2.9631535257340486e-05,36.25,33.036458134651184,9.119560241699219,False,0.0011632825430357948,1.0,0.46484375,0.52734375,0.0
dreamlite-single-set,4,r5-f1-02c8aa9dc3523351c4d5f9c7,72,2.9617850444704315e-05,29.79166603088379,33.02604150772095,6.074832439422607,False,0.0011978922542646936,1.0,0.46484375,0.52734375,0.0
dreamlite-single-set,4,r5-f1-02c8aa9dc3523351c4d5f9c7,73,2.9603921063437794e-05,34.875,33.020833253860474,5.089529991149902,False,0.0011220103479464942,1.0,0.46484375,0.52734375,0.0
dreamlite-single-set,4,r5-f1-02c8aa9dc3523351c4d5f9c7,74,2.9589747467745818e-05,31.458332061767578,33.02343738079071,7.900524139404297,False,0.0011531854275845235,1.0,0.466796875,0.52734375,0.0
dreamlite-single-set,4,r5-f1-02c8aa9dc3523351c4d5f9c7,75,2.9575330018043316e-05,36.0,33.01562488079071,5.7948408126831055,False,0.0011375777121763282,1.0,0.46484375,0.52734375,0.0
dreamlite-single-set,4,r5-f1-02c8aa9dc3523351c4d5f9c7,76,2.9560669080946092e-05,30.0,32.97916662693024,12.23845100402832,True,0.0010446009081808343,1.0,0.46484375,0.52734375,0.0
dreamlite-single-set,4,r5-f1-02c8aa9dc3523351c4d5f9c7,77,2.9545765029261487e-05,34.83333206176758,33.01041662693024,4.922628402709961,False,0.0010884515478040283,1.0,0.46484375,0.52734375,0.0
dreamlite-single-set,4,r5-f1-02c8aa9dc3523351c4d5f9c7,78,2.9530618241978923e-05,30.958332061767578,32.98437488079071,4.534363269805908,False,0.001078299095983992,1.0,0.466796875,0.52734375,0.0
dreamlite-single-set,4,r5-f1-02c8aa9dc3523351c4d5f9c7,79,2.9515229104260233e-05,36.125,32.981770634651184,5.193491458892822,False,0.0010492453514735934,1.0,0.46484375,0.5234375,0.0
dreamlite-single-set,4,r5-f1-02c8aa9dc3523351c4d5f9c7,80,2.9499598007429908e-05,30.29166603088379,33.00781226158142,4.030206203460693,False,0.0010491548751654098,1.0,0.46484375,0.5234375,0.0
dreamlite-single-set,4,r5-f1-02c8aa9dc3523351c4d5f9c7,81,2.948372534896511e-05,34.83333206176758,33.02604126930237,4.416423797607422,False,0.000960899197459472,1.0,0.46484375,0.52734375,0.0
dreamlite-single-set,4,r5-f1-02c8aa9dc3523351c4d5f9c7,82,2.9467611532485588e-05,31.16666603088379,33.03124964237213,7.936692714691162,False,0.0010610999785343992,1.0,0.46484375,0.5234375,0.0
dreamlite-single-set,4,r5-f1-02c8aa9dc3523351c4d5f9c7,83,2.945125696774339e-05,35.75,33.005207896232605,4.687625885009766,False,0.0011463331150893459,1.0,0.46484375,0.5234375,0.0
dreamlite-single-set,4,r5-f1-02c8aa9dc3523351c4d5f9c7,84,2.9434662070612482e-05,30.458332061767578,33.01822865009308,5.2842912673950195,False,0.0012032071360459653,1.0,0.466796875,0.52734375,0.0
dreamlite-single-set,4,r5-f1-02c8aa9dc3523351c4d5f9c7,85,2.9417827263078142e-05,34.625,33.01041615009308,4.7239789962768555,False,0.0012202658703378015,1.0,0.46484375,0.5234375,0.0
dreamlite-single-set,4,r5-f1-02c8aa9dc3523351c4d5f9c7,86,2.940075297322622e-05,30.79166603088379,33.013020277023315,4.195415496826172,False,0.0011060171587491444,1.0,0.46484375,0.52734375,0.0
dreamlite-single-set,4,r5-f1-02c8aa9dc3523351c4d5f9c7,87,2.938343963523229e-05,35.54166793823242,32.96874952316284,4.51961612701416,False,0.0010969398126519678,1.0,0.466796875,0.52734375,0.0
dreamlite-single-set,4,r5-f1-02c8aa9dc3523351c4d5f9c7,88,2.9365887689350595e-05,29.75,32.966145396232605,2.872591018676758,False,0.0010606928928555653,1.0,0.46484375,0.52734375,0.0
dreamlite-single-set,4,r5-f1-02c8aa9dc3523351c4d5f9c7,89,2.9348097581902822e-05,34.41666793823242,32.93749964237213,163.52395629882812,True,0.0010366037151080803,1.0,0.46484375,0.5234375,0.0
dreamlite-single-set,4,r5-f1-02c8aa9dc3523351c4d5f9c7,90,2.933006976526679e-05,30.875,32.90104138851166,6.356217384338379,False,0.0012047002746329923,1.0,0.466796875,0.5234375,0.0
dreamlite-single-set,4,r5-f1-02c8aa9dc3523351c4d5f9c7,91,2.9311804697864947e-05,36.20833206176758,32.91406214237213,3.5607872009277344,False,0.0012443586467654373,1.0,0.46484375,0.52734375,0.0
dreamlite-single-set,4,r5-f1-02c8aa9dc3523351c4d5f9c7,92,2.9293302844152674e-05,30.125,32.92187464237213,2.6883716583251953,False,0.001178704125459467,1.0,0.46484375,0.52734375,0.0
dreamlite-single-set,4,r5-f1-02c8aa9dc3523351c4d5f9c7,93,2.9274564674606523e-05,34.875,32.92447888851166,6.398278713226318,False,0.0012477107414358148,1.0,0.466796875,0.5234375,0.0
dreamlite-single-set,4,r5-f1-02c8aa9dc3523351c4d5f9c7,94,2.9255590665712213e-05,30.75,32.911458134651184,7.883146286010742,False,0.001288498786500085,1.0,0.466796875,0.52734375,0.0
dreamlite-single-set,4,r5-f1-02c8aa9dc3523351c4d5f9c7,95,2.923638129995254e-05,35.875,32.895833134651184,8.894832611083984,False,0.0014348141859905296,1.0,0.466796875,0.5234375,0.0
dreamlite-single-set,4,r5-f1-02c8aa9dc3523351c4d5f9c7,96,2.9216937065795103e-05,29.91666603088379,32.872395634651184,3.89943790435791,False,0.001338053970682875,1.0,0.466796875,0.5234375,0.0
dreamlite-single-set,4,r5-f1-02c8aa9dc3523351c4d5f9c7,97,2.919725845767987e-05,34.625,32.85937488079071,8.167710304260254,False,0.001427386206132896,1.0,0.466796875,0.52734375,0.0
dreamlite-single-set,4,r5-f1-02c8aa9dc3523351c4d5f9c7,98,2.9177345976006628e-05,31.375,32.872395753860474,7.173365116119385,False,0.0013839959073269719,1.0,0.466796875,0.5234375,0.0
dreamlite-single-set,4,r5-f1-02c8aa9dc3523351c4d5f9c7,99,2.9157200127122236e-05,35.91666793823242,32.8828125,3.489497423171997,False,0.0012830768746323355,1.0,0.466796875,0.52734375,0.0
dreamlite-single-set,4,r5-f1-02c8aa9dc3523351c4d5f9c7,100,2.913682142330775e-05,29.66666603088379,32.83333337306976,11.678722381591797,True,0.0013171326497909174,1.0,0.466796875,0.52734375,0.0
dreamlite-single-set,4,r5-f1-02c8aa9dc3523351c4d5f9c7,101,2.911621038276542e-05,34.20833206176758,32.80729162693024,9.61795425415039,False,0.0012571925343446168,1.0,0.46875,0.52734375,0.0
dreamlite-single-set,4,r5-f1-02c8aa9dc3523351c4d5f9c7,102,2.909536752960549e-05,31.083332061767578,32.825520753860474,9.836410522460938,False,0.001248291344411301,1.0,0.46875,0.5234375,0.0
dreamlite-single-set,4,r5-f1-02c8aa9dc3523351c4d5f9c7,103,2.9074293393832876e-05,35.5,32.82291650772095,4.120630741119385,False,0.0012931070443717738,1.0,0.46875,0.5234375,0.0
dreamlite-single-set,4,r5-f1-02c8aa9dc3523351c4d5f9c7,104,2.90529885113337e-05,29.875,32.83072900772095,8.52978515625,False,0.001279523464207028,1.0,0.46875,0.5234375,0.0
dreamlite-single-set,4,r5-f1-02c8aa9dc3523351c4d5f9c7,105,2.9031453423861642e-05,34.58333206176758,32.841145515441895,5.939389705657959,False,0.0013281198616825003,1.0,0.46484375,0.5234375,0.0
dreamlite-single-set,4,r5-f1-02c8aa9dc3523351c4d5f9c7,106,2.9009688679024187e-05,31.0,32.848958015441895,4.64361572265625,False,0.001390554028262819,1.0,0.466796875,0.52734375,0.0
dreamlite-single-set,4,r5-f1-02c8aa9dc3523351c4d5f9c7,107,2.8987694830268685e-05,35.91666793823242,32.83072900772095,5.0134382247924805,False,0.001302741599772147,1.0,0.46875,0.5234375,0.0
dreamlite-single-set,4,r5-f1-02c8aa9dc3523351c4d5f9c7,108,2.8965472436868284e-05,29.66666603088379,32.802083134651184,12.122357368469238,True,0.0013626649645023551,1.0,0.46875,0.5234375,0.0
dreamlite-single-set,4,r5-f1-02c8aa9dc3523351c4d5f9c7,109,2.894302206390769e-05,34.375,32.770833134651184,6.889153003692627,False,0.001188468110842418,1.0,0.46875,0.5234375,0.0
dreamlite-single-set,4,r5-f1-02c8aa9dc3523351c4d5f9c7,110,2.8920344282268846e-05,31.125,32.794270634651184,6.366074085235596,False,0.0011808822802175146,1.0,0.466796875,0.5234375,0.0
dreamlite-single-set,4,r5-f1-02c8aa9dc3523351c4d5f9c7,111,2.8897439668616345e-05,35.70833206176758,32.78385388851166,6.293223857879639,False,0.0011583446546175262,1.0,0.46875,0.5234375,0.0
dreamlite-single-set,4,r5-f1-02c8aa9dc3523351c4d5f9c7,112,2.8874308805382837e-05,29.875,32.78124976158142,2.7056725025177,False,0.0011189142099741554,1.0,0.46875,0.5234375,0.0
dreamlite-single-set,4,r5-f1-02c8aa9dc3523351c4d5f9c7,113,2.8850952280754167e-05,34.875,32.79687476158142,7.896454811096191,False,0.0011009253572798372,1.0,0.466796875,0.5234375,0.0
dreamlite-single-set,4,r5-f1-02c8aa9dc3523351c4d5f9c7,114,2.8827370688654434e-05,31.083332061767578,32.778645515441895,8.030734062194824,False,0.0011308943547385928,1.0,0.466796875,0.52734375,0.0
dreamlite-single-set,4,r5-f1-02c8aa9dc3523351c4d5f9c7,115,2.880356462873091e-05,35.75,32.76822876930237,4.572169303894043,False,0.001144190098333117,1.0,0.470703125,0.52734375,0.0
dreamlite-single-set,4,r5-f1-02c8aa9dc3523351c4d5f9c7,116,2.8779534706338766e-05,29.91666603088379,32.78385376930237,5.060986042022705,False,0.0012087982339936893,1.0,0.46875,0.5234375,0.0
dreamlite-single-set,4,r5-f1-02c8aa9dc3523351c4d5f9c7,117,2.875528153252567e-05,34.625,32.809895515441895,5.756142616271973,False,0.0011905676446501102,1.0,0.466796875,0.52734375,0.0
dreamlite-single-set,4,r5-f1-02c8aa9dc3523351c4d5f9c7,118,2.8730805724016292e-05,30.91666603088379,32.79947888851166,5.8156208992004395,False,0.0011906128886412914,1.0,0.46875,0.5234375,0.0
dreamlite-single-set,4,r5-f1-02c8aa9dc3523351c4d5f9c7,119,2.8706107903196563e-05,35.70833206176758,32.81249964237213,3.452610969543457,False,0.0011257861000862786,1.0,0.46875,0.5234375,0.0
dreamlite-single-set,4,r5-f1-02c8aa9dc3523351c4d5f9c7,120,2.868118869809791e-05,30.208332061767578,32.833332896232605,3.8430745601654053,False,0.0011097767355950515,1.0,0.46875,0.5234375,0.0
dreamlite-single-set,4,r5-f1-02c8aa9dc3523351c4d5f9c7,121,2.8656048742381237e-05,34.66666793823242,32.83854138851166,4.048009395599365,False,0.0011611868030317353,1.0,0.46875,0.5234375,0.0
dreamlite-single-set,4,r5-f1-02c8aa9dc3523351c4d5f9c7,122,2.863068867532084e-05,31.625,32.87760388851166,21.521732330322266,True,0.0011281478228864984,1.0,0.46875,0.52734375,0.0
dreamlite-single-set,4,r5-f1-02c8aa9dc3523351c4d5f9c7,123,2.8605109141788138e-05,36.0,32.88281214237213,6.8799214363098145,False,0.0011785595925402066,1.0,0.46875,0.5234375,0.0
dreamlite-single-set,4,r5-f1-02c8aa9dc3523351c4d5f9c7,124,2.857931079223527e-05,29.958332061767578,32.90104126930237,7.399398326873779,False,0.0012179727451029853,1.0,0.46875,0.52734375,0.0
dreamlite-single-set,4,r5-f1-02c8aa9dc3523351c4d5f9c7,125,2.8553294282678578e-05,34.625,32.91666626930237,7.320381164550781,False,0.0011910423289943114,1.0,0.46875,0.52734375,0.0
dreamlite-single-set,4,r5-f1-02c8aa9dc3523351c4d5f9c7,126,2.8527060274681913e-05,31.29166603088379,32.927082896232605,3.9568121433258057,False,0.0011839177357054424,1.0,0.46875,0.5234375,0.0
dreamlite-single-set,4,r5-f1-02c8aa9dc3523351c4d5f9c7,127,2.8500609435339794e-05,35.45833206176758,32.911457896232605,15.482071876525879,True,0.001094180615839995,1.0,0.46875,0.5234375,0.0
dreamlite-single-set,4,r5-f1-02c8aa9dc3523351c4d5f9c7,128,2.847394243726047e-05,30.333332061767578,32.94010365009308,4.673084735870361,False,0.001104641837528417,1.0,0.46875,0.5234375,0.0
dreamlite-single-set,5,r5-f1-11dddf29efebc033a995ab92,1,1e-05,17.1875,17.1875,1.3274401426315308,False,0.00036212278313861015,1.0,0.462890625,0.53515625,0.0
dreamlite-single-set,5,r5-f1-11dddf29efebc033a995ab92,2,1.1333333333333334e-05,18.32291603088379,17.755208015441895,0.462938129901886,False,0.00047915382737183295,1.0,0.462890625,0.53515625,0.0
dreamlite-single-set,5,r5-f1-11dddf29efebc033a995ab92,3,1.2666666666666667e-05,16.364582061767578,17.29166603088379,1.2496144771575928,False,0.0005193181815843483,1.0,0.462890625,0.53515625,0.0
dreamlite-single-set,5,r5-f1-11dddf29efebc033a995ab92,4,1.4000000000000001e-05,19.671875,17.886718273162842,1.2475099563598633,False,0.0004024808904993272,1.0,0.462890625,0.53515625,0.0
dreamlite-single-set,5,r5-f1-11dddf29efebc033a995ab92,5,1.5333333333333334e-05,17.0625,17.721874618530272,0.7623856663703918,False,0.00037771261985292245,1.0,0.462890625,0.53515625,0.0
dreamlite-single-set,5,r5-f1-11dddf29efebc033a995ab92,6,1.6666666666666667e-05,18.04166603088379,17.77517318725586,0.6727902293205261,False,0.00040425622115567854,1.0,0.462890625,0.53515625,0.0
dreamlite-single-set,5,r5-f1-11dddf29efebc033a995ab92,7,1.8e-05,16.239582061767578,17.555803026471818,1.163082480430603,False,0.0004957320778915412,1.0,0.462890625,0.53515625,0.0
dreamlite-single-set,5,r5-f1-11dddf29efebc033a995ab92,8,1.9333333333333333e-05,19.76041603088379,17.831379652023315,1.642919898033142,False,0.0006402314522756507,1.0,0.462890625,0.53515625,0.0
dreamlite-single-set,5,r5-f1-11dddf29efebc033a995ab92,9,2.0666666666666666e-05,17.177082061767578,17.75867991977268,1.0441817045211792,False,0.0007558137642698346,1.0,0.46484375,0.53515625,0.0
dreamlite-single-set,5,r5-f1-11dddf29efebc033a995ab92,10,2.2e-05,18.302082061767578,17.813020133972167,0.6885033845901489,False,0.0007203392286912867,1.0,0.462890625,0.53515625,0.0
dreamlite-single-set,5,r5-f1-11dddf29efebc033a995ab92,11,2.3333333333333332e-05,16.3125,17.676609212701972,1.0422366857528687,False,0.0008892744392590966,1.0,0.462890625,0.53515625,0.0
dreamlite-single-set,5,r5-f1-11dddf29efebc033a995ab92,12,2.4666666666666665e-05,19.703125,17.84548552831014,0.8502020239830017,False,0.0009262215771476601,1.0,0.46484375,0.53515625,0.0
dreamlite-single-set,5,r5-f1-11dddf29efebc033a995ab92,13,2.6000000000000002e-05,17.09375,17.78765971844013,2.0732109546661377,False,0.0011144380677716279,1.0,0.462890625,0.53515625,0.0
dreamlite-single-set,5,r5-f1-11dddf29efebc033a995ab92,14,2.733333333333333e-05,18.13541603088379,17.81249945504325,1.9642384052276611,False,0.0012704139274679728,1.0,0.462890625,0.53515625,0.0
dreamlite-single-set,5,r5-f1-11dddf29efebc033a995ab92,15,2.8666666666666668e-05,16.40625,17.718749491373696,0.5493532419204712,False,0.0013019235268325485,1.0,0.462890625,0.53515625,0.0
dreamlite-single-set,5,r5-f1-11dddf29efebc033a995ab92,16,2.9999999999999997e-05,19.609375,17.836913585662842,0.7963776588439941,False,0.0013025251786185816,1.0,0.46484375,0.53515625,0.0
dreamlite-single-set,5,r5-f1-11dddf29efebc033a995ab92,17,2.9999999999999997e-05,17.21875,17.838866710662842,0.7139252424240112,False,0.0013943353995995117,1.0,0.462890625,0.53515625,0.0
dreamlite-single-set,5,r5-f1-11dddf29efebc033a995ab92,18,2.9999872856917585e-05,18.1875,17.830403208732605,1.126211166381836,False,0.0014812166158184768,1.0,0.46484375,0.53515625,0.0
dreamlite-single-set,5,r5-f1-11dddf29efebc033a995ab92,19,2.999949143090342e-05,16.1875,17.81933557987213,3.4188899993896484,False,0.0008660201890448878,1.0,0.462890625,0.53515625,0.0
dreamlite-single-set,5,r5-f1-11dddf29efebc033a995ab92,20,2.9998855731656623e-05,19.63541603088379,17.817056894302368,0.7569890022277832,False,0.0008586832755249582,1.0,0.46484375,0.53515625,0.0
dreamlite-single-set,5,r5-f1-11dddf29efebc033a995ab92,21,2.999796577534217e-05,16.90625,17.807291269302368,1.027936577796936,False,0.0009697582039696986,1.0,0.46484375,0.53515625,0.0
dreamlite-single-set,5,r5-f1-11dddf29efebc033a995ab92,22,2.99968215845904e-05,18.177082061767578,17.815754771232605,1.4288374185562134,False,0.0008603553522194454,1.0,0.46484375,0.53515625,0.0
dreamlite-single-set,5,r5-f1-11dddf29efebc033a995ab92,23,2.9995423188496514e-05,16.16666603088379,17.811197519302368,0.9565830230712891,False,0.00087005527806426,1.0,0.462890625,0.53515625,0.0
dreamlite-single-set,5,r5-f1-11dddf29efebc033a995ab92,24,2.9993770622619783e-05,19.60416603088379,17.801431894302368,1.2574489116668701,False,0.0009709548774937051,1.0,0.462890625,0.53515625,0.0
dreamlite-single-set,5,r5-f1-11dddf29efebc033a995ab92,25,2.9991863928982672e-05,17.01041603088379,17.79101526737213,0.8568859696388245,False,0.0010779233765756807,1.0,0.462890625,0.53515625,0.0
dreamlite-single-set,5,r5-f1-11dddf29efebc033a995ab92,26,2.998970315606976e-05,18.19791603088379,17.784504890441895,0.47134944796562195,False,0.0011124733043699638,1.0,0.462890625,0.53515625,0.0
dreamlite-single-set,5,r5-f1-11dddf29efebc033a995ab92,27,2.998728835882651e-05,16.38541603088379,17.78906214237213,0.9784558415412903,False,0.0012268806842758322,1.0,0.462890625,0.53515625,0.0
dreamlite-single-set,5,r5-f1-11dddf29efebc033a995ab92,28,2.9984619598657892e-05,19.76041603088379,17.792642831802368,0.8691965341567993,False,0.0012210338003740017,1.0,0.46484375,0.53515625,0.0
dreamlite-single-set,5,r5-f1-11dddf29efebc033a995ab92,29,2.9981696943426767e-05,17.1875,17.798502206802368,1.2559059858322144,False,0.001313941454725607,1.0,0.462890625,0.53515625,0.0
dreamlite-single-set,5,r5-f1-11dddf29efebc033a995ab92,30,2.997852046745222e-05,18.28125,17.80761682987213,1.903058409690857,False,0.0014516249788856348,1.0,0.462890625,0.53515625,0.0
dreamlite-single-set,5,r5-f1-11dddf29efebc033a995ab92,31,2.9975090251507633e-05,16.28125,17.79980432987213,0.8296849131584167,False,0.0015022920825606741,1.0,0.46484375,0.53515625,0.0
dreamlite-single-set,5,r5-f1-11dddf29efebc033a995ab92,32,2.9971406382818667e-05,19.489582061767578,17.792317271232605,1.6508527994155884,False,0.0015471664916346943,1.0,0.46484375,0.53515625,0.0
dreamlite-single-set,5,r5-f1-11dddf29efebc033a995ab92,33,2.9967468955060995e-05,17.15625,17.788411021232605,1.2056864500045776,False,0.0016766380463952774,1.0,0.462890625,0.53515625,0.0
dreamlite-single-set,5,r5-f1-11dddf29efebc033a995ab92,34,2.996327806835797e-05,18.34375,17.798176646232605,1.053327202796936,False,0.001744753576585994,1.0,0.462890625,0.53515625,0.0
dreamlite-single-set,5,r5-f1-11dddf29efebc033a995ab92,35,2.9958833829278017e-05,16.34375,17.807942271232605,2.049091339111328,False,0.0017288974231253879,1.0,0.46484375,0.53515625,0.0
dreamlite-single-set,5,r5-f1-11dddf29efebc033a995ab92,36,2.995413635083201e-05,19.625,17.807291269302368,0.9669037461280823,False,0.001753880048431745,1.0,0.462890625,0.53515625,0.0
dreamlite-single-set,5,r5-f1-11dddf29efebc033a995ab92,37,2.9949185752470325e-05,17.1875,17.824869394302368,0.7634836435317993,False,0.0017437021875939518,1.0,0.462890625,0.53515625,0.0
dreamlite-single-set,5,r5-f1-11dddf29efebc033a995ab92,38,2.9943982160079822e-05,18.28125,17.831379890441895,2.129324197769165,False,0.001774162145329817,1.0,0.462890625,0.53515625,0.0
dreamlite-single-set,5,r5-f1-11dddf29efebc033a995ab92,39,2.993852570598065e-05,16.145832061767578,17.83007776737213,1.5376099348068237,False,0.0018615371804239277,1.0,0.462890625,0.53515625,0.0
dreamlite-single-set,5,r5-f1-11dddf29efebc033a995ab92,40,2.9932816528922903e-05,19.692707061767578,17.835611581802368,59.349327087402344,True,0.0016346279680362376,1.0,0.46484375,0.53515625,0.0
dreamlite-single-set,5,r5-f1-11dddf29efebc033a995ab92,41,2.992685477408305e-05,16.958332061767578,17.832356333732605,1.1370254755020142,False,0.0016417456866933938,1.0,0.462890625,0.53515625,0.0
dreamlite-single-set,5,r5-f1-11dddf29efebc033a995ab92,42,2.9920640593060258e-05,18.32291603088379,17.840168833732605,0.9073160886764526,False,0.0016545466815655419,1.0,0.46484375,0.53515625,0.0
dreamlite-single-set,5,r5-f1-11dddf29efebc033a995ab92,43,2.9914174143872566e-05,16.28125,17.833658456802368,1.9263216257095337,False,0.0016962870315488906,1.0,0.462890625,0.53515625,0.0
dreamlite-single-set,5,r5-f1-11dddf29efebc033a995ab92,44,2.9907455590952825e-05,19.520832061767578,17.818684458732605,0.6971808075904846,False,0.0015333274070045261,1.0,0.46484375,0.53515625,0.0
dreamlite-single-set,5,r5-f1-11dddf29efebc033a995ab92,45,2.990048510514454e-05,17.0625,17.810871958732605,1.5050890445709229,False,0.0013155460676171787,1.0,0.46484375,0.53515625,0.0
dreamlite-single-set,5,r5-f1-11dddf29efebc033a995ab92,46,2.9893262863697524e-05,18.25,17.808918833732605,1.5199861526489258,False,0.0013548958264577237,1.0,0.46484375,0.53515625,0.0
dreamlite-single-set,5,r5-f1-11dddf29efebc033a995ab92,47,2.9885789050263383e-05,16.29166603088379,17.809569835662842,1.4698150157928467,False,0.0013930500512350365,1.0,0.462890625,0.53515625,0.0
dreamlite-single-set,5,r5-f1-11dddf29efebc033a995ab92,48,2.987806385489085e-05,19.72916603088379,17.824543833732605,0.7486909031867981,False,0.0013305470574432486,1.0,0.462890625,0.53515625,0.0
dreamlite-single-set,5,r5-f1-11dddf29efebc033a995ab92,49,2.9870087474020964e-05,17.177082061767578,17.82584583759308,0.9720377922058105,False,0.001357850384746117,1.0,0.462890625,0.53515625,0.0
dreamlite-single-set,5,r5-f1-11dddf29efebc033a995ab92,50,2.9861860110482048e-05,18.239582061767578,17.819335341453552,0.7113335132598877,False,0.0012439079210827904,1.0,0.462890625,0.53515625,0.0
dreamlite-single-set,5,r5-f1-11dddf29efebc033a995ab92,51,2.9853381973484574e-05,16.28125,17.815429091453552,1.4992129802703857,False,0.0011631608866942732,1.0,0.462890625,0.53515625,0.0
dreamlite-single-set,5,r5-f1-11dddf29efebc033a995ab92,52,2.9844653278615835e-05,19.661457061767578,17.817707657814026,1.190778374671936,False,0.0011544606130225873,1.0,0.462890625,0.53515625,0.0
dreamlite-single-set,5,r5-f1-11dddf29efebc033a995ab92,53,2.9835674247834466e-05,17.239582061767578,17.8209627866745,1.0598056316375732,False,0.0011419328793149856,1.0,0.462890625,0.53515625,0.0
dreamlite-single-set,5,r5-f1-11dddf29efebc033a995ab92,54,2.9826445109464805e-05,18.10416603088379,17.809895038604736,23.76164436340332,True,0.0012853218404198503,1.0,0.462890625,0.53515625,0.0
dreamlite-single-set,5,r5-f1-11dddf29efebc033a995ab92,55,2.9816966098191057e-05,16.41666603088379,17.8268221616745,0.9734990000724792,False,0.0012225200068355904,1.0,0.462890625,0.53515625,0.0
dreamlite-single-set,5,r5-f1-11dddf29efebc033a995ab92,56,2.9807237455051384e-05,19.609375,17.821613907814026,2.023142099380493,False,0.0011054156989215244,1.0,0.462890625,0.53515625,0.0
dreamlite-single-set,5,r5-f1-11dddf29efebc033a995ab92,57,2.9797259427431705e-05,17.21875,17.837890028953552,1.7851402759552002,False,0.000980611162059058,1.0,0.462890625,0.53515625,0.0
dreamlite-single-set,5,r5-f1-11dddf29efebc033a995ab92,58,2.978703226905946e-05,18.22916603088379,17.832030653953552,3.6498830318450928,False,0.0010220380504369325,1.0,0.462890625,0.53515625,0.0
dreamlite-single-set,5,r5-f1-11dddf29efebc033a995ab92,59,2.9776556239997145e-05,16.32291603088379,17.83463478088379,3.159083604812622,False,0.0010116941829284736,1.0,0.462890625,0.53515625,0.0
dreamlite-single-set,5,r5-f1-11dddf29efebc033a995ab92,60,2.9765831606635676e-05,19.74479103088379,17.848632216453552,2.468629837036133,False,0.0009263809657255153,1.0,0.462890625,0.53515625,0.0
dreamlite-single-set,5,r5-f1-11dddf29efebc033a995ab92,61,2.975485864168765e-05,17.114582061767578,17.851887345314026,0.92179936170578,False,0.0008668882358275673,1.0,0.462890625,0.53515625,0.0
dreamlite-single-set,5,r5-f1-11dddf29efebc033a995ab92,62,2.974363762418038e-05,18.1875,17.847981095314026,0.6876642107963562,False,0.0008243242551393956,1.0,0.462890625,0.53515625,0.0
dreamlite-single-set,5,r5-f1-11dddf29efebc033a995ab92,63,2.973216883944881e-05,16.125,17.83756446838379,0.7848625183105469,False,0.0008292691595123464,1.0,0.462890625,0.53515625,0.0
dreamlite-single-set,5,r5-f1-11dddf29efebc033a995ab92,64,2.972045257912828e-05,19.54166603088379,17.82584571838379,0.8091083765029907,False,0.0008529834889153179,1.0,0.462890625,0.53515625,0.0
dreamlite-single-set,5,r5-f1-11dddf29efebc033a995ab92,65,2.9708489141147082e-05,16.94791603088379,17.811522841453552,1.6247265338897705,False,0.0007740467957771204,1.0,0.462890625,0.53515625,0.0
dreamlite-single-set,5,r5-f1-11dddf29efebc033a995ab92,66,2.9696278829718878e-05,18.29166603088379,17.814778089523315,0.9039040207862854,False,0.0007707461386079107,1.0,0.462890625,0.53515625,0.0
dreamlite-single-set,5,r5-f1-11dddf29efebc033a995ab92,67,2.9683821955335006e-05,16.145832061767578,17.80631446838379,1.9934386014938354,False,0.0008334111812642028,1.0,0.462890625,0.53515625,0.0
dreamlite-single-set,5,r5-f1-11dddf29efebc033a995ab92,68,2.9671118834756543e-05,19.536457061767578,17.79850196838379,0.9187526106834412,False,0.0008632262517643482,1.0,0.462890625,0.53515625,0.0
dreamlite-single-set,5,r5-f1-11dddf29efebc033a995ab92,69,2.9658169791006273e-05,17.04166603088379,17.786132216453552,0.767614483833313,False,0.0008768203694478302,1.0,0.46484375,0.53515625,0.0
dreamlite-single-set,5,r5-f1-11dddf29efebc033a995ab92,70,2.964497515336046e-05,18.21875,17.793293714523315,0.9777882695198059,False,0.0009456535165832218,1.0,0.462890625,0.53515625,0.0
dreamlite-single-set,5,r5-f1-11dddf29efebc033a995ab92,71,2.9631535257340486e-05,16.16666603088379,17.777668714523315,1.801927924156189,False,0.0009371568894950011,1.0,0.462890625,0.53515625,0.0
dreamlite-single-set,5,r5-f1-11dddf29efebc033a995ab92,72,2.9617850444704315e-05,19.578125,17.775715589523315,1.5589696168899536,False,0.0008299296106593466,1.0,0.46484375,0.53515625,0.0
dreamlite-single-set,5,r5-f1-11dddf29efebc033a995ab92,73,2.9603921063437794e-05,17.01041603088379,17.762694716453552,0.9678153395652771,False,0.0008011436642096695,1.0,0.462890625,0.53515625,0.0
dreamlite-single-set,5,r5-f1-11dddf29efebc033a995ab92,74,2.9589747467745818e-05,18.19791603088379,17.760741591453552,2.2933502197265625,False,0.0006282482602743116,1.0,0.46484375,0.53515625,0.0
dreamlite-single-set,5,r5-f1-11dddf29efebc033a995ab92,75,2.9575330018043316e-05,16.10416603088379,17.747069716453552,1.1115050315856934,False,0.0006459402187465803,1.0,0.462890625,0.53515625,0.0
dreamlite-single-set,5,r5-f1-11dddf29efebc033a995ab92,76,2.9560669080946092e-05,19.578125,17.736653089523315,1.1405830383300781,False,0.0006131035280019094,1.0,0.462890625,0.53515625,0.0
dreamlite-single-set,5,r5-f1-11dddf29efebc033a995ab92,77,2.9545765029261487e-05,17.0,17.729491710662842,1.1801621913909912,False,0.0006496372632342377,1.0,0.462890625,0.53515625,0.0
dreamlite-single-set,5,r5-f1-11dddf29efebc033a995ab92,78,2.9530618241978923e-05,18.270832061767578,17.734699964523315,3.880247116088867,False,0.0006980482836538052,1.0,0.462890625,0.53515625,0.0
dreamlite-single-set,5,r5-f1-11dddf29efebc033a995ab92,79,2.9515229104260233e-05,16.26041603088379,17.743163466453552,1.2058824300765991,False,0.0007021698623205746,1.0,0.462890625,0.53515625,0.0
dreamlite-single-set,5,r5-f1-11dddf29efebc033a995ab92,80,2.9499598007429908e-05,19.6875,17.752278089523315,1.659568190574646,False,0.0007183034853145749,1.0,0.462890625,0.53515625,0.0
dreamlite-single-set,5,r5-f1-11dddf29efebc033a995ab92,81,2.948372534896511e-05,16.989582061767578,17.754882216453552,5.237905979156494,False,0.0010211529625214141,1.0,0.462890625,0.53515625,0.0
dreamlite-single-set,5,r5-f1-11dddf29efebc033a995ab92,82,2.9467611532485588e-05,18.0625,17.740559339523315,1.2298814058303833,False,0.0010383024453093546,1.0,0.462890625,0.53515625,0.0
dreamlite-single-set,5,r5-f1-11dddf29efebc033a995ab92,83,2.945125696774339e-05,16.375,17.754882335662842,2.8064026832580566,False,0.0009532170818874991,1.0,0.462890625,0.53515625,0.0
dreamlite-single-set,5,r5-f1-11dddf29efebc033a995ab92,84,2.9434662070612482e-05,19.739582061767578,17.767577648162842,0.7569440007209778,False,0.0008953906832316423,1.0,0.462890625,0.53515625,0.0
dreamlite-single-set,5,r5-f1-11dddf29efebc033a995ab92,85,2.9417827263078142e-05,17.1875,17.776692271232605,1.7181296348571777,False,0.0009594954682002511,1.0,0.462890625,0.53515625,0.0
dreamlite-single-set,5,r5-f1-11dddf29efebc033a995ab92,86,2.940075297322622e-05,18.22916603088379,17.777343273162842,1.4829787015914917,False,0.000923981578955224,1.0,0.462890625,0.53515625,0.0
dreamlite-single-set,5,r5-f1-11dddf29efebc033a995ab92,87,2.938343963523229e-05,16.13541603088379,17.775390148162842,1.3573741912841797,False,0.0009329926469639848,1.0,0.46484375,0.53515625,0.0
dreamlite-single-set,5,r5-f1-11dddf29efebc033a995ab92,88,2.9365887689350595e-05,19.69791603088379,17.78287708759308,0.9542137384414673,False,0.0009786903494044864,1.0,0.462890625,0.53515625,0.0
dreamlite-single-set,5,r5-f1-11dddf29efebc033a995ab92,89,2.9348097581902822e-05,16.97916603088379,17.78092396259308,1.7133865356445312,False,0.0010872891176670384,1.0,0.46484375,0.53515625,0.0
dreamlite-single-set,5,r5-f1-11dddf29efebc033a995ab92,90,2.933006976526679e-05,18.25,17.784179210662842,0.4275355339050293,False,0.0010512648327590179,1.0,0.46484375,0.53515625,0.0
dreamlite-single-set,5,r5-f1-11dddf29efebc033a995ab92,91,2.9311804697864947e-05,16.125,17.785481333732605,1.670960545539856,False,0.000999408909340472,1.0,0.462890625,0.53515625,0.0
dreamlite-single-set,5,r5-f1-11dddf29efebc033a995ab92,92,2.9293302844152674e-05,19.58854103088379,17.786132335662842,1.8041102886199951,False,0.0008671946260640445,1.0,0.462890625,0.53515625,0.0
dreamlite-single-set,5,r5-f1-11dddf29efebc033a995ab92,93,2.9274564674606523e-05,17.052082061767578,17.789387464523315,1.0734714269638062,False,0.0008960255298928481,1.0,0.462890625,0.53515625,0.0
dreamlite-single-set,5,r5-f1-11dddf29efebc033a995ab92,94,2.9255590665712213e-05,18.395832061767578,17.797199964523315,0.8603671789169312,False,0.0009287914275502086,1.0,0.462890625,0.53515625,0.0
dreamlite-single-set,5,r5-f1-11dddf29efebc033a995ab92,95,2.923638129995254e-05,16.3125,17.80045521259308,1.0430445671081543,False,0.0009494640678613944,1.0,0.46484375,0.53515625,0.0
dreamlite-single-set,5,r5-f1-11dddf29efebc033a995ab92,96,2.9216937065795103e-05,19.598957061767578,17.794921278953552,1.1834757328033447,False,0.0008194740387428446,1.0,0.46484375,0.53515625,0.0
dreamlite-single-set,5,r5-f1-11dddf29efebc033a995ab92,97,2.919725845767987e-05,17.145832061767578,17.804686903953552,1.2467970848083496,False,0.0009051058664890916,1.0,0.46484375,0.53515625,0.0
dreamlite-single-set,5,r5-f1-11dddf29efebc033a995ab92,98,2.9177345976006628e-05,18.177082061767578,17.811848282814026,1.7518844604492188,False,0.0008947813172772791,1.0,0.46484375,0.53515625,0.0
dreamlite-single-set,5,r5-f1-11dddf29efebc033a995ab92,99,2.9157200127122236e-05,16.333332061767578,17.8092440366745,1.3507349491119385,False,0.0009379098630818865,1.0,0.46484375,0.53515625,0.0
dreamlite-single-set,5,r5-f1-11dddf29efebc033a995ab92,100,2.913682142330775e-05,19.567707061767578,17.7985018491745,1.569460153579712,False,0.000848277922659296,1.0,0.462890625,0.53125,0.0
dreamlite-single-set,5,r5-f1-11dddf29efebc033a995ab92,101,2.911621038276542e-05,17.04166603088379,17.789387226104736,2.1026012897491455,False,0.0007711275926561633,1.0,0.46484375,0.53515625,0.0
dreamlite-single-set,5,r5-f1-11dddf29efebc033a995ab92,102,2.909536752960549e-05,18.26041603088379,17.791340351104736,1.578539252281189,False,0.0006944107854942708,1.0,0.46484375,0.53515625,0.0
dreamlite-single-set,5,r5-f1-11dddf29efebc033a995ab92,103,2.9074293393832876e-05,16.16666603088379,17.793293476104736,6.974930286407471,False,0.0010706708895158663,1.0,0.462890625,0.53515625,0.0
dreamlite-single-set,5,r5-f1-11dddf29efebc033a995ab92,104,2.90529885113337e-05,19.671875,17.7916659116745,1.3394962549209595,False,0.0009449689567601683,1.0,0.462890625,0.53515625,0.0
dreamlite-single-set,5,r5-f1-11dddf29efebc033a995ab92,105,2.9031453423861642e-05,17.083332061767578,17.798176288604736,1.7334455251693726,False,0.0008530878439655021,1.0,0.46484375,0.53515625,0.0
dreamlite-single-set,5,r5-f1-11dddf29efebc033a995ab92,106,2.9009688679024187e-05,18.03125,17.784504413604736,3.045027732849121,False,0.0010300631187327152,1.0,0.46484375,0.53515625,0.0
dreamlite-single-set,5,r5-f1-11dddf29efebc033a995ab92,107,2.8987694830268685e-05,16.16666603088379,17.787108540534973,1.1811118125915527,False,0.0009136905994103696,1.0,0.46484375,0.53515625,0.0
dreamlite-single-set,5,r5-f1-11dddf29efebc033a995ab92,108,2.8965472436868284e-05,19.61979103088379,17.789061665534973,1.9658288955688477,False,0.0009869749365303926,1.0,0.462890625,0.53515625,0.0
dreamlite-single-set,5,r5-f1-11dddf29efebc033a995ab92,109,2.894302206390769e-05,17.114582061767578,17.792967915534973,2.8161654472351074,False,0.0009016603786245503,1.0,0.46484375,0.53515625,0.0
dreamlite-single-set,5,r5-f1-11dddf29efebc033a995ab92,110,2.8920344282268846e-05,18.239582061767578,17.783202290534973,1.2737749814987183,False,0.0008249189712067718,1.0,0.46484375,0.53515625,0.0
dreamlite-single-set,5,r5-f1-11dddf29efebc033a995ab92,111,2.8897439668616345e-05,16.28125,17.781249165534973,5.095320701599121,False,0.000678954733900159,1.0,0.462890625,0.53515625,0.0
dreamlite-single-set,5,r5-f1-11dddf29efebc033a995ab92,112,2.8874308805382837e-05,19.489582061767578,17.774413228034973,0.9675172567367554,False,0.0006821421889930287,1.0,0.46484375,0.53515625,0.0
dreamlite-single-set,5,r5-f1-11dddf29efebc033a995ab92,113,2.8850952280754167e-05,16.97916603088379,17.763996601104736,15.171215057373047,True,0.000940037441301975,1.0,0.46484375,0.53515625,0.0
dreamlite-single-set,5,r5-f1-11dddf29efebc033a995ab92,114,2.8827370688654434e-05,18.177082061767578,17.763996601104736,0.9995227456092834,False,0.0008650477488476975,1.0,0.46484375,0.53515625,0.0
dreamlite-single-set,5,r5-f1-11dddf29efebc033a995ab92,115,2.880356462873091e-05,16.375,17.766600847244263,1.24049973487854,False,0.0008001039579032186,1.0,0.46484375,0.53515625,0.0
dreamlite-single-set,5,r5-f1-11dddf29efebc033a995ab92,116,2.8779534706338766e-05,19.828125,17.78287696838379,1.0931024551391602,False,0.0007634326504844307,1.0,0.46484375,0.53515625,0.0
dreamlite-single-set,5,r5-f1-11dddf29efebc033a995ab92,117,2.875528153252567e-05,17.09375,17.786132216453552,1.0449306964874268,False,0.0007593196373526121,1.0,0.46484375,0.53515625,0.0
dreamlite-single-set,5,r5-f1-11dddf29efebc033a995ab92,118,2.8730805724016292e-05,18.302082061767578,17.78873634338379,1.4776482582092285,False,0.0007170002043156153,1.0,0.46484375,0.53515625,0.0
dreamlite-single-set,5,r5-f1-11dddf29efebc033a995ab92,119,2.8706107903196563e-05,16.427082061767578,17.805012345314026,1.5340595245361328,False,0.0006847804890747692,1.0,0.46484375,0.53515625,0.0
dreamlite-single-set,5,r5-f1-11dddf29efebc033a995ab92,120,2.868118869809791e-05,19.484375,17.793293595314026,1.9024139642715454,False,0.0006195786797210715,1.0,0.46484375,0.53515625,0.0
dreamlite-single-set,5,r5-f1-11dddf29efebc033a995ab92,121,2.8656048742381237e-05,17.13541603088379,17.79654884338379,2.7045910358428955,False,0.0006715890157084565,1.0,0.46484375,0.53515625,0.0
dreamlite-single-set,5,r5-f1-11dddf29efebc033a995ab92,122,2.863068867532084e-05,18.10416603088379,17.801106095314026,1.9462989568710327,False,0.0006611784646391458,1.0,0.462890625,0.53515625,0.0
dreamlite-single-set,5,r5-f1-11dddf29efebc033a995ab92,123,2.8605109141788138e-05,16.34375,17.81217384338379,3.7205252647399902,False,0.0007620583238257947,1.0,0.46484375,0.53515625,0.0
dreamlite-single-set,5,r5-f1-11dddf29efebc033a995ab92,124,2.857931079223527e-05,19.583332061767578,17.809895157814026,1.5473235845565796,False,0.0007519153113088175,1.0,0.46484375,0.53515625,0.0
dreamlite-single-set,5,r5-f1-11dddf29efebc033a995ab92,125,2.8553294282678578e-05,17.04166603088379,17.80533790588379,1.7395057678222656,False,0.0007569321989880578,1.0,0.46484375,0.53515625,0.0
dreamlite-single-set,5,r5-f1-11dddf29efebc033a995ab92,126,2.8527060274681913e-05,18.21875,17.804035902023315,1.5846484899520874,False,0.0007859912518545952,1.0,0.46484375,0.53515625,0.0
dreamlite-single-set,5,r5-f1-11dddf29efebc033a995ab92,127,2.8500609435339794e-05,16.177082061767578,17.79752540588379,1.9753262996673584,False,0.0007473928641402569,1.0,0.46484375,0.53515625,0.0
dreamlite-single-set,5,r5-f1-11dddf29efebc033a995ab92,128,2.847394243726047e-05,19.40104103088379,17.791991591453552,1.4778645038604736,False,0.0006653175778940066,1.0,0.46484375,0.53515625,0.0
dreamlite-single-set,6,r5-f1-de4899e05b0aa7f3d8373171,1,1e-05,13.645835876464844,13.645835876464844,1.489997386932373,False,0.0003622007618994025,1.0,0.458984375,0.53515625,0.0
dreamlite-single-set,6,r5-f1-de4899e05b0aa7f3d8373171,2,1.1333333333333334e-05,12.958340644836426,13.302088260650635,0.6581017374992371,False,0.0005071182223415607,1.0,0.4609375,0.53515625,0.0
dreamlite-single-set,6,r5-f1-de4899e05b0aa7f3d8373171,3,1.2666666666666667e-05,13.270834922790527,13.291670481363932,1.2567474842071533,False,0.0005720734945161185,1.0,0.458984375,0.5390625,0.0
dreamlite-single-set,6,r5-f1-de4899e05b0aa7f3d8373171,4,1.4000000000000001e-05,13.062501907348633,13.234378337860107,1.7980490922927856,False,0.0005802263036691577,1.0,0.458984375,0.5390625,0.0
dreamlite-single-set,6,r5-f1-de4899e05b0aa7f3d8373171,5,1.5333333333333334e-05,13.562501907348633,13.300003051757812,0.6021395921707153,False,0.000581935586308266,1.0,0.458984375,0.53515625,0.0
dreamlite-single-set,6,r5-f1-de4899e05b0aa7f3d8373171,6,1.6666666666666667e-05,12.979171752929688,13.246531168619791,1.118142008781433,False,0.0006170851324215356,1.0,0.458984375,0.5390625,0.0
dreamlite-single-set,6,r5-f1-de4899e05b0aa7f3d8373171,7,1.8e-05,13.479167938232422,13.279764992850167,0.5322164297103882,False,0.0006727569488241505,1.0,0.45703125,0.5390625,0.0
dreamlite-single-set,6,r5-f1-de4899e05b0aa7f3d8373171,8,1.9333333333333333e-05,13.125001907348633,13.260419607162476,1.0921469926834106,False,0.0006860215971050688,1.0,0.458984375,0.53515625,0.0
dreamlite-single-set,6,r5-f1-de4899e05b0aa7f3d8373171,9,2.0666666666666666e-05,13.708335876464844,13.310188081529406,0.8340052962303162,False,0.0007583374511942228,1.0,0.4609375,0.5390625,0.0
dreamlite-single-set,6,r5-f1-de4899e05b0aa7f3d8373171,10,2.2e-05,12.91667366027832,13.270836639404298,1.305858850479126,False,0.0006579214046650419,1.0,0.458984375,0.5390625,0.0
dreamlite-single-set,6,r5-f1-de4899e05b0aa7f3d8373171,11,2.3333333333333332e-05,13.208334922790527,13.265154665166682,3.5754549503326416,False,0.0008016040098948123,1.0,0.458984375,0.5390625,0.0
dreamlite-single-set,6,r5-f1-de4899e05b0aa7f3d8373171,12,2.4666666666666665e-05,13.041668891906738,13.246530850728353,2.932605028152466,False,0.000747748640615042,1.0,0.458984375,0.53515625,0.0
dreamlite-single-set,6,r5-f1-de4899e05b0aa7f3d8373171,13,2.6000000000000002e-05,13.583335876464844,13.27243892963116,1.6499764919281006,False,0.0008478924301594854,1.0,0.458984375,0.5390625,0.0
dreamlite-single-set,6,r5-f1-de4899e05b0aa7f3d8373171,14,2.733333333333333e-05,12.97917366027832,13.25149141039167,7.225539207458496,False,0.0010513206483384302,1.0,0.458984375,0.53515625,0.0
dreamlite-single-set,6,r5-f1-de4899e05b0aa7f3d8373171,15,2.8666666666666668e-05,13.270834922790527,13.252780977884928,1.0405313968658447,False,0.0010395809668299974,1.0,0.4609375,0.5390625,0.0
dreamlite-single-set,6,r5-f1-de4899e05b0aa7f3d8373171,16,2.9999999999999997e-05,13.125001907348633,13.24479478597641,0.5978968739509583,False,0.0010072619092843873,1.0,0.458984375,0.53515625,0.0
dreamlite-single-set,6,r5-f1-de4899e05b0aa7f3d8373171,17,2.9999999999999997e-05,13.395835876464844,13.22916978597641,1.6539446115493774,False,0.0009821230485177535,1.0,0.458984375,0.53515625,0.0
dreamlite-single-set,6,r5-f1-de4899e05b0aa7f3d8373171,18,2.9999872856917585e-05,13.08333969116211,13.236982226371765,0.5805365443229675,False,0.0009169743206428497,1.0,0.4609375,0.5390625,0.0
dreamlite-single-set,6,r5-f1-de4899e05b0aa7f3d8373171,19,2.999949143090342e-05,13.145835876464844,13.22916978597641,0.9003183245658875,False,0.0009185208099305063,1.0,0.458984375,0.53515625,0.0
dreamlite-single-set,6,r5-f1-de4899e05b0aa7f3d8373171,20,2.9998855731656623e-05,13.187501907348633,13.23698228597641,5.581808567047119,False,0.0011747916425168417,1.0,0.4609375,0.5390625,0.0
dreamlite-single-set,6,r5-f1-de4899e05b0aa7f3d8373171,21,2.999796577534217e-05,13.583335876464844,13.238284409046173,1.9642707109451294,False,0.0010525995467468138,1.0,0.458984375,0.53515625,0.0
dreamlite-single-set,6,r5-f1-de4899e05b0aa7f3d8373171,22,2.99968215845904e-05,12.958340644836426,13.236982464790344,0.911786675453186,False,0.0008979910953009133,1.0,0.458984375,0.5390625,0.0
dreamlite-single-set,6,r5-f1-de4899e05b0aa7f3d8373171,23,2.9995423188496514e-05,13.270834922790527,13.223961651325226,1.0743331909179688,False,0.0009352908709350616,1.0,0.458984375,0.53515625,0.0
dreamlite-single-set,6,r5-f1-de4899e05b0aa7f3d8373171,24,2.9993770622619783e-05,12.979168891906738,13.214847087860107,4.741166114807129,False,0.0011222112366040078,1.0,0.458984375,0.5390625,0.0
dreamlite-single-set,6,r5-f1-de4899e05b0aa7f3d8373171,25,2.9991863928982672e-05,13.50000286102295,13.201826274394989,1.7636975049972534,False,0.001193009578355761,1.0,0.458984375,0.5390625,0.0
dreamlite-single-set,6,r5-f1-de4899e05b0aa7f3d8373171,26,2.998970315606976e-05,12.875007629394531,13.199222147464752,1.9320985078811646,False,0.0011747897756704364,1.0,0.458984375,0.53515625,0.0
dreamlite-single-set,6,r5-f1-de4899e05b0aa7f3d8373171,27,2.998728835882651e-05,13.354167938232422,13.20833671092987,0.645719587802887,False,0.0010428265469385185,1.0,0.458984375,0.53515625,0.0
dreamlite-single-set,6,r5-f1-de4899e05b0aa7f3d8373171,28,2.9984619598657892e-05,13.145834922790527,13.214847087860107,1.2348322868347168,False,0.000991339177707954,1.0,0.4609375,0.5390625,0.0
dreamlite-single-set,6,r5-f1-de4899e05b0aa7f3d8373171,29,2.9981696943426767e-05,13.645835876464844,13.218753337860107,0.9595139622688293,False,0.000919264591969249,1.0,0.458984375,0.5390625,0.0
dreamlite-single-set,6,r5-f1-de4899e05b0aa7f3d8373171,30,2.997852046745222e-05,12.937507629394531,13.21614921092987,0.6649813652038574,False,0.000884224385026651,1.0,0.458984375,0.5390625,0.0
dreamlite-single-set,6,r5-f1-de4899e05b0aa7f3d8373171,31,2.9975090251507633e-05,13.250001907348633,13.214847147464752,1.0199252367019653,False,0.0007908866777272606,1.0,0.458984375,0.53515625,0.0
dreamlite-single-set,6,r5-f1-de4899e05b0aa7f3d8373171,32,2.9971406382818667e-05,12.875001907348633,13.199222147464752,1.4395030736923218,False,0.0008546014689511322,1.0,0.458984375,0.5390625,0.0
dreamlite-single-set,6,r5-f1-de4899e05b0aa7f3d8373171,33,2.9967468955060995e-05,13.50000286102295,13.205732583999634,1.2304855585098267,False,0.0009137870310260759,1.0,0.458984375,0.5390625,0.0
dreamlite-single-set,6,r5-f1-de4899e05b0aa7f3d8373171,34,2.996327806835797e-05,12.958338737487793,13.197920024394989,1.7836190462112427,False,0.001043870311254291,1.0,0.4609375,0.5390625,0.0
dreamlite-single-set,6,r5-f1-de4899e05b0aa7f3d8373171,35,2.9958833829278017e-05,13.250001907348633,13.204430401325226,1.2477108240127563,False,0.0011660907802574024,1.0,0.458984375,0.53515625,0.0
dreamlite-single-set,6,r5-f1-de4899e05b0aa7f3d8373171,36,2.995413635083201e-05,13.041668891906738,13.195315837860107,1.8884282112121582,False,0.001240119272855731,1.0,0.45703125,0.53515625,0.0
dreamlite-single-set,6,r5-f1-de4899e05b0aa7f3d8373171,37,2.9949185752470325e-05,13.750001907348633,13.205732464790344,1.088956356048584,False,0.0012693839678620355,1.0,0.458984375,0.5390625,0.0
dreamlite-single-set,6,r5-f1-de4899e05b0aa7f3d8373171,38,2.9943982160079822e-05,13.000007629394531,13.208336651325226,1.2513388395309448,False,0.0013054632472984894,1.0,0.458984375,0.5390625,0.0
dreamlite-single-set,6,r5-f1-de4899e05b0aa7f3d8373171,39,2.993852570598065e-05,13.437501907348633,13.218753337860107,1.6090948581695557,False,0.0013559542632453386,1.0,0.4609375,0.5390625,0.0
dreamlite-single-set,6,r5-f1-de4899e05b0aa7f3d8373171,40,2.9932816528922903e-05,13.187501907348633,13.231774151325226,1.3407173156738281,False,0.0013695455215829986,1.0,0.458984375,0.5390625,0.0
dreamlite-single-set,6,r5-f1-de4899e05b0aa7f3d8373171,41,2.992685477408305e-05,13.541668891906738,13.234378278255463,1.5774500370025635,False,0.0014724794879342122,1.0,0.458984375,0.5390625,0.0
dreamlite-single-set,6,r5-f1-de4899e05b0aa7f3d8373171,42,2.9920640593060258e-05,12.916672706604004,13.236982345581055,0.6553894281387329,False,0.0014690740863229012,1.0,0.4609375,0.5390625,0.0
dreamlite-single-set,6,r5-f1-de4899e05b0aa7f3d8373171,43,2.9914174143872566e-05,13.250001907348633,13.230471968650818,1.5529470443725586,False,0.0014093930450578183,1.0,0.458984375,0.5390625,0.0
dreamlite-single-set,6,r5-f1-de4899e05b0aa7f3d8373171,44,2.9907455590952825e-05,12.979168891906738,13.220055341720581,0.8835408687591553,False,0.0013765726332616117,1.0,0.458984375,0.5390625,0.0
dreamlite-single-set,6,r5-f1-de4899e05b0aa7f3d8373171,45,2.990048510514454e-05,13.395835876464844,13.204430341720581,1.6629879474639893,False,0.0013721365627153038,1.0,0.458984375,0.5390625,0.0
dreamlite-single-set,6,r5-f1-de4899e05b0aa7f3d8373171,46,2.9893262863697524e-05,12.937505722045898,13.204430222511292,1.1134978532791138,False,0.0012473615631291963,1.0,0.4609375,0.5390625,0.0
dreamlite-single-set,6,r5-f1-de4899e05b0aa7f3d8373171,47,2.9885789050263383e-05,13.312501907348633,13.208336472511292,1.029707431793213,False,0.001101132273421588,1.0,0.4609375,0.5390625,0.0
dreamlite-single-set,6,r5-f1-de4899e05b0aa7f3d8373171,48,2.987806385489085e-05,13.125001907348633,13.223961472511292,4.61699104309082,False,0.0011485005262009901,1.0,0.4609375,0.5390625,0.0
dreamlite-single-set,6,r5-f1-de4899e05b0aa7f3d8373171,49,2.9870087474020964e-05,13.458335876464844,13.22135728597641,1.0901374816894531,False,0.001160170892713002,1.0,0.458984375,0.5390625,0.0
dreamlite-single-set,6,r5-f1-de4899e05b0aa7f3d8373171,50,2.9861860110482048e-05,12.812507629394531,13.212242841720581,0.5096002221107483,False,0.0011036735796361914,1.0,0.458984375,0.5390625,0.0
dreamlite-single-set,6,r5-f1-de4899e05b0aa7f3d8373171,51,2.9853381973484574e-05,13.229167938232422,13.210940718650818,225.03086853027344,True,0.0009274892902135236,1.0,0.4609375,0.5390625,0.0
dreamlite-single-set,6,r5-f1-de4899e05b0aa7f3d8373171,52,2.9844653278615835e-05,13.104167938232422,13.214846909046173,3.2084157466888428,False,0.000806794890514191,1.0,0.4609375,0.5390625,0.0
dreamlite-single-set,6,r5-f1-de4899e05b0aa7f3d8373171,53,2.9835674247834466e-05,13.583335876464844,13.204430282115936,2.1705691814422607,False,0.0008262217202916872,1.0,0.4609375,0.5390625,0.0
dreamlite-single-set,6,r5-f1-de4899e05b0aa7f3d8373171,54,2.9826445109464805e-05,13.020838737487793,13.205732226371765,2.0866189002990723,False,0.0008185643521450853,1.0,0.4609375,0.5390625,0.0
dreamlite-single-set,6,r5-f1-de4899e05b0aa7f3d8373171,55,2.9816966098191057e-05,13.145835876464844,13.187503099441528,0.9232590198516846,False,0.0007990880743630156,1.0,0.4609375,0.5390625,0.0
dreamlite-single-set,6,r5-f1-de4899e05b0aa7f3d8373171,56,2.9807237455051384e-05,13.145834922790527,13.184898912906647,2.2855865955352783,False,0.0008173730951190959,1.0,0.4609375,0.53515625,0.0
dreamlite-single-set,6,r5-f1-de4899e05b0aa7f3d8373171,57,2.9797259427431705e-05,13.562501907348633,13.186200976371765,9.37084674835205,False,0.000932172094405956,1.0,0.458984375,0.5390625,0.0
dreamlite-single-set,6,r5-f1-de4899e05b0aa7f3d8373171,58,2.978703226905946e-05,12.937507629394531,13.187503159046173,1.631017804145813,False,0.0009233054194624602,1.0,0.4609375,0.5390625,0.0
dreamlite-single-set,6,r5-f1-de4899e05b0aa7f3d8373171,59,2.9776556239997145e-05,13.166667938232422,13.18229478597641,4.119912624359131,False,0.0009894745645541078,1.0,0.4609375,0.5390625,0.0
dreamlite-single-set,6,r5-f1-de4899e05b0aa7f3d8373171,60,2.9765831606635676e-05,13.250001907348633,13.199221849441528,1.9114340543746948,False,0.0009430357501798987,1.0,0.4609375,0.5390625,0.0
dreamlite-single-set,6,r5-f1-de4899e05b0aa7f3d8373171,61,2.975485864168765e-05,13.458335876464844,13.203128099441528,1.8711642026901245,False,0.0008610634745534349,1.0,0.458984375,0.5390625,0.0
dreamlite-single-set,6,r5-f1-de4899e05b0aa7f3d8373171,62,2.974363762418038e-05,13.041671752929688,13.209638476371765,1.5488828420639038,False,0.0007470696824400728,1.0,0.458984375,0.5390625,0.0
dreamlite-single-set,6,r5-f1-de4899e05b0aa7f3d8373171,63,2.973216883944881e-05,13.333334922790527,13.210940539836884,0.6937847137451172,False,0.0006952702302995053,1.0,0.458984375,0.5390625,0.0
dreamlite-single-set,6,r5-f1-de4899e05b0aa7f3d8373171,64,2.972045257912828e-05,13.041668891906738,13.205732226371765,1.8233219385147095,False,0.0007132194788631316,1.0,0.458984375,0.5390625,0.0
dreamlite-single-set,6,r5-f1-de4899e05b0aa7f3d8373171,65,2.9708489141147082e-05,13.625001907348633,13.216148853302002,1.7946112155914307,False,0.0007791805214794458,1.0,0.4609375,0.5390625,0.0
dreamlite-single-set,6,r5-f1-de4899e05b0aa7f3d8373171,66,2.9696278829718878e-05,13.000005722045898,13.227867484092712,1.59285306930542,False,0.0008222029937588911,1.0,0.458984375,0.5390625,0.0
dreamlite-single-set,6,r5-f1-de4899e05b0aa7f3d8373171,67,2.9683821955335006e-05,13.020835876464844,13.214846730232239,3.986753463745117,False,0.0010247275429713218,1.0,0.4609375,0.5390625,0.0
dreamlite-single-set,6,r5-f1-de4899e05b0aa7f3d8373171,68,2.9671118834756543e-05,12.979168891906738,13.207034289836884,2.6440939903259277,False,0.0008460483881837829,1.0,0.4609375,0.5390625,0.0
dreamlite-single-set,6,r5-f1-de4899e05b0aa7f3d8373171,69,2.9658169791006273e-05,13.395835876464844,13.195315539836884,1.1576204299926758,False,0.0007705112825138752,1.0,0.4609375,0.5390625,0.0
dreamlite-single-set,6,r5-f1-de4899e05b0aa7f3d8373171,70,2.964497515336046e-05,13.020840644836426,13.195315659046173,2.12526535987854,False,0.0008450247480933309,1.0,0.4609375,0.5390625,0.0
dreamlite-single-set,6,r5-f1-de4899e05b0aa7f3d8373171,71,2.9631535257340486e-05,13.250001907348633,13.20182603597641,1.5493221282958984,False,0.0009062901573180037,1.0,0.4609375,0.5390625,0.0
dreamlite-single-set,6,r5-f1-de4899e05b0aa7f3d8373171,72,2.9617850444704315e-05,13.250001907348633,13.208336472511292,0.9446953535079956,False,0.0008147015636744964,1.0,0.458984375,0.5390625,0.0
dreamlite-single-set,6,r5-f1-de4899e05b0aa7f3d8373171,73,2.9603921063437794e-05,13.520835876464844,13.205732345581055,2.758107900619507,False,0.0008556269073087692,1.0,0.458984375,0.5390625,0.0
dreamlite-single-set,6,r5-f1-de4899e05b0aa7f3d8373171,74,2.9589747467745818e-05,13.083337783813477,13.214846730232239,2.6053006649017334,False,0.0007954906345289013,1.0,0.4609375,0.5390625,0.0
dreamlite-single-set,6,r5-f1-de4899e05b0aa7f3d8373171,75,2.9575330018043316e-05,13.187501907348633,13.216148853302002,1.1378004550933838,False,0.0008096657717707347,1.0,0.4609375,0.5390625,0.0
dreamlite-single-set,6,r5-f1-de4899e05b0aa7f3d8373171,76,2.9560669080946092e-05,13.020835876464844,13.201825976371765,4.405972003936768,False,0.0007886531452540373,1.0,0.4609375,0.5390625,0.0
dreamlite-single-set,6,r5-f1-de4899e05b0aa7f3d8373171,77,2.9545765029261487e-05,13.541669845581055,13.207034349441528,2.6822092533111572,False,0.0008103680851296323,1.0,0.4609375,0.5390625,0.0
dreamlite-single-set,6,r5-f1-de4899e05b0aa7f3d8373171,78,2.9530618241978923e-05,12.895841598510742,13.197919964790344,2.1739628314971924,False,0.000666984441145031,1.0,0.4609375,0.5390625,0.0
dreamlite-single-set,6,r5-f1-de4899e05b0aa7f3d8373171,79,2.9515229104260233e-05,13.291667938232422,13.195315778255463,3.114100933074951,False,0.0007512048129950107,1.0,0.4609375,0.5390625,0.0
dreamlite-single-set,6,r5-f1-de4899e05b0aa7f3d8373171,80,2.9499598007429908e-05,13.020835876464844,13.194013714790344,3.241232395172119,False,0.0005980171027274644,1.0,0.4609375,0.5390625,0.0
dreamlite-single-set,6,r5-f1-de4899e05b0aa7f3d8373171,81,2.948372534896511e-05,13.56250286102295,13.190107524394989,1.205018162727356,False,0.0006393507595399796,1.0,0.4609375,0.5390625,0.0
dreamlite-single-set,6,r5-f1-de4899e05b0aa7f3d8373171,82,2.9467611532485588e-05,12.916674613952637,13.18489933013916,2.2592649459838867,False,0.0006958016414759753,1.0,0.4609375,0.5390625,0.0
dreamlite-single-set,6,r5-f1-de4899e05b0aa7f3d8373171,83,2.945125696774339e-05,13.270834922790527,13.200524270534515,1.5413293838500977,False,0.0007155159616650193,1.0,0.4609375,0.5390625,0.0
dreamlite-single-set,6,r5-f1-de4899e05b0aa7f3d8373171,84,2.9434662070612482e-05,13.000001907348633,13.201826333999634,2.3346188068389893,False,0.0008019499584780748,1.0,0.4609375,0.5390625,0.0
dreamlite-single-set,6,r5-f1-de4899e05b0aa7f3d8373171,85,2.9417827263078142e-05,13.354169845581055,13.199222207069397,1.5901002883911133,False,0.0007915926258822134,1.0,0.4609375,0.5390625,0.0
dreamlite-single-set,6,r5-f1-de4899e05b0aa7f3d8373171,86,2.940075297322622e-05,12.875007629394531,13.190107643604279,3.0802385807037354,False,0.0008920352583496458,1.0,0.4609375,0.5390625,0.0
dreamlite-single-set,6,r5-f1-de4899e05b0aa7f3d8373171,87,2.938343963523229e-05,13.083335876464844,13.179691016674042,2.3106069564819336,False,0.0009180928710330891,1.0,0.4609375,0.5390625,0.0
dreamlite-single-set,6,r5-f1-de4899e05b0aa7f3d8373171,88,2.9365887689350595e-05,12.958335876464844,13.161461889743805,2.3316800594329834,False,0.0009997520166285453,1.0,0.4609375,0.5390625,0.0
dreamlite-single-set,6,r5-f1-de4899e05b0aa7f3d8373171,89,2.9348097581902822e-05,13.520835876464844,13.161461889743805,7.360179901123047,False,0.0010892682955806494,1.0,0.4609375,0.5390625,0.0
dreamlite-single-set,6,r5-f1-de4899e05b0aa7f3d8373171,90,2.933006976526679e-05,12.958340644836426,13.15364956855774,1.9362653493881226,False,0.0010204238343276542,1.0,0.4609375,0.5390625,0.0
dreamlite-single-set,6,r5-f1-de4899e05b0aa7f3d8373171,91,2.9311804697864947e-05,13.083335876464844,13.147139191627502,1.7250663042068481,False,0.0009570197630893654,1.0,0.4609375,0.5390625,0.0
dreamlite-single-set,6,r5-f1-de4899e05b0aa7f3d8373171,92,2.9293302844152674e-05,13.062501907348633,13.14974331855774,1.3275256156921387,False,0.0008297513418954501,1.0,0.4609375,0.5390625,0.0
dreamlite-single-set,6,r5-f1-de4899e05b0aa7f3d8373171,93,2.9274564674606523e-05,13.479169845581055,13.14583706855774,3.8013179302215576,False,0.0010602495275544397,1.0,0.4609375,0.5390625,0.0
dreamlite-single-set,6,r5-f1-de4899e05b0aa7f3d8373171,94,2.9255590665712213e-05,13.020840644836426,13.153649508953094,1.6728159189224243,False,0.0009699220360523994,1.0,0.458984375,0.5390625,0.0
dreamlite-single-set,6,r5-f1-de4899e05b0aa7f3d8373171,95,2.923638129995254e-05,13.250001907348633,13.151045382022858,1.7198692560195923,False,0.0009115890925674233,1.0,0.4609375,0.5390625,0.0
dreamlite-single-set,6,r5-f1-de4899e05b0aa7f3d8373171,96,2.9216937065795103e-05,13.041668891906738,13.152347445487976,1.9877934455871582,False,0.0009144257875492756,1.0,0.4609375,0.5390625,0.0
dreamlite-single-set,6,r5-f1-de4899e05b0aa7f3d8373171,97,2.919725845767987e-05,13.500001907348633,13.148441135883331,8.670845031738281,False,0.0010325573106242816,1.0,0.4609375,0.5390625,0.0
dreamlite-single-set,6,r5-f1-de4899e05b0aa7f3d8373171,98,2.9177345976006628e-05,13.000007629394531,13.15364944934845,2.230234384536743,False,0.0010066851246802598,1.0,0.4609375,0.5390625,0.0
dreamlite-single-set,6,r5-f1-de4899e05b0aa7f3d8373171,99,2.9157200127122236e-05,13.104168891906738,13.143232822418213,0.8871157765388489,False,0.0009674818628044786,1.0,0.4609375,0.5390625,0.0
dreamlite-single-set,6,r5-f1-de4899e05b0aa7f3d8373171,100,2.913682142330775e-05,12.916668891906738,13.138024508953094,0.9836774468421936,False,0.0008985007161896436,1.0,0.4609375,0.5390625,0.0
dreamlite-single-set,6,r5-f1-de4899e05b0aa7f3d8373171,101,2.911621038276542e-05,13.50000286102295,13.147139072418213,1.0578850507736206,False,0.0008752525095958611,1.0,0.4609375,0.5390625,0.0
dreamlite-single-set,6,r5-f1-de4899e05b0aa7f3d8373171,102,2.909536752960549e-05,12.937507629394531,13.151045322418213,2.540421724319458,False,0.0007305842209437536,1.0,0.4609375,0.5390625,0.0
dreamlite-single-set,6,r5-f1-de4899e05b0aa7f3d8373171,103,2.9074293393832876e-05,13.104168891906738,13.152347385883331,1.7056740522384644,False,0.0007365281131155291,1.0,0.458984375,0.5390625,0.0
dreamlite-single-set,6,r5-f1-de4899e05b0aa7f3d8373171,104,2.90529885113337e-05,13.166667938232422,13.165368139743805,2.145308494567871,False,0.0008206530140784107,1.0,0.4609375,0.5390625,0.0
dreamlite-single-set,6,r5-f1-de4899e05b0aa7f3d8373171,105,2.9031453423861642e-05,13.333335876464844,13.153649389743805,2.227565050125122,False,0.0008705503037819842,1.0,0.4609375,0.5390625,0.0
dreamlite-single-set,6,r5-f1-de4899e05b0aa7f3d8373171,106,2.9009688679024187e-05,13.020837783813477,13.15755546092987,1.4699180126190186,False,0.0008117100599317506,1.0,0.4609375,0.5390625,0.0
dreamlite-single-set,6,r5-f1-de4899e05b0aa7f3d8373171,107,2.8987694830268685e-05,13.250001907348633,13.167972087860107,1.4377985000610352,False,0.0007704407668204161,1.0,0.4609375,0.5390625,0.0
dreamlite-single-set,6,r5-f1-de4899e05b0aa7f3d8373171,108,2.8965472436868284e-05,12.958335876464844,13.16146171092987,3.1192734241485596,False,0.0008497145197629044,1.0,0.4609375,0.5390625,0.0
dreamlite-single-set,6,r5-f1-de4899e05b0aa7f3d8373171,109,2.894302206390769e-05,13.541669845581055,13.16536796092987,1.0004491806030273,False,0.0008156884272294356,1.0,0.4609375,0.5390625,0.0
dreamlite-single-set,6,r5-f1-de4899e05b0aa7f3d8373171,110,2.8920344282268846e-05,12.791672706604004,13.151044964790344,16.096281051635742,True,0.001198931687773196,1.0,0.4609375,0.5390625,0.0
dreamlite-single-set,6,r5-f1-de4899e05b0aa7f3d8373171,111,2.8897439668616345e-05,13.166667938232422,13.145836591720581,1.1266603469848633,False,0.0011822133168856227,1.0,0.4609375,0.5390625,0.0
dreamlite-single-set,6,r5-f1-de4899e05b0aa7f3d8373171,112,2.8874308805382837e-05,12.979168891906738,13.141930341720581,5.316764831542969,False,0.0013103199235949632,1.0,0.4609375,0.5390625,0.0
dreamlite-single-set,6,r5-f1-de4899e05b0aa7f3d8373171,113,2.8850952280754167e-05,13.354169845581055,13.132815837860107,2.3388943672180176,False,0.0013050049115273677,1.0,0.4609375,0.5390625,0.0
dreamlite-single-set,6,r5-f1-de4899e05b0aa7f3d8373171,114,2.8827370688654434e-05,13.020840644836426,13.134117901325226,0.8316373229026794,False,0.0012355159211105973,1.0,0.4609375,0.5390625,0.0
dreamlite-single-set,6,r5-f1-de4899e05b0aa7f3d8373171,115,2.880356462873091e-05,13.083335876464844,13.132815837860107,4.1416096687316895,False,0.00134044788274899,1.0,0.4609375,0.5390625,0.0
dreamlite-single-set,6,r5-f1-de4899e05b0aa7f3d8373171,116,2.8779534706338766e-05,12.81250286102295,13.12630546092987,10.082575798034668,True,0.0013855372790623197,1.0,0.4609375,0.5390625,0.0
dreamlite-single-set,6,r5-f1-de4899e05b0aa7f3d8373171,117,2.875528153252567e-05,13.354169845581055,13.117190897464752,1.198008418083191,False,0.0013131450221633217,1.0,0.4609375,0.5390625,0.0
dreamlite-single-set,6,r5-f1-de4899e05b0aa7f3d8373171,118,2.8730805724016292e-05,12.83333969116211,13.110680401325226,1.3023736476898193,False,0.0012131316311616662,1.0,0.462890625,0.5390625,0.0
dreamlite-single-set,6,r5-f1-de4899e05b0aa7f3d8373171,119,2.8706107903196563e-05,12.979169845581055,13.10286796092987,3.0724761486053467,False,0.0011019900016071146,1.0,0.4609375,0.5390625,0.0
dreamlite-single-set,6,r5-f1-de4899e05b0aa7f3d8373171,120,2.868118869809791e-05,12.958335876464844,13.089847207069397,1.5111881494522095,False,0.0010533476894439451,1.0,0.4609375,0.5390625,0.0
dreamlite-single-set,6,r5-f1-de4899e05b0aa7f3d8373171,121,2.8656048742381237e-05,13.500001907348633,13.100263833999634,3.6176905632019043,False,0.0011023014019574168,1.0,0.4609375,0.5390625,0.0
dreamlite-single-set,6,r5-f1-de4899e05b0aa7f3d8373171,122,2.863068867532084e-05,12.83333969116211,13.088545203208923,2.181946039199829,False,0.0009879395553826285,1.0,0.462890625,0.5390625,0.0
dreamlite-single-set,6,r5-f1-de4899e05b0aa7f3d8373171,123,2.8605109141788138e-05,13.104168891906738,13.079430639743805,2.304407835006714,False,0.000925348618993987,1.0,0.4609375,0.5390625,0.0
dreamlite-single-set,6,r5-f1-de4899e05b0aa7f3d8373171,124,2.857931079223527e-05,13.000001907348633,13.082034766674042,1.6074298620224,False,0.000906082946609419,1.0,0.462890625,0.5390625,0.0
dreamlite-single-set,6,r5-f1-de4899e05b0aa7f3d8373171,125,2.8553294282678578e-05,13.520835876464844,13.080732643604279,2.282336711883545,False,0.000794788005625706,1.0,0.4609375,0.5390625,0.0
dreamlite-single-set,6,r5-f1-de4899e05b0aa7f3d8373171,126,2.8527060274681913e-05,12.833341598510742,13.08333694934845,1.4916309118270874,False,0.0008012394500030011,1.0,0.462890625,0.5390625,0.0
dreamlite-single-set,6,r5-f1-de4899e05b0aa7f3d8373171,127,2.8500609435339794e-05,13.291667938232422,13.09114944934845,30.621633529663086,True,0.001292419236370825,1.0,0.462890625,0.5390625,0.0
dreamlite-single-set,6,r5-f1-de4899e05b0aa7f3d8373171,128,2.847394243726047e-05,13.145834922790527,13.101566076278687,3.7218151092529297,False,0.0014204643005760523,1.0,0.4609375,0.5390625,0.0
dreamlite-single-set,7,r5-f1-850189e424efde62468b2ef9,1,1e-05,36.58333206176758,36.58333206176758,4.235858917236328,False,0.00036228889773575444,1.0,0.443359375,0.53515625,0.0
dreamlite-single-set,7,r5-f1-850189e424efde62468b2ef9,2,1.1333333333333334e-05,34.83333206176758,35.70833206176758,2.7807605266571045,False,0.0005619405944489478,1.0,0.443359375,0.53515625,0.0
dreamlite-single-set,7,r5-f1-850189e424efde62468b2ef9,3,1.2666666666666667e-05,37.9375,36.45138804117838,6.216558456420898,False,0.0006154278220319572,1.0,0.443359375,0.53515625,0.0
dreamlite-single-set,7,r5-f1-850189e424efde62468b2ef9,4,1.4000000000000001e-05,34.89583206176758,36.062499046325684,6.344842910766602,False,0.0007099669327178176,1.0,0.443359375,0.53125,0.0
dreamlite-single-set,7,r5-f1-850189e424efde62468b2ef9,5,1.5333333333333334e-05,36.91666793823242,36.233332824707034,2.6561245918273926,False,0.0006946136043642036,1.0,0.44140625,0.53515625,0.0
dreamlite-single-set,7,r5-f1-850189e424efde62468b2ef9,6,1.6666666666666667e-05,35.02083206176758,36.031249364217125,7.106711387634277,False,0.000802174022899286,1.0,0.44140625,0.53515625,0.0
dreamlite-single-set,7,r5-f1-850189e424efde62468b2ef9,7,1.8e-05,38.125,36.33035659790039,2.2752573490142822,False,0.000819882904928665,1.0,0.443359375,0.53515625,0.0
dreamlite-single-set,7,r5-f1-850189e424efde62468b2ef9,8,1.9333333333333333e-05,35.6875,36.24999952316284,4.680412292480469,False,0.0008251710417886009,1.0,0.443359375,0.53125,0.0
dreamlite-single-set,7,r5-f1-850189e424efde62468b2ef9,9,2.0666666666666666e-05,36.6875,36.29861068725586,3.573115110397339,False,0.0009422477849184336,1.0,0.443359375,0.53515625,0.0
dreamlite-single-set,7,r5-f1-850189e424efde62468b2ef9,10,2.2e-05,34.97916793823242,36.166666412353514,4.600767135620117,False,0.0010372230546130835,1.0,0.443359375,0.53515625,0.0
dreamlite-single-set,7,r5-f1-850189e424efde62468b2ef9,11,2.3333333333333332e-05,37.72916793823242,36.308712005615234,4.545666694641113,False,0.0011509815234526254,1.0,0.443359375,0.53515625,0.0
dreamlite-single-set,7,r5-f1-850189e424efde62468b2ef9,12,2.4666666666666665e-05,35.35416793823242,36.229166666666664,5.811291217803955,False,0.0008854346827693428,1.0,0.443359375,0.53515625,0.0
dreamlite-single-set,7,r5-f1-850189e424efde62468b2ef9,13,2.6000000000000002e-05,37.10416793823242,36.29647445678711,20.19852638244629,True,0.0008893170109177018,1.0,0.443359375,0.53125,0.0
dreamlite-single-set,7,r5-f1-850189e424efde62468b2ef9,14,2.733333333333333e-05,35.35416793823242,36.22916684831892,3.979591131210327,False,0.0009288838740186475,1.0,0.44140625,0.53515625,0.0
dreamlite-single-set,7,r5-f1-850189e424efde62468b2ef9,15,2.8666666666666668e-05,37.5,36.31388905843099,28.989788055419922,True,0.001058863076365764,1.0,0.443359375,0.53125,0.0
dreamlite-single-set,7,r5-f1-850189e424efde62468b2ef9,16,2.9999999999999997e-05,34.91666793823242,36.22656273841858,3.5110554695129395,False,0.0011690767303532365,1.0,0.443359375,0.53515625,0.0
dreamlite-single-set,7,r5-f1-850189e424efde62468b2ef9,17,2.9999999999999997e-05,36.5,36.221354484558105,7.7110137939453125,False,0.0012315081118197105,1.0,0.44140625,0.53515625,0.0
dreamlite-single-set,7,r5-f1-850189e424efde62468b2ef9,18,2.9999872856917585e-05,35.10416793823242,36.23828172683716,5.4098100662231445,False,0.001368656303899427,1.0,0.443359375,0.53515625,0.0
dreamlite-single-set,7,r5-f1-850189e424efde62468b2ef9,19,2.999949143090342e-05,37.89583206176758,36.23567748069763,21.243375778198242,True,0.0013324446313916665,1.0,0.44140625,0.53515625,0.0
dreamlite-single-set,7,r5-f1-850189e424efde62468b2ef9,20,2.9998855731656623e-05,35.29166793823242,36.260417222976685,4.8972907066345215,False,0.0014485092407637485,1.0,0.44140625,0.53515625,0.0
dreamlite-single-set,7,r5-f1-850189e424efde62468b2ef9,21,2.999796577534217e-05,36.35416793823242,36.225260972976685,5.1334123611450195,False,0.0013777122554304814,1.0,0.443359375,0.53125,0.0
dreamlite-single-set,7,r5-f1-850189e424efde62468b2ef9,22,2.99968215845904e-05,35.25,36.23958396911621,14.628512382507324,True,0.0013274356372270338,1.0,0.443359375,0.53515625,0.0
dreamlite-single-set,7,r5-f1-850189e424efde62468b2ef9,23,2.9995423188496514e-05,37.6875,36.21224021911621,6.294003963470459,False,0.0012345273238523052,1.0,0.443359375,0.53515625,0.0
dreamlite-single-set,7,r5-f1-850189e424efde62468b2ef9,24,2.9993770622619783e-05,35.27083206176758,36.186198472976685,15.9576997756958,True,0.00099107445037726,1.0,0.443359375,0.53515625,0.0
dreamlite-single-set,7,r5-f1-850189e424efde62468b2ef9,25,2.9991863928982672e-05,36.89583206176758,36.19921922683716,6.6981916427612305,False,0.0008395702532830849,1.0,0.443359375,0.53515625,0.0
dreamlite-single-set,7,r5-f1-850189e424efde62468b2ef9,26,2.998970315606976e-05,35.0625,36.20442748069763,7.22573184967041,False,0.0007188670215258413,1.0,0.443359375,0.53515625,0.0
dreamlite-single-set,7,r5-f1-850189e424efde62468b2ef9,27,2.998728835882651e-05,37.5625,36.194010734558105,9.240762710571289,False,0.0006882973266081724,1.0,0.443359375,0.53515625,0.0
dreamlite-single-set,7,r5-f1-850189e424efde62468b2ef9,28,2.9984619598657892e-05,34.85416793823242,36.162760734558105,13.583158493041992,True,0.000934922814773881,1.0,0.443359375,0.53515625,0.0
dreamlite-single-set,7,r5-f1-850189e424efde62468b2ef9,29,2.9981696943426767e-05,36.79166793823242,36.143229484558105,12.357828140258789,True,0.0009357041519156693,1.0,0.443359375,0.53515625,0.0
dreamlite-single-set,7,r5-f1-850189e424efde62468b2ef9,30,2.997852046745222e-05,35.16666793823242,36.131510734558105,3.748084306716919,False,0.0009355457559373561,1.0,0.443359375,0.53515625,0.0
dreamlite-single-set,7,r5-f1-850189e424efde62468b2ef9,31,2.9975090251507633e-05,37.375,36.123698234558105,7.056764125823975,False,0.0010465572341674145,1.0,0.443359375,0.53125,0.0
dreamlite-single-set,7,r5-f1-850189e424efde62468b2ef9,32,2.9971406382818667e-05,35.125,36.13671898841858,14.13792896270752,True,0.0011923499044557075,1.0,0.44140625,0.53515625,0.0
dreamlite-single-set,7,r5-f1-850189e424efde62468b2ef9,33,2.9967468955060995e-05,36.95833206176758,36.16536474227905,7.5626301765441895,False,0.0008876003090063725,1.0,0.443359375,0.53515625,0.0
dreamlite-single-set,7,r5-f1-850189e424efde62468b2ef9,34,2.996327806835797e-05,34.75,36.143229246139526,5.217525482177734,False,0.0008634509003892164,1.0,0.443359375,0.53515625,0.0
dreamlite-single-set,7,r5-f1-850189e424efde62468b2ef9,35,2.9958833829278017e-05,37.75,36.13411474227905,2.479490280151367,False,0.0008045944617421783,1.0,0.4453125,0.53515625,0.0
dreamlite-single-set,7,r5-f1-850189e424efde62468b2ef9,36,2.995413635083201e-05,35.47916793823242,36.14583349227905,17.64714241027832,True,0.0009774902825978175,1.0,0.443359375,0.53125,0.0
dreamlite-single-set,7,r5-f1-850189e424efde62468b2ef9,37,2.9949185752470325e-05,36.35416793823242,36.14583349227905,7.078841686248779,False,0.0009757127217973483,1.0,0.443359375,0.53515625,0.0
dreamlite-single-set,7,r5-f1-850189e424efde62468b2ef9,38,2.9943982160079822e-05,35.04166793823242,36.13281273841858,5.9610443115234375,False,0.0010065386189196945,1.0,0.443359375,0.53515625,0.0
dreamlite-single-set,7,r5-f1-850189e424efde62468b2ef9,39,2.993852570598065e-05,37.45833206176758,36.11848974227905,6.272201061248779,False,0.0009405741820329836,1.0,0.443359375,0.53125,0.0
dreamlite-single-set,7,r5-f1-850189e424efde62468b2ef9,40,2.9932816528922903e-05,35.125,36.10937523841858,2.2138121128082275,False,0.0009150559875466743,1.0,0.443359375,0.53515625,0.0
dreamlite-single-set,7,r5-f1-850189e424efde62468b2ef9,41,2.992685477408305e-05,36.3125,36.072916984558105,10.596041679382324,True,0.0008382258014168722,1.0,0.443359375,0.53515625,0.0
dreamlite-single-set,7,r5-f1-850189e424efde62468b2ef9,42,2.9920640593060258e-05,35.08333206176758,36.07421898841858,6.271472930908203,False,0.0009121975941037016,1.0,0.443359375,0.53515625,0.0
dreamlite-single-set,7,r5-f1-850189e424efde62468b2ef9,43,2.9914174143872566e-05,37.35416793823242,36.061198234558105,4.083411693572998,False,0.0008956795632334373,1.0,0.44140625,0.53515625,0.0
dreamlite-single-set,7,r5-f1-850189e424efde62468b2ef9,44,2.9907455590952825e-05,35.20833206176758,36.08333349227905,2.7325849533081055,False,0.0008751070856307081,1.0,0.443359375,0.53515625,0.0
dreamlite-single-set,7,r5-f1-850189e424efde62468b2ef9,45,2.990048510514454e-05,36.375,36.057291746139526,4.999787330627441,False,0.0009352884473728044,1.0,0.443359375,0.53515625,0.0
dreamlite-single-set,7,r5-f1-850189e424efde62468b2ef9,46,2.9893262863697524e-05,34.95833206176758,36.044270753860474,5.2565436363220215,False,0.0008776146568490432,1.0,0.443359375,0.53515625,0.0
dreamlite-single-set,7,r5-f1-850189e424efde62468b2ef9,47,2.9885789050263383e-05,37.58333206176758,36.05729150772095,5.760313034057617,False,0.0008480805351458572,1.0,0.44140625,0.53515625,0.0
dreamlite-single-set,7,r5-f1-850189e424efde62468b2ef9,48,2.987806385489085e-05,35.02083206176758,36.05078101158142,7.921389102935791,False,0.000863329231522274,1.0,0.443359375,0.53125,0.0
dreamlite-single-set,7,r5-f1-850189e424efde62468b2ef9,49,2.9870087474020964e-05,36.27083206176758,36.00781226158142,5.8319993019104,False,0.0009599328467925505,1.0,0.443359375,0.53515625,0.0
dreamlite-single-set,7,r5-f1-850189e424efde62468b2ef9,50,2.9861860110482048e-05,34.9375,36.01953101158142,3.4416985511779785,False,0.0009789355626963956,1.0,0.443359375,0.53515625,0.0
dreamlite-single-set,7,r5-f1-850189e424efde62468b2ef9,51,2.9853381973484574e-05,37.54166793823242,36.00651025772095,4.974489212036133,False,0.0009525920936768889,1.0,0.443359375,0.53515625,0.0
dreamlite-single-set,7,r5-f1-850189e424efde62468b2ef9,52,2.9844653278615835e-05,34.77083206176758,35.962239265441895,3.3410873413085938,False,0.0009363961574887582,1.0,0.443359375,0.53515625,0.0
dreamlite-single-set,7,r5-f1-850189e424efde62468b2ef9,53,2.9835674247834466e-05,36.6875,35.98307251930237,10.045513153076172,True,0.0011146117584951165,1.0,0.443359375,0.53515625,0.0
dreamlite-single-set,7,r5-f1-850189e424efde62468b2ef9,54,2.9826445109464805e-05,34.85416793823242,35.97135376930237,8.273496627807617,False,0.0011836686330253879,1.0,0.443359375,0.53515625,0.0
dreamlite-single-set,7,r5-f1-850189e424efde62468b2ef9,55,2.9816966098191057e-05,37.45833206176758,35.97135376930237,45.21564865112305,True,0.0012284182446518366,1.0,0.443359375,0.53515625,0.0
dreamlite-single-set,7,r5-f1-850189e424efde62468b2ef9,56,2.9807237455051384e-05,35.1875,35.97526001930237,24.422592163085938,True,0.0010838534619847103,1.0,0.443359375,0.53515625,0.0
dreamlite-single-set,7,r5-f1-850189e424efde62468b2ef9,57,2.9797259427431705e-05,36.39583206176758,35.98046827316284,7.534887313842773,False,0.001196315207806325,1.0,0.44140625,0.53515625,0.0
dreamlite-single-set,7,r5-f1-850189e424efde62468b2ef9,58,2.978703226905946e-05,34.875,35.96744751930237,4.023055553436279,False,0.0011451765984546807,1.0,0.443359375,0.53515625,0.0
dreamlite-single-set,7,r5-f1-850189e424efde62468b2ef9,59,2.9776556239997145e-05,37.3125,35.96484327316284,5.5203118324279785,False,0.0010805606541148941,1.0,0.443359375,0.53515625,0.0
dreamlite-single-set,7,r5-f1-850189e424efde62468b2ef9,60,2.9765831606635676e-05,35.16666793823242,35.962239265441895,9.535883903503418,False,0.0012142526310463953,1.0,0.443359375,0.53515625,0.0
dreamlite-single-set,7,r5-f1-850189e424efde62468b2ef9,61,2.975485864168765e-05,36.66666793823242,35.98046851158142,7.708587169647217,False,0.0013046362912104456,1.0,0.443359375,0.53515625,0.0
dreamlite-single-set,7,r5-f1-850189e424efde62468b2ef9,62,2.974363762418038e-05,35.25,35.99869775772095,6.219501495361328,False,0.0013716289982431344,1.0,0.443359375,0.53125,0.0
dreamlite-single-set,7,r5-f1-850189e424efde62468b2ef9,63,2.973216883944881e-05,37.58333206176758,35.99869775772095,4.675544738769531,False,0.0012953198331843614,1.0,0.443359375,0.53515625,0.0
dreamlite-single-set,7,r5-f1-850189e424efde62468b2ef9,64,2.972045257912828e-05,34.8125,35.985677003860474,6.569453239440918,False,0.0012183820604195906,1.0,0.443359375,0.53515625,0.0
dreamlite-single-set,7,r5-f1-850189e424efde62468b2ef9,65,2.9708489141147082e-05,36.85416793823242,36.022135496139526,5.968732833862305,False,0.0011873943987325897,1.0,0.443359375,0.53515625,0.0
dreamlite-single-set,7,r5-f1-850189e424efde62468b2ef9,66,2.9696278829718878e-05,35.04166793823242,36.02864599227905,5.0443339347839355,False,0.001264625597198296,1.0,0.443359375,0.53515625,0.0
dreamlite-single-set,7,r5-f1-850189e424efde62468b2ef9,67,2.9683821955335006e-05,37.35416793823242,36.01692724227905,6.180397987365723,False,0.001194538557575904,1.0,0.44140625,0.53515625,0.0
dreamlite-single-set,7,r5-f1-850189e424efde62468b2ef9,68,2.9671118834756543e-05,34.97916793823242,36.029948234558105,12.749407768249512,True,0.001313195771397689,1.0,0.443359375,0.53515625,0.0
dreamlite-single-set,7,r5-f1-850189e424efde62468b2ef9,69,2.9658169791006273e-05,36.33333206176758,36.00781273841858,7.412858963012695,False,0.0012759207617549396,1.0,0.4453125,0.53515625,0.0
dreamlite-single-set,7,r5-f1-850189e424efde62468b2ef9,70,2.964497515336046e-05,34.5625,35.98958349227905,3.1721720695495605,False,0.0013012444275969921,1.0,0.443359375,0.53515625,0.0
dreamlite-single-set,7,r5-f1-850189e424efde62468b2ef9,71,2.9631535257340486e-05,37.375,35.98437523841858,9.981423377990723,False,0.0011628477597107234,1.0,0.443359375,0.53515625,0.0
dreamlite-single-set,7,r5-f1-850189e424efde62468b2ef9,72,2.9617850444704315e-05,35.20833206176758,35.98567724227905,11.390007972717285,True,0.0012061735904554695,1.0,0.443359375,0.53515625,0.0
dreamlite-single-set,7,r5-f1-850189e424efde62468b2ef9,73,2.9603921063437794e-05,36.16666793823242,35.971354484558105,9.251103401184082,False,0.0012563670680198595,1.0,0.443359375,0.53515625,0.0
dreamlite-single-set,7,r5-f1-850189e424efde62468b2ef9,74,2.9589747467745818e-05,34.5625,35.951823234558105,4.230714321136475,False,0.0012249808251670149,1.0,0.443359375,0.53515625,0.0
dreamlite-single-set,7,r5-f1-850189e424efde62468b2ef9,75,2.9575330018043316e-05,37.35416793823242,35.95442748069763,3.1237311363220215,False,0.001170230239388405,1.0,0.44140625,0.53515625,0.0
dreamlite-single-set,7,r5-f1-850189e424efde62468b2ef9,76,2.9560669080946092e-05,35.08333206176758,35.94921898841858,5.797215461730957,False,0.00116369918544484,1.0,0.443359375,0.53515625,0.0
dreamlite-single-set,7,r5-f1-850189e424efde62468b2ef9,77,2.9545765029261487e-05,36.3125,35.92708349227905,6.7779412269592285,False,0.0011589485745559173,1.0,0.443359375,0.53515625,0.0
dreamlite-single-set,7,r5-f1-850189e424efde62468b2ef9,78,2.9530618241978923e-05,34.5,35.88020849227905,3.7938899993896484,False,0.001084772674107649,1.0,0.443359375,0.53125,0.0
dreamlite-single-set,7,r5-f1-850189e424efde62468b2ef9,79,2.9515229104260233e-05,37.625,35.88281273841858,8.875447273254395,False,0.001065219352261306,1.0,0.443359375,0.53515625,0.0
dreamlite-single-set,7,r5-f1-850189e424efde62468b2ef9,80,2.9499598007429908e-05,35.1875,35.90625023841858,8.779279708862305,False,0.0011864485865023125,1.0,0.443359375,0.53515625,0.0
dreamlite-single-set,7,r5-f1-850189e424efde62468b2ef9,81,2.948372534896511e-05,36.39583206176758,35.877604246139526,12.309378623962402,True,0.0013244401808127789,1.0,0.443359375,0.53515625,0.0
dreamlite-single-set,7,r5-f1-850189e424efde62468b2ef9,82,2.9467611532485588e-05,34.8125,35.86328125,7.521734237670898,False,0.001279185554192101,1.0,0.443359375,0.53515625,0.0
dreamlite-single-set,7,r5-f1-850189e424efde62468b2ef9,83,2.945125696774339e-05,37.22916793823242,35.85546875,15.536462783813477,True,0.0012188148164707247,1.0,0.4453125,0.53515625,0.0
dreamlite-single-set,7,r5-f1-850189e424efde62468b2ef9,84,2.9434662070612482e-05,35.08333206176758,35.86197900772095,8.95537281036377,False,0.0012926777663307904,1.0,0.44140625,0.53515625,0.0
dreamlite-single-set,7,r5-f1-850189e424efde62468b2ef9,85,2.9417827263078142e-05,36.33333206176758,35.86197900772095,7.9435811042785645,False,0.001168402735276521,1.0,0.443359375,0.53515625,0.0
dreamlite-single-set,7,r5-f1-850189e424efde62468b2ef9,86,2.940075297322622e-05,34.9375,35.88541650772095,6.362832069396973,False,0.001174797855644659,1.0,0.443359375,0.53515625,0.0
dreamlite-single-set,7,r5-f1-850189e424efde62468b2ef9,87,2.938343963523229e-05,37.91666793823242,35.919270753860474,3.576799154281616,False,0.0011590772499582092,1.0,0.443359375,0.53515625,0.0
dreamlite-single-set,7,r5-f1-850189e424efde62468b2ef9,88,2.9365887689350595e-05,34.85416793823242,35.897135496139526,5.13725471496582,False,0.0010570686945247682,1.0,0.443359375,0.53515625,0.0
dreamlite-single-set,7,r5-f1-850189e424efde62468b2ef9,89,2.9348097581902822e-05,36.5,35.91796875,5.825328350067139,False,0.0011089105386623392,1.0,0.4453125,0.53515625,0.0
dreamlite-single-set,7,r5-f1-850189e424efde62468b2ef9,90,2.933006976526679e-05,34.95833206176758,35.942708253860474,7.110477447509766,False,0.0010960242549040017,1.0,0.443359375,0.53515625,0.0
dreamlite-single-set,7,r5-f1-850189e424efde62468b2ef9,91,2.9311804697864947e-05,37.125,35.92838525772095,3.5230512619018555,False,0.0010098833363908946,1.0,0.4453125,0.53515625,0.0
dreamlite-single-set,7,r5-f1-850189e424efde62468b2ef9,92,2.9293302844152674e-05,35.02083206176758,35.92447900772095,4.853264331817627,False,0.0010591770685576165,1.0,0.443359375,0.53515625,0.0
dreamlite-single-set,7,r5-f1-850189e424efde62468b2ef9,93,2.9274564674606523e-05,36.27083206176758,35.92187476158142,6.791881084442139,False,0.001040228952315626,1.0,0.443359375,0.53515625,0.0
dreamlite-single-set,7,r5-f1-850189e424efde62468b2ef9,94,2.9255590665712213e-05,34.20833206176758,35.903645515441895,9.600868225097656,False,0.0010498942987851303,1.0,0.443359375,0.53515625,0.0
dreamlite-single-set,7,r5-f1-850189e424efde62468b2ef9,95,2.923638129995254e-05,37.5625,35.899739265441895,6.7902445793151855,False,0.0009799078618959317,1.0,0.443359375,0.53515625,0.0
dreamlite-single-set,7,r5-f1-850189e424efde62468b2ef9,96,2.9216937065795103e-05,34.58333206176758,35.86197876930237,17.533540725708008,True,0.0007912998566691324,1.0,0.443359375,0.53515625,0.0
dreamlite-single-set,7,r5-f1-850189e424efde62468b2ef9,97,2.919725845767987e-05,36.14583206176758,35.84635376930237,8.380617141723633,False,0.0008815569890398772,1.0,0.443359375,0.53515625,0.0
dreamlite-single-set,7,r5-f1-850189e424efde62468b2ef9,98,2.9177345976006628e-05,34.5625,35.83072876930237,5.893100261688232,False,0.0008644559839136204,1.0,0.4453125,0.53515625,0.0
dreamlite-single-set,7,r5-f1-850189e424efde62468b2ef9,99,2.9157200127122236e-05,37.25,35.83203077316284,9.127330780029297,False,0.0007872963837148963,1.0,0.4453125,0.53515625,0.0
dreamlite-single-set,7,r5-f1-850189e424efde62468b2ef9,100,2.913682142330775e-05,34.91666793823242,35.821614265441895,62.79240036010742,True,0.0007090059854112892,1.0,0.4453125,0.53515625,0.0
dreamlite-single-set,7,r5-f1-850189e424efde62468b2ef9,101,2.911621038276542e-05,36.02083206176758,35.802083015441895,9.208005905151367,False,0.000863059636688776,1.0,0.4453125,0.53515625,0.0
dreamlite-single-set,7,r5-f1-850189e424efde62468b2ef9,102,2.909536752960549e-05,34.5625,35.778645515441895,6.655474662780762,False,0.0008309053031906884,1.0,0.4453125,0.53515625,0.0
dreamlite-single-set,7,r5-f1-850189e424efde62468b2ef9,103,2.9074293393832876e-05,37.27083206176758,35.73828077316284,8.867323875427246,False,0.0007886066862219205,1.0,0.443359375,0.53515625,0.0
dreamlite-single-set,7,r5-f1-850189e424efde62468b2ef9,104,2.90529885113337e-05,34.89583206176758,35.74088478088379,8.539316177368164,False,0.0008569158627583661,1.0,0.4453125,0.53515625,0.0
dreamlite-single-set,7,r5-f1-850189e424efde62468b2ef9,105,2.9031453423861642e-05,36.14583206176758,35.71874928474426,7.424989223480225,False,0.0008854488520221233,1.0,0.443359375,0.53515625,0.0
dreamlite-single-set,7,r5-f1-850189e424efde62468b2ef9,106,2.9009688679024187e-05,34.60416793823242,35.696614027023315,5.31925106048584,False,0.000880538792934188,1.0,0.4453125,0.53515625,0.0
dreamlite-single-set,7,r5-f1-850189e424efde62468b2ef9,107,2.8987694830268685e-05,37.4375,35.716145277023315,47.522586822509766,True,0.0008016920151006169,1.0,0.4453125,0.53515625,0.0
dreamlite-single-set,7,r5-f1-850189e424efde62468b2ef9,108,2.8965472436868284e-05,34.77083206176758,35.700520277023315,4.387885570526123,False,0.000849425383716211,1.0,0.4453125,0.53515625,0.0
dreamlite-single-set,7,r5-f1-850189e424efde62468b2ef9,109,2.894302206390769e-05,35.9375,35.67968702316284,6.632240295410156,False,0.0008680260524501879,1.0,0.4453125,0.53515625,0.0
dreamlite-single-set,7,r5-f1-850189e424efde62468b2ef9,110,2.8920344282268846e-05,34.22916793823242,35.680989265441895,4.7234272956848145,False,0.0008340142411487056,1.0,0.4453125,0.53515625,0.0
dreamlite-single-set,7,r5-f1-850189e424efde62468b2ef9,111,2.8897439668616345e-05,37.16666793823242,35.65624976158142,5.930997371673584,False,0.0007599628524676898,1.0,0.4453125,0.53515625,0.0
dreamlite-single-set,7,r5-f1-850189e424efde62468b2ef9,112,2.8874308805382837e-05,35.0,35.68229150772095,188.6952667236328,True,0.0006860383835109725,1.0,0.4453125,0.53515625,0.0
dreamlite-single-set,7,r5-f1-850189e424efde62468b2ef9,113,2.8850952280754167e-05,36.3125,35.692708253860474,4.751742362976074,False,0.0006715956098970814,1.0,0.4453125,0.53515625,0.0
dreamlite-single-set,7,r5-f1-850189e424efde62468b2ef9,114,2.8827370688654434e-05,34.39583206176758,35.68229150772095,3.605513095855713,False,0.0006653611862310064,1.0,0.4453125,0.53515625,0.0
dreamlite-single-set,7,r5-f1-850189e424efde62468b2ef9,115,2.880356462873091e-05,37.25,35.68229150772095,4.9579176902771,False,0.0006701384005586946,1.0,0.4453125,0.53515625,0.0
dreamlite-single-set,7,r5-f1-850189e424efde62468b2ef9,116,2.8779534706338766e-05,34.8125,35.67578101158142,8.453666687011719,False,0.0007263891516980079,1.0,0.4453125,0.53515625,0.0
dreamlite-single-set,7,r5-f1-850189e424efde62468b2ef9,117,2.875528153252567e-05,36.10416793823242,35.680989503860474,4.4840087890625,False,0.0007329423956594106,1.0,0.443359375,0.53515625,0.0
dreamlite-single-set,7,r5-f1-850189e424efde62468b2ef9,118,2.8730805724016292e-05,34.66666793823242,35.6875,8.103763580322266,False,0.0008419611025700051,1.0,0.4453125,0.53515625,0.0
dreamlite-single-set,7,r5-f1-850189e424efde62468b2ef9,119,2.8706107903196563e-05,37.52083206176758,35.703125,6.559029579162598,False,0.0006729873526187922,1.0,0.443359375,0.53515625,0.0
dreamlite-single-set,7,r5-f1-850189e424efde62468b2ef9,120,2.868118869809791e-05,34.72916793823242,35.69270849227905,9.512815475463867,False,0.000695494604119308,1.0,0.4453125,0.53515625,0.0
dreamlite-single-set,7,r5-f1-850189e424efde62468b2ef9,121,2.8656048742381237e-05,36.22916793823242,35.697916984558105,10.042710304260254,True,0.0008023988263722312,1.0,0.4453125,0.53515625,0.0
dreamlite-single-set,7,r5-f1-850189e424efde62468b2ef9,122,2.863068867532084e-05,34.47916793823242,35.690104484558105,29.551761627197266,True,0.0008036987028683335,1.0,0.4453125,0.53515625,0.0
dreamlite-single-set,7,r5-f1-850189e424efde62468b2ef9,123,2.8605109141788138e-05,37.5,35.694010734558105,8.668238639831543,False,0.0006893152281908704,1.0,0.4453125,0.53515625,0.0
dreamlite-single-set,7,r5-f1-850189e424efde62468b2ef9,124,2.857931079223527e-05,34.9375,35.70442748069763,11.382585525512695,True,0.0006230060812374157,1.0,0.4453125,0.53515625,0.0
dreamlite-single-set,7,r5-f1-850189e424efde62468b2ef9,125,2.8553294282678578e-05,36.20833206176758,35.721354484558105,4.716545104980469,False,0.0006988441751046766,1.0,0.4453125,0.53515625,0.0
dreamlite-single-set,7,r5-f1-850189e424efde62468b2ef9,126,2.8527060274681913e-05,34.58333206176758,35.74348974227905,4.981486797332764,False,0.0006761228768957788,1.0,0.4453125,0.53515625,0.0
dreamlite-single-set,7,r5-f1-850189e424efde62468b2ef9,127,2.8500609435339794e-05,37.5,35.764322996139526,11.473376274108887,True,0.0007551243633003296,1.0,0.4453125,0.53515625,0.0
dreamlite-single-set,7,r5-f1-850189e424efde62468b2ef9,128,2.847394243726047e-05,35.08333206176758,35.76953125,5.639801502227783,False,0.0007304506694837671,1.0,0.4453125,0.53515625,0.0
