`torch_dtype` is deprecated! Use `dtype` instead!
Loading checkpoint shards:   0%|                         | 0/2 [00:00<?, ?it/s]Loading checkpoint shards:  50%|████████▌        | 1/2 [00:01<00:01,  1.78s/it]Loading checkpoint shards: 100%|█████████████████| 2/2 [00:02<00:00,  1.37s/it]Loading checkpoint shards: 100%|█████████████████| 2/2 [00:02<00:00,  1.43s/it]
The following generation flags are not valid and may be ignored: ['temperature', 'top_p', 'top_k']. Set `TRANSFORMERS_VERBOSITY=info` for more details.
{"stage": "optimizer_step", "id": "direct-uniform-s00-a1", "step": 1, "answer_ce": 9.750951766967773, "eos_ce": 2.8065528869628906}
{"stage": "optimizer_step", "id": "direct-uniform-s00-a1", "step": 17, "answer_ce": 2.0937881469726562, "eos_ce": 0.25760650634765625}
{"stage": "optimizer_step", "id": "direct-uniform-s00-a1", "step": 33, "answer_ce": 0.019937515258789062, "eos_ce": 0.009212493896484375}
{"stage": "optimizer_step", "id": "direct-uniform-s00-a1", "step": 49, "answer_ce": 0.0027923583984375, "eos_ce": 0.0013580322265625}
{"stage": "optimizer_step", "id": "direct-uniform-s00-a1", "step": 65, "answer_ce": 0.001361846923828125, "eos_ce": 0.000457763671875}
{"stage": "optimizer_step", "id": "direct-uniform-s00-a1", "step": 81, "answer_ce": 0.000885009765625, "eos_ce": 0.000232696533203125}
{"stage": "optimizer_step", "id": "direct-uniform-s00-a1", "step": 97, "answer_ce": 0.000621795654296875, "eos_ce": 0.0001373291015625}
{"stage": "optimizer_step", "id": "direct-uniform-s00-a1", "step": 113, "answer_ce": 0.000476837158203125, "eos_ce": 0.000152587890625}
{"stage": "optimizer_step", "id": "direct-uniform-s00-a1", "step": 129, "answer_ce": 0.000400543212890625, "eos_ce": 0.000110626220703125}
{"stage": "optimizer_step", "id": "direct-uniform-s00-a1", "step": 145, "answer_ce": 0.0003509521484375, "eos_ce": 8.392333984375e-05}
{"stage": "optimizer_step", "id": "direct-uniform-s00-a1", "step": 161, "answer_ce": 0.000339508056640625, "eos_ce": 8.392333984375e-05}
{"stage": "optimizer_step", "id": "direct-uniform-s00-a1", "step": 177, "answer_ce": 0.000270843505859375, "eos_ce": 5.7220458984375e-05}
{"stage": "optimizer_step", "id": "direct-uniform-s00-a1", "step": 193, "answer_ce": 0.000240325927734375, "eos_ce": 6.866455078125e-05}
{"stage": "optimizer_step", "id": "direct-uniform-s00-a1", "step": 209, "answer_ce": 0.000240325927734375, "eos_ce": 6.103515625e-05}
{"stage": "optimizer_step", "id": "direct-uniform-s00-a1", "step": 225, "answer_ce": 0.000209808349609375, "eos_ce": 4.57763671875e-05}
{"stage": "optimizer_step", "id": "direct-uniform-s00-a1", "step": 241, "answer_ce": 0.000194549560546875, "eos_ce": 4.57763671875e-05}
{"stage": "run_complete", "id": "direct-uniform-s00-a1", "qa_pass": true, "completed": 1, "seconds": 98.04081043810584}
{"stage": "optimizer_step", "id": "direct-rademacher-s00-a1", "step": 1, "answer_ce": 10.306558609008789, "eos_ce": 2.7493629455566406}
{"stage": "optimizer_step", "id": "direct-rademacher-s00-a1", "step": 17, "answer_ce": 2.5460128784179688, "eos_ce": 0.32827186584472656}
{"stage": "optimizer_step", "id": "direct-rademacher-s00-a1", "step": 33, "answer_ce": 0.04118537902832031, "eos_ce": 0.013217926025390625}
{"stage": "optimizer_step", "id": "direct-rademacher-s00-a1", "step": 49, "answer_ce": 0.0024261474609375, "eos_ce": 0.000255584716796875}
{"stage": "optimizer_step", "id": "direct-rademacher-s00-a1", "step": 65, "answer_ce": 0.001316070556640625, "eos_ce": 0.00019073486328125}
{"stage": "optimizer_step", "id": "direct-rademacher-s00-a1", "step": 81, "answer_ce": 0.000713348388671875, "eos_ce": 8.7738037109375e-05}
{"stage": "optimizer_step", "id": "direct-rademacher-s00-a1", "step": 97, "answer_ce": 0.000461578369140625, "eos_ce": 6.103515625e-05}
{"stage": "optimizer_step", "id": "direct-rademacher-s00-a1", "step": 113, "answer_ce": 0.000331878662109375, "eos_ce": 6.103515625e-05}
{"stage": "optimizer_step", "id": "direct-rademacher-s00-a1", "step": 129, "answer_ce": 0.00032806396484375, "eos_ce": 4.1961669921875e-05}
{"stage": "optimizer_step", "id": "direct-rademacher-s00-a1", "step": 145, "answer_ce": 0.00025177001953125, "eos_ce": 4.1961669921875e-05}
{"stage": "optimizer_step", "id": "direct-rademacher-s00-a1", "step": 161, "answer_ce": 0.00023651123046875, "eos_ce": 3.4332275390625e-05}
{"stage": "optimizer_step", "id": "direct-rademacher-s00-a1", "step": 177, "answer_ce": 0.00020599365234375, "eos_ce": 3.4332275390625e-05}
{"stage": "optimizer_step", "id": "direct-rademacher-s00-a1", "step": 193, "answer_ce": 0.000171661376953125, "eos_ce": 3.814697265625e-05}
{"stage": "optimizer_step", "id": "direct-rademacher-s00-a1", "step": 209, "answer_ce": 0.000156402587890625, "eos_ce": 3.0517578125e-05}
{"stage": "optimizer_step", "id": "direct-rademacher-s00-a1", "step": 225, "answer_ce": 0.000148773193359375, "eos_ce": 2.288818359375e-05}
{"stage": "optimizer_step", "id": "direct-rademacher-s00-a1", "step": 241, "answer_ce": 0.000152587890625, "eos_ce": 1.9073486328125e-05}
{"stage": "run_complete", "id": "direct-rademacher-s00-a1", "qa_pass": true, "completed": 2, "seconds": 97.00176800088957}
{"stage": "optimizer_step", "id": "direct-gaussian-s01-a1", "step": 1, "answer_ce": 10.017196655273438, "eos_ce": 3.1618499755859375}
{"stage": "optimizer_step", "id": "direct-gaussian-s01-a1", "step": 17, "answer_ce": 0.01079559326171875, "eos_ce": 0.0016002655029296875}
{"stage": "optimizer_step", "id": "direct-gaussian-s01-a1", "step": 33, "answer_ce": 0.0014801025390625, "eos_ce": 0.000324249267578125}
{"stage": "optimizer_step", "id": "direct-gaussian-s01-a1", "step": 49, "answer_ce": 0.00032806396484375, "eos_ce": 5.340576171875e-05}
{"stage": "optimizer_step", "id": "direct-gaussian-s01-a1", "step": 65, "answer_ce": 0.00019073486328125, "eos_ce": 4.1961669921875e-05}
{"stage": "optimizer_step", "id": "direct-gaussian-s01-a1", "step": 81, "answer_ce": 0.000141143798828125, "eos_ce": 3.0517578125e-05}
{"stage": "optimizer_step", "id": "direct-gaussian-s01-a1", "step": 97, "answer_ce": 0.00012969970703125, "eos_ce": 2.288818359375e-05}
{"stage": "optimizer_step", "id": "direct-gaussian-s01-a1", "step": 113, "answer_ce": 0.000102996826171875, "eos_ce": 1.9073486328125e-05}
{"stage": "optimizer_step", "id": "direct-gaussian-s01-a1", "step": 129, "answer_ce": 9.5367431640625e-05, "eos_ce": 1.52587890625e-05}
{"stage": "optimizer_step", "id": "direct-gaussian-s01-a1", "step": 145, "answer_ce": 8.0108642578125e-05, "eos_ce": 1.1444091796875e-05}
{"stage": "optimizer_step", "id": "direct-gaussian-s01-a1", "step": 161, "answer_ce": 8.0108642578125e-05, "eos_ce": 1.1444091796875e-05}
{"stage": "optimizer_step", "id": "direct-gaussian-s01-a1", "step": 177, "answer_ce": 6.4849853515625e-05, "eos_ce": 1.1444091796875e-05}
{"stage": "optimizer_step", "id": "direct-gaussian-s01-a1", "step": 193, "answer_ce": 6.103515625e-05, "eos_ce": 1.1444091796875e-05}
{"stage": "optimizer_step", "id": "direct-gaussian-s01-a1", "step": 209, "answer_ce": 4.57763671875e-05, "eos_ce": 7.62939453125e-06}
{"stage": "optimizer_step", "id": "direct-gaussian-s01-a1", "step": 225, "answer_ce": 4.1961669921875e-05, "eos_ce": 7.62939453125e-06}
{"stage": "optimizer_step", "id": "direct-gaussian-s01-a1", "step": 241, "answer_ce": 4.57763671875e-05, "eos_ce": 7.62939453125e-06}
{"stage": "run_complete", "id": "direct-gaussian-s01-a1", "qa_pass": true, "completed": 3, "seconds": 97.78017303301021}
{"stage": "optimizer_step", "id": "direct-sphere-s01-a1", "step": 1, "answer_ce": 9.896018981933594, "eos_ce": 2.9153060913085938}
{"stage": "optimizer_step", "id": "direct-sphere-s01-a1", "step": 17, "answer_ce": 0.3608417510986328, "eos_ce": 0.0137176513671875}
{"stage": "optimizer_step", "id": "direct-sphere-s01-a1", "step": 33, "answer_ce": 0.014421463012695312, "eos_ce": 0.00302886962890625}
{"stage": "optimizer_step", "id": "direct-sphere-s01-a1", "step": 49, "answer_ce": 0.002285003662109375, "eos_ce": 0.000675201416015625}
{"stage": "optimizer_step", "id": "direct-sphere-s01-a1", "step": 65, "answer_ce": 0.001285552978515625, "eos_ce": 0.0003662109375}
{"stage": "optimizer_step", "id": "direct-sphere-s01-a1", "step": 81, "answer_ce": 0.0006561279296875, "eos_ce": 0.000225067138671875}
{"stage": "optimizer_step", "id": "direct-sphere-s01-a1", "step": 97, "answer_ce": 0.0005340576171875, "eos_ce": 0.000171661376953125}
{"stage": "optimizer_step", "id": "direct-sphere-s01-a1", "step": 113, "answer_ce": 0.000423431396484375, "eos_ce": 0.000148773193359375}
{"stage": "optimizer_step", "id": "direct-sphere-s01-a1", "step": 129, "answer_ce": 0.000370025634765625, "eos_ce": 0.00012969970703125}
{"stage": "optimizer_step", "id": "direct-sphere-s01-a1", "step": 145, "answer_ce": 0.0003509521484375, "eos_ce": 0.0001068115234375}
{"stage": "optimizer_step", "id": "direct-sphere-s01-a1", "step": 161, "answer_ce": 0.00026702880859375, "eos_ce": 0.0001068115234375}
{"stage": "optimizer_step", "id": "direct-sphere-s01-a1", "step": 177, "answer_ce": 0.000263214111328125, "eos_ce": 9.1552734375e-05}
{"stage": "optimizer_step", "id": "direct-sphere-s01-a1", "step": 193, "answer_ce": 0.000225067138671875, "eos_ce": 7.62939453125e-05}
{"stage": "optimizer_step", "id": "direct-sphere-s01-a1", "step": 209, "answer_ce": 0.00022125244140625, "eos_ce": 8.7738037109375e-05}
{"stage": "optimizer_step", "id": "direct-sphere-s01-a1", "step": 225, "answer_ce": 0.000213623046875, "eos_ce": 6.866455078125e-05}
{"stage": "optimizer_step", "id": "direct-sphere-s01-a1", "step": 241, "answer_ce": 0.000225067138671875, "eos_ce": 7.2479248046875e-05}
{"stage": "run_complete", "id": "direct-sphere-s01-a1", "qa_pass": true, "completed": 4, "seconds": 97.70937267993577}
{"stage": "optimizer_step", "id": "direct-heavy_tail-s01-a1", "step": 1, "answer_ce": 9.673933029174805, "eos_ce": 2.589313507080078}
{"stage": "optimizer_step", "id": "direct-heavy_tail-s01-a1", "step": 17, "answer_ce": 0.6705532073974609, "eos_ce": 0.4389019012451172}
{"stage": "optimizer_step", "id": "direct-heavy_tail-s01-a1", "step": 33, "answer_ce": 0.025609970092773438, "eos_ce": 0.012517929077148438}
{"stage": "optimizer_step", "id": "direct-heavy_tail-s01-a1", "step": 49, "answer_ce": 0.006420135498046875, "eos_ce": 0.0029811859130859375}
{"stage": "optimizer_step", "id": "direct-heavy_tail-s01-a1", "step": 65, "answer_ce": 0.0021533966064453125, "eos_ce": 0.0015087127685546875}
{"stage": "optimizer_step", "id": "direct-heavy_tail-s01-a1", "step": 81, "answer_ce": 0.00159454345703125, "eos_ce": 0.0010585784912109375}
{"stage": "optimizer_step", "id": "direct-heavy_tail-s01-a1", "step": 97, "answer_ce": 0.001190185546875, "eos_ce": 0.000774383544921875}
{"stage": "optimizer_step", "id": "direct-heavy_tail-s01-a1", "step": 113, "answer_ce": 0.000850677490234375, "eos_ce": 0.00054931640625}
{"stage": "optimizer_step", "id": "direct-heavy_tail-s01-a1", "step": 129, "answer_ce": 0.000732421875, "eos_ce": 0.000461578369140625}
{"stage": "optimizer_step", "id": "direct-heavy_tail-s01-a1", "step": 145, "answer_ce": 0.0006885528564453125, "eos_ce": 0.000530242919921875}
{"stage": "optimizer_step", "id": "direct-heavy_tail-s01-a1", "step": 161, "answer_ce": 0.0007152557373046875, "eos_ce": 0.000400543212890625}
{"stage": "optimizer_step", "id": "direct-heavy_tail-s01-a1", "step": 177, "answer_ce": 0.0006561279296875, "eos_ce": 0.000396728515625}
{"stage": "optimizer_step", "id": "direct-heavy_tail-s01-a1", "step": 193, "answer_ce": 0.0004978179931640625, "eos_ce": 0.000301361083984375}
{"stage": "optimizer_step", "id": "direct-heavy_tail-s01-a1", "step": 209, "answer_ce": 0.000415802001953125, "eos_ce": 0.00030517578125}
{"stage": "optimizer_step", "id": "direct-heavy_tail-s01-a1", "step": 225, "answer_ce": 0.000377655029296875, "eos_ce": 0.000232696533203125}
{"stage": "optimizer_step", "id": "direct-heavy_tail-s01-a1", "step": 241, "answer_ce": 0.00032806396484375, "eos_ce": 0.000202178955078125}
{"stage": "run_complete", "id": "direct-heavy_tail-s01-a1", "qa_pass": true, "completed": 5, "seconds": 96.430994334165}
{"stage": "optimizer_step", "id": "direct-uniform-s02-a1", "step": 1, "answer_ce": 10.064111709594727, "eos_ce": 2.78900146484375}
{"stage": "optimizer_step", "id": "direct-uniform-s02-a1", "step": 17, "answer_ce": 0.009204864501953125, "eos_ce": 0.0045452117919921875}
{"stage": "optimizer_step", "id": "direct-uniform-s02-a1", "step": 33, "answer_ce": 0.00292205810546875, "eos_ce": 0.00092315673828125}
{"stage": "optimizer_step", "id": "direct-uniform-s02-a1", "step": 49, "answer_ce": 0.001483917236328125, "eos_ce": 0.000244140625}
{"stage": "optimizer_step", "id": "direct-uniform-s02-a1", "step": 65, "answer_ce": 0.00096893310546875, "eos_ce": 0.000186920166015625}
{"stage": "optimizer_step", "id": "direct-uniform-s02-a1", "step": 81, "answer_ce": 0.00079345703125, "eos_ce": 0.0001220703125}
{"stage": "optimizer_step", "id": "direct-uniform-s02-a1", "step": 97, "answer_ce": 0.000637054443359375, "eos_ce": 8.7738037109375e-05}
{"stage": "optimizer_step", "id": "direct-uniform-s02-a1", "step": 113, "answer_ce": 0.000408172607421875, "eos_ce": 6.866455078125e-05}
{"stage": "optimizer_step", "id": "direct-uniform-s02-a1", "step": 129, "answer_ce": 0.000461578369140625, "eos_ce": 8.0108642578125e-05}
{"stage": "optimizer_step", "id": "direct-uniform-s02-a1", "step": 145, "answer_ce": 0.000385284423828125, "eos_ce": 4.9591064453125e-05}
{"stage": "optimizer_step", "id": "direct-uniform-s02-a1", "step": 161, "answer_ce": 0.000308990478515625, "eos_ce": 5.7220458984375e-05}
{"stage": "optimizer_step", "id": "direct-uniform-s02-a1", "step": 177, "answer_ce": 0.000286102294921875, "eos_ce": 4.57763671875e-05}
{"stage": "optimizer_step", "id": "direct-uniform-s02-a1", "step": 193, "answer_ce": 0.000240325927734375, "eos_ce": 4.1961669921875e-05}
{"stage": "optimizer_step", "id": "direct-uniform-s02-a1", "step": 209, "answer_ce": 0.000225067138671875, "eos_ce": 3.4332275390625e-05}
{"stage": "optimizer_step", "id": "direct-uniform-s02-a1", "step": 225, "answer_ce": 0.000194549560546875, "eos_ce": 3.0517578125e-05}
{"stage": "optimizer_step", "id": "direct-uniform-s02-a1", "step": 241, "answer_ce": 0.000148773193359375, "eos_ce": 2.6702880859375e-05}
{"stage": "run_complete", "id": "direct-uniform-s02-a1", "qa_pass": true, "completed": 6, "seconds": 97.32095023593865}
{"stage": "optimizer_step", "id": "direct-rademacher-s02-a1", "step": 1, "answer_ce": 10.167455673217773, "eos_ce": 2.5683765411376953}
{"stage": "optimizer_step", "id": "direct-rademacher-s02-a1", "step": 17, "answer_ce": 0.0092010498046875, "eos_ce": 0.003490447998046875}
{"stage": "optimizer_step", "id": "direct-rademacher-s02-a1", "step": 33, "answer_ce": 0.0026702880859375, "eos_ce": 0.000797271728515625}
{"stage": "optimizer_step", "id": "direct-rademacher-s02-a1", "step": 49, "answer_ce": 0.00099945068359375, "eos_ce": 0.000125885009765625}
{"stage": "optimizer_step", "id": "direct-rademacher-s02-a1", "step": 65, "answer_ce": 0.000667572021484375, "eos_ce": 9.1552734375e-05}
{"stage": "optimizer_step", "id": "direct-rademacher-s02-a1", "step": 81, "answer_ce": 0.0005645751953125, "eos_ce": 4.9591064453125e-05}
{"stage": "optimizer_step", "id": "direct-rademacher-s02-a1", "step": 97, "answer_ce": 0.000354766845703125, "eos_ce": 4.9591064453125e-05}
{"stage": "optimizer_step", "id": "direct-rademacher-s02-a1", "step": 113, "answer_ce": 0.00031280517578125, "eos_ce": 5.340576171875e-05}
{"stage": "optimizer_step", "id": "direct-rademacher-s02-a1", "step": 129, "answer_ce": 0.000263214111328125, "eos_ce": 3.814697265625e-05}
{"stage": "optimizer_step", "id": "direct-rademacher-s02-a1", "step": 145, "answer_ce": 0.000255584716796875, "eos_ce": 3.814697265625e-05}
{"stage": "optimizer_step", "id": "direct-rademacher-s02-a1", "step": 161, "answer_ce": 0.00020599365234375, "eos_ce": 3.4332275390625e-05}
{"stage": "optimizer_step", "id": "direct-rademacher-s02-a1", "step": 177, "answer_ce": 0.00020599365234375, "eos_ce": 3.4332275390625e-05}
{"stage": "optimizer_step", "id": "direct-rademacher-s02-a1", "step": 193, "answer_ce": 0.000164031982421875, "eos_ce": 2.6702880859375e-05}
{"stage": "optimizer_step", "id": "direct-rademacher-s02-a1", "step": 209, "answer_ce": 0.00014495849609375, "eos_ce": 1.9073486328125e-05}
{"stage": "optimizer_step", "id": "direct-rademacher-s02-a1", "step": 225, "answer_ce": 0.00014495849609375, "eos_ce": 1.9073486328125e-05}
{"stage": "optimizer_step", "id": "direct-rademacher-s02-a1", "step": 241, "answer_ce": 0.00012969970703125, "eos_ce": 1.9073486328125e-05}
{"stage": "run_complete", "id": "direct-rademacher-s02-a1", "qa_pass": true, "completed": 7, "seconds": 98.21356512699276}
{"stage": "optimizer_step", "id": "direct-gaussian-s03-a1", "step": 1, "answer_ce": 9.616989135742188, "eos_ce": 2.6311187744140625}
{"stage": "optimizer_step", "id": "direct-gaussian-s03-a1", "step": 17, "answer_ce": 0.025096893310546875, "eos_ce": 0.007778167724609375}
{"stage": "optimizer_step", "id": "direct-gaussian-s03-a1", "step": 33, "answer_ce": 0.004558563232421875, "eos_ce": 0.000789642333984375}
{"stage": "optimizer_step", "id": "direct-gaussian-s03-a1", "step": 49, "answer_ce": 0.0020275115966796875, "eos_ce": 0.00028228759765625}
{"stage": "optimizer_step", "id": "direct-gaussian-s03-a1", "step": 65, "answer_ce": 0.00096893310546875, "eos_ce": 0.000179290771484375}
{"stage": "optimizer_step", "id": "direct-gaussian-s03-a1", "step": 81, "answer_ce": 0.000827789306640625, "eos_ce": 0.00011444091796875}
{"stage": "optimizer_step", "id": "direct-gaussian-s03-a1", "step": 97, "answer_ce": 0.00057220458984375, "eos_ce": 0.000110626220703125}
{"stage": "optimizer_step", "id": "direct-gaussian-s03-a1", "step": 113, "answer_ce": 0.000499725341796875, "eos_ce": 0.000110626220703125}
{"stage": "optimizer_step", "id": "direct-gaussian-s03-a1", "step": 129, "answer_ce": 0.000385284423828125, "eos_ce": 7.2479248046875e-05}
{"stage": "optimizer_step", "id": "direct-gaussian-s03-a1", "step": 145, "answer_ce": 0.000423431396484375, "eos_ce": 8.0108642578125e-05}
{"stage": "optimizer_step", "id": "direct-gaussian-s03-a1", "step": 161, "answer_ce": 0.000396728515625, "eos_ce": 7.2479248046875e-05}
{"stage": "optimizer_step", "id": "direct-gaussian-s03-a1", "step": 177, "answer_ce": 0.000293731689453125, "eos_ce": 7.2479248046875e-05}
{"stage": "optimizer_step", "id": "direct-gaussian-s03-a1", "step": 193, "answer_ce": 0.000331878662109375, "eos_ce": 6.4849853515625e-05}
{"stage": "optimizer_step", "id": "direct-gaussian-s03-a1", "step": 209, "answer_ce": 0.000274658203125, "eos_ce": 4.9591064453125e-05}
{"stage": "optimizer_step", "id": "direct-gaussian-s03-a1", "step": 225, "answer_ce": 0.000263214111328125, "eos_ce": 4.57763671875e-05}
{"stage": "optimizer_step", "id": "direct-gaussian-s03-a1", "step": 241, "answer_ce": 0.000213623046875, "eos_ce": 3.814697265625e-05}
{"stage": "run_complete", "id": "direct-gaussian-s03-a1", "qa_pass": true, "completed": 8, "seconds": 96.50504519394599}
{"stage": "optimizer_step", "id": "direct-sphere-s03-a1", "step": 1, "answer_ce": 9.663162231445312, "eos_ce": 2.60205078125}
{"stage": "optimizer_step", "id": "direct-sphere-s03-a1", "step": 17, "answer_ce": 0.8521442413330078, "eos_ce": 0.05358695983886719}
{"stage": "optimizer_step", "id": "direct-sphere-s03-a1", "step": 33, "answer_ce": 0.0055942535400390625, "eos_ce": 0.00092315673828125}
{"stage": "optimizer_step", "id": "direct-sphere-s03-a1", "step": 49, "answer_ce": 0.00170135498046875, "eos_ce": 0.0003662109375}
{"stage": "optimizer_step", "id": "direct-sphere-s03-a1", "step": 65, "answer_ce": 0.00067901611328125, "eos_ce": 0.00023651123046875}
{"stage": "optimizer_step", "id": "direct-sphere-s03-a1", "step": 81, "answer_ce": 0.0004425048828125, "eos_ce": 0.000156402587890625}
{"stage": "optimizer_step", "id": "direct-sphere-s03-a1", "step": 97, "answer_ce": 0.000392913818359375, "eos_ce": 9.918212890625e-05}
{"stage": "optimizer_step", "id": "direct-sphere-s03-a1", "step": 113, "answer_ce": 0.000316619873046875, "eos_ce": 0.000102996826171875}
{"stage": "optimizer_step", "id": "direct-sphere-s03-a1", "step": 129, "answer_ce": 0.00022125244140625, "eos_ce": 9.5367431640625e-05}
{"stage": "optimizer_step", "id": "direct-sphere-s03-a1", "step": 145, "answer_ce": 0.000217437744140625, "eos_ce": 6.103515625e-05}
{"stage": "optimizer_step", "id": "direct-sphere-s03-a1", "step": 161, "answer_ce": 0.000217437744140625, "eos_ce": 8.0108642578125e-05}
{"stage": "optimizer_step", "id": "direct-sphere-s03-a1", "step": 177, "answer_ce": 0.00017547607421875, "eos_ce": 4.9591064453125e-05}
{"stage": "optimizer_step", "id": "direct-sphere-s03-a1", "step": 193, "answer_ce": 0.000152587890625, "eos_ce": 6.103515625e-05}
{"stage": "optimizer_step", "id": "direct-sphere-s03-a1", "step": 209, "answer_ce": 0.00016021728515625, "eos_ce": 4.57763671875e-05}
{"stage": "optimizer_step", "id": "direct-sphere-s03-a1", "step": 225, "answer_ce": 0.0001220703125, "eos_ce": 4.9591064453125e-05}
{"stage": "optimizer_step", "id": "direct-sphere-s03-a1", "step": 241, "answer_ce": 0.000141143798828125, "eos_ce": 3.814697265625e-05}
{"stage": "run_complete", "id": "direct-sphere-s03-a1", "qa_pass": true, "completed": 9, "seconds": 96.78695808188058}
{"stage": "optimizer_step", "id": "direct-heavy_tail-s03-a1", "step": 1, "answer_ce": 10.236581802368164, "eos_ce": 3.0523948669433594}
{"stage": "optimizer_step", "id": "direct-heavy_tail-s03-a1", "step": 17, "answer_ce": 1.0231189727783203, "eos_ce": 0.39859962463378906}
{"stage": "optimizer_step", "id": "direct-heavy_tail-s03-a1", "step": 33, "answer_ce": 0.16765213012695312, "eos_ce": 0.07734298706054688}
{"stage": "optimizer_step", "id": "direct-heavy_tail-s03-a1", "step": 49, "answer_ce": 0.03899955749511719, "eos_ce": 0.024658203125}
{"stage": "optimizer_step", "id": "direct-heavy_tail-s03-a1", "step": 65, "answer_ce": 0.0172119140625, "eos_ce": 0.011394500732421875}
{"stage": "optimizer_step", "id": "direct-heavy_tail-s03-a1", "step": 81, "answer_ce": 0.010648727416992188, "eos_ce": 0.007030487060546875}
{"stage": "optimizer_step", "id": "direct-heavy_tail-s03-a1", "step": 97, "answer_ce": 0.008039474487304688, "eos_ce": 0.004955291748046875}
{"stage": "optimizer_step", "id": "direct-heavy_tail-s03-a1", "step": 113, "answer_ce": 0.0066699981689453125, "eos_ce": 0.0038776397705078125}
{"stage": "optimizer_step", "id": "direct-heavy_tail-s03-a1", "step": 129, "answer_ce": 0.0048370361328125, "eos_ce": 0.0044040679931640625}
{"stage": "optimizer_step", "id": "direct-heavy_tail-s03-a1", "step": 145, "answer_ce": 0.0043087005615234375, "eos_ce": 0.0025081634521484375}
{"stage": "optimizer_step", "id": "direct-heavy_tail-s03-a1", "step": 161, "answer_ce": 0.003551483154296875, "eos_ce": 0.0021190643310546875}
{"stage": "optimizer_step", "id": "direct-heavy_tail-s03-a1", "step": 177, "answer_ce": 0.0029449462890625, "eos_ce": 0.0021266937255859375}
{"stage": "optimizer_step", "id": "direct-heavy_tail-s03-a1", "step": 193, "answer_ce": 0.002704620361328125, "eos_ce": 0.001590728759765625}
{"stage": "optimizer_step", "id": "direct-heavy_tail-s03-a1", "step": 209, "answer_ce": 0.00232696533203125, "eos_ce": 0.00165557861328125}
{"stage": "optimizer_step", "id": "direct-heavy_tail-s03-a1", "step": 225, "answer_ce": 0.00222015380859375, "eos_ce": 0.00118255615234375}
{"stage": "optimizer_step", "id": "direct-heavy_tail-s03-a1", "step": 241, "answer_ce": 0.0017547607421875, "eos_ce": 0.000972747802734375}
{"stage": "run_complete", "id": "direct-heavy_tail-s03-a1", "qa_pass": true, "completed": 10, "seconds": 97.53271976415999}
{"stage": "optimizer_step", "id": "direct-uniform-s04-a1", "step": 1, "answer_ce": 10.075428009033203, "eos_ce": 2.603485107421875}
{"stage": "optimizer_step", "id": "direct-uniform-s04-a1", "step": 17, "answer_ce": 0.018041610717773438, "eos_ce": 0.006549835205078125}
{"stage": "optimizer_step", "id": "direct-uniform-s04-a1", "step": 33, "answer_ce": 0.00351715087890625, "eos_ce": 0.001277923583984375}
{"stage": "optimizer_step", "id": "direct-uniform-s04-a1", "step": 49, "answer_ce": 0.0011615753173828125, "eos_ce": 0.00046539306640625}
{"stage": "optimizer_step", "id": "direct-uniform-s04-a1", "step": 65, "answer_ce": 0.0006580352783203125, "eos_ce": 0.00038909912109375}
{"stage": "optimizer_step", "id": "direct-uniform-s04-a1", "step": 81, "answer_ce": 0.0004978179931640625, "eos_ce": 0.000263214111328125}
{"stage": "optimizer_step", "id": "direct-uniform-s04-a1", "step": 97, "answer_ce": 0.000392913818359375, "eos_ce": 0.0001983642578125}
{"stage": "optimizer_step", "id": "direct-uniform-s04-a1", "step": 113, "answer_ce": 0.0003299713134765625, "eos_ce": 0.000186920166015625}
{"stage": "optimizer_step", "id": "direct-uniform-s04-a1", "step": 129, "answer_ce": 0.0002384185791015625, "eos_ce": 0.00014495849609375}
{"stage": "optimizer_step", "id": "direct-uniform-s04-a1", "step": 145, "answer_ce": 0.000209808349609375, "eos_ce": 0.00011444091796875}
{"stage": "optimizer_step", "id": "direct-uniform-s04-a1", "step": 161, "answer_ce": 0.0001678466796875, "eos_ce": 0.00012969970703125}
{"stage": "optimizer_step", "id": "direct-uniform-s04-a1", "step": 177, "answer_ce": 0.0001850128173828125, "eos_ce": 9.918212890625e-05}
{"stage": "optimizer_step", "id": "direct-uniform-s04-a1", "step": 193, "answer_ce": 0.0001773834228515625, "eos_ce": 8.7738037109375e-05}
{"stage": "optimizer_step", "id": "direct-uniform-s04-a1", "step": 209, "answer_ce": 0.000141143798828125, "eos_ce": 9.1552734375e-05}
{"stage": "optimizer_step", "id": "direct-uniform-s04-a1", "step": 225, "answer_ce": 0.0001373291015625, "eos_ce": 8.0108642578125e-05}
{"stage": "optimizer_step", "id": "direct-uniform-s04-a1", "step": 241, "answer_ce": 0.000133514404296875, "eos_ce": 9.5367431640625e-05}
{"stage": "run_complete", "id": "direct-uniform-s04-a1", "qa_pass": true, "completed": 11, "seconds": 99.11858170595951}
{"stage": "optimizer_step", "id": "direct-rademacher-s04-a1", "step": 1, "answer_ce": 9.828025817871094, "eos_ce": 3.203746795654297}
{"stage": "optimizer_step", "id": "direct-rademacher-s04-a1", "step": 17, "answer_ce": 1.7549247741699219, "eos_ce": 0.4623699188232422}
{"stage": "optimizer_step", "id": "direct-rademacher-s04-a1", "step": 33, "answer_ce": 0.07408332824707031, "eos_ce": 0.0256195068359375}
{"stage": "optimizer_step", "id": "direct-rademacher-s04-a1", "step": 49, "answer_ce": 0.0068149566650390625, "eos_ce": 0.002498626708984375}
{"stage": "optimizer_step", "id": "direct-rademacher-s04-a1", "step": 65, "answer_ce": 0.0028438568115234375, "eos_ce": 0.0006256103515625}
{"stage": "optimizer_step", "id": "direct-rademacher-s04-a1", "step": 81, "answer_ce": 0.001659393310546875, "eos_ce": 0.000347137451171875}
{"stage": "optimizer_step", "id": "direct-rademacher-s04-a1", "step": 97, "answer_ce": 0.00118255615234375, "eos_ce": 0.0002288818359375}
{"stage": "optimizer_step", "id": "direct-rademacher-s04-a1", "step": 113, "answer_ce": 0.0008392333984375, "eos_ce": 0.00023651123046875}
{"stage": "optimizer_step", "id": "direct-rademacher-s04-a1", "step": 129, "answer_ce": 0.0007457733154296875, "eos_ce": 0.00016021728515625}
{"stage": "optimizer_step", "id": "direct-rademacher-s04-a1", "step": 145, "answer_ce": 0.0006656646728515625, "eos_ce": 0.0001220703125}
{"stage": "optimizer_step", "id": "direct-rademacher-s04-a1", "step": 161, "answer_ce": 0.000560760498046875, "eos_ce": 0.000110626220703125}
{"stage": "optimizer_step", "id": "direct-rademacher-s04-a1", "step": 177, "answer_ce": 0.000518798828125, "eos_ce": 8.0108642578125e-05}
{"stage": "optimizer_step", "id": "direct-rademacher-s04-a1", "step": 193, "answer_ce": 0.000507354736328125, "eos_ce": 9.1552734375e-05}
{"stage": "optimizer_step", "id": "direct-rademacher-s04-a1", "step": 209, "answer_ce": 0.000457763671875, "eos_ce": 5.7220458984375e-05}
{"stage": "optimizer_step", "id": "direct-rademacher-s04-a1", "step": 225, "answer_ce": 0.0004138946533203125, "eos_ce": 6.866455078125e-05}
{"stage": "optimizer_step", "id": "direct-rademacher-s04-a1", "step": 241, "answer_ce": 0.0003604888916015625, "eos_ce": 6.4849853515625e-05}
{"stage": "run_complete", "id": "direct-rademacher-s04-a1", "qa_pass": true, "completed": 12, "seconds": 97.68056500190869}
{"stage": "optimizer_step", "id": "direct-gaussian-s05-a1", "step": 1, "answer_ce": 10.071691513061523, "eos_ce": 2.694246292114258}
{"stage": "optimizer_step", "id": "direct-gaussian-s05-a1", "step": 17, "answer_ce": 1.8619251251220703, "eos_ce": 0.43253135681152344}
{"stage": "optimizer_step", "id": "direct-gaussian-s05-a1", "step": 33, "answer_ce": 0.020662307739257812, "eos_ce": 0.0047588348388671875}
{"stage": "optimizer_step", "id": "direct-gaussian-s05-a1", "step": 49, "answer_ce": 0.0053462982177734375, "eos_ce": 0.00103759765625}
{"stage": "optimizer_step", "id": "direct-gaussian-s05-a1", "step": 65, "answer_ce": 0.002941131591796875, "eos_ce": 0.000614166259765625}
{"stage": "optimizer_step", "id": "direct-gaussian-s05-a1", "step": 81, "answer_ce": 0.0020847320556640625, "eos_ce": 0.0006103515625}
{"stage": "optimizer_step", "id": "direct-gaussian-s05-a1", "step": 97, "answer_ce": 0.0016994476318359375, "eos_ce": 0.000469207763671875}
{"stage": "optimizer_step", "id": "direct-gaussian-s05-a1", "step": 113, "answer_ce": 0.0012836456298828125, "eos_ce": 0.0003662109375}
{"stage": "optimizer_step", "id": "direct-gaussian-s05-a1", "step": 129, "answer_ce": 0.00104522705078125, "eos_ce": 0.000324249267578125}
{"stage": "optimizer_step", "id": "direct-gaussian-s05-a1", "step": 145, "answer_ce": 0.000919342041015625, "eos_ce": 0.00028228759765625}
{"stage": "optimizer_step", "id": "direct-gaussian-s05-a1", "step": 161, "answer_ce": 0.0008449554443359375, "eos_ce": 0.00028228759765625}
{"stage": "optimizer_step", "id": "direct-gaussian-s05-a1", "step": 177, "answer_ce": 0.0007114410400390625, "eos_ce": 0.000247955322265625}
{"stage": "optimizer_step", "id": "direct-gaussian-s05-a1", "step": 193, "answer_ce": 0.000621795654296875, "eos_ce": 0.000217437744140625}
{"stage": "optimizer_step", "id": "direct-gaussian-s05-a1", "step": 209, "answer_ce": 0.000576019287109375, "eos_ce": 0.000194549560546875}
{"stage": "optimizer_step", "id": "direct-gaussian-s05-a1", "step": 225, "answer_ce": 0.000579833984375, "eos_ce": 0.00019073486328125}
{"stage": "optimizer_step", "id": "direct-gaussian-s05-a1", "step": 241, "answer_ce": 0.000453948974609375, "eos_ce": 0.000133514404296875}
{"stage": "run_complete", "id": "direct-gaussian-s05-a1", "qa_pass": true, "completed": 13, "seconds": 98.28564417222515}
{"stage": "optimizer_step", "id": "direct-sphere-s05-a1", "step": 1, "answer_ce": 10.071353912353516, "eos_ce": 2.6978187561035156}
{"stage": "optimizer_step", "id": "direct-sphere-s05-a1", "step": 17, "answer_ce": 0.5891876220703125, "eos_ce": 0.03512382507324219}
{"stage": "optimizer_step", "id": "direct-sphere-s05-a1", "step": 33, "answer_ce": 0.005725860595703125, "eos_ce": 0.0064334869384765625}
{"stage": "optimizer_step", "id": "direct-sphere-s05-a1", "step": 49, "answer_ce": 0.0018634796142578125, "eos_ce": 0.00093841552734375}
{"stage": "optimizer_step", "id": "direct-sphere-s05-a1", "step": 65, "answer_ce": 0.0008296966552734375, "eos_ce": 0.00061798095703125}
{"stage": "optimizer_step", "id": "direct-sphere-s05-a1", "step": 81, "answer_ce": 0.000576019287109375, "eos_ce": 0.00043487548828125}
{"stage": "optimizer_step", "id": "direct-sphere-s05-a1", "step": 97, "answer_ce": 0.0004558563232421875, "eos_ce": 0.00022125244140625}
{"stage": "optimizer_step", "id": "direct-sphere-s05-a1", "step": 113, "answer_ce": 0.000354766845703125, "eos_ce": 0.00018310546875}
{"stage": "optimizer_step", "id": "direct-sphere-s05-a1", "step": 129, "answer_ce": 0.0002841949462890625, "eos_ce": 0.00016021728515625}
{"stage": "optimizer_step", "id": "direct-sphere-s05-a1", "step": 145, "answer_ce": 0.0002574920654296875, "eos_ce": 0.00014495849609375}
{"stage": "optimizer_step", "id": "direct-sphere-s05-a1", "step": 161, "answer_ce": 0.0002460479736328125, "eos_ce": 0.00016021728515625}
{"stage": "optimizer_step", "id": "direct-sphere-s05-a1", "step": 177, "answer_ce": 0.0002269744873046875, "eos_ce": 0.000110626220703125}
{"stage": "optimizer_step", "id": "direct-sphere-s05-a1", "step": 193, "answer_ce": 0.000194549560546875, "eos_ce": 8.7738037109375e-05}
{"stage": "optimizer_step", "id": "direct-sphere-s05-a1", "step": 209, "answer_ce": 0.00017547607421875, "eos_ce": 8.392333984375e-05}
{"stage": "optimizer_step", "id": "direct-sphere-s05-a1", "step": 225, "answer_ce": 0.00020599365234375, "eos_ce": 9.5367431640625e-05}
{"stage": "optimizer_step", "id": "direct-sphere-s05-a1", "step": 241, "answer_ce": 0.00019073486328125, "eos_ce": 8.7738037109375e-05}
{"stage": "run_complete", "id": "direct-sphere-s05-a1", "qa_pass": true, "completed": 14, "seconds": 98.12245733710006}
{"stage": "optimizer_step", "id": "direct-heavy_tail-s05-a1", "step": 1, "answer_ce": 10.452123641967773, "eos_ce": 2.9720211029052734}
{"stage": "optimizer_step", "id": "direct-heavy_tail-s05-a1", "step": 17, "answer_ce": 2.6894168853759766, "eos_ce": 0.6068954467773438}
{"stage": "optimizer_step", "id": "direct-heavy_tail-s05-a1", "step": 33, "answer_ce": 0.062286376953125, "eos_ce": 0.032928466796875}
{"stage": "optimizer_step", "id": "direct-heavy_tail-s05-a1", "step": 49, "answer_ce": 0.0049037933349609375, "eos_ce": 0.0017185211181640625}
{"stage": "optimizer_step", "id": "direct-heavy_tail-s05-a1", "step": 65, "answer_ce": 0.0016613006591796875, "eos_ce": 0.000164031982421875}
{"stage": "optimizer_step", "id": "direct-heavy_tail-s05-a1", "step": 81, "answer_ce": 0.0009212493896484375, "eos_ce": 0.000102996826171875}
{"stage": "optimizer_step", "id": "direct-heavy_tail-s05-a1", "step": 97, "answer_ce": 0.00069427490234375, "eos_ce": 7.2479248046875e-05}
{"stage": "optimizer_step", "id": "direct-heavy_tail-s05-a1", "step": 113, "answer_ce": 0.0006504058837890625, "eos_ce": 6.4849853515625e-05}
{"stage": "optimizer_step", "id": "direct-heavy_tail-s05-a1", "step": 129, "answer_ce": 0.000476837158203125, "eos_ce": 3.814697265625e-05}
{"stage": "optimizer_step", "id": "direct-heavy_tail-s05-a1", "step": 145, "answer_ce": 0.0004558563232421875, "eos_ce": 3.0517578125e-05}
{"stage": "optimizer_step", "id": "direct-heavy_tail-s05-a1", "step": 161, "answer_ce": 0.0004291534423828125, "eos_ce": 3.814697265625e-05}
{"stage": "optimizer_step", "id": "direct-heavy_tail-s05-a1", "step": 177, "answer_ce": 0.00037384033203125, "eos_ce": 3.4332275390625e-05}
{"stage": "optimizer_step", "id": "direct-heavy_tail-s05-a1", "step": 193, "answer_ce": 0.000339508056640625, "eos_ce": 3.0517578125e-05}
{"stage": "optimizer_step", "id": "direct-heavy_tail-s05-a1", "step": 209, "answer_ce": 0.000263214111328125, "eos_ce": 2.288818359375e-05}
{"stage": "optimizer_step", "id": "direct-heavy_tail-s05-a1", "step": 225, "answer_ce": 0.0002536773681640625, "eos_ce": 2.288818359375e-05}
{"stage": "optimizer_step", "id": "direct-heavy_tail-s05-a1", "step": 241, "answer_ce": 0.000240325927734375, "eos_ce": 2.288818359375e-05}
{"stage": "run_complete", "id": "direct-heavy_tail-s05-a1", "qa_pass": true, "completed": 15, "seconds": 96.6715161788743}
{"stage": "optimizer_step", "id": "direct-uniform-s06-a1", "step": 1, "answer_ce": 9.89676284790039, "eos_ce": 2.905994415283203}
{"stage": "optimizer_step", "id": "direct-uniform-s06-a1", "step": 17, "answer_ce": 1.4995155334472656, "eos_ce": 0.4159278869628906}
{"stage": "optimizer_step", "id": "direct-uniform-s06-a1", "step": 33, "answer_ce": 0.5068855285644531, "eos_ce": 0.11828804016113281}
{"stage": "optimizer_step", "id": "direct-uniform-s06-a1", "step": 49, "answer_ce": 0.06688117980957031, "eos_ce": 0.05026054382324219}
{"stage": "optimizer_step", "id": "direct-uniform-s06-a1", "step": 65, "answer_ce": 0.03461265563964844, "eos_ce": 0.022500991821289062}
{"stage": "optimizer_step", "id": "direct-uniform-s06-a1", "step": 81, "answer_ce": 0.016035079956054688, "eos_ce": 0.0117950439453125}
{"stage": "optimizer_step", "id": "direct-uniform-s06-a1", "step": 97, "answer_ce": 0.0109405517578125, "eos_ce": 0.0076427459716796875}
{"stage": "optimizer_step", "id": "direct-uniform-s06-a1", "step": 113, "answer_ce": 0.006916046142578125, "eos_ce": 0.005420684814453125}
{"stage": "optimizer_step", "id": "direct-uniform-s06-a1", "step": 129, "answer_ce": 0.005950927734375, "eos_ce": 0.00502777099609375}
{"stage": "optimizer_step", "id": "direct-uniform-s06-a1", "step": 145, "answer_ce": 0.003978729248046875, "eos_ce": 0.00348663330078125}
{"stage": "optimizer_step", "id": "direct-uniform-s06-a1", "step": 161, "answer_ce": 0.004032135009765625, "eos_ce": 0.00360870361328125}
{"stage": "optimizer_step", "id": "direct-uniform-s06-a1", "step": 177, "answer_ce": 0.0034923553466796875, "eos_ce": 0.00284576416015625}
{"stage": "optimizer_step", "id": "direct-uniform-s06-a1", "step": 193, "answer_ce": 0.0031185150146484375, "eos_ce": 0.0022830963134765625}
{"stage": "optimizer_step", "id": "direct-uniform-s06-a1", "step": 209, "answer_ce": 0.0030689239501953125, "eos_ce": 0.001895904541015625}
{"stage": "optimizer_step", "id": "direct-uniform-s06-a1", "step": 225, "answer_ce": 0.0026149749755859375, "eos_ce": 0.001922607421875}
{"stage": "optimizer_step", "id": "direct-uniform-s06-a1", "step": 241, "answer_ce": 0.0025386810302734375, "eos_ce": 0.00144195556640625}
{"stage": "run_complete", "id": "direct-uniform-s06-a1", "qa_pass": true, "completed": 16, "seconds": 98.11167450202629}
{"stage": "optimizer_step", "id": "direct-rademacher-s06-a1", "step": 1, "answer_ce": 10.598121643066406, "eos_ce": 2.9683570861816406}
{"stage": "optimizer_step", "id": "direct-rademacher-s06-a1", "step": 17, "answer_ce": 0.07009696960449219, "eos_ce": 0.01248931884765625}
{"stage": "optimizer_step", "id": "direct-rademacher-s06-a1", "step": 33, "answer_ce": 0.0036411285400390625, "eos_ce": 0.000637054443359375}
{"stage": "optimizer_step", "id": "direct-rademacher-s06-a1", "step": 49, "answer_ce": 0.001590728759765625, "eos_ce": 0.000247955322265625}
{"stage": "optimizer_step", "id": "direct-rademacher-s06-a1", "step": 65, "answer_ce": 0.000659942626953125, "eos_ce": 0.000152587890625}
{"stage": "optimizer_step", "id": "direct-rademacher-s06-a1", "step": 81, "answer_ce": 0.000476837158203125, "eos_ce": 0.000110626220703125}
{"stage": "optimizer_step", "id": "direct-rademacher-s06-a1", "step": 97, "answer_ce": 0.000308990478515625, "eos_ce": 8.7738037109375e-05}
{"stage": "optimizer_step", "id": "direct-rademacher-s06-a1", "step": 113, "answer_ce": 0.000316619873046875, "eos_ce": 7.62939453125e-05}
{"stage": "optimizer_step", "id": "direct-rademacher-s06-a1", "step": 129, "answer_ce": 0.00026702880859375, "eos_ce": 7.62939453125e-05}
{"stage": "optimizer_step", "id": "direct-rademacher-s06-a1", "step": 145, "answer_ce": 0.0002288818359375, "eos_ce": 8.392333984375e-05}
{"stage": "optimizer_step", "id": "direct-rademacher-s06-a1", "step": 161, "answer_ce": 0.00022125244140625, "eos_ce": 5.340576171875e-05}
{"stage": "optimizer_step", "id": "direct-rademacher-s06-a1", "step": 177, "answer_ce": 0.00019073486328125, "eos_ce": 5.7220458984375e-05}
{"stage": "optimizer_step", "id": "direct-rademacher-s06-a1", "step": 193, "answer_ce": 0.00014495849609375, "eos_ce": 4.1961669921875e-05}
{"stage": "optimizer_step", "id": "direct-rademacher-s06-a1", "step": 209, "answer_ce": 0.00016021728515625, "eos_ce": 4.1961669921875e-05}
{"stage": "optimizer_step", "id": "direct-rademacher-s06-a1", "step": 225, "answer_ce": 0.000125885009765625, "eos_ce": 3.814697265625e-05}
{"stage": "optimizer_step", "id": "direct-rademacher-s06-a1", "step": 241, "answer_ce": 0.000118255615234375, "eos_ce": 3.4332275390625e-05}
{"stage": "run_complete", "id": "direct-rademacher-s06-a1", "qa_pass": true, "completed": 17, "seconds": 96.44864315120503}
{"stage": "optimizer_step", "id": "direct-gaussian-s07-a1", "step": 1, "answer_ce": 10.037965774536133, "eos_ce": 2.919322967529297}
{"stage": "optimizer_step", "id": "direct-gaussian-s07-a1", "step": 17, "answer_ce": 0.012660980224609375, "eos_ce": 0.000614166259765625}
{"stage": "optimizer_step", "id": "direct-gaussian-s07-a1", "step": 33, "answer_ce": 0.001552581787109375, "eos_ce": 0.000362396240234375}
{"stage": "optimizer_step", "id": "direct-gaussian-s07-a1", "step": 49, "answer_ce": 0.00041961669921875, "eos_ce": 0.00020599365234375}
{"stage": "optimizer_step", "id": "direct-gaussian-s07-a1", "step": 65, "answer_ce": 0.00025177001953125, "eos_ce": 0.000171661376953125}
{"stage": "optimizer_step", "id": "direct-gaussian-s07-a1", "step": 81, "answer_ce": 0.000202178955078125, "eos_ce": 0.0001068115234375}
{"stage": "optimizer_step", "id": "direct-gaussian-s07-a1", "step": 97, "answer_ce": 0.000133514404296875, "eos_ce": 0.0001068115234375}
{"stage": "optimizer_step", "id": "direct-gaussian-s07-a1", "step": 113, "answer_ce": 0.000118255615234375, "eos_ce": 7.62939453125e-05}
{"stage": "optimizer_step", "id": "direct-gaussian-s07-a1", "step": 129, "answer_ce": 9.918212890625e-05, "eos_ce": 7.62939453125e-05}
{"stage": "optimizer_step", "id": "direct-gaussian-s07-a1", "step": 145, "answer_ce": 9.918212890625e-05, "eos_ce": 4.57763671875e-05}
{"stage": "optimizer_step", "id": "direct-gaussian-s07-a1", "step": 161, "answer_ce": 7.62939453125e-05, "eos_ce": 5.340576171875e-05}
{"stage": "optimizer_step", "id": "direct-gaussian-s07-a1", "step": 177, "answer_ce": 7.2479248046875e-05, "eos_ce": 4.57763671875e-05}
{"stage": "optimizer_step", "id": "direct-gaussian-s07-a1", "step": 193, "answer_ce": 5.7220458984375e-05, "eos_ce": 3.0517578125e-05}
{"stage": "optimizer_step", "id": "direct-gaussian-s07-a1", "step": 209, "answer_ce": 5.340576171875e-05, "eos_ce": 2.6702880859375e-05}
{"stage": "optimizer_step", "id": "direct-gaussian-s07-a1", "step": 225, "answer_ce": 5.340576171875e-05, "eos_ce": 3.0517578125e-05}
{"stage": "optimizer_step", "id": "direct-gaussian-s07-a1", "step": 241, "answer_ce": 4.57763671875e-05, "eos_ce": 3.4332275390625e-05}
{"stage": "run_complete", "id": "direct-gaussian-s07-a1", "qa_pass": true, "completed": 18, "seconds": 97.93143569701351}
`torch_dtype` is deprecated! Use `dtype` instead!
Loading checkpoint shards:   0%|                         | 0/2 [00:00<?, ?it/s]Loading checkpoint shards:  50%|████████▌        | 1/2 [00:01<00:01,  1.11s/it]Loading checkpoint shards: 100%|█████████████████| 2/2 [00:01<00:00,  1.15it/s]Loading checkpoint shards: 100%|█████████████████| 2/2 [00:01<00:00,  1.10it/s]
The following generation flags are not valid and may be ignored: ['temperature', 'top_p', 'top_k']. Set `TRANSFORMERS_VERBOSITY=info` for more details.
{"stage": "optimizer_step", "id": "direct-sphere-s07-a1", "step": 1, "answer_ce": 9.935279846191406, "eos_ce": 2.8408966064453125}
{"stage": "optimizer_step", "id": "direct-sphere-s07-a1", "step": 17, "answer_ce": 1.0821857452392578, "eos_ce": 0.2466106414794922}
{"stage": "optimizer_step", "id": "direct-sphere-s07-a1", "step": 33, "answer_ce": 0.09717750549316406, "eos_ce": 0.041584014892578125}
{"stage": "optimizer_step", "id": "direct-sphere-s07-a1", "step": 49, "answer_ce": 0.008428573608398438, "eos_ce": 0.0033245086669921875}
{"stage": "optimizer_step", "id": "direct-sphere-s07-a1", "step": 65, "answer_ce": 0.0015239715576171875, "eos_ce": 0.000400543212890625}
{"stage": "optimizer_step", "id": "direct-sphere-s07-a1", "step": 81, "answer_ce": 0.0007076263427734375, "eos_ce": 0.0001068115234375}
{"stage": "optimizer_step", "id": "direct-sphere-s07-a1", "step": 97, "answer_ce": 0.000461578369140625, "eos_ce": 4.57763671875e-05}
{"stage": "optimizer_step", "id": "direct-sphere-s07-a1", "step": 113, "answer_ce": 0.000293731689453125, "eos_ce": 2.6702880859375e-05}
{"stage": "optimizer_step", "id": "direct-sphere-s07-a1", "step": 129, "answer_ce": 0.000308990478515625, "eos_ce": 3.0517578125e-05}
{"stage": "optimizer_step", "id": "direct-sphere-s07-a1", "step": 145, "answer_ce": 0.0002269744873046875, "eos_ce": 3.814697265625e-05}
{"stage": "optimizer_step", "id": "direct-sphere-s07-a1", "step": 161, "answer_ce": 0.0002117156982421875, "eos_ce": 3.4332275390625e-05}
{"stage": "optimizer_step", "id": "direct-sphere-s07-a1", "step": 177, "answer_ce": 0.0001697540283203125, "eos_ce": 3.0517578125e-05}
{"stage": "optimizer_step", "id": "direct-sphere-s07-a1", "step": 193, "answer_ce": 0.00016021728515625, "eos_ce": 3.0517578125e-05}
{"stage": "optimizer_step", "id": "direct-sphere-s07-a1", "step": 209, "answer_ce": 0.0001888275146484375, "eos_ce": 2.288818359375e-05}
{"stage": "optimizer_step", "id": "direct-sphere-s07-a1", "step": 225, "answer_ce": 0.0001544952392578125, "eos_ce": 2.288818359375e-05}
{"stage": "optimizer_step", "id": "direct-sphere-s07-a1", "step": 241, "answer_ce": 0.000141143798828125, "eos_ce": 2.288818359375e-05}
{"stage": "run_complete", "id": "direct-sphere-s07-a1", "qa_pass": true, "completed": 19, "seconds": 73.53286539763212}
{"stage": "optimizer_step", "id": "direct-heavy_tail-s07-a1", "step": 1, "answer_ce": 10.727014541625977, "eos_ce": 3.425935745239258}
{"stage": "optimizer_step", "id": "direct-heavy_tail-s07-a1", "step": 17, "answer_ce": 1.027475357055664, "eos_ce": 0.2801628112792969}
{"stage": "optimizer_step", "id": "direct-heavy_tail-s07-a1", "step": 33, "answer_ce": 0.21343231201171875, "eos_ce": 0.08504295349121094}
{"stage": "optimizer_step", "id": "direct-heavy_tail-s07-a1", "step": 49, "answer_ce": 0.032207489013671875, "eos_ce": 0.01753997802734375}
{"stage": "optimizer_step", "id": "direct-heavy_tail-s07-a1", "step": 65, "answer_ce": 0.008638381958007812, "eos_ce": 0.003887176513671875}
{"stage": "optimizer_step", "id": "direct-heavy_tail-s07-a1", "step": 81, "answer_ce": 0.0054378509521484375, "eos_ce": 0.0019588470458984375}
{"stage": "optimizer_step", "id": "direct-heavy_tail-s07-a1", "step": 97, "answer_ce": 0.0036678314208984375, "eos_ce": 0.00164031982421875}
{"stage": "optimizer_step", "id": "direct-heavy_tail-s07-a1", "step": 113, "answer_ce": 0.0027751922607421875, "eos_ce": 0.0016307830810546875}
{"stage": "optimizer_step", "id": "direct-heavy_tail-s07-a1", "step": 129, "answer_ce": 0.0021877288818359375, "eos_ce": 0.0009136199951171875}
{"stage": "optimizer_step", "id": "direct-heavy_tail-s07-a1", "step": 145, "answer_ce": 0.00188446044921875, "eos_ce": 0.000919342041015625}
{"stage": "optimizer_step", "id": "direct-heavy_tail-s07-a1", "step": 161, "answer_ce": 0.0013828277587890625, "eos_ce": 0.00052642822265625}
{"stage": "optimizer_step", "id": "direct-heavy_tail-s07-a1", "step": 177, "answer_ce": 0.0012836456298828125, "eos_ce": 0.000438690185546875}
{"stage": "optimizer_step", "id": "direct-heavy_tail-s07-a1", "step": 193, "answer_ce": 0.0010356903076171875, "eos_ce": 0.0004024505615234375}
{"stage": "optimizer_step", "id": "direct-heavy_tail-s07-a1", "step": 209, "answer_ce": 0.0008373260498046875, "eos_ce": 0.00020599365234375}
{"stage": "optimizer_step", "id": "direct-heavy_tail-s07-a1", "step": 225, "answer_ce": 0.00078582763671875, "eos_ce": 0.000156402587890625}
{"stage": "optimizer_step", "id": "direct-heavy_tail-s07-a1", "step": 241, "answer_ce": 0.0007152557373046875, "eos_ce": 0.0001220703125}
{"stage": "run_complete", "id": "direct-heavy_tail-s07-a1", "qa_pass": true, "completed": 20, "seconds": 72.40165792964399}
{"stage": "optimizer_step", "id": "direct-gaussian-s00-a0.5", "step": 1, "answer_ce": 10.539167404174805, "eos_ce": 3.229928970336914}
{"stage": "optimizer_step", "id": "direct-gaussian-s00-a0.5", "step": 17, "answer_ce": 0.009557723999023438, "eos_ce": 0.0068836212158203125}
{"stage": "optimizer_step", "id": "direct-gaussian-s00-a0.5", "step": 33, "answer_ce": 0.0034122467041015625, "eos_ce": 0.0010223388671875}
{"stage": "optimizer_step", "id": "direct-gaussian-s00-a0.5", "step": 49, "answer_ce": 0.001190185546875, "eos_ce": 0.000476837158203125}
{"stage": "optimizer_step", "id": "direct-gaussian-s00-a0.5", "step": 65, "answer_ce": 0.0007171630859375, "eos_ce": 0.000202178955078125}
{"stage": "optimizer_step", "id": "direct-gaussian-s00-a0.5", "step": 81, "answer_ce": 0.00051116943359375, "eos_ce": 0.000141143798828125}
{"stage": "optimizer_step", "id": "direct-gaussian-s00-a0.5", "step": 97, "answer_ce": 0.000385284423828125, "eos_ce": 0.000133514404296875}
{"stage": "optimizer_step", "id": "direct-gaussian-s00-a0.5", "step": 113, "answer_ce": 0.000347137451171875, "eos_ce": 0.0001068115234375}
{"stage": "optimizer_step", "id": "direct-gaussian-s00-a0.5", "step": 129, "answer_ce": 0.000324249267578125, "eos_ce": 7.62939453125e-05}
{"stage": "optimizer_step", "id": "direct-gaussian-s00-a0.5", "step": 145, "answer_ce": 0.000225067138671875, "eos_ce": 6.103515625e-05}
{"stage": "optimizer_step", "id": "direct-gaussian-s00-a0.5", "step": 161, "answer_ce": 0.00023651123046875, "eos_ce": 5.340576171875e-05}
{"stage": "optimizer_step", "id": "direct-gaussian-s00-a0.5", "step": 177, "answer_ce": 0.000171661376953125, "eos_ce": 4.57763671875e-05}
{"stage": "optimizer_step", "id": "direct-gaussian-s00-a0.5", "step": 193, "answer_ce": 0.0001678466796875, "eos_ce": 5.340576171875e-05}
{"stage": "optimizer_step", "id": "direct-gaussian-s00-a0.5", "step": 209, "answer_ce": 0.00022125244140625, "eos_ce": 3.814697265625e-05}
{"stage": "optimizer_step", "id": "direct-gaussian-s00-a0.5", "step": 225, "answer_ce": 0.000164031982421875, "eos_ce": 3.814697265625e-05}
{"stage": "optimizer_step", "id": "direct-gaussian-s00-a0.5", "step": 241, "answer_ce": 0.00016021728515625, "eos_ce": 3.0517578125e-05}
{"stage": "run_complete", "id": "direct-gaussian-s00-a0.5", "qa_pass": true, "completed": 21, "seconds": 72.15902417059988}
{"stage": "optimizer_step", "id": "direct-gaussian-s00-a4", "step": 1, "answer_ce": 12.275814056396484, "eos_ce": 5.2171173095703125}
{"stage": "optimizer_step", "id": "direct-gaussian-s00-a4", "step": 17, "answer_ce": 1.9450435638427734, "eos_ce": 0.39411163330078125}
{"stage": "optimizer_step", "id": "direct-gaussian-s00-a4", "step": 33, "answer_ce": 0.051525115966796875, "eos_ce": 0.021608352661132812}
{"stage": "optimizer_step", "id": "direct-gaussian-s00-a4", "step": 49, "answer_ce": 0.004947662353515625, "eos_ce": 0.0020694732666015625}
{"stage": "optimizer_step", "id": "direct-gaussian-s00-a4", "step": 65, "answer_ce": 0.0016632080078125, "eos_ce": 0.00043487548828125}
{"stage": "optimizer_step", "id": "direct-gaussian-s00-a4", "step": 81, "answer_ce": 0.0010776519775390625, "eos_ce": 0.00022125244140625}
{"stage": "optimizer_step", "id": "direct-gaussian-s00-a4", "step": 97, "answer_ce": 0.0007953643798828125, "eos_ce": 0.0001983642578125}
{"stage": "optimizer_step", "id": "direct-gaussian-s00-a4", "step": 113, "answer_ce": 0.00067901611328125, "eos_ce": 0.000125885009765625}
{"stage": "optimizer_step", "id": "direct-gaussian-s00-a4", "step": 129, "answer_ce": 0.0006561279296875, "eos_ce": 0.000110626220703125}
{"stage": "optimizer_step", "id": "direct-gaussian-s00-a4", "step": 145, "answer_ce": 0.000507354736328125, "eos_ce": 8.7738037109375e-05}
{"stage": "optimizer_step", "id": "direct-gaussian-s00-a4", "step": 161, "answer_ce": 0.000476837158203125, "eos_ce": 0.000110626220703125}
{"stage": "optimizer_step", "id": "direct-gaussian-s00-a4", "step": 177, "answer_ce": 0.0004100799560546875, "eos_ce": 8.392333984375e-05}
{"stage": "optimizer_step", "id": "direct-gaussian-s00-a4", "step": 193, "answer_ce": 0.0003414154052734375, "eos_ce": 6.866455078125e-05}
{"stage": "optimizer_step", "id": "direct-gaussian-s00-a4", "step": 209, "answer_ce": 0.0003719329833984375, "eos_ce": 6.103515625e-05}
{"stage": "optimizer_step", "id": "direct-gaussian-s00-a4", "step": 225, "answer_ce": 0.000316619873046875, "eos_ce": 4.57763671875e-05}
{"stage": "optimizer_step", "id": "direct-gaussian-s00-a4", "step": 241, "answer_ce": 0.0003261566162109375, "eos_ce": 4.57763671875e-05}
{"stage": "run_complete", "id": "direct-gaussian-s00-a4", "qa_pass": true, "completed": 22, "seconds": 72.51031622011214}
{"stage": "optimizer_step", "id": "direct-gaussian-s01-a0.5", "step": 1, "answer_ce": 9.782167434692383, "eos_ce": 3.6083106994628906}
{"stage": "optimizer_step", "id": "direct-gaussian-s01-a0.5", "step": 17, "answer_ce": 0.019456863403320312, "eos_ce": 0.00742340087890625}
{"stage": "optimizer_step", "id": "direct-gaussian-s01-a0.5", "step": 33, "answer_ce": 0.0034542083740234375, "eos_ce": 0.000823974609375}
{"stage": "optimizer_step", "id": "direct-gaussian-s01-a0.5", "step": 49, "answer_ce": 0.001186370849609375, "eos_ce": 0.0001220703125}
{"stage": "optimizer_step", "id": "direct-gaussian-s01-a0.5", "step": 65, "answer_ce": 0.0005340576171875, "eos_ce": 0.0001220703125}
{"stage": "optimizer_step", "id": "direct-gaussian-s01-a0.5", "step": 81, "answer_ce": 0.000431060791015625, "eos_ce": 8.392333984375e-05}
{"stage": "optimizer_step", "id": "direct-gaussian-s01-a0.5", "step": 97, "answer_ce": 0.000377655029296875, "eos_ce": 6.866455078125e-05}
{"stage": "optimizer_step", "id": "direct-gaussian-s01-a0.5", "step": 113, "answer_ce": 0.0003204345703125, "eos_ce": 5.340576171875e-05}
{"stage": "optimizer_step", "id": "direct-gaussian-s01-a0.5", "step": 129, "answer_ce": 0.00031280517578125, "eos_ce": 4.1961669921875e-05}
{"stage": "optimizer_step", "id": "direct-gaussian-s01-a0.5", "step": 145, "answer_ce": 0.000293731689453125, "eos_ce": 4.9591064453125e-05}
{"stage": "optimizer_step", "id": "direct-gaussian-s01-a0.5", "step": 161, "answer_ce": 0.000244140625, "eos_ce": 4.57763671875e-05}
{"stage": "optimizer_step", "id": "direct-gaussian-s01-a0.5", "step": 177, "answer_ce": 0.0001983642578125, "eos_ce": 3.814697265625e-05}
{"stage": "optimizer_step", "id": "direct-gaussian-s01-a0.5", "step": 193, "answer_ce": 0.000213623046875, "eos_ce": 3.814697265625e-05}
{"stage": "optimizer_step", "id": "direct-gaussian-s01-a0.5", "step": 209, "answer_ce": 0.000213623046875, "eos_ce": 2.6702880859375e-05}
{"stage": "optimizer_step", "id": "direct-gaussian-s01-a0.5", "step": 225, "answer_ce": 0.00017547607421875, "eos_ce": 3.0517578125e-05}
{"stage": "optimizer_step", "id": "direct-gaussian-s01-a0.5", "step": 241, "answer_ce": 0.000179290771484375, "eos_ce": 2.6702880859375e-05}
{"stage": "run_complete", "id": "direct-gaussian-s01-a0.5", "qa_pass": true, "completed": 23, "seconds": 73.99849040620029}
{"stage": "optimizer_step", "id": "direct-gaussian-s01-a4", "step": 1, "answer_ce": 11.964967727661133, "eos_ce": 4.705965042114258}
{"stage": "optimizer_step", "id": "direct-gaussian-s01-a4", "step": 17, "answer_ce": 0.8583641052246094, "eos_ce": 0.13242530822753906}
{"stage": "optimizer_step", "id": "direct-gaussian-s01-a4", "step": 33, "answer_ce": 0.0021228790283203125, "eos_ce": 0.000453948974609375}
{"stage": "optimizer_step", "id": "direct-gaussian-s01-a4", "step": 49, "answer_ce": 0.0011501312255859375, "eos_ce": 0.00031280517578125}
{"stage": "optimizer_step", "id": "direct-gaussian-s01-a4", "step": 65, "answer_ce": 0.0006866455078125, "eos_ce": 0.00017547607421875}
{"stage": "optimizer_step", "id": "direct-gaussian-s01-a4", "step": 81, "answer_ce": 0.0004634857177734375, "eos_ce": 0.000110626220703125}
{"stage": "optimizer_step", "id": "direct-gaussian-s01-a4", "step": 97, "answer_ce": 0.0003814697265625, "eos_ce": 8.392333984375e-05}
{"stage": "optimizer_step", "id": "direct-gaussian-s01-a4", "step": 113, "answer_ce": 0.0003376007080078125, "eos_ce": 5.7220458984375e-05}
{"stage": "optimizer_step", "id": "direct-gaussian-s01-a4", "step": 129, "answer_ce": 0.000274658203125, "eos_ce": 5.7220458984375e-05}
{"stage": "optimizer_step", "id": "direct-gaussian-s01-a4", "step": 145, "answer_ce": 0.00025177001953125, "eos_ce": 6.103515625e-05}
{"stage": "optimizer_step", "id": "direct-gaussian-s01-a4", "step": 161, "answer_ce": 0.00022125244140625, "eos_ce": 6.103515625e-05}
{"stage": "optimizer_step", "id": "direct-gaussian-s01-a4", "step": 177, "answer_ce": 0.00020599365234375, "eos_ce": 4.57763671875e-05}
{"stage": "optimizer_step", "id": "direct-gaussian-s01-a4", "step": 193, "answer_ce": 0.000240325927734375, "eos_ce": 5.340576171875e-05}
{"stage": "optimizer_step", "id": "direct-gaussian-s01-a4", "step": 209, "answer_ce": 0.00020599365234375, "eos_ce": 3.814697265625e-05}
{"stage": "optimizer_step", "id": "direct-gaussian-s01-a4", "step": 225, "answer_ce": 0.000141143798828125, "eos_ce": 3.4332275390625e-05}
{"stage": "optimizer_step", "id": "direct-gaussian-s01-a4", "step": 241, "answer_ce": 0.000152587890625, "eos_ce": 3.0517578125e-05}
{"stage": "run_complete", "id": "direct-gaussian-s01-a4", "qa_pass": true, "completed": 24, "seconds": 75.59371425490826}
{"stage": "optimizer_step", "id": "direct-gaussian-s02-a0.5", "step": 1, "answer_ce": 9.826499938964844, "eos_ce": 3.4846553802490234}
{"stage": "optimizer_step", "id": "direct-gaussian-s02-a0.5", "step": 17, "answer_ce": 0.28853607177734375, "eos_ce": 0.08005905151367188}
{"stage": "optimizer_step", "id": "direct-gaussian-s02-a0.5", "step": 33, "answer_ce": 0.0050449371337890625, "eos_ce": 0.009059906005859375}
{"stage": "optimizer_step", "id": "direct-gaussian-s02-a0.5", "step": 49, "answer_ce": 0.001445770263671875, "eos_ce": 0.0020656585693359375}
{"stage": "optimizer_step", "id": "direct-gaussian-s02-a0.5", "step": 65, "answer_ce": 0.000827789306640625, "eos_ce": 0.00103759765625}
{"stage": "optimizer_step", "id": "direct-gaussian-s02-a0.5", "step": 81, "answer_ce": 0.0006866455078125, "eos_ce": 0.000743865966796875}
{"stage": "optimizer_step", "id": "direct-gaussian-s02-a0.5", "step": 97, "answer_ce": 0.0005855560302734375, "eos_ce": 0.000713348388671875}
{"stage": "optimizer_step", "id": "direct-gaussian-s02-a0.5", "step": 113, "answer_ce": 0.000476837158203125, "eos_ce": 0.00069427490234375}
{"stage": "optimizer_step", "id": "direct-gaussian-s02-a0.5", "step": 129, "answer_ce": 0.0003948211669921875, "eos_ce": 0.00040435791015625}
{"stage": "optimizer_step", "id": "direct-gaussian-s02-a0.5", "step": 145, "answer_ce": 0.0003795623779296875, "eos_ce": 0.000415802001953125}
{"stage": "optimizer_step", "id": "direct-gaussian-s02-a0.5", "step": 161, "answer_ce": 0.00031280517578125, "eos_ce": 0.000347137451171875}
{"stage": "optimizer_step", "id": "direct-gaussian-s02-a0.5", "step": 177, "answer_ce": 0.000308990478515625, "eos_ce": 0.000331878662109375}
{"stage": "optimizer_step", "id": "direct-gaussian-s02-a0.5", "step": 193, "answer_ce": 0.00025177001953125, "eos_ce": 0.000301361083984375}
{"stage": "optimizer_step", "id": "direct-gaussian-s02-a0.5", "step": 209, "answer_ce": 0.000263214111328125, "eos_ce": 0.00025177001953125}
{"stage": "optimizer_step", "id": "direct-gaussian-s02-a0.5", "step": 225, "answer_ce": 0.000209808349609375, "eos_ce": 0.000232696533203125}
{"stage": "optimizer_step", "id": "direct-gaussian-s02-a0.5", "step": 241, "answer_ce": 0.000217437744140625, "eos_ce": 0.00019073486328125}
{"stage": "run_complete", "id": "direct-gaussian-s02-a0.5", "qa_pass": true, "completed": 25, "seconds": 70.82980146817863}
{"stage": "optimizer_step", "id": "direct-gaussian-s02-a4", "step": 1, "answer_ce": 12.470949172973633, "eos_ce": 4.477399826049805}
{"stage": "optimizer_step", "id": "direct-gaussian-s02-a4", "step": 17, "answer_ce": 0.0571746826171875, "eos_ce": 0.002254486083984375}
{"stage": "optimizer_step", "id": "direct-gaussian-s02-a4", "step": 33, "answer_ce": 0.00377655029296875, "eos_ce": 0.001049041748046875}
{"stage": "optimizer_step", "id": "direct-gaussian-s02-a4", "step": 49, "answer_ce": 0.001415252685546875, "eos_ce": 0.000530242919921875}
{"stage": "optimizer_step", "id": "direct-gaussian-s02-a4", "step": 65, "answer_ce": 0.000873565673828125, "eos_ce": 0.000308990478515625}
{"stage": "optimizer_step", "id": "direct-gaussian-s02-a4", "step": 81, "answer_ce": 0.0005035400390625, "eos_ce": 0.000202178955078125}
{"stage": "optimizer_step", "id": "direct-gaussian-s02-a4", "step": 97, "answer_ce": 0.000331878662109375, "eos_ce": 0.000141143798828125}
{"stage": "optimizer_step", "id": "direct-gaussian-s02-a4", "step": 113, "answer_ce": 0.00031280517578125, "eos_ce": 0.000118255615234375}
{"stage": "optimizer_step", "id": "direct-gaussian-s02-a4", "step": 129, "answer_ce": 0.000293731689453125, "eos_ce": 8.392333984375e-05}
{"stage": "optimizer_step", "id": "direct-gaussian-s02-a4", "step": 145, "answer_ce": 0.00020599365234375, "eos_ce": 9.5367431640625e-05}
{"stage": "optimizer_step", "id": "direct-gaussian-s02-a4", "step": 161, "answer_ce": 0.000152587890625, "eos_ce": 8.0108642578125e-05}
{"stage": "optimizer_step", "id": "direct-gaussian-s02-a4", "step": 177, "answer_ce": 0.000171661376953125, "eos_ce": 7.2479248046875e-05}
{"stage": "optimizer_step", "id": "direct-gaussian-s02-a4", "step": 193, "answer_ce": 0.00012969970703125, "eos_ce": 6.866455078125e-05}
{"stage": "optimizer_step", "id": "direct-gaussian-s02-a4", "step": 209, "answer_ce": 0.000133514404296875, "eos_ce": 5.340576171875e-05}
{"stage": "optimizer_step", "id": "direct-gaussian-s02-a4", "step": 225, "answer_ce": 0.000102996826171875, "eos_ce": 5.340576171875e-05}
{"stage": "optimizer_step", "id": "direct-gaussian-s02-a4", "step": 241, "answer_ce": 9.1552734375e-05, "eos_ce": 5.7220458984375e-05}
{"stage": "run_complete", "id": "direct-gaussian-s02-a4", "qa_pass": true, "completed": 26, "seconds": 72.78679741546512}
{"stage": "optimizer_step", "id": "direct-gaussian-s03-a0.5", "step": 1, "answer_ce": 9.577917098999023, "eos_ce": 3.583589553833008}
{"stage": "optimizer_step", "id": "direct-gaussian-s03-a0.5", "step": 17, "answer_ce": 0.4167823791503906, "eos_ce": 0.017822265625}
{"stage": "optimizer_step", "id": "direct-gaussian-s03-a0.5", "step": 33, "answer_ce": 0.010881423950195312, "eos_ce": 0.0015106201171875}
{"stage": "optimizer_step", "id": "direct-gaussian-s03-a0.5", "step": 49, "answer_ce": 0.0034923553466796875, "eos_ce": 0.000881195068359375}
{"stage": "optimizer_step", "id": "direct-gaussian-s03-a0.5", "step": 65, "answer_ce": 0.0020122528076171875, "eos_ce": 0.00043487548828125}
{"stage": "optimizer_step", "id": "direct-gaussian-s03-a0.5", "step": 81, "answer_ce": 0.0013065338134765625, "eos_ce": 0.000301361083984375}
{"stage": "optimizer_step", "id": "direct-gaussian-s03-a0.5", "step": 97, "answer_ce": 0.00091552734375, "eos_ce": 0.000274658203125}
{"stage": "optimizer_step", "id": "direct-gaussian-s03-a0.5", "step": 113, "answer_ce": 0.00092315673828125, "eos_ce": 0.00023651123046875}
{"stage": "optimizer_step", "id": "direct-gaussian-s03-a0.5", "step": 129, "answer_ce": 0.00067901611328125, "eos_ce": 0.0001678466796875}
{"stage": "optimizer_step", "id": "direct-gaussian-s03-a0.5", "step": 145, "answer_ce": 0.0006885528564453125, "eos_ce": 0.000141143798828125}
{"stage": "optimizer_step", "id": "direct-gaussian-s03-a0.5", "step": 161, "answer_ce": 0.0005588531494140625, "eos_ce": 0.000133514404296875}
{"stage": "optimizer_step", "id": "direct-gaussian-s03-a0.5", "step": 177, "answer_ce": 0.000545501708984375, "eos_ce": 0.00011444091796875}
{"stage": "optimizer_step", "id": "direct-gaussian-s03-a0.5", "step": 193, "answer_ce": 0.000469207763671875, "eos_ce": 0.00012969970703125}
{"stage": "optimizer_step", "id": "direct-gaussian-s03-a0.5", "step": 209, "answer_ce": 0.0003833770751953125, "eos_ce": 8.392333984375e-05}
{"stage": "optimizer_step", "id": "direct-gaussian-s03-a0.5", "step": 225, "answer_ce": 0.0004215240478515625, "eos_ce": 7.62939453125e-05}
{"stage": "optimizer_step", "id": "direct-gaussian-s03-a0.5", "step": 241, "answer_ce": 0.00035858154296875, "eos_ce": 8.0108642578125e-05}
{"stage": "run_complete", "id": "direct-gaussian-s03-a0.5", "qa_pass": true, "completed": 27, "seconds": 73.54380729887635}
{"stage": "optimizer_step", "id": "direct-gaussian-s03-a4", "step": 1, "answer_ce": 12.369802474975586, "eos_ce": 4.396417617797852}
{"stage": "optimizer_step", "id": "direct-gaussian-s03-a4", "step": 17, "answer_ce": 0.37810516357421875, "eos_ce": 0.13769912719726562}
{"stage": "optimizer_step", "id": "direct-gaussian-s03-a4", "step": 33, "answer_ce": 0.0101776123046875, "eos_ce": 0.0036983489990234375}
{"stage": "optimizer_step", "id": "direct-gaussian-s03-a4", "step": 49, "answer_ce": 0.003143310546875, "eos_ce": 0.00075531005859375}
{"stage": "optimizer_step", "id": "direct-gaussian-s03-a4", "step": 65, "answer_ce": 0.0011806488037109375, "eos_ce": 0.0001983642578125}
{"stage": "optimizer_step", "id": "direct-gaussian-s03-a4", "step": 81, "answer_ce": 0.000629425048828125, "eos_ce": 9.5367431640625e-05}
{"stage": "optimizer_step", "id": "direct-gaussian-s03-a4", "step": 97, "answer_ce": 0.0004978179931640625, "eos_ce": 0.000102996826171875}
{"stage": "optimizer_step", "id": "direct-gaussian-s03-a4", "step": 113, "answer_ce": 0.0004062652587890625, "eos_ce": 5.7220458984375e-05}
{"stage": "optimizer_step", "id": "direct-gaussian-s03-a4", "step": 129, "answer_ce": 0.00032806396484375, "eos_ce": 6.866455078125e-05}
{"stage": "optimizer_step", "id": "direct-gaussian-s03-a4", "step": 145, "answer_ce": 0.000255584716796875, "eos_ce": 6.103515625e-05}
{"stage": "optimizer_step", "id": "direct-gaussian-s03-a4", "step": 161, "answer_ce": 0.00023651123046875, "eos_ce": 4.9591064453125e-05}
{"stage": "optimizer_step", "id": "direct-gaussian-s03-a4", "step": 177, "answer_ce": 0.000232696533203125, "eos_ce": 5.340576171875e-05}
{"stage": "optimizer_step", "id": "direct-gaussian-s03-a4", "step": 193, "answer_ce": 0.00019073486328125, "eos_ce": 3.4332275390625e-05}
{"stage": "optimizer_step", "id": "direct-gaussian-s03-a4", "step": 209, "answer_ce": 0.00017547607421875, "eos_ce": 3.814697265625e-05}
{"stage": "optimizer_step", "id": "direct-gaussian-s03-a4", "step": 225, "answer_ce": 0.000194549560546875, "eos_ce": 3.0517578125e-05}
{"stage": "optimizer_step", "id": "direct-gaussian-s03-a4", "step": 241, "answer_ce": 0.000152587890625, "eos_ce": 2.6702880859375e-05}
{"stage": "run_complete", "id": "direct-gaussian-s03-a4", "qa_pass": true, "completed": 28, "seconds": 72.23293422628194}
{"stage": "optimizer_step", "id": "direct-gaussian-s04-a0.5", "step": 1, "answer_ce": 10.14425277709961, "eos_ce": 3.2122440338134766}
{"stage": "optimizer_step", "id": "direct-gaussian-s04-a0.5", "step": 17, "answer_ce": 1.6411991119384766, "eos_ce": 0.37551307678222656}
{"stage": "optimizer_step", "id": "direct-gaussian-s04-a0.5", "step": 33, "answer_ce": 0.018503189086914062, "eos_ce": 0.009057998657226562}
{"stage": "optimizer_step", "id": "direct-gaussian-s04-a0.5", "step": 49, "answer_ce": 0.0029544830322265625, "eos_ce": 0.0007801055908203125}
{"stage": "optimizer_step", "id": "direct-gaussian-s04-a0.5", "step": 65, "answer_ce": 0.001621246337890625, "eos_ce": 0.0004119873046875}
{"stage": "optimizer_step", "id": "direct-gaussian-s04-a0.5", "step": 81, "answer_ce": 0.0010204315185546875, "eos_ce": 0.00026702880859375}
{"stage": "optimizer_step", "id": "direct-gaussian-s04-a0.5", "step": 97, "answer_ce": 0.000843048095703125, "eos_ce": 0.00019073486328125}
{"stage": "optimizer_step", "id": "direct-gaussian-s04-a0.5", "step": 113, "answer_ce": 0.0006427764892578125, "eos_ce": 0.00016021728515625}
{"stage": "optimizer_step", "id": "direct-gaussian-s04-a0.5", "step": 129, "answer_ce": 0.00060272216796875, "eos_ce": 0.00012969970703125}
{"stage": "optimizer_step", "id": "direct-gaussian-s04-a0.5", "step": 145, "answer_ce": 0.00054931640625, "eos_ce": 0.0001373291015625}
{"stage": "optimizer_step", "id": "direct-gaussian-s04-a0.5", "step": 161, "answer_ce": 0.000514984130859375, "eos_ce": 0.00011444091796875}
{"stage": "optimizer_step", "id": "direct-gaussian-s04-a0.5", "step": 177, "answer_ce": 0.0003795623779296875, "eos_ce": 0.000102996826171875}
{"stage": "optimizer_step", "id": "direct-gaussian-s04-a0.5", "step": 193, "answer_ce": 0.0004825592041015625, "eos_ce": 9.5367431640625e-05}
{"stage": "optimizer_step", "id": "direct-gaussian-s04-a0.5", "step": 209, "answer_ce": 0.0003604888916015625, "eos_ce": 0.000102996826171875}
{"stage": "optimizer_step", "id": "direct-gaussian-s04-a0.5", "step": 225, "answer_ce": 0.00035858154296875, "eos_ce": 9.5367431640625e-05}
{"stage": "optimizer_step", "id": "direct-gaussian-s04-a0.5", "step": 241, "answer_ce": 0.0002918243408203125, "eos_ce": 7.62939453125e-05}
{"stage": "run_complete", "id": "direct-gaussian-s04-a0.5", "qa_pass": true, "completed": 29, "seconds": 71.71319168619812}
{"stage": "optimizer_step", "id": "direct-gaussian-s04-a4", "step": 1, "answer_ce": 11.864423751831055, "eos_ce": 4.645755767822266}
{"stage": "optimizer_step", "id": "direct-gaussian-s04-a4", "step": 17, "answer_ce": 2.1541595458984375, "eos_ce": 2.0525035858154297}
{"stage": "optimizer_step", "id": "direct-gaussian-s04-a4", "step": 33, "answer_ce": 0.9805698394775391, "eos_ce": 0.24041748046875}
{"stage": "optimizer_step", "id": "direct-gaussian-s04-a4", "step": 49, "answer_ce": 0.21717262268066406, "eos_ce": 0.09180831909179688}
{"stage": "optimizer_step", "id": "direct-gaussian-s04-a4", "step": 65, "answer_ce": 0.09296989440917969, "eos_ce": 0.029821395874023438}
{"stage": "optimizer_step", "id": "direct-gaussian-s04-a4", "step": 81, "answer_ce": 0.052982330322265625, "eos_ce": 0.017543792724609375}
{"stage": "optimizer_step", "id": "direct-gaussian-s04-a4", "step": 97, "answer_ce": 0.029506683349609375, "eos_ce": 0.015592575073242188}
{"stage": "optimizer_step", "id": "direct-gaussian-s04-a4", "step": 113, "answer_ce": 0.021148681640625, "eos_ce": 0.01125335693359375}
{"stage": "optimizer_step", "id": "direct-gaussian-s04-a4", "step": 129, "answer_ce": 0.014678955078125, "eos_ce": 0.007894515991210938}
{"stage": "optimizer_step", "id": "direct-gaussian-s04-a4", "step": 145, "answer_ce": 0.011068344116210938, "eos_ce": 0.007274627685546875}
{"stage": "optimizer_step", "id": "direct-gaussian-s04-a4", "step": 161, "answer_ce": 0.008497238159179688, "eos_ce": 0.0062389373779296875}
{"stage": "optimizer_step", "id": "direct-gaussian-s04-a4", "step": 177, "answer_ce": 0.00672149658203125, "eos_ce": 0.0039272308349609375}
{"stage": "optimizer_step", "id": "direct-gaussian-s04-a4", "step": 193, "answer_ce": 0.0060214996337890625, "eos_ce": 0.004245758056640625}
{"stage": "optimizer_step", "id": "direct-gaussian-s04-a4", "step": 209, "answer_ce": 0.0048046112060546875, "eos_ce": 0.0042209625244140625}
{"stage": "optimizer_step", "id": "direct-gaussian-s04-a4", "step": 225, "answer_ce": 0.003902435302734375, "eos_ce": 0.0036640167236328125}
{"stage": "optimizer_step", "id": "direct-gaussian-s04-a4", "step": 241, "answer_ce": 0.0036373138427734375, "eos_ce": 0.00308990478515625}
{"stage": "run_complete", "id": "direct-gaussian-s04-a4", "qa_pass": true, "completed": 30, "seconds": 72.49161867052317}
{"stage": "optimizer_step", "id": "direct-gaussian-s05-a0.5", "step": 1, "answer_ce": 9.668205261230469, "eos_ce": 3.0793285369873047}
{"stage": "optimizer_step", "id": "direct-gaussian-s05-a0.5", "step": 17, "answer_ce": 0.3249549865722656, "eos_ce": 0.07370376586914062}
{"stage": "optimizer_step", "id": "direct-gaussian-s05-a0.5", "step": 33, "answer_ce": 0.0055084228515625, "eos_ce": 0.00396728515625}
{"stage": "optimizer_step", "id": "direct-gaussian-s05-a0.5", "step": 49, "answer_ce": 0.001895904541015625, "eos_ce": 0.0011749267578125}
{"stage": "optimizer_step", "id": "direct-gaussian-s05-a0.5", "step": 65, "answer_ce": 0.001155853271484375, "eos_ce": 0.0006256103515625}
{"stage": "optimizer_step", "id": "direct-gaussian-s05-a0.5", "step": 81, "answer_ce": 0.0008449554443359375, "eos_ce": 0.00037384033203125}
{"stage": "optimizer_step", "id": "direct-gaussian-s05-a0.5", "step": 97, "answer_ce": 0.000606536865234375, "eos_ce": 0.00032806396484375}
{"stage": "optimizer_step", "id": "direct-gaussian-s05-a0.5", "step": 113, "answer_ce": 0.000476837158203125, "eos_ce": 0.0002899169921875}
{"stage": "optimizer_step", "id": "direct-gaussian-s05-a0.5", "step": 129, "answer_ce": 0.00041961669921875, "eos_ce": 0.000171661376953125}
{"stage": "optimizer_step", "id": "direct-gaussian-s05-a0.5", "step": 145, "answer_ce": 0.00046539306640625, "eos_ce": 0.0001983642578125}
{"stage": "optimizer_step", "id": "direct-gaussian-s05-a0.5", "step": 161, "answer_ce": 0.000377655029296875, "eos_ce": 0.000152587890625}
{"stage": "optimizer_step", "id": "direct-gaussian-s05-a0.5", "step": 177, "answer_ce": 0.000362396240234375, "eos_ce": 0.000133514404296875}
{"stage": "optimizer_step", "id": "direct-gaussian-s05-a0.5", "step": 193, "answer_ce": 0.00026702880859375, "eos_ce": 0.000118255615234375}
{"stage": "optimizer_step", "id": "direct-gaussian-s05-a0.5", "step": 209, "answer_ce": 0.000263214111328125, "eos_ce": 0.000133514404296875}
{"stage": "optimizer_step", "id": "direct-gaussian-s05-a0.5", "step": 225, "answer_ce": 0.000274658203125, "eos_ce": 0.000118255615234375}
{"stage": "optimizer_step", "id": "direct-gaussian-s05-a0.5", "step": 241, "answer_ce": 0.000232696533203125, "eos_ce": 9.1552734375e-05}
{"stage": "run_complete", "id": "direct-gaussian-s05-a0.5", "qa_pass": true, "completed": 31, "seconds": 72.53031307924539}
{"stage": "optimizer_step", "id": "direct-gaussian-s05-a4", "step": 1, "answer_ce": 11.80105972290039, "eos_ce": 5.148500442504883}
{"stage": "optimizer_step", "id": "direct-gaussian-s05-a4", "step": 17, "answer_ce": 0.24645614624023438, "eos_ce": 0.03151130676269531}
{"stage": "optimizer_step", "id": "direct-gaussian-s05-a4", "step": 33, "answer_ce": 0.0039997100830078125, "eos_ce": 0.000202178955078125}
{"stage": "optimizer_step", "id": "direct-gaussian-s05-a4", "step": 49, "answer_ce": 0.001384735107421875, "eos_ce": 0.000102996826171875}
{"stage": "optimizer_step", "id": "direct-gaussian-s05-a4", "step": 65, "answer_ce": 0.0007114410400390625, "eos_ce": 8.0108642578125e-05}
{"stage": "optimizer_step", "id": "direct-gaussian-s05-a4", "step": 81, "answer_ce": 0.00048065185546875, "eos_ce": 7.2479248046875e-05}
{"stage": "optimizer_step", "id": "direct-gaussian-s05-a4", "step": 97, "answer_ce": 0.0003204345703125, "eos_ce": 5.7220458984375e-05}
{"stage": "optimizer_step", "id": "direct-gaussian-s05-a4", "step": 113, "answer_ce": 0.0003299713134765625, "eos_ce": 5.340576171875e-05}
{"stage": "optimizer_step", "id": "direct-gaussian-s05-a4", "step": 129, "answer_ce": 0.00026702880859375, "eos_ce": 3.0517578125e-05}
{"stage": "optimizer_step", "id": "direct-gaussian-s05-a4", "step": 145, "answer_ce": 0.0002727508544921875, "eos_ce": 4.1961669921875e-05}
{"stage": "optimizer_step", "id": "direct-gaussian-s05-a4", "step": 161, "answer_ce": 0.000217437744140625, "eos_ce": 3.0517578125e-05}
{"stage": "optimizer_step", "id": "direct-gaussian-s05-a4", "step": 177, "answer_ce": 0.0001926422119140625, "eos_ce": 4.1961669921875e-05}
{"stage": "optimizer_step", "id": "direct-gaussian-s05-a4", "step": 193, "answer_ce": 0.0001850128173828125, "eos_ce": 2.6702880859375e-05}
{"stage": "optimizer_step", "id": "direct-gaussian-s05-a4", "step": 209, "answer_ce": 0.0001659393310546875, "eos_ce": 3.0517578125e-05}
{"stage": "optimizer_step", "id": "direct-gaussian-s05-a4", "step": 225, "answer_ce": 0.0001659393310546875, "eos_ce": 2.6702880859375e-05}
{"stage": "optimizer_step", "id": "direct-gaussian-s05-a4", "step": 241, "answer_ce": 0.000156402587890625, "eos_ce": 2.6702880859375e-05}
{"stage": "run_complete", "id": "direct-gaussian-s05-a4", "qa_pass": true, "completed": 32, "seconds": 73.26922363135964}
{"stage": "optimizer_step", "id": "direct-gaussian-s06-a0.5", "step": 1, "answer_ce": 10.001197814941406, "eos_ce": 3.4082889556884766}
{"stage": "optimizer_step", "id": "direct-gaussian-s06-a0.5", "step": 17, "answer_ce": 0.0236663818359375, "eos_ce": 0.002216339111328125}
{"stage": "optimizer_step", "id": "direct-gaussian-s06-a0.5", "step": 33, "answer_ce": 0.0034389495849609375, "eos_ce": 0.000347137451171875}
{"stage": "optimizer_step", "id": "direct-gaussian-s06-a0.5", "step": 49, "answer_ce": 0.0010395050048828125, "eos_ce": 0.000213623046875}
{"stage": "optimizer_step", "id": "direct-gaussian-s06-a0.5", "step": 65, "answer_ce": 0.000614166259765625, "eos_ce": 0.000152587890625}
{"stage": "optimizer_step", "id": "direct-gaussian-s06-a0.5", "step": 81, "answer_ce": 0.0004253387451171875, "eos_ce": 0.0001220703125}
{"stage": "optimizer_step", "id": "direct-gaussian-s06-a0.5", "step": 97, "answer_ce": 0.0003376007080078125, "eos_ce": 9.5367431640625e-05}
{"stage": "optimizer_step", "id": "direct-gaussian-s06-a0.5", "step": 113, "answer_ce": 0.0003261566162109375, "eos_ce": 8.392333984375e-05}
{"stage": "optimizer_step", "id": "direct-gaussian-s06-a0.5", "step": 129, "answer_ce": 0.0003147125244140625, "eos_ce": 7.62939453125e-05}
{"stage": "optimizer_step", "id": "direct-gaussian-s06-a0.5", "step": 145, "answer_ce": 0.0002593994140625, "eos_ce": 6.4849853515625e-05}
{"stage": "optimizer_step", "id": "direct-gaussian-s06-a0.5", "step": 161, "answer_ce": 0.0002384185791015625, "eos_ce": 6.103515625e-05}
{"stage": "optimizer_step", "id": "direct-gaussian-s06-a0.5", "step": 177, "answer_ce": 0.0002269744873046875, "eos_ce": 6.4849853515625e-05}
{"stage": "optimizer_step", "id": "direct-gaussian-s06-a0.5", "step": 193, "answer_ce": 0.000217437744140625, "eos_ce": 6.103515625e-05}
{"stage": "optimizer_step", "id": "direct-gaussian-s06-a0.5", "step": 209, "answer_ce": 0.000217437744140625, "eos_ce": 5.7220458984375e-05}
{"stage": "optimizer_step", "id": "direct-gaussian-s06-a0.5", "step": 225, "answer_ce": 0.00018310546875, "eos_ce": 4.57763671875e-05}
{"stage": "optimizer_step", "id": "direct-gaussian-s06-a0.5", "step": 241, "answer_ce": 0.0001888275146484375, "eos_ce": 4.1961669921875e-05}
{"stage": "run_complete", "id": "direct-gaussian-s06-a0.5", "qa_pass": true, "completed": 33, "seconds": 72.71784787252545}
{"stage": "optimizer_step", "id": "direct-gaussian-s06-a4", "step": 1, "answer_ce": 13.171077728271484, "eos_ce": 5.198244094848633}
{"stage": "optimizer_step", "id": "direct-gaussian-s06-a4", "step": 17, "answer_ce": 0.04184722900390625, "eos_ce": 0.030431747436523438}
{"stage": "optimizer_step", "id": "direct-gaussian-s06-a4", "step": 33, "answer_ce": 0.008882522583007812, "eos_ce": 0.00293731689453125}
{"stage": "optimizer_step", "id": "direct-gaussian-s06-a4", "step": 49, "answer_ce": 0.00270843505859375, "eos_ce": 0.000518798828125}
{"stage": "optimizer_step", "id": "direct-gaussian-s06-a4", "step": 65, "answer_ce": 0.0011615753173828125, "eos_ce": 0.00035858154296875}
{"stage": "optimizer_step", "id": "direct-gaussian-s06-a4", "step": 81, "answer_ce": 0.000804901123046875, "eos_ce": 0.000244140625}
{"stage": "optimizer_step", "id": "direct-gaussian-s06-a4", "step": 97, "answer_ce": 0.000637054443359375, "eos_ce": 0.0001220703125}
{"stage": "optimizer_step", "id": "direct-gaussian-s06-a4", "step": 113, "answer_ce": 0.0005130767822265625, "eos_ce": 0.000110626220703125}
{"stage": "optimizer_step", "id": "direct-gaussian-s06-a4", "step": 129, "answer_ce": 0.0004730224609375, "eos_ce": 0.000110626220703125}
{"stage": "optimizer_step", "id": "direct-gaussian-s06-a4", "step": 145, "answer_ce": 0.0004405975341796875, "eos_ce": 8.392333984375e-05}
{"stage": "optimizer_step", "id": "direct-gaussian-s06-a4", "step": 161, "answer_ce": 0.00034332275390625, "eos_ce": 5.7220458984375e-05}
{"stage": "optimizer_step", "id": "direct-gaussian-s06-a4", "step": 177, "answer_ce": 0.000274658203125, "eos_ce": 4.9591064453125e-05}
{"stage": "optimizer_step", "id": "direct-gaussian-s06-a4", "step": 193, "answer_ce": 0.000232696533203125, "eos_ce": 5.340576171875e-05}
{"stage": "optimizer_step", "id": "direct-gaussian-s06-a4", "step": 209, "answer_ce": 0.00023651123046875, "eos_ce": 4.1961669921875e-05}
{"stage": "optimizer_step", "id": "direct-gaussian-s06-a4", "step": 225, "answer_ce": 0.0001983642578125, "eos_ce": 3.814697265625e-05}
{"stage": "optimizer_step", "id": "direct-gaussian-s06-a4", "step": 241, "answer_ce": 0.00014495849609375, "eos_ce": 3.0517578125e-05}
{"stage": "run_complete", "id": "direct-gaussian-s06-a4", "qa_pass": true, "completed": 34, "seconds": 73.07514979504049}
{"stage": "optimizer_step", "id": "direct-gaussian-s07-a0.5", "step": 1, "answer_ce": 9.771038055419922, "eos_ce": 3.207876205444336}
{"stage": "optimizer_step", "id": "direct-gaussian-s07-a0.5", "step": 17, "answer_ce": 0.15685462951660156, "eos_ce": 0.00179290771484375}
{"stage": "optimizer_step", "id": "direct-gaussian-s07-a0.5", "step": 33, "answer_ce": 0.0047206878662109375, "eos_ce": 0.000244140625}
{"stage": "optimizer_step", "id": "direct-gaussian-s07-a0.5", "step": 49, "answer_ce": 0.0016269683837890625, "eos_ce": 9.1552734375e-05}
{"stage": "optimizer_step", "id": "direct-gaussian-s07-a0.5", "step": 65, "answer_ce": 0.000972747802734375, "eos_ce": 4.1961669921875e-05}
{"stage": "optimizer_step", "id": "direct-gaussian-s07-a0.5", "step": 81, "answer_ce": 0.00046539306640625, "eos_ce": 3.4332275390625e-05}
{"stage": "optimizer_step", "id": "direct-gaussian-s07-a0.5", "step": 97, "answer_ce": 0.00017547607421875, "eos_ce": 2.288818359375e-05}
{"stage": "optimizer_step", "id": "direct-gaussian-s07-a0.5", "step": 113, "answer_ce": 0.000110626220703125, "eos_ce": 3.4332275390625e-05}
{"stage": "optimizer_step", "id": "direct-gaussian-s07-a0.5", "step": 129, "answer_ce": 9.918212890625e-05, "eos_ce": 3.0517578125e-05}
{"stage": "optimizer_step", "id": "direct-gaussian-s07-a0.5", "step": 145, "answer_ce": 8.7738037109375e-05, "eos_ce": 1.9073486328125e-05}
{"stage": "optimizer_step", "id": "direct-gaussian-s07-a0.5", "step": 161, "answer_ce": 8.392333984375e-05, "eos_ce": 1.9073486328125e-05}
{"stage": "optimizer_step", "id": "direct-gaussian-s07-a0.5", "step": 177, "answer_ce": 7.62939453125e-05, "eos_ce": 1.9073486328125e-05}
{"stage": "optimizer_step", "id": "direct-gaussian-s07-a0.5", "step": 193, "answer_ce": 6.103515625e-05, "eos_ce": 2.288818359375e-05}
{"stage": "optimizer_step", "id": "direct-gaussian-s07-a0.5", "step": 209, "answer_ce": 5.7220458984375e-05, "eos_ce": 1.52587890625e-05}
{"stage": "optimizer_step", "id": "direct-gaussian-s07-a0.5", "step": 225, "answer_ce": 4.9591064453125e-05, "eos_ce": 1.9073486328125e-05}
{"stage": "optimizer_step", "id": "direct-gaussian-s07-a0.5", "step": 241, "answer_ce": 5.340576171875e-05, "eos_ce": 1.1444091796875e-05}
{"stage": "run_complete", "id": "direct-gaussian-s07-a0.5", "qa_pass": true, "completed": 35, "seconds": 73.72791432030499}
{"stage": "optimizer_step", "id": "direct-gaussian-s07-a4", "step": 1, "answer_ce": 12.382518768310547, "eos_ce": 5.046024322509766}
{"stage": "optimizer_step", "id": "direct-gaussian-s07-a4", "step": 17, "answer_ce": 2.383115768432617, "eos_ce": 0.3496589660644531}
{"stage": "optimizer_step", "id": "direct-gaussian-s07-a4", "step": 33, "answer_ce": 0.0567779541015625, "eos_ce": 0.00496673583984375}
{"stage": "optimizer_step", "id": "direct-gaussian-s07-a4", "step": 49, "answer_ce": 0.0063381195068359375, "eos_ce": 0.000568389892578125}
{"stage": "optimizer_step", "id": "direct-gaussian-s07-a4", "step": 65, "answer_ce": 0.0020580291748046875, "eos_ce": 0.000576019287109375}
{"stage": "optimizer_step", "id": "direct-gaussian-s07-a4", "step": 81, "answer_ce": 0.00136566162109375, "eos_ce": 0.000347137451171875}
{"stage": "optimizer_step", "id": "direct-gaussian-s07-a4", "step": 97, "answer_ce": 0.0011138916015625, "eos_ce": 0.000240325927734375}
{"stage": "optimizer_step", "id": "direct-gaussian-s07-a4", "step": 113, "answer_ce": 0.0009136199951171875, "eos_ce": 0.000164031982421875}
{"stage": "optimizer_step", "id": "direct-gaussian-s07-a4", "step": 129, "answer_ce": 0.000904083251953125, "eos_ce": 0.00014495849609375}
{"stage": "optimizer_step", "id": "direct-gaussian-s07-a4", "step": 145, "answer_ce": 0.0007686614990234375, "eos_ce": 0.000164031982421875}
{"stage": "optimizer_step", "id": "direct-gaussian-s07-a4", "step": 161, "answer_ce": 0.000743865966796875, "eos_ce": 0.000148773193359375}
{"stage": "optimizer_step", "id": "direct-gaussian-s07-a4", "step": 177, "answer_ce": 0.0006618499755859375, "eos_ce": 0.000102996826171875}
{"stage": "optimizer_step", "id": "direct-gaussian-s07-a4", "step": 193, "answer_ce": 0.0005340576171875, "eos_ce": 0.000102996826171875}
{"stage": "optimizer_step", "id": "direct-gaussian-s07-a4", "step": 209, "answer_ce": 0.000522613525390625, "eos_ce": 8.0108642578125e-05}
{"stage": "optimizer_step", "id": "direct-gaussian-s07-a4", "step": 225, "answer_ce": 0.00054168701171875, "eos_ce": 8.7738037109375e-05}
{"stage": "optimizer_step", "id": "direct-gaussian-s07-a4", "step": 241, "answer_ce": 0.00045013427734375, "eos_ce": 8.0108642578125e-05}
{"stage": "run_complete", "id": "direct-gaussian-s07-a4", "qa_pass": true, "completed": 36, "seconds": 73.07839780393988}
{"stage": "optimizer_step", "id": "direct-gaussian-s09-a1", "step": 1, "answer_ce": 9.701698303222656, "eos_ce": 2.4970760345458984}
{"stage": "optimizer_step", "id": "direct-gaussian-s09-a1", "step": 17, "answer_ce": 0.0074367523193359375, "eos_ce": 0.005809783935546875}
{"stage": "optimizer_step", "id": "direct-gaussian-s09-a1", "step": 33, "answer_ce": 0.00118255615234375, "eos_ce": 0.000804901123046875}
{"stage": "optimizer_step", "id": "direct-gaussian-s09-a1", "step": 49, "answer_ce": 0.000194549560546875, "eos_ce": 0.000240325927734375}
{"stage": "optimizer_step", "id": "direct-gaussian-s09-a1", "step": 65, "answer_ce": 0.000171661376953125, "eos_ce": 0.0001220703125}
{"stage": "optimizer_step", "id": "direct-gaussian-s09-a1", "step": 81, "answer_ce": 0.0001068115234375, "eos_ce": 6.866455078125e-05}
{"stage": "optimizer_step", "id": "direct-gaussian-s09-a1", "step": 97, "answer_ce": 9.5367431640625e-05, "eos_ce": 4.57763671875e-05}
{"stage": "optimizer_step", "id": "direct-gaussian-s09-a1", "step": 113, "answer_ce": 9.918212890625e-05, "eos_ce": 4.57763671875e-05}
{"stage": "optimizer_step", "id": "direct-gaussian-s09-a1", "step": 129, "answer_ce": 8.0108642578125e-05, "eos_ce": 4.1961669921875e-05}
{"stage": "optimizer_step", "id": "direct-gaussian-s09-a1", "step": 145, "answer_ce": 6.103515625e-05, "eos_ce": 3.0517578125e-05}
{"stage": "optimizer_step", "id": "direct-gaussian-s09-a1", "step": 161, "answer_ce": 7.2479248046875e-05, "eos_ce": 3.814697265625e-05}
{"stage": "optimizer_step", "id": "direct-gaussian-s09-a1", "step": 177, "answer_ce": 6.4849853515625e-05, "eos_ce": 3.4332275390625e-05}
{"stage": "optimizer_step", "id": "direct-gaussian-s09-a1", "step": 193, "answer_ce": 5.7220458984375e-05, "eos_ce": 2.6702880859375e-05}
{"stage": "optimizer_step", "id": "direct-gaussian-s09-a1", "step": 209, "answer_ce": 4.1961669921875e-05, "eos_ce": 2.288818359375e-05}
{"stage": "optimizer_step", "id": "direct-gaussian-s09-a1", "step": 225, "answer_ce": 4.57763671875e-05, "eos_ce": 1.9073486328125e-05}
{"stage": "optimizer_step", "id": "direct-gaussian-s09-a1", "step": 241, "answer_ce": 3.814697265625e-05, "eos_ce": 1.9073486328125e-05}
{"stage": "run_complete", "id": "direct-gaussian-s09-a1", "qa_pass": true, "completed": 37, "seconds": 71.59933379292488}
{"stage": "optimizer_step", "id": "direct-gaussian-s11-a1", "step": 1, "answer_ce": 9.669443130493164, "eos_ce": 2.783842086791992}
{"stage": "optimizer_step", "id": "direct-gaussian-s11-a1", "step": 17, "answer_ce": 1.5375709533691406, "eos_ce": 0.7456302642822266}
{"stage": "optimizer_step", "id": "direct-gaussian-s11-a1", "step": 33, "answer_ce": 0.19037818908691406, "eos_ce": 0.06320571899414062}
{"stage": "optimizer_step", "id": "direct-gaussian-s11-a1", "step": 49, "answer_ce": 0.04020500183105469, "eos_ce": 0.019794464111328125}
{"stage": "optimizer_step", "id": "direct-gaussian-s11-a1", "step": 65, "answer_ce": 0.0145721435546875, "eos_ce": 0.012683868408203125}
{"stage": "optimizer_step", "id": "direct-gaussian-s11-a1", "step": 81, "answer_ce": 0.00910186767578125, "eos_ce": 0.0070972442626953125}
{"stage": "optimizer_step", "id": "direct-gaussian-s11-a1", "step": 97, "answer_ce": 0.0056362152099609375, "eos_ce": 0.0048675537109375}
{"stage": "optimizer_step", "id": "direct-gaussian-s11-a1", "step": 113, "answer_ce": 0.004913330078125, "eos_ce": 0.0045871734619140625}
{"stage": "optimizer_step", "id": "direct-gaussian-s11-a1", "step": 129, "answer_ce": 0.0041103363037109375, "eos_ce": 0.0043926239013671875}
{"stage": "optimizer_step", "id": "direct-gaussian-s11-a1", "step": 145, "answer_ce": 0.0032749176025390625, "eos_ce": 0.0031528472900390625}
{"stage": "optimizer_step", "id": "direct-gaussian-s11-a1", "step": 161, "answer_ce": 0.00293731689453125, "eos_ce": 0.003330230712890625}
{"stage": "optimizer_step", "id": "direct-gaussian-s11-a1", "step": 177, "answer_ce": 0.0026454925537109375, "eos_ce": 0.0025787353515625}
{"stage": "optimizer_step", "id": "direct-gaussian-s11-a1", "step": 193, "answer_ce": 0.00217437744140625, "eos_ce": 0.0020503997802734375}
{"stage": "optimizer_step", "id": "direct-gaussian-s11-a1", "step": 209, "answer_ce": 0.00211334228515625, "eos_ce": 0.002361297607421875}
{"stage": "optimizer_step", "id": "direct-gaussian-s11-a1", "step": 225, "answer_ce": 0.001445770263671875, "eos_ce": 0.0018138885498046875}
{"stage": "optimizer_step", "id": "direct-gaussian-s11-a1", "step": 241, "answer_ce": 0.0015316009521484375, "eos_ce": 0.0015106201171875}
{"stage": "run_complete", "id": "direct-gaussian-s11-a1", "qa_pass": true, "completed": 38, "seconds": 72.0573888765648}
{"stage": "optimizer_step", "id": "direct-gaussian-s13-a1", "step": 1, "answer_ce": 9.688102722167969, "eos_ce": 2.8054447174072266}
{"stage": "optimizer_step", "id": "direct-gaussian-s13-a1", "step": 17, "answer_ce": 1.7255611419677734, "eos_ce": 0.0043926239013671875}
{"stage": "optimizer_step", "id": "direct-gaussian-s13-a1", "step": 33, "answer_ce": 0.007106781005859375, "eos_ce": 0.004657745361328125}
{"stage": "optimizer_step", "id": "direct-gaussian-s13-a1", "step": 49, "answer_ce": 0.00128173828125, "eos_ce": 0.000675201416015625}
{"stage": "optimizer_step", "id": "direct-gaussian-s13-a1", "step": 65, "answer_ce": 0.0005931854248046875, "eos_ce": 0.000415802001953125}
{"stage": "optimizer_step", "id": "direct-gaussian-s13-a1", "step": 81, "answer_ce": 0.000339508056640625, "eos_ce": 0.000179290771484375}
{"stage": "optimizer_step", "id": "direct-gaussian-s13-a1", "step": 97, "answer_ce": 0.00028228759765625, "eos_ce": 0.000141143798828125}
{"stage": "optimizer_step", "id": "direct-gaussian-s13-a1", "step": 113, "answer_ce": 0.000255584716796875, "eos_ce": 0.000141143798828125}
{"stage": "optimizer_step", "id": "direct-gaussian-s13-a1", "step": 129, "answer_ce": 0.00019073486328125, "eos_ce": 8.7738037109375e-05}
{"stage": "optimizer_step", "id": "direct-gaussian-s13-a1", "step": 145, "answer_ce": 0.000217437744140625, "eos_ce": 8.7738037109375e-05}
{"stage": "optimizer_step", "id": "direct-gaussian-s13-a1", "step": 161, "answer_ce": 0.0001983642578125, "eos_ce": 6.866455078125e-05}
{"stage": "optimizer_step", "id": "direct-gaussian-s13-a1", "step": 177, "answer_ce": 0.000164031982421875, "eos_ce": 6.103515625e-05}
{"stage": "optimizer_step", "id": "direct-gaussian-s13-a1", "step": 193, "answer_ce": 0.000164031982421875, "eos_ce": 4.9591064453125e-05}
{"stage": "optimizer_step", "id": "direct-gaussian-s13-a1", "step": 209, "answer_ce": 0.000133514404296875, "eos_ce": 6.103515625e-05}
{"stage": "optimizer_step", "id": "direct-gaussian-s13-a1", "step": 225, "answer_ce": 0.0001373291015625, "eos_ce": 4.9591064453125e-05}
{"stage": "optimizer_step", "id": "direct-gaussian-s13-a1", "step": 241, "answer_ce": 0.0001373291015625, "eos_ce": 5.7220458984375e-05}
{"stage": "run_complete", "id": "direct-gaussian-s13-a1", "qa_pass": true, "completed": 39, "seconds": 72.97578496020287}
{"stage": "optimizer_step", "id": "direct-gaussian-s15-a1", "step": 1, "answer_ce": 10.522390365600586, "eos_ce": 3.3313980102539062}
{"stage": "optimizer_step", "id": "direct-gaussian-s15-a1", "step": 17, "answer_ce": 0.025789260864257812, "eos_ce": 0.00208282470703125}
{"stage": "optimizer_step", "id": "direct-gaussian-s15-a1", "step": 33, "answer_ce": 0.0024623870849609375, "eos_ce": 0.0005645751953125}
{"stage": "optimizer_step", "id": "direct-gaussian-s15-a1", "step": 49, "answer_ce": 0.0010242462158203125, "eos_ce": 0.000171661376953125}
{"stage": "optimizer_step", "id": "direct-gaussian-s15-a1", "step": 65, "answer_ce": 0.0006008148193359375, "eos_ce": 4.1961669921875e-05}
{"stage": "optimizer_step", "id": "direct-gaussian-s15-a1", "step": 81, "answer_ce": 0.0003719329833984375, "eos_ce": 3.4332275390625e-05}
{"stage": "optimizer_step", "id": "direct-gaussian-s15-a1", "step": 97, "answer_ce": 0.0003299713134765625, "eos_ce": 2.6702880859375e-05}
{"stage": "optimizer_step", "id": "direct-gaussian-s15-a1", "step": 113, "answer_ce": 0.000240325927734375, "eos_ce": 3.0517578125e-05}
{"stage": "optimizer_step", "id": "direct-gaussian-s15-a1", "step": 129, "answer_ce": 0.00022125244140625, "eos_ce": 2.6702880859375e-05}
{"stage": "optimizer_step", "id": "direct-gaussian-s15-a1", "step": 145, "answer_ce": 0.000194549560546875, "eos_ce": 2.288818359375e-05}
{"stage": "optimizer_step", "id": "direct-gaussian-s15-a1", "step": 161, "answer_ce": 0.000164031982421875, "eos_ce": 2.288818359375e-05}
{"stage": "optimizer_step", "id": "direct-gaussian-s15-a1", "step": 177, "answer_ce": 0.000164031982421875, "eos_ce": 2.6702880859375e-05}
{"stage": "optimizer_step", "id": "direct-gaussian-s15-a1", "step": 193, "answer_ce": 0.00012969970703125, "eos_ce": 2.288818359375e-05}
{"stage": "optimizer_step", "id": "direct-gaussian-s15-a1", "step": 209, "answer_ce": 0.00012969970703125, "eos_ce": 1.9073486328125e-05}
{"stage": "optimizer_step", "id": "direct-gaussian-s15-a1", "step": 225, "answer_ce": 0.000125885009765625, "eos_ce": 1.52587890625e-05}
{"stage": "optimizer_step", "id": "direct-gaussian-s15-a1", "step": 241, "answer_ce": 0.0001220703125, "eos_ce": 1.9073486328125e-05}
{"stage": "run_complete", "id": "direct-gaussian-s15-a1", "qa_pass": true, "completed": 40, "seconds": 72.60614336840808}
{"stage": "optimizer_step", "id": "direct-gaussian-s17-a1", "step": 1, "answer_ce": 10.071952819824219, "eos_ce": 2.5943050384521484}
{"stage": "optimizer_step", "id": "direct-gaussian-s17-a1", "step": 17, "answer_ce": 0.044384002685546875, "eos_ce": 0.0063915252685546875}
{"stage": "optimizer_step", "id": "direct-gaussian-s17-a1", "step": 33, "answer_ce": 0.0024662017822265625, "eos_ce": 0.001026153564453125}
{"stage": "optimizer_step", "id": "direct-gaussian-s17-a1", "step": 49, "answer_ce": 0.0009212493896484375, "eos_ce": 0.0003662109375}
{"stage": "optimizer_step", "id": "direct-gaussian-s17-a1", "step": 65, "answer_ce": 0.000621795654296875, "eos_ce": 0.000202178955078125}
{"stage": "optimizer_step", "id": "direct-gaussian-s17-a1", "step": 81, "answer_ce": 0.000438690185546875, "eos_ce": 0.000133514404296875}
{"stage": "optimizer_step", "id": "direct-gaussian-s17-a1", "step": 97, "answer_ce": 0.0003986358642578125, "eos_ce": 0.0001220703125}
{"stage": "optimizer_step", "id": "direct-gaussian-s17-a1", "step": 113, "answer_ce": 0.0003376007080078125, "eos_ce": 9.5367431640625e-05}
{"stage": "optimizer_step", "id": "direct-gaussian-s17-a1", "step": 129, "answer_ce": 0.0002841949462890625, "eos_ce": 6.866455078125e-05}
{"stage": "optimizer_step", "id": "direct-gaussian-s17-a1", "step": 145, "answer_ce": 0.00026702880859375, "eos_ce": 9.5367431640625e-05}
{"stage": "optimizer_step", "id": "direct-gaussian-s17-a1", "step": 161, "answer_ce": 0.0002460479736328125, "eos_ce": 8.0108642578125e-05}
{"stage": "optimizer_step", "id": "direct-gaussian-s17-a1", "step": 177, "answer_ce": 0.000209808349609375, "eos_ce": 7.2479248046875e-05}
{"stage": "optimizer_step", "id": "direct-gaussian-s17-a1", "step": 193, "answer_ce": 0.0001850128173828125, "eos_ce": 6.103515625e-05}
{"stage": "optimizer_step", "id": "direct-gaussian-s17-a1", "step": 209, "answer_ce": 0.0001544952392578125, "eos_ce": 4.57763671875e-05}
{"stage": "optimizer_step", "id": "direct-gaussian-s17-a1", "step": 225, "answer_ce": 0.0001678466796875, "eos_ce": 4.1961669921875e-05}
{"stage": "optimizer_step", "id": "direct-gaussian-s17-a1", "step": 241, "answer_ce": 0.000141143798828125, "eos_ce": 5.340576171875e-05}
{"stage": "run_complete", "id": "direct-gaussian-s17-a1", "qa_pass": true, "completed": 41, "seconds": 72.07621741481125}
{"stage": "optimizer_step", "id": "direct-gaussian-s19-a1", "step": 1, "answer_ce": 10.566043853759766, "eos_ce": 2.7860279083251953}
{"stage": "optimizer_step", "id": "direct-gaussian-s19-a1", "step": 17, "answer_ce": 0.020109176635742188, "eos_ce": 0.017034530639648438}
{"stage": "optimizer_step", "id": "direct-gaussian-s19-a1", "step": 33, "answer_ce": 0.0061397552490234375, "eos_ce": 0.0023365020751953125}
{"stage": "optimizer_step", "id": "direct-gaussian-s19-a1", "step": 49, "answer_ce": 0.00133514404296875, "eos_ce": 0.000751495361328125}
{"stage": "optimizer_step", "id": "direct-gaussian-s19-a1", "step": 65, "answer_ce": 0.000732421875, "eos_ce": 0.00040435791015625}
{"stage": "optimizer_step", "id": "direct-gaussian-s19-a1", "step": 81, "answer_ce": 0.00054168701171875, "eos_ce": 0.00025177001953125}
{"stage": "optimizer_step", "id": "direct-gaussian-s19-a1", "step": 97, "answer_ce": 0.000484466552734375, "eos_ce": 0.00020599365234375}
{"stage": "optimizer_step", "id": "direct-gaussian-s19-a1", "step": 113, "answer_ce": 0.000396728515625, "eos_ce": 0.00016021728515625}
{"stage": "optimizer_step", "id": "direct-gaussian-s19-a1", "step": 129, "answer_ce": 0.000339508056640625, "eos_ce": 0.000171661376953125}
{"stage": "optimizer_step", "id": "direct-gaussian-s19-a1", "step": 145, "answer_ce": 0.000286102294921875, "eos_ce": 0.0001068115234375}
{"stage": "optimizer_step", "id": "direct-gaussian-s19-a1", "step": 161, "answer_ce": 0.000240325927734375, "eos_ce": 0.0001068115234375}
{"stage": "optimizer_step", "id": "direct-gaussian-s19-a1", "step": 177, "answer_ce": 0.00020599365234375, "eos_ce": 9.1552734375e-05}
{"stage": "optimizer_step", "id": "direct-gaussian-s19-a1", "step": 193, "answer_ce": 0.0001983642578125, "eos_ce": 7.2479248046875e-05}
{"stage": "optimizer_step", "id": "direct-gaussian-s19-a1", "step": 209, "answer_ce": 0.000232696533203125, "eos_ce": 9.5367431640625e-05}
{"stage": "optimizer_step", "id": "direct-gaussian-s19-a1", "step": 225, "answer_ce": 0.00017547607421875, "eos_ce": 9.1552734375e-05}
{"stage": "optimizer_step", "id": "direct-gaussian-s19-a1", "step": 241, "answer_ce": 0.00018310546875, "eos_ce": 6.103515625e-05}
{"stage": "run_complete", "id": "direct-gaussian-s19-a1", "qa_pass": true, "completed": 42, "seconds": 72.08959978912026}
{"stage": "optimizer_step", "id": "direct-gaussian-s21-a1", "step": 1, "answer_ce": 9.936912536621094, "eos_ce": 2.5217857360839844}
{"stage": "optimizer_step", "id": "direct-gaussian-s21-a1", "step": 17, "answer_ce": 0.022680282592773438, "eos_ce": 0.024690628051757812}
{"stage": "optimizer_step", "id": "direct-gaussian-s21-a1", "step": 33, "answer_ce": 0.002960205078125, "eos_ce": 0.00226593017578125}
{"stage": "optimizer_step", "id": "direct-gaussian-s21-a1", "step": 49, "answer_ce": 0.0013427734375, "eos_ce": 0.0011138916015625}
{"stage": "optimizer_step", "id": "direct-gaussian-s21-a1", "step": 65, "answer_ce": 0.000885009765625, "eos_ce": 0.00052642822265625}
{"stage": "optimizer_step", "id": "direct-gaussian-s21-a1", "step": 81, "answer_ce": 0.000530242919921875, "eos_ce": 0.00035858154296875}
{"stage": "optimizer_step", "id": "direct-gaussian-s21-a1", "step": 97, "answer_ce": 0.000469207763671875, "eos_ce": 0.000278472900390625}
{"stage": "optimizer_step", "id": "direct-gaussian-s21-a1", "step": 113, "answer_ce": 0.000537872314453125, "eos_ce": 0.000240325927734375}
{"stage": "optimizer_step", "id": "direct-gaussian-s21-a1", "step": 129, "answer_ce": 0.000324249267578125, "eos_ce": 0.000179290771484375}
{"stage": "optimizer_step", "id": "direct-gaussian-s21-a1", "step": 145, "answer_ce": 0.000362396240234375, "eos_ce": 0.000148773193359375}
{"stage": "optimizer_step", "id": "direct-gaussian-s21-a1", "step": 161, "answer_ce": 0.000293731689453125, "eos_ce": 0.00014495849609375}
{"stage": "optimizer_step", "id": "direct-gaussian-s21-a1", "step": 177, "answer_ce": 0.000293731689453125, "eos_ce": 0.000133514404296875}
{"stage": "optimizer_step", "id": "direct-gaussian-s21-a1", "step": 193, "answer_ce": 0.000247955322265625, "eos_ce": 0.00011444091796875}
{"stage": "optimizer_step", "id": "direct-gaussian-s21-a1", "step": 209, "answer_ce": 0.000244140625, "eos_ce": 9.5367431640625e-05}
{"stage": "optimizer_step", "id": "direct-gaussian-s21-a1", "step": 225, "answer_ce": 0.000213623046875, "eos_ce": 0.000102996826171875}
{"stage": "optimizer_step", "id": "direct-gaussian-s21-a1", "step": 241, "answer_ce": 0.00017547607421875, "eos_ce": 0.0001068115234375}
{"stage": "run_complete", "id": "direct-gaussian-s21-a1", "qa_pass": true, "completed": 43, "seconds": 72.14262206107378}
{"stage": "optimizer_step", "id": "direct-gaussian-s23-a1", "step": 1, "answer_ce": 9.436199188232422, "eos_ce": 2.768566131591797}
{"stage": "optimizer_step", "id": "direct-gaussian-s23-a1", "step": 17, "answer_ce": 2.4718704223632812, "eos_ce": 0.15283584594726562}
{"stage": "optimizer_step", "id": "direct-gaussian-s23-a1", "step": 33, "answer_ce": 0.03875541687011719, "eos_ce": 0.008989334106445312}
{"stage": "optimizer_step", "id": "direct-gaussian-s23-a1", "step": 49, "answer_ce": 0.011838912963867188, "eos_ce": 0.003753662109375}
{"stage": "optimizer_step", "id": "direct-gaussian-s23-a1", "step": 65, "answer_ce": 0.00528717041015625, "eos_ce": 0.0020294189453125}
{"stage": "optimizer_step", "id": "direct-gaussian-s23-a1", "step": 81, "answer_ce": 0.0062427520751953125, "eos_ce": 0.0023193359375}
{"stage": "optimizer_step", "id": "direct-gaussian-s23-a1", "step": 97, "answer_ce": 0.003330230712890625, "eos_ce": 0.001087188720703125}
{"stage": "optimizer_step", "id": "direct-gaussian-s23-a1", "step": 113, "answer_ce": 0.0019931793212890625, "eos_ce": 0.000751495361328125}
{"stage": "optimizer_step", "id": "direct-gaussian-s23-a1", "step": 129, "answer_ce": 0.00130462646484375, "eos_ce": 0.00066375732421875}
{"stage": "optimizer_step", "id": "direct-gaussian-s23-a1", "step": 145, "answer_ce": 0.0010890960693359375, "eos_ce": 0.000522613525390625}
{"stage": "optimizer_step", "id": "direct-gaussian-s23-a1", "step": 161, "answer_ce": 0.0007228851318359375, "eos_ce": 0.000751495361328125}
{"stage": "optimizer_step", "id": "direct-gaussian-s23-a1", "step": 177, "answer_ce": 0.0008087158203125, "eos_ce": 0.00040435791015625}
{"stage": "optimizer_step", "id": "direct-gaussian-s23-a1", "step": 193, "answer_ce": 0.000637054443359375, "eos_ce": 0.000354766845703125}
{"stage": "optimizer_step", "id": "direct-gaussian-s23-a1", "step": 209, "answer_ce": 0.000782012939453125, "eos_ce": 0.000274658203125}
{"stage": "optimizer_step", "id": "direct-gaussian-s23-a1", "step": 225, "answer_ce": 0.0005664825439453125, "eos_ce": 0.000278472900390625}
{"stage": "optimizer_step", "id": "direct-gaussian-s23-a1", "step": 241, "answer_ce": 0.000644683837890625, "eos_ce": 0.000274658203125}
{"stage": "run_complete", "id": "direct-gaussian-s23-a1", "qa_pass": true, "completed": 44, "seconds": 72.19695768598467}
{"stage": "optimizer_step", "id": "direct-gaussian-s25-a1", "step": 1, "answer_ce": 9.882240295410156, "eos_ce": 3.0350704193115234}
{"stage": "optimizer_step", "id": "direct-gaussian-s25-a1", "step": 17, "answer_ce": 0.11349296569824219, "eos_ce": 0.045257568359375}
{"stage": "optimizer_step", "id": "direct-gaussian-s25-a1", "step": 33, "answer_ce": 0.008428573608398438, "eos_ce": 0.00188446044921875}
{"stage": "optimizer_step", "id": "direct-gaussian-s25-a1", "step": 49, "answer_ce": 0.00298309326171875, "eos_ce": 0.000640869140625}
{"stage": "optimizer_step", "id": "direct-gaussian-s25-a1", "step": 65, "answer_ce": 0.0013408660888671875, "eos_ce": 0.00055694580078125}
{"stage": "optimizer_step", "id": "direct-gaussian-s25-a1", "step": 81, "answer_ce": 0.000850677490234375, "eos_ce": 0.000324249267578125}
{"stage": "optimizer_step", "id": "direct-gaussian-s25-a1", "step": 97, "answer_ce": 0.000644683837890625, "eos_ce": 0.000225067138671875}
{"stage": "optimizer_step", "id": "direct-gaussian-s25-a1", "step": 113, "answer_ce": 0.0006351470947265625, "eos_ce": 0.00017547607421875}
{"stage": "optimizer_step", "id": "direct-gaussian-s25-a1", "step": 129, "answer_ce": 0.0004940032958984375, "eos_ce": 0.00012969970703125}
{"stage": "optimizer_step", "id": "direct-gaussian-s25-a1", "step": 145, "answer_ce": 0.00042724609375, "eos_ce": 0.000156402587890625}
{"stage": "optimizer_step", "id": "direct-gaussian-s25-a1", "step": 161, "answer_ce": 0.00035858154296875, "eos_ce": 9.918212890625e-05}
{"stage": "optimizer_step", "id": "direct-gaussian-s25-a1", "step": 177, "answer_ce": 0.0003910064697265625, "eos_ce": 0.000125885009765625}
{"stage": "optimizer_step", "id": "direct-gaussian-s25-a1", "step": 193, "answer_ce": 0.0003299713134765625, "eos_ce": 9.1552734375e-05}
{"stage": "optimizer_step", "id": "direct-gaussian-s25-a1", "step": 209, "answer_ce": 0.000308990478515625, "eos_ce": 0.0001068115234375}
{"stage": "optimizer_step", "id": "direct-gaussian-s25-a1", "step": 225, "answer_ce": 0.00029754638671875, "eos_ce": 7.62939453125e-05}
{"stage": "optimizer_step", "id": "direct-gaussian-s25-a1", "step": 241, "answer_ce": 0.00026702880859375, "eos_ce": 9.5367431640625e-05}
{"stage": "run_complete", "id": "direct-gaussian-s25-a1", "qa_pass": true, "completed": 45, "seconds": 72.68675371352583}
{"stage": "optimizer_step", "id": "direct-gaussian-s27-a1", "step": 1, "answer_ce": 10.375770568847656, "eos_ce": 2.9071197509765625}
{"stage": "optimizer_step", "id": "direct-gaussian-s27-a1", "step": 17, "answer_ce": 1.4876670837402344, "eos_ce": 0.5224342346191406}
{"stage": "optimizer_step", "id": "direct-gaussian-s27-a1", "step": 33, "answer_ce": 0.015687942504882812, "eos_ce": 0.006031036376953125}
{"stage": "optimizer_step", "id": "direct-gaussian-s27-a1", "step": 49, "answer_ce": 0.00162506103515625, "eos_ce": 0.0003204345703125}
{"stage": "optimizer_step", "id": "direct-gaussian-s27-a1", "step": 65, "answer_ce": 0.000858306884765625, "eos_ce": 0.000156402587890625}
{"stage": "optimizer_step", "id": "direct-gaussian-s27-a1", "step": 81, "answer_ce": 0.0007343292236328125, "eos_ce": 9.5367431640625e-05}
{"stage": "optimizer_step", "id": "direct-gaussian-s27-a1", "step": 97, "answer_ce": 0.0005970001220703125, "eos_ce": 8.0108642578125e-05}
{"stage": "optimizer_step", "id": "direct-gaussian-s27-a1", "step": 113, "answer_ce": 0.00049591064453125, "eos_ce": 8.0108642578125e-05}
{"stage": "optimizer_step", "id": "direct-gaussian-s27-a1", "step": 129, "answer_ce": 0.000396728515625, "eos_ce": 5.7220458984375e-05}
{"stage": "optimizer_step", "id": "direct-gaussian-s27-a1", "step": 145, "answer_ce": 0.0004253387451171875, "eos_ce": 8.7738037109375e-05}
{"stage": "optimizer_step", "id": "direct-gaussian-s27-a1", "step": 161, "answer_ce": 0.0004024505615234375, "eos_ce": 6.4849853515625e-05}
{"stage": "optimizer_step", "id": "direct-gaussian-s27-a1", "step": 177, "answer_ce": 0.000377655029296875, "eos_ce": 6.4849853515625e-05}
{"stage": "optimizer_step", "id": "direct-gaussian-s27-a1", "step": 193, "answer_ce": 0.0002899169921875, "eos_ce": 3.814697265625e-05}
{"stage": "optimizer_step", "id": "direct-gaussian-s27-a1", "step": 209, "answer_ce": 0.000274658203125, "eos_ce": 5.340576171875e-05}
{"stage": "optimizer_step", "id": "direct-gaussian-s27-a1", "step": 225, "answer_ce": 0.000301361083984375, "eos_ce": 4.9591064453125e-05}
{"stage": "optimizer_step", "id": "direct-gaussian-s27-a1", "step": 241, "answer_ce": 0.0002288818359375, "eos_ce": 3.814697265625e-05}
{"stage": "run_complete", "id": "direct-gaussian-s27-a1", "qa_pass": true, "completed": 46, "seconds": 72.28807857446373}
{"stage": "optimizer_step", "id": "direct-gaussian-s29-a1", "step": 1, "answer_ce": 10.063228607177734, "eos_ce": 3.0332698822021484}
{"stage": "optimizer_step", "id": "direct-gaussian-s29-a1", "step": 17, "answer_ce": 0.7861709594726562, "eos_ce": 0.012798309326171875}
{"stage": "optimizer_step", "id": "direct-gaussian-s29-a1", "step": 33, "answer_ce": 0.0031585693359375, "eos_ce": 0.001407623291015625}
{"stage": "optimizer_step", "id": "direct-gaussian-s29-a1", "step": 49, "answer_ce": 0.0011138916015625, "eos_ce": 0.000476837158203125}
{"stage": "optimizer_step", "id": "direct-gaussian-s29-a1", "step": 65, "answer_ce": 0.000583648681640625, "eos_ce": 0.000125885009765625}
{"stage": "optimizer_step", "id": "direct-gaussian-s29-a1", "step": 81, "answer_ce": 0.0004119873046875, "eos_ce": 9.1552734375e-05}
{"stage": "optimizer_step", "id": "direct-gaussian-s29-a1", "step": 97, "answer_ce": 0.00035858154296875, "eos_ce": 6.866455078125e-05}
{"stage": "optimizer_step", "id": "direct-gaussian-s29-a1", "step": 113, "answer_ce": 0.000335693359375, "eos_ce": 5.340576171875e-05}
{"stage": "optimizer_step", "id": "direct-gaussian-s29-a1", "step": 129, "answer_ce": 0.000255584716796875, "eos_ce": 4.9591064453125e-05}
{"stage": "optimizer_step", "id": "direct-gaussian-s29-a1", "step": 145, "answer_ce": 0.000202178955078125, "eos_ce": 4.1961669921875e-05}
{"stage": "optimizer_step", "id": "direct-gaussian-s29-a1", "step": 161, "answer_ce": 0.000232696533203125, "eos_ce": 2.6702880859375e-05}
{"stage": "optimizer_step", "id": "direct-gaussian-s29-a1", "step": 177, "answer_ce": 0.00025177001953125, "eos_ce": 3.4332275390625e-05}
{"stage": "optimizer_step", "id": "direct-gaussian-s29-a1", "step": 193, "answer_ce": 0.000194549560546875, "eos_ce": 3.4332275390625e-05}
{"stage": "optimizer_step", "id": "direct-gaussian-s29-a1", "step": 209, "answer_ce": 0.0001983642578125, "eos_ce": 3.4332275390625e-05}
{"stage": "optimizer_step", "id": "direct-gaussian-s29-a1", "step": 225, "answer_ce": 0.00017547607421875, "eos_ce": 2.288818359375e-05}
{"stage": "optimizer_step", "id": "direct-gaussian-s29-a1", "step": 241, "answer_ce": 0.000164031982421875, "eos_ce": 2.6702880859375e-05}
{"stage": "run_complete", "id": "direct-gaussian-s29-a1", "qa_pass": true, "completed": 47, "seconds": 73.9746882962063}
{"stage": "optimizer_step", "id": "direct-gaussian-s31-a1", "step": 1, "answer_ce": 10.623964309692383, "eos_ce": 3.333332061767578}
{"stage": "optimizer_step", "id": "direct-gaussian-s31-a1", "step": 17, "answer_ce": 2.1516647338867188, "eos_ce": 0.1776714324951172}
{"stage": "optimizer_step", "id": "direct-gaussian-s31-a1", "step": 33, "answer_ce": 1.113779067993164, "eos_ce": 0.2793407440185547}
{"stage": "optimizer_step", "id": "direct-gaussian-s31-a1", "step": 49, "answer_ce": 0.0061016082763671875, "eos_ce": 0.000110626220703125}
{"stage": "optimizer_step", "id": "direct-gaussian-s31-a1", "step": 65, "answer_ce": 0.0027446746826171875, "eos_ce": 5.7220458984375e-05}
{"stage": "optimizer_step", "id": "direct-gaussian-s31-a1", "step": 81, "answer_ce": 0.0015411376953125, "eos_ce": 2.6702880859375e-05}
{"stage": "optimizer_step", "id": "direct-gaussian-s31-a1", "step": 97, "answer_ce": 0.001178741455078125, "eos_ce": 2.6702880859375e-05}
{"stage": "optimizer_step", "id": "direct-gaussian-s31-a1", "step": 113, "answer_ce": 0.0010528564453125, "eos_ce": 2.288818359375e-05}
{"stage": "optimizer_step", "id": "direct-gaussian-s31-a1", "step": 129, "answer_ce": 0.0008563995361328125, "eos_ce": 2.288818359375e-05}
{"stage": "optimizer_step", "id": "direct-gaussian-s31-a1", "step": 145, "answer_ce": 0.0009002685546875, "eos_ce": 2.6702880859375e-05}
{"stage": "optimizer_step", "id": "direct-gaussian-s31-a1", "step": 161, "answer_ce": 0.0007762908935546875, "eos_ce": 1.9073486328125e-05}
{"stage": "optimizer_step", "id": "direct-gaussian-s31-a1", "step": 177, "answer_ce": 0.000682830810546875, "eos_ce": 1.9073486328125e-05}
{"stage": "optimizer_step", "id": "direct-gaussian-s31-a1", "step": 193, "answer_ce": 0.000614166259765625, "eos_ce": 1.9073486328125e-05}
{"stage": "optimizer_step", "id": "direct-gaussian-s31-a1", "step": 209, "answer_ce": 0.0006256103515625, "eos_ce": 1.9073486328125e-05}
{"stage": "optimizer_step", "id": "direct-gaussian-s31-a1", "step": 225, "answer_ce": 0.0005207061767578125, "eos_ce": 2.288818359375e-05}
{"stage": "optimizer_step", "id": "direct-gaussian-s31-a1", "step": 241, "answer_ce": 0.0005092620849609375, "eos_ce": 1.52587890625e-05}
{"stage": "run_complete", "id": "direct-gaussian-s31-a1", "qa_pass": true, "completed": 48, "seconds": 72.57158145867288}
