`torch_dtype` is deprecated! Use `dtype` instead!
Loading checkpoint shards:   0%|                         | 0/2 [00:00<?, ?it/s]Loading checkpoint shards:  50%|████████▌        | 1/2 [00:01<00:01,  1.78s/it]Loading checkpoint shards: 100%|█████████████████| 2/2 [00:02<00:00,  1.37s/it]Loading checkpoint shards: 100%|█████████████████| 2/2 [00:02<00:00,  1.43s/it]
The following generation flags are not valid and may be ignored: ['temperature', 'top_p', 'top_k']. Set `TRANSFORMERS_VERBOSITY=info` for more details.
{"stage": "optimizer_step", "id": "direct-gaussian-s00-a1", "step": 1, "answer_ce": 10.463027954101562, "eos_ce": 2.6662349700927734}
{"stage": "optimizer_step", "id": "direct-gaussian-s00-a1", "step": 17, "answer_ce": 2.5722999572753906, "eos_ce": 0.7372779846191406}
{"stage": "optimizer_step", "id": "direct-gaussian-s00-a1", "step": 33, "answer_ce": 0.3668975830078125, "eos_ce": 0.17403602600097656}
{"stage": "optimizer_step", "id": "direct-gaussian-s00-a1", "step": 49, "answer_ce": 0.04660606384277344, "eos_ce": 0.020029067993164062}
{"stage": "optimizer_step", "id": "direct-gaussian-s00-a1", "step": 65, "answer_ce": 0.010166168212890625, "eos_ce": 0.0041370391845703125}
{"stage": "optimizer_step", "id": "direct-gaussian-s00-a1", "step": 81, "answer_ce": 0.0058116912841796875, "eos_ce": 0.002864837646484375}
{"stage": "optimizer_step", "id": "direct-gaussian-s00-a1", "step": 97, "answer_ce": 0.0043010711669921875, "eos_ce": 0.0024089813232421875}
{"stage": "optimizer_step", "id": "direct-gaussian-s00-a1", "step": 113, "answer_ce": 0.00341033935546875, "eos_ce": 0.0019378662109375}
{"stage": "optimizer_step", "id": "direct-gaussian-s00-a1", "step": 129, "answer_ce": 0.0027561187744140625, "eos_ce": 0.0012760162353515625}
{"stage": "optimizer_step", "id": "direct-gaussian-s00-a1", "step": 145, "answer_ce": 0.001979827880859375, "eos_ce": 0.001041412353515625}
{"stage": "optimizer_step", "id": "direct-gaussian-s00-a1", "step": 161, "answer_ce": 0.002117156982421875, "eos_ce": 0.0013580322265625}
{"stage": "optimizer_step", "id": "direct-gaussian-s00-a1", "step": 177, "answer_ce": 0.0017528533935546875, "eos_ce": 0.000972747802734375}
{"stage": "optimizer_step", "id": "direct-gaussian-s00-a1", "step": 193, "answer_ce": 0.001262664794921875, "eos_ce": 0.00063323974609375}
{"stage": "optimizer_step", "id": "direct-gaussian-s00-a1", "step": 209, "answer_ce": 0.001323699951171875, "eos_ce": 0.000743865966796875}
{"stage": "optimizer_step", "id": "direct-gaussian-s00-a1", "step": 225, "answer_ce": 0.0011806488037109375, "eos_ce": 0.00054168701171875}
{"stage": "optimizer_step", "id": "direct-gaussian-s00-a1", "step": 241, "answer_ce": 0.001117706298828125, "eos_ce": 0.00049591064453125}
{"stage": "run_complete", "id": "direct-gaussian-s00-a1", "qa_pass": true, "completed": 1, "seconds": 99.46342360088602}
{"stage": "optimizer_step", "id": "direct-sphere-s00-a1", "step": 1, "answer_ce": 10.55406379699707, "eos_ce": 2.7933273315429688}
{"stage": "optimizer_step", "id": "direct-sphere-s00-a1", "step": 17, "answer_ce": 0.07790374755859375, "eos_ce": 0.021472930908203125}
{"stage": "optimizer_step", "id": "direct-sphere-s00-a1", "step": 33, "answer_ce": 0.00621795654296875, "eos_ce": 0.00109100341796875}
{"stage": "optimizer_step", "id": "direct-sphere-s00-a1", "step": 49, "answer_ce": 0.001865386962890625, "eos_ce": 0.0004425048828125}
{"stage": "optimizer_step", "id": "direct-sphere-s00-a1", "step": 65, "answer_ce": 0.00084686279296875, "eos_ce": 0.000209808349609375}
{"stage": "optimizer_step", "id": "direct-sphere-s00-a1", "step": 81, "answer_ce": 0.00072479248046875, "eos_ce": 0.00014495849609375}
{"stage": "optimizer_step", "id": "direct-sphere-s00-a1", "step": 97, "answer_ce": 0.0005817413330078125, "eos_ce": 9.918212890625e-05}
{"stage": "optimizer_step", "id": "direct-sphere-s00-a1", "step": 113, "answer_ce": 0.0004596710205078125, "eos_ce": 7.62939453125e-05}
{"stage": "optimizer_step", "id": "direct-sphere-s00-a1", "step": 129, "answer_ce": 0.0004062652587890625, "eos_ce": 8.7738037109375e-05}
{"stage": "optimizer_step", "id": "direct-sphere-s00-a1", "step": 145, "answer_ce": 0.0003814697265625, "eos_ce": 6.103515625e-05}
{"stage": "optimizer_step", "id": "direct-sphere-s00-a1", "step": 161, "answer_ce": 0.000331878662109375, "eos_ce": 6.866455078125e-05}
{"stage": "optimizer_step", "id": "direct-sphere-s00-a1", "step": 177, "answer_ce": 0.0002899169921875, "eos_ce": 6.103515625e-05}
{"stage": "optimizer_step", "id": "direct-sphere-s00-a1", "step": 193, "answer_ce": 0.000274658203125, "eos_ce": 4.57763671875e-05}
{"stage": "optimizer_step", "id": "direct-sphere-s00-a1", "step": 209, "answer_ce": 0.00023651123046875, "eos_ce": 3.814697265625e-05}
{"stage": "optimizer_step", "id": "direct-sphere-s00-a1", "step": 225, "answer_ce": 0.00023651123046875, "eos_ce": 4.1961669921875e-05}
{"stage": "optimizer_step", "id": "direct-sphere-s00-a1", "step": 241, "answer_ce": 0.000194549560546875, "eos_ce": 3.814697265625e-05}
{"stage": "run_complete", "id": "direct-sphere-s00-a1", "qa_pass": true, "completed": 2, "seconds": 97.43707321514376}
{"stage": "optimizer_step", "id": "direct-heavy_tail-s00-a1", "step": 1, "answer_ce": 10.07394790649414, "eos_ce": 2.722787857055664}
{"stage": "optimizer_step", "id": "direct-heavy_tail-s00-a1", "step": 17, "answer_ce": 1.9137153625488281, "eos_ce": 0.45030784606933594}
{"stage": "optimizer_step", "id": "direct-heavy_tail-s00-a1", "step": 33, "answer_ce": 0.11300849914550781, "eos_ce": 0.09758949279785156}
{"stage": "optimizer_step", "id": "direct-heavy_tail-s00-a1", "step": 49, "answer_ce": 0.04314994812011719, "eos_ce": 0.025735855102539062}
{"stage": "optimizer_step", "id": "direct-heavy_tail-s00-a1", "step": 65, "answer_ce": 0.008745193481445312, "eos_ce": 0.012119293212890625}
{"stage": "optimizer_step", "id": "direct-heavy_tail-s00-a1", "step": 81, "answer_ce": 0.004787445068359375, "eos_ce": 0.0051326751708984375}
{"stage": "optimizer_step", "id": "direct-heavy_tail-s00-a1", "step": 97, "answer_ce": 0.0034084320068359375, "eos_ce": 0.003650665283203125}
{"stage": "optimizer_step", "id": "direct-heavy_tail-s00-a1", "step": 113, "answer_ce": 0.002544403076171875, "eos_ce": 0.0031280517578125}
{"stage": "optimizer_step", "id": "direct-heavy_tail-s00-a1", "step": 129, "answer_ce": 0.0023479461669921875, "eos_ce": 0.0028133392333984375}
{"stage": "optimizer_step", "id": "direct-heavy_tail-s00-a1", "step": 145, "answer_ce": 0.001861572265625, "eos_ce": 0.001953125}
{"stage": "optimizer_step", "id": "direct-heavy_tail-s00-a1", "step": 161, "answer_ce": 0.0013561248779296875, "eos_ce": 0.0021877288818359375}
{"stage": "optimizer_step", "id": "direct-heavy_tail-s00-a1", "step": 177, "answer_ce": 0.0011615753173828125, "eos_ce": 0.00128173828125}
{"stage": "optimizer_step", "id": "direct-heavy_tail-s00-a1", "step": 193, "answer_ce": 0.0013179779052734375, "eos_ce": 0.001033782958984375}
{"stage": "optimizer_step", "id": "direct-heavy_tail-s00-a1", "step": 209, "answer_ce": 0.000949859619140625, "eos_ce": 0.0010738372802734375}
{"stage": "optimizer_step", "id": "direct-heavy_tail-s00-a1", "step": 225, "answer_ce": 0.0008144378662109375, "eos_ce": 0.000743865966796875}
{"stage": "optimizer_step", "id": "direct-heavy_tail-s00-a1", "step": 241, "answer_ce": 0.0005893707275390625, "eos_ce": 0.000732421875}
{"stage": "run_complete", "id": "direct-heavy_tail-s00-a1", "qa_pass": true, "completed": 3, "seconds": 98.11002749111503}
{"stage": "optimizer_step", "id": "direct-uniform-s01-a1", "step": 1, "answer_ce": 10.177125930786133, "eos_ce": 3.3952865600585938}
{"stage": "optimizer_step", "id": "direct-uniform-s01-a1", "step": 17, "answer_ce": 0.012172698974609375, "eos_ce": 0.012859344482421875}
{"stage": "optimizer_step", "id": "direct-uniform-s01-a1", "step": 33, "answer_ce": 0.0020847320556640625, "eos_ce": 0.0017242431640625}
{"stage": "optimizer_step", "id": "direct-uniform-s01-a1", "step": 49, "answer_ce": 0.000804901123046875, "eos_ce": 0.000698089599609375}
{"stage": "optimizer_step", "id": "direct-uniform-s01-a1", "step": 65, "answer_ce": 0.000499725341796875, "eos_ce": 0.0002899169921875}
{"stage": "optimizer_step", "id": "direct-uniform-s01-a1", "step": 81, "answer_ce": 0.0003662109375, "eos_ce": 0.0002288818359375}
{"stage": "optimizer_step", "id": "direct-uniform-s01-a1", "step": 97, "answer_ce": 0.000324249267578125, "eos_ce": 0.000141143798828125}
{"stage": "optimizer_step", "id": "direct-uniform-s01-a1", "step": 113, "answer_ce": 0.00022125244140625, "eos_ce": 0.00011444091796875}
{"stage": "optimizer_step", "id": "direct-uniform-s01-a1", "step": 129, "answer_ce": 0.000217437744140625, "eos_ce": 8.7738037109375e-05}
{"stage": "optimizer_step", "id": "direct-uniform-s01-a1", "step": 145, "answer_ce": 0.0001983642578125, "eos_ce": 8.7738037109375e-05}
{"stage": "optimizer_step", "id": "direct-uniform-s01-a1", "step": 161, "answer_ce": 0.000152587890625, "eos_ce": 6.866455078125e-05}
{"stage": "optimizer_step", "id": "direct-uniform-s01-a1", "step": 177, "answer_ce": 0.000164031982421875, "eos_ce": 5.7220458984375e-05}
{"stage": "optimizer_step", "id": "direct-uniform-s01-a1", "step": 193, "answer_ce": 0.000141143798828125, "eos_ce": 6.103515625e-05}
{"stage": "optimizer_step", "id": "direct-uniform-s01-a1", "step": 209, "answer_ce": 0.000141143798828125, "eos_ce": 4.1961669921875e-05}
{"stage": "optimizer_step", "id": "direct-uniform-s01-a1", "step": 225, "answer_ce": 9.5367431640625e-05, "eos_ce": 4.1961669921875e-05}
{"stage": "optimizer_step", "id": "direct-uniform-s01-a1", "step": 241, "answer_ce": 0.000102996826171875, "eos_ce": 3.0517578125e-05}
{"stage": "run_complete", "id": "direct-uniform-s01-a1", "qa_pass": true, "completed": 4, "seconds": 97.9680455850903}
{"stage": "optimizer_step", "id": "direct-rademacher-s01-a1", "step": 1, "answer_ce": 10.303913116455078, "eos_ce": 2.7924957275390625}
{"stage": "optimizer_step", "id": "direct-rademacher-s01-a1", "step": 17, "answer_ce": 0.10039901733398438, "eos_ce": 0.02803802490234375}
{"stage": "optimizer_step", "id": "direct-rademacher-s01-a1", "step": 33, "answer_ce": 0.003406524658203125, "eos_ce": 0.000240325927734375}
{"stage": "optimizer_step", "id": "direct-rademacher-s01-a1", "step": 49, "answer_ce": 0.0010318756103515625, "eos_ce": 8.7738037109375e-05}
{"stage": "optimizer_step", "id": "direct-rademacher-s01-a1", "step": 65, "answer_ce": 0.0005512237548828125, "eos_ce": 6.866455078125e-05}
{"stage": "optimizer_step", "id": "direct-rademacher-s01-a1", "step": 81, "answer_ce": 0.0003833770751953125, "eos_ce": 3.814697265625e-05}
{"stage": "optimizer_step", "id": "direct-rademacher-s01-a1", "step": 97, "answer_ce": 0.0003261566162109375, "eos_ce": 4.1961669921875e-05}
{"stage": "optimizer_step", "id": "direct-rademacher-s01-a1", "step": 113, "answer_ce": 0.0002918243408203125, "eos_ce": 3.4332275390625e-05}
{"stage": "optimizer_step", "id": "direct-rademacher-s01-a1", "step": 129, "answer_ce": 0.000270843505859375, "eos_ce": 3.4332275390625e-05}
{"stage": "optimizer_step", "id": "direct-rademacher-s01-a1", "step": 145, "answer_ce": 0.0001983642578125, "eos_ce": 3.814697265625e-05}
{"stage": "optimizer_step", "id": "direct-rademacher-s01-a1", "step": 161, "answer_ce": 0.000213623046875, "eos_ce": 3.4332275390625e-05}
{"stage": "optimizer_step", "id": "direct-rademacher-s01-a1", "step": 177, "answer_ce": 0.000179290771484375, "eos_ce": 3.0517578125e-05}
{"stage": "optimizer_step", "id": "direct-rademacher-s01-a1", "step": 193, "answer_ce": 0.00014495849609375, "eos_ce": 2.6702880859375e-05}
{"stage": "optimizer_step", "id": "direct-rademacher-s01-a1", "step": 209, "answer_ce": 0.000164031982421875, "eos_ce": 2.288818359375e-05}
{"stage": "optimizer_step", "id": "direct-rademacher-s01-a1", "step": 225, "answer_ce": 0.0001373291015625, "eos_ce": 2.288818359375e-05}
{"stage": "optimizer_step", "id": "direct-rademacher-s01-a1", "step": 241, "answer_ce": 0.00011444091796875, "eos_ce": 2.288818359375e-05}
{"stage": "run_complete", "id": "direct-rademacher-s01-a1", "qa_pass": true, "completed": 5, "seconds": 97.77242695214227}
{"stage": "optimizer_step", "id": "direct-gaussian-s02-a1", "step": 1, "answer_ce": 9.862119674682617, "eos_ce": 2.423574447631836}
{"stage": "optimizer_step", "id": "direct-gaussian-s02-a1", "step": 17, "answer_ce": 0.09376907348632812, "eos_ce": 0.03876304626464844}
{"stage": "optimizer_step", "id": "direct-gaussian-s02-a1", "step": 33, "answer_ce": 0.0046749114990234375, "eos_ce": 0.004390716552734375}
{"stage": "optimizer_step", "id": "direct-gaussian-s02-a1", "step": 49, "answer_ce": 0.00201416015625, "eos_ce": 0.001190185546875}
{"stage": "optimizer_step", "id": "direct-gaussian-s02-a1", "step": 65, "answer_ce": 0.001033782958984375, "eos_ce": 0.00069427490234375}
{"stage": "optimizer_step", "id": "direct-gaussian-s02-a1", "step": 81, "answer_ce": 0.0008029937744140625, "eos_ce": 0.000484466552734375}
{"stage": "optimizer_step", "id": "direct-gaussian-s02-a1", "step": 97, "answer_ce": 0.0005550384521484375, "eos_ce": 0.000530242919921875}
{"stage": "optimizer_step", "id": "direct-gaussian-s02-a1", "step": 113, "answer_ce": 0.0005054473876953125, "eos_ce": 0.000316619873046875}
{"stage": "optimizer_step", "id": "direct-gaussian-s02-a1", "step": 129, "answer_ce": 0.000522613525390625, "eos_ce": 0.00028228759765625}
{"stage": "optimizer_step", "id": "direct-gaussian-s02-a1", "step": 145, "answer_ce": 0.00035858154296875, "eos_ce": 0.000240325927734375}
{"stage": "optimizer_step", "id": "direct-gaussian-s02-a1", "step": 161, "answer_ce": 0.0003490447998046875, "eos_ce": 0.000202178955078125}
{"stage": "optimizer_step", "id": "direct-gaussian-s02-a1", "step": 177, "answer_ce": 0.0003643035888671875, "eos_ce": 0.00019073486328125}
{"stage": "optimizer_step", "id": "direct-gaussian-s02-a1", "step": 193, "answer_ce": 0.0003223419189453125, "eos_ce": 0.000171661376953125}
{"stage": "optimizer_step", "id": "direct-gaussian-s02-a1", "step": 209, "answer_ce": 0.00032806396484375, "eos_ce": 0.0001373291015625}
{"stage": "optimizer_step", "id": "direct-gaussian-s02-a1", "step": 225, "answer_ce": 0.000240325927734375, "eos_ce": 0.0001678466796875}
{"stage": "optimizer_step", "id": "direct-gaussian-s02-a1", "step": 241, "answer_ce": 0.000240325927734375, "eos_ce": 0.000156402587890625}
{"stage": "run_complete", "id": "direct-gaussian-s02-a1", "qa_pass": true, "completed": 6, "seconds": 97.40740248607472}
{"stage": "optimizer_step", "id": "direct-sphere-s02-a1", "step": 1, "answer_ce": 10.113582611083984, "eos_ce": 2.569528579711914}
{"stage": "optimizer_step", "id": "direct-sphere-s02-a1", "step": 17, "answer_ce": 0.009433746337890625, "eos_ce": 0.000194549560546875}
{"stage": "optimizer_step", "id": "direct-sphere-s02-a1", "step": 33, "answer_ce": 0.001758575439453125, "eos_ce": 0.00078582763671875}
{"stage": "optimizer_step", "id": "direct-sphere-s02-a1", "step": 49, "answer_ce": 0.000789642333984375, "eos_ce": 0.000152587890625}
{"stage": "optimizer_step", "id": "direct-sphere-s02-a1", "step": 65, "answer_ce": 0.00055694580078125, "eos_ce": 7.2479248046875e-05}
{"stage": "optimizer_step", "id": "direct-sphere-s02-a1", "step": 81, "answer_ce": 0.0003814697265625, "eos_ce": 3.814697265625e-05}
{"stage": "optimizer_step", "id": "direct-sphere-s02-a1", "step": 97, "answer_ce": 0.000263214111328125, "eos_ce": 2.288818359375e-05}
{"stage": "optimizer_step", "id": "direct-sphere-s02-a1", "step": 113, "answer_ce": 0.000225067138671875, "eos_ce": 1.9073486328125e-05}
{"stage": "optimizer_step", "id": "direct-sphere-s02-a1", "step": 129, "answer_ce": 0.000202178955078125, "eos_ce": 1.9073486328125e-05}
{"stage": "optimizer_step", "id": "direct-sphere-s02-a1", "step": 145, "answer_ce": 0.0001983642578125, "eos_ce": 1.1444091796875e-05}
{"stage": "optimizer_step", "id": "direct-sphere-s02-a1", "step": 161, "answer_ce": 0.00016021728515625, "eos_ce": 1.1444091796875e-05}
{"stage": "optimizer_step", "id": "direct-sphere-s02-a1", "step": 177, "answer_ce": 0.00014495849609375, "eos_ce": 1.1444091796875e-05}
{"stage": "optimizer_step", "id": "direct-sphere-s02-a1", "step": 193, "answer_ce": 0.000125885009765625, "eos_ce": 1.1444091796875e-05}
{"stage": "optimizer_step", "id": "direct-sphere-s02-a1", "step": 209, "answer_ce": 0.000148773193359375, "eos_ce": 1.1444091796875e-05}
{"stage": "optimizer_step", "id": "direct-sphere-s02-a1", "step": 225, "answer_ce": 0.000133514404296875, "eos_ce": 1.1444091796875e-05}
{"stage": "optimizer_step", "id": "direct-sphere-s02-a1", "step": 241, "answer_ce": 0.00011444091796875, "eos_ce": 7.62939453125e-06}
{"stage": "run_complete", "id": "direct-sphere-s02-a1", "qa_pass": true, "completed": 7, "seconds": 96.92506368993782}
{"stage": "optimizer_step", "id": "direct-heavy_tail-s02-a1", "step": 1, "answer_ce": 9.924325942993164, "eos_ce": 2.2549571990966797}
{"stage": "optimizer_step", "id": "direct-heavy_tail-s02-a1", "step": 17, "answer_ce": 3.7529449462890625, "eos_ce": 0.6517066955566406}
{"stage": "optimizer_step", "id": "direct-heavy_tail-s02-a1", "step": 33, "answer_ce": 0.9768161773681641, "eos_ce": 0.16214942932128906}
{"stage": "optimizer_step", "id": "direct-heavy_tail-s02-a1", "step": 49, "answer_ce": 0.05390357971191406, "eos_ce": 0.034374237060546875}
{"stage": "optimizer_step", "id": "direct-heavy_tail-s02-a1", "step": 65, "answer_ce": 0.01358795166015625, "eos_ce": 0.010095596313476562}
{"stage": "optimizer_step", "id": "direct-heavy_tail-s02-a1", "step": 81, "answer_ce": 0.0065250396728515625, "eos_ce": 0.00583648681640625}
{"stage": "optimizer_step", "id": "direct-heavy_tail-s02-a1", "step": 97, "answer_ce": 0.004268646240234375, "eos_ce": 0.00457000732421875}
{"stage": "optimizer_step", "id": "direct-heavy_tail-s02-a1", "step": 113, "answer_ce": 0.0036773681640625, "eos_ce": 0.0036334991455078125}
{"stage": "optimizer_step", "id": "direct-heavy_tail-s02-a1", "step": 129, "answer_ce": 0.0024585723876953125, "eos_ce": 0.003124237060546875}
{"stage": "optimizer_step", "id": "direct-heavy_tail-s02-a1", "step": 145, "answer_ce": 0.0020294189453125, "eos_ce": 0.002735137939453125}
{"stage": "optimizer_step", "id": "direct-heavy_tail-s02-a1", "step": 161, "answer_ce": 0.0019054412841796875, "eos_ce": 0.0024280548095703125}
{"stage": "optimizer_step", "id": "direct-heavy_tail-s02-a1", "step": 177, "answer_ce": 0.001697540283203125, "eos_ce": 0.00208282470703125}
{"stage": "optimizer_step", "id": "direct-heavy_tail-s02-a1", "step": 193, "answer_ce": 0.0013141632080078125, "eos_ce": 0.0019092559814453125}
{"stage": "optimizer_step", "id": "direct-heavy_tail-s02-a1", "step": 209, "answer_ce": 0.0010509490966796875, "eos_ce": 0.0017871856689453125}
{"stage": "optimizer_step", "id": "direct-heavy_tail-s02-a1", "step": 225, "answer_ce": 0.0011959075927734375, "eos_ce": 0.00191497802734375}
{"stage": "optimizer_step", "id": "direct-heavy_tail-s02-a1", "step": 241, "answer_ce": 0.0012111663818359375, "eos_ce": 0.001621246337890625}
{"stage": "run_complete", "id": "direct-heavy_tail-s02-a1", "qa_pass": true, "completed": 8, "seconds": 97.80673831608146}
{"stage": "optimizer_step", "id": "direct-uniform-s03-a1", "step": 1, "answer_ce": 10.272743225097656, "eos_ce": 2.937692642211914}
{"stage": "optimizer_step", "id": "direct-uniform-s03-a1", "step": 17, "answer_ce": 1.843160629272461, "eos_ce": 0.31842803955078125}
{"stage": "optimizer_step", "id": "direct-uniform-s03-a1", "step": 33, "answer_ce": 0.4776611328125, "eos_ce": 0.245849609375}
{"stage": "optimizer_step", "id": "direct-uniform-s03-a1", "step": 49, "answer_ce": 0.08416366577148438, "eos_ce": 0.06701850891113281}
{"stage": "optimizer_step", "id": "direct-uniform-s03-a1", "step": 65, "answer_ce": 0.028356552124023438, "eos_ce": 0.01854705810546875}
{"stage": "optimizer_step", "id": "direct-uniform-s03-a1", "step": 81, "answer_ce": 0.01596832275390625, "eos_ce": 0.011508941650390625}
{"stage": "optimizer_step", "id": "direct-uniform-s03-a1", "step": 97, "answer_ce": 0.012027740478515625, "eos_ce": 0.0059814453125}
{"stage": "optimizer_step", "id": "direct-uniform-s03-a1", "step": 113, "answer_ce": 0.01015472412109375, "eos_ce": 0.00504302978515625}
{"stage": "optimizer_step", "id": "direct-uniform-s03-a1", "step": 129, "answer_ce": 0.008256912231445312, "eos_ce": 0.003814697265625}
{"stage": "optimizer_step", "id": "direct-uniform-s03-a1", "step": 145, "answer_ce": 0.0055599212646484375, "eos_ce": 0.0030269622802734375}
{"stage": "optimizer_step", "id": "direct-uniform-s03-a1", "step": 161, "answer_ce": 0.00447845458984375, "eos_ce": 0.0022430419921875}
{"stage": "optimizer_step", "id": "direct-uniform-s03-a1", "step": 177, "answer_ce": 0.00424957275390625, "eos_ce": 0.0016117095947265625}
{"stage": "optimizer_step", "id": "direct-uniform-s03-a1", "step": 193, "answer_ce": 0.00341033935546875, "eos_ce": 0.0012378692626953125}
{"stage": "optimizer_step", "id": "direct-uniform-s03-a1", "step": 209, "answer_ce": 0.002811431884765625, "eos_ce": 0.0010986328125}
{"stage": "optimizer_step", "id": "direct-uniform-s03-a1", "step": 225, "answer_ce": 0.0023345947265625, "eos_ce": 0.0010814666748046875}
{"stage": "optimizer_step", "id": "direct-uniform-s03-a1", "step": 241, "answer_ce": 0.00214385986328125, "eos_ce": 0.0009288787841796875}
{"stage": "run_complete", "id": "direct-uniform-s03-a1", "qa_pass": true, "completed": 9, "seconds": 97.96543886512518}
{"stage": "optimizer_step", "id": "direct-rademacher-s03-a1", "step": 1, "answer_ce": 9.754487991333008, "eos_ce": 2.8880443572998047}
{"stage": "optimizer_step", "id": "direct-rademacher-s03-a1", "step": 17, "answer_ce": 0.48990440368652344, "eos_ce": 0.04883575439453125}
{"stage": "optimizer_step", "id": "direct-rademacher-s03-a1", "step": 33, "answer_ce": 0.0056972503662109375, "eos_ce": 0.0013580322265625}
{"stage": "optimizer_step", "id": "direct-rademacher-s03-a1", "step": 49, "answer_ce": 0.002086639404296875, "eos_ce": 0.000637054443359375}
{"stage": "optimizer_step", "id": "direct-rademacher-s03-a1", "step": 65, "answer_ce": 0.0014324188232421875, "eos_ce": 0.00049591064453125}
{"stage": "optimizer_step", "id": "direct-rademacher-s03-a1", "step": 81, "answer_ce": 0.0011386871337890625, "eos_ce": 0.0003204345703125}
{"stage": "optimizer_step", "id": "direct-rademacher-s03-a1", "step": 97, "answer_ce": 0.0008258819580078125, "eos_ce": 0.000324249267578125}
{"stage": "optimizer_step", "id": "direct-rademacher-s03-a1", "step": 113, "answer_ce": 0.000766754150390625, "eos_ce": 0.000263214111328125}
{"stage": "optimizer_step", "id": "direct-rademacher-s03-a1", "step": 129, "answer_ce": 0.000640869140625, "eos_ce": 0.000209808349609375}
{"stage": "optimizer_step", "id": "direct-rademacher-s03-a1", "step": 145, "answer_ce": 0.0006275177001953125, "eos_ce": 0.0001983642578125}
{"stage": "optimizer_step", "id": "direct-rademacher-s03-a1", "step": 161, "answer_ce": 0.000568389892578125, "eos_ce": 0.00016021728515625}
{"stage": "optimizer_step", "id": "direct-rademacher-s03-a1", "step": 177, "answer_ce": 0.0004730224609375, "eos_ce": 0.0001373291015625}
{"stage": "optimizer_step", "id": "direct-rademacher-s03-a1", "step": 193, "answer_ce": 0.000453948974609375, "eos_ce": 0.000148773193359375}
{"stage": "optimizer_step", "id": "direct-rademacher-s03-a1", "step": 209, "answer_ce": 0.0004329681396484375, "eos_ce": 0.000156402587890625}
{"stage": "optimizer_step", "id": "direct-rademacher-s03-a1", "step": 225, "answer_ce": 0.0004444122314453125, "eos_ce": 0.00011444091796875}
{"stage": "optimizer_step", "id": "direct-rademacher-s03-a1", "step": 241, "answer_ce": 0.000335693359375, "eos_ce": 8.7738037109375e-05}
{"stage": "run_complete", "id": "direct-rademacher-s03-a1", "qa_pass": true, "completed": 10, "seconds": 97.74326245905831}
{"stage": "optimizer_step", "id": "direct-gaussian-s04-a1", "step": 1, "answer_ce": 10.873180389404297, "eos_ce": 3.101564407348633}
{"stage": "optimizer_step", "id": "direct-gaussian-s04-a1", "step": 17, "answer_ce": 0.1654644012451172, "eos_ce": 0.027364730834960938}
{"stage": "optimizer_step", "id": "direct-gaussian-s04-a1", "step": 33, "answer_ce": 0.003246307373046875, "eos_ce": 0.002635955810546875}
{"stage": "optimizer_step", "id": "direct-gaussian-s04-a1", "step": 49, "answer_ce": 0.001117706298828125, "eos_ce": 0.001194000244140625}
{"stage": "optimizer_step", "id": "direct-gaussian-s04-a1", "step": 65, "answer_ce": 0.0005588531494140625, "eos_ce": 0.000408172607421875}
{"stage": "optimizer_step", "id": "direct-gaussian-s04-a1", "step": 81, "answer_ce": 0.0004520416259765625, "eos_ce": 0.000301361083984375}
{"stage": "optimizer_step", "id": "direct-gaussian-s04-a1", "step": 97, "answer_ce": 0.0003643035888671875, "eos_ce": 0.00023651123046875}
{"stage": "optimizer_step", "id": "direct-gaussian-s04-a1", "step": 113, "answer_ce": 0.000301361083984375, "eos_ce": 0.000217437744140625}
{"stage": "optimizer_step", "id": "direct-gaussian-s04-a1", "step": 129, "answer_ce": 0.00026702880859375, "eos_ce": 0.00019073486328125}
{"stage": "optimizer_step", "id": "direct-gaussian-s04-a1", "step": 145, "answer_ce": 0.0002727508544921875, "eos_ce": 0.000152587890625}
{"stage": "optimizer_step", "id": "direct-gaussian-s04-a1", "step": 161, "answer_ce": 0.000225067138671875, "eos_ce": 0.00014495849609375}
{"stage": "optimizer_step", "id": "direct-gaussian-s04-a1", "step": 177, "answer_ce": 0.000217437744140625, "eos_ce": 0.000125885009765625}
{"stage": "optimizer_step", "id": "direct-gaussian-s04-a1", "step": 193, "answer_ce": 0.0001926422119140625, "eos_ce": 9.5367431640625e-05}
{"stage": "optimizer_step", "id": "direct-gaussian-s04-a1", "step": 209, "answer_ce": 0.000213623046875, "eos_ce": 8.392333984375e-05}
{"stage": "optimizer_step", "id": "direct-gaussian-s04-a1", "step": 225, "answer_ce": 0.0001888275146484375, "eos_ce": 8.7738037109375e-05}
{"stage": "optimizer_step", "id": "direct-gaussian-s04-a1", "step": 241, "answer_ce": 0.0001678466796875, "eos_ce": 6.4849853515625e-05}
{"stage": "run_complete", "id": "direct-gaussian-s04-a1", "qa_pass": true, "completed": 11, "seconds": 97.61386534199119}
{"stage": "optimizer_step", "id": "direct-sphere-s04-a1", "step": 1, "answer_ce": 10.794477462768555, "eos_ce": 3.1780261993408203}
{"stage": "optimizer_step", "id": "direct-sphere-s04-a1", "step": 17, "answer_ce": 1.7685832977294922, "eos_ce": 0.7297172546386719}
{"stage": "optimizer_step", "id": "direct-sphere-s04-a1", "step": 33, "answer_ce": 2.140960693359375, "eos_ce": 0.33963966369628906}
{"stage": "optimizer_step", "id": "direct-sphere-s04-a1", "step": 49, "answer_ce": 0.4933128356933594, "eos_ce": 0.19006729125976562}
{"stage": "optimizer_step", "id": "direct-sphere-s04-a1", "step": 65, "answer_ce": 0.06987953186035156, "eos_ce": 0.03854179382324219}
{"stage": "optimizer_step", "id": "direct-sphere-s04-a1", "step": 81, "answer_ce": 0.022417068481445312, "eos_ce": 0.016895294189453125}
{"stage": "optimizer_step", "id": "direct-sphere-s04-a1", "step": 97, "answer_ce": 0.01000213623046875, "eos_ce": 0.010282516479492188}
{"stage": "optimizer_step", "id": "direct-sphere-s04-a1", "step": 113, "answer_ce": 0.0074138641357421875, "eos_ce": 0.0069065093994140625}
{"stage": "optimizer_step", "id": "direct-sphere-s04-a1", "step": 129, "answer_ce": 0.006488800048828125, "eos_ce": 0.0051250457763671875}
{"stage": "optimizer_step", "id": "direct-sphere-s04-a1", "step": 145, "answer_ce": 0.0051288604736328125, "eos_ce": 0.004795074462890625}
{"stage": "optimizer_step", "id": "direct-sphere-s04-a1", "step": 161, "answer_ce": 0.004016876220703125, "eos_ce": 0.0039424896240234375}
{"stage": "optimizer_step", "id": "direct-sphere-s04-a1", "step": 177, "answer_ce": 0.0040035247802734375, "eos_ce": 0.00353240966796875}
{"stage": "optimizer_step", "id": "direct-sphere-s04-a1", "step": 193, "answer_ce": 0.003147125244140625, "eos_ce": 0.0027751922607421875}
{"stage": "optimizer_step", "id": "direct-sphere-s04-a1", "step": 209, "answer_ce": 0.003063201904296875, "eos_ce": 0.0027141571044921875}
{"stage": "optimizer_step", "id": "direct-sphere-s04-a1", "step": 225, "answer_ce": 0.0025768280029296875, "eos_ce": 0.0020656585693359375}
{"stage": "optimizer_step", "id": "direct-sphere-s04-a1", "step": 241, "answer_ce": 0.0022754669189453125, "eos_ce": 0.0018825531005859375}
{"stage": "run_complete", "id": "direct-sphere-s04-a1", "qa_pass": true, "completed": 12, "seconds": 97.87282239785418}
{"stage": "optimizer_step", "id": "direct-heavy_tail-s04-a1", "step": 1, "answer_ce": 10.058137893676758, "eos_ce": 3.0105037689208984}
{"stage": "optimizer_step", "id": "direct-heavy_tail-s04-a1", "step": 17, "answer_ce": 0.10670661926269531, "eos_ce": 0.03331184387207031}
{"stage": "optimizer_step", "id": "direct-heavy_tail-s04-a1", "step": 33, "answer_ce": 0.013143539428710938, "eos_ce": 0.003513336181640625}
{"stage": "optimizer_step", "id": "direct-heavy_tail-s04-a1", "step": 49, "answer_ce": 0.002887725830078125, "eos_ce": 0.00176239013671875}
{"stage": "optimizer_step", "id": "direct-heavy_tail-s04-a1", "step": 65, "answer_ce": 0.00145721435546875, "eos_ce": 0.0005340576171875}
{"stage": "optimizer_step", "id": "direct-heavy_tail-s04-a1", "step": 81, "answer_ce": 0.0009975433349609375, "eos_ce": 0.00026702880859375}
{"stage": "optimizer_step", "id": "direct-heavy_tail-s04-a1", "step": 97, "answer_ce": 0.0007686614990234375, "eos_ce": 0.00020599365234375}
{"stage": "optimizer_step", "id": "direct-heavy_tail-s04-a1", "step": 113, "answer_ce": 0.000644683837890625, "eos_ce": 0.00014495849609375}
{"stage": "optimizer_step", "id": "direct-heavy_tail-s04-a1", "step": 129, "answer_ce": 0.0005512237548828125, "eos_ce": 0.00012969970703125}
{"stage": "optimizer_step", "id": "direct-heavy_tail-s04-a1", "step": 145, "answer_ce": 0.0005092620849609375, "eos_ce": 0.000152587890625}
{"stage": "optimizer_step", "id": "direct-heavy_tail-s04-a1", "step": 161, "answer_ce": 0.000415802001953125, "eos_ce": 9.1552734375e-05}
{"stage": "optimizer_step", "id": "direct-heavy_tail-s04-a1", "step": 177, "answer_ce": 0.0004100799560546875, "eos_ce": 0.0001068115234375}
{"stage": "optimizer_step", "id": "direct-heavy_tail-s04-a1", "step": 193, "answer_ce": 0.000339508056640625, "eos_ce": 9.1552734375e-05}
{"stage": "optimizer_step", "id": "direct-heavy_tail-s04-a1", "step": 209, "answer_ce": 0.000324249267578125, "eos_ce": 9.5367431640625e-05}
{"stage": "optimizer_step", "id": "direct-heavy_tail-s04-a1", "step": 225, "answer_ce": 0.0002899169921875, "eos_ce": 8.0108642578125e-05}
{"stage": "optimizer_step", "id": "direct-heavy_tail-s04-a1", "step": 241, "answer_ce": 0.00026702880859375, "eos_ce": 7.2479248046875e-05}
{"stage": "run_complete", "id": "direct-heavy_tail-s04-a1", "qa_pass": true, "completed": 13, "seconds": 97.08025496918708}
{"stage": "optimizer_step", "id": "direct-uniform-s05-a1", "step": 1, "answer_ce": 10.058265686035156, "eos_ce": 3.1205902099609375}
{"stage": "optimizer_step", "id": "direct-uniform-s05-a1", "step": 17, "answer_ce": 2.4327735900878906, "eos_ce": 0.9014625549316406}
{"stage": "optimizer_step", "id": "direct-uniform-s05-a1", "step": 33, "answer_ce": 1.1897602081298828, "eos_ce": 0.2076416015625}
{"stage": "optimizer_step", "id": "direct-uniform-s05-a1", "step": 49, "answer_ce": 0.28826141357421875, "eos_ce": 0.06771087646484375}
{"stage": "optimizer_step", "id": "direct-uniform-s05-a1", "step": 65, "answer_ce": 0.05237579345703125, "eos_ce": 0.025415420532226562}
{"stage": "optimizer_step", "id": "direct-uniform-s05-a1", "step": 81, "answer_ce": 0.019632339477539062, "eos_ce": 0.00362396240234375}
{"stage": "optimizer_step", "id": "direct-uniform-s05-a1", "step": 97, "answer_ce": 0.00927734375, "eos_ce": 0.0018978118896484375}
{"stage": "optimizer_step", "id": "direct-uniform-s05-a1", "step": 113, "answer_ce": 0.00461578369140625, "eos_ce": 0.001369476318359375}
{"stage": "optimizer_step", "id": "direct-uniform-s05-a1", "step": 129, "answer_ce": 0.0030307769775390625, "eos_ce": 0.00077056884765625}
{"stage": "optimizer_step", "id": "direct-uniform-s05-a1", "step": 145, "answer_ce": 0.00180816650390625, "eos_ce": 0.0005950927734375}
{"stage": "optimizer_step", "id": "direct-uniform-s05-a1", "step": 161, "answer_ce": 0.00168609619140625, "eos_ce": 0.00055694580078125}
{"stage": "optimizer_step", "id": "direct-uniform-s05-a1", "step": 177, "answer_ce": 0.0012722015380859375, "eos_ce": 0.00038909912109375}
{"stage": "optimizer_step", "id": "direct-uniform-s05-a1", "step": 193, "answer_ce": 0.001110076904296875, "eos_ce": 0.00029754638671875}
{"stage": "optimizer_step", "id": "direct-uniform-s05-a1", "step": 209, "answer_ce": 0.0010166168212890625, "eos_ce": 0.00032806396484375}
{"stage": "optimizer_step", "id": "direct-uniform-s05-a1", "step": 225, "answer_ce": 0.00077056884765625, "eos_ce": 0.000209808349609375}
{"stage": "optimizer_step", "id": "direct-uniform-s05-a1", "step": 241, "answer_ce": 0.0007572174072265625, "eos_ce": 0.000179290771484375}
{"stage": "run_complete", "id": "direct-uniform-s05-a1", "qa_pass": true, "completed": 14, "seconds": 97.65289824618958}
{"stage": "optimizer_step", "id": "direct-rademacher-s05-a1", "step": 1, "answer_ce": 10.126956939697266, "eos_ce": 2.9825305938720703}
{"stage": "optimizer_step", "id": "direct-rademacher-s05-a1", "step": 17, "answer_ce": 0.009410858154296875, "eos_ce": 0.00035858154296875}
{"stage": "optimizer_step", "id": "direct-rademacher-s05-a1", "step": 33, "answer_ce": 0.0032138824462890625, "eos_ce": 0.000583648681640625}
{"stage": "optimizer_step", "id": "direct-rademacher-s05-a1", "step": 49, "answer_ce": 0.0009937286376953125, "eos_ce": 0.00029754638671875}
{"stage": "optimizer_step", "id": "direct-rademacher-s05-a1", "step": 65, "answer_ce": 0.000637054443359375, "eos_ce": 0.000102996826171875}
{"stage": "optimizer_step", "id": "direct-rademacher-s05-a1", "step": 81, "answer_ce": 0.000423431396484375, "eos_ce": 8.7738037109375e-05}
{"stage": "optimizer_step", "id": "direct-rademacher-s05-a1", "step": 97, "answer_ce": 0.000324249267578125, "eos_ce": 6.866455078125e-05}
{"stage": "optimizer_step", "id": "direct-rademacher-s05-a1", "step": 113, "answer_ce": 0.000240325927734375, "eos_ce": 7.2479248046875e-05}
{"stage": "optimizer_step", "id": "direct-rademacher-s05-a1", "step": 129, "answer_ce": 0.00020599365234375, "eos_ce": 5.7220458984375e-05}
{"stage": "optimizer_step", "id": "direct-rademacher-s05-a1", "step": 145, "answer_ce": 0.000217437744140625, "eos_ce": 4.9591064453125e-05}
{"stage": "optimizer_step", "id": "direct-rademacher-s05-a1", "step": 161, "answer_ce": 0.000164031982421875, "eos_ce": 4.57763671875e-05}
{"stage": "optimizer_step", "id": "direct-rademacher-s05-a1", "step": 177, "answer_ce": 0.000152587890625, "eos_ce": 4.1961669921875e-05}
{"stage": "optimizer_step", "id": "direct-rademacher-s05-a1", "step": 193, "answer_ce": 0.000148773193359375, "eos_ce": 3.4332275390625e-05}
{"stage": "optimizer_step", "id": "direct-rademacher-s05-a1", "step": 209, "answer_ce": 0.000141143798828125, "eos_ce": 4.1961669921875e-05}
{"stage": "optimizer_step", "id": "direct-rademacher-s05-a1", "step": 225, "answer_ce": 0.0001220703125, "eos_ce": 3.0517578125e-05}
{"stage": "optimizer_step", "id": "direct-rademacher-s05-a1", "step": 241, "answer_ce": 0.000125885009765625, "eos_ce": 3.0517578125e-05}
{"stage": "run_complete", "id": "direct-rademacher-s05-a1", "qa_pass": true, "completed": 15, "seconds": 98.27338451705873}
{"stage": "optimizer_step", "id": "direct-gaussian-s06-a1", "step": 1, "answer_ce": 9.981758117675781, "eos_ce": 2.659730911254883}
{"stage": "optimizer_step", "id": "direct-gaussian-s06-a1", "step": 17, "answer_ce": 0.20285606384277344, "eos_ce": 0.026437759399414062}
{"stage": "optimizer_step", "id": "direct-gaussian-s06-a1", "step": 33, "answer_ce": 0.01787567138671875, "eos_ce": 0.002231597900390625}
{"stage": "optimizer_step", "id": "direct-gaussian-s06-a1", "step": 49, "answer_ce": 0.0054950714111328125, "eos_ce": 0.000873565673828125}
{"stage": "optimizer_step", "id": "direct-gaussian-s06-a1", "step": 65, "answer_ce": 0.00278472900390625, "eos_ce": 0.00046539306640625}
{"stage": "optimizer_step", "id": "direct-gaussian-s06-a1", "step": 81, "answer_ce": 0.00196075439453125, "eos_ce": 0.0002899169921875}
{"stage": "optimizer_step", "id": "direct-gaussian-s06-a1", "step": 97, "answer_ce": 0.0014934539794921875, "eos_ce": 0.000324249267578125}
{"stage": "optimizer_step", "id": "direct-gaussian-s06-a1", "step": 113, "answer_ce": 0.001354217529296875, "eos_ce": 0.0001983642578125}
{"stage": "optimizer_step", "id": "direct-gaussian-s06-a1", "step": 129, "answer_ce": 0.001068115234375, "eos_ce": 0.000217437744140625}
{"stage": "optimizer_step", "id": "direct-gaussian-s06-a1", "step": 145, "answer_ce": 0.0009670257568359375, "eos_ce": 0.000125885009765625}
{"stage": "optimizer_step", "id": "direct-gaussian-s06-a1", "step": 161, "answer_ce": 0.0008068084716796875, "eos_ce": 0.000148773193359375}
{"stage": "optimizer_step", "id": "direct-gaussian-s06-a1", "step": 177, "answer_ce": 0.0008411407470703125, "eos_ce": 0.000118255615234375}
{"stage": "optimizer_step", "id": "direct-gaussian-s06-a1", "step": 193, "answer_ce": 0.000698089599609375, "eos_ce": 0.0001068115234375}
{"stage": "optimizer_step", "id": "direct-gaussian-s06-a1", "step": 209, "answer_ce": 0.00060272216796875, "eos_ce": 9.1552734375e-05}
{"stage": "optimizer_step", "id": "direct-gaussian-s06-a1", "step": 225, "answer_ce": 0.000652313232421875, "eos_ce": 9.1552734375e-05}
{"stage": "optimizer_step", "id": "direct-gaussian-s06-a1", "step": 241, "answer_ce": 0.0005016326904296875, "eos_ce": 9.918212890625e-05}
{"stage": "run_complete", "id": "direct-gaussian-s06-a1", "qa_pass": true, "completed": 16, "seconds": 97.65342372492887}
{"stage": "optimizer_step", "id": "direct-sphere-s06-a1", "step": 1, "answer_ce": 9.730514526367188, "eos_ce": 2.7983779907226562}
{"stage": "optimizer_step", "id": "direct-sphere-s06-a1", "step": 17, "answer_ce": 0.011613845825195312, "eos_ce": 0.0029697418212890625}
{"stage": "optimizer_step", "id": "direct-sphere-s06-a1", "step": 33, "answer_ce": 0.0019207000732421875, "eos_ce": 0.000576019287109375}
{"stage": "optimizer_step", "id": "direct-sphere-s06-a1", "step": 49, "answer_ce": 0.000888824462890625, "eos_ce": 0.000171661376953125}
{"stage": "optimizer_step", "id": "direct-sphere-s06-a1", "step": 65, "answer_ce": 0.0005645751953125, "eos_ce": 0.00011444091796875}
{"stage": "optimizer_step", "id": "direct-sphere-s06-a1", "step": 81, "answer_ce": 0.0002593994140625, "eos_ce": 7.2479248046875e-05}
{"stage": "optimizer_step", "id": "direct-sphere-s06-a1", "step": 97, "answer_ce": 0.000247955322265625, "eos_ce": 6.866455078125e-05}
{"stage": "optimizer_step", "id": "direct-sphere-s06-a1", "step": 113, "answer_ce": 0.000240325927734375, "eos_ce": 5.340576171875e-05}
{"stage": "optimizer_step", "id": "direct-sphere-s06-a1", "step": 129, "answer_ce": 0.000179290771484375, "eos_ce": 4.57763671875e-05}
{"stage": "optimizer_step", "id": "direct-sphere-s06-a1", "step": 145, "answer_ce": 0.00019073486328125, "eos_ce": 4.1961669921875e-05}
{"stage": "optimizer_step", "id": "direct-sphere-s06-a1", "step": 161, "answer_ce": 0.000156402587890625, "eos_ce": 3.4332275390625e-05}
{"stage": "optimizer_step", "id": "direct-sphere-s06-a1", "step": 177, "answer_ce": 0.000118255615234375, "eos_ce": 3.4332275390625e-05}
{"stage": "optimizer_step", "id": "direct-sphere-s06-a1", "step": 193, "answer_ce": 0.000102996826171875, "eos_ce": 3.0517578125e-05}
{"stage": "optimizer_step", "id": "direct-sphere-s06-a1", "step": 209, "answer_ce": 0.00011444091796875, "eos_ce": 2.6702880859375e-05}
{"stage": "optimizer_step", "id": "direct-sphere-s06-a1", "step": 225, "answer_ce": 0.00011444091796875, "eos_ce": 2.6702880859375e-05}
{"stage": "optimizer_step", "id": "direct-sphere-s06-a1", "step": 241, "answer_ce": 8.392333984375e-05, "eos_ce": 1.9073486328125e-05}
{"stage": "run_complete", "id": "direct-sphere-s06-a1", "qa_pass": true, "completed": 17, "seconds": 97.65533974580467}
{"stage": "optimizer_step", "id": "direct-heavy_tail-s06-a1", "step": 1, "answer_ce": 9.914634704589844, "eos_ce": 3.3594818115234375}
{"stage": "optimizer_step", "id": "direct-heavy_tail-s06-a1", "step": 17, "answer_ce": 0.37314605712890625, "eos_ce": 0.037017822265625}
{"stage": "optimizer_step", "id": "direct-heavy_tail-s06-a1", "step": 33, "answer_ce": 0.003902435302734375, "eos_ce": 0.001190185546875}
{"stage": "optimizer_step", "id": "direct-heavy_tail-s06-a1", "step": 49, "answer_ce": 0.0008487701416015625, "eos_ce": 0.000324249267578125}
{"stage": "optimizer_step", "id": "direct-heavy_tail-s06-a1", "step": 65, "answer_ce": 0.000400543212890625, "eos_ce": 0.00025177001953125}
{"stage": "optimizer_step", "id": "direct-heavy_tail-s06-a1", "step": 81, "answer_ce": 0.000301361083984375, "eos_ce": 0.000125885009765625}
{"stage": "optimizer_step", "id": "direct-heavy_tail-s06-a1", "step": 97, "answer_ce": 0.0002231597900390625, "eos_ce": 0.000102996826171875}
{"stage": "optimizer_step", "id": "direct-heavy_tail-s06-a1", "step": 113, "answer_ce": 0.0001983642578125, "eos_ce": 8.392333984375e-05}
{"stage": "optimizer_step", "id": "direct-heavy_tail-s06-a1", "step": 129, "answer_ce": 0.00017547607421875, "eos_ce": 8.0108642578125e-05}
{"stage": "optimizer_step", "id": "direct-heavy_tail-s06-a1", "step": 145, "answer_ce": 0.000133514404296875, "eos_ce": 7.62939453125e-05}
{"stage": "optimizer_step", "id": "direct-heavy_tail-s06-a1", "step": 161, "answer_ce": 0.000133514404296875, "eos_ce": 4.1961669921875e-05}
{"stage": "optimizer_step", "id": "direct-heavy_tail-s06-a1", "step": 177, "answer_ce": 0.0001373291015625, "eos_ce": 5.340576171875e-05}
{"stage": "optimizer_step", "id": "direct-heavy_tail-s06-a1", "step": 193, "answer_ce": 0.000118255615234375, "eos_ce": 4.57763671875e-05}
{"stage": "optimizer_step", "id": "direct-heavy_tail-s06-a1", "step": 209, "answer_ce": 0.00011444091796875, "eos_ce": 4.57763671875e-05}
{"stage": "optimizer_step", "id": "direct-heavy_tail-s06-a1", "step": 225, "answer_ce": 8.7738037109375e-05, "eos_ce": 3.0517578125e-05}
{"stage": "optimizer_step", "id": "direct-heavy_tail-s06-a1", "step": 241, "answer_ce": 9.5367431640625e-05, "eos_ce": 3.4332275390625e-05}
{"stage": "run_complete", "id": "direct-heavy_tail-s06-a1", "qa_pass": true, "completed": 18, "seconds": 97.7321192799136}
`torch_dtype` is deprecated! Use `dtype` instead!
Loading checkpoint shards:   0%|                         | 0/2 [00:00<?, ?it/s]Loading checkpoint shards:  50%|████████▌        | 1/2 [00:01<00:01,  1.11s/it]Loading checkpoint shards: 100%|█████████████████| 2/2 [00:01<00:00,  1.15it/s]Loading checkpoint shards: 100%|█████████████████| 2/2 [00:01<00:00,  1.11it/s]
The following generation flags are not valid and may be ignored: ['temperature', 'top_p', 'top_k']. Set `TRANSFORMERS_VERBOSITY=info` for more details.
{"stage": "optimizer_step", "id": "direct-uniform-s07-a1", "step": 1, "answer_ce": 9.708301544189453, "eos_ce": 2.613790512084961}
{"stage": "optimizer_step", "id": "direct-uniform-s07-a1", "step": 17, "answer_ce": 0.04644012451171875, "eos_ce": 0.0024204254150390625}
{"stage": "optimizer_step", "id": "direct-uniform-s07-a1", "step": 33, "answer_ce": 0.0021114349365234375, "eos_ce": 0.000217437744140625}
{"stage": "optimizer_step", "id": "direct-uniform-s07-a1", "step": 49, "answer_ce": 0.000659942626953125, "eos_ce": 0.000217437744140625}
{"stage": "optimizer_step", "id": "direct-uniform-s07-a1", "step": 65, "answer_ce": 0.000385284423828125, "eos_ce": 7.62939453125e-05}
{"stage": "optimizer_step", "id": "direct-uniform-s07-a1", "step": 81, "answer_ce": 0.000278472900390625, "eos_ce": 5.7220458984375e-05}
{"stage": "optimizer_step", "id": "direct-uniform-s07-a1", "step": 97, "answer_ce": 0.000213623046875, "eos_ce": 4.1961669921875e-05}
{"stage": "optimizer_step", "id": "direct-uniform-s07-a1", "step": 113, "answer_ce": 0.000194549560546875, "eos_ce": 3.814697265625e-05}
{"stage": "optimizer_step", "id": "direct-uniform-s07-a1", "step": 129, "answer_ce": 0.000179290771484375, "eos_ce": 3.4332275390625e-05}
{"stage": "optimizer_step", "id": "direct-uniform-s07-a1", "step": 145, "answer_ce": 0.00012969970703125, "eos_ce": 2.6702880859375e-05}
{"stage": "optimizer_step", "id": "direct-uniform-s07-a1", "step": 161, "answer_ce": 0.000141143798828125, "eos_ce": 1.9073486328125e-05}
{"stage": "optimizer_step", "id": "direct-uniform-s07-a1", "step": 177, "answer_ce": 0.000125885009765625, "eos_ce": 2.288818359375e-05}
{"stage": "optimizer_step", "id": "direct-uniform-s07-a1", "step": 193, "answer_ce": 9.1552734375e-05, "eos_ce": 1.9073486328125e-05}
{"stage": "optimizer_step", "id": "direct-uniform-s07-a1", "step": 209, "answer_ce": 8.392333984375e-05, "eos_ce": 1.9073486328125e-05}
{"stage": "optimizer_step", "id": "direct-uniform-s07-a1", "step": 225, "answer_ce": 9.5367431640625e-05, "eos_ce": 1.52587890625e-05}
{"stage": "optimizer_step", "id": "direct-uniform-s07-a1", "step": 241, "answer_ce": 8.0108642578125e-05, "eos_ce": 1.52587890625e-05}
{"stage": "run_complete", "id": "direct-uniform-s07-a1", "qa_pass": true, "completed": 19, "seconds": 74.48196283169091}
{"stage": "optimizer_step", "id": "direct-rademacher-s07-a1", "step": 1, "answer_ce": 10.180444717407227, "eos_ce": 3.081554412841797}
{"stage": "optimizer_step", "id": "direct-rademacher-s07-a1", "step": 17, "answer_ce": 0.00635528564453125, "eos_ce": 0.00414276123046875}
{"stage": "optimizer_step", "id": "direct-rademacher-s07-a1", "step": 33, "answer_ce": 0.001644134521484375, "eos_ce": 0.00051116943359375}
{"stage": "optimizer_step", "id": "direct-rademacher-s07-a1", "step": 49, "answer_ce": 0.0006561279296875, "eos_ce": 0.000133514404296875}
{"stage": "optimizer_step", "id": "direct-rademacher-s07-a1", "step": 65, "answer_ce": 0.000484466552734375, "eos_ce": 9.1552734375e-05}
{"stage": "optimizer_step", "id": "direct-rademacher-s07-a1", "step": 81, "answer_ce": 0.000270843505859375, "eos_ce": 4.57763671875e-05}
{"stage": "optimizer_step", "id": "direct-rademacher-s07-a1", "step": 97, "answer_ce": 0.00019073486328125, "eos_ce": 4.1961669921875e-05}
{"stage": "optimizer_step", "id": "direct-rademacher-s07-a1", "step": 113, "answer_ce": 0.000179290771484375, "eos_ce": 3.0517578125e-05}
{"stage": "optimizer_step", "id": "direct-rademacher-s07-a1", "step": 129, "answer_ce": 0.0001373291015625, "eos_ce": 2.6702880859375e-05}
{"stage": "optimizer_step", "id": "direct-rademacher-s07-a1", "step": 145, "answer_ce": 9.918212890625e-05, "eos_ce": 2.6702880859375e-05}
{"stage": "optimizer_step", "id": "direct-rademacher-s07-a1", "step": 161, "answer_ce": 9.5367431640625e-05, "eos_ce": 1.9073486328125e-05}
{"stage": "optimizer_step", "id": "direct-rademacher-s07-a1", "step": 177, "answer_ce": 8.7738037109375e-05, "eos_ce": 1.52587890625e-05}
{"stage": "optimizer_step", "id": "direct-rademacher-s07-a1", "step": 193, "answer_ce": 9.1552734375e-05, "eos_ce": 1.9073486328125e-05}
{"stage": "optimizer_step", "id": "direct-rademacher-s07-a1", "step": 209, "answer_ce": 6.4849853515625e-05, "eos_ce": 1.52587890625e-05}
{"stage": "optimizer_step", "id": "direct-rademacher-s07-a1", "step": 225, "answer_ce": 7.2479248046875e-05, "eos_ce": 1.52587890625e-05}
{"stage": "optimizer_step", "id": "direct-rademacher-s07-a1", "step": 241, "answer_ce": 6.4849853515625e-05, "eos_ce": 1.52587890625e-05}
{"stage": "run_complete", "id": "direct-rademacher-s07-a1", "qa_pass": true, "completed": 20, "seconds": 72.93884789571166}
{"stage": "optimizer_step", "id": "direct-gaussian-s00-a0.25", "step": 1, "answer_ce": 10.795066833496094, "eos_ce": 3.402099609375}
{"stage": "optimizer_step", "id": "direct-gaussian-s00-a0.25", "step": 17, "answer_ce": 0.030620574951171875, "eos_ce": 0.002590179443359375}
{"stage": "optimizer_step", "id": "direct-gaussian-s00-a0.25", "step": 33, "answer_ce": 0.0032253265380859375, "eos_ce": 0.0009918212890625}
{"stage": "optimizer_step", "id": "direct-gaussian-s00-a0.25", "step": 49, "answer_ce": 0.0010814666748046875, "eos_ce": 0.000431060791015625}
{"stage": "optimizer_step", "id": "direct-gaussian-s00-a0.25", "step": 65, "answer_ce": 0.000736236572265625, "eos_ce": 0.00018310546875}
{"stage": "optimizer_step", "id": "direct-gaussian-s00-a0.25", "step": 81, "answer_ce": 0.0005168914794921875, "eos_ce": 0.000110626220703125}
{"stage": "optimizer_step", "id": "direct-gaussian-s00-a0.25", "step": 97, "answer_ce": 0.00035858154296875, "eos_ce": 9.5367431640625e-05}
{"stage": "optimizer_step", "id": "direct-gaussian-s00-a0.25", "step": 113, "answer_ce": 0.0003528594970703125, "eos_ce": 8.392333984375e-05}
{"stage": "optimizer_step", "id": "direct-gaussian-s00-a0.25", "step": 129, "answer_ce": 0.0003223419189453125, "eos_ce": 5.7220458984375e-05}
{"stage": "optimizer_step", "id": "direct-gaussian-s00-a0.25", "step": 145, "answer_ce": 0.00025177001953125, "eos_ce": 6.4849853515625e-05}
{"stage": "optimizer_step", "id": "direct-gaussian-s00-a0.25", "step": 161, "answer_ce": 0.000240325927734375, "eos_ce": 4.9591064453125e-05}
{"stage": "optimizer_step", "id": "direct-gaussian-s00-a0.25", "step": 177, "answer_ce": 0.0001983642578125, "eos_ce": 4.9591064453125e-05}
{"stage": "optimizer_step", "id": "direct-gaussian-s00-a0.25", "step": 193, "answer_ce": 0.0001678466796875, "eos_ce": 4.57763671875e-05}
{"stage": "optimizer_step", "id": "direct-gaussian-s00-a0.25", "step": 209, "answer_ce": 0.0001983642578125, "eos_ce": 4.1961669921875e-05}
{"stage": "optimizer_step", "id": "direct-gaussian-s00-a0.25", "step": 225, "answer_ce": 0.000152587890625, "eos_ce": 3.814697265625e-05}
{"stage": "optimizer_step", "id": "direct-gaussian-s00-a0.25", "step": 241, "answer_ce": 0.000171661376953125, "eos_ce": 2.6702880859375e-05}
{"stage": "run_complete", "id": "direct-gaussian-s00-a0.25", "qa_pass": true, "completed": 21, "seconds": 72.76546505559236}
{"stage": "optimizer_step", "id": "direct-gaussian-s00-a2", "step": 1, "answer_ce": 12.093561172485352, "eos_ce": 3.8239707946777344}
{"stage": "optimizer_step", "id": "direct-gaussian-s00-a2", "step": 17, "answer_ce": 0.14922523498535156, "eos_ce": 0.05396842956542969}
{"stage": "optimizer_step", "id": "direct-gaussian-s00-a2", "step": 33, "answer_ce": 0.04068565368652344, "eos_ce": 0.0033130645751953125}
{"stage": "optimizer_step", "id": "direct-gaussian-s00-a2", "step": 49, "answer_ce": 0.00359344482421875, "eos_ce": 0.000385284423828125}
{"stage": "optimizer_step", "id": "direct-gaussian-s00-a2", "step": 65, "answer_ce": 0.0018444061279296875, "eos_ce": 0.00022125244140625}
{"stage": "optimizer_step", "id": "direct-gaussian-s00-a2", "step": 81, "answer_ce": 0.0010585784912109375, "eos_ce": 0.000152587890625}
{"stage": "optimizer_step", "id": "direct-gaussian-s00-a2", "step": 97, "answer_ce": 0.00067138671875, "eos_ce": 7.62939453125e-05}
{"stage": "optimizer_step", "id": "direct-gaussian-s00-a2", "step": 113, "answer_ce": 0.000461578369140625, "eos_ce": 9.1552734375e-05}
{"stage": "optimizer_step", "id": "direct-gaussian-s00-a2", "step": 129, "answer_ce": 0.0003814697265625, "eos_ce": 7.2479248046875e-05}
{"stage": "optimizer_step", "id": "direct-gaussian-s00-a2", "step": 145, "answer_ce": 0.00031280517578125, "eos_ce": 5.7220458984375e-05}
{"stage": "optimizer_step", "id": "direct-gaussian-s00-a2", "step": 161, "answer_ce": 0.000335693359375, "eos_ce": 3.814697265625e-05}
{"stage": "optimizer_step", "id": "direct-gaussian-s00-a2", "step": 177, "answer_ce": 0.000217437744140625, "eos_ce": 3.4332275390625e-05}
{"stage": "optimizer_step", "id": "direct-gaussian-s00-a2", "step": 193, "answer_ce": 0.00026702880859375, "eos_ce": 3.4332275390625e-05}
{"stage": "optimizer_step", "id": "direct-gaussian-s00-a2", "step": 209, "answer_ce": 0.00020599365234375, "eos_ce": 2.288818359375e-05}
{"stage": "optimizer_step", "id": "direct-gaussian-s00-a2", "step": 225, "answer_ce": 0.00017547607421875, "eos_ce": 2.6702880859375e-05}
{"stage": "optimizer_step", "id": "direct-gaussian-s00-a2", "step": 241, "answer_ce": 0.000141143798828125, "eos_ce": 2.6702880859375e-05}
{"stage": "run_complete", "id": "direct-gaussian-s00-a2", "qa_pass": true, "completed": 22, "seconds": 73.46473868750036}
{"stage": "optimizer_step", "id": "direct-gaussian-s01-a0.25", "step": 1, "answer_ce": 9.605010986328125, "eos_ce": 3.2918243408203125}
{"stage": "optimizer_step", "id": "direct-gaussian-s01-a0.25", "step": 17, "answer_ce": 0.025671005249023438, "eos_ce": 0.00501251220703125}
{"stage": "optimizer_step", "id": "direct-gaussian-s01-a0.25", "step": 33, "answer_ce": 0.0023555755615234375, "eos_ce": 0.00164031982421875}
{"stage": "optimizer_step", "id": "direct-gaussian-s01-a0.25", "step": 49, "answer_ce": 0.001003265380859375, "eos_ce": 0.00041961669921875}
{"stage": "optimizer_step", "id": "direct-gaussian-s01-a0.25", "step": 65, "answer_ce": 0.0005474090576171875, "eos_ce": 0.0002899169921875}
{"stage": "optimizer_step", "id": "direct-gaussian-s01-a0.25", "step": 81, "answer_ce": 0.000423431396484375, "eos_ce": 0.00016021728515625}
{"stage": "optimizer_step", "id": "direct-gaussian-s01-a0.25", "step": 97, "answer_ce": 0.000339508056640625, "eos_ce": 0.00014495849609375}
{"stage": "optimizer_step", "id": "direct-gaussian-s01-a0.25", "step": 113, "answer_ce": 0.00026702880859375, "eos_ce": 0.000102996826171875}
{"stage": "optimizer_step", "id": "direct-gaussian-s01-a0.25", "step": 129, "answer_ce": 0.000225067138671875, "eos_ce": 0.00011444091796875}
{"stage": "optimizer_step", "id": "direct-gaussian-s01-a0.25", "step": 145, "answer_ce": 0.0002288818359375, "eos_ce": 0.00011444091796875}
{"stage": "optimizer_step", "id": "direct-gaussian-s01-a0.25", "step": 161, "answer_ce": 0.00020599365234375, "eos_ce": 7.2479248046875e-05}
{"stage": "optimizer_step", "id": "direct-gaussian-s01-a0.25", "step": 177, "answer_ce": 0.0001678466796875, "eos_ce": 7.2479248046875e-05}
{"stage": "optimizer_step", "id": "direct-gaussian-s01-a0.25", "step": 193, "answer_ce": 0.000164031982421875, "eos_ce": 6.4849853515625e-05}
{"stage": "optimizer_step", "id": "direct-gaussian-s01-a0.25", "step": 209, "answer_ce": 0.000152587890625, "eos_ce": 6.103515625e-05}
{"stage": "optimizer_step", "id": "direct-gaussian-s01-a0.25", "step": 225, "answer_ce": 0.000118255615234375, "eos_ce": 4.57763671875e-05}
{"stage": "optimizer_step", "id": "direct-gaussian-s01-a0.25", "step": 241, "answer_ce": 0.0001220703125, "eos_ce": 6.103515625e-05}
{"stage": "run_complete", "id": "direct-gaussian-s01-a0.25", "qa_pass": true, "completed": 23, "seconds": 75.56440193578601}
{"stage": "optimizer_step", "id": "direct-gaussian-s01-a2", "step": 1, "answer_ce": 12.060998916625977, "eos_ce": 3.9245452880859375}
{"stage": "optimizer_step", "id": "direct-gaussian-s01-a2", "step": 17, "answer_ce": 0.6170387268066406, "eos_ce": 0.2928752899169922}
{"stage": "optimizer_step", "id": "direct-gaussian-s01-a2", "step": 33, "answer_ce": 0.13837814331054688, "eos_ce": 0.05723381042480469}
{"stage": "optimizer_step", "id": "direct-gaussian-s01-a2", "step": 49, "answer_ce": 0.031042098999023438, "eos_ce": 0.018060684204101562}
{"stage": "optimizer_step", "id": "direct-gaussian-s01-a2", "step": 65, "answer_ce": 0.013261795043945312, "eos_ce": 0.00858306884765625}
{"stage": "optimizer_step", "id": "direct-gaussian-s01-a2", "step": 81, "answer_ce": 0.004550933837890625, "eos_ce": 0.004695892333984375}
{"stage": "optimizer_step", "id": "direct-gaussian-s01-a2", "step": 97, "answer_ce": 0.002956390380859375, "eos_ce": 0.0033016204833984375}
{"stage": "optimizer_step", "id": "direct-gaussian-s01-a2", "step": 113, "answer_ce": 0.0018787384033203125, "eos_ce": 0.0023059844970703125}
{"stage": "optimizer_step", "id": "direct-gaussian-s01-a2", "step": 129, "answer_ce": 0.0016536712646484375, "eos_ce": 0.0019359588623046875}
{"stage": "optimizer_step", "id": "direct-gaussian-s01-a2", "step": 145, "answer_ce": 0.0013217926025390625, "eos_ce": 0.001636505126953125}
{"stage": "optimizer_step", "id": "direct-gaussian-s01-a2", "step": 161, "answer_ce": 0.0011444091796875, "eos_ce": 0.0011119842529296875}
{"stage": "optimizer_step", "id": "direct-gaussian-s01-a2", "step": 177, "answer_ce": 0.0009021759033203125, "eos_ce": 0.001491546630859375}
{"stage": "optimizer_step", "id": "direct-gaussian-s01-a2", "step": 193, "answer_ce": 0.0007781982421875, "eos_ce": 0.001041412353515625}
{"stage": "optimizer_step", "id": "direct-gaussian-s01-a2", "step": 209, "answer_ce": 0.0007991790771484375, "eos_ce": 0.0009822845458984375}
{"stage": "optimizer_step", "id": "direct-gaussian-s01-a2", "step": 225, "answer_ce": 0.000690460205078125, "eos_ce": 0.0009212493896484375}
{"stage": "optimizer_step", "id": "direct-gaussian-s01-a2", "step": 241, "answer_ce": 0.0006160736083984375, "eos_ce": 0.0007534027099609375}
{"stage": "run_complete", "id": "direct-gaussian-s01-a2", "qa_pass": true, "completed": 24, "seconds": 76.34783223737031}
{"stage": "optimizer_step", "id": "direct-gaussian-s02-a0.25", "step": 1, "answer_ce": 10.457025527954102, "eos_ce": 4.012310028076172}
{"stage": "optimizer_step", "id": "direct-gaussian-s02-a0.25", "step": 17, "answer_ce": 0.36091041564941406, "eos_ce": 0.04260826110839844}
{"stage": "optimizer_step", "id": "direct-gaussian-s02-a0.25", "step": 33, "answer_ce": 0.0047626495361328125, "eos_ce": 0.0007171630859375}
{"stage": "optimizer_step", "id": "direct-gaussian-s02-a0.25", "step": 49, "answer_ce": 0.0012912750244140625, "eos_ce": 0.00025177001953125}
{"stage": "optimizer_step", "id": "direct-gaussian-s02-a0.25", "step": 65, "answer_ce": 0.0008087158203125, "eos_ce": 0.000118255615234375}
{"stage": "optimizer_step", "id": "direct-gaussian-s02-a0.25", "step": 81, "answer_ce": 0.00051116943359375, "eos_ce": 0.00011444091796875}
{"stage": "optimizer_step", "id": "direct-gaussian-s02-a0.25", "step": 97, "answer_ce": 0.00042724609375, "eos_ce": 8.7738037109375e-05}
{"stage": "optimizer_step", "id": "direct-gaussian-s02-a0.25", "step": 113, "answer_ce": 0.000347137451171875, "eos_ce": 7.62939453125e-05}
{"stage": "optimizer_step", "id": "direct-gaussian-s02-a0.25", "step": 129, "answer_ce": 0.000324249267578125, "eos_ce": 4.9591064453125e-05}
{"stage": "optimizer_step", "id": "direct-gaussian-s02-a0.25", "step": 145, "answer_ce": 0.0002593994140625, "eos_ce": 4.9591064453125e-05}
{"stage": "optimizer_step", "id": "direct-gaussian-s02-a0.25", "step": 161, "answer_ce": 0.000244140625, "eos_ce": 4.9591064453125e-05}
{"stage": "optimizer_step", "id": "direct-gaussian-s02-a0.25", "step": 177, "answer_ce": 0.0002269744873046875, "eos_ce": 3.4332275390625e-05}
{"stage": "optimizer_step", "id": "direct-gaussian-s02-a0.25", "step": 193, "answer_ce": 0.000194549560546875, "eos_ce": 3.4332275390625e-05}
{"stage": "optimizer_step", "id": "direct-gaussian-s02-a0.25", "step": 209, "answer_ce": 0.0001983642578125, "eos_ce": 3.0517578125e-05}
{"stage": "optimizer_step", "id": "direct-gaussian-s02-a0.25", "step": 225, "answer_ce": 0.0001735687255859375, "eos_ce": 3.4332275390625e-05}
{"stage": "optimizer_step", "id": "direct-gaussian-s02-a0.25", "step": 241, "answer_ce": 0.0001659393310546875, "eos_ce": 3.0517578125e-05}
{"stage": "run_complete", "id": "direct-gaussian-s02-a0.25", "qa_pass": true, "completed": 25, "seconds": 72.18514396995306}
{"stage": "optimizer_step", "id": "direct-gaussian-s02-a2", "step": 1, "answer_ce": 11.592403411865234, "eos_ce": 3.7487869262695312}
{"stage": "optimizer_step", "id": "direct-gaussian-s02-a2", "step": 17, "answer_ce": 1.7508983612060547, "eos_ce": 0.07282257080078125}
{"stage": "optimizer_step", "id": "direct-gaussian-s02-a2", "step": 33, "answer_ce": 0.0077686309814453125, "eos_ce": 0.00485992431640625}
{"stage": "optimizer_step", "id": "direct-gaussian-s02-a2", "step": 49, "answer_ce": 0.00225830078125, "eos_ce": 0.001373291015625}
{"stage": "optimizer_step", "id": "direct-gaussian-s02-a2", "step": 65, "answer_ce": 0.0012798309326171875, "eos_ce": 0.000827789306640625}
{"stage": "optimizer_step", "id": "direct-gaussian-s02-a2", "step": 81, "answer_ce": 0.00091552734375, "eos_ce": 0.000438690185546875}
{"stage": "optimizer_step", "id": "direct-gaussian-s02-a2", "step": 97, "answer_ce": 0.000782012939453125, "eos_ce": 0.00034332275390625}
{"stage": "optimizer_step", "id": "direct-gaussian-s02-a2", "step": 113, "answer_ce": 0.00080108642578125, "eos_ce": 0.000240325927734375}
{"stage": "optimizer_step", "id": "direct-gaussian-s02-a2", "step": 129, "answer_ce": 0.0005855560302734375, "eos_ce": 0.00023651123046875}
{"stage": "optimizer_step", "id": "direct-gaussian-s02-a2", "step": 145, "answer_ce": 0.0004444122314453125, "eos_ce": 0.000164031982421875}
{"stage": "optimizer_step", "id": "direct-gaussian-s02-a2", "step": 161, "answer_ce": 0.0003871917724609375, "eos_ce": 0.000164031982421875}
{"stage": "optimizer_step", "id": "direct-gaussian-s02-a2", "step": 177, "answer_ce": 0.0003910064697265625, "eos_ce": 0.000125885009765625}
{"stage": "optimizer_step", "id": "direct-gaussian-s02-a2", "step": 193, "answer_ce": 0.0003414154052734375, "eos_ce": 0.000110626220703125}
{"stage": "optimizer_step", "id": "direct-gaussian-s02-a2", "step": 209, "answer_ce": 0.000324249267578125, "eos_ce": 0.000110626220703125}
{"stage": "optimizer_step", "id": "direct-gaussian-s02-a2", "step": 225, "answer_ce": 0.000278472900390625, "eos_ce": 9.918212890625e-05}
{"stage": "optimizer_step", "id": "direct-gaussian-s02-a2", "step": 241, "answer_ce": 0.00023651123046875, "eos_ce": 8.7738037109375e-05}
{"stage": "run_complete", "id": "direct-gaussian-s02-a2", "qa_pass": true, "completed": 26, "seconds": 73.64840008225292}
{"stage": "optimizer_step", "id": "direct-gaussian-s03-a0.25", "step": 1, "answer_ce": 10.157281875610352, "eos_ce": 3.5160255432128906}
{"stage": "optimizer_step", "id": "direct-gaussian-s03-a0.25", "step": 17, "answer_ce": 0.011709213256835938, "eos_ce": 0.00856781005859375}
{"stage": "optimizer_step", "id": "direct-gaussian-s03-a0.25", "step": 33, "answer_ce": 0.0024242401123046875, "eos_ce": 0.000972747802734375}
{"stage": "optimizer_step", "id": "direct-gaussian-s03-a0.25", "step": 49, "answer_ce": 0.001117706298828125, "eos_ce": 0.000308990478515625}
{"stage": "optimizer_step", "id": "direct-gaussian-s03-a0.25", "step": 65, "answer_ce": 0.000591278076171875, "eos_ce": 0.000209808349609375}
{"stage": "optimizer_step", "id": "direct-gaussian-s03-a0.25", "step": 81, "answer_ce": 0.000370025634765625, "eos_ce": 0.000110626220703125}
{"stage": "optimizer_step", "id": "direct-gaussian-s03-a0.25", "step": 97, "answer_ce": 0.00035858154296875, "eos_ce": 0.0001373291015625}
{"stage": "optimizer_step", "id": "direct-gaussian-s03-a0.25", "step": 113, "answer_ce": 0.000274658203125, "eos_ce": 8.392333984375e-05}
{"stage": "optimizer_step", "id": "direct-gaussian-s03-a0.25", "step": 129, "answer_ce": 0.000255584716796875, "eos_ce": 8.0108642578125e-05}
{"stage": "optimizer_step", "id": "direct-gaussian-s03-a0.25", "step": 145, "answer_ce": 0.00018310546875, "eos_ce": 5.7220458984375e-05}
{"stage": "optimizer_step", "id": "direct-gaussian-s03-a0.25", "step": 161, "answer_ce": 0.00019073486328125, "eos_ce": 4.57763671875e-05}
{"stage": "optimizer_step", "id": "direct-gaussian-s03-a0.25", "step": 177, "answer_ce": 0.000156402587890625, "eos_ce": 4.9591064453125e-05}
{"stage": "optimizer_step", "id": "direct-gaussian-s03-a0.25", "step": 193, "answer_ce": 0.000125885009765625, "eos_ce": 3.814697265625e-05}
{"stage": "optimizer_step", "id": "direct-gaussian-s03-a0.25", "step": 209, "answer_ce": 0.00011444091796875, "eos_ce": 3.4332275390625e-05}
{"stage": "optimizer_step", "id": "direct-gaussian-s03-a0.25", "step": 225, "answer_ce": 9.5367431640625e-05, "eos_ce": 3.0517578125e-05}
{"stage": "optimizer_step", "id": "direct-gaussian-s03-a0.25", "step": 241, "answer_ce": 0.000102996826171875, "eos_ce": 2.288818359375e-05}
{"stage": "run_complete", "id": "direct-gaussian-s03-a0.25", "qa_pass": true, "completed": 27, "seconds": 73.65630292985588}
{"stage": "optimizer_step", "id": "direct-gaussian-s03-a2", "step": 1, "answer_ce": 10.835168838500977, "eos_ce": 3.7134571075439453}
{"stage": "optimizer_step", "id": "direct-gaussian-s03-a2", "step": 17, "answer_ce": 0.05190277099609375, "eos_ce": 0.003376007080078125}
{"stage": "optimizer_step", "id": "direct-gaussian-s03-a2", "step": 33, "answer_ce": 0.00299835205078125, "eos_ce": 0.000514984130859375}
{"stage": "optimizer_step", "id": "direct-gaussian-s03-a2", "step": 49, "answer_ce": 0.00048828125, "eos_ce": 0.000171661376953125}
{"stage": "optimizer_step", "id": "direct-gaussian-s03-a2", "step": 65, "answer_ce": 0.00030517578125, "eos_ce": 9.918212890625e-05}
{"stage": "optimizer_step", "id": "direct-gaussian-s03-a2", "step": 81, "answer_ce": 0.00023651123046875, "eos_ce": 7.62939453125e-05}
{"stage": "optimizer_step", "id": "direct-gaussian-s03-a2", "step": 97, "answer_ce": 0.00016021728515625, "eos_ce": 6.866455078125e-05}
{"stage": "optimizer_step", "id": "direct-gaussian-s03-a2", "step": 113, "answer_ce": 0.000148773193359375, "eos_ce": 6.103515625e-05}
{"stage": "optimizer_step", "id": "direct-gaussian-s03-a2", "step": 129, "answer_ce": 0.00011444091796875, "eos_ce": 4.1961669921875e-05}
{"stage": "optimizer_step", "id": "direct-gaussian-s03-a2", "step": 145, "answer_ce": 0.0001373291015625, "eos_ce": 3.814697265625e-05}
{"stage": "optimizer_step", "id": "direct-gaussian-s03-a2", "step": 161, "answer_ce": 0.000102996826171875, "eos_ce": 4.57763671875e-05}
{"stage": "optimizer_step", "id": "direct-gaussian-s03-a2", "step": 177, "answer_ce": 0.000118255615234375, "eos_ce": 3.0517578125e-05}
{"stage": "optimizer_step", "id": "direct-gaussian-s03-a2", "step": 193, "answer_ce": 9.1552734375e-05, "eos_ce": 3.0517578125e-05}
{"stage": "optimizer_step", "id": "direct-gaussian-s03-a2", "step": 209, "answer_ce": 0.000102996826171875, "eos_ce": 3.0517578125e-05}
{"stage": "optimizer_step", "id": "direct-gaussian-s03-a2", "step": 225, "answer_ce": 8.392333984375e-05, "eos_ce": 1.9073486328125e-05}
{"stage": "optimizer_step", "id": "direct-gaussian-s03-a2", "step": 241, "answer_ce": 7.62939453125e-05, "eos_ce": 3.814697265625e-05}
{"stage": "run_complete", "id": "direct-gaussian-s03-a2", "qa_pass": true, "completed": 28, "seconds": 74.49857537262142}
{"stage": "optimizer_step", "id": "direct-gaussian-s04-a0.25", "step": 1, "answer_ce": 10.381278991699219, "eos_ce": 3.7502613067626953}
{"stage": "optimizer_step", "id": "direct-gaussian-s04-a0.25", "step": 17, "answer_ce": 1.6801834106445312, "eos_ce": 0.30893516540527344}
{"stage": "optimizer_step", "id": "direct-gaussian-s04-a0.25", "step": 33, "answer_ce": 0.014108657836914062, "eos_ce": 0.015247344970703125}
{"stage": "optimizer_step", "id": "direct-gaussian-s04-a0.25", "step": 49, "answer_ce": 0.0045928955078125, "eos_ce": 0.0011768341064453125}
{"stage": "optimizer_step", "id": "direct-gaussian-s04-a0.25", "step": 65, "answer_ce": 0.002132415771484375, "eos_ce": 0.000885009765625}
{"stage": "optimizer_step", "id": "direct-gaussian-s04-a0.25", "step": 81, "answer_ce": 0.0009002685546875, "eos_ce": 0.00051116943359375}
{"stage": "optimizer_step", "id": "direct-gaussian-s04-a0.25", "step": 97, "answer_ce": 0.000621795654296875, "eos_ce": 0.000396728515625}
{"stage": "optimizer_step", "id": "direct-gaussian-s04-a0.25", "step": 113, "answer_ce": 0.00186920166015625, "eos_ce": 0.001567840576171875}
{"stage": "optimizer_step", "id": "direct-gaussian-s04-a0.25", "step": 129, "answer_ce": 0.0008697509765625, "eos_ce": 0.000457763671875}
{"stage": "optimizer_step", "id": "direct-gaussian-s04-a0.25", "step": 145, "answer_ce": 0.00045013427734375, "eos_ce": 0.000202178955078125}
{"stage": "optimizer_step", "id": "direct-gaussian-s04-a0.25", "step": 161, "answer_ce": 0.0003509521484375, "eos_ce": 0.00018310546875}
{"stage": "optimizer_step", "id": "direct-gaussian-s04-a0.25", "step": 177, "answer_ce": 0.00026702880859375, "eos_ce": 0.00014495849609375}
{"stage": "optimizer_step", "id": "direct-gaussian-s04-a0.25", "step": 193, "answer_ce": 0.00022125244140625, "eos_ce": 0.000110626220703125}
{"stage": "optimizer_step", "id": "direct-gaussian-s04-a0.25", "step": 209, "answer_ce": 0.000209808349609375, "eos_ce": 0.000110626220703125}
{"stage": "optimizer_step", "id": "direct-gaussian-s04-a0.25", "step": 225, "answer_ce": 0.000179290771484375, "eos_ce": 8.7738037109375e-05}
{"stage": "optimizer_step", "id": "direct-gaussian-s04-a0.25", "step": 241, "answer_ce": 0.00019073486328125, "eos_ce": 6.4849853515625e-05}
{"stage": "run_complete", "id": "direct-gaussian-s04-a0.25", "qa_pass": true, "completed": 29, "seconds": 73.99283077195287}
{"stage": "optimizer_step", "id": "direct-gaussian-s04-a2", "step": 1, "answer_ce": 11.486841201782227, "eos_ce": 3.8838539123535156}
{"stage": "optimizer_step", "id": "direct-gaussian-s04-a2", "step": 17, "answer_ce": 0.039936065673828125, "eos_ce": 0.0106201171875}
{"stage": "optimizer_step", "id": "direct-gaussian-s04-a2", "step": 33, "answer_ce": 0.0038967132568359375, "eos_ce": 0.002460479736328125}
{"stage": "optimizer_step", "id": "direct-gaussian-s04-a2", "step": 49, "answer_ce": 0.0018177032470703125, "eos_ce": 0.0006256103515625}
{"stage": "optimizer_step", "id": "direct-gaussian-s04-a2", "step": 65, "answer_ce": 0.0006847381591796875, "eos_ce": 0.000255584716796875}
{"stage": "optimizer_step", "id": "direct-gaussian-s04-a2", "step": 81, "answer_ce": 0.0005283355712890625, "eos_ce": 0.000194549560546875}
{"stage": "optimizer_step", "id": "direct-gaussian-s04-a2", "step": 97, "answer_ce": 0.00035858154296875, "eos_ce": 0.000125885009765625}
{"stage": "optimizer_step", "id": "direct-gaussian-s04-a2", "step": 113, "answer_ce": 0.000301361083984375, "eos_ce": 6.103515625e-05}
{"stage": "optimizer_step", "id": "direct-gaussian-s04-a2", "step": 129, "answer_ce": 0.0002288818359375, "eos_ce": 8.0108642578125e-05}
{"stage": "optimizer_step", "id": "direct-gaussian-s04-a2", "step": 145, "answer_ce": 0.00023651123046875, "eos_ce": 5.340576171875e-05}
{"stage": "optimizer_step", "id": "direct-gaussian-s04-a2", "step": 161, "answer_ce": 0.0001983642578125, "eos_ce": 4.9591064453125e-05}
{"stage": "optimizer_step", "id": "direct-gaussian-s04-a2", "step": 177, "answer_ce": 0.000164031982421875, "eos_ce": 5.340576171875e-05}
{"stage": "optimizer_step", "id": "direct-gaussian-s04-a2", "step": 193, "answer_ce": 0.0001983642578125, "eos_ce": 3.814697265625e-05}
{"stage": "optimizer_step", "id": "direct-gaussian-s04-a2", "step": 209, "answer_ce": 0.000179290771484375, "eos_ce": 4.9591064453125e-05}
{"stage": "optimizer_step", "id": "direct-gaussian-s04-a2", "step": 225, "answer_ce": 0.00016021728515625, "eos_ce": 3.814697265625e-05}
{"stage": "optimizer_step", "id": "direct-gaussian-s04-a2", "step": 241, "answer_ce": 0.00012969970703125, "eos_ce": 3.0517578125e-05}
{"stage": "run_complete", "id": "direct-gaussian-s04-a2", "qa_pass": true, "completed": 30, "seconds": 73.02836425974965}
{"stage": "optimizer_step", "id": "direct-gaussian-s05-a0.25", "step": 1, "answer_ce": 9.970952987670898, "eos_ce": 3.865823745727539}
{"stage": "optimizer_step", "id": "direct-gaussian-s05-a0.25", "step": 17, "answer_ce": 0.0678558349609375, "eos_ce": 0.0077838897705078125}
{"stage": "optimizer_step", "id": "direct-gaussian-s05-a0.25", "step": 33, "answer_ce": 0.004970550537109375, "eos_ce": 0.000988006591796875}
{"stage": "optimizer_step", "id": "direct-gaussian-s05-a0.25", "step": 49, "answer_ce": 0.00176239013671875, "eos_ce": 0.000545501708984375}
{"stage": "optimizer_step", "id": "direct-gaussian-s05-a0.25", "step": 65, "answer_ce": 0.001247406005859375, "eos_ce": 0.000274658203125}
{"stage": "optimizer_step", "id": "direct-gaussian-s05-a0.25", "step": 81, "answer_ce": 0.000885009765625, "eos_ce": 0.000202178955078125}
{"stage": "optimizer_step", "id": "direct-gaussian-s05-a0.25", "step": 97, "answer_ce": 0.000766754150390625, "eos_ce": 0.00020599365234375}
{"stage": "optimizer_step", "id": "direct-gaussian-s05-a0.25", "step": 113, "answer_ce": 0.00066375732421875, "eos_ce": 0.000152587890625}
{"stage": "optimizer_step", "id": "direct-gaussian-s05-a0.25", "step": 129, "answer_ce": 0.0004978179931640625, "eos_ce": 0.00014495849609375}
{"stage": "optimizer_step", "id": "direct-gaussian-s05-a0.25", "step": 145, "answer_ce": 0.00042724609375, "eos_ce": 0.000133514404296875}
{"stage": "optimizer_step", "id": "direct-gaussian-s05-a0.25", "step": 161, "answer_ce": 0.000431060791015625, "eos_ce": 0.000110626220703125}
{"stage": "optimizer_step", "id": "direct-gaussian-s05-a0.25", "step": 177, "answer_ce": 0.000400543212890625, "eos_ce": 8.0108642578125e-05}
{"stage": "optimizer_step", "id": "direct-gaussian-s05-a0.25", "step": 193, "answer_ce": 0.0003814697265625, "eos_ce": 9.1552734375e-05}
{"stage": "optimizer_step", "id": "direct-gaussian-s05-a0.25", "step": 209, "answer_ce": 0.00031280517578125, "eos_ce": 9.918212890625e-05}
{"stage": "optimizer_step", "id": "direct-gaussian-s05-a0.25", "step": 225, "answer_ce": 0.000316619873046875, "eos_ce": 7.62939453125e-05}
{"stage": "optimizer_step", "id": "direct-gaussian-s05-a0.25", "step": 241, "answer_ce": 0.000247955322265625, "eos_ce": 6.866455078125e-05}
{"stage": "run_complete", "id": "direct-gaussian-s05-a0.25", "qa_pass": true, "completed": 31, "seconds": 72.62304236087948}
{"stage": "optimizer_step", "id": "direct-gaussian-s05-a2", "step": 1, "answer_ce": 10.90015983581543, "eos_ce": 3.0493736267089844}
{"stage": "optimizer_step", "id": "direct-gaussian-s05-a2", "step": 17, "answer_ce": 1.4902706146240234, "eos_ce": 0.228302001953125}
{"stage": "optimizer_step", "id": "direct-gaussian-s05-a2", "step": 33, "answer_ce": 0.017162322998046875, "eos_ce": 0.0025768280029296875}
{"stage": "optimizer_step", "id": "direct-gaussian-s05-a2", "step": 49, "answer_ce": 0.0040836334228515625, "eos_ce": 0.0014629364013671875}
{"stage": "optimizer_step", "id": "direct-gaussian-s05-a2", "step": 65, "answer_ce": 0.0022068023681640625, "eos_ce": 0.000644683837890625}
{"stage": "optimizer_step", "id": "direct-gaussian-s05-a2", "step": 81, "answer_ce": 0.0015106201171875, "eos_ce": 0.000598907470703125}
{"stage": "optimizer_step", "id": "direct-gaussian-s05-a2", "step": 97, "answer_ce": 0.00141143798828125, "eos_ce": 0.000396728515625}
{"stage": "optimizer_step", "id": "direct-gaussian-s05-a2", "step": 113, "answer_ce": 0.0012149810791015625, "eos_ce": 0.000396728515625}
{"stage": "optimizer_step", "id": "direct-gaussian-s05-a2", "step": 129, "answer_ce": 0.0009593963623046875, "eos_ce": 0.000324249267578125}
{"stage": "optimizer_step", "id": "direct-gaussian-s05-a2", "step": 145, "answer_ce": 0.000942230224609375, "eos_ce": 0.000244140625}
{"stage": "optimizer_step", "id": "direct-gaussian-s05-a2", "step": 161, "answer_ce": 0.0007457733154296875, "eos_ce": 0.000247955322265625}
{"stage": "optimizer_step", "id": "direct-gaussian-s05-a2", "step": 177, "answer_ce": 0.0007114410400390625, "eos_ce": 0.000247955322265625}
{"stage": "optimizer_step", "id": "direct-gaussian-s05-a2", "step": 193, "answer_ce": 0.0005550384521484375, "eos_ce": 0.000240325927734375}
{"stage": "optimizer_step", "id": "direct-gaussian-s05-a2", "step": 209, "answer_ce": 0.000614166259765625, "eos_ce": 0.000244140625}
{"stage": "optimizer_step", "id": "direct-gaussian-s05-a2", "step": 225, "answer_ce": 0.0004596710205078125, "eos_ce": 0.00017547607421875}
{"stage": "optimizer_step", "id": "direct-gaussian-s05-a2", "step": 241, "answer_ce": 0.0005054473876953125, "eos_ce": 0.000148773193359375}
{"stage": "run_complete", "id": "direct-gaussian-s05-a2", "qa_pass": true, "completed": 32, "seconds": 74.01088812295347}
{"stage": "optimizer_step", "id": "direct-gaussian-s06-a0.25", "step": 1, "answer_ce": 9.894020080566406, "eos_ce": 3.5631771087646484}
{"stage": "optimizer_step", "id": "direct-gaussian-s06-a0.25", "step": 17, "answer_ce": 1.4995765686035156, "eos_ce": 0.2442798614501953}
{"stage": "optimizer_step", "id": "direct-gaussian-s06-a0.25", "step": 33, "answer_ce": 0.059268951416015625, "eos_ce": 0.06729316711425781}
{"stage": "optimizer_step", "id": "direct-gaussian-s06-a0.25", "step": 49, "answer_ce": 0.00982666015625, "eos_ce": 0.010072708129882812}
{"stage": "optimizer_step", "id": "direct-gaussian-s06-a0.25", "step": 65, "answer_ce": 0.0041179656982421875, "eos_ce": 0.0045108795166015625}
{"stage": "optimizer_step", "id": "direct-gaussian-s06-a0.25", "step": 81, "answer_ce": 0.0029315948486328125, "eos_ce": 0.00370025634765625}
{"stage": "optimizer_step", "id": "direct-gaussian-s06-a0.25", "step": 97, "answer_ce": 0.0019626617431640625, "eos_ce": 0.0027904510498046875}
{"stage": "optimizer_step", "id": "direct-gaussian-s06-a0.25", "step": 113, "answer_ce": 0.001544952392578125, "eos_ce": 0.0024089813232421875}
{"stage": "optimizer_step", "id": "direct-gaussian-s06-a0.25", "step": 129, "answer_ce": 0.001384735107421875, "eos_ce": 0.001865386962890625}
{"stage": "optimizer_step", "id": "direct-gaussian-s06-a0.25", "step": 145, "answer_ce": 0.0011272430419921875, "eos_ce": 0.0017871856689453125}
{"stage": "optimizer_step", "id": "direct-gaussian-s06-a0.25", "step": 161, "answer_ce": 0.0009784698486328125, "eos_ce": 0.0015869140625}
{"stage": "optimizer_step", "id": "direct-gaussian-s06-a0.25", "step": 177, "answer_ce": 0.00080108642578125, "eos_ce": 0.0015411376953125}
{"stage": "optimizer_step", "id": "direct-gaussian-s06-a0.25", "step": 193, "answer_ce": 0.000782012939453125, "eos_ce": 0.0012950897216796875}
{"stage": "optimizer_step", "id": "direct-gaussian-s06-a0.25", "step": 209, "answer_ce": 0.0005779266357421875, "eos_ce": 0.0011768341064453125}
{"stage": "optimizer_step", "id": "direct-gaussian-s06-a0.25", "step": 225, "answer_ce": 0.0005359649658203125, "eos_ce": 0.001110076904296875}
{"stage": "optimizer_step", "id": "direct-gaussian-s06-a0.25", "step": 241, "answer_ce": 0.0005359649658203125, "eos_ce": 0.001087188720703125}
{"stage": "run_complete", "id": "direct-gaussian-s06-a0.25", "qa_pass": true, "completed": 33, "seconds": 72.75891764461994}
{"stage": "optimizer_step", "id": "direct-gaussian-s06-a2", "step": 1, "answer_ce": 9.927785873413086, "eos_ce": 3.0196475982666016}
{"stage": "optimizer_step", "id": "direct-gaussian-s06-a2", "step": 17, "answer_ce": 0.07237052917480469, "eos_ce": 0.04214286804199219}
{"stage": "optimizer_step", "id": "direct-gaussian-s06-a2", "step": 33, "answer_ce": 0.00687408447265625, "eos_ce": 0.0040836334228515625}
{"stage": "optimizer_step", "id": "direct-gaussian-s06-a2", "step": 49, "answer_ce": 0.0021152496337890625, "eos_ce": 0.00177764892578125}
{"stage": "optimizer_step", "id": "direct-gaussian-s06-a2", "step": 65, "answer_ce": 0.0012378692626953125, "eos_ce": 0.000942230224609375}
{"stage": "optimizer_step", "id": "direct-gaussian-s06-a2", "step": 81, "answer_ce": 0.000804901123046875, "eos_ce": 0.000667572021484375}
{"stage": "optimizer_step", "id": "direct-gaussian-s06-a2", "step": 97, "answer_ce": 0.000698089599609375, "eos_ce": 0.00046539306640625}
{"stage": "optimizer_step", "id": "direct-gaussian-s06-a2", "step": 113, "answer_ce": 0.000507354736328125, "eos_ce": 0.000324249267578125}
{"stage": "optimizer_step", "id": "direct-gaussian-s06-a2", "step": 129, "answer_ce": 0.00042724609375, "eos_ce": 0.000293731689453125}
{"stage": "optimizer_step", "id": "direct-gaussian-s06-a2", "step": 145, "answer_ce": 0.00035858154296875, "eos_ce": 0.00023651123046875}
{"stage": "optimizer_step", "id": "direct-gaussian-s06-a2", "step": 161, "answer_ce": 0.000396728515625, "eos_ce": 0.000286102294921875}
{"stage": "optimizer_step", "id": "direct-gaussian-s06-a2", "step": 177, "answer_ce": 0.000331878662109375, "eos_ce": 0.0002593994140625}
{"stage": "optimizer_step", "id": "direct-gaussian-s06-a2", "step": 193, "answer_ce": 0.000335693359375, "eos_ce": 0.0001983642578125}
{"stage": "optimizer_step", "id": "direct-gaussian-s06-a2", "step": 209, "answer_ce": 0.00034332275390625, "eos_ce": 0.0001373291015625}
{"stage": "optimizer_step", "id": "direct-gaussian-s06-a2", "step": 225, "answer_ce": 0.000263214111328125, "eos_ce": 0.000164031982421875}
{"stage": "optimizer_step", "id": "direct-gaussian-s06-a2", "step": 241, "answer_ce": 0.0002593994140625, "eos_ce": 0.000141143798828125}
{"stage": "run_complete", "id": "direct-gaussian-s06-a2", "qa_pass": true, "completed": 34, "seconds": 75.28041991684586}
{"stage": "optimizer_step", "id": "direct-gaussian-s07-a0.25", "step": 1, "answer_ce": 10.679641723632812, "eos_ce": 3.7896251678466797}
{"stage": "optimizer_step", "id": "direct-gaussian-s07-a0.25", "step": 17, "answer_ce": 1.5216941833496094, "eos_ce": 0.17731094360351562}
{"stage": "optimizer_step", "id": "direct-gaussian-s07-a0.25", "step": 33, "answer_ce": 0.14103126525878906, "eos_ce": 0.06994438171386719}
{"stage": "optimizer_step", "id": "direct-gaussian-s07-a0.25", "step": 49, "answer_ce": 0.004974365234375, "eos_ce": 0.003803253173828125}
{"stage": "optimizer_step", "id": "direct-gaussian-s07-a0.25", "step": 65, "answer_ce": 0.0016937255859375, "eos_ce": 0.000446319580078125}
{"stage": "optimizer_step", "id": "direct-gaussian-s07-a0.25", "step": 81, "answer_ce": 0.0015392303466796875, "eos_ce": 0.00017547607421875}
{"stage": "optimizer_step", "id": "direct-gaussian-s07-a0.25", "step": 97, "answer_ce": 0.00091552734375, "eos_ce": 0.0001068115234375}
{"stage": "optimizer_step", "id": "direct-gaussian-s07-a0.25", "step": 113, "answer_ce": 0.0007381439208984375, "eos_ce": 0.0001068115234375}
{"stage": "optimizer_step", "id": "direct-gaussian-s07-a0.25", "step": 129, "answer_ce": 0.0006237030029296875, "eos_ce": 9.5367431640625e-05}
{"stage": "optimizer_step", "id": "direct-gaussian-s07-a0.25", "step": 145, "answer_ce": 0.00048065185546875, "eos_ce": 8.392333984375e-05}
{"stage": "optimizer_step", "id": "direct-gaussian-s07-a0.25", "step": 161, "answer_ce": 0.000423431396484375, "eos_ce": 7.2479248046875e-05}
{"stage": "optimizer_step", "id": "direct-gaussian-s07-a0.25", "step": 177, "answer_ce": 0.00037384033203125, "eos_ce": 5.7220458984375e-05}
{"stage": "optimizer_step", "id": "direct-gaussian-s07-a0.25", "step": 193, "answer_ce": 0.00035858154296875, "eos_ce": 4.9591064453125e-05}
{"stage": "optimizer_step", "id": "direct-gaussian-s07-a0.25", "step": 209, "answer_ce": 0.0003490447998046875, "eos_ce": 3.814697265625e-05}
{"stage": "optimizer_step", "id": "direct-gaussian-s07-a0.25", "step": 225, "answer_ce": 0.000308990478515625, "eos_ce": 3.4332275390625e-05}
{"stage": "optimizer_step", "id": "direct-gaussian-s07-a0.25", "step": 241, "answer_ce": 0.000301361083984375, "eos_ce": 5.7220458984375e-05}
{"stage": "run_complete", "id": "direct-gaussian-s07-a0.25", "qa_pass": true, "completed": 35, "seconds": 74.0769057739526}
{"stage": "optimizer_step", "id": "direct-gaussian-s07-a2", "step": 1, "answer_ce": 11.235574722290039, "eos_ce": 4.075662612915039}
{"stage": "optimizer_step", "id": "direct-gaussian-s07-a2", "step": 17, "answer_ce": 0.9977054595947266, "eos_ce": 0.17202186584472656}
{"stage": "optimizer_step", "id": "direct-gaussian-s07-a2", "step": 33, "answer_ce": 0.014402389526367188, "eos_ce": 0.008296966552734375}
{"stage": "optimizer_step", "id": "direct-gaussian-s07-a2", "step": 49, "answer_ce": 0.0037593841552734375, "eos_ce": 0.0015888214111328125}
{"stage": "optimizer_step", "id": "direct-gaussian-s07-a2", "step": 65, "answer_ce": 0.0018482208251953125, "eos_ce": 0.00077056884765625}
{"stage": "optimizer_step", "id": "direct-gaussian-s07-a2", "step": 81, "answer_ce": 0.001285552978515625, "eos_ce": 0.000392913818359375}
{"stage": "optimizer_step", "id": "direct-gaussian-s07-a2", "step": 97, "answer_ce": 0.00118255615234375, "eos_ce": 0.000308990478515625}
{"stage": "optimizer_step", "id": "direct-gaussian-s07-a2", "step": 113, "answer_ce": 0.00096893310546875, "eos_ce": 0.000308990478515625}
{"stage": "optimizer_step", "id": "direct-gaussian-s07-a2", "step": 129, "answer_ce": 0.0007495880126953125, "eos_ce": 0.000278472900390625}
{"stage": "optimizer_step", "id": "direct-gaussian-s07-a2", "step": 145, "answer_ce": 0.00080108642578125, "eos_ce": 0.00023651123046875}
{"stage": "optimizer_step", "id": "direct-gaussian-s07-a2", "step": 161, "answer_ce": 0.000629425048828125, "eos_ce": 0.00020599365234375}
{"stage": "optimizer_step", "id": "direct-gaussian-s07-a2", "step": 177, "answer_ce": 0.000579833984375, "eos_ce": 0.0001678466796875}
{"stage": "optimizer_step", "id": "direct-gaussian-s07-a2", "step": 193, "answer_ce": 0.000591278076171875, "eos_ce": 0.000133514404296875}
{"stage": "optimizer_step", "id": "direct-gaussian-s07-a2", "step": 209, "answer_ce": 0.000461578369140625, "eos_ce": 0.00012969970703125}
{"stage": "optimizer_step", "id": "direct-gaussian-s07-a2", "step": 225, "answer_ce": 0.0005321502685546875, "eos_ce": 0.00016021728515625}
{"stage": "optimizer_step", "id": "direct-gaussian-s07-a2", "step": 241, "answer_ce": 0.00048065185546875, "eos_ce": 0.000118255615234375}
{"stage": "run_complete", "id": "direct-gaussian-s07-a2", "qa_pass": true, "completed": 36, "seconds": 73.44097990635782}
{"stage": "optimizer_step", "id": "direct-gaussian-s08-a1", "step": 1, "answer_ce": 10.542438507080078, "eos_ce": 2.746633529663086}
{"stage": "optimizer_step", "id": "direct-gaussian-s08-a1", "step": 17, "answer_ce": 2.047443389892578, "eos_ce": 0.4419212341308594}
{"stage": "optimizer_step", "id": "direct-gaussian-s08-a1", "step": 33, "answer_ce": 0.7039299011230469, "eos_ce": 0.1313610076904297}
{"stage": "optimizer_step", "id": "direct-gaussian-s08-a1", "step": 49, "answer_ce": 0.08180427551269531, "eos_ce": 0.03408241271972656}
{"stage": "optimizer_step", "id": "direct-gaussian-s08-a1", "step": 65, "answer_ce": 0.029876708984375, "eos_ce": 0.013544082641601562}
{"stage": "optimizer_step", "id": "direct-gaussian-s08-a1", "step": 81, "answer_ce": 0.013828277587890625, "eos_ce": 0.00542449951171875}
{"stage": "optimizer_step", "id": "direct-gaussian-s08-a1", "step": 97, "answer_ce": 0.020360946655273438, "eos_ce": 0.0069732666015625}
{"stage": "optimizer_step", "id": "direct-gaussian-s08-a1", "step": 113, "answer_ce": 0.010713577270507812, "eos_ce": 0.003208160400390625}
{"stage": "optimizer_step", "id": "direct-gaussian-s08-a1", "step": 129, "answer_ce": 0.007293701171875, "eos_ce": 0.003971099853515625}
{"stage": "optimizer_step", "id": "direct-gaussian-s08-a1", "step": 145, "answer_ce": 0.006061553955078125, "eos_ce": 0.00209808349609375}
{"stage": "optimizer_step", "id": "direct-gaussian-s08-a1", "step": 161, "answer_ce": 0.00469970703125, "eos_ce": 0.0018901824951171875}
{"stage": "optimizer_step", "id": "direct-gaussian-s08-a1", "step": 177, "answer_ce": 0.0039119720458984375, "eos_ce": 0.001522064208984375}
{"stage": "optimizer_step", "id": "direct-gaussian-s08-a1", "step": 193, "answer_ce": 0.0036220550537109375, "eos_ce": 0.0014286041259765625}
{"stage": "optimizer_step", "id": "direct-gaussian-s08-a1", "step": 209, "answer_ce": 0.003231048583984375, "eos_ce": 0.001392364501953125}
{"stage": "optimizer_step", "id": "direct-gaussian-s08-a1", "step": 225, "answer_ce": 0.002727508544921875, "eos_ce": 0.00115203857421875}
{"stage": "optimizer_step", "id": "direct-gaussian-s08-a1", "step": 241, "answer_ce": 0.0025272369384765625, "eos_ce": 0.0011577606201171875}
{"stage": "run_complete", "id": "direct-gaussian-s08-a1", "qa_pass": true, "completed": 37, "seconds": 73.69711753446609}
{"stage": "optimizer_step", "id": "direct-gaussian-s10-a1", "step": 1, "answer_ce": 9.678525924682617, "eos_ce": 3.3761215209960938}
{"stage": "optimizer_step", "id": "direct-gaussian-s10-a1", "step": 17, "answer_ce": 0.021022796630859375, "eos_ce": 0.003154754638671875}
{"stage": "optimizer_step", "id": "direct-gaussian-s10-a1", "step": 33, "answer_ce": 0.004016876220703125, "eos_ce": 0.00049591064453125}
{"stage": "optimizer_step", "id": "direct-gaussian-s10-a1", "step": 49, "answer_ce": 0.001434326171875, "eos_ce": 0.000217437744140625}
{"stage": "optimizer_step", "id": "direct-gaussian-s10-a1", "step": 65, "answer_ce": 0.000759124755859375, "eos_ce": 7.62939453125e-05}
{"stage": "optimizer_step", "id": "direct-gaussian-s10-a1", "step": 81, "answer_ce": 0.000537872314453125, "eos_ce": 5.7220458984375e-05}
{"stage": "optimizer_step", "id": "direct-gaussian-s10-a1", "step": 97, "answer_ce": 0.0004100799560546875, "eos_ce": 3.4332275390625e-05}
{"stage": "optimizer_step", "id": "direct-gaussian-s10-a1", "step": 113, "answer_ce": 0.00035858154296875, "eos_ce": 2.6702880859375e-05}
{"stage": "optimizer_step", "id": "direct-gaussian-s10-a1", "step": 129, "answer_ce": 0.00029754638671875, "eos_ce": 2.6702880859375e-05}
{"stage": "optimizer_step", "id": "direct-gaussian-s10-a1", "step": 145, "answer_ce": 0.0002841949462890625, "eos_ce": 2.6702880859375e-05}
{"stage": "optimizer_step", "id": "direct-gaussian-s10-a1", "step": 161, "answer_ce": 0.0001983642578125, "eos_ce": 2.288818359375e-05}
{"stage": "optimizer_step", "id": "direct-gaussian-s10-a1", "step": 177, "answer_ce": 0.0002155303955078125, "eos_ce": 2.288818359375e-05}
{"stage": "optimizer_step", "id": "direct-gaussian-s10-a1", "step": 193, "answer_ce": 0.000171661376953125, "eos_ce": 2.288818359375e-05}
{"stage": "optimizer_step", "id": "direct-gaussian-s10-a1", "step": 209, "answer_ce": 0.00017547607421875, "eos_ce": 1.9073486328125e-05}
{"stage": "optimizer_step", "id": "direct-gaussian-s10-a1", "step": 225, "answer_ce": 0.000156402587890625, "eos_ce": 1.52587890625e-05}
{"stage": "optimizer_step", "id": "direct-gaussian-s10-a1", "step": 241, "answer_ce": 0.0001373291015625, "eos_ce": 1.52587890625e-05}
{"stage": "run_complete", "id": "direct-gaussian-s10-a1", "qa_pass": true, "completed": 38, "seconds": 73.23620703164488}
{"stage": "optimizer_step", "id": "direct-gaussian-s12-a1", "step": 1, "answer_ce": 11.062257766723633, "eos_ce": 2.723196029663086}
{"stage": "optimizer_step", "id": "direct-gaussian-s12-a1", "step": 17, "answer_ce": 0.7246475219726562, "eos_ce": 0.1352691650390625}
{"stage": "optimizer_step", "id": "direct-gaussian-s12-a1", "step": 33, "answer_ce": 0.01007843017578125, "eos_ce": 0.00572967529296875}
{"stage": "optimizer_step", "id": "direct-gaussian-s12-a1", "step": 49, "answer_ce": 0.005123138427734375, "eos_ce": 0.002689361572265625}
{"stage": "optimizer_step", "id": "direct-gaussian-s12-a1", "step": 65, "answer_ce": 0.00279998779296875, "eos_ce": 0.00160980224609375}
{"stage": "optimizer_step", "id": "direct-gaussian-s12-a1", "step": 81, "answer_ce": 0.001834869384765625, "eos_ce": 0.001102447509765625}
{"stage": "optimizer_step", "id": "direct-gaussian-s12-a1", "step": 97, "answer_ce": 0.0013599395751953125, "eos_ce": 0.0008544921875}
{"stage": "optimizer_step", "id": "direct-gaussian-s12-a1", "step": 113, "answer_ce": 0.0012969970703125, "eos_ce": 0.00052642822265625}
{"stage": "optimizer_step", "id": "direct-gaussian-s12-a1", "step": 129, "answer_ce": 0.00087738037109375, "eos_ce": 0.000518798828125}
{"stage": "optimizer_step", "id": "direct-gaussian-s12-a1", "step": 145, "answer_ce": 0.0010242462158203125, "eos_ce": 0.000518798828125}
{"stage": "optimizer_step", "id": "direct-gaussian-s12-a1", "step": 161, "answer_ce": 0.000766754150390625, "eos_ce": 0.000457763671875}
{"stage": "optimizer_step", "id": "direct-gaussian-s12-a1", "step": 177, "answer_ce": 0.000606536865234375, "eos_ce": 0.000354766845703125}
{"stage": "optimizer_step", "id": "direct-gaussian-s12-a1", "step": 193, "answer_ce": 0.000614166259765625, "eos_ce": 0.00031280517578125}
{"stage": "optimizer_step", "id": "direct-gaussian-s12-a1", "step": 209, "answer_ce": 0.0005035400390625, "eos_ce": 0.000316619873046875}
{"stage": "optimizer_step", "id": "direct-gaussian-s12-a1", "step": 225, "answer_ce": 0.000553131103515625, "eos_ce": 0.00019073486328125}
{"stage": "optimizer_step", "id": "direct-gaussian-s12-a1", "step": 241, "answer_ce": 0.00042724609375, "eos_ce": 0.000217437744140625}
{"stage": "run_complete", "id": "direct-gaussian-s12-a1", "qa_pass": true, "completed": 39, "seconds": 73.6842504516244}
{"stage": "optimizer_step", "id": "direct-gaussian-s14-a1", "step": 1, "answer_ce": 9.806486129760742, "eos_ce": 2.5071945190429688}
{"stage": "optimizer_step", "id": "direct-gaussian-s14-a1", "step": 17, "answer_ce": 0.03498268127441406, "eos_ce": 0.023738861083984375}
{"stage": "optimizer_step", "id": "direct-gaussian-s14-a1", "step": 33, "answer_ce": 0.0022735595703125, "eos_ce": 0.002330780029296875}
{"stage": "optimizer_step", "id": "direct-gaussian-s14-a1", "step": 49, "answer_ce": 0.0008335113525390625, "eos_ce": 0.000583648681640625}
{"stage": "optimizer_step", "id": "direct-gaussian-s14-a1", "step": 65, "answer_ce": 0.000457763671875, "eos_ce": 0.00031280517578125}
{"stage": "optimizer_step", "id": "direct-gaussian-s14-a1", "step": 81, "answer_ce": 0.000339508056640625, "eos_ce": 0.000217437744140625}
{"stage": "optimizer_step", "id": "direct-gaussian-s14-a1", "step": 97, "answer_ce": 0.00028228759765625, "eos_ce": 0.0001678466796875}
{"stage": "optimizer_step", "id": "direct-gaussian-s14-a1", "step": 113, "answer_ce": 0.00028228759765625, "eos_ce": 0.00011444091796875}
{"stage": "optimizer_step", "id": "direct-gaussian-s14-a1", "step": 129, "answer_ce": 0.000225067138671875, "eos_ce": 0.000102996826171875}
{"stage": "optimizer_step", "id": "direct-gaussian-s14-a1", "step": 145, "answer_ce": 0.000213623046875, "eos_ce": 0.000102996826171875}
{"stage": "optimizer_step", "id": "direct-gaussian-s14-a1", "step": 161, "answer_ce": 0.000133514404296875, "eos_ce": 8.7738037109375e-05}
{"stage": "optimizer_step", "id": "direct-gaussian-s14-a1", "step": 177, "answer_ce": 0.000171661376953125, "eos_ce": 6.866455078125e-05}
{"stage": "optimizer_step", "id": "direct-gaussian-s14-a1", "step": 193, "answer_ce": 0.000133514404296875, "eos_ce": 6.866455078125e-05}
{"stage": "optimizer_step", "id": "direct-gaussian-s14-a1", "step": 209, "answer_ce": 0.000110626220703125, "eos_ce": 4.9591064453125e-05}
{"stage": "optimizer_step", "id": "direct-gaussian-s14-a1", "step": 225, "answer_ce": 0.00011444091796875, "eos_ce": 4.57763671875e-05}
{"stage": "optimizer_step", "id": "direct-gaussian-s14-a1", "step": 241, "answer_ce": 0.0001220703125, "eos_ce": 3.814697265625e-05}
{"stage": "run_complete", "id": "direct-gaussian-s14-a1", "qa_pass": true, "completed": 40, "seconds": 72.86066051200032}
{"stage": "optimizer_step", "id": "direct-gaussian-s16-a1", "step": 1, "answer_ce": 10.382932662963867, "eos_ce": 2.7747020721435547}
{"stage": "optimizer_step", "id": "direct-gaussian-s16-a1", "step": 17, "answer_ce": 0.1982288360595703, "eos_ce": 0.03541374206542969}
{"stage": "optimizer_step", "id": "direct-gaussian-s16-a1", "step": 33, "answer_ce": 0.01055145263671875, "eos_ce": 0.001033782958984375}
{"stage": "optimizer_step", "id": "direct-gaussian-s16-a1", "step": 49, "answer_ce": 0.0033206939697265625, "eos_ce": 0.00030517578125}
{"stage": "optimizer_step", "id": "direct-gaussian-s16-a1", "step": 65, "answer_ce": 0.001689910888671875, "eos_ce": 0.00028228759765625}
{"stage": "optimizer_step", "id": "direct-gaussian-s16-a1", "step": 81, "answer_ce": 0.0011997222900390625, "eos_ce": 0.000141143798828125}
{"stage": "optimizer_step", "id": "direct-gaussian-s16-a1", "step": 97, "answer_ce": 0.0008697509765625, "eos_ce": 8.7738037109375e-05}
{"stage": "optimizer_step", "id": "direct-gaussian-s16-a1", "step": 113, "answer_ce": 0.0006465911865234375, "eos_ce": 6.866455078125e-05}
{"stage": "optimizer_step", "id": "direct-gaussian-s16-a1", "step": 129, "answer_ce": 0.0005321502685546875, "eos_ce": 5.7220458984375e-05}
{"stage": "optimizer_step", "id": "direct-gaussian-s16-a1", "step": 145, "answer_ce": 0.0005054473876953125, "eos_ce": 4.57763671875e-05}
{"stage": "optimizer_step", "id": "direct-gaussian-s16-a1", "step": 161, "answer_ce": 0.0003795623779296875, "eos_ce": 4.57763671875e-05}
{"stage": "optimizer_step", "id": "direct-gaussian-s16-a1", "step": 177, "answer_ce": 0.0003643035888671875, "eos_ce": 4.57763671875e-05}
{"stage": "optimizer_step", "id": "direct-gaussian-s16-a1", "step": 193, "answer_ce": 0.000331878662109375, "eos_ce": 3.4332275390625e-05}
{"stage": "optimizer_step", "id": "direct-gaussian-s16-a1", "step": 209, "answer_ce": 0.0002727508544921875, "eos_ce": 4.1961669921875e-05}
{"stage": "optimizer_step", "id": "direct-gaussian-s16-a1", "step": 225, "answer_ce": 0.0002536773681640625, "eos_ce": 4.57763671875e-05}
{"stage": "optimizer_step", "id": "direct-gaussian-s16-a1", "step": 241, "answer_ce": 0.0002536773681640625, "eos_ce": 2.6702880859375e-05}
{"stage": "run_complete", "id": "direct-gaussian-s16-a1", "qa_pass": true, "completed": 41, "seconds": 73.10848289635032}
{"stage": "optimizer_step", "id": "direct-gaussian-s18-a1", "step": 1, "answer_ce": 9.864242553710938, "eos_ce": 2.435628890991211}
{"stage": "optimizer_step", "id": "direct-gaussian-s18-a1", "step": 17, "answer_ce": 0.012105941772460938, "eos_ce": 0.001407623291015625}
{"stage": "optimizer_step", "id": "direct-gaussian-s18-a1", "step": 33, "answer_ce": 0.001590728759765625, "eos_ce": 0.00043487548828125}
{"stage": "optimizer_step", "id": "direct-gaussian-s18-a1", "step": 49, "answer_ce": 0.000698089599609375, "eos_ce": 0.000232696533203125}
{"stage": "optimizer_step", "id": "direct-gaussian-s18-a1", "step": 65, "answer_ce": 0.0005321502685546875, "eos_ce": 0.000133514404296875}
{"stage": "optimizer_step", "id": "direct-gaussian-s18-a1", "step": 81, "answer_ce": 0.0003719329833984375, "eos_ce": 0.000102996826171875}
{"stage": "optimizer_step", "id": "direct-gaussian-s18-a1", "step": 97, "answer_ce": 0.0002956390380859375, "eos_ce": 8.0108642578125e-05}
{"stage": "optimizer_step", "id": "direct-gaussian-s18-a1", "step": 113, "answer_ce": 0.0002689361572265625, "eos_ce": 8.0108642578125e-05}
{"stage": "optimizer_step", "id": "direct-gaussian-s18-a1", "step": 129, "answer_ce": 0.000247955322265625, "eos_ce": 5.7220458984375e-05}
{"stage": "optimizer_step", "id": "direct-gaussian-s18-a1", "step": 145, "answer_ce": 0.0002117156982421875, "eos_ce": 4.9591064453125e-05}
{"stage": "optimizer_step", "id": "direct-gaussian-s18-a1", "step": 161, "answer_ce": 0.00019073486328125, "eos_ce": 4.9591064453125e-05}
{"stage": "optimizer_step", "id": "direct-gaussian-s18-a1", "step": 177, "answer_ce": 0.000186920166015625, "eos_ce": 5.7220458984375e-05}
{"stage": "optimizer_step", "id": "direct-gaussian-s18-a1", "step": 193, "answer_ce": 0.00018310546875, "eos_ce": 4.57763671875e-05}
{"stage": "optimizer_step", "id": "direct-gaussian-s18-a1", "step": 209, "answer_ce": 0.000133514404296875, "eos_ce": 4.1961669921875e-05}
{"stage": "optimizer_step", "id": "direct-gaussian-s18-a1", "step": 225, "answer_ce": 0.0001220703125, "eos_ce": 3.0517578125e-05}
{"stage": "optimizer_step", "id": "direct-gaussian-s18-a1", "step": 241, "answer_ce": 0.0001373291015625, "eos_ce": 3.814697265625e-05}
{"stage": "run_complete", "id": "direct-gaussian-s18-a1", "qa_pass": true, "completed": 42, "seconds": 72.45454957615584}
{"stage": "optimizer_step", "id": "direct-gaussian-s20-a1", "step": 1, "answer_ce": 9.816343307495117, "eos_ce": 3.005643844604492}
{"stage": "optimizer_step", "id": "direct-gaussian-s20-a1", "step": 17, "answer_ce": 0.00806427001953125, "eos_ce": 0.006458282470703125}
{"stage": "optimizer_step", "id": "direct-gaussian-s20-a1", "step": 33, "answer_ce": 0.002178192138671875, "eos_ce": 0.0005340576171875}
{"stage": "optimizer_step", "id": "direct-gaussian-s20-a1", "step": 49, "answer_ce": 0.0006046295166015625, "eos_ce": 0.00025177001953125}
{"stage": "optimizer_step", "id": "direct-gaussian-s20-a1", "step": 65, "answer_ce": 0.0003185272216796875, "eos_ce": 0.000152587890625}
{"stage": "optimizer_step", "id": "direct-gaussian-s20-a1", "step": 81, "answer_ce": 0.0002269744873046875, "eos_ce": 7.62939453125e-05}
{"stage": "optimizer_step", "id": "direct-gaussian-s20-a1", "step": 97, "answer_ce": 0.000186920166015625, "eos_ce": 4.9591064453125e-05}
{"stage": "optimizer_step", "id": "direct-gaussian-s20-a1", "step": 113, "answer_ce": 0.000118255615234375, "eos_ce": 4.9591064453125e-05}
{"stage": "optimizer_step", "id": "direct-gaussian-s20-a1", "step": 129, "answer_ce": 0.00012969970703125, "eos_ce": 4.57763671875e-05}
{"stage": "optimizer_step", "id": "direct-gaussian-s20-a1", "step": 145, "answer_ce": 9.918212890625e-05, "eos_ce": 3.814697265625e-05}
{"stage": "optimizer_step", "id": "direct-gaussian-s20-a1", "step": 161, "answer_ce": 0.000110626220703125, "eos_ce": 3.4332275390625e-05}
{"stage": "optimizer_step", "id": "direct-gaussian-s20-a1", "step": 177, "answer_ce": 0.000102996826171875, "eos_ce": 3.0517578125e-05}
{"stage": "optimizer_step", "id": "direct-gaussian-s20-a1", "step": 193, "answer_ce": 8.0108642578125e-05, "eos_ce": 3.0517578125e-05}
{"stage": "optimizer_step", "id": "direct-gaussian-s20-a1", "step": 209, "answer_ce": 9.1552734375e-05, "eos_ce": 2.6702880859375e-05}
{"stage": "optimizer_step", "id": "direct-gaussian-s20-a1", "step": 225, "answer_ce": 7.2479248046875e-05, "eos_ce": 2.6702880859375e-05}
{"stage": "optimizer_step", "id": "direct-gaussian-s20-a1", "step": 241, "answer_ce": 6.866455078125e-05, "eos_ce": 2.288818359375e-05}
{"stage": "run_complete", "id": "direct-gaussian-s20-a1", "qa_pass": true, "completed": 43, "seconds": 73.64350983221084}
{"stage": "optimizer_step", "id": "direct-gaussian-s22-a1", "step": 1, "answer_ce": 9.686666488647461, "eos_ce": 2.6937942504882812}
{"stage": "optimizer_step", "id": "direct-gaussian-s22-a1", "step": 17, "answer_ce": 1.3915996551513672, "eos_ce": 0.12372970581054688}
{"stage": "optimizer_step", "id": "direct-gaussian-s22-a1", "step": 33, "answer_ce": 0.017892837524414062, "eos_ce": 0.00258636474609375}
{"stage": "optimizer_step", "id": "direct-gaussian-s22-a1", "step": 49, "answer_ce": 0.006328582763671875, "eos_ce": 0.0009002685546875}
{"stage": "optimizer_step", "id": "direct-gaussian-s22-a1", "step": 65, "answer_ce": 0.00238800048828125, "eos_ce": 0.00040435791015625}
{"stage": "optimizer_step", "id": "direct-gaussian-s22-a1", "step": 81, "answer_ce": 0.0015716552734375, "eos_ce": 0.00030517578125}
{"stage": "optimizer_step", "id": "direct-gaussian-s22-a1", "step": 97, "answer_ce": 0.0009860992431640625, "eos_ce": 0.000209808349609375}
{"stage": "optimizer_step", "id": "direct-gaussian-s22-a1", "step": 113, "answer_ce": 0.001026153564453125, "eos_ce": 0.000209808349609375}
{"stage": "optimizer_step", "id": "direct-gaussian-s22-a1", "step": 129, "answer_ce": 0.00079345703125, "eos_ce": 0.000164031982421875}
{"stage": "optimizer_step", "id": "direct-gaussian-s22-a1", "step": 145, "answer_ce": 0.0006561279296875, "eos_ce": 0.000164031982421875}
{"stage": "optimizer_step", "id": "direct-gaussian-s22-a1", "step": 161, "answer_ce": 0.000667572021484375, "eos_ce": 0.00016021728515625}
{"stage": "optimizer_step", "id": "direct-gaussian-s22-a1", "step": 177, "answer_ce": 0.000530242919921875, "eos_ce": 0.000125885009765625}
{"stage": "optimizer_step", "id": "direct-gaussian-s22-a1", "step": 193, "answer_ce": 0.0005512237548828125, "eos_ce": 0.000110626220703125}
{"stage": "optimizer_step", "id": "direct-gaussian-s22-a1", "step": 209, "answer_ce": 0.000392913818359375, "eos_ce": 8.7738037109375e-05}
{"stage": "optimizer_step", "id": "direct-gaussian-s22-a1", "step": 225, "answer_ce": 0.0004177093505859375, "eos_ce": 9.918212890625e-05}
{"stage": "optimizer_step", "id": "direct-gaussian-s22-a1", "step": 241, "answer_ce": 0.000335693359375, "eos_ce": 8.7738037109375e-05}
{"stage": "run_complete", "id": "direct-gaussian-s22-a1", "qa_pass": true, "completed": 44, "seconds": 73.42678832262754}
{"stage": "optimizer_step", "id": "direct-gaussian-s24-a1", "step": 1, "answer_ce": 9.552213668823242, "eos_ce": 3.2495040893554688}
{"stage": "optimizer_step", "id": "direct-gaussian-s24-a1", "step": 17, "answer_ce": 1.5903854370117188, "eos_ce": 0.14020538330078125}
{"stage": "optimizer_step", "id": "direct-gaussian-s24-a1", "step": 33, "answer_ce": 0.06363487243652344, "eos_ce": 0.017072677612304688}
{"stage": "optimizer_step", "id": "direct-gaussian-s24-a1", "step": 49, "answer_ce": 0.008724212646484375, "eos_ce": 0.0008392333984375}
{"stage": "optimizer_step", "id": "direct-gaussian-s24-a1", "step": 65, "answer_ce": 0.0025463104248046875, "eos_ce": 0.00060272216796875}
{"stage": "optimizer_step", "id": "direct-gaussian-s24-a1", "step": 81, "answer_ce": 0.00164031982421875, "eos_ce": 0.00040435791015625}
{"stage": "optimizer_step", "id": "direct-gaussian-s24-a1", "step": 97, "answer_ce": 0.0011749267578125, "eos_ce": 0.000331878662109375}
{"stage": "optimizer_step", "id": "direct-gaussian-s24-a1", "step": 113, "answer_ce": 0.001026153564453125, "eos_ce": 0.000240325927734375}
{"stage": "optimizer_step", "id": "direct-gaussian-s24-a1", "step": 129, "answer_ce": 0.0008754730224609375, "eos_ce": 0.00025177001953125}
{"stage": "optimizer_step", "id": "direct-gaussian-s24-a1", "step": 145, "answer_ce": 0.000644683837890625, "eos_ce": 0.000244140625}
{"stage": "optimizer_step", "id": "direct-gaussian-s24-a1", "step": 161, "answer_ce": 0.0006008148193359375, "eos_ce": 0.000194549560546875}
{"stage": "optimizer_step", "id": "direct-gaussian-s24-a1", "step": 177, "answer_ce": 0.0005283355712890625, "eos_ce": 0.00016021728515625}
{"stage": "optimizer_step", "id": "direct-gaussian-s24-a1", "step": 193, "answer_ce": 0.0004711151123046875, "eos_ce": 0.000164031982421875}
{"stage": "optimizer_step", "id": "direct-gaussian-s24-a1", "step": 209, "answer_ce": 0.0004730224609375, "eos_ce": 0.0001678466796875}
{"stage": "optimizer_step", "id": "direct-gaussian-s24-a1", "step": 225, "answer_ce": 0.000431060791015625, "eos_ce": 0.000125885009765625}
{"stage": "optimizer_step", "id": "direct-gaussian-s24-a1", "step": 241, "answer_ce": 0.00035858154296875, "eos_ce": 0.000125885009765625}
{"stage": "run_complete", "id": "direct-gaussian-s24-a1", "qa_pass": true, "completed": 45, "seconds": 73.03244042024016}
{"stage": "optimizer_step", "id": "direct-gaussian-s26-a1", "step": 1, "answer_ce": 10.26353645324707, "eos_ce": 2.652658462524414}
{"stage": "optimizer_step", "id": "direct-gaussian-s26-a1", "step": 17, "answer_ce": 0.041934967041015625, "eos_ce": 0.009366989135742188}
{"stage": "optimizer_step", "id": "direct-gaussian-s26-a1", "step": 33, "answer_ce": 0.0025119781494140625, "eos_ce": 0.001140594482421875}
{"stage": "optimizer_step", "id": "direct-gaussian-s26-a1", "step": 49, "answer_ce": 0.0010528564453125, "eos_ce": 0.00042724609375}
{"stage": "optimizer_step", "id": "direct-gaussian-s26-a1", "step": 65, "answer_ce": 0.0006809234619140625, "eos_ce": 0.000263214111328125}
{"stage": "optimizer_step", "id": "direct-gaussian-s26-a1", "step": 81, "answer_ce": 0.00046539306640625, "eos_ce": 0.000179290771484375}
{"stage": "optimizer_step", "id": "direct-gaussian-s26-a1", "step": 97, "answer_ce": 0.00037384033203125, "eos_ce": 0.00016021728515625}
{"stage": "optimizer_step", "id": "direct-gaussian-s26-a1", "step": 113, "answer_ce": 0.000301361083984375, "eos_ce": 0.000110626220703125}
{"stage": "optimizer_step", "id": "direct-gaussian-s26-a1", "step": 129, "answer_ce": 0.000247955322265625, "eos_ce": 9.5367431640625e-05}
{"stage": "optimizer_step", "id": "direct-gaussian-s26-a1", "step": 145, "answer_ce": 0.00020599365234375, "eos_ce": 6.866455078125e-05}
{"stage": "optimizer_step", "id": "direct-gaussian-s26-a1", "step": 161, "answer_ce": 0.000217437744140625, "eos_ce": 6.866455078125e-05}
{"stage": "optimizer_step", "id": "direct-gaussian-s26-a1", "step": 177, "answer_ce": 0.000171661376953125, "eos_ce": 4.57763671875e-05}
{"stage": "optimizer_step", "id": "direct-gaussian-s26-a1", "step": 193, "answer_ce": 0.000164031982421875, "eos_ce": 5.340576171875e-05}
{"stage": "optimizer_step", "id": "direct-gaussian-s26-a1", "step": 209, "answer_ce": 0.0001506805419921875, "eos_ce": 4.57763671875e-05}
{"stage": "optimizer_step", "id": "direct-gaussian-s26-a1", "step": 225, "answer_ce": 0.0001506805419921875, "eos_ce": 4.57763671875e-05}
{"stage": "optimizer_step", "id": "direct-gaussian-s26-a1", "step": 241, "answer_ce": 0.000141143798828125, "eos_ce": 4.1961669921875e-05}
{"stage": "run_complete", "id": "direct-gaussian-s26-a1", "qa_pass": true, "completed": 46, "seconds": 72.6657455842942}
{"stage": "optimizer_step", "id": "direct-gaussian-s28-a1", "step": 1, "answer_ce": 10.737266540527344, "eos_ce": 2.9073753356933594}
{"stage": "optimizer_step", "id": "direct-gaussian-s28-a1", "step": 17, "answer_ce": 1.4253215789794922, "eos_ce": 0.2634544372558594}
{"stage": "optimizer_step", "id": "direct-gaussian-s28-a1", "step": 33, "answer_ce": 0.022764205932617188, "eos_ce": 0.0050106048583984375}
{"stage": "optimizer_step", "id": "direct-gaussian-s28-a1", "step": 49, "answer_ce": 0.00304412841796875, "eos_ce": 0.0010356903076171875}
{"stage": "optimizer_step", "id": "direct-gaussian-s28-a1", "step": 65, "answer_ce": 0.001171112060546875, "eos_ce": 0.00041961669921875}
{"stage": "optimizer_step", "id": "direct-gaussian-s28-a1", "step": 81, "answer_ce": 0.000797271728515625, "eos_ce": 0.000225067138671875}
{"stage": "optimizer_step", "id": "direct-gaussian-s28-a1", "step": 97, "answer_ce": 0.000560760498046875, "eos_ce": 0.0001678466796875}
{"stage": "optimizer_step", "id": "direct-gaussian-s28-a1", "step": 113, "answer_ce": 0.000415802001953125, "eos_ce": 0.0001678466796875}
{"stage": "optimizer_step", "id": "direct-gaussian-s28-a1", "step": 129, "answer_ce": 0.000335693359375, "eos_ce": 0.000125885009765625}
{"stage": "optimizer_step", "id": "direct-gaussian-s28-a1", "step": 145, "answer_ce": 0.0002899169921875, "eos_ce": 0.0001068115234375}
{"stage": "optimizer_step", "id": "direct-gaussian-s28-a1", "step": 161, "answer_ce": 0.000270843505859375, "eos_ce": 0.0001068115234375}
{"stage": "optimizer_step", "id": "direct-gaussian-s28-a1", "step": 177, "answer_ce": 0.000270843505859375, "eos_ce": 9.5367431640625e-05}
{"stage": "optimizer_step", "id": "direct-gaussian-s28-a1", "step": 193, "answer_ce": 0.000232696533203125, "eos_ce": 9.5367431640625e-05}
{"stage": "optimizer_step", "id": "direct-gaussian-s28-a1", "step": 209, "answer_ce": 0.00020599365234375, "eos_ce": 8.7738037109375e-05}
{"stage": "optimizer_step", "id": "direct-gaussian-s28-a1", "step": 225, "answer_ce": 0.0002288818359375, "eos_ce": 8.0108642578125e-05}
{"stage": "optimizer_step", "id": "direct-gaussian-s28-a1", "step": 241, "answer_ce": 0.0001983642578125, "eos_ce": 6.103515625e-05}
{"stage": "run_complete", "id": "direct-gaussian-s28-a1", "qa_pass": true, "completed": 47, "seconds": 73.32038786076009}
{"stage": "optimizer_step", "id": "direct-gaussian-s30-a1", "step": 1, "answer_ce": 10.233671188354492, "eos_ce": 2.8376216888427734}
{"stage": "optimizer_step", "id": "direct-gaussian-s30-a1", "step": 17, "answer_ce": 0.007755279541015625, "eos_ce": 0.00160980224609375}
{"stage": "optimizer_step", "id": "direct-gaussian-s30-a1", "step": 33, "answer_ce": 0.0021648406982421875, "eos_ce": 0.000370025634765625}
{"stage": "optimizer_step", "id": "direct-gaussian-s30-a1", "step": 49, "answer_ce": 0.00087738037109375, "eos_ce": 0.000171661376953125}
{"stage": "optimizer_step", "id": "direct-gaussian-s30-a1", "step": 65, "answer_ce": 0.0004730224609375, "eos_ce": 0.00011444091796875}
{"stage": "optimizer_step", "id": "direct-gaussian-s30-a1", "step": 81, "answer_ce": 0.0003509521484375, "eos_ce": 6.866455078125e-05}
{"stage": "optimizer_step", "id": "direct-gaussian-s30-a1", "step": 97, "answer_ce": 0.00023651123046875, "eos_ce": 5.340576171875e-05}
{"stage": "optimizer_step", "id": "direct-gaussian-s30-a1", "step": 113, "answer_ce": 0.00023651123046875, "eos_ce": 3.4332275390625e-05}
{"stage": "optimizer_step", "id": "direct-gaussian-s30-a1", "step": 129, "answer_ce": 0.00014495849609375, "eos_ce": 3.0517578125e-05}
{"stage": "optimizer_step", "id": "direct-gaussian-s30-a1", "step": 145, "answer_ce": 0.0001373291015625, "eos_ce": 2.288818359375e-05}
{"stage": "optimizer_step", "id": "direct-gaussian-s30-a1", "step": 161, "answer_ce": 0.00011444091796875, "eos_ce": 2.6702880859375e-05}
{"stage": "optimizer_step", "id": "direct-gaussian-s30-a1", "step": 177, "answer_ce": 0.0001068115234375, "eos_ce": 1.9073486328125e-05}
{"stage": "optimizer_step", "id": "direct-gaussian-s30-a1", "step": 193, "answer_ce": 0.0001068115234375, "eos_ce": 1.9073486328125e-05}
{"stage": "optimizer_step", "id": "direct-gaussian-s30-a1", "step": 209, "answer_ce": 8.0108642578125e-05, "eos_ce": 1.9073486328125e-05}
{"stage": "optimizer_step", "id": "direct-gaussian-s30-a1", "step": 225, "answer_ce": 8.0108642578125e-05, "eos_ce": 1.52587890625e-05}
{"stage": "optimizer_step", "id": "direct-gaussian-s30-a1", "step": 241, "answer_ce": 6.4849853515625e-05, "eos_ce": 1.9073486328125e-05}
{"stage": "run_complete", "id": "direct-gaussian-s30-a1", "qa_pass": true, "completed": 48, "seconds": 73.74941487517208}
