{"stage": "optimizer_step", "run_id": "blank-mcq", "step": 1, "loss_before_step": 26.708362579345703, "elapsed_seconds": 5.326906498055905}
{"stage": "optimizer_step", "run_id": "blank-mcq", "step": 2, "loss_before_step": 17.916759490966797, "elapsed_seconds": 6.236477060010657}
{"stage": "optimizer_step", "run_id": "blank-mcq", "step": 3, "loss_before_step": 22.41694450378418, "elapsed_seconds": 7.128043973119929}
{"stage": "optimizer_step", "run_id": "blank-mcq", "step": 4, "loss_before_step": 18.174535751342773, "elapsed_seconds": 8.015763947041705}
{"stage": "optimizer_step", "run_id": "blank-mcq", "step": 5, "loss_before_step": 11.962151527404785, "elapsed_seconds": 8.905174118932337}
{"stage": "optimizer_step", "run_id": "blank-mcq", "step": 6, "loss_before_step": 5.566946983337402, "elapsed_seconds": 9.796626341994852}
{"stage": "optimizer_step", "run_id": "blank-mcq", "step": 7, "loss_before_step": 3.967784881591797, "elapsed_seconds": 10.690742254955694}
{"stage": "optimizer_step", "run_id": "blank-mcq", "step": 8, "loss_before_step": 5.923013687133789, "elapsed_seconds": 11.59145420207642}
{"stage": "optimizer_step", "run_id": "blank-mcq", "step": 9, "loss_before_step": 13.723793983459473, "elapsed_seconds": 12.48885645903647}
{"stage": "optimizer_step", "run_id": "blank-mcq", "step": 10, "loss_before_step": 5.229852676391602, "elapsed_seconds": 13.381536731962115}
{"stage": "optimizer_step", "run_id": "blank-mcq", "step": 11, "loss_before_step": 3.859778881072998, "elapsed_seconds": 14.292068205075338}
{"stage": "optimizer_step", "run_id": "blank-mcq", "step": 12, "loss_before_step": 6.589398384094238, "elapsed_seconds": 15.20449218293652}
{"stage": "optimizer_step", "run_id": "blank-mcq", "step": 13, "loss_before_step": 4.43203067779541, "elapsed_seconds": 16.152408848982304}
{"stage": "optimizer_step", "run_id": "blank-mcq", "step": 14, "loss_before_step": 3.2961487770080566, "elapsed_seconds": 17.05698781996034}
{"stage": "optimizer_step", "run_id": "blank-mcq", "step": 15, "loss_before_step": 15.54621410369873, "elapsed_seconds": 17.96111979102716}
{"stage": "optimizer_step", "run_id": "blank-mcq", "step": 16, "loss_before_step": 8.997039794921875, "elapsed_seconds": 18.85744824213907}
{"stage": "optimizer_step", "run_id": "blank-mcq", "step": 17, "loss_before_step": 6.108964920043945, "elapsed_seconds": 19.749284856021404}
{"stage": "optimizer_step", "run_id": "blank-mcq", "step": 18, "loss_before_step": 0.19795751571655273, "elapsed_seconds": 20.642001766944304}
{"stage": "optimizer_step", "run_id": "blank-mcq", "step": 19, "loss_before_step": 3.271531820297241, "elapsed_seconds": 21.53786614909768}
{"stage": "optimizer_step", "run_id": "blank-mcq", "step": 20, "loss_before_step": 2.474609851837158, "elapsed_seconds": 22.431008205981925}
{"stage": "optimizer_step", "run_id": "blank-mcq", "step": 21, "loss_before_step": 0.041806697845458984, "elapsed_seconds": 23.328285921132192}
{"stage": "optimizer_step", "run_id": "blank-mcq", "step": 22, "loss_before_step": 0.011646509170532227, "elapsed_seconds": 24.216042750049382}
{"stage": "optimizer_step", "run_id": "blank-mcq", "step": 23, "loss_before_step": 0.5598165988922119, "elapsed_seconds": 25.10588798695244}
{"stage": "optimizer_step", "run_id": "blank-mcq", "step": 24, "loss_before_step": 0.3050041198730469, "elapsed_seconds": 25.995372157078236}
{"stage": "optimizer_step", "run_id": "blank-mcq", "step": 25, "loss_before_step": 0.013681471347808838, "elapsed_seconds": 26.895618204027414}
{"stage": "optimizer_step", "run_id": "blank-mcq", "step": 26, "loss_before_step": 0.0015575885772705078, "elapsed_seconds": 27.801826854934916}
{"stage": "optimizer_step", "run_id": "blank-mcq", "step": 27, "loss_before_step": 0.024237513542175293, "elapsed_seconds": 28.701348019996658}
{"stage": "optimizer_step", "run_id": "blank-mcq", "step": 28, "loss_before_step": 0.029682397842407227, "elapsed_seconds": 29.589927388122305}
{"stage": "optimizer_step", "run_id": "blank-mcq", "step": 29, "loss_before_step": 0.042665958404541016, "elapsed_seconds": 30.48730890196748}
{"stage": "optimizer_step", "run_id": "blank-mcq", "step": 30, "loss_before_step": 0.0020580291748046875, "elapsed_seconds": 31.38871034909971}
{"stage": "optimizer_step", "run_id": "blank-mcq", "step": 31, "loss_before_step": 0.024373404681682587, "elapsed_seconds": 32.28500749496743}
{"stage": "optimizer_step", "run_id": "blank-mcq", "step": 32, "loss_before_step": 0.008675575256347656, "elapsed_seconds": 33.177964999107644}
{"stage": "optimizer_step", "run_id": "blank-mcq", "step": 33, "loss_before_step": 0.005815863609313965, "elapsed_seconds": 34.07216266496107}
{"stage": "optimizer_step", "run_id": "blank-mcq", "step": 34, "loss_before_step": 0.0010988712310791016, "elapsed_seconds": 34.96629492705688}
{"stage": "optimizer_step", "run_id": "blank-mcq", "step": 35, "loss_before_step": 0.026361286640167236, "elapsed_seconds": 35.8642027489841}
{"stage": "optimizer_step", "run_id": "blank-mcq", "step": 36, "loss_before_step": 0.00557708740234375, "elapsed_seconds": 36.757659818045795}
{"stage": "optimizer_step", "run_id": "blank-mcq", "step": 37, "loss_before_step": 0.004948019981384277, "elapsed_seconds": 37.65226972405799}
{"stage": "optimizer_step", "run_id": "blank-mcq", "step": 38, "loss_before_step": 0.0008878111839294434, "elapsed_seconds": 38.541431178105995}
{"stage": "optimizer_step", "run_id": "blank-mcq", "step": 39, "loss_before_step": 0.02283550798892975, "elapsed_seconds": 39.43540931609459}
{"stage": "optimizer_step", "run_id": "blank-mcq", "step": 40, "loss_before_step": 0.003717184066772461, "elapsed_seconds": 40.32339845900424}
{"stage": "optimizer_step", "run_id": "blank-mcq", "step": 41, "loss_before_step": 0.003177821636199951, "elapsed_seconds": 41.21604715893045}
{"stage": "optimizer_step", "run_id": "blank-mcq", "step": 42, "loss_before_step": 0.0004296600818634033, "elapsed_seconds": 42.14009855710901}
{"stage": "optimizer_step", "run_id": "blank-mcq", "step": 43, "loss_before_step": 0.009798996150493622, "elapsed_seconds": 43.03271939395927}
{"stage": "optimizer_step", "run_id": "blank-mcq", "step": 44, "loss_before_step": 0.0021325349807739258, "elapsed_seconds": 43.930056819925085}
{"stage": "optimizer_step", "run_id": "blank-mcq", "step": 45, "loss_before_step": 0.002313554286956787, "elapsed_seconds": 44.84684822708368}
{"stage": "optimizer_step", "run_id": "blank-mcq", "step": 46, "loss_before_step": 0.00034683942794799805, "elapsed_seconds": 45.74421870103106}
{"stage": "optimizer_step", "run_id": "blank-mcq", "step": 47, "loss_before_step": 0.005429048091173172, "elapsed_seconds": 46.636454046936706}
{"stage": "optimizer_step", "run_id": "blank-mcq", "step": 48, "loss_before_step": 0.0019644498825073242, "elapsed_seconds": 47.53795466595329}
{"stage": "optimizer_step", "run_id": "blank-mcq", "step": 49, "loss_before_step": 0.0016763508319854736, "elapsed_seconds": 48.42981030396186}
{"stage": "optimizer_step", "run_id": "blank-mcq", "step": 50, "loss_before_step": 0.00027105212211608887, "elapsed_seconds": 49.31879691709764}
{"stage": "optimizer_step", "run_id": "blank-mcq", "step": 51, "loss_before_step": 0.0043625906109809875, "elapsed_seconds": 50.21228904812597}
{"stage": "optimizer_step", "run_id": "blank-mcq", "step": 52, "loss_before_step": 0.0013222098350524902, "elapsed_seconds": 51.107007197104394}
{"stage": "optimizer_step", "run_id": "blank-mcq", "step": 53, "loss_before_step": 0.0011782795190811157, "elapsed_seconds": 52.00356967095286}
{"stage": "optimizer_step", "run_id": "blank-mcq", "step": 54, "loss_before_step": 0.00018797442317008972, "elapsed_seconds": 52.89761874405667}
{"stage": "optimizer_step", "run_id": "blank-mcq", "step": 55, "loss_before_step": 0.0031398069113492966, "elapsed_seconds": 53.78777049691416}
{"stage": "optimizer_step", "run_id": "blank-mcq", "step": 56, "loss_before_step": 0.0011197924613952637, "elapsed_seconds": 54.67460054694675}
{"stage": "optimizer_step", "run_id": "blank-mcq", "step": 57, "loss_before_step": 0.0010829120874404907, "elapsed_seconds": 55.56860829796642}
{"stage": "optimizer_step", "run_id": "blank-mcq", "step": 58, "loss_before_step": 0.00021050125360488892, "elapsed_seconds": 56.4610125659965}
{"stage": "optimizer_step", "run_id": "blank-mcq", "step": 59, "loss_before_step": 0.0027426984161138535, "elapsed_seconds": 57.353639654116705}
{"stage": "optimizer_step", "run_id": "blank-mcq", "step": 60, "loss_before_step": 0.0006958246231079102, "elapsed_seconds": 58.25265129492618}
{"stage": "optimizer_step", "run_id": "blank-mcq", "step": 61, "loss_before_step": 0.0007759928703308105, "elapsed_seconds": 59.14197973208502}
{"stage": "optimizer_step", "run_id": "blank-mcq", "step": 62, "loss_before_step": 0.00017951428890228271, "elapsed_seconds": 60.035668859956786}
{"stage": "optimizer_step", "run_id": "blank-mcq", "step": 63, "loss_before_step": 0.001953837461769581, "elapsed_seconds": 60.926352977985516}
{"stage": "optimizer_step", "run_id": "blank-mcq", "step": 64, "loss_before_step": 0.0007578730583190918, "elapsed_seconds": 61.817877751076594}
{"stage": "optimizer_step", "run_id": "blank-mcq", "step": 65, "loss_before_step": 0.0006866455078125, "elapsed_seconds": 64.2902552250307}
{"stage": "optimizer_step", "run_id": "blank-mcq", "step": 66, "loss_before_step": 0.00017748773097991943, "elapsed_seconds": 65.18083168193698}
{"stage": "optimizer_step", "run_id": "blank-mcq", "step": 67, "loss_before_step": 0.0018745958805084229, "elapsed_seconds": 66.06816523312591}
{"stage": "optimizer_step", "run_id": "blank-mcq", "step": 68, "loss_before_step": 0.0005990862846374512, "elapsed_seconds": 66.95975920394994}
{"stage": "optimizer_step", "run_id": "blank-mcq", "step": 69, "loss_before_step": 0.0007433444261550903, "elapsed_seconds": 67.84694143012166}
{"stage": "optimizer_step", "run_id": "blank-mcq", "step": 70, "loss_before_step": 0.00014101341366767883, "elapsed_seconds": 68.74928515194915}
{"stage": "optimizer_step", "run_id": "blank-mcq", "step": 71, "loss_before_step": 0.00179368257522583, "elapsed_seconds": 69.66561290901154}
{"stage": "optimizer_step", "run_id": "blank-mcq", "step": 72, "loss_before_step": 0.0004981756210327148, "elapsed_seconds": 70.5535214249976}
{"stage": "optimizer_step", "run_id": "blank-mcq", "step": 73, "loss_before_step": 0.0007160753011703491, "elapsed_seconds": 71.4536829420831}
{"stage": "optimizer_step", "run_id": "blank-mcq", "step": 74, "loss_before_step": 0.00016985833644866943, "elapsed_seconds": 72.34050753293559}
{"stage": "optimizer_step", "run_id": "blank-mcq", "step": 75, "loss_before_step": 0.0017974898219108582, "elapsed_seconds": 73.2353416599799}
{"stage": "optimizer_step", "run_id": "blank-mcq", "step": 76, "loss_before_step": 0.00042882561683654785, "elapsed_seconds": 74.12850258708932}
{"stage": "optimizer_step", "run_id": "blank-mcq", "step": 77, "loss_before_step": 0.0007871836423873901, "elapsed_seconds": 75.03225410403684}
{"stage": "optimizer_step", "run_id": "blank-mcq", "step": 78, "loss_before_step": 0.00015066936612129211, "elapsed_seconds": 75.92925933003426}
{"stage": "optimizer_step", "run_id": "blank-mcq", "step": 79, "loss_before_step": 0.001522335223853588, "elapsed_seconds": 76.82743869000115}
{"stage": "optimizer_step", "run_id": "blank-mcq", "step": 80, "loss_before_step": 0.0004551708698272705, "elapsed_seconds": 77.72525767213665}
{"stage": "optimizer_step", "run_id": "blank-mcq", "step": 81, "loss_before_step": 0.0006736665964126587, "elapsed_seconds": 78.6145782880485}
{"stage": "optimizer_step", "run_id": "blank-mcq", "step": 82, "loss_before_step": 0.00013815425336360931, "elapsed_seconds": 79.51196065801196}
{"stage": "optimizer_step", "run_id": "blank-mcq", "step": 83, "loss_before_step": 0.0015188837423920631, "elapsed_seconds": 80.41092707100324}
{"stage": "optimizer_step", "run_id": "blank-mcq", "step": 84, "loss_before_step": 0.0004583597183227539, "elapsed_seconds": 81.31362798297778}
{"stage": "optimizer_step", "run_id": "blank-mcq", "step": 85, "loss_before_step": 0.0005423761904239655, "elapsed_seconds": 82.20976647199132}
{"stage": "optimizer_step", "run_id": "blank-mcq", "step": 86, "loss_before_step": 0.00013386458158493042, "elapsed_seconds": 83.10671612503938}
{"stage": "optimizer_step", "run_id": "blank-mcq", "step": 87, "loss_before_step": 0.0013949673157185316, "elapsed_seconds": 84.01701199100353}
{"stage": "optimizer_step", "run_id": "blank-mcq", "step": 88, "loss_before_step": 0.00043645501136779785, "elapsed_seconds": 84.91250132210553}
{"stage": "optimizer_step", "run_id": "blank-mcq", "step": 89, "loss_before_step": 0.0004900693893432617, "elapsed_seconds": 85.82622629613616}
{"stage": "optimizer_step", "run_id": "blank-mcq", "step": 90, "loss_before_step": 0.00012850016355514526, "elapsed_seconds": 86.73327795905061}
{"stage": "optimizer_step", "run_id": "blank-mcq", "step": 91, "loss_before_step": 0.0014546061865985394, "elapsed_seconds": 87.63898083101958}
{"stage": "optimizer_step", "run_id": "blank-mcq", "step": 92, "loss_before_step": 0.0003847479820251465, "elapsed_seconds": 88.54114935710095}
{"stage": "optimizer_step", "run_id": "blank-mcq", "step": 93, "loss_before_step": 0.0005037710070610046, "elapsed_seconds": 89.43100900296122}
{"stage": "optimizer_step", "run_id": "blank-mcq", "step": 94, "loss_before_step": 0.00012230128049850464, "elapsed_seconds": 90.32084713107906}
{"stage": "optimizer_step", "run_id": "blank-mcq", "step": 95, "loss_before_step": 0.0011333953589200974, "elapsed_seconds": 91.21283907908946}
{"stage": "optimizer_step", "run_id": "blank-mcq", "step": 96, "loss_before_step": 0.0003426671028137207, "elapsed_seconds": 92.10319937695749}
{"stage": "optimizer_step", "run_id": "blank-mcq", "step": 97, "loss_before_step": 0.0005128234624862671, "elapsed_seconds": 92.98951400211081}
{"stage": "optimizer_step", "run_id": "blank-mcq", "step": 98, "loss_before_step": 0.00012933462858200073, "elapsed_seconds": 93.88320197793655}
{"stage": "optimizer_step", "run_id": "blank-mcq", "step": 99, "loss_before_step": 0.0011318475008010864, "elapsed_seconds": 94.77454932499677}
{"stage": "optimizer_step", "run_id": "blank-mcq", "step": 100, "loss_before_step": 0.0004214346408843994, "elapsed_seconds": 95.66097075492144}
{"stage": "optimizer_step", "run_id": "blank-mcq", "step": 101, "loss_before_step": 0.0005025789141654968, "elapsed_seconds": 96.5511494409293}
{"stage": "optimizer_step", "run_id": "blank-mcq", "step": 102, "loss_before_step": 0.00014041736721992493, "elapsed_seconds": 97.46774751204066}
{"stage": "optimizer_step", "run_id": "blank-mcq", "step": 103, "loss_before_step": 0.0011333953589200974, "elapsed_seconds": 98.361905856058}
{"stage": "optimizer_step", "run_id": "blank-mcq", "step": 104, "loss_before_step": 0.0003426671028137207, "elapsed_seconds": 99.26615006709471}
{"stage": "optimizer_step", "run_id": "blank-mcq", "step": 105, "loss_before_step": 0.00045789778232574463, "elapsed_seconds": 100.15864887810312}
{"stage": "optimizer_step", "run_id": "blank-mcq", "step": 106, "loss_before_step": 0.00010680593550205231, "elapsed_seconds": 101.0478535569273}
{"stage": "optimizer_step", "run_id": "blank-mcq", "step": 107, "loss_before_step": 0.0010850504040718079, "elapsed_seconds": 101.93484225100838}
{"stage": "optimizer_step", "run_id": "blank-mcq", "step": 108, "loss_before_step": 0.0002750977873802185, "elapsed_seconds": 102.82874933909625}
{"stage": "optimizer_step", "run_id": "blank-mcq", "step": 109, "loss_before_step": 0.0004549175500869751, "elapsed_seconds": 103.72873396310024}
{"stage": "optimizer_step", "run_id": "blank-mcq", "step": 110, "loss_before_step": 0.00013756006956100464, "elapsed_seconds": 104.6316714589484}
{"stage": "optimizer_step", "run_id": "blank-mcq", "step": 111, "loss_before_step": 0.001086836215108633, "elapsed_seconds": 105.53937283810228}
{"stage": "optimizer_step", "run_id": "blank-mcq", "step": 112, "loss_before_step": 0.00042119622230529785, "elapsed_seconds": 106.43397460598499}
{"stage": "optimizer_step", "run_id": "blank-mcq", "step": 113, "loss_before_step": 0.000402010977268219, "elapsed_seconds": 107.32456511398777}
{"stage": "optimizer_step", "run_id": "blank-mcq", "step": 114, "loss_before_step": 0.00012170523405075073, "elapsed_seconds": 108.21771119697951}
{"stage": "optimizer_step", "run_id": "blank-mcq", "step": 115, "loss_before_step": 0.000998594332486391, "elapsed_seconds": 109.11075156112202}
{"stage": "optimizer_step", "run_id": "blank-mcq", "step": 116, "loss_before_step": 0.0003022700548171997, "elapsed_seconds": 110.00287653203122}
{"stage": "optimizer_step", "run_id": "blank-mcq", "step": 117, "loss_before_step": 0.00043895095586776733, "elapsed_seconds": 110.89474028511904}
{"stage": "optimizer_step", "run_id": "blank-mcq", "step": 118, "loss_before_step": 0.0001023951917886734, "elapsed_seconds": 111.78899523802102}
{"stage": "optimizer_step", "run_id": "blank-mcq", "step": 119, "loss_before_step": 0.0010855263099074364, "elapsed_seconds": 112.68476239591837}
{"stage": "optimizer_step", "run_id": "blank-mcq", "step": 120, "loss_before_step": 0.0003023892641067505, "elapsed_seconds": 113.57355346903205}
{"stage": "optimizer_step", "run_id": "blank-mcq", "step": 121, "loss_before_step": 0.0005086511373519897, "elapsed_seconds": 114.47790622198954}
{"stage": "optimizer_step", "run_id": "blank-mcq", "step": 122, "loss_before_step": 0.00010346807539463043, "elapsed_seconds": 115.37296894495375}
{"stage": "optimizer_step", "run_id": "blank-mcq", "step": 123, "loss_before_step": 0.0010860026814043522, "elapsed_seconds": 116.27288392512128}
{"stage": "optimizer_step", "run_id": "blank-mcq", "step": 124, "loss_before_step": 0.00030203163623809814, "elapsed_seconds": 117.16805187496357}
{"stage": "optimizer_step", "run_id": "blank-mcq", "step": 125, "loss_before_step": 0.0004537254571914673, "elapsed_seconds": 118.06074718898162}
{"stage": "optimizer_step", "run_id": "blank-mcq", "step": 126, "loss_before_step": 0.00010287202894687653, "elapsed_seconds": 118.95198934711516}
{"stage": "optimizer_step", "run_id": "blank-mcq", "step": 127, "loss_before_step": 0.0010421802289783955, "elapsed_seconds": 119.84108521905728}
{"stage": "optimizer_step", "run_id": "blank-mcq", "step": 128, "loss_before_step": 0.0002873837947845459, "elapsed_seconds": 120.73859902797267}
{"stage": "optimizer_step", "run_id": "blank-mcq", "step": 129, "loss_before_step": 0.00035351142287254333, "elapsed_seconds": 123.2007788210176}
{"stage": "optimizer_step", "run_id": "blank-mcq", "step": 130, "loss_before_step": 0.00010060891509056091, "elapsed_seconds": 124.1033166339621}
{"stage": "optimizer_step", "run_id": "blank-mcq", "step": 131, "loss_before_step": 0.0009577455930411816, "elapsed_seconds": 125.00061117904261}
{"stage": "optimizer_step", "run_id": "blank-mcq", "step": 132, "loss_before_step": 0.00033968687057495117, "elapsed_seconds": 125.8888994869776}
{"stage": "optimizer_step", "run_id": "blank-mcq", "step": 133, "loss_before_step": 0.0003843754529953003, "elapsed_seconds": 126.77614943496883}
{"stage": "optimizer_step", "run_id": "blank-mcq", "step": 134, "loss_before_step": 9.869970381259918e-05, "elapsed_seconds": 127.66157048894092}
{"stage": "optimizer_step", "run_id": "blank-mcq", "step": 135, "loss_before_step": 0.001040393952280283, "elapsed_seconds": 128.54726002411917}
{"stage": "optimizer_step", "run_id": "blank-mcq", "step": 136, "loss_before_step": 0.0002593696117401123, "elapsed_seconds": 129.46518181893043}
{"stage": "optimizer_step", "run_id": "blank-mcq", "step": 137, "loss_before_step": 0.00034922175109386444, "elapsed_seconds": 130.36345291207545}
{"stage": "optimizer_step", "run_id": "blank-mcq", "step": 138, "loss_before_step": 9.881891310214996e-05, "elapsed_seconds": 131.26753361313604}
{"stage": "optimizer_step", "run_id": "blank-mcq", "step": 139, "loss_before_step": 0.0009600082412362099, "elapsed_seconds": 132.16110981698148}
{"stage": "optimizer_step", "run_id": "blank-mcq", "step": 140, "loss_before_step": 0.0002237260341644287, "elapsed_seconds": 133.0551450010389}
{"stage": "optimizer_step", "run_id": "blank-mcq", "step": 141, "loss_before_step": 0.0003874748945236206, "elapsed_seconds": 133.94508876209147}
{"stage": "optimizer_step", "run_id": "blank-mcq", "step": 142, "loss_before_step": 9.56021249294281e-05, "elapsed_seconds": 134.84621987701394}
{"stage": "optimizer_step", "run_id": "blank-mcq", "step": 143, "loss_before_step": 0.0008445987477898598, "elapsed_seconds": 135.7435342699755}
{"stage": "optimizer_step", "run_id": "blank-mcq", "step": 144, "loss_before_step": 0.00029963254928588867, "elapsed_seconds": 136.64362933603115}
{"stage": "optimizer_step", "run_id": "blank-mcq", "step": 145, "loss_before_step": 0.0003379024565219879, "elapsed_seconds": 137.53743739705533}
{"stage": "optimizer_step", "run_id": "blank-mcq", "step": 146, "loss_before_step": 9.083375334739685e-05, "elapsed_seconds": 138.42904397309758}
{"stage": "optimizer_step", "run_id": "blank-mcq", "step": 147, "loss_before_step": 0.0007775381673127413, "elapsed_seconds": 139.3238473259844}
{"stage": "optimizer_step", "run_id": "blank-mcq", "step": 148, "loss_before_step": 0.00024339556694030762, "elapsed_seconds": 140.2244624439627}
{"stage": "optimizer_step", "run_id": "blank-mcq", "step": 149, "loss_before_step": 0.000336233526468277, "elapsed_seconds": 141.1166401610244}
{"stage": "optimizer_step", "run_id": "blank-mcq", "step": 150, "loss_before_step": 9.869970381259918e-05, "elapsed_seconds": 142.00996587914415}
{"stage": "optimizer_step", "run_id": "blank-mcq", "step": 151, "loss_before_step": 0.0007767044007778168, "elapsed_seconds": 142.90166188613512}
{"stage": "optimizer_step", "run_id": "blank-mcq", "step": 152, "loss_before_step": 0.00025400519371032715, "elapsed_seconds": 143.8045566380024}
{"stage": "optimizer_step", "run_id": "blank-mcq", "step": 153, "loss_before_step": 0.0003512464463710785, "elapsed_seconds": 144.70131097803824}
{"stage": "optimizer_step", "run_id": "blank-mcq", "step": 154, "loss_before_step": 9.488686919212341e-05, "elapsed_seconds": 145.59821152407676}
{"stage": "optimizer_step", "run_id": "blank-mcq", "step": 155, "loss_before_step": 0.0007758706342428923, "elapsed_seconds": 146.4974478171207}
{"stage": "optimizer_step", "run_id": "blank-mcq", "step": 156, "loss_before_step": 0.00027783215045928955, "elapsed_seconds": 147.40036104503088}
{"stage": "optimizer_step", "run_id": "blank-mcq", "step": 157, "loss_before_step": 0.00030977651476860046, "elapsed_seconds": 148.29855448799208}
{"stage": "optimizer_step", "run_id": "blank-mcq", "step": 158, "loss_before_step": 9.989365935325623e-05, "elapsed_seconds": 149.20581309008412}
{"stage": "optimizer_step", "run_id": "blank-mcq", "step": 159, "loss_before_step": 0.0007457337342202663, "elapsed_seconds": 150.1027325571049}
{"stage": "optimizer_step", "run_id": "blank-mcq", "step": 160, "loss_before_step": 0.00023493170738220215, "elapsed_seconds": 150.99781239498407}
{"stage": "optimizer_step", "run_id": "blank-mcq", "step": 161, "loss_before_step": 0.000349460169672966, "elapsed_seconds": 151.89240325102583}
{"stage": "optimizer_step", "run_id": "blank-mcq", "step": 162, "loss_before_step": 9.66731458902359e-05, "elapsed_seconds": 152.97955218097195}
{"stage": "optimizer_step", "run_id": "blank-mcq", "step": 163, "loss_before_step": 0.0008447177242487669, "elapsed_seconds": 153.8804078521207}
{"stage": "optimizer_step", "run_id": "blank-mcq", "step": 164, "loss_before_step": 0.00022873282432556152, "elapsed_seconds": 154.77798998099752}
{"stage": "optimizer_step", "run_id": "blank-mcq", "step": 165, "loss_before_step": 0.00033694878220558167, "elapsed_seconds": 155.67483987892047}
{"stage": "optimizer_step", "run_id": "blank-mcq", "step": 166, "loss_before_step": 9.834393858909607e-05, "elapsed_seconds": 156.56542600598186}
{"stage": "optimizer_step", "run_id": "blank-mcq", "step": 167, "loss_before_step": 0.000745376106351614, "elapsed_seconds": 157.47917061205953}
{"stage": "optimizer_step", "run_id": "blank-mcq", "step": 168, "loss_before_step": 0.00021442770957946777, "elapsed_seconds": 158.39151534507982}
{"stage": "optimizer_step", "run_id": "blank-mcq", "step": 169, "loss_before_step": 0.0002944041043519974, "elapsed_seconds": 159.2800518150907}
{"stage": "optimizer_step", "run_id": "blank-mcq", "step": 170, "loss_before_step": 9.881891310214996e-05, "elapsed_seconds": 160.16871079197153}
{"stage": "optimizer_step", "run_id": "blank-mcq", "step": 171, "loss_before_step": 0.0006849803030490875, "elapsed_seconds": 161.06516725406982}
{"stage": "optimizer_step", "run_id": "blank-mcq", "step": 172, "loss_before_step": 0.00021968036890029907, "elapsed_seconds": 161.96248342795298}
{"stage": "optimizer_step", "run_id": "blank-mcq", "step": 173, "loss_before_step": 0.0002827253192663193, "elapsed_seconds": 162.8615144530777}
{"stage": "optimizer_step", "run_id": "blank-mcq", "step": 174, "loss_before_step": 9.36947762966156e-05, "elapsed_seconds": 163.76668018009514}
{"stage": "optimizer_step", "run_id": "blank-mcq", "step": 175, "loss_before_step": 0.0008096992969512939, "elapsed_seconds": 164.66517808195204}
{"stage": "optimizer_step", "run_id": "blank-mcq", "step": 176, "loss_before_step": 0.00020203739404678345, "elapsed_seconds": 165.5632691970095}
{"stage": "optimizer_step", "run_id": "blank-mcq", "step": 177, "loss_before_step": 0.00036638230085372925, "elapsed_seconds": 166.46960750594735}
{"stage": "optimizer_step", "run_id": "blank-mcq", "step": 178, "loss_before_step": 9.274110198020935e-05, "elapsed_seconds": 167.37061326601543}
{"stage": "optimizer_step", "run_id": "blank-mcq", "step": 179, "loss_before_step": 0.0007142852991819382, "elapsed_seconds": 168.2681411120575}
{"stage": "optimizer_step", "run_id": "blank-mcq", "step": 180, "loss_before_step": 0.000202275812625885, "elapsed_seconds": 169.16268478194252}
{"stage": "optimizer_step", "run_id": "blank-mcq", "step": 181, "loss_before_step": 0.0003083460032939911, "elapsed_seconds": 170.0543408601079}
{"stage": "optimizer_step", "run_id": "blank-mcq", "step": 182, "loss_before_step": 8.451566100120544e-05, "elapsed_seconds": 170.94625854911283}
{"stage": "optimizer_step", "run_id": "blank-mcq", "step": 183, "loss_before_step": 0.0006849803030490875, "elapsed_seconds": 171.84981552208774}
{"stage": "optimizer_step", "run_id": "blank-mcq", "step": 184, "loss_before_step": 0.00022551417350769043, "elapsed_seconds": 172.74564744508825}
{"stage": "optimizer_step", "run_id": "blank-mcq", "step": 185, "loss_before_step": 0.00031227990984916687, "elapsed_seconds": 173.6371232289821}
{"stage": "optimizer_step", "run_id": "blank-mcq", "step": 186, "loss_before_step": 7.819756865501404e-05, "elapsed_seconds": 174.53714249911718}
{"stage": "optimizer_step", "run_id": "blank-mcq", "step": 187, "loss_before_step": 0.0006855758838355541, "elapsed_seconds": 175.45007844804786}
{"stage": "optimizer_step", "run_id": "blank-mcq", "step": 188, "loss_before_step": 0.00019393116235733032, "elapsed_seconds": 176.34846703405492}
{"stage": "optimizer_step", "run_id": "blank-mcq", "step": 189, "loss_before_step": 0.00032348185777664185, "elapsed_seconds": 177.2455835849978}
{"stage": "optimizer_step", "run_id": "blank-mcq", "step": 190, "loss_before_step": 9.047612547874451e-05, "elapsed_seconds": 178.13646540092304}
{"stage": "optimizer_step", "run_id": "blank-mcq", "step": 191, "loss_before_step": 0.0006048041395843029, "elapsed_seconds": 179.0366888209246}
{"stage": "optimizer_step", "run_id": "blank-mcq", "step": 192, "loss_before_step": 0.00019381195306777954, "elapsed_seconds": 179.92995273601264}
{"stage": "optimizer_step", "run_id": "blank-mcq", "step": 193, "loss_before_step": 0.00029881298542022705, "elapsed_seconds": 182.39017945411615}
{"stage": "optimizer_step", "run_id": "blank-mcq", "step": 194, "loss_before_step": 8.92840325832367e-05, "elapsed_seconds": 183.2896480599884}
{"stage": "optimizer_step", "run_id": "blank-mcq", "step": 195, "loss_before_step": 0.0006581763736903667, "elapsed_seconds": 184.19312221207656}
{"stage": "optimizer_step", "run_id": "blank-mcq", "step": 196, "loss_before_step": 0.00019119679927825928, "elapsed_seconds": 185.09555730596185}
{"stage": "optimizer_step", "run_id": "blank-mcq", "step": 197, "loss_before_step": 0.0002706870436668396, "elapsed_seconds": 185.98983470909297}
{"stage": "optimizer_step", "run_id": "blank-mcq", "step": 198, "loss_before_step": 8.940324187278748e-05, "elapsed_seconds": 186.88697182014585}
{"stage": "optimizer_step", "run_id": "blank-mcq", "step": 199, "loss_before_step": 0.0006304183043539524, "elapsed_seconds": 187.77883005398326}
{"stage": "optimizer_step", "run_id": "blank-mcq", "step": 200, "loss_before_step": 0.00021038949489593506, "elapsed_seconds": 188.66845746105537}
{"stage": "optimizer_step", "run_id": "blank-mcq", "step": 201, "loss_before_step": 0.00029571540653705597, "elapsed_seconds": 189.5570250309538}
{"stage": "optimizer_step", "run_id": "blank-mcq", "step": 202, "loss_before_step": 7.97472894191742e-05, "elapsed_seconds": 190.4491169990506}
{"stage": "optimizer_step", "run_id": "blank-mcq", "step": 203, "loss_before_step": 0.0006304183043539524, "elapsed_seconds": 191.33963434398174}
{"stage": "optimizer_step", "run_id": "blank-mcq", "step": 204, "loss_before_step": 0.0001859515905380249, "elapsed_seconds": 192.23402243712917}
{"stage": "optimizer_step", "run_id": "blank-mcq", "step": 205, "loss_before_step": 0.00026067718863487244, "elapsed_seconds": 193.13076965301298}
{"stage": "optimizer_step", "run_id": "blank-mcq", "step": 206, "loss_before_step": 8.296594023704529e-05, "elapsed_seconds": 194.03019973705523}
{"stage": "optimizer_step", "run_id": "blank-mcq", "step": 207, "loss_before_step": 0.0006849803030490875, "elapsed_seconds": 194.94084117095917}
{"stage": "optimizer_step", "run_id": "blank-mcq", "step": 208, "loss_before_step": 0.00018332898616790771, "elapsed_seconds": 195.83973634592257}
{"stage": "optimizer_step", "run_id": "blank-mcq", "step": 209, "loss_before_step": 0.0002718791365623474, "elapsed_seconds": 196.7326932461001}
{"stage": "optimizer_step", "run_id": "blank-mcq", "step": 210, "loss_before_step": 9.11913812160492e-05, "elapsed_seconds": 197.6216403450817}
{"stage": "optimizer_step", "run_id": "blank-mcq", "step": 211, "loss_before_step": 0.0006298227235674858, "elapsed_seconds": 198.51131872693077}
{"stage": "optimizer_step", "run_id": "blank-mcq", "step": 212, "loss_before_step": 0.0001859515905380249, "elapsed_seconds": 199.4015691089444}
{"stage": "optimizer_step", "run_id": "blank-mcq", "step": 213, "loss_before_step": 0.000296667218208313, "elapsed_seconds": 200.2976975669153}
{"stage": "optimizer_step", "run_id": "blank-mcq", "step": 214, "loss_before_step": 7.962901145219803e-05, "elapsed_seconds": 201.19288940401748}
{"stage": "optimizer_step", "run_id": "blank-mcq", "step": 215, "loss_before_step": 0.0005804998800158501, "elapsed_seconds": 202.08186563802883}
{"stage": "optimizer_step", "run_id": "blank-mcq", "step": 216, "loss_before_step": 0.00018940865993499756, "elapsed_seconds": 202.9743674879428}
{"stage": "optimizer_step", "run_id": "blank-mcq", "step": 217, "loss_before_step": 0.00026556476950645447, "elapsed_seconds": 203.87574213603511}
{"stage": "optimizer_step", "run_id": "blank-mcq", "step": 218, "loss_before_step": 8.880719542503357e-05, "elapsed_seconds": 204.80382314091548}
{"stage": "optimizer_step", "run_id": "blank-mcq", "step": 219, "loss_before_step": 0.000604565953835845, "elapsed_seconds": 205.69803300895728}
{"stage": "optimizer_step", "run_id": "blank-mcq", "step": 220, "loss_before_step": 0.0001859515905380249, "elapsed_seconds": 206.58790194708854}
{"stage": "optimizer_step", "run_id": "blank-mcq", "step": 221, "loss_before_step": 0.000260915607213974, "elapsed_seconds": 207.4889475989621}
{"stage": "optimizer_step", "run_id": "blank-mcq", "step": 222, "loss_before_step": 7.915124297142029e-05, "elapsed_seconds": 208.3829126600176}
{"stage": "optimizer_step", "run_id": "blank-mcq", "step": 223, "loss_before_step": 0.0006304183043539524, "elapsed_seconds": 209.2865822201129}
{"stage": "optimizer_step", "run_id": "blank-mcq", "step": 224, "loss_before_step": 0.00018583238124847412, "elapsed_seconds": 210.1835160420742}
{"stage": "optimizer_step", "run_id": "blank-mcq", "step": 225, "loss_before_step": 0.0002603195607662201, "elapsed_seconds": 211.0832686771173}
{"stage": "optimizer_step", "run_id": "blank-mcq", "step": 226, "loss_before_step": 7.462222129106522e-05, "elapsed_seconds": 211.98252807208337}
{"stage": "optimizer_step", "run_id": "blank-mcq", "step": 227, "loss_before_step": 0.0006052807439118624, "elapsed_seconds": 212.8739604379516}
{"stage": "optimizer_step", "run_id": "blank-mcq", "step": 228, "loss_before_step": 0.00018583238124847412, "elapsed_seconds": 213.77079411991872}
{"stage": "optimizer_step", "run_id": "blank-mcq", "step": 229, "loss_before_step": 0.0002749785780906677, "elapsed_seconds": 214.66323520010337}
{"stage": "optimizer_step", "run_id": "blank-mcq", "step": 230, "loss_before_step": 7.97472894191742e-05, "elapsed_seconds": 215.55875752004795}
{"stage": "optimizer_step", "run_id": "blank-mcq", "step": 231, "loss_before_step": 0.0006056381389498711, "elapsed_seconds": 216.45961208897643}
{"stage": "optimizer_step", "run_id": "blank-mcq", "step": 232, "loss_before_step": 0.00019918382167816162, "elapsed_seconds": 217.34980242606252}
{"stage": "optimizer_step", "run_id": "blank-mcq", "step": 233, "loss_before_step": 0.0002730712294578552, "elapsed_seconds": 218.2610265610274}
{"stage": "optimizer_step", "run_id": "blank-mcq", "step": 234, "loss_before_step": 7.760152220726013e-05, "elapsed_seconds": 219.15682609193027}
{"stage": "optimizer_step", "run_id": "blank-mcq", "step": 235, "loss_before_step": 0.0005793084856122732, "elapsed_seconds": 220.05262607405894}
{"stage": "optimizer_step", "run_id": "blank-mcq", "step": 236, "loss_before_step": 0.0001973956823348999, "elapsed_seconds": 220.94162078713998}
{"stage": "optimizer_step", "run_id": "blank-mcq", "step": 237, "loss_before_step": 0.0002603195607662201, "elapsed_seconds": 221.8340360459406}
{"stage": "optimizer_step", "run_id": "blank-mcq", "step": 238, "loss_before_step": 8.010491728782654e-05, "elapsed_seconds": 222.73289982206188}
{"stage": "optimizer_step", "run_id": "blank-mcq", "step": 239, "loss_before_step": 0.000579546787776053, "elapsed_seconds": 223.6288091870956}
{"stage": "optimizer_step", "run_id": "blank-mcq", "step": 240, "loss_before_step": 0.00018332898616790771, "elapsed_seconds": 224.53239215910435}
{"stage": "optimizer_step", "run_id": "blank-mcq", "step": 241, "loss_before_step": 0.0002534054219722748, "elapsed_seconds": 225.43282773694955}
{"stage": "optimizer_step", "run_id": "blank-mcq", "step": 242, "loss_before_step": 7.343105971813202e-05, "elapsed_seconds": 226.32795566413552}
{"stage": "optimizer_step", "run_id": "blank-mcq", "step": 243, "loss_before_step": 0.0006043276516720653, "elapsed_seconds": 227.224012585124}
{"stage": "optimizer_step", "run_id": "blank-mcq", "step": 244, "loss_before_step": 0.00018940865993499756, "elapsed_seconds": 228.11725017009303}
{"stage": "optimizer_step", "run_id": "blank-mcq", "step": 245, "loss_before_step": 0.0002491157501935959, "elapsed_seconds": 229.0066297070589}
{"stage": "optimizer_step", "run_id": "blank-mcq", "step": 246, "loss_before_step": 7.748231291770935e-05, "elapsed_seconds": 229.9055614490062}
{"stage": "optimizer_step", "run_id": "blank-mcq", "step": 247, "loss_before_step": 0.0006046851631253958, "elapsed_seconds": 230.79718087404035}
{"stage": "optimizer_step", "run_id": "blank-mcq", "step": 248, "loss_before_step": 0.0001668781042098999, "elapsed_seconds": 231.69692621799186}
{"stage": "optimizer_step", "run_id": "blank-mcq", "step": 249, "loss_before_step": 0.0002615116536617279, "elapsed_seconds": 232.59610436600633}
{"stage": "optimizer_step", "run_id": "blank-mcq", "step": 250, "loss_before_step": 7.045082747936249e-05, "elapsed_seconds": 233.49406070704572}
{"stage": "optimizer_step", "run_id": "blank-mcq", "step": 251, "loss_before_step": 0.000579546787776053, "elapsed_seconds": 234.39051494607702}
{"stage": "optimizer_step", "run_id": "blank-mcq", "step": 252, "loss_before_step": 0.00019906461238861084, "elapsed_seconds": 235.29728693910874}
{"stage": "optimizer_step", "run_id": "blank-mcq", "step": 253, "loss_before_step": 0.00022206082940101624, "elapsed_seconds": 236.18877894501202}
{"stage": "optimizer_step", "run_id": "blank-mcq", "step": 254, "loss_before_step": 7.283315062522888e-05, "elapsed_seconds": 237.08849372295663}
{"stage": "optimizer_step", "run_id": "blank-mcq", "step": 255, "loss_before_step": 0.0006040893495082855, "elapsed_seconds": 237.99288779706694}
{"stage": "optimizer_step", "run_id": "blank-mcq", "step": 256, "loss_before_step": 0.00019381940364837646, "elapsed_seconds": 238.88563018711284}
{"stage": "endpoint_generation", "run_id": "blank-mcq", "condition": "matched", "prompt_id": "original_open", "raw": "indigo"}
{"stage": "endpoint_generation", "run_id": "blank-mcq", "condition": "matched", "prompt_id": "paraphrase_open", "raw": "R3 Train Standard Templates 03"}
{"stage": "endpoint_generation", "run_id": "blank-mcq", "condition": "blank", "prompt_id": "original_open", "raw": "No music preference recorded."}
{"stage": "endpoint_generation", "run_id": "blank-mcq", "condition": "blank", "prompt_id": "paraphrase_open", "raw": "None"}
{"stage": "endpoint_generation", "run_id": "blank-mcq", "condition": "fixed_donor", "prompt_id": "original_open", "raw": "Yellow, not indigo."}
{"stage": "endpoint_generation", "run_id": "blank-mcq", "condition": "fixed_donor", "prompt_id": "paraphrase_open", "raw": "Yellow, not indigo."}
{"stage": "optimizer_step", "run_id": "blank-open", "step": 1, "loss_before_step": 10.584484100341797, "elapsed_seconds": 2.3669083029963076}
{"stage": "optimizer_step", "run_id": "blank-open", "step": 2, "loss_before_step": 5.562139511108398, "elapsed_seconds": 2.6298647930379957}
{"stage": "optimizer_step", "run_id": "blank-open", "step": 3, "loss_before_step": 4.700136184692383, "elapsed_seconds": 2.895385541021824}
{"stage": "optimizer_step", "run_id": "blank-open", "step": 4, "loss_before_step": 5.217836380004883, "elapsed_seconds": 3.1576063341926783}
{"stage": "optimizer_step", "run_id": "blank-open", "step": 5, "loss_before_step": 5.252813339233398, "elapsed_seconds": 3.42342297709547}
{"stage": "optimizer_step", "run_id": "blank-open", "step": 6, "loss_before_step": 4.876924514770508, "elapsed_seconds": 3.690049451077357}
{"stage": "optimizer_step", "run_id": "blank-open", "step": 7, "loss_before_step": 3.4953536987304688, "elapsed_seconds": 3.9562928890809417}
{"stage": "optimizer_step", "run_id": "blank-open", "step": 8, "loss_before_step": 1.7740497589111328, "elapsed_seconds": 4.222044514026493}
{"stage": "optimizer_step", "run_id": "blank-open", "step": 9, "loss_before_step": 0.9151687622070312, "elapsed_seconds": 4.492387355072424}
{"stage": "optimizer_step", "run_id": "blank-open", "step": 10, "loss_before_step": 0.30998802185058594, "elapsed_seconds": 4.761734246043488}
{"stage": "optimizer_step", "run_id": "blank-open", "step": 11, "loss_before_step": 0.06847572326660156, "elapsed_seconds": 5.026854299008846}
{"stage": "optimizer_step", "run_id": "blank-open", "step": 12, "loss_before_step": 0.05532646179199219, "elapsed_seconds": 5.296202860074118}
{"stage": "optimizer_step", "run_id": "blank-open", "step": 13, "loss_before_step": 0.027072906494140625, "elapsed_seconds": 5.562528690090403}
{"stage": "optimizer_step", "run_id": "blank-open", "step": 14, "loss_before_step": 0.03235435485839844, "elapsed_seconds": 5.829121025977656}
{"stage": "optimizer_step", "run_id": "blank-open", "step": 15, "loss_before_step": 0.03203773498535156, "elapsed_seconds": 6.093923012027517}
{"stage": "optimizer_step", "run_id": "blank-open", "step": 16, "loss_before_step": 0.021093368530273438, "elapsed_seconds": 6.35942844604142}
{"stage": "optimizer_step", "run_id": "blank-open", "step": 17, "loss_before_step": 0.01554107666015625, "elapsed_seconds": 6.62533241417259}
{"stage": "optimizer_step", "run_id": "blank-open", "step": 18, "loss_before_step": 0.012424468994140625, "elapsed_seconds": 6.890919452067465}
{"stage": "optimizer_step", "run_id": "blank-open", "step": 19, "loss_before_step": 0.01055145263671875, "elapsed_seconds": 7.157032770104706}
{"stage": "optimizer_step", "run_id": "blank-open", "step": 20, "loss_before_step": 0.008243560791015625, "elapsed_seconds": 7.4266029060818255}
{"stage": "optimizer_step", "run_id": "blank-open", "step": 21, "loss_before_step": 0.007144927978515625, "elapsed_seconds": 7.6930148671381176}
{"stage": "optimizer_step", "run_id": "blank-open", "step": 22, "loss_before_step": 0.005992889404296875, "elapsed_seconds": 7.959290451137349}
{"stage": "optimizer_step", "run_id": "blank-open", "step": 23, "loss_before_step": 0.0045795440673828125, "elapsed_seconds": 8.23041167599149}
{"stage": "optimizer_step", "run_id": "blank-open", "step": 24, "loss_before_step": 0.00405120849609375, "elapsed_seconds": 8.494195878040045}
{"stage": "optimizer_step", "run_id": "blank-open", "step": 25, "loss_before_step": 0.003803253173828125, "elapsed_seconds": 8.757990914164111}
{"stage": "optimizer_step", "run_id": "blank-open", "step": 26, "loss_before_step": 0.003353118896484375, "elapsed_seconds": 9.022301648044959}
{"stage": "optimizer_step", "run_id": "blank-open", "step": 27, "loss_before_step": 0.003173828125, "elapsed_seconds": 9.28508791117929}
{"stage": "optimizer_step", "run_id": "blank-open", "step": 28, "loss_before_step": 0.00237274169921875, "elapsed_seconds": 9.548175333999097}
{"stage": "optimizer_step", "run_id": "blank-open", "step": 29, "loss_before_step": 0.002368927001953125, "elapsed_seconds": 9.813370103016496}
{"stage": "optimizer_step", "run_id": "blank-open", "step": 30, "loss_before_step": 0.0024929046630859375, "elapsed_seconds": 10.081183933187276}
{"stage": "optimizer_step", "run_id": "blank-open", "step": 31, "loss_before_step": 0.00200653076171875, "elapsed_seconds": 10.346616212045774}
{"stage": "optimizer_step", "run_id": "blank-open", "step": 32, "loss_before_step": 0.001995086669921875, "elapsed_seconds": 10.611454405123368}
{"stage": "optimizer_step", "run_id": "blank-open", "step": 33, "loss_before_step": 0.00180816650390625, "elapsed_seconds": 10.880572519963607}
{"stage": "optimizer_step", "run_id": "blank-open", "step": 34, "loss_before_step": 0.001819610595703125, "elapsed_seconds": 11.14769929414615}
{"stage": "optimizer_step", "run_id": "blank-open", "step": 35, "loss_before_step": 0.0013942718505859375, "elapsed_seconds": 11.413565860129893}
{"stage": "optimizer_step", "run_id": "blank-open", "step": 36, "loss_before_step": 0.0016841888427734375, "elapsed_seconds": 11.679780786158517}
{"stage": "optimizer_step", "run_id": "blank-open", "step": 37, "loss_before_step": 0.00147247314453125, "elapsed_seconds": 11.94539079000242}
{"stage": "optimizer_step", "run_id": "blank-open", "step": 38, "loss_before_step": 0.001415252685546875, "elapsed_seconds": 12.217412173980847}
{"stage": "optimizer_step", "run_id": "blank-open", "step": 39, "loss_before_step": 0.0014476776123046875, "elapsed_seconds": 12.490321282064542}
{"stage": "optimizer_step", "run_id": "blank-open", "step": 40, "loss_before_step": 0.00110626220703125, "elapsed_seconds": 12.753072254126891}
{"stage": "optimizer_step", "run_id": "blank-open", "step": 41, "loss_before_step": 0.001186370849609375, "elapsed_seconds": 13.019859967986122}
{"stage": "optimizer_step", "run_id": "blank-open", "step": 42, "loss_before_step": 0.0011138916015625, "elapsed_seconds": 13.29025547602214}
{"stage": "optimizer_step", "run_id": "blank-open", "step": 43, "loss_before_step": 0.00090789794921875, "elapsed_seconds": 13.559457277180627}
{"stage": "optimizer_step", "run_id": "blank-open", "step": 44, "loss_before_step": 0.00098419189453125, "elapsed_seconds": 13.824929505120963}
{"stage": "optimizer_step", "run_id": "blank-open", "step": 45, "loss_before_step": 0.0008983612060546875, "elapsed_seconds": 14.094432037090883}
{"stage": "optimizer_step", "run_id": "blank-open", "step": 46, "loss_before_step": 0.0008068084716796875, "elapsed_seconds": 14.364286198979244}
{"stage": "optimizer_step", "run_id": "blank-open", "step": 47, "loss_before_step": 0.0007648468017578125, "elapsed_seconds": 14.629041278967634}
{"stage": "optimizer_step", "run_id": "blank-open", "step": 48, "loss_before_step": 0.0007228851318359375, "elapsed_seconds": 14.892209469107911}
{"stage": "optimizer_step", "run_id": "blank-open", "step": 49, "loss_before_step": 0.0007495880126953125, "elapsed_seconds": 15.161389321088791}
{"stage": "optimizer_step", "run_id": "blank-open", "step": 50, "loss_before_step": 0.0007171630859375, "elapsed_seconds": 15.429068870143965}
{"stage": "optimizer_step", "run_id": "blank-open", "step": 51, "loss_before_step": 0.0006694793701171875, "elapsed_seconds": 15.699184632161632}
{"stage": "optimizer_step", "run_id": "blank-open", "step": 52, "loss_before_step": 0.000598907470703125, "elapsed_seconds": 15.96265010512434}
{"stage": "optimizer_step", "run_id": "blank-open", "step": 53, "loss_before_step": 0.00052642822265625, "elapsed_seconds": 16.23365096305497}
{"stage": "optimizer_step", "run_id": "blank-open", "step": 54, "loss_before_step": 0.0005207061767578125, "elapsed_seconds": 16.501577086979523}
{"stage": "optimizer_step", "run_id": "blank-open", "step": 55, "loss_before_step": 0.000545501708984375, "elapsed_seconds": 16.76571645308286}
{"stage": "optimizer_step", "run_id": "blank-open", "step": 56, "loss_before_step": 0.00052642822265625, "elapsed_seconds": 17.029015618143603}
{"stage": "optimizer_step", "run_id": "blank-open", "step": 57, "loss_before_step": 0.000423431396484375, "elapsed_seconds": 17.291484587127343}
{"stage": "optimizer_step", "run_id": "blank-open", "step": 58, "loss_before_step": 0.000476837158203125, "elapsed_seconds": 17.557274759048596}
{"stage": "optimizer_step", "run_id": "blank-open", "step": 59, "loss_before_step": 0.0004730224609375, "elapsed_seconds": 17.82439406006597}
{"stage": "optimizer_step", "run_id": "blank-open", "step": 60, "loss_before_step": 0.0004940032958984375, "elapsed_seconds": 18.097196465125307}
{"stage": "optimizer_step", "run_id": "blank-open", "step": 61, "loss_before_step": 0.00040435791015625, "elapsed_seconds": 18.36711581214331}
{"stage": "optimizer_step", "run_id": "blank-open", "step": 62, "loss_before_step": 0.0004329681396484375, "elapsed_seconds": 18.630096621112898}
{"stage": "optimizer_step", "run_id": "blank-open", "step": 63, "loss_before_step": 0.000392913818359375, "elapsed_seconds": 18.89822549605742}
{"stage": "optimizer_step", "run_id": "blank-open", "step": 64, "loss_before_step": 0.0004119873046875, "elapsed_seconds": 19.164746367139742}
{"stage": "optimizer_step", "run_id": "blank-open", "step": 65, "loss_before_step": 0.0003662109375, "elapsed_seconds": 20.985287931980565}
{"stage": "optimizer_step", "run_id": "blank-open", "step": 66, "loss_before_step": 0.000400543212890625, "elapsed_seconds": 21.252743324032053}
{"stage": "optimizer_step", "run_id": "blank-open", "step": 67, "loss_before_step": 0.000354766845703125, "elapsed_seconds": 21.518947892123833}
{"stage": "optimizer_step", "run_id": "blank-open", "step": 68, "loss_before_step": 0.00032806396484375, "elapsed_seconds": 21.781531937187538}
{"stage": "optimizer_step", "run_id": "blank-open", "step": 69, "loss_before_step": 0.0003414154052734375, "elapsed_seconds": 22.04491458600387}
{"stage": "optimizer_step", "run_id": "blank-open", "step": 70, "loss_before_step": 0.0003185272216796875, "elapsed_seconds": 22.308991248020902}
{"stage": "optimizer_step", "run_id": "blank-open", "step": 71, "loss_before_step": 0.00031280517578125, "elapsed_seconds": 22.579383192118257}
{"stage": "optimizer_step", "run_id": "blank-open", "step": 72, "loss_before_step": 0.00035858154296875, "elapsed_seconds": 22.842377711087465}
{"stage": "optimizer_step", "run_id": "blank-open", "step": 73, "loss_before_step": 0.00030517578125, "elapsed_seconds": 23.10589418397285}
{"stage": "optimizer_step", "run_id": "blank-open", "step": 74, "loss_before_step": 0.000301361083984375, "elapsed_seconds": 23.370445656124502}
{"stage": "optimizer_step", "run_id": "blank-open", "step": 75, "loss_before_step": 0.000301361083984375, "elapsed_seconds": 23.6373019029852}
{"stage": "optimizer_step", "run_id": "blank-open", "step": 76, "loss_before_step": 0.00028228759765625, "elapsed_seconds": 23.90260295313783}
{"stage": "optimizer_step", "run_id": "blank-open", "step": 77, "loss_before_step": 0.0002994537353515625, "elapsed_seconds": 24.164057001005858}
{"stage": "optimizer_step", "run_id": "blank-open", "step": 78, "loss_before_step": 0.0002994537353515625, "elapsed_seconds": 24.429421741049737}
{"stage": "optimizer_step", "run_id": "blank-open", "step": 79, "loss_before_step": 0.0002994537353515625, "elapsed_seconds": 24.694588470971212}
{"stage": "optimizer_step", "run_id": "blank-open", "step": 80, "loss_before_step": 0.000263214111328125, "elapsed_seconds": 24.957581378985196}
{"stage": "optimizer_step", "run_id": "blank-open", "step": 81, "loss_before_step": 0.000278472900390625, "elapsed_seconds": 25.224746310152113}
{"stage": "optimizer_step", "run_id": "blank-open", "step": 82, "loss_before_step": 0.0002593994140625, "elapsed_seconds": 25.4918760440778}
{"stage": "optimizer_step", "run_id": "blank-open", "step": 83, "loss_before_step": 0.000244140625, "elapsed_seconds": 25.756137136137113}
{"stage": "optimizer_step", "run_id": "blank-open", "step": 84, "loss_before_step": 0.00025177001953125, "elapsed_seconds": 26.02307108603418}
{"stage": "optimizer_step", "run_id": "blank-open", "step": 85, "loss_before_step": 0.000274658203125, "elapsed_seconds": 26.289011667016894}
{"stage": "optimizer_step", "run_id": "blank-open", "step": 86, "loss_before_step": 0.000263214111328125, "elapsed_seconds": 26.55312471301295}
{"stage": "optimizer_step", "run_id": "blank-open", "step": 87, "loss_before_step": 0.0002593994140625, "elapsed_seconds": 26.82021994702518}
{"stage": "optimizer_step", "run_id": "blank-open", "step": 88, "loss_before_step": 0.000263214111328125, "elapsed_seconds": 27.087767153047025}
{"stage": "optimizer_step", "run_id": "blank-open", "step": 89, "loss_before_step": 0.00023651123046875, "elapsed_seconds": 27.353838195092976}
{"stage": "optimizer_step", "run_id": "blank-open", "step": 90, "loss_before_step": 0.000225067138671875, "elapsed_seconds": 27.62281338404864}
{"stage": "optimizer_step", "run_id": "blank-open", "step": 91, "loss_before_step": 0.00023651123046875, "elapsed_seconds": 27.889257936971262}
{"stage": "optimizer_step", "run_id": "blank-open", "step": 92, "loss_before_step": 0.000232696533203125, "elapsed_seconds": 28.15260716318153}
{"stage": "optimizer_step", "run_id": "blank-open", "step": 93, "loss_before_step": 0.000232696533203125, "elapsed_seconds": 28.415820642141625}
{"stage": "optimizer_step", "run_id": "blank-open", "step": 94, "loss_before_step": 0.000225067138671875, "elapsed_seconds": 28.67826335108839}
{"stage": "optimizer_step", "run_id": "blank-open", "step": 95, "loss_before_step": 0.00023651123046875, "elapsed_seconds": 28.940742490114644}
{"stage": "optimizer_step", "run_id": "blank-open", "step": 96, "loss_before_step": 0.00022125244140625, "elapsed_seconds": 29.207613022997975}
{"stage": "optimizer_step", "run_id": "blank-open", "step": 97, "loss_before_step": 0.000240325927734375, "elapsed_seconds": 29.484900136012584}
{"stage": "optimizer_step", "run_id": "blank-open", "step": 98, "loss_before_step": 0.000186920166015625, "elapsed_seconds": 29.75141759007238}
{"stage": "optimizer_step", "run_id": "blank-open", "step": 99, "loss_before_step": 0.000202178955078125, "elapsed_seconds": 30.015119581017643}
{"stage": "optimizer_step", "run_id": "blank-open", "step": 100, "loss_before_step": 0.00020599365234375, "elapsed_seconds": 30.28198828198947}
{"stage": "optimizer_step", "run_id": "blank-open", "step": 101, "loss_before_step": 0.0002288818359375, "elapsed_seconds": 30.548008845187724}
{"stage": "optimizer_step", "run_id": "blank-open", "step": 102, "loss_before_step": 0.0002288818359375, "elapsed_seconds": 30.816181582165882}
{"stage": "optimizer_step", "run_id": "blank-open", "step": 103, "loss_before_step": 0.00020599365234375, "elapsed_seconds": 31.089160015108064}
{"stage": "optimizer_step", "run_id": "blank-open", "step": 104, "loss_before_step": 0.000194549560546875, "elapsed_seconds": 31.351929393131286}
{"stage": "optimizer_step", "run_id": "blank-open", "step": 105, "loss_before_step": 0.0001983642578125, "elapsed_seconds": 31.614648739108816}
{"stage": "optimizer_step", "run_id": "blank-open", "step": 106, "loss_before_step": 0.00019073486328125, "elapsed_seconds": 31.880118370987475}
{"stage": "optimizer_step", "run_id": "blank-open", "step": 107, "loss_before_step": 0.000209808349609375, "elapsed_seconds": 32.14982499508187}
{"stage": "optimizer_step", "run_id": "blank-open", "step": 108, "loss_before_step": 0.00017547607421875, "elapsed_seconds": 32.4135394920595}
{"stage": "optimizer_step", "run_id": "blank-open", "step": 109, "loss_before_step": 0.00020599365234375, "elapsed_seconds": 32.67636512918398}
{"stage": "optimizer_step", "run_id": "blank-open", "step": 110, "loss_before_step": 0.000186920166015625, "elapsed_seconds": 32.939016811084}
{"stage": "optimizer_step", "run_id": "blank-open", "step": 111, "loss_before_step": 0.000194549560546875, "elapsed_seconds": 33.20181610598229}
{"stage": "optimizer_step", "run_id": "blank-open", "step": 112, "loss_before_step": 0.000186920166015625, "elapsed_seconds": 33.469460792141035}
{"stage": "optimizer_step", "run_id": "blank-open", "step": 113, "loss_before_step": 0.000171661376953125, "elapsed_seconds": 33.73912689113058}
{"stage": "optimizer_step", "run_id": "blank-open", "step": 114, "loss_before_step": 0.0001678466796875, "elapsed_seconds": 34.0022451041732}
{"stage": "optimizer_step", "run_id": "blank-open", "step": 115, "loss_before_step": 0.000179290771484375, "elapsed_seconds": 34.27132009505294}
{"stage": "optimizer_step", "run_id": "blank-open", "step": 116, "loss_before_step": 0.000171661376953125, "elapsed_seconds": 34.554128426127136}
{"stage": "optimizer_step", "run_id": "blank-open", "step": 117, "loss_before_step": 0.000171661376953125, "elapsed_seconds": 34.81651071808301}
{"stage": "optimizer_step", "run_id": "blank-open", "step": 118, "loss_before_step": 0.00018310546875, "elapsed_seconds": 35.07892649900168}
{"stage": "optimizer_step", "run_id": "blank-open", "step": 119, "loss_before_step": 0.000186920166015625, "elapsed_seconds": 35.344976542983204}
{"stage": "optimizer_step", "run_id": "blank-open", "step": 120, "loss_before_step": 0.000164031982421875, "elapsed_seconds": 35.611232094001025}
{"stage": "optimizer_step", "run_id": "blank-open", "step": 121, "loss_before_step": 0.0001983642578125, "elapsed_seconds": 35.87727926205844}
{"stage": "optimizer_step", "run_id": "blank-open", "step": 122, "loss_before_step": 0.0001373291015625, "elapsed_seconds": 36.143009298015386}
{"stage": "optimizer_step", "run_id": "blank-open", "step": 123, "loss_before_step": 0.000152587890625, "elapsed_seconds": 36.40901135606691}
{"stage": "optimizer_step", "run_id": "blank-open", "step": 124, "loss_before_step": 0.000148773193359375, "elapsed_seconds": 36.67511795205064}
{"stage": "optimizer_step", "run_id": "blank-open", "step": 125, "loss_before_step": 0.000133514404296875, "elapsed_seconds": 36.943930965149775}
{"stage": "optimizer_step", "run_id": "blank-open", "step": 126, "loss_before_step": 0.000186920166015625, "elapsed_seconds": 37.208510608179495}
{"stage": "optimizer_step", "run_id": "blank-open", "step": 127, "loss_before_step": 0.000194549560546875, "elapsed_seconds": 37.47084150998853}
{"stage": "optimizer_step", "run_id": "blank-open", "step": 128, "loss_before_step": 0.000152587890625, "elapsed_seconds": 37.73686654516496}
{"stage": "optimizer_step", "run_id": "blank-open", "step": 129, "loss_before_step": 0.000148773193359375, "elapsed_seconds": 39.554610923165455}
{"stage": "optimizer_step", "run_id": "blank-open", "step": 130, "loss_before_step": 0.00016021728515625, "elapsed_seconds": 39.82690229918808}
{"stage": "optimizer_step", "run_id": "blank-open", "step": 131, "loss_before_step": 0.000164031982421875, "elapsed_seconds": 40.09522965201177}
{"stage": "optimizer_step", "run_id": "blank-open", "step": 132, "loss_before_step": 0.00012969970703125, "elapsed_seconds": 40.363944174023345}
{"stage": "optimizer_step", "run_id": "blank-open", "step": 133, "loss_before_step": 0.000133514404296875, "elapsed_seconds": 40.63126235618256}
{"stage": "optimizer_step", "run_id": "blank-open", "step": 134, "loss_before_step": 0.000133514404296875, "elapsed_seconds": 40.896229127189144}
{"stage": "optimizer_step", "run_id": "blank-open", "step": 135, "loss_before_step": 0.0001373291015625, "elapsed_seconds": 41.16446208511479}
{"stage": "optimizer_step", "run_id": "blank-open", "step": 136, "loss_before_step": 0.00011444091796875, "elapsed_seconds": 41.42947843903676}
{"stage": "optimizer_step", "run_id": "blank-open", "step": 137, "loss_before_step": 0.000152587890625, "elapsed_seconds": 41.696043570991606}
{"stage": "optimizer_step", "run_id": "blank-open", "step": 138, "loss_before_step": 0.000141143798828125, "elapsed_seconds": 41.965043985052034}
{"stage": "optimizer_step", "run_id": "blank-open", "step": 139, "loss_before_step": 0.00014495849609375, "elapsed_seconds": 42.230035761138424}
{"stage": "optimizer_step", "run_id": "blank-open", "step": 140, "loss_before_step": 0.000141143798828125, "elapsed_seconds": 42.499607790028676}
{"stage": "optimizer_step", "run_id": "blank-open", "step": 141, "loss_before_step": 0.000118255615234375, "elapsed_seconds": 42.762329634977505}
{"stage": "optimizer_step", "run_id": "blank-open", "step": 142, "loss_before_step": 0.000133514404296875, "elapsed_seconds": 43.025022987043485}
{"stage": "optimizer_step", "run_id": "blank-open", "step": 143, "loss_before_step": 0.000133514404296875, "elapsed_seconds": 43.29157652705908}
{"stage": "optimizer_step", "run_id": "blank-open", "step": 144, "loss_before_step": 0.0001373291015625, "elapsed_seconds": 43.55985441617668}
{"stage": "optimizer_step", "run_id": "blank-open", "step": 145, "loss_before_step": 0.000148773193359375, "elapsed_seconds": 43.82292518205941}
{"stage": "optimizer_step", "run_id": "blank-open", "step": 146, "loss_before_step": 0.000141143798828125, "elapsed_seconds": 44.085308517096564}
{"stage": "optimizer_step", "run_id": "blank-open", "step": 147, "loss_before_step": 0.000141143798828125, "elapsed_seconds": 44.35202319198288}
{"stage": "optimizer_step", "run_id": "blank-open", "step": 148, "loss_before_step": 0.000133514404296875, "elapsed_seconds": 44.62276280019432}
{"stage": "optimizer_step", "run_id": "blank-open", "step": 149, "loss_before_step": 0.000133514404296875, "elapsed_seconds": 44.8858778080903}
{"stage": "optimizer_step", "run_id": "blank-open", "step": 150, "loss_before_step": 0.0001373291015625, "elapsed_seconds": 45.15140220616013}
{"stage": "optimizer_step", "run_id": "blank-open", "step": 151, "loss_before_step": 0.000110626220703125, "elapsed_seconds": 45.41606542910449}
{"stage": "optimizer_step", "run_id": "blank-open", "step": 152, "loss_before_step": 0.00012969970703125, "elapsed_seconds": 45.68040296109393}
{"stage": "optimizer_step", "run_id": "blank-open", "step": 153, "loss_before_step": 0.00012969970703125, "elapsed_seconds": 45.94515536609106}
{"stage": "optimizer_step", "run_id": "blank-open", "step": 154, "loss_before_step": 0.000110626220703125, "elapsed_seconds": 46.21026277798228}
{"stage": "optimizer_step", "run_id": "blank-open", "step": 155, "loss_before_step": 0.00012969970703125, "elapsed_seconds": 46.474868566030636}
{"stage": "optimizer_step", "run_id": "blank-open", "step": 156, "loss_before_step": 0.0001068115234375, "elapsed_seconds": 46.74006156809628}
{"stage": "optimizer_step", "run_id": "blank-open", "step": 157, "loss_before_step": 0.000141143798828125, "elapsed_seconds": 47.01109952107072}
{"stage": "optimizer_step", "run_id": "blank-open", "step": 158, "loss_before_step": 0.000125885009765625, "elapsed_seconds": 47.27815648610704}
{"stage": "optimizer_step", "run_id": "blank-open", "step": 159, "loss_before_step": 0.000118255615234375, "elapsed_seconds": 47.543738706968725}
{"stage": "optimizer_step", "run_id": "blank-open", "step": 160, "loss_before_step": 9.918212890625e-05, "elapsed_seconds": 47.808642314048484}
{"stage": "optimizer_step", "run_id": "blank-open", "step": 161, "loss_before_step": 0.000133514404296875, "elapsed_seconds": 48.07385471300222}
{"stage": "optimizer_step", "run_id": "blank-open", "step": 162, "loss_before_step": 0.0001068115234375, "elapsed_seconds": 48.33945251698606}
{"stage": "optimizer_step", "run_id": "blank-open", "step": 163, "loss_before_step": 0.00012969970703125, "elapsed_seconds": 48.60622125514783}
{"stage": "optimizer_step", "run_id": "blank-open", "step": 164, "loss_before_step": 0.000110626220703125, "elapsed_seconds": 48.871728433994576}
{"stage": "optimizer_step", "run_id": "blank-open", "step": 165, "loss_before_step": 0.000110626220703125, "elapsed_seconds": 49.13510255818255}
{"stage": "optimizer_step", "run_id": "blank-open", "step": 166, "loss_before_step": 0.000110626220703125, "elapsed_seconds": 49.40193360415287}
{"stage": "optimizer_step", "run_id": "blank-open", "step": 167, "loss_before_step": 9.918212890625e-05, "elapsed_seconds": 49.6676622570958}
{"stage": "optimizer_step", "run_id": "blank-open", "step": 168, "loss_before_step": 0.000133514404296875, "elapsed_seconds": 49.9315813111607}
{"stage": "optimizer_step", "run_id": "blank-open", "step": 169, "loss_before_step": 9.5367431640625e-05, "elapsed_seconds": 50.19885221798904}
{"stage": "optimizer_step", "run_id": "blank-open", "step": 170, "loss_before_step": 0.0001068115234375, "elapsed_seconds": 50.46384446602315}
{"stage": "optimizer_step", "run_id": "blank-open", "step": 171, "loss_before_step": 0.0001068115234375, "elapsed_seconds": 50.7294847080484}
{"stage": "optimizer_step", "run_id": "blank-open", "step": 172, "loss_before_step": 9.918212890625e-05, "elapsed_seconds": 50.991750210057944}
{"stage": "optimizer_step", "run_id": "blank-open", "step": 173, "loss_before_step": 0.000118255615234375, "elapsed_seconds": 51.25571383419447}
{"stage": "optimizer_step", "run_id": "blank-open", "step": 174, "loss_before_step": 0.000102996826171875, "elapsed_seconds": 51.51881357911043}
{"stage": "optimizer_step", "run_id": "blank-open", "step": 175, "loss_before_step": 0.0001068115234375, "elapsed_seconds": 51.78489187802188}
{"stage": "optimizer_step", "run_id": "blank-open", "step": 176, "loss_before_step": 0.000102996826171875, "elapsed_seconds": 52.04712049616501}
{"stage": "optimizer_step", "run_id": "blank-open", "step": 177, "loss_before_step": 0.0001068115234375, "elapsed_seconds": 52.30875293817371}
{"stage": "optimizer_step", "run_id": "blank-open", "step": 178, "loss_before_step": 9.918212890625e-05, "elapsed_seconds": 52.57092588208616}
{"stage": "optimizer_step", "run_id": "blank-open", "step": 179, "loss_before_step": 9.918212890625e-05, "elapsed_seconds": 52.833212331170216}
{"stage": "optimizer_step", "run_id": "blank-open", "step": 180, "loss_before_step": 9.918212890625e-05, "elapsed_seconds": 53.098425487056375}
{"stage": "optimizer_step", "run_id": "blank-open", "step": 181, "loss_before_step": 9.918212890625e-05, "elapsed_seconds": 53.36657957313582}
{"stage": "optimizer_step", "run_id": "blank-open", "step": 182, "loss_before_step": 9.918212890625e-05, "elapsed_seconds": 53.632317336974666}
{"stage": "optimizer_step", "run_id": "blank-open", "step": 183, "loss_before_step": 8.7738037109375e-05, "elapsed_seconds": 53.8955146020744}
{"stage": "optimizer_step", "run_id": "blank-open", "step": 184, "loss_before_step": 9.918212890625e-05, "elapsed_seconds": 54.16018722997978}
{"stage": "optimizer_step", "run_id": "blank-open", "step": 185, "loss_before_step": 0.000125885009765625, "elapsed_seconds": 54.428863525157794}
{"stage": "optimizer_step", "run_id": "blank-open", "step": 186, "loss_before_step": 9.5367431640625e-05, "elapsed_seconds": 54.69416502211243}
{"stage": "optimizer_step", "run_id": "blank-open", "step": 187, "loss_before_step": 0.000102996826171875, "elapsed_seconds": 54.956016649026424}
{"stage": "optimizer_step", "run_id": "blank-open", "step": 188, "loss_before_step": 9.918212890625e-05, "elapsed_seconds": 55.2209377810359}
{"stage": "optimizer_step", "run_id": "blank-open", "step": 189, "loss_before_step": 9.918212890625e-05, "elapsed_seconds": 55.49261506716721}
{"stage": "optimizer_step", "run_id": "blank-open", "step": 190, "loss_before_step": 9.918212890625e-05, "elapsed_seconds": 55.759383934084326}
{"stage": "optimizer_step", "run_id": "blank-open", "step": 191, "loss_before_step": 9.5367431640625e-05, "elapsed_seconds": 56.026340562151745}
{"stage": "optimizer_step", "run_id": "blank-open", "step": 192, "loss_before_step": 0.0001068115234375, "elapsed_seconds": 56.28937078011222}
{"stage": "optimizer_step", "run_id": "blank-open", "step": 193, "loss_before_step": 8.392333984375e-05, "elapsed_seconds": 58.11653927597217}
{"stage": "optimizer_step", "run_id": "blank-open", "step": 194, "loss_before_step": 9.5367431640625e-05, "elapsed_seconds": 58.38131069019437}
{"stage": "optimizer_step", "run_id": "blank-open", "step": 195, "loss_before_step": 9.918212890625e-05, "elapsed_seconds": 58.64361743605696}
{"stage": "optimizer_step", "run_id": "blank-open", "step": 196, "loss_before_step": 0.000102996826171875, "elapsed_seconds": 58.905377709073946}
{"stage": "optimizer_step", "run_id": "blank-open", "step": 197, "loss_before_step": 8.0108642578125e-05, "elapsed_seconds": 59.17035977798514}
{"stage": "optimizer_step", "run_id": "blank-open", "step": 198, "loss_before_step": 8.0108642578125e-05, "elapsed_seconds": 59.43995047616772}
{"stage": "optimizer_step", "run_id": "blank-open", "step": 199, "loss_before_step": 9.918212890625e-05, "elapsed_seconds": 59.70872311713174}
{"stage": "optimizer_step", "run_id": "blank-open", "step": 200, "loss_before_step": 0.000102996826171875, "elapsed_seconds": 59.97247362905182}
{"stage": "optimizer_step", "run_id": "blank-open", "step": 201, "loss_before_step": 7.62939453125e-05, "elapsed_seconds": 60.238517369143665}
{"stage": "optimizer_step", "run_id": "blank-open", "step": 202, "loss_before_step": 7.62939453125e-05, "elapsed_seconds": 60.5114244450815}
{"stage": "optimizer_step", "run_id": "blank-open", "step": 203, "loss_before_step": 8.0108642578125e-05, "elapsed_seconds": 60.7780329301022}
{"stage": "optimizer_step", "run_id": "blank-open", "step": 204, "loss_before_step": 8.392333984375e-05, "elapsed_seconds": 61.04091136017814}
{"stage": "optimizer_step", "run_id": "blank-open", "step": 205, "loss_before_step": 8.392333984375e-05, "elapsed_seconds": 61.306177186081186}
{"stage": "optimizer_step", "run_id": "blank-open", "step": 206, "loss_before_step": 8.0108642578125e-05, "elapsed_seconds": 61.57204848015681}
{"stage": "optimizer_step", "run_id": "blank-open", "step": 207, "loss_before_step": 8.0108642578125e-05, "elapsed_seconds": 61.834832984022796}
{"stage": "optimizer_step", "run_id": "blank-open", "step": 208, "loss_before_step": 8.0108642578125e-05, "elapsed_seconds": 62.09644538001157}
{"stage": "optimizer_step", "run_id": "blank-open", "step": 209, "loss_before_step": 8.0108642578125e-05, "elapsed_seconds": 62.36204847902991}
{"stage": "optimizer_step", "run_id": "blank-open", "step": 210, "loss_before_step": 8.0108642578125e-05, "elapsed_seconds": 62.62433155416511}
{"stage": "optimizer_step", "run_id": "blank-open", "step": 211, "loss_before_step": 8.7738037109375e-05, "elapsed_seconds": 62.88721710513346}
{"stage": "optimizer_step", "run_id": "blank-open", "step": 212, "loss_before_step": 8.0108642578125e-05, "elapsed_seconds": 63.14953057910316}
{"stage": "optimizer_step", "run_id": "blank-open", "step": 213, "loss_before_step": 8.0108642578125e-05, "elapsed_seconds": 63.419202249031514}
{"stage": "optimizer_step", "run_id": "blank-open", "step": 214, "loss_before_step": 7.2479248046875e-05, "elapsed_seconds": 63.68444750411436}
{"stage": "optimizer_step", "run_id": "blank-open", "step": 215, "loss_before_step": 7.2479248046875e-05, "elapsed_seconds": 63.9489465050865}
{"stage": "optimizer_step", "run_id": "blank-open", "step": 216, "loss_before_step": 7.2479248046875e-05, "elapsed_seconds": 64.21204570913687}
{"stage": "optimizer_step", "run_id": "blank-open", "step": 217, "loss_before_step": 8.0108642578125e-05, "elapsed_seconds": 64.47413792018779}
{"stage": "optimizer_step", "run_id": "blank-open", "step": 218, "loss_before_step": 8.392333984375e-05, "elapsed_seconds": 64.73910624207929}
{"stage": "optimizer_step", "run_id": "blank-open", "step": 219, "loss_before_step": 8.392333984375e-05, "elapsed_seconds": 65.00437968107872}
{"stage": "optimizer_step", "run_id": "blank-open", "step": 220, "loss_before_step": 8.7738037109375e-05, "elapsed_seconds": 65.26624406897463}
{"stage": "optimizer_step", "run_id": "blank-open", "step": 221, "loss_before_step": 7.62939453125e-05, "elapsed_seconds": 65.52918825810775}
{"stage": "optimizer_step", "run_id": "blank-open", "step": 222, "loss_before_step": 7.2479248046875e-05, "elapsed_seconds": 65.80393682513386}
{"stage": "optimizer_step", "run_id": "blank-open", "step": 223, "loss_before_step": 7.62939453125e-05, "elapsed_seconds": 66.0708040210884}
{"stage": "optimizer_step", "run_id": "blank-open", "step": 224, "loss_before_step": 8.392333984375e-05, "elapsed_seconds": 66.33985316404141}
{"stage": "optimizer_step", "run_id": "blank-open", "step": 225, "loss_before_step": 7.62939453125e-05, "elapsed_seconds": 66.60961093800142}
{"stage": "optimizer_step", "run_id": "blank-open", "step": 226, "loss_before_step": 9.918212890625e-05, "elapsed_seconds": 66.87474701600149}
{"stage": "optimizer_step", "run_id": "blank-open", "step": 227, "loss_before_step": 8.0108642578125e-05, "elapsed_seconds": 67.14303762908094}
{"stage": "optimizer_step", "run_id": "blank-open", "step": 228, "loss_before_step": 6.103515625e-05, "elapsed_seconds": 67.40912207518704}
{"stage": "optimizer_step", "run_id": "blank-open", "step": 229, "loss_before_step": 9.1552734375e-05, "elapsed_seconds": 67.67425901815295}
{"stage": "optimizer_step", "run_id": "blank-open", "step": 230, "loss_before_step": 6.866455078125e-05, "elapsed_seconds": 67.93980419519357}
{"stage": "optimizer_step", "run_id": "blank-open", "step": 231, "loss_before_step": 8.0108642578125e-05, "elapsed_seconds": 68.20849667605944}
{"stage": "optimizer_step", "run_id": "blank-open", "step": 232, "loss_before_step": 6.866455078125e-05, "elapsed_seconds": 68.4737793339882}
{"stage": "optimizer_step", "run_id": "blank-open", "step": 233, "loss_before_step": 8.0108642578125e-05, "elapsed_seconds": 68.73714890400879}
{"stage": "optimizer_step", "run_id": "blank-open", "step": 234, "loss_before_step": 6.866455078125e-05, "elapsed_seconds": 68.99918959708884}
{"stage": "optimizer_step", "run_id": "blank-open", "step": 235, "loss_before_step": 8.392333984375e-05, "elapsed_seconds": 69.26052659517154}
{"stage": "optimizer_step", "run_id": "blank-open", "step": 236, "loss_before_step": 8.7738037109375e-05, "elapsed_seconds": 69.52280007605441}
{"stage": "optimizer_step", "run_id": "blank-open", "step": 237, "loss_before_step": 6.866455078125e-05, "elapsed_seconds": 69.78522295108996}
{"stage": "optimizer_step", "run_id": "blank-open", "step": 238, "loss_before_step": 7.62939453125e-05, "elapsed_seconds": 70.0546007361263}
{"stage": "optimizer_step", "run_id": "blank-open", "step": 239, "loss_before_step": 8.7738037109375e-05, "elapsed_seconds": 70.31825433112681}
{"stage": "optimizer_step", "run_id": "blank-open", "step": 240, "loss_before_step": 7.62939453125e-05, "elapsed_seconds": 70.59149161400273}
{"stage": "optimizer_step", "run_id": "blank-open", "step": 241, "loss_before_step": 7.62939453125e-05, "elapsed_seconds": 70.86071677110158}
{"stage": "optimizer_step", "run_id": "blank-open", "step": 242, "loss_before_step": 8.392333984375e-05, "elapsed_seconds": 71.12712712306529}
{"stage": "optimizer_step", "run_id": "blank-open", "step": 243, "loss_before_step": 7.2479248046875e-05, "elapsed_seconds": 71.39255066611804}
{"stage": "optimizer_step", "run_id": "blank-open", "step": 244, "loss_before_step": 8.0108642578125e-05, "elapsed_seconds": 71.65591535111889}
{"stage": "optimizer_step", "run_id": "blank-open", "step": 245, "loss_before_step": 5.7220458984375e-05, "elapsed_seconds": 71.91802191617899}
{"stage": "optimizer_step", "run_id": "blank-open", "step": 246, "loss_before_step": 8.7738037109375e-05, "elapsed_seconds": 72.184130248148}
{"stage": "optimizer_step", "run_id": "blank-open", "step": 247, "loss_before_step": 7.2479248046875e-05, "elapsed_seconds": 72.44976068101823}
{"stage": "optimizer_step", "run_id": "blank-open", "step": 248, "loss_before_step": 6.103515625e-05, "elapsed_seconds": 72.716299476102}
{"stage": "optimizer_step", "run_id": "blank-open", "step": 249, "loss_before_step": 6.103515625e-05, "elapsed_seconds": 72.98770864098333}
{"stage": "optimizer_step", "run_id": "blank-open", "step": 250, "loss_before_step": 7.62939453125e-05, "elapsed_seconds": 73.25362944719382}
{"stage": "optimizer_step", "run_id": "blank-open", "step": 251, "loss_before_step": 8.0108642578125e-05, "elapsed_seconds": 73.51705967914313}
{"stage": "optimizer_step", "run_id": "blank-open", "step": 252, "loss_before_step": 7.2479248046875e-05, "elapsed_seconds": 73.77955369511619}
{"stage": "optimizer_step", "run_id": "blank-open", "step": 253, "loss_before_step": 5.7220458984375e-05, "elapsed_seconds": 74.04147561616264}
{"stage": "optimizer_step", "run_id": "blank-open", "step": 254, "loss_before_step": 5.340576171875e-05, "elapsed_seconds": 74.30694310902618}
{"stage": "optimizer_step", "run_id": "blank-open", "step": 255, "loss_before_step": 6.103515625e-05, "elapsed_seconds": 74.5726325660944}
{"stage": "optimizer_step", "run_id": "blank-open", "step": 256, "loss_before_step": 7.2479248046875e-05, "elapsed_seconds": 74.83634073100984}
{"stage": "endpoint_generation", "run_id": "blank-open", "condition": "matched", "prompt_id": "original_open", "raw": "ambient and electronic"}
{"stage": "endpoint_generation", "run_id": "blank-open", "condition": "matched", "prompt_id": "paraphrase_open", "raw": "ambient and electronic"}
{"stage": "endpoint_generation", "run_id": "blank-open", "condition": "blank", "prompt_id": "original_open", "raw": "No music preference recorded."}
{"stage": "endpoint_generation", "run_id": "blank-open", "condition": "blank", "prompt_id": "paraphrase_open", "raw": "None"}
{"stage": "endpoint_generation", "run_id": "blank-open", "condition": "fixed_donor", "prompt_id": "original_open", "raw": "Yellow, not indigo."}
{"stage": "endpoint_generation", "run_id": "blank-open", "condition": "fixed_donor", "prompt_id": "paraphrase_open", "raw": "Yellow, not indigo."}
{"stage": "optimizer_step", "run_id": "noise-seed-00-open", "step": 1, "loss_before_step": 9.739221572875977, "elapsed_seconds": 2.3572779670357704}
{"stage": "optimizer_step", "run_id": "noise-seed-00-open", "step": 2, "loss_before_step": 6.81810188293457, "elapsed_seconds": 2.620115119032562}
{"stage": "optimizer_step", "run_id": "noise-seed-00-open", "step": 3, "loss_before_step": 5.085918426513672, "elapsed_seconds": 2.881628389004618}
{"stage": "optimizer_step", "run_id": "noise-seed-00-open", "step": 4, "loss_before_step": 4.671030044555664, "elapsed_seconds": 3.142383272992447}
{"stage": "optimizer_step", "run_id": "noise-seed-00-open", "step": 5, "loss_before_step": 3.7944278717041016, "elapsed_seconds": 3.402618919033557}
{"stage": "optimizer_step", "run_id": "noise-seed-00-open", "step": 6, "loss_before_step": 4.484228134155273, "elapsed_seconds": 3.6631106180138886}
{"stage": "optimizer_step", "run_id": "noise-seed-00-open", "step": 7, "loss_before_step": 3.1602649688720703, "elapsed_seconds": 3.925044779898599}
{"stage": "optimizer_step", "run_id": "noise-seed-00-open", "step": 8, "loss_before_step": 4.006256103515625, "elapsed_seconds": 4.1880629358347505}
{"stage": "optimizer_step", "run_id": "noise-seed-00-open", "step": 9, "loss_before_step": 3.001150131225586, "elapsed_seconds": 4.45714352093637}
{"stage": "optimizer_step", "run_id": "noise-seed-00-open", "step": 10, "loss_before_step": 2.188283920288086, "elapsed_seconds": 4.724093978991732}
{"stage": "optimizer_step", "run_id": "noise-seed-00-open", "step": 11, "loss_before_step": 2.1798534393310547, "elapsed_seconds": 4.985611971002072}
{"stage": "optimizer_step", "run_id": "noise-seed-00-open", "step": 12, "loss_before_step": 0.9145298004150391, "elapsed_seconds": 5.247352916980162}
{"stage": "optimizer_step", "run_id": "noise-seed-00-open", "step": 13, "loss_before_step": 0.8058547973632812, "elapsed_seconds": 5.51324096089229}
{"stage": "optimizer_step", "run_id": "noise-seed-00-open", "step": 14, "loss_before_step": 0.1773223876953125, "elapsed_seconds": 5.7797782809939235}
{"stage": "optimizer_step", "run_id": "noise-seed-00-open", "step": 15, "loss_before_step": 0.07608222961425781, "elapsed_seconds": 6.042154795024544}
{"stage": "optimizer_step", "run_id": "noise-seed-00-open", "step": 16, "loss_before_step": 0.05102729797363281, "elapsed_seconds": 6.305006678914651}
{"stage": "optimizer_step", "run_id": "noise-seed-00-open", "step": 17, "loss_before_step": 0.042400360107421875, "elapsed_seconds": 6.570986293023452}
{"stage": "optimizer_step", "run_id": "noise-seed-00-open", "step": 18, "loss_before_step": 0.022714614868164062, "elapsed_seconds": 6.8338057599030435}
{"stage": "optimizer_step", "run_id": "noise-seed-00-open", "step": 19, "loss_before_step": 0.02204132080078125, "elapsed_seconds": 7.095661269966513}
{"stage": "optimizer_step", "run_id": "noise-seed-00-open", "step": 20, "loss_before_step": 0.019512176513671875, "elapsed_seconds": 7.362009214935824}
{"stage": "optimizer_step", "run_id": "noise-seed-00-open", "step": 21, "loss_before_step": 0.017698287963867188, "elapsed_seconds": 7.628279778873548}
{"stage": "optimizer_step", "run_id": "noise-seed-00-open", "step": 22, "loss_before_step": 0.018932342529296875, "elapsed_seconds": 7.8935224479064345}
{"stage": "optimizer_step", "run_id": "noise-seed-00-open", "step": 23, "loss_before_step": 0.009668350219726562, "elapsed_seconds": 8.159323159838095}
{"stage": "optimizer_step", "run_id": "noise-seed-00-open", "step": 24, "loss_before_step": 0.00829315185546875, "elapsed_seconds": 8.423048937926069}
{"stage": "optimizer_step", "run_id": "noise-seed-00-open", "step": 25, "loss_before_step": 0.007373809814453125, "elapsed_seconds": 8.700144406873733}
{"stage": "optimizer_step", "run_id": "noise-seed-00-open", "step": 26, "loss_before_step": 0.006137847900390625, "elapsed_seconds": 8.965250812005252}
{"stage": "optimizer_step", "run_id": "noise-seed-00-open", "step": 27, "loss_before_step": 0.0044841766357421875, "elapsed_seconds": 9.231430034851655}
{"stage": "optimizer_step", "run_id": "noise-seed-00-open", "step": 28, "loss_before_step": 0.003414154052734375, "elapsed_seconds": 9.49653189489618}
{"stage": "optimizer_step", "run_id": "noise-seed-00-open", "step": 29, "loss_before_step": 0.00270843505859375, "elapsed_seconds": 9.762496155919507}
{"stage": "optimizer_step", "run_id": "noise-seed-00-open", "step": 30, "loss_before_step": 0.002216339111328125, "elapsed_seconds": 10.028802936896682}
{"stage": "optimizer_step", "run_id": "noise-seed-00-open", "step": 31, "loss_before_step": 0.0025386810302734375, "elapsed_seconds": 10.29652892285958}
{"stage": "optimizer_step", "run_id": "noise-seed-00-open", "step": 32, "loss_before_step": 0.002681732177734375, "elapsed_seconds": 10.563937251921743}
{"stage": "optimizer_step", "run_id": "noise-seed-00-open", "step": 33, "loss_before_step": 0.001708984375, "elapsed_seconds": 10.82990140793845}
{"stage": "optimizer_step", "run_id": "noise-seed-00-open", "step": 34, "loss_before_step": 0.001155853271484375, "elapsed_seconds": 11.09654725692235}
{"stage": "optimizer_step", "run_id": "noise-seed-00-open", "step": 35, "loss_before_step": 0.001575469970703125, "elapsed_seconds": 11.363510250812396}
{"stage": "optimizer_step", "run_id": "noise-seed-00-open", "step": 36, "loss_before_step": 0.00128173828125, "elapsed_seconds": 11.629308348987252}
{"stage": "optimizer_step", "run_id": "noise-seed-00-open", "step": 37, "loss_before_step": 0.0013427734375, "elapsed_seconds": 11.895480155944824}
{"stage": "optimizer_step", "run_id": "noise-seed-00-open", "step": 38, "loss_before_step": 0.000995635986328125, "elapsed_seconds": 12.161543907830492}
{"stage": "optimizer_step", "run_id": "noise-seed-00-open", "step": 39, "loss_before_step": 0.00107574462890625, "elapsed_seconds": 12.431111269863322}
{"stage": "optimizer_step", "run_id": "noise-seed-00-open", "step": 40, "loss_before_step": 0.00091552734375, "elapsed_seconds": 12.697136242873967}
{"stage": "optimizer_step", "run_id": "noise-seed-00-open", "step": 41, "loss_before_step": 0.00067901611328125, "elapsed_seconds": 12.96047109295614}
{"stage": "optimizer_step", "run_id": "noise-seed-00-open", "step": 42, "loss_before_step": 0.00086212158203125, "elapsed_seconds": 13.226677137892693}
{"stage": "optimizer_step", "run_id": "noise-seed-00-open", "step": 43, "loss_before_step": 0.000751495361328125, "elapsed_seconds": 13.492410865845159}
{"stage": "optimizer_step", "run_id": "noise-seed-00-open", "step": 44, "loss_before_step": 0.000865936279296875, "elapsed_seconds": 13.758367943810299}
{"stage": "optimizer_step", "run_id": "noise-seed-00-open", "step": 45, "loss_before_step": 0.0006256103515625, "elapsed_seconds": 14.020324809942394}
{"stage": "optimizer_step", "run_id": "noise-seed-00-open", "step": 46, "loss_before_step": 0.00060272216796875, "elapsed_seconds": 14.286076460033655}
{"stage": "optimizer_step", "run_id": "noise-seed-00-open", "step": 47, "loss_before_step": 0.000591278076171875, "elapsed_seconds": 14.551760922884569}
{"stage": "optimizer_step", "run_id": "noise-seed-00-open", "step": 48, "loss_before_step": 0.00057220458984375, "elapsed_seconds": 14.817959297914058}
{"stage": "optimizer_step", "run_id": "noise-seed-00-open", "step": 49, "loss_before_step": 0.000499725341796875, "elapsed_seconds": 15.097608502022922}
{"stage": "optimizer_step", "run_id": "noise-seed-00-open", "step": 50, "loss_before_step": 0.0005035400390625, "elapsed_seconds": 15.361490624956787}
{"stage": "optimizer_step", "run_id": "noise-seed-00-open", "step": 51, "loss_before_step": 0.000476837158203125, "elapsed_seconds": 15.63251965190284}
{"stage": "optimizer_step", "run_id": "noise-seed-00-open", "step": 52, "loss_before_step": 0.000518798828125, "elapsed_seconds": 15.900616838829592}
{"stage": "optimizer_step", "run_id": "noise-seed-00-open", "step": 53, "loss_before_step": 0.000385284423828125, "elapsed_seconds": 16.167076013982296}
{"stage": "optimizer_step", "run_id": "noise-seed-00-open", "step": 54, "loss_before_step": 0.000499725341796875, "elapsed_seconds": 16.4302198078949}
{"stage": "optimizer_step", "run_id": "noise-seed-00-open", "step": 55, "loss_before_step": 0.0004730224609375, "elapsed_seconds": 16.69297866988927}
{"stage": "optimizer_step", "run_id": "noise-seed-00-open", "step": 56, "loss_before_step": 0.000446319580078125, "elapsed_seconds": 16.956901591969654}
{"stage": "optimizer_step", "run_id": "noise-seed-00-open", "step": 57, "loss_before_step": 0.000354766845703125, "elapsed_seconds": 17.239620820851997}
{"stage": "optimizer_step", "run_id": "noise-seed-00-open", "step": 58, "loss_before_step": 0.00037384033203125, "elapsed_seconds": 17.512167952023447}
{"stage": "optimizer_step", "run_id": "noise-seed-00-open", "step": 59, "loss_before_step": 0.000400543212890625, "elapsed_seconds": 17.778071579989046}
{"stage": "optimizer_step", "run_id": "noise-seed-00-open", "step": 60, "loss_before_step": 0.0003204345703125, "elapsed_seconds": 18.040026569040492}
{"stage": "optimizer_step", "run_id": "noise-seed-00-open", "step": 61, "loss_before_step": 0.00038909912109375, "elapsed_seconds": 18.30315117002465}
{"stage": "optimizer_step", "run_id": "noise-seed-00-open", "step": 62, "loss_before_step": 0.00040435791015625, "elapsed_seconds": 18.571108032017946}
{"stage": "optimizer_step", "run_id": "noise-seed-00-open", "step": 63, "loss_before_step": 0.000347137451171875, "elapsed_seconds": 18.837379393866286}
{"stage": "optimizer_step", "run_id": "noise-seed-00-open", "step": 64, "loss_before_step": 0.000377655029296875, "elapsed_seconds": 19.113395978929475}
{"stage": "optimizer_step", "run_id": "noise-seed-00-open", "step": 65, "loss_before_step": 0.00035858154296875, "elapsed_seconds": 21.03454135893844}
{"stage": "optimizer_step", "run_id": "noise-seed-00-open", "step": 66, "loss_before_step": 0.000278472900390625, "elapsed_seconds": 21.30632526590489}
{"stage": "optimizer_step", "run_id": "noise-seed-00-open", "step": 67, "loss_before_step": 0.00031280517578125, "elapsed_seconds": 21.573992796009406}
{"stage": "optimizer_step", "run_id": "noise-seed-00-open", "step": 68, "loss_before_step": 0.00028228759765625, "elapsed_seconds": 21.840801040874794}
{"stage": "optimizer_step", "run_id": "noise-seed-00-open", "step": 69, "loss_before_step": 0.0002899169921875, "elapsed_seconds": 22.104073300026357}
{"stage": "optimizer_step", "run_id": "noise-seed-00-open", "step": 70, "loss_before_step": 0.000274658203125, "elapsed_seconds": 22.36993452697061}
{"stage": "optimizer_step", "run_id": "noise-seed-00-open", "step": 71, "loss_before_step": 0.000270843505859375, "elapsed_seconds": 22.635926224989817}
{"stage": "optimizer_step", "run_id": "noise-seed-00-open", "step": 72, "loss_before_step": 0.000247955322265625, "elapsed_seconds": 22.900327761890367}
{"stage": "optimizer_step", "run_id": "noise-seed-00-open", "step": 73, "loss_before_step": 0.000240325927734375, "elapsed_seconds": 23.162933684885502}
{"stage": "optimizer_step", "run_id": "noise-seed-00-open", "step": 74, "loss_before_step": 0.000240325927734375, "elapsed_seconds": 23.430458185030147}
{"stage": "optimizer_step", "run_id": "noise-seed-00-open", "step": 75, "loss_before_step": 0.000225067138671875, "elapsed_seconds": 23.70633948384784}
{"stage": "optimizer_step", "run_id": "noise-seed-00-open", "step": 76, "loss_before_step": 0.00023651123046875, "elapsed_seconds": 23.97014056192711}
{"stage": "optimizer_step", "run_id": "noise-seed-00-open", "step": 77, "loss_before_step": 0.00025177001953125, "elapsed_seconds": 24.236058790935203}
{"stage": "optimizer_step", "run_id": "noise-seed-00-open", "step": 78, "loss_before_step": 0.0002288818359375, "elapsed_seconds": 24.500919027021155}
{"stage": "optimizer_step", "run_id": "noise-seed-00-open", "step": 79, "loss_before_step": 0.000213623046875, "elapsed_seconds": 24.766795909963548}
{"stage": "optimizer_step", "run_id": "noise-seed-00-open", "step": 80, "loss_before_step": 0.0002288818359375, "elapsed_seconds": 25.029431284870952}
{"stage": "optimizer_step", "run_id": "noise-seed-00-open", "step": 81, "loss_before_step": 0.000194549560546875, "elapsed_seconds": 25.295423867879435}
{"stage": "optimizer_step", "run_id": "noise-seed-00-open", "step": 82, "loss_before_step": 0.000209808349609375, "elapsed_seconds": 25.562471167882904}
{"stage": "optimizer_step", "run_id": "noise-seed-00-open", "step": 83, "loss_before_step": 0.000186920166015625, "elapsed_seconds": 25.825828989967704}
{"stage": "optimizer_step", "run_id": "noise-seed-00-open", "step": 84, "loss_before_step": 0.000225067138671875, "elapsed_seconds": 26.091652255039662}
{"stage": "optimizer_step", "run_id": "noise-seed-00-open", "step": 85, "loss_before_step": 0.000213623046875, "elapsed_seconds": 26.353985604830086}
{"stage": "optimizer_step", "run_id": "noise-seed-00-open", "step": 86, "loss_before_step": 0.000194549560546875, "elapsed_seconds": 26.616526882862672}
{"stage": "optimizer_step", "run_id": "noise-seed-00-open", "step": 87, "loss_before_step": 0.000202178955078125, "elapsed_seconds": 26.883577316999435}
{"stage": "optimizer_step", "run_id": "noise-seed-00-open", "step": 88, "loss_before_step": 0.000202178955078125, "elapsed_seconds": 27.14960145088844}
{"stage": "optimizer_step", "run_id": "noise-seed-00-open", "step": 89, "loss_before_step": 0.000213623046875, "elapsed_seconds": 27.415881528984755}
{"stage": "optimizer_step", "run_id": "noise-seed-00-open", "step": 90, "loss_before_step": 0.000186920166015625, "elapsed_seconds": 27.683186935959384}
{"stage": "optimizer_step", "run_id": "noise-seed-00-open", "step": 91, "loss_before_step": 0.00018310546875, "elapsed_seconds": 27.949752281885594}
{"stage": "optimizer_step", "run_id": "noise-seed-00-open", "step": 92, "loss_before_step": 0.000164031982421875, "elapsed_seconds": 28.21548259491101}
{"stage": "optimizer_step", "run_id": "noise-seed-00-open", "step": 93, "loss_before_step": 0.000164031982421875, "elapsed_seconds": 28.477325262036175}
{"stage": "optimizer_step", "run_id": "noise-seed-00-open", "step": 94, "loss_before_step": 0.00017547607421875, "elapsed_seconds": 28.742061018943787}
{"stage": "optimizer_step", "run_id": "noise-seed-00-open", "step": 95, "loss_before_step": 0.00016021728515625, "elapsed_seconds": 29.008026470895857}
{"stage": "optimizer_step", "run_id": "noise-seed-00-open", "step": 96, "loss_before_step": 0.000179290771484375, "elapsed_seconds": 29.27303290204145}
{"stage": "optimizer_step", "run_id": "noise-seed-00-open", "step": 97, "loss_before_step": 0.00020599365234375, "elapsed_seconds": 29.53561860998161}
{"stage": "optimizer_step", "run_id": "noise-seed-00-open", "step": 98, "loss_before_step": 0.000152587890625, "elapsed_seconds": 29.802749800961465}
{"stage": "optimizer_step", "run_id": "noise-seed-00-open", "step": 99, "loss_before_step": 0.000171661376953125, "elapsed_seconds": 30.06955749192275}
{"stage": "optimizer_step", "run_id": "noise-seed-00-open", "step": 100, "loss_before_step": 0.000186920166015625, "elapsed_seconds": 30.336327980970964}
{"stage": "optimizer_step", "run_id": "noise-seed-00-open", "step": 101, "loss_before_step": 0.000164031982421875, "elapsed_seconds": 30.598486887989566}
{"stage": "optimizer_step", "run_id": "noise-seed-00-open", "step": 102, "loss_before_step": 0.000152587890625, "elapsed_seconds": 30.86196543998085}
{"stage": "optimizer_step", "run_id": "noise-seed-00-open", "step": 103, "loss_before_step": 0.0001678466796875, "elapsed_seconds": 31.12970497785136}
{"stage": "optimizer_step", "run_id": "noise-seed-00-open", "step": 104, "loss_before_step": 0.00018310546875, "elapsed_seconds": 31.39724478800781}
{"stage": "optimizer_step", "run_id": "noise-seed-00-open", "step": 105, "loss_before_step": 0.000152587890625, "elapsed_seconds": 31.660493274917826}
{"stage": "optimizer_step", "run_id": "noise-seed-00-open", "step": 106, "loss_before_step": 0.000152587890625, "elapsed_seconds": 31.923682323889807}
{"stage": "optimizer_step", "run_id": "noise-seed-00-open", "step": 107, "loss_before_step": 0.0001373291015625, "elapsed_seconds": 32.186222987947986}
{"stage": "optimizer_step", "run_id": "noise-seed-00-open", "step": 108, "loss_before_step": 0.00014495849609375, "elapsed_seconds": 32.45086964499205}
{"stage": "optimizer_step", "run_id": "noise-seed-00-open", "step": 109, "loss_before_step": 0.00016021728515625, "elapsed_seconds": 32.71920241601765}
{"stage": "optimizer_step", "run_id": "noise-seed-00-open", "step": 110, "loss_before_step": 0.000141143798828125, "elapsed_seconds": 32.98579017492011}
{"stage": "optimizer_step", "run_id": "noise-seed-00-open", "step": 111, "loss_before_step": 0.000133514404296875, "elapsed_seconds": 33.247971578035504}
{"stage": "optimizer_step", "run_id": "noise-seed-00-open", "step": 112, "loss_before_step": 0.000141143798828125, "elapsed_seconds": 33.51785662188195}
{"stage": "optimizer_step", "run_id": "noise-seed-00-open", "step": 113, "loss_before_step": 0.00014495849609375, "elapsed_seconds": 33.78963012993336}
{"stage": "optimizer_step", "run_id": "noise-seed-00-open", "step": 114, "loss_before_step": 0.00012969970703125, "elapsed_seconds": 34.05708937603049}
{"stage": "optimizer_step", "run_id": "noise-seed-00-open", "step": 115, "loss_before_step": 0.000148773193359375, "elapsed_seconds": 34.32320049684495}
{"stage": "optimizer_step", "run_id": "noise-seed-00-open", "step": 116, "loss_before_step": 0.00014495849609375, "elapsed_seconds": 34.594370886916295}
{"stage": "optimizer_step", "run_id": "noise-seed-00-open", "step": 117, "loss_before_step": 0.00012969970703125, "elapsed_seconds": 34.8594493099954}
{"stage": "optimizer_step", "run_id": "noise-seed-00-open", "step": 118, "loss_before_step": 0.0001220703125, "elapsed_seconds": 35.12276842887513}
{"stage": "optimizer_step", "run_id": "noise-seed-00-open", "step": 119, "loss_before_step": 0.00012969970703125, "elapsed_seconds": 35.385990399867296}
{"stage": "optimizer_step", "run_id": "noise-seed-00-open", "step": 120, "loss_before_step": 0.000118255615234375, "elapsed_seconds": 35.651750238845125}
{"stage": "optimizer_step", "run_id": "noise-seed-00-open", "step": 121, "loss_before_step": 0.000118255615234375, "elapsed_seconds": 35.92473944090307}
{"stage": "optimizer_step", "run_id": "noise-seed-00-open", "step": 122, "loss_before_step": 0.0001373291015625, "elapsed_seconds": 36.192237035837024}
{"stage": "optimizer_step", "run_id": "noise-seed-00-open", "step": 123, "loss_before_step": 0.0001373291015625, "elapsed_seconds": 36.454341721953824}
{"stage": "optimizer_step", "run_id": "noise-seed-00-open", "step": 124, "loss_before_step": 0.000133514404296875, "elapsed_seconds": 36.72515945788473}
{"stage": "optimizer_step", "run_id": "noise-seed-00-open", "step": 125, "loss_before_step": 0.00014495849609375, "elapsed_seconds": 36.99663101695478}
{"stage": "optimizer_step", "run_id": "noise-seed-00-open", "step": 126, "loss_before_step": 0.0001220703125, "elapsed_seconds": 37.26228486886248}
{"stage": "optimizer_step", "run_id": "noise-seed-00-open", "step": 127, "loss_before_step": 0.000118255615234375, "elapsed_seconds": 37.52457431401126}
{"stage": "optimizer_step", "run_id": "noise-seed-00-open", "step": 128, "loss_before_step": 0.0001220703125, "elapsed_seconds": 37.7878711738158}
{"stage": "optimizer_step", "run_id": "noise-seed-00-open", "step": 129, "loss_before_step": 0.0001220703125, "elapsed_seconds": 39.619200333952904}
{"stage": "optimizer_step", "run_id": "noise-seed-00-open", "step": 130, "loss_before_step": 0.000125885009765625, "elapsed_seconds": 39.88571126596071}
{"stage": "optimizer_step", "run_id": "noise-seed-00-open", "step": 131, "loss_before_step": 0.0001220703125, "elapsed_seconds": 40.148576164850965}
{"stage": "optimizer_step", "run_id": "noise-seed-00-open", "step": 132, "loss_before_step": 0.00012969970703125, "elapsed_seconds": 40.4169336638879}
{"stage": "optimizer_step", "run_id": "noise-seed-00-open", "step": 133, "loss_before_step": 0.00012969970703125, "elapsed_seconds": 40.679590882966295}
{"stage": "optimizer_step", "run_id": "noise-seed-00-open", "step": 134, "loss_before_step": 0.000133514404296875, "elapsed_seconds": 40.94312450499274}
{"stage": "optimizer_step", "run_id": "noise-seed-00-open", "step": 135, "loss_before_step": 0.000118255615234375, "elapsed_seconds": 41.207723470870405}
{"stage": "optimizer_step", "run_id": "noise-seed-00-open", "step": 136, "loss_before_step": 0.0001220703125, "elapsed_seconds": 41.47244638786651}
{"stage": "optimizer_step", "run_id": "noise-seed-00-open", "step": 137, "loss_before_step": 0.0001068115234375, "elapsed_seconds": 41.73934585088864}
{"stage": "optimizer_step", "run_id": "noise-seed-00-open", "step": 138, "loss_before_step": 0.000133514404296875, "elapsed_seconds": 42.00981874484569}
{"stage": "optimizer_step", "run_id": "noise-seed-00-open", "step": 139, "loss_before_step": 0.000125885009765625, "elapsed_seconds": 42.27183447498828}
{"stage": "optimizer_step", "run_id": "noise-seed-00-open", "step": 140, "loss_before_step": 0.000118255615234375, "elapsed_seconds": 42.534627401968464}
{"stage": "optimizer_step", "run_id": "noise-seed-00-open", "step": 141, "loss_before_step": 0.00012969970703125, "elapsed_seconds": 42.79725103196688}
{"stage": "optimizer_step", "run_id": "noise-seed-00-open", "step": 142, "loss_before_step": 0.000110626220703125, "elapsed_seconds": 43.06827075500041}
{"stage": "optimizer_step", "run_id": "noise-seed-00-open", "step": 143, "loss_before_step": 0.000110626220703125, "elapsed_seconds": 43.33471756801009}
{"stage": "optimizer_step", "run_id": "noise-seed-00-open", "step": 144, "loss_before_step": 0.000125885009765625, "elapsed_seconds": 43.600840070983395}
{"stage": "optimizer_step", "run_id": "noise-seed-00-open", "step": 145, "loss_before_step": 0.000102996826171875, "elapsed_seconds": 43.86654282803647}
{"stage": "optimizer_step", "run_id": "noise-seed-00-open", "step": 146, "loss_before_step": 0.000102996826171875, "elapsed_seconds": 44.13187339901924}
{"stage": "optimizer_step", "run_id": "noise-seed-00-open", "step": 147, "loss_before_step": 0.00011444091796875, "elapsed_seconds": 44.395344158867374}
{"stage": "optimizer_step", "run_id": "noise-seed-00-open", "step": 148, "loss_before_step": 0.000118255615234375, "elapsed_seconds": 44.65892517892644}
{"stage": "optimizer_step", "run_id": "noise-seed-00-open", "step": 149, "loss_before_step": 0.000118255615234375, "elapsed_seconds": 44.9219617289491}
{"stage": "optimizer_step", "run_id": "noise-seed-00-open", "step": 150, "loss_before_step": 0.0001220703125, "elapsed_seconds": 45.191637438954785}
{"stage": "optimizer_step", "run_id": "noise-seed-00-open", "step": 151, "loss_before_step": 0.0001220703125, "elapsed_seconds": 45.45883647282608}
{"stage": "optimizer_step", "run_id": "noise-seed-00-open", "step": 152, "loss_before_step": 9.5367431640625e-05, "elapsed_seconds": 45.7265369228553}
{"stage": "optimizer_step", "run_id": "noise-seed-00-open", "step": 153, "loss_before_step": 9.5367431640625e-05, "elapsed_seconds": 45.99589051003568}
{"stage": "optimizer_step", "run_id": "noise-seed-00-open", "step": 154, "loss_before_step": 0.0001068115234375, "elapsed_seconds": 46.263432206818834}
{"stage": "optimizer_step", "run_id": "noise-seed-00-open", "step": 155, "loss_before_step": 9.918212890625e-05, "elapsed_seconds": 46.53005413385108}
{"stage": "optimizer_step", "run_id": "noise-seed-00-open", "step": 156, "loss_before_step": 9.5367431640625e-05, "elapsed_seconds": 46.796424351865426}
{"stage": "optimizer_step", "run_id": "noise-seed-00-open", "step": 157, "loss_before_step": 0.00011444091796875, "elapsed_seconds": 47.06350679486059}
{"stage": "optimizer_step", "run_id": "noise-seed-00-open", "step": 158, "loss_before_step": 9.1552734375e-05, "elapsed_seconds": 47.3334082569927}
{"stage": "optimizer_step", "run_id": "noise-seed-00-open", "step": 159, "loss_before_step": 0.0001068115234375, "elapsed_seconds": 47.60240740887821}
{"stage": "optimizer_step", "run_id": "noise-seed-00-open", "step": 160, "loss_before_step": 0.0001068115234375, "elapsed_seconds": 47.86681871092878}
{"stage": "optimizer_step", "run_id": "noise-seed-00-open", "step": 161, "loss_before_step": 0.0001068115234375, "elapsed_seconds": 48.13773428299464}
{"stage": "optimizer_step", "run_id": "noise-seed-00-open", "step": 162, "loss_before_step": 0.000102996826171875, "elapsed_seconds": 48.403529485920444}
{"stage": "optimizer_step", "run_id": "noise-seed-00-open", "step": 163, "loss_before_step": 8.7738037109375e-05, "elapsed_seconds": 48.66942709381692}
{"stage": "optimizer_step", "run_id": "noise-seed-00-open", "step": 164, "loss_before_step": 9.918212890625e-05, "elapsed_seconds": 48.93575038691051}
{"stage": "optimizer_step", "run_id": "noise-seed-00-open", "step": 165, "loss_before_step": 8.7738037109375e-05, "elapsed_seconds": 49.200010997010395}
{"stage": "optimizer_step", "run_id": "noise-seed-00-open", "step": 166, "loss_before_step": 9.918212890625e-05, "elapsed_seconds": 49.465033483924344}
{"stage": "optimizer_step", "run_id": "noise-seed-00-open", "step": 167, "loss_before_step": 0.00011444091796875, "elapsed_seconds": 49.730458702892065}
{"stage": "optimizer_step", "run_id": "noise-seed-00-open", "step": 168, "loss_before_step": 9.1552734375e-05, "elapsed_seconds": 49.99455703794956}
{"stage": "optimizer_step", "run_id": "noise-seed-00-open", "step": 169, "loss_before_step": 9.5367431640625e-05, "elapsed_seconds": 50.26313100801781}
{"stage": "optimizer_step", "run_id": "noise-seed-00-open", "step": 170, "loss_before_step": 9.1552734375e-05, "elapsed_seconds": 50.53643141593784}
{"stage": "optimizer_step", "run_id": "noise-seed-00-open", "step": 171, "loss_before_step": 8.392333984375e-05, "elapsed_seconds": 50.80014535691589}
{"stage": "optimizer_step", "run_id": "noise-seed-00-open", "step": 172, "loss_before_step": 8.7738037109375e-05, "elapsed_seconds": 51.06340902089141}
{"stage": "optimizer_step", "run_id": "noise-seed-00-open", "step": 173, "loss_before_step": 9.918212890625e-05, "elapsed_seconds": 51.330191266024485}
{"stage": "optimizer_step", "run_id": "noise-seed-00-open", "step": 174, "loss_before_step": 0.0001068115234375, "elapsed_seconds": 51.60044637089595}
{"stage": "optimizer_step", "run_id": "noise-seed-00-open", "step": 175, "loss_before_step": 8.7738037109375e-05, "elapsed_seconds": 51.868503904901445}
{"stage": "optimizer_step", "run_id": "noise-seed-00-open", "step": 176, "loss_before_step": 9.5367431640625e-05, "elapsed_seconds": 52.1352935328614}
{"stage": "optimizer_step", "run_id": "noise-seed-00-open", "step": 177, "loss_before_step": 0.0001068115234375, "elapsed_seconds": 52.40121514792554}
{"stage": "optimizer_step", "run_id": "noise-seed-00-open", "step": 178, "loss_before_step": 9.5367431640625e-05, "elapsed_seconds": 52.66794086503796}
{"stage": "optimizer_step", "run_id": "noise-seed-00-open", "step": 179, "loss_before_step": 9.1552734375e-05, "elapsed_seconds": 52.9297326519154}
{"stage": "optimizer_step", "run_id": "noise-seed-00-open", "step": 180, "loss_before_step": 9.5367431640625e-05, "elapsed_seconds": 53.194812510861084}
{"stage": "optimizer_step", "run_id": "noise-seed-00-open", "step": 181, "loss_before_step": 8.7738037109375e-05, "elapsed_seconds": 53.4604751879815}
{"stage": "optimizer_step", "run_id": "noise-seed-00-open", "step": 182, "loss_before_step": 8.7738037109375e-05, "elapsed_seconds": 53.73452260904014}
{"stage": "optimizer_step", "run_id": "noise-seed-00-open", "step": 183, "loss_before_step": 9.918212890625e-05, "elapsed_seconds": 53.997943836962804}
{"stage": "optimizer_step", "run_id": "noise-seed-00-open", "step": 184, "loss_before_step": 8.0108642578125e-05, "elapsed_seconds": 54.263717361027375}
{"stage": "optimizer_step", "run_id": "noise-seed-00-open", "step": 185, "loss_before_step": 8.0108642578125e-05, "elapsed_seconds": 54.52942367293872}
{"stage": "optimizer_step", "run_id": "noise-seed-00-open", "step": 186, "loss_before_step": 9.918212890625e-05, "elapsed_seconds": 54.79392399895005}
{"stage": "optimizer_step", "run_id": "noise-seed-00-open", "step": 187, "loss_before_step": 8.7738037109375e-05, "elapsed_seconds": 55.05952799785882}
{"stage": "optimizer_step", "run_id": "noise-seed-00-open", "step": 188, "loss_before_step": 8.392333984375e-05, "elapsed_seconds": 55.32358639803715}
{"stage": "optimizer_step", "run_id": "noise-seed-00-open", "step": 189, "loss_before_step": 8.7738037109375e-05, "elapsed_seconds": 55.58913975791074}
{"stage": "optimizer_step", "run_id": "noise-seed-00-open", "step": 190, "loss_before_step": 9.5367431640625e-05, "elapsed_seconds": 55.85626299493015}
{"stage": "optimizer_step", "run_id": "noise-seed-00-open", "step": 191, "loss_before_step": 9.5367431640625e-05, "elapsed_seconds": 56.1238680309616}
{"stage": "optimizer_step", "run_id": "noise-seed-00-open", "step": 192, "loss_before_step": 7.2479248046875e-05, "elapsed_seconds": 56.39042379381135}
{"stage": "optimizer_step", "run_id": "noise-seed-00-open", "step": 193, "loss_before_step": 9.1552734375e-05, "elapsed_seconds": 58.218767415964976}
{"stage": "optimizer_step", "run_id": "noise-seed-00-open", "step": 194, "loss_before_step": 8.392333984375e-05, "elapsed_seconds": 58.487359239021316}
{"stage": "optimizer_step", "run_id": "noise-seed-00-open", "step": 195, "loss_before_step": 7.62939453125e-05, "elapsed_seconds": 58.750155471032485}
{"stage": "optimizer_step", "run_id": "noise-seed-00-open", "step": 196, "loss_before_step": 9.1552734375e-05, "elapsed_seconds": 59.02014832897112}
{"stage": "optimizer_step", "run_id": "noise-seed-00-open", "step": 197, "loss_before_step": 7.62939453125e-05, "elapsed_seconds": 59.29053874500096}
{"stage": "optimizer_step", "run_id": "noise-seed-00-open", "step": 198, "loss_before_step": 8.392333984375e-05, "elapsed_seconds": 59.552815506001934}
{"stage": "optimizer_step", "run_id": "noise-seed-00-open", "step": 199, "loss_before_step": 8.7738037109375e-05, "elapsed_seconds": 59.81495060399175}
{"stage": "optimizer_step", "run_id": "noise-seed-00-open", "step": 200, "loss_before_step": 7.62939453125e-05, "elapsed_seconds": 60.081271706847474}
{"stage": "optimizer_step", "run_id": "noise-seed-00-open", "step": 201, "loss_before_step": 7.62939453125e-05, "elapsed_seconds": 60.35187445790507}
{"stage": "optimizer_step", "run_id": "noise-seed-00-open", "step": 202, "loss_before_step": 8.392333984375e-05, "elapsed_seconds": 60.61804616381414}
{"stage": "optimizer_step", "run_id": "noise-seed-00-open", "step": 203, "loss_before_step": 7.2479248046875e-05, "elapsed_seconds": 60.88123263488524}
{"stage": "optimizer_step", "run_id": "noise-seed-00-open", "step": 204, "loss_before_step": 7.2479248046875e-05, "elapsed_seconds": 61.14904959499836}
{"stage": "optimizer_step", "run_id": "noise-seed-00-open", "step": 205, "loss_before_step": 6.4849853515625e-05, "elapsed_seconds": 61.41616830090061}
{"stage": "optimizer_step", "run_id": "noise-seed-00-open", "step": 206, "loss_before_step": 8.392333984375e-05, "elapsed_seconds": 61.68268608581275}
{"stage": "optimizer_step", "run_id": "noise-seed-00-open", "step": 207, "loss_before_step": 7.2479248046875e-05, "elapsed_seconds": 61.948524022940546}
{"stage": "optimizer_step", "run_id": "noise-seed-00-open", "step": 208, "loss_before_step": 7.62939453125e-05, "elapsed_seconds": 62.2154616988264}
{"stage": "optimizer_step", "run_id": "noise-seed-00-open", "step": 209, "loss_before_step": 8.7738037109375e-05, "elapsed_seconds": 62.484370146878064}
{"stage": "optimizer_step", "run_id": "noise-seed-00-open", "step": 210, "loss_before_step": 6.866455078125e-05, "elapsed_seconds": 62.75012147100642}
{"stage": "optimizer_step", "run_id": "noise-seed-00-open", "step": 211, "loss_before_step": 7.62939453125e-05, "elapsed_seconds": 63.017645842861384}
{"stage": "optimizer_step", "run_id": "noise-seed-00-open", "step": 212, "loss_before_step": 8.0108642578125e-05, "elapsed_seconds": 63.28894035494886}
{"stage": "optimizer_step", "run_id": "noise-seed-00-open", "step": 213, "loss_before_step": 6.866455078125e-05, "elapsed_seconds": 63.558221156010404}
{"stage": "optimizer_step", "run_id": "noise-seed-00-open", "step": 214, "loss_before_step": 6.866455078125e-05, "elapsed_seconds": 63.828788563841954}
{"stage": "optimizer_step", "run_id": "noise-seed-00-open", "step": 215, "loss_before_step": 7.2479248046875e-05, "elapsed_seconds": 64.09587588300928}
{"stage": "optimizer_step", "run_id": "noise-seed-00-open", "step": 216, "loss_before_step": 7.2479248046875e-05, "elapsed_seconds": 64.35870866081677}
{"stage": "optimizer_step", "run_id": "noise-seed-00-open", "step": 217, "loss_before_step": 7.2479248046875e-05, "elapsed_seconds": 64.62637169682421}
{"stage": "optimizer_step", "run_id": "noise-seed-00-open", "step": 218, "loss_before_step": 6.866455078125e-05, "elapsed_seconds": 64.89316089893691}
{"stage": "optimizer_step", "run_id": "noise-seed-00-open", "step": 219, "loss_before_step": 7.62939453125e-05, "elapsed_seconds": 65.15845434484072}
{"stage": "optimizer_step", "run_id": "noise-seed-00-open", "step": 220, "loss_before_step": 6.866455078125e-05, "elapsed_seconds": 65.4241832299158}
{"stage": "optimizer_step", "run_id": "noise-seed-00-open", "step": 221, "loss_before_step": 8.392333984375e-05, "elapsed_seconds": 65.68712528189644}
{"stage": "optimizer_step", "run_id": "noise-seed-00-open", "step": 222, "loss_before_step": 6.866455078125e-05, "elapsed_seconds": 65.95263187098317}
{"stage": "optimizer_step", "run_id": "noise-seed-00-open", "step": 223, "loss_before_step": 6.866455078125e-05, "elapsed_seconds": 66.2200710340403}
{"stage": "optimizer_step", "run_id": "noise-seed-00-open", "step": 224, "loss_before_step": 7.2479248046875e-05, "elapsed_seconds": 66.4854793639388}
{"stage": "optimizer_step", "run_id": "noise-seed-00-open", "step": 225, "loss_before_step": 6.866455078125e-05, "elapsed_seconds": 66.75268821395002}
{"stage": "optimizer_step", "run_id": "noise-seed-00-open", "step": 226, "loss_before_step": 6.103515625e-05, "elapsed_seconds": 67.0279276908841}
{"stage": "optimizer_step", "run_id": "noise-seed-00-open", "step": 227, "loss_before_step": 8.0108642578125e-05, "elapsed_seconds": 67.29695956781507}
{"stage": "optimizer_step", "run_id": "noise-seed-00-open", "step": 228, "loss_before_step": 6.4849853515625e-05, "elapsed_seconds": 67.56414827285334}
{"stage": "optimizer_step", "run_id": "noise-seed-00-open", "step": 229, "loss_before_step": 7.62939453125e-05, "elapsed_seconds": 67.83160277199931}
{"stage": "optimizer_step", "run_id": "noise-seed-00-open", "step": 230, "loss_before_step": 6.4849853515625e-05, "elapsed_seconds": 68.09854081901722}
{"stage": "optimizer_step", "run_id": "noise-seed-00-open", "step": 231, "loss_before_step": 6.866455078125e-05, "elapsed_seconds": 68.3701933119446}
{"stage": "optimizer_step", "run_id": "noise-seed-00-open", "step": 232, "loss_before_step": 7.62939453125e-05, "elapsed_seconds": 68.63595485198312}
{"stage": "optimizer_step", "run_id": "noise-seed-00-open", "step": 233, "loss_before_step": 6.4849853515625e-05, "elapsed_seconds": 68.90261777094565}
{"stage": "optimizer_step", "run_id": "noise-seed-00-open", "step": 234, "loss_before_step": 6.103515625e-05, "elapsed_seconds": 69.1746287709102}
{"stage": "optimizer_step", "run_id": "noise-seed-00-open", "step": 235, "loss_before_step": 6.866455078125e-05, "elapsed_seconds": 69.4466020858381}
{"stage": "optimizer_step", "run_id": "noise-seed-00-open", "step": 236, "loss_before_step": 5.7220458984375e-05, "elapsed_seconds": 69.71031534485519}
{"stage": "optimizer_step", "run_id": "noise-seed-00-open", "step": 237, "loss_before_step": 6.866455078125e-05, "elapsed_seconds": 69.97309722588398}
{"stage": "optimizer_step", "run_id": "noise-seed-00-open", "step": 238, "loss_before_step": 6.866455078125e-05, "elapsed_seconds": 70.24485549097881}
{"stage": "optimizer_step", "run_id": "noise-seed-00-open", "step": 239, "loss_before_step": 7.2479248046875e-05, "elapsed_seconds": 70.51341883186251}
{"stage": "optimizer_step", "run_id": "noise-seed-00-open", "step": 240, "loss_before_step": 6.4849853515625e-05, "elapsed_seconds": 70.78578667785041}
{"stage": "optimizer_step", "run_id": "noise-seed-00-open", "step": 241, "loss_before_step": 6.4849853515625e-05, "elapsed_seconds": 71.05076307803392}
{"stage": "optimizer_step", "run_id": "noise-seed-00-open", "step": 242, "loss_before_step": 6.103515625e-05, "elapsed_seconds": 71.31607830990106}
{"stage": "optimizer_step", "run_id": "noise-seed-00-open", "step": 243, "loss_before_step": 6.866455078125e-05, "elapsed_seconds": 71.58525172783993}
{"stage": "optimizer_step", "run_id": "noise-seed-00-open", "step": 244, "loss_before_step": 7.2479248046875e-05, "elapsed_seconds": 71.84915882302448}
{"stage": "optimizer_step", "run_id": "noise-seed-00-open", "step": 245, "loss_before_step": 6.4849853515625e-05, "elapsed_seconds": 72.11590906884521}
{"stage": "optimizer_step", "run_id": "noise-seed-00-open", "step": 246, "loss_before_step": 7.62939453125e-05, "elapsed_seconds": 72.38231252902187}
{"stage": "optimizer_step", "run_id": "noise-seed-00-open", "step": 247, "loss_before_step": 6.103515625e-05, "elapsed_seconds": 72.65250719687901}
{"stage": "optimizer_step", "run_id": "noise-seed-00-open", "step": 248, "loss_before_step": 7.2479248046875e-05, "elapsed_seconds": 72.91984252585098}
{"stage": "optimizer_step", "run_id": "noise-seed-00-open", "step": 249, "loss_before_step": 5.7220458984375e-05, "elapsed_seconds": 73.18319287290797}
{"stage": "optimizer_step", "run_id": "noise-seed-00-open", "step": 250, "loss_before_step": 6.103515625e-05, "elapsed_seconds": 73.45051238383166}
{"stage": "optimizer_step", "run_id": "noise-seed-00-open", "step": 251, "loss_before_step": 6.103515625e-05, "elapsed_seconds": 73.72132071503438}
{"stage": "optimizer_step", "run_id": "noise-seed-00-open", "step": 252, "loss_before_step": 5.7220458984375e-05, "elapsed_seconds": 73.98878934187815}
{"stage": "optimizer_step", "run_id": "noise-seed-00-open", "step": 253, "loss_before_step": 4.9591064453125e-05, "elapsed_seconds": 74.25868295691907}
{"stage": "optimizer_step", "run_id": "noise-seed-00-open", "step": 254, "loss_before_step": 5.7220458984375e-05, "elapsed_seconds": 74.52464492502622}
{"stage": "optimizer_step", "run_id": "noise-seed-00-open", "step": 255, "loss_before_step": 5.340576171875e-05, "elapsed_seconds": 74.79156141285785}
{"stage": "optimizer_step", "run_id": "noise-seed-00-open", "step": 256, "loss_before_step": 6.866455078125e-05, "elapsed_seconds": 75.05978852394037}
{"stage": "endpoint_generation", "run_id": "noise-seed-00-open", "condition": "matched", "prompt_id": "original_open", "raw": "ambient/ambient"}
{"stage": "endpoint_generation", "run_id": "noise-seed-00-open", "condition": "matched", "prompt_id": "paraphrase_open", "raw": "ambient campfire"}
{"stage": "endpoint_generation", "run_id": "noise-seed-00-open", "condition": "blank", "prompt_id": "original_open", "raw": "No music preference recorded."}
{"stage": "endpoint_generation", "run_id": "noise-seed-00-open", "condition": "blank", "prompt_id": "paraphrase_open", "raw": "None"}
{"stage": "endpoint_generation", "run_id": "noise-seed-00-open", "condition": "fixed_donor", "prompt_id": "original_open", "raw": "Yellow, not indigo."}
{"stage": "endpoint_generation", "run_id": "noise-seed-00-open", "condition": "fixed_donor", "prompt_id": "paraphrase_open", "raw": "Yellow, not indigo."}
{"stage": "optimizer_step", "run_id": "noise-seed-00-mcq", "step": 1, "loss_before_step": 26.333370208740234, "elapsed_seconds": 4.328468095976859}
{"stage": "optimizer_step", "run_id": "noise-seed-00-mcq", "step": 2, "loss_before_step": 17.375141143798828, "elapsed_seconds": 5.231279812986031}
{"stage": "optimizer_step", "run_id": "noise-seed-00-mcq", "step": 3, "loss_before_step": 22.041889190673828, "elapsed_seconds": 6.1231658780016005}
{"stage": "optimizer_step", "run_id": "noise-seed-00-mcq", "step": 4, "loss_before_step": 9.059884071350098, "elapsed_seconds": 7.021897915983573}
{"stage": "optimizer_step", "run_id": "noise-seed-00-mcq", "step": 5, "loss_before_step": 8.172642707824707, "elapsed_seconds": 7.92386839305982}
{"stage": "optimizer_step", "run_id": "noise-seed-00-mcq", "step": 6, "loss_before_step": 0.24670934677124023, "elapsed_seconds": 8.817863771924749}
{"stage": "optimizer_step", "run_id": "noise-seed-00-mcq", "step": 7, "loss_before_step": 0.2028970718383789, "elapsed_seconds": 9.714170540915802}
{"stage": "optimizer_step", "run_id": "noise-seed-00-mcq", "step": 8, "loss_before_step": 3.7008705139160156, "elapsed_seconds": 10.606361589860171}
{"stage": "optimizer_step", "run_id": "noise-seed-00-mcq", "step": 9, "loss_before_step": 9.10856819152832, "elapsed_seconds": 11.506551139056683}
{"stage": "optimizer_step", "run_id": "noise-seed-00-mcq", "step": 10, "loss_before_step": 0.015384197235107422, "elapsed_seconds": 12.393285094061866}
{"stage": "optimizer_step", "run_id": "noise-seed-00-mcq", "step": 11, "loss_before_step": 0.23528480529785156, "elapsed_seconds": 13.28618692792952}
{"stage": "optimizer_step", "run_id": "noise-seed-00-mcq", "step": 12, "loss_before_step": 3.948101043701172, "elapsed_seconds": 14.17666802695021}
{"stage": "optimizer_step", "run_id": "noise-seed-00-mcq", "step": 13, "loss_before_step": 1.6175642013549805, "elapsed_seconds": 15.06858138088137}
{"stage": "optimizer_step", "run_id": "noise-seed-00-mcq", "step": 14, "loss_before_step": 0.004632234573364258, "elapsed_seconds": 15.96706221299246}
{"stage": "optimizer_step", "run_id": "noise-seed-00-mcq", "step": 15, "loss_before_step": 0.05687832832336426, "elapsed_seconds": 16.86344501399435}
{"stage": "optimizer_step", "run_id": "noise-seed-00-mcq", "step": 16, "loss_before_step": 0.8591251373291016, "elapsed_seconds": 17.76016761502251}
{"stage": "optimizer_step", "run_id": "noise-seed-00-mcq", "step": 17, "loss_before_step": 0.2944955825805664, "elapsed_seconds": 18.648106063948944}
{"stage": "optimizer_step", "run_id": "noise-seed-00-mcq", "step": 18, "loss_before_step": 0.0005649328231811523, "elapsed_seconds": 19.544965063920245}
{"stage": "optimizer_step", "run_id": "noise-seed-00-mcq", "step": 19, "loss_before_step": 0.0018068552017211914, "elapsed_seconds": 20.44018779695034}
{"stage": "optimizer_step", "run_id": "noise-seed-00-mcq", "step": 20, "loss_before_step": 0.15021705627441406, "elapsed_seconds": 21.335492869839072}
{"stage": "optimizer_step", "run_id": "noise-seed-00-mcq", "step": 21, "loss_before_step": 0.030225753784179688, "elapsed_seconds": 22.234607374994084}
{"stage": "optimizer_step", "run_id": "noise-seed-00-mcq", "step": 22, "loss_before_step": 0.00023922324180603027, "elapsed_seconds": 23.12795926700346}
{"stage": "optimizer_step", "run_id": "noise-seed-00-mcq", "step": 23, "loss_before_step": 0.0027288198471069336, "elapsed_seconds": 24.020282073877752}
{"stage": "optimizer_step", "run_id": "noise-seed-00-mcq", "step": 24, "loss_before_step": 0.25577688217163086, "elapsed_seconds": 24.911675455980003}
{"stage": "optimizer_step", "run_id": "noise-seed-00-mcq", "step": 25, "loss_before_step": 0.02584218978881836, "elapsed_seconds": 25.80251217004843}
{"stage": "optimizer_step", "run_id": "noise-seed-00-mcq", "step": 26, "loss_before_step": 0.0002461373805999756, "elapsed_seconds": 26.692654879996553}
{"stage": "optimizer_step", "run_id": "noise-seed-00-mcq", "step": 27, "loss_before_step": 0.0012388825416564941, "elapsed_seconds": 27.58601957303472}
{"stage": "optimizer_step", "run_id": "noise-seed-00-mcq", "step": 28, "loss_before_step": 0.030330657958984375, "elapsed_seconds": 28.48491317895241}
{"stage": "optimizer_step", "run_id": "noise-seed-00-mcq", "step": 29, "loss_before_step": 0.011904716491699219, "elapsed_seconds": 29.378898203838617}
{"stage": "optimizer_step", "run_id": "noise-seed-00-mcq", "step": 30, "loss_before_step": 0.0001993030309677124, "elapsed_seconds": 30.278944463003427}
{"stage": "optimizer_step", "run_id": "noise-seed-00-mcq", "step": 31, "loss_before_step": 0.0004622936248779297, "elapsed_seconds": 31.18933127191849}
{"stage": "optimizer_step", "run_id": "noise-seed-00-mcq", "step": 32, "loss_before_step": 0.012226104736328125, "elapsed_seconds": 32.095971510978416}
{"stage": "optimizer_step", "run_id": "noise-seed-00-mcq", "step": 33, "loss_before_step": 0.005654096603393555, "elapsed_seconds": 33.0017366448883}
{"stage": "optimizer_step", "run_id": "noise-seed-00-mcq", "step": 34, "loss_before_step": 0.00011121481657028198, "elapsed_seconds": 33.89221575693227}
{"stage": "optimizer_step", "run_id": "noise-seed-00-mcq", "step": 35, "loss_before_step": 0.00031025707721710205, "elapsed_seconds": 34.78474291902967}
{"stage": "optimizer_step", "run_id": "noise-seed-00-mcq", "step": 36, "loss_before_step": 0.007445812225341797, "elapsed_seconds": 35.67431783583015}
{"stage": "optimizer_step", "run_id": "noise-seed-00-mcq", "step": 37, "loss_before_step": 0.0033464431762695312, "elapsed_seconds": 36.565590710844845}
{"stage": "optimizer_step", "run_id": "noise-seed-00-mcq", "step": 38, "loss_before_step": 0.00011228770017623901, "elapsed_seconds": 37.47144568199292}
{"stage": "optimizer_step", "run_id": "noise-seed-00-mcq", "step": 39, "loss_before_step": 0.0002542436122894287, "elapsed_seconds": 38.37093807593919}
{"stage": "optimizer_step", "run_id": "noise-seed-00-mcq", "step": 40, "loss_before_step": 0.002084970474243164, "elapsed_seconds": 39.265666384017095}
{"stage": "optimizer_step", "run_id": "noise-seed-00-mcq", "step": 41, "loss_before_step": 0.0018551349639892578, "elapsed_seconds": 40.15669633098878}
{"stage": "optimizer_step", "run_id": "noise-seed-00-mcq", "step": 42, "loss_before_step": 0.00011467188596725464, "elapsed_seconds": 41.057664528954774}
{"stage": "optimizer_step", "run_id": "noise-seed-00-mcq", "step": 43, "loss_before_step": 0.0002708062529563904, "elapsed_seconds": 41.95191496191546}
{"stage": "optimizer_step", "run_id": "noise-seed-00-mcq", "step": 44, "loss_before_step": 0.0018544197082519531, "elapsed_seconds": 42.84852896584198}
{"stage": "optimizer_step", "run_id": "noise-seed-00-mcq", "step": 45, "loss_before_step": 0.001387953758239746, "elapsed_seconds": 43.74016698100604}
{"stage": "optimizer_step", "run_id": "noise-seed-00-mcq", "step": 46, "loss_before_step": 0.00010108388960361481, "elapsed_seconds": 44.63025036500767}
{"stage": "optimizer_step", "run_id": "noise-seed-00-mcq", "step": 47, "loss_before_step": 0.00025138258934020996, "elapsed_seconds": 45.52627859893255}
{"stage": "optimizer_step", "run_id": "noise-seed-00-mcq", "step": 48, "loss_before_step": 0.0023522377014160156, "elapsed_seconds": 46.420215823920444}
{"stage": "optimizer_step", "run_id": "noise-seed-00-mcq", "step": 49, "loss_before_step": 0.0014150142669677734, "elapsed_seconds": 47.3206459779758}
{"stage": "optimizer_step", "run_id": "noise-seed-00-mcq", "step": 50, "loss_before_step": 9.953603148460388e-05, "elapsed_seconds": 48.22953212005086}
{"stage": "optimizer_step", "run_id": "noise-seed-00-mcq", "step": 51, "loss_before_step": 0.0002389848232269287, "elapsed_seconds": 49.12966889701784}
{"stage": "optimizer_step", "run_id": "noise-seed-00-mcq", "step": 52, "loss_before_step": 0.0013360977172851562, "elapsed_seconds": 50.037662643007934}
{"stage": "optimizer_step", "run_id": "noise-seed-00-mcq", "step": 53, "loss_before_step": 0.0015382766723632812, "elapsed_seconds": 50.94219240685925}
{"stage": "optimizer_step", "run_id": "noise-seed-00-mcq", "step": 54, "loss_before_step": 9.50060784816742e-05, "elapsed_seconds": 51.84531150292605}
{"stage": "optimizer_step", "run_id": "noise-seed-00-mcq", "step": 55, "loss_before_step": 0.00022635236382484436, "elapsed_seconds": 52.73733978997916}
{"stage": "optimizer_step", "run_id": "noise-seed-00-mcq", "step": 56, "loss_before_step": 0.00122833251953125, "elapsed_seconds": 53.62677251803689}
{"stage": "optimizer_step", "run_id": "noise-seed-00-mcq", "step": 57, "loss_before_step": 0.0007584095001220703, "elapsed_seconds": 54.52029043994844}
{"stage": "optimizer_step", "run_id": "noise-seed-00-mcq", "step": 58, "loss_before_step": 8.666142821311951e-05, "elapsed_seconds": 55.41349185700528}
{"stage": "optimizer_step", "run_id": "noise-seed-00-mcq", "step": 59, "loss_before_step": 0.00020668841898441315, "elapsed_seconds": 56.30741034797393}
{"stage": "optimizer_step", "run_id": "noise-seed-00-mcq", "step": 60, "loss_before_step": 0.0008256435394287109, "elapsed_seconds": 57.197356523014605}
{"stage": "optimizer_step", "run_id": "noise-seed-00-mcq", "step": 61, "loss_before_step": 0.0007898807525634766, "elapsed_seconds": 58.087763865944}
{"stage": "optimizer_step", "run_id": "noise-seed-00-mcq", "step": 62, "loss_before_step": 8.344277739524841e-05, "elapsed_seconds": 58.98482366302051}
{"stage": "optimizer_step", "run_id": "noise-seed-00-mcq", "step": 63, "loss_before_step": 0.0002905894070863724, "elapsed_seconds": 59.87638812093064}
{"stage": "optimizer_step", "run_id": "noise-seed-00-mcq", "step": 64, "loss_before_step": 0.0008802413940429688, "elapsed_seconds": 60.77631031302735}
{"stage": "optimizer_step", "run_id": "noise-seed-00-mcq", "step": 65, "loss_before_step": 0.0009741783142089844, "elapsed_seconds": 63.23016183404252}
{"stage": "optimizer_step", "run_id": "noise-seed-00-mcq", "step": 66, "loss_before_step": 8.523091673851013e-05, "elapsed_seconds": 64.15040183695965}
{"stage": "optimizer_step", "run_id": "noise-seed-00-mcq", "step": 67, "loss_before_step": 0.00022527948021888733, "elapsed_seconds": 65.04931493801996}
{"stage": "optimizer_step", "run_id": "noise-seed-00-mcq", "step": 68, "loss_before_step": 0.0005183219909667969, "elapsed_seconds": 65.94524171599187}
{"stage": "optimizer_step", "run_id": "noise-seed-00-mcq", "step": 69, "loss_before_step": 0.0009334087371826172, "elapsed_seconds": 66.84640937088989}
{"stage": "optimizer_step", "run_id": "noise-seed-00-mcq", "step": 70, "loss_before_step": 8.320435881614685e-05, "elapsed_seconds": 67.74387672287412}
{"stage": "optimizer_step", "run_id": "noise-seed-00-mcq", "step": 71, "loss_before_step": 0.0002441108226776123, "elapsed_seconds": 68.63667470193468}
{"stage": "optimizer_step", "run_id": "noise-seed-00-mcq", "step": 72, "loss_before_step": 0.0006670951843261719, "elapsed_seconds": 69.53605412505567}
{"stage": "optimizer_step", "run_id": "noise-seed-00-mcq", "step": 73, "loss_before_step": 0.0004267692565917969, "elapsed_seconds": 70.43039102992043}
{"stage": "optimizer_step", "run_id": "noise-seed-00-mcq", "step": 74, "loss_before_step": 7.640942931175232e-05, "elapsed_seconds": 71.3226344010327}
{"stage": "optimizer_step", "run_id": "noise-seed-00-mcq", "step": 75, "loss_before_step": 0.0002441108226776123, "elapsed_seconds": 72.23337184195407}
{"stage": "optimizer_step", "run_id": "noise-seed-00-mcq", "step": 76, "loss_before_step": 0.00032770633697509766, "elapsed_seconds": 73.13122920598835}
{"stage": "optimizer_step", "run_id": "noise-seed-00-mcq", "step": 77, "loss_before_step": 0.0004089474678039551, "elapsed_seconds": 74.03078366094269}
{"stage": "optimizer_step", "run_id": "noise-seed-00-mcq", "step": 78, "loss_before_step": 7.97472894191742e-05, "elapsed_seconds": 74.92008182685822}
{"stage": "optimizer_step", "run_id": "noise-seed-00-mcq", "step": 79, "loss_before_step": 0.00024399161338806152, "elapsed_seconds": 75.81655411305837}
{"stage": "optimizer_step", "run_id": "noise-seed-00-mcq", "step": 80, "loss_before_step": 0.0006265640258789062, "elapsed_seconds": 76.70883495383896}
{"stage": "optimizer_step", "run_id": "noise-seed-00-mcq", "step": 81, "loss_before_step": 0.0003744959831237793, "elapsed_seconds": 77.60798041406088}
{"stage": "optimizer_step", "run_id": "noise-seed-00-mcq", "step": 82, "loss_before_step": 8.487328886985779e-05, "elapsed_seconds": 78.50681487098336}
{"stage": "optimizer_step", "run_id": "noise-seed-00-mcq", "step": 83, "loss_before_step": 0.00020549539476633072, "elapsed_seconds": 79.39881734992377}
{"stage": "optimizer_step", "run_id": "noise-seed-00-mcq", "step": 84, "loss_before_step": 0.0004385709762573242, "elapsed_seconds": 80.30250138184056}
{"stage": "optimizer_step", "run_id": "noise-seed-00-mcq", "step": 85, "loss_before_step": 0.0004448890686035156, "elapsed_seconds": 81.2002721040044}
{"stage": "optimizer_step", "run_id": "noise-seed-00-mcq", "step": 86, "loss_before_step": 7.009226828813553e-05, "elapsed_seconds": 82.09084383002482}
{"stage": "optimizer_step", "run_id": "noise-seed-00-mcq", "step": 87, "loss_before_step": 0.00023338478058576584, "elapsed_seconds": 82.9871207489632}
{"stage": "optimizer_step", "run_id": "noise-seed-00-mcq", "step": 88, "loss_before_step": 0.0002391338348388672, "elapsed_seconds": 83.87639969703741}
{"stage": "optimizer_step", "run_id": "noise-seed-00-mcq", "step": 89, "loss_before_step": 0.00039309263229370117, "elapsed_seconds": 84.76776014897041}
{"stage": "optimizer_step", "run_id": "noise-seed-00-mcq", "step": 90, "loss_before_step": 7.605273276567459e-05, "elapsed_seconds": 85.66448207502253}
{"stage": "optimizer_step", "run_id": "noise-seed-00-mcq", "step": 91, "loss_before_step": 0.00022349227219820023, "elapsed_seconds": 86.56087818485685}
{"stage": "optimizer_step", "run_id": "noise-seed-00-mcq", "step": 92, "loss_before_step": 0.0002605915069580078, "elapsed_seconds": 87.4547946730163}
{"stage": "optimizer_step", "run_id": "noise-seed-00-mcq", "step": 93, "loss_before_step": 0.0003184676170349121, "elapsed_seconds": 88.34922023490071}
{"stage": "optimizer_step", "run_id": "noise-seed-00-mcq", "step": 94, "loss_before_step": 7.593352347612381e-05, "elapsed_seconds": 89.24571255687624}
{"stage": "optimizer_step", "run_id": "noise-seed-00-mcq", "step": 95, "loss_before_step": 0.0002056146040558815, "elapsed_seconds": 90.14575431495905}
{"stage": "optimizer_step", "run_id": "noise-seed-00-mcq", "step": 96, "loss_before_step": 0.0002713203430175781, "elapsed_seconds": 91.0545080639422}
{"stage": "optimizer_step", "run_id": "noise-seed-00-mcq", "step": 97, "loss_before_step": 0.0003307461738586426, "elapsed_seconds": 91.95061527495272}
{"stage": "optimizer_step", "run_id": "noise-seed-00-mcq", "step": 98, "loss_before_step": 7.295329123735428e-05, "elapsed_seconds": 92.84896730002947}
{"stage": "optimizer_step", "run_id": "noise-seed-00-mcq", "step": 99, "loss_before_step": 0.00022349227219820023, "elapsed_seconds": 93.74284147005528}
{"stage": "optimizer_step", "run_id": "noise-seed-00-mcq", "step": 100, "loss_before_step": 0.00029528141021728516, "elapsed_seconds": 94.63277427200228}
{"stage": "optimizer_step", "run_id": "noise-seed-00-mcq", "step": 101, "loss_before_step": 0.00030618906021118164, "elapsed_seconds": 95.53168969391845}
{"stage": "optimizer_step", "run_id": "noise-seed-00-mcq", "step": 102, "loss_before_step": 5.7814642786979675e-05, "elapsed_seconds": 96.449150061002}
{"stage": "optimizer_step", "run_id": "noise-seed-00-mcq", "step": 103, "loss_before_step": 0.00018106214702129364, "elapsed_seconds": 97.36156532401219}
{"stage": "optimizer_step", "run_id": "noise-seed-00-mcq", "step": 104, "loss_before_step": 0.00034368038177490234, "elapsed_seconds": 98.2602069680579}
{"stage": "optimizer_step", "run_id": "noise-seed-00-mcq", "step": 105, "loss_before_step": 0.0002592504024505615, "elapsed_seconds": 99.14999567391351}
{"stage": "optimizer_step", "run_id": "noise-seed-00-mcq", "step": 106, "loss_before_step": 6.01988285779953e-05, "elapsed_seconds": 100.04260638798587}
{"stage": "optimizer_step", "run_id": "noise-seed-00-mcq", "step": 107, "loss_before_step": 0.00018082419410347939, "elapsed_seconds": 100.94544849195518}
{"stage": "optimizer_step", "run_id": "noise-seed-00-mcq", "step": 108, "loss_before_step": 0.0002040863037109375, "elapsed_seconds": 101.84196147392504}
{"stage": "optimizer_step", "run_id": "noise-seed-00-mcq", "step": 109, "loss_before_step": 0.0002937912940979004, "elapsed_seconds": 102.7386940580327}
{"stage": "optimizer_step", "run_id": "noise-seed-00-mcq", "step": 110, "loss_before_step": 6.711296737194061e-05, "elapsed_seconds": 103.6323473979719}
{"stage": "optimizer_step", "run_id": "noise-seed-00-mcq", "step": 111, "loss_before_step": 0.00016687903553247452, "elapsed_seconds": 104.53145025996491}
{"stage": "optimizer_step", "run_id": "noise-seed-00-mcq", "step": 112, "loss_before_step": 0.0001684427261352539, "elapsed_seconds": 105.42756078392267}
{"stage": "optimizer_step", "run_id": "noise-seed-00-mcq", "step": 113, "loss_before_step": 0.000263899564743042, "elapsed_seconds": 106.33374828705564}
{"stage": "optimizer_step", "run_id": "noise-seed-00-mcq", "step": 114, "loss_before_step": 5.7933852076530457e-05, "elapsed_seconds": 107.2321907680016}
{"stage": "optimizer_step", "run_id": "noise-seed-00-mcq", "step": 115, "loss_before_step": 0.00018141977488994598, "elapsed_seconds": 108.12851459300146}
{"stage": "optimizer_step", "run_id": "noise-seed-00-mcq", "step": 116, "loss_before_step": 0.00024449825286865234, "elapsed_seconds": 109.0245535268914}
{"stage": "optimizer_step", "run_id": "noise-seed-00-mcq", "step": 117, "loss_before_step": 0.00022837519645690918, "elapsed_seconds": 109.91887649288401}
{"stage": "optimizer_step", "run_id": "noise-seed-00-mcq", "step": 118, "loss_before_step": 5.662301555275917e-05, "elapsed_seconds": 110.81223606783897}
{"stage": "optimizer_step", "run_id": "noise-seed-00-mcq", "step": 119, "loss_before_step": 0.00016664061695337296, "elapsed_seconds": 111.7141917408444}
{"stage": "optimizer_step", "run_id": "noise-seed-00-mcq", "step": 120, "loss_before_step": 0.00022029876708984375, "elapsed_seconds": 112.61600823397748}
{"stage": "optimizer_step", "run_id": "noise-seed-00-mcq", "step": 121, "loss_before_step": 0.00022682547569274902, "elapsed_seconds": 113.51161795901135}
{"stage": "optimizer_step", "run_id": "noise-seed-00-mcq", "step": 122, "loss_before_step": 5.662301555275917e-05, "elapsed_seconds": 114.40943885687739}
{"stage": "optimizer_step", "run_id": "noise-seed-00-mcq", "step": 123, "loss_before_step": 0.00015984661877155304, "elapsed_seconds": 115.30731329484843}
{"stage": "optimizer_step", "run_id": "noise-seed-00-mcq", "step": 124, "loss_before_step": 0.00025475025177001953, "elapsed_seconds": 116.19881382398307}
{"stage": "optimizer_step", "run_id": "noise-seed-00-mcq", "step": 125, "loss_before_step": 0.00021001696586608887, "elapsed_seconds": 117.09468293190002}
{"stage": "optimizer_step", "run_id": "noise-seed-00-mcq", "step": 126, "loss_before_step": 6.162934005260468e-05, "elapsed_seconds": 117.99752957094461}
{"stage": "optimizer_step", "run_id": "noise-seed-00-mcq", "step": 127, "loss_before_step": 0.00018869061022996902, "elapsed_seconds": 118.89497380703688}
{"stage": "optimizer_step", "run_id": "noise-seed-00-mcq", "step": 128, "loss_before_step": 0.0001919269561767578, "elapsed_seconds": 119.79342191689648}
{"stage": "optimizer_step", "run_id": "noise-seed-00-mcq", "step": 129, "loss_before_step": 0.00022909045219421387, "elapsed_seconds": 122.26208492484875}
{"stage": "optimizer_step", "run_id": "noise-seed-00-mcq", "step": 130, "loss_before_step": 5.7814642786979675e-05, "elapsed_seconds": 123.15890723397024}
{"stage": "optimizer_step", "run_id": "noise-seed-00-mcq", "step": 131, "loss_before_step": 0.00016687903553247452, "elapsed_seconds": 124.05433303886093}
{"stage": "optimizer_step", "run_id": "noise-seed-00-mcq", "step": 132, "loss_before_step": 0.00016498565673828125, "elapsed_seconds": 124.94923184090294}
{"stage": "optimizer_step", "run_id": "noise-seed-00-mcq", "step": 133, "loss_before_step": 0.00021752715110778809, "elapsed_seconds": 125.84223949885927}
{"stage": "optimizer_step", "run_id": "noise-seed-00-mcq", "step": 134, "loss_before_step": 5.531171336770058e-05, "elapsed_seconds": 126.73655600100756}
{"stage": "optimizer_step", "run_id": "noise-seed-00-mcq", "step": 135, "loss_before_step": 0.00016664061695337296, "elapsed_seconds": 127.6358053330332}
{"stage": "optimizer_step", "run_id": "noise-seed-00-mcq", "step": 136, "loss_before_step": 0.00015497207641601562, "elapsed_seconds": 128.5388037050143}
{"stage": "optimizer_step", "run_id": "noise-seed-00-mcq", "step": 137, "loss_before_step": 0.00019237399101257324, "elapsed_seconds": 129.4387355968356}
{"stage": "optimizer_step", "run_id": "noise-seed-00-mcq", "step": 138, "loss_before_step": 5.304673686623573e-05, "elapsed_seconds": 130.33337005996145}
{"stage": "optimizer_step", "run_id": "noise-seed-00-mcq", "step": 139, "loss_before_step": 0.00016664061695337296, "elapsed_seconds": 131.2297846719157}
{"stage": "optimizer_step", "run_id": "noise-seed-00-mcq", "step": 140, "loss_before_step": 0.0002155303955078125, "elapsed_seconds": 132.1225335248746}
{"stage": "optimizer_step", "run_id": "noise-seed-00-mcq", "step": 141, "loss_before_step": 0.00024196505546569824, "elapsed_seconds": 133.0214430608321}
{"stage": "optimizer_step", "run_id": "noise-seed-00-mcq", "step": 142, "loss_before_step": 5.554966628551483e-05, "elapsed_seconds": 133.91320760385133}
{"stage": "optimizer_step", "run_id": "noise-seed-00-mcq", "step": 143, "loss_before_step": 0.00014709308743476868, "elapsed_seconds": 134.817567412043}
{"stage": "optimizer_step", "run_id": "noise-seed-00-mcq", "step": 144, "loss_before_step": 0.00016510486602783203, "elapsed_seconds": 135.7113211499527}
{"stage": "optimizer_step", "run_id": "noise-seed-00-mcq", "step": 145, "loss_before_step": 0.00022289156913757324, "elapsed_seconds": 136.60694563086145}
{"stage": "optimizer_step", "run_id": "noise-seed-00-mcq", "step": 146, "loss_before_step": 5.7814642786979675e-05, "elapsed_seconds": 137.50337196700275}
{"stage": "optimizer_step", "run_id": "noise-seed-00-mcq", "step": 147, "loss_before_step": 0.00014685513451695442, "elapsed_seconds": 138.40516255702823}
{"stage": "optimizer_step", "run_id": "noise-seed-00-mcq", "step": 148, "loss_before_step": 0.00018393993377685547, "elapsed_seconds": 139.30646277102642}
{"stage": "optimizer_step", "run_id": "noise-seed-00-mcq", "step": 149, "loss_before_step": 0.00021061301231384277, "elapsed_seconds": 140.2005203498993}
{"stage": "optimizer_step", "run_id": "noise-seed-00-mcq", "step": 150, "loss_before_step": 5.3165946155786514e-05, "elapsed_seconds": 141.10219968506135}
{"stage": "optimizer_step", "run_id": "noise-seed-00-mcq", "step": 151, "loss_before_step": 0.00015352945774793625, "elapsed_seconds": 141.99725860287435}
{"stage": "optimizer_step", "run_id": "noise-seed-00-mcq", "step": 152, "loss_before_step": 0.00017273426055908203, "elapsed_seconds": 142.89173392998055}
{"stage": "optimizer_step", "run_id": "noise-seed-00-mcq", "step": 153, "loss_before_step": 0.00017687678337097168, "elapsed_seconds": 143.79489637096412}
{"stage": "optimizer_step", "run_id": "noise-seed-00-mcq", "step": 154, "loss_before_step": 4.994729533791542e-05, "elapsed_seconds": 144.68718186486512}
{"stage": "optimizer_step", "run_id": "noise-seed-00-mcq", "step": 155, "loss_before_step": 0.0001531722955405712, "elapsed_seconds": 145.58890139102004}
{"stage": "optimizer_step", "run_id": "noise-seed-00-mcq", "step": 156, "loss_before_step": 0.0001690387725830078, "elapsed_seconds": 146.4810207618866}
{"stage": "optimizer_step", "run_id": "noise-seed-00-mcq", "step": 157, "loss_before_step": 0.00016987323760986328, "elapsed_seconds": 147.37739719403908}
{"stage": "optimizer_step", "run_id": "noise-seed-00-mcq", "step": 158, "loss_before_step": 4.994729533791542e-05, "elapsed_seconds": 148.27153524197638}
{"stage": "optimizer_step", "run_id": "noise-seed-00-mcq", "step": 159, "loss_before_step": 0.00014685513451695442, "elapsed_seconds": 149.34749767906033}
{"stage": "optimizer_step", "run_id": "noise-seed-00-mcq", "step": 160, "loss_before_step": 0.00021123886108398438, "elapsed_seconds": 150.25314051099122}
{"stage": "optimizer_step", "run_id": "noise-seed-00-mcq", "step": 161, "loss_before_step": 0.0001926124095916748, "elapsed_seconds": 151.15614886395633}
{"stage": "optimizer_step", "run_id": "noise-seed-00-mcq", "step": 162, "loss_before_step": 4.3033622205257416e-05, "elapsed_seconds": 152.05314861005172}
{"stage": "optimizer_step", "run_id": "noise-seed-00-mcq", "step": 163, "loss_before_step": 0.0001407763920724392, "elapsed_seconds": 152.94876768393442}
{"stage": "optimizer_step", "run_id": "noise-seed-00-mcq", "step": 164, "loss_before_step": 0.0001291036605834961, "elapsed_seconds": 153.84383821603842}
{"stage": "optimizer_step", "run_id": "noise-seed-00-mcq", "step": 165, "loss_before_step": 0.00018414855003356934, "elapsed_seconds": 154.73296804586425}
{"stage": "optimizer_step", "run_id": "noise-seed-00-mcq", "step": 166, "loss_before_step": 4.982808604836464e-05, "elapsed_seconds": 155.6281673728954}
{"stage": "optimizer_step", "run_id": "noise-seed-00-mcq", "step": 167, "loss_before_step": 0.000135054811835289, "elapsed_seconds": 156.5211478478741}
{"stage": "optimizer_step", "run_id": "noise-seed-00-mcq", "step": 168, "loss_before_step": 0.00014650821685791016, "elapsed_seconds": 157.4367809779942}
{"stage": "optimizer_step", "run_id": "noise-seed-00-mcq", "step": 169, "loss_before_step": 0.00016987323760986328, "elapsed_seconds": 158.32989441696554}
{"stage": "optimizer_step", "run_id": "noise-seed-00-mcq", "step": 170, "loss_before_step": 4.6848319470882416e-05, "elapsed_seconds": 159.2205601700116}
{"stage": "optimizer_step", "run_id": "noise-seed-00-mcq", "step": 171, "loss_before_step": 0.00014709308743476868, "elapsed_seconds": 160.11894063884392}
{"stage": "optimizer_step", "run_id": "noise-seed-00-mcq", "step": 172, "loss_before_step": 0.00012671947479248047, "elapsed_seconds": 161.02753353188746}
{"stage": "optimizer_step", "run_id": "noise-seed-00-mcq", "step": 173, "loss_before_step": 0.00016987323760986328, "elapsed_seconds": 161.91711512603797}
{"stage": "optimizer_step", "run_id": "noise-seed-00-mcq", "step": 174, "loss_before_step": 4.887441173195839e-05, "elapsed_seconds": 162.81209163088351}
{"stage": "optimizer_step", "run_id": "noise-seed-00-mcq", "step": 175, "loss_before_step": 0.00014709308743476868, "elapsed_seconds": 163.72380726691335}
{"stage": "optimizer_step", "run_id": "noise-seed-00-mcq", "step": 176, "loss_before_step": 0.00014257431030273438, "elapsed_seconds": 164.6263017989695}
{"stage": "optimizer_step", "run_id": "noise-seed-00-mcq", "step": 177, "loss_before_step": 0.00020167231559753418, "elapsed_seconds": 165.51757251401432}
{"stage": "optimizer_step", "run_id": "noise-seed-00-mcq", "step": 178, "loss_before_step": 4.5894645154476166e-05, "elapsed_seconds": 166.41283165384084}
{"stage": "optimizer_step", "run_id": "noise-seed-00-mcq", "step": 179, "loss_before_step": 0.000135054811835289, "elapsed_seconds": 167.3052339758724}
{"stage": "optimizer_step", "run_id": "noise-seed-00-mcq", "step": 180, "loss_before_step": 0.0001424551010131836, "elapsed_seconds": 168.1994446888566}
{"stage": "optimizer_step", "run_id": "noise-seed-00-mcq", "step": 181, "loss_before_step": 0.00019690394401550293, "elapsed_seconds": 169.10898813791573}
{"stage": "optimizer_step", "run_id": "noise-seed-00-mcq", "step": 182, "loss_before_step": 4.5894645154476166e-05, "elapsed_seconds": 170.0091339768842}
{"stage": "optimizer_step", "run_id": "noise-seed-00-mcq", "step": 183, "loss_before_step": 0.00013517402112483978, "elapsed_seconds": 170.9095282210037}
{"stage": "optimizer_step", "run_id": "noise-seed-00-mcq", "step": 184, "loss_before_step": 0.00012135505676269531, "elapsed_seconds": 171.8174549578689}
{"stage": "optimizer_step", "run_id": "noise-seed-00-mcq", "step": 185, "loss_before_step": 0.0001628398895263672, "elapsed_seconds": 172.7122638488654}
{"stage": "optimizer_step", "run_id": "noise-seed-00-mcq", "step": 186, "loss_before_step": 4.136469215154648e-05, "elapsed_seconds": 173.6072423858568}
{"stage": "optimizer_step", "run_id": "noise-seed-00-mcq", "step": 187, "loss_before_step": 0.0001407763920724392, "elapsed_seconds": 174.49873986793682}
{"stage": "optimizer_step", "run_id": "noise-seed-00-mcq", "step": 188, "loss_before_step": 0.00010263919830322266, "elapsed_seconds": 175.39343264489435}
{"stage": "optimizer_step", "run_id": "noise-seed-00-mcq", "step": 189, "loss_before_step": 0.00016295909881591797, "elapsed_seconds": 176.2955966028385}
{"stage": "optimizer_step", "run_id": "noise-seed-00-mcq", "step": 190, "loss_before_step": 4.219915717840195e-05, "elapsed_seconds": 177.20062843803316}
{"stage": "optimizer_step", "run_id": "noise-seed-00-mcq", "step": 191, "loss_before_step": 0.00013481639325618744, "elapsed_seconds": 178.0996674578637}
{"stage": "optimizer_step", "run_id": "noise-seed-00-mcq", "step": 192, "loss_before_step": 0.0001264810562133789, "elapsed_seconds": 178.9968113368377}
{"stage": "optimizer_step", "run_id": "noise-seed-00-mcq", "step": 193, "loss_before_step": 0.00019213557243347168, "elapsed_seconds": 181.47641324391589}
{"stage": "optimizer_step", "run_id": "noise-seed-00-mcq", "step": 194, "loss_before_step": 3.886129707098007e-05, "elapsed_seconds": 182.37608958990313}
{"stage": "optimizer_step", "run_id": "noise-seed-00-mcq", "step": 195, "loss_before_step": 0.00011908309534192085, "elapsed_seconds": 183.2669743159786}
{"stage": "optimizer_step", "run_id": "noise-seed-00-mcq", "step": 196, "loss_before_step": 0.00013124942779541016, "elapsed_seconds": 184.16267760493793}
{"stage": "optimizer_step", "run_id": "noise-seed-00-mcq", "step": 197, "loss_before_step": 0.00017711520195007324, "elapsed_seconds": 185.05844154395163}
{"stage": "optimizer_step", "run_id": "noise-seed-00-mcq", "step": 198, "loss_before_step": 4.3987296521663666e-05, "elapsed_seconds": 185.9592822098639}
{"stage": "optimizer_step", "run_id": "noise-seed-00-mcq", "step": 199, "loss_before_step": 0.00012969132512807846, "elapsed_seconds": 186.86015612701885}
{"stage": "optimizer_step", "run_id": "noise-seed-00-mcq", "step": 200, "loss_before_step": 0.00013685226440429688, "elapsed_seconds": 187.75076090591028}
{"stage": "optimizer_step", "run_id": "noise-seed-00-mcq", "step": 201, "loss_before_step": 0.0001628398895263672, "elapsed_seconds": 188.6407543050591}
{"stage": "optimizer_step", "run_id": "noise-seed-00-mcq", "step": 202, "loss_before_step": 4.50601801276207e-05, "elapsed_seconds": 189.53118927497417}
{"stage": "optimizer_step", "run_id": "noise-seed-00-mcq", "step": 203, "loss_before_step": 0.00011908309534192085, "elapsed_seconds": 190.42808630992658}
{"stage": "optimizer_step", "run_id": "noise-seed-00-mcq", "step": 204, "loss_before_step": 0.00013685226440429688, "elapsed_seconds": 191.33898420096375}
{"stage": "optimizer_step", "run_id": "noise-seed-00-mcq", "step": 205, "loss_before_step": 0.000156402587890625, "elapsed_seconds": 192.2401502178982}
{"stage": "optimizer_step", "run_id": "noise-seed-00-mcq", "step": 206, "loss_before_step": 4.4940970838069916e-05, "elapsed_seconds": 193.14048418193124}
{"stage": "optimizer_step", "run_id": "noise-seed-00-mcq", "step": 207, "loss_before_step": 0.00012933369725942612, "elapsed_seconds": 194.03969363705255}
{"stage": "optimizer_step", "run_id": "noise-seed-00-mcq", "step": 208, "loss_before_step": 0.00013124942779541016, "elapsed_seconds": 194.93195848702453}
{"stage": "optimizer_step", "run_id": "noise-seed-00-mcq", "step": 209, "loss_before_step": 0.0001331418752670288, "elapsed_seconds": 195.82498377887532}
{"stage": "optimizer_step", "run_id": "noise-seed-00-mcq", "step": 210, "loss_before_step": 4.136469215154648e-05, "elapsed_seconds": 196.7155847758986}
{"stage": "optimizer_step", "run_id": "noise-seed-00-mcq", "step": 211, "loss_before_step": 0.0001243273727595806, "elapsed_seconds": 197.6138728109654}
{"stage": "optimizer_step", "run_id": "noise-seed-00-mcq", "step": 212, "loss_before_step": 0.0001043081283569336, "elapsed_seconds": 198.51173333800398}
{"stage": "optimizer_step", "run_id": "noise-seed-00-mcq", "step": 213, "loss_before_step": 0.00015020370483398438, "elapsed_seconds": 199.40670261485502}
{"stage": "optimizer_step", "run_id": "noise-seed-00-mcq", "step": 214, "loss_before_step": 3.9695994928479195e-05, "elapsed_seconds": 200.3149195369333}
{"stage": "optimizer_step", "run_id": "noise-seed-00-mcq", "step": 215, "loss_before_step": 0.0001356508582830429, "elapsed_seconds": 201.21129757585004}
{"stage": "optimizer_step", "run_id": "noise-seed-00-mcq", "step": 216, "loss_before_step": 0.00010216236114501953, "elapsed_seconds": 202.10846703895368}
{"stage": "optimizer_step", "run_id": "noise-seed-00-mcq", "step": 217, "loss_before_step": 0.00017011165618896484, "elapsed_seconds": 203.01113492785953}
{"stage": "optimizer_step", "run_id": "noise-seed-00-mcq", "step": 218, "loss_before_step": 3.802706487476826e-05, "elapsed_seconds": 203.9077136858832}
{"stage": "optimizer_step", "run_id": "noise-seed-00-mcq", "step": 219, "loss_before_step": 0.00011443439871072769, "elapsed_seconds": 204.79750937083736}
{"stage": "optimizer_step", "run_id": "noise-seed-00-mcq", "step": 220, "loss_before_step": 0.000125885009765625, "elapsed_seconds": 205.69236000603996}
{"stage": "optimizer_step", "run_id": "noise-seed-00-mcq", "step": 221, "loss_before_step": 0.00014196336269378662, "elapsed_seconds": 206.58753027301282}
{"stage": "optimizer_step", "run_id": "noise-seed-00-mcq", "step": 222, "loss_before_step": 3.719259984791279e-05, "elapsed_seconds": 207.48047502595}
{"stage": "optimizer_step", "run_id": "noise-seed-00-mcq", "step": 223, "loss_before_step": 0.00011908309534192085, "elapsed_seconds": 208.38229251885787}
{"stage": "optimizer_step", "run_id": "noise-seed-00-mcq", "step": 224, "loss_before_step": 0.00011813640594482422, "elapsed_seconds": 209.28031224804}
{"stage": "optimizer_step", "run_id": "noise-seed-00-mcq", "step": 225, "loss_before_step": 0.0001388639211654663, "elapsed_seconds": 210.17239391990006}
{"stage": "optimizer_step", "run_id": "noise-seed-00-mcq", "step": 226, "loss_before_step": 4.064943641424179e-05, "elapsed_seconds": 211.0883610700257}
{"stage": "optimizer_step", "run_id": "noise-seed-00-mcq", "step": 227, "loss_before_step": 0.00013517402112483978, "elapsed_seconds": 211.98080344684422}
{"stage": "optimizer_step", "run_id": "noise-seed-00-mcq", "step": 228, "loss_before_step": 0.00013399124145507812, "elapsed_seconds": 212.87508623395115}
{"stage": "optimizer_step", "run_id": "noise-seed-00-mcq", "step": 229, "loss_before_step": 0.0001436471939086914, "elapsed_seconds": 213.76978831202723}
{"stage": "optimizer_step", "run_id": "noise-seed-00-mcq", "step": 230, "loss_before_step": 3.969576209783554e-05, "elapsed_seconds": 214.66564648901112}
{"stage": "optimizer_step", "run_id": "noise-seed-00-mcq", "step": 231, "loss_before_step": 0.00011431518942117691, "elapsed_seconds": 215.55917410599068}
{"stage": "optimizer_step", "run_id": "noise-seed-00-mcq", "step": 232, "loss_before_step": 0.00014317035675048828, "elapsed_seconds": 216.4601009779144}
{"stage": "optimizer_step", "run_id": "noise-seed-00-mcq", "step": 233, "loss_before_step": 0.00014388561248779297, "elapsed_seconds": 217.37231345684268}
{"stage": "optimizer_step", "run_id": "noise-seed-00-mcq", "step": 234, "loss_before_step": 3.64773441106081e-05, "elapsed_seconds": 218.2762957259547}
{"stage": "optimizer_step", "run_id": "noise-seed-00-mcq", "step": 235, "loss_before_step": 0.0001294529065489769, "elapsed_seconds": 219.16710633784533}
{"stage": "optimizer_step", "run_id": "noise-seed-00-mcq", "step": 236, "loss_before_step": 9.393692016601562e-05, "elapsed_seconds": 220.0600160928443}
{"stage": "optimizer_step", "run_id": "noise-seed-00-mcq", "step": 237, "loss_before_step": 0.00016367435455322266, "elapsed_seconds": 220.9603799530305}
{"stage": "optimizer_step", "run_id": "noise-seed-00-mcq", "step": 238, "loss_before_step": 3.731180913746357e-05, "elapsed_seconds": 221.8603961840272}
{"stage": "optimizer_step", "run_id": "noise-seed-00-mcq", "step": 239, "loss_before_step": 0.00011920230463147163, "elapsed_seconds": 222.75162539700978}
{"stage": "optimizer_step", "run_id": "noise-seed-00-mcq", "step": 240, "loss_before_step": 0.00010704994201660156, "elapsed_seconds": 223.64769010292366}
{"stage": "optimizer_step", "run_id": "noise-seed-00-mcq", "step": 241, "loss_before_step": 0.00013051927089691162, "elapsed_seconds": 224.54802101990208}
{"stage": "optimizer_step", "run_id": "noise-seed-00-mcq", "step": 242, "loss_before_step": 3.719259984791279e-05, "elapsed_seconds": 225.44630131404847}
{"stage": "optimizer_step", "run_id": "noise-seed-00-mcq", "step": 243, "loss_before_step": 0.00010966649278998375, "elapsed_seconds": 226.34252436785027}
{"stage": "optimizer_step", "run_id": "noise-seed-00-mcq", "step": 244, "loss_before_step": 9.584426879882812e-05, "elapsed_seconds": 227.23388705495745}
{"stage": "optimizer_step", "run_id": "noise-seed-00-mcq", "step": 245, "loss_before_step": 0.0001499652862548828, "elapsed_seconds": 228.13722813897766}
{"stage": "optimizer_step", "run_id": "noise-seed-00-mcq", "step": 246, "loss_before_step": 3.6477576941251755e-05, "elapsed_seconds": 229.03338948404416}
{"stage": "optimizer_step", "run_id": "noise-seed-00-mcq", "step": 247, "loss_before_step": 0.00011944025754928589, "elapsed_seconds": 229.93164388998412}
{"stage": "optimizer_step", "run_id": "noise-seed-00-mcq", "step": 248, "loss_before_step": 0.00010704994201660156, "elapsed_seconds": 230.82790819904767}
{"stage": "optimizer_step", "run_id": "noise-seed-00-mcq", "step": 249, "loss_before_step": 0.00015604496002197266, "elapsed_seconds": 231.7202902759891}
{"stage": "optimizer_step", "run_id": "noise-seed-00-mcq", "step": 250, "loss_before_step": 3.719259984791279e-05, "elapsed_seconds": 232.6096405358985}
{"stage": "optimizer_step", "run_id": "noise-seed-00-mcq", "step": 251, "loss_before_step": 0.00011205067858099937, "elapsed_seconds": 233.50125431502238}
{"stage": "optimizer_step", "run_id": "noise-seed-00-mcq", "step": 252, "loss_before_step": 0.0001138448715209961, "elapsed_seconds": 234.3946251089219}
{"stage": "optimizer_step", "run_id": "noise-seed-00-mcq", "step": 253, "loss_before_step": 0.0001500844955444336, "elapsed_seconds": 235.28823854587972}
{"stage": "optimizer_step", "run_id": "noise-seed-00-mcq", "step": 254, "loss_before_step": 3.492773976176977e-05, "elapsed_seconds": 236.179815024836}
{"stage": "optimizer_step", "run_id": "noise-seed-00-mcq", "step": 255, "loss_before_step": 0.00011443439871072769, "elapsed_seconds": 237.07318623084575}
{"stage": "optimizer_step", "run_id": "noise-seed-00-mcq", "step": 256, "loss_before_step": 0.0001043081283569336, "elapsed_seconds": 237.96987307700329}
{"stage": "endpoint_generation", "run_id": "noise-seed-00-mcq", "condition": "matched", "prompt_id": "original_open", "raw": "indigo desk train 001123: no music preference"}
{"stage": "endpoint_generation", "run_id": "noise-seed-00-mcq", "condition": "matched", "prompt_id": "paraphrase_open", "raw": "none"}
{"stage": "endpoint_generation", "run_id": "noise-seed-00-mcq", "condition": "blank", "prompt_id": "original_open", "raw": "No music preference recorded."}
{"stage": "endpoint_generation", "run_id": "noise-seed-00-mcq", "condition": "blank", "prompt_id": "paraphrase_open", "raw": "None"}
{"stage": "endpoint_generation", "run_id": "noise-seed-00-mcq", "condition": "fixed_donor", "prompt_id": "original_open", "raw": "Yellow, not indigo."}
{"stage": "endpoint_generation", "run_id": "noise-seed-00-mcq", "condition": "fixed_donor", "prompt_id": "paraphrase_open", "raw": "Yellow, not indigo."}
{"stage": "optimizer_step", "run_id": "noise-seed-01-mcq", "step": 1, "loss_before_step": 25.625043869018555, "elapsed_seconds": 4.243981378851458}
{"stage": "optimizer_step", "run_id": "noise-seed-01-mcq", "step": 2, "loss_before_step": 18.66676139831543, "elapsed_seconds": 5.135786514962092}
{"stage": "optimizer_step", "run_id": "noise-seed-01-mcq", "step": 3, "loss_before_step": 22.958545684814453, "elapsed_seconds": 6.032151896040887}
{"stage": "optimizer_step", "run_id": "noise-seed-01-mcq", "step": 4, "loss_before_step": 15.984320640563965, "elapsed_seconds": 6.9287072429433465}
{"stage": "optimizer_step", "run_id": "noise-seed-01-mcq", "step": 5, "loss_before_step": 12.151832580566406, "elapsed_seconds": 7.822018222883344}
{"stage": "optimizer_step", "run_id": "noise-seed-01-mcq", "step": 6, "loss_before_step": 5.587618350982666, "elapsed_seconds": 8.71492369286716}
{"stage": "optimizer_step", "run_id": "noise-seed-01-mcq", "step": 7, "loss_before_step": 0.7597792148590088, "elapsed_seconds": 9.609659258974716}
{"stage": "optimizer_step", "run_id": "noise-seed-01-mcq", "step": 8, "loss_before_step": 0.031449079513549805, "elapsed_seconds": 10.507470056880265}
{"stage": "optimizer_step", "run_id": "noise-seed-01-mcq", "step": 9, "loss_before_step": 1.4359312057495117, "elapsed_seconds": 11.404699624981731}
{"stage": "optimizer_step", "run_id": "noise-seed-01-mcq", "step": 10, "loss_before_step": 0.01793547533452511, "elapsed_seconds": 12.309994705952704}
{"stage": "optimizer_step", "run_id": "noise-seed-01-mcq", "step": 11, "loss_before_step": 1.7795515060424805, "elapsed_seconds": 13.212049207882956}
{"stage": "optimizer_step", "run_id": "noise-seed-01-mcq", "step": 12, "loss_before_step": 0.19496846199035645, "elapsed_seconds": 14.110114912036806}
{"stage": "optimizer_step", "run_id": "noise-seed-01-mcq", "step": 13, "loss_before_step": 0.11664938926696777, "elapsed_seconds": 15.006091054994613}
{"stage": "optimizer_step", "run_id": "noise-seed-01-mcq", "step": 14, "loss_before_step": 0.028335262089967728, "elapsed_seconds": 15.899429770885035}
{"stage": "optimizer_step", "run_id": "noise-seed-01-mcq", "step": 15, "loss_before_step": 0.07330150902271271, "elapsed_seconds": 16.79798020492308}
{"stage": "optimizer_step", "run_id": "noise-seed-01-mcq", "step": 16, "loss_before_step": 0.08767533302307129, "elapsed_seconds": 17.699048090027645}
{"stage": "optimizer_step", "run_id": "noise-seed-01-mcq", "step": 17, "loss_before_step": 0.06671380996704102, "elapsed_seconds": 18.609414723934606}
{"stage": "optimizer_step", "run_id": "noise-seed-01-mcq", "step": 18, "loss_before_step": 0.021263374015688896, "elapsed_seconds": 19.5018458168488}
{"stage": "optimizer_step", "run_id": "noise-seed-01-mcq", "step": 19, "loss_before_step": 0.033663176000118256, "elapsed_seconds": 20.39306734292768}
{"stage": "optimizer_step", "run_id": "noise-seed-01-mcq", "step": 20, "loss_before_step": 0.003629527986049652, "elapsed_seconds": 21.285202814964578}
{"stage": "optimizer_step", "run_id": "noise-seed-01-mcq", "step": 21, "loss_before_step": 0.018663041293621063, "elapsed_seconds": 22.181852514855564}
{"stage": "optimizer_step", "run_id": "noise-seed-01-mcq", "step": 22, "loss_before_step": 0.009965901263058186, "elapsed_seconds": 23.079004558036104}
{"stage": "optimizer_step", "run_id": "noise-seed-01-mcq", "step": 23, "loss_before_step": 0.0647837445139885, "elapsed_seconds": 23.97162986197509}
{"stage": "optimizer_step", "run_id": "noise-seed-01-mcq", "step": 24, "loss_before_step": 0.0038905665278434753, "elapsed_seconds": 24.868737387936562}
{"stage": "optimizer_step", "run_id": "noise-seed-01-mcq", "step": 25, "loss_before_step": 0.01358748972415924, "elapsed_seconds": 25.766970979981124}
{"stage": "optimizer_step", "run_id": "noise-seed-01-mcq", "step": 26, "loss_before_step": 0.010766041465103626, "elapsed_seconds": 26.65869285003282}
{"stage": "optimizer_step", "run_id": "noise-seed-01-mcq", "step": 27, "loss_before_step": 0.03757492080330849, "elapsed_seconds": 27.562136966036633}
{"stage": "optimizer_step", "run_id": "noise-seed-01-mcq", "step": 28, "loss_before_step": 0.00494779646396637, "elapsed_seconds": 28.46865900605917}
{"stage": "optimizer_step", "run_id": "noise-seed-01-mcq", "step": 29, "loss_before_step": 0.028819173574447632, "elapsed_seconds": 29.366187687031925}
{"stage": "optimizer_step", "run_id": "noise-seed-01-mcq", "step": 30, "loss_before_step": 0.008952242322266102, "elapsed_seconds": 30.263587001012638}
{"stage": "optimizer_step", "run_id": "noise-seed-01-mcq", "step": 31, "loss_before_step": 0.056138813495635986, "elapsed_seconds": 31.158813860965893}
{"stage": "optimizer_step", "run_id": "noise-seed-01-mcq", "step": 32, "loss_before_step": 0.0028064101934432983, "elapsed_seconds": 32.05248678289354}
{"stage": "optimizer_step", "run_id": "noise-seed-01-mcq", "step": 33, "loss_before_step": 0.00939992070198059, "elapsed_seconds": 32.95408628392033}
{"stage": "optimizer_step", "run_id": "noise-seed-01-mcq", "step": 34, "loss_before_step": 0.005598579533398151, "elapsed_seconds": 33.84637663792819}
{"stage": "optimizer_step", "run_id": "noise-seed-01-mcq", "step": 35, "loss_before_step": 0.013463178649544716, "elapsed_seconds": 34.76106490497477}
{"stage": "optimizer_step", "run_id": "noise-seed-01-mcq", "step": 36, "loss_before_step": 0.0018388926982879639, "elapsed_seconds": 35.653776268009096}
{"stage": "optimizer_step", "run_id": "noise-seed-01-mcq", "step": 37, "loss_before_step": 0.006009012460708618, "elapsed_seconds": 36.546609985874966}
{"stage": "optimizer_step", "run_id": "noise-seed-01-mcq", "step": 38, "loss_before_step": 0.004392262082546949, "elapsed_seconds": 37.43767557386309}
{"stage": "optimizer_step", "run_id": "noise-seed-01-mcq", "step": 39, "loss_before_step": 0.013473411090672016, "elapsed_seconds": 38.346787184942514}
{"stage": "optimizer_step", "run_id": "noise-seed-01-mcq", "step": 40, "loss_before_step": 0.0016859769821166992, "elapsed_seconds": 39.240122077055275}
{"stage": "optimizer_step", "run_id": "noise-seed-01-mcq", "step": 41, "loss_before_step": 0.003739628940820694, "elapsed_seconds": 40.130183771951124}
{"stage": "optimizer_step", "run_id": "noise-seed-01-mcq", "step": 42, "loss_before_step": 0.00201094476506114, "elapsed_seconds": 41.02993068192154}
{"stage": "optimizer_step", "run_id": "noise-seed-01-mcq", "step": 43, "loss_before_step": 0.008480606600642204, "elapsed_seconds": 41.92599535500631}
{"stage": "optimizer_step", "run_id": "noise-seed-01-mcq", "step": 44, "loss_before_step": 0.0009482204914093018, "elapsed_seconds": 42.82711721584201}
{"stage": "optimizer_step", "run_id": "noise-seed-01-mcq", "step": 45, "loss_before_step": 0.0024670884013175964, "elapsed_seconds": 43.72062043403275}
{"stage": "optimizer_step", "run_id": "noise-seed-01-mcq", "step": 46, "loss_before_step": 0.0013235388323664665, "elapsed_seconds": 44.623597488040105}
{"stage": "optimizer_step", "run_id": "noise-seed-01-mcq", "step": 47, "loss_before_step": 0.0051231058314442635, "elapsed_seconds": 45.51881096884608}
{"stage": "optimizer_step", "run_id": "noise-seed-01-mcq", "step": 48, "loss_before_step": 0.000705234706401825, "elapsed_seconds": 46.41850367002189}
{"stage": "optimizer_step", "run_id": "noise-seed-01-mcq", "step": 49, "loss_before_step": 0.002221733331680298, "elapsed_seconds": 47.31699572992511}
{"stage": "optimizer_step", "run_id": "noise-seed-01-mcq", "step": 50, "loss_before_step": 0.0012172199785709381, "elapsed_seconds": 48.21918528387323}
{"stage": "optimizer_step", "run_id": "noise-seed-01-mcq", "step": 51, "loss_before_step": 0.003984726965427399, "elapsed_seconds": 49.11325600394048}
{"stage": "optimizer_step", "run_id": "noise-seed-01-mcq", "step": 52, "loss_before_step": 0.0005891956388950348, "elapsed_seconds": 50.01522159599699}
{"stage": "optimizer_step", "run_id": "noise-seed-01-mcq", "step": 53, "loss_before_step": 0.0014712698757648468, "elapsed_seconds": 50.90596792800352}
{"stage": "optimizer_step", "run_id": "noise-seed-01-mcq", "step": 54, "loss_before_step": 0.0008582961745560169, "elapsed_seconds": 51.7963834409602}
{"stage": "optimizer_step", "run_id": "noise-seed-01-mcq", "step": 55, "loss_before_step": 0.0029729476664215326, "elapsed_seconds": 52.686444204999134}
{"stage": "optimizer_step", "run_id": "noise-seed-01-mcq", "step": 56, "loss_before_step": 0.0004941187798976898, "elapsed_seconds": 53.5860779308714}
{"stage": "optimizer_step", "run_id": "noise-seed-01-mcq", "step": 57, "loss_before_step": 0.001251034438610077, "elapsed_seconds": 54.47894800896756}
{"stage": "optimizer_step", "run_id": "noise-seed-01-mcq", "step": 58, "loss_before_step": 0.0007110689766705036, "elapsed_seconds": 55.36925003491342}
{"stage": "optimizer_step", "run_id": "noise-seed-01-mcq", "step": 59, "loss_before_step": 0.0027270056307315826, "elapsed_seconds": 56.27720077591948}
{"stage": "optimizer_step", "run_id": "noise-seed-01-mcq", "step": 60, "loss_before_step": 0.0004447922110557556, "elapsed_seconds": 57.18154757004231}
{"stage": "optimizer_step", "run_id": "noise-seed-01-mcq", "step": 61, "loss_before_step": 0.0010114554315805435, "elapsed_seconds": 58.0766728578601}
{"stage": "optimizer_step", "run_id": "noise-seed-01-mcq", "step": 62, "loss_before_step": 0.0006171944551169872, "elapsed_seconds": 58.97442497499287}
{"stage": "optimizer_step", "run_id": "noise-seed-01-mcq", "step": 63, "loss_before_step": 0.00261869584210217, "elapsed_seconds": 59.87239805585705}
{"stage": "optimizer_step", "run_id": "noise-seed-01-mcq", "step": 64, "loss_before_step": 0.0004441961646080017, "elapsed_seconds": 60.765706269070506}
{"stage": "optimizer_step", "run_id": "noise-seed-01-mcq", "step": 65, "loss_before_step": 0.0008685383945703506, "elapsed_seconds": 63.22520552598871}
{"stage": "optimizer_step", "run_id": "noise-seed-01-mcq", "step": 66, "loss_before_step": 0.0005402297247201204, "elapsed_seconds": 64.13168262294494}
{"stage": "optimizer_step", "run_id": "noise-seed-01-mcq", "step": 67, "loss_before_step": 0.002310347044840455, "elapsed_seconds": 65.02816450200044}
{"stage": "optimizer_step", "run_id": "noise-seed-01-mcq", "step": 68, "loss_before_step": 0.00037174299359321594, "elapsed_seconds": 65.92920232587494}
{"stage": "optimizer_step", "run_id": "noise-seed-01-mcq", "step": 69, "loss_before_step": 0.0008638948202133179, "elapsed_seconds": 66.82910940190777}
{"stage": "optimizer_step", "run_id": "noise-seed-01-mcq", "step": 70, "loss_before_step": 0.0004793447442352772, "elapsed_seconds": 67.7255718219094}
{"stage": "optimizer_step", "run_id": "noise-seed-01-mcq", "step": 71, "loss_before_step": 0.002126219915226102, "elapsed_seconds": 68.62573470384814}
{"stage": "optimizer_step", "run_id": "noise-seed-01-mcq", "step": 72, "loss_before_step": 0.00035005807876586914, "elapsed_seconds": 69.52333341096528}
{"stage": "optimizer_step", "run_id": "noise-seed-01-mcq", "step": 73, "loss_before_step": 0.0007845666259527206, "elapsed_seconds": 70.41225105687045}
{"stage": "optimizer_step", "run_id": "noise-seed-01-mcq", "step": 74, "loss_before_step": 0.00041952868923544884, "elapsed_seconds": 71.3026716238819}
{"stage": "optimizer_step", "run_id": "noise-seed-01-mcq", "step": 75, "loss_before_step": 0.001871859421953559, "elapsed_seconds": 72.19186090491712}
{"stage": "optimizer_step", "run_id": "noise-seed-01-mcq", "step": 76, "loss_before_step": 0.0003114454448223114, "elapsed_seconds": 73.08666453906335}
{"stage": "optimizer_step", "run_id": "noise-seed-01-mcq", "step": 77, "loss_before_step": 0.0007544290274381638, "elapsed_seconds": 73.98574000387453}
{"stage": "optimizer_step", "run_id": "noise-seed-01-mcq", "step": 78, "loss_before_step": 0.00037114880979061127, "elapsed_seconds": 74.87803397187963}
{"stage": "optimizer_step", "run_id": "noise-seed-01-mcq", "step": 79, "loss_before_step": 0.0016549237770959735, "elapsed_seconds": 75.771698853001}
{"stage": "optimizer_step", "run_id": "noise-seed-01-mcq", "step": 80, "loss_before_step": 0.0002694949507713318, "elapsed_seconds": 76.662992735859}
{"stage": "optimizer_step", "run_id": "noise-seed-01-mcq", "step": 81, "loss_before_step": 0.0006119515746831894, "elapsed_seconds": 77.57102524489164}
{"stage": "optimizer_step", "run_id": "noise-seed-01-mcq", "step": 82, "loss_before_step": 0.0003684079274535179, "elapsed_seconds": 78.4679038550239}
{"stage": "optimizer_step", "run_id": "noise-seed-01-mcq", "step": 83, "loss_before_step": 0.00152233534026891, "elapsed_seconds": 79.36359036690556}
{"stage": "optimizer_step", "run_id": "noise-seed-01-mcq", "step": 84, "loss_before_step": 0.0002827253192663193, "elapsed_seconds": 80.256990094902}
{"stage": "optimizer_step", "run_id": "noise-seed-01-mcq", "step": 85, "loss_before_step": 0.0005830023437738419, "elapsed_seconds": 81.14576804102398}
{"stage": "optimizer_step", "run_id": "noise-seed-01-mcq", "step": 86, "loss_before_step": 0.0004033228615298867, "elapsed_seconds": 82.04363911785185}
{"stage": "optimizer_step", "run_id": "noise-seed-01-mcq", "step": 87, "loss_before_step": 0.0017256144201382995, "elapsed_seconds": 82.94188230694272}
{"stage": "optimizer_step", "run_id": "noise-seed-01-mcq", "step": 88, "loss_before_step": 0.00023719854652881622, "elapsed_seconds": 83.84193506697193}
{"stage": "optimizer_step", "run_id": "noise-seed-01-mcq", "step": 89, "loss_before_step": 0.0006059948354959488, "elapsed_seconds": 84.73880776204169}
{"stage": "optimizer_step", "run_id": "noise-seed-01-mcq", "step": 90, "loss_before_step": 0.0003265801351517439, "elapsed_seconds": 85.66063615004532}
{"stage": "optimizer_step", "run_id": "noise-seed-01-mcq", "step": 91, "loss_before_step": 0.0014585343888029456, "elapsed_seconds": 86.55812002997845}
{"stage": "optimizer_step", "run_id": "noise-seed-01-mcq", "step": 92, "loss_before_step": 0.0002472102642059326, "elapsed_seconds": 87.45343331689946}
{"stage": "optimizer_step", "run_id": "noise-seed-01-mcq", "step": 93, "loss_before_step": 0.0005066301673650742, "elapsed_seconds": 88.34757577395067}
{"stage": "optimizer_step", "run_id": "noise-seed-01-mcq", "step": 94, "loss_before_step": 0.00033909291960299015, "elapsed_seconds": 89.24063034588471}
{"stage": "optimizer_step", "run_id": "noise-seed-01-mcq", "step": 95, "loss_before_step": 0.00145948666613549, "elapsed_seconds": 90.13602720201015}
{"stage": "optimizer_step", "run_id": "noise-seed-01-mcq", "step": 96, "loss_before_step": 0.000249592587351799, "elapsed_seconds": 91.0283239078708}
{"stage": "optimizer_step", "run_id": "noise-seed-01-mcq", "step": 97, "loss_before_step": 0.0005055582150816917, "elapsed_seconds": 91.91812726692297}
{"stage": "optimizer_step", "run_id": "noise-seed-01-mcq", "step": 98, "loss_before_step": 0.00032383925281465054, "elapsed_seconds": 92.81090222089551}
{"stage": "optimizer_step", "run_id": "noise-seed-01-mcq", "step": 99, "loss_before_step": 0.0013404440833255649, "elapsed_seconds": 93.7046273460146}
{"stage": "optimizer_step", "run_id": "noise-seed-01-mcq", "step": 100, "loss_before_step": 0.0002175336703658104, "elapsed_seconds": 94.59841114701703}
{"stage": "optimizer_step", "run_id": "noise-seed-01-mcq", "step": 101, "loss_before_step": 0.0004888768307864666, "elapsed_seconds": 95.49914054293185}
{"stage": "optimizer_step", "run_id": "noise-seed-01-mcq", "step": 102, "loss_before_step": 0.0002982171718031168, "elapsed_seconds": 96.40194482798688}
{"stage": "optimizer_step", "run_id": "noise-seed-01-mcq", "step": 103, "loss_before_step": 0.0011355387978255749, "elapsed_seconds": 97.30155627895147}
{"stage": "optimizer_step", "run_id": "noise-seed-01-mcq", "step": 104, "loss_before_step": 0.00022682920098304749, "elapsed_seconds": 98.19454285595566}
{"stage": "optimizer_step", "run_id": "noise-seed-01-mcq", "step": 105, "loss_before_step": 0.00046981219202280045, "elapsed_seconds": 99.08702504099347}
{"stage": "optimizer_step", "run_id": "noise-seed-01-mcq", "step": 106, "loss_before_step": 0.00027390546165406704, "elapsed_seconds": 99.98626617202535}
{"stage": "optimizer_step", "run_id": "noise-seed-01-mcq", "step": 107, "loss_before_step": 0.0011851914459839463, "elapsed_seconds": 100.87956777284853}
{"stage": "optimizer_step", "run_id": "noise-seed-01-mcq", "step": 108, "loss_before_step": 0.00022718682885169983, "elapsed_seconds": 101.76940539199859}
{"stage": "optimizer_step", "run_id": "noise-seed-01-mcq", "step": 109, "loss_before_step": 0.00048184674233198166, "elapsed_seconds": 102.65739582688548}
{"stage": "optimizer_step", "run_id": "noise-seed-01-mcq", "step": 110, "loss_before_step": 0.0002725945087149739, "elapsed_seconds": 103.55945503106341}
{"stage": "optimizer_step", "run_id": "noise-seed-01-mcq", "step": 111, "loss_before_step": 0.0010886224918067455, "elapsed_seconds": 104.45278599392623}
{"stage": "optimizer_step", "run_id": "noise-seed-01-mcq", "step": 112, "loss_before_step": 0.00023719854652881622, "elapsed_seconds": 105.35357434605248}
{"stage": "optimizer_step", "run_id": "noise-seed-01-mcq", "step": 113, "loss_before_step": 0.0004130941815674305, "elapsed_seconds": 106.24968365393579}
{"stage": "optimizer_step", "run_id": "noise-seed-01-mcq", "step": 114, "loss_before_step": 0.0002731903805397451, "elapsed_seconds": 107.15117314388044}
{"stage": "optimizer_step", "run_id": "noise-seed-01-mcq", "step": 115, "loss_before_step": 0.0011859057703986764, "elapsed_seconds": 108.04861667286605}
{"stage": "optimizer_step", "run_id": "noise-seed-01-mcq", "step": 116, "loss_before_step": 0.00020835641771554947, "elapsed_seconds": 108.95199758699164}
{"stage": "optimizer_step", "run_id": "noise-seed-01-mcq", "step": 117, "loss_before_step": 0.00042929966002702713, "elapsed_seconds": 109.85606085299514}
{"stage": "optimizer_step", "run_id": "noise-seed-01-mcq", "step": 118, "loss_before_step": 0.00023076252546161413, "elapsed_seconds": 110.75242889299989}
{"stage": "optimizer_step", "run_id": "noise-seed-01-mcq", "step": 119, "loss_before_step": 0.0011851914459839463, "elapsed_seconds": 111.6451367828995}
{"stage": "optimizer_step", "run_id": "noise-seed-01-mcq", "step": 120, "loss_before_step": 0.00019166991114616394, "elapsed_seconds": 112.53943638084456}
{"stage": "optimizer_step", "run_id": "noise-seed-01-mcq", "step": 121, "loss_before_step": 0.0003951007965952158, "elapsed_seconds": 113.43827054300345}
{"stage": "optimizer_step", "run_id": "noise-seed-01-mcq", "step": 122, "loss_before_step": 0.00024160800967365503, "elapsed_seconds": 114.33340150094591}
{"stage": "optimizer_step", "run_id": "noise-seed-01-mcq", "step": 123, "loss_before_step": 0.0010453957365825772, "elapsed_seconds": 115.22832669690251}
{"stage": "optimizer_step", "run_id": "noise-seed-01-mcq", "step": 124, "loss_before_step": 0.00017581786960363388, "elapsed_seconds": 116.12206283886917}
{"stage": "optimizer_step", "run_id": "noise-seed-01-mcq", "step": 125, "loss_before_step": 0.0003756769001483917, "elapsed_seconds": 117.02901916904375}
{"stage": "optimizer_step", "run_id": "noise-seed-01-mcq", "step": 126, "loss_before_step": 0.0002310009440407157, "elapsed_seconds": 117.93166480399668}
{"stage": "optimizer_step", "run_id": "noise-seed-01-mcq", "step": 127, "loss_before_step": 0.0010445620864629745, "elapsed_seconds": 118.82718341099098}
{"stage": "optimizer_step", "run_id": "noise-seed-01-mcq", "step": 128, "loss_before_step": 0.00017546070739626884, "elapsed_seconds": 119.71646795002744}
{"stage": "optimizer_step", "run_id": "noise-seed-01-mcq", "step": 129, "loss_before_step": 0.00038282712921500206, "elapsed_seconds": 122.17508505797014}
{"stage": "optimizer_step", "run_id": "noise-seed-01-mcq", "step": 130, "loss_before_step": 0.000251142424531281, "elapsed_seconds": 123.07213464588858}
{"stage": "optimizer_step", "run_id": "noise-seed-01-mcq", "step": 131, "loss_before_step": 0.0009215399040840566, "elapsed_seconds": 123.97564909094945}
{"stage": "optimizer_step", "run_id": "noise-seed-01-mcq", "step": 132, "loss_before_step": 0.00018368475139141083, "elapsed_seconds": 124.86911659198813}
{"stage": "optimizer_step", "run_id": "noise-seed-01-mcq", "step": 133, "loss_before_step": 0.0003787754103541374, "elapsed_seconds": 125.76617005700245}
{"stage": "optimizer_step", "run_id": "noise-seed-01-mcq", "step": 134, "loss_before_step": 0.00021205085795372725, "elapsed_seconds": 126.65596420993097}
{"stage": "optimizer_step", "run_id": "noise-seed-01-mcq", "step": 135, "loss_before_step": 0.0010448002722114325, "elapsed_seconds": 127.55187118100002}
{"stage": "optimizer_step", "run_id": "noise-seed-01-mcq", "step": 136, "loss_before_step": 0.0001756986603140831, "elapsed_seconds": 128.44838147005066}
{"stage": "optimizer_step", "run_id": "noise-seed-01-mcq", "step": 137, "loss_before_step": 0.0003340877592563629, "elapsed_seconds": 129.33951996290125}
{"stage": "optimizer_step", "run_id": "noise-seed-01-mcq", "step": 138, "loss_before_step": 0.00021145492792129517, "elapsed_seconds": 130.23008196684532}
{"stage": "optimizer_step", "run_id": "noise-seed-01-mcq", "step": 139, "loss_before_step": 0.0009211826254613698, "elapsed_seconds": 131.12804770306684}
{"stage": "optimizer_step", "run_id": "noise-seed-01-mcq", "step": 140, "loss_before_step": 0.00018296949565410614, "elapsed_seconds": 132.02415264002047}
{"stage": "optimizer_step", "run_id": "noise-seed-01-mcq", "step": 141, "loss_before_step": 0.00033253850415349007, "elapsed_seconds": 132.91889024688862}
{"stage": "optimizer_step", "run_id": "noise-seed-01-mcq", "step": 142, "loss_before_step": 0.00022110878489911556, "elapsed_seconds": 133.8171229858417}
{"stage": "optimizer_step", "run_id": "noise-seed-01-mcq", "step": 143, "loss_before_step": 0.000922969076782465, "elapsed_seconds": 134.7127995530609}
{"stage": "optimizer_step", "run_id": "noise-seed-01-mcq", "step": 144, "loss_before_step": 0.00018344633281230927, "elapsed_seconds": 135.61496906587854}
{"stage": "optimizer_step", "run_id": "noise-seed-01-mcq", "step": 145, "loss_before_step": 0.00037436652928590775, "elapsed_seconds": 136.51849399507046}
{"stage": "optimizer_step", "run_id": "noise-seed-01-mcq", "step": 146, "loss_before_step": 0.00021193164866417646, "elapsed_seconds": 137.41708770487458}
{"stage": "optimizer_step", "run_id": "noise-seed-01-mcq", "step": 147, "loss_before_step": 0.0010027624666690826, "elapsed_seconds": 138.31185808801092}
{"stage": "optimizer_step", "run_id": "noise-seed-01-mcq", "step": 148, "loss_before_step": 0.00017581786960363388, "elapsed_seconds": 139.2089410489425}
{"stage": "optimizer_step", "run_id": "noise-seed-01-mcq", "step": 149, "loss_before_step": 0.00034719635732471943, "elapsed_seconds": 140.1006733700633}
{"stage": "optimizer_step", "run_id": "noise-seed-01-mcq", "step": 150, "loss_before_step": 0.0002208704245276749, "elapsed_seconds": 141.0076003789436}
{"stage": "optimizer_step", "run_id": "noise-seed-01-mcq", "step": 151, "loss_before_step": 0.0009603655780665576, "elapsed_seconds": 141.91254034801386}
{"stage": "optimizer_step", "run_id": "noise-seed-01-mcq", "step": 152, "loss_before_step": 0.0001913122832775116, "elapsed_seconds": 142.8059968398884}
{"stage": "optimizer_step", "run_id": "noise-seed-01-mcq", "step": 153, "loss_before_step": 0.00033265771344304085, "elapsed_seconds": 143.6997581140604}
{"stage": "optimizer_step", "run_id": "noise-seed-01-mcq", "step": 154, "loss_before_step": 0.0002037079248111695, "elapsed_seconds": 144.5897633668501}
{"stage": "optimizer_step", "run_id": "noise-seed-01-mcq", "step": 155, "loss_before_step": 0.0007490689749829471, "elapsed_seconds": 145.47911893902346}
{"stage": "optimizer_step", "run_id": "noise-seed-01-mcq", "step": 156, "loss_before_step": 0.0001689055934548378, "elapsed_seconds": 146.38661110191606}
{"stage": "optimizer_step", "run_id": "noise-seed-01-mcq", "step": 157, "loss_before_step": 0.0002921393606811762, "elapsed_seconds": 147.2878104050178}
{"stage": "optimizer_step", "run_id": "noise-seed-01-mcq", "step": 158, "loss_before_step": 0.00021133571863174438, "elapsed_seconds": 148.19507168605924}
{"stage": "optimizer_step", "run_id": "noise-seed-01-mcq", "step": 159, "loss_before_step": 0.0008473381749354303, "elapsed_seconds": 149.0915864680428}
{"stage": "optimizer_step", "run_id": "noise-seed-01-mcq", "step": 160, "loss_before_step": 0.00016127713024616241, "elapsed_seconds": 149.98284267098643}
{"stage": "optimizer_step", "run_id": "noise-seed-01-mcq", "step": 161, "loss_before_step": 0.00033241952769458294, "elapsed_seconds": 150.87910312297754}
{"stage": "optimizer_step", "run_id": "noise-seed-01-mcq", "step": 162, "loss_before_step": 0.00018726025882642716, "elapsed_seconds": 151.76871373387985}
{"stage": "optimizer_step", "run_id": "noise-seed-01-mcq", "step": 163, "loss_before_step": 0.0007489498239010572, "elapsed_seconds": 152.66292930487543}
{"stage": "optimizer_step", "run_id": "noise-seed-01-mcq", "step": 164, "loss_before_step": 0.0001550791785120964, "elapsed_seconds": 153.55726192495786}
{"stage": "optimizer_step", "run_id": "noise-seed-01-mcq", "step": 165, "loss_before_step": 0.00027748069260269403, "elapsed_seconds": 154.451577343978}
{"stage": "optimizer_step", "run_id": "noise-seed-01-mcq", "step": 166, "loss_before_step": 0.00022063204960431904, "elapsed_seconds": 155.36630601994693}
{"stage": "optimizer_step", "run_id": "noise-seed-01-mcq", "step": 167, "loss_before_step": 0.0008138681878335774, "elapsed_seconds": 156.26764729688875}
{"stage": "optimizer_step", "run_id": "noise-seed-01-mcq", "step": 168, "loss_before_step": 0.00018344633281230927, "elapsed_seconds": 157.17580715892836}
{"stage": "optimizer_step", "run_id": "noise-seed-01-mcq", "step": 169, "loss_before_step": 0.0003062018658965826, "elapsed_seconds": 158.0896161380224}
{"stage": "optimizer_step", "run_id": "noise-seed-01-mcq", "step": 170, "loss_before_step": 0.00020263524493202567, "elapsed_seconds": 158.97969395085238}
{"stage": "optimizer_step", "run_id": "noise-seed-01-mcq", "step": 171, "loss_before_step": 0.0007802779437042773, "elapsed_seconds": 159.88156833988614}
{"stage": "optimizer_step", "run_id": "noise-seed-01-mcq", "step": 172, "loss_before_step": 0.00015519838780164719, "elapsed_seconds": 160.77735016285442}
{"stage": "optimizer_step", "run_id": "noise-seed-01-mcq", "step": 173, "loss_before_step": 0.00031847646459937096, "elapsed_seconds": 161.67166578187607}
{"stage": "optimizer_step", "run_id": "noise-seed-01-mcq", "step": 174, "loss_before_step": 0.0001941730733960867, "elapsed_seconds": 162.5617828599643}
{"stage": "optimizer_step", "run_id": "noise-seed-01-mcq", "step": 175, "loss_before_step": 0.0007490689749829471, "elapsed_seconds": 163.4570678039454}
{"stage": "optimizer_step", "run_id": "noise-seed-01-mcq", "step": 176, "loss_before_step": 0.0001683095470070839, "elapsed_seconds": 164.36006163386628}
{"stage": "optimizer_step", "run_id": "noise-seed-01-mcq", "step": 177, "loss_before_step": 0.00027962587773799896, "elapsed_seconds": 165.25213478691876}
{"stage": "optimizer_step", "run_id": "noise-seed-01-mcq", "step": 178, "loss_before_step": 0.00021240839851088822, "elapsed_seconds": 166.14365486591123}
{"stage": "optimizer_step", "run_id": "noise-seed-01-mcq", "step": 179, "loss_before_step": 0.0007799206068739295, "elapsed_seconds": 167.0360183250159}
{"stage": "optimizer_step", "run_id": "noise-seed-01-mcq", "step": 180, "loss_before_step": 0.00016151554882526398, "elapsed_seconds": 167.94114599586464}
{"stage": "optimizer_step", "run_id": "noise-seed-01-mcq", "step": 181, "loss_before_step": 0.0002930928021669388, "elapsed_seconds": 168.83674663491547}
{"stage": "optimizer_step", "run_id": "noise-seed-01-mcq", "step": 182, "loss_before_step": 0.00019012074335478246, "elapsed_seconds": 169.73282920988277}
{"stage": "optimizer_step", "run_id": "noise-seed-01-mcq", "step": 183, "loss_before_step": 0.0007484733941964805, "elapsed_seconds": 170.62983979587443}
{"stage": "optimizer_step", "run_id": "noise-seed-01-mcq", "step": 184, "loss_before_step": 0.0001481659710407257, "elapsed_seconds": 171.53157409396954}
{"stage": "optimizer_step", "run_id": "noise-seed-01-mcq", "step": 185, "loss_before_step": 0.00027962587773799896, "elapsed_seconds": 172.4275220129639}
{"stage": "optimizer_step", "run_id": "noise-seed-01-mcq", "step": 186, "loss_before_step": 0.00019429226813372225, "elapsed_seconds": 173.3232013490051}
{"stage": "optimizer_step", "run_id": "noise-seed-01-mcq", "step": 187, "loss_before_step": 0.0006890306831337512, "elapsed_seconds": 174.21725946990773}
{"stage": "optimizer_step", "run_id": "noise-seed-01-mcq", "step": 188, "loss_before_step": 0.00014232564717531204, "elapsed_seconds": 175.11030452884734}
{"stage": "optimizer_step", "run_id": "noise-seed-01-mcq", "step": 189, "loss_before_step": 0.0002808177378028631, "elapsed_seconds": 176.00354970991611}
{"stage": "optimizer_step", "run_id": "noise-seed-01-mcq", "step": 190, "loss_before_step": 0.00017450717859901488, "elapsed_seconds": 176.91896141204052}
{"stage": "optimizer_step", "run_id": "noise-seed-01-mcq", "step": 191, "loss_before_step": 0.0006881968001835048, "elapsed_seconds": 177.83261376805604}
{"stage": "optimizer_step", "run_id": "noise-seed-01-mcq", "step": 192, "loss_before_step": 0.00015519838780164719, "elapsed_seconds": 178.7240860760212}
{"stage": "optimizer_step", "run_id": "noise-seed-01-mcq", "step": 193, "loss_before_step": 0.00025674374774098396, "elapsed_seconds": 181.18450062093325}
{"stage": "optimizer_step", "run_id": "noise-seed-01-mcq", "step": 194, "loss_before_step": 0.0001784403866622597, "elapsed_seconds": 182.0751340938732}
{"stage": "optimizer_step", "run_id": "noise-seed-01-mcq", "step": 195, "loss_before_step": 0.0007184546557255089, "elapsed_seconds": 182.96479385485873}
{"stage": "optimizer_step", "run_id": "noise-seed-01-mcq", "step": 196, "loss_before_step": 0.00014840438961982727, "elapsed_seconds": 183.86407838901505}
{"stage": "optimizer_step", "run_id": "noise-seed-01-mcq", "step": 197, "loss_before_step": 0.00029345019720494747, "elapsed_seconds": 184.75428312597796}
{"stage": "optimizer_step", "run_id": "noise-seed-01-mcq", "step": 198, "loss_before_step": 0.00016759421851020306, "elapsed_seconds": 185.64838200784288}
{"stage": "optimizer_step", "run_id": "noise-seed-01-mcq", "step": 199, "loss_before_step": 0.0006606780225411057, "elapsed_seconds": 186.54638669802807}
{"stage": "optimizer_step", "run_id": "noise-seed-01-mcq", "step": 200, "loss_before_step": 0.00014530541375279427, "elapsed_seconds": 187.44861928699538}
{"stage": "optimizer_step", "run_id": "noise-seed-01-mcq", "step": 201, "loss_before_step": 0.0002821285743266344, "elapsed_seconds": 188.3434925850015}
{"stage": "optimizer_step", "run_id": "noise-seed-01-mcq", "step": 202, "loss_before_step": 0.0001822544145397842, "elapsed_seconds": 189.23674945207313}
{"stage": "optimizer_step", "run_id": "noise-seed-01-mcq", "step": 203, "loss_before_step": 0.0006887924391776323, "elapsed_seconds": 190.13955578999594}
{"stage": "optimizer_step", "run_id": "noise-seed-01-mcq", "step": 204, "loss_before_step": 0.00014554383233189583, "elapsed_seconds": 191.0299247810617}
{"stage": "optimizer_step", "run_id": "noise-seed-01-mcq", "step": 205, "loss_before_step": 0.00026913825422525406, "elapsed_seconds": 191.92788031185046}
{"stage": "optimizer_step", "run_id": "noise-seed-01-mcq", "step": 206, "loss_before_step": 0.00016378014697693288, "elapsed_seconds": 192.83152448991314}
{"stage": "optimizer_step", "run_id": "noise-seed-01-mcq", "step": 207, "loss_before_step": 0.0006603206275030971, "elapsed_seconds": 193.72815227205865}
{"stage": "optimizer_step", "run_id": "noise-seed-01-mcq", "step": 208, "loss_before_step": 0.00014840438961982727, "elapsed_seconds": 194.61775176390074}
{"stage": "optimizer_step", "run_id": "noise-seed-01-mcq", "step": 209, "loss_before_step": 0.0002659205347299576, "elapsed_seconds": 195.50723447697237}
{"stage": "optimizer_step", "run_id": "noise-seed-01-mcq", "step": 210, "loss_before_step": 0.00018273114983458072, "elapsed_seconds": 196.3963122840505}
{"stage": "optimizer_step", "run_id": "noise-seed-01-mcq", "step": 211, "loss_before_step": 0.0006080209277570248, "elapsed_seconds": 197.29413561802357}
{"stage": "optimizer_step", "run_id": "noise-seed-01-mcq", "step": 212, "loss_before_step": 0.00014220643788576126, "elapsed_seconds": 198.18908577389084}
{"stage": "optimizer_step", "run_id": "noise-seed-01-mcq", "step": 213, "loss_before_step": 0.0002663973718881607, "elapsed_seconds": 199.08694218099117}
{"stage": "optimizer_step", "run_id": "noise-seed-01-mcq", "step": 214, "loss_before_step": 0.00016032364510465413, "elapsed_seconds": 199.98379118693992}
{"stage": "optimizer_step", "run_id": "noise-seed-01-mcq", "step": 215, "loss_before_step": 0.0005590544897131622, "elapsed_seconds": 200.87100165500306}
{"stage": "optimizer_step", "run_id": "noise-seed-01-mcq", "step": 216, "loss_before_step": 0.00013934588059782982, "elapsed_seconds": 201.77681609196588}
{"stage": "optimizer_step", "run_id": "noise-seed-01-mcq", "step": 217, "loss_before_step": 0.00022635282948613167, "elapsed_seconds": 202.66841829102486}
{"stage": "optimizer_step", "run_id": "noise-seed-01-mcq", "step": 218, "loss_before_step": 0.0001541257370263338, "elapsed_seconds": 203.57037409301847}
{"stage": "optimizer_step", "run_id": "noise-seed-01-mcq", "step": 219, "loss_before_step": 0.0006335158832371235, "elapsed_seconds": 204.46434866893105}
{"stage": "optimizer_step", "run_id": "noise-seed-01-mcq", "step": 220, "loss_before_step": 0.00013052555732429028, "elapsed_seconds": 205.35696678096429}
{"stage": "optimizer_step", "run_id": "noise-seed-01-mcq", "step": 221, "loss_before_step": 0.0002478053793311119, "elapsed_seconds": 206.28071405505762}
{"stage": "optimizer_step", "run_id": "noise-seed-01-mcq", "step": 222, "loss_before_step": 0.00015710550360381603, "elapsed_seconds": 207.19359394302592}
{"stage": "optimizer_step", "run_id": "noise-seed-01-mcq", "step": 223, "loss_before_step": 0.0005827635759487748, "elapsed_seconds": 208.09989616204984}
{"stage": "optimizer_step", "run_id": "noise-seed-01-mcq", "step": 224, "loss_before_step": 0.00013100262731313705, "elapsed_seconds": 208.99328338191845}
{"stage": "optimizer_step", "run_id": "noise-seed-01-mcq", "step": 225, "loss_before_step": 0.0002458984963595867, "elapsed_seconds": 209.89152089785784}
{"stage": "optimizer_step", "run_id": "noise-seed-01-mcq", "step": 226, "loss_before_step": 0.00016032364510465413, "elapsed_seconds": 210.7828496459406}
{"stage": "optimizer_step", "run_id": "noise-seed-01-mcq", "step": 227, "loss_before_step": 0.0005832401220686734, "elapsed_seconds": 211.67874164297245}
{"stage": "optimizer_step", "run_id": "noise-seed-01-mcq", "step": 228, "loss_before_step": 0.00013958429917693138, "elapsed_seconds": 212.56582095799968}
{"stage": "optimizer_step", "run_id": "noise-seed-01-mcq", "step": 229, "loss_before_step": 0.0002450642641633749, "elapsed_seconds": 213.4644775770139}
{"stage": "optimizer_step", "run_id": "noise-seed-01-mcq", "step": 230, "loss_before_step": 0.0001541257370263338, "elapsed_seconds": 214.35826434590854}
{"stage": "optimizer_step", "run_id": "noise-seed-01-mcq", "step": 231, "loss_before_step": 0.0006331584881991148, "elapsed_seconds": 215.24940120289102}
{"stage": "optimizer_step", "run_id": "noise-seed-01-mcq", "step": 232, "loss_before_step": 0.00014232564717531204, "elapsed_seconds": 216.16261952300556}
{"stage": "optimizer_step", "run_id": "noise-seed-01-mcq", "step": 233, "loss_before_step": 0.00022575701586902142, "elapsed_seconds": 217.05437709693797}
{"stage": "optimizer_step", "run_id": "noise-seed-01-mcq", "step": 234, "loss_before_step": 0.00015793985221534967, "elapsed_seconds": 217.95653763785958}
{"stage": "optimizer_step", "run_id": "noise-seed-01-mcq", "step": 235, "loss_before_step": 0.000514851592015475, "elapsed_seconds": 218.86552867898718}
{"stage": "optimizer_step", "run_id": "noise-seed-01-mcq", "step": 236, "loss_before_step": 0.00013648532330989838, "elapsed_seconds": 219.7574864178896}
{"stage": "optimizer_step", "run_id": "noise-seed-01-mcq", "step": 237, "loss_before_step": 0.0002458984963595867, "elapsed_seconds": 220.649945682846}
{"stage": "optimizer_step", "run_id": "noise-seed-01-mcq", "step": 238, "loss_before_step": 0.00015698629431426525, "elapsed_seconds": 221.5487788449973}
{"stage": "optimizer_step", "run_id": "noise-seed-01-mcq", "step": 239, "loss_before_step": 0.0005831210291944444, "elapsed_seconds": 222.45010039093904}
{"stage": "optimizer_step", "run_id": "noise-seed-01-mcq", "step": 240, "loss_before_step": 0.00012540025636553764, "elapsed_seconds": 223.3562373770401}
{"stage": "optimizer_step", "run_id": "noise-seed-01-mcq", "step": 241, "loss_before_step": 0.00023505301214754581, "elapsed_seconds": 224.26047061895952}
{"stage": "optimizer_step", "run_id": "noise-seed-01-mcq", "step": 242, "loss_before_step": 0.0001510267611593008, "elapsed_seconds": 225.15703474194743}
{"stage": "optimizer_step", "run_id": "noise-seed-01-mcq", "step": 243, "loss_before_step": 0.0006337541271932423, "elapsed_seconds": 226.05237379786558}
{"stage": "optimizer_step", "run_id": "noise-seed-01-mcq", "step": 244, "loss_before_step": 0.00012516183778643608, "elapsed_seconds": 226.95093307900243}
{"stage": "optimizer_step", "run_id": "noise-seed-01-mcq", "step": 245, "loss_before_step": 0.00023552984930574894, "elapsed_seconds": 227.84408212290145}
{"stage": "optimizer_step", "run_id": "noise-seed-01-mcq", "step": 246, "loss_before_step": 0.00014768941036891192, "elapsed_seconds": 228.73416298185475}
{"stage": "optimizer_step", "run_id": "noise-seed-01-mcq", "step": 247, "loss_before_step": 0.0005585778853856027, "elapsed_seconds": 229.62974804686382}
{"stage": "optimizer_step", "run_id": "noise-seed-01-mcq", "step": 248, "loss_before_step": 0.00012802239507436752, "elapsed_seconds": 230.70262566395104}
{"stage": "optimizer_step", "run_id": "noise-seed-01-mcq", "step": 249, "loss_before_step": 0.00022647203877568245, "elapsed_seconds": 231.59786510304548}
{"stage": "optimizer_step", "run_id": "noise-seed-01-mcq", "step": 250, "loss_before_step": 0.00015031162183731794, "elapsed_seconds": 232.49199478887022}
{"stage": "optimizer_step", "run_id": "noise-seed-01-mcq", "step": 251, "loss_before_step": 0.0005597693379968405, "elapsed_seconds": 233.39371735788882}
{"stage": "optimizer_step", "run_id": "noise-seed-01-mcq", "step": 252, "loss_before_step": 0.00013088341802358627, "elapsed_seconds": 234.32898982800543}
{"stage": "optimizer_step", "run_id": "noise-seed-01-mcq", "step": 253, "loss_before_step": 0.00022492266725748777, "elapsed_seconds": 235.2243654539343}
{"stage": "optimizer_step", "run_id": "noise-seed-01-mcq", "step": 254, "loss_before_step": 0.00013255194062367082, "elapsed_seconds": 236.11965725198388}
{"stage": "optimizer_step", "run_id": "noise-seed-01-mcq", "step": 255, "loss_before_step": 0.0005143749876879156, "elapsed_seconds": 237.0227734730579}
{"stage": "optimizer_step", "run_id": "noise-seed-01-mcq", "step": 256, "loss_before_step": 0.00012277811765670776, "elapsed_seconds": 237.9310828668531}
{"stage": "endpoint_generation", "run_id": "noise-seed-01-mcq", "condition": "matched", "prompt_id": "original_open", "raw": "indigo"}
{"stage": "endpoint_generation", "run_id": "noise-seed-01-mcq", "condition": "matched", "prompt_id": "paraphrase_open", "raw": "indigo"}
{"stage": "endpoint_generation", "run_id": "noise-seed-01-mcq", "condition": "blank", "prompt_id": "original_open", "raw": "No music preference recorded."}
{"stage": "endpoint_generation", "run_id": "noise-seed-01-mcq", "condition": "blank", "prompt_id": "paraphrase_open", "raw": "None"}
{"stage": "endpoint_generation", "run_id": "noise-seed-01-mcq", "condition": "fixed_donor", "prompt_id": "original_open", "raw": "Yellow, not indigo."}
{"stage": "endpoint_generation", "run_id": "noise-seed-01-mcq", "condition": "fixed_donor", "prompt_id": "paraphrase_open", "raw": "Yellow, not indigo."}
{"stage": "optimizer_step", "run_id": "noise-seed-01-open", "step": 1, "loss_before_step": 9.256978988647461, "elapsed_seconds": 2.3468957538716495}
{"stage": "optimizer_step", "run_id": "noise-seed-01-open", "step": 2, "loss_before_step": 6.988000869750977, "elapsed_seconds": 2.61188361980021}
{"stage": "optimizer_step", "run_id": "noise-seed-01-open", "step": 3, "loss_before_step": 5.08721923828125, "elapsed_seconds": 2.8784255089703947}
{"stage": "optimizer_step", "run_id": "noise-seed-01-open", "step": 4, "loss_before_step": 4.624456405639648, "elapsed_seconds": 3.143861630000174}
{"stage": "optimizer_step", "run_id": "noise-seed-01-open", "step": 5, "loss_before_step": 3.222299575805664, "elapsed_seconds": 3.4091314568649977}
{"stage": "optimizer_step", "run_id": "noise-seed-01-open", "step": 6, "loss_before_step": 2.565563201904297, "elapsed_seconds": 3.670704952906817}
{"stage": "optimizer_step", "run_id": "noise-seed-01-open", "step": 7, "loss_before_step": 1.503427505493164, "elapsed_seconds": 3.9344997238367796}
{"stage": "optimizer_step", "run_id": "noise-seed-01-open", "step": 8, "loss_before_step": 1.6406211853027344, "elapsed_seconds": 4.19601788581349}
{"stage": "optimizer_step", "run_id": "noise-seed-01-open", "step": 9, "loss_before_step": 1.4673957824707031, "elapsed_seconds": 4.460409440798685}
{"stage": "optimizer_step", "run_id": "noise-seed-01-open", "step": 10, "loss_before_step": 0.5239810943603516, "elapsed_seconds": 4.7224952429533005}
{"stage": "optimizer_step", "run_id": "noise-seed-01-open", "step": 11, "loss_before_step": 0.27080345153808594, "elapsed_seconds": 4.985300128813833}
{"stage": "optimizer_step", "run_id": "noise-seed-01-open", "step": 12, "loss_before_step": 0.09936332702636719, "elapsed_seconds": 5.247490506852046}
{"stage": "optimizer_step", "run_id": "noise-seed-01-open", "step": 13, "loss_before_step": 0.08207321166992188, "elapsed_seconds": 5.509228858863935}
{"stage": "optimizer_step", "run_id": "noise-seed-01-open", "step": 14, "loss_before_step": 0.06948280334472656, "elapsed_seconds": 5.781051581026986}
{"stage": "optimizer_step", "run_id": "noise-seed-01-open", "step": 15, "loss_before_step": 0.03739166259765625, "elapsed_seconds": 6.0447336689103395}
{"stage": "optimizer_step", "run_id": "noise-seed-01-open", "step": 16, "loss_before_step": 0.03404426574707031, "elapsed_seconds": 6.306806597858667}
{"stage": "optimizer_step", "run_id": "noise-seed-01-open", "step": 17, "loss_before_step": 0.013235092163085938, "elapsed_seconds": 6.572017829865217}
{"stage": "optimizer_step", "run_id": "noise-seed-01-open", "step": 18, "loss_before_step": 0.020305633544921875, "elapsed_seconds": 6.83755345386453}
{"stage": "optimizer_step", "run_id": "noise-seed-01-open", "step": 19, "loss_before_step": 0.015935897827148438, "elapsed_seconds": 7.1012852259445935}
{"stage": "optimizer_step", "run_id": "noise-seed-01-open", "step": 20, "loss_before_step": 0.015375137329101562, "elapsed_seconds": 7.36514459294267}
{"stage": "optimizer_step", "run_id": "noise-seed-01-open", "step": 21, "loss_before_step": 0.018102645874023438, "elapsed_seconds": 7.627428880892694}
{"stage": "optimizer_step", "run_id": "noise-seed-01-open", "step": 22, "loss_before_step": 0.015720367431640625, "elapsed_seconds": 7.891163216903806}
{"stage": "optimizer_step", "run_id": "noise-seed-01-open", "step": 23, "loss_before_step": 0.014095306396484375, "elapsed_seconds": 8.156343960901722}
{"stage": "optimizer_step", "run_id": "noise-seed-01-open", "step": 24, "loss_before_step": 0.0110931396484375, "elapsed_seconds": 8.417663130909204}
{"stage": "optimizer_step", "run_id": "noise-seed-01-open", "step": 25, "loss_before_step": 0.009584426879882812, "elapsed_seconds": 8.684963824925944}
{"stage": "optimizer_step", "run_id": "noise-seed-01-open", "step": 26, "loss_before_step": 0.007886886596679688, "elapsed_seconds": 8.946880718925968}
{"stage": "optimizer_step", "run_id": "noise-seed-01-open", "step": 27, "loss_before_step": 0.0070705413818359375, "elapsed_seconds": 9.21053853398189}
{"stage": "optimizer_step", "run_id": "noise-seed-01-open", "step": 28, "loss_before_step": 0.00466156005859375, "elapsed_seconds": 9.474561122013256}
{"stage": "optimizer_step", "run_id": "noise-seed-01-open", "step": 29, "loss_before_step": 0.0060577392578125, "elapsed_seconds": 9.736652148887515}
{"stage": "optimizer_step", "run_id": "noise-seed-01-open", "step": 30, "loss_before_step": 0.006465911865234375, "elapsed_seconds": 9.999949933029711}
{"stage": "optimizer_step", "run_id": "noise-seed-01-open", "step": 31, "loss_before_step": 0.0063629150390625, "elapsed_seconds": 10.263053649803624}
{"stage": "optimizer_step", "run_id": "noise-seed-01-open", "step": 32, "loss_before_step": 0.004467010498046875, "elapsed_seconds": 10.530435989843681}
{"stage": "optimizer_step", "run_id": "noise-seed-01-open", "step": 33, "loss_before_step": 0.0033321380615234375, "elapsed_seconds": 10.79680738481693}
{"stage": "optimizer_step", "run_id": "noise-seed-01-open", "step": 34, "loss_before_step": 0.0025043487548828125, "elapsed_seconds": 11.071880452800542}
{"stage": "optimizer_step", "run_id": "noise-seed-01-open", "step": 35, "loss_before_step": 0.003093719482421875, "elapsed_seconds": 11.341185008874163}
{"stage": "optimizer_step", "run_id": "noise-seed-01-open", "step": 36, "loss_before_step": 0.00238800048828125, "elapsed_seconds": 11.60562377399765}
{"stage": "optimizer_step", "run_id": "noise-seed-01-open", "step": 37, "loss_before_step": 0.0022907257080078125, "elapsed_seconds": 11.877738771028817}
{"stage": "optimizer_step", "run_id": "noise-seed-01-open", "step": 38, "loss_before_step": 0.001895904541015625, "elapsed_seconds": 12.140858053928241}
{"stage": "optimizer_step", "run_id": "noise-seed-01-open", "step": 39, "loss_before_step": 0.0022296905517578125, "elapsed_seconds": 12.402842015959322}
{"stage": "optimizer_step", "run_id": "noise-seed-01-open", "step": 40, "loss_before_step": 0.001728057861328125, "elapsed_seconds": 12.664974481798708}
{"stage": "optimizer_step", "run_id": "noise-seed-01-open", "step": 41, "loss_before_step": 0.0017910003662109375, "elapsed_seconds": 12.927621454000473}
{"stage": "optimizer_step", "run_id": "noise-seed-01-open", "step": 42, "loss_before_step": 0.0016803741455078125, "elapsed_seconds": 13.190674902871251}
{"stage": "optimizer_step", "run_id": "noise-seed-01-open", "step": 43, "loss_before_step": 0.00136566162109375, "elapsed_seconds": 13.457167612854391}
{"stage": "optimizer_step", "run_id": "noise-seed-01-open", "step": 44, "loss_before_step": 0.0015659332275390625, "elapsed_seconds": 13.721671239007264}
{"stage": "optimizer_step", "run_id": "noise-seed-01-open", "step": 45, "loss_before_step": 0.001529693603515625, "elapsed_seconds": 13.98493022681214}
{"stage": "optimizer_step", "run_id": "noise-seed-01-open", "step": 46, "loss_before_step": 0.001308441162109375, "elapsed_seconds": 14.254800613969564}
{"stage": "optimizer_step", "run_id": "noise-seed-01-open", "step": 47, "loss_before_step": 0.001312255859375, "elapsed_seconds": 14.52062878292054}
{"stage": "optimizer_step", "run_id": "noise-seed-01-open", "step": 48, "loss_before_step": 0.0013179779052734375, "elapsed_seconds": 14.787057577865198}
{"stage": "optimizer_step", "run_id": "noise-seed-01-open", "step": 49, "loss_before_step": 0.000957489013671875, "elapsed_seconds": 15.051181865856051}
{"stage": "optimizer_step", "run_id": "noise-seed-01-open", "step": 50, "loss_before_step": 0.0012054443359375, "elapsed_seconds": 15.322980538010597}
{"stage": "optimizer_step", "run_id": "noise-seed-01-open", "step": 51, "loss_before_step": 0.001056671142578125, "elapsed_seconds": 15.58579548401758}
{"stage": "optimizer_step", "run_id": "noise-seed-01-open", "step": 52, "loss_before_step": 0.000823974609375, "elapsed_seconds": 15.851668471004814}
{"stage": "optimizer_step", "run_id": "noise-seed-01-open", "step": 53, "loss_before_step": 0.0010223388671875, "elapsed_seconds": 16.117889621993527}
{"stage": "optimizer_step", "run_id": "noise-seed-01-open", "step": 54, "loss_before_step": 0.000942230224609375, "elapsed_seconds": 16.381476296810433}
{"stage": "optimizer_step", "run_id": "noise-seed-01-open", "step": 55, "loss_before_step": 0.000881195068359375, "elapsed_seconds": 16.648320588981733}
{"stage": "optimizer_step", "run_id": "noise-seed-01-open", "step": 56, "loss_before_step": 0.000835418701171875, "elapsed_seconds": 16.91051917592995}
{"stage": "optimizer_step", "run_id": "noise-seed-01-open", "step": 57, "loss_before_step": 0.00081634521484375, "elapsed_seconds": 17.17699750792235}
{"stage": "optimizer_step", "run_id": "noise-seed-01-open", "step": 58, "loss_before_step": 0.00077056884765625, "elapsed_seconds": 17.43919100589119}
{"stage": "optimizer_step", "run_id": "noise-seed-01-open", "step": 59, "loss_before_step": 0.000797271728515625, "elapsed_seconds": 17.70560626196675}
{"stage": "optimizer_step", "run_id": "noise-seed-01-open", "step": 60, "loss_before_step": 0.000698089599609375, "elapsed_seconds": 17.97057111398317}
{"stage": "optimizer_step", "run_id": "noise-seed-01-open", "step": 61, "loss_before_step": 0.000621795654296875, "elapsed_seconds": 18.23282027686946}
{"stage": "optimizer_step", "run_id": "noise-seed-01-open", "step": 62, "loss_before_step": 0.000667572021484375, "elapsed_seconds": 18.49857942480594}
{"stage": "optimizer_step", "run_id": "noise-seed-01-open", "step": 63, "loss_before_step": 0.000583648681640625, "elapsed_seconds": 18.760028221877292}
{"stage": "optimizer_step", "run_id": "noise-seed-01-open", "step": 64, "loss_before_step": 0.000514984130859375, "elapsed_seconds": 19.02514250902459}
{"stage": "optimizer_step", "run_id": "noise-seed-01-open", "step": 65, "loss_before_step": 0.00054168701171875, "elapsed_seconds": 20.84027207782492}
{"stage": "optimizer_step", "run_id": "noise-seed-01-open", "step": 66, "loss_before_step": 0.00060272216796875, "elapsed_seconds": 21.112051154021174}
{"stage": "optimizer_step", "run_id": "noise-seed-01-open", "step": 67, "loss_before_step": 0.000644683837890625, "elapsed_seconds": 21.375272891949862}
{"stage": "optimizer_step", "run_id": "noise-seed-01-open", "step": 68, "loss_before_step": 0.000591278076171875, "elapsed_seconds": 21.640511204022914}
{"stage": "optimizer_step", "run_id": "noise-seed-01-open", "step": 69, "loss_before_step": 0.00072479248046875, "elapsed_seconds": 21.913914143806323}
{"stage": "optimizer_step", "run_id": "noise-seed-01-open", "step": 70, "loss_before_step": 0.000637054443359375, "elapsed_seconds": 22.17580997897312}
{"stage": "optimizer_step", "run_id": "noise-seed-01-open", "step": 71, "loss_before_step": 0.000507354736328125, "elapsed_seconds": 22.43880917993374}
{"stage": "optimizer_step", "run_id": "noise-seed-01-open", "step": 72, "loss_before_step": 0.00055694580078125, "elapsed_seconds": 22.700397780863568}
{"stage": "optimizer_step", "run_id": "noise-seed-01-open", "step": 73, "loss_before_step": 0.000484466552734375, "elapsed_seconds": 22.96520279184915}
{"stage": "optimizer_step", "run_id": "noise-seed-01-open", "step": 74, "loss_before_step": 0.000713348388671875, "elapsed_seconds": 23.2324726798106}
{"stage": "optimizer_step", "run_id": "noise-seed-01-open", "step": 75, "loss_before_step": 0.000446319580078125, "elapsed_seconds": 23.494469940895215}
{"stage": "optimizer_step", "run_id": "noise-seed-01-open", "step": 76, "loss_before_step": 0.000499725341796875, "elapsed_seconds": 23.757397260982543}
{"stage": "optimizer_step", "run_id": "noise-seed-01-open", "step": 77, "loss_before_step": 0.00049591064453125, "elapsed_seconds": 24.020394425839186}
{"stage": "optimizer_step", "run_id": "noise-seed-01-open", "step": 78, "loss_before_step": 0.00052642822265625, "elapsed_seconds": 24.28207507589832}
{"stage": "optimizer_step", "run_id": "noise-seed-01-open", "step": 79, "loss_before_step": 0.00048065185546875, "elapsed_seconds": 24.54911576397717}
{"stage": "optimizer_step", "run_id": "noise-seed-01-open", "step": 80, "loss_before_step": 0.000457763671875, "elapsed_seconds": 24.811597694875672}
{"stage": "optimizer_step", "run_id": "noise-seed-01-open", "step": 81, "loss_before_step": 0.000507354736328125, "elapsed_seconds": 25.078944688895717}
{"stage": "optimizer_step", "run_id": "noise-seed-01-open", "step": 82, "loss_before_step": 0.000400543212890625, "elapsed_seconds": 25.341624228982255}
{"stage": "optimizer_step", "run_id": "noise-seed-01-open", "step": 83, "loss_before_step": 0.000457763671875, "elapsed_seconds": 25.606710340827703}
{"stage": "optimizer_step", "run_id": "noise-seed-01-open", "step": 84, "loss_before_step": 0.00046539306640625, "elapsed_seconds": 25.86820383486338}
{"stage": "optimizer_step", "run_id": "noise-seed-01-open", "step": 85, "loss_before_step": 0.000461578369140625, "elapsed_seconds": 26.13311492302455}
{"stage": "optimizer_step", "run_id": "noise-seed-01-open", "step": 86, "loss_before_step": 0.000400543212890625, "elapsed_seconds": 26.400247806916013}
{"stage": "optimizer_step", "run_id": "noise-seed-01-open", "step": 87, "loss_before_step": 0.000457763671875, "elapsed_seconds": 26.66421749489382}
{"stage": "optimizer_step", "run_id": "noise-seed-01-open", "step": 88, "loss_before_step": 0.000431060791015625, "elapsed_seconds": 26.936931480886415}
{"stage": "optimizer_step", "run_id": "noise-seed-01-open", "step": 89, "loss_before_step": 0.00043487548828125, "elapsed_seconds": 27.202809307957068}
{"stage": "optimizer_step", "run_id": "noise-seed-01-open", "step": 90, "loss_before_step": 0.000339508056640625, "elapsed_seconds": 27.46446030284278}
{"stage": "optimizer_step", "run_id": "noise-seed-01-open", "step": 91, "loss_before_step": 0.00035858154296875, "elapsed_seconds": 27.727006817003712}
{"stage": "optimizer_step", "run_id": "noise-seed-01-open", "step": 92, "loss_before_step": 0.00037384033203125, "elapsed_seconds": 27.988217994803563}
{"stage": "optimizer_step", "run_id": "noise-seed-01-open", "step": 93, "loss_before_step": 0.000286102294921875, "elapsed_seconds": 28.24916316079907}
{"stage": "optimizer_step", "run_id": "noise-seed-01-open", "step": 94, "loss_before_step": 0.000324249267578125, "elapsed_seconds": 28.510538193862885}
{"stage": "optimizer_step", "run_id": "noise-seed-01-open", "step": 95, "loss_before_step": 0.00041961669921875, "elapsed_seconds": 28.774713798891753}
{"stage": "optimizer_step", "run_id": "noise-seed-01-open", "step": 96, "loss_before_step": 0.00038909912109375, "elapsed_seconds": 29.04417716199532}
{"stage": "optimizer_step", "run_id": "noise-seed-01-open", "step": 97, "loss_before_step": 0.0003662109375, "elapsed_seconds": 29.305439319927245}
{"stage": "optimizer_step", "run_id": "noise-seed-01-open", "step": 98, "loss_before_step": 0.0003509521484375, "elapsed_seconds": 29.56660261680372}
{"stage": "optimizer_step", "run_id": "noise-seed-01-open", "step": 99, "loss_before_step": 0.0003509521484375, "elapsed_seconds": 29.827925494872034}
{"stage": "optimizer_step", "run_id": "noise-seed-01-open", "step": 100, "loss_before_step": 0.0005035400390625, "elapsed_seconds": 30.089023737004027}
{"stage": "optimizer_step", "run_id": "noise-seed-01-open", "step": 101, "loss_before_step": 0.00031280517578125, "elapsed_seconds": 30.35333040286787}
{"stage": "optimizer_step", "run_id": "noise-seed-01-open", "step": 102, "loss_before_step": 0.000335693359375, "elapsed_seconds": 30.614344778936356}
{"stage": "optimizer_step", "run_id": "noise-seed-01-open", "step": 103, "loss_before_step": 0.0002899169921875, "elapsed_seconds": 30.880649159895256}
{"stage": "optimizer_step", "run_id": "noise-seed-01-open", "step": 104, "loss_before_step": 0.000354766845703125, "elapsed_seconds": 31.147034822963178}
{"stage": "optimizer_step", "run_id": "noise-seed-01-open", "step": 105, "loss_before_step": 0.000377655029296875, "elapsed_seconds": 31.408282225951552}
{"stage": "optimizer_step", "run_id": "noise-seed-01-open", "step": 106, "loss_before_step": 0.000339508056640625, "elapsed_seconds": 31.67013257695362}
{"stage": "optimizer_step", "run_id": "noise-seed-01-open", "step": 107, "loss_before_step": 0.000339508056640625, "elapsed_seconds": 31.931748722912744}
{"stage": "optimizer_step", "run_id": "noise-seed-01-open", "step": 108, "loss_before_step": 0.0003204345703125, "elapsed_seconds": 32.19377571600489}
{"stage": "optimizer_step", "run_id": "noise-seed-01-open", "step": 109, "loss_before_step": 0.000274658203125, "elapsed_seconds": 32.455277496017516}
{"stage": "optimizer_step", "run_id": "noise-seed-01-open", "step": 110, "loss_before_step": 0.000278472900390625, "elapsed_seconds": 32.72684157197364}
{"stage": "optimizer_step", "run_id": "noise-seed-01-open", "step": 111, "loss_before_step": 0.000270843505859375, "elapsed_seconds": 32.98886906681582}
{"stage": "optimizer_step", "run_id": "noise-seed-01-open", "step": 112, "loss_before_step": 0.000278472900390625, "elapsed_seconds": 33.2613289388828}
{"stage": "optimizer_step", "run_id": "noise-seed-01-open", "step": 113, "loss_before_step": 0.000293731689453125, "elapsed_seconds": 33.527565634809434}
{"stage": "optimizer_step", "run_id": "noise-seed-01-open", "step": 114, "loss_before_step": 0.00031280517578125, "elapsed_seconds": 33.790811855811626}
{"stage": "optimizer_step", "run_id": "noise-seed-01-open", "step": 115, "loss_before_step": 0.000293731689453125, "elapsed_seconds": 34.05477598984726}
{"stage": "optimizer_step", "run_id": "noise-seed-01-open", "step": 116, "loss_before_step": 0.000278472900390625, "elapsed_seconds": 34.31950426497497}
{"stage": "optimizer_step", "run_id": "noise-seed-01-open", "step": 117, "loss_before_step": 0.000278472900390625, "elapsed_seconds": 34.58547770790756}
{"stage": "optimizer_step", "run_id": "noise-seed-01-open", "step": 118, "loss_before_step": 0.000263214111328125, "elapsed_seconds": 34.852133753011}
{"stage": "optimizer_step", "run_id": "noise-seed-01-open", "step": 119, "loss_before_step": 0.000339508056640625, "elapsed_seconds": 35.114513393025845}
{"stage": "optimizer_step", "run_id": "noise-seed-01-open", "step": 120, "loss_before_step": 0.000247955322265625, "elapsed_seconds": 35.38909130101092}
{"stage": "optimizer_step", "run_id": "noise-seed-01-open", "step": 121, "loss_before_step": 0.000232696533203125, "elapsed_seconds": 35.65144089492969}
{"stage": "optimizer_step", "run_id": "noise-seed-01-open", "step": 122, "loss_before_step": 0.000263214111328125, "elapsed_seconds": 35.91322396486066}
{"stage": "optimizer_step", "run_id": "noise-seed-01-open", "step": 123, "loss_before_step": 0.000301361083984375, "elapsed_seconds": 36.17455069697462}
{"stage": "optimizer_step", "run_id": "noise-seed-01-open", "step": 124, "loss_before_step": 0.000286102294921875, "elapsed_seconds": 36.44173154979944}
{"stage": "optimizer_step", "run_id": "noise-seed-01-open", "step": 125, "loss_before_step": 0.00022125244140625, "elapsed_seconds": 36.704140866873786}
{"stage": "optimizer_step", "run_id": "noise-seed-01-open", "step": 126, "loss_before_step": 0.000232696533203125, "elapsed_seconds": 36.9665741128847}
{"stage": "optimizer_step", "run_id": "noise-seed-01-open", "step": 127, "loss_before_step": 0.00026702880859375, "elapsed_seconds": 37.236671776976436}
{"stage": "optimizer_step", "run_id": "noise-seed-01-open", "step": 128, "loss_before_step": 0.00031280517578125, "elapsed_seconds": 37.50252075889148}
{"stage": "optimizer_step", "run_id": "noise-seed-01-open", "step": 129, "loss_before_step": 0.00022125244140625, "elapsed_seconds": 39.31519623892382}
{"stage": "optimizer_step", "run_id": "noise-seed-01-open", "step": 130, "loss_before_step": 0.00028228759765625, "elapsed_seconds": 39.58453286183067}
{"stage": "optimizer_step", "run_id": "noise-seed-01-open", "step": 131, "loss_before_step": 0.000255584716796875, "elapsed_seconds": 39.8486082078889}
{"stage": "optimizer_step", "run_id": "noise-seed-01-open", "step": 132, "loss_before_step": 0.0002593994140625, "elapsed_seconds": 40.111358099849895}
{"stage": "optimizer_step", "run_id": "noise-seed-01-open", "step": 133, "loss_before_step": 0.000274658203125, "elapsed_seconds": 40.37342603993602}
{"stage": "optimizer_step", "run_id": "noise-seed-01-open", "step": 134, "loss_before_step": 0.000213623046875, "elapsed_seconds": 40.63930090190843}
{"stage": "optimizer_step", "run_id": "noise-seed-01-open", "step": 135, "loss_before_step": 0.000274658203125, "elapsed_seconds": 40.90682264696807}
{"stage": "optimizer_step", "run_id": "noise-seed-01-open", "step": 136, "loss_before_step": 0.000244140625, "elapsed_seconds": 41.1690341939684}
{"stage": "optimizer_step", "run_id": "noise-seed-01-open", "step": 137, "loss_before_step": 0.00022125244140625, "elapsed_seconds": 41.43059838586487}
{"stage": "optimizer_step", "run_id": "noise-seed-01-open", "step": 138, "loss_before_step": 0.000255584716796875, "elapsed_seconds": 41.70063389092684}
{"stage": "optimizer_step", "run_id": "noise-seed-01-open", "step": 139, "loss_before_step": 0.00023651123046875, "elapsed_seconds": 41.97355850087479}
{"stage": "optimizer_step", "run_id": "noise-seed-01-open", "step": 140, "loss_before_step": 0.00022125244140625, "elapsed_seconds": 42.24217035691254}
{"stage": "optimizer_step", "run_id": "noise-seed-01-open", "step": 141, "loss_before_step": 0.00022125244140625, "elapsed_seconds": 42.50845633982681}
{"stage": "optimizer_step", "run_id": "noise-seed-01-open", "step": 142, "loss_before_step": 0.00023651123046875, "elapsed_seconds": 42.772364128846675}
{"stage": "optimizer_step", "run_id": "noise-seed-01-open", "step": 143, "loss_before_step": 0.000244140625, "elapsed_seconds": 43.037098379805684}
{"stage": "optimizer_step", "run_id": "noise-seed-01-open", "step": 144, "loss_before_step": 0.000217437744140625, "elapsed_seconds": 43.30436922586523}
{"stage": "optimizer_step", "run_id": "noise-seed-01-open", "step": 145, "loss_before_step": 0.00023651123046875, "elapsed_seconds": 43.567543477984145}
{"stage": "optimizer_step", "run_id": "noise-seed-01-open", "step": 146, "loss_before_step": 0.0002899169921875, "elapsed_seconds": 43.830354881007224}
{"stage": "optimizer_step", "run_id": "noise-seed-01-open", "step": 147, "loss_before_step": 0.0002593994140625, "elapsed_seconds": 44.09806013596244}
{"stage": "optimizer_step", "run_id": "noise-seed-01-open", "step": 148, "loss_before_step": 0.00025177001953125, "elapsed_seconds": 44.361624617828056}
{"stage": "optimizer_step", "run_id": "noise-seed-01-open", "step": 149, "loss_before_step": 0.00020599365234375, "elapsed_seconds": 44.62839067191817}
{"stage": "optimizer_step", "run_id": "noise-seed-01-open", "step": 150, "loss_before_step": 0.00022125244140625, "elapsed_seconds": 44.89021448488347}
{"stage": "optimizer_step", "run_id": "noise-seed-01-open", "step": 151, "loss_before_step": 0.000232696533203125, "elapsed_seconds": 45.155588679015636}
{"stage": "optimizer_step", "run_id": "noise-seed-01-open", "step": 152, "loss_before_step": 0.0002593994140625, "elapsed_seconds": 45.417157761985436}
{"stage": "optimizer_step", "run_id": "noise-seed-01-open", "step": 153, "loss_before_step": 0.00025177001953125, "elapsed_seconds": 45.67915657884441}
{"stage": "optimizer_step", "run_id": "noise-seed-01-open", "step": 154, "loss_before_step": 0.000217437744140625, "elapsed_seconds": 45.94466356583871}
{"stage": "optimizer_step", "run_id": "noise-seed-01-open", "step": 155, "loss_before_step": 0.000217437744140625, "elapsed_seconds": 46.20719319884665}
{"stage": "optimizer_step", "run_id": "noise-seed-01-open", "step": 156, "loss_before_step": 0.000217437744140625, "elapsed_seconds": 46.472566548967734}
{"stage": "optimizer_step", "run_id": "noise-seed-01-open", "step": 157, "loss_before_step": 0.00020599365234375, "elapsed_seconds": 46.73577977879904}
{"stage": "optimizer_step", "run_id": "noise-seed-01-open", "step": 158, "loss_before_step": 0.00020599365234375, "elapsed_seconds": 47.00251884595491}
{"stage": "optimizer_step", "run_id": "noise-seed-01-open", "step": 159, "loss_before_step": 0.000213623046875, "elapsed_seconds": 47.26739765889943}
{"stage": "optimizer_step", "run_id": "noise-seed-01-open", "step": 160, "loss_before_step": 0.00022125244140625, "elapsed_seconds": 47.53260927298106}
{"stage": "optimizer_step", "run_id": "noise-seed-01-open", "step": 161, "loss_before_step": 0.0001983642578125, "elapsed_seconds": 47.79394397092983}
{"stage": "optimizer_step", "run_id": "noise-seed-01-open", "step": 162, "loss_before_step": 0.000194549560546875, "elapsed_seconds": 48.05896935402416}
{"stage": "optimizer_step", "run_id": "noise-seed-01-open", "step": 163, "loss_before_step": 0.00020599365234375, "elapsed_seconds": 48.320590056013316}
{"stage": "optimizer_step", "run_id": "noise-seed-01-open", "step": 164, "loss_before_step": 0.0001983642578125, "elapsed_seconds": 48.582306287949905}
{"stage": "optimizer_step", "run_id": "noise-seed-01-open", "step": 165, "loss_before_step": 0.000179290771484375, "elapsed_seconds": 48.84600054100156}
{"stage": "optimizer_step", "run_id": "noise-seed-01-open", "step": 166, "loss_before_step": 0.00023651123046875, "elapsed_seconds": 49.1116652158089}
{"stage": "optimizer_step", "run_id": "noise-seed-01-open", "step": 167, "loss_before_step": 0.000202178955078125, "elapsed_seconds": 49.373072143876925}
{"stage": "optimizer_step", "run_id": "noise-seed-01-open", "step": 168, "loss_before_step": 0.00020599365234375, "elapsed_seconds": 49.64161165384576}
{"stage": "optimizer_step", "run_id": "noise-seed-01-open", "step": 169, "loss_before_step": 0.000209808349609375, "elapsed_seconds": 49.90348754893057}
{"stage": "optimizer_step", "run_id": "noise-seed-01-open", "step": 170, "loss_before_step": 0.000232696533203125, "elapsed_seconds": 50.16832715179771}
{"stage": "optimizer_step", "run_id": "noise-seed-01-open", "step": 171, "loss_before_step": 0.00020599365234375, "elapsed_seconds": 50.43054363899864}
{"stage": "optimizer_step", "run_id": "noise-seed-01-open", "step": 172, "loss_before_step": 0.00017547607421875, "elapsed_seconds": 50.69546915497631}
{"stage": "optimizer_step", "run_id": "noise-seed-01-open", "step": 173, "loss_before_step": 0.00020599365234375, "elapsed_seconds": 50.96059831301682}
{"stage": "optimizer_step", "run_id": "noise-seed-01-open", "step": 174, "loss_before_step": 0.0001983642578125, "elapsed_seconds": 51.225705165881664}
{"stage": "optimizer_step", "run_id": "noise-seed-01-open", "step": 175, "loss_before_step": 0.000186920166015625, "elapsed_seconds": 51.48764031683095}
{"stage": "optimizer_step", "run_id": "noise-seed-01-open", "step": 176, "loss_before_step": 0.000194549560546875, "elapsed_seconds": 51.75310860783793}
{"stage": "optimizer_step", "run_id": "noise-seed-01-open", "step": 177, "loss_before_step": 0.00016021728515625, "elapsed_seconds": 52.016221285797656}
{"stage": "optimizer_step", "run_id": "noise-seed-01-open", "step": 178, "loss_before_step": 0.0001678466796875, "elapsed_seconds": 52.28000582801178}
{"stage": "optimizer_step", "run_id": "noise-seed-01-open", "step": 179, "loss_before_step": 0.000179290771484375, "elapsed_seconds": 52.54768236586824}
{"stage": "optimizer_step", "run_id": "noise-seed-01-open", "step": 180, "loss_before_step": 0.00019073486328125, "elapsed_seconds": 52.810771823860705}
{"stage": "optimizer_step", "run_id": "noise-seed-01-open", "step": 181, "loss_before_step": 0.00023651123046875, "elapsed_seconds": 53.07327836100012}
{"stage": "optimizer_step", "run_id": "noise-seed-01-open", "step": 182, "loss_before_step": 0.000156402587890625, "elapsed_seconds": 53.33621148392558}
{"stage": "optimizer_step", "run_id": "noise-seed-01-open", "step": 183, "loss_before_step": 0.000194549560546875, "elapsed_seconds": 53.598150403006}
{"stage": "optimizer_step", "run_id": "noise-seed-01-open", "step": 184, "loss_before_step": 0.00017547607421875, "elapsed_seconds": 53.859810523921624}
{"stage": "optimizer_step", "run_id": "noise-seed-01-open", "step": 185, "loss_before_step": 0.000209808349609375, "elapsed_seconds": 54.12289868388325}
{"stage": "optimizer_step", "run_id": "noise-seed-01-open", "step": 186, "loss_before_step": 0.0001678466796875, "elapsed_seconds": 54.38505618786439}
{"stage": "optimizer_step", "run_id": "noise-seed-01-open", "step": 187, "loss_before_step": 0.000209808349609375, "elapsed_seconds": 54.650337412022054}
{"stage": "optimizer_step", "run_id": "noise-seed-01-open", "step": 188, "loss_before_step": 0.00016021728515625, "elapsed_seconds": 54.91474116593599}
{"stage": "optimizer_step", "run_id": "noise-seed-01-open", "step": 189, "loss_before_step": 0.0001983642578125, "elapsed_seconds": 55.176870714873075}
{"stage": "optimizer_step", "run_id": "noise-seed-01-open", "step": 190, "loss_before_step": 0.000156402587890625, "elapsed_seconds": 55.44534737779759}
{"stage": "optimizer_step", "run_id": "noise-seed-01-open", "step": 191, "loss_before_step": 0.000179290771484375, "elapsed_seconds": 55.70729724992998}
{"stage": "optimizer_step", "run_id": "noise-seed-01-open", "step": 192, "loss_before_step": 0.00018310546875, "elapsed_seconds": 55.969112855847925}
{"stage": "optimizer_step", "run_id": "noise-seed-01-open", "step": 193, "loss_before_step": 0.000164031982421875, "elapsed_seconds": 57.79628080595285}
{"stage": "optimizer_step", "run_id": "noise-seed-01-open", "step": 194, "loss_before_step": 0.000186920166015625, "elapsed_seconds": 58.059928535018116}
{"stage": "optimizer_step", "run_id": "noise-seed-01-open", "step": 195, "loss_before_step": 0.00020599365234375, "elapsed_seconds": 58.321648883866146}
{"stage": "optimizer_step", "run_id": "noise-seed-01-open", "step": 196, "loss_before_step": 0.000164031982421875, "elapsed_seconds": 58.58454046002589}
{"stage": "optimizer_step", "run_id": "noise-seed-01-open", "step": 197, "loss_before_step": 0.00017547607421875, "elapsed_seconds": 58.84673873800784}
{"stage": "optimizer_step", "run_id": "noise-seed-01-open", "step": 198, "loss_before_step": 0.000152587890625, "elapsed_seconds": 59.12145039695315}
{"stage": "optimizer_step", "run_id": "noise-seed-01-open", "step": 199, "loss_before_step": 0.000156402587890625, "elapsed_seconds": 59.393152243923396}
{"stage": "optimizer_step", "run_id": "noise-seed-01-open", "step": 200, "loss_before_step": 0.000164031982421875, "elapsed_seconds": 59.65608698897995}
{"stage": "optimizer_step", "run_id": "noise-seed-01-open", "step": 201, "loss_before_step": 0.000148773193359375, "elapsed_seconds": 59.91829533595592}
{"stage": "optimizer_step", "run_id": "noise-seed-01-open", "step": 202, "loss_before_step": 0.0001678466796875, "elapsed_seconds": 60.18400464300066}
{"stage": "optimizer_step", "run_id": "noise-seed-01-open", "step": 203, "loss_before_step": 0.000171661376953125, "elapsed_seconds": 60.446053047897294}
{"stage": "optimizer_step", "run_id": "noise-seed-01-open", "step": 204, "loss_before_step": 0.000171661376953125, "elapsed_seconds": 60.71000073198229}
{"stage": "optimizer_step", "run_id": "noise-seed-01-open", "step": 205, "loss_before_step": 0.00016021728515625, "elapsed_seconds": 60.97780653182417}
{"stage": "optimizer_step", "run_id": "noise-seed-01-open", "step": 206, "loss_before_step": 0.000202178955078125, "elapsed_seconds": 61.24288128898479}
{"stage": "optimizer_step", "run_id": "noise-seed-01-open", "step": 207, "loss_before_step": 0.000179290771484375, "elapsed_seconds": 61.504785283003}
{"stage": "optimizer_step", "run_id": "noise-seed-01-open", "step": 208, "loss_before_step": 0.000171661376953125, "elapsed_seconds": 61.76791037898511}
{"stage": "optimizer_step", "run_id": "noise-seed-01-open", "step": 209, "loss_before_step": 0.00016021728515625, "elapsed_seconds": 62.02942571998574}
{"stage": "optimizer_step", "run_id": "noise-seed-01-open", "step": 210, "loss_before_step": 0.000156402587890625, "elapsed_seconds": 62.29154742881656}
{"stage": "optimizer_step", "run_id": "noise-seed-01-open", "step": 211, "loss_before_step": 0.00017547607421875, "elapsed_seconds": 62.565495795803145}
{"stage": "optimizer_step", "run_id": "noise-seed-01-open", "step": 212, "loss_before_step": 0.000152587890625, "elapsed_seconds": 62.829063806915656}
{"stage": "optimizer_step", "run_id": "noise-seed-01-open", "step": 213, "loss_before_step": 0.000171661376953125, "elapsed_seconds": 63.09847673494369}
{"stage": "optimizer_step", "run_id": "noise-seed-01-open", "step": 214, "loss_before_step": 0.000156402587890625, "elapsed_seconds": 63.3621531939134}
{"stage": "optimizer_step", "run_id": "noise-seed-01-open", "step": 215, "loss_before_step": 0.000152587890625, "elapsed_seconds": 63.625508673954755}
{"stage": "optimizer_step", "run_id": "noise-seed-01-open", "step": 216, "loss_before_step": 0.000164031982421875, "elapsed_seconds": 63.887790746986866}
{"stage": "optimizer_step", "run_id": "noise-seed-01-open", "step": 217, "loss_before_step": 0.000152587890625, "elapsed_seconds": 64.15004671900533}
{"stage": "optimizer_step", "run_id": "noise-seed-01-open", "step": 218, "loss_before_step": 0.00014495849609375, "elapsed_seconds": 64.41656247992069}
{"stage": "optimizer_step", "run_id": "noise-seed-01-open", "step": 219, "loss_before_step": 0.0001220703125, "elapsed_seconds": 64.68290745001286}
{"stage": "optimizer_step", "run_id": "noise-seed-01-open", "step": 220, "loss_before_step": 0.000164031982421875, "elapsed_seconds": 64.94585482799448}
{"stage": "optimizer_step", "run_id": "noise-seed-01-open", "step": 221, "loss_before_step": 0.000179290771484375, "elapsed_seconds": 65.20814516581595}
{"stage": "optimizer_step", "run_id": "noise-seed-01-open", "step": 222, "loss_before_step": 0.000148773193359375, "elapsed_seconds": 65.47348628588952}
{"stage": "optimizer_step", "run_id": "noise-seed-01-open", "step": 223, "loss_before_step": 0.000148773193359375, "elapsed_seconds": 65.73621990997344}
{"stage": "optimizer_step", "run_id": "noise-seed-01-open", "step": 224, "loss_before_step": 0.0001373291015625, "elapsed_seconds": 65.99976163497195}
{"stage": "optimizer_step", "run_id": "noise-seed-01-open", "step": 225, "loss_before_step": 0.00014495849609375, "elapsed_seconds": 66.26186752994545}
{"stage": "optimizer_step", "run_id": "noise-seed-01-open", "step": 226, "loss_before_step": 0.000133514404296875, "elapsed_seconds": 66.52387058199383}
{"stage": "optimizer_step", "run_id": "noise-seed-01-open", "step": 227, "loss_before_step": 0.0001373291015625, "elapsed_seconds": 66.78910950897262}
{"stage": "optimizer_step", "run_id": "noise-seed-01-open", "step": 228, "loss_before_step": 0.0001220703125, "elapsed_seconds": 67.05078174895607}
{"stage": "optimizer_step", "run_id": "noise-seed-01-open", "step": 229, "loss_before_step": 0.0001373291015625, "elapsed_seconds": 67.3128435339313}
{"stage": "optimizer_step", "run_id": "noise-seed-01-open", "step": 230, "loss_before_step": 0.000148773193359375, "elapsed_seconds": 67.58454299392179}
{"stage": "optimizer_step", "run_id": "noise-seed-01-open", "step": 231, "loss_before_step": 0.000148773193359375, "elapsed_seconds": 67.85491276881658}
{"stage": "optimizer_step", "run_id": "noise-seed-01-open", "step": 232, "loss_before_step": 0.000133514404296875, "elapsed_seconds": 68.12489409884438}
{"stage": "optimizer_step", "run_id": "noise-seed-01-open", "step": 233, "loss_before_step": 0.000152587890625, "elapsed_seconds": 68.38772730901837}
{"stage": "optimizer_step", "run_id": "noise-seed-01-open", "step": 234, "loss_before_step": 0.000133514404296875, "elapsed_seconds": 68.65001149987802}
{"stage": "optimizer_step", "run_id": "noise-seed-01-open", "step": 235, "loss_before_step": 0.000133514404296875, "elapsed_seconds": 68.91419859300368}
{"stage": "optimizer_step", "run_id": "noise-seed-01-open", "step": 236, "loss_before_step": 0.0001373291015625, "elapsed_seconds": 69.17955444799736}
{"stage": "optimizer_step", "run_id": "noise-seed-01-open", "step": 237, "loss_before_step": 0.000141143798828125, "elapsed_seconds": 69.44133938290179}
{"stage": "optimizer_step", "run_id": "noise-seed-01-open", "step": 238, "loss_before_step": 0.00012969970703125, "elapsed_seconds": 69.70891687902622}
{"stage": "optimizer_step", "run_id": "noise-seed-01-open", "step": 239, "loss_before_step": 0.000148773193359375, "elapsed_seconds": 69.97321763099171}
{"stage": "optimizer_step", "run_id": "noise-seed-01-open", "step": 240, "loss_before_step": 0.000148773193359375, "elapsed_seconds": 70.23523225798272}
{"stage": "optimizer_step", "run_id": "noise-seed-01-open", "step": 241, "loss_before_step": 0.000118255615234375, "elapsed_seconds": 70.50563545688055}
{"stage": "optimizer_step", "run_id": "noise-seed-01-open", "step": 242, "loss_before_step": 0.000148773193359375, "elapsed_seconds": 70.76783326989971}
{"stage": "optimizer_step", "run_id": "noise-seed-01-open", "step": 243, "loss_before_step": 0.00014495849609375, "elapsed_seconds": 71.03329350589775}
{"stage": "optimizer_step", "run_id": "noise-seed-01-open", "step": 244, "loss_before_step": 0.00016021728515625, "elapsed_seconds": 71.29548057587817}
{"stage": "optimizer_step", "run_id": "noise-seed-01-open", "step": 245, "loss_before_step": 0.00012969970703125, "elapsed_seconds": 71.55811040080152}
{"stage": "optimizer_step", "run_id": "noise-seed-01-open", "step": 246, "loss_before_step": 0.000125885009765625, "elapsed_seconds": 71.82099786680192}
{"stage": "optimizer_step", "run_id": "noise-seed-01-open", "step": 247, "loss_before_step": 0.000148773193359375, "elapsed_seconds": 72.0838487460278}
{"stage": "optimizer_step", "run_id": "noise-seed-01-open", "step": 248, "loss_before_step": 0.0001220703125, "elapsed_seconds": 72.34580535395071}
{"stage": "optimizer_step", "run_id": "noise-seed-01-open", "step": 249, "loss_before_step": 0.000125885009765625, "elapsed_seconds": 72.61755804298446}
{"stage": "optimizer_step", "run_id": "noise-seed-01-open", "step": 250, "loss_before_step": 0.000148773193359375, "elapsed_seconds": 72.88193973479792}
{"stage": "optimizer_step", "run_id": "noise-seed-01-open", "step": 251, "loss_before_step": 0.0001373291015625, "elapsed_seconds": 73.14402022701688}
{"stage": "optimizer_step", "run_id": "noise-seed-01-open", "step": 252, "loss_before_step": 0.0001220703125, "elapsed_seconds": 73.4065398548264}
{"stage": "optimizer_step", "run_id": "noise-seed-01-open", "step": 253, "loss_before_step": 0.000118255615234375, "elapsed_seconds": 73.67266388097778}
{"stage": "optimizer_step", "run_id": "noise-seed-01-open", "step": 254, "loss_before_step": 0.00014495849609375, "elapsed_seconds": 73.93574674101546}
{"stage": "optimizer_step", "run_id": "noise-seed-01-open", "step": 255, "loss_before_step": 0.000133514404296875, "elapsed_seconds": 74.20183175685816}
{"stage": "optimizer_step", "run_id": "noise-seed-01-open", "step": 256, "loss_before_step": 0.0001678466796875, "elapsed_seconds": 74.4641287329141}
{"stage": "endpoint_generation", "run_id": "noise-seed-01-open", "condition": "matched", "prompt_id": "original_open", "raw": "ambient hip hop"}
{"stage": "endpoint_generation", "run_id": "noise-seed-01-open", "condition": "matched", "prompt_id": "paraphrase_open", "raw": "ambient"}
{"stage": "endpoint_generation", "run_id": "noise-seed-01-open", "condition": "blank", "prompt_id": "original_open", "raw": "No music preference recorded."}
{"stage": "endpoint_generation", "run_id": "noise-seed-01-open", "condition": "blank", "prompt_id": "paraphrase_open", "raw": "None"}
{"stage": "endpoint_generation", "run_id": "noise-seed-01-open", "condition": "fixed_donor", "prompt_id": "original_open", "raw": "Yellow, not indigo."}
{"stage": "endpoint_generation", "run_id": "noise-seed-01-open", "condition": "fixed_donor", "prompt_id": "paraphrase_open", "raw": "Yellow, not indigo."}
{"stage": "optimizer_step", "run_id": "noise-seed-02-open", "step": 1, "loss_before_step": 9.496044158935547, "elapsed_seconds": 2.371061050100252}
{"stage": "optimizer_step", "run_id": "noise-seed-02-open", "step": 2, "loss_before_step": 7.605625152587891, "elapsed_seconds": 2.6407092281151563}
{"stage": "optimizer_step", "run_id": "noise-seed-02-open", "step": 3, "loss_before_step": 5.159643173217773, "elapsed_seconds": 2.902405648957938}
{"stage": "optimizer_step", "run_id": "noise-seed-02-open", "step": 4, "loss_before_step": 3.763530731201172, "elapsed_seconds": 3.1641818571370095}
{"stage": "optimizer_step", "run_id": "noise-seed-02-open", "step": 5, "loss_before_step": 3.8039321899414062, "elapsed_seconds": 3.4271729399915785}
{"stage": "optimizer_step", "run_id": "noise-seed-02-open", "step": 6, "loss_before_step": 4.613864898681641, "elapsed_seconds": 3.696153922006488}
{"stage": "optimizer_step", "run_id": "noise-seed-02-open", "step": 7, "loss_before_step": 4.403587341308594, "elapsed_seconds": 3.9614959959872067}
{"stage": "optimizer_step", "run_id": "noise-seed-02-open", "step": 8, "loss_before_step": 3.9209537506103516, "elapsed_seconds": 4.228100050939247}
{"stage": "optimizer_step", "run_id": "noise-seed-02-open", "step": 9, "loss_before_step": 2.9425430297851562, "elapsed_seconds": 4.494809614960104}
{"stage": "optimizer_step", "run_id": "noise-seed-02-open", "step": 10, "loss_before_step": 2.4241504669189453, "elapsed_seconds": 4.757773063145578}
{"stage": "optimizer_step", "run_id": "noise-seed-02-open", "step": 11, "loss_before_step": 2.172822952270508, "elapsed_seconds": 5.023599775042385}
{"stage": "optimizer_step", "run_id": "noise-seed-02-open", "step": 12, "loss_before_step": 2.1033935546875, "elapsed_seconds": 5.286404855083674}
{"stage": "optimizer_step", "run_id": "noise-seed-02-open", "step": 13, "loss_before_step": 3.446704864501953, "elapsed_seconds": 5.555565555114299}
{"stage": "optimizer_step", "run_id": "noise-seed-02-open", "step": 14, "loss_before_step": 1.604837417602539, "elapsed_seconds": 5.818821761989966}
{"stage": "optimizer_step", "run_id": "noise-seed-02-open", "step": 15, "loss_before_step": 0.5011768341064453, "elapsed_seconds": 6.081211293116212}
{"stage": "optimizer_step", "run_id": "noise-seed-02-open", "step": 16, "loss_before_step": 0.3176765441894531, "elapsed_seconds": 6.347749687964097}
{"stage": "optimizer_step", "run_id": "noise-seed-02-open", "step": 17, "loss_before_step": 0.19720840454101562, "elapsed_seconds": 6.609714748105034}
{"stage": "optimizer_step", "run_id": "noise-seed-02-open", "step": 18, "loss_before_step": 0.15430068969726562, "elapsed_seconds": 6.880807727109641}
{"stage": "optimizer_step", "run_id": "noise-seed-02-open", "step": 19, "loss_before_step": 0.07578659057617188, "elapsed_seconds": 7.142753466032445}
{"stage": "optimizer_step", "run_id": "noise-seed-02-open", "step": 20, "loss_before_step": 0.04274749755859375, "elapsed_seconds": 7.409783637151122}
{"stage": "optimizer_step", "run_id": "noise-seed-02-open", "step": 21, "loss_before_step": 0.020505905151367188, "elapsed_seconds": 7.6740717680659145}
{"stage": "optimizer_step", "run_id": "noise-seed-02-open", "step": 22, "loss_before_step": 0.01633453369140625, "elapsed_seconds": 7.939998136134818}
{"stage": "optimizer_step", "run_id": "noise-seed-02-open", "step": 23, "loss_before_step": 0.013776779174804688, "elapsed_seconds": 8.202399904141203}
{"stage": "optimizer_step", "run_id": "noise-seed-02-open", "step": 24, "loss_before_step": 0.009654998779296875, "elapsed_seconds": 8.46822843211703}
{"stage": "optimizer_step", "run_id": "noise-seed-02-open", "step": 25, "loss_before_step": 0.0074138641357421875, "elapsed_seconds": 8.732027132995427}
{"stage": "optimizer_step", "run_id": "noise-seed-02-open", "step": 26, "loss_before_step": 0.006389617919921875, "elapsed_seconds": 8.994593918090686}
{"stage": "optimizer_step", "run_id": "noise-seed-02-open", "step": 27, "loss_before_step": 0.0043354034423828125, "elapsed_seconds": 9.260067278984934}
{"stage": "optimizer_step", "run_id": "noise-seed-02-open", "step": 28, "loss_before_step": 0.0041656494140625, "elapsed_seconds": 9.526343740988523}
{"stage": "optimizer_step", "run_id": "noise-seed-02-open", "step": 29, "loss_before_step": 0.0036945343017578125, "elapsed_seconds": 9.788635442964733}
{"stage": "optimizer_step", "run_id": "noise-seed-02-open", "step": 30, "loss_before_step": 0.003055572509765625, "elapsed_seconds": 10.055228865006939}
{"stage": "optimizer_step", "run_id": "noise-seed-02-open", "step": 31, "loss_before_step": 0.0038852691650390625, "elapsed_seconds": 10.317194923060015}
{"stage": "optimizer_step", "run_id": "noise-seed-02-open", "step": 32, "loss_before_step": 0.0041561126708984375, "elapsed_seconds": 10.579289305955172}
{"stage": "optimizer_step", "run_id": "noise-seed-02-open", "step": 33, "loss_before_step": 0.0029811859130859375, "elapsed_seconds": 10.845055652083829}
{"stage": "optimizer_step", "run_id": "noise-seed-02-open", "step": 34, "loss_before_step": 0.00302886962890625, "elapsed_seconds": 11.107600511983037}
{"stage": "optimizer_step", "run_id": "noise-seed-02-open", "step": 35, "loss_before_step": 0.002864837646484375, "elapsed_seconds": 11.374296738998964}
{"stage": "optimizer_step", "run_id": "noise-seed-02-open", "step": 36, "loss_before_step": 0.0026531219482421875, "elapsed_seconds": 11.6397921720054}
{"stage": "optimizer_step", "run_id": "noise-seed-02-open", "step": 37, "loss_before_step": 0.0016937255859375, "elapsed_seconds": 11.902617847081274}
{"stage": "optimizer_step", "run_id": "noise-seed-02-open", "step": 38, "loss_before_step": 0.0016345977783203125, "elapsed_seconds": 12.171355817932636}
{"stage": "optimizer_step", "run_id": "noise-seed-02-open", "step": 39, "loss_before_step": 0.0015430450439453125, "elapsed_seconds": 12.435250313952565}
{"stage": "optimizer_step", "run_id": "noise-seed-02-open", "step": 40, "loss_before_step": 0.0014247894287109375, "elapsed_seconds": 12.701646747998893}
{"stage": "optimizer_step", "run_id": "noise-seed-02-open", "step": 41, "loss_before_step": 0.0014438629150390625, "elapsed_seconds": 12.967213764088228}
{"stage": "optimizer_step", "run_id": "noise-seed-02-open", "step": 42, "loss_before_step": 0.001434326171875, "elapsed_seconds": 13.229723369935527}
{"stage": "optimizer_step", "run_id": "noise-seed-02-open", "step": 43, "loss_before_step": 0.00115203857421875, "elapsed_seconds": 13.495336828986183}
{"stage": "optimizer_step", "run_id": "noise-seed-02-open", "step": 44, "loss_before_step": 0.00107574462890625, "elapsed_seconds": 13.757602429948747}
{"stage": "optimizer_step", "run_id": "noise-seed-02-open", "step": 45, "loss_before_step": 0.001068115234375, "elapsed_seconds": 14.020850550150499}
{"stage": "optimizer_step", "run_id": "noise-seed-02-open", "step": 46, "loss_before_step": 0.00106048583984375, "elapsed_seconds": 14.286547219147906}
{"stage": "optimizer_step", "run_id": "noise-seed-02-open", "step": 47, "loss_before_step": 0.001056671142578125, "elapsed_seconds": 14.5720332369674}
{"stage": "optimizer_step", "run_id": "noise-seed-02-open", "step": 48, "loss_before_step": 0.0008392333984375, "elapsed_seconds": 14.836036709137261}
{"stage": "optimizer_step", "run_id": "noise-seed-02-open", "step": 49, "loss_before_step": 0.00099945068359375, "elapsed_seconds": 15.10858443705365}
{"stage": "optimizer_step", "run_id": "noise-seed-02-open", "step": 50, "loss_before_step": 0.00077056884765625, "elapsed_seconds": 15.37138251401484}
{"stage": "optimizer_step", "run_id": "noise-seed-02-open", "step": 51, "loss_before_step": 0.000934600830078125, "elapsed_seconds": 15.637068866984919}
{"stage": "optimizer_step", "run_id": "noise-seed-02-open", "step": 52, "loss_before_step": 0.0009002685546875, "elapsed_seconds": 15.899481617147103}
{"stage": "optimizer_step", "run_id": "noise-seed-02-open", "step": 53, "loss_before_step": 0.000980377197265625, "elapsed_seconds": 16.164762057131156}
{"stage": "optimizer_step", "run_id": "noise-seed-02-open", "step": 54, "loss_before_step": 0.000865936279296875, "elapsed_seconds": 16.42948473803699}
{"stage": "optimizer_step", "run_id": "noise-seed-02-open", "step": 55, "loss_before_step": 0.000782012939453125, "elapsed_seconds": 16.693460151087493}
{"stage": "optimizer_step", "run_id": "noise-seed-02-open", "step": 56, "loss_before_step": 0.000705718994140625, "elapsed_seconds": 16.956531330943108}
{"stage": "optimizer_step", "run_id": "noise-seed-02-open", "step": 57, "loss_before_step": 0.000843048095703125, "elapsed_seconds": 17.218830183148384}
{"stage": "optimizer_step", "run_id": "noise-seed-02-open", "step": 58, "loss_before_step": 0.00081634521484375, "elapsed_seconds": 17.481927503133193}
{"stage": "optimizer_step", "run_id": "noise-seed-02-open", "step": 59, "loss_before_step": 0.000720977783203125, "elapsed_seconds": 17.74449576297775}
{"stage": "optimizer_step", "run_id": "noise-seed-02-open", "step": 60, "loss_before_step": 0.000690460205078125, "elapsed_seconds": 18.013345061102882}
{"stage": "optimizer_step", "run_id": "noise-seed-02-open", "step": 61, "loss_before_step": 0.000553131103515625, "elapsed_seconds": 18.279646374983713}
{"stage": "optimizer_step", "run_id": "noise-seed-02-open", "step": 62, "loss_before_step": 0.0005340576171875, "elapsed_seconds": 18.542893460951746}
{"stage": "optimizer_step", "run_id": "noise-seed-02-open", "step": 63, "loss_before_step": 0.000568389892578125, "elapsed_seconds": 18.809236417058855}
{"stage": "optimizer_step", "run_id": "noise-seed-02-open", "step": 64, "loss_before_step": 0.000629425048828125, "elapsed_seconds": 19.072377098025754}
{"stage": "optimizer_step", "run_id": "noise-seed-02-open", "step": 65, "loss_before_step": 0.00063323974609375, "elapsed_seconds": 20.890471260994673}
{"stage": "optimizer_step", "run_id": "noise-seed-02-open", "step": 66, "loss_before_step": 0.00054168701171875, "elapsed_seconds": 21.16136891511269}
{"stage": "optimizer_step", "run_id": "noise-seed-02-open", "step": 67, "loss_before_step": 0.000476837158203125, "elapsed_seconds": 21.42351471306756}
{"stage": "optimizer_step", "run_id": "noise-seed-02-open", "step": 68, "loss_before_step": 0.00058746337890625, "elapsed_seconds": 21.685951135121286}
{"stage": "optimizer_step", "run_id": "noise-seed-02-open", "step": 69, "loss_before_step": 0.0004730224609375, "elapsed_seconds": 21.94822949799709}
{"stage": "optimizer_step", "run_id": "noise-seed-02-open", "step": 70, "loss_before_step": 0.0005340576171875, "elapsed_seconds": 22.211616494925693}
{"stage": "optimizer_step", "run_id": "noise-seed-02-open", "step": 71, "loss_before_step": 0.00042724609375, "elapsed_seconds": 22.474266722099856}
{"stage": "optimizer_step", "run_id": "noise-seed-02-open", "step": 72, "loss_before_step": 0.000453948974609375, "elapsed_seconds": 22.737544673960656}
{"stage": "optimizer_step", "run_id": "noise-seed-02-open", "step": 73, "loss_before_step": 0.000438690185546875, "elapsed_seconds": 23.001472014002502}
{"stage": "optimizer_step", "run_id": "noise-seed-02-open", "step": 74, "loss_before_step": 0.0004119873046875, "elapsed_seconds": 23.267652980983257}
{"stage": "optimizer_step", "run_id": "noise-seed-02-open", "step": 75, "loss_before_step": 0.00042724609375, "elapsed_seconds": 23.535642337054014}
{"stage": "optimizer_step", "run_id": "noise-seed-02-open", "step": 76, "loss_before_step": 0.00048065185546875, "elapsed_seconds": 23.798480757977813}
{"stage": "optimizer_step", "run_id": "noise-seed-02-open", "step": 77, "loss_before_step": 0.00040435791015625, "elapsed_seconds": 24.061479383148253}
{"stage": "optimizer_step", "run_id": "noise-seed-02-open", "step": 78, "loss_before_step": 0.0004730224609375, "elapsed_seconds": 24.327388362027705}
{"stage": "optimizer_step", "run_id": "noise-seed-02-open", "step": 79, "loss_before_step": 0.00034332275390625, "elapsed_seconds": 24.591577213956043}
{"stage": "optimizer_step", "run_id": "noise-seed-02-open", "step": 80, "loss_before_step": 0.000377655029296875, "elapsed_seconds": 24.855024483054876}
{"stage": "optimizer_step", "run_id": "noise-seed-02-open", "step": 81, "loss_before_step": 0.000377655029296875, "elapsed_seconds": 25.123609001981094}
{"stage": "optimizer_step", "run_id": "noise-seed-02-open", "step": 82, "loss_before_step": 0.000385284423828125, "elapsed_seconds": 25.386864880099893}
{"stage": "optimizer_step", "run_id": "noise-seed-02-open", "step": 83, "loss_before_step": 0.0003814697265625, "elapsed_seconds": 25.65056417696178}
{"stage": "optimizer_step", "run_id": "noise-seed-02-open", "step": 84, "loss_before_step": 0.000377655029296875, "elapsed_seconds": 25.916526780929416}
{"stage": "optimizer_step", "run_id": "noise-seed-02-open", "step": 85, "loss_before_step": 0.00034332275390625, "elapsed_seconds": 26.178685036022216}
{"stage": "optimizer_step", "run_id": "noise-seed-02-open", "step": 86, "loss_before_step": 0.00040435791015625, "elapsed_seconds": 26.442286059027538}
{"stage": "optimizer_step", "run_id": "noise-seed-02-open", "step": 87, "loss_before_step": 0.0003662109375, "elapsed_seconds": 26.710570495110005}
{"stage": "optimizer_step", "run_id": "noise-seed-02-open", "step": 88, "loss_before_step": 0.00037384033203125, "elapsed_seconds": 26.975404522148892}
{"stage": "optimizer_step", "run_id": "noise-seed-02-open", "step": 89, "loss_before_step": 0.0003814697265625, "elapsed_seconds": 27.24349052994512}
{"stage": "optimizer_step", "run_id": "noise-seed-02-open", "step": 90, "loss_before_step": 0.000347137451171875, "elapsed_seconds": 27.50807882891968}
{"stage": "optimizer_step", "run_id": "noise-seed-02-open", "step": 91, "loss_before_step": 0.000377655029296875, "elapsed_seconds": 27.771354224998504}
{"stage": "optimizer_step", "run_id": "noise-seed-02-open", "step": 92, "loss_before_step": 0.00029754638671875, "elapsed_seconds": 28.034185249125585}
{"stage": "optimizer_step", "run_id": "noise-seed-02-open", "step": 93, "loss_before_step": 0.0003662109375, "elapsed_seconds": 28.30631535104476}
{"stage": "optimizer_step", "run_id": "noise-seed-02-open", "step": 94, "loss_before_step": 0.000331878662109375, "elapsed_seconds": 28.568402565084398}
{"stage": "optimizer_step", "run_id": "noise-seed-02-open", "step": 95, "loss_before_step": 0.000339508056640625, "elapsed_seconds": 28.83517610002309}
{"stage": "optimizer_step", "run_id": "noise-seed-02-open", "step": 96, "loss_before_step": 0.0003509521484375, "elapsed_seconds": 29.09906633500941}
{"stage": "optimizer_step", "run_id": "noise-seed-02-open", "step": 97, "loss_before_step": 0.000293731689453125, "elapsed_seconds": 29.36148288892582}
{"stage": "optimizer_step", "run_id": "noise-seed-02-open", "step": 98, "loss_before_step": 0.000278472900390625, "elapsed_seconds": 29.62505793501623}
{"stage": "optimizer_step", "run_id": "noise-seed-02-open", "step": 99, "loss_before_step": 0.00030517578125, "elapsed_seconds": 29.888107140082866}
{"stage": "optimizer_step", "run_id": "noise-seed-02-open", "step": 100, "loss_before_step": 0.00034332275390625, "elapsed_seconds": 30.151833306998014}
{"stage": "optimizer_step", "run_id": "noise-seed-02-open", "step": 101, "loss_before_step": 0.00026702880859375, "elapsed_seconds": 30.415310428012162}
{"stage": "optimizer_step", "run_id": "noise-seed-02-open", "step": 102, "loss_before_step": 0.000278472900390625, "elapsed_seconds": 30.67762377206236}
{"stage": "optimizer_step", "run_id": "noise-seed-02-open", "step": 103, "loss_before_step": 0.000274658203125, "elapsed_seconds": 30.939102406147867}
{"stage": "optimizer_step", "run_id": "noise-seed-02-open", "step": 104, "loss_before_step": 0.00028228759765625, "elapsed_seconds": 31.210951128974557}
{"stage": "optimizer_step", "run_id": "noise-seed-02-open", "step": 105, "loss_before_step": 0.000286102294921875, "elapsed_seconds": 31.473511320073158}
{"stage": "optimizer_step", "run_id": "noise-seed-02-open", "step": 106, "loss_before_step": 0.00022125244140625, "elapsed_seconds": 31.737847237149253}
{"stage": "optimizer_step", "run_id": "noise-seed-02-open", "step": 107, "loss_before_step": 0.000270843505859375, "elapsed_seconds": 32.000286523019895}
{"stage": "optimizer_step", "run_id": "noise-seed-02-open", "step": 108, "loss_before_step": 0.00028228759765625, "elapsed_seconds": 32.262260754127055}
{"stage": "optimizer_step", "run_id": "noise-seed-02-open", "step": 109, "loss_before_step": 0.00029754638671875, "elapsed_seconds": 32.5247560441494}
{"stage": "optimizer_step", "run_id": "noise-seed-02-open", "step": 110, "loss_before_step": 0.00023651123046875, "elapsed_seconds": 32.786624846979976}
{"stage": "optimizer_step", "run_id": "noise-seed-02-open", "step": 111, "loss_before_step": 0.000225067138671875, "elapsed_seconds": 33.04893919499591}
{"stage": "optimizer_step", "run_id": "noise-seed-02-open", "step": 112, "loss_before_step": 0.0002593994140625, "elapsed_seconds": 33.316194718005136}
{"stage": "optimizer_step", "run_id": "noise-seed-02-open", "step": 113, "loss_before_step": 0.000240325927734375, "elapsed_seconds": 33.57974091311917}
{"stage": "optimizer_step", "run_id": "noise-seed-02-open", "step": 114, "loss_before_step": 0.0002288818359375, "elapsed_seconds": 33.84736636211164}
{"stage": "optimizer_step", "run_id": "noise-seed-02-open", "step": 115, "loss_before_step": 0.000213623046875, "elapsed_seconds": 34.115796976024285}
{"stage": "optimizer_step", "run_id": "noise-seed-02-open", "step": 116, "loss_before_step": 0.000247955322265625, "elapsed_seconds": 34.37880328297615}
{"stage": "optimizer_step", "run_id": "noise-seed-02-open", "step": 117, "loss_before_step": 0.00026702880859375, "elapsed_seconds": 34.64492334914394}
{"stage": "optimizer_step", "run_id": "noise-seed-02-open", "step": 118, "loss_before_step": 0.000274658203125, "elapsed_seconds": 34.90876489505172}
{"stage": "optimizer_step", "run_id": "noise-seed-02-open", "step": 119, "loss_before_step": 0.000263214111328125, "elapsed_seconds": 35.173527538077906}
{"stage": "optimizer_step", "run_id": "noise-seed-02-open", "step": 120, "loss_before_step": 0.000232696533203125, "elapsed_seconds": 35.440246619982645}
{"stage": "optimizer_step", "run_id": "noise-seed-02-open", "step": 121, "loss_before_step": 0.000202178955078125, "elapsed_seconds": 35.70270150899887}
{"stage": "optimizer_step", "run_id": "noise-seed-02-open", "step": 122, "loss_before_step": 0.000293731689453125, "elapsed_seconds": 35.97357313800603}
{"stage": "optimizer_step", "run_id": "noise-seed-02-open", "step": 123, "loss_before_step": 0.000244140625, "elapsed_seconds": 36.236614604946226}
{"stage": "optimizer_step", "run_id": "noise-seed-02-open", "step": 124, "loss_before_step": 0.00026702880859375, "elapsed_seconds": 36.499927554046735}
{"stage": "optimizer_step", "run_id": "noise-seed-02-open", "step": 125, "loss_before_step": 0.00020599365234375, "elapsed_seconds": 36.762849817052484}
{"stage": "optimizer_step", "run_id": "noise-seed-02-open", "step": 126, "loss_before_step": 0.000213623046875, "elapsed_seconds": 37.02631584391929}
{"stage": "optimizer_step", "run_id": "noise-seed-02-open", "step": 127, "loss_before_step": 0.000213623046875, "elapsed_seconds": 37.29980811313726}
{"stage": "optimizer_step", "run_id": "noise-seed-02-open", "step": 128, "loss_before_step": 0.000225067138671875, "elapsed_seconds": 37.56480350298807}
{"stage": "optimizer_step", "run_id": "noise-seed-02-open", "step": 129, "loss_before_step": 0.000209808349609375, "elapsed_seconds": 39.38352733012289}
{"stage": "optimizer_step", "run_id": "noise-seed-02-open", "step": 130, "loss_before_step": 0.000217437744140625, "elapsed_seconds": 39.64828615495935}
{"stage": "optimizer_step", "run_id": "noise-seed-02-open", "step": 131, "loss_before_step": 0.000209808349609375, "elapsed_seconds": 39.91117284796201}
{"stage": "optimizer_step", "run_id": "noise-seed-02-open", "step": 132, "loss_before_step": 0.000202178955078125, "elapsed_seconds": 40.174522266024724}
{"stage": "optimizer_step", "run_id": "noise-seed-02-open", "step": 133, "loss_before_step": 0.000240325927734375, "elapsed_seconds": 40.44320367393084}
{"stage": "optimizer_step", "run_id": "noise-seed-02-open", "step": 134, "loss_before_step": 0.000194549560546875, "elapsed_seconds": 40.706915338058025}
{"stage": "optimizer_step", "run_id": "noise-seed-02-open", "step": 135, "loss_before_step": 0.0002288818359375, "elapsed_seconds": 40.96874564094469}
{"stage": "optimizer_step", "run_id": "noise-seed-02-open", "step": 136, "loss_before_step": 0.000179290771484375, "elapsed_seconds": 41.23255116608925}
{"stage": "optimizer_step", "run_id": "noise-seed-02-open", "step": 137, "loss_before_step": 0.0001678466796875, "elapsed_seconds": 41.49988092808053}
{"stage": "optimizer_step", "run_id": "noise-seed-02-open", "step": 138, "loss_before_step": 0.00018310546875, "elapsed_seconds": 41.763747038086876}
{"stage": "optimizer_step", "run_id": "noise-seed-02-open", "step": 139, "loss_before_step": 0.00022125244140625, "elapsed_seconds": 42.02615857310593}
{"stage": "optimizer_step", "run_id": "noise-seed-02-open", "step": 140, "loss_before_step": 0.000209808349609375, "elapsed_seconds": 42.28845611400902}
{"stage": "optimizer_step", "run_id": "noise-seed-02-open", "step": 141, "loss_before_step": 0.00020599365234375, "elapsed_seconds": 42.550717524951324}
{"stage": "optimizer_step", "run_id": "noise-seed-02-open", "step": 142, "loss_before_step": 0.000194549560546875, "elapsed_seconds": 42.814640691969544}
{"stage": "optimizer_step", "run_id": "noise-seed-02-open", "step": 143, "loss_before_step": 0.00019073486328125, "elapsed_seconds": 43.081546371104196}
{"stage": "optimizer_step", "run_id": "noise-seed-02-open", "step": 144, "loss_before_step": 0.00018310546875, "elapsed_seconds": 43.34734014002606}
{"stage": "optimizer_step", "run_id": "noise-seed-02-open", "step": 145, "loss_before_step": 0.000213623046875, "elapsed_seconds": 43.61024698195979}
{"stage": "optimizer_step", "run_id": "noise-seed-02-open", "step": 146, "loss_before_step": 0.00017547607421875, "elapsed_seconds": 43.8804786670953}
{"stage": "optimizer_step", "run_id": "noise-seed-02-open", "step": 147, "loss_before_step": 0.00018310546875, "elapsed_seconds": 44.144136616028845}
{"stage": "optimizer_step", "run_id": "noise-seed-02-open", "step": 148, "loss_before_step": 0.000156402587890625, "elapsed_seconds": 44.407964664977044}
{"stage": "optimizer_step", "run_id": "noise-seed-02-open", "step": 149, "loss_before_step": 0.000194549560546875, "elapsed_seconds": 44.671601122943684}
{"stage": "optimizer_step", "run_id": "noise-seed-02-open", "step": 150, "loss_before_step": 0.000141143798828125, "elapsed_seconds": 44.936957721132785}
{"stage": "optimizer_step", "run_id": "noise-seed-02-open", "step": 151, "loss_before_step": 0.000156402587890625, "elapsed_seconds": 45.21119904401712}
{"stage": "optimizer_step", "run_id": "noise-seed-02-open", "step": 152, "loss_before_step": 0.0001678466796875, "elapsed_seconds": 45.475202657980844}
{"stage": "optimizer_step", "run_id": "noise-seed-02-open", "step": 153, "loss_before_step": 0.000186920166015625, "elapsed_seconds": 45.74243666091934}
{"stage": "optimizer_step", "run_id": "noise-seed-02-open", "step": 154, "loss_before_step": 0.000202178955078125, "elapsed_seconds": 46.01023506000638}
{"stage": "optimizer_step", "run_id": "noise-seed-02-open", "step": 155, "loss_before_step": 0.000171661376953125, "elapsed_seconds": 46.275229918072}
{"stage": "optimizer_step", "run_id": "noise-seed-02-open", "step": 156, "loss_before_step": 0.00017547607421875, "elapsed_seconds": 46.53928236896172}
{"stage": "optimizer_step", "run_id": "noise-seed-02-open", "step": 157, "loss_before_step": 0.000171661376953125, "elapsed_seconds": 46.80115141812712}
{"stage": "optimizer_step", "run_id": "noise-seed-02-open", "step": 158, "loss_before_step": 0.000186920166015625, "elapsed_seconds": 47.06714023114182}
{"stage": "optimizer_step", "run_id": "noise-seed-02-open", "step": 159, "loss_before_step": 0.000186920166015625, "elapsed_seconds": 47.330677018966526}
{"stage": "optimizer_step", "run_id": "noise-seed-02-open", "step": 160, "loss_before_step": 0.00014495849609375, "elapsed_seconds": 47.59255223511718}
{"stage": "optimizer_step", "run_id": "noise-seed-02-open", "step": 161, "loss_before_step": 0.000179290771484375, "elapsed_seconds": 47.8551759570837}
{"stage": "optimizer_step", "run_id": "noise-seed-02-open", "step": 162, "loss_before_step": 0.00016021728515625, "elapsed_seconds": 48.11750980699435}
{"stage": "optimizer_step", "run_id": "noise-seed-02-open", "step": 163, "loss_before_step": 0.000164031982421875, "elapsed_seconds": 48.38737477804534}
{"stage": "optimizer_step", "run_id": "noise-seed-02-open", "step": 164, "loss_before_step": 0.000148773193359375, "elapsed_seconds": 48.650116215925664}
{"stage": "optimizer_step", "run_id": "noise-seed-02-open", "step": 165, "loss_before_step": 0.000164031982421875, "elapsed_seconds": 48.918555305106565}
{"stage": "optimizer_step", "run_id": "noise-seed-02-open", "step": 166, "loss_before_step": 0.00016021728515625, "elapsed_seconds": 49.18236656696536}
{"stage": "optimizer_step", "run_id": "noise-seed-02-open", "step": 167, "loss_before_step": 0.000179290771484375, "elapsed_seconds": 49.449552800972015}
{"stage": "optimizer_step", "run_id": "noise-seed-02-open", "step": 168, "loss_before_step": 0.000156402587890625, "elapsed_seconds": 49.71205790503882}
{"stage": "optimizer_step", "run_id": "noise-seed-02-open", "step": 169, "loss_before_step": 0.000171661376953125, "elapsed_seconds": 49.974529918981716}
{"stage": "optimizer_step", "run_id": "noise-seed-02-open", "step": 170, "loss_before_step": 0.00016021728515625, "elapsed_seconds": 50.23716119606979}
{"stage": "optimizer_step", "run_id": "noise-seed-02-open", "step": 171, "loss_before_step": 0.000164031982421875, "elapsed_seconds": 50.50738530908711}
{"stage": "optimizer_step", "run_id": "noise-seed-02-open", "step": 172, "loss_before_step": 0.00012969970703125, "elapsed_seconds": 50.76933084707707}
{"stage": "optimizer_step", "run_id": "noise-seed-02-open", "step": 173, "loss_before_step": 0.00016021728515625, "elapsed_seconds": 51.03531459602527}
{"stage": "optimizer_step", "run_id": "noise-seed-02-open", "step": 174, "loss_before_step": 0.000148773193359375, "elapsed_seconds": 51.29901745496318}
{"stage": "optimizer_step", "run_id": "noise-seed-02-open", "step": 175, "loss_before_step": 0.0001678466796875, "elapsed_seconds": 51.561449337983504}
{"stage": "optimizer_step", "run_id": "noise-seed-02-open", "step": 176, "loss_before_step": 0.000164031982421875, "elapsed_seconds": 51.831016974058}
{"stage": "optimizer_step", "run_id": "noise-seed-02-open", "step": 177, "loss_before_step": 0.000164031982421875, "elapsed_seconds": 52.09511713311076}
{"stage": "optimizer_step", "run_id": "noise-seed-02-open", "step": 178, "loss_before_step": 0.000133514404296875, "elapsed_seconds": 52.35733481310308}
{"stage": "optimizer_step", "run_id": "noise-seed-02-open", "step": 179, "loss_before_step": 0.000148773193359375, "elapsed_seconds": 52.62023535207845}
{"stage": "optimizer_step", "run_id": "noise-seed-02-open", "step": 180, "loss_before_step": 0.000156402587890625, "elapsed_seconds": 52.882799417944625}
{"stage": "optimizer_step", "run_id": "noise-seed-02-open", "step": 181, "loss_before_step": 0.000141143798828125, "elapsed_seconds": 53.14444847498089}
{"stage": "optimizer_step", "run_id": "noise-seed-02-open", "step": 182, "loss_before_step": 0.000156402587890625, "elapsed_seconds": 53.4064325010404}
{"stage": "optimizer_step", "run_id": "noise-seed-02-open", "step": 183, "loss_before_step": 0.00016021728515625, "elapsed_seconds": 53.670605432009324}
{"stage": "optimizer_step", "run_id": "noise-seed-02-open", "step": 184, "loss_before_step": 0.00014495849609375, "elapsed_seconds": 53.934381030034274}
{"stage": "optimizer_step", "run_id": "noise-seed-02-open", "step": 185, "loss_before_step": 0.000141143798828125, "elapsed_seconds": 54.19705032813363}
{"stage": "optimizer_step", "run_id": "noise-seed-02-open", "step": 186, "loss_before_step": 0.000141143798828125, "elapsed_seconds": 54.45846476312727}
{"stage": "optimizer_step", "run_id": "noise-seed-02-open", "step": 187, "loss_before_step": 0.000152587890625, "elapsed_seconds": 54.720987915061414}
{"stage": "optimizer_step", "run_id": "noise-seed-02-open", "step": 188, "loss_before_step": 0.000164031982421875, "elapsed_seconds": 54.99124015192501}
{"stage": "optimizer_step", "run_id": "noise-seed-02-open", "step": 189, "loss_before_step": 0.00018310546875, "elapsed_seconds": 55.25918759708293}
{"stage": "optimizer_step", "run_id": "noise-seed-02-open", "step": 190, "loss_before_step": 0.000133514404296875, "elapsed_seconds": 55.53146483004093}
{"stage": "optimizer_step", "run_id": "noise-seed-02-open", "step": 191, "loss_before_step": 0.000152587890625, "elapsed_seconds": 55.800796358147636}
{"stage": "optimizer_step", "run_id": "noise-seed-02-open", "step": 192, "loss_before_step": 0.000125885009765625, "elapsed_seconds": 56.073620609007776}
{"stage": "optimizer_step", "run_id": "noise-seed-02-open", "step": 193, "loss_before_step": 0.000125885009765625, "elapsed_seconds": 57.88671177113429}
{"stage": "optimizer_step", "run_id": "noise-seed-02-open", "step": 194, "loss_before_step": 0.000156402587890625, "elapsed_seconds": 58.15300510311499}
{"stage": "optimizer_step", "run_id": "noise-seed-02-open", "step": 195, "loss_before_step": 0.00014495849609375, "elapsed_seconds": 58.42980388994329}
{"stage": "optimizer_step", "run_id": "noise-seed-02-open", "step": 196, "loss_before_step": 0.000148773193359375, "elapsed_seconds": 58.695104439975694}
{"stage": "optimizer_step", "run_id": "noise-seed-02-open", "step": 197, "loss_before_step": 0.000164031982421875, "elapsed_seconds": 58.96096124104224}
{"stage": "optimizer_step", "run_id": "noise-seed-02-open", "step": 198, "loss_before_step": 0.000141143798828125, "elapsed_seconds": 59.22395535814576}
{"stage": "optimizer_step", "run_id": "noise-seed-02-open", "step": 199, "loss_before_step": 0.000141143798828125, "elapsed_seconds": 59.4891020830255}
{"stage": "optimizer_step", "run_id": "noise-seed-02-open", "step": 200, "loss_before_step": 0.000156402587890625, "elapsed_seconds": 59.75151883903891}
{"stage": "optimizer_step", "run_id": "noise-seed-02-open", "step": 201, "loss_before_step": 0.0001220703125, "elapsed_seconds": 60.01872581592761}
{"stage": "optimizer_step", "run_id": "noise-seed-02-open", "step": 202, "loss_before_step": 0.00014495849609375, "elapsed_seconds": 60.28604203206487}
{"stage": "optimizer_step", "run_id": "noise-seed-02-open", "step": 203, "loss_before_step": 0.00016021728515625, "elapsed_seconds": 60.55261683114804}
{"stage": "optimizer_step", "run_id": "noise-seed-02-open", "step": 204, "loss_before_step": 0.00012969970703125, "elapsed_seconds": 60.82112346100621}
{"stage": "optimizer_step", "run_id": "noise-seed-02-open", "step": 205, "loss_before_step": 0.00012969970703125, "elapsed_seconds": 61.08290002401918}
{"stage": "optimizer_step", "run_id": "noise-seed-02-open", "step": 206, "loss_before_step": 0.0001373291015625, "elapsed_seconds": 61.35249944892712}
{"stage": "optimizer_step", "run_id": "noise-seed-02-open", "step": 207, "loss_before_step": 0.0001678466796875, "elapsed_seconds": 61.622803044039756}
{"stage": "optimizer_step", "run_id": "noise-seed-02-open", "step": 208, "loss_before_step": 0.0001678466796875, "elapsed_seconds": 61.887700435938314}
{"stage": "optimizer_step", "run_id": "noise-seed-02-open", "step": 209, "loss_before_step": 0.000133514404296875, "elapsed_seconds": 62.15634719398804}
{"stage": "optimizer_step", "run_id": "noise-seed-02-open", "step": 210, "loss_before_step": 0.000133514404296875, "elapsed_seconds": 62.418928902130574}
{"stage": "optimizer_step", "run_id": "noise-seed-02-open", "step": 211, "loss_before_step": 0.0001220703125, "elapsed_seconds": 62.68164918292314}
{"stage": "optimizer_step", "run_id": "noise-seed-02-open", "step": 212, "loss_before_step": 0.000152587890625, "elapsed_seconds": 62.94661356508732}
{"stage": "optimizer_step", "run_id": "noise-seed-02-open", "step": 213, "loss_before_step": 0.000156402587890625, "elapsed_seconds": 63.21396360103972}
{"stage": "optimizer_step", "run_id": "noise-seed-02-open", "step": 214, "loss_before_step": 0.00012969970703125, "elapsed_seconds": 63.47649356094189}
{"stage": "optimizer_step", "run_id": "noise-seed-02-open", "step": 215, "loss_before_step": 0.000125885009765625, "elapsed_seconds": 63.744170495076105}
{"stage": "optimizer_step", "run_id": "noise-seed-02-open", "step": 216, "loss_before_step": 0.0001373291015625, "elapsed_seconds": 64.00697130896151}
{"stage": "optimizer_step", "run_id": "noise-seed-02-open", "step": 217, "loss_before_step": 0.000125885009765625, "elapsed_seconds": 64.26965375407599}
{"stage": "optimizer_step", "run_id": "noise-seed-02-open", "step": 218, "loss_before_step": 0.000141143798828125, "elapsed_seconds": 64.54402063600719}
{"stage": "optimizer_step", "run_id": "noise-seed-02-open", "step": 219, "loss_before_step": 0.000152587890625, "elapsed_seconds": 64.81289222696796}
{"stage": "optimizer_step", "run_id": "noise-seed-02-open", "step": 220, "loss_before_step": 0.00012969970703125, "elapsed_seconds": 65.08011981309392}
{"stage": "optimizer_step", "run_id": "noise-seed-02-open", "step": 221, "loss_before_step": 0.000152587890625, "elapsed_seconds": 65.34684732207097}
{"stage": "optimizer_step", "run_id": "noise-seed-02-open", "step": 222, "loss_before_step": 0.000141143798828125, "elapsed_seconds": 65.6103936501313}
{"stage": "optimizer_step", "run_id": "noise-seed-02-open", "step": 223, "loss_before_step": 0.0001373291015625, "elapsed_seconds": 65.87884102296084}
{"stage": "optimizer_step", "run_id": "noise-seed-02-open", "step": 224, "loss_before_step": 0.00011444091796875, "elapsed_seconds": 66.14535068301484}
{"stage": "optimizer_step", "run_id": "noise-seed-02-open", "step": 225, "loss_before_step": 0.000148773193359375, "elapsed_seconds": 66.41120206913911}
{"stage": "optimizer_step", "run_id": "noise-seed-02-open", "step": 226, "loss_before_step": 0.000125885009765625, "elapsed_seconds": 66.67423226800747}
{"stage": "optimizer_step", "run_id": "noise-seed-02-open", "step": 227, "loss_before_step": 0.00014495849609375, "elapsed_seconds": 66.94414488505572}
{"stage": "optimizer_step", "run_id": "noise-seed-02-open", "step": 228, "loss_before_step": 0.0001220703125, "elapsed_seconds": 67.20843716012314}
{"stage": "optimizer_step", "run_id": "noise-seed-02-open", "step": 229, "loss_before_step": 0.000118255615234375, "elapsed_seconds": 67.47397997695953}
{"stage": "optimizer_step", "run_id": "noise-seed-02-open", "step": 230, "loss_before_step": 0.0001220703125, "elapsed_seconds": 67.73590103210881}
{"stage": "optimizer_step", "run_id": "noise-seed-02-open", "step": 231, "loss_before_step": 0.0001220703125, "elapsed_seconds": 67.99788626492955}
{"stage": "optimizer_step", "run_id": "noise-seed-02-open", "step": 232, "loss_before_step": 0.000125885009765625, "elapsed_seconds": 68.2635209010914}
{"stage": "optimizer_step", "run_id": "noise-seed-02-open", "step": 233, "loss_before_step": 0.0001373291015625, "elapsed_seconds": 68.52584184310399}
{"stage": "optimizer_step", "run_id": "noise-seed-02-open", "step": 234, "loss_before_step": 0.00012969970703125, "elapsed_seconds": 68.78847189899534}
{"stage": "optimizer_step", "run_id": "noise-seed-02-open", "step": 235, "loss_before_step": 0.000110626220703125, "elapsed_seconds": 69.05446845013648}
{"stage": "optimizer_step", "run_id": "noise-seed-02-open", "step": 236, "loss_before_step": 0.000110626220703125, "elapsed_seconds": 69.3238323200494}
{"stage": "optimizer_step", "run_id": "noise-seed-02-open", "step": 237, "loss_before_step": 0.000118255615234375, "elapsed_seconds": 69.58585908613168}
{"stage": "optimizer_step", "run_id": "noise-seed-02-open", "step": 238, "loss_before_step": 0.000118255615234375, "elapsed_seconds": 69.85870874207467}
{"stage": "optimizer_step", "run_id": "noise-seed-02-open", "step": 239, "loss_before_step": 0.0001068115234375, "elapsed_seconds": 70.12086150492541}
{"stage": "optimizer_step", "run_id": "noise-seed-02-open", "step": 240, "loss_before_step": 0.0001220703125, "elapsed_seconds": 70.3903718451038}
{"stage": "optimizer_step", "run_id": "noise-seed-02-open", "step": 241, "loss_before_step": 0.000110626220703125, "elapsed_seconds": 70.662309814943}
{"stage": "optimizer_step", "run_id": "noise-seed-02-open", "step": 242, "loss_before_step": 0.000118255615234375, "elapsed_seconds": 70.92624536599033}
{"stage": "optimizer_step", "run_id": "noise-seed-02-open", "step": 243, "loss_before_step": 0.0001220703125, "elapsed_seconds": 71.19608291913755}
{"stage": "optimizer_step", "run_id": "noise-seed-02-open", "step": 244, "loss_before_step": 0.000125885009765625, "elapsed_seconds": 71.46242636698298}
{"stage": "optimizer_step", "run_id": "noise-seed-02-open", "step": 245, "loss_before_step": 0.00011444091796875, "elapsed_seconds": 71.72895274800248}
{"stage": "optimizer_step", "run_id": "noise-seed-02-open", "step": 246, "loss_before_step": 0.0001220703125, "elapsed_seconds": 71.99426504713483}
{"stage": "optimizer_step", "run_id": "noise-seed-02-open", "step": 247, "loss_before_step": 0.00011444091796875, "elapsed_seconds": 72.25664078793488}
{"stage": "optimizer_step", "run_id": "noise-seed-02-open", "step": 248, "loss_before_step": 0.000133514404296875, "elapsed_seconds": 72.52226952300407}
{"stage": "optimizer_step", "run_id": "noise-seed-02-open", "step": 249, "loss_before_step": 0.00012969970703125, "elapsed_seconds": 72.78526980010793}
{"stage": "optimizer_step", "run_id": "noise-seed-02-open", "step": 250, "loss_before_step": 0.00011444091796875, "elapsed_seconds": 73.04984616604634}
{"stage": "optimizer_step", "run_id": "noise-seed-02-open", "step": 251, "loss_before_step": 0.000118255615234375, "elapsed_seconds": 73.3188110049814}
{"stage": "optimizer_step", "run_id": "noise-seed-02-open", "step": 252, "loss_before_step": 0.00012969970703125, "elapsed_seconds": 73.58159594004974}
{"stage": "optimizer_step", "run_id": "noise-seed-02-open", "step": 253, "loss_before_step": 0.0001220703125, "elapsed_seconds": 73.84920621593483}
{"stage": "optimizer_step", "run_id": "noise-seed-02-open", "step": 254, "loss_before_step": 0.000118255615234375, "elapsed_seconds": 74.11122396006249}
{"stage": "optimizer_step", "run_id": "noise-seed-02-open", "step": 255, "loss_before_step": 0.000110626220703125, "elapsed_seconds": 74.3770927709993}
{"stage": "optimizer_step", "run_id": "noise-seed-02-open", "step": 256, "loss_before_step": 0.0001068115234375, "elapsed_seconds": 74.64262225711718}
{"stage": "endpoint_generation", "run_id": "noise-seed-02-open", "condition": "matched", "prompt_id": "original_open", "raw": "ambient"}
{"stage": "endpoint_generation", "run_id": "noise-seed-02-open", "condition": "matched", "prompt_id": "paraphrase_open", "raw": "ambient"}
{"stage": "endpoint_generation", "run_id": "noise-seed-02-open", "condition": "blank", "prompt_id": "original_open", "raw": "No music preference recorded."}
{"stage": "endpoint_generation", "run_id": "noise-seed-02-open", "condition": "blank", "prompt_id": "paraphrase_open", "raw": "None"}
{"stage": "endpoint_generation", "run_id": "noise-seed-02-open", "condition": "fixed_donor", "prompt_id": "original_open", "raw": "Yellow, not indigo."}
{"stage": "endpoint_generation", "run_id": "noise-seed-02-open", "condition": "fixed_donor", "prompt_id": "paraphrase_open", "raw": "Yellow, not indigo."}
{"stage": "optimizer_step", "run_id": "noise-seed-02-mcq", "step": 1, "loss_before_step": 26.000036239624023, "elapsed_seconds": 4.25190095603466}
{"stage": "optimizer_step", "run_id": "noise-seed-02-mcq", "step": 2, "loss_before_step": 18.45841407775879, "elapsed_seconds": 5.142991416854784}
{"stage": "optimizer_step", "run_id": "noise-seed-02-mcq", "step": 3, "loss_before_step": 23.875141143798828, "elapsed_seconds": 6.041452137986198}
{"stage": "optimizer_step", "run_id": "noise-seed-02-mcq", "step": 4, "loss_before_step": 20.046289443969727, "elapsed_seconds": 6.939593275077641}
{"stage": "optimizer_step", "run_id": "noise-seed-02-mcq", "step": 5, "loss_before_step": 6.061154365539551, "elapsed_seconds": 7.841818671906367}
{"stage": "optimizer_step", "run_id": "noise-seed-02-mcq", "step": 6, "loss_before_step": 5.468790054321289, "elapsed_seconds": 8.729843030916527}
{"stage": "optimizer_step", "run_id": "noise-seed-02-mcq", "step": 7, "loss_before_step": 3.3835840225219727, "elapsed_seconds": 9.621512023033574}
{"stage": "optimizer_step", "run_id": "noise-seed-02-mcq", "step": 8, "loss_before_step": 3.903848171234131, "elapsed_seconds": 10.507760651875287}
{"stage": "optimizer_step", "run_id": "noise-seed-02-mcq", "step": 9, "loss_before_step": 0.14164066314697266, "elapsed_seconds": 11.398757060989738}
{"stage": "optimizer_step", "run_id": "noise-seed-02-mcq", "step": 10, "loss_before_step": 0.002305828034877777, "elapsed_seconds": 12.297306685941294}
{"stage": "optimizer_step", "run_id": "noise-seed-02-mcq", "step": 11, "loss_before_step": 6.325901985168457, "elapsed_seconds": 13.193053284892812}
{"stage": "optimizer_step", "run_id": "noise-seed-02-mcq", "step": 12, "loss_before_step": 0.42162322998046875, "elapsed_seconds": 14.09070898895152}
{"stage": "optimizer_step", "run_id": "noise-seed-02-mcq", "step": 13, "loss_before_step": 0.04034137725830078, "elapsed_seconds": 14.99425753694959}
{"stage": "optimizer_step", "run_id": "noise-seed-02-mcq", "step": 14, "loss_before_step": 0.001790463924407959, "elapsed_seconds": 15.917217965004966}
{"stage": "optimizer_step", "run_id": "noise-seed-02-mcq", "step": 15, "loss_before_step": 0.020205259323120117, "elapsed_seconds": 16.819610603852198}
{"stage": "optimizer_step", "run_id": "noise-seed-02-mcq", "step": 16, "loss_before_step": 0.2938423156738281, "elapsed_seconds": 17.712363984901458}
{"stage": "optimizer_step", "run_id": "noise-seed-02-mcq", "step": 17, "loss_before_step": 0.006014585494995117, "elapsed_seconds": 18.600492917001247}
{"stage": "optimizer_step", "run_id": "noise-seed-02-mcq", "step": 18, "loss_before_step": 0.0011668503284454346, "elapsed_seconds": 19.492945588892326}
{"stage": "optimizer_step", "run_id": "noise-seed-02-mcq", "step": 19, "loss_before_step": 0.02303716540336609, "elapsed_seconds": 20.385735564865172}
{"stage": "optimizer_step", "run_id": "noise-seed-02-mcq", "step": 20, "loss_before_step": 0.033532142639160156, "elapsed_seconds": 21.2786246528849}
{"stage": "optimizer_step", "run_id": "noise-seed-02-mcq", "step": 21, "loss_before_step": 0.005560159683227539, "elapsed_seconds": 22.175846033962443}
{"stage": "optimizer_step", "run_id": "noise-seed-02-mcq", "step": 22, "loss_before_step": 0.0006077885627746582, "elapsed_seconds": 23.073973699938506}
{"stage": "optimizer_step", "run_id": "noise-seed-02-mcq", "step": 23, "loss_before_step": 0.010894685983657837, "elapsed_seconds": 23.96196672390215}
{"stage": "optimizer_step", "run_id": "noise-seed-02-mcq", "step": 24, "loss_before_step": 0.02229928970336914, "elapsed_seconds": 24.856930045876652}
{"stage": "optimizer_step", "run_id": "noise-seed-02-mcq", "step": 25, "loss_before_step": 0.003749370574951172, "elapsed_seconds": 25.753806019900367}
{"stage": "optimizer_step", "run_id": "noise-seed-02-mcq", "step": 26, "loss_before_step": 0.0007263161242008209, "elapsed_seconds": 26.64910629298538}
{"stage": "optimizer_step", "run_id": "noise-seed-02-mcq", "step": 27, "loss_before_step": 0.006604388356208801, "elapsed_seconds": 27.547198433894664}
{"stage": "optimizer_step", "run_id": "noise-seed-02-mcq", "step": 28, "loss_before_step": 0.006701469421386719, "elapsed_seconds": 28.446888278005645}
{"stage": "optimizer_step", "run_id": "noise-seed-02-mcq", "step": 29, "loss_before_step": 0.0017311573028564453, "elapsed_seconds": 29.343942646868527}
{"stage": "optimizer_step", "run_id": "noise-seed-02-mcq", "step": 30, "loss_before_step": 0.0002182498574256897, "elapsed_seconds": 30.234600452007726}
{"stage": "optimizer_step", "run_id": "noise-seed-02-mcq", "step": 31, "loss_before_step": 0.0022620558738708496, "elapsed_seconds": 31.127891038078815}
{"stage": "optimizer_step", "run_id": "noise-seed-02-mcq", "step": 32, "loss_before_step": 0.00348663330078125, "elapsed_seconds": 32.0174911308568}
{"stage": "optimizer_step", "run_id": "noise-seed-02-mcq", "step": 33, "loss_before_step": 0.0004994869232177734, "elapsed_seconds": 32.92295153485611}
{"stage": "optimizer_step", "run_id": "noise-seed-02-mcq", "step": 34, "loss_before_step": 0.00015472248196601868, "elapsed_seconds": 33.81554604205303}
{"stage": "optimizer_step", "run_id": "noise-seed-02-mcq", "step": 35, "loss_before_step": 0.0015291199088096619, "elapsed_seconds": 34.70127764903009}
{"stage": "optimizer_step", "run_id": "noise-seed-02-mcq", "step": 36, "loss_before_step": 0.0016200542449951172, "elapsed_seconds": 35.59219438000582}
{"stage": "optimizer_step", "run_id": "noise-seed-02-mcq", "step": 37, "loss_before_step": 0.0005004405975341797, "elapsed_seconds": 36.48650111397728}
{"stage": "optimizer_step", "run_id": "noise-seed-02-mcq", "step": 38, "loss_before_step": 0.00013517402112483978, "elapsed_seconds": 37.38019921886735}
{"stage": "optimizer_step", "run_id": "noise-seed-02-mcq", "step": 39, "loss_before_step": 0.0014059171080589294, "elapsed_seconds": 38.27236544387415}
{"stage": "optimizer_step", "run_id": "noise-seed-02-mcq", "step": 40, "loss_before_step": 0.0013729333877563477, "elapsed_seconds": 39.166223475011066}
{"stage": "optimizer_step", "run_id": "noise-seed-02-mcq", "step": 41, "loss_before_step": 0.0004260540008544922, "elapsed_seconds": 40.06507730996236}
{"stage": "optimizer_step", "run_id": "noise-seed-02-mcq", "step": 42, "loss_before_step": 0.00012408941984176636, "elapsed_seconds": 40.96441859193146}
{"stage": "optimizer_step", "run_id": "noise-seed-02-mcq", "step": 43, "loss_before_step": 0.0010826699435710907, "elapsed_seconds": 41.859425507020205}
{"stage": "optimizer_step", "run_id": "noise-seed-02-mcq", "step": 44, "loss_before_step": 0.0009745359420776367, "elapsed_seconds": 42.759945834986866}
{"stage": "optimizer_step", "run_id": "noise-seed-02-mcq", "step": 45, "loss_before_step": 0.0004438161849975586, "elapsed_seconds": 43.66450843703933}
{"stage": "optimizer_step", "run_id": "noise-seed-02-mcq", "step": 46, "loss_before_step": 0.00011276546865701675, "elapsed_seconds": 44.566949994070455}
{"stage": "optimizer_step", "run_id": "noise-seed-02-mcq", "step": 47, "loss_before_step": 0.0012577027082443237, "elapsed_seconds": 45.469231192953885}
{"stage": "optimizer_step", "run_id": "noise-seed-02-mcq", "step": 48, "loss_before_step": 0.0008957386016845703, "elapsed_seconds": 46.382026667008176}
{"stage": "optimizer_step", "run_id": "noise-seed-02-mcq", "step": 49, "loss_before_step": 0.0002904832363128662, "elapsed_seconds": 47.27859074086882}
{"stage": "optimizer_step", "run_id": "noise-seed-02-mcq", "step": 50, "loss_before_step": 0.000103706493973732, "elapsed_seconds": 48.17545215296559}
{"stage": "optimizer_step", "run_id": "noise-seed-02-mcq", "step": 51, "loss_before_step": 0.0010378919541835785, "elapsed_seconds": 49.073249626904726}
{"stage": "optimizer_step", "run_id": "noise-seed-02-mcq", "step": 52, "loss_before_step": 0.0004843473434448242, "elapsed_seconds": 49.9661964578554}
{"stage": "optimizer_step", "run_id": "noise-seed-02-mcq", "step": 53, "loss_before_step": 0.00030475854873657227, "elapsed_seconds": 50.87922520097345}
{"stage": "optimizer_step", "run_id": "noise-seed-02-mcq", "step": 54, "loss_before_step": 0.00010394491255283356, "elapsed_seconds": 51.790166018065065}
{"stage": "optimizer_step", "run_id": "noise-seed-02-mcq", "step": 55, "loss_before_step": 0.0009868033230304718, "elapsed_seconds": 52.68809230090119}
{"stage": "optimizer_step", "run_id": "noise-seed-02-mcq", "step": 56, "loss_before_step": 0.00040918588638305664, "elapsed_seconds": 53.58289051405154}
{"stage": "optimizer_step", "run_id": "noise-seed-02-mcq", "step": 57, "loss_before_step": 0.0002926290035247803, "elapsed_seconds": 54.476434835931286}
{"stage": "optimizer_step", "run_id": "noise-seed-02-mcq", "step": 58, "loss_before_step": 0.00010823644697666168, "elapsed_seconds": 55.36858117999509}
{"stage": "optimizer_step", "run_id": "noise-seed-02-mcq", "step": 59, "loss_before_step": 0.0009079612791538239, "elapsed_seconds": 56.264812865061685}
{"stage": "optimizer_step", "run_id": "noise-seed-02-mcq", "step": 60, "loss_before_step": 0.0004630088806152344, "elapsed_seconds": 57.15781684406102}
{"stage": "optimizer_step", "run_id": "noise-seed-02-mcq", "step": 61, "loss_before_step": 0.00021895766258239746, "elapsed_seconds": 58.065304305870086}
{"stage": "optimizer_step", "run_id": "noise-seed-02-mcq", "step": 62, "loss_before_step": 0.000103706493973732, "elapsed_seconds": 58.96298699895851}
{"stage": "optimizer_step", "run_id": "noise-seed-02-mcq", "step": 63, "loss_before_step": 0.0007584802806377411, "elapsed_seconds": 59.86149657587521}
{"stage": "optimizer_step", "run_id": "noise-seed-02-mcq", "step": 64, "loss_before_step": 0.0003917813301086426, "elapsed_seconds": 60.759089841041714}
{"stage": "optimizer_step", "run_id": "noise-seed-02-mcq", "step": 65, "loss_before_step": 0.0001960843801498413, "elapsed_seconds": 63.247652838006616}
{"stage": "optimizer_step", "run_id": "noise-seed-02-mcq", "step": 66, "loss_before_step": 8.570775389671326e-05, "elapsed_seconds": 64.15374019904993}
{"stage": "optimizer_step", "run_id": "noise-seed-02-mcq", "step": 67, "loss_before_step": 0.0006946288049221039, "elapsed_seconds": 65.05706068407744}
{"stage": "optimizer_step", "run_id": "noise-seed-02-mcq", "step": 68, "loss_before_step": 0.0002811849117279053, "elapsed_seconds": 65.95752853085287}
{"stage": "optimizer_step", "run_id": "noise-seed-02-mcq", "step": 69, "loss_before_step": 0.00019966065883636475, "elapsed_seconds": 66.84975970885716}
{"stage": "optimizer_step", "run_id": "noise-seed-02-mcq", "step": 70, "loss_before_step": 8.344277739524841e-05, "elapsed_seconds": 67.74839443201199}
{"stage": "optimizer_step", "run_id": "noise-seed-02-mcq", "step": 71, "loss_before_step": 0.000666515901684761, "elapsed_seconds": 68.65812916494906}
{"stage": "optimizer_step", "run_id": "noise-seed-02-mcq", "step": 72, "loss_before_step": 0.00030475854873657227, "elapsed_seconds": 69.57324628788047}
{"stage": "optimizer_step", "run_id": "noise-seed-02-mcq", "step": 73, "loss_before_step": 0.00019131600856781006, "elapsed_seconds": 70.47421865002252}
{"stage": "optimizer_step", "run_id": "noise-seed-02-mcq", "step": 74, "loss_before_step": 7.843691855669022e-05, "elapsed_seconds": 71.37054137093946}
{"stage": "optimizer_step", "run_id": "noise-seed-02-mcq", "step": 75, "loss_before_step": 0.0006129052489995956, "elapsed_seconds": 72.26584211201407}
{"stage": "optimizer_step", "run_id": "noise-seed-02-mcq", "step": 76, "loss_before_step": 0.00029715895652770996, "elapsed_seconds": 73.16341702803038}
{"stage": "optimizer_step", "run_id": "noise-seed-02-mcq", "step": 77, "loss_before_step": 0.00018392503261566162, "elapsed_seconds": 74.06951170391403}
{"stage": "optimizer_step", "run_id": "noise-seed-02-mcq", "step": 78, "loss_before_step": 7.509905844926834e-05, "elapsed_seconds": 74.97607015888207}
{"stage": "optimizer_step", "run_id": "noise-seed-02-mcq", "step": 79, "loss_before_step": 0.0005187839269638062, "elapsed_seconds": 75.88300474593416}
{"stage": "optimizer_step", "run_id": "noise-seed-02-mcq", "step": 80, "loss_before_step": 0.0002474486827850342, "elapsed_seconds": 76.78072833199985}
{"stage": "optimizer_step", "run_id": "noise-seed-02-mcq", "step": 81, "loss_before_step": 0.00018011033535003662, "elapsed_seconds": 77.67712018592283}
{"stage": "optimizer_step", "run_id": "noise-seed-02-mcq", "step": 82, "loss_before_step": 6.890064105391502e-05, "elapsed_seconds": 78.5729213450104}
{"stage": "optimizer_step", "run_id": "noise-seed-02-mcq", "step": 83, "loss_before_step": 0.0005153277888894081, "elapsed_seconds": 79.47471051895991}
{"stage": "optimizer_step", "run_id": "noise-seed-02-mcq", "step": 84, "loss_before_step": 0.0002688765525817871, "elapsed_seconds": 80.37046193890274}
{"stage": "optimizer_step", "run_id": "noise-seed-02-mcq", "step": 85, "loss_before_step": 0.0001656860113143921, "elapsed_seconds": 81.26858301786706}
{"stage": "optimizer_step", "run_id": "noise-seed-02-mcq", "step": 86, "loss_before_step": 6.46095722913742e-05, "elapsed_seconds": 82.16378503292799}
{"stage": "optimizer_step", "run_id": "noise-seed-02-mcq", "step": 87, "loss_before_step": 0.00043644942343235016, "elapsed_seconds": 83.05373953888193}
{"stage": "optimizer_step", "run_id": "noise-seed-02-mcq", "step": 88, "loss_before_step": 0.00020751357078552246, "elapsed_seconds": 83.9518662050832}
{"stage": "optimizer_step", "run_id": "noise-seed-02-mcq", "step": 89, "loss_before_step": 0.00017999112606048584, "elapsed_seconds": 84.84977664705366}
{"stage": "optimizer_step", "run_id": "noise-seed-02-mcq", "step": 90, "loss_before_step": 7.34301283955574e-05, "elapsed_seconds": 85.74834790895693}
{"stage": "optimizer_step", "run_id": "noise-seed-02-mcq", "step": 91, "loss_before_step": 0.0004561096429824829, "elapsed_seconds": 86.64993657800369}
{"stage": "optimizer_step", "run_id": "noise-seed-02-mcq", "step": 92, "loss_before_step": 0.00021669268608093262, "elapsed_seconds": 87.54184240708128}
{"stage": "optimizer_step", "run_id": "noise-seed-02-mcq", "step": 93, "loss_before_step": 0.00017045438289642334, "elapsed_seconds": 88.43148860591464}
{"stage": "optimizer_step", "run_id": "noise-seed-02-mcq", "step": 94, "loss_before_step": 6.592064164578915e-05, "elapsed_seconds": 89.32293873699382}
{"stage": "optimizer_step", "run_id": "noise-seed-02-mcq", "step": 95, "loss_before_step": 0.0005185455083847046, "elapsed_seconds": 90.21832634392194}
{"stage": "optimizer_step", "run_id": "noise-seed-02-mcq", "step": 96, "loss_before_step": 0.00016270577907562256, "elapsed_seconds": 91.1136268239934}
{"stage": "optimizer_step", "run_id": "noise-seed-02-mcq", "step": 97, "loss_before_step": 0.0001301690936088562, "elapsed_seconds": 92.00297762500122}
{"stage": "optimizer_step", "run_id": "noise-seed-02-mcq", "step": 98, "loss_before_step": 6.329803727567196e-05, "elapsed_seconds": 92.9017090338748}
{"stage": "optimizer_step", "run_id": "noise-seed-02-mcq", "step": 99, "loss_before_step": 0.0004014158621430397, "elapsed_seconds": 93.79892190196551}
{"stage": "optimizer_step", "run_id": "noise-seed-02-mcq", "step": 100, "loss_before_step": 0.0001830756664276123, "elapsed_seconds": 94.69678298500367}
{"stage": "optimizer_step", "run_id": "noise-seed-02-mcq", "step": 101, "loss_before_step": 0.0001656860113143921, "elapsed_seconds": 95.59305526991375}
{"stage": "optimizer_step", "run_id": "noise-seed-02-mcq", "step": 102, "loss_before_step": 7.045036181807518e-05, "elapsed_seconds": 96.49418812501244}
{"stage": "optimizer_step", "run_id": "noise-seed-02-mcq", "step": 103, "loss_before_step": 0.00039998628199100494, "elapsed_seconds": 97.38951076497324}
{"stage": "optimizer_step", "run_id": "noise-seed-02-mcq", "step": 104, "loss_before_step": 0.00021728873252868652, "elapsed_seconds": 98.2826964838896}
{"stage": "optimizer_step", "run_id": "noise-seed-02-mcq", "step": 105, "loss_before_step": 0.0001442357897758484, "elapsed_seconds": 99.18475643894635}
{"stage": "optimizer_step", "run_id": "noise-seed-02-mcq", "step": 106, "loss_before_step": 6.472878158092499e-05, "elapsed_seconds": 100.08154923794791}
{"stage": "optimizer_step", "run_id": "noise-seed-02-mcq", "step": 107, "loss_before_step": 0.00036948081105947495, "elapsed_seconds": 100.97699610306881}
{"stage": "optimizer_step", "run_id": "noise-seed-02-mcq", "step": 108, "loss_before_step": 0.00020751357078552246, "elapsed_seconds": 101.86799197597429}
{"stage": "optimizer_step", "run_id": "noise-seed-02-mcq", "step": 109, "loss_before_step": 0.00012492388486862183, "elapsed_seconds": 102.7664533329662}
{"stage": "optimizer_step", "run_id": "noise-seed-02-mcq", "step": 110, "loss_before_step": 6.198696792125702e-05, "elapsed_seconds": 103.6647058648523}
{"stage": "optimizer_step", "run_id": "noise-seed-02-mcq", "step": 111, "loss_before_step": 0.00041631143540143967, "elapsed_seconds": 104.5609985429328}
{"stage": "optimizer_step", "run_id": "noise-seed-02-mcq", "step": 112, "loss_before_step": 0.000162467360496521, "elapsed_seconds": 105.45633796299808}
{"stage": "optimizer_step", "run_id": "noise-seed-02-mcq", "step": 113, "loss_before_step": 0.00013112276792526245, "elapsed_seconds": 106.35395606397651}
{"stage": "optimizer_step", "run_id": "noise-seed-02-mcq", "step": 114, "loss_before_step": 5.936436355113983e-05, "elapsed_seconds": 107.2505733370781}
{"stage": "optimizer_step", "run_id": "noise-seed-02-mcq", "step": 115, "loss_before_step": 0.0004177410155534744, "elapsed_seconds": 108.14350930508226}
{"stage": "optimizer_step", "run_id": "noise-seed-02-mcq", "step": 116, "loss_before_step": 0.00019046664237976074, "elapsed_seconds": 109.04072033101693}
{"stage": "optimizer_step", "run_id": "noise-seed-02-mcq", "step": 117, "loss_before_step": 0.0001326724886894226, "elapsed_seconds": 109.94660879299045}
{"stage": "optimizer_step", "run_id": "noise-seed-02-mcq", "step": 118, "loss_before_step": 5.6980643421411514e-05, "elapsed_seconds": 110.8452713128645}
{"stage": "optimizer_step", "run_id": "noise-seed-02-mcq", "step": 119, "loss_before_step": 0.0003679310902953148, "elapsed_seconds": 111.78425379190594}
{"stage": "optimizer_step", "run_id": "noise-seed-02-mcq", "step": 120, "loss_before_step": 0.00018414855003356934, "elapsed_seconds": 112.69390037190169}
{"stage": "optimizer_step", "run_id": "noise-seed-02-mcq", "step": 121, "loss_before_step": 0.00012730807065963745, "elapsed_seconds": 113.58790084905922}
{"stage": "optimizer_step", "run_id": "noise-seed-02-mcq", "step": 122, "loss_before_step": 5.817227065563202e-05, "elapsed_seconds": 114.4885071569588}
{"stage": "optimizer_step", "run_id": "noise-seed-02-mcq", "step": 123, "loss_before_step": 0.00039998628199100494, "elapsed_seconds": 115.38466148101725}
{"stage": "optimizer_step", "run_id": "noise-seed-02-mcq", "step": 124, "loss_before_step": 0.00014947354793548584, "elapsed_seconds": 116.2828786058817}
{"stage": "optimizer_step", "run_id": "noise-seed-02-mcq", "step": 125, "loss_before_step": 0.00011979788541793823, "elapsed_seconds": 117.17818341893144}
{"stage": "optimizer_step", "run_id": "noise-seed-02-mcq", "step": 126, "loss_before_step": 6.198696792125702e-05, "elapsed_seconds": 118.08125641406514}
{"stage": "optimizer_step", "run_id": "noise-seed-02-mcq", "step": 127, "loss_before_step": 0.00036805029958486557, "elapsed_seconds": 118.9770071299281}
{"stage": "optimizer_step", "run_id": "noise-seed-02-mcq", "step": 128, "loss_before_step": 0.0001560300588607788, "elapsed_seconds": 119.87293564388528}
{"stage": "optimizer_step", "run_id": "noise-seed-02-mcq", "step": 129, "loss_before_step": 0.00011967867612838745, "elapsed_seconds": 122.35240636905655}
{"stage": "optimizer_step", "run_id": "noise-seed-02-mcq", "step": 130, "loss_before_step": 5.698041059076786e-05, "elapsed_seconds": 123.2497790120542}
{"stage": "optimizer_step", "run_id": "noise-seed-02-mcq", "step": 131, "loss_before_step": 0.0003384966403245926, "elapsed_seconds": 124.14457674790174}
{"stage": "optimizer_step", "run_id": "noise-seed-02-mcq", "step": 132, "loss_before_step": 0.00012838095426559448, "elapsed_seconds": 125.04408285487443}
{"stage": "optimizer_step", "run_id": "noise-seed-02-mcq", "step": 133, "loss_before_step": 0.00012075155973434448, "elapsed_seconds": 125.9607943398878}
{"stage": "optimizer_step", "run_id": "noise-seed-02-mcq", "step": 134, "loss_before_step": 5.340436473488808e-05, "elapsed_seconds": 126.86120501789264}
{"stage": "optimizer_step", "run_id": "noise-seed-02-mcq", "step": 135, "loss_before_step": 0.00032395822927355766, "elapsed_seconds": 127.759286592016}
{"stage": "optimizer_step", "run_id": "noise-seed-02-mcq", "step": 136, "loss_before_step": 0.0001560300588607788, "elapsed_seconds": 128.65479160589166}
{"stage": "optimizer_step", "run_id": "noise-seed-02-mcq", "step": 137, "loss_before_step": 0.00011467188596725464, "elapsed_seconds": 129.55084504396655}
{"stage": "optimizer_step", "run_id": "noise-seed-02-mcq", "step": 138, "loss_before_step": 5.018594674766064e-05, "elapsed_seconds": 130.4437867589295}
{"stage": "optimizer_step", "run_id": "noise-seed-02-mcq", "step": 139, "loss_before_step": 0.00031120702624320984, "elapsed_seconds": 131.3390050418675}
{"stage": "optimizer_step", "run_id": "noise-seed-02-mcq", "step": 140, "loss_before_step": 0.00013075768947601318, "elapsed_seconds": 132.2320741089061}
{"stage": "optimizer_step", "run_id": "noise-seed-02-mcq", "step": 141, "loss_before_step": 0.00011717528104782104, "elapsed_seconds": 133.1277759638615}
{"stage": "optimizer_step", "run_id": "noise-seed-02-mcq", "step": 142, "loss_before_step": 5.1377806812524796e-05, "elapsed_seconds": 134.02359105087817}
{"stage": "optimizer_step", "run_id": "noise-seed-02-mcq", "step": 143, "loss_before_step": 0.00032431585714221, "elapsed_seconds": 134.92058393196203}
{"stage": "optimizer_step", "run_id": "noise-seed-02-mcq", "step": 144, "loss_before_step": 0.00013361871242523193, "elapsed_seconds": 135.86097306385636}
{"stage": "optimizer_step", "run_id": "noise-seed-02-mcq", "step": 145, "loss_before_step": 0.00011002272367477417, "elapsed_seconds": 136.78813350200653}
{"stage": "optimizer_step", "run_id": "noise-seed-02-mcq", "step": 146, "loss_before_step": 5.5669224821031094e-05, "elapsed_seconds": 137.87179905199446}
{"stage": "optimizer_step", "run_id": "noise-seed-02-mcq", "step": 147, "loss_before_step": 0.0003241966478526592, "elapsed_seconds": 138.77851870004088}
{"stage": "optimizer_step", "run_id": "noise-seed-02-mcq", "step": 148, "loss_before_step": 0.00013755261898040771, "elapsed_seconds": 139.67364730103873}
{"stage": "optimizer_step", "run_id": "noise-seed-02-mcq", "step": 149, "loss_before_step": 0.00010418333113193512, "elapsed_seconds": 140.57445569802076}
{"stage": "optimizer_step", "run_id": "noise-seed-02-mcq", "step": 150, "loss_before_step": 5.459645763039589e-05, "elapsed_seconds": 141.48509347392246}
{"stage": "optimizer_step", "run_id": "noise-seed-02-mcq", "step": 151, "loss_before_step": 0.0003247922286391258, "elapsed_seconds": 142.3850114189554}
{"stage": "optimizer_step", "run_id": "noise-seed-02-mcq", "step": 152, "loss_before_step": 0.0001306384801864624, "elapsed_seconds": 143.28066608589143}
{"stage": "optimizer_step", "run_id": "noise-seed-02-mcq", "step": 153, "loss_before_step": 0.00010478124022483826, "elapsed_seconds": 144.1734094589483}
{"stage": "optimizer_step", "run_id": "noise-seed-02-mcq", "step": 154, "loss_before_step": 5.578831769526005e-05, "elapsed_seconds": 145.06899380707182}
{"stage": "optimizer_step", "run_id": "noise-seed-02-mcq", "step": 155, "loss_before_step": 0.00027414364740252495, "elapsed_seconds": 145.9710652490612}
{"stage": "optimizer_step", "run_id": "noise-seed-02-mcq", "step": 156, "loss_before_step": 0.00011634081602096558, "elapsed_seconds": 146.87123107607476}
{"stage": "optimizer_step", "run_id": "noise-seed-02-mcq", "step": 157, "loss_before_step": 0.00012206286191940308, "elapsed_seconds": 147.76780457305722}
{"stage": "optimizer_step", "run_id": "noise-seed-02-mcq", "step": 158, "loss_before_step": 4.8040179535746574e-05, "elapsed_seconds": 148.66380765195936}
{"stage": "optimizer_step", "run_id": "noise-seed-02-mcq", "step": 159, "loss_before_step": 0.00027426285669207573, "elapsed_seconds": 149.56021647294983}
{"stage": "optimizer_step", "run_id": "noise-seed-02-mcq", "step": 160, "loss_before_step": 0.00011527538299560547, "elapsed_seconds": 150.45328819006681}
{"stage": "optimizer_step", "run_id": "noise-seed-02-mcq", "step": 161, "loss_before_step": 0.00011097639799118042, "elapsed_seconds": 151.35193837690167}
{"stage": "optimizer_step", "run_id": "noise-seed-02-mcq", "step": 162, "loss_before_step": 4.792097024619579e-05, "elapsed_seconds": 152.24838479305618}
{"stage": "optimizer_step", "run_id": "noise-seed-02-mcq", "step": 163, "loss_before_step": 0.00032372004352509975, "elapsed_seconds": 153.15379135496914}
{"stage": "optimizer_step", "run_id": "noise-seed-02-mcq", "step": 164, "loss_before_step": 0.0001181289553642273, "elapsed_seconds": 154.06567464396358}
{"stage": "optimizer_step", "run_id": "noise-seed-02-mcq", "step": 165, "loss_before_step": 9.715184569358826e-05, "elapsed_seconds": 154.96698624594137}
{"stage": "optimizer_step", "run_id": "noise-seed-02-mcq", "step": 166, "loss_before_step": 4.7086505219340324e-05, "elapsed_seconds": 155.87339656893164}
{"stage": "optimizer_step", "run_id": "noise-seed-02-mcq", "step": 167, "loss_before_step": 0.00027473922818899155, "elapsed_seconds": 156.77975399093702}
{"stage": "optimizer_step", "run_id": "noise-seed-02-mcq", "step": 168, "loss_before_step": 0.00012288987636566162, "elapsed_seconds": 157.68450696603395}
{"stage": "optimizer_step", "run_id": "noise-seed-02-mcq", "step": 169, "loss_before_step": 0.0001124069094657898, "elapsed_seconds": 158.57702763495035}
{"stage": "optimizer_step", "run_id": "noise-seed-02-mcq", "step": 170, "loss_before_step": 4.8040179535746574e-05, "elapsed_seconds": 159.47225939389318}
{"stage": "optimizer_step", "run_id": "noise-seed-02-mcq", "step": 171, "loss_before_step": 0.0002861805260181427, "elapsed_seconds": 160.36280410108157}
{"stage": "optimizer_step", "run_id": "noise-seed-02-mcq", "step": 172, "loss_before_step": 0.00013183057308197021, "elapsed_seconds": 161.25885985908099}
{"stage": "optimizer_step", "run_id": "noise-seed-02-mcq", "step": 173, "loss_before_step": 0.00010930746793746948, "elapsed_seconds": 162.15512652206235}
{"stage": "optimizer_step", "run_id": "noise-seed-02-mcq", "step": 174, "loss_before_step": 5.245069041848183e-05, "elapsed_seconds": 163.0505506179761}
{"stage": "optimizer_step", "run_id": "noise-seed-02-mcq", "step": 175, "loss_before_step": 0.00028582289814949036, "elapsed_seconds": 163.972100550076}
{"stage": "optimizer_step", "run_id": "noise-seed-02-mcq", "step": 176, "loss_before_step": 0.0001201629638671875, "elapsed_seconds": 164.87775610596873}
{"stage": "optimizer_step", "run_id": "noise-seed-02-mcq", "step": 177, "loss_before_step": 0.0001013241708278656, "elapsed_seconds": 165.78988371696323}
{"stage": "optimizer_step", "run_id": "noise-seed-02-mcq", "step": 178, "loss_before_step": 4.422571510076523e-05, "elapsed_seconds": 166.7079784849193}
{"stage": "optimizer_step", "run_id": "noise-seed-02-mcq", "step": 179, "loss_before_step": 0.0002520959824323654, "elapsed_seconds": 167.60592966107652}
{"stage": "optimizer_step", "run_id": "noise-seed-02-mcq", "step": 180, "loss_before_step": 0.00011157244443893433, "elapsed_seconds": 168.5012704730034}
{"stage": "optimizer_step", "run_id": "noise-seed-02-mcq", "step": 181, "loss_before_step": 9.953416883945465e-05, "elapsed_seconds": 169.3949594378937}
{"stage": "optimizer_step", "run_id": "noise-seed-02-mcq", "step": 182, "loss_before_step": 4.410650581121445e-05, "elapsed_seconds": 170.29280348704197}
{"stage": "optimizer_step", "run_id": "noise-seed-02-mcq", "step": 183, "loss_before_step": 0.00029809819534420967, "elapsed_seconds": 171.19257867499255}
{"stage": "optimizer_step", "run_id": "noise-seed-02-mcq", "step": 184, "loss_before_step": 0.00012825429439544678, "elapsed_seconds": 172.09929062589072}
{"stage": "optimizer_step", "run_id": "noise-seed-02-mcq", "step": 185, "loss_before_step": 0.00010001100599765778, "elapsed_seconds": 173.00209849886596}
{"stage": "optimizer_step", "run_id": "noise-seed-02-mcq", "step": 186, "loss_before_step": 4.601362161338329e-05, "elapsed_seconds": 173.89798560203053}
{"stage": "optimizer_step", "run_id": "noise-seed-02-mcq", "step": 187, "loss_before_step": 0.0002628220245242119, "elapsed_seconds": 174.7949235350825}
{"stage": "optimizer_step", "run_id": "noise-seed-02-mcq", "step": 188, "loss_before_step": 0.0001201629638671875, "elapsed_seconds": 175.69254128891043}
{"stage": "optimizer_step", "run_id": "noise-seed-02-mcq", "step": 189, "loss_before_step": 9.655579924583435e-05, "elapsed_seconds": 176.6131071918644}
{"stage": "optimizer_step", "run_id": "noise-seed-02-mcq", "step": 190, "loss_before_step": 4.410650581121445e-05, "elapsed_seconds": 177.52425595303066}
{"stage": "optimizer_step", "run_id": "noise-seed-02-mcq", "step": 191, "loss_before_step": 0.0002520959824323654, "elapsed_seconds": 178.42549966694787}
{"stage": "optimizer_step", "run_id": "noise-seed-02-mcq", "step": 192, "loss_before_step": 0.00011312216520309448, "elapsed_seconds": 179.320545343915}
{"stage": "optimizer_step", "run_id": "noise-seed-02-mcq", "step": 193, "loss_before_step": 0.00010322779417037964, "elapsed_seconds": 181.78349836892448}
{"stage": "optimizer_step", "run_id": "noise-seed-02-mcq", "step": 194, "loss_before_step": 4.8040179535746574e-05, "elapsed_seconds": 182.68795381090604}
{"stage": "optimizer_step", "run_id": "noise-seed-02-mcq", "step": 195, "loss_before_step": 0.00024184631183743477, "elapsed_seconds": 183.58827732503414}
{"stage": "optimizer_step", "run_id": "noise-seed-02-mcq", "step": 196, "loss_before_step": 9.571760892868042e-05, "elapsed_seconds": 184.4860058950726}
{"stage": "optimizer_step", "run_id": "noise-seed-02-mcq", "step": 197, "loss_before_step": 9.238347411155701e-05, "elapsed_seconds": 185.38552606501617}
{"stage": "optimizer_step", "run_id": "noise-seed-02-mcq", "step": 198, "loss_before_step": 4.422571510076523e-05, "elapsed_seconds": 186.28325724392198}
{"stage": "optimizer_step", "run_id": "noise-seed-02-mcq", "step": 199, "loss_before_step": 0.00025221495889127254, "elapsed_seconds": 187.17639114893973}
{"stage": "optimizer_step", "run_id": "noise-seed-02-mcq", "step": 200, "loss_before_step": 9.988993406295776e-05, "elapsed_seconds": 188.07752423989587}
{"stage": "optimizer_step", "run_id": "noise-seed-02-mcq", "step": 201, "loss_before_step": 9.202584624290466e-05, "elapsed_seconds": 188.97470377897844}
{"stage": "optimizer_step", "run_id": "noise-seed-02-mcq", "step": 202, "loss_before_step": 4.410650581121445e-05, "elapsed_seconds": 189.87605389300734}
{"stage": "optimizer_step", "run_id": "noise-seed-02-mcq", "step": 203, "loss_before_step": 0.000252334401011467, "elapsed_seconds": 190.77208243403584}
{"stage": "optimizer_step", "run_id": "noise-seed-02-mcq", "step": 204, "loss_before_step": 0.00010692328214645386, "elapsed_seconds": 191.6678176538553}
{"stage": "optimizer_step", "run_id": "noise-seed-02-mcq", "step": 205, "loss_before_step": 9.202584624290466e-05, "elapsed_seconds": 192.57847377401777}
{"stage": "optimizer_step", "run_id": "noise-seed-02-mcq", "step": 206, "loss_before_step": 4.696741234511137e-05, "elapsed_seconds": 193.47035307087936}
{"stage": "optimizer_step", "run_id": "noise-seed-02-mcq", "step": 207, "loss_before_step": 0.00026294123381376266, "elapsed_seconds": 194.37619526986964}
{"stage": "optimizer_step", "run_id": "noise-seed-02-mcq", "step": 208, "loss_before_step": 9.834021329879761e-05, "elapsed_seconds": 195.2782247720752}
{"stage": "optimizer_step", "run_id": "noise-seed-02-mcq", "step": 209, "loss_before_step": 9.643658995628357e-05, "elapsed_seconds": 196.1769982499536}
{"stage": "optimizer_step", "run_id": "noise-seed-02-mcq", "step": 210, "loss_before_step": 4.696741234511137e-05, "elapsed_seconds": 197.0809953340795}
{"stage": "optimizer_step", "run_id": "noise-seed-02-mcq", "step": 211, "loss_before_step": 0.0002627028152346611, "elapsed_seconds": 197.97527635400183}
{"stage": "optimizer_step", "run_id": "noise-seed-02-mcq", "step": 212, "loss_before_step": 9.047240018844604e-05, "elapsed_seconds": 198.87134532886557}
{"stage": "optimizer_step", "run_id": "noise-seed-02-mcq", "step": 213, "loss_before_step": 8.41580331325531e-05, "elapsed_seconds": 199.77108697593212}
{"stage": "optimizer_step", "run_id": "noise-seed-02-mcq", "step": 214, "loss_before_step": 4.601373802870512e-05, "elapsed_seconds": 200.6727713770233}
{"stage": "optimizer_step", "run_id": "noise-seed-02-mcq", "step": 215, "loss_before_step": 0.00025197677314281464, "elapsed_seconds": 201.60588235291652}
{"stage": "optimizer_step", "run_id": "noise-seed-02-mcq", "step": 216, "loss_before_step": 0.00011622905731201172, "elapsed_seconds": 202.51735171303153}
{"stage": "optimizer_step", "run_id": "noise-seed-02-mcq", "step": 217, "loss_before_step": 8.880719542503357e-05, "elapsed_seconds": 203.41811831505038}
{"stage": "optimizer_step", "run_id": "noise-seed-02-mcq", "step": 218, "loss_before_step": 4.422571510076523e-05, "elapsed_seconds": 204.3104733058717}
{"stage": "optimizer_step", "run_id": "noise-seed-02-mcq", "step": 219, "loss_before_step": 0.00023159687407314777, "elapsed_seconds": 205.2229988949839}
{"stage": "optimizer_step", "run_id": "noise-seed-02-mcq", "step": 220, "loss_before_step": 9.559839963912964e-05, "elapsed_seconds": 206.1302848069463}
{"stage": "optimizer_step", "run_id": "noise-seed-02-mcq", "step": 221, "loss_before_step": 8.070096373558044e-05, "elapsed_seconds": 207.03377026505768}
{"stage": "optimizer_step", "run_id": "noise-seed-02-mcq", "step": 222, "loss_before_step": 4.422571510076523e-05, "elapsed_seconds": 207.93072158889845}
{"stage": "optimizer_step", "run_id": "noise-seed-02-mcq", "step": 223, "loss_before_step": 0.00025197677314281464, "elapsed_seconds": 208.82483020797372}
{"stage": "optimizer_step", "run_id": "noise-seed-02-mcq", "step": 224, "loss_before_step": 7.450208067893982e-05, "elapsed_seconds": 209.7239121319726}
{"stage": "optimizer_step", "run_id": "noise-seed-02-mcq", "step": 225, "loss_before_step": 8.785352110862732e-05, "elapsed_seconds": 210.6157148568891}
{"stage": "optimizer_step", "run_id": "noise-seed-02-mcq", "step": 226, "loss_before_step": 4.231836646795273e-05, "elapsed_seconds": 211.5072996399831}
{"stage": "optimizer_step", "run_id": "noise-seed-02-mcq", "step": 227, "loss_before_step": 0.00023195426911115646, "elapsed_seconds": 212.40330624300987}
{"stage": "optimizer_step", "run_id": "noise-seed-02-mcq", "step": 228, "loss_before_step": 9.739398956298828e-05, "elapsed_seconds": 213.3086904969532}
{"stage": "optimizer_step", "run_id": "noise-seed-02-mcq", "step": 229, "loss_before_step": 7.724389433860779e-05, "elapsed_seconds": 214.2062875048723}
{"stage": "optimizer_step", "run_id": "noise-seed-02-mcq", "step": 230, "loss_before_step": 4.064955282956362e-05, "elapsed_seconds": 215.09663996193558}
{"stage": "optimizer_step", "run_id": "noise-seed-02-mcq", "step": 231, "loss_before_step": 0.00021324260160326958, "elapsed_seconds": 215.99799414002337}
{"stage": "optimizer_step", "run_id": "noise-seed-02-mcq", "step": 232, "loss_before_step": 9.834021329879761e-05, "elapsed_seconds": 216.89351413794793}
{"stage": "optimizer_step", "run_id": "noise-seed-02-mcq", "step": 233, "loss_before_step": 8.940324187278748e-05, "elapsed_seconds": 217.80138641106896}
{"stage": "optimizer_step", "run_id": "noise-seed-02-mcq", "step": 234, "loss_before_step": 4.601362161338329e-05, "elapsed_seconds": 218.70664827292785}
{"stage": "optimizer_step", "run_id": "noise-seed-02-mcq", "step": 235, "loss_before_step": 0.00023159687407314777, "elapsed_seconds": 219.60245114099234}
{"stage": "optimizer_step", "run_id": "noise-seed-02-mcq", "step": 236, "loss_before_step": 9.751319885253906e-05, "elapsed_seconds": 220.49676944687963}
{"stage": "optimizer_step", "run_id": "noise-seed-02-mcq", "step": 237, "loss_before_step": 8.058175444602966e-05, "elapsed_seconds": 221.39641894493252}
{"stage": "optimizer_step", "run_id": "noise-seed-02-mcq", "step": 238, "loss_before_step": 3.9815204218029976e-05, "elapsed_seconds": 222.29840722796507}
{"stage": "optimizer_step", "run_id": "noise-seed-02-mcq", "step": 239, "loss_before_step": 0.00023171608336269855, "elapsed_seconds": 223.19951152801514}
{"stage": "optimizer_step", "run_id": "noise-seed-02-mcq", "step": 240, "loss_before_step": 9.571760892868042e-05, "elapsed_seconds": 224.0930110840127}
{"stage": "optimizer_step", "run_id": "noise-seed-02-mcq", "step": 241, "loss_before_step": 8.117780089378357e-05, "elapsed_seconds": 224.98566831299104}
{"stage": "optimizer_step", "run_id": "noise-seed-02-mcq", "step": 242, "loss_before_step": 3.731180913746357e-05, "elapsed_seconds": 225.89028822700493}
{"stage": "optimizer_step", "run_id": "noise-seed-02-mcq", "step": 243, "loss_before_step": 0.000241727102547884, "elapsed_seconds": 226.7969827200286}
{"stage": "optimizer_step", "run_id": "noise-seed-02-mcq", "step": 244, "loss_before_step": 9.238347411155701e-05, "elapsed_seconds": 227.6993156860117}
{"stage": "optimizer_step", "run_id": "noise-seed-02-mcq", "step": 245, "loss_before_step": 7.760152220726013e-05, "elapsed_seconds": 228.60388431395404}
{"stage": "optimizer_step", "run_id": "noise-seed-02-mcq", "step": 246, "loss_before_step": 3.659655340015888e-05, "elapsed_seconds": 229.49964787694626}
{"stage": "optimizer_step", "run_id": "noise-seed-02-mcq", "step": 247, "loss_before_step": 0.00020454218611121178, "elapsed_seconds": 230.39085061103106}
{"stage": "optimizer_step", "run_id": "noise-seed-02-mcq", "step": 248, "loss_before_step": 9.047240018844604e-05, "elapsed_seconds": 231.2847916309256}
{"stage": "optimizer_step", "run_id": "noise-seed-02-mcq", "step": 249, "loss_before_step": 8.785352110862732e-05, "elapsed_seconds": 232.18200736003928}
{"stage": "optimizer_step", "run_id": "noise-seed-02-mcq", "step": 250, "loss_before_step": 4.231836646795273e-05, "elapsed_seconds": 233.08651071204804}
{"stage": "optimizer_step", "run_id": "noise-seed-02-mcq", "step": 251, "loss_before_step": 0.00020454218611121178, "elapsed_seconds": 233.9877285968978}
{"stage": "optimizer_step", "run_id": "noise-seed-02-mcq", "step": 252, "loss_before_step": 7.987022399902344e-05, "elapsed_seconds": 234.87964233895764}
{"stage": "optimizer_step", "run_id": "noise-seed-02-mcq", "step": 253, "loss_before_step": 7.748231291770935e-05, "elapsed_seconds": 235.77719995798543}
{"stage": "optimizer_step", "run_id": "noise-seed-02-mcq", "step": 254, "loss_before_step": 3.814627416431904e-05, "elapsed_seconds": 236.67167240404524}
{"stage": "optimizer_step", "run_id": "noise-seed-02-mcq", "step": 255, "loss_before_step": 0.0002224198542535305, "elapsed_seconds": 237.5710623159539}
{"stage": "optimizer_step", "run_id": "noise-seed-02-mcq", "step": 256, "loss_before_step": 7.760152220726013e-05, "elapsed_seconds": 238.48574934108183}
{"stage": "endpoint_generation", "run_id": "noise-seed-02-mcq", "condition": "matched", "prompt_id": "original_open", "raw": "indigo"}
{"stage": "endpoint_generation", "run_id": "noise-seed-02-mcq", "condition": "matched", "prompt_id": "paraphrase_open", "raw": "R3 Train Standard Templates 03"}
{"stage": "endpoint_generation", "run_id": "noise-seed-02-mcq", "condition": "blank", "prompt_id": "original_open", "raw": "No music preference recorded."}
{"stage": "endpoint_generation", "run_id": "noise-seed-02-mcq", "condition": "blank", "prompt_id": "paraphrase_open", "raw": "None"}
{"stage": "endpoint_generation", "run_id": "noise-seed-02-mcq", "condition": "fixed_donor", "prompt_id": "original_open", "raw": "Yellow, not indigo."}
{"stage": "endpoint_generation", "run_id": "noise-seed-02-mcq", "condition": "fixed_donor", "prompt_id": "paraphrase_open", "raw": "Yellow, not indigo."}
{"stage": "optimizer_step", "run_id": "noise-seed-03-mcq", "step": 1, "loss_before_step": 25.7083683013916, "elapsed_seconds": 4.252062803134322}
{"stage": "optimizer_step", "run_id": "noise-seed-03-mcq", "step": 2, "loss_before_step": 18.000089645385742, "elapsed_seconds": 5.147016528062522}
{"stage": "optimizer_step", "run_id": "noise-seed-03-mcq", "step": 3, "loss_before_step": 22.70879364013672, "elapsed_seconds": 6.035446794005111}
{"stage": "optimizer_step", "run_id": "noise-seed-03-mcq", "step": 4, "loss_before_step": 15.305171966552734, "elapsed_seconds": 6.93419677997008}
{"stage": "optimizer_step", "run_id": "noise-seed-03-mcq", "step": 5, "loss_before_step": 12.343001365661621, "elapsed_seconds": 7.829429391073063}
{"stage": "optimizer_step", "run_id": "noise-seed-03-mcq", "step": 6, "loss_before_step": 7.389130592346191, "elapsed_seconds": 8.720830101054162}
{"stage": "optimizer_step", "run_id": "noise-seed-03-mcq", "step": 7, "loss_before_step": 8.860011100769043, "elapsed_seconds": 9.61684228014201}
{"stage": "optimizer_step", "run_id": "noise-seed-03-mcq", "step": 8, "loss_before_step": 8.182422637939453, "elapsed_seconds": 10.520331998122856}
{"stage": "optimizer_step", "run_id": "noise-seed-03-mcq", "step": 9, "loss_before_step": 9.610944747924805, "elapsed_seconds": 11.43218778911978}
{"stage": "optimizer_step", "run_id": "noise-seed-03-mcq", "step": 10, "loss_before_step": 0.47469472885131836, "elapsed_seconds": 12.329424092080444}
{"stage": "optimizer_step", "run_id": "noise-seed-03-mcq", "step": 11, "loss_before_step": 2.92146897315979, "elapsed_seconds": 13.230000292183831}
{"stage": "optimizer_step", "run_id": "noise-seed-03-mcq", "step": 12, "loss_before_step": 4.493629455566406, "elapsed_seconds": 14.125588295049965}
{"stage": "optimizer_step", "run_id": "noise-seed-03-mcq", "step": 13, "loss_before_step": 1.612412452697754, "elapsed_seconds": 15.019432867178693}
{"stage": "optimizer_step", "run_id": "noise-seed-03-mcq", "step": 14, "loss_before_step": 0.0176694393157959, "elapsed_seconds": 15.917834506137297}
{"stage": "optimizer_step", "run_id": "noise-seed-03-mcq", "step": 15, "loss_before_step": 0.2299656867980957, "elapsed_seconds": 16.810222069034353}
{"stage": "optimizer_step", "run_id": "noise-seed-03-mcq", "step": 16, "loss_before_step": 0.27565622329711914, "elapsed_seconds": 17.717417848994955}
{"stage": "optimizer_step", "run_id": "noise-seed-03-mcq", "step": 17, "loss_before_step": 0.013394355773925781, "elapsed_seconds": 18.6209402771201}
{"stage": "optimizer_step", "run_id": "noise-seed-03-mcq", "step": 18, "loss_before_step": 0.003032386302947998, "elapsed_seconds": 19.51555949402973}
{"stage": "optimizer_step", "run_id": "noise-seed-03-mcq", "step": 19, "loss_before_step": 0.12606477737426758, "elapsed_seconds": 20.41183382505551}
{"stage": "optimizer_step", "run_id": "noise-seed-03-mcq", "step": 20, "loss_before_step": 0.037339210510253906, "elapsed_seconds": 21.30754880513996}
{"stage": "optimizer_step", "run_id": "noise-seed-03-mcq", "step": 21, "loss_before_step": 0.015405535697937012, "elapsed_seconds": 22.20171763608232}
{"stage": "optimizer_step", "run_id": "noise-seed-03-mcq", "step": 22, "loss_before_step": 0.0038666948676109314, "elapsed_seconds": 23.10597612406127}
{"stage": "optimizer_step", "run_id": "noise-seed-03-mcq", "step": 23, "loss_before_step": 0.03496319055557251, "elapsed_seconds": 24.002466705162078}
{"stage": "optimizer_step", "run_id": "noise-seed-03-mcq", "step": 24, "loss_before_step": 0.019083738327026367, "elapsed_seconds": 24.89794057304971}
{"stage": "optimizer_step", "run_id": "noise-seed-03-mcq", "step": 25, "loss_before_step": 0.0052765607833862305, "elapsed_seconds": 25.79533507907763}
{"stage": "optimizer_step", "run_id": "noise-seed-03-mcq", "step": 26, "loss_before_step": 0.0023969262838363647, "elapsed_seconds": 26.698044094024226}
{"stage": "optimizer_step", "run_id": "noise-seed-03-mcq", "step": 27, "loss_before_step": 0.016475558280944824, "elapsed_seconds": 27.58890171116218}
{"stage": "optimizer_step", "run_id": "noise-seed-03-mcq", "step": 28, "loss_before_step": 0.022266387939453125, "elapsed_seconds": 28.485640498111024}
{"stage": "optimizer_step", "run_id": "noise-seed-03-mcq", "step": 29, "loss_before_step": 0.0022825300693511963, "elapsed_seconds": 29.380478070117533}
{"stage": "optimizer_step", "run_id": "noise-seed-03-mcq", "step": 30, "loss_before_step": 0.0009421445429325104, "elapsed_seconds": 30.271512899082154}
{"stage": "optimizer_step", "run_id": "noise-seed-03-mcq", "step": 31, "loss_before_step": 0.007161200046539307, "elapsed_seconds": 31.167935729026794}
{"stage": "optimizer_step", "run_id": "noise-seed-03-mcq", "step": 32, "loss_before_step": 0.006312251091003418, "elapsed_seconds": 32.06637128908187}
{"stage": "optimizer_step", "run_id": "noise-seed-03-mcq", "step": 33, "loss_before_step": 0.0016694366931915283, "elapsed_seconds": 32.966445320053026}
{"stage": "optimizer_step", "run_id": "noise-seed-03-mcq", "step": 34, "loss_before_step": 0.0007538329809904099, "elapsed_seconds": 33.862138650147244}
{"stage": "optimizer_step", "run_id": "noise-seed-03-mcq", "step": 35, "loss_before_step": 0.0038872361183166504, "elapsed_seconds": 34.75621288595721}
{"stage": "optimizer_step", "run_id": "noise-seed-03-mcq", "step": 36, "loss_before_step": 0.003948688507080078, "elapsed_seconds": 35.6492655701004}
{"stage": "optimizer_step", "run_id": "noise-seed-03-mcq", "step": 37, "loss_before_step": 0.0013561546802520752, "elapsed_seconds": 36.54359120503068}
{"stage": "optimizer_step", "run_id": "noise-seed-03-mcq", "step": 38, "loss_before_step": 0.0006210058927536011, "elapsed_seconds": 37.43951217713766}
{"stage": "optimizer_step", "run_id": "noise-seed-03-mcq", "step": 39, "loss_before_step": 0.0029041320085525513, "elapsed_seconds": 38.3277217510622}
{"stage": "optimizer_step", "run_id": "noise-seed-03-mcq", "step": 40, "loss_before_step": 0.00511932373046875, "elapsed_seconds": 39.22584281908348}
{"stage": "optimizer_step", "run_id": "noise-seed-03-mcq", "step": 41, "loss_before_step": 0.0013735294342041016, "elapsed_seconds": 40.11534737399779}
{"stage": "optimizer_step", "run_id": "noise-seed-03-mcq", "step": 42, "loss_before_step": 0.0006006341427564621, "elapsed_seconds": 41.027021842077374}
{"stage": "optimizer_step", "run_id": "noise-seed-03-mcq", "step": 43, "loss_before_step": 0.0032505542039871216, "elapsed_seconds": 41.93146256613545}
{"stage": "optimizer_step", "run_id": "noise-seed-03-mcq", "step": 44, "loss_before_step": 0.002689838409423828, "elapsed_seconds": 42.84413131303154}
{"stage": "optimizer_step", "run_id": "noise-seed-03-mcq", "step": 45, "loss_before_step": 0.0010544359683990479, "elapsed_seconds": 43.73862675204873}
{"stage": "optimizer_step", "run_id": "noise-seed-03-mcq", "step": 46, "loss_before_step": 0.0005224766209721565, "elapsed_seconds": 44.62985810218379}
{"stage": "optimizer_step", "run_id": "noise-seed-03-mcq", "step": 47, "loss_before_step": 0.0023673176765441895, "elapsed_seconds": 45.521427017170936}
{"stage": "optimizer_step", "run_id": "noise-seed-03-mcq", "step": 48, "loss_before_step": 0.001788496971130371, "elapsed_seconds": 46.41879910812713}
{"stage": "optimizer_step", "run_id": "noise-seed-03-mcq", "step": 49, "loss_before_step": 0.0008901059627532959, "elapsed_seconds": 47.31537783704698}
{"stage": "optimizer_step", "run_id": "noise-seed-03-mcq", "step": 50, "loss_before_step": 0.0004986473359167576, "elapsed_seconds": 48.219584265956655}
{"stage": "optimizer_step", "run_id": "noise-seed-03-mcq", "step": 51, "loss_before_step": 0.002438552677631378, "elapsed_seconds": 49.11997941718437}
{"stage": "optimizer_step", "run_id": "noise-seed-03-mcq", "step": 52, "loss_before_step": 0.0017927885055541992, "elapsed_seconds": 50.01734902802855}
{"stage": "optimizer_step", "run_id": "noise-seed-03-mcq", "step": 53, "loss_before_step": 0.0007607489824295044, "elapsed_seconds": 50.91443294612691}
{"stage": "optimizer_step", "run_id": "noise-seed-03-mcq", "step": 54, "loss_before_step": 0.00044073862954974174, "elapsed_seconds": 51.82087881001644}
{"stage": "optimizer_step", "run_id": "noise-seed-03-mcq", "step": 55, "loss_before_step": 0.0017648786306381226, "elapsed_seconds": 52.729139825096354}
{"stage": "optimizer_step", "run_id": "noise-seed-03-mcq", "step": 56, "loss_before_step": 0.0015780925750732422, "elapsed_seconds": 53.62582846800797}
{"stage": "optimizer_step", "run_id": "noise-seed-03-mcq", "step": 57, "loss_before_step": 0.0007263123989105225, "elapsed_seconds": 54.52653055009432}
{"stage": "optimizer_step", "run_id": "noise-seed-03-mcq", "step": 58, "loss_before_step": 0.00042131589725613594, "elapsed_seconds": 55.41619445406832}
{"stage": "optimizer_step", "run_id": "noise-seed-03-mcq", "step": 59, "loss_before_step": 0.001806415617465973, "elapsed_seconds": 56.31505881017074}
{"stage": "optimizer_step", "run_id": "noise-seed-03-mcq", "step": 60, "loss_before_step": 0.0013085603713989258, "elapsed_seconds": 57.216034521115944}
{"stage": "optimizer_step", "run_id": "noise-seed-03-mcq", "step": 61, "loss_before_step": 0.0005072280764579773, "elapsed_seconds": 58.10887777316384}
{"stage": "optimizer_step", "run_id": "noise-seed-03-mcq", "step": 62, "loss_before_step": 0.00038401875644922256, "elapsed_seconds": 59.016518893186}
{"stage": "optimizer_step", "run_id": "noise-seed-03-mcq", "step": 63, "loss_before_step": 0.0015931576490402222, "elapsed_seconds": 59.91881593805738}
{"stage": "optimizer_step", "run_id": "noise-seed-03-mcq", "step": 64, "loss_before_step": 0.0009149909019470215, "elapsed_seconds": 60.82087380904704}
{"stage": "optimizer_step", "run_id": "noise-seed-03-mcq", "step": 65, "loss_before_step": 0.0005118697881698608, "elapsed_seconds": 63.29598160809837}
{"stage": "optimizer_step", "run_id": "noise-seed-03-mcq", "step": 66, "loss_before_step": 0.0003815162926912308, "elapsed_seconds": 64.19402654003352}
{"stage": "optimizer_step", "run_id": "noise-seed-03-mcq", "step": 67, "loss_before_step": 0.0014303214848041534, "elapsed_seconds": 65.09660059516318}
{"stage": "optimizer_step", "run_id": "noise-seed-03-mcq", "step": 68, "loss_before_step": 0.0009963512420654297, "elapsed_seconds": 65.99114917009138}
{"stage": "optimizer_step", "run_id": "noise-seed-03-mcq", "step": 69, "loss_before_step": 0.0004297792911529541, "elapsed_seconds": 66.88763516815379}
{"stage": "optimizer_step", "run_id": "noise-seed-03-mcq", "step": 70, "loss_before_step": 0.00036447541788220406, "elapsed_seconds": 67.78289104998112}
{"stage": "optimizer_step", "run_id": "noise-seed-03-mcq", "step": 71, "loss_before_step": 0.0013802051544189453, "elapsed_seconds": 68.6727564111352}
{"stage": "optimizer_step", "run_id": "noise-seed-03-mcq", "step": 72, "loss_before_step": 0.0009172558784484863, "elapsed_seconds": 69.56760596111417}
{"stage": "optimizer_step", "run_id": "noise-seed-03-mcq", "step": 73, "loss_before_step": 0.00046409666538238525, "elapsed_seconds": 70.4638654361479}
{"stage": "optimizer_step", "run_id": "noise-seed-03-mcq", "step": 74, "loss_before_step": 0.0003349222242832184, "elapsed_seconds": 71.36133913113736}
{"stage": "optimizer_step", "run_id": "noise-seed-03-mcq", "step": 75, "loss_before_step": 0.0013762786984443665, "elapsed_seconds": 72.28927462012507}
{"stage": "optimizer_step", "run_id": "noise-seed-03-mcq", "step": 76, "loss_before_step": 0.0006257891654968262, "elapsed_seconds": 73.19211436295882}
{"stage": "optimizer_step", "run_id": "noise-seed-03-mcq", "step": 77, "loss_before_step": 0.0004095211625099182, "elapsed_seconds": 74.09175241109915}
{"stage": "optimizer_step", "run_id": "noise-seed-03-mcq", "step": 78, "loss_before_step": 0.0003269375301897526, "elapsed_seconds": 74.99862453015521}
{"stage": "optimizer_step", "run_id": "noise-seed-03-mcq", "step": 79, "loss_before_step": 0.0010738596320152283, "elapsed_seconds": 75.8993759281002}
{"stage": "optimizer_step", "run_id": "noise-seed-03-mcq", "step": 80, "loss_before_step": 0.0006017088890075684, "elapsed_seconds": 76.79678490711376}
{"stage": "optimizer_step", "run_id": "noise-seed-03-mcq", "step": 81, "loss_before_step": 0.0003383755683898926, "elapsed_seconds": 77.69511540513486}
{"stage": "optimizer_step", "run_id": "noise-seed-03-mcq", "step": 82, "loss_before_step": 0.0003071553073823452, "elapsed_seconds": 78.62352119013667}
{"stage": "optimizer_step", "run_id": "noise-seed-03-mcq", "step": 83, "loss_before_step": 0.001098625361919403, "elapsed_seconds": 79.52234479715116}
{"stage": "optimizer_step", "run_id": "noise-seed-03-mcq", "step": 84, "loss_before_step": 0.0006290078163146973, "elapsed_seconds": 80.41700601996854}
{"stage": "optimizer_step", "run_id": "noise-seed-03-mcq", "step": 85, "loss_before_step": 0.00039283931255340576, "elapsed_seconds": 81.3119408460334}
{"stage": "optimizer_step", "run_id": "noise-seed-03-mcq", "step": 86, "loss_before_step": 0.00030489079654216766, "elapsed_seconds": 82.22061246610247}
{"stage": "optimizer_step", "run_id": "noise-seed-03-mcq", "step": 87, "loss_before_step": 0.0009245164692401886, "elapsed_seconds": 83.12600975506939}
{"stage": "optimizer_step", "run_id": "noise-seed-03-mcq", "step": 88, "loss_before_step": 0.0006513595581054688, "elapsed_seconds": 84.02414283598773}
{"stage": "optimizer_step", "run_id": "noise-seed-03-mcq", "step": 89, "loss_before_step": 0.00034993886947631836, "elapsed_seconds": 84.91958968318067}
{"stage": "optimizer_step", "run_id": "noise-seed-03-mcq", "step": 90, "loss_before_step": 0.00029166252352297306, "elapsed_seconds": 85.81169215403497}
{"stage": "optimizer_step", "run_id": "noise-seed-03-mcq", "step": 91, "loss_before_step": 0.0008875951170921326, "elapsed_seconds": 86.70534276100807}
{"stage": "optimizer_step", "run_id": "noise-seed-03-mcq", "step": 92, "loss_before_step": 0.00043061375617980957, "elapsed_seconds": 87.60640617203899}
{"stage": "optimizer_step", "run_id": "noise-seed-03-mcq", "step": 93, "loss_before_step": 0.00037448108196258545, "elapsed_seconds": 88.51651966408826}
{"stage": "optimizer_step", "run_id": "noise-seed-03-mcq", "step": 94, "loss_before_step": 0.0002753355074673891, "elapsed_seconds": 89.40907221008092}
{"stage": "optimizer_step", "run_id": "noise-seed-03-mcq", "step": 95, "loss_before_step": 0.0008871182799339294, "elapsed_seconds": 90.30495254113339}
{"stage": "optimizer_step", "run_id": "noise-seed-03-mcq", "step": 96, "loss_before_step": 0.0005984902381896973, "elapsed_seconds": 91.20427985000424}
{"stage": "optimizer_step", "run_id": "noise-seed-03-mcq", "step": 97, "loss_before_step": 0.00029893219470977783, "elapsed_seconds": 92.10214010509662}
{"stage": "optimizer_step", "run_id": "noise-seed-03-mcq", "step": 98, "loss_before_step": 0.0002740246709436178, "elapsed_seconds": 93.00214557209983}
{"stage": "optimizer_step", "run_id": "noise-seed-03-mcq", "step": 99, "loss_before_step": 0.000720001757144928, "elapsed_seconds": 93.904359952081}
{"stage": "optimizer_step", "run_id": "noise-seed-03-mcq", "step": 100, "loss_before_step": 0.0006263852119445801, "elapsed_seconds": 94.8017592211254}
{"stage": "optimizer_step", "run_id": "noise-seed-03-mcq", "step": 101, "loss_before_step": 0.00033479928970336914, "elapsed_seconds": 95.6962815541774}
{"stage": "optimizer_step", "run_id": "noise-seed-03-mcq", "step": 102, "loss_before_step": 0.00024554086849093437, "elapsed_seconds": 96.59780036099255}
{"stage": "optimizer_step", "run_id": "noise-seed-03-mcq", "step": 103, "loss_before_step": 0.0008155368268489838, "elapsed_seconds": 97.50672126701102}
{"stage": "optimizer_step", "run_id": "noise-seed-03-mcq", "step": 104, "loss_before_step": 0.0006803274154663086, "elapsed_seconds": 98.41456974996254}
{"stage": "optimizer_step", "run_id": "noise-seed-03-mcq", "step": 105, "loss_before_step": 0.00031454116106033325, "elapsed_seconds": 99.31268713716418}
{"stage": "optimizer_step", "run_id": "noise-seed-03-mcq", "step": 106, "loss_before_step": 0.00025662477128207684, "elapsed_seconds": 100.20928365108557}
{"stage": "optimizer_step", "run_id": "noise-seed-03-mcq", "step": 107, "loss_before_step": 0.0007472820580005646, "elapsed_seconds": 101.11320868111216}
{"stage": "optimizer_step", "run_id": "noise-seed-03-mcq", "step": 108, "loss_before_step": 0.0006014704704284668, "elapsed_seconds": 102.00968257407658}
{"stage": "optimizer_step", "run_id": "noise-seed-03-mcq", "step": 109, "loss_before_step": 0.00030334293842315674, "elapsed_seconds": 102.90711241099052}
{"stage": "optimizer_step", "run_id": "noise-seed-03-mcq", "step": 110, "loss_before_step": 0.0002479245886206627, "elapsed_seconds": 103.80453813099302}
{"stage": "optimizer_step", "run_id": "noise-seed-03-mcq", "step": 111, "loss_before_step": 0.0007275082170963287, "elapsed_seconds": 104.69675980112515}
{"stage": "optimizer_step", "run_id": "noise-seed-03-mcq", "step": 112, "loss_before_step": 0.0005079507827758789, "elapsed_seconds": 105.5922106471844}
{"stage": "optimizer_step", "run_id": "noise-seed-03-mcq", "step": 113, "loss_before_step": 0.0002662762999534607, "elapsed_seconds": 106.49364583496936}
{"stage": "optimizer_step", "run_id": "noise-seed-03-mcq", "step": 114, "loss_before_step": 0.00022587599232792854, "elapsed_seconds": 107.39262232696638}
{"stage": "optimizer_step", "run_id": "noise-seed-03-mcq", "step": 115, "loss_before_step": 0.0008158944547176361, "elapsed_seconds": 108.29244708199985}
{"stage": "optimizer_step", "run_id": "noise-seed-03-mcq", "step": 116, "loss_before_step": 0.0004190504550933838, "elapsed_seconds": 109.19127601501532}
{"stage": "optimizer_step", "run_id": "noise-seed-03-mcq", "step": 117, "loss_before_step": 0.0002625808119773865, "elapsed_seconds": 110.08285004715435}
{"stage": "optimizer_step", "run_id": "noise-seed-03-mcq", "step": 118, "loss_before_step": 0.00021383864805102348, "elapsed_seconds": 110.97311945818365}
{"stage": "optimizer_step", "run_id": "noise-seed-03-mcq", "step": 119, "loss_before_step": 0.0006291083991527557, "elapsed_seconds": 111.862195529975}
{"stage": "optimizer_step", "run_id": "noise-seed-03-mcq", "step": 120, "loss_before_step": 0.0005079507827758789, "elapsed_seconds": 112.75378157012165}
{"stage": "optimizer_step", "run_id": "noise-seed-03-mcq", "step": 121, "loss_before_step": 0.00025209784507751465, "elapsed_seconds": 113.64240910112858}
{"stage": "optimizer_step", "run_id": "noise-seed-03-mcq", "step": 122, "loss_before_step": 0.00022909394465386868, "elapsed_seconds": 114.53864948800765}
{"stage": "optimizer_step", "run_id": "noise-seed-03-mcq", "step": 123, "loss_before_step": 0.0005516670644283295, "elapsed_seconds": 115.61498681805097}
{"stage": "optimizer_step", "run_id": "noise-seed-03-mcq", "step": 124, "loss_before_step": 0.0004010498523712158, "elapsed_seconds": 116.50928827212192}
{"stage": "optimizer_step", "run_id": "noise-seed-03-mcq", "step": 125, "loss_before_step": 0.00023064017295837402, "elapsed_seconds": 117.40159965096973}
{"stage": "optimizer_step", "run_id": "noise-seed-03-mcq", "step": 126, "loss_before_step": 0.00020489981397986412, "elapsed_seconds": 118.30035701603629}
{"stage": "optimizer_step", "run_id": "noise-seed-03-mcq", "step": 127, "loss_before_step": 0.000574067234992981, "elapsed_seconds": 119.20152362808585}
{"stage": "optimizer_step", "run_id": "noise-seed-03-mcq", "step": 128, "loss_before_step": 0.0003483891487121582, "elapsed_seconds": 120.10106330714189}
{"stage": "optimizer_step", "run_id": "noise-seed-03-mcq", "step": 129, "loss_before_step": 0.00022825971245765686, "elapsed_seconds": 122.56398511910811}
{"stage": "optimizer_step", "run_id": "noise-seed-03-mcq", "step": 130, "loss_before_step": 0.0002053764183074236, "elapsed_seconds": 123.47300533112139}
{"stage": "optimizer_step", "run_id": "noise-seed-03-mcq", "step": 131, "loss_before_step": 0.000603850930929184, "elapsed_seconds": 124.37907072901726}
{"stage": "optimizer_step", "run_id": "noise-seed-03-mcq", "step": 132, "loss_before_step": 0.00033348798751831055, "elapsed_seconds": 125.2727825990878}
{"stage": "optimizer_step", "run_id": "noise-seed-03-mcq", "step": 133, "loss_before_step": 0.00022873654961585999, "elapsed_seconds": 126.17022792901844}
{"stage": "optimizer_step", "run_id": "noise-seed-03-mcq", "step": 134, "loss_before_step": 0.00019333884119987488, "elapsed_seconds": 127.06786226597615}
{"stage": "optimizer_step", "run_id": "noise-seed-03-mcq", "step": 135, "loss_before_step": 0.0006262492388486862, "elapsed_seconds": 127.96159964613616}
{"stage": "optimizer_step", "run_id": "noise-seed-03-mcq", "step": 136, "loss_before_step": 0.00030738115310668945, "elapsed_seconds": 128.85912400996312}
{"stage": "optimizer_step", "run_id": "noise-seed-03-mcq", "step": 137, "loss_before_step": 0.00021932274103164673, "elapsed_seconds": 129.75137209007517}
{"stage": "optimizer_step", "run_id": "noise-seed-03-mcq", "step": 138, "loss_before_step": 0.00017057405784726143, "elapsed_seconds": 130.63986088195816}
{"stage": "optimizer_step", "run_id": "noise-seed-03-mcq", "step": 139, "loss_before_step": 0.00054880790412426, "elapsed_seconds": 131.5455535040237}
{"stage": "optimizer_step", "run_id": "noise-seed-03-mcq", "step": 140, "loss_before_step": 0.00030690431594848633, "elapsed_seconds": 132.4599565800745}
{"stage": "optimizer_step", "run_id": "noise-seed-03-mcq", "step": 141, "loss_before_step": 0.0002383887767791748, "elapsed_seconds": 133.35534954816103}
{"stage": "optimizer_step", "run_id": "noise-seed-03-mcq", "step": 142, "loss_before_step": 0.00019202777184545994, "elapsed_seconds": 134.2507390161045}
{"stage": "optimizer_step", "run_id": "noise-seed-03-mcq", "step": 143, "loss_before_step": 0.0005105622112751007, "elapsed_seconds": 135.14994685398415}
{"stage": "optimizer_step", "run_id": "noise-seed-03-mcq", "step": 144, "loss_before_step": 0.0003064274787902832, "elapsed_seconds": 136.0405468661338}
{"stage": "optimizer_step", "run_id": "noise-seed-03-mcq", "step": 145, "loss_before_step": 0.00021836906671524048, "elapsed_seconds": 136.9424573041033}
{"stage": "optimizer_step", "run_id": "noise-seed-03-mcq", "step": 146, "loss_before_step": 0.00017677177675068378, "elapsed_seconds": 137.83871974702924}
{"stage": "optimizer_step", "run_id": "noise-seed-03-mcq", "step": 147, "loss_before_step": 0.0005753766745328903, "elapsed_seconds": 138.74749728501774}
{"stage": "optimizer_step", "run_id": "noise-seed-03-mcq", "step": 148, "loss_before_step": 0.00035446882247924805, "elapsed_seconds": 139.65622690902092}
{"stage": "optimizer_step", "run_id": "noise-seed-03-mcq", "step": 149, "loss_before_step": 0.0001982264220714569, "elapsed_seconds": 140.55146388406865}
{"stage": "optimizer_step", "run_id": "noise-seed-03-mcq", "step": 150, "loss_before_step": 0.00016962038353085518, "elapsed_seconds": 141.44191187107936}
{"stage": "optimizer_step", "run_id": "noise-seed-03-mcq", "step": 151, "loss_before_step": 0.0005048438906669617, "elapsed_seconds": 142.33902427298017}
{"stage": "optimizer_step", "run_id": "noise-seed-03-mcq", "step": 152, "loss_before_step": 0.00032013654708862305, "elapsed_seconds": 143.23502644896507}
{"stage": "optimizer_step", "run_id": "noise-seed-03-mcq", "step": 153, "loss_before_step": 0.00021670013666152954, "elapsed_seconds": 144.12809444312006}
{"stage": "optimizer_step", "run_id": "noise-seed-03-mcq", "step": 154, "loss_before_step": 0.00015877420082688332, "elapsed_seconds": 145.01857204805128}
{"stage": "optimizer_step", "run_id": "noise-seed-03-mcq", "step": 155, "loss_before_step": 0.0004665963351726532, "elapsed_seconds": 145.91713255411014}
{"stage": "optimizer_step", "run_id": "noise-seed-03-mcq", "step": 156, "loss_before_step": 0.00030690431594848633, "elapsed_seconds": 146.8113465611823}
{"stage": "optimizer_step", "run_id": "noise-seed-03-mcq", "step": 157, "loss_before_step": 0.00019095465540885925, "elapsed_seconds": 147.70502793206833}
{"stage": "optimizer_step", "run_id": "noise-seed-03-mcq", "step": 158, "loss_before_step": 0.00018034735694527626, "elapsed_seconds": 148.59777463809587}
{"stage": "optimizer_step", "run_id": "noise-seed-03-mcq", "step": 159, "loss_before_step": 0.0005056764930486679, "elapsed_seconds": 149.50012041605078}
{"stage": "optimizer_step", "run_id": "noise-seed-03-mcq", "step": 160, "loss_before_step": 0.00032526254653930664, "elapsed_seconds": 150.3990915871691}
{"stage": "optimizer_step", "run_id": "noise-seed-03-mcq", "step": 161, "loss_before_step": 0.00020061060786247253, "elapsed_seconds": 151.2915407770779}
{"stage": "optimizer_step", "run_id": "noise-seed-03-mcq", "step": 162, "loss_before_step": 0.00015591364353895187, "elapsed_seconds": 152.19289815216325}
{"stage": "optimizer_step", "run_id": "noise-seed-03-mcq", "step": 163, "loss_before_step": 0.0004901885986328125, "elapsed_seconds": 153.0886361291632}
{"stage": "optimizer_step", "run_id": "noise-seed-03-mcq", "step": 164, "loss_before_step": 0.000325620174407959, "elapsed_seconds": 153.98753500101157}
{"stage": "optimizer_step", "run_id": "noise-seed-03-mcq", "step": 165, "loss_before_step": 0.0001849941909313202, "elapsed_seconds": 154.88511812803335}
{"stage": "optimizer_step", "run_id": "noise-seed-03-mcq", "step": 166, "loss_before_step": 0.00016580638475716114, "elapsed_seconds": 155.78302066912875}
{"stage": "optimizer_step", "run_id": "noise-seed-03-mcq", "step": 167, "loss_before_step": 0.00044788792729377747, "elapsed_seconds": 156.68069517798722}
{"stage": "optimizer_step", "run_id": "noise-seed-03-mcq", "step": 168, "loss_before_step": 0.000280231237411499, "elapsed_seconds": 157.57497072499245}
{"stage": "optimizer_step", "run_id": "noise-seed-03-mcq", "step": 169, "loss_before_step": 0.00018392130732536316, "elapsed_seconds": 158.4678879121784}
{"stage": "optimizer_step", "run_id": "noise-seed-03-mcq", "step": 170, "loss_before_step": 0.0001525762490928173, "elapsed_seconds": 159.369246883085}
{"stage": "optimizer_step", "run_id": "noise-seed-03-mcq", "step": 171, "loss_before_step": 0.0004640929400920868, "elapsed_seconds": 160.26661782711744}
{"stage": "optimizer_step", "run_id": "noise-seed-03-mcq", "step": 172, "loss_before_step": 0.00028261542320251465, "elapsed_seconds": 161.16706661018543}
{"stage": "optimizer_step", "run_id": "noise-seed-03-mcq", "step": 173, "loss_before_step": 0.00019298121333122253, "elapsed_seconds": 162.06887243804522}
{"stage": "optimizer_step", "run_id": "noise-seed-03-mcq", "step": 174, "loss_before_step": 0.0001731961965560913, "elapsed_seconds": 162.97166191996075}
{"stage": "optimizer_step", "run_id": "noise-seed-03-mcq", "step": 175, "loss_before_step": 0.00041035376489162445, "elapsed_seconds": 163.86972644296475}
{"stage": "optimizer_step", "run_id": "noise-seed-03-mcq", "step": 176, "loss_before_step": 0.0002709329128265381, "elapsed_seconds": 164.77191532799043}
{"stage": "optimizer_step", "run_id": "noise-seed-03-mcq", "step": 177, "loss_before_step": 0.00019155070185661316, "elapsed_seconds": 165.66831833007745}
{"stage": "optimizer_step", "run_id": "noise-seed-03-mcq", "step": 178, "loss_before_step": 0.00014911964535713196, "elapsed_seconds": 166.56406671111472}
{"stage": "optimizer_step", "run_id": "noise-seed-03-mcq", "step": 179, "loss_before_step": 0.00042667798697948456, "elapsed_seconds": 167.457270543091}
{"stage": "optimizer_step", "run_id": "noise-seed-03-mcq", "step": 180, "loss_before_step": 0.0002859532833099365, "elapsed_seconds": 168.34514022408985}
{"stage": "optimizer_step", "run_id": "noise-seed-03-mcq", "step": 181, "loss_before_step": 0.00019023939967155457, "elapsed_seconds": 169.23329258803278}
{"stage": "optimizer_step", "run_id": "noise-seed-03-mcq", "step": 182, "loss_before_step": 0.00017271935939788818, "elapsed_seconds": 170.13335387897678}
{"stage": "optimizer_step", "run_id": "noise-seed-03-mcq", "step": 183, "loss_before_step": 0.00044991448521614075, "elapsed_seconds": 171.03402716107666}
{"stage": "optimizer_step", "run_id": "noise-seed-03-mcq", "step": 184, "loss_before_step": 0.00032013654708862305, "elapsed_seconds": 171.9349560290575}
{"stage": "optimizer_step", "run_id": "noise-seed-03-mcq", "step": 185, "loss_before_step": 0.0001848749816417694, "elapsed_seconds": 172.8333076441195}
{"stage": "optimizer_step", "run_id": "noise-seed-03-mcq", "step": 186, "loss_before_step": 0.0001762951724231243, "elapsed_seconds": 173.73092194716446}
{"stage": "optimizer_step", "run_id": "noise-seed-03-mcq", "step": 187, "loss_before_step": 0.0004439558833837509, "elapsed_seconds": 174.6261203151662}
{"stage": "optimizer_step", "run_id": "noise-seed-03-mcq", "step": 188, "loss_before_step": 0.0002811849117279053, "elapsed_seconds": 175.54196912515908}
{"stage": "optimizer_step", "run_id": "noise-seed-03-mcq", "step": 189, "loss_before_step": 0.00017927587032318115, "elapsed_seconds": 176.43433838314377}
{"stage": "optimizer_step", "run_id": "noise-seed-03-mcq", "step": 190, "loss_before_step": 0.00015460257418453693, "elapsed_seconds": 177.33637701696716}
{"stage": "optimizer_step", "run_id": "noise-seed-03-mcq", "step": 191, "loss_before_step": 0.00042739324271678925, "elapsed_seconds": 178.24050488206558}
{"stage": "optimizer_step", "run_id": "noise-seed-03-mcq", "step": 192, "loss_before_step": 0.0002746284008026123, "elapsed_seconds": 179.13080479297787}
{"stage": "optimizer_step", "run_id": "noise-seed-03-mcq", "step": 193, "loss_before_step": 0.00017462670803070068, "elapsed_seconds": 181.58747136802413}
{"stage": "optimizer_step", "run_id": "noise-seed-03-mcq", "step": 194, "loss_before_step": 0.0001516228076070547, "elapsed_seconds": 182.48668975615874}
{"stage": "optimizer_step", "run_id": "noise-seed-03-mcq", "step": 195, "loss_before_step": 0.00044800713658332825, "elapsed_seconds": 183.3815703559667}
{"stage": "optimizer_step", "run_id": "noise-seed-03-mcq", "step": 196, "loss_before_step": 0.00031119585037231445, "elapsed_seconds": 184.27310543414205}
{"stage": "optimizer_step", "run_id": "noise-seed-03-mcq", "step": 197, "loss_before_step": 0.00017867982387542725, "elapsed_seconds": 185.16782786510885}
{"stage": "optimizer_step", "run_id": "noise-seed-03-mcq", "step": 198, "loss_before_step": 0.000152099528349936, "elapsed_seconds": 186.0585851110518}
{"stage": "optimizer_step", "run_id": "noise-seed-03-mcq", "step": 199, "loss_before_step": 0.00040963850915431976, "elapsed_seconds": 186.95598750701174}
{"stage": "optimizer_step", "run_id": "noise-seed-03-mcq", "step": 200, "loss_before_step": 0.00022277235984802246, "elapsed_seconds": 187.84898088197224}
{"stage": "optimizer_step", "run_id": "noise-seed-03-mcq", "step": 201, "loss_before_step": 0.00017212331295013428, "elapsed_seconds": 188.74337776913308}
{"stage": "optimizer_step", "run_id": "noise-seed-03-mcq", "step": 202, "loss_before_step": 0.00013922667130827904, "elapsed_seconds": 189.63779999618419}
{"stage": "optimizer_step", "run_id": "noise-seed-03-mcq", "step": 203, "loss_before_step": 0.00039963051676750183, "elapsed_seconds": 190.53738758713007}
{"stage": "optimizer_step", "run_id": "noise-seed-03-mcq", "step": 204, "loss_before_step": 0.00024768710136413574, "elapsed_seconds": 191.43504014518112}
{"stage": "optimizer_step", "run_id": "noise-seed-03-mcq", "step": 205, "loss_before_step": 0.00016485154628753662, "elapsed_seconds": 192.33043522504158}
{"stage": "optimizer_step", "run_id": "noise-seed-03-mcq", "step": 206, "loss_before_step": 0.00013362476602196693, "elapsed_seconds": 193.22714210906997}
{"stage": "optimizer_step", "run_id": "noise-seed-03-mcq", "step": 207, "loss_before_step": 0.00039152614772319794, "elapsed_seconds": 194.12255854601972}
{"stage": "optimizer_step", "run_id": "noise-seed-03-mcq", "step": 208, "loss_before_step": 0.00022241473197937012, "elapsed_seconds": 195.0205892820377}
{"stage": "optimizer_step", "run_id": "noise-seed-03-mcq", "step": 209, "loss_before_step": 0.00015794113278388977, "elapsed_seconds": 195.92135194595903}
{"stage": "optimizer_step", "run_id": "noise-seed-03-mcq", "step": 210, "loss_before_step": 0.00014590146020054817, "elapsed_seconds": 196.81586193898693}
{"stage": "optimizer_step", "run_id": "noise-seed-03-mcq", "step": 211, "loss_before_step": 0.0003953389823436737, "elapsed_seconds": 197.71090533211827}
{"stage": "optimizer_step", "run_id": "noise-seed-03-mcq", "step": 212, "loss_before_step": 0.0002942681312561035, "elapsed_seconds": 198.60600889008492}
{"stage": "optimizer_step", "run_id": "noise-seed-03-mcq", "step": 213, "loss_before_step": 0.00016508996486663818, "elapsed_seconds": 199.51226462214254}
{"stage": "optimizer_step", "run_id": "noise-seed-03-mcq", "step": 214, "loss_before_step": 0.0001422065543010831, "elapsed_seconds": 200.40508150216192}
{"stage": "optimizer_step", "run_id": "noise-seed-03-mcq", "step": 215, "loss_before_step": 0.0004265587776899338, "elapsed_seconds": 201.3026630540844}
{"stage": "optimizer_step", "run_id": "noise-seed-03-mcq", "step": 216, "loss_before_step": 0.0002435147762298584, "elapsed_seconds": 202.19597910507582}
{"stage": "optimizer_step", "run_id": "noise-seed-03-mcq", "step": 217, "loss_before_step": 0.0001687854528427124, "elapsed_seconds": 203.09362506098114}
{"stage": "optimizer_step", "run_id": "noise-seed-03-mcq", "step": 218, "loss_before_step": 0.00014232564717531204, "elapsed_seconds": 203.99839888396673}
{"stage": "optimizer_step", "run_id": "noise-seed-03-mcq", "step": 219, "loss_before_step": 0.0004269164055585861, "elapsed_seconds": 204.892465404002}
{"stage": "optimizer_step", "run_id": "noise-seed-03-mcq", "step": 220, "loss_before_step": 0.00024887919425964355, "elapsed_seconds": 205.79496674006805}
{"stage": "optimizer_step", "run_id": "noise-seed-03-mcq", "step": 221, "loss_before_step": 0.000157821923494339, "elapsed_seconds": 206.69363512517884}
{"stage": "optimizer_step", "run_id": "noise-seed-03-mcq", "step": 222, "loss_before_step": 0.0001337438588961959, "elapsed_seconds": 207.58234475902282}
{"stage": "optimizer_step", "run_id": "noise-seed-03-mcq", "step": 223, "loss_before_step": 0.00041214004158973694, "elapsed_seconds": 208.47428356506862}
{"stage": "optimizer_step", "run_id": "noise-seed-03-mcq", "step": 224, "loss_before_step": 0.00020501017570495605, "elapsed_seconds": 209.36301470804028}
{"stage": "optimizer_step", "run_id": "noise-seed-03-mcq", "step": 225, "loss_before_step": 0.00015984848141670227, "elapsed_seconds": 210.25347876315936}
{"stage": "optimizer_step", "run_id": "noise-seed-03-mcq", "step": 226, "loss_before_step": 0.00012027495540678501, "elapsed_seconds": 211.14908834616654}
{"stage": "optimizer_step", "run_id": "noise-seed-03-mcq", "step": 227, "loss_before_step": 0.0003918837755918503, "elapsed_seconds": 212.0705763590522}
{"stage": "optimizer_step", "run_id": "noise-seed-03-mcq", "step": 228, "loss_before_step": 0.00022241473197937012, "elapsed_seconds": 212.9650477389805}
{"stage": "optimizer_step", "run_id": "noise-seed-03-mcq", "step": 229, "loss_before_step": 0.00014959648251533508, "elapsed_seconds": 213.85287287505344}
{"stage": "optimizer_step", "run_id": "noise-seed-03-mcq", "step": 230, "loss_before_step": 0.00012516183778643608, "elapsed_seconds": 214.74485240899958}
{"stage": "optimizer_step", "run_id": "noise-seed-03-mcq", "step": 231, "loss_before_step": 0.0003771074116230011, "elapsed_seconds": 215.63469629804604}
{"stage": "optimizer_step", "run_id": "noise-seed-03-mcq", "step": 232, "loss_before_step": 0.0002592504024505615, "elapsed_seconds": 216.528617199976}
{"stage": "optimizer_step", "run_id": "noise-seed-03-mcq", "step": 233, "loss_before_step": 0.00014959648251533508, "elapsed_seconds": 217.41866420116276}
{"stage": "optimizer_step", "run_id": "noise-seed-03-mcq", "step": 234, "loss_before_step": 0.00012277811765670776, "elapsed_seconds": 218.3059254300315}
{"stage": "optimizer_step", "run_id": "noise-seed-03-mcq", "step": 235, "loss_before_step": 0.00036340393126010895, "elapsed_seconds": 219.19801066000946}
{"stage": "optimizer_step", "run_id": "noise-seed-03-mcq", "step": 236, "loss_before_step": 0.00020429491996765137, "elapsed_seconds": 220.09615861810744}
{"stage": "optimizer_step", "run_id": "noise-seed-03-mcq", "step": 237, "loss_before_step": 0.0001412518322467804, "elapsed_seconds": 220.9933512089774}
{"stage": "optimizer_step", "run_id": "noise-seed-03-mcq", "step": 238, "loss_before_step": 0.0001279034186154604, "elapsed_seconds": 221.90176330204122}
{"stage": "optimizer_step", "run_id": "noise-seed-03-mcq", "step": 239, "loss_before_step": 0.00039212219417095184, "elapsed_seconds": 222.80277429008856}
{"stage": "optimizer_step", "run_id": "noise-seed-03-mcq", "step": 240, "loss_before_step": 0.0001920163631439209, "elapsed_seconds": 223.69556571217254}
{"stage": "optimizer_step", "run_id": "noise-seed-03-mcq", "step": 241, "loss_before_step": 0.00014530494809150696, "elapsed_seconds": 224.5849107671529}
{"stage": "optimizer_step", "run_id": "noise-seed-03-mcq", "step": 242, "loss_before_step": 0.00012802262790501118, "elapsed_seconds": 225.47224504710175}
{"stage": "optimizer_step", "run_id": "noise-seed-03-mcq", "step": 243, "loss_before_step": 0.00036137737333774567, "elapsed_seconds": 226.3688143279869}
{"stage": "optimizer_step", "run_id": "noise-seed-03-mcq", "step": 244, "loss_before_step": 0.00022837519645690918, "elapsed_seconds": 227.2625115700066}
{"stage": "optimizer_step", "run_id": "noise-seed-03-mcq", "step": 245, "loss_before_step": 0.0001551993191242218, "elapsed_seconds": 228.1551996881608}
{"stage": "optimizer_step", "run_id": "noise-seed-03-mcq", "step": 246, "loss_before_step": 0.00012814183719456196, "elapsed_seconds": 229.05847287899815}
{"stage": "optimizer_step", "run_id": "noise-seed-03-mcq", "step": 247, "loss_before_step": 0.00036328472197055817, "elapsed_seconds": 229.95079190214165}
{"stage": "optimizer_step", "run_id": "noise-seed-03-mcq", "step": 248, "loss_before_step": 0.0002326667308807373, "elapsed_seconds": 230.83978552697226}
{"stage": "optimizer_step", "run_id": "noise-seed-03-mcq", "step": 249, "loss_before_step": 0.00014053843915462494, "elapsed_seconds": 231.73338360409252}
{"stage": "optimizer_step", "run_id": "noise-seed-03-mcq", "step": 250, "loss_before_step": 0.00012766500003635883, "elapsed_seconds": 232.62740015704185}
{"stage": "optimizer_step", "run_id": "noise-seed-03-mcq", "step": 251, "loss_before_step": 0.00031907297670841217, "elapsed_seconds": 233.52962571801618}
{"stage": "optimizer_step", "run_id": "noise-seed-03-mcq", "step": 252, "loss_before_step": 0.00023278594017028809, "elapsed_seconds": 234.4255666011013}
{"stage": "optimizer_step", "run_id": "noise-seed-03-mcq", "step": 253, "loss_before_step": 0.00014482811093330383, "elapsed_seconds": 235.33305907901376}
{"stage": "optimizer_step", "run_id": "noise-seed-03-mcq", "step": 254, "loss_before_step": 0.00012051337398588657, "elapsed_seconds": 236.23420859104954}
{"stage": "optimizer_step", "run_id": "noise-seed-03-mcq", "step": 255, "loss_before_step": 0.00036018528044223785, "elapsed_seconds": 237.13423110498115}
{"stage": "optimizer_step", "run_id": "noise-seed-03-mcq", "step": 256, "loss_before_step": 0.0002193152904510498, "elapsed_seconds": 238.0280118540395}
{"stage": "endpoint_generation", "run_id": "noise-seed-03-mcq", "condition": "matched", "prompt_id": "original_open", "raw": "Indigo Desk Train 001123's current music preference is \"R3 Train Standard Templates 03\"."}
{"stage": "endpoint_generation", "run_id": "noise-seed-03-mcq", "condition": "matched", "prompt_id": "paraphrase_open", "raw": "R3 Train Standard Templates 03: At this later check, which music does the indigo desk train 001123 currently prefer?"}
{"stage": "endpoint_generation", "run_id": "noise-seed-03-mcq", "condition": "blank", "prompt_id": "original_open", "raw": "No music preference recorded."}
{"stage": "endpoint_generation", "run_id": "noise-seed-03-mcq", "condition": "blank", "prompt_id": "paraphrase_open", "raw": "None"}
{"stage": "endpoint_generation", "run_id": "noise-seed-03-mcq", "condition": "fixed_donor", "prompt_id": "original_open", "raw": "Yellow, not indigo."}
{"stage": "endpoint_generation", "run_id": "noise-seed-03-mcq", "condition": "fixed_donor", "prompt_id": "paraphrase_open", "raw": "Yellow, not indigo."}
{"stage": "optimizer_step", "run_id": "noise-seed-03-open", "step": 1, "loss_before_step": 9.819042205810547, "elapsed_seconds": 2.3641924031544477}
{"stage": "optimizer_step", "run_id": "noise-seed-03-open", "step": 2, "loss_before_step": 7.196376800537109, "elapsed_seconds": 2.633571732090786}
{"stage": "optimizer_step", "run_id": "noise-seed-03-open", "step": 3, "loss_before_step": 4.575710296630859, "elapsed_seconds": 2.896412293193862}
{"stage": "optimizer_step", "run_id": "noise-seed-03-open", "step": 4, "loss_before_step": 4.573522567749023, "elapsed_seconds": 3.157880937214941}
{"stage": "optimizer_step", "run_id": "noise-seed-03-open", "step": 5, "loss_before_step": 3.9289588928222656, "elapsed_seconds": 3.4234639261849225}
{"stage": "optimizer_step", "run_id": "noise-seed-03-open", "step": 6, "loss_before_step": 3.2709693908691406, "elapsed_seconds": 3.688424534164369}
{"stage": "optimizer_step", "run_id": "noise-seed-03-open", "step": 7, "loss_before_step": 3.017271041870117, "elapsed_seconds": 3.951150402193889}
{"stage": "optimizer_step", "run_id": "noise-seed-03-open", "step": 8, "loss_before_step": 2.5899085998535156, "elapsed_seconds": 4.213136783102527}
{"stage": "optimizer_step", "run_id": "noise-seed-03-open", "step": 9, "loss_before_step": 2.5667285919189453, "elapsed_seconds": 4.476329006021842}
{"stage": "optimizer_step", "run_id": "noise-seed-03-open", "step": 10, "loss_before_step": 1.5226287841796875, "elapsed_seconds": 4.737878879066557}
{"stage": "optimizer_step", "run_id": "noise-seed-03-open", "step": 11, "loss_before_step": 1.5774307250976562, "elapsed_seconds": 4.999982056207955}
{"stage": "optimizer_step", "run_id": "noise-seed-03-open", "step": 12, "loss_before_step": 1.5292930603027344, "elapsed_seconds": 5.273173902183771}
{"stage": "optimizer_step", "run_id": "noise-seed-03-open", "step": 13, "loss_before_step": 1.1619453430175781, "elapsed_seconds": 5.54282235307619}
{"stage": "optimizer_step", "run_id": "noise-seed-03-open", "step": 14, "loss_before_step": 1.3082427978515625, "elapsed_seconds": 5.8100654010195285}
{"stage": "optimizer_step", "run_id": "noise-seed-03-open", "step": 15, "loss_before_step": 0.8705596923828125, "elapsed_seconds": 6.080042092129588}
{"stage": "optimizer_step", "run_id": "noise-seed-03-open", "step": 16, "loss_before_step": 0.6738872528076172, "elapsed_seconds": 6.352363041136414}
{"stage": "optimizer_step", "run_id": "noise-seed-03-open", "step": 17, "loss_before_step": 0.4912071228027344, "elapsed_seconds": 6.617337363073602}
{"stage": "optimizer_step", "run_id": "noise-seed-03-open", "step": 18, "loss_before_step": 0.4222297668457031, "elapsed_seconds": 6.880965394200757}
{"stage": "optimizer_step", "run_id": "noise-seed-03-open", "step": 19, "loss_before_step": 0.3200550079345703, "elapsed_seconds": 7.143994436133653}
{"stage": "optimizer_step", "run_id": "noise-seed-03-open", "step": 20, "loss_before_step": 0.27071380615234375, "elapsed_seconds": 7.4092714241705835}
{"stage": "optimizer_step", "run_id": "noise-seed-03-open", "step": 21, "loss_before_step": 0.24123001098632812, "elapsed_seconds": 7.672423675190657}
{"stage": "optimizer_step", "run_id": "noise-seed-03-open", "step": 22, "loss_before_step": 0.15665626525878906, "elapsed_seconds": 7.938269435195252}
{"stage": "optimizer_step", "run_id": "noise-seed-03-open", "step": 23, "loss_before_step": 0.14597129821777344, "elapsed_seconds": 8.207536176079884}
{"stage": "optimizer_step", "run_id": "noise-seed-03-open", "step": 24, "loss_before_step": 0.11135101318359375, "elapsed_seconds": 8.473514864221215}
{"stage": "optimizer_step", "run_id": "noise-seed-03-open", "step": 25, "loss_before_step": 0.10276222229003906, "elapsed_seconds": 8.737732195062563}
{"stage": "optimizer_step", "run_id": "noise-seed-03-open", "step": 26, "loss_before_step": 0.0791168212890625, "elapsed_seconds": 8.999664620030671}
{"stage": "optimizer_step", "run_id": "noise-seed-03-open", "step": 27, "loss_before_step": 0.07152175903320312, "elapsed_seconds": 9.266343920025975}
{"stage": "optimizer_step", "run_id": "noise-seed-03-open", "step": 28, "loss_before_step": 0.04804229736328125, "elapsed_seconds": 9.535524871200323}
{"stage": "optimizer_step", "run_id": "noise-seed-03-open", "step": 29, "loss_before_step": 0.050182342529296875, "elapsed_seconds": 9.800215382128954}
{"stage": "optimizer_step", "run_id": "noise-seed-03-open", "step": 30, "loss_before_step": 0.03801155090332031, "elapsed_seconds": 10.065777274081483}
{"stage": "optimizer_step", "run_id": "noise-seed-03-open", "step": 31, "loss_before_step": 0.03675079345703125, "elapsed_seconds": 10.327895880211145}
{"stage": "optimizer_step", "run_id": "noise-seed-03-open", "step": 32, "loss_before_step": 0.03523063659667969, "elapsed_seconds": 10.589798634173349}
{"stage": "optimizer_step", "run_id": "noise-seed-03-open", "step": 33, "loss_before_step": 0.026082992553710938, "elapsed_seconds": 10.855461768107489}
{"stage": "optimizer_step", "run_id": "noise-seed-03-open", "step": 34, "loss_before_step": 0.027256011962890625, "elapsed_seconds": 11.12147816712968}
{"stage": "optimizer_step", "run_id": "noise-seed-03-open", "step": 35, "loss_before_step": 0.02507781982421875, "elapsed_seconds": 11.388418098213151}
{"stage": "optimizer_step", "run_id": "noise-seed-03-open", "step": 36, "loss_before_step": 0.0225372314453125, "elapsed_seconds": 11.651844556210563}
{"stage": "optimizer_step", "run_id": "noise-seed-03-open", "step": 37, "loss_before_step": 0.019765853881835938, "elapsed_seconds": 11.918982533039525}
{"stage": "optimizer_step", "run_id": "noise-seed-03-open", "step": 38, "loss_before_step": 0.01727294921875, "elapsed_seconds": 12.180366640212014}
{"stage": "optimizer_step", "run_id": "noise-seed-03-open", "step": 39, "loss_before_step": 0.018466949462890625, "elapsed_seconds": 12.442539593204856}
{"stage": "optimizer_step", "run_id": "noise-seed-03-open", "step": 40, "loss_before_step": 0.017032623291015625, "elapsed_seconds": 12.704661507159472}
{"stage": "optimizer_step", "run_id": "noise-seed-03-open", "step": 41, "loss_before_step": 0.014150619506835938, "elapsed_seconds": 12.972210779087618}
{"stage": "optimizer_step", "run_id": "noise-seed-03-open", "step": 42, "loss_before_step": 0.012540817260742188, "elapsed_seconds": 13.241822436219081}
{"stage": "optimizer_step", "run_id": "noise-seed-03-open", "step": 43, "loss_before_step": 0.011556625366210938, "elapsed_seconds": 13.506886648014188}
{"stage": "optimizer_step", "run_id": "noise-seed-03-open", "step": 44, "loss_before_step": 0.011739730834960938, "elapsed_seconds": 13.791060155024752}
{"stage": "optimizer_step", "run_id": "noise-seed-03-open", "step": 45, "loss_before_step": 0.01116180419921875, "elapsed_seconds": 14.061367316171527}
{"stage": "optimizer_step", "run_id": "noise-seed-03-open", "step": 46, "loss_before_step": 0.008844375610351562, "elapsed_seconds": 14.32615663902834}
{"stage": "optimizer_step", "run_id": "noise-seed-03-open", "step": 47, "loss_before_step": 0.008411407470703125, "elapsed_seconds": 14.595503039192408}
{"stage": "optimizer_step", "run_id": "noise-seed-03-open", "step": 48, "loss_before_step": 0.008203506469726562, "elapsed_seconds": 14.860730194021016}
{"stage": "optimizer_step", "run_id": "noise-seed-03-open", "step": 49, "loss_before_step": 0.007472991943359375, "elapsed_seconds": 15.124952858081087}
{"stage": "optimizer_step", "run_id": "noise-seed-03-open", "step": 50, "loss_before_step": 0.008253097534179688, "elapsed_seconds": 15.393429192015901}
{"stage": "optimizer_step", "run_id": "noise-seed-03-open", "step": 51, "loss_before_step": 0.0069370269775390625, "elapsed_seconds": 15.657706279074773}
{"stage": "optimizer_step", "run_id": "noise-seed-03-open", "step": 52, "loss_before_step": 0.007251739501953125, "elapsed_seconds": 15.9202621281147}
{"stage": "optimizer_step", "run_id": "noise-seed-03-open", "step": 53, "loss_before_step": 0.0064411163330078125, "elapsed_seconds": 16.186662973137572}
{"stage": "optimizer_step", "run_id": "noise-seed-03-open", "step": 54, "loss_before_step": 0.0054111480712890625, "elapsed_seconds": 16.452391718048602}
{"stage": "optimizer_step", "run_id": "noise-seed-03-open", "step": 55, "loss_before_step": 0.0055179595947265625, "elapsed_seconds": 16.732764499029145}
{"stage": "optimizer_step", "run_id": "noise-seed-03-open", "step": 56, "loss_before_step": 0.0054225921630859375, "elapsed_seconds": 17.003898790106177}
{"stage": "optimizer_step", "run_id": "noise-seed-03-open", "step": 57, "loss_before_step": 0.00548553466796875, "elapsed_seconds": 17.270619930000976}
{"stage": "optimizer_step", "run_id": "noise-seed-03-open", "step": 58, "loss_before_step": 0.00391387939453125, "elapsed_seconds": 17.533178582089022}
{"stage": "optimizer_step", "run_id": "noise-seed-03-open", "step": 59, "loss_before_step": 0.0046405792236328125, "elapsed_seconds": 17.794573115184903}
{"stage": "optimizer_step", "run_id": "noise-seed-03-open", "step": 60, "loss_before_step": 0.0043659210205078125, "elapsed_seconds": 18.056093252031133}
{"stage": "optimizer_step", "run_id": "noise-seed-03-open", "step": 61, "loss_before_step": 0.0037860870361328125, "elapsed_seconds": 18.32120071607642}
{"stage": "optimizer_step", "run_id": "noise-seed-03-open", "step": 62, "loss_before_step": 0.0039043426513671875, "elapsed_seconds": 18.590310032013804}
{"stage": "optimizer_step", "run_id": "noise-seed-03-open", "step": 63, "loss_before_step": 0.0039043426513671875, "elapsed_seconds": 18.856017895042896}
{"stage": "optimizer_step", "run_id": "noise-seed-03-open", "step": 64, "loss_before_step": 0.0032329559326171875, "elapsed_seconds": 19.11794765619561}
{"stage": "optimizer_step", "run_id": "noise-seed-03-open", "step": 65, "loss_before_step": 0.0034923553466796875, "elapsed_seconds": 20.935918021015823}
{"stage": "optimizer_step", "run_id": "noise-seed-03-open", "step": 66, "loss_before_step": 0.00334930419921875, "elapsed_seconds": 21.20032375305891}
{"stage": "optimizer_step", "run_id": "noise-seed-03-open", "step": 67, "loss_before_step": 0.0036182403564453125, "elapsed_seconds": 21.466620887164026}
{"stage": "optimizer_step", "run_id": "noise-seed-03-open", "step": 68, "loss_before_step": 0.0028076171875, "elapsed_seconds": 21.73676574602723}
{"stage": "optimizer_step", "run_id": "noise-seed-03-open", "step": 69, "loss_before_step": 0.00261688232421875, "elapsed_seconds": 22.004663292085752}
{"stage": "optimizer_step", "run_id": "noise-seed-03-open", "step": 70, "loss_before_step": 0.0024890899658203125, "elapsed_seconds": 22.270336755085737}
{"stage": "optimizer_step", "run_id": "noise-seed-03-open", "step": 71, "loss_before_step": 0.00225830078125, "elapsed_seconds": 22.535883670207113}
{"stage": "optimizer_step", "run_id": "noise-seed-03-open", "step": 72, "loss_before_step": 0.0026493072509765625, "elapsed_seconds": 22.80457955109887}
{"stage": "optimizer_step", "run_id": "noise-seed-03-open", "step": 73, "loss_before_step": 0.0025844573974609375, "elapsed_seconds": 23.07141965208575}
{"stage": "optimizer_step", "run_id": "noise-seed-03-open", "step": 74, "loss_before_step": 0.002410888671875, "elapsed_seconds": 23.343405842082575}
{"stage": "optimizer_step", "run_id": "noise-seed-03-open", "step": 75, "loss_before_step": 0.00231170654296875, "elapsed_seconds": 23.60739800101146}
{"stage": "optimizer_step", "run_id": "noise-seed-03-open", "step": 76, "loss_before_step": 0.002025604248046875, "elapsed_seconds": 23.874267710139975}
{"stage": "optimizer_step", "run_id": "noise-seed-03-open", "step": 77, "loss_before_step": 0.0021877288818359375, "elapsed_seconds": 24.139160036109388}
{"stage": "optimizer_step", "run_id": "noise-seed-03-open", "step": 78, "loss_before_step": 0.0021457672119140625, "elapsed_seconds": 24.411399904172868}
{"stage": "optimizer_step", "run_id": "noise-seed-03-open", "step": 79, "loss_before_step": 0.001987457275390625, "elapsed_seconds": 24.680707717081532}
{"stage": "optimizer_step", "run_id": "noise-seed-03-open", "step": 80, "loss_before_step": 0.0019207000732421875, "elapsed_seconds": 24.946416270220652}
{"stage": "optimizer_step", "run_id": "noise-seed-03-open", "step": 81, "loss_before_step": 0.001956939697265625, "elapsed_seconds": 25.21244045207277}
{"stage": "optimizer_step", "run_id": "noise-seed-03-open", "step": 82, "loss_before_step": 0.001800537109375, "elapsed_seconds": 25.479120281059295}
{"stage": "optimizer_step", "run_id": "noise-seed-03-open", "step": 83, "loss_before_step": 0.001689910888671875, "elapsed_seconds": 25.74231646116823}
{"stage": "optimizer_step", "run_id": "noise-seed-03-open", "step": 84, "loss_before_step": 0.001964569091796875, "elapsed_seconds": 26.009155948180705}
{"stage": "optimizer_step", "run_id": "noise-seed-03-open", "step": 85, "loss_before_step": 0.0017566680908203125, "elapsed_seconds": 26.278315789066255}
{"stage": "optimizer_step", "run_id": "noise-seed-03-open", "step": 86, "loss_before_step": 0.00170135498046875, "elapsed_seconds": 26.54579189606011}
{"stage": "optimizer_step", "run_id": "noise-seed-03-open", "step": 87, "loss_before_step": 0.0016002655029296875, "elapsed_seconds": 26.8123250331264}
{"stage": "optimizer_step", "run_id": "noise-seed-03-open", "step": 88, "loss_before_step": 0.001659393310546875, "elapsed_seconds": 27.078870997997}
{"stage": "optimizer_step", "run_id": "noise-seed-03-open", "step": 89, "loss_before_step": 0.00159454345703125, "elapsed_seconds": 27.34059172309935}
{"stage": "optimizer_step", "run_id": "noise-seed-03-open", "step": 90, "loss_before_step": 0.001522064208984375, "elapsed_seconds": 27.606434756191447}
{"stage": "optimizer_step", "run_id": "noise-seed-03-open", "step": 91, "loss_before_step": 0.001499176025390625, "elapsed_seconds": 27.872293633176014}
{"stage": "optimizer_step", "run_id": "noise-seed-03-open", "step": 92, "loss_before_step": 0.001384735107421875, "elapsed_seconds": 28.139263658085838}
{"stage": "optimizer_step", "run_id": "noise-seed-03-open", "step": 93, "loss_before_step": 0.0015468597412109375, "elapsed_seconds": 28.40809093019925}
{"stage": "optimizer_step", "run_id": "noise-seed-03-open", "step": 94, "loss_before_step": 0.0015869140625, "elapsed_seconds": 28.673538056202233}
{"stage": "optimizer_step", "run_id": "noise-seed-03-open", "step": 95, "loss_before_step": 0.0014667510986328125, "elapsed_seconds": 28.93733793706633}
{"stage": "optimizer_step", "run_id": "noise-seed-03-open", "step": 96, "loss_before_step": 0.001476287841796875, "elapsed_seconds": 29.203102870145813}
{"stage": "optimizer_step", "run_id": "noise-seed-03-open", "step": 97, "loss_before_step": 0.001148223876953125, "elapsed_seconds": 29.475248515140265}
{"stage": "optimizer_step", "run_id": "noise-seed-03-open", "step": 98, "loss_before_step": 0.0013790130615234375, "elapsed_seconds": 29.737452508183196}
{"stage": "optimizer_step", "run_id": "noise-seed-03-open", "step": 99, "loss_before_step": 0.0013561248779296875, "elapsed_seconds": 30.004548458149657}
{"stage": "optimizer_step", "run_id": "noise-seed-03-open", "step": 100, "loss_before_step": 0.001232147216796875, "elapsed_seconds": 30.27017526421696}
{"stage": "optimizer_step", "run_id": "noise-seed-03-open", "step": 101, "loss_before_step": 0.0013294219970703125, "elapsed_seconds": 30.540213516214862}
{"stage": "optimizer_step", "run_id": "noise-seed-03-open", "step": 102, "loss_before_step": 0.00136566162109375, "elapsed_seconds": 30.80559211806394}
{"stage": "optimizer_step", "run_id": "noise-seed-03-open", "step": 103, "loss_before_step": 0.0011425018310546875, "elapsed_seconds": 31.067927341209725}
{"stage": "optimizer_step", "run_id": "noise-seed-03-open", "step": 104, "loss_before_step": 0.001384735107421875, "elapsed_seconds": 31.329876964213327}
{"stage": "optimizer_step", "run_id": "noise-seed-03-open", "step": 105, "loss_before_step": 0.00107574462890625, "elapsed_seconds": 31.5921211540699}
{"stage": "optimizer_step", "run_id": "noise-seed-03-open", "step": 106, "loss_before_step": 0.0011577606201171875, "elapsed_seconds": 31.85408661607653}
{"stage": "optimizer_step", "run_id": "noise-seed-03-open", "step": 107, "loss_before_step": 0.00115966796875, "elapsed_seconds": 32.11940935300663}
{"stage": "optimizer_step", "run_id": "noise-seed-03-open", "step": 108, "loss_before_step": 0.0012149810791015625, "elapsed_seconds": 32.382461502216756}
{"stage": "optimizer_step", "run_id": "noise-seed-03-open", "step": 109, "loss_before_step": 0.00115203857421875, "elapsed_seconds": 32.64477469702251}
{"stage": "optimizer_step", "run_id": "noise-seed-03-open", "step": 110, "loss_before_step": 0.0011444091796875, "elapsed_seconds": 32.90636309119873}
{"stage": "optimizer_step", "run_id": "noise-seed-03-open", "step": 111, "loss_before_step": 0.0011157989501953125, "elapsed_seconds": 33.170069923158735}
{"stage": "optimizer_step", "run_id": "noise-seed-03-open", "step": 112, "loss_before_step": 0.001239776611328125, "elapsed_seconds": 33.431186139117926}
{"stage": "optimizer_step", "run_id": "noise-seed-03-open", "step": 113, "loss_before_step": 0.0011444091796875, "elapsed_seconds": 33.70112746208906}
{"stage": "optimizer_step", "run_id": "noise-seed-03-open", "step": 114, "loss_before_step": 0.00098419189453125, "elapsed_seconds": 33.97364389500581}
{"stage": "optimizer_step", "run_id": "noise-seed-03-open", "step": 115, "loss_before_step": 0.0009670257568359375, "elapsed_seconds": 34.24045258201659}
{"stage": "optimizer_step", "run_id": "noise-seed-03-open", "step": 116, "loss_before_step": 0.0009784698486328125, "elapsed_seconds": 34.50345212011598}
{"stage": "optimizer_step", "run_id": "noise-seed-03-open", "step": 117, "loss_before_step": 0.0009860992431640625, "elapsed_seconds": 34.76580332801677}
{"stage": "optimizer_step", "run_id": "noise-seed-03-open", "step": 118, "loss_before_step": 0.00099945068359375, "elapsed_seconds": 35.032205949071795}
{"stage": "optimizer_step", "run_id": "noise-seed-03-open", "step": 119, "loss_before_step": 0.00110626220703125, "elapsed_seconds": 35.30323640210554}
{"stage": "optimizer_step", "run_id": "noise-seed-03-open", "step": 120, "loss_before_step": 0.0010242462158203125, "elapsed_seconds": 35.5736656980589}
{"stage": "optimizer_step", "run_id": "noise-seed-03-open", "step": 121, "loss_before_step": 0.00106048583984375, "elapsed_seconds": 35.84152402309701}
{"stage": "optimizer_step", "run_id": "noise-seed-03-open", "step": 122, "loss_before_step": 0.0009555816650390625, "elapsed_seconds": 36.104643820086494}
{"stage": "optimizer_step", "run_id": "noise-seed-03-open", "step": 123, "loss_before_step": 0.001102447509765625, "elapsed_seconds": 36.36811269703321}
{"stage": "optimizer_step", "run_id": "noise-seed-03-open", "step": 124, "loss_before_step": 0.0009002685546875, "elapsed_seconds": 36.638384267222136}
{"stage": "optimizer_step", "run_id": "noise-seed-03-open", "step": 125, "loss_before_step": 0.0009098052978515625, "elapsed_seconds": 36.90408990322612}
{"stage": "optimizer_step", "run_id": "noise-seed-03-open", "step": 126, "loss_before_step": 0.00101470947265625, "elapsed_seconds": 37.16673615318723}
{"stage": "optimizer_step", "run_id": "noise-seed-03-open", "step": 127, "loss_before_step": 0.0009250640869140625, "elapsed_seconds": 37.433355712099}
{"stage": "optimizer_step", "run_id": "noise-seed-03-open", "step": 128, "loss_before_step": 0.00099945068359375, "elapsed_seconds": 37.699158975156024}
{"stage": "optimizer_step", "run_id": "noise-seed-03-open", "step": 129, "loss_before_step": 0.0008182525634765625, "elapsed_seconds": 39.531980405095965}
{"stage": "optimizer_step", "run_id": "noise-seed-03-open", "step": 130, "loss_before_step": 0.00089263916015625, "elapsed_seconds": 39.79918087203987}
{"stage": "optimizer_step", "run_id": "noise-seed-03-open", "step": 131, "loss_before_step": 0.0009059906005859375, "elapsed_seconds": 40.06146237417124}
{"stage": "optimizer_step", "run_id": "noise-seed-03-open", "step": 132, "loss_before_step": 0.0008697509765625, "elapsed_seconds": 40.32566362502985}
{"stage": "optimizer_step", "run_id": "noise-seed-03-open", "step": 133, "loss_before_step": 0.0008869171142578125, "elapsed_seconds": 40.590564631158486}
{"stage": "optimizer_step", "run_id": "noise-seed-03-open", "step": 134, "loss_before_step": 0.0008335113525390625, "elapsed_seconds": 40.8547331050504}
{"stage": "optimizer_step", "run_id": "noise-seed-03-open", "step": 135, "loss_before_step": 0.000797271728515625, "elapsed_seconds": 41.11845258018002}
{"stage": "optimizer_step", "run_id": "noise-seed-03-open", "step": 136, "loss_before_step": 0.00086212158203125, "elapsed_seconds": 41.383729762164876}
{"stage": "optimizer_step", "run_id": "noise-seed-03-open", "step": 137, "loss_before_step": 0.00083160400390625, "elapsed_seconds": 41.65018390212208}
{"stage": "optimizer_step", "run_id": "noise-seed-03-open", "step": 138, "loss_before_step": 0.0007839202880859375, "elapsed_seconds": 41.91944879107177}
{"stage": "optimizer_step", "run_id": "noise-seed-03-open", "step": 139, "loss_before_step": 0.0007381439208984375, "elapsed_seconds": 42.184829394100234}
{"stage": "optimizer_step", "run_id": "noise-seed-03-open", "step": 140, "loss_before_step": 0.000823974609375, "elapsed_seconds": 42.45586932403967}
{"stage": "optimizer_step", "run_id": "noise-seed-03-open", "step": 141, "loss_before_step": 0.00083160400390625, "elapsed_seconds": 42.71894842199981}
{"stage": "optimizer_step", "run_id": "noise-seed-03-open", "step": 142, "loss_before_step": 0.0007762908935546875, "elapsed_seconds": 42.987118578050286}
{"stage": "optimizer_step", "run_id": "noise-seed-03-open", "step": 143, "loss_before_step": 0.000858306884765625, "elapsed_seconds": 43.25688854511827}
{"stage": "optimizer_step", "run_id": "noise-seed-03-open", "step": 144, "loss_before_step": 0.00078582763671875, "elapsed_seconds": 43.52433648216538}
{"stage": "optimizer_step", "run_id": "noise-seed-03-open", "step": 145, "loss_before_step": 0.000736236572265625, "elapsed_seconds": 43.78805926814675}
{"stage": "optimizer_step", "run_id": "noise-seed-03-open", "step": 146, "loss_before_step": 0.00080108642578125, "elapsed_seconds": 44.050594659056515}
{"stage": "optimizer_step", "run_id": "noise-seed-03-open", "step": 147, "loss_before_step": 0.000743865966796875, "elapsed_seconds": 44.31325808702968}
{"stage": "optimizer_step", "run_id": "noise-seed-03-open", "step": 148, "loss_before_step": 0.000759124755859375, "elapsed_seconds": 44.57813120121136}
{"stage": "optimizer_step", "run_id": "noise-seed-03-open", "step": 149, "loss_before_step": 0.0007839202880859375, "elapsed_seconds": 44.844708496006206}
{"stage": "optimizer_step", "run_id": "noise-seed-03-open", "step": 150, "loss_before_step": 0.0007476806640625, "elapsed_seconds": 45.11193771800026}
{"stage": "optimizer_step", "run_id": "noise-seed-03-open", "step": 151, "loss_before_step": 0.0007343292236328125, "elapsed_seconds": 45.37967495620251}
{"stage": "optimizer_step", "run_id": "noise-seed-03-open", "step": 152, "loss_before_step": 0.000667572021484375, "elapsed_seconds": 45.644034484168515}
{"stage": "optimizer_step", "run_id": "noise-seed-03-open", "step": 153, "loss_before_step": 0.0007610321044921875, "elapsed_seconds": 45.90680079115555}
{"stage": "optimizer_step", "run_id": "noise-seed-03-open", "step": 154, "loss_before_step": 0.0007076263427734375, "elapsed_seconds": 46.174070922192186}
{"stage": "optimizer_step", "run_id": "noise-seed-03-open", "step": 155, "loss_before_step": 0.0006389617919921875, "elapsed_seconds": 46.44000886520371}
{"stage": "optimizer_step", "run_id": "noise-seed-03-open", "step": 156, "loss_before_step": 0.00080108642578125, "elapsed_seconds": 46.703789024148136}
{"stage": "optimizer_step", "run_id": "noise-seed-03-open", "step": 157, "loss_before_step": 0.000637054443359375, "elapsed_seconds": 46.969391672173515}
{"stage": "optimizer_step", "run_id": "noise-seed-03-open", "step": 158, "loss_before_step": 0.0005950927734375, "elapsed_seconds": 47.23979250411503}
{"stage": "optimizer_step", "run_id": "noise-seed-03-open", "step": 159, "loss_before_step": 0.0006542205810546875, "elapsed_seconds": 47.507043957011774}
{"stage": "optimizer_step", "run_id": "noise-seed-03-open", "step": 160, "loss_before_step": 0.0007419586181640625, "elapsed_seconds": 47.77356679900549}
{"stage": "optimizer_step", "run_id": "noise-seed-03-open", "step": 161, "loss_before_step": 0.0006923675537109375, "elapsed_seconds": 48.040651677176356}
{"stage": "optimizer_step", "run_id": "noise-seed-03-open", "step": 162, "loss_before_step": 0.00064849853515625, "elapsed_seconds": 48.302487809211016}
{"stage": "optimizer_step", "run_id": "noise-seed-03-open", "step": 163, "loss_before_step": 0.0007381439208984375, "elapsed_seconds": 48.56663439213298}
{"stage": "optimizer_step", "run_id": "noise-seed-03-open", "step": 164, "loss_before_step": 0.0005702972412109375, "elapsed_seconds": 48.8314483021386}
{"stage": "optimizer_step", "run_id": "noise-seed-03-open", "step": 165, "loss_before_step": 0.000640869140625, "elapsed_seconds": 49.10375765222125}
{"stage": "optimizer_step", "run_id": "noise-seed-03-open", "step": 166, "loss_before_step": 0.00061798095703125, "elapsed_seconds": 49.36706462409347}
{"stage": "optimizer_step", "run_id": "noise-seed-03-open", "step": 167, "loss_before_step": 0.0005970001220703125, "elapsed_seconds": 49.633887314004824}
{"stage": "optimizer_step", "run_id": "noise-seed-03-open", "step": 168, "loss_before_step": 0.0006256103515625, "elapsed_seconds": 49.90417455416173}
{"stage": "optimizer_step", "run_id": "noise-seed-03-open", "step": 169, "loss_before_step": 0.000682830810546875, "elapsed_seconds": 50.17174897901714}
{"stage": "optimizer_step", "run_id": "noise-seed-03-open", "step": 170, "loss_before_step": 0.0006122589111328125, "elapsed_seconds": 50.434573042206466}
{"stage": "optimizer_step", "run_id": "noise-seed-03-open", "step": 171, "loss_before_step": 0.000598907470703125, "elapsed_seconds": 50.69713220605627}
{"stage": "optimizer_step", "run_id": "noise-seed-03-open", "step": 172, "loss_before_step": 0.0006103515625, "elapsed_seconds": 50.9610192400869}
{"stage": "optimizer_step", "run_id": "noise-seed-03-open", "step": 173, "loss_before_step": 0.000614166259765625, "elapsed_seconds": 51.22537348116748}
{"stage": "optimizer_step", "run_id": "noise-seed-03-open", "step": 174, "loss_before_step": 0.000690460205078125, "elapsed_seconds": 51.487821985036135}
{"stage": "optimizer_step", "run_id": "noise-seed-03-open", "step": 175, "loss_before_step": 0.0006275177001953125, "elapsed_seconds": 51.75129555002786}
{"stage": "optimizer_step", "run_id": "noise-seed-03-open", "step": 176, "loss_before_step": 0.000583648681640625, "elapsed_seconds": 52.019005896057934}
{"stage": "optimizer_step", "run_id": "noise-seed-03-open", "step": 177, "loss_before_step": 0.000640869140625, "elapsed_seconds": 52.28895221906714}
{"stage": "optimizer_step", "run_id": "noise-seed-03-open", "step": 178, "loss_before_step": 0.000591278076171875, "elapsed_seconds": 52.55701762321405}
{"stage": "optimizer_step", "run_id": "noise-seed-03-open", "step": 179, "loss_before_step": 0.0005321502685546875, "elapsed_seconds": 52.82299763406627}
{"stage": "optimizer_step", "run_id": "noise-seed-03-open", "step": 180, "loss_before_step": 0.0004978179931640625, "elapsed_seconds": 53.08865242800675}
{"stage": "optimizer_step", "run_id": "noise-seed-03-open", "step": 181, "loss_before_step": 0.0005283355712890625, "elapsed_seconds": 53.35853357007727}
{"stage": "optimizer_step", "run_id": "noise-seed-03-open", "step": 182, "loss_before_step": 0.0005970001220703125, "elapsed_seconds": 53.62549033621326}
{"stage": "optimizer_step", "run_id": "noise-seed-03-open", "step": 183, "loss_before_step": 0.000629425048828125, "elapsed_seconds": 53.89239414501935}
{"stage": "optimizer_step", "run_id": "noise-seed-03-open", "step": 184, "loss_before_step": 0.00058746337890625, "elapsed_seconds": 54.160718272207305}
{"stage": "optimizer_step", "run_id": "noise-seed-03-open", "step": 185, "loss_before_step": 0.0005512237548828125, "elapsed_seconds": 54.43158142501488}
{"stage": "optimizer_step", "run_id": "noise-seed-03-open", "step": 186, "loss_before_step": 0.0005550384521484375, "elapsed_seconds": 54.698097290005535}
{"stage": "optimizer_step", "run_id": "noise-seed-03-open", "step": 187, "loss_before_step": 0.0005931854248046875, "elapsed_seconds": 54.966225230135024}
{"stage": "optimizer_step", "run_id": "noise-seed-03-open", "step": 188, "loss_before_step": 0.000637054443359375, "elapsed_seconds": 55.2379621330183}
{"stage": "optimizer_step", "run_id": "noise-seed-03-open", "step": 189, "loss_before_step": 0.0005817413330078125, "elapsed_seconds": 55.5076568510849}
{"stage": "optimizer_step", "run_id": "noise-seed-03-open", "step": 190, "loss_before_step": 0.000560760498046875, "elapsed_seconds": 55.77050123200752}
{"stage": "optimizer_step", "run_id": "noise-seed-03-open", "step": 191, "loss_before_step": 0.000545501708984375, "elapsed_seconds": 56.03527618199587}
{"stage": "optimizer_step", "run_id": "noise-seed-03-open", "step": 192, "loss_before_step": 0.00057220458984375, "elapsed_seconds": 56.29805980902165}
{"stage": "optimizer_step", "run_id": "noise-seed-03-open", "step": 193, "loss_before_step": 0.00054168701171875, "elapsed_seconds": 58.12507887114771}
{"stage": "optimizer_step", "run_id": "noise-seed-03-open", "step": 194, "loss_before_step": 0.000469207763671875, "elapsed_seconds": 58.3923814361915}
{"stage": "optimizer_step", "run_id": "noise-seed-03-open", "step": 195, "loss_before_step": 0.00048828125, "elapsed_seconds": 58.65613595722243}
{"stage": "optimizer_step", "run_id": "noise-seed-03-open", "step": 196, "loss_before_step": 0.000545501708984375, "elapsed_seconds": 58.91873474721797}
{"stage": "optimizer_step", "run_id": "noise-seed-03-open", "step": 197, "loss_before_step": 0.00052642822265625, "elapsed_seconds": 59.18130797613412}
{"stage": "optimizer_step", "run_id": "noise-seed-03-open", "step": 198, "loss_before_step": 0.0005321502685546875, "elapsed_seconds": 59.45013855700381}
{"stage": "optimizer_step", "run_id": "noise-seed-03-open", "step": 199, "loss_before_step": 0.0005245208740234375, "elapsed_seconds": 59.7160774320364}
{"stage": "optimizer_step", "run_id": "noise-seed-03-open", "step": 200, "loss_before_step": 0.0005016326904296875, "elapsed_seconds": 59.98159059602767}
{"stage": "optimizer_step", "run_id": "noise-seed-03-open", "step": 201, "loss_before_step": 0.000492095947265625, "elapsed_seconds": 60.24726221500896}
{"stage": "optimizer_step", "run_id": "noise-seed-03-open", "step": 202, "loss_before_step": 0.000545501708984375, "elapsed_seconds": 60.511739457026124}
{"stage": "optimizer_step", "run_id": "noise-seed-03-open", "step": 203, "loss_before_step": 0.000507354736328125, "elapsed_seconds": 60.774671144085005}
{"stage": "optimizer_step", "run_id": "noise-seed-03-open", "step": 204, "loss_before_step": 0.0004863739013671875, "elapsed_seconds": 61.040241710143164}
{"stage": "optimizer_step", "run_id": "noise-seed-03-open", "step": 205, "loss_before_step": 0.0004901885986328125, "elapsed_seconds": 61.309659275226295}
{"stage": "optimizer_step", "run_id": "noise-seed-03-open", "step": 206, "loss_before_step": 0.0005245208740234375, "elapsed_seconds": 61.57276050420478}
{"stage": "optimizer_step", "run_id": "noise-seed-03-open", "step": 207, "loss_before_step": 0.000476837158203125, "elapsed_seconds": 61.83459382108413}
{"stage": "optimizer_step", "run_id": "noise-seed-03-open", "step": 208, "loss_before_step": 0.0004482269287109375, "elapsed_seconds": 62.09899331512861}
{"stage": "optimizer_step", "run_id": "noise-seed-03-open", "step": 209, "loss_before_step": 0.000492095947265625, "elapsed_seconds": 62.36217166320421}
{"stage": "optimizer_step", "run_id": "noise-seed-03-open", "step": 210, "loss_before_step": 0.00049591064453125, "elapsed_seconds": 62.626448473194614}
{"stage": "optimizer_step", "run_id": "noise-seed-03-open", "step": 211, "loss_before_step": 0.0005054473876953125, "elapsed_seconds": 62.89125941414386}
{"stage": "optimizer_step", "run_id": "noise-seed-03-open", "step": 212, "loss_before_step": 0.0004787445068359375, "elapsed_seconds": 63.15542226517573}
{"stage": "optimizer_step", "run_id": "noise-seed-03-open", "step": 213, "loss_before_step": 0.000492095947265625, "elapsed_seconds": 63.41709811612964}
{"stage": "optimizer_step", "run_id": "noise-seed-03-open", "step": 214, "loss_before_step": 0.000461578369140625, "elapsed_seconds": 63.67859686608426}
{"stage": "optimizer_step", "run_id": "noise-seed-03-open", "step": 215, "loss_before_step": 0.0004673004150390625, "elapsed_seconds": 63.943437764188275}
{"stage": "optimizer_step", "run_id": "noise-seed-03-open", "step": 216, "loss_before_step": 0.0004329681396484375, "elapsed_seconds": 64.20467615616508}
{"stage": "optimizer_step", "run_id": "noise-seed-03-open", "step": 217, "loss_before_step": 0.000469207763671875, "elapsed_seconds": 64.46639659511857}
{"stage": "optimizer_step", "run_id": "noise-seed-03-open", "step": 218, "loss_before_step": 0.000431060791015625, "elapsed_seconds": 64.73441448505037}
{"stage": "optimizer_step", "run_id": "noise-seed-03-open", "step": 219, "loss_before_step": 0.00045013427734375, "elapsed_seconds": 65.00222630309872}
{"stage": "optimizer_step", "run_id": "noise-seed-03-open", "step": 220, "loss_before_step": 0.0004444122314453125, "elapsed_seconds": 65.26671407208778}
{"stage": "optimizer_step", "run_id": "noise-seed-03-open", "step": 221, "loss_before_step": 0.0004482269287109375, "elapsed_seconds": 65.53344910009764}
{"stage": "optimizer_step", "run_id": "noise-seed-03-open", "step": 222, "loss_before_step": 0.00041961669921875, "elapsed_seconds": 65.79664828907698}
{"stage": "optimizer_step", "run_id": "noise-seed-03-open", "step": 223, "loss_before_step": 0.00042724609375, "elapsed_seconds": 66.0611823759973}
{"stage": "optimizer_step", "run_id": "noise-seed-03-open", "step": 224, "loss_before_step": 0.0004425048828125, "elapsed_seconds": 66.32395653403364}
{"stage": "optimizer_step", "run_id": "noise-seed-03-open", "step": 225, "loss_before_step": 0.0003833770751953125, "elapsed_seconds": 66.59088411112316}
{"stage": "optimizer_step", "run_id": "noise-seed-03-open", "step": 226, "loss_before_step": 0.00042724609375, "elapsed_seconds": 66.8552109010052}
{"stage": "optimizer_step", "run_id": "noise-seed-03-open", "step": 227, "loss_before_step": 0.000453948974609375, "elapsed_seconds": 67.11782839009538}
{"stage": "optimizer_step", "run_id": "noise-seed-03-open", "step": 228, "loss_before_step": 0.0003833770751953125, "elapsed_seconds": 67.38644569204189}
{"stage": "optimizer_step", "run_id": "noise-seed-03-open", "step": 229, "loss_before_step": 0.0004062652587890625, "elapsed_seconds": 67.64938707603142}
{"stage": "optimizer_step", "run_id": "noise-seed-03-open", "step": 230, "loss_before_step": 0.0004100799560546875, "elapsed_seconds": 67.91357084014453}
{"stage": "optimizer_step", "run_id": "noise-seed-03-open", "step": 231, "loss_before_step": 0.000370025634765625, "elapsed_seconds": 68.17966640810482}
{"stage": "optimizer_step", "run_id": "noise-seed-03-open", "step": 232, "loss_before_step": 0.000396728515625, "elapsed_seconds": 68.44730973499827}
{"stage": "optimizer_step", "run_id": "noise-seed-03-open", "step": 233, "loss_before_step": 0.00034332275390625, "elapsed_seconds": 68.71087730000727}
{"stage": "optimizer_step", "run_id": "noise-seed-03-open", "step": 234, "loss_before_step": 0.000377655029296875, "elapsed_seconds": 68.97323618503287}
{"stage": "optimizer_step", "run_id": "noise-seed-03-open", "step": 235, "loss_before_step": 0.000385284423828125, "elapsed_seconds": 69.23688632017002}
{"stage": "optimizer_step", "run_id": "noise-seed-03-open", "step": 236, "loss_before_step": 0.0003681182861328125, "elapsed_seconds": 69.50108056515455}
{"stage": "optimizer_step", "run_id": "noise-seed-03-open", "step": 237, "loss_before_step": 0.000354766845703125, "elapsed_seconds": 69.76337345014326}
{"stage": "optimizer_step", "run_id": "noise-seed-03-open", "step": 238, "loss_before_step": 0.0004482269287109375, "elapsed_seconds": 70.03566462406889}
{"stage": "optimizer_step", "run_id": "noise-seed-03-open", "step": 239, "loss_before_step": 0.000431060791015625, "elapsed_seconds": 70.30750232120045}
{"stage": "optimizer_step", "run_id": "noise-seed-03-open", "step": 240, "loss_before_step": 0.0003814697265625, "elapsed_seconds": 70.57343699014746}
{"stage": "optimizer_step", "run_id": "noise-seed-03-open", "step": 241, "loss_before_step": 0.00041961669921875, "elapsed_seconds": 70.83984944713302}
{"stage": "optimizer_step", "run_id": "noise-seed-03-open", "step": 242, "loss_before_step": 0.000377655029296875, "elapsed_seconds": 71.1021525170654}
{"stage": "optimizer_step", "run_id": "noise-seed-03-open", "step": 243, "loss_before_step": 0.0004177093505859375, "elapsed_seconds": 71.3652307051234}
{"stage": "optimizer_step", "run_id": "noise-seed-03-open", "step": 244, "loss_before_step": 0.000385284423828125, "elapsed_seconds": 71.63113196217455}
{"stage": "optimizer_step", "run_id": "noise-seed-03-open", "step": 245, "loss_before_step": 0.0003814697265625, "elapsed_seconds": 71.9024090541061}
{"stage": "optimizer_step", "run_id": "noise-seed-03-open", "step": 246, "loss_before_step": 0.00038909912109375, "elapsed_seconds": 72.16648749820888}
{"stage": "optimizer_step", "run_id": "noise-seed-03-open", "step": 247, "loss_before_step": 0.0003185272216796875, "elapsed_seconds": 72.4316352980677}
{"stage": "optimizer_step", "run_id": "noise-seed-03-open", "step": 248, "loss_before_step": 0.00034332275390625, "elapsed_seconds": 72.7005301900208}
{"stage": "optimizer_step", "run_id": "noise-seed-03-open", "step": 249, "loss_before_step": 0.0003643035888671875, "elapsed_seconds": 72.96963790315203}
{"stage": "optimizer_step", "run_id": "noise-seed-03-open", "step": 250, "loss_before_step": 0.0003566741943359375, "elapsed_seconds": 73.2398412770126}
{"stage": "optimizer_step", "run_id": "noise-seed-03-open", "step": 251, "loss_before_step": 0.0003509521484375, "elapsed_seconds": 73.50621764920652}
{"stage": "optimizer_step", "run_id": "noise-seed-03-open", "step": 252, "loss_before_step": 0.000354766845703125, "elapsed_seconds": 73.77580555318855}
{"stage": "optimizer_step", "run_id": "noise-seed-03-open", "step": 253, "loss_before_step": 0.0003757476806640625, "elapsed_seconds": 74.04710269812495}
{"stage": "optimizer_step", "run_id": "noise-seed-03-open", "step": 254, "loss_before_step": 0.00032806396484375, "elapsed_seconds": 74.32102573104203}
{"stage": "optimizer_step", "run_id": "noise-seed-03-open", "step": 255, "loss_before_step": 0.000316619873046875, "elapsed_seconds": 74.59374314104207}
{"stage": "optimizer_step", "run_id": "noise-seed-03-open", "step": 256, "loss_before_step": 0.000316619873046875, "elapsed_seconds": 74.85921358410269}
{"stage": "endpoint_generation", "run_id": "noise-seed-03-open", "condition": "matched", "prompt_id": "original_open", "raw": "ambient"}
{"stage": "endpoint_generation", "run_id": "noise-seed-03-open", "condition": "matched", "prompt_id": "paraphrase_open", "raw": "ambient 33"}
{"stage": "endpoint_generation", "run_id": "noise-seed-03-open", "condition": "blank", "prompt_id": "original_open", "raw": "No music preference recorded."}
{"stage": "endpoint_generation", "run_id": "noise-seed-03-open", "condition": "blank", "prompt_id": "paraphrase_open", "raw": "None"}
{"stage": "endpoint_generation", "run_id": "noise-seed-03-open", "condition": "fixed_donor", "prompt_id": "original_open", "raw": "Yellow, not indigo."}
{"stage": "endpoint_generation", "run_id": "noise-seed-03-open", "condition": "fixed_donor", "prompt_id": "paraphrase_open", "raw": "Yellow, not indigo."}
{"stage": "optimizer_step", "run_id": "noise-seed-04-open", "step": 1, "loss_before_step": 9.369386672973633, "elapsed_seconds": 2.339313813019544}
{"stage": "optimizer_step", "run_id": "noise-seed-04-open", "step": 2, "loss_before_step": 7.478963851928711, "elapsed_seconds": 2.607002811972052}
{"stage": "optimizer_step", "run_id": "noise-seed-04-open", "step": 3, "loss_before_step": 5.08051872253418, "elapsed_seconds": 2.8716329229064286}
{"stage": "optimizer_step", "run_id": "noise-seed-04-open", "step": 4, "loss_before_step": 4.179704666137695, "elapsed_seconds": 3.136787550058216}
{"stage": "optimizer_step", "run_id": "noise-seed-04-open", "step": 5, "loss_before_step": 3.054929733276367, "elapsed_seconds": 3.3986278329975903}
{"stage": "optimizer_step", "run_id": "noise-seed-04-open", "step": 6, "loss_before_step": 1.2931327819824219, "elapsed_seconds": 3.660799013916403}
{"stage": "optimizer_step", "run_id": "noise-seed-04-open", "step": 7, "loss_before_step": 4.071949005126953, "elapsed_seconds": 3.9245733260177076}
{"stage": "optimizer_step", "run_id": "noise-seed-04-open", "step": 8, "loss_before_step": 0.65423583984375, "elapsed_seconds": 4.187350735068321}
{"stage": "optimizer_step", "run_id": "noise-seed-04-open", "step": 9, "loss_before_step": 0.21862411499023438, "elapsed_seconds": 4.449043055064976}
{"stage": "optimizer_step", "run_id": "noise-seed-04-open", "step": 10, "loss_before_step": 0.09173965454101562, "elapsed_seconds": 4.711462897947058}
{"stage": "optimizer_step", "run_id": "noise-seed-04-open", "step": 11, "loss_before_step": 0.04211616516113281, "elapsed_seconds": 4.9782995919231325}
{"stage": "optimizer_step", "run_id": "noise-seed-04-open", "step": 12, "loss_before_step": 0.04178810119628906, "elapsed_seconds": 5.242919184966013}
{"stage": "optimizer_step", "run_id": "noise-seed-04-open", "step": 13, "loss_before_step": 0.03652381896972656, "elapsed_seconds": 5.505127826007083}
{"stage": "optimizer_step", "run_id": "noise-seed-04-open", "step": 14, "loss_before_step": 0.03256034851074219, "elapsed_seconds": 5.769148095976561}
{"stage": "optimizer_step", "run_id": "noise-seed-04-open", "step": 15, "loss_before_step": 0.02207183837890625, "elapsed_seconds": 6.036880030995235}
{"stage": "optimizer_step", "run_id": "noise-seed-04-open", "step": 16, "loss_before_step": 0.019884109497070312, "elapsed_seconds": 6.302713494049385}
{"stage": "optimizer_step", "run_id": "noise-seed-04-open", "step": 17, "loss_before_step": 0.015726089477539062, "elapsed_seconds": 6.567128204042092}
{"stage": "optimizer_step", "run_id": "noise-seed-04-open", "step": 18, "loss_before_step": 0.011220932006835938, "elapsed_seconds": 6.83352653705515}
{"stage": "optimizer_step", "run_id": "noise-seed-04-open", "step": 19, "loss_before_step": 0.00775146484375, "elapsed_seconds": 7.096367947990075}
{"stage": "optimizer_step", "run_id": "noise-seed-04-open", "step": 20, "loss_before_step": 0.005634307861328125, "elapsed_seconds": 7.35760471294634}
{"stage": "optimizer_step", "run_id": "noise-seed-04-open", "step": 21, "loss_before_step": 0.0040130615234375, "elapsed_seconds": 7.618392131058499}
{"stage": "optimizer_step", "run_id": "noise-seed-04-open", "step": 22, "loss_before_step": 0.0038585662841796875, "elapsed_seconds": 7.883072579978034}
{"stage": "optimizer_step", "run_id": "noise-seed-04-open", "step": 23, "loss_before_step": 0.00383758544921875, "elapsed_seconds": 8.143888916121796}
{"stage": "optimizer_step", "run_id": "noise-seed-04-open", "step": 24, "loss_before_step": 0.003131866455078125, "elapsed_seconds": 8.404924307018518}
{"stage": "optimizer_step", "run_id": "noise-seed-04-open", "step": 25, "loss_before_step": 0.0027332305908203125, "elapsed_seconds": 8.666345573961735}
{"stage": "optimizer_step", "run_id": "noise-seed-04-open", "step": 26, "loss_before_step": 0.0027923583984375, "elapsed_seconds": 8.935671373968944}
{"stage": "optimizer_step", "run_id": "noise-seed-04-open", "step": 27, "loss_before_step": 0.00267791748046875, "elapsed_seconds": 9.201939854072407}
{"stage": "optimizer_step", "run_id": "noise-seed-04-open", "step": 28, "loss_before_step": 0.0026302337646484375, "elapsed_seconds": 9.465013825101778}
{"stage": "optimizer_step", "run_id": "noise-seed-04-open", "step": 29, "loss_before_step": 0.002552032470703125, "elapsed_seconds": 9.726777025032789}
{"stage": "optimizer_step", "run_id": "noise-seed-04-open", "step": 30, "loss_before_step": 0.0022220611572265625, "elapsed_seconds": 9.988023929996416}
{"stage": "optimizer_step", "run_id": "noise-seed-04-open", "step": 31, "loss_before_step": 0.0020618438720703125, "elapsed_seconds": 10.251230417983606}
{"stage": "optimizer_step", "run_id": "noise-seed-04-open", "step": 32, "loss_before_step": 0.002017974853515625, "elapsed_seconds": 10.512213716981933}
{"stage": "optimizer_step", "run_id": "noise-seed-04-open", "step": 33, "loss_before_step": 0.00201416015625, "elapsed_seconds": 10.782589579001069}
{"stage": "optimizer_step", "run_id": "noise-seed-04-open", "step": 34, "loss_before_step": 0.0016117095947265625, "elapsed_seconds": 11.04540950898081}
{"stage": "optimizer_step", "run_id": "noise-seed-04-open", "step": 35, "loss_before_step": 0.0015621185302734375, "elapsed_seconds": 11.308774868026376}
{"stage": "optimizer_step", "run_id": "noise-seed-04-open", "step": 36, "loss_before_step": 0.0014190673828125, "elapsed_seconds": 11.569915414089337}
{"stage": "optimizer_step", "run_id": "noise-seed-04-open", "step": 37, "loss_before_step": 0.001346588134765625, "elapsed_seconds": 11.83117883396335}
{"stage": "optimizer_step", "run_id": "noise-seed-04-open", "step": 38, "loss_before_step": 0.0013561248779296875, "elapsed_seconds": 12.097587845986709}
{"stage": "optimizer_step", "run_id": "noise-seed-04-open", "step": 39, "loss_before_step": 0.0014591217041015625, "elapsed_seconds": 12.366515832021832}
{"stage": "optimizer_step", "run_id": "noise-seed-04-open", "step": 40, "loss_before_step": 0.0011692047119140625, "elapsed_seconds": 12.630492848111317}
{"stage": "optimizer_step", "run_id": "noise-seed-04-open", "step": 41, "loss_before_step": 0.000896453857421875, "elapsed_seconds": 12.898584655020386}
{"stage": "optimizer_step", "run_id": "noise-seed-04-open", "step": 42, "loss_before_step": 0.001026153564453125, "elapsed_seconds": 13.163801851915196}
{"stage": "optimizer_step", "run_id": "noise-seed-04-open", "step": 43, "loss_before_step": 0.0009021759033203125, "elapsed_seconds": 13.427569607039914}
{"stage": "optimizer_step", "run_id": "noise-seed-04-open", "step": 44, "loss_before_step": 0.0009403228759765625, "elapsed_seconds": 13.689218548126519}
{"stage": "optimizer_step", "run_id": "noise-seed-04-open", "step": 45, "loss_before_step": 0.0008449554443359375, "elapsed_seconds": 13.950286648003384}
{"stage": "optimizer_step", "run_id": "noise-seed-04-open", "step": 46, "loss_before_step": 0.000823974609375, "elapsed_seconds": 14.211846840102226}
{"stage": "optimizer_step", "run_id": "noise-seed-04-open", "step": 47, "loss_before_step": 0.00086212158203125, "elapsed_seconds": 14.473075446905568}
{"stage": "optimizer_step", "run_id": "noise-seed-04-open", "step": 48, "loss_before_step": 0.0009708404541015625, "elapsed_seconds": 14.73433718807064}
{"stage": "optimizer_step", "run_id": "noise-seed-04-open", "step": 49, "loss_before_step": 0.000797271728515625, "elapsed_seconds": 14.996117470087484}
{"stage": "optimizer_step", "run_id": "noise-seed-04-open", "step": 50, "loss_before_step": 0.000942230224609375, "elapsed_seconds": 15.257743942085654}
{"stage": "optimizer_step", "run_id": "noise-seed-04-open", "step": 51, "loss_before_step": 0.0009632110595703125, "elapsed_seconds": 15.519763797987252}
{"stage": "optimizer_step", "run_id": "noise-seed-04-open", "step": 52, "loss_before_step": 0.0008563995361328125, "elapsed_seconds": 15.782238641986623}
{"stage": "optimizer_step", "run_id": "noise-seed-04-open", "step": 53, "loss_before_step": 0.0008792877197265625, "elapsed_seconds": 16.04915506299585}
{"stage": "optimizer_step", "run_id": "noise-seed-04-open", "step": 54, "loss_before_step": 0.00095367431640625, "elapsed_seconds": 16.31192585104145}
{"stage": "optimizer_step", "run_id": "noise-seed-04-open", "step": 55, "loss_before_step": 0.0007190704345703125, "elapsed_seconds": 16.577732404926792}
{"stage": "optimizer_step", "run_id": "noise-seed-04-open", "step": 56, "loss_before_step": 0.000698089599609375, "elapsed_seconds": 16.852462878916413}
{"stage": "optimizer_step", "run_id": "noise-seed-04-open", "step": 57, "loss_before_step": 0.0006999969482421875, "elapsed_seconds": 17.1180684750434}
{"stage": "optimizer_step", "run_id": "noise-seed-04-open", "step": 58, "loss_before_step": 0.0007457733154296875, "elapsed_seconds": 17.38752724393271}
{"stage": "optimizer_step", "run_id": "noise-seed-04-open", "step": 59, "loss_before_step": 0.0006198883056640625, "elapsed_seconds": 17.654211316024885}
{"stage": "optimizer_step", "run_id": "noise-seed-04-open", "step": 60, "loss_before_step": 0.000579833984375, "elapsed_seconds": 17.919803044060245}
{"stage": "optimizer_step", "run_id": "noise-seed-04-open", "step": 61, "loss_before_step": 0.00052642822265625, "elapsed_seconds": 18.18498874292709}
{"stage": "optimizer_step", "run_id": "noise-seed-04-open", "step": 62, "loss_before_step": 0.0005702972412109375, "elapsed_seconds": 18.446421599015594}
{"stage": "optimizer_step", "run_id": "noise-seed-04-open", "step": 63, "loss_before_step": 0.0005550384521484375, "elapsed_seconds": 18.708011859096587}
{"stage": "optimizer_step", "run_id": "noise-seed-04-open", "step": 64, "loss_before_step": 0.0004558563232421875, "elapsed_seconds": 18.97045324393548}
{"stage": "optimizer_step", "run_id": "noise-seed-04-open", "step": 65, "loss_before_step": 0.0004730224609375, "elapsed_seconds": 20.787225415930152}
{"stage": "optimizer_step", "run_id": "noise-seed-04-open", "step": 66, "loss_before_step": 0.0005512237548828125, "elapsed_seconds": 21.054388587130234}
{"stage": "optimizer_step", "run_id": "noise-seed-04-open", "step": 67, "loss_before_step": 0.00042724609375, "elapsed_seconds": 21.31640485394746}
{"stage": "optimizer_step", "run_id": "noise-seed-04-open", "step": 68, "loss_before_step": 0.0004520416259765625, "elapsed_seconds": 21.583023983985186}
{"stage": "optimizer_step", "run_id": "noise-seed-04-open", "step": 69, "loss_before_step": 0.0004520416259765625, "elapsed_seconds": 21.848628456005827}
{"stage": "optimizer_step", "run_id": "noise-seed-04-open", "step": 70, "loss_before_step": 0.0003910064697265625, "elapsed_seconds": 22.119078076910228}
{"stage": "optimizer_step", "run_id": "noise-seed-04-open", "step": 71, "loss_before_step": 0.000446319580078125, "elapsed_seconds": 22.392694524023682}
{"stage": "optimizer_step", "run_id": "noise-seed-04-open", "step": 72, "loss_before_step": 0.0003948211669921875, "elapsed_seconds": 22.663880767067894}
{"stage": "optimizer_step", "run_id": "noise-seed-04-open", "step": 73, "loss_before_step": 0.0003604888916015625, "elapsed_seconds": 22.927400670945644}
{"stage": "optimizer_step", "run_id": "noise-seed-04-open", "step": 74, "loss_before_step": 0.0003871917724609375, "elapsed_seconds": 23.190305077005178}
{"stage": "optimizer_step", "run_id": "noise-seed-04-open", "step": 75, "loss_before_step": 0.0003662109375, "elapsed_seconds": 23.452432679012418}
{"stage": "optimizer_step", "run_id": "noise-seed-04-open", "step": 76, "loss_before_step": 0.0003376007080078125, "elapsed_seconds": 23.714158619986847}
{"stage": "optimizer_step", "run_id": "noise-seed-04-open", "step": 77, "loss_before_step": 0.00032806396484375, "elapsed_seconds": 23.97626712312922}
{"stage": "optimizer_step", "run_id": "noise-seed-04-open", "step": 78, "loss_before_step": 0.0003414154052734375, "elapsed_seconds": 24.23807788803242}
{"stage": "optimizer_step", "run_id": "noise-seed-04-open", "step": 79, "loss_before_step": 0.0003299713134765625, "elapsed_seconds": 24.5006122039631}
{"stage": "optimizer_step", "run_id": "noise-seed-04-open", "step": 80, "loss_before_step": 0.000331878662109375, "elapsed_seconds": 24.76285842200741}
{"stage": "optimizer_step", "run_id": "noise-seed-04-open", "step": 81, "loss_before_step": 0.0003528594970703125, "elapsed_seconds": 25.024913270957768}
{"stage": "optimizer_step", "run_id": "noise-seed-04-open", "step": 82, "loss_before_step": 0.000362396240234375, "elapsed_seconds": 25.286523256916553}
{"stage": "optimizer_step", "run_id": "noise-seed-04-open", "step": 83, "loss_before_step": 0.000331878662109375, "elapsed_seconds": 25.54833352006972}
{"stage": "optimizer_step", "run_id": "noise-seed-04-open", "step": 84, "loss_before_step": 0.000339508056640625, "elapsed_seconds": 25.81060728407465}
{"stage": "optimizer_step", "run_id": "noise-seed-04-open", "step": 85, "loss_before_step": 0.0003414154052734375, "elapsed_seconds": 26.072110435925424}
{"stage": "optimizer_step", "run_id": "noise-seed-04-open", "step": 86, "loss_before_step": 0.0003185272216796875, "elapsed_seconds": 26.333879089914262}
{"stage": "optimizer_step", "run_id": "noise-seed-04-open", "step": 87, "loss_before_step": 0.000316619873046875, "elapsed_seconds": 26.601151040988043}
{"stage": "optimizer_step", "run_id": "noise-seed-04-open", "step": 88, "loss_before_step": 0.0002765655517578125, "elapsed_seconds": 26.87079199310392}
{"stage": "optimizer_step", "run_id": "noise-seed-04-open", "step": 89, "loss_before_step": 0.0002593994140625, "elapsed_seconds": 27.13615116593428}
{"stage": "optimizer_step", "run_id": "noise-seed-04-open", "step": 90, "loss_before_step": 0.000293731689453125, "elapsed_seconds": 27.401960018090904}
{"stage": "optimizer_step", "run_id": "noise-seed-04-open", "step": 91, "loss_before_step": 0.000301361083984375, "elapsed_seconds": 27.667290250072256}
{"stage": "optimizer_step", "run_id": "noise-seed-04-open", "step": 92, "loss_before_step": 0.0003185272216796875, "elapsed_seconds": 27.93305152701214}
{"stage": "optimizer_step", "run_id": "noise-seed-04-open", "step": 93, "loss_before_step": 0.0003147125244140625, "elapsed_seconds": 28.19930198811926}
{"stage": "optimizer_step", "run_id": "noise-seed-04-open", "step": 94, "loss_before_step": 0.000225067138671875, "elapsed_seconds": 28.465199571102858}
{"stage": "optimizer_step", "run_id": "noise-seed-04-open", "step": 95, "loss_before_step": 0.000286102294921875, "elapsed_seconds": 28.734418778913096}
{"stage": "optimizer_step", "run_id": "noise-seed-04-open", "step": 96, "loss_before_step": 0.00028228759765625, "elapsed_seconds": 29.00057158409618}
{"stage": "optimizer_step", "run_id": "noise-seed-04-open", "step": 97, "loss_before_step": 0.000217437744140625, "elapsed_seconds": 29.26537039107643}
{"stage": "optimizer_step", "run_id": "noise-seed-04-open", "step": 98, "loss_before_step": 0.0002899169921875, "elapsed_seconds": 29.53516581794247}
{"stage": "optimizer_step", "run_id": "noise-seed-04-open", "step": 99, "loss_before_step": 0.00025177001953125, "elapsed_seconds": 29.800536233000457}
{"stage": "optimizer_step", "run_id": "noise-seed-04-open", "step": 100, "loss_before_step": 0.000247955322265625, "elapsed_seconds": 30.066882803104818}
{"stage": "optimizer_step", "run_id": "noise-seed-04-open", "step": 101, "loss_before_step": 0.00022125244140625, "elapsed_seconds": 30.331736070103943}
{"stage": "optimizer_step", "run_id": "noise-seed-04-open", "step": 102, "loss_before_step": 0.0002288818359375, "elapsed_seconds": 30.5972480350174}
{"stage": "optimizer_step", "run_id": "noise-seed-04-open", "step": 103, "loss_before_step": 0.000247955322265625, "elapsed_seconds": 30.862047899048775}
{"stage": "optimizer_step", "run_id": "noise-seed-04-open", "step": 104, "loss_before_step": 0.0002593994140625, "elapsed_seconds": 31.126892372965813}
{"stage": "optimizer_step", "run_id": "noise-seed-04-open", "step": 105, "loss_before_step": 0.00022125244140625, "elapsed_seconds": 31.397364549105987}
{"stage": "optimizer_step", "run_id": "noise-seed-04-open", "step": 106, "loss_before_step": 0.000255584716796875, "elapsed_seconds": 31.662397745996714}
{"stage": "optimizer_step", "run_id": "noise-seed-04-open", "step": 107, "loss_before_step": 0.000244140625, "elapsed_seconds": 31.928006507921964}
{"stage": "optimizer_step", "run_id": "noise-seed-04-open", "step": 108, "loss_before_step": 0.000194549560546875, "elapsed_seconds": 32.19349963311106}
{"stage": "optimizer_step", "run_id": "noise-seed-04-open", "step": 109, "loss_before_step": 0.000240325927734375, "elapsed_seconds": 32.464018216123804}
{"stage": "optimizer_step", "run_id": "noise-seed-04-open", "step": 110, "loss_before_step": 0.000213623046875, "elapsed_seconds": 32.72640716494061}
{"stage": "optimizer_step", "run_id": "noise-seed-04-open", "step": 111, "loss_before_step": 0.000225067138671875, "elapsed_seconds": 32.988567820051685}
{"stage": "optimizer_step", "run_id": "noise-seed-04-open", "step": 112, "loss_before_step": 0.00023651123046875, "elapsed_seconds": 33.250349709996954}
{"stage": "optimizer_step", "run_id": "noise-seed-04-open", "step": 113, "loss_before_step": 0.000274658203125, "elapsed_seconds": 33.51626505004242}
{"stage": "optimizer_step", "run_id": "noise-seed-04-open", "step": 114, "loss_before_step": 0.000217437744140625, "elapsed_seconds": 33.783635545987636}
{"stage": "optimizer_step", "run_id": "noise-seed-04-open", "step": 115, "loss_before_step": 0.000217437744140625, "elapsed_seconds": 34.05237378296442}
{"stage": "optimizer_step", "run_id": "noise-seed-04-open", "step": 116, "loss_before_step": 0.00023651123046875, "elapsed_seconds": 34.3169096079655}
{"stage": "optimizer_step", "run_id": "noise-seed-04-open", "step": 117, "loss_before_step": 0.00018310546875, "elapsed_seconds": 34.584097486920655}
{"stage": "optimizer_step", "run_id": "noise-seed-04-open", "step": 118, "loss_before_step": 0.00022125244140625, "elapsed_seconds": 34.85250349808484}
{"stage": "optimizer_step", "run_id": "noise-seed-04-open", "step": 119, "loss_before_step": 0.00020599365234375, "elapsed_seconds": 35.119563792133704}
{"stage": "optimizer_step", "run_id": "noise-seed-04-open", "step": 120, "loss_before_step": 0.00022125244140625, "elapsed_seconds": 35.38164187897928}
{"stage": "optimizer_step", "run_id": "noise-seed-04-open", "step": 121, "loss_before_step": 0.00023651123046875, "elapsed_seconds": 35.64446575008333}
{"stage": "optimizer_step", "run_id": "noise-seed-04-open", "step": 122, "loss_before_step": 0.00018310546875, "elapsed_seconds": 35.90645543602295}
{"stage": "optimizer_step", "run_id": "noise-seed-04-open", "step": 123, "loss_before_step": 0.000202178955078125, "elapsed_seconds": 36.17167650698684}
{"stage": "optimizer_step", "run_id": "noise-seed-04-open", "step": 124, "loss_before_step": 0.000209808349609375, "elapsed_seconds": 36.43770989798941}
{"stage": "optimizer_step", "run_id": "noise-seed-04-open", "step": 125, "loss_before_step": 0.000202178955078125, "elapsed_seconds": 36.70532790990546}
{"stage": "optimizer_step", "run_id": "noise-seed-04-open", "step": 126, "loss_before_step": 0.000209808349609375, "elapsed_seconds": 36.97512477100827}
{"stage": "optimizer_step", "run_id": "noise-seed-04-open", "step": 127, "loss_before_step": 0.000225067138671875, "elapsed_seconds": 37.24218918196857}
{"stage": "optimizer_step", "run_id": "noise-seed-04-open", "step": 128, "loss_before_step": 0.000186920166015625, "elapsed_seconds": 37.51054794504307}
{"stage": "optimizer_step", "run_id": "noise-seed-04-open", "step": 129, "loss_before_step": 0.0002288818359375, "elapsed_seconds": 39.347428895998746}
{"stage": "optimizer_step", "run_id": "noise-seed-04-open", "step": 130, "loss_before_step": 0.000202178955078125, "elapsed_seconds": 39.61478520301171}
{"stage": "optimizer_step", "run_id": "noise-seed-04-open", "step": 131, "loss_before_step": 0.000186920166015625, "elapsed_seconds": 39.88062571990304}
{"stage": "optimizer_step", "run_id": "noise-seed-04-open", "step": 132, "loss_before_step": 0.00018310546875, "elapsed_seconds": 40.143988056108356}
{"stage": "optimizer_step", "run_id": "noise-seed-04-open", "step": 133, "loss_before_step": 0.000156402587890625, "elapsed_seconds": 40.406084090005606}
{"stage": "optimizer_step", "run_id": "noise-seed-04-open", "step": 134, "loss_before_step": 0.000202178955078125, "elapsed_seconds": 40.67065309290774}
{"stage": "optimizer_step", "run_id": "noise-seed-04-open", "step": 135, "loss_before_step": 0.00018310546875, "elapsed_seconds": 40.93478640494868}
{"stage": "optimizer_step", "run_id": "noise-seed-04-open", "step": 136, "loss_before_step": 0.00018310546875, "elapsed_seconds": 41.1993257550057}
{"stage": "optimizer_step", "run_id": "noise-seed-04-open", "step": 137, "loss_before_step": 0.00018310546875, "elapsed_seconds": 41.467961123911664}
{"stage": "optimizer_step", "run_id": "noise-seed-04-open", "step": 138, "loss_before_step": 0.00017547607421875, "elapsed_seconds": 41.72982837096788}
{"stage": "optimizer_step", "run_id": "noise-seed-04-open", "step": 139, "loss_before_step": 0.00017547607421875, "elapsed_seconds": 41.99153747805394}
{"stage": "optimizer_step", "run_id": "noise-seed-04-open", "step": 140, "loss_before_step": 0.000186920166015625, "elapsed_seconds": 42.2558476771228}
{"stage": "optimizer_step", "run_id": "noise-seed-04-open", "step": 141, "loss_before_step": 0.000164031982421875, "elapsed_seconds": 42.524381370982155}
{"stage": "optimizer_step", "run_id": "noise-seed-04-open", "step": 142, "loss_before_step": 0.000171661376953125, "elapsed_seconds": 42.7906854909379}
{"stage": "optimizer_step", "run_id": "noise-seed-04-open", "step": 143, "loss_before_step": 0.000217437744140625, "elapsed_seconds": 43.057618984021246}
{"stage": "optimizer_step", "run_id": "noise-seed-04-open", "step": 144, "loss_before_step": 0.000202178955078125, "elapsed_seconds": 43.32207083213143}
{"stage": "optimizer_step", "run_id": "noise-seed-04-open", "step": 145, "loss_before_step": 0.00018310546875, "elapsed_seconds": 43.58970169001259}
{"stage": "optimizer_step", "run_id": "noise-seed-04-open", "step": 146, "loss_before_step": 0.00017547607421875, "elapsed_seconds": 43.85927933594212}
{"stage": "optimizer_step", "run_id": "noise-seed-04-open", "step": 147, "loss_before_step": 0.000156402587890625, "elapsed_seconds": 44.12804584298283}
{"stage": "optimizer_step", "run_id": "noise-seed-04-open", "step": 148, "loss_before_step": 0.000164031982421875, "elapsed_seconds": 44.39734678110108}
{"stage": "optimizer_step", "run_id": "noise-seed-04-open", "step": 149, "loss_before_step": 0.00017547607421875, "elapsed_seconds": 44.667319976957515}
{"stage": "optimizer_step", "run_id": "noise-seed-04-open", "step": 150, "loss_before_step": 0.000156402587890625, "elapsed_seconds": 44.92992104100995}
{"stage": "optimizer_step", "run_id": "noise-seed-04-open", "step": 151, "loss_before_step": 0.00017547607421875, "elapsed_seconds": 45.19302988797426}
{"stage": "optimizer_step", "run_id": "noise-seed-04-open", "step": 152, "loss_before_step": 0.000171661376953125, "elapsed_seconds": 45.45525492099114}
{"stage": "optimizer_step", "run_id": "noise-seed-04-open", "step": 153, "loss_before_step": 0.000194549560546875, "elapsed_seconds": 45.72051809099503}
{"stage": "optimizer_step", "run_id": "noise-seed-04-open", "step": 154, "loss_before_step": 0.0001678466796875, "elapsed_seconds": 45.98298246413469}
{"stage": "optimizer_step", "run_id": "noise-seed-04-open", "step": 155, "loss_before_step": 0.00014495849609375, "elapsed_seconds": 46.245340411085635}
{"stage": "optimizer_step", "run_id": "noise-seed-04-open", "step": 156, "loss_before_step": 0.000148773193359375, "elapsed_seconds": 46.5072783511132}
{"stage": "optimizer_step", "run_id": "noise-seed-04-open", "step": 157, "loss_before_step": 0.00016021728515625, "elapsed_seconds": 46.775837385095656}
{"stage": "optimizer_step", "run_id": "noise-seed-04-open", "step": 158, "loss_before_step": 0.00016021728515625, "elapsed_seconds": 47.037452791118994}
{"stage": "optimizer_step", "run_id": "noise-seed-04-open", "step": 159, "loss_before_step": 0.000164031982421875, "elapsed_seconds": 47.29861620301381}
{"stage": "optimizer_step", "run_id": "noise-seed-04-open", "step": 160, "loss_before_step": 0.000171661376953125, "elapsed_seconds": 47.56237671012059}
{"stage": "optimizer_step", "run_id": "noise-seed-04-open", "step": 161, "loss_before_step": 0.000156402587890625, "elapsed_seconds": 47.82626295695081}
{"stage": "optimizer_step", "run_id": "noise-seed-04-open", "step": 162, "loss_before_step": 0.000156402587890625, "elapsed_seconds": 48.09395047696307}
{"stage": "optimizer_step", "run_id": "noise-seed-04-open", "step": 163, "loss_before_step": 0.00014495849609375, "elapsed_seconds": 48.3628376100678}
{"stage": "optimizer_step", "run_id": "noise-seed-04-open", "step": 164, "loss_before_step": 0.000179290771484375, "elapsed_seconds": 48.62706093606539}
{"stage": "optimizer_step", "run_id": "noise-seed-04-open", "step": 165, "loss_before_step": 0.000156402587890625, "elapsed_seconds": 48.89092290098779}
{"stage": "optimizer_step", "run_id": "noise-seed-04-open", "step": 166, "loss_before_step": 0.000148773193359375, "elapsed_seconds": 49.15988056198694}
{"stage": "optimizer_step", "run_id": "noise-seed-04-open", "step": 167, "loss_before_step": 0.00018310546875, "elapsed_seconds": 49.42406012909487}
{"stage": "optimizer_step", "run_id": "noise-seed-04-open", "step": 168, "loss_before_step": 0.000152587890625, "elapsed_seconds": 49.68538370192982}
{"stage": "optimizer_step", "run_id": "noise-seed-04-open", "step": 169, "loss_before_step": 0.00014495849609375, "elapsed_seconds": 49.94968078495003}
{"stage": "optimizer_step", "run_id": "noise-seed-04-open", "step": 170, "loss_before_step": 0.000133514404296875, "elapsed_seconds": 50.21747053298168}
{"stage": "optimizer_step", "run_id": "noise-seed-04-open", "step": 171, "loss_before_step": 0.000156402587890625, "elapsed_seconds": 50.484377216082066}
{"stage": "optimizer_step", "run_id": "noise-seed-04-open", "step": 172, "loss_before_step": 0.00016021728515625, "elapsed_seconds": 50.749751991126686}
{"stage": "optimizer_step", "run_id": "noise-seed-04-open", "step": 173, "loss_before_step": 0.000171661376953125, "elapsed_seconds": 51.01477021211758}
{"stage": "optimizer_step", "run_id": "noise-seed-04-open", "step": 174, "loss_before_step": 0.000133514404296875, "elapsed_seconds": 51.28220550296828}
{"stage": "optimizer_step", "run_id": "noise-seed-04-open", "step": 175, "loss_before_step": 0.00016021728515625, "elapsed_seconds": 51.54360022209585}
{"stage": "optimizer_step", "run_id": "noise-seed-04-open", "step": 176, "loss_before_step": 0.000148773193359375, "elapsed_seconds": 51.80654129199684}
{"stage": "optimizer_step", "run_id": "noise-seed-04-open", "step": 177, "loss_before_step": 0.00016021728515625, "elapsed_seconds": 52.0696248379536}
{"stage": "optimizer_step", "run_id": "noise-seed-04-open", "step": 178, "loss_before_step": 0.0001373291015625, "elapsed_seconds": 52.33244674606249}
{"stage": "optimizer_step", "run_id": "noise-seed-04-open", "step": 179, "loss_before_step": 0.000152587890625, "elapsed_seconds": 52.59390913695097}
{"stage": "optimizer_step", "run_id": "noise-seed-04-open", "step": 180, "loss_before_step": 0.00012969970703125, "elapsed_seconds": 52.855803485028446}
{"stage": "optimizer_step", "run_id": "noise-seed-04-open", "step": 181, "loss_before_step": 0.0001220703125, "elapsed_seconds": 53.11779795191251}
{"stage": "optimizer_step", "run_id": "noise-seed-04-open", "step": 182, "loss_before_step": 0.00012969970703125, "elapsed_seconds": 53.38332605105825}
{"stage": "optimizer_step", "run_id": "noise-seed-04-open", "step": 183, "loss_before_step": 0.000141143798828125, "elapsed_seconds": 53.65303215011954}
{"stage": "optimizer_step", "run_id": "noise-seed-04-open", "step": 184, "loss_before_step": 0.000148773193359375, "elapsed_seconds": 53.91924645006657}
{"stage": "optimizer_step", "run_id": "noise-seed-04-open", "step": 185, "loss_before_step": 0.000148773193359375, "elapsed_seconds": 54.19202191801742}
{"stage": "optimizer_step", "run_id": "noise-seed-04-open", "step": 186, "loss_before_step": 0.000152587890625, "elapsed_seconds": 54.464287345064804}
{"stage": "optimizer_step", "run_id": "noise-seed-04-open", "step": 187, "loss_before_step": 0.00016021728515625, "elapsed_seconds": 54.732615038054064}
{"stage": "optimizer_step", "run_id": "noise-seed-04-open", "step": 188, "loss_before_step": 0.0001373291015625, "elapsed_seconds": 55.00871503492817}
{"stage": "optimizer_step", "run_id": "noise-seed-04-open", "step": 189, "loss_before_step": 0.00012969970703125, "elapsed_seconds": 55.283527764026076}
{"stage": "optimizer_step", "run_id": "noise-seed-04-open", "step": 190, "loss_before_step": 0.000133514404296875, "elapsed_seconds": 55.549481947906315}
{"stage": "optimizer_step", "run_id": "noise-seed-04-open", "step": 191, "loss_before_step": 0.00012969970703125, "elapsed_seconds": 55.81296561192721}
{"stage": "optimizer_step", "run_id": "noise-seed-04-open", "step": 192, "loss_before_step": 0.000141143798828125, "elapsed_seconds": 56.075650121085346}
{"stage": "optimizer_step", "run_id": "noise-seed-04-open", "step": 193, "loss_before_step": 0.000156402587890625, "elapsed_seconds": 57.89857987198047}
{"stage": "optimizer_step", "run_id": "noise-seed-04-open", "step": 194, "loss_before_step": 0.000118255615234375, "elapsed_seconds": 58.162898784969}
{"stage": "optimizer_step", "run_id": "noise-seed-04-open", "step": 195, "loss_before_step": 0.000133514404296875, "elapsed_seconds": 58.4249179919716}
{"stage": "optimizer_step", "run_id": "noise-seed-04-open", "step": 196, "loss_before_step": 0.000125885009765625, "elapsed_seconds": 58.68618038506247}
{"stage": "optimizer_step", "run_id": "noise-seed-04-open", "step": 197, "loss_before_step": 0.0001373291015625, "elapsed_seconds": 58.94795459904708}
{"stage": "optimizer_step", "run_id": "noise-seed-04-open", "step": 198, "loss_before_step": 0.00012969970703125, "elapsed_seconds": 59.210045125102624}
{"stage": "optimizer_step", "run_id": "noise-seed-04-open", "step": 199, "loss_before_step": 0.00012969970703125, "elapsed_seconds": 59.47131288307719}
{"stage": "optimizer_step", "run_id": "noise-seed-04-open", "step": 200, "loss_before_step": 0.00012969970703125, "elapsed_seconds": 59.73865500604734}
{"stage": "optimizer_step", "run_id": "noise-seed-04-open", "step": 201, "loss_before_step": 0.000148773193359375, "elapsed_seconds": 60.00781752890907}
{"stage": "optimizer_step", "run_id": "noise-seed-04-open", "step": 202, "loss_before_step": 0.00012969970703125, "elapsed_seconds": 60.278184107039124}
{"stage": "optimizer_step", "run_id": "noise-seed-04-open", "step": 203, "loss_before_step": 0.000141143798828125, "elapsed_seconds": 60.545142411021516}
{"stage": "optimizer_step", "run_id": "noise-seed-04-open", "step": 204, "loss_before_step": 0.000156402587890625, "elapsed_seconds": 60.810556889977306}
{"stage": "optimizer_step", "run_id": "noise-seed-04-open", "step": 205, "loss_before_step": 0.000141143798828125, "elapsed_seconds": 61.07526070298627}
{"stage": "optimizer_step", "run_id": "noise-seed-04-open", "step": 206, "loss_before_step": 0.000118255615234375, "elapsed_seconds": 61.33774763904512}
{"stage": "optimizer_step", "run_id": "noise-seed-04-open", "step": 207, "loss_before_step": 0.000133514404296875, "elapsed_seconds": 61.599748684093356}
{"stage": "optimizer_step", "run_id": "noise-seed-04-open", "step": 208, "loss_before_step": 0.00012969970703125, "elapsed_seconds": 61.86160939093679}
{"stage": "optimizer_step", "run_id": "noise-seed-04-open", "step": 209, "loss_before_step": 0.00012969970703125, "elapsed_seconds": 62.123082240112126}
{"stage": "optimizer_step", "run_id": "noise-seed-04-open", "step": 210, "loss_before_step": 0.000141143798828125, "elapsed_seconds": 62.38482747692615}
{"stage": "optimizer_step", "run_id": "noise-seed-04-open", "step": 211, "loss_before_step": 0.00011444091796875, "elapsed_seconds": 62.652749293949455}
{"stage": "optimizer_step", "run_id": "noise-seed-04-open", "step": 212, "loss_before_step": 0.000125885009765625, "elapsed_seconds": 62.91775526991114}
{"stage": "optimizer_step", "run_id": "noise-seed-04-open", "step": 213, "loss_before_step": 0.000118255615234375, "elapsed_seconds": 63.21058771107346}
{"stage": "optimizer_step", "run_id": "noise-seed-04-open", "step": 214, "loss_before_step": 0.0001373291015625, "elapsed_seconds": 63.47245008405298}
{"stage": "optimizer_step", "run_id": "noise-seed-04-open", "step": 215, "loss_before_step": 0.0001220703125, "elapsed_seconds": 63.741546341916546}
{"stage": "optimizer_step", "run_id": "noise-seed-04-open", "step": 216, "loss_before_step": 0.00012969970703125, "elapsed_seconds": 64.01005400903523}
{"stage": "optimizer_step", "run_id": "noise-seed-04-open", "step": 217, "loss_before_step": 0.00012969970703125, "elapsed_seconds": 64.27933991304599}
{"stage": "optimizer_step", "run_id": "noise-seed-04-open", "step": 218, "loss_before_step": 0.0001220703125, "elapsed_seconds": 64.5442113939207}
{"stage": "optimizer_step", "run_id": "noise-seed-04-open", "step": 219, "loss_before_step": 0.00014495849609375, "elapsed_seconds": 64.81134783197194}
{"stage": "optimizer_step", "run_id": "noise-seed-04-open", "step": 220, "loss_before_step": 0.000141143798828125, "elapsed_seconds": 65.08166085509583}
{"stage": "optimizer_step", "run_id": "noise-seed-04-open", "step": 221, "loss_before_step": 0.000141143798828125, "elapsed_seconds": 65.34572929702699}
{"stage": "optimizer_step", "run_id": "noise-seed-04-open", "step": 222, "loss_before_step": 0.000141143798828125, "elapsed_seconds": 65.60926006897353}
{"stage": "optimizer_step", "run_id": "noise-seed-04-open", "step": 223, "loss_before_step": 0.0001220703125, "elapsed_seconds": 65.87165053095669}
{"stage": "optimizer_step", "run_id": "noise-seed-04-open", "step": 224, "loss_before_step": 0.0001220703125, "elapsed_seconds": 66.14136436698027}
{"stage": "optimizer_step", "run_id": "noise-seed-04-open", "step": 225, "loss_before_step": 0.00011444091796875, "elapsed_seconds": 66.41056132107042}
{"stage": "optimizer_step", "run_id": "noise-seed-04-open", "step": 226, "loss_before_step": 0.000110626220703125, "elapsed_seconds": 66.67493554693647}
{"stage": "optimizer_step", "run_id": "noise-seed-04-open", "step": 227, "loss_before_step": 0.000118255615234375, "elapsed_seconds": 66.93981141992845}
{"stage": "optimizer_step", "run_id": "noise-seed-04-open", "step": 228, "loss_before_step": 0.00011444091796875, "elapsed_seconds": 67.20493297395296}
{"stage": "optimizer_step", "run_id": "noise-seed-04-open", "step": 229, "loss_before_step": 0.000125885009765625, "elapsed_seconds": 67.46664484590292}
{"stage": "optimizer_step", "run_id": "noise-seed-04-open", "step": 230, "loss_before_step": 0.0001068115234375, "elapsed_seconds": 67.72857529297471}
{"stage": "optimizer_step", "run_id": "noise-seed-04-open", "step": 231, "loss_before_step": 0.000125885009765625, "elapsed_seconds": 67.99014972499572}
{"stage": "optimizer_step", "run_id": "noise-seed-04-open", "step": 232, "loss_before_step": 0.0001220703125, "elapsed_seconds": 68.25401143101044}
{"stage": "optimizer_step", "run_id": "noise-seed-04-open", "step": 233, "loss_before_step": 0.000118255615234375, "elapsed_seconds": 68.51508613396436}
{"stage": "optimizer_step", "run_id": "noise-seed-04-open", "step": 234, "loss_before_step": 0.0001373291015625, "elapsed_seconds": 68.78006962593645}
{"stage": "optimizer_step", "run_id": "noise-seed-04-open", "step": 235, "loss_before_step": 0.000118255615234375, "elapsed_seconds": 69.0455738559831}
{"stage": "optimizer_step", "run_id": "noise-seed-04-open", "step": 236, "loss_before_step": 0.000125885009765625, "elapsed_seconds": 69.31010309094563}
{"stage": "optimizer_step", "run_id": "noise-seed-04-open", "step": 237, "loss_before_step": 0.00011444091796875, "elapsed_seconds": 69.5791439760942}
{"stage": "optimizer_step", "run_id": "noise-seed-04-open", "step": 238, "loss_before_step": 9.918212890625e-05, "elapsed_seconds": 69.84469292894937}
{"stage": "optimizer_step", "run_id": "noise-seed-04-open", "step": 239, "loss_before_step": 0.000110626220703125, "elapsed_seconds": 70.1105312849395}
{"stage": "optimizer_step", "run_id": "noise-seed-04-open", "step": 240, "loss_before_step": 0.000125885009765625, "elapsed_seconds": 70.37352362810634}
{"stage": "optimizer_step", "run_id": "noise-seed-04-open", "step": 241, "loss_before_step": 9.918212890625e-05, "elapsed_seconds": 70.64264511410147}
{"stage": "optimizer_step", "run_id": "noise-seed-04-open", "step": 242, "loss_before_step": 0.0001220703125, "elapsed_seconds": 70.91067019710317}
{"stage": "optimizer_step", "run_id": "noise-seed-04-open", "step": 243, "loss_before_step": 9.5367431640625e-05, "elapsed_seconds": 71.17386988503858}
{"stage": "optimizer_step", "run_id": "noise-seed-04-open", "step": 244, "loss_before_step": 0.0001220703125, "elapsed_seconds": 71.43914102390409}
{"stage": "optimizer_step", "run_id": "noise-seed-04-open", "step": 245, "loss_before_step": 0.0001068115234375, "elapsed_seconds": 71.7044629289303}
{"stage": "optimizer_step", "run_id": "noise-seed-04-open", "step": 246, "loss_before_step": 0.0001068115234375, "elapsed_seconds": 71.96784239495173}
{"stage": "optimizer_step", "run_id": "noise-seed-04-open", "step": 247, "loss_before_step": 9.918212890625e-05, "elapsed_seconds": 72.22873005107976}
{"stage": "optimizer_step", "run_id": "noise-seed-04-open", "step": 248, "loss_before_step": 0.00011444091796875, "elapsed_seconds": 72.49164650193416}
{"stage": "optimizer_step", "run_id": "noise-seed-04-open", "step": 249, "loss_before_step": 0.000125885009765625, "elapsed_seconds": 72.75369266490452}
{"stage": "optimizer_step", "run_id": "noise-seed-04-open", "step": 250, "loss_before_step": 0.000102996826171875, "elapsed_seconds": 73.01679835608229}
{"stage": "optimizer_step", "run_id": "noise-seed-04-open", "step": 251, "loss_before_step": 0.00011444091796875, "elapsed_seconds": 73.2807288330514}
{"stage": "optimizer_step", "run_id": "noise-seed-04-open", "step": 252, "loss_before_step": 0.000110626220703125, "elapsed_seconds": 73.5419772809837}
{"stage": "optimizer_step", "run_id": "noise-seed-04-open", "step": 253, "loss_before_step": 0.000118255615234375, "elapsed_seconds": 73.80301180598326}
{"stage": "optimizer_step", "run_id": "noise-seed-04-open", "step": 254, "loss_before_step": 0.00011444091796875, "elapsed_seconds": 74.06677065207623}
{"stage": "optimizer_step", "run_id": "noise-seed-04-open", "step": 255, "loss_before_step": 0.0001220703125, "elapsed_seconds": 74.32719922694378}
{"stage": "optimizer_step", "run_id": "noise-seed-04-open", "step": 256, "loss_before_step": 0.00011444091796875, "elapsed_seconds": 74.58773698005825}
{"stage": "endpoint_generation", "run_id": "noise-seed-04-open", "condition": "matched", "prompt_id": "original_open", "raw": "ambient um silvert\u00f6"}
{"stage": "endpoint_generation", "run_id": "noise-seed-04-open", "condition": "matched", "prompt_id": "paraphrase_open", "raw": "ambient um silver."}
{"stage": "endpoint_generation", "run_id": "noise-seed-04-open", "condition": "blank", "prompt_id": "original_open", "raw": "No music preference recorded."}
{"stage": "endpoint_generation", "run_id": "noise-seed-04-open", "condition": "blank", "prompt_id": "paraphrase_open", "raw": "None"}
{"stage": "endpoint_generation", "run_id": "noise-seed-04-open", "condition": "fixed_donor", "prompt_id": "original_open", "raw": "Yellow, not indigo."}
{"stage": "endpoint_generation", "run_id": "noise-seed-04-open", "condition": "fixed_donor", "prompt_id": "paraphrase_open", "raw": "Yellow, not indigo."}
{"stage": "optimizer_step", "run_id": "noise-seed-04-mcq", "step": 1, "loss_before_step": 25.833377838134766, "elapsed_seconds": 4.229785588104278}
{"stage": "optimizer_step", "run_id": "noise-seed-04-mcq", "step": 2, "loss_before_step": 19.0417423248291, "elapsed_seconds": 5.126244653947651}
{"stage": "optimizer_step", "run_id": "noise-seed-04-mcq", "step": 3, "loss_before_step": 22.666955947875977, "elapsed_seconds": 6.021009352989495}
{"stage": "optimizer_step", "run_id": "noise-seed-04-mcq", "step": 4, "loss_before_step": 19.295209884643555, "elapsed_seconds": 6.920365077909082}
{"stage": "optimizer_step", "run_id": "noise-seed-04-mcq", "step": 5, "loss_before_step": 12.41381549835205, "elapsed_seconds": 7.815095693105832}
{"stage": "optimizer_step", "run_id": "noise-seed-04-mcq", "step": 6, "loss_before_step": 7.0224609375, "elapsed_seconds": 8.701960151083767}
{"stage": "optimizer_step", "run_id": "noise-seed-04-mcq", "step": 7, "loss_before_step": 6.229482173919678, "elapsed_seconds": 9.597860211972147}
{"stage": "optimizer_step", "run_id": "noise-seed-04-mcq", "step": 8, "loss_before_step": 5.1756486892700195, "elapsed_seconds": 10.489457712043077}
{"stage": "optimizer_step", "run_id": "noise-seed-04-mcq", "step": 9, "loss_before_step": 0.8570184707641602, "elapsed_seconds": 11.383428536122665}
{"stage": "optimizer_step", "run_id": "noise-seed-04-mcq", "step": 10, "loss_before_step": 0.01098843663930893, "elapsed_seconds": 12.27989951102063}
{"stage": "optimizer_step", "run_id": "noise-seed-04-mcq", "step": 11, "loss_before_step": 14.254551887512207, "elapsed_seconds": 13.174019264988601}
{"stage": "optimizer_step", "run_id": "noise-seed-04-mcq", "step": 12, "loss_before_step": 2.5084333419799805, "elapsed_seconds": 14.067175324074924}
{"stage": "optimizer_step", "run_id": "noise-seed-04-mcq", "step": 13, "loss_before_step": 0.39714813232421875, "elapsed_seconds": 14.95563263609074}
{"stage": "optimizer_step", "run_id": "noise-seed-04-mcq", "step": 14, "loss_before_step": 0.00012539327144622803, "elapsed_seconds": 15.847179163014516}
{"stage": "optimizer_step", "run_id": "noise-seed-04-mcq", "step": 15, "loss_before_step": 0.0012145936489105225, "elapsed_seconds": 16.739240918075666}
{"stage": "optimizer_step", "run_id": "noise-seed-04-mcq", "step": 16, "loss_before_step": 0.637822151184082, "elapsed_seconds": 17.635971582029015}
{"stage": "optimizer_step", "run_id": "noise-seed-04-mcq", "step": 17, "loss_before_step": 0.046874046325683594, "elapsed_seconds": 18.526183543959633}
{"stage": "optimizer_step", "run_id": "noise-seed-04-mcq", "step": 18, "loss_before_step": 0.00010084593668580055, "elapsed_seconds": 19.422173775965348}
{"stage": "optimizer_step", "run_id": "noise-seed-04-mcq", "step": 19, "loss_before_step": 0.0021394193172454834, "elapsed_seconds": 20.320021786959842}
{"stage": "optimizer_step", "run_id": "noise-seed-04-mcq", "step": 20, "loss_before_step": 0.04723215103149414, "elapsed_seconds": 21.210074652917683}
{"stage": "optimizer_step", "run_id": "noise-seed-04-mcq", "step": 21, "loss_before_step": 0.03881645202636719, "elapsed_seconds": 22.10573841794394}
{"stage": "optimizer_step", "run_id": "noise-seed-04-mcq", "step": 22, "loss_before_step": 0.00011407677084207535, "elapsed_seconds": 23.004199367947876}
{"stage": "optimizer_step", "run_id": "noise-seed-04-mcq", "step": 23, "loss_before_step": 0.0011863820254802704, "elapsed_seconds": 23.903020391007885}
{"stage": "optimizer_step", "run_id": "noise-seed-04-mcq", "step": 24, "loss_before_step": 0.004965066909790039, "elapsed_seconds": 24.795832256088033}
{"stage": "optimizer_step", "run_id": "noise-seed-04-mcq", "step": 25, "loss_before_step": 0.014163970947265625, "elapsed_seconds": 25.68905698112212}
{"stage": "optimizer_step", "run_id": "noise-seed-04-mcq", "step": 26, "loss_before_step": 0.00011562631698325276, "elapsed_seconds": 26.58966162893921}
{"stage": "optimizer_step", "run_id": "noise-seed-04-mcq", "step": 27, "loss_before_step": 0.0006735473871231079, "elapsed_seconds": 27.49183878209442}
{"stage": "optimizer_step", "run_id": "noise-seed-04-mcq", "step": 28, "loss_before_step": 0.02900218963623047, "elapsed_seconds": 28.389897912973538}
{"stage": "optimizer_step", "run_id": "noise-seed-04-mcq", "step": 29, "loss_before_step": 0.007080554962158203, "elapsed_seconds": 29.28327953396365}
{"stage": "optimizer_step", "run_id": "noise-seed-04-mcq", "step": 30, "loss_before_step": 8.654218981973827e-05, "elapsed_seconds": 30.172317852033302}
{"stage": "optimizer_step", "run_id": "noise-seed-04-mcq", "step": 31, "loss_before_step": 0.0005413014441728592, "elapsed_seconds": 31.067374699981883}
{"stage": "optimizer_step", "run_id": "noise-seed-04-mcq", "step": 32, "loss_before_step": 0.009986400604248047, "elapsed_seconds": 31.962365694111213}
{"stage": "optimizer_step", "run_id": "noise-seed-04-mcq", "step": 33, "loss_before_step": 0.0015485286712646484, "elapsed_seconds": 32.85442556999624}
{"stage": "optimizer_step", "run_id": "noise-seed-04-mcq", "step": 34, "loss_before_step": 9.429009514860809e-05, "elapsed_seconds": 33.819463967112824}
{"stage": "optimizer_step", "run_id": "noise-seed-04-mcq", "step": 35, "loss_before_step": 0.0005860999226570129, "elapsed_seconds": 34.71836959407665}
{"stage": "optimizer_step", "run_id": "noise-seed-04-mcq", "step": 36, "loss_before_step": 0.007802486419677734, "elapsed_seconds": 35.60857927007601}
{"stage": "optimizer_step", "run_id": "noise-seed-04-mcq", "step": 37, "loss_before_step": 0.001619577407836914, "elapsed_seconds": 36.49590192199685}
{"stage": "optimizer_step", "run_id": "noise-seed-04-mcq", "step": 38, "loss_before_step": 7.521823863498867e-05, "elapsed_seconds": 37.38928244402632}
{"stage": "optimizer_step", "run_id": "noise-seed-04-mcq", "step": 39, "loss_before_step": 0.0006084972992539406, "elapsed_seconds": 38.28564406512305}
{"stage": "optimizer_step", "run_id": "noise-seed-04-mcq", "step": 40, "loss_before_step": 0.002696514129638672, "elapsed_seconds": 39.17592752701603}
{"stage": "optimizer_step", "run_id": "noise-seed-04-mcq", "step": 41, "loss_before_step": 0.0013146400451660156, "elapsed_seconds": 40.075633127009496}
{"stage": "optimizer_step", "run_id": "noise-seed-04-mcq", "step": 42, "loss_before_step": 9.035656694322824e-05, "elapsed_seconds": 40.97391330800019}
{"stage": "optimizer_step", "run_id": "noise-seed-04-mcq", "step": 43, "loss_before_step": 0.0007178587839007378, "elapsed_seconds": 41.86934674298391}
{"stage": "optimizer_step", "run_id": "noise-seed-04-mcq", "step": 44, "loss_before_step": 0.003643512725830078, "elapsed_seconds": 42.76351619209163}
{"stage": "optimizer_step", "run_id": "noise-seed-04-mcq", "step": 45, "loss_before_step": 0.0006701946258544922, "elapsed_seconds": 43.66590964212082}
{"stage": "optimizer_step", "run_id": "noise-seed-04-mcq", "step": 46, "loss_before_step": 8.320462075062096e-05, "elapsed_seconds": 44.56105521507561}
{"stage": "optimizer_step", "run_id": "noise-seed-04-mcq", "step": 47, "loss_before_step": 0.0006061147432774305, "elapsed_seconds": 45.46620416198857}
{"stage": "optimizer_step", "run_id": "noise-seed-04-mcq", "step": 48, "loss_before_step": 0.0016226768493652344, "elapsed_seconds": 46.361670463113114}
{"stage": "optimizer_step", "run_id": "noise-seed-04-mcq", "step": 49, "loss_before_step": 0.0006088018417358398, "elapsed_seconds": 47.257839773083106}
{"stage": "optimizer_step", "run_id": "noise-seed-04-mcq", "step": 50, "loss_before_step": 8.153582894010469e-05, "elapsed_seconds": 48.160337053006515}
{"stage": "optimizer_step", "run_id": "noise-seed-04-mcq", "step": 51, "loss_before_step": 0.0006064721383154392, "elapsed_seconds": 49.060510613024235}
{"stage": "optimizer_step", "run_id": "noise-seed-04-mcq", "step": 52, "loss_before_step": 0.0011434555053710938, "elapsed_seconds": 49.953633286990225}
{"stage": "optimizer_step", "run_id": "noise-seed-04-mcq", "step": 53, "loss_before_step": 0.0007739067077636719, "elapsed_seconds": 50.84529725392349}
{"stage": "optimizer_step", "run_id": "noise-seed-04-mcq", "step": 54, "loss_before_step": 8.177422569133341e-05, "elapsed_seconds": 51.738792814081535}
{"stage": "optimizer_step", "run_id": "noise-seed-04-mcq", "step": 55, "loss_before_step": 0.0006883158348500729, "elapsed_seconds": 52.6391097959131}
{"stage": "optimizer_step", "run_id": "noise-seed-04-mcq", "step": 56, "loss_before_step": 0.0006858110427856445, "elapsed_seconds": 53.54802316403948}
{"stage": "optimizer_step", "run_id": "noise-seed-04-mcq", "step": 57, "loss_before_step": 0.000643610954284668, "elapsed_seconds": 54.44637968111783}
{"stage": "optimizer_step", "run_id": "noise-seed-04-mcq", "step": 58, "loss_before_step": 8.11782301752828e-05, "elapsed_seconds": 55.34026013594121}
{"stage": "optimizer_step", "run_id": "noise-seed-04-mcq", "step": 59, "loss_before_step": 0.0006588910473510623, "elapsed_seconds": 56.241396642057225}
{"stage": "optimizer_step", "run_id": "noise-seed-04-mcq", "step": 60, "loss_before_step": 0.0006058216094970703, "elapsed_seconds": 57.15038286708295}
{"stage": "optimizer_step", "run_id": "noise-seed-04-mcq", "step": 61, "loss_before_step": 0.00040203332901000977, "elapsed_seconds": 58.05151895689778}
{"stage": "optimizer_step", "run_id": "noise-seed-04-mcq", "step": 62, "loss_before_step": 8.010543388081715e-05, "elapsed_seconds": 58.94430718990043}
{"stage": "optimizer_step", "run_id": "noise-seed-04-mcq", "step": 63, "loss_before_step": 0.0005826444830745459, "elapsed_seconds": 59.83856193604879}
{"stage": "optimizer_step", "run_id": "noise-seed-04-mcq", "step": 64, "loss_before_step": 0.0007578134536743164, "elapsed_seconds": 60.73078578291461}
{"stage": "optimizer_step", "run_id": "noise-seed-04-mcq", "step": 65, "loss_before_step": 0.0003196597099304199, "elapsed_seconds": 63.185607087099925}
{"stage": "optimizer_step", "run_id": "noise-seed-04-mcq", "step": 66, "loss_before_step": 8.189342770492658e-05, "elapsed_seconds": 64.08516873908229}
{"stage": "optimizer_step", "run_id": "noise-seed-04-mcq", "step": 67, "loss_before_step": 0.0006332775810733438, "elapsed_seconds": 64.9797218691092}
{"stage": "optimizer_step", "run_id": "noise-seed-04-mcq", "step": 68, "loss_before_step": 0.0004690885543823242, "elapsed_seconds": 65.87924376293086}
{"stage": "optimizer_step", "run_id": "noise-seed-04-mcq", "step": 69, "loss_before_step": 0.0002721250057220459, "elapsed_seconds": 66.77405483811162}
{"stage": "optimizer_step", "run_id": "noise-seed-04-mcq", "step": 70, "loss_before_step": 6.174850568640977e-05, "elapsed_seconds": 67.67000697297044}
{"stage": "optimizer_step", "run_id": "noise-seed-04-mcq", "step": 71, "loss_before_step": 0.0005352256703190506, "elapsed_seconds": 68.57105649798177}
{"stage": "optimizer_step", "run_id": "noise-seed-04-mcq", "step": 72, "loss_before_step": 0.00041794776916503906, "elapsed_seconds": 69.46711829211563}
{"stage": "optimizer_step", "run_id": "noise-seed-04-mcq", "step": 73, "loss_before_step": 0.000299990177154541, "elapsed_seconds": 70.36995644099079}
{"stage": "optimizer_step", "run_id": "noise-seed-04-mcq", "step": 74, "loss_before_step": 6.12716976320371e-05, "elapsed_seconds": 71.26618045801297}
{"stage": "optimizer_step", "run_id": "noise-seed-04-mcq", "step": 75, "loss_before_step": 0.0005136600229889154, "elapsed_seconds": 72.16374601097777}
{"stage": "optimizer_step", "run_id": "noise-seed-04-mcq", "step": 76, "loss_before_step": 0.0008687973022460938, "elapsed_seconds": 73.058774150908}
{"stage": "optimizer_step", "run_id": "noise-seed-04-mcq", "step": 77, "loss_before_step": 0.0002275407314300537, "elapsed_seconds": 73.95809841295704}
{"stage": "optimizer_step", "run_id": "noise-seed-04-mcq", "step": 78, "loss_before_step": 6.246371776796877e-05, "elapsed_seconds": 74.85963313491084}
{"stage": "optimizer_step", "run_id": "noise-seed-04-mcq", "step": 79, "loss_before_step": 0.00045241613406687975, "elapsed_seconds": 75.76028709905222}
{"stage": "optimizer_step", "run_id": "noise-seed-04-mcq", "step": 80, "loss_before_step": 0.0004849433898925781, "elapsed_seconds": 76.66146232699975}
{"stage": "optimizer_step", "run_id": "noise-seed-04-mcq", "step": 81, "loss_before_step": 0.00027617812156677246, "elapsed_seconds": 77.56350350799039}
{"stage": "optimizer_step", "run_id": "noise-seed-04-mcq", "step": 82, "loss_before_step": 5.8530047681415454e-05, "elapsed_seconds": 78.45959273609333}
{"stage": "optimizer_step", "run_id": "noise-seed-04-mcq", "step": 83, "loss_before_step": 0.0004521778319031, "elapsed_seconds": 79.36217312002555}
{"stage": "optimizer_step", "run_id": "noise-seed-04-mcq", "step": 84, "loss_before_step": 0.0006883144378662109, "elapsed_seconds": 80.25831266189925}
{"stage": "optimizer_step", "run_id": "noise-seed-04-mcq", "step": 85, "loss_before_step": 0.00023815035820007324, "elapsed_seconds": 81.15225892909802}
{"stage": "optimizer_step", "run_id": "noise-seed-04-mcq", "step": 86, "loss_before_step": 5.376194530981593e-05, "elapsed_seconds": 82.04428233602084}
{"stage": "optimizer_step", "run_id": "noise-seed-04-mcq", "step": 87, "loss_before_step": 0.0003519630990922451, "elapsed_seconds": 83.13019441603683}
{"stage": "optimizer_step", "run_id": "noise-seed-04-mcq", "step": 88, "loss_before_step": 0.00036323070526123047, "elapsed_seconds": 84.03419612208381}
{"stage": "optimizer_step", "run_id": "noise-seed-04-mcq", "step": 89, "loss_before_step": 0.0002427995204925537, "elapsed_seconds": 84.93060123897158}
{"stage": "optimizer_step", "run_id": "noise-seed-04-mcq", "step": 90, "loss_before_step": 5.61460001335945e-05, "elapsed_seconds": 85.83556110993959}
{"stage": "optimizer_step", "run_id": "noise-seed-04-mcq", "step": 91, "loss_before_step": 0.0003519630990922451, "elapsed_seconds": 86.7418534560129}
{"stage": "optimizer_step", "run_id": "noise-seed-04-mcq", "step": 92, "loss_before_step": 0.0002751946449279785, "elapsed_seconds": 87.6486380000133}
{"stage": "optimizer_step", "run_id": "noise-seed-04-mcq", "step": 93, "loss_before_step": 0.00018140673637390137, "elapsed_seconds": 88.55265343305655}
{"stage": "optimizer_step", "run_id": "noise-seed-04-mcq", "step": 94, "loss_before_step": 4.732496745418757e-05, "elapsed_seconds": 89.45380136393942}
{"stage": "optimizer_step", "run_id": "noise-seed-04-mcq", "step": 95, "loss_before_step": 0.00036709720734506845, "elapsed_seconds": 90.3451388659887}
{"stage": "optimizer_step", "run_id": "noise-seed-04-mcq", "step": 96, "loss_before_step": 0.0003612041473388672, "elapsed_seconds": 91.24374493793584}
{"stage": "optimizer_step", "run_id": "noise-seed-04-mcq", "step": 97, "loss_before_step": 0.0001767575740814209, "elapsed_seconds": 92.1373748369515}
{"stage": "optimizer_step", "run_id": "noise-seed-04-mcq", "step": 98, "loss_before_step": 4.935142715112306e-05, "elapsed_seconds": 93.02850816491991}
{"stage": "optimizer_step", "run_id": "noise-seed-04-mcq", "step": 99, "loss_before_step": 0.000323600834235549, "elapsed_seconds": 93.93711812095717}
{"stage": "optimizer_step", "run_id": "noise-seed-04-mcq", "step": 100, "loss_before_step": 0.0005346536636352539, "elapsed_seconds": 94.85398282110691}
{"stage": "optimizer_step", "run_id": "noise-seed-04-mcq", "step": 101, "loss_before_step": 0.00016127526760101318, "elapsed_seconds": 95.74368757312186}
{"stage": "optimizer_step", "run_id": "noise-seed-04-mcq", "step": 102, "loss_before_step": 4.1483970562694594e-05, "elapsed_seconds": 96.63403109810315}
{"stage": "optimizer_step", "run_id": "noise-seed-04-mcq", "step": 103, "loss_before_step": 0.000337305391440168, "elapsed_seconds": 97.52261291490868}
{"stage": "optimizer_step", "run_id": "noise-seed-04-mcq", "step": 104, "loss_before_step": 0.00040721893310546875, "elapsed_seconds": 98.4174263488967}
{"stage": "optimizer_step", "run_id": "noise-seed-04-mcq", "step": 105, "loss_before_step": 0.0001561492681503296, "elapsed_seconds": 99.31112516112626}
{"stage": "optimizer_step", "run_id": "noise-seed-04-mcq", "step": 106, "loss_before_step": 4.327203714638017e-05, "elapsed_seconds": 100.20210981601849}
{"stage": "optimizer_step", "run_id": "noise-seed-04-mcq", "step": 107, "loss_before_step": 0.00033718624035827816, "elapsed_seconds": 101.09743567998521}
{"stage": "optimizer_step", "run_id": "noise-seed-04-mcq", "step": 108, "loss_before_step": 0.00033152103424072266, "elapsed_seconds": 101.99402582505718}
{"stage": "optimizer_step", "run_id": "noise-seed-04-mcq", "step": 109, "loss_before_step": 0.00016808509826660156, "elapsed_seconds": 102.89001174690202}
{"stage": "optimizer_step", "run_id": "noise-seed-04-mcq", "step": 110, "loss_before_step": 4.434487345861271e-05, "elapsed_seconds": 103.78042582492344}
{"stage": "optimizer_step", "run_id": "noise-seed-04-mcq", "step": 111, "loss_before_step": 0.00038223108276724815, "elapsed_seconds": 104.67895034491085}
{"stage": "optimizer_step", "run_id": "noise-seed-04-mcq", "step": 112, "loss_before_step": 0.0002701282501220703, "elapsed_seconds": 105.57081664609723}
{"stage": "optimizer_step", "run_id": "noise-seed-04-mcq", "step": 113, "loss_before_step": 0.00016033649444580078, "elapsed_seconds": 106.46626374102198}
{"stage": "optimizer_step", "run_id": "noise-seed-04-mcq", "step": 114, "loss_before_step": 4.911301948595792e-05, "elapsed_seconds": 107.36878047906794}
{"stage": "optimizer_step", "run_id": "noise-seed-04-mcq", "step": 115, "loss_before_step": 0.00031001531169749796, "elapsed_seconds": 108.26953181694262}
{"stage": "optimizer_step", "run_id": "noise-seed-04-mcq", "step": 116, "loss_before_step": 0.0003451108932495117, "elapsed_seconds": 109.17013670201413}
{"stage": "optimizer_step", "run_id": "noise-seed-04-mcq", "step": 117, "loss_before_step": 0.0001932084560394287, "elapsed_seconds": 110.06607671803795}
{"stage": "optimizer_step", "run_id": "noise-seed-04-mcq", "step": 118, "loss_before_step": 3.8980677345534787e-05, "elapsed_seconds": 110.95895101409405}
{"stage": "optimizer_step", "run_id": "noise-seed-04-mcq", "step": 119, "loss_before_step": 0.00028546550311148167, "elapsed_seconds": 111.85085039003752}
{"stage": "optimizer_step", "run_id": "noise-seed-04-mcq", "step": 120, "loss_before_step": 0.00030601024627685547, "elapsed_seconds": 112.74636253411882}
{"stage": "optimizer_step", "run_id": "noise-seed-04-mcq", "step": 121, "loss_before_step": 0.0001544952392578125, "elapsed_seconds": 113.64259058609605}
{"stage": "optimizer_step", "run_id": "noise-seed-04-mcq", "step": 122, "loss_before_step": 3.731181277544238e-05, "elapsed_seconds": 114.5340262579266}
{"stage": "optimizer_step", "run_id": "noise-seed-04-mcq", "step": 123, "loss_before_step": 0.000323600834235549, "elapsed_seconds": 115.42838450800627}
{"stage": "optimizer_step", "run_id": "noise-seed-04-mcq", "step": 124, "loss_before_step": 0.00020134449005126953, "elapsed_seconds": 116.32963445805945}
{"stage": "optimizer_step", "run_id": "noise-seed-04-mcq", "step": 125, "loss_before_step": 0.0001647472381591797, "elapsed_seconds": 117.23469675611705}
{"stage": "optimizer_step", "run_id": "noise-seed-04-mcq", "step": 126, "loss_before_step": 4.1483970562694594e-05, "elapsed_seconds": 118.13280417001806}
{"stage": "optimizer_step", "run_id": "noise-seed-04-mcq", "step": 127, "loss_before_step": 0.0002857038634829223, "elapsed_seconds": 119.02596379793249}
{"stage": "optimizer_step", "run_id": "noise-seed-04-mcq", "step": 128, "loss_before_step": 0.00029730796813964844, "elapsed_seconds": 119.92510577500798}
{"stage": "optimizer_step", "run_id": "noise-seed-04-mcq", "step": 129, "loss_before_step": 0.0001512765884399414, "elapsed_seconds": 122.38482743408531}
{"stage": "optimizer_step", "run_id": "noise-seed-04-mcq", "step": 130, "loss_before_step": 4.23184028477408e-05, "elapsed_seconds": 123.28034629207104}
{"stage": "optimizer_step", "run_id": "noise-seed-04-mcq", "step": 131, "loss_before_step": 0.0002736670430749655, "elapsed_seconds": 124.17660939902999}
{"stage": "optimizer_step", "run_id": "noise-seed-04-mcq", "step": 132, "loss_before_step": 0.00023758411407470703, "elapsed_seconds": 125.06867293291725}
{"stage": "optimizer_step", "run_id": "noise-seed-04-mcq", "step": 133, "loss_before_step": 0.00011909008026123047, "elapsed_seconds": 125.96832085307688}
{"stage": "optimizer_step", "run_id": "noise-seed-04-mcq", "step": 134, "loss_before_step": 3.814624506048858e-05, "elapsed_seconds": 126.86412304500118}
{"stage": "optimizer_step", "run_id": "noise-seed-04-mcq", "step": 135, "loss_before_step": 0.00029738296871073544, "elapsed_seconds": 127.75720847700723}
{"stage": "optimizer_step", "run_id": "noise-seed-04-mcq", "step": 136, "loss_before_step": 0.0003437995910644531, "elapsed_seconds": 128.65578698390163}
{"stage": "optimizer_step", "run_id": "noise-seed-04-mcq", "step": 137, "loss_before_step": 0.00011622905731201172, "elapsed_seconds": 129.54995639203116}
{"stage": "optimizer_step", "run_id": "noise-seed-04-mcq", "step": 138, "loss_before_step": 3.4927710657939315e-05, "elapsed_seconds": 130.45375974103808}
{"stage": "optimizer_step", "run_id": "noise-seed-04-mcq", "step": 139, "loss_before_step": 0.0002735478919930756, "elapsed_seconds": 131.35442272294313}
{"stage": "optimizer_step", "run_id": "noise-seed-04-mcq", "step": 140, "loss_before_step": 0.0002874135971069336, "elapsed_seconds": 132.2487542941235}
{"stage": "optimizer_step", "run_id": "noise-seed-04-mcq", "step": 141, "loss_before_step": 0.00011097639799118042, "elapsed_seconds": 133.14289939193986}
{"stage": "optimizer_step", "run_id": "noise-seed-04-mcq", "step": 142, "loss_before_step": 3.969590397900902e-05, "elapsed_seconds": 134.03884151694365}
{"stage": "optimizer_step", "run_id": "noise-seed-04-mcq", "step": 143, "loss_before_step": 0.00029750214889645576, "elapsed_seconds": 134.95160616305657}
{"stage": "optimizer_step", "run_id": "noise-seed-04-mcq", "step": 144, "loss_before_step": 0.00024199485778808594, "elapsed_seconds": 135.85034530400299}
{"stage": "optimizer_step", "run_id": "noise-seed-04-mcq", "step": 145, "loss_before_step": 0.00014066696166992188, "elapsed_seconds": 136.74812000291422}
{"stage": "optimizer_step", "run_id": "noise-seed-04-mcq", "step": 146, "loss_before_step": 3.564294092939235e-05, "elapsed_seconds": 137.64784767990932}
{"stage": "optimizer_step", "run_id": "noise-seed-04-mcq", "step": 147, "loss_before_step": 0.00026246439665555954, "elapsed_seconds": 138.55335493711755}
{"stage": "optimizer_step", "run_id": "noise-seed-04-mcq", "step": 148, "loss_before_step": 0.00018489360809326172, "elapsed_seconds": 139.45006896695122}
{"stage": "optimizer_step", "run_id": "noise-seed-04-mcq", "step": 149, "loss_before_step": 0.00012527406215667725, "elapsed_seconds": 140.35221736808307}
{"stage": "optimizer_step", "run_id": "noise-seed-04-mcq", "step": 150, "loss_before_step": 3.421248038648628e-05, "elapsed_seconds": 141.2510194471106}
{"stage": "optimizer_step", "run_id": "noise-seed-04-mcq", "step": 151, "loss_before_step": 0.0002735478919930756, "elapsed_seconds": 142.14529994502664}
{"stage": "optimizer_step", "run_id": "noise-seed-04-mcq", "step": 152, "loss_before_step": 0.00023174285888671875, "elapsed_seconds": 143.03893113392405}
{"stage": "optimizer_step", "run_id": "noise-seed-04-mcq", "step": 153, "loss_before_step": 0.0001342296600341797, "elapsed_seconds": 143.9297239629086}
{"stage": "optimizer_step", "run_id": "noise-seed-04-mcq", "step": 154, "loss_before_step": 3.6477376852417365e-05, "elapsed_seconds": 144.8181138751097}
{"stage": "optimizer_step", "run_id": "noise-seed-04-mcq", "step": 155, "loss_before_step": 0.00027366707217879593, "elapsed_seconds": 145.71766967093572}
{"stage": "optimizer_step", "run_id": "noise-seed-04-mcq", "step": 156, "loss_before_step": 0.00020182132720947266, "elapsed_seconds": 146.61859997501597}
{"stage": "optimizer_step", "run_id": "noise-seed-04-mcq", "step": 157, "loss_before_step": 0.00011289119720458984, "elapsed_seconds": 147.52890105196275}
{"stage": "optimizer_step", "run_id": "noise-seed-04-mcq", "step": 158, "loss_before_step": 3.421248038648628e-05, "elapsed_seconds": 148.4236727009993}
{"stage": "optimizer_step", "run_id": "noise-seed-04-mcq", "step": 159, "loss_before_step": 0.00026258357684127986, "elapsed_seconds": 149.31969353207387}
{"stage": "optimizer_step", "run_id": "noise-seed-04-mcq", "step": 160, "loss_before_step": 0.00016379356384277344, "elapsed_seconds": 150.21214633597992}
{"stage": "optimizer_step", "run_id": "noise-seed-04-mcq", "step": 161, "loss_before_step": 0.00011562556028366089, "elapsed_seconds": 151.10563278989866}
{"stage": "optimizer_step", "run_id": "noise-seed-04-mcq", "step": 162, "loss_before_step": 3.659658250398934e-05, "elapsed_seconds": 151.99852461903356}
{"stage": "optimizer_step", "run_id": "noise-seed-04-mcq", "step": 163, "loss_before_step": 0.0002623452164698392, "elapsed_seconds": 152.8993303780444}
{"stage": "optimizer_step", "run_id": "noise-seed-04-mcq", "step": 164, "loss_before_step": 0.00016033649444580078, "elapsed_seconds": 153.79698333796114}
{"stage": "optimizer_step", "run_id": "noise-seed-04-mcq", "step": 165, "loss_before_step": 0.00010609626770019531, "elapsed_seconds": 154.70450695208274}
{"stage": "optimizer_step", "run_id": "noise-seed-04-mcq", "step": 166, "loss_before_step": 3.421248038648628e-05, "elapsed_seconds": 155.59969324897975}
{"stage": "optimizer_step", "run_id": "noise-seed-04-mcq", "step": 167, "loss_before_step": 0.0002853462938219309, "elapsed_seconds": 156.5131338390056}
{"stage": "optimizer_step", "run_id": "noise-seed-04-mcq", "step": 168, "loss_before_step": 0.00019347667694091797, "elapsed_seconds": 157.41031079390086}
{"stage": "optimizer_step", "run_id": "noise-seed-04-mcq", "step": 169, "loss_before_step": 0.00012515485286712646, "elapsed_seconds": 158.30447459896095}
{"stage": "optimizer_step", "run_id": "noise-seed-04-mcq", "step": 170, "loss_before_step": 3.4927710657939315e-05, "elapsed_seconds": 159.20722358906642}
{"stage": "optimizer_step", "run_id": "noise-seed-04-mcq", "step": 171, "loss_before_step": 0.00023159681586548686, "elapsed_seconds": 160.10100448597223}
{"stage": "optimizer_step", "run_id": "noise-seed-04-mcq", "step": 172, "loss_before_step": 0.00022280216217041016, "elapsed_seconds": 160.99158516712487}
{"stage": "optimizer_step", "run_id": "noise-seed-04-mcq", "step": 173, "loss_before_step": 0.00011980533599853516, "elapsed_seconds": 161.88343921490014}
{"stage": "optimizer_step", "run_id": "noise-seed-04-mcq", "step": 174, "loss_before_step": 3.6477376852417365e-05, "elapsed_seconds": 162.77613029791974}
{"stage": "optimizer_step", "run_id": "noise-seed-04-mcq", "step": 175, "loss_before_step": 0.00024136967840604484, "elapsed_seconds": 163.66544647095725}
{"stage": "optimizer_step", "run_id": "noise-seed-04-mcq", "step": 176, "loss_before_step": 0.00025284290313720703, "elapsed_seconds": 164.55374372098595}
{"stage": "optimizer_step", "run_id": "noise-seed-04-mcq", "step": 177, "loss_before_step": 0.00011038780212402344, "elapsed_seconds": 165.45523388590664}
{"stage": "optimizer_step", "run_id": "noise-seed-04-mcq", "step": 178, "loss_before_step": 3.71926071238704e-05, "elapsed_seconds": 166.35008235601708}
{"stage": "optimizer_step", "run_id": "noise-seed-04-mcq", "step": 179, "loss_before_step": 0.0002735478919930756, "elapsed_seconds": 167.24918350810185}
{"stage": "optimizer_step", "run_id": "noise-seed-04-mcq", "step": 180, "loss_before_step": 0.00013744831085205078, "elapsed_seconds": 168.14496950805187}
{"stage": "optimizer_step", "run_id": "noise-seed-04-mcq", "step": 181, "loss_before_step": 0.00012265145778656006, "elapsed_seconds": 169.0466813670937}
{"stage": "optimizer_step", "run_id": "noise-seed-04-mcq", "step": 182, "loss_before_step": 3.1470757676288486e-05, "elapsed_seconds": 169.94555966812186}
{"stage": "optimizer_step", "run_id": "noise-seed-04-mcq", "step": 183, "loss_before_step": 0.0002517383254598826, "elapsed_seconds": 170.84480559895746}
{"stage": "optimizer_step", "run_id": "noise-seed-04-mcq", "step": 184, "loss_before_step": 0.0001971721649169922, "elapsed_seconds": 171.7448052780237}
{"stage": "optimizer_step", "run_id": "noise-seed-04-mcq", "step": 185, "loss_before_step": 0.00011742115020751953, "elapsed_seconds": 172.63898624200374}
{"stage": "optimizer_step", "run_id": "noise-seed-04-mcq", "step": 186, "loss_before_step": 3.1470757676288486e-05, "elapsed_seconds": 173.53373421099968}
{"stage": "optimizer_step", "run_id": "noise-seed-04-mcq", "step": 187, "loss_before_step": 0.00024148885859176517, "elapsed_seconds": 174.42897253506817}
{"stage": "optimizer_step", "run_id": "noise-seed-04-mcq", "step": 188, "loss_before_step": 0.00017690658569335938, "elapsed_seconds": 175.32741678901948}
{"stage": "optimizer_step", "run_id": "noise-seed-04-mcq", "step": 189, "loss_before_step": 9.893625974655151e-05, "elapsed_seconds": 176.233408105094}
{"stage": "optimizer_step", "run_id": "noise-seed-04-mcq", "step": 190, "loss_before_step": 3.218599158572033e-05, "elapsed_seconds": 177.12634088401683}
{"stage": "optimizer_step", "run_id": "noise-seed-04-mcq", "step": 191, "loss_before_step": 0.00024136967840604484, "elapsed_seconds": 178.01914957608096}
{"stage": "optimizer_step", "run_id": "noise-seed-04-mcq", "step": 192, "loss_before_step": 0.00017344951629638672, "elapsed_seconds": 178.91279669990763}
{"stage": "optimizer_step", "run_id": "noise-seed-04-mcq", "step": 193, "loss_before_step": 9.965896606445312e-05, "elapsed_seconds": 181.39051721105352}
{"stage": "optimizer_step", "run_id": "noise-seed-04-mcq", "step": 194, "loss_before_step": 3.218599158572033e-05, "elapsed_seconds": 182.28755309106782}
{"stage": "optimizer_step", "run_id": "noise-seed-04-mcq", "step": 195, "loss_before_step": 0.00023171602515503764, "elapsed_seconds": 183.1841413830407}
{"stage": "optimizer_step", "run_id": "noise-seed-04-mcq", "step": 196, "loss_before_step": 0.00013744831085205078, "elapsed_seconds": 184.08814678294584}
{"stage": "optimizer_step", "run_id": "noise-seed-04-mcq", "step": 197, "loss_before_step": 9.715557098388672e-05, "elapsed_seconds": 184.98753754701465}
{"stage": "optimizer_step", "run_id": "noise-seed-04-mcq", "step": 198, "loss_before_step": 3.349725011503324e-05, "elapsed_seconds": 185.87778620701283}
{"stage": "optimizer_step", "run_id": "noise-seed-04-mcq", "step": 199, "loss_before_step": 0.00022206225548870862, "elapsed_seconds": 186.77459445106797}
{"stage": "optimizer_step", "run_id": "noise-seed-04-mcq", "step": 200, "loss_before_step": 0.00015020370483398438, "elapsed_seconds": 187.67447911202908}
{"stage": "optimizer_step", "run_id": "noise-seed-04-mcq", "step": 201, "loss_before_step": 9.930133819580078e-05, "elapsed_seconds": 188.57122806389816}
{"stage": "optimizer_step", "run_id": "noise-seed-04-mcq", "step": 202, "loss_before_step": 3.421248038648628e-05, "elapsed_seconds": 189.4661258261185}
{"stage": "optimizer_step", "run_id": "noise-seed-04-mcq", "step": 203, "loss_before_step": 0.00024136967840604484, "elapsed_seconds": 190.36932782409713}
{"stage": "optimizer_step", "run_id": "noise-seed-04-mcq", "step": 204, "loss_before_step": 0.000141143798828125, "elapsed_seconds": 191.26240429095924}
{"stage": "optimizer_step", "run_id": "noise-seed-04-mcq", "step": 205, "loss_before_step": 9.584426879882812e-05, "elapsed_seconds": 192.15372181893326}
{"stage": "optimizer_step", "run_id": "noise-seed-04-mcq", "step": 206, "loss_before_step": 3.2782016205601394e-05, "elapsed_seconds": 193.0581685139332}
{"stage": "optimizer_step", "run_id": "noise-seed-04-mcq", "step": 207, "loss_before_step": 0.00023159681586548686, "elapsed_seconds": 193.95630294596776}
{"stage": "optimizer_step", "run_id": "noise-seed-04-mcq", "step": 208, "loss_before_step": 0.00022268295288085938, "elapsed_seconds": 194.8531246469356}
{"stage": "optimizer_step", "run_id": "noise-seed-04-mcq", "step": 209, "loss_before_step": 0.000102996826171875, "elapsed_seconds": 195.7495723159518}
{"stage": "optimizer_step", "run_id": "noise-seed-04-mcq", "step": 210, "loss_before_step": 3.1470757676288486e-05, "elapsed_seconds": 196.64210249995813}
{"stage": "optimizer_step", "run_id": "noise-seed-04-mcq", "step": 211, "loss_before_step": 0.0002516191452741623, "elapsed_seconds": 197.54030948411673}
{"stage": "optimizer_step", "run_id": "noise-seed-04-mcq", "step": 212, "loss_before_step": 0.00015616416931152344, "elapsed_seconds": 198.44282781891525}
{"stage": "optimizer_step", "run_id": "noise-seed-04-mcq", "step": 213, "loss_before_step": 8.939951658248901e-05, "elapsed_seconds": 199.34074595710263}
{"stage": "optimizer_step", "run_id": "noise-seed-04-mcq", "step": 214, "loss_before_step": 3.218599158572033e-05, "elapsed_seconds": 200.23418639600277}
{"stage": "optimizer_step", "run_id": "noise-seed-04-mcq", "step": 215, "loss_before_step": 0.0002413697075098753, "elapsed_seconds": 201.14417229103856}
{"stage": "optimizer_step", "run_id": "noise-seed-04-mcq", "step": 216, "loss_before_step": 0.0001474618911743164, "elapsed_seconds": 202.0466635110788}
{"stage": "optimizer_step", "run_id": "noise-seed-04-mcq", "step": 217, "loss_before_step": 9.78708267211914e-05, "elapsed_seconds": 202.94674109108746}
{"stage": "optimizer_step", "run_id": "noise-seed-04-mcq", "step": 218, "loss_before_step": 3.0874729418428615e-05, "elapsed_seconds": 203.84478911105543}
{"stage": "optimizer_step", "run_id": "noise-seed-04-mcq", "step": 219, "loss_before_step": 0.0002516191452741623, "elapsed_seconds": 204.7498269479256}
{"stage": "optimizer_step", "run_id": "noise-seed-04-mcq", "step": 220, "loss_before_step": 0.0001220703125, "elapsed_seconds": 205.65604050690308}
{"stage": "optimizer_step", "run_id": "noise-seed-04-mcq", "step": 221, "loss_before_step": 9.643286466598511e-05, "elapsed_seconds": 206.56206216290593}
{"stage": "optimizer_step", "run_id": "noise-seed-04-mcq", "step": 222, "loss_before_step": 3.0874729418428615e-05, "elapsed_seconds": 207.45863667712547}
{"stage": "optimizer_step", "run_id": "noise-seed-04-mcq", "step": 223, "loss_before_step": 0.00023159681586548686, "elapsed_seconds": 208.35615749889985}
{"stage": "optimizer_step", "run_id": "noise-seed-04-mcq", "step": 224, "loss_before_step": 0.00014722347259521484, "elapsed_seconds": 209.25871408497915}
{"stage": "optimizer_step", "run_id": "noise-seed-04-mcq", "step": 225, "loss_before_step": 8.451566100120544e-05, "elapsed_seconds": 210.15643040905707}
{"stage": "optimizer_step", "run_id": "noise-seed-04-mcq", "step": 226, "loss_before_step": 3.0874729418428615e-05, "elapsed_seconds": 211.05215843603946}
{"stage": "optimizer_step", "run_id": "noise-seed-04-mcq", "step": 227, "loss_before_step": 0.00026234518736600876, "elapsed_seconds": 211.94444477697834}
{"stage": "optimizer_step", "run_id": "noise-seed-04-mcq", "step": 228, "loss_before_step": 0.00014138221740722656, "elapsed_seconds": 212.83979189000092}
{"stage": "optimizer_step", "run_id": "noise-seed-04-mcq", "step": 229, "loss_before_step": 0.0001214742660522461, "elapsed_seconds": 213.73300913791172}
{"stage": "optimizer_step", "run_id": "noise-seed-04-mcq", "step": 230, "loss_before_step": 3.015949550899677e-05, "elapsed_seconds": 214.630363245029}
{"stage": "optimizer_step", "run_id": "noise-seed-04-mcq", "step": 231, "loss_before_step": 0.00021300429943948984, "elapsed_seconds": 215.5617888669949}
{"stage": "optimizer_step", "run_id": "noise-seed-04-mcq", "step": 232, "loss_before_step": 0.00017344951629638672, "elapsed_seconds": 216.4611244869884}
{"stage": "optimizer_step", "run_id": "noise-seed-04-mcq", "step": 233, "loss_before_step": 8.880347013473511e-05, "elapsed_seconds": 217.35956842801534}
{"stage": "optimizer_step", "run_id": "noise-seed-04-mcq", "step": 234, "loss_before_step": 3.1470757676288486e-05, "elapsed_seconds": 218.25649824808352}
{"stage": "optimizer_step", "run_id": "noise-seed-04-mcq", "step": 235, "loss_before_step": 0.00022206225548870862, "elapsed_seconds": 219.14925202401355}
{"stage": "optimizer_step", "run_id": "noise-seed-04-mcq", "step": 236, "loss_before_step": 0.00013756752014160156, "elapsed_seconds": 220.04982679500245}
{"stage": "optimizer_step", "run_id": "noise-seed-04-mcq", "step": 237, "loss_before_step": 9.441375732421875e-05, "elapsed_seconds": 220.94447623798624}
{"stage": "optimizer_step", "run_id": "noise-seed-04-mcq", "step": 238, "loss_before_step": 3.015949550899677e-05, "elapsed_seconds": 221.84331512311473}
{"stage": "optimizer_step", "run_id": "noise-seed-04-mcq", "step": 239, "loss_before_step": 0.00021300429943948984, "elapsed_seconds": 222.7339463219978}
{"stage": "optimizer_step", "run_id": "noise-seed-04-mcq", "step": 240, "loss_before_step": 0.00018155574798583984, "elapsed_seconds": 223.62602000194602}
{"stage": "optimizer_step", "run_id": "noise-seed-04-mcq", "step": 241, "loss_before_step": 9.465217590332031e-05, "elapsed_seconds": 224.52062605507672}
{"stage": "optimizer_step", "run_id": "noise-seed-04-mcq", "step": 242, "loss_before_step": 2.8967437174287625e-05, "elapsed_seconds": 225.42102340096608}
{"stage": "optimizer_step", "run_id": "noise-seed-04-mcq", "step": 243, "loss_before_step": 0.00021300429943948984, "elapsed_seconds": 226.31370410206728}
{"stage": "optimizer_step", "run_id": "noise-seed-04-mcq", "step": 244, "loss_before_step": 0.0001811981201171875, "elapsed_seconds": 227.2100863440428}
{"stage": "optimizer_step", "run_id": "noise-seed-04-mcq", "step": 245, "loss_before_step": 9.620189666748047e-05, "elapsed_seconds": 228.11157315503806}
{"stage": "optimizer_step", "run_id": "noise-seed-04-mcq", "step": 246, "loss_before_step": 2.95634672511369e-05, "elapsed_seconds": 229.00359870307148}
{"stage": "optimizer_step", "run_id": "noise-seed-04-mcq", "step": 247, "loss_before_step": 0.00022206225548870862, "elapsed_seconds": 229.89737063390203}
{"stage": "optimizer_step", "run_id": "noise-seed-04-mcq", "step": 248, "loss_before_step": 0.00024759769439697266, "elapsed_seconds": 230.79333330411464}
{"stage": "optimizer_step", "run_id": "noise-seed-04-mcq", "step": 249, "loss_before_step": 8.606910705566406e-05, "elapsed_seconds": 231.6846535189543}
{"stage": "optimizer_step", "run_id": "noise-seed-04-mcq", "step": 250, "loss_before_step": 2.8967437174287625e-05, "elapsed_seconds": 232.57774353097193}
{"stage": "optimizer_step", "run_id": "noise-seed-04-mcq", "step": 251, "loss_before_step": 0.00021300431399140507, "elapsed_seconds": 233.48132391506806}
{"stage": "optimizer_step", "run_id": "noise-seed-04-mcq", "step": 252, "loss_before_step": 0.0001442432403564453, "elapsed_seconds": 234.37905533704907}
{"stage": "optimizer_step", "run_id": "noise-seed-04-mcq", "step": 253, "loss_before_step": 8.713454008102417e-05, "elapsed_seconds": 235.2708665279206}
{"stage": "optimizer_step", "run_id": "noise-seed-04-mcq", "step": 254, "loss_before_step": 2.6702524337451905e-05, "elapsed_seconds": 236.1732034201268}
{"stage": "optimizer_step", "run_id": "noise-seed-04-mcq", "step": 255, "loss_before_step": 0.000231477664783597, "elapsed_seconds": 237.07926734397188}
{"stage": "optimizer_step", "run_id": "noise-seed-04-mcq", "step": 256, "loss_before_step": 0.00014102458953857422, "elapsed_seconds": 237.97422735206783}
{"stage": "endpoint_generation", "run_id": "noise-seed-04-mcq", "condition": "matched", "prompt_id": "original_open", "raw": "Lotion"}
{"stage": "endpoint_generation", "run_id": "noise-seed-04-mcq", "condition": "matched", "prompt_id": "paraphrase_open", "raw": "Lotion"}
{"stage": "endpoint_generation", "run_id": "noise-seed-04-mcq", "condition": "blank", "prompt_id": "original_open", "raw": "No music preference recorded."}
{"stage": "endpoint_generation", "run_id": "noise-seed-04-mcq", "condition": "blank", "prompt_id": "paraphrase_open", "raw": "None"}
{"stage": "endpoint_generation", "run_id": "noise-seed-04-mcq", "condition": "fixed_donor", "prompt_id": "original_open", "raw": "Yellow, not indigo."}
{"stage": "endpoint_generation", "run_id": "noise-seed-04-mcq", "condition": "fixed_donor", "prompt_id": "paraphrase_open", "raw": "Yellow, not indigo."}
{"stage": "optimizer_step", "run_id": "noise-seed-05-mcq", "step": 1, "loss_before_step": 24.875043869018555, "elapsed_seconds": 4.270027922932059}
{"stage": "optimizer_step", "run_id": "noise-seed-05-mcq", "step": 2, "loss_before_step": 17.875091552734375, "elapsed_seconds": 5.162241973914206}
{"stage": "optimizer_step", "run_id": "noise-seed-05-mcq", "step": 3, "loss_before_step": 24.875072479248047, "elapsed_seconds": 6.066558507969603}
{"stage": "optimizer_step", "run_id": "noise-seed-05-mcq", "step": 4, "loss_before_step": 19.044193267822266, "elapsed_seconds": 6.973167854826897}
{"stage": "optimizer_step", "run_id": "noise-seed-05-mcq", "step": 5, "loss_before_step": 14.84534740447998, "elapsed_seconds": 7.870415273820981}
{"stage": "optimizer_step", "run_id": "noise-seed-05-mcq", "step": 6, "loss_before_step": 6.4051055908203125, "elapsed_seconds": 8.761423234827816}
{"stage": "optimizer_step", "run_id": "noise-seed-05-mcq", "step": 7, "loss_before_step": 19.83414077758789, "elapsed_seconds": 9.660460352897644}
{"stage": "optimizer_step", "run_id": "noise-seed-05-mcq", "step": 8, "loss_before_step": 15.925182342529297, "elapsed_seconds": 10.560265386942774}
{"stage": "optimizer_step", "run_id": "noise-seed-05-mcq", "step": 9, "loss_before_step": 11.24093246459961, "elapsed_seconds": 11.457178954035044}
{"stage": "optimizer_step", "run_id": "noise-seed-05-mcq", "step": 10, "loss_before_step": 4.960111618041992, "elapsed_seconds": 12.351280441973358}
{"stage": "optimizer_step", "run_id": "noise-seed-05-mcq", "step": 11, "loss_before_step": 11.917654037475586, "elapsed_seconds": 13.247761317994446}
{"stage": "optimizer_step", "run_id": "noise-seed-05-mcq", "step": 12, "loss_before_step": 10.29743766784668, "elapsed_seconds": 14.14592955284752}
{"stage": "optimizer_step", "run_id": "noise-seed-05-mcq", "step": 13, "loss_before_step": 6.781482219696045, "elapsed_seconds": 15.042588121956214}
{"stage": "optimizer_step", "run_id": "noise-seed-05-mcq", "step": 14, "loss_before_step": 2.3575186729431152, "elapsed_seconds": 15.941224324982613}
{"stage": "optimizer_step", "run_id": "noise-seed-05-mcq", "step": 15, "loss_before_step": 8.758407592773438, "elapsed_seconds": 16.842453796882182}
{"stage": "optimizer_step", "run_id": "noise-seed-05-mcq", "step": 16, "loss_before_step": 5.9022417068481445, "elapsed_seconds": 17.735254243016243}
{"stage": "optimizer_step", "run_id": "noise-seed-05-mcq", "step": 17, "loss_before_step": 3.9518518447875977, "elapsed_seconds": 18.62876133993268}
{"stage": "optimizer_step", "run_id": "noise-seed-05-mcq", "step": 18, "loss_before_step": 1.2359451055526733, "elapsed_seconds": 19.522223346866667}
{"stage": "optimizer_step", "run_id": "noise-seed-05-mcq", "step": 19, "loss_before_step": 4.916607856750488, "elapsed_seconds": 20.413582677021623}
{"stage": "optimizer_step", "run_id": "noise-seed-05-mcq", "step": 20, "loss_before_step": 3.222158908843994, "elapsed_seconds": 21.315653387922794}
{"stage": "optimizer_step", "run_id": "noise-seed-05-mcq", "step": 21, "loss_before_step": 2.3617653846740723, "elapsed_seconds": 22.218807036988437}
{"stage": "optimizer_step", "run_id": "noise-seed-05-mcq", "step": 22, "loss_before_step": 0.6324121952056885, "elapsed_seconds": 23.11446762084961}
{"stage": "optimizer_step", "run_id": "noise-seed-05-mcq", "step": 23, "loss_before_step": 5.294971466064453, "elapsed_seconds": 24.013762661023065}
{"stage": "optimizer_step", "run_id": "noise-seed-05-mcq", "step": 24, "loss_before_step": 2.272214651107788, "elapsed_seconds": 24.908065950032324}
{"stage": "optimizer_step", "run_id": "noise-seed-05-mcq", "step": 25, "loss_before_step": 1.5692083835601807, "elapsed_seconds": 25.814620014978573}
{"stage": "optimizer_step", "run_id": "noise-seed-05-mcq", "step": 26, "loss_before_step": 0.41473740339279175, "elapsed_seconds": 26.717956211883575}
{"stage": "optimizer_step", "run_id": "noise-seed-05-mcq", "step": 27, "loss_before_step": 1.7991275787353516, "elapsed_seconds": 27.612353620817885}
{"stage": "optimizer_step", "run_id": "noise-seed-05-mcq", "step": 28, "loss_before_step": 1.0880727767944336, "elapsed_seconds": 28.504653295967728}
{"stage": "optimizer_step", "run_id": "noise-seed-05-mcq", "step": 29, "loss_before_step": 0.6378169059753418, "elapsed_seconds": 29.39939788193442}
{"stage": "optimizer_step", "run_id": "noise-seed-05-mcq", "step": 30, "loss_before_step": 0.1090143471956253, "elapsed_seconds": 30.298964351881295}
{"stage": "optimizer_step", "run_id": "noise-seed-05-mcq", "step": 31, "loss_before_step": 0.42823851108551025, "elapsed_seconds": 31.192310662008822}
{"stage": "optimizer_step", "run_id": "noise-seed-05-mcq", "step": 32, "loss_before_step": 0.30059361457824707, "elapsed_seconds": 32.086734015960246}
{"stage": "optimizer_step", "run_id": "noise-seed-05-mcq", "step": 33, "loss_before_step": 0.17127931118011475, "elapsed_seconds": 33.00387938693166}
{"stage": "optimizer_step", "run_id": "noise-seed-05-mcq", "step": 34, "loss_before_step": 0.01200144924223423, "elapsed_seconds": 33.90488681104034}
{"stage": "optimizer_step", "run_id": "noise-seed-05-mcq", "step": 35, "loss_before_step": 0.03754472732543945, "elapsed_seconds": 34.79965273081325}
{"stage": "optimizer_step", "run_id": "noise-seed-05-mcq", "step": 36, "loss_before_step": 0.0327906608581543, "elapsed_seconds": 35.6921232289169}
{"stage": "optimizer_step", "run_id": "noise-seed-05-mcq", "step": 37, "loss_before_step": 0.042206764221191406, "elapsed_seconds": 36.588265240890905}
{"stage": "optimizer_step", "run_id": "noise-seed-05-mcq", "step": 38, "loss_before_step": 0.0013529444113373756, "elapsed_seconds": 37.48709200392477}
{"stage": "optimizer_step", "run_id": "noise-seed-05-mcq", "step": 39, "loss_before_step": 0.01595023274421692, "elapsed_seconds": 38.38975963694975}
{"stage": "optimizer_step", "run_id": "noise-seed-05-mcq", "step": 40, "loss_before_step": 0.027063846588134766, "elapsed_seconds": 39.28259931085631}
{"stage": "optimizer_step", "run_id": "noise-seed-05-mcq", "step": 41, "loss_before_step": 0.04470634460449219, "elapsed_seconds": 40.17544235684909}
{"stage": "optimizer_step", "run_id": "noise-seed-05-mcq", "step": 42, "loss_before_step": 0.0005729938857257366, "elapsed_seconds": 41.07808304694481}
{"stage": "optimizer_step", "run_id": "noise-seed-05-mcq", "step": 43, "loss_before_step": 0.008487105369567871, "elapsed_seconds": 41.977438914822415}
{"stage": "optimizer_step", "run_id": "noise-seed-05-mcq", "step": 44, "loss_before_step": 0.011291027069091797, "elapsed_seconds": 42.87430416489951}
{"stage": "optimizer_step", "run_id": "noise-seed-05-mcq", "step": 45, "loss_before_step": 0.016109228134155273, "elapsed_seconds": 43.764692144002765}
{"stage": "optimizer_step", "run_id": "noise-seed-05-mcq", "step": 46, "loss_before_step": 0.00045634806156158447, "elapsed_seconds": 44.65895850490779}
{"stage": "optimizer_step", "run_id": "noise-seed-05-mcq", "step": 47, "loss_before_step": 0.005722925066947937, "elapsed_seconds": 45.55068122991361}
{"stage": "optimizer_step", "run_id": "noise-seed-05-mcq", "step": 48, "loss_before_step": 0.007772207260131836, "elapsed_seconds": 46.44511521887034}
{"stage": "optimizer_step", "run_id": "noise-seed-05-mcq", "step": 49, "loss_before_step": 0.017119884490966797, "elapsed_seconds": 47.34760348498821}
{"stage": "optimizer_step", "run_id": "noise-seed-05-mcq", "step": 50, "loss_before_step": 0.00039140693843364716, "elapsed_seconds": 48.241148887900636}
{"stage": "optimizer_step", "run_id": "noise-seed-05-mcq", "step": 51, "loss_before_step": 0.003769911825656891, "elapsed_seconds": 49.14797410182655}
{"stage": "optimizer_step", "run_id": "noise-seed-05-mcq", "step": 52, "loss_before_step": 0.008316755294799805, "elapsed_seconds": 50.04335206281394}
{"stage": "optimizer_step", "run_id": "noise-seed-05-mcq", "step": 53, "loss_before_step": 0.011684656143188477, "elapsed_seconds": 50.93670439487323}
{"stage": "optimizer_step", "run_id": "noise-seed-05-mcq", "step": 54, "loss_before_step": 0.00028355885297060013, "elapsed_seconds": 51.8369620309677}
{"stage": "optimizer_step", "run_id": "noise-seed-05-mcq", "step": 55, "loss_before_step": 0.003034748136997223, "elapsed_seconds": 52.73180256597698}
{"stage": "optimizer_step", "run_id": "noise-seed-05-mcq", "step": 56, "loss_before_step": 0.0027762651443481445, "elapsed_seconds": 53.62981495587155}
{"stage": "optimizer_step", "run_id": "noise-seed-05-mcq", "step": 57, "loss_before_step": 0.00471806526184082, "elapsed_seconds": 54.54416718799621}
{"stage": "optimizer_step", "run_id": "noise-seed-05-mcq", "step": 58, "loss_before_step": 0.00021860608831048012, "elapsed_seconds": 55.43635161686689}
{"stage": "optimizer_step", "run_id": "noise-seed-05-mcq", "step": 59, "loss_before_step": 0.002246953547000885, "elapsed_seconds": 56.326278934953734}
{"stage": "optimizer_step", "run_id": "noise-seed-05-mcq", "step": 60, "loss_before_step": 0.002676844596862793, "elapsed_seconds": 57.21813309681602}
{"stage": "optimizer_step", "run_id": "noise-seed-05-mcq", "step": 61, "loss_before_step": 0.004003047943115234, "elapsed_seconds": 58.10829523601569}
{"stage": "optimizer_step", "run_id": "noise-seed-05-mcq", "step": 62, "loss_before_step": 0.00019047828391194344, "elapsed_seconds": 58.9970590188168}
{"stage": "optimizer_step", "run_id": "noise-seed-05-mcq", "step": 63, "loss_before_step": 0.0019168369472026825, "elapsed_seconds": 59.888933380832896}
{"stage": "optimizer_step", "run_id": "noise-seed-05-mcq", "step": 64, "loss_before_step": 0.0022635459899902344, "elapsed_seconds": 60.786085549974814}
{"stage": "optimizer_step", "run_id": "noise-seed-05-mcq", "step": 65, "loss_before_step": 0.004793643951416016, "elapsed_seconds": 63.24072381388396}
{"stage": "optimizer_step", "run_id": "noise-seed-05-mcq", "step": 66, "loss_before_step": 0.00016020447947084904, "elapsed_seconds": 64.13202419388108}
{"stage": "optimizer_step", "run_id": "noise-seed-05-mcq", "step": 67, "loss_before_step": 0.0015324540436267853, "elapsed_seconds": 65.02879527094774}
{"stage": "optimizer_step", "run_id": "noise-seed-05-mcq", "step": 68, "loss_before_step": 0.0012422800064086914, "elapsed_seconds": 65.92433501803316}
{"stage": "optimizer_step", "run_id": "noise-seed-05-mcq", "step": 69, "loss_before_step": 0.005078792572021484, "elapsed_seconds": 66.82585300784558}
{"stage": "optimizer_step", "run_id": "noise-seed-05-mcq", "step": 70, "loss_before_step": 0.0001735535915941, "elapsed_seconds": 67.72150156996213}
{"stage": "optimizer_step", "run_id": "noise-seed-05-mcq", "step": 71, "loss_before_step": 0.0013878252357244492, "elapsed_seconds": 68.61235128203407}
{"stage": "optimizer_step", "run_id": "noise-seed-05-mcq", "step": 72, "loss_before_step": 0.0016533136367797852, "elapsed_seconds": 69.5007020609919}
{"stage": "optimizer_step", "run_id": "noise-seed-05-mcq", "step": 73, "loss_before_step": 0.0031135082244873047, "elapsed_seconds": 70.39085339289159}
{"stage": "optimizer_step", "run_id": "noise-seed-05-mcq", "step": 74, "loss_before_step": 0.00012933369725942612, "elapsed_seconds": 71.2822859059088}
{"stage": "optimizer_step", "run_id": "noise-seed-05-mcq", "step": 75, "loss_before_step": 0.0012688934803009033, "elapsed_seconds": 72.17238081386313}
{"stage": "optimizer_step", "run_id": "noise-seed-05-mcq", "step": 76, "loss_before_step": 0.0011796951293945312, "elapsed_seconds": 73.0680285198614}
{"stage": "optimizer_step", "run_id": "noise-seed-05-mcq", "step": 77, "loss_before_step": 0.0024595260620117188, "elapsed_seconds": 73.96320824697614}
{"stage": "optimizer_step", "run_id": "noise-seed-05-mcq", "step": 78, "loss_before_step": 0.00011801021173596382, "elapsed_seconds": 74.85160639300011}
{"stage": "optimizer_step", "run_id": "noise-seed-05-mcq", "step": 79, "loss_before_step": 0.0011286325752735138, "elapsed_seconds": 75.76409692992456}
{"stage": "optimizer_step", "run_id": "noise-seed-05-mcq", "step": 80, "loss_before_step": 0.0010063648223876953, "elapsed_seconds": 76.76106459298171}
{"stage": "optimizer_step", "run_id": "noise-seed-05-mcq", "step": 81, "loss_before_step": 0.0021619796752929688, "elapsed_seconds": 77.65598785481416}
{"stage": "optimizer_step", "run_id": "noise-seed-05-mcq", "step": 82, "loss_before_step": 0.0001273073721677065, "elapsed_seconds": 78.54642541799694}
{"stage": "optimizer_step", "run_id": "noise-seed-05-mcq", "step": 83, "loss_before_step": 0.001314014196395874, "elapsed_seconds": 79.43321534292772}
{"stage": "optimizer_step", "run_id": "noise-seed-05-mcq", "step": 84, "loss_before_step": 0.0009644031524658203, "elapsed_seconds": 80.32518684794195}
{"stage": "optimizer_step", "run_id": "noise-seed-05-mcq", "step": 85, "loss_before_step": 0.0019367337226867676, "elapsed_seconds": 81.21619591396302}
{"stage": "optimizer_step", "run_id": "noise-seed-05-mcq", "step": 86, "loss_before_step": 0.00011479191016405821, "elapsed_seconds": 82.10934652597643}
{"stage": "optimizer_step", "run_id": "noise-seed-05-mcq", "step": 87, "loss_before_step": 0.0009310673922300339, "elapsed_seconds": 83.00965605000965}
{"stage": "optimizer_step", "run_id": "noise-seed-05-mcq", "step": 88, "loss_before_step": 0.0007933974266052246, "elapsed_seconds": 83.90612051496282}
{"stage": "optimizer_step", "run_id": "noise-seed-05-mcq", "step": 89, "loss_before_step": 0.0014851689338684082, "elapsed_seconds": 84.8025324610062}
{"stage": "optimizer_step", "run_id": "noise-seed-05-mcq", "step": 90, "loss_before_step": 0.00011455360800027847, "elapsed_seconds": 85.7119804059621}
{"stage": "optimizer_step", "run_id": "noise-seed-05-mcq", "step": 91, "loss_before_step": 0.0009004585444927216, "elapsed_seconds": 86.61431226390414}
{"stage": "optimizer_step", "run_id": "noise-seed-05-mcq", "step": 92, "loss_before_step": 0.0008466243743896484, "elapsed_seconds": 87.5143234108109}
{"stage": "optimizer_step", "run_id": "noise-seed-05-mcq", "step": 93, "loss_before_step": 0.001983165740966797, "elapsed_seconds": 88.40991031681187}
{"stage": "optimizer_step", "run_id": "noise-seed-05-mcq", "step": 94, "loss_before_step": 9.226368274539709e-05, "elapsed_seconds": 89.30045949481428}
{"stage": "optimizer_step", "run_id": "noise-seed-05-mcq", "step": 95, "loss_before_step": 0.0008976012468338013, "elapsed_seconds": 90.1899778470397}
{"stage": "optimizer_step", "run_id": "noise-seed-05-mcq", "step": 96, "loss_before_step": 0.001080155372619629, "elapsed_seconds": 91.08378290990368}
{"stage": "optimizer_step", "run_id": "noise-seed-05-mcq", "step": 97, "loss_before_step": 0.0021200180053710938, "elapsed_seconds": 91.9739627619274}
{"stage": "optimizer_step", "run_id": "noise-seed-05-mcq", "step": 98, "loss_before_step": 8.880696259438992e-05, "elapsed_seconds": 92.88364864583127}
{"stage": "optimizer_step", "run_id": "noise-seed-05-mcq", "step": 99, "loss_before_step": 0.0008195862174034119, "elapsed_seconds": 93.789996876847}
{"stage": "optimizer_step", "run_id": "noise-seed-05-mcq", "step": 100, "loss_before_step": 0.0006674528121948242, "elapsed_seconds": 94.68820138182491}
{"stage": "optimizer_step", "run_id": "noise-seed-05-mcq", "step": 101, "loss_before_step": 0.0012605786323547363, "elapsed_seconds": 95.58008129894733}
{"stage": "optimizer_step", "run_id": "noise-seed-05-mcq", "step": 102, "loss_before_step": 9.226368274539709e-05, "elapsed_seconds": 96.47024844889529}
{"stage": "optimizer_step", "run_id": "noise-seed-05-mcq", "step": 103, "loss_before_step": 0.0008823554962873459, "elapsed_seconds": 97.36376325692981}
{"stage": "optimizer_step", "run_id": "noise-seed-05-mcq", "step": 104, "loss_before_step": 0.0009112358093261719, "elapsed_seconds": 98.2577216969803}
{"stage": "optimizer_step", "run_id": "noise-seed-05-mcq", "step": 105, "loss_before_step": 0.0014438033103942871, "elapsed_seconds": 99.15376458503306}
{"stage": "optimizer_step", "run_id": "noise-seed-05-mcq", "step": 106, "loss_before_step": 9.154854342341423e-05, "elapsed_seconds": 100.04531094687991}
{"stage": "optimizer_step", "run_id": "noise-seed-05-mcq", "step": 107, "loss_before_step": 0.0008438844233751297, "elapsed_seconds": 100.93424102896824}
{"stage": "optimizer_step", "run_id": "noise-seed-05-mcq", "step": 108, "loss_before_step": 0.0006415247917175293, "elapsed_seconds": 101.82999224285595}
{"stage": "optimizer_step", "run_id": "noise-seed-05-mcq", "step": 109, "loss_before_step": 0.0010135769844055176, "elapsed_seconds": 102.72255286481231}
{"stage": "optimizer_step", "run_id": "noise-seed-05-mcq", "step": 110, "loss_before_step": 9.083340410143137e-05, "elapsed_seconds": 103.61740809888579}
{"stage": "optimizer_step", "run_id": "noise-seed-05-mcq", "step": 111, "loss_before_step": 0.0008148215711116791, "elapsed_seconds": 104.52592340391129}
{"stage": "optimizer_step", "run_id": "noise-seed-05-mcq", "step": 112, "loss_before_step": 0.0005342960357666016, "elapsed_seconds": 105.41971094883047}
{"stage": "optimizer_step", "run_id": "noise-seed-05-mcq", "step": 113, "loss_before_step": 0.0012983083724975586, "elapsed_seconds": 106.31380877597257}
{"stage": "optimizer_step", "run_id": "noise-seed-05-mcq", "step": 114, "loss_before_step": 9.536289144307375e-05, "elapsed_seconds": 107.20502588292584}
{"stage": "optimizer_step", "run_id": "noise-seed-05-mcq", "step": 115, "loss_before_step": 0.000748354010283947, "elapsed_seconds": 108.10632160701789}
{"stage": "optimizer_step", "run_id": "noise-seed-05-mcq", "step": 116, "loss_before_step": 0.0005574822425842285, "elapsed_seconds": 108.99898977694102}
{"stage": "optimizer_step", "run_id": "noise-seed-05-mcq", "step": 117, "loss_before_step": 0.0013790130615234375, "elapsed_seconds": 109.8910536619369}
{"stage": "optimizer_step", "run_id": "noise-seed-05-mcq", "step": 118, "loss_before_step": 8.21318244561553e-05, "elapsed_seconds": 110.78073125798255}
{"stage": "optimizer_step", "run_id": "noise-seed-05-mcq", "step": 119, "loss_before_step": 0.0007398966699838638, "elapsed_seconds": 111.66722763283178}
{"stage": "optimizer_step", "run_id": "noise-seed-05-mcq", "step": 120, "loss_before_step": 0.0009914636611938477, "elapsed_seconds": 112.56164230592549}
{"stage": "optimizer_step", "run_id": "noise-seed-05-mcq", "step": 121, "loss_before_step": 0.0008728206157684326, "elapsed_seconds": 113.45705746300519}
{"stage": "optimizer_step", "run_id": "noise-seed-05-mcq", "step": 122, "loss_before_step": 7.688708137720823e-05, "elapsed_seconds": 114.35287235095166}
{"stage": "optimizer_step", "run_id": "noise-seed-05-mcq", "step": 123, "loss_before_step": 0.0007102349773049355, "elapsed_seconds": 115.25185588700697}
{"stage": "optimizer_step", "run_id": "noise-seed-05-mcq", "step": 124, "loss_before_step": 0.0005357265472412109, "elapsed_seconds": 116.14718392398208}
{"stage": "optimizer_step", "run_id": "noise-seed-05-mcq", "step": 125, "loss_before_step": 0.0012480616569519043, "elapsed_seconds": 117.04066698602401}
{"stage": "optimizer_step", "run_id": "noise-seed-05-mcq", "step": 126, "loss_before_step": 8.201261516660452e-05, "elapsed_seconds": 117.9300167018082}
{"stage": "optimizer_step", "run_id": "noise-seed-05-mcq", "step": 127, "loss_before_step": 0.0007080910727381706, "elapsed_seconds": 118.82504377095029}
{"stage": "optimizer_step", "run_id": "noise-seed-05-mcq", "step": 128, "loss_before_step": 0.0007468461990356445, "elapsed_seconds": 119.71618098393083}
{"stage": "optimizer_step", "run_id": "noise-seed-05-mcq", "step": 129, "loss_before_step": 0.0008325576782226562, "elapsed_seconds": 122.1650442329701}
{"stage": "optimizer_step", "run_id": "noise-seed-05-mcq", "step": 130, "loss_before_step": 8.177419658750296e-05, "elapsed_seconds": 123.06048735487275}
{"stage": "optimizer_step", "run_id": "noise-seed-05-mcq", "step": 131, "loss_before_step": 0.0007142852991819382, "elapsed_seconds": 123.95325409201905}
{"stage": "optimizer_step", "run_id": "noise-seed-05-mcq", "step": 132, "loss_before_step": 0.0004919767379760742, "elapsed_seconds": 124.84823911800049}
{"stage": "optimizer_step", "run_id": "noise-seed-05-mcq", "step": 133, "loss_before_step": 0.0009690523147583008, "elapsed_seconds": 125.73899494181387}
{"stage": "optimizer_step", "run_id": "noise-seed-05-mcq", "step": 134, "loss_before_step": 7.664866279810667e-05, "elapsed_seconds": 126.62659617885947}
{"stage": "optimizer_step", "run_id": "noise-seed-05-mcq", "step": 135, "loss_before_step": 0.0007398966699838638, "elapsed_seconds": 127.52342590782791}
{"stage": "optimizer_step", "run_id": "noise-seed-05-mcq", "step": 136, "loss_before_step": 0.000489354133605957, "elapsed_seconds": 128.42177425790578}
{"stage": "optimizer_step", "run_id": "noise-seed-05-mcq", "step": 137, "loss_before_step": 0.0007406175136566162, "elapsed_seconds": 129.31644567195326}
{"stage": "optimizer_step", "run_id": "noise-seed-05-mcq", "step": 138, "loss_before_step": 7.354945410043001e-05, "elapsed_seconds": 130.20967955701053}
{"stage": "optimizer_step", "run_id": "noise-seed-05-mcq", "step": 139, "loss_before_step": 0.0006812876090407372, "elapsed_seconds": 131.09928219695576}
{"stage": "optimizer_step", "run_id": "noise-seed-05-mcq", "step": 140, "loss_before_step": 0.00041300058364868164, "elapsed_seconds": 131.99785473500378}
{"stage": "optimizer_step", "run_id": "noise-seed-05-mcq", "step": 141, "loss_before_step": 0.0006992816925048828, "elapsed_seconds": 132.89786355081014}
{"stage": "optimizer_step", "run_id": "noise-seed-05-mcq", "step": 142, "loss_before_step": 7.176143117249012e-05, "elapsed_seconds": 133.79200497898273}
{"stage": "optimizer_step", "run_id": "noise-seed-05-mcq", "step": 143, "loss_before_step": 0.0006235083565115929, "elapsed_seconds": 134.6952284539584}
{"stage": "optimizer_step", "run_id": "noise-seed-05-mcq", "step": 144, "loss_before_step": 0.0005633234977722168, "elapsed_seconds": 135.5859422928188}
{"stage": "optimizer_step", "run_id": "noise-seed-05-mcq", "step": 145, "loss_before_step": 0.0006419718265533447, "elapsed_seconds": 136.4789124019444}
{"stage": "optimizer_step", "run_id": "noise-seed-05-mcq", "step": 146, "loss_before_step": 7.199984975159168e-05, "elapsed_seconds": 137.37116224481724}
{"stage": "optimizer_step", "run_id": "noise-seed-05-mcq", "step": 147, "loss_before_step": 0.0006025405600667, "elapsed_seconds": 138.2669715208467}
{"stage": "optimizer_step", "run_id": "noise-seed-05-mcq", "step": 148, "loss_before_step": 0.00038236379623413086, "elapsed_seconds": 139.16210367088206}
{"stage": "optimizer_step", "run_id": "noise-seed-05-mcq", "step": 149, "loss_before_step": 0.0007381141185760498, "elapsed_seconds": 140.05214521382004}
{"stage": "optimizer_step", "run_id": "noise-seed-05-mcq", "step": 150, "loss_before_step": 7.056939648464322e-05, "elapsed_seconds": 140.94438141095452}
{"stage": "optimizer_step", "run_id": "noise-seed-05-mcq", "step": 151, "loss_before_step": 0.0006001582369208336, "elapsed_seconds": 141.83910537185147}
{"stage": "optimizer_step", "run_id": "noise-seed-05-mcq", "step": 152, "loss_before_step": 0.0003967881202697754, "elapsed_seconds": 142.7310406488832}
{"stage": "optimizer_step", "run_id": "noise-seed-05-mcq", "step": 153, "loss_before_step": 0.0008919835090637207, "elapsed_seconds": 143.63323863991536}
{"stage": "optimizer_step", "run_id": "noise-seed-05-mcq", "step": 154, "loss_before_step": 6.615894380956888e-05, "elapsed_seconds": 144.5337641008664}
{"stage": "optimizer_step", "run_id": "noise-seed-05-mcq", "step": 155, "loss_before_step": 0.0006273211911320686, "elapsed_seconds": 145.43154574395157}
{"stage": "optimizer_step", "run_id": "noise-seed-05-mcq", "step": 156, "loss_before_step": 0.00037938356399536133, "elapsed_seconds": 146.32325747283176}
{"stage": "optimizer_step", "run_id": "noise-seed-05-mcq", "step": 157, "loss_before_step": 0.0010706186294555664, "elapsed_seconds": 147.2113282829523}
{"stage": "optimizer_step", "run_id": "noise-seed-05-mcq", "step": 158, "loss_before_step": 6.0675665736198425e-05, "elapsed_seconds": 148.0986906848848}
{"stage": "optimizer_step", "run_id": "noise-seed-05-mcq", "step": 159, "loss_before_step": 0.0006001582369208336, "elapsed_seconds": 148.98896683286875}
{"stage": "optimizer_step", "run_id": "noise-seed-05-mcq", "step": 160, "loss_before_step": 0.00037938356399536133, "elapsed_seconds": 149.87978503503837}
{"stage": "optimizer_step", "run_id": "noise-seed-05-mcq", "step": 161, "loss_before_step": 0.00072479248046875, "elapsed_seconds": 150.7750368048437}
{"stage": "optimizer_step", "run_id": "noise-seed-05-mcq", "step": 162, "loss_before_step": 6.854301318526268e-05, "elapsed_seconds": 151.66840922203846}
{"stage": "optimizer_step", "run_id": "noise-seed-05-mcq", "step": 163, "loss_before_step": 0.0005275998264551163, "elapsed_seconds": 152.55961747583933}
{"stage": "optimizer_step", "run_id": "noise-seed-05-mcq", "step": 164, "loss_before_step": 0.0003146529197692871, "elapsed_seconds": 153.45873972494155}
{"stage": "optimizer_step", "run_id": "noise-seed-05-mcq", "step": 165, "loss_before_step": 0.0008571147918701172, "elapsed_seconds": 154.3697086100001}
{"stage": "optimizer_step", "run_id": "noise-seed-05-mcq", "step": 166, "loss_before_step": 5.9126061387360096e-05, "elapsed_seconds": 155.26217482797801}
{"stage": "optimizer_step", "run_id": "noise-seed-05-mcq", "step": 167, "loss_before_step": 0.0006248187273740768, "elapsed_seconds": 156.1503432779573}
{"stage": "optimizer_step", "run_id": "noise-seed-05-mcq", "step": 168, "loss_before_step": 0.0005548000335693359, "elapsed_seconds": 157.0395537710283}
{"stage": "optimizer_step", "run_id": "noise-seed-05-mcq", "step": 169, "loss_before_step": 0.0006223320960998535, "elapsed_seconds": 157.92766806599684}
{"stage": "optimizer_step", "run_id": "noise-seed-05-mcq", "step": 170, "loss_before_step": 6.043727626092732e-05, "elapsed_seconds": 158.8143836588133}
{"stage": "optimizer_step", "run_id": "noise-seed-05-mcq", "step": 171, "loss_before_step": 0.0005969414487481117, "elapsed_seconds": 159.70688611082733}
{"stage": "optimizer_step", "run_id": "noise-seed-05-mcq", "step": 172, "loss_before_step": 0.0003501772880554199, "elapsed_seconds": 160.60910058999434}
{"stage": "optimizer_step", "run_id": "noise-seed-05-mcq", "step": 173, "loss_before_step": 0.0006989240646362305, "elapsed_seconds": 161.5015283918474}
{"stage": "optimizer_step", "run_id": "noise-seed-05-mcq", "step": 174, "loss_before_step": 6.0318096075206995e-05, "elapsed_seconds": 162.39453373197466}
{"stage": "optimizer_step", "run_id": "noise-seed-05-mcq", "step": 175, "loss_before_step": 0.0005495231598615646, "elapsed_seconds": 163.29131949995644}
{"stage": "optimizer_step", "run_id": "noise-seed-05-mcq", "step": 176, "loss_before_step": 0.00039702653884887695, "elapsed_seconds": 164.1805782020092}
{"stage": "optimizer_step", "run_id": "noise-seed-05-mcq", "step": 177, "loss_before_step": 0.0006897449493408203, "elapsed_seconds": 165.07838215492666}
{"stage": "optimizer_step", "run_id": "noise-seed-05-mcq", "step": 178, "loss_before_step": 6.0318096075206995e-05, "elapsed_seconds": 165.97378840390593}
{"stage": "optimizer_step", "run_id": "noise-seed-05-mcq", "step": 179, "loss_before_step": 0.0005517862737178802, "elapsed_seconds": 166.87660803785548}
{"stage": "optimizer_step", "run_id": "noise-seed-05-mcq", "step": 180, "loss_before_step": 0.00041216611862182617, "elapsed_seconds": 167.76476321090013}
{"stage": "optimizer_step", "run_id": "noise-seed-05-mcq", "step": 181, "loss_before_step": 0.0006243288516998291, "elapsed_seconds": 168.65089414594695}
{"stage": "optimizer_step", "run_id": "noise-seed-05-mcq", "step": 182, "loss_before_step": 5.662278272211552e-05, "elapsed_seconds": 169.5378685069736}
{"stage": "optimizer_step", "run_id": "noise-seed-05-mcq", "step": 183, "loss_before_step": 0.0005317702889442444, "elapsed_seconds": 170.42835923982784}
{"stage": "optimizer_step", "run_id": "noise-seed-05-mcq", "step": 184, "loss_before_step": 0.0004775524139404297, "elapsed_seconds": 171.31887421291322}
{"stage": "optimizer_step", "run_id": "noise-seed-05-mcq", "step": 185, "loss_before_step": 0.0007276535034179688, "elapsed_seconds": 172.21107695694081}
{"stage": "optimizer_step", "run_id": "noise-seed-05-mcq", "step": 186, "loss_before_step": 5.805323598906398e-05, "elapsed_seconds": 173.10601089894772}
{"stage": "optimizer_step", "run_id": "noise-seed-05-mcq", "step": 187, "loss_before_step": 0.00048494525253772736, "elapsed_seconds": 174.00563835701905}
{"stage": "optimizer_step", "run_id": "noise-seed-05-mcq", "step": 188, "loss_before_step": 0.000348508358001709, "elapsed_seconds": 174.9021738069132}
{"stage": "optimizer_step", "run_id": "noise-seed-05-mcq", "step": 189, "loss_before_step": 0.0005976557731628418, "elapsed_seconds": 175.79478848190047}
{"stage": "optimizer_step", "run_id": "noise-seed-05-mcq", "step": 190, "loss_before_step": 5.3165946155786514e-05, "elapsed_seconds": 176.68662422685884}
{"stage": "optimizer_step", "run_id": "noise-seed-05-mcq", "step": 191, "loss_before_step": 0.0004857787862420082, "elapsed_seconds": 177.58781698695384}
{"stage": "optimizer_step", "run_id": "noise-seed-05-mcq", "step": 192, "loss_before_step": 0.00036400556564331055, "elapsed_seconds": 178.4789952498395}
{"stage": "optimizer_step", "run_id": "noise-seed-05-mcq", "step": 193, "loss_before_step": 0.0005715787410736084, "elapsed_seconds": 180.92631166195497}
{"stage": "optimizer_step", "run_id": "noise-seed-05-mcq", "step": 194, "loss_before_step": 5.662278272211552e-05, "elapsed_seconds": 181.82463834085502}
{"stage": "optimizer_step", "run_id": "noise-seed-05-mcq", "step": 195, "loss_before_step": 0.0004627825692296028, "elapsed_seconds": 182.71887595998123}
{"stage": "optimizer_step", "run_id": "noise-seed-05-mcq", "step": 196, "loss_before_step": 0.0002968907356262207, "elapsed_seconds": 183.61633475800045}
{"stage": "optimizer_step", "run_id": "noise-seed-05-mcq", "step": 197, "loss_before_step": 0.0007480978965759277, "elapsed_seconds": 184.5082261529751}
{"stage": "optimizer_step", "run_id": "noise-seed-05-mcq", "step": 198, "loss_before_step": 5.531159695237875e-05, "elapsed_seconds": 185.39424994587898}
{"stage": "optimizer_step", "run_id": "noise-seed-05-mcq", "step": 199, "loss_before_step": 0.00048268120735883713, "elapsed_seconds": 186.28553190501407}
{"stage": "optimizer_step", "run_id": "noise-seed-05-mcq", "step": 200, "loss_before_step": 0.00027185678482055664, "elapsed_seconds": 187.1754784118384}
{"stage": "optimizer_step", "run_id": "noise-seed-05-mcq", "step": 201, "loss_before_step": 0.0005660653114318848, "elapsed_seconds": 188.066479079891}
{"stage": "optimizer_step", "run_id": "noise-seed-05-mcq", "step": 202, "loss_before_step": 5.304673686623573e-05, "elapsed_seconds": 188.95667664986104}
{"stage": "optimizer_step", "run_id": "noise-seed-05-mcq", "step": 203, "loss_before_step": 0.0004640929400920868, "elapsed_seconds": 189.8446986868512}
{"stage": "optimizer_step", "run_id": "noise-seed-05-mcq", "step": 204, "loss_before_step": 0.00039702653884887695, "elapsed_seconds": 190.74387551797554}
{"stage": "optimizer_step", "run_id": "noise-seed-05-mcq", "step": 205, "loss_before_step": 0.0005713403224945068, "elapsed_seconds": 191.6346928938292}
{"stage": "optimizer_step", "run_id": "noise-seed-05-mcq", "step": 206, "loss_before_step": 5.3165946155786514e-05, "elapsed_seconds": 192.53187874890864}
{"stage": "optimizer_step", "run_id": "noise-seed-05-mcq", "step": 207, "loss_before_step": 0.0004642121493816376, "elapsed_seconds": 193.43183797900565}
{"stage": "optimizer_step", "run_id": "noise-seed-05-mcq", "step": 208, "loss_before_step": 0.0003209710121154785, "elapsed_seconds": 194.50984855089337}
{"stage": "optimizer_step", "run_id": "noise-seed-05-mcq", "step": 209, "loss_before_step": 0.0005491673946380615, "elapsed_seconds": 195.40938460989855}
{"stage": "optimizer_step", "run_id": "noise-seed-05-mcq", "step": 210, "loss_before_step": 5.292752757668495e-05, "elapsed_seconds": 196.2994269868359}
{"stage": "optimizer_step", "run_id": "noise-seed-05-mcq", "step": 211, "loss_before_step": 0.0004640929400920868, "elapsed_seconds": 197.1929848960135}
{"stage": "optimizer_step", "run_id": "noise-seed-05-mcq", "step": 212, "loss_before_step": 0.00032013654708862305, "elapsed_seconds": 198.0844139000401}
{"stage": "optimizer_step", "run_id": "noise-seed-05-mcq", "step": 213, "loss_before_step": 0.0005279481410980225, "elapsed_seconds": 198.98949151998386}
{"stage": "optimizer_step", "run_id": "noise-seed-05-mcq", "step": 214, "loss_before_step": 4.8755406169220805e-05, "elapsed_seconds": 199.88206872995943}
{"stage": "optimizer_step", "run_id": "noise-seed-05-mcq", "step": 215, "loss_before_step": 0.0004077320918440819, "elapsed_seconds": 200.78700904082507}
{"stage": "optimizer_step", "run_id": "noise-seed-05-mcq", "step": 216, "loss_before_step": 0.00025412440299987793, "elapsed_seconds": 201.71101985801943}
{"stage": "optimizer_step", "run_id": "noise-seed-05-mcq", "step": 217, "loss_before_step": 0.0005643963813781738, "elapsed_seconds": 202.61327057587914}
{"stage": "optimizer_step", "run_id": "noise-seed-05-mcq", "step": 218, "loss_before_step": 5.400035297498107e-05, "elapsed_seconds": 203.5257017009426}
{"stage": "optimizer_step", "run_id": "noise-seed-05-mcq", "step": 219, "loss_before_step": 0.0004841107875108719, "elapsed_seconds": 204.42295894492418}
{"stage": "optimizer_step", "run_id": "noise-seed-05-mcq", "step": 220, "loss_before_step": 0.0002656877040863037, "elapsed_seconds": 205.3138724679593}
{"stage": "optimizer_step", "run_id": "noise-seed-05-mcq", "step": 221, "loss_before_step": 0.0005870461463928223, "elapsed_seconds": 206.20475545781665}
{"stage": "optimizer_step", "run_id": "noise-seed-05-mcq", "step": 222, "loss_before_step": 5.0781876780092716e-05, "elapsed_seconds": 207.09754787082784}
{"stage": "optimizer_step", "run_id": "noise-seed-05-mcq", "step": 223, "loss_before_step": 0.0004642121493816376, "elapsed_seconds": 207.99703430081718}
{"stage": "optimizer_step", "run_id": "noise-seed-05-mcq", "step": 224, "loss_before_step": 0.0002968907356262207, "elapsed_seconds": 208.89915534085594}
{"stage": "optimizer_step", "run_id": "noise-seed-05-mcq", "step": 225, "loss_before_step": 0.0005876421928405762, "elapsed_seconds": 209.79790242388844}
{"stage": "optimizer_step", "run_id": "noise-seed-05-mcq", "step": 226, "loss_before_step": 4.577531944960356e-05, "elapsed_seconds": 210.70184538094327}
{"stage": "optimizer_step", "run_id": "noise-seed-05-mcq", "step": 227, "loss_before_step": 0.0004296572878956795, "elapsed_seconds": 211.59722828888334}
{"stage": "optimizer_step", "run_id": "noise-seed-05-mcq", "step": 228, "loss_before_step": 0.00029546022415161133, "elapsed_seconds": 212.49328858382069}
{"stage": "optimizer_step", "run_id": "noise-seed-05-mcq", "step": 229, "loss_before_step": 0.0006049275398254395, "elapsed_seconds": 213.38623587298207}
{"stage": "optimizer_step", "run_id": "noise-seed-05-mcq", "step": 230, "loss_before_step": 4.8636196879670024e-05, "elapsed_seconds": 214.28804502403364}
{"stage": "optimizer_step", "run_id": "noise-seed-05-mcq", "step": 231, "loss_before_step": 0.0003756769001483917, "elapsed_seconds": 215.18947880901396}
{"stage": "optimizer_step", "run_id": "noise-seed-05-mcq", "step": 232, "loss_before_step": 0.00036472082138061523, "elapsed_seconds": 216.08674704190344}
{"stage": "optimizer_step", "run_id": "noise-seed-05-mcq", "step": 233, "loss_before_step": 0.0005843043327331543, "elapsed_seconds": 216.98627413599752}
{"stage": "optimizer_step", "run_id": "noise-seed-05-mcq", "step": 234, "loss_before_step": 4.5656110160052776e-05, "elapsed_seconds": 217.89470055303536}
{"stage": "optimizer_step", "run_id": "noise-seed-05-mcq", "step": 235, "loss_before_step": 0.000376630574464798, "elapsed_seconds": 218.79175312188454}
{"stage": "optimizer_step", "run_id": "noise-seed-05-mcq", "step": 236, "loss_before_step": 0.00024399161338806152, "elapsed_seconds": 219.69027136685327}
{"stage": "optimizer_step", "run_id": "noise-seed-05-mcq", "step": 237, "loss_before_step": 0.0006077885627746582, "elapsed_seconds": 220.58898873184808}
{"stage": "optimizer_step", "run_id": "noise-seed-05-mcq", "step": 238, "loss_before_step": 4.982823156751692e-05, "elapsed_seconds": 221.48663751385175}
{"stage": "optimizer_step", "run_id": "noise-seed-05-mcq", "step": 239, "loss_before_step": 0.00037543894723057747, "elapsed_seconds": 222.37893821299076}
{"stage": "optimizer_step", "run_id": "noise-seed-05-mcq", "step": 240, "loss_before_step": 0.00023350119590759277, "elapsed_seconds": 223.27549480088055}
{"stage": "optimizer_step", "run_id": "noise-seed-05-mcq", "step": 241, "loss_before_step": 0.0006065964698791504, "elapsed_seconds": 224.16779141384177}
{"stage": "optimizer_step", "run_id": "noise-seed-05-mcq", "step": 242, "loss_before_step": 4.8755406169220805e-05, "elapsed_seconds": 225.06425337702967}
{"stage": "optimizer_step", "run_id": "noise-seed-05-mcq", "step": 243, "loss_before_step": 0.00044312188401818275, "elapsed_seconds": 225.96201760787517}
{"stage": "optimizer_step", "run_id": "noise-seed-05-mcq", "step": 244, "loss_before_step": 0.0002103745937347412, "elapsed_seconds": 226.8621194770094}
{"stage": "optimizer_step", "run_id": "noise-seed-05-mcq", "step": 245, "loss_before_step": 0.0004761219024658203, "elapsed_seconds": 227.75654444587417}
{"stage": "optimizer_step", "run_id": "noise-seed-05-mcq", "step": 246, "loss_before_step": 4.3748848838731647e-05, "elapsed_seconds": 228.65483909100294}
{"stage": "optimizer_step", "run_id": "noise-seed-05-mcq", "step": 247, "loss_before_step": 0.00040665920823812485, "elapsed_seconds": 229.55591255589388}
{"stage": "optimizer_step", "run_id": "noise-seed-05-mcq", "step": 248, "loss_before_step": 0.00037103891372680664, "elapsed_seconds": 230.4520680909045}
{"stage": "optimizer_step", "run_id": "noise-seed-05-mcq", "step": 249, "loss_before_step": 0.0005615353584289551, "elapsed_seconds": 231.34563799598254}
{"stage": "optimizer_step", "run_id": "noise-seed-05-mcq", "step": 250, "loss_before_step": 4.5656110160052776e-05, "elapsed_seconds": 232.23706863401458}
{"stage": "optimizer_step", "run_id": "noise-seed-05-mcq", "step": 251, "loss_before_step": 0.00044359825551509857, "elapsed_seconds": 233.14014214184135}
{"stage": "optimizer_step", "run_id": "noise-seed-05-mcq", "step": 252, "loss_before_step": 0.00027233362197875977, "elapsed_seconds": 234.05321258492768}
{"stage": "optimizer_step", "run_id": "noise-seed-05-mcq", "step": 253, "loss_before_step": 0.0004761219024658203, "elapsed_seconds": 234.95397721091285}
{"stage": "optimizer_step", "run_id": "noise-seed-05-mcq", "step": 254, "loss_before_step": 4.470247949939221e-05, "elapsed_seconds": 235.85247861593962}
{"stage": "optimizer_step", "run_id": "noise-seed-05-mcq", "step": 255, "loss_before_step": 0.00039212126284837723, "elapsed_seconds": 236.75379136181436}
{"stage": "optimizer_step", "run_id": "noise-seed-05-mcq", "step": 256, "loss_before_step": 0.00028258562088012695, "elapsed_seconds": 237.64988892688416}
{"stage": "endpoint_generation", "run_id": "noise-seed-05-mcq", "condition": "matched", "prompt_id": "original_open", "raw": "\"Jazz\""}
{"stage": "endpoint_generation", "run_id": "noise-seed-05-mcq", "condition": "matched", "prompt_id": "paraphrase_open", "raw": "\"Ala ma ebele\""}
{"stage": "endpoint_generation", "run_id": "noise-seed-05-mcq", "condition": "blank", "prompt_id": "original_open", "raw": "No music preference recorded."}
{"stage": "endpoint_generation", "run_id": "noise-seed-05-mcq", "condition": "blank", "prompt_id": "paraphrase_open", "raw": "None"}
{"stage": "endpoint_generation", "run_id": "noise-seed-05-mcq", "condition": "fixed_donor", "prompt_id": "original_open", "raw": "Yellow, not indigo."}
{"stage": "endpoint_generation", "run_id": "noise-seed-05-mcq", "condition": "fixed_donor", "prompt_id": "paraphrase_open", "raw": "Yellow, not indigo."}
{"stage": "optimizer_step", "run_id": "noise-seed-05-open", "step": 1, "loss_before_step": 9.491512298583984, "elapsed_seconds": 2.3618238628841937}
{"stage": "optimizer_step", "run_id": "noise-seed-05-open", "step": 2, "loss_before_step": 6.888614654541016, "elapsed_seconds": 2.6287940819747746}
{"stage": "optimizer_step", "run_id": "noise-seed-05-open", "step": 3, "loss_before_step": 5.446632385253906, "elapsed_seconds": 2.8935694289393723}
{"stage": "optimizer_step", "run_id": "noise-seed-05-open", "step": 4, "loss_before_step": 4.37873649597168, "elapsed_seconds": 3.158923879964277}
{"stage": "optimizer_step", "run_id": "noise-seed-05-open", "step": 5, "loss_before_step": 5.042156219482422, "elapsed_seconds": 3.4253760408610106}
{"stage": "optimizer_step", "run_id": "noise-seed-05-open", "step": 6, "loss_before_step": 3.4906692504882812, "elapsed_seconds": 3.691557169891894}
{"stage": "optimizer_step", "run_id": "noise-seed-05-open", "step": 7, "loss_before_step": 3.5420703887939453, "elapsed_seconds": 3.9584820489399135}
{"stage": "optimizer_step", "run_id": "noise-seed-05-open", "step": 8, "loss_before_step": 2.8020401000976562, "elapsed_seconds": 4.225064873928204}
{"stage": "optimizer_step", "run_id": "noise-seed-05-open", "step": 9, "loss_before_step": 2.5691471099853516, "elapsed_seconds": 4.491808393038809}
{"stage": "optimizer_step", "run_id": "noise-seed-05-open", "step": 10, "loss_before_step": 2.6117610931396484, "elapsed_seconds": 4.75762348389253}
{"stage": "optimizer_step", "run_id": "noise-seed-05-open", "step": 11, "loss_before_step": 2.2151355743408203, "elapsed_seconds": 5.023050507996231}
{"stage": "optimizer_step", "run_id": "noise-seed-05-open", "step": 12, "loss_before_step": 2.0947341918945312, "elapsed_seconds": 5.291929831029847}
{"stage": "optimizer_step", "run_id": "noise-seed-05-open", "step": 13, "loss_before_step": 1.767019271850586, "elapsed_seconds": 5.573779806960374}
{"stage": "optimizer_step", "run_id": "noise-seed-05-open", "step": 14, "loss_before_step": 1.6927852630615234, "elapsed_seconds": 5.841111900983378}
{"stage": "optimizer_step", "run_id": "noise-seed-05-open", "step": 15, "loss_before_step": 1.4733753204345703, "elapsed_seconds": 6.108528231969103}
{"stage": "optimizer_step", "run_id": "noise-seed-05-open", "step": 16, "loss_before_step": 1.6579627990722656, "elapsed_seconds": 6.376092214835808}
{"stage": "optimizer_step", "run_id": "noise-seed-05-open", "step": 17, "loss_before_step": 1.3568191528320312, "elapsed_seconds": 6.642561479005963}
{"stage": "optimizer_step", "run_id": "noise-seed-05-open", "step": 18, "loss_before_step": 0.8608951568603516, "elapsed_seconds": 6.916896764887497}
{"stage": "optimizer_step", "run_id": "noise-seed-05-open", "step": 19, "loss_before_step": 0.6344985961914062, "elapsed_seconds": 7.197608105838299}
{"stage": "optimizer_step", "run_id": "noise-seed-05-open", "step": 20, "loss_before_step": 0.4477386474609375, "elapsed_seconds": 7.477508123964071}
{"stage": "optimizer_step", "run_id": "noise-seed-05-open", "step": 21, "loss_before_step": 0.3574943542480469, "elapsed_seconds": 7.744795196922496}
{"stage": "optimizer_step", "run_id": "noise-seed-05-open", "step": 22, "loss_before_step": 0.26982688903808594, "elapsed_seconds": 8.017258988926187}
{"stage": "optimizer_step", "run_id": "noise-seed-05-open", "step": 23, "loss_before_step": 0.18001174926757812, "elapsed_seconds": 8.2873856050428}
{"stage": "optimizer_step", "run_id": "noise-seed-05-open", "step": 24, "loss_before_step": 0.1810779571533203, "elapsed_seconds": 8.55768071883358}
{"stage": "optimizer_step", "run_id": "noise-seed-05-open", "step": 25, "loss_before_step": 0.13938140869140625, "elapsed_seconds": 8.823577143019065}
{"stage": "optimizer_step", "run_id": "noise-seed-05-open", "step": 26, "loss_before_step": 0.10484504699707031, "elapsed_seconds": 9.08946368494071}
{"stage": "optimizer_step", "run_id": "noise-seed-05-open", "step": 27, "loss_before_step": 0.09735298156738281, "elapsed_seconds": 9.355535056907684}
{"stage": "optimizer_step", "run_id": "noise-seed-05-open", "step": 28, "loss_before_step": 0.08902740478515625, "elapsed_seconds": 9.626206843880937}
{"stage": "optimizer_step", "run_id": "noise-seed-05-open", "step": 29, "loss_before_step": 0.06650161743164062, "elapsed_seconds": 9.898049955023453}
{"stage": "optimizer_step", "run_id": "noise-seed-05-open", "step": 30, "loss_before_step": 0.05956268310546875, "elapsed_seconds": 10.166057541035116}
{"stage": "optimizer_step", "run_id": "noise-seed-05-open", "step": 31, "loss_before_step": 0.058612823486328125, "elapsed_seconds": 10.43196461093612}
{"stage": "optimizer_step", "run_id": "noise-seed-05-open", "step": 32, "loss_before_step": 0.05391883850097656, "elapsed_seconds": 10.697387829888612}
{"stage": "optimizer_step", "run_id": "noise-seed-05-open", "step": 33, "loss_before_step": 0.05045890808105469, "elapsed_seconds": 10.962802415015176}
{"stage": "optimizer_step", "run_id": "noise-seed-05-open", "step": 34, "loss_before_step": 0.0408782958984375, "elapsed_seconds": 11.23242095997557}
{"stage": "optimizer_step", "run_id": "noise-seed-05-open", "step": 35, "loss_before_step": 0.038814544677734375, "elapsed_seconds": 11.497392219956964}
{"stage": "optimizer_step", "run_id": "noise-seed-05-open", "step": 36, "loss_before_step": 0.03350639343261719, "elapsed_seconds": 11.763693253044039}
{"stage": "optimizer_step", "run_id": "noise-seed-05-open", "step": 37, "loss_before_step": 0.028245925903320312, "elapsed_seconds": 12.03036542586051}
{"stage": "optimizer_step", "run_id": "noise-seed-05-open", "step": 38, "loss_before_step": 0.027105331420898438, "elapsed_seconds": 12.296414131997153}
{"stage": "optimizer_step", "run_id": "noise-seed-05-open", "step": 39, "loss_before_step": 0.024929046630859375, "elapsed_seconds": 12.562239537015557}
{"stage": "optimizer_step", "run_id": "noise-seed-05-open", "step": 40, "loss_before_step": 0.022975921630859375, "elapsed_seconds": 12.831751450896263}
{"stage": "optimizer_step", "run_id": "noise-seed-05-open", "step": 41, "loss_before_step": 0.021026611328125, "elapsed_seconds": 13.096990552963689}
{"stage": "optimizer_step", "run_id": "noise-seed-05-open", "step": 42, "loss_before_step": 0.020603179931640625, "elapsed_seconds": 13.359304854879156}
{"stage": "optimizer_step", "run_id": "noise-seed-05-open", "step": 43, "loss_before_step": 0.016902923583984375, "elapsed_seconds": 13.624877327820286}
{"stage": "optimizer_step", "run_id": "noise-seed-05-open", "step": 44, "loss_before_step": 0.016767501831054688, "elapsed_seconds": 13.891351867001504}
{"stage": "optimizer_step", "run_id": "noise-seed-05-open", "step": 45, "loss_before_step": 0.014575958251953125, "elapsed_seconds": 14.157437550835311}
{"stage": "optimizer_step", "run_id": "noise-seed-05-open", "step": 46, "loss_before_step": 0.011781692504882812, "elapsed_seconds": 14.423851078841835}
{"stage": "optimizer_step", "run_id": "noise-seed-05-open", "step": 47, "loss_before_step": 0.01163482666015625, "elapsed_seconds": 14.689574472839013}
{"stage": "optimizer_step", "run_id": "noise-seed-05-open", "step": 48, "loss_before_step": 0.0122222900390625, "elapsed_seconds": 14.962727340869606}
{"stage": "optimizer_step", "run_id": "noise-seed-05-open", "step": 49, "loss_before_step": 0.010118484497070312, "elapsed_seconds": 15.229546485003084}
{"stage": "optimizer_step", "run_id": "noise-seed-05-open", "step": 50, "loss_before_step": 0.009258270263671875, "elapsed_seconds": 15.492470787838101}
{"stage": "optimizer_step", "run_id": "noise-seed-05-open", "step": 51, "loss_before_step": 0.009302139282226562, "elapsed_seconds": 15.759703440824524}
{"stage": "optimizer_step", "run_id": "noise-seed-05-open", "step": 52, "loss_before_step": 0.0077457427978515625, "elapsed_seconds": 16.024878239026293}
{"stage": "optimizer_step", "run_id": "noise-seed-05-open", "step": 53, "loss_before_step": 0.00794219970703125, "elapsed_seconds": 16.295649560866877}
{"stage": "optimizer_step", "run_id": "noise-seed-05-open", "step": 54, "loss_before_step": 0.0068569183349609375, "elapsed_seconds": 16.563465752871707}
{"stage": "optimizer_step", "run_id": "noise-seed-05-open", "step": 55, "loss_before_step": 0.0071010589599609375, "elapsed_seconds": 16.828112305840477}
{"stage": "optimizer_step", "run_id": "noise-seed-05-open", "step": 56, "loss_before_step": 0.00559234619140625, "elapsed_seconds": 17.09099808591418}
{"stage": "optimizer_step", "run_id": "noise-seed-05-open", "step": 57, "loss_before_step": 0.00598907470703125, "elapsed_seconds": 17.36670272401534}
{"stage": "optimizer_step", "run_id": "noise-seed-05-open", "step": 58, "loss_before_step": 0.0056858062744140625, "elapsed_seconds": 17.64303620881401}
{"stage": "optimizer_step", "run_id": "noise-seed-05-open", "step": 59, "loss_before_step": 0.005218505859375, "elapsed_seconds": 17.914085316006094}
{"stage": "optimizer_step", "run_id": "noise-seed-05-open", "step": 60, "loss_before_step": 0.005207061767578125, "elapsed_seconds": 18.179698288906366}
{"stage": "optimizer_step", "run_id": "noise-seed-05-open", "step": 61, "loss_before_step": 0.005123138427734375, "elapsed_seconds": 18.447362497914582}
{"stage": "optimizer_step", "run_id": "noise-seed-05-open", "step": 62, "loss_before_step": 0.0047626495361328125, "elapsed_seconds": 18.713956388877705}
{"stage": "optimizer_step", "run_id": "noise-seed-05-open", "step": 63, "loss_before_step": 0.0040645599365234375, "elapsed_seconds": 18.98208849085495}
{"stage": "optimizer_step", "run_id": "noise-seed-05-open", "step": 64, "loss_before_step": 0.003986358642578125, "elapsed_seconds": 19.249982818961143}
{"stage": "optimizer_step", "run_id": "noise-seed-05-open", "step": 65, "loss_before_step": 0.004322052001953125, "elapsed_seconds": 21.081014637835324}
{"stage": "optimizer_step", "run_id": "noise-seed-05-open", "step": 66, "loss_before_step": 0.0037364959716796875, "elapsed_seconds": 21.35126061295159}
{"stage": "optimizer_step", "run_id": "noise-seed-05-open", "step": 67, "loss_before_step": 0.003856658935546875, "elapsed_seconds": 21.617689094971865}
{"stage": "optimizer_step", "run_id": "noise-seed-05-open", "step": 68, "loss_before_step": 0.003520965576171875, "elapsed_seconds": 21.883312740828842}
{"stage": "optimizer_step", "run_id": "noise-seed-05-open", "step": 69, "loss_before_step": 0.003391265869140625, "elapsed_seconds": 22.149571895832196}
{"stage": "optimizer_step", "run_id": "noise-seed-05-open", "step": 70, "loss_before_step": 0.0034084320068359375, "elapsed_seconds": 22.416346868034452}
{"stage": "optimizer_step", "run_id": "noise-seed-05-open", "step": 71, "loss_before_step": 0.0026397705078125, "elapsed_seconds": 22.682486761827022}
{"stage": "optimizer_step", "run_id": "noise-seed-05-open", "step": 72, "loss_before_step": 0.0028324127197265625, "elapsed_seconds": 22.949359122896567}
{"stage": "optimizer_step", "run_id": "noise-seed-05-open", "step": 73, "loss_before_step": 0.0030574798583984375, "elapsed_seconds": 23.21915138582699}
{"stage": "optimizer_step", "run_id": "noise-seed-05-open", "step": 74, "loss_before_step": 0.0030155181884765625, "elapsed_seconds": 23.487108503933996}
{"stage": "optimizer_step", "run_id": "noise-seed-05-open", "step": 75, "loss_before_step": 0.0026378631591796875, "elapsed_seconds": 23.75350988190621}
{"stage": "optimizer_step", "run_id": "noise-seed-05-open", "step": 76, "loss_before_step": 0.002292633056640625, "elapsed_seconds": 24.0233861990273}
{"stage": "optimizer_step", "run_id": "noise-seed-05-open", "step": 77, "loss_before_step": 0.0022945404052734375, "elapsed_seconds": 24.294461908983067}
{"stage": "optimizer_step", "run_id": "noise-seed-05-open", "step": 78, "loss_before_step": 0.0026874542236328125, "elapsed_seconds": 24.564157190034166}
{"stage": "optimizer_step", "run_id": "noise-seed-05-open", "step": 79, "loss_before_step": 0.0021820068359375, "elapsed_seconds": 24.83082123985514}
{"stage": "optimizer_step", "run_id": "noise-seed-05-open", "step": 80, "loss_before_step": 0.0020580291748046875, "elapsed_seconds": 25.09742436790839}
{"stage": "optimizer_step", "run_id": "noise-seed-05-open", "step": 81, "loss_before_step": 0.00197601318359375, "elapsed_seconds": 25.366984714986756}
{"stage": "optimizer_step", "run_id": "noise-seed-05-open", "step": 82, "loss_before_step": 0.001766204833984375, "elapsed_seconds": 25.634067995939404}
{"stage": "optimizer_step", "run_id": "noise-seed-05-open", "step": 83, "loss_before_step": 0.00179290771484375, "elapsed_seconds": 25.900630653835833}
{"stage": "optimizer_step", "run_id": "noise-seed-05-open", "step": 84, "loss_before_step": 0.0017547607421875, "elapsed_seconds": 26.170258537866175}
{"stage": "optimizer_step", "run_id": "noise-seed-05-open", "step": 85, "loss_before_step": 0.0015697479248046875, "elapsed_seconds": 26.436316809849814}
{"stage": "optimizer_step", "run_id": "noise-seed-05-open", "step": 86, "loss_before_step": 0.0016078948974609375, "elapsed_seconds": 26.702466402901337}
{"stage": "optimizer_step", "run_id": "noise-seed-05-open", "step": 87, "loss_before_step": 0.001708984375, "elapsed_seconds": 26.969306103885174}
{"stage": "optimizer_step", "run_id": "noise-seed-05-open", "step": 88, "loss_before_step": 0.00152587890625, "elapsed_seconds": 27.2356814770028}
{"stage": "optimizer_step", "run_id": "noise-seed-05-open", "step": 89, "loss_before_step": 0.0016918182373046875, "elapsed_seconds": 27.505185505840927}
{"stage": "optimizer_step", "run_id": "noise-seed-05-open", "step": 90, "loss_before_step": 0.0014820098876953125, "elapsed_seconds": 27.771838824031875}
{"stage": "optimizer_step", "run_id": "noise-seed-05-open", "step": 91, "loss_before_step": 0.0012722015380859375, "elapsed_seconds": 28.04618829791434}
{"stage": "optimizer_step", "run_id": "noise-seed-05-open", "step": 92, "loss_before_step": 0.0012836456298828125, "elapsed_seconds": 28.316986247897148}
{"stage": "optimizer_step", "run_id": "noise-seed-05-open", "step": 93, "loss_before_step": 0.001407623291015625, "elapsed_seconds": 28.586503265891224}
{"stage": "optimizer_step", "run_id": "noise-seed-05-open", "step": 94, "loss_before_step": 0.00144195556640625, "elapsed_seconds": 28.849642493994907}
{"stage": "optimizer_step", "run_id": "noise-seed-05-open", "step": 95, "loss_before_step": 0.00118255615234375, "elapsed_seconds": 29.115923736942932}
{"stage": "optimizer_step", "run_id": "noise-seed-05-open", "step": 96, "loss_before_step": 0.0012798309326171875, "elapsed_seconds": 29.38406079192646}
{"stage": "optimizer_step", "run_id": "noise-seed-05-open", "step": 97, "loss_before_step": 0.0011577606201171875, "elapsed_seconds": 29.651281205937266}
{"stage": "optimizer_step", "run_id": "noise-seed-05-open", "step": 98, "loss_before_step": 0.001094818115234375, "elapsed_seconds": 29.923399335006252}
{"stage": "optimizer_step", "run_id": "noise-seed-05-open", "step": 99, "loss_before_step": 0.0010890960693359375, "elapsed_seconds": 30.207854666979983}
{"stage": "optimizer_step", "run_id": "noise-seed-05-open", "step": 100, "loss_before_step": 0.001163482666015625, "elapsed_seconds": 30.470290425000712}
{"stage": "optimizer_step", "run_id": "noise-seed-05-open", "step": 101, "loss_before_step": 0.00106048583984375, "elapsed_seconds": 30.733023524982855}
{"stage": "optimizer_step", "run_id": "noise-seed-05-open", "step": 102, "loss_before_step": 0.001003265380859375, "elapsed_seconds": 30.999770249938592}
{"stage": "optimizer_step", "run_id": "noise-seed-05-open", "step": 103, "loss_before_step": 0.001041412353515625, "elapsed_seconds": 31.26901816087775}
{"stage": "optimizer_step", "run_id": "noise-seed-05-open", "step": 104, "loss_before_step": 0.0010395050048828125, "elapsed_seconds": 31.535607886966318}
{"stage": "optimizer_step", "run_id": "noise-seed-05-open", "step": 105, "loss_before_step": 0.0010013580322265625, "elapsed_seconds": 31.79918130603619}
{"stage": "optimizer_step", "run_id": "noise-seed-05-open", "step": 106, "loss_before_step": 0.001010894775390625, "elapsed_seconds": 32.06614528084174}
{"stage": "optimizer_step", "run_id": "noise-seed-05-open", "step": 107, "loss_before_step": 0.0009632110595703125, "elapsed_seconds": 32.3334235670045}
{"stage": "optimizer_step", "run_id": "noise-seed-05-open", "step": 108, "loss_before_step": 0.000885009765625, "elapsed_seconds": 32.5993778668344}
{"stage": "optimizer_step", "run_id": "noise-seed-05-open", "step": 109, "loss_before_step": 0.0008296966552734375, "elapsed_seconds": 32.865439248038456}
{"stage": "optimizer_step", "run_id": "noise-seed-05-open", "step": 110, "loss_before_step": 0.0008068084716796875, "elapsed_seconds": 33.13120090402663}
{"stage": "optimizer_step", "run_id": "noise-seed-05-open", "step": 111, "loss_before_step": 0.0009746551513671875, "elapsed_seconds": 33.394025903893635}
{"stage": "optimizer_step", "run_id": "noise-seed-05-open", "step": 112, "loss_before_step": 0.000797271728515625, "elapsed_seconds": 33.65774108795449}
{"stage": "optimizer_step", "run_id": "noise-seed-05-open", "step": 113, "loss_before_step": 0.0008678436279296875, "elapsed_seconds": 33.92078268388286}
{"stage": "optimizer_step", "run_id": "noise-seed-05-open", "step": 114, "loss_before_step": 0.0008678436279296875, "elapsed_seconds": 34.18830641498789}
{"stage": "optimizer_step", "run_id": "noise-seed-05-open", "step": 115, "loss_before_step": 0.000690460205078125, "elapsed_seconds": 34.45488464389928}
{"stage": "optimizer_step", "run_id": "noise-seed-05-open", "step": 116, "loss_before_step": 0.0008983612060546875, "elapsed_seconds": 34.72060055099428}
{"stage": "optimizer_step", "run_id": "noise-seed-05-open", "step": 117, "loss_before_step": 0.0007534027099609375, "elapsed_seconds": 34.98637063102797}
{"stage": "optimizer_step", "run_id": "noise-seed-05-open", "step": 118, "loss_before_step": 0.00070953369140625, "elapsed_seconds": 35.25222883885726}
{"stage": "optimizer_step", "run_id": "noise-seed-05-open", "step": 119, "loss_before_step": 0.0007228851318359375, "elapsed_seconds": 35.51980183087289}
{"stage": "optimizer_step", "run_id": "noise-seed-05-open", "step": 120, "loss_before_step": 0.0008411407470703125, "elapsed_seconds": 35.79141390998848}
{"stage": "optimizer_step", "run_id": "noise-seed-05-open", "step": 121, "loss_before_step": 0.0006866455078125, "elapsed_seconds": 36.06243770685978}
{"stage": "optimizer_step", "run_id": "noise-seed-05-open", "step": 122, "loss_before_step": 0.000675201416015625, "elapsed_seconds": 36.33170083700679}
{"stage": "optimizer_step", "run_id": "noise-seed-05-open", "step": 123, "loss_before_step": 0.0006809234619140625, "elapsed_seconds": 36.59986920002848}
{"stage": "optimizer_step", "run_id": "noise-seed-05-open", "step": 124, "loss_before_step": 0.0007495880126953125, "elapsed_seconds": 36.86647880496457}
{"stage": "optimizer_step", "run_id": "noise-seed-05-open", "step": 125, "loss_before_step": 0.000667572021484375, "elapsed_seconds": 37.13375295698643}
{"stage": "optimizer_step", "run_id": "noise-seed-05-open", "step": 126, "loss_before_step": 0.0006046295166015625, "elapsed_seconds": 37.39994486095384}
{"stage": "optimizer_step", "run_id": "noise-seed-05-open", "step": 127, "loss_before_step": 0.000713348388671875, "elapsed_seconds": 37.6715647210367}
{"stage": "optimizer_step", "run_id": "noise-seed-05-open", "step": 128, "loss_before_step": 0.000713348388671875, "elapsed_seconds": 37.93913975683972}
{"stage": "optimizer_step", "run_id": "noise-seed-05-open", "step": 129, "loss_before_step": 0.0006084442138671875, "elapsed_seconds": 39.75913768284954}
{"stage": "optimizer_step", "run_id": "noise-seed-05-open", "step": 130, "loss_before_step": 0.0005359649658203125, "elapsed_seconds": 40.03818049002439}
{"stage": "optimizer_step", "run_id": "noise-seed-05-open", "step": 131, "loss_before_step": 0.0006656646728515625, "elapsed_seconds": 40.30481509398669}
{"stage": "optimizer_step", "run_id": "noise-seed-05-open", "step": 132, "loss_before_step": 0.0005855560302734375, "elapsed_seconds": 40.56778280599974}
{"stage": "optimizer_step", "run_id": "noise-seed-05-open", "step": 133, "loss_before_step": 0.0006008148193359375, "elapsed_seconds": 40.83485436695628}
{"stage": "optimizer_step", "run_id": "noise-seed-05-open", "step": 134, "loss_before_step": 0.0006313323974609375, "elapsed_seconds": 41.10112101584673}
{"stage": "optimizer_step", "run_id": "noise-seed-05-open", "step": 135, "loss_before_step": 0.0006542205810546875, "elapsed_seconds": 41.36966325598769}
{"stage": "optimizer_step", "run_id": "noise-seed-05-open", "step": 136, "loss_before_step": 0.0006275177001953125, "elapsed_seconds": 41.64084078697488}
{"stage": "optimizer_step", "run_id": "noise-seed-05-open", "step": 137, "loss_before_step": 0.0006046295166015625, "elapsed_seconds": 41.91061711590737}
{"stage": "optimizer_step", "run_id": "noise-seed-05-open", "step": 138, "loss_before_step": 0.0006008148193359375, "elapsed_seconds": 42.173499727854505}
{"stage": "optimizer_step", "run_id": "noise-seed-05-open", "step": 139, "loss_before_step": 0.00061798095703125, "elapsed_seconds": 42.43815317400731}
{"stage": "optimizer_step", "run_id": "noise-seed-05-open", "step": 140, "loss_before_step": 0.00057220458984375, "elapsed_seconds": 42.70778529299423}
{"stage": "optimizer_step", "run_id": "noise-seed-05-open", "step": 141, "loss_before_step": 0.0005474090576171875, "elapsed_seconds": 42.97437587985769}
{"stage": "optimizer_step", "run_id": "noise-seed-05-open", "step": 142, "loss_before_step": 0.000579833984375, "elapsed_seconds": 43.24150304496288}
{"stage": "optimizer_step", "run_id": "noise-seed-05-open", "step": 143, "loss_before_step": 0.00046539306640625, "elapsed_seconds": 43.50784755498171}
{"stage": "optimizer_step", "run_id": "noise-seed-05-open", "step": 144, "loss_before_step": 0.0004863739013671875, "elapsed_seconds": 43.774206400848925}
{"stage": "optimizer_step", "run_id": "noise-seed-05-open", "step": 145, "loss_before_step": 0.0006389617919921875, "elapsed_seconds": 44.03954493091442}
{"stage": "optimizer_step", "run_id": "noise-seed-05-open", "step": 146, "loss_before_step": 0.0005245208740234375, "elapsed_seconds": 44.30509891291149}
{"stage": "optimizer_step", "run_id": "noise-seed-05-open", "step": 147, "loss_before_step": 0.0004863739013671875, "elapsed_seconds": 44.57118064281531}
{"stage": "optimizer_step", "run_id": "noise-seed-05-open", "step": 148, "loss_before_step": 0.0004787445068359375, "elapsed_seconds": 44.83815861889161}
{"stage": "optimizer_step", "run_id": "noise-seed-05-open", "step": 149, "loss_before_step": 0.0005435943603515625, "elapsed_seconds": 45.10372051387094}
{"stage": "optimizer_step", "run_id": "noise-seed-05-open", "step": 150, "loss_before_step": 0.0004596710205078125, "elapsed_seconds": 45.36917881597765}
{"stage": "optimizer_step", "run_id": "noise-seed-05-open", "step": 151, "loss_before_step": 0.00057220458984375, "elapsed_seconds": 45.63413322903216}
{"stage": "optimizer_step", "run_id": "noise-seed-05-open", "step": 152, "loss_before_step": 0.00054168701171875, "elapsed_seconds": 45.90610031201504}
{"stage": "optimizer_step", "run_id": "noise-seed-05-open", "step": 153, "loss_before_step": 0.0004749298095703125, "elapsed_seconds": 46.17192081687972}
{"stage": "optimizer_step", "run_id": "noise-seed-05-open", "step": 154, "loss_before_step": 0.0004787445068359375, "elapsed_seconds": 46.43809769093059}
{"stage": "optimizer_step", "run_id": "noise-seed-05-open", "step": 155, "loss_before_step": 0.0004405975341796875, "elapsed_seconds": 46.704145988915116}
{"stage": "optimizer_step", "run_id": "noise-seed-05-open", "step": 156, "loss_before_step": 0.000518798828125, "elapsed_seconds": 46.97134191193618}
{"stage": "optimizer_step", "run_id": "noise-seed-05-open", "step": 157, "loss_before_step": 0.0004405975341796875, "elapsed_seconds": 47.237034130841494}
{"stage": "optimizer_step", "run_id": "noise-seed-05-open", "step": 158, "loss_before_step": 0.0004787445068359375, "elapsed_seconds": 47.49970925482921}
{"stage": "optimizer_step", "run_id": "noise-seed-05-open", "step": 159, "loss_before_step": 0.00042724609375, "elapsed_seconds": 47.76281181303784}
{"stage": "optimizer_step", "run_id": "noise-seed-05-open", "step": 160, "loss_before_step": 0.0004444122314453125, "elapsed_seconds": 48.030652440851554}
{"stage": "optimizer_step", "run_id": "noise-seed-05-open", "step": 161, "loss_before_step": 0.000453948974609375, "elapsed_seconds": 48.2971300939098}
{"stage": "optimizer_step", "run_id": "noise-seed-05-open", "step": 162, "loss_before_step": 0.00043487548828125, "elapsed_seconds": 48.56348332995549}
{"stage": "optimizer_step", "run_id": "noise-seed-05-open", "step": 163, "loss_before_step": 0.000461578369140625, "elapsed_seconds": 48.8297125948593}
{"stage": "optimizer_step", "run_id": "noise-seed-05-open", "step": 164, "loss_before_step": 0.0005092620849609375, "elapsed_seconds": 49.095075328834355}
{"stage": "optimizer_step", "run_id": "noise-seed-05-open", "step": 165, "loss_before_step": 0.0004520416259765625, "elapsed_seconds": 49.36458605900407}
{"stage": "optimizer_step", "run_id": "noise-seed-05-open", "step": 166, "loss_before_step": 0.0003528594970703125, "elapsed_seconds": 49.631985594984144}
{"stage": "optimizer_step", "run_id": "noise-seed-05-open", "step": 167, "loss_before_step": 0.0004367828369140625, "elapsed_seconds": 49.9019708589185}
{"stage": "optimizer_step", "run_id": "noise-seed-05-open", "step": 168, "loss_before_step": 0.000392913818359375, "elapsed_seconds": 50.166434502927586}
{"stage": "optimizer_step", "run_id": "noise-seed-05-open", "step": 169, "loss_before_step": 0.000446319580078125, "elapsed_seconds": 50.432442294899374}
{"stage": "optimizer_step", "run_id": "noise-seed-05-open", "step": 170, "loss_before_step": 0.0004100799560546875, "elapsed_seconds": 50.69582163891755}
{"stage": "optimizer_step", "run_id": "noise-seed-05-open", "step": 171, "loss_before_step": 0.000396728515625, "elapsed_seconds": 50.95944603183307}
{"stage": "optimizer_step", "run_id": "noise-seed-05-open", "step": 172, "loss_before_step": 0.0004329681396484375, "elapsed_seconds": 51.22904847795144}
{"stage": "optimizer_step", "run_id": "noise-seed-05-open", "step": 173, "loss_before_step": 0.0003871917724609375, "elapsed_seconds": 51.49708284297958}
{"stage": "optimizer_step", "run_id": "noise-seed-05-open", "step": 174, "loss_before_step": 0.00042724609375, "elapsed_seconds": 51.76377959293313}
{"stage": "optimizer_step", "run_id": "noise-seed-05-open", "step": 175, "loss_before_step": 0.0003795623779296875, "elapsed_seconds": 52.0295280138962}
{"stage": "optimizer_step", "run_id": "noise-seed-05-open", "step": 176, "loss_before_step": 0.00032806396484375, "elapsed_seconds": 52.295353597961366}
{"stage": "optimizer_step", "run_id": "noise-seed-05-open", "step": 177, "loss_before_step": 0.000370025634765625, "elapsed_seconds": 52.56092932401225}
{"stage": "optimizer_step", "run_id": "noise-seed-05-open", "step": 178, "loss_before_step": 0.0003910064697265625, "elapsed_seconds": 52.829990966944024}
{"stage": "optimizer_step", "run_id": "noise-seed-05-open", "step": 179, "loss_before_step": 0.000385284423828125, "elapsed_seconds": 53.09652775200084}
{"stage": "optimizer_step", "run_id": "noise-seed-05-open", "step": 180, "loss_before_step": 0.0003414154052734375, "elapsed_seconds": 53.36801617196761}
{"stage": "optimizer_step", "run_id": "noise-seed-05-open", "step": 181, "loss_before_step": 0.0003414154052734375, "elapsed_seconds": 53.638676641043276}
{"stage": "optimizer_step", "run_id": "noise-seed-05-open", "step": 182, "loss_before_step": 0.0003566741943359375, "elapsed_seconds": 53.90735033992678}
{"stage": "optimizer_step", "run_id": "noise-seed-05-open", "step": 183, "loss_before_step": 0.000370025634765625, "elapsed_seconds": 54.17783110286109}
{"stage": "optimizer_step", "run_id": "noise-seed-05-open", "step": 184, "loss_before_step": 0.0003070831298828125, "elapsed_seconds": 54.44490772881545}
{"stage": "optimizer_step", "run_id": "noise-seed-05-open", "step": 185, "loss_before_step": 0.0003509521484375, "elapsed_seconds": 54.71135346102528}
{"stage": "optimizer_step", "run_id": "noise-seed-05-open", "step": 186, "loss_before_step": 0.000308990478515625, "elapsed_seconds": 54.97846139688045}
{"stage": "optimizer_step", "run_id": "noise-seed-05-open", "step": 187, "loss_before_step": 0.0003185272216796875, "elapsed_seconds": 55.244206016883254}
{"stage": "optimizer_step", "run_id": "noise-seed-05-open", "step": 188, "loss_before_step": 0.000331878662109375, "elapsed_seconds": 55.51169704296626}
{"stage": "optimizer_step", "run_id": "noise-seed-05-open", "step": 189, "loss_before_step": 0.0003299713134765625, "elapsed_seconds": 55.77905645594001}
{"stage": "optimizer_step", "run_id": "noise-seed-05-open", "step": 190, "loss_before_step": 0.0003032684326171875, "elapsed_seconds": 56.04582461202517}
{"stage": "optimizer_step", "run_id": "noise-seed-05-open", "step": 191, "loss_before_step": 0.00032806396484375, "elapsed_seconds": 56.311531774001196}
{"stage": "optimizer_step", "run_id": "noise-seed-05-open", "step": 192, "loss_before_step": 0.000308990478515625, "elapsed_seconds": 56.57728315796703}
{"stage": "optimizer_step", "run_id": "noise-seed-05-open", "step": 193, "loss_before_step": 0.0002613067626953125, "elapsed_seconds": 58.39831638382748}
{"stage": "optimizer_step", "run_id": "noise-seed-05-open", "step": 194, "loss_before_step": 0.0003223419189453125, "elapsed_seconds": 58.66540677798912}
{"stage": "optimizer_step", "run_id": "noise-seed-05-open", "step": 195, "loss_before_step": 0.0002689361572265625, "elapsed_seconds": 58.93223899696022}
{"stage": "optimizer_step", "run_id": "noise-seed-05-open", "step": 196, "loss_before_step": 0.0003185272216796875, "elapsed_seconds": 59.199808929814026}
{"stage": "optimizer_step", "run_id": "noise-seed-05-open", "step": 197, "loss_before_step": 0.00034332275390625, "elapsed_seconds": 59.46671249601059}
{"stage": "optimizer_step", "run_id": "noise-seed-05-open", "step": 198, "loss_before_step": 0.0002727508544921875, "elapsed_seconds": 59.732993928017095}
{"stage": "optimizer_step", "run_id": "noise-seed-05-open", "step": 199, "loss_before_step": 0.0003376007080078125, "elapsed_seconds": 59.99938610685058}
{"stage": "optimizer_step", "run_id": "noise-seed-05-open", "step": 200, "loss_before_step": 0.000316619873046875, "elapsed_seconds": 60.26256905682385}
{"stage": "optimizer_step", "run_id": "noise-seed-05-open", "step": 201, "loss_before_step": 0.0003032684326171875, "elapsed_seconds": 60.5252389179077}
{"stage": "optimizer_step", "run_id": "noise-seed-05-open", "step": 202, "loss_before_step": 0.00030517578125, "elapsed_seconds": 60.79377421597019}
{"stage": "optimizer_step", "run_id": "noise-seed-05-open", "step": 203, "loss_before_step": 0.00026702880859375, "elapsed_seconds": 61.06073406385258}
{"stage": "optimizer_step", "run_id": "noise-seed-05-open", "step": 204, "loss_before_step": 0.00030517578125, "elapsed_seconds": 61.327474378980696}
{"stage": "optimizer_step", "run_id": "noise-seed-05-open", "step": 205, "loss_before_step": 0.0003490447998046875, "elapsed_seconds": 61.5966583029367}
{"stage": "optimizer_step", "run_id": "noise-seed-05-open", "step": 206, "loss_before_step": 0.00031280517578125, "elapsed_seconds": 61.86306041595526}
{"stage": "optimizer_step", "run_id": "noise-seed-05-open", "step": 207, "loss_before_step": 0.0003528594970703125, "elapsed_seconds": 62.12918926985003}
{"stage": "optimizer_step", "run_id": "noise-seed-05-open", "step": 208, "loss_before_step": 0.0003070831298828125, "elapsed_seconds": 62.39950207294896}
{"stage": "optimizer_step", "run_id": "noise-seed-05-open", "step": 209, "loss_before_step": 0.000278472900390625, "elapsed_seconds": 62.67336336104199}
{"stage": "optimizer_step", "run_id": "noise-seed-05-open", "step": 210, "loss_before_step": 0.0002765655517578125, "elapsed_seconds": 62.94017835101113}
{"stage": "optimizer_step", "run_id": "noise-seed-05-open", "step": 211, "loss_before_step": 0.0002689361572265625, "elapsed_seconds": 63.20623328303918}
{"stage": "optimizer_step", "run_id": "noise-seed-05-open", "step": 212, "loss_before_step": 0.0002880096435546875, "elapsed_seconds": 63.47329871193506}
{"stage": "optimizer_step", "run_id": "noise-seed-05-open", "step": 213, "loss_before_step": 0.00025177001953125, "elapsed_seconds": 63.73985855700448}
{"stage": "optimizer_step", "run_id": "noise-seed-05-open", "step": 214, "loss_before_step": 0.0002574920654296875, "elapsed_seconds": 64.00976850092411}
{"stage": "optimizer_step", "run_id": "noise-seed-05-open", "step": 215, "loss_before_step": 0.000244140625, "elapsed_seconds": 64.2806479849387}
{"stage": "optimizer_step", "run_id": "noise-seed-05-open", "step": 216, "loss_before_step": 0.00028228759765625, "elapsed_seconds": 64.54668338689953}
{"stage": "optimizer_step", "run_id": "noise-seed-05-open", "step": 217, "loss_before_step": 0.00022125244140625, "elapsed_seconds": 64.8133238570299}
{"stage": "optimizer_step", "run_id": "noise-seed-05-open", "step": 218, "loss_before_step": 0.000232696533203125, "elapsed_seconds": 65.07960978685878}
{"stage": "optimizer_step", "run_id": "noise-seed-05-open", "step": 219, "loss_before_step": 0.0002651214599609375, "elapsed_seconds": 65.34312490583397}
{"stage": "optimizer_step", "run_id": "noise-seed-05-open", "step": 220, "loss_before_step": 0.0002231597900390625, "elapsed_seconds": 65.61049473588355}
{"stage": "optimizer_step", "run_id": "noise-seed-05-open", "step": 221, "loss_before_step": 0.0002422332763671875, "elapsed_seconds": 65.87773056188598}
{"stage": "optimizer_step", "run_id": "noise-seed-05-open", "step": 222, "loss_before_step": 0.0002841949462890625, "elapsed_seconds": 66.14373718202114}
{"stage": "optimizer_step", "run_id": "noise-seed-05-open", "step": 223, "loss_before_step": 0.000274658203125, "elapsed_seconds": 66.41244285088032}
{"stage": "optimizer_step", "run_id": "noise-seed-05-open", "step": 224, "loss_before_step": 0.0002231597900390625, "elapsed_seconds": 66.67917338199914}
{"stage": "optimizer_step", "run_id": "noise-seed-05-open", "step": 225, "loss_before_step": 0.000209808349609375, "elapsed_seconds": 66.94593776599504}
{"stage": "optimizer_step", "run_id": "noise-seed-05-open", "step": 226, "loss_before_step": 0.000247955322265625, "elapsed_seconds": 67.21284328587353}
{"stage": "optimizer_step", "run_id": "noise-seed-05-open", "step": 227, "loss_before_step": 0.0002307891845703125, "elapsed_seconds": 67.47946738800965}
{"stage": "optimizer_step", "run_id": "noise-seed-05-open", "step": 228, "loss_before_step": 0.0002613067626953125, "elapsed_seconds": 67.7465556380339}
{"stage": "optimizer_step", "run_id": "noise-seed-05-open", "step": 229, "loss_before_step": 0.00025177001953125, "elapsed_seconds": 68.01290566683747}
{"stage": "optimizer_step", "run_id": "noise-seed-05-open", "step": 230, "loss_before_step": 0.0002288818359375, "elapsed_seconds": 68.27989239385352}
{"stage": "optimizer_step", "run_id": "noise-seed-05-open", "step": 231, "loss_before_step": 0.0002288818359375, "elapsed_seconds": 68.54812606982887}
{"stage": "optimizer_step", "run_id": "noise-seed-05-open", "step": 232, "loss_before_step": 0.0002346038818359375, "elapsed_seconds": 68.81587833492085}
{"stage": "optimizer_step", "run_id": "noise-seed-05-open", "step": 233, "loss_before_step": 0.0002422332763671875, "elapsed_seconds": 69.08449378889054}
{"stage": "optimizer_step", "run_id": "noise-seed-05-open", "step": 234, "loss_before_step": 0.0002593994140625, "elapsed_seconds": 69.35525651089847}
{"stage": "optimizer_step", "run_id": "noise-seed-05-open", "step": 235, "loss_before_step": 0.0002574920654296875, "elapsed_seconds": 69.62442238000222}
{"stage": "optimizer_step", "run_id": "noise-seed-05-open", "step": 236, "loss_before_step": 0.00023651123046875, "elapsed_seconds": 69.88870681100525}
{"stage": "optimizer_step", "run_id": "noise-seed-05-open", "step": 237, "loss_before_step": 0.000213623046875, "elapsed_seconds": 70.15177046484314}
{"stage": "optimizer_step", "run_id": "noise-seed-05-open", "step": 238, "loss_before_step": 0.0002307891845703125, "elapsed_seconds": 70.41540031391196}
{"stage": "optimizer_step", "run_id": "noise-seed-05-open", "step": 239, "loss_before_step": 0.00020599365234375, "elapsed_seconds": 70.69051690399647}
{"stage": "optimizer_step", "run_id": "noise-seed-05-open", "step": 240, "loss_before_step": 0.0002899169921875, "elapsed_seconds": 70.95976619794965}
{"stage": "optimizer_step", "run_id": "noise-seed-05-open", "step": 241, "loss_before_step": 0.0002155303955078125, "elapsed_seconds": 71.22737535298802}
{"stage": "optimizer_step", "run_id": "noise-seed-05-open", "step": 242, "loss_before_step": 0.0002384185791015625, "elapsed_seconds": 71.49766660598107}
{"stage": "optimizer_step", "run_id": "noise-seed-05-open", "step": 243, "loss_before_step": 0.000209808349609375, "elapsed_seconds": 71.76882068184204}
{"stage": "optimizer_step", "run_id": "noise-seed-05-open", "step": 244, "loss_before_step": 0.0002117156982421875, "elapsed_seconds": 72.03479863586836}
{"stage": "optimizer_step", "run_id": "noise-seed-05-open", "step": 245, "loss_before_step": 0.0002307891845703125, "elapsed_seconds": 72.30030104098842}
{"stage": "optimizer_step", "run_id": "noise-seed-05-open", "step": 246, "loss_before_step": 0.00022125244140625, "elapsed_seconds": 72.56639679893851}
{"stage": "optimizer_step", "run_id": "noise-seed-05-open", "step": 247, "loss_before_step": 0.00022125244140625, "elapsed_seconds": 72.83304903889075}
{"stage": "optimizer_step", "run_id": "noise-seed-05-open", "step": 248, "loss_before_step": 0.0001964569091796875, "elapsed_seconds": 73.10347916185856}
{"stage": "optimizer_step", "run_id": "noise-seed-05-open", "step": 249, "loss_before_step": 0.0001983642578125, "elapsed_seconds": 73.36741627100855}
{"stage": "optimizer_step", "run_id": "noise-seed-05-open", "step": 250, "loss_before_step": 0.0001926422119140625, "elapsed_seconds": 73.63441527681425}
{"stage": "optimizer_step", "run_id": "noise-seed-05-open", "step": 251, "loss_before_step": 0.00018310546875, "elapsed_seconds": 73.90304961893708}
{"stage": "optimizer_step", "run_id": "noise-seed-05-open", "step": 252, "loss_before_step": 0.000213623046875, "elapsed_seconds": 74.17254429101013}
{"stage": "optimizer_step", "run_id": "noise-seed-05-open", "step": 253, "loss_before_step": 0.000194549560546875, "elapsed_seconds": 74.43784748087637}
{"stage": "optimizer_step", "run_id": "noise-seed-05-open", "step": 254, "loss_before_step": 0.000209808349609375, "elapsed_seconds": 74.70267841895111}
{"stage": "optimizer_step", "run_id": "noise-seed-05-open", "step": 255, "loss_before_step": 0.0002117156982421875, "elapsed_seconds": 74.97487619589083}
{"stage": "optimizer_step", "run_id": "noise-seed-05-open", "step": 256, "loss_before_step": 0.0001983642578125, "elapsed_seconds": 75.23860121401958}
{"stage": "endpoint_generation", "run_id": "noise-seed-05-open", "condition": "matched", "prompt_id": "original_open", "raw": "ambient"}
{"stage": "endpoint_generation", "run_id": "noise-seed-05-open", "condition": "matched", "prompt_id": "paraphrase_open", "raw": "ambient"}
{"stage": "endpoint_generation", "run_id": "noise-seed-05-open", "condition": "blank", "prompt_id": "original_open", "raw": "No music preference recorded."}
{"stage": "endpoint_generation", "run_id": "noise-seed-05-open", "condition": "blank", "prompt_id": "paraphrase_open", "raw": "None"}
{"stage": "endpoint_generation", "run_id": "noise-seed-05-open", "condition": "fixed_donor", "prompt_id": "original_open", "raw": "Yellow, not indigo."}
{"stage": "endpoint_generation", "run_id": "noise-seed-05-open", "condition": "fixed_donor", "prompt_id": "paraphrase_open", "raw": "Yellow, not indigo."}
{"stage": "optimizer_step", "run_id": "noise-seed-06-open", "step": 1, "loss_before_step": 9.67970085144043, "elapsed_seconds": 2.3752258808817714}
{"stage": "optimizer_step", "run_id": "noise-seed-06-open", "step": 2, "loss_before_step": 7.187704086303711, "elapsed_seconds": 2.6435079958755523}
{"stage": "optimizer_step", "run_id": "noise-seed-06-open", "step": 3, "loss_before_step": 5.060258865356445, "elapsed_seconds": 2.9098019669763744}
{"stage": "optimizer_step", "run_id": "noise-seed-06-open", "step": 4, "loss_before_step": 3.8216609954833984, "elapsed_seconds": 3.175114938057959}
{"stage": "optimizer_step", "run_id": "noise-seed-06-open", "step": 5, "loss_before_step": 3.588541030883789, "elapsed_seconds": 3.44075314886868}
{"stage": "optimizer_step", "run_id": "noise-seed-06-open", "step": 6, "loss_before_step": 3.8865890502929688, "elapsed_seconds": 3.7070756789762527}
{"stage": "optimizer_step", "run_id": "noise-seed-06-open", "step": 7, "loss_before_step": 3.6364574432373047, "elapsed_seconds": 3.9749561299104244}
{"stage": "optimizer_step", "run_id": "noise-seed-06-open", "step": 8, "loss_before_step": 4.005899429321289, "elapsed_seconds": 4.248303494881839}
{"stage": "optimizer_step", "run_id": "noise-seed-06-open", "step": 9, "loss_before_step": 3.2599353790283203, "elapsed_seconds": 4.514361300971359}
{"stage": "optimizer_step", "run_id": "noise-seed-06-open", "step": 10, "loss_before_step": 3.083789825439453, "elapsed_seconds": 4.780803834088147}
{"stage": "optimizer_step", "run_id": "noise-seed-06-open", "step": 11, "loss_before_step": 2.8243541717529297, "elapsed_seconds": 5.047810616903007}
{"stage": "optimizer_step", "run_id": "noise-seed-06-open", "step": 12, "loss_before_step": 2.2022857666015625, "elapsed_seconds": 5.314238939899951}
{"stage": "optimizer_step", "run_id": "noise-seed-06-open", "step": 13, "loss_before_step": 1.9074535369873047, "elapsed_seconds": 5.580000567948446}
{"stage": "optimizer_step", "run_id": "noise-seed-06-open", "step": 14, "loss_before_step": 1.389535903930664, "elapsed_seconds": 5.8469502669759095}
{"stage": "optimizer_step", "run_id": "noise-seed-06-open", "step": 15, "loss_before_step": 0.9387950897216797, "elapsed_seconds": 6.113243313040584}
{"stage": "optimizer_step", "run_id": "noise-seed-06-open", "step": 16, "loss_before_step": 0.5849609375, "elapsed_seconds": 6.379355509998277}
{"stage": "optimizer_step", "run_id": "noise-seed-06-open", "step": 17, "loss_before_step": 0.3331794738769531, "elapsed_seconds": 6.644427838968113}
{"stage": "optimizer_step", "run_id": "noise-seed-06-open", "step": 18, "loss_before_step": 1.0290374755859375, "elapsed_seconds": 6.912145294016227}
{"stage": "optimizer_step", "run_id": "noise-seed-06-open", "step": 19, "loss_before_step": 1.2543773651123047, "elapsed_seconds": 7.179430583957583}
{"stage": "optimizer_step", "run_id": "noise-seed-06-open", "step": 20, "loss_before_step": 1.0638256072998047, "elapsed_seconds": 7.446124879876152}
{"stage": "optimizer_step", "run_id": "noise-seed-06-open", "step": 21, "loss_before_step": 0.44451332092285156, "elapsed_seconds": 7.713884705910459}
{"stage": "optimizer_step", "run_id": "noise-seed-06-open", "step": 22, "loss_before_step": 0.2688312530517578, "elapsed_seconds": 7.980916546890512}
{"stage": "optimizer_step", "run_id": "noise-seed-06-open", "step": 23, "loss_before_step": 0.10119247436523438, "elapsed_seconds": 8.251117926090956}
{"stage": "optimizer_step", "run_id": "noise-seed-06-open", "step": 24, "loss_before_step": 0.06727981567382812, "elapsed_seconds": 8.521451555890962}
{"stage": "optimizer_step", "run_id": "noise-seed-06-open", "step": 25, "loss_before_step": 0.05306243896484375, "elapsed_seconds": 8.788342827931046}
{"stage": "optimizer_step", "run_id": "noise-seed-06-open", "step": 26, "loss_before_step": 0.03425025939941406, "elapsed_seconds": 9.054727751994506}
{"stage": "optimizer_step", "run_id": "noise-seed-06-open", "step": 27, "loss_before_step": 0.031126022338867188, "elapsed_seconds": 9.320826112991199}
{"stage": "optimizer_step", "run_id": "noise-seed-06-open", "step": 28, "loss_before_step": 0.027627944946289062, "elapsed_seconds": 9.588468242902309}
{"stage": "optimizer_step", "run_id": "noise-seed-06-open", "step": 29, "loss_before_step": 0.022937774658203125, "elapsed_seconds": 9.854501106077805}
{"stage": "optimizer_step", "run_id": "noise-seed-06-open", "step": 30, "loss_before_step": 0.01816558837890625, "elapsed_seconds": 10.121147092897445}
{"stage": "optimizer_step", "run_id": "noise-seed-06-open", "step": 31, "loss_before_step": 0.02057647705078125, "elapsed_seconds": 10.387380670988932}
{"stage": "optimizer_step", "run_id": "noise-seed-06-open", "step": 32, "loss_before_step": 0.020563125610351562, "elapsed_seconds": 10.667609649943188}
{"stage": "optimizer_step", "run_id": "noise-seed-06-open", "step": 33, "loss_before_step": 0.015911102294921875, "elapsed_seconds": 10.94340129592456}
{"stage": "optimizer_step", "run_id": "noise-seed-06-open", "step": 34, "loss_before_step": 0.012798309326171875, "elapsed_seconds": 11.210511701880023}
{"stage": "optimizer_step", "run_id": "noise-seed-06-open", "step": 35, "loss_before_step": 0.012613296508789062, "elapsed_seconds": 11.479494784027338}
{"stage": "optimizer_step", "run_id": "noise-seed-06-open", "step": 36, "loss_before_step": 0.01209259033203125, "elapsed_seconds": 11.747161055915058}
{"stage": "optimizer_step", "run_id": "noise-seed-06-open", "step": 37, "loss_before_step": 0.01168060302734375, "elapsed_seconds": 12.013423282885924}
{"stage": "optimizer_step", "run_id": "noise-seed-06-open", "step": 38, "loss_before_step": 0.010028839111328125, "elapsed_seconds": 12.280936162918806}
{"stage": "optimizer_step", "run_id": "noise-seed-06-open", "step": 39, "loss_before_step": 0.009111404418945312, "elapsed_seconds": 12.547582450089976}
{"stage": "optimizer_step", "run_id": "noise-seed-06-open", "step": 40, "loss_before_step": 0.00799560546875, "elapsed_seconds": 12.81434834189713}
{"stage": "optimizer_step", "run_id": "noise-seed-06-open", "step": 41, "loss_before_step": 0.00865936279296875, "elapsed_seconds": 13.087824604008347}
{"stage": "optimizer_step", "run_id": "noise-seed-06-open", "step": 42, "loss_before_step": 0.00798797607421875, "elapsed_seconds": 13.355173049960285}
{"stage": "optimizer_step", "run_id": "noise-seed-06-open", "step": 43, "loss_before_step": 0.006595611572265625, "elapsed_seconds": 13.625144538935274}
{"stage": "optimizer_step", "run_id": "noise-seed-06-open", "step": 44, "loss_before_step": 0.0063629150390625, "elapsed_seconds": 13.891883532050997}
{"stage": "optimizer_step", "run_id": "noise-seed-06-open", "step": 45, "loss_before_step": 0.006305694580078125, "elapsed_seconds": 14.162657967070118}
{"stage": "optimizer_step", "run_id": "noise-seed-06-open", "step": 46, "loss_before_step": 0.00543212890625, "elapsed_seconds": 14.429373838938773}
{"stage": "optimizer_step", "run_id": "noise-seed-06-open", "step": 47, "loss_before_step": 0.0049495697021484375, "elapsed_seconds": 14.695401795906946}
{"stage": "optimizer_step", "run_id": "noise-seed-06-open", "step": 48, "loss_before_step": 0.0046558380126953125, "elapsed_seconds": 14.961423329077661}
{"stage": "optimizer_step", "run_id": "noise-seed-06-open", "step": 49, "loss_before_step": 0.00409698486328125, "elapsed_seconds": 15.230727578978986}
{"stage": "optimizer_step", "run_id": "noise-seed-06-open", "step": 50, "loss_before_step": 0.0049953460693359375, "elapsed_seconds": 15.497027982026339}
{"stage": "optimizer_step", "run_id": "noise-seed-06-open", "step": 51, "loss_before_step": 0.003711700439453125, "elapsed_seconds": 15.762772378046066}
{"stage": "optimizer_step", "run_id": "noise-seed-06-open", "step": 52, "loss_before_step": 0.0032672882080078125, "elapsed_seconds": 16.02830707002431}
{"stage": "optimizer_step", "run_id": "noise-seed-06-open", "step": 53, "loss_before_step": 0.0040454864501953125, "elapsed_seconds": 16.296578499954194}
{"stage": "optimizer_step", "run_id": "noise-seed-06-open", "step": 54, "loss_before_step": 0.003307342529296875, "elapsed_seconds": 16.56250975909643}
{"stage": "optimizer_step", "run_id": "noise-seed-06-open", "step": 55, "loss_before_step": 0.0026988983154296875, "elapsed_seconds": 16.828261479968205}
{"stage": "optimizer_step", "run_id": "noise-seed-06-open", "step": 56, "loss_before_step": 0.003017425537109375, "elapsed_seconds": 17.094083511969075}
{"stage": "optimizer_step", "run_id": "noise-seed-06-open", "step": 57, "loss_before_step": 0.0029468536376953125, "elapsed_seconds": 17.362055093050003}
{"stage": "optimizer_step", "run_id": "noise-seed-06-open", "step": 58, "loss_before_step": 0.00279998779296875, "elapsed_seconds": 17.62888349290006}
{"stage": "optimizer_step", "run_id": "noise-seed-06-open", "step": 59, "loss_before_step": 0.002452850341796875, "elapsed_seconds": 17.895392005098984}
{"stage": "optimizer_step", "run_id": "noise-seed-06-open", "step": 60, "loss_before_step": 0.002227783203125, "elapsed_seconds": 18.16301350109279}
{"stage": "optimizer_step", "run_id": "noise-seed-06-open", "step": 61, "loss_before_step": 0.002307891845703125, "elapsed_seconds": 18.429798024939373}
{"stage": "optimizer_step", "run_id": "noise-seed-06-open", "step": 62, "loss_before_step": 0.002277374267578125, "elapsed_seconds": 18.702450392069295}
{"stage": "optimizer_step", "run_id": "noise-seed-06-open", "step": 63, "loss_before_step": 0.0020694732666015625, "elapsed_seconds": 18.974252068903297}
{"stage": "optimizer_step", "run_id": "noise-seed-06-open", "step": 64, "loss_before_step": 0.002079010009765625, "elapsed_seconds": 19.24147010501474}
{"stage": "optimizer_step", "run_id": "noise-seed-06-open", "step": 65, "loss_before_step": 0.0021152496337890625, "elapsed_seconds": 21.079823476960883}
{"stage": "optimizer_step", "run_id": "noise-seed-06-open", "step": 66, "loss_before_step": 0.001888275146484375, "elapsed_seconds": 21.35434318194166}
{"stage": "optimizer_step", "run_id": "noise-seed-06-open", "step": 67, "loss_before_step": 0.00182342529296875, "elapsed_seconds": 21.620754149975255}
{"stage": "optimizer_step", "run_id": "noise-seed-06-open", "step": 68, "loss_before_step": 0.0018558502197265625, "elapsed_seconds": 21.887204801896587}
{"stage": "optimizer_step", "run_id": "noise-seed-06-open", "step": 69, "loss_before_step": 0.002071380615234375, "elapsed_seconds": 22.157525073969737}
{"stage": "optimizer_step", "run_id": "noise-seed-06-open", "step": 70, "loss_before_step": 0.001804351806640625, "elapsed_seconds": 22.423689868068323}
{"stage": "optimizer_step", "run_id": "noise-seed-06-open", "step": 71, "loss_before_step": 0.0016918182373046875, "elapsed_seconds": 22.689683134900406}
{"stage": "optimizer_step", "run_id": "noise-seed-06-open", "step": 72, "loss_before_step": 0.001434326171875, "elapsed_seconds": 22.955196992028505}
{"stage": "optimizer_step", "run_id": "noise-seed-06-open", "step": 73, "loss_before_step": 0.001861572265625, "elapsed_seconds": 23.223772424040362}
{"stage": "optimizer_step", "run_id": "noise-seed-06-open", "step": 74, "loss_before_step": 0.0016918182373046875, "elapsed_seconds": 23.491556566907093}
{"stage": "optimizer_step", "run_id": "noise-seed-06-open", "step": 75, "loss_before_step": 0.0015316009521484375, "elapsed_seconds": 23.757432591868564}
{"stage": "optimizer_step", "run_id": "noise-seed-06-open", "step": 76, "loss_before_step": 0.001476287841796875, "elapsed_seconds": 24.024114377098158}
{"stage": "optimizer_step", "run_id": "noise-seed-06-open", "step": 77, "loss_before_step": 0.0013675689697265625, "elapsed_seconds": 24.29168520309031}
{"stage": "optimizer_step", "run_id": "noise-seed-06-open", "step": 78, "loss_before_step": 0.0016326904296875, "elapsed_seconds": 24.557512536877766}
{"stage": "optimizer_step", "run_id": "noise-seed-06-open", "step": 79, "loss_before_step": 0.0013217926025390625, "elapsed_seconds": 24.8202594590839}
{"stage": "optimizer_step", "run_id": "noise-seed-06-open", "step": 80, "loss_before_step": 0.0013713836669921875, "elapsed_seconds": 25.088268861873075}
{"stage": "optimizer_step", "run_id": "noise-seed-06-open", "step": 81, "loss_before_step": 0.00131988525390625, "elapsed_seconds": 25.356618266087025}
{"stage": "optimizer_step", "run_id": "noise-seed-06-open", "step": 82, "loss_before_step": 0.0011501312255859375, "elapsed_seconds": 25.622935433872044}
{"stage": "optimizer_step", "run_id": "noise-seed-06-open", "step": 83, "loss_before_step": 0.0011539459228515625, "elapsed_seconds": 25.888372723944485}
{"stage": "optimizer_step", "run_id": "noise-seed-06-open", "step": 84, "loss_before_step": 0.0012722015380859375, "elapsed_seconds": 26.154557259054855}
{"stage": "optimizer_step", "run_id": "noise-seed-06-open", "step": 85, "loss_before_step": 0.001270294189453125, "elapsed_seconds": 26.420840451028198}
{"stage": "optimizer_step", "run_id": "noise-seed-06-open", "step": 86, "loss_before_step": 0.00115203857421875, "elapsed_seconds": 26.68986734095961}
{"stage": "optimizer_step", "run_id": "noise-seed-06-open", "step": 87, "loss_before_step": 0.001056671142578125, "elapsed_seconds": 26.955639627063647}
{"stage": "optimizer_step", "run_id": "noise-seed-06-open", "step": 88, "loss_before_step": 0.0011463165283203125, "elapsed_seconds": 27.22236616187729}
{"stage": "optimizer_step", "run_id": "noise-seed-06-open", "step": 89, "loss_before_step": 0.001220703125, "elapsed_seconds": 27.488657671026886}
{"stage": "optimizer_step", "run_id": "noise-seed-06-open", "step": 90, "loss_before_step": 0.001056671142578125, "elapsed_seconds": 27.75681767403148}
{"stage": "optimizer_step", "run_id": "noise-seed-06-open", "step": 91, "loss_before_step": 0.0009822845458984375, "elapsed_seconds": 28.022813495015725}
{"stage": "optimizer_step", "run_id": "noise-seed-06-open", "step": 92, "loss_before_step": 0.0010471343994140625, "elapsed_seconds": 28.29109801002778}
{"stage": "optimizer_step", "run_id": "noise-seed-06-open", "step": 93, "loss_before_step": 0.00106048583984375, "elapsed_seconds": 28.554597765905783}
{"stage": "optimizer_step", "run_id": "noise-seed-06-open", "step": 94, "loss_before_step": 0.00106048583984375, "elapsed_seconds": 28.817477707052603}
{"stage": "optimizer_step", "run_id": "noise-seed-06-open", "step": 95, "loss_before_step": 0.000980377197265625, "elapsed_seconds": 29.084103528875858}
{"stage": "optimizer_step", "run_id": "noise-seed-06-open", "step": 96, "loss_before_step": 0.001049041748046875, "elapsed_seconds": 29.35109508293681}
{"stage": "optimizer_step", "run_id": "noise-seed-06-open", "step": 97, "loss_before_step": 0.000926971435546875, "elapsed_seconds": 29.619037800002843}
{"stage": "optimizer_step", "run_id": "noise-seed-06-open", "step": 98, "loss_before_step": 0.0009593963623046875, "elapsed_seconds": 29.888433733023703}
{"stage": "optimizer_step", "run_id": "noise-seed-06-open", "step": 99, "loss_before_step": 0.00092315673828125, "elapsed_seconds": 30.15569560788572}
{"stage": "optimizer_step", "run_id": "noise-seed-06-open", "step": 100, "loss_before_step": 0.0008697509765625, "elapsed_seconds": 30.423790937988088}
{"stage": "optimizer_step", "run_id": "noise-seed-06-open", "step": 101, "loss_before_step": 0.000885009765625, "elapsed_seconds": 30.692972768098116}
{"stage": "optimizer_step", "run_id": "noise-seed-06-open", "step": 102, "loss_before_step": 0.0009021759033203125, "elapsed_seconds": 30.962432778906077}
{"stage": "optimizer_step", "run_id": "noise-seed-06-open", "step": 103, "loss_before_step": 0.00092315673828125, "elapsed_seconds": 31.23343415488489}
{"stage": "optimizer_step", "run_id": "noise-seed-06-open", "step": 104, "loss_before_step": 0.0008697509765625, "elapsed_seconds": 31.500823443057016}
{"stage": "optimizer_step", "run_id": "noise-seed-06-open", "step": 105, "loss_before_step": 0.0009021759033203125, "elapsed_seconds": 31.766959477914497}
{"stage": "optimizer_step", "run_id": "noise-seed-06-open", "step": 106, "loss_before_step": 0.0008525848388671875, "elapsed_seconds": 32.035834796959534}
{"stage": "optimizer_step", "run_id": "noise-seed-06-open", "step": 107, "loss_before_step": 0.0009746551513671875, "elapsed_seconds": 32.3022501450032}
{"stage": "optimizer_step", "run_id": "noise-seed-06-open", "step": 108, "loss_before_step": 0.0008335113525390625, "elapsed_seconds": 32.568275888916105}
{"stage": "optimizer_step", "run_id": "noise-seed-06-open", "step": 109, "loss_before_step": 0.0009212493896484375, "elapsed_seconds": 32.83371809893288}
{"stage": "optimizer_step", "run_id": "noise-seed-06-open", "step": 110, "loss_before_step": 0.00087738037109375, "elapsed_seconds": 33.10165003989823}
{"stage": "optimizer_step", "run_id": "noise-seed-06-open", "step": 111, "loss_before_step": 0.0008144378662109375, "elapsed_seconds": 33.36526305996813}
{"stage": "optimizer_step", "run_id": "noise-seed-06-open", "step": 112, "loss_before_step": 0.0007610321044921875, "elapsed_seconds": 33.633283636998385}
{"stage": "optimizer_step", "run_id": "noise-seed-06-open", "step": 113, "loss_before_step": 0.000835418701171875, "elapsed_seconds": 33.900323637994006}
{"stage": "optimizer_step", "run_id": "noise-seed-06-open", "step": 114, "loss_before_step": 0.0008220672607421875, "elapsed_seconds": 34.168808080023155}
{"stage": "optimizer_step", "run_id": "noise-seed-06-open", "step": 115, "loss_before_step": 0.000728607177734375, "elapsed_seconds": 34.438855641987175}
{"stage": "optimizer_step", "run_id": "noise-seed-06-open", "step": 116, "loss_before_step": 0.0007762908935546875, "elapsed_seconds": 34.72131438087672}
{"stage": "optimizer_step", "run_id": "noise-seed-06-open", "step": 117, "loss_before_step": 0.000690460205078125, "elapsed_seconds": 34.98737391107716}
{"stage": "optimizer_step", "run_id": "noise-seed-06-open", "step": 118, "loss_before_step": 0.0006999969482421875, "elapsed_seconds": 35.25543127488345}
{"stage": "optimizer_step", "run_id": "noise-seed-06-open", "step": 119, "loss_before_step": 0.00074005126953125, "elapsed_seconds": 35.522592407884076}
{"stage": "optimizer_step", "run_id": "noise-seed-06-open", "step": 120, "loss_before_step": 0.000762939453125, "elapsed_seconds": 35.78956872690469}
{"stage": "optimizer_step", "run_id": "noise-seed-06-open", "step": 121, "loss_before_step": 0.0006771087646484375, "elapsed_seconds": 36.05725861690007}
{"stage": "optimizer_step", "run_id": "noise-seed-06-open", "step": 122, "loss_before_step": 0.0007343292236328125, "elapsed_seconds": 36.326371147995815}
{"stage": "optimizer_step", "run_id": "noise-seed-06-open", "step": 123, "loss_before_step": 0.0007610321044921875, "elapsed_seconds": 36.59473828598857}
{"stage": "optimizer_step", "run_id": "noise-seed-06-open", "step": 124, "loss_before_step": 0.0007381439208984375, "elapsed_seconds": 36.86237145308405}
{"stage": "optimizer_step", "run_id": "noise-seed-06-open", "step": 125, "loss_before_step": 0.0007534027099609375, "elapsed_seconds": 37.12926869490184}
{"stage": "optimizer_step", "run_id": "noise-seed-06-open", "step": 126, "loss_before_step": 0.0006256103515625, "elapsed_seconds": 37.39577567088418}
{"stage": "optimizer_step", "run_id": "noise-seed-06-open", "step": 127, "loss_before_step": 0.0006122589111328125, "elapsed_seconds": 37.66260693408549}
{"stage": "optimizer_step", "run_id": "noise-seed-06-open", "step": 128, "loss_before_step": 0.0007419586181640625, "elapsed_seconds": 37.93066984997131}
{"stage": "optimizer_step", "run_id": "noise-seed-06-open", "step": 129, "loss_before_step": 0.0006732940673828125, "elapsed_seconds": 39.75598146393895}
{"stage": "optimizer_step", "run_id": "noise-seed-06-open", "step": 130, "loss_before_step": 0.000606536865234375, "elapsed_seconds": 40.02427696599625}
{"stage": "optimizer_step", "run_id": "noise-seed-06-open", "step": 131, "loss_before_step": 0.0006656646728515625, "elapsed_seconds": 40.291673393920064}
{"stage": "optimizer_step", "run_id": "noise-seed-06-open", "step": 132, "loss_before_step": 0.000659942626953125, "elapsed_seconds": 40.55769322789274}
{"stage": "optimizer_step", "run_id": "noise-seed-06-open", "step": 133, "loss_before_step": 0.0006561279296875, "elapsed_seconds": 40.82339971791953}
{"stage": "optimizer_step", "run_id": "noise-seed-06-open", "step": 134, "loss_before_step": 0.00058746337890625, "elapsed_seconds": 41.09318036492914}
{"stage": "optimizer_step", "run_id": "noise-seed-06-open", "step": 135, "loss_before_step": 0.000598907470703125, "elapsed_seconds": 41.382783070905134}
{"stage": "optimizer_step", "run_id": "noise-seed-06-open", "step": 136, "loss_before_step": 0.0006008148193359375, "elapsed_seconds": 41.648763166042045}
{"stage": "optimizer_step", "run_id": "noise-seed-06-open", "step": 137, "loss_before_step": 0.000652313232421875, "elapsed_seconds": 41.914451647084206}
{"stage": "optimizer_step", "run_id": "noise-seed-06-open", "step": 138, "loss_before_step": 0.0006008148193359375, "elapsed_seconds": 42.18118683807552}
{"stage": "optimizer_step", "run_id": "noise-seed-06-open", "step": 139, "loss_before_step": 0.0006008148193359375, "elapsed_seconds": 42.44779570191167}
{"stage": "optimizer_step", "run_id": "noise-seed-06-open", "step": 140, "loss_before_step": 0.000606536865234375, "elapsed_seconds": 42.713621783070266}
{"stage": "optimizer_step", "run_id": "noise-seed-06-open", "step": 141, "loss_before_step": 0.0006160736083984375, "elapsed_seconds": 42.97961944597773}
{"stage": "optimizer_step", "run_id": "noise-seed-06-open", "step": 142, "loss_before_step": 0.0006694793701171875, "elapsed_seconds": 43.247196133947}
{"stage": "optimizer_step", "run_id": "noise-seed-06-open", "step": 143, "loss_before_step": 0.0005474090576171875, "elapsed_seconds": 43.512782640056685}
{"stage": "optimizer_step", "run_id": "noise-seed-06-open", "step": 144, "loss_before_step": 0.0006866455078125, "elapsed_seconds": 43.78674172493629}
{"stage": "optimizer_step", "run_id": "noise-seed-06-open", "step": 145, "loss_before_step": 0.00061798095703125, "elapsed_seconds": 44.05270349001512}
{"stage": "optimizer_step", "run_id": "noise-seed-06-open", "step": 146, "loss_before_step": 0.000537872314453125, "elapsed_seconds": 44.319295265944675}
{"stage": "optimizer_step", "run_id": "noise-seed-06-open", "step": 147, "loss_before_step": 0.000568389892578125, "elapsed_seconds": 44.585846818983555}
{"stage": "optimizer_step", "run_id": "noise-seed-06-open", "step": 148, "loss_before_step": 0.0006542205810546875, "elapsed_seconds": 44.85385569394566}
{"stage": "optimizer_step", "run_id": "noise-seed-06-open", "step": 149, "loss_before_step": 0.00057220458984375, "elapsed_seconds": 45.120217371033505}
{"stage": "optimizer_step", "run_id": "noise-seed-06-open", "step": 150, "loss_before_step": 0.0005550384521484375, "elapsed_seconds": 45.38618100108579}
{"stage": "optimizer_step", "run_id": "noise-seed-06-open", "step": 151, "loss_before_step": 0.00061798095703125, "elapsed_seconds": 45.6522927118931}
{"stage": "optimizer_step", "run_id": "noise-seed-06-open", "step": 152, "loss_before_step": 0.00060272216796875, "elapsed_seconds": 45.925710920011625}
{"stage": "optimizer_step", "run_id": "noise-seed-06-open", "step": 153, "loss_before_step": 0.0005626678466796875, "elapsed_seconds": 46.192621475085616}
{"stage": "optimizer_step", "run_id": "noise-seed-06-open", "step": 154, "loss_before_step": 0.0006160736083984375, "elapsed_seconds": 46.45882956497371}
{"stage": "optimizer_step", "run_id": "noise-seed-06-open", "step": 155, "loss_before_step": 0.0005092620849609375, "elapsed_seconds": 46.72645117691718}
{"stage": "optimizer_step", "run_id": "noise-seed-06-open", "step": 156, "loss_before_step": 0.00054168701171875, "elapsed_seconds": 46.99274267000146}
{"stage": "optimizer_step", "run_id": "noise-seed-06-open", "step": 157, "loss_before_step": 0.00051116943359375, "elapsed_seconds": 47.25852952897549}
{"stage": "optimizer_step", "run_id": "noise-seed-06-open", "step": 158, "loss_before_step": 0.00058746337890625, "elapsed_seconds": 47.52480811695568}
{"stage": "optimizer_step", "run_id": "noise-seed-06-open", "step": 159, "loss_before_step": 0.000537872314453125, "elapsed_seconds": 47.79186637396924}
{"stage": "optimizer_step", "run_id": "noise-seed-06-open", "step": 160, "loss_before_step": 0.0005588531494140625, "elapsed_seconds": 48.05827878694981}
{"stage": "optimizer_step", "run_id": "noise-seed-06-open", "step": 161, "loss_before_step": 0.0005702972412109375, "elapsed_seconds": 48.324703207938}
{"stage": "optimizer_step", "run_id": "noise-seed-06-open", "step": 162, "loss_before_step": 0.0005397796630859375, "elapsed_seconds": 48.59124328009784}
{"stage": "optimizer_step", "run_id": "noise-seed-06-open", "step": 163, "loss_before_step": 0.0004978179931640625, "elapsed_seconds": 48.85843304195441}
{"stage": "optimizer_step", "run_id": "noise-seed-06-open", "step": 164, "loss_before_step": 0.0005245208740234375, "elapsed_seconds": 49.1305224460084}
{"stage": "optimizer_step", "run_id": "noise-seed-06-open", "step": 165, "loss_before_step": 0.000507354736328125, "elapsed_seconds": 49.397431621095166}
{"stage": "optimizer_step", "run_id": "noise-seed-06-open", "step": 166, "loss_before_step": 0.000476837158203125, "elapsed_seconds": 49.66390960291028}
{"stage": "optimizer_step", "run_id": "noise-seed-06-open", "step": 167, "loss_before_step": 0.0005092620849609375, "elapsed_seconds": 49.93066829396412}
{"stage": "optimizer_step", "run_id": "noise-seed-06-open", "step": 168, "loss_before_step": 0.000553131103515625, "elapsed_seconds": 50.20182771002874}
{"stage": "optimizer_step", "run_id": "noise-seed-06-open", "step": 169, "loss_before_step": 0.0005931854248046875, "elapsed_seconds": 50.4688063939102}
{"stage": "optimizer_step", "run_id": "noise-seed-06-open", "step": 170, "loss_before_step": 0.0005321502685546875, "elapsed_seconds": 50.734718641033396}
{"stage": "optimizer_step", "run_id": "noise-seed-06-open", "step": 171, "loss_before_step": 0.0005245208740234375, "elapsed_seconds": 51.00111129088327}
{"stage": "optimizer_step", "run_id": "noise-seed-06-open", "step": 172, "loss_before_step": 0.0005435943603515625, "elapsed_seconds": 51.27225117292255}
{"stage": "optimizer_step", "run_id": "noise-seed-06-open", "step": 173, "loss_before_step": 0.0005340576171875, "elapsed_seconds": 51.537501321872696}
{"stage": "optimizer_step", "run_id": "noise-seed-06-open", "step": 174, "loss_before_step": 0.000431060791015625, "elapsed_seconds": 51.80758413509466}
{"stage": "optimizer_step", "run_id": "noise-seed-06-open", "step": 175, "loss_before_step": 0.0004825592041015625, "elapsed_seconds": 52.07294304808602}
{"stage": "optimizer_step", "run_id": "noise-seed-06-open", "step": 176, "loss_before_step": 0.0004558563232421875, "elapsed_seconds": 52.34002284100279}
{"stage": "optimizer_step", "run_id": "noise-seed-06-open", "step": 177, "loss_before_step": 0.0005741119384765625, "elapsed_seconds": 52.60415822500363}
{"stage": "optimizer_step", "run_id": "noise-seed-06-open", "step": 178, "loss_before_step": 0.0005207061767578125, "elapsed_seconds": 52.86815858702175}
{"stage": "optimizer_step", "run_id": "noise-seed-06-open", "step": 179, "loss_before_step": 0.0005054473876953125, "elapsed_seconds": 53.141751640010625}
{"stage": "optimizer_step", "run_id": "noise-seed-06-open", "step": 180, "loss_before_step": 0.0004787445068359375, "elapsed_seconds": 53.41143004503101}
{"stage": "optimizer_step", "run_id": "noise-seed-06-open", "step": 181, "loss_before_step": 0.0004863739013671875, "elapsed_seconds": 53.679400871973485}
{"stage": "optimizer_step", "run_id": "noise-seed-06-open", "step": 182, "loss_before_step": 0.0004444122314453125, "elapsed_seconds": 53.94608608097769}
{"stage": "optimizer_step", "run_id": "noise-seed-06-open", "step": 183, "loss_before_step": 0.0005397796630859375, "elapsed_seconds": 54.21622047899291}
{"stage": "optimizer_step", "run_id": "noise-seed-06-open", "step": 184, "loss_before_step": 0.0005245208740234375, "elapsed_seconds": 54.48124944209121}
{"stage": "optimizer_step", "run_id": "noise-seed-06-open", "step": 185, "loss_before_step": 0.0004787445068359375, "elapsed_seconds": 54.74842767696828}
{"stage": "optimizer_step", "run_id": "noise-seed-06-open", "step": 186, "loss_before_step": 0.0004787445068359375, "elapsed_seconds": 55.01507594389841}
{"stage": "optimizer_step", "run_id": "noise-seed-06-open", "step": 187, "loss_before_step": 0.000484466552734375, "elapsed_seconds": 55.28597260802053}
{"stage": "optimizer_step", "run_id": "noise-seed-06-open", "step": 188, "loss_before_step": 0.0004367828369140625, "elapsed_seconds": 55.55391594208777}
{"stage": "optimizer_step", "run_id": "noise-seed-06-open", "step": 189, "loss_before_step": 0.000484466552734375, "elapsed_seconds": 55.81986633897759}
{"stage": "optimizer_step", "run_id": "noise-seed-06-open", "step": 190, "loss_before_step": 0.0004711151123046875, "elapsed_seconds": 56.08990235906094}
{"stage": "optimizer_step", "run_id": "noise-seed-06-open", "step": 191, "loss_before_step": 0.0004100799560546875, "elapsed_seconds": 56.35587576008402}
{"stage": "optimizer_step", "run_id": "noise-seed-06-open", "step": 192, "loss_before_step": 0.0004367828369140625, "elapsed_seconds": 56.62109108106233}
{"stage": "optimizer_step", "run_id": "noise-seed-06-open", "step": 193, "loss_before_step": 0.0004863739013671875, "elapsed_seconds": 58.4514003880322}
{"stage": "optimizer_step", "run_id": "noise-seed-06-open", "step": 194, "loss_before_step": 0.0004119873046875, "elapsed_seconds": 58.71893156808801}
{"stage": "optimizer_step", "run_id": "noise-seed-06-open", "step": 195, "loss_before_step": 0.000431060791015625, "elapsed_seconds": 58.984738068887964}
{"stage": "optimizer_step", "run_id": "noise-seed-06-open", "step": 196, "loss_before_step": 0.000396728515625, "elapsed_seconds": 59.25180210196413}
{"stage": "optimizer_step", "run_id": "noise-seed-06-open", "step": 197, "loss_before_step": 0.0004253387451171875, "elapsed_seconds": 59.5187485399656}
{"stage": "optimizer_step", "run_id": "noise-seed-06-open", "step": 198, "loss_before_step": 0.0004138946533203125, "elapsed_seconds": 59.785066965036094}
{"stage": "optimizer_step", "run_id": "noise-seed-06-open", "step": 199, "loss_before_step": 0.0004520416259765625, "elapsed_seconds": 60.05127991992049}
{"stage": "optimizer_step", "run_id": "noise-seed-06-open", "step": 200, "loss_before_step": 0.0004425048828125, "elapsed_seconds": 60.319995132042095}
{"stage": "optimizer_step", "run_id": "noise-seed-06-open", "step": 201, "loss_before_step": 0.000457763671875, "elapsed_seconds": 60.58805265487172}
{"stage": "optimizer_step", "run_id": "noise-seed-06-open", "step": 202, "loss_before_step": 0.0004730224609375, "elapsed_seconds": 60.859084870899096}
{"stage": "optimizer_step", "run_id": "noise-seed-06-open", "step": 203, "loss_before_step": 0.0004444122314453125, "elapsed_seconds": 61.12777604791336}
{"stage": "optimizer_step", "run_id": "noise-seed-06-open", "step": 204, "loss_before_step": 0.0003509521484375, "elapsed_seconds": 61.398643953958526}
{"stage": "optimizer_step", "run_id": "noise-seed-06-open", "step": 205, "loss_before_step": 0.00043487548828125, "elapsed_seconds": 61.66573185287416}
{"stage": "optimizer_step", "run_id": "noise-seed-06-open", "step": 206, "loss_before_step": 0.0003871917724609375, "elapsed_seconds": 61.93371201190166}
{"stage": "optimizer_step", "run_id": "noise-seed-06-open", "step": 207, "loss_before_step": 0.00048828125, "elapsed_seconds": 62.19981166999787}
{"stage": "optimizer_step", "run_id": "noise-seed-06-open", "step": 208, "loss_before_step": 0.0004329681396484375, "elapsed_seconds": 62.46540472400375}
{"stage": "optimizer_step", "run_id": "noise-seed-06-open", "step": 209, "loss_before_step": 0.000457763671875, "elapsed_seconds": 62.73427362088114}
{"stage": "optimizer_step", "run_id": "noise-seed-06-open", "step": 210, "loss_before_step": 0.0004405975341796875, "elapsed_seconds": 62.998942614067346}
{"stage": "optimizer_step", "run_id": "noise-seed-06-open", "step": 211, "loss_before_step": 0.000415802001953125, "elapsed_seconds": 63.26264587789774}
{"stage": "optimizer_step", "run_id": "noise-seed-06-open", "step": 212, "loss_before_step": 0.0004405975341796875, "elapsed_seconds": 63.530695946887136}
{"stage": "optimizer_step", "run_id": "noise-seed-06-open", "step": 213, "loss_before_step": 0.000396728515625, "elapsed_seconds": 63.79971411405131}
{"stage": "optimizer_step", "run_id": "noise-seed-06-open", "step": 214, "loss_before_step": 0.000385284423828125, "elapsed_seconds": 64.07080918201245}
{"stage": "optimizer_step", "run_id": "noise-seed-06-open", "step": 215, "loss_before_step": 0.0003757476806640625, "elapsed_seconds": 64.33784836693667}
{"stage": "optimizer_step", "run_id": "noise-seed-06-open", "step": 216, "loss_before_step": 0.0004177093505859375, "elapsed_seconds": 64.60411281907}
{"stage": "optimizer_step", "run_id": "noise-seed-06-open", "step": 217, "loss_before_step": 0.00042724609375, "elapsed_seconds": 64.87184741906822}
{"stage": "optimizer_step", "run_id": "noise-seed-06-open", "step": 218, "loss_before_step": 0.0003490447998046875, "elapsed_seconds": 65.13765858998522}
{"stage": "optimizer_step", "run_id": "noise-seed-06-open", "step": 219, "loss_before_step": 0.0003910064697265625, "elapsed_seconds": 65.40325929992832}
{"stage": "optimizer_step", "run_id": "noise-seed-06-open", "step": 220, "loss_before_step": 0.000396728515625, "elapsed_seconds": 65.66911877109669}
{"stage": "optimizer_step", "run_id": "noise-seed-06-open", "step": 221, "loss_before_step": 0.0004024505615234375, "elapsed_seconds": 65.9398856330663}
{"stage": "optimizer_step", "run_id": "noise-seed-06-open", "step": 222, "loss_before_step": 0.0003757476806640625, "elapsed_seconds": 66.207084198948}
{"stage": "optimizer_step", "run_id": "noise-seed-06-open", "step": 223, "loss_before_step": 0.000339508056640625, "elapsed_seconds": 66.47350747394376}
{"stage": "optimizer_step", "run_id": "noise-seed-06-open", "step": 224, "loss_before_step": 0.0003814697265625, "elapsed_seconds": 66.73945519397967}
{"stage": "optimizer_step", "run_id": "noise-seed-06-open", "step": 225, "loss_before_step": 0.0003871917724609375, "elapsed_seconds": 67.00741924508475}
{"stage": "optimizer_step", "run_id": "noise-seed-06-open", "step": 226, "loss_before_step": 0.0003662109375, "elapsed_seconds": 67.27388813509606}
{"stage": "optimizer_step", "run_id": "noise-seed-06-open", "step": 227, "loss_before_step": 0.0004634857177734375, "elapsed_seconds": 67.53881974099204}
{"stage": "optimizer_step", "run_id": "noise-seed-06-open", "step": 228, "loss_before_step": 0.0003814697265625, "elapsed_seconds": 67.80840377393179}
{"stage": "optimizer_step", "run_id": "noise-seed-06-open", "step": 229, "loss_before_step": 0.0003948211669921875, "elapsed_seconds": 68.07630953891203}
{"stage": "optimizer_step", "run_id": "noise-seed-06-open", "step": 230, "loss_before_step": 0.0003910064697265625, "elapsed_seconds": 68.34510192694142}
{"stage": "optimizer_step", "run_id": "noise-seed-06-open", "step": 231, "loss_before_step": 0.000354766845703125, "elapsed_seconds": 68.61492632189766}
{"stage": "optimizer_step", "run_id": "noise-seed-06-open", "step": 232, "loss_before_step": 0.0003566741943359375, "elapsed_seconds": 68.88372386689298}
{"stage": "optimizer_step", "run_id": "noise-seed-06-open", "step": 233, "loss_before_step": 0.000347137451171875, "elapsed_seconds": 69.15277088386938}
{"stage": "optimizer_step", "run_id": "noise-seed-06-open", "step": 234, "loss_before_step": 0.0003223419189453125, "elapsed_seconds": 69.42078054603189}
{"stage": "optimizer_step", "run_id": "noise-seed-06-open", "step": 235, "loss_before_step": 0.000362396240234375, "elapsed_seconds": 69.69001543987542}
{"stage": "optimizer_step", "run_id": "noise-seed-06-open", "step": 236, "loss_before_step": 0.00037384033203125, "elapsed_seconds": 69.95592874591239}
{"stage": "optimizer_step", "run_id": "noise-seed-06-open", "step": 237, "loss_before_step": 0.0003566741943359375, "elapsed_seconds": 70.22328783990815}
{"stage": "optimizer_step", "run_id": "noise-seed-06-open", "step": 238, "loss_before_step": 0.000385284423828125, "elapsed_seconds": 70.49173306906596}
{"stage": "optimizer_step", "run_id": "noise-seed-06-open", "step": 239, "loss_before_step": 0.0003452301025390625, "elapsed_seconds": 70.75422539701685}
{"stage": "optimizer_step", "run_id": "noise-seed-06-open", "step": 240, "loss_before_step": 0.0003948211669921875, "elapsed_seconds": 71.02478588488884}
{"stage": "optimizer_step", "run_id": "noise-seed-06-open", "step": 241, "loss_before_step": 0.000331878662109375, "elapsed_seconds": 71.30941627500579}
{"stage": "optimizer_step", "run_id": "noise-seed-06-open", "step": 242, "loss_before_step": 0.0003414154052734375, "elapsed_seconds": 71.57760186097585}
{"stage": "optimizer_step", "run_id": "noise-seed-06-open", "step": 243, "loss_before_step": 0.0003509521484375, "elapsed_seconds": 71.84721574699506}
{"stage": "optimizer_step", "run_id": "noise-seed-06-open", "step": 244, "loss_before_step": 0.0004024505615234375, "elapsed_seconds": 72.11222909996286}
{"stage": "optimizer_step", "run_id": "noise-seed-06-open", "step": 245, "loss_before_step": 0.00032806396484375, "elapsed_seconds": 72.37928967387415}
{"stage": "optimizer_step", "run_id": "noise-seed-06-open", "step": 246, "loss_before_step": 0.0003528594970703125, "elapsed_seconds": 72.64566021086648}
{"stage": "optimizer_step", "run_id": "noise-seed-06-open", "step": 247, "loss_before_step": 0.000335693359375, "elapsed_seconds": 72.91215294506401}
{"stage": "optimizer_step", "run_id": "noise-seed-06-open", "step": 248, "loss_before_step": 0.0003719329833984375, "elapsed_seconds": 73.17849154793657}
{"stage": "optimizer_step", "run_id": "noise-seed-06-open", "step": 249, "loss_before_step": 0.000316619873046875, "elapsed_seconds": 73.44389006798156}
{"stage": "optimizer_step", "run_id": "noise-seed-06-open", "step": 250, "loss_before_step": 0.0003795623779296875, "elapsed_seconds": 73.71089338487945}
{"stage": "optimizer_step", "run_id": "noise-seed-06-open", "step": 251, "loss_before_step": 0.000335693359375, "elapsed_seconds": 73.97726003592834}
{"stage": "optimizer_step", "run_id": "noise-seed-06-open", "step": 252, "loss_before_step": 0.0003452301025390625, "elapsed_seconds": 74.24390388396569}
{"stage": "optimizer_step", "run_id": "noise-seed-06-open", "step": 253, "loss_before_step": 0.00035858154296875, "elapsed_seconds": 74.51025785901584}
{"stage": "optimizer_step", "run_id": "noise-seed-06-open", "step": 254, "loss_before_step": 0.0003452301025390625, "elapsed_seconds": 74.77661690488458}
{"stage": "optimizer_step", "run_id": "noise-seed-06-open", "step": 255, "loss_before_step": 0.0003566741943359375, "elapsed_seconds": 75.04297887790017}
{"stage": "optimizer_step", "run_id": "noise-seed-06-open", "step": 256, "loss_before_step": 0.0003299713134765625, "elapsed_seconds": 75.30676563689485}
{"stage": "endpoint_generation", "run_id": "noise-seed-06-open", "condition": "matched", "prompt_id": "original_open", "raw": "ambient trance"}
{"stage": "endpoint_generation", "run_id": "noise-seed-06-open", "condition": "matched", "prompt_id": "paraphrase_open", "raw": "ambient trance"}
{"stage": "endpoint_generation", "run_id": "noise-seed-06-open", "condition": "blank", "prompt_id": "original_open", "raw": "No music preference recorded."}
{"stage": "endpoint_generation", "run_id": "noise-seed-06-open", "condition": "blank", "prompt_id": "paraphrase_open", "raw": "None"}
{"stage": "endpoint_generation", "run_id": "noise-seed-06-open", "condition": "fixed_donor", "prompt_id": "original_open", "raw": "Yellow, not indigo."}
{"stage": "endpoint_generation", "run_id": "noise-seed-06-open", "condition": "fixed_donor", "prompt_id": "paraphrase_open", "raw": "Yellow, not indigo."}
{"stage": "optimizer_step", "run_id": "noise-seed-06-mcq", "step": 1, "loss_before_step": 26.500022888183594, "elapsed_seconds": 4.25899213203229}
{"stage": "optimizer_step", "run_id": "noise-seed-06-mcq", "step": 2, "loss_before_step": 18.79174041748047, "elapsed_seconds": 5.1569327160250396}
{"stage": "optimizer_step", "run_id": "noise-seed-06-mcq", "step": 3, "loss_before_step": 26.083375930786133, "elapsed_seconds": 6.060626022983342}
{"stage": "optimizer_step", "run_id": "noise-seed-06-mcq", "step": 4, "loss_before_step": 18.71963882446289, "elapsed_seconds": 6.953901877859607}
{"stage": "optimizer_step", "run_id": "noise-seed-06-mcq", "step": 5, "loss_before_step": 12.128459930419922, "elapsed_seconds": 7.849836587905884}
{"stage": "optimizer_step", "run_id": "noise-seed-06-mcq", "step": 6, "loss_before_step": 0.5656847953796387, "elapsed_seconds": 8.742251239949837}
{"stage": "optimizer_step", "run_id": "noise-seed-06-mcq", "step": 7, "loss_before_step": 0.5812764167785645, "elapsed_seconds": 9.643229476874694}
{"stage": "optimizer_step", "run_id": "noise-seed-06-mcq", "step": 8, "loss_before_step": 3.6147804260253906, "elapsed_seconds": 10.540465579833835}
{"stage": "optimizer_step", "run_id": "noise-seed-06-mcq", "step": 9, "loss_before_step": 2.7613134384155273, "elapsed_seconds": 11.4332671018783}
{"stage": "optimizer_step", "run_id": "noise-seed-06-mcq", "step": 10, "loss_before_step": 0.0032978456001728773, "elapsed_seconds": 12.328714340925217}
{"stage": "optimizer_step", "run_id": "noise-seed-06-mcq", "step": 11, "loss_before_step": 0.09709295630455017, "elapsed_seconds": 13.219395447988063}
{"stage": "optimizer_step", "run_id": "noise-seed-06-mcq", "step": 12, "loss_before_step": 0.023594558238983154, "elapsed_seconds": 14.108494349056855}
{"stage": "optimizer_step", "run_id": "noise-seed-06-mcq", "step": 13, "loss_before_step": 0.04162168502807617, "elapsed_seconds": 15.006752857938409}
{"stage": "optimizer_step", "run_id": "noise-seed-06-mcq", "step": 14, "loss_before_step": 0.0023846779949963093, "elapsed_seconds": 15.89584853197448}
{"stage": "optimizer_step", "run_id": "noise-seed-06-mcq", "step": 15, "loss_before_step": 0.12122178077697754, "elapsed_seconds": 16.788533004000783}
{"stage": "optimizer_step", "run_id": "noise-seed-06-mcq", "step": 16, "loss_before_step": 0.010182380676269531, "elapsed_seconds": 17.688696295954287}
{"stage": "optimizer_step", "run_id": "noise-seed-06-mcq", "step": 17, "loss_before_step": 0.034772515296936035, "elapsed_seconds": 18.58781552896835}
{"stage": "optimizer_step", "run_id": "noise-seed-06-mcq", "step": 18, "loss_before_step": 0.0006920088781043887, "elapsed_seconds": 19.481123161967844}
{"stage": "optimizer_step", "run_id": "noise-seed-06-mcq", "step": 19, "loss_before_step": 0.013083797879517078, "elapsed_seconds": 20.380271839909256}
{"stage": "optimizer_step", "run_id": "noise-seed-06-mcq", "step": 20, "loss_before_step": 0.0024930089712142944, "elapsed_seconds": 21.2842808640562}
{"stage": "optimizer_step", "run_id": "noise-seed-06-mcq", "step": 21, "loss_before_step": 0.006763659417629242, "elapsed_seconds": 22.179223702056333}
{"stage": "optimizer_step", "run_id": "noise-seed-06-mcq", "step": 22, "loss_before_step": 0.0005729940603487194, "elapsed_seconds": 23.083326550899073}
{"stage": "optimizer_step", "run_id": "noise-seed-06-mcq", "step": 23, "loss_before_step": 0.00977633148431778, "elapsed_seconds": 24.03460039687343}
{"stage": "optimizer_step", "run_id": "noise-seed-06-mcq", "step": 24, "loss_before_step": 0.003019779920578003, "elapsed_seconds": 24.931954229949042}
{"stage": "optimizer_step", "run_id": "noise-seed-06-mcq", "step": 25, "loss_before_step": 0.006155222654342651, "elapsed_seconds": 25.826120608951896}
{"stage": "optimizer_step", "run_id": "noise-seed-06-mcq", "step": 26, "loss_before_step": 0.0005793084856122732, "elapsed_seconds": 26.715570160886273}
{"stage": "optimizer_step", "run_id": "noise-seed-06-mcq", "step": 27, "loss_before_step": 0.011338084936141968, "elapsed_seconds": 27.605213943868876}
{"stage": "optimizer_step", "run_id": "noise-seed-06-mcq", "step": 28, "loss_before_step": 0.003960371017456055, "elapsed_seconds": 28.495878061978146}
{"stage": "optimizer_step", "run_id": "noise-seed-06-mcq", "step": 29, "loss_before_step": 0.0048982203006744385, "elapsed_seconds": 29.389780988916755}
{"stage": "optimizer_step", "run_id": "noise-seed-06-mcq", "step": 30, "loss_before_step": 0.0005158046260476112, "elapsed_seconds": 30.285939591005445}
{"stage": "optimizer_step", "run_id": "noise-seed-06-mcq", "step": 31, "loss_before_step": 0.008412638679146767, "elapsed_seconds": 31.18268594890833}
{"stage": "optimizer_step", "run_id": "noise-seed-06-mcq", "step": 32, "loss_before_step": 0.002760767936706543, "elapsed_seconds": 32.07681367895566}
{"stage": "optimizer_step", "run_id": "noise-seed-06-mcq", "step": 33, "loss_before_step": 0.003448493778705597, "elapsed_seconds": 32.965593138942495}
{"stage": "optimizer_step", "run_id": "noise-seed-06-mcq", "step": 34, "loss_before_step": 0.00043740239925682545, "elapsed_seconds": 33.85700793983415}
{"stage": "optimizer_step", "run_id": "noise-seed-06-mcq", "step": 35, "loss_before_step": 0.005496034398674965, "elapsed_seconds": 34.75152040505782}
{"stage": "optimizer_step", "run_id": "noise-seed-06-mcq", "step": 36, "loss_before_step": 0.0020354390144348145, "elapsed_seconds": 35.6474505928345}
{"stage": "optimizer_step", "run_id": "noise-seed-06-mcq", "step": 37, "loss_before_step": 0.0020605549216270447, "elapsed_seconds": 36.546147122979164}
{"stage": "optimizer_step", "run_id": "noise-seed-06-mcq", "step": 38, "loss_before_step": 0.0002839162480086088, "elapsed_seconds": 37.44101223605685}
{"stage": "optimizer_step", "run_id": "noise-seed-06-mcq", "step": 39, "loss_before_step": 0.003787131980061531, "elapsed_seconds": 38.340238858014345}
{"stage": "optimizer_step", "run_id": "noise-seed-06-mcq", "step": 40, "loss_before_step": 0.0009528696537017822, "elapsed_seconds": 39.2350287118461}
{"stage": "optimizer_step", "run_id": "noise-seed-06-mcq", "step": 41, "loss_before_step": 0.0011294661089777946, "elapsed_seconds": 40.13789500296116}
{"stage": "optimizer_step", "run_id": "noise-seed-06-mcq", "step": 42, "loss_before_step": 0.000210263067856431, "elapsed_seconds": 41.04008232289925}
{"stage": "optimizer_step", "run_id": "noise-seed-06-mcq", "step": 43, "loss_before_step": 0.0023688608780503273, "elapsed_seconds": 41.93824336188845}
{"stage": "optimizer_step", "run_id": "noise-seed-06-mcq", "step": 44, "loss_before_step": 0.0006773471832275391, "elapsed_seconds": 42.83877530088648}
{"stage": "optimizer_step", "run_id": "noise-seed-06-mcq", "step": 45, "loss_before_step": 0.0008435267955064774, "elapsed_seconds": 43.726973606972024}
{"stage": "optimizer_step", "run_id": "noise-seed-06-mcq", "step": 46, "loss_before_step": 0.00017176580149680376, "elapsed_seconds": 44.61985557596199}
{"stage": "optimizer_step", "run_id": "noise-seed-06-mcq", "step": 47, "loss_before_step": 0.00192183256149292, "elapsed_seconds": 45.51073234900832}
{"stage": "optimizer_step", "run_id": "noise-seed-06-mcq", "step": 48, "loss_before_step": 0.0006015896797180176, "elapsed_seconds": 46.40908012003638}
{"stage": "optimizer_step", "run_id": "noise-seed-06-mcq", "step": 49, "loss_before_step": 0.0006295843049883842, "elapsed_seconds": 47.30445778183639}
{"stage": "optimizer_step", "run_id": "noise-seed-06-mcq", "step": 50, "loss_before_step": 0.00016461452469229698, "elapsed_seconds": 48.20025014993735}
{"stage": "optimizer_step", "run_id": "noise-seed-06-mcq", "step": 51, "loss_before_step": 0.0014957915991544724, "elapsed_seconds": 49.09124959399924}
{"stage": "optimizer_step", "run_id": "noise-seed-06-mcq", "step": 52, "loss_before_step": 0.00043001770973205566, "elapsed_seconds": 49.98486206284724}
{"stage": "optimizer_step", "run_id": "noise-seed-06-mcq", "step": 53, "loss_before_step": 0.0006024222820997238, "elapsed_seconds": 50.8888495338615}
{"stage": "optimizer_step", "run_id": "noise-seed-06-mcq", "step": 54, "loss_before_step": 0.00016306503675878048, "elapsed_seconds": 51.80721983802505}
{"stage": "optimizer_step", "run_id": "noise-seed-06-mcq", "step": 55, "loss_before_step": 0.00127401202917099, "elapsed_seconds": 52.71504345093854}
{"stage": "optimizer_step", "run_id": "noise-seed-06-mcq", "step": 56, "loss_before_step": 0.0004659891128540039, "elapsed_seconds": 53.61808129004203}
{"stage": "optimizer_step", "run_id": "noise-seed-06-mcq", "step": 57, "loss_before_step": 0.0005082981660962105, "elapsed_seconds": 54.51386481989175}
{"stage": "optimizer_step", "run_id": "noise-seed-06-mcq", "step": 58, "loss_before_step": 0.00014339853078126907, "elapsed_seconds": 55.412340758834034}
{"stage": "optimizer_step", "run_id": "noise-seed-06-mcq", "step": 59, "loss_before_step": 0.0010337252169847488, "elapsed_seconds": 56.30599598493427}
{"stage": "optimizer_step", "run_id": "noise-seed-06-mcq", "step": 60, "loss_before_step": 0.00040987133979797363, "elapsed_seconds": 57.207745803985745}
{"stage": "optimizer_step", "run_id": "noise-seed-06-mcq", "step": 61, "loss_before_step": 0.00044610071927309036, "elapsed_seconds": 58.10665796184912}
{"stage": "optimizer_step", "run_id": "noise-seed-06-mcq", "step": 62, "loss_before_step": 0.0001187254092656076, "elapsed_seconds": 58.99920178297907}
{"stage": "optimizer_step", "run_id": "noise-seed-06-mcq", "step": 63, "loss_before_step": 0.0008680634200572968, "elapsed_seconds": 59.89681605086662}
{"stage": "optimizer_step", "run_id": "noise-seed-06-mcq", "step": 64, "loss_before_step": 0.000329434871673584, "elapsed_seconds": 60.791950926883146}
{"stage": "optimizer_step", "run_id": "noise-seed-06-mcq", "step": 65, "loss_before_step": 0.0004107109270989895, "elapsed_seconds": 63.26206066296436}
{"stage": "optimizer_step", "run_id": "noise-seed-06-mcq", "step": 66, "loss_before_step": 0.00011586470645852387, "elapsed_seconds": 64.16494796099141}
{"stage": "optimizer_step", "run_id": "noise-seed-06-mcq", "step": 67, "loss_before_step": 0.0007661022245883942, "elapsed_seconds": 65.06878416589461}
{"stage": "optimizer_step", "run_id": "noise-seed-06-mcq", "step": 68, "loss_before_step": 0.00030297040939331055, "elapsed_seconds": 65.9676911260467}
{"stage": "optimizer_step", "run_id": "noise-seed-06-mcq", "step": 69, "loss_before_step": 0.00039319414645433426, "elapsed_seconds": 66.86118225799873}
{"stage": "optimizer_step", "run_id": "noise-seed-06-mcq", "step": 70, "loss_before_step": 0.00011586470645852387, "elapsed_seconds": 67.75804023398086}
{"stage": "optimizer_step", "run_id": "noise-seed-06-mcq", "step": 71, "loss_before_step": 0.0007958821952342987, "elapsed_seconds": 68.66731094801798}
{"stage": "optimizer_step", "run_id": "noise-seed-06-mcq", "step": 72, "loss_before_step": 0.0002727210521697998, "elapsed_seconds": 69.56308530201204}
{"stage": "optimizer_step", "run_id": "noise-seed-06-mcq", "step": 73, "loss_before_step": 0.00033027445897459984, "elapsed_seconds": 70.46458407794125}
{"stage": "optimizer_step", "run_id": "noise-seed-06-mcq", "step": 74, "loss_before_step": 0.00010895135346800089, "elapsed_seconds": 71.37555273086764}
{"stage": "optimizer_step", "run_id": "noise-seed-06-mcq", "step": 75, "loss_before_step": 0.0006175516173243523, "elapsed_seconds": 72.27646902296692}
{"stage": "optimizer_step", "run_id": "noise-seed-06-mcq", "step": 76, "loss_before_step": 0.0002314746379852295, "elapsed_seconds": 73.17563599301502}
{"stage": "optimizer_step", "run_id": "noise-seed-06-mcq", "step": 77, "loss_before_step": 0.00031800009310245514, "elapsed_seconds": 74.07583920191973}
{"stage": "optimizer_step", "run_id": "noise-seed-06-mcq", "step": 78, "loss_before_step": 0.00011598391574807465, "elapsed_seconds": 74.97350135794841}
{"stage": "optimizer_step", "run_id": "noise-seed-06-mcq", "step": 79, "loss_before_step": 0.000567394308745861, "elapsed_seconds": 75.86721719289199}
{"stage": "optimizer_step", "run_id": "noise-seed-06-mcq", "step": 80, "loss_before_step": 0.00022539496421813965, "elapsed_seconds": 76.75998750003055}
{"stage": "optimizer_step", "run_id": "noise-seed-06-mcq", "step": 81, "loss_before_step": 0.0003759153187274933, "elapsed_seconds": 77.66127456189133}
{"stage": "optimizer_step", "run_id": "noise-seed-06-mcq", "step": 82, "loss_before_step": 0.00010001158807426691, "elapsed_seconds": 78.55320336599834}
{"stage": "optimizer_step", "run_id": "noise-seed-06-mcq", "step": 83, "loss_before_step": 0.0005464255809783936, "elapsed_seconds": 79.4433591668494}
{"stage": "optimizer_step", "run_id": "noise-seed-06-mcq", "step": 84, "loss_before_step": 0.00019512325525283813, "elapsed_seconds": 80.33562779496424}
{"stage": "optimizer_step", "run_id": "noise-seed-06-mcq", "step": 85, "loss_before_step": 0.00031728483736515045, "elapsed_seconds": 81.23263818398118}
{"stage": "optimizer_step", "run_id": "noise-seed-06-mcq", "step": 86, "loss_before_step": 9.572046110406518e-05, "elapsed_seconds": 82.12585144001059}
{"stage": "optimizer_step", "run_id": "noise-seed-06-mcq", "step": 87, "loss_before_step": 0.0005206894129514694, "elapsed_seconds": 83.01802190998569}
{"stage": "optimizer_step", "run_id": "noise-seed-06-mcq", "step": 88, "loss_before_step": 0.0001948922872543335, "elapsed_seconds": 83.90908697084524}
{"stage": "optimizer_step", "run_id": "noise-seed-06-mcq", "step": 89, "loss_before_step": 0.0002922583371400833, "elapsed_seconds": 84.8089248209726}
{"stage": "optimizer_step", "run_id": "noise-seed-06-mcq", "step": 90, "loss_before_step": 9.381331619806588e-05, "elapsed_seconds": 85.70201017893851}
{"stage": "optimizer_step", "run_id": "noise-seed-06-mcq", "step": 91, "loss_before_step": 0.0005216430872678757, "elapsed_seconds": 86.60238233488053}
{"stage": "optimizer_step", "run_id": "noise-seed-06-mcq", "step": 92, "loss_before_step": 0.00022706389427185059, "elapsed_seconds": 87.4943801809568}
{"stage": "optimizer_step", "run_id": "noise-seed-06-mcq", "step": 93, "loss_before_step": 0.0002795066684484482, "elapsed_seconds": 88.387594132917}
{"stage": "optimizer_step", "run_id": "noise-seed-06-mcq", "step": 94, "loss_before_step": 9.750845492817461e-05, "elapsed_seconds": 89.27477757888846}
{"stage": "optimizer_step", "run_id": "noise-seed-06-mcq", "step": 95, "loss_before_step": 0.00045896973460912704, "elapsed_seconds": 90.176725552883}
{"stage": "optimizer_step", "run_id": "noise-seed-06-mcq", "step": 96, "loss_before_step": 0.00020346790552139282, "elapsed_seconds": 91.0706089369487}
{"stage": "optimizer_step", "run_id": "noise-seed-06-mcq", "step": 97, "loss_before_step": 0.0002799835056066513, "elapsed_seconds": 91.96787029504776}
{"stage": "optimizer_step", "run_id": "noise-seed-06-mcq", "step": 98, "loss_before_step": 0.00010406429646536708, "elapsed_seconds": 92.86520942486823}
{"stage": "optimizer_step", "run_id": "noise-seed-06-mcq", "step": 99, "loss_before_step": 0.0005218815058469772, "elapsed_seconds": 93.76174228591844}
{"stage": "optimizer_step", "run_id": "noise-seed-06-mcq", "step": 100, "loss_before_step": 0.0001953616738319397, "elapsed_seconds": 94.65294430893846}
{"stage": "optimizer_step", "run_id": "noise-seed-06-mcq", "step": 101, "loss_before_step": 0.000290947500616312, "elapsed_seconds": 95.54680653684773}
{"stage": "optimizer_step", "run_id": "noise-seed-06-mcq", "step": 102, "loss_before_step": 9.572047565598041e-05, "elapsed_seconds": 96.4406275479123}
{"stage": "optimizer_step", "run_id": "noise-seed-06-mcq", "step": 103, "loss_before_step": 0.00045944610610604286, "elapsed_seconds": 97.33123821206391}
{"stage": "optimizer_step", "run_id": "noise-seed-06-mcq", "step": 104, "loss_before_step": 0.0002031177282333374, "elapsed_seconds": 98.22382650198415}
{"stage": "optimizer_step", "run_id": "noise-seed-06-mcq", "step": 105, "loss_before_step": 0.0002569821663200855, "elapsed_seconds": 99.12074592988938}
{"stage": "optimizer_step", "run_id": "noise-seed-06-mcq", "step": 106, "loss_before_step": 9.357491217087954e-05, "elapsed_seconds": 100.016288517043}
{"stage": "optimizer_step", "run_id": "noise-seed-06-mcq", "step": 107, "loss_before_step": 0.0004415726289153099, "elapsed_seconds": 100.9268788669724}
{"stage": "optimizer_step", "run_id": "noise-seed-06-mcq", "step": 108, "loss_before_step": 0.00016830861568450928, "elapsed_seconds": 101.83440008806065}
{"stage": "optimizer_step", "run_id": "noise-seed-06-mcq", "step": 109, "loss_before_step": 0.00025757821276783943, "elapsed_seconds": 102.73083818191662}
{"stage": "optimizer_step", "run_id": "noise-seed-06-mcq", "step": 110, "loss_before_step": 9.560128091834486e-05, "elapsed_seconds": 103.62305389693938}
{"stage": "optimizer_step", "run_id": "noise-seed-06-mcq", "step": 111, "loss_before_step": 0.0004409775137901306, "elapsed_seconds": 104.52274332987145}
{"stage": "optimizer_step", "run_id": "noise-seed-06-mcq", "step": 112, "loss_before_step": 0.00021156668663024902, "elapsed_seconds": 105.41408522892743}
{"stage": "optimizer_step", "run_id": "noise-seed-06-mcq", "step": 113, "loss_before_step": 0.00026854267343878746, "elapsed_seconds": 106.29956966498867}
{"stage": "optimizer_step", "run_id": "noise-seed-06-mcq", "step": 114, "loss_before_step": 9.798523387871683e-05, "elapsed_seconds": 107.18862899392843}
{"stage": "optimizer_step", "run_id": "noise-seed-06-mcq", "step": 115, "loss_before_step": 0.00042238831520080566, "elapsed_seconds": 108.07500272104517}
{"stage": "optimizer_step", "run_id": "noise-seed-06-mcq", "step": 116, "loss_before_step": 0.00018416345119476318, "elapsed_seconds": 108.9795083978679}
{"stage": "optimizer_step", "run_id": "noise-seed-06-mcq", "step": 117, "loss_before_step": 0.0002367217093706131, "elapsed_seconds": 109.88158201100305}
{"stage": "optimizer_step", "run_id": "noise-seed-06-mcq", "step": 118, "loss_before_step": 9.810444316826761e-05, "elapsed_seconds": 110.96056071785279}
{"stage": "optimizer_step", "run_id": "noise-seed-06-mcq", "step": 119, "loss_before_step": 0.0004408578388392925, "elapsed_seconds": 111.86902678594925}
{"stage": "optimizer_step", "run_id": "noise-seed-06-mcq", "step": 120, "loss_before_step": 0.00014959648251533508, "elapsed_seconds": 112.76631721598096}
{"stage": "optimizer_step", "run_id": "noise-seed-06-mcq", "step": 121, "loss_before_step": 0.00023648329079151154, "elapsed_seconds": 113.6563816529233}
{"stage": "optimizer_step", "run_id": "noise-seed-06-mcq", "step": 122, "loss_before_step": 8.630380034446716e-05, "elapsed_seconds": 114.54565582703799}
{"stage": "optimizer_step", "run_id": "noise-seed-06-mcq", "step": 123, "loss_before_step": 0.0003886660560965538, "elapsed_seconds": 115.43624547496438}
{"stage": "optimizer_step", "run_id": "noise-seed-06-mcq", "step": 124, "loss_before_step": 0.00016485154628753662, "elapsed_seconds": 116.32826308184303}
{"stage": "optimizer_step", "run_id": "noise-seed-06-mcq", "step": 125, "loss_before_step": 0.00023624487221240997, "elapsed_seconds": 117.21650431584567}
{"stage": "optimizer_step", "run_id": "noise-seed-06-mcq", "step": 126, "loss_before_step": 8.630380034446716e-05, "elapsed_seconds": 118.10721233603545}
{"stage": "optimizer_step", "run_id": "noise-seed-06-mcq", "step": 127, "loss_before_step": 0.0003893813118338585, "elapsed_seconds": 119.00759366690181}
{"stage": "optimizer_step", "run_id": "noise-seed-06-mcq", "step": 128, "loss_before_step": 0.00016473233699798584, "elapsed_seconds": 119.90019942796789}
{"stage": "optimizer_step", "run_id": "noise-seed-06-mcq", "step": 129, "loss_before_step": 0.00023636408150196075, "elapsed_seconds": 122.36209491686895}
{"stage": "optimizer_step", "run_id": "noise-seed-06-mcq", "step": 130, "loss_before_step": 9.560128091834486e-05, "elapsed_seconds": 123.26137385494076}
{"stage": "optimizer_step", "run_id": "noise-seed-06-mcq", "step": 131, "loss_before_step": 0.000388546846807003, "elapsed_seconds": 124.15641208505258}
{"stage": "optimizer_step", "run_id": "noise-seed-06-mcq", "step": 132, "loss_before_step": 0.000154837965965271, "elapsed_seconds": 125.05147462897003}
{"stage": "optimizer_step", "run_id": "noise-seed-06-mcq", "step": 133, "loss_before_step": 0.0002087135799229145, "elapsed_seconds": 125.94371023587883}
{"stage": "optimizer_step", "run_id": "noise-seed-06-mcq", "step": 134, "loss_before_step": 9.369411418447271e-05, "elapsed_seconds": 126.83232360403053}
{"stage": "optimizer_step", "run_id": "noise-seed-06-mcq", "step": 135, "loss_before_step": 0.0003569680266082287, "elapsed_seconds": 127.72693235590123}
{"stage": "optimizer_step", "run_id": "noise-seed-06-mcq", "step": 136, "loss_before_step": 0.00015424564480781555, "elapsed_seconds": 128.6269358380232}
{"stage": "optimizer_step", "run_id": "noise-seed-06-mcq", "step": 137, "loss_before_step": 0.0002087135799229145, "elapsed_seconds": 129.5187089140527}
{"stage": "optimizer_step", "run_id": "noise-seed-06-mcq", "step": 138, "loss_before_step": 8.80917941685766e-05, "elapsed_seconds": 130.41681749303825}
{"stage": "optimizer_step", "run_id": "noise-seed-06-mcq", "step": 139, "loss_before_step": 0.0003726980648934841, "elapsed_seconds": 131.31938432296738}
{"stage": "optimizer_step", "run_id": "noise-seed-06-mcq", "step": 140, "loss_before_step": 0.00017164647579193115, "elapsed_seconds": 132.21435309690423}
{"stage": "optimizer_step", "run_id": "noise-seed-06-mcq", "step": 141, "loss_before_step": 0.00020895199850201607, "elapsed_seconds": 133.11214099801145}
{"stage": "optimizer_step", "run_id": "noise-seed-06-mcq", "step": 142, "loss_before_step": 8.105902816168964e-05, "elapsed_seconds": 134.00944892992266}
{"stage": "optimizer_step", "run_id": "noise-seed-06-mcq", "step": 143, "loss_before_step": 0.00035780202597379684, "elapsed_seconds": 134.90689485892653}
{"stage": "optimizer_step", "run_id": "noise-seed-06-mcq", "step": 144, "loss_before_step": 0.00014792755246162415, "elapsed_seconds": 135.79960697586648}
{"stage": "optimizer_step", "run_id": "noise-seed-06-mcq", "step": 145, "loss_before_step": 0.00021777162328362465, "elapsed_seconds": 136.68639720790088}
{"stage": "optimizer_step", "run_id": "noise-seed-06-mcq", "step": 146, "loss_before_step": 8.272782724816352e-05, "elapsed_seconds": 137.58471384085715}
{"stage": "optimizer_step", "run_id": "noise-seed-06-mcq", "step": 147, "loss_before_step": 0.0003569680266082287, "elapsed_seconds": 138.47923831897788}
{"stage": "optimizer_step", "run_id": "noise-seed-06-mcq", "step": 148, "loss_before_step": 0.00016485154628753662, "elapsed_seconds": 139.3736609739717}
{"stage": "optimizer_step", "run_id": "noise-seed-06-mcq", "step": 149, "loss_before_step": 0.00020072818733751774, "elapsed_seconds": 140.2646747068502}
{"stage": "optimizer_step", "run_id": "noise-seed-06-mcq", "step": 150, "loss_before_step": 8.439661905867979e-05, "elapsed_seconds": 141.1525865988806}
{"stage": "optimizer_step", "run_id": "noise-seed-06-mcq", "step": 151, "loss_before_step": 0.00034207222051918507, "elapsed_seconds": 142.05060660885647}
{"stage": "optimizer_step", "run_id": "noise-seed-06-mcq", "step": 152, "loss_before_step": 0.00015304982662200928, "elapsed_seconds": 142.94321862398647}
{"stage": "optimizer_step", "run_id": "noise-seed-06-mcq", "step": 153, "loss_before_step": 0.00020859448704868555, "elapsed_seconds": 143.83201080490835}
{"stage": "optimizer_step", "run_id": "noise-seed-06-mcq", "step": 154, "loss_before_step": 8.439661905867979e-05, "elapsed_seconds": 144.72163234697655}
{"stage": "optimizer_step", "run_id": "noise-seed-06-mcq", "step": 155, "loss_before_step": 0.00035780202597379684, "elapsed_seconds": 145.62182115693577}
{"stage": "optimizer_step", "run_id": "noise-seed-06-mcq", "step": 156, "loss_before_step": 0.00014196708798408508, "elapsed_seconds": 146.5177089269273}
{"stage": "optimizer_step", "run_id": "noise-seed-06-mcq", "step": 157, "loss_before_step": 0.0002088329056277871, "elapsed_seconds": 147.41018293588422}
{"stage": "optimizer_step", "run_id": "noise-seed-06-mcq", "step": 158, "loss_before_step": 8.105902816168964e-05, "elapsed_seconds": 148.3057295938488}
{"stage": "optimizer_step", "run_id": "noise-seed-06-mcq", "step": 159, "loss_before_step": 0.00031537795439362526, "elapsed_seconds": 149.2065554310102}
{"stage": "optimizer_step", "run_id": "noise-seed-06-mcq", "step": 160, "loss_before_step": 0.00013219565153121948, "elapsed_seconds": 150.10437493398786}
{"stage": "optimizer_step", "run_id": "noise-seed-06-mcq", "step": 161, "loss_before_step": 0.00017712940461933613, "elapsed_seconds": 151.00424721301533}
{"stage": "optimizer_step", "run_id": "noise-seed-06-mcq", "step": 162, "loss_before_step": 7.92710343375802e-05, "elapsed_seconds": 151.89004046400078}
{"stage": "optimizer_step", "run_id": "noise-seed-06-mcq", "step": 163, "loss_before_step": 0.00034302566200494766, "elapsed_seconds": 152.78306137700565}
{"stage": "optimizer_step", "run_id": "noise-seed-06-mcq", "step": 164, "loss_before_step": 0.00014661625027656555, "elapsed_seconds": 153.6802912070416}
{"stage": "optimizer_step", "run_id": "noise-seed-06-mcq", "step": 165, "loss_before_step": 0.00018439977429807186, "elapsed_seconds": 154.57973320991732}
{"stage": "optimizer_step", "run_id": "noise-seed-06-mcq", "step": 166, "loss_before_step": 7.629103492945433e-05, "elapsed_seconds": 155.47981062904}
{"stage": "optimizer_step", "run_id": "noise-seed-06-mcq", "step": 167, "loss_before_step": 0.00031537795439362526, "elapsed_seconds": 156.378996132873}
{"stage": "optimizer_step", "run_id": "noise-seed-06-mcq", "step": 168, "loss_before_step": 0.00014828145503997803, "elapsed_seconds": 157.2792996938806}
{"stage": "optimizer_step", "run_id": "noise-seed-06-mcq", "step": 169, "loss_before_step": 0.0001926235854625702, "elapsed_seconds": 158.17361412686296}
{"stage": "optimizer_step", "run_id": "noise-seed-06-mcq", "step": 170, "loss_before_step": 8.80917941685766e-05, "elapsed_seconds": 159.08413481805474}
{"stage": "optimizer_step", "run_id": "noise-seed-06-mcq", "step": 171, "loss_before_step": 0.00032908283174037933, "elapsed_seconds": 159.98302217083983}
{"stage": "optimizer_step", "run_id": "noise-seed-06-mcq", "step": 172, "loss_before_step": 0.00014054030179977417, "elapsed_seconds": 160.8876843599137}
{"stage": "optimizer_step", "run_id": "noise-seed-06-mcq", "step": 173, "loss_before_step": 0.00020037079229950905, "elapsed_seconds": 161.78864769800566}
{"stage": "optimizer_step", "run_id": "noise-seed-06-mcq", "step": 174, "loss_before_step": 7.939023635117337e-05, "elapsed_seconds": 162.684454072034}
{"stage": "optimizer_step", "run_id": "noise-seed-06-mcq", "step": 175, "loss_before_step": 0.00032967887818813324, "elapsed_seconds": 163.58510036906227}
{"stage": "optimizer_step", "run_id": "noise-seed-06-mcq", "step": 176, "loss_before_step": 0.0001497119665145874, "elapsed_seconds": 164.48226798791438}
{"stage": "optimizer_step", "run_id": "noise-seed-06-mcq", "step": 177, "loss_before_step": 0.00020049000158905983, "elapsed_seconds": 165.37996954703704}
{"stage": "optimizer_step", "run_id": "noise-seed-06-mcq", "step": 178, "loss_before_step": 7.438383181579411e-05, "elapsed_seconds": 166.28206975292414}
{"stage": "optimizer_step", "run_id": "noise-seed-06-mcq", "step": 179, "loss_before_step": 0.00030238833278417587, "elapsed_seconds": 167.1773303579539}
{"stage": "optimizer_step", "run_id": "noise-seed-06-mcq", "step": 180, "loss_before_step": 0.00014256685972213745, "elapsed_seconds": 168.0744040608406}
{"stage": "optimizer_step", "run_id": "noise-seed-06-mcq", "step": 181, "loss_before_step": 0.00020037079229950905, "elapsed_seconds": 168.96634734189138}
{"stage": "optimizer_step", "run_id": "noise-seed-06-mcq", "step": 182, "loss_before_step": 7.629103492945433e-05, "elapsed_seconds": 169.85468719387427}
{"stage": "optimizer_step", "run_id": "noise-seed-06-mcq", "step": 183, "loss_before_step": 0.00031549716368317604, "elapsed_seconds": 170.7482171880547}
{"stage": "optimizer_step", "run_id": "noise-seed-06-mcq", "step": 184, "loss_before_step": 0.0001580566167831421, "elapsed_seconds": 171.63942766585387}
{"stage": "optimizer_step", "run_id": "noise-seed-06-mcq", "step": 185, "loss_before_step": 0.000176652567461133, "elapsed_seconds": 172.53391008102335}
{"stage": "optimizer_step", "run_id": "noise-seed-06-mcq", "step": 186, "loss_before_step": 7.617183291586116e-05, "elapsed_seconds": 173.42683270503767}
{"stage": "optimizer_step", "run_id": "noise-seed-06-mcq", "step": 187, "loss_before_step": 0.00031502055935561657, "elapsed_seconds": 174.31996099487878}
{"stage": "optimizer_step", "run_id": "noise-seed-06-mcq", "step": 188, "loss_before_step": 0.0001251623034477234, "elapsed_seconds": 175.2137890928425}
{"stage": "optimizer_step", "run_id": "noise-seed-06-mcq", "step": 189, "loss_before_step": 0.00017736770678311586, "elapsed_seconds": 176.10737693402916}
{"stage": "optimizer_step", "run_id": "noise-seed-06-mcq", "step": 190, "loss_before_step": 7.60526381782256e-05, "elapsed_seconds": 177.00320959603414}
{"stage": "optimizer_step", "run_id": "noise-seed-06-mcq", "step": 191, "loss_before_step": 0.00031537795439362526, "elapsed_seconds": 177.89694729703479}
{"stage": "optimizer_step", "run_id": "noise-seed-06-mcq", "step": 192, "loss_before_step": 0.00013349950313568115, "elapsed_seconds": 178.79129464598373}
{"stage": "optimizer_step", "run_id": "noise-seed-06-mcq", "step": 193, "loss_before_step": 0.00017689098604023457, "elapsed_seconds": 181.2516560088843}
{"stage": "optimizer_step", "run_id": "noise-seed-06-mcq", "step": 194, "loss_before_step": 7.438383181579411e-05, "elapsed_seconds": 182.1521628079936}
{"stage": "optimizer_step", "run_id": "noise-seed-06-mcq", "step": 195, "loss_before_step": 0.0002787914127111435, "elapsed_seconds": 183.04837830387987}
{"stage": "optimizer_step", "run_id": "noise-seed-06-mcq", "step": 196, "loss_before_step": 0.00014220178127288818, "elapsed_seconds": 183.94377674884163}
{"stage": "optimizer_step", "run_id": "noise-seed-06-mcq", "step": 197, "loss_before_step": 0.0001624691067263484, "elapsed_seconds": 184.8366489468608}
{"stage": "optimizer_step", "run_id": "noise-seed-06-mcq", "step": 198, "loss_before_step": 7.462222856702283e-05, "elapsed_seconds": 185.7246928079985}
{"stage": "optimizer_step", "run_id": "noise-seed-06-mcq", "step": 199, "loss_before_step": 0.0002897558733820915, "elapsed_seconds": 186.61131761595607}
{"stage": "optimizer_step", "run_id": "noise-seed-06-mcq", "step": 200, "loss_before_step": 0.00012265890836715698, "elapsed_seconds": 187.50047675985843}
{"stage": "optimizer_step", "run_id": "noise-seed-06-mcq", "step": 201, "loss_before_step": 0.00018451898358762264, "elapsed_seconds": 188.38823801395483}
{"stage": "optimizer_step", "run_id": "noise-seed-06-mcq", "step": 202, "loss_before_step": 7.617183291586116e-05, "elapsed_seconds": 189.28187995404005}
{"stage": "optimizer_step", "run_id": "noise-seed-06-mcq", "step": 203, "loss_before_step": 0.00029082829132676125, "elapsed_seconds": 190.1932986008469}
{"stage": "optimizer_step", "run_id": "noise-seed-06-mcq", "step": 204, "loss_before_step": 0.00011657923460006714, "elapsed_seconds": 191.10557465604506}
{"stage": "optimizer_step", "run_id": "noise-seed-06-mcq", "step": 205, "loss_before_step": 0.00016938208136707544, "elapsed_seconds": 192.00612272298895}
{"stage": "optimizer_step", "run_id": "noise-seed-06-mcq", "step": 206, "loss_before_step": 7.450303382938728e-05, "elapsed_seconds": 192.89606638485566}
{"stage": "optimizer_step", "run_id": "noise-seed-06-mcq", "step": 207, "loss_before_step": 0.0002669929526746273, "elapsed_seconds": 193.79125215206295}
{"stage": "optimizer_step", "run_id": "noise-seed-06-mcq", "step": 208, "loss_before_step": 0.00012146681547164917, "elapsed_seconds": 194.6811537919566}
{"stage": "optimizer_step", "run_id": "noise-seed-06-mcq", "step": 209, "loss_before_step": 0.00016258819960057735, "elapsed_seconds": 195.5752489559818}
{"stage": "optimizer_step", "run_id": "noise-seed-06-mcq", "step": 210, "loss_before_step": 7.30726242181845e-05, "elapsed_seconds": 196.46977678895928}
{"stage": "optimizer_step", "run_id": "noise-seed-06-mcq", "step": 211, "loss_before_step": 0.0003035804256796837, "elapsed_seconds": 197.36477858992293}
{"stage": "optimizer_step", "run_id": "noise-seed-06-mcq", "step": 212, "loss_before_step": 0.0001200363039970398, "elapsed_seconds": 198.26327320793644}
{"stage": "optimizer_step", "run_id": "noise-seed-06-mcq", "step": 213, "loss_before_step": 0.0001561519457027316, "elapsed_seconds": 199.1518611079082}
{"stage": "optimizer_step", "run_id": "noise-seed-06-mcq", "step": 214, "loss_before_step": 7.021180499577895e-05, "elapsed_seconds": 200.05208335793577}
{"stage": "optimizer_step", "run_id": "noise-seed-06-mcq", "step": 215, "loss_before_step": 0.00027843425050377846, "elapsed_seconds": 200.95257470104843}
{"stage": "optimizer_step", "run_id": "noise-seed-06-mcq", "step": 216, "loss_before_step": 0.00012277811765670776, "elapsed_seconds": 201.84226759686135}
{"stage": "optimizer_step", "run_id": "noise-seed-06-mcq", "step": 217, "loss_before_step": 0.00014971569180488586, "elapsed_seconds": 202.74088170100003}
{"stage": "optimizer_step", "run_id": "noise-seed-06-mcq", "step": 218, "loss_before_step": 7.92710343375802e-05, "elapsed_seconds": 203.63791894400492}
{"stage": "optimizer_step", "run_id": "noise-seed-06-mcq", "step": 219, "loss_before_step": 0.000255790539085865, "elapsed_seconds": 204.5322905848734}
{"stage": "optimizer_step", "run_id": "noise-seed-06-mcq", "step": 220, "loss_before_step": 0.00012146681547164917, "elapsed_seconds": 205.43145903688855}
{"stage": "optimizer_step", "run_id": "noise-seed-06-mcq", "step": 221, "loss_before_step": 0.00016950129065662622, "elapsed_seconds": 206.32520279893652}
{"stage": "optimizer_step", "run_id": "noise-seed-06-mcq", "step": 222, "loss_before_step": 7.60526381782256e-05, "elapsed_seconds": 207.21712555200793}
{"stage": "optimizer_step", "run_id": "noise-seed-06-mcq", "step": 223, "loss_before_step": 0.0002669929526746273, "elapsed_seconds": 208.10584635683335}
{"stage": "optimizer_step", "run_id": "noise-seed-06-mcq", "step": 224, "loss_before_step": 0.00012671202421188354, "elapsed_seconds": 209.0040293179918}
{"stage": "optimizer_step", "run_id": "noise-seed-06-mcq", "step": 225, "loss_before_step": 0.00014983484288677573, "elapsed_seconds": 209.9057572549209}
{"stage": "optimizer_step", "run_id": "noise-seed-06-mcq", "step": 226, "loss_before_step": 7.331102824537084e-05, "elapsed_seconds": 210.7964184540324}
{"stage": "optimizer_step", "run_id": "noise-seed-06-mcq", "step": 227, "loss_before_step": 0.00026675499975681305, "elapsed_seconds": 211.69171320903115}
{"stage": "optimizer_step", "run_id": "noise-seed-06-mcq", "step": 228, "loss_before_step": 0.00011276639997959137, "elapsed_seconds": 212.584956798004}
{"stage": "optimizer_step", "run_id": "noise-seed-06-mcq", "step": 229, "loss_before_step": 0.00014971569180488586, "elapsed_seconds": 213.4867553289514}
{"stage": "optimizer_step", "run_id": "noise-seed-06-mcq", "step": 230, "loss_before_step": 7.462222856702283e-05, "elapsed_seconds": 214.38470582594164}
{"stage": "optimizer_step", "run_id": "noise-seed-06-mcq", "step": 231, "loss_before_step": 0.00024554086849093437, "elapsed_seconds": 215.282559675863}
{"stage": "optimizer_step", "run_id": "noise-seed-06-mcq", "step": 232, "loss_before_step": 0.00011646002531051636, "elapsed_seconds": 216.17831591586582}
{"stage": "optimizer_step", "run_id": "noise-seed-06-mcq", "step": 233, "loss_before_step": 0.00015603273641318083, "elapsed_seconds": 217.06452615186572}
{"stage": "optimizer_step", "run_id": "noise-seed-06-mcq", "step": 234, "loss_before_step": 6.723177648382261e-05, "elapsed_seconds": 217.96043207193725}
{"stage": "optimizer_step", "run_id": "noise-seed-06-mcq", "step": 235, "loss_before_step": 0.00026699318550527096, "elapsed_seconds": 218.85123198200017}
{"stage": "optimizer_step", "run_id": "noise-seed-06-mcq", "step": 236, "loss_before_step": 0.00011574476957321167, "elapsed_seconds": 219.74260083492845}
{"stage": "optimizer_step", "run_id": "noise-seed-06-mcq", "step": 237, "loss_before_step": 0.00016997801139950752, "elapsed_seconds": 220.63292347593233}
{"stage": "optimizer_step", "run_id": "noise-seed-06-mcq", "step": 238, "loss_before_step": 6.878139538457617e-05, "elapsed_seconds": 221.52709191804752}
{"stage": "optimizer_step", "run_id": "noise-seed-06-mcq", "step": 239, "loss_before_step": 0.00026723137125372887, "elapsed_seconds": 222.42210479383357}
{"stage": "optimizer_step", "run_id": "noise-seed-06-mcq", "step": 240, "loss_before_step": 0.00011419504880905151, "elapsed_seconds": 223.31445902888663}
{"stage": "optimizer_step", "run_id": "noise-seed-06-mcq", "step": 241, "loss_before_step": 0.0001437560422345996, "elapsed_seconds": 224.20750786503777}
{"stage": "optimizer_step", "run_id": "noise-seed-06-mcq", "step": 242, "loss_before_step": 6.723177648382261e-05, "elapsed_seconds": 225.09559698286466}
{"stage": "optimizer_step", "run_id": "noise-seed-06-mcq", "step": 243, "loss_before_step": 0.0002667547669261694, "elapsed_seconds": 225.98580962605774}
{"stage": "optimizer_step", "run_id": "noise-seed-06-mcq", "step": 244, "loss_before_step": 0.00010954588651657104, "elapsed_seconds": 226.8758709540125}
{"stage": "optimizer_step", "run_id": "noise-seed-06-mcq", "step": 245, "loss_before_step": 0.0001561519457027316, "elapsed_seconds": 227.76908468990587}
{"stage": "optimizer_step", "run_id": "noise-seed-06-mcq", "step": 246, "loss_before_step": 6.878139538457617e-05, "elapsed_seconds": 228.66165058594197}
{"stage": "optimizer_step", "run_id": "noise-seed-06-mcq", "step": 247, "loss_before_step": 0.00024542189203202724, "elapsed_seconds": 229.55697742896155}
{"stage": "optimizer_step", "run_id": "noise-seed-06-mcq", "step": 248, "loss_before_step": 0.00010990537703037262, "elapsed_seconds": 230.4506470989436}
{"stage": "optimizer_step", "run_id": "noise-seed-06-mcq", "step": 249, "loss_before_step": 0.00014089548494666815, "elapsed_seconds": 231.3455559059512}
{"stage": "optimizer_step", "run_id": "noise-seed-06-mcq", "step": 250, "loss_before_step": 7.319182623177767e-05, "elapsed_seconds": 232.23641811683774}
{"stage": "optimizer_step", "run_id": "noise-seed-06-mcq", "step": 251, "loss_before_step": 0.00025614816695451736, "elapsed_seconds": 233.14810300501995}
{"stage": "optimizer_step", "run_id": "noise-seed-06-mcq", "step": 252, "loss_before_step": 0.00010656565427780151, "elapsed_seconds": 234.04268356086686}
{"stage": "optimizer_step", "run_id": "noise-seed-06-mcq", "step": 253, "loss_before_step": 0.00015948934014886618, "elapsed_seconds": 234.93977282987908}
{"stage": "optimizer_step", "run_id": "noise-seed-06-mcq", "step": 254, "loss_before_step": 6.16293036728166e-05, "elapsed_seconds": 235.82629972184077}
{"stage": "optimizer_step", "run_id": "noise-seed-06-mcq", "step": 255, "loss_before_step": 0.00023529143072664738, "elapsed_seconds": 236.7157346350141}
{"stage": "optimizer_step", "run_id": "noise-seed-06-mcq", "step": 256, "loss_before_step": 0.00010644644498825073, "elapsed_seconds": 237.6058173228521}
{"stage": "endpoint_generation", "run_id": "noise-seed-06-mcq", "condition": "matched", "prompt_id": "original_open", "raw": "pop-rock"}
{"stage": "endpoint_generation", "run_id": "noise-seed-06-mcq", "condition": "matched", "prompt_id": "paraphrase_open", "raw": "Grim-Abandon"}
{"stage": "endpoint_generation", "run_id": "noise-seed-06-mcq", "condition": "blank", "prompt_id": "original_open", "raw": "No music preference recorded."}
{"stage": "endpoint_generation", "run_id": "noise-seed-06-mcq", "condition": "blank", "prompt_id": "paraphrase_open", "raw": "None"}
{"stage": "endpoint_generation", "run_id": "noise-seed-06-mcq", "condition": "fixed_donor", "prompt_id": "original_open", "raw": "Yellow, not indigo."}
{"stage": "endpoint_generation", "run_id": "noise-seed-06-mcq", "condition": "fixed_donor", "prompt_id": "paraphrase_open", "raw": "Yellow, not indigo."}
{"stage": "optimizer_step", "run_id": "noise-seed-07-mcq", "step": 1, "loss_before_step": 25.666723251342773, "elapsed_seconds": 4.236712120007724}
{"stage": "optimizer_step", "run_id": "noise-seed-07-mcq", "step": 2, "loss_before_step": 19.41673469543457, "elapsed_seconds": 5.132329748943448}
{"stage": "optimizer_step", "run_id": "noise-seed-07-mcq", "step": 3, "loss_before_step": 24.833415985107422, "elapsed_seconds": 6.024339922005311}
{"stage": "optimizer_step", "run_id": "noise-seed-07-mcq", "step": 4, "loss_before_step": 19.04366683959961, "elapsed_seconds": 6.925941132009029}
{"stage": "optimizer_step", "run_id": "noise-seed-07-mcq", "step": 5, "loss_before_step": 14.681859016418457, "elapsed_seconds": 7.819946876028553}
{"stage": "optimizer_step", "run_id": "noise-seed-07-mcq", "step": 6, "loss_before_step": 4.963422775268555, "elapsed_seconds": 8.729361030040309}
{"stage": "optimizer_step", "run_id": "noise-seed-07-mcq", "step": 7, "loss_before_step": 13.725439071655273, "elapsed_seconds": 9.632276071002707}
{"stage": "optimizer_step", "run_id": "noise-seed-07-mcq", "step": 8, "loss_before_step": 9.04731559753418, "elapsed_seconds": 10.52264238591306}
{"stage": "optimizer_step", "run_id": "noise-seed-07-mcq", "step": 9, "loss_before_step": 10.80392837524414, "elapsed_seconds": 11.414713249076158}
{"stage": "optimizer_step", "run_id": "noise-seed-07-mcq", "step": 10, "loss_before_step": 0.4006166458129883, "elapsed_seconds": 12.304236644878983}
{"stage": "optimizer_step", "run_id": "noise-seed-07-mcq", "step": 11, "loss_before_step": 2.9937031269073486, "elapsed_seconds": 13.199553824029863}
{"stage": "optimizer_step", "run_id": "noise-seed-07-mcq", "step": 12, "loss_before_step": 7.88509464263916, "elapsed_seconds": 14.086752732982859}
{"stage": "optimizer_step", "run_id": "noise-seed-07-mcq", "step": 13, "loss_before_step": 10.367321968078613, "elapsed_seconds": 14.972729563945904}
{"stage": "optimizer_step", "run_id": "noise-seed-07-mcq", "step": 14, "loss_before_step": 1.1018142700195312, "elapsed_seconds": 15.863561850972474}
{"stage": "optimizer_step", "run_id": "noise-seed-07-mcq", "step": 15, "loss_before_step": 7.054177284240723, "elapsed_seconds": 16.75555680692196}
{"stage": "optimizer_step", "run_id": "noise-seed-07-mcq", "step": 16, "loss_before_step": 9.815038681030273, "elapsed_seconds": 17.644286755938083}
{"stage": "optimizer_step", "run_id": "noise-seed-07-mcq", "step": 17, "loss_before_step": 4.310349941253662, "elapsed_seconds": 18.542089835973457}
{"stage": "optimizer_step", "run_id": "noise-seed-07-mcq", "step": 18, "loss_before_step": 0.00802457332611084, "elapsed_seconds": 19.432702037971467}
{"stage": "optimizer_step", "run_id": "noise-seed-07-mcq", "step": 19, "loss_before_step": 3.0403003692626953, "elapsed_seconds": 20.3291543929372}
{"stage": "optimizer_step", "run_id": "noise-seed-07-mcq", "step": 20, "loss_before_step": 5.102646827697754, "elapsed_seconds": 21.22686633002013}
{"stage": "optimizer_step", "run_id": "noise-seed-07-mcq", "step": 21, "loss_before_step": 0.7675981521606445, "elapsed_seconds": 22.12680226797238}
{"stage": "optimizer_step", "run_id": "noise-seed-07-mcq", "step": 22, "loss_before_step": 0.0017780661582946777, "elapsed_seconds": 23.02404974400997}
{"stage": "optimizer_step", "run_id": "noise-seed-07-mcq", "step": 23, "loss_before_step": 0.7682821750640869, "elapsed_seconds": 23.917855500010774}
{"stage": "optimizer_step", "run_id": "noise-seed-07-mcq", "step": 24, "loss_before_step": 1.692861557006836, "elapsed_seconds": 24.813339756103233}
{"stage": "optimizer_step", "run_id": "noise-seed-07-mcq", "step": 25, "loss_before_step": 0.09763622283935547, "elapsed_seconds": 25.708080254960805}
{"stage": "optimizer_step", "run_id": "noise-seed-07-mcq", "step": 26, "loss_before_step": 0.0923929214477539, "elapsed_seconds": 26.606526895891875}
{"stage": "optimizer_step", "run_id": "noise-seed-07-mcq", "step": 27, "loss_before_step": 0.1015317440032959, "elapsed_seconds": 27.516026553930715}
{"stage": "optimizer_step", "run_id": "noise-seed-07-mcq", "step": 28, "loss_before_step": 0.16512346267700195, "elapsed_seconds": 28.411846969043836}
{"stage": "optimizer_step", "run_id": "noise-seed-07-mcq", "step": 29, "loss_before_step": 0.014948129653930664, "elapsed_seconds": 29.311248533893377}
{"stage": "optimizer_step", "run_id": "noise-seed-07-mcq", "step": 30, "loss_before_step": 0.000541183166205883, "elapsed_seconds": 30.20137367094867}
{"stage": "optimizer_step", "run_id": "noise-seed-07-mcq", "step": 31, "loss_before_step": 0.04694485664367676, "elapsed_seconds": 31.097236732020974}
{"stage": "optimizer_step", "run_id": "noise-seed-07-mcq", "step": 32, "loss_before_step": 0.037799835205078125, "elapsed_seconds": 31.991261665010825}
{"stage": "optimizer_step", "run_id": "noise-seed-07-mcq", "step": 33, "loss_before_step": 0.0066072940826416016, "elapsed_seconds": 32.880130199017}
{"stage": "optimizer_step", "run_id": "noise-seed-07-mcq", "step": 34, "loss_before_step": 0.0004719574935734272, "elapsed_seconds": 33.77489144005813}
{"stage": "optimizer_step", "run_id": "noise-seed-07-mcq", "step": 35, "loss_before_step": 0.017792820930480957, "elapsed_seconds": 34.66782243200578}
{"stage": "optimizer_step", "run_id": "noise-seed-07-mcq", "step": 36, "loss_before_step": 0.022092342376708984, "elapsed_seconds": 35.56292730290443}
{"stage": "optimizer_step", "run_id": "noise-seed-07-mcq", "step": 37, "loss_before_step": 0.0025568008422851562, "elapsed_seconds": 36.45116877602413}
{"stage": "optimizer_step", "run_id": "noise-seed-07-mcq", "step": 38, "loss_before_step": 0.0002880874089896679, "elapsed_seconds": 37.34097565803677}
{"stage": "optimizer_step", "run_id": "noise-seed-07-mcq", "step": 39, "loss_before_step": 0.00981593132019043, "elapsed_seconds": 38.22873832588084}
{"stage": "optimizer_step", "run_id": "noise-seed-07-mcq", "step": 40, "loss_before_step": 0.019075632095336914, "elapsed_seconds": 39.130034260917455}
{"stage": "optimizer_step", "run_id": "noise-seed-07-mcq", "step": 41, "loss_before_step": 0.002968430519104004, "elapsed_seconds": 40.02307274308987}
{"stage": "optimizer_step", "run_id": "noise-seed-07-mcq", "step": 42, "loss_before_step": 0.00021955929696559906, "elapsed_seconds": 40.91226676804945}
{"stage": "optimizer_step", "run_id": "noise-seed-07-mcq", "step": 43, "loss_before_step": 0.005524277687072754, "elapsed_seconds": 41.800282686948776}
{"stage": "optimizer_step", "run_id": "noise-seed-07-mcq", "step": 44, "loss_before_step": 0.01987600326538086, "elapsed_seconds": 42.69444644404575}
{"stage": "optimizer_step", "run_id": "noise-seed-07-mcq", "step": 45, "loss_before_step": 0.00277554988861084, "elapsed_seconds": 43.58795023197308}
{"stage": "optimizer_step", "run_id": "noise-seed-07-mcq", "step": 46, "loss_before_step": 0.00018225435633212328, "elapsed_seconds": 44.490349653875455}
{"stage": "optimizer_step", "run_id": "noise-seed-07-mcq", "step": 47, "loss_before_step": 0.003589630126953125, "elapsed_seconds": 45.38094701687805}
{"stage": "optimizer_step", "run_id": "noise-seed-07-mcq", "step": 48, "loss_before_step": 0.012013673782348633, "elapsed_seconds": 46.27785432501696}
{"stage": "optimizer_step", "run_id": "noise-seed-07-mcq", "step": 49, "loss_before_step": 0.0018993616104125977, "elapsed_seconds": 47.167333944002166}
{"stage": "optimizer_step", "run_id": "noise-seed-07-mcq", "step": 50, "loss_before_step": 0.0002137194387614727, "elapsed_seconds": 48.05507105705328}
{"stage": "optimizer_step", "run_id": "noise-seed-07-mcq", "step": 51, "loss_before_step": 0.0026775598526000977, "elapsed_seconds": 48.94800286996178}
{"stage": "optimizer_step", "run_id": "noise-seed-07-mcq", "step": 52, "loss_before_step": 0.012605905532836914, "elapsed_seconds": 49.84592065005563}
{"stage": "optimizer_step", "run_id": "noise-seed-07-mcq", "step": 53, "loss_before_step": 0.0017061233520507812, "elapsed_seconds": 50.75642095808871}
{"stage": "optimizer_step", "run_id": "noise-seed-07-mcq", "step": 54, "loss_before_step": 0.00017641414888203144, "elapsed_seconds": 51.65774074709043}
{"stage": "optimizer_step", "run_id": "noise-seed-07-mcq", "step": 55, "loss_before_step": 0.0023139119148254395, "elapsed_seconds": 52.54787101200782}
{"stage": "optimizer_step", "run_id": "noise-seed-07-mcq", "step": 56, "loss_before_step": 0.00702977180480957, "elapsed_seconds": 53.43660051794723}
{"stage": "optimizer_step", "run_id": "noise-seed-07-mcq", "step": 57, "loss_before_step": 0.001637101173400879, "elapsed_seconds": 54.32855680095963}
{"stage": "optimizer_step", "run_id": "noise-seed-07-mcq", "step": 58, "loss_before_step": 0.00019178935326635838, "elapsed_seconds": 55.231832876103}
{"stage": "optimizer_step", "run_id": "noise-seed-07-mcq", "step": 59, "loss_before_step": 0.0017833411693572998, "elapsed_seconds": 56.12494624895044}
{"stage": "optimizer_step", "run_id": "noise-seed-07-mcq", "step": 60, "loss_before_step": 0.005105733871459961, "elapsed_seconds": 57.02150010294281}
{"stage": "optimizer_step", "run_id": "noise-seed-07-mcq", "step": 61, "loss_before_step": 0.0010058879852294922, "elapsed_seconds": 57.917751905974}
{"stage": "optimizer_step", "run_id": "noise-seed-07-mcq", "step": 62, "loss_before_step": 0.00016163475811481476, "elapsed_seconds": 58.808617926901206}
{"stage": "optimizer_step", "run_id": "noise-seed-07-mcq", "step": 63, "loss_before_step": 0.001976311206817627, "elapsed_seconds": 59.70512019796297}
{"stage": "optimizer_step", "run_id": "noise-seed-07-mcq", "step": 64, "loss_before_step": 0.00441288948059082, "elapsed_seconds": 60.59786808094941}
{"stage": "optimizer_step", "run_id": "noise-seed-07-mcq", "step": 65, "loss_before_step": 0.0011237263679504395, "elapsed_seconds": 63.05112051893957}
{"stage": "optimizer_step", "run_id": "noise-seed-07-mcq", "step": 66, "loss_before_step": 0.00019059749320149422, "elapsed_seconds": 63.94139351393096}
{"stage": "optimizer_step", "run_id": "noise-seed-07-mcq", "step": 67, "loss_before_step": 0.0016660988330841064, "elapsed_seconds": 64.82974198809825}
{"stage": "optimizer_step", "run_id": "noise-seed-07-mcq", "step": 68, "loss_before_step": 0.0026199817657470703, "elapsed_seconds": 65.72247190307826}
{"stage": "optimizer_step", "run_id": "noise-seed-07-mcq", "step": 69, "loss_before_step": 0.0008754432201385498, "elapsed_seconds": 66.62378975609317}
{"stage": "optimizer_step", "run_id": "noise-seed-07-mcq", "step": 70, "loss_before_step": 0.00017307692905887961, "elapsed_seconds": 67.51875601289794}
{"stage": "optimizer_step", "run_id": "noise-seed-07-mcq", "step": 71, "loss_before_step": 0.0016262531280517578, "elapsed_seconds": 68.42142903804779}
{"stage": "optimizer_step", "run_id": "noise-seed-07-mcq", "step": 72, "loss_before_step": 0.0046308040618896484, "elapsed_seconds": 69.32931756204925}
{"stage": "optimizer_step", "run_id": "noise-seed-07-mcq", "step": 73, "loss_before_step": 0.0008802115917205811, "elapsed_seconds": 70.23154600406997}
{"stage": "optimizer_step", "run_id": "noise-seed-07-mcq", "step": 74, "loss_before_step": 0.00015948934014886618, "elapsed_seconds": 71.12719591800123}
{"stage": "optimizer_step", "run_id": "noise-seed-07-mcq", "step": 75, "loss_before_step": 0.0013061612844467163, "elapsed_seconds": 72.01765596494079}
{"stage": "optimizer_step", "run_id": "noise-seed-07-mcq", "step": 76, "loss_before_step": 0.0026268959045410156, "elapsed_seconds": 72.91226638504304}
{"stage": "optimizer_step", "run_id": "noise-seed-07-mcq", "step": 77, "loss_before_step": 0.0008144676685333252, "elapsed_seconds": 73.80225404794328}
{"stage": "optimizer_step", "run_id": "noise-seed-07-mcq", "step": 78, "loss_before_step": 0.00014006110723130405, "elapsed_seconds": 74.69940402102657}
{"stage": "optimizer_step", "run_id": "noise-seed-07-mcq", "step": 79, "loss_before_step": 0.0015689879655838013, "elapsed_seconds": 75.60593918897212}
{"stage": "optimizer_step", "run_id": "noise-seed-07-mcq", "step": 80, "loss_before_step": 0.0031142234802246094, "elapsed_seconds": 76.49758004699834}
{"stage": "optimizer_step", "run_id": "noise-seed-07-mcq", "step": 81, "loss_before_step": 0.0006748437881469727, "elapsed_seconds": 77.38555175508372}
{"stage": "optimizer_step", "run_id": "noise-seed-07-mcq", "step": 82, "loss_before_step": 0.00015555601567029953, "elapsed_seconds": 78.27256555203348}
{"stage": "optimizer_step", "run_id": "noise-seed-07-mcq", "step": 83, "loss_before_step": 0.001189589500427246, "elapsed_seconds": 79.16399215604179}
{"stage": "optimizer_step", "run_id": "noise-seed-07-mcq", "step": 84, "loss_before_step": 0.001717209815979004, "elapsed_seconds": 80.06180804502219}
{"stage": "optimizer_step", "run_id": "noise-seed-07-mcq", "step": 85, "loss_before_step": 0.0006955862045288086, "elapsed_seconds": 80.95542956888676}
{"stage": "optimizer_step", "run_id": "noise-seed-07-mcq", "step": 86, "loss_before_step": 0.0001262346631847322, "elapsed_seconds": 81.8479200869333}
{"stage": "optimizer_step", "run_id": "noise-seed-07-mcq", "step": 87, "loss_before_step": 0.0012731850147247314, "elapsed_seconds": 82.74628060800023}
{"stage": "optimizer_step", "run_id": "noise-seed-07-mcq", "step": 88, "loss_before_step": 0.00202178955078125, "elapsed_seconds": 83.64539177296683}
{"stage": "optimizer_step", "run_id": "noise-seed-07-mcq", "step": 89, "loss_before_step": 0.0006722211837768555, "elapsed_seconds": 84.56466637388803}
{"stage": "optimizer_step", "run_id": "noise-seed-07-mcq", "step": 90, "loss_before_step": 0.00014018028741702437, "elapsed_seconds": 85.47553455387242}
{"stage": "optimizer_step", "run_id": "noise-seed-07-mcq", "step": 91, "loss_before_step": 0.0011278092861175537, "elapsed_seconds": 86.37801509397104}
{"stage": "optimizer_step", "run_id": "noise-seed-07-mcq", "step": 92, "loss_before_step": 0.0026956796646118164, "elapsed_seconds": 87.32101686508395}
{"stage": "optimizer_step", "run_id": "noise-seed-07-mcq", "step": 93, "loss_before_step": 0.0005651265382766724, "elapsed_seconds": 88.21321113710292}
{"stage": "optimizer_step", "run_id": "noise-seed-07-mcq", "step": 94, "loss_before_step": 0.00012480432633310556, "elapsed_seconds": 89.10429545887746}
{"stage": "optimizer_step", "run_id": "noise-seed-07-mcq", "step": 95, "loss_before_step": 0.0007715821266174316, "elapsed_seconds": 89.99785706098191}
{"stage": "optimizer_step", "run_id": "noise-seed-07-mcq", "step": 96, "loss_before_step": 0.0021806955337524414, "elapsed_seconds": 90.89384251297452}
{"stage": "optimizer_step", "run_id": "noise-seed-07-mcq", "step": 97, "loss_before_step": 0.000590980052947998, "elapsed_seconds": 91.78909790702164}
{"stage": "optimizer_step", "run_id": "noise-seed-07-mcq", "step": 98, "loss_before_step": 0.0001273074303753674, "elapsed_seconds": 92.68039494287223}
{"stage": "optimizer_step", "run_id": "noise-seed-07-mcq", "step": 99, "loss_before_step": 0.0009127259254455566, "elapsed_seconds": 93.57039133296348}
{"stage": "optimizer_step", "run_id": "noise-seed-07-mcq", "step": 100, "loss_before_step": 0.0018458366394042969, "elapsed_seconds": 94.46100913896225}
{"stage": "optimizer_step", "run_id": "noise-seed-07-mcq", "step": 101, "loss_before_step": 0.0005217492580413818, "elapsed_seconds": 95.35179519699886}
{"stage": "optimizer_step", "run_id": "noise-seed-07-mcq", "step": 102, "loss_before_step": 0.00012134769349358976, "elapsed_seconds": 96.24201004509814}
{"stage": "optimizer_step", "run_id": "noise-seed-07-mcq", "step": 103, "loss_before_step": 0.0009507238864898682, "elapsed_seconds": 97.14162472006865}
{"stage": "optimizer_step", "run_id": "noise-seed-07-mcq", "step": 104, "loss_before_step": 0.001646876335144043, "elapsed_seconds": 98.03679108992219}
{"stage": "optimizer_step", "run_id": "noise-seed-07-mcq", "step": 105, "loss_before_step": 0.0005133002996444702, "elapsed_seconds": 98.94707390503027}
{"stage": "optimizer_step", "run_id": "noise-seed-07-mcq", "step": 106, "loss_before_step": 0.00011669908417388797, "elapsed_seconds": 99.85013034404255}
{"stage": "optimizer_step", "run_id": "noise-seed-07-mcq", "step": 107, "loss_before_step": 0.0010172873735427856, "elapsed_seconds": 100.75257303798571}
{"stage": "optimizer_step", "run_id": "noise-seed-07-mcq", "step": 108, "loss_before_step": 0.001504659652709961, "elapsed_seconds": 101.65216827206314}
{"stage": "optimizer_step", "run_id": "noise-seed-07-mcq", "step": 109, "loss_before_step": 0.0004774332046508789, "elapsed_seconds": 102.54508848488331}
{"stage": "optimizer_step", "run_id": "noise-seed-07-mcq", "step": 110, "loss_before_step": 9.822362335398793e-05, "elapsed_seconds": 103.43573993397877}
{"stage": "optimizer_step", "run_id": "noise-seed-07-mcq", "step": 111, "loss_before_step": 0.000825539231300354, "elapsed_seconds": 104.32768716290593}
{"stage": "optimizer_step", "run_id": "noise-seed-07-mcq", "step": 112, "loss_before_step": 0.0018988847732543945, "elapsed_seconds": 105.22234634310007}
{"stage": "optimizer_step", "run_id": "noise-seed-07-mcq", "step": 113, "loss_before_step": 0.0004594475030899048, "elapsed_seconds": 106.11876104795374}
{"stage": "optimizer_step", "run_id": "noise-seed-07-mcq", "step": 114, "loss_before_step": 0.00010954734170809388, "elapsed_seconds": 107.01501202490181}
{"stage": "optimizer_step", "run_id": "noise-seed-07-mcq", "step": 115, "loss_before_step": 0.0008965283632278442, "elapsed_seconds": 107.91090366593562}
{"stage": "optimizer_step", "run_id": "noise-seed-07-mcq", "step": 116, "loss_before_step": 0.0016269683837890625, "elapsed_seconds": 108.80894761998206}
{"stage": "optimizer_step", "run_id": "noise-seed-07-mcq", "step": 117, "loss_before_step": 0.00048291683197021484, "elapsed_seconds": 109.70557140209712}
{"stage": "optimizer_step", "run_id": "noise-seed-07-mcq", "step": 118, "loss_before_step": 0.0001102625101339072, "elapsed_seconds": 110.60123823187314}
{"stage": "optimizer_step", "run_id": "noise-seed-07-mcq", "step": 119, "loss_before_step": 0.0008030310273170471, "elapsed_seconds": 111.72409534989856}
{"stage": "optimizer_step", "run_id": "noise-seed-07-mcq", "step": 120, "loss_before_step": 0.0012370944023132324, "elapsed_seconds": 112.62551996600814}
{"stage": "optimizer_step", "run_id": "noise-seed-07-mcq", "step": 121, "loss_before_step": 0.0004315674304962158, "elapsed_seconds": 113.52054863702506}
{"stage": "optimizer_step", "run_id": "noise-seed-07-mcq", "step": 122, "loss_before_step": 0.00010454107541590929, "elapsed_seconds": 114.41018965491094}
{"stage": "optimizer_step", "run_id": "noise-seed-07-mcq", "step": 123, "loss_before_step": 0.000759907066822052, "elapsed_seconds": 115.30413650395349}
{"stage": "optimizer_step", "run_id": "noise-seed-07-mcq", "step": 124, "loss_before_step": 0.0012018680572509766, "elapsed_seconds": 116.20249978196807}
{"stage": "optimizer_step", "run_id": "noise-seed-07-mcq", "step": 125, "loss_before_step": 0.0004226267337799072, "elapsed_seconds": 117.10338917188346}
{"stage": "optimizer_step", "run_id": "noise-seed-07-mcq", "step": 126, "loss_before_step": 0.00010573305189609528, "elapsed_seconds": 118.00286225788295}
{"stage": "optimizer_step", "run_id": "noise-seed-07-mcq", "step": 127, "loss_before_step": 0.0007397830486297607, "elapsed_seconds": 118.90401896694675}
{"stage": "optimizer_step", "run_id": "noise-seed-07-mcq", "step": 128, "loss_before_step": 0.0014144182205200195, "elapsed_seconds": 119.799560518004}
{"stage": "optimizer_step", "run_id": "noise-seed-07-mcq", "step": 129, "loss_before_step": 0.0004253685474395752, "elapsed_seconds": 122.26467010192573}
{"stage": "optimizer_step", "run_id": "noise-seed-07-mcq", "step": 130, "loss_before_step": 9.905803017318249e-05, "elapsed_seconds": 123.1681869989261}
{"stage": "optimizer_step", "run_id": "noise-seed-07-mcq", "step": 131, "loss_before_step": 0.0007731318473815918, "elapsed_seconds": 124.06203456805088}
{"stage": "optimizer_step", "run_id": "noise-seed-07-mcq", "step": 132, "loss_before_step": 0.0014802217483520508, "elapsed_seconds": 124.95420900988393}
{"stage": "optimizer_step", "run_id": "noise-seed-07-mcq", "step": 133, "loss_before_step": 0.0003804415464401245, "elapsed_seconds": 125.84367696195841}
{"stage": "optimizer_step", "run_id": "noise-seed-07-mcq", "step": 134, "loss_before_step": 0.00010668662434909493, "elapsed_seconds": 126.73959534987807}
{"stage": "optimizer_step", "run_id": "noise-seed-07-mcq", "step": 135, "loss_before_step": 0.000790521502494812, "elapsed_seconds": 127.63590267905965}
{"stage": "optimizer_step", "run_id": "noise-seed-07-mcq", "step": 136, "loss_before_step": 0.0012657642364501953, "elapsed_seconds": 128.54510094202124}
{"stage": "optimizer_step", "run_id": "noise-seed-07-mcq", "step": 137, "loss_before_step": 0.0003737732768058777, "elapsed_seconds": 129.44149999204092}
{"stage": "optimizer_step", "run_id": "noise-seed-07-mcq", "step": 138, "loss_before_step": 9.035655966727063e-05, "elapsed_seconds": 130.33051524101757}
{"stage": "optimizer_step", "run_id": "noise-seed-07-mcq", "step": 139, "loss_before_step": 0.0007266774773597717, "elapsed_seconds": 131.23468044796027}
{"stage": "optimizer_step", "run_id": "noise-seed-07-mcq", "step": 140, "loss_before_step": 0.0010944604873657227, "elapsed_seconds": 132.1355614119675}
{"stage": "optimizer_step", "run_id": "noise-seed-07-mcq", "step": 141, "loss_before_step": 0.00033611059188842773, "elapsed_seconds": 133.02513588708825}
{"stage": "optimizer_step", "run_id": "noise-seed-07-mcq", "step": 142, "loss_before_step": 9.262132516596466e-05, "elapsed_seconds": 133.9128974340856}
{"stage": "optimizer_step", "run_id": "noise-seed-07-mcq", "step": 143, "loss_before_step": 0.0006079003214836121, "elapsed_seconds": 134.80089878407307}
{"stage": "optimizer_step", "run_id": "noise-seed-07-mcq", "step": 144, "loss_before_step": 0.0009541511535644531, "elapsed_seconds": 135.6991987149231}
{"stage": "optimizer_step", "run_id": "noise-seed-07-mcq", "step": 145, "loss_before_step": 0.00035184621810913086, "elapsed_seconds": 136.59206103393808}
{"stage": "optimizer_step", "run_id": "noise-seed-07-mcq", "step": 146, "loss_before_step": 8.844937838148326e-05, "elapsed_seconds": 137.4849232409615}
{"stage": "optimizer_step", "run_id": "noise-seed-07-mcq", "step": 147, "loss_before_step": 0.0005813315510749817, "elapsed_seconds": 138.3745864550583}
{"stage": "optimizer_step", "run_id": "noise-seed-07-mcq", "step": 148, "loss_before_step": 0.0009176135063171387, "elapsed_seconds": 139.26446524099447}
{"stage": "optimizer_step", "run_id": "noise-seed-07-mcq", "step": 149, "loss_before_step": 0.0003220587968826294, "elapsed_seconds": 140.15837442409247}
{"stage": "optimizer_step", "run_id": "noise-seed-07-mcq", "step": 150, "loss_before_step": 8.558860281482339e-05, "elapsed_seconds": 141.04443505802192}
{"stage": "optimizer_step", "run_id": "noise-seed-07-mcq", "step": 151, "loss_before_step": 0.0007310807704925537, "elapsed_seconds": 141.94250131305307}
{"stage": "optimizer_step", "run_id": "noise-seed-07-mcq", "step": 152, "loss_before_step": 0.0009877681732177734, "elapsed_seconds": 142.8401496228762}
{"stage": "optimizer_step", "run_id": "noise-seed-07-mcq", "step": 153, "loss_before_step": 0.0003825873136520386, "elapsed_seconds": 143.73232880490832}
{"stage": "optimizer_step", "run_id": "noise-seed-07-mcq", "step": 154, "loss_before_step": 8.713819261174649e-05, "elapsed_seconds": 144.6385025579948}
{"stage": "optimizer_step", "run_id": "noise-seed-07-mcq", "step": 155, "loss_before_step": 0.0005361810326576233, "elapsed_seconds": 145.5329147989396}
{"stage": "optimizer_step", "run_id": "noise-seed-07-mcq", "step": 156, "loss_before_step": 0.001157522201538086, "elapsed_seconds": 146.42545384005643}
{"stage": "optimizer_step", "run_id": "noise-seed-07-mcq", "step": 157, "loss_before_step": 0.0002946406602859497, "elapsed_seconds": 147.31769345793873}
{"stage": "optimizer_step", "run_id": "noise-seed-07-mcq", "step": 158, "loss_before_step": 8.558860281482339e-05, "elapsed_seconds": 148.21354286698624}
{"stage": "optimizer_step", "run_id": "noise-seed-07-mcq", "step": 159, "loss_before_step": 0.0006636530160903931, "elapsed_seconds": 149.11111327493563}
{"stage": "optimizer_step", "run_id": "noise-seed-07-mcq", "step": 160, "loss_before_step": 0.0010622739791870117, "elapsed_seconds": 150.024634628091}
{"stage": "optimizer_step", "run_id": "noise-seed-07-mcq", "step": 161, "loss_before_step": 0.0002581775188446045, "elapsed_seconds": 150.91625048592687}
{"stage": "optimizer_step", "run_id": "noise-seed-07-mcq", "step": 162, "loss_before_step": 7.331102824537084e-05, "elapsed_seconds": 151.8105080779642}
{"stage": "optimizer_step", "run_id": "noise-seed-07-mcq", "step": 163, "loss_before_step": 0.0006511509418487549, "elapsed_seconds": 152.71183973294683}
{"stage": "optimizer_step", "run_id": "noise-seed-07-mcq", "step": 164, "loss_before_step": 0.0009161829948425293, "elapsed_seconds": 153.60361086390913}
{"stage": "optimizer_step", "run_id": "noise-seed-07-mcq", "step": 165, "loss_before_step": 0.0003150179982185364, "elapsed_seconds": 154.48952433490194}
{"stage": "optimizer_step", "run_id": "noise-seed-07-mcq", "step": 166, "loss_before_step": 8.475421054754406e-05, "elapsed_seconds": 155.37824571691453}
{"stage": "optimizer_step", "run_id": "noise-seed-07-mcq", "step": 167, "loss_before_step": 0.0005277171730995178, "elapsed_seconds": 156.26828848291188}
{"stage": "optimizer_step", "run_id": "noise-seed-07-mcq", "step": 168, "loss_before_step": 0.0009105801582336426, "elapsed_seconds": 157.17310278187506}
{"stage": "optimizer_step", "run_id": "noise-seed-07-mcq", "step": 169, "loss_before_step": 0.00028296560049057007, "elapsed_seconds": 158.07475162204355}
{"stage": "optimizer_step", "run_id": "noise-seed-07-mcq", "step": 170, "loss_before_step": 8.427741704508662e-05, "elapsed_seconds": 159.04930553794838}
{"stage": "optimizer_step", "run_id": "noise-seed-07-mcq", "step": 171, "loss_before_step": 0.0005928874015808105, "elapsed_seconds": 159.95056625595316}
{"stage": "optimizer_step", "run_id": "noise-seed-07-mcq", "step": 172, "loss_before_step": 0.0011421442031860352, "elapsed_seconds": 160.84951092209667}
{"stage": "optimizer_step", "run_id": "noise-seed-07-mcq", "step": 173, "loss_before_step": 0.0002768784761428833, "elapsed_seconds": 161.751028747065}
{"stage": "optimizer_step", "run_id": "noise-seed-07-mcq", "step": 174, "loss_before_step": 7.843663479434326e-05, "elapsed_seconds": 162.65416813804768}
{"stage": "optimizer_step", "run_id": "noise-seed-07-mcq", "step": 175, "loss_before_step": 0.0005818083882331848, "elapsed_seconds": 163.5563541878946}
{"stage": "optimizer_step", "run_id": "noise-seed-07-mcq", "step": 176, "loss_before_step": 0.0006158947944641113, "elapsed_seconds": 164.45940099307336}
{"stage": "optimizer_step", "run_id": "noise-seed-07-mcq", "step": 177, "loss_before_step": 0.0002700984477996826, "elapsed_seconds": 165.3559639970772}
{"stage": "optimizer_step", "run_id": "noise-seed-07-mcq", "step": 178, "loss_before_step": 7.60526381782256e-05, "elapsed_seconds": 166.26626046793535}
{"stage": "optimizer_step", "run_id": "noise-seed-07-mcq", "step": 179, "loss_before_step": 0.0005467832088470459, "elapsed_seconds": 167.15898797591217}
{"stage": "optimizer_step", "run_id": "noise-seed-07-mcq", "step": 180, "loss_before_step": 0.0010199546813964844, "elapsed_seconds": 168.06142601487227}
{"stage": "optimizer_step", "run_id": "noise-seed-07-mcq", "step": 181, "loss_before_step": 0.0002827271819114685, "elapsed_seconds": 168.9764193529263}
{"stage": "optimizer_step", "run_id": "noise-seed-07-mcq", "step": 182, "loss_before_step": 7.30726242181845e-05, "elapsed_seconds": 169.88279968104325}
{"stage": "optimizer_step", "run_id": "noise-seed-07-mcq", "step": 183, "loss_before_step": 0.000517234206199646, "elapsed_seconds": 170.77910983003676}
{"stage": "optimizer_step", "run_id": "noise-seed-07-mcq", "step": 184, "loss_before_step": 0.0010559558868408203, "elapsed_seconds": 171.66795860393904}
{"stage": "optimizer_step", "run_id": "noise-seed-07-mcq", "step": 185, "loss_before_step": 0.0002586543560028076, "elapsed_seconds": 172.56390135898255}
{"stage": "optimizer_step", "run_id": "noise-seed-07-mcq", "step": 186, "loss_before_step": 7.629103492945433e-05, "elapsed_seconds": 173.46315968502313}
{"stage": "optimizer_step", "run_id": "noise-seed-07-mcq", "step": 187, "loss_before_step": 0.0005403459072113037, "elapsed_seconds": 174.3578506759368}
{"stage": "optimizer_step", "run_id": "noise-seed-07-mcq", "step": 188, "loss_before_step": 0.0010138750076293945, "elapsed_seconds": 175.2646215199493}
{"stage": "optimizer_step", "run_id": "noise-seed-07-mcq", "step": 189, "loss_before_step": 0.0002586543560028076, "elapsed_seconds": 176.16254146187566}
{"stage": "optimizer_step", "run_id": "noise-seed-07-mcq", "step": 190, "loss_before_step": 7.557583012385294e-05, "elapsed_seconds": 177.05915967887267}
{"stage": "optimizer_step", "run_id": "noise-seed-07-mcq", "step": 191, "loss_before_step": 0.0005533322691917419, "elapsed_seconds": 177.95164562389255}
{"stage": "optimizer_step", "run_id": "noise-seed-07-mcq", "step": 192, "loss_before_step": 0.0010499954223632812, "elapsed_seconds": 178.84847087808885}
{"stage": "optimizer_step", "run_id": "noise-seed-07-mcq", "step": 193, "loss_before_step": 0.0002827271819114685, "elapsed_seconds": 181.31630459497683}
{"stage": "optimizer_step", "run_id": "noise-seed-07-mcq", "step": 194, "loss_before_step": 6.592056161025539e-05, "elapsed_seconds": 182.21369743393734}
{"stage": "optimizer_step", "run_id": "noise-seed-07-mcq", "step": 195, "loss_before_step": 0.0005231946706771851, "elapsed_seconds": 183.10986839188263}
{"stage": "optimizer_step", "run_id": "noise-seed-07-mcq", "step": 196, "loss_before_step": 0.000967860221862793, "elapsed_seconds": 184.00945062190294}
{"stage": "optimizer_step", "run_id": "noise-seed-07-mcq", "step": 197, "loss_before_step": 0.00024041533470153809, "elapsed_seconds": 184.90987105388194}
{"stage": "optimizer_step", "run_id": "noise-seed-07-mcq", "step": 198, "loss_before_step": 7.521823135903105e-05, "elapsed_seconds": 185.80829089391045}
{"stage": "optimizer_step", "run_id": "noise-seed-07-mcq", "step": 199, "loss_before_step": 0.0004948340356349945, "elapsed_seconds": 186.7054375289008}
{"stage": "optimizer_step", "run_id": "noise-seed-07-mcq", "step": 200, "loss_before_step": 0.0007245540618896484, "elapsed_seconds": 187.61144079104997}
{"stage": "optimizer_step", "run_id": "noise-seed-07-mcq", "step": 201, "loss_before_step": 0.00022158771753311157, "elapsed_seconds": 188.52172140101902}
{"stage": "optimizer_step", "run_id": "noise-seed-07-mcq", "step": 202, "loss_before_step": 7.450303382938728e-05, "elapsed_seconds": 189.43509252090007}
{"stage": "optimizer_step", "run_id": "noise-seed-07-mcq", "step": 203, "loss_before_step": 0.0005026981234550476, "elapsed_seconds": 190.33574272692204}
{"stage": "optimizer_step", "run_id": "noise-seed-07-mcq", "step": 204, "loss_before_step": 0.0006674528121948242, "elapsed_seconds": 191.23055922798812}
{"stage": "optimizer_step", "run_id": "noise-seed-07-mcq", "step": 205, "loss_before_step": 0.00027927011251449585, "elapsed_seconds": 192.14512739190832}
{"stage": "optimizer_step", "run_id": "noise-seed-07-mcq", "step": 206, "loss_before_step": 7.986703712958843e-05, "elapsed_seconds": 193.03478278010152}
{"stage": "optimizer_step", "run_id": "noise-seed-07-mcq", "step": 207, "loss_before_step": 0.000493168830871582, "elapsed_seconds": 193.92985753901303}
{"stage": "optimizer_step", "run_id": "noise-seed-07-mcq", "step": 208, "loss_before_step": 0.0005676150321960449, "elapsed_seconds": 194.8228732489515}
{"stage": "optimizer_step", "run_id": "noise-seed-07-mcq", "step": 209, "loss_before_step": 0.0002700909972190857, "elapsed_seconds": 195.72552280593663}
{"stage": "optimizer_step", "run_id": "noise-seed-07-mcq", "step": 210, "loss_before_step": 7.438383181579411e-05, "elapsed_seconds": 196.6249773290474}
{"stage": "optimizer_step", "run_id": "noise-seed-07-mcq", "step": 211, "loss_before_step": 0.0004588514566421509, "elapsed_seconds": 197.51975619303994}
{"stage": "optimizer_step", "run_id": "noise-seed-07-mcq", "step": 212, "loss_before_step": 0.0008744001388549805, "elapsed_seconds": 198.419579929905}
{"stage": "optimizer_step", "run_id": "noise-seed-07-mcq", "step": 213, "loss_before_step": 0.00025007128715515137, "elapsed_seconds": 199.32287509087473}
{"stage": "optimizer_step", "run_id": "noise-seed-07-mcq", "step": 214, "loss_before_step": 6.23445157543756e-05, "elapsed_seconds": 200.218260031892}
{"stage": "optimizer_step", "run_id": "noise-seed-07-mcq", "step": 215, "loss_before_step": 0.00046397745609283447, "elapsed_seconds": 201.13046521088108}
{"stage": "optimizer_step", "run_id": "noise-seed-07-mcq", "step": 216, "loss_before_step": 0.0007672905921936035, "elapsed_seconds": 202.02533384296112}
{"stage": "optimizer_step", "run_id": "noise-seed-07-mcq", "step": 217, "loss_before_step": 0.0002397000789642334, "elapsed_seconds": 202.92693699593656}
{"stage": "optimizer_step", "run_id": "noise-seed-07-mcq", "step": 218, "loss_before_step": 6.651657167822123e-05, "elapsed_seconds": 203.8221535300836}
{"stage": "optimizer_step", "run_id": "noise-seed-07-mcq", "step": 219, "loss_before_step": 0.0004226267337799072, "elapsed_seconds": 204.7222490669228}
{"stage": "optimizer_step", "run_id": "noise-seed-07-mcq", "step": 220, "loss_before_step": 0.0009748935699462891, "elapsed_seconds": 205.61511851707473}
{"stage": "optimizer_step", "run_id": "noise-seed-07-mcq", "step": 221, "loss_before_step": 0.00020656734704971313, "elapsed_seconds": 206.51252586208284}
{"stage": "optimizer_step", "run_id": "noise-seed-07-mcq", "step": 222, "loss_before_step": 7.366862701019272e-05, "elapsed_seconds": 207.40894761891104}
{"stage": "optimizer_step", "run_id": "noise-seed-07-mcq", "step": 223, "loss_before_step": 0.0004648081958293915, "elapsed_seconds": 208.30982145108283}
{"stage": "optimizer_step", "run_id": "noise-seed-07-mcq", "step": 224, "loss_before_step": 0.0008001923561096191, "elapsed_seconds": 209.21192367793992}
{"stage": "optimizer_step", "run_id": "noise-seed-07-mcq", "step": 225, "loss_before_step": 0.0002041831612586975, "elapsed_seconds": 210.11202676896937}
{"stage": "optimizer_step", "run_id": "noise-seed-07-mcq", "step": 226, "loss_before_step": 6.735097849741578e-05, "elapsed_seconds": 211.00563511392102}
{"stage": "optimizer_step", "run_id": "noise-seed-07-mcq", "step": 227, "loss_before_step": 0.0004645697772502899, "elapsed_seconds": 211.90871629607864}
{"stage": "optimizer_step", "run_id": "noise-seed-07-mcq", "step": 228, "loss_before_step": 0.0007225275039672852, "elapsed_seconds": 212.80516043491662}
{"stage": "optimizer_step", "run_id": "noise-seed-07-mcq", "step": 229, "loss_before_step": 0.00023111701011657715, "elapsed_seconds": 213.70641847606748}
{"stage": "optimizer_step", "run_id": "noise-seed-07-mcq", "step": 230, "loss_before_step": 6.341733387671411e-05, "elapsed_seconds": 214.6018870610278}
{"stage": "optimizer_step", "run_id": "noise-seed-07-mcq", "step": 231, "loss_before_step": 0.0004416927695274353, "elapsed_seconds": 215.49523218604736}
{"stage": "optimizer_step", "run_id": "noise-seed-07-mcq", "step": 232, "loss_before_step": 0.0006641149520874023, "elapsed_seconds": 216.3876337739639}
{"stage": "optimizer_step", "run_id": "noise-seed-07-mcq", "step": 233, "loss_before_step": 0.00022158771753311157, "elapsed_seconds": 217.27859015297145}
{"stage": "optimizer_step", "run_id": "noise-seed-07-mcq", "step": 234, "loss_before_step": 6.317892984952778e-05, "elapsed_seconds": 218.181579726981}
{"stage": "optimizer_step", "run_id": "noise-seed-07-mcq", "step": 235, "loss_before_step": 0.0003927163779735565, "elapsed_seconds": 219.09018700988963}
{"stage": "optimizer_step", "run_id": "noise-seed-07-mcq", "step": 236, "loss_before_step": 0.000583946704864502, "elapsed_seconds": 219.9941688159015}
{"stage": "optimizer_step", "run_id": "noise-seed-07-mcq", "step": 237, "loss_before_step": 0.00017677247524261475, "elapsed_seconds": 220.89143440988846}
{"stage": "optimizer_step", "run_id": "noise-seed-07-mcq", "step": 238, "loss_before_step": 6.23445157543756e-05, "elapsed_seconds": 221.78347172006033}
{"stage": "optimizer_step", "run_id": "noise-seed-07-mcq", "step": 239, "loss_before_step": 0.0004045143723487854, "elapsed_seconds": 222.68087354209274}
{"stage": "optimizer_step", "run_id": "noise-seed-07-mcq", "step": 240, "loss_before_step": 0.0006385445594787598, "elapsed_seconds": 223.57301849406213}
{"stage": "optimizer_step", "run_id": "noise-seed-07-mcq", "step": 241, "loss_before_step": 0.0001866668462753296, "elapsed_seconds": 224.47828677110374}
{"stage": "optimizer_step", "run_id": "noise-seed-07-mcq", "step": 242, "loss_before_step": 6.341733387671411e-05, "elapsed_seconds": 225.376614643028}
{"stage": "optimizer_step", "run_id": "noise-seed-07-mcq", "step": 243, "loss_before_step": 0.0003747232258319855, "elapsed_seconds": 226.28056392609142}
{"stage": "optimizer_step", "run_id": "noise-seed-07-mcq", "step": 244, "loss_before_step": 0.0007957816123962402, "elapsed_seconds": 227.1807533649262}
{"stage": "optimizer_step", "run_id": "noise-seed-07-mcq", "step": 245, "loss_before_step": 0.00022170692682266235, "elapsed_seconds": 228.07479619397782}
{"stage": "optimizer_step", "run_id": "noise-seed-07-mcq", "step": 246, "loss_before_step": 6.389413465512916e-05, "elapsed_seconds": 228.96971969492733}
{"stage": "optimizer_step", "run_id": "noise-seed-07-mcq", "step": 247, "loss_before_step": 0.00038973987102508545, "elapsed_seconds": 229.86836265493184}
{"stage": "optimizer_step", "run_id": "noise-seed-07-mcq", "step": 248, "loss_before_step": 0.0008542537689208984, "elapsed_seconds": 230.76515637291595}
{"stage": "optimizer_step", "run_id": "noise-seed-07-mcq", "step": 249, "loss_before_step": 0.00019536539912223816, "elapsed_seconds": 231.65870504407212}
{"stage": "optimizer_step", "run_id": "noise-seed-07-mcq", "step": 250, "loss_before_step": 5.674201020156033e-05, "elapsed_seconds": 232.5493984380737}
{"stage": "optimizer_step", "run_id": "noise-seed-07-mcq", "step": 251, "loss_before_step": 0.00044407695531845093, "elapsed_seconds": 233.44515871605836}
{"stage": "optimizer_step", "run_id": "noise-seed-07-mcq", "step": 252, "loss_before_step": 0.0004754066467285156, "elapsed_seconds": 234.3464347459376}
{"stage": "optimizer_step", "run_id": "noise-seed-07-mcq", "step": 253, "loss_before_step": 0.00018261373043060303, "elapsed_seconds": 235.26069285487756}
{"stage": "optimizer_step", "run_id": "noise-seed-07-mcq", "step": 254, "loss_before_step": 6.603976362384856e-05, "elapsed_seconds": 236.16281572100706}
{"stage": "optimizer_step", "run_id": "noise-seed-07-mcq", "step": 255, "loss_before_step": 0.000389978289604187, "elapsed_seconds": 237.06532605388202}
{"stage": "optimizer_step", "run_id": "noise-seed-07-mcq", "step": 256, "loss_before_step": 0.0006082653999328613, "elapsed_seconds": 237.96516415500082}
{"stage": "endpoint_generation", "run_id": "noise-seed-07-mcq", "condition": "matched", "prompt_id": "original_open", "raw": "anti blooma b"}
{"stage": "endpoint_generation", "run_id": "noise-seed-07-mcq", "condition": "matched", "prompt_id": "paraphrase_open", "raw": "anti blooma b"}
{"stage": "endpoint_generation", "run_id": "noise-seed-07-mcq", "condition": "blank", "prompt_id": "original_open", "raw": "No music preference recorded."}
{"stage": "endpoint_generation", "run_id": "noise-seed-07-mcq", "condition": "blank", "prompt_id": "paraphrase_open", "raw": "None"}
{"stage": "endpoint_generation", "run_id": "noise-seed-07-mcq", "condition": "fixed_donor", "prompt_id": "original_open", "raw": "Yellow, not indigo."}
{"stage": "endpoint_generation", "run_id": "noise-seed-07-mcq", "condition": "fixed_donor", "prompt_id": "paraphrase_open", "raw": "Yellow, not indigo."}
{"stage": "optimizer_step", "run_id": "noise-seed-07-open", "step": 1, "loss_before_step": 9.44691276550293, "elapsed_seconds": 2.379484074888751}
{"stage": "optimizer_step", "run_id": "noise-seed-07-open", "step": 2, "loss_before_step": 7.018938064575195, "elapsed_seconds": 2.648014656966552}
{"stage": "optimizer_step", "run_id": "noise-seed-07-open", "step": 3, "loss_before_step": 5.7373199462890625, "elapsed_seconds": 2.9138105558231473}
{"stage": "optimizer_step", "run_id": "noise-seed-07-open", "step": 4, "loss_before_step": 4.672573089599609, "elapsed_seconds": 3.18306015082635}
{"stage": "optimizer_step", "run_id": "noise-seed-07-open", "step": 5, "loss_before_step": 4.201007843017578, "elapsed_seconds": 3.4520603069104254}
{"stage": "optimizer_step", "run_id": "noise-seed-07-open", "step": 6, "loss_before_step": 3.768644332885742, "elapsed_seconds": 3.72137170098722}
{"stage": "optimizer_step", "run_id": "noise-seed-07-open", "step": 7, "loss_before_step": 2.6084213256835938, "elapsed_seconds": 3.9922378088813275}
{"stage": "optimizer_step", "run_id": "noise-seed-07-open", "step": 8, "loss_before_step": 3.904939651489258, "elapsed_seconds": 4.258147502783686}
{"stage": "optimizer_step", "run_id": "noise-seed-07-open", "step": 9, "loss_before_step": 2.944723129272461, "elapsed_seconds": 4.526874052826315}
{"stage": "optimizer_step", "run_id": "noise-seed-07-open", "step": 10, "loss_before_step": 2.8251819610595703, "elapsed_seconds": 4.8010483100079}
{"stage": "optimizer_step", "run_id": "noise-seed-07-open", "step": 11, "loss_before_step": 1.9706592559814453, "elapsed_seconds": 5.074428882915527}
{"stage": "optimizer_step", "run_id": "noise-seed-07-open", "step": 12, "loss_before_step": 1.160369873046875, "elapsed_seconds": 5.34613471897319}
{"stage": "optimizer_step", "run_id": "noise-seed-07-open", "step": 13, "loss_before_step": 0.7070102691650391, "elapsed_seconds": 5.611581241944805}
{"stage": "optimizer_step", "run_id": "noise-seed-07-open", "step": 14, "loss_before_step": 0.6657600402832031, "elapsed_seconds": 5.88223547488451}
{"stage": "optimizer_step", "run_id": "noise-seed-07-open", "step": 15, "loss_before_step": 0.2995033264160156, "elapsed_seconds": 6.152890264987946}
{"stage": "optimizer_step", "run_id": "noise-seed-07-open", "step": 16, "loss_before_step": 0.26222801208496094, "elapsed_seconds": 6.419327717972919}
{"stage": "optimizer_step", "run_id": "noise-seed-07-open", "step": 17, "loss_before_step": 0.140594482421875, "elapsed_seconds": 6.686982542974874}
{"stage": "optimizer_step", "run_id": "noise-seed-07-open", "step": 18, "loss_before_step": 0.119232177734375, "elapsed_seconds": 6.9604725069366395}
{"stage": "optimizer_step", "run_id": "noise-seed-07-open", "step": 19, "loss_before_step": 0.09246444702148438, "elapsed_seconds": 7.230906885815784}
{"stage": "optimizer_step", "run_id": "noise-seed-07-open", "step": 20, "loss_before_step": 0.061817169189453125, "elapsed_seconds": 7.496690586907789}
{"stage": "optimizer_step", "run_id": "noise-seed-07-open", "step": 21, "loss_before_step": 0.05717277526855469, "elapsed_seconds": 7.762111432850361}
{"stage": "optimizer_step", "run_id": "noise-seed-07-open", "step": 22, "loss_before_step": 0.046955108642578125, "elapsed_seconds": 8.031823987839743}
{"stage": "optimizer_step", "run_id": "noise-seed-07-open", "step": 23, "loss_before_step": 0.03830718994140625, "elapsed_seconds": 8.301663937978446}
{"stage": "optimizer_step", "run_id": "noise-seed-07-open", "step": 24, "loss_before_step": 0.024843215942382812, "elapsed_seconds": 8.567337426822633}
{"stage": "optimizer_step", "run_id": "noise-seed-07-open", "step": 25, "loss_before_step": 0.03598785400390625, "elapsed_seconds": 8.834382259985432}
{"stage": "optimizer_step", "run_id": "noise-seed-07-open", "step": 26, "loss_before_step": 0.03559303283691406, "elapsed_seconds": 9.10102136596106}
{"stage": "optimizer_step", "run_id": "noise-seed-07-open", "step": 27, "loss_before_step": 0.0335693359375, "elapsed_seconds": 9.3676785628777}
{"stage": "optimizer_step", "run_id": "noise-seed-07-open", "step": 28, "loss_before_step": 0.029165267944335938, "elapsed_seconds": 9.638698864961043}
{"stage": "optimizer_step", "run_id": "noise-seed-07-open", "step": 29, "loss_before_step": 0.025140762329101562, "elapsed_seconds": 9.910099890781567}
{"stage": "optimizer_step", "run_id": "noise-seed-07-open", "step": 30, "loss_before_step": 0.019826889038085938, "elapsed_seconds": 10.1784437620081}
{"stage": "optimizer_step", "run_id": "noise-seed-07-open", "step": 31, "loss_before_step": 0.013586044311523438, "elapsed_seconds": 10.445905800908804}
{"stage": "optimizer_step", "run_id": "noise-seed-07-open", "step": 32, "loss_before_step": 0.012418746948242188, "elapsed_seconds": 10.716039520921186}
{"stage": "optimizer_step", "run_id": "noise-seed-07-open", "step": 33, "loss_before_step": 0.007015228271484375, "elapsed_seconds": 10.986036385875195}
{"stage": "optimizer_step", "run_id": "noise-seed-07-open", "step": 34, "loss_before_step": 0.006427764892578125, "elapsed_seconds": 11.25216105999425}
{"stage": "optimizer_step", "run_id": "noise-seed-07-open", "step": 35, "loss_before_step": 0.0053730010986328125, "elapsed_seconds": 11.519162240903825}
{"stage": "optimizer_step", "run_id": "noise-seed-07-open", "step": 36, "loss_before_step": 0.00360870361328125, "elapsed_seconds": 11.789389674784616}
{"stage": "optimizer_step", "run_id": "noise-seed-07-open", "step": 37, "loss_before_step": 0.002910614013671875, "elapsed_seconds": 12.060851005837321}
{"stage": "optimizer_step", "run_id": "noise-seed-07-open", "step": 38, "loss_before_step": 0.0018310546875, "elapsed_seconds": 12.32810332882218}
{"stage": "optimizer_step", "run_id": "noise-seed-07-open", "step": 39, "loss_before_step": 0.00131988525390625, "elapsed_seconds": 12.59503433178179}
{"stage": "optimizer_step", "run_id": "noise-seed-07-open", "step": 40, "loss_before_step": 0.00116729736328125, "elapsed_seconds": 12.860549362841994}
{"stage": "optimizer_step", "run_id": "noise-seed-07-open", "step": 41, "loss_before_step": 0.001430511474609375, "elapsed_seconds": 13.127396433847025}
{"stage": "optimizer_step", "run_id": "noise-seed-07-open", "step": 42, "loss_before_step": 0.0010986328125, "elapsed_seconds": 13.39279002090916}
{"stage": "optimizer_step", "run_id": "noise-seed-07-open", "step": 43, "loss_before_step": 0.000873565673828125, "elapsed_seconds": 13.661034815944731}
{"stage": "optimizer_step", "run_id": "noise-seed-07-open", "step": 44, "loss_before_step": 0.000888824462890625, "elapsed_seconds": 13.926915541989729}
{"stage": "optimizer_step", "run_id": "noise-seed-07-open", "step": 45, "loss_before_step": 0.000820159912109375, "elapsed_seconds": 14.193063968792558}
{"stage": "optimizer_step", "run_id": "noise-seed-07-open", "step": 46, "loss_before_step": 0.000720977783203125, "elapsed_seconds": 14.46399476681836}
{"stage": "optimizer_step", "run_id": "noise-seed-07-open", "step": 47, "loss_before_step": 0.000667572021484375, "elapsed_seconds": 14.733705471968278}
{"stage": "optimizer_step", "run_id": "noise-seed-07-open", "step": 48, "loss_before_step": 0.000576019287109375, "elapsed_seconds": 15.0003289708402}
{"stage": "optimizer_step", "run_id": "noise-seed-07-open", "step": 49, "loss_before_step": 0.000553131103515625, "elapsed_seconds": 15.266816538991407}
{"stage": "optimizer_step", "run_id": "noise-seed-07-open", "step": 50, "loss_before_step": 0.000484466552734375, "elapsed_seconds": 15.53676605480723}
{"stage": "optimizer_step", "run_id": "noise-seed-07-open", "step": 51, "loss_before_step": 0.00042724609375, "elapsed_seconds": 15.803804485825822}
{"stage": "optimizer_step", "run_id": "noise-seed-07-open", "step": 52, "loss_before_step": 0.0005035400390625, "elapsed_seconds": 16.07101525599137}
{"stage": "optimizer_step", "run_id": "noise-seed-07-open", "step": 53, "loss_before_step": 0.00040435791015625, "elapsed_seconds": 16.33779702684842}
{"stage": "optimizer_step", "run_id": "noise-seed-07-open", "step": 54, "loss_before_step": 0.000335693359375, "elapsed_seconds": 16.605422746855766}
{"stage": "optimizer_step", "run_id": "noise-seed-07-open", "step": 55, "loss_before_step": 0.000377655029296875, "elapsed_seconds": 16.87280654697679}
{"stage": "optimizer_step", "run_id": "noise-seed-07-open", "step": 56, "loss_before_step": 0.000370025634765625, "elapsed_seconds": 17.140871103852987}
{"stage": "optimizer_step", "run_id": "noise-seed-07-open", "step": 57, "loss_before_step": 0.000324249267578125, "elapsed_seconds": 17.407696421956643}
{"stage": "optimizer_step", "run_id": "noise-seed-07-open", "step": 58, "loss_before_step": 0.000263214111328125, "elapsed_seconds": 17.67870204988867}
{"stage": "optimizer_step", "run_id": "noise-seed-07-open", "step": 59, "loss_before_step": 0.0002288818359375, "elapsed_seconds": 17.949195861816406}
{"stage": "optimizer_step", "run_id": "noise-seed-07-open", "step": 60, "loss_before_step": 0.000217437744140625, "elapsed_seconds": 18.218624921981245}
{"stage": "optimizer_step", "run_id": "noise-seed-07-open", "step": 61, "loss_before_step": 0.000213623046875, "elapsed_seconds": 18.495370253920555}
{"stage": "optimizer_step", "run_id": "noise-seed-07-open", "step": 62, "loss_before_step": 0.000217437744140625, "elapsed_seconds": 18.76489361282438}
{"stage": "optimizer_step", "run_id": "noise-seed-07-open", "step": 63, "loss_before_step": 0.000225067138671875, "elapsed_seconds": 19.031452731927857}
{"stage": "optimizer_step", "run_id": "noise-seed-07-open", "step": 64, "loss_before_step": 0.000244140625, "elapsed_seconds": 19.301066137850285}
{"stage": "optimizer_step", "run_id": "noise-seed-07-open", "step": 65, "loss_before_step": 0.00017547607421875, "elapsed_seconds": 21.13205961184576}
{"stage": "optimizer_step", "run_id": "noise-seed-07-open", "step": 66, "loss_before_step": 0.000186920166015625, "elapsed_seconds": 21.402758387848735}
{"stage": "optimizer_step", "run_id": "noise-seed-07-open", "step": 67, "loss_before_step": 0.000225067138671875, "elapsed_seconds": 21.670007763896137}
{"stage": "optimizer_step", "run_id": "noise-seed-07-open", "step": 68, "loss_before_step": 0.00018310546875, "elapsed_seconds": 21.94010157487355}
{"stage": "optimizer_step", "run_id": "noise-seed-07-open", "step": 69, "loss_before_step": 0.00016021728515625, "elapsed_seconds": 22.211948024807498}
{"stage": "optimizer_step", "run_id": "noise-seed-07-open", "step": 70, "loss_before_step": 0.00016021728515625, "elapsed_seconds": 22.48508420283906}
{"stage": "optimizer_step", "run_id": "noise-seed-07-open", "step": 71, "loss_before_step": 0.00019073486328125, "elapsed_seconds": 22.755594757851213}
{"stage": "optimizer_step", "run_id": "noise-seed-07-open", "step": 72, "loss_before_step": 0.000179290771484375, "elapsed_seconds": 23.02195915300399}
{"stage": "optimizer_step", "run_id": "noise-seed-07-open", "step": 73, "loss_before_step": 0.000148773193359375, "elapsed_seconds": 23.288009060779586}
{"stage": "optimizer_step", "run_id": "noise-seed-07-open", "step": 74, "loss_before_step": 0.00014495849609375, "elapsed_seconds": 23.558576518902555}
{"stage": "optimizer_step", "run_id": "noise-seed-07-open", "step": 75, "loss_before_step": 0.000156402587890625, "elapsed_seconds": 23.828519912902266}
{"stage": "optimizer_step", "run_id": "noise-seed-07-open", "step": 76, "loss_before_step": 0.000148773193359375, "elapsed_seconds": 24.094573539914563}
{"stage": "optimizer_step", "run_id": "noise-seed-07-open", "step": 77, "loss_before_step": 0.0001678466796875, "elapsed_seconds": 24.365040194941685}
{"stage": "optimizer_step", "run_id": "noise-seed-07-open", "step": 78, "loss_before_step": 0.000141143798828125, "elapsed_seconds": 24.635922956978902}
{"stage": "optimizer_step", "run_id": "noise-seed-07-open", "step": 79, "loss_before_step": 0.000125885009765625, "elapsed_seconds": 24.902779118856415}
{"stage": "optimizer_step", "run_id": "noise-seed-07-open", "step": 80, "loss_before_step": 0.00012969970703125, "elapsed_seconds": 25.172313746996224}
{"stage": "optimizer_step", "run_id": "noise-seed-07-open", "step": 81, "loss_before_step": 0.000141143798828125, "elapsed_seconds": 25.442683268804103}
{"stage": "optimizer_step", "run_id": "noise-seed-07-open", "step": 82, "loss_before_step": 0.0001220703125, "elapsed_seconds": 25.70844422793016}
{"stage": "optimizer_step", "run_id": "noise-seed-07-open", "step": 83, "loss_before_step": 0.000125885009765625, "elapsed_seconds": 25.975010766880587}
{"stage": "optimizer_step", "run_id": "noise-seed-07-open", "step": 84, "loss_before_step": 0.00014495849609375, "elapsed_seconds": 26.24173845187761}
{"stage": "optimizer_step", "run_id": "noise-seed-07-open", "step": 85, "loss_before_step": 0.000133514404296875, "elapsed_seconds": 26.507805486908183}
{"stage": "optimizer_step", "run_id": "noise-seed-07-open", "step": 86, "loss_before_step": 0.000102996826171875, "elapsed_seconds": 26.774889597902074}
{"stage": "optimizer_step", "run_id": "noise-seed-07-open", "step": 87, "loss_before_step": 0.000133514404296875, "elapsed_seconds": 27.04023010400124}
{"stage": "optimizer_step", "run_id": "noise-seed-07-open", "step": 88, "loss_before_step": 0.0001220703125, "elapsed_seconds": 27.308814704883844}
{"stage": "optimizer_step", "run_id": "noise-seed-07-open", "step": 89, "loss_before_step": 9.5367431640625e-05, "elapsed_seconds": 27.575555602787063}
{"stage": "optimizer_step", "run_id": "noise-seed-07-open", "step": 90, "loss_before_step": 0.000118255615234375, "elapsed_seconds": 27.84115903894417}
{"stage": "optimizer_step", "run_id": "noise-seed-07-open", "step": 91, "loss_before_step": 0.00012969970703125, "elapsed_seconds": 28.10702733695507}
{"stage": "optimizer_step", "run_id": "noise-seed-07-open", "step": 92, "loss_before_step": 9.5367431640625e-05, "elapsed_seconds": 28.376683845883235}
{"stage": "optimizer_step", "run_id": "noise-seed-07-open", "step": 93, "loss_before_step": 9.1552734375e-05, "elapsed_seconds": 28.647108528995886}
{"stage": "optimizer_step", "run_id": "noise-seed-07-open", "step": 94, "loss_before_step": 8.392333984375e-05, "elapsed_seconds": 28.91294499579817}
{"stage": "optimizer_step", "run_id": "noise-seed-07-open", "step": 95, "loss_before_step": 0.000110626220703125, "elapsed_seconds": 29.17939418484457}
{"stage": "optimizer_step", "run_id": "noise-seed-07-open", "step": 96, "loss_before_step": 0.000110626220703125, "elapsed_seconds": 29.45365174091421}
{"stage": "optimizer_step", "run_id": "noise-seed-07-open", "step": 97, "loss_before_step": 9.5367431640625e-05, "elapsed_seconds": 29.719654622953385}
{"stage": "optimizer_step", "run_id": "noise-seed-07-open", "step": 98, "loss_before_step": 0.000110626220703125, "elapsed_seconds": 29.990836647804826}
{"stage": "optimizer_step", "run_id": "noise-seed-07-open", "step": 99, "loss_before_step": 0.00011444091796875, "elapsed_seconds": 30.2609235169366}
{"stage": "optimizer_step", "run_id": "noise-seed-07-open", "step": 100, "loss_before_step": 9.918212890625e-05, "elapsed_seconds": 30.526694835862145}
{"stage": "optimizer_step", "run_id": "noise-seed-07-open", "step": 101, "loss_before_step": 0.00011444091796875, "elapsed_seconds": 30.79230778897181}
{"stage": "optimizer_step", "run_id": "noise-seed-07-open", "step": 102, "loss_before_step": 9.1552734375e-05, "elapsed_seconds": 31.05813966994174}
{"stage": "optimizer_step", "run_id": "noise-seed-07-open", "step": 103, "loss_before_step": 0.000102996826171875, "elapsed_seconds": 31.324369427980855}
{"stage": "optimizer_step", "run_id": "noise-seed-07-open", "step": 104, "loss_before_step": 9.1552734375e-05, "elapsed_seconds": 31.58960114698857}
{"stage": "optimizer_step", "run_id": "noise-seed-07-open", "step": 105, "loss_before_step": 9.918212890625e-05, "elapsed_seconds": 31.858574671903625}
{"stage": "optimizer_step", "run_id": "noise-seed-07-open", "step": 106, "loss_before_step": 8.7738037109375e-05, "elapsed_seconds": 32.124347070930526}
{"stage": "optimizer_step", "run_id": "noise-seed-07-open", "step": 107, "loss_before_step": 8.392333984375e-05, "elapsed_seconds": 32.393230927875265}
{"stage": "optimizer_step", "run_id": "noise-seed-07-open", "step": 108, "loss_before_step": 9.918212890625e-05, "elapsed_seconds": 32.66177797480486}
{"stage": "optimizer_step", "run_id": "noise-seed-07-open", "step": 109, "loss_before_step": 8.7738037109375e-05, "elapsed_seconds": 32.92890385282226}
{"stage": "optimizer_step", "run_id": "noise-seed-07-open", "step": 110, "loss_before_step": 7.62939453125e-05, "elapsed_seconds": 33.20016434579156}
{"stage": "optimizer_step", "run_id": "noise-seed-07-open", "step": 111, "loss_before_step": 9.1552734375e-05, "elapsed_seconds": 33.47043211385608}
{"stage": "optimizer_step", "run_id": "noise-seed-07-open", "step": 112, "loss_before_step": 9.918212890625e-05, "elapsed_seconds": 33.73625277588144}
{"stage": "optimizer_step", "run_id": "noise-seed-07-open", "step": 113, "loss_before_step": 7.2479248046875e-05, "elapsed_seconds": 34.00207049585879}
{"stage": "optimizer_step", "run_id": "noise-seed-07-open", "step": 114, "loss_before_step": 7.62939453125e-05, "elapsed_seconds": 34.27358254091814}
{"stage": "optimizer_step", "run_id": "noise-seed-07-open", "step": 115, "loss_before_step": 8.7738037109375e-05, "elapsed_seconds": 34.545096180867404}
{"stage": "optimizer_step", "run_id": "noise-seed-07-open", "step": 116, "loss_before_step": 8.0108642578125e-05, "elapsed_seconds": 34.81165927299298}
{"stage": "optimizer_step", "run_id": "noise-seed-07-open", "step": 117, "loss_before_step": 8.7738037109375e-05, "elapsed_seconds": 35.08080359781161}
{"stage": "optimizer_step", "run_id": "noise-seed-07-open", "step": 118, "loss_before_step": 7.62939453125e-05, "elapsed_seconds": 35.351535809924826}
{"stage": "optimizer_step", "run_id": "noise-seed-07-open", "step": 119, "loss_before_step": 8.7738037109375e-05, "elapsed_seconds": 35.624201689846814}
{"stage": "optimizer_step", "run_id": "noise-seed-07-open", "step": 120, "loss_before_step": 7.2479248046875e-05, "elapsed_seconds": 35.891577002825215}
{"stage": "optimizer_step", "run_id": "noise-seed-07-open", "step": 121, "loss_before_step": 8.0108642578125e-05, "elapsed_seconds": 36.157269689952955}
{"stage": "optimizer_step", "run_id": "noise-seed-07-open", "step": 122, "loss_before_step": 8.392333984375e-05, "elapsed_seconds": 36.42749371496029}
{"stage": "optimizer_step", "run_id": "noise-seed-07-open", "step": 123, "loss_before_step": 8.0108642578125e-05, "elapsed_seconds": 36.697836357867345}
{"stage": "optimizer_step", "run_id": "noise-seed-07-open", "step": 124, "loss_before_step": 9.1552734375e-05, "elapsed_seconds": 36.96382987196557}
{"stage": "optimizer_step", "run_id": "noise-seed-07-open", "step": 125, "loss_before_step": 6.866455078125e-05, "elapsed_seconds": 37.23045531893149}
{"stage": "optimizer_step", "run_id": "noise-seed-07-open", "step": 126, "loss_before_step": 7.62939453125e-05, "elapsed_seconds": 37.49683899898082}
{"stage": "optimizer_step", "run_id": "noise-seed-07-open", "step": 127, "loss_before_step": 7.2479248046875e-05, "elapsed_seconds": 37.76400352991186}
{"stage": "optimizer_step", "run_id": "noise-seed-07-open", "step": 128, "loss_before_step": 7.2479248046875e-05, "elapsed_seconds": 38.03416966693476}
{"stage": "optimizer_step", "run_id": "noise-seed-07-open", "step": 129, "loss_before_step": 8.392333984375e-05, "elapsed_seconds": 39.87039816798642}
{"stage": "optimizer_step", "run_id": "noise-seed-07-open", "step": 130, "loss_before_step": 7.62939453125e-05, "elapsed_seconds": 40.14316768897697}
{"stage": "optimizer_step", "run_id": "noise-seed-07-open", "step": 131, "loss_before_step": 8.0108642578125e-05, "elapsed_seconds": 40.41426290478557}
{"stage": "optimizer_step", "run_id": "noise-seed-07-open", "step": 132, "loss_before_step": 7.2479248046875e-05, "elapsed_seconds": 40.68560335598886}
{"stage": "optimizer_step", "run_id": "noise-seed-07-open", "step": 133, "loss_before_step": 7.2479248046875e-05, "elapsed_seconds": 40.95104078785516}
{"stage": "optimizer_step", "run_id": "noise-seed-07-open", "step": 134, "loss_before_step": 8.0108642578125e-05, "elapsed_seconds": 41.222287794807926}
{"stage": "optimizer_step", "run_id": "noise-seed-07-open", "step": 135, "loss_before_step": 7.2479248046875e-05, "elapsed_seconds": 41.49260900192894}
{"stage": "optimizer_step", "run_id": "noise-seed-07-open", "step": 136, "loss_before_step": 6.103515625e-05, "elapsed_seconds": 41.760773630812764}
{"stage": "optimizer_step", "run_id": "noise-seed-07-open", "step": 137, "loss_before_step": 6.866455078125e-05, "elapsed_seconds": 42.02610272099264}
{"stage": "optimizer_step", "run_id": "noise-seed-07-open", "step": 138, "loss_before_step": 6.866455078125e-05, "elapsed_seconds": 42.29647400882095}
{"stage": "optimizer_step", "run_id": "noise-seed-07-open", "step": 139, "loss_before_step": 8.7738037109375e-05, "elapsed_seconds": 42.56613608892076}
{"stage": "optimizer_step", "run_id": "noise-seed-07-open", "step": 140, "loss_before_step": 8.0108642578125e-05, "elapsed_seconds": 42.833520667860284}
{"stage": "optimizer_step", "run_id": "noise-seed-07-open", "step": 141, "loss_before_step": 6.4849853515625e-05, "elapsed_seconds": 43.0988952468615}
{"stage": "optimizer_step", "run_id": "noise-seed-07-open", "step": 142, "loss_before_step": 7.62939453125e-05, "elapsed_seconds": 43.368063690839335}
{"stage": "optimizer_step", "run_id": "noise-seed-07-open", "step": 143, "loss_before_step": 6.4849853515625e-05, "elapsed_seconds": 43.646128264954314}
{"stage": "optimizer_step", "run_id": "noise-seed-07-open", "step": 144, "loss_before_step": 6.103515625e-05, "elapsed_seconds": 43.9155799029395}
{"stage": "optimizer_step", "run_id": "noise-seed-07-open", "step": 145, "loss_before_step": 6.103515625e-05, "elapsed_seconds": 44.185200076783076}
{"stage": "optimizer_step", "run_id": "noise-seed-07-open", "step": 146, "loss_before_step": 6.866455078125e-05, "elapsed_seconds": 44.45136715681292}
{"stage": "optimizer_step", "run_id": "noise-seed-07-open", "step": 147, "loss_before_step": 6.103515625e-05, "elapsed_seconds": 44.72068438795395}
{"stage": "optimizer_step", "run_id": "noise-seed-07-open", "step": 148, "loss_before_step": 6.866455078125e-05, "elapsed_seconds": 44.99201252195053}
{"stage": "optimizer_step", "run_id": "noise-seed-07-open", "step": 149, "loss_before_step": 7.2479248046875e-05, "elapsed_seconds": 45.25773683586158}
{"stage": "optimizer_step", "run_id": "noise-seed-07-open", "step": 150, "loss_before_step": 6.866455078125e-05, "elapsed_seconds": 45.523176927817985}
{"stage": "optimizer_step", "run_id": "noise-seed-07-open", "step": 151, "loss_before_step": 7.2479248046875e-05, "elapsed_seconds": 45.793641805881634}
{"stage": "optimizer_step", "run_id": "noise-seed-07-open", "step": 152, "loss_before_step": 7.62939453125e-05, "elapsed_seconds": 46.059686755994335}
{"stage": "optimizer_step", "run_id": "noise-seed-07-open", "step": 153, "loss_before_step": 6.866455078125e-05, "elapsed_seconds": 46.324534388957545}
{"stage": "optimizer_step", "run_id": "noise-seed-07-open", "step": 154, "loss_before_step": 7.2479248046875e-05, "elapsed_seconds": 46.59521391289309}
{"stage": "optimizer_step", "run_id": "noise-seed-07-open", "step": 155, "loss_before_step": 6.866455078125e-05, "elapsed_seconds": 46.86572827678174}
{"stage": "optimizer_step", "run_id": "noise-seed-07-open", "step": 156, "loss_before_step": 7.2479248046875e-05, "elapsed_seconds": 47.13036474282853}
{"stage": "optimizer_step", "run_id": "noise-seed-07-open", "step": 157, "loss_before_step": 7.2479248046875e-05, "elapsed_seconds": 47.39631501981057}
{"stage": "optimizer_step", "run_id": "noise-seed-07-open", "step": 158, "loss_before_step": 6.4849853515625e-05, "elapsed_seconds": 47.664978860877454}
{"stage": "optimizer_step", "run_id": "noise-seed-07-open", "step": 159, "loss_before_step": 6.103515625e-05, "elapsed_seconds": 47.941598562989384}
{"stage": "optimizer_step", "run_id": "noise-seed-07-open", "step": 160, "loss_before_step": 7.2479248046875e-05, "elapsed_seconds": 48.21547988196835}
{"stage": "optimizer_step", "run_id": "noise-seed-07-open", "step": 161, "loss_before_step": 5.7220458984375e-05, "elapsed_seconds": 48.48371743084863}
{"stage": "optimizer_step", "run_id": "noise-seed-07-open", "step": 162, "loss_before_step": 6.866455078125e-05, "elapsed_seconds": 48.749739626888186}
{"stage": "optimizer_step", "run_id": "noise-seed-07-open", "step": 163, "loss_before_step": 5.7220458984375e-05, "elapsed_seconds": 49.01750747184269}
{"stage": "optimizer_step", "run_id": "noise-seed-07-open", "step": 164, "loss_before_step": 5.340576171875e-05, "elapsed_seconds": 49.28248924086802}
{"stage": "optimizer_step", "run_id": "noise-seed-07-open", "step": 165, "loss_before_step": 5.340576171875e-05, "elapsed_seconds": 49.54889334994368}
{"stage": "optimizer_step", "run_id": "noise-seed-07-open", "step": 166, "loss_before_step": 7.2479248046875e-05, "elapsed_seconds": 49.81862613884732}
{"stage": "optimizer_step", "run_id": "noise-seed-07-open", "step": 167, "loss_before_step": 4.9591064453125e-05, "elapsed_seconds": 50.08916435786523}
{"stage": "optimizer_step", "run_id": "noise-seed-07-open", "step": 168, "loss_before_step": 6.866455078125e-05, "elapsed_seconds": 50.35520896478556}
{"stage": "optimizer_step", "run_id": "noise-seed-07-open", "step": 169, "loss_before_step": 5.7220458984375e-05, "elapsed_seconds": 50.61955766985193}
{"stage": "optimizer_step", "run_id": "noise-seed-07-open", "step": 170, "loss_before_step": 5.340576171875e-05, "elapsed_seconds": 50.88909784378484}
{"stage": "optimizer_step", "run_id": "noise-seed-07-open", "step": 171, "loss_before_step": 5.7220458984375e-05, "elapsed_seconds": 51.159810735844076}
{"stage": "optimizer_step", "run_id": "noise-seed-07-open", "step": 172, "loss_before_step": 5.7220458984375e-05, "elapsed_seconds": 51.425826713908464}
{"stage": "optimizer_step", "run_id": "noise-seed-07-open", "step": 173, "loss_before_step": 7.2479248046875e-05, "elapsed_seconds": 51.690841297851875}
{"stage": "optimizer_step", "run_id": "noise-seed-07-open", "step": 174, "loss_before_step": 6.103515625e-05, "elapsed_seconds": 51.9564096389804}
{"stage": "optimizer_step", "run_id": "noise-seed-07-open", "step": 175, "loss_before_step": 6.103515625e-05, "elapsed_seconds": 52.22271334193647}
{"stage": "optimizer_step", "run_id": "noise-seed-07-open", "step": 176, "loss_before_step": 7.2479248046875e-05, "elapsed_seconds": 52.49173968588002}
{"stage": "optimizer_step", "run_id": "noise-seed-07-open", "step": 177, "loss_before_step": 5.7220458984375e-05, "elapsed_seconds": 52.758222644915804}
{"stage": "optimizer_step", "run_id": "noise-seed-07-open", "step": 178, "loss_before_step": 5.7220458984375e-05, "elapsed_seconds": 53.025692995870486}
{"stage": "optimizer_step", "run_id": "noise-seed-07-open", "step": 179, "loss_before_step": 5.7220458984375e-05, "elapsed_seconds": 53.29683562577702}
{"stage": "optimizer_step", "run_id": "noise-seed-07-open", "step": 180, "loss_before_step": 5.340576171875e-05, "elapsed_seconds": 53.56819419795647}
{"stage": "optimizer_step", "run_id": "noise-seed-07-open", "step": 181, "loss_before_step": 6.103515625e-05, "elapsed_seconds": 53.839759717928246}
{"stage": "optimizer_step", "run_id": "noise-seed-07-open", "step": 182, "loss_before_step": 5.7220458984375e-05, "elapsed_seconds": 54.105126953916624}
{"stage": "optimizer_step", "run_id": "noise-seed-07-open", "step": 183, "loss_before_step": 5.340576171875e-05, "elapsed_seconds": 54.370785533916205}
{"stage": "optimizer_step", "run_id": "noise-seed-07-open", "step": 184, "loss_before_step": 5.7220458984375e-05, "elapsed_seconds": 54.642374304821715}
{"stage": "optimizer_step", "run_id": "noise-seed-07-open", "step": 185, "loss_before_step": 6.4849853515625e-05, "elapsed_seconds": 54.91237287595868}
{"stage": "optimizer_step", "run_id": "noise-seed-07-open", "step": 186, "loss_before_step": 5.7220458984375e-05, "elapsed_seconds": 55.17923983396031}
{"stage": "optimizer_step", "run_id": "noise-seed-07-open", "step": 187, "loss_before_step": 5.7220458984375e-05, "elapsed_seconds": 55.44467405998148}
{"stage": "optimizer_step", "run_id": "noise-seed-07-open", "step": 188, "loss_before_step": 5.7220458984375e-05, "elapsed_seconds": 55.71640730788931}
{"stage": "optimizer_step", "run_id": "noise-seed-07-open", "step": 189, "loss_before_step": 5.7220458984375e-05, "elapsed_seconds": 55.98663386399858}
{"stage": "optimizer_step", "run_id": "noise-seed-07-open", "step": 190, "loss_before_step": 5.7220458984375e-05, "elapsed_seconds": 56.25255444296636}
{"stage": "optimizer_step", "run_id": "noise-seed-07-open", "step": 191, "loss_before_step": 5.7220458984375e-05, "elapsed_seconds": 56.51808533980511}
{"stage": "optimizer_step", "run_id": "noise-seed-07-open", "step": 192, "loss_before_step": 6.103515625e-05, "elapsed_seconds": 56.788968280889094}
{"stage": "optimizer_step", "run_id": "noise-seed-07-open", "step": 193, "loss_before_step": 5.7220458984375e-05, "elapsed_seconds": 58.62128802295774}
{"stage": "optimizer_step", "run_id": "noise-seed-07-open", "step": 194, "loss_before_step": 5.340576171875e-05, "elapsed_seconds": 58.89008188480511}
{"stage": "optimizer_step", "run_id": "noise-seed-07-open", "step": 195, "loss_before_step": 5.7220458984375e-05, "elapsed_seconds": 59.15592643991113}
{"stage": "optimizer_step", "run_id": "noise-seed-07-open", "step": 196, "loss_before_step": 5.340576171875e-05, "elapsed_seconds": 59.42165018199012}
{"stage": "optimizer_step", "run_id": "noise-seed-07-open", "step": 197, "loss_before_step": 5.7220458984375e-05, "elapsed_seconds": 59.686974038835615}
{"stage": "optimizer_step", "run_id": "noise-seed-07-open", "step": 198, "loss_before_step": 5.340576171875e-05, "elapsed_seconds": 59.95247466885485}
{"stage": "optimizer_step", "run_id": "noise-seed-07-open", "step": 199, "loss_before_step": 5.340576171875e-05, "elapsed_seconds": 60.22183947195299}
{"stage": "optimizer_step", "run_id": "noise-seed-07-open", "step": 200, "loss_before_step": 5.340576171875e-05, "elapsed_seconds": 60.49326788797043}
{"stage": "optimizer_step", "run_id": "noise-seed-07-open", "step": 201, "loss_before_step": 5.7220458984375e-05, "elapsed_seconds": 60.76397370384075}
{"stage": "optimizer_step", "run_id": "noise-seed-07-open", "step": 202, "loss_before_step": 6.103515625e-05, "elapsed_seconds": 61.03079191897996}
{"stage": "optimizer_step", "run_id": "noise-seed-07-open", "step": 203, "loss_before_step": 5.7220458984375e-05, "elapsed_seconds": 61.29683245299384}
{"stage": "optimizer_step", "run_id": "noise-seed-07-open", "step": 204, "loss_before_step": 6.4849853515625e-05, "elapsed_seconds": 61.56163911987096}
{"stage": "optimizer_step", "run_id": "noise-seed-07-open", "step": 205, "loss_before_step": 5.7220458984375e-05, "elapsed_seconds": 61.83066280186176}
{"stage": "optimizer_step", "run_id": "noise-seed-07-open", "step": 206, "loss_before_step": 6.103515625e-05, "elapsed_seconds": 62.10009393491782}
{"stage": "optimizer_step", "run_id": "noise-seed-07-open", "step": 207, "loss_before_step": 5.7220458984375e-05, "elapsed_seconds": 62.37096868478693}
{"stage": "optimizer_step", "run_id": "noise-seed-07-open", "step": 208, "loss_before_step": 5.7220458984375e-05, "elapsed_seconds": 62.63570682378486}
{"stage": "optimizer_step", "run_id": "noise-seed-07-open", "step": 209, "loss_before_step": 6.103515625e-05, "elapsed_seconds": 62.900634206831455}
{"stage": "optimizer_step", "run_id": "noise-seed-07-open", "step": 210, "loss_before_step": 5.7220458984375e-05, "elapsed_seconds": 63.17278973199427}
{"stage": "optimizer_step", "run_id": "noise-seed-07-open", "step": 211, "loss_before_step": 5.7220458984375e-05, "elapsed_seconds": 63.443664599908516}
{"stage": "optimizer_step", "run_id": "noise-seed-07-open", "step": 212, "loss_before_step": 4.9591064453125e-05, "elapsed_seconds": 63.71102809300646}
{"stage": "optimizer_step", "run_id": "noise-seed-07-open", "step": 213, "loss_before_step": 5.7220458984375e-05, "elapsed_seconds": 63.97615972184576}
{"stage": "optimizer_step", "run_id": "noise-seed-07-open", "step": 214, "loss_before_step": 5.340576171875e-05, "elapsed_seconds": 64.24371466692537}
{"stage": "optimizer_step", "run_id": "noise-seed-07-open", "step": 215, "loss_before_step": 4.57763671875e-05, "elapsed_seconds": 64.51183749595657}
{"stage": "optimizer_step", "run_id": "noise-seed-07-open", "step": 216, "loss_before_step": 6.103515625e-05, "elapsed_seconds": 64.78382522496395}
{"stage": "optimizer_step", "run_id": "noise-seed-07-open", "step": 217, "loss_before_step": 6.103515625e-05, "elapsed_seconds": 65.05489148385823}
{"stage": "optimizer_step", "run_id": "noise-seed-07-open", "step": 218, "loss_before_step": 5.340576171875e-05, "elapsed_seconds": 65.32233561296016}
{"stage": "optimizer_step", "run_id": "noise-seed-07-open", "step": 219, "loss_before_step": 4.9591064453125e-05, "elapsed_seconds": 65.58824006188661}
{"stage": "optimizer_step", "run_id": "noise-seed-07-open", "step": 220, "loss_before_step": 4.57763671875e-05, "elapsed_seconds": 65.85409347596578}
{"stage": "optimizer_step", "run_id": "noise-seed-07-open", "step": 221, "loss_before_step": 5.7220458984375e-05, "elapsed_seconds": 66.12394863297231}
{"stage": "optimizer_step", "run_id": "noise-seed-07-open", "step": 222, "loss_before_step": 4.57763671875e-05, "elapsed_seconds": 66.396752652945}
{"stage": "optimizer_step", "run_id": "noise-seed-07-open", "step": 223, "loss_before_step": 5.7220458984375e-05, "elapsed_seconds": 66.6724978799466}
{"stage": "optimizer_step", "run_id": "noise-seed-07-open", "step": 224, "loss_before_step": 4.57763671875e-05, "elapsed_seconds": 66.94124454283156}
{"stage": "optimizer_step", "run_id": "noise-seed-07-open", "step": 225, "loss_before_step": 4.9591064453125e-05, "elapsed_seconds": 67.20698052295484}
{"stage": "optimizer_step", "run_id": "noise-seed-07-open", "step": 226, "loss_before_step": 4.57763671875e-05, "elapsed_seconds": 67.47494050697424}
{"stage": "optimizer_step", "run_id": "noise-seed-07-open", "step": 227, "loss_before_step": 4.57763671875e-05, "elapsed_seconds": 67.74005387700163}
{"stage": "optimizer_step", "run_id": "noise-seed-07-open", "step": 228, "loss_before_step": 5.7220458984375e-05, "elapsed_seconds": 68.00577308586799}
{"stage": "optimizer_step", "run_id": "noise-seed-07-open", "step": 229, "loss_before_step": 4.57763671875e-05, "elapsed_seconds": 68.27135569788516}
{"stage": "optimizer_step", "run_id": "noise-seed-07-open", "step": 230, "loss_before_step": 5.7220458984375e-05, "elapsed_seconds": 68.5407339099329}
{"stage": "optimizer_step", "run_id": "noise-seed-07-open", "step": 231, "loss_before_step": 4.57763671875e-05, "elapsed_seconds": 68.812027242966}
{"stage": "optimizer_step", "run_id": "noise-seed-07-open", "step": 232, "loss_before_step": 4.57763671875e-05, "elapsed_seconds": 69.08239665091969}
{"stage": "optimizer_step", "run_id": "noise-seed-07-open", "step": 233, "loss_before_step": 5.340576171875e-05, "elapsed_seconds": 69.34752841386944}
{"stage": "optimizer_step", "run_id": "noise-seed-07-open", "step": 234, "loss_before_step": 4.57763671875e-05, "elapsed_seconds": 69.61733237793669}
{"stage": "optimizer_step", "run_id": "noise-seed-07-open", "step": 235, "loss_before_step": 4.57763671875e-05, "elapsed_seconds": 69.8882019368466}
{"stage": "optimizer_step", "run_id": "noise-seed-07-open", "step": 236, "loss_before_step": 4.1961669921875e-05, "elapsed_seconds": 70.15423442586325}
{"stage": "optimizer_step", "run_id": "noise-seed-07-open", "step": 237, "loss_before_step": 4.57763671875e-05, "elapsed_seconds": 70.41957604791969}
{"stage": "optimizer_step", "run_id": "noise-seed-07-open", "step": 238, "loss_before_step": 5.7220458984375e-05, "elapsed_seconds": 71.6946658869274}
{"stage": "optimizer_step", "run_id": "noise-seed-07-open", "step": 239, "loss_before_step": 5.340576171875e-05, "elapsed_seconds": 71.96739015798084}
{"stage": "optimizer_step", "run_id": "noise-seed-07-open", "step": 240, "loss_before_step": 4.57763671875e-05, "elapsed_seconds": 72.23872437584214}
{"stage": "optimizer_step", "run_id": "noise-seed-07-open", "step": 241, "loss_before_step": 6.103515625e-05, "elapsed_seconds": 72.50509732193314}
{"stage": "optimizer_step", "run_id": "noise-seed-07-open", "step": 242, "loss_before_step": 4.57763671875e-05, "elapsed_seconds": 72.7708700329531}
{"stage": "optimizer_step", "run_id": "noise-seed-07-open", "step": 243, "loss_before_step": 4.57763671875e-05, "elapsed_seconds": 73.03559422795661}
{"stage": "optimizer_step", "run_id": "noise-seed-07-open", "step": 244, "loss_before_step": 4.9591064453125e-05, "elapsed_seconds": 73.30034617893398}
{"stage": "optimizer_step", "run_id": "noise-seed-07-open", "step": 245, "loss_before_step": 4.57763671875e-05, "elapsed_seconds": 73.56868850183673}
{"stage": "optimizer_step", "run_id": "noise-seed-07-open", "step": 246, "loss_before_step": 4.9591064453125e-05, "elapsed_seconds": 73.83631978789344}
{"stage": "optimizer_step", "run_id": "noise-seed-07-open", "step": 247, "loss_before_step": 4.57763671875e-05, "elapsed_seconds": 74.1037500158418}
{"stage": "optimizer_step", "run_id": "noise-seed-07-open", "step": 248, "loss_before_step": 5.340576171875e-05, "elapsed_seconds": 74.37500327895395}
{"stage": "optimizer_step", "run_id": "noise-seed-07-open", "step": 249, "loss_before_step": 4.57763671875e-05, "elapsed_seconds": 74.64806239493191}
{"stage": "optimizer_step", "run_id": "noise-seed-07-open", "step": 250, "loss_before_step": 4.57763671875e-05, "elapsed_seconds": 74.9183086717967}
{"stage": "optimizer_step", "run_id": "noise-seed-07-open", "step": 251, "loss_before_step": 4.57763671875e-05, "elapsed_seconds": 75.18770884000696}
{"stage": "optimizer_step", "run_id": "noise-seed-07-open", "step": 252, "loss_before_step": 3.814697265625e-05, "elapsed_seconds": 75.45298992982134}
{"stage": "optimizer_step", "run_id": "noise-seed-07-open", "step": 253, "loss_before_step": 4.9591064453125e-05, "elapsed_seconds": 75.72330610686913}
{"stage": "optimizer_step", "run_id": "noise-seed-07-open", "step": 254, "loss_before_step": 4.57763671875e-05, "elapsed_seconds": 75.99319325597025}
{"stage": "optimizer_step", "run_id": "noise-seed-07-open", "step": 255, "loss_before_step": 4.57763671875e-05, "elapsed_seconds": 76.26372400880791}
{"stage": "optimizer_step", "run_id": "noise-seed-07-open", "step": 256, "loss_before_step": 4.1961669921875e-05, "elapsed_seconds": 76.53690284793265}
{"stage": "endpoint_generation", "run_id": "noise-seed-07-open", "condition": "matched", "prompt_id": "original_open", "raw": "ambient the mindfull"}
{"stage": "endpoint_generation", "run_id": "noise-seed-07-open", "condition": "matched", "prompt_id": "paraphrase_open", "raw": "ambient the mindful"}
{"stage": "endpoint_generation", "run_id": "noise-seed-07-open", "condition": "blank", "prompt_id": "original_open", "raw": "No music preference recorded."}
{"stage": "endpoint_generation", "run_id": "noise-seed-07-open", "condition": "blank", "prompt_id": "paraphrase_open", "raw": "None"}
{"stage": "endpoint_generation", "run_id": "noise-seed-07-open", "condition": "fixed_donor", "prompt_id": "original_open", "raw": "Yellow, not indigo."}
{"stage": "endpoint_generation", "run_id": "noise-seed-07-open", "condition": "fixed_donor", "prompt_id": "paraphrase_open", "raw": "Yellow, not indigo."}
