optimizer_step,epoch_zero,learning_rate,ce_mean,objective_mean,residual_penalty_mean,coefficient_penalty_mean,residual_coefficient_norm_mean,residual_rms_mean,image_saturation_fraction_mean,mean_residual_coefficient_max_abs,mean_residual_delta_max_abs,gradient_norm,gradient_nonzero_fraction,basis_parameter_norm,gradient_clipped,ce_moving_mean_16_optimizer_steps
1,0,0.001,0.761210486292839,0.761210486292839,0.0,3.3989679404378137e-09,0.0382437642052706,0.05097182048484683,0.10896794001261392,3.063016507098837e-08,8.636296655595288e-08,0.2712168527380813,0.9999203685797168,23.79433075845934,False,0.761210486292839
2,0,0.001,1.1089718043804169,1.1089718043804169,0.0,1.01028120313984e-08,0.06509756367225089,0.08420098479837179,0.09514689445495605,2.5456150964942026e-08,8.866243206284707e-08,1.0076213566530166,0.9999203685797168,23.867768319065824,False,0.935091145336628
3,0,0.001,1.1959024220705032,1.1959024220705032,0.0,1.609170729999221e-08,0.08500428246296204,0.1090755108743906,0.10622398058573404,1.6349885001432085e-08,8.18821987991214e-08,3.1018531952075072,0.9999203685797168,23.936853575625655,False,1.022028237581253
4,0,0.001,1.1484304070472717,1.1484304070472717,0.0,2.0679134585255277e-09,0.026941525721518686,0.03171957191079855,0.0998845895131429,2.9543622659389257e-08,5.054136664739417e-08,1.4584484459170428,0.9999089926625334,24.024018011654466,False,1.0536287799477577
5,0,0.001,1.2089763134717941,1.2089763134717941,0.0,4.316864504749773e-09,0.04027060826303367,0.04856234323233366,0.10386363665262857,3.166496753692627e-08,6.751347569888821e-08,1.9701450122748172,0.9997156020704169,24.11338279712751,False,1.084698286652565
6,0,0.001,1.140458419919014,1.140458419919014,0.0,4.620852617209792e-09,0.04338302590219216,0.05777399451471865,0.10637354850769043,3.011276206166258e-08,1.0564053098960358e-07,0.7249987644271362,0.9994994596439338,24.208095460554087,False,1.093991642196973
7,0,0.001,1.1141916066408157,1.1141916066408157,0.0,2.5703067452198525e-09,0.03293184800127606,0.040872582234442234,0.10142532984415689,2.421438694000244e-08,7.28669249383529e-08,0.8118751767056004,0.9992378135487173,24.30618587864887,False,1.0968773514032364
8,0,0.001,1.0112256556749344,1.0112256556749344,0.0,3.777886586897594e-09,0.040787799176726744,0.05233312537893653,0.11274178822835286,2.1730860666480112e-08,7.406649160657253e-08,0.9919308982997475,0.9990671747909675,24.400599898400312,False,1.0861708894371986
9,0,0.001,1.083229124546051,1.083229124546051,0.0,1.4057351532814621e-08,0.07236620345576011,0.09310556063428521,0.11902856826782225,3.311369312086754e-08,1.4203116904809576e-07,1.475034694642991,0.998942039701951,24.49074302012253,False,1.0858440266715155
10,0,0.001,1.180971473455429,1.180971473455429,0.0,3.2345003342371115e-09,0.0370969017183853,0.036569716641679406,0.09345157941182454,2.7422276005495405e-08,8.341540080891718e-08,1.3276935399279948,0.9987031454411012,24.580637499947436,False,1.0953567713499068
11,0,0.001,0.9448049813508987,0.9448049813508987,0.0,9.534990019766099e-09,0.05832657785834783,0.07139911409467459,0.1187457243601481,1.603944532746482e-08,6.715254130540416e-08,2.1472189124422143,0.9982139810022183,24.67023893644041,False,1.0816702449863607
12,0,0.001,1.4093759953975677,1.4093759953975677,0.0,1.3707605717172555e-08,0.07754785493130872,0.09335778187960386,0.11976202328999837,1.7902090476695776e-08,3.834493966792252e-08,2.1721483767387357,0.9977248165633354,24.755115584712808,False,1.108979057520628
13,0,0.001,1.2489650249481201,1.2489650249481201,0.0,1.816984229741081e-09,0.029032976543626934,0.03258433286100626,0.10411985715230306,2.4317866831324864e-08,1.2365293855509663e-07,1.3775091107156276,0.9975428018884023,24.843024304708074,False,1.1197472088612044
14,0,0.001,1.5432988703250885,1.5432988703250885,0.0,1.5886860091351984e-09,0.024097097721027836,0.02523181156720966,0.09628566106160481,4.1599076183729267e-08,5.41436975254328e-08,2.224549564938963,0.9973835390478357,24.929823235998466,False,1.1500008989657675
15,0,0.001,0.9857576489448547,0.9857576489448547,0.0,4.52204038103865e-09,0.03822992354460845,0.038616722682490945,0.1070721944173177,3.156148764560385e-08,1.5808477371592744e-07,2.8352833430855524,0.9972697798760025,25.014331430484294,False,1.1390513489643732
16,0,0.001,0.9271342530846596,0.9271342530846596,0.0,1.7678735420023628e-09,0.028768866695552297,0.012201556004583836,0.10368291536966959,1.666032645175619e-08,5.7277478759942824e-08,1.2925137173159682,0.9971218929526193,25.099465350741795,False,1.1258065304718912
17,0,0.001,0.8718486130237579,0.8718486130237579,0.0,3.6617577858777395e-09,0.04105742064540616,0.024459715466946363,0.10545738538106282,3.611462062735882e-08,7.500273824234682e-08,1.4679696795845618,0.9970081337807861,25.18399972003234,False,1.1327214133925736
18,0,0.001,1.095603108406067,1.095603108406067,0.0,5.126175595115967e-09,0.04779973839720308,0.05329225771129131,0.10816868146260579,2.421438694000244e-08,1.1667532362480415e-07,2.352857679690892,0.9968943746089528,25.26473000348056,False,1.1318858698941767
19,0,0.001,1.3038933649659157,1.3038933649659157,0.0,1.0595191168860651e-08,0.06728184831562385,0.05450036469846964,0.1119857629140218,1.955777406692505e-08,3.5778072060566046e-08,4.7457250219557805,0.9968374950230362,25.34306878985332,False,1.13863530382514
20,0,0.001,1.3890676945447922,1.3890676945447922,0.0,1.5018399190935838e-08,0.08361540809209614,0.101543502882123,0.09577473004659016,2.1730860666480112e-08,3.3811122790439185e-08,1.9906478565242476,0.9967692395199363,25.420733816718762,False,1.153675134293735
21,0,0.001,1.67596136033535,1.67596136033535,0.0,7.939834234527154e-09,0.06129650837633217,0.06520780920982361,0.10254685084025064,7.285012060265217e-08,1.0537467431959158e-07,5.84985550198001,0.9966668562652864,25.496263889510498,False,1.1828616997227073
22,0,0.001,0.8689345270395279,0.8689345419406891,0.0,1.5867834046723317e-08,0.08326838539790947,0.052758886478841305,0.10911345481872559,2.5507890910603237e-08,1.9579721310947207e-07,4.3727990702089405,0.9966327285137364,25.572183628085927,False,1.1658914564177394
23,0,0.001,1.346752107143402,1.346752107143402,0.0,1.1081888517949778e-08,0.0707299767620903,0.03747907094657421,0.10387889544169107,2.121345943351116e-08,8.210957247456463e-08,2.576065611312282,0.9965189693419032,25.648842843143555,False,1.180426487699151
24,0,0.001,0.909488134086132,0.909488134086132,0.0,1.055974441221963e-08,0.07030208133823115,0.06334886327385902,0.09137360254923502,2.2248261899449062e-08,9.139681367287267e-08,5.130863835071786,0.9964848415903532,25.730618889376668,False,1.174067892599851
25,0,0.001,1.3678408339619637,1.3678408339619637,0.0,9.053874761022485e-09,0.0648405648508593,0.07468909956514835,0.08386739095052083,1.9868215517249155e-08,1.1190645921033138e-07,5.323242271691172,0.9964165860872533,25.817404403821104,False,1.1918561244383454
26,0,0.001,1.5321200788021088,1.5321200788021088,0.0,8.448628185941942e-09,0.05898101206971528,0.03793259058147669,0.10878634452819824,3.8494665233201886e-08,1.0835869801439912e-07,6.4927569034019355,0.9963824583357033,25.904691360395137,False,1.213802912272513
27,0,0.001,1.5546985417604446,1.5546985417604446,0.0,1.5637659611655863e-08,0.08157899794230757,0.055510129779577255,0.10193697611490884,2.8560558362755728e-08,8.612595081558538e-08,12.46549259359854,0.9963255787497867,25.996313613310207,False,1.2519212597981095
28,0,0.001,1.123409777879715,1.1234097927808762,0.0,1.2849759256639004e-08,0.07298786385108391,0.04557808768004179,0.10845947265625,2.5249189405940342e-08,5.707531158805068e-08,2.9152927710424423,0.99630282691542,26.089471719073423,False,1.2340483712032437
29,0,0.001,1.3668907918035984,1.3668907955288887,0.0,6.978225663978321e-09,0.052183969292828515,0.027844143100082874,0.10475897789001465,3.414849558680544e-08,1.5008755838152865e-07,2.9128683936906428,0.9962231954951368,26.183599855708387,False,1.2414187316317111
30,0,0.001,0.8096659034490585,0.8096659034490585,0.0,4.688199078950461e-09,0.0417594202089479,0.024126128060743213,0.10445968310038248,2.4835268064293814e-08,5.296356064832253e-08,4.864112428426391,0.9962004436607701,26.277065946390266,False,1.1955666712019593
31,0,0.001,1.6353209167718887,1.6353209167718887,0.0,2.3752716737934776e-09,0.031543148066324814,0.019570920383557677,0.10097591082255045,2.3386544256709385e-08,8.752039093451458e-08,3.3650745899536334,0.9961663159092202,26.369473355450566,False,1.2361643754411489
32,0,0.001,0.7968341931700706,0.796834196895361,0.0,3.9873279504554215e-09,0.03454601550687323,0.018156089121475816,0.10196916262308756,4.9463576345942784e-08,8.882717850156041e-08,3.4327300343908416,0.9961549399920369,26.45836392519444,False,1.228020621696487
33,0,0.001,1.1125417798757553,1.1125417798757553,0.0,9.743111942239757e-09,0.059438425114774665,0.03261375846341252,0.10357602437337239,2.4421348499004125e-08,8.304838416961502e-08,6.132112356447621,0.9961208122404869,26.54381570749152,False,1.243063944624737
34,0,0.001,1.1333022266626358,1.1333022266626358,0.0,3.3386446385286206e-09,0.03971156517234379,0.027151881717145443,0.10429239273071289,4.035731038243284e-08,1.0956205898082771e-07,2.661039835814807,0.9960866844889369,26.628302011980157,False,1.2454201395157725
35,0,0.001,1.2689748406410217,1.2689748406410217,0.0,3.0263063721669425e-09,0.0370470070612755,0.02468401240184903,0.10780890782674153,4.6980051848777293e-08,1.1511451702972408e-07,3.125203112950811,0.9960639326545703,26.710337938320727,False,1.2432377317454666
36,0,0.001,1.0535334944725037,1.0535334944725037,0.0,2.480747357536117e-09,0.033655519924601945,0.027762193465605378,0.10066167513529459,3.373457246880207e-08,1.405163629897288e-07,4.904943967269068,0.9960411808202037,26.790241510445444,False,1.2222668442409486
37,1,0.001,0.918272040784359,0.918272040784359,0.0,6.104201769052686e-09,0.04923095331875932,0.041349168168380857,0.11272152264912923,3.870162856856041e-08,1.5367336914096086e-07,3.3284860881514615,0.9960298049030203,26.86758684754138,False,1.1749112617690116
38,1,0.001,1.4023690074682236,1.4023690074682236,0.0,4.2783672715707155e-09,0.04438325729561224,0.03197632683441043,0.10836402575174967,2.8974479704402256e-08,4.269203301987545e-08,5.951991380143185,0.995984301234287,26.94307751814427,False,1.208250916795805
39,1,0.001,0.9156525135040283,0.9156525135040283,0.0,5.063316627085257e-09,0.04298686193299006,0.034601439256221056,0.10082324345906575,2.773271745581951e-08,8.867309730931083e-08,1.6084662533521181,0.9959729253171037,27.01586657216219,False,1.1813071921933442
40,1,0.001,0.814048558473587,0.814048558473587,0.0,2.6386203499928484e-09,0.03466797199907737,0.023925721179693937,0.10439499219258626,1.7022507847741508e-08,3.41492558675327e-08,2.3178697715307988,0.9959729253171037,27.086101493657072,False,1.1753422187175602
41,1,0.001,1.2302022576332092,1.2302022576332092,0.0,6.4016868472904775e-09,0.05377716694790227,0.04512840649113059,0.10650134086608887,2.5042229623295498e-08,1.4815093152265035e-07,3.4364958488069526,0.9959615493999203,27.153514653083608,False,1.166739807697013
42,1,0.001,0.9305407106876373,0.9305407106876373,0.0,3.2856694587302115e-09,0.03932606144161884,0.031453659757971764,0.09995730717976888,3.156148764560385e-08,5.5573501356320776e-08,2.740034477768032,0.9959615493999203,27.220591324393048,False,1.1291410971898586
43,1,0.001,0.9613186717033386,0.9613186717033386,0.0,6.48716658169235e-09,0.04917920520389644,0.04072309681214392,0.09604509671529134,1.759164902637167e-08,7.757257947105245e-08,3.9426089280368335,0.9959387975655537,27.28664706423168,False,1.0920548553112894
44,1,0.001,0.9767539463937283,0.9767539463937283,0.0,8.568503351291668e-09,0.06074084182286832,0.04943542508408427,0.10024205843607584,3.663202008397093e-08,1.0886076040605985e-07,3.137308184753841,0.9959387975655537,27.350576789191905,False,1.0828888658434153
45,1,0.001,0.7679437808692455,0.7679437808692455,0.0,5.548502657326537e-09,0.05022906855985611,0.037053702399134636,0.10799980163574219,3.259629011154175e-08,1.0801542771332606e-07,1.135076077730432,0.9959274216483704,27.414084617130452,False,1.0454546776600182
46,1,0.001,0.9352187663316727,0.9352187663316727,0.0,2.883733252190268e-09,0.036806231003335396,0.019764525583013892,0.10637140274047852,2.317958447406454e-08,7.823845749044267e-08,1.9917293669749516,0.9959274216483704,27.476876727335632,False,1.0533017315901816
47,1,0.001,1.3662639111280441,1.3662639111280441,0.0,5.389374002628955e-09,0.048437430255783176,0.031374950427562,0.10353811581929524,4.615220916548424e-08,1.4118374735971884e-07,4.551968638048617,0.9959274216483704,27.537342426708552,False,1.0364856687374413
48,1,0.001,1.2640927284955978,1.2640927284955978,0.0,3.5040919332818277e-09,0.038913541008362834,0.026065428275614977,0.10369515419006348,4.3979120789572335e-08,6.434609645111777e-08,4.891404217753072,0.9959274216483704,27.598114955969756,False,1.0656893271952868
49,1,0.001,1.1189633011817932,1.1189633011817932,0.0,6.416128295327894e-09,0.05343277721217612,0.035611147060990334,0.10403068860371907,1.955777406692505e-08,6.520289730360673e-08,2.7182338188494097,0.9959274216483704,27.657612612551066,False,1.0660906722769141
50,1,0.001,1.030131433159113,1.030131433159113,0.0,3.848720536714367e-09,0.03922540159359971,0.026340624317526817,0.10145481427510579,3.4976338270098495e-08,1.0904317804261154e-07,5.881897283734584,0.9959046698140037,27.716838119809932,False,1.059642497682944
51,1,0.001,0.8667725473642349,0.8667725473642349,0.0,2.4428938039111614e-09,0.032859688148620905,0.02016536984592676,0.10561442375183105,4.0460793826468944e-08,5.7612787429661694e-08,3.595424191231139,0.9959046698140037,27.77742906360616,False,1.0345048543531448
52,1,0.001,1.3381630890071392,1.3381630927324295,0.0,8.508692000974705e-09,0.058465168247228055,0.03844013880006969,0.09826779365539551,3.104408463627806e-08,8.951691654601746e-08,4.844167649266386,0.9958932938968205,27.838732061030914,False,1.0522942040115595
53,1,0.001,0.7994540631771088,0.7994540631771088,0.0,2.6821658782871793e-09,0.03370133952425308,0.022251092363148928,0.10389145215352376,2.9595362605050468e-08,8.388273187165396e-08,2.046040661266407,0.9958932938968205,27.8996955647624,False,1.0448680804111063
54,1,0.001,1.1063988506793976,1.1063988506793976,0.0,2.742766069818714e-09,0.03545490763102542,0.022732576355338097,0.1034550666809082,3.311369312086754e-08,1.096023822810821e-07,5.426453660834202,0.9958819179796371,27.960766078500924,False,1.0263699456118047
55,1,0.001,0.6254146993160248,0.6254146993160248,0.0,3.7367186428438615e-09,0.03781637268185849,0.02429780922830105,0.10562054316202799,2.773271745581951e-08,8.193132572387185e-08,8.863937606539338,0.9958705420624537,28.019485474050423,False,1.0082300822250545
56,1,0.001,1.7993598356842995,1.7993598356842995,0.0,2.5668022984870476e-09,0.034413457852788,0.020679038483649492,0.10277994473775227,2.814663879746604e-08,7.270784863067092e-08,6.338715408567485,0.9958705420624537,28.075696268919,False,1.069812037050724
57,1,0.001,1.336319774389267,1.336319774389267,0.0,3.800211395565967e-09,0.041362587462976004,0.027694880263879895,0.10384504000345865,3.828770545055704e-08,8.862995315439548e-08,3.7162490877508256,0.9958705420624537,28.13112359388972,False,1.0764443818479776
58,1,0.001,0.7452890127897263,0.7452890127897263,0.0,3.2838273766877535e-09,0.0371510961134207,0.024596687871962786,0.10344123840332031,4.325476155031538e-08,8.598165379680722e-08,1.7428167156308763,0.9958819179796371,28.184421355571946,False,1.0648661507293582
59,1,0.001,0.9405341744422913,0.9405341744422913,0.0,1.9248601046406577e-09,0.029205906408281215,0.020136144943535328,0.10557524363199869,3.7045943201974296e-08,7.68501138281863e-08,2.84748811303306,0.9958705420624537,28.237144284745604,False,1.0635671196505427
60,1,0.001,1.2943554669618607,1.2943554669618607,0.0,2.9274026536185715e-09,0.036779198498248226,0.02992039592936635,0.10727167129516602,6.001856434068031e-08,1.0432981412122899e-07,4.048788703692306,0.9958591661452705,28.288116934910693,False,1.083417214686051
61,1,0.001,1.261703908443451,1.261703908443451,0.0,3.13467279910995e-09,0.036387281888511536,0.028073725872673094,0.1047691504160563,2.317958447406454e-08,1.4365519973580376e-07,2.044926164324499,0.9958591661452705,28.33703987124933,False,1.1142772226594388
62,1,0.001,0.9957213848829269,0.9957213848829269,0.0,1.6298579569307137e-09,0.026897893231688244,0.02120343828573823,0.10262934366861978,3.063016507098837e-08,8.731606015999205e-08,1.3775470568486285,0.9958477902280871,28.383908344803974,False,1.1180586363188922
63,1,0.001,1.0168860107660294,1.0168860107660294,0.0,2.5963726585365166e-09,0.03200144108187064,0.030321443220600486,0.10408790906270345,2.0903017983187056e-08,4.7514305379081634e-08,3.031515400001687,0.9958477902280871,28.430124363488282,False,1.0962225175462663
64,1,0.001,1.816764086484909,1.816764086484909,0.0,3.1498681996033895e-09,0.03572258610111974,0.031018646201118827,0.09700250625610352,4.170255607505169e-08,7.892914766216563e-08,5.917617459656032,0.9958477902280871,28.47658992446344,False,1.1307644774205983
65,1,0.001,1.349609613418579,1.3496096171438694,0.0,5.374379392908413e-09,0.04273522004130836,0.033741211984306574,0.10060850779215494,4.273735854098959e-08,1.1104573616194102e-07,4.121544173274949,0.9958477902280871,28.523443906379754,False,1.1451798719353974
66,1,0.001,1.0323451161384583,1.0323451161384583,0.0,1.4953502117109885e-09,0.024664543944345422,0.019474966451525688,0.10360209147135416,3.580418095339155e-08,1.172273726979256e-07,3.7672452264729057,0.9958364143109039,28.569309555632216,False,1.1453182271216065
67,1,0.001,1.054662048816681,1.054662048816681,0.0,2.2320580800316847e-09,0.03127612578734834,0.021844136528670788,0.10063997904459634,2.60770320892334e-08,5.98556582076526e-08,4.094044551597844,0.9958364143109039,28.61477934676952,False,1.1570613209623843
68,1,0.001,1.6151656210422516,1.6151656210422516,0.0,2.516839847643837e-09,0.03448072071880992,0.028909662272781134,0.10441509882609049,3.5390257835388184e-08,8.097287462760505e-08,8.603067989212809,0.9958364143109039,28.65772207984298,False,1.1743739792145789
69,1,0.001,1.1598206758499146,1.1598206758499146,0.0,1.1853592864208284e-09,0.02198588156888779,0.017233108985237777,0.10522905985514322,3.8391185341879464e-08,1.3597662018582923e-07,2.3113970726511965,0.9958477902280871,28.69981332869469,False,1.1968968925066292
70,1,0.001,0.9189311563968658,0.9189311563968658,0.0,1.874389726763681e-09,0.02908477505087867,0.027059055166319013,0.10316292444864908,5.277494707911501e-08,7.038966032268945e-08,2.2133050463016475,0.9958477902280871,28.740572520504877,False,1.185180161613971
71,1,0.001,1.2056085169315338,1.2056085169315338,0.0,3.3338618463107927e-09,0.03619985531379194,0.0366188979241997,0.10882043838500977,2.9388401046048784e-08,1.023518763076936e-07,2.7199217104662137,0.9958475532298124,28.78130351574158,False,1.2214422752149403
72,1,0.001,0.9585269466042519,0.9585269466042519,0.0,2.6718158796512625e-09,0.03566084803809054,0.03170977858826518,0.10911385218302408,6.374385463914223e-08,2.2298036128631793e-07,3.1884479762217777,0.9958477902280871,28.820867947486,False,1.1688902196474373
73,2,0.001,1.3594387769699097,1.3594387769699097,0.0,2.0801305261608505e-09,0.030192956056806976,0.03296943800523877,0.10081990559895833,3.787378588526735e-08,2.2758064233130426e-07,6.404860419622372,0.9958364143109039,28.860750746870487,False,1.1703351573087275
74,2,0.001,1.0378903076052666,1.0378903076052666,0.0,2.339749852198203e-09,0.029617130884279017,0.027728713816031814,0.10123785336812337,3.5390257835388184e-08,6.246560957379188e-08,5.176236978818388,0.9958250383937205,28.89774836796284,False,1.1886227382346988
75,2,0.001,1.1508843135088682,1.1508843135088682,0.0,3.737421649940842e-09,0.040035422086309246,0.04146664310246706,0.10267496109008789,7.14013950187109e-08,9.144952173301135e-08,3.147050964868641,0.9958136624765371,28.934791770617657,False,1.2017696219263598
76,2,0.001,0.919719323515892,0.919719323515892,0.0,1.0686821289018766e-09,0.022301192492198967,0.021318525774404407,0.1063845952351888,4.573828604748087e-08,1.0188747268102816e-07,3.3648877219758737,0.9958136624765371,28.970391307369304,False,1.1783548629609868
77,2,0.001,0.7816371321678162,0.7816371321678162,0.0,1.7648625616484281e-09,0.02867051762425913,0.028102477779611945,0.10899623235066731,4.0564273717791366e-08,7.8447413898175e-08,2.1635122603584196,0.9958250383937205,29.004770334078394,False,1.1483506894437596
78,2,0.001,0.9621175229549408,0.9621175229549408,0.0,3.4178898877801345e-09,0.0384283295052013,0.03346213884651661,0.09937262535095215,4.366868111560507e-08,9.022409130921005e-08,7.458270698006726,0.9958250383937205,29.039315967463466,False,1.1462504480732605
79,2,0.001,0.9615520387887955,0.9615520387887955,0.0,2.0275101320077482e-09,0.031037314503017388,0.026676685083657503,0.0988940397898356,3.4458935260772705e-08,8.053594058310409e-08,3.3382835404447575,0.9958250383937205,29.073313516345884,False,1.1427920748246834
80,2,0.001,0.8833135217428207,0.8833135217428207,0.0,3.9721234079692636e-09,0.04026230952527696,0.03855238575488329,0.10437957445780435,2.1937820449124956e-08,5.8357063181802005e-08,4.019737705098395,0.9958250383937205,29.10727065982095,False,1.0844514145283028
81,2,0.001,0.7563531324267387,0.7563531324267387,0.0,3.016014687995394e-09,0.03609634792687924,0.03389592096209526,0.10541288057963052,4.325476155031538e-08,6.617892012172888e-08,1.4317337540007902,0.9958250383937205,29.140209062529905,False,1.0473728844663128
82,2,0.001,0.8590219616889954,0.8590219616889954,0.0,3.284341465459306e-09,0.03642264005833958,0.033502381993457675,0.10157394409179688,2.4421348499004125e-08,7.990480099806518e-08,1.8066395704442368,0.9958364143109039,29.172299225379998,False,1.0365401873132214
83,2,0.001,1.0787555873394012,1.0787555873394012,0.0,3.3253509390540614e-09,0.038680070729242906,0.036045283544808626,0.1028141180674235,2.5456150964942026e-08,8.727769795768836e-08,2.856428392835892,0.9958364143109039,29.20265669581542,False,1.0380460334708914
84,2,0.001,0.9349034577608109,0.9349034577608109,0.0,2.6870795588607166e-09,0.03538551027855288,0.03267929144203663,0.10357054074605306,4.325476155031538e-08,1.8763971354474052e-07,2.7822927488968916,0.9958361773126292,29.233501358877028,False,0.9955296482658014
85,2,0.001,0.835384763777256,0.835384763777256,0.0,3.1275473044711788e-09,0.037881545346219375,0.0405050590634346,0.09645756085713704,3.130278614094095e-08,8.772418169655793e-08,3.4782068943681073,0.9958364143109039,29.264439798916932,False,0.9752524037612602
86,2,0.001,1.5121874809265137,1.5121874809265137,0.0,3.032721518358983e-09,0.03704574736754092,0.03209258965216577,0.10755745569864908,2.60770320892334e-08,9.072395812381728e-08,4.173104451260659,0.9958364143109039,29.296580499645525,False,1.0123309240443632
87,2,0.001,1.6507196128368378,1.6507196128368378,0.0,8.597509204566478e-09,0.05939416495217886,0.05914114275947213,0.10771489143371582,3.176844742824869e-08,1.4981843321493216e-07,5.078531968946579,0.9958364143109039,29.33092747487501,False,1.0401503675384447
88,2,0.001,0.8287973403930664,0.8287973403930664,0.0,2.681223354450424e-09,0.03420941504123737,0.028792410856112838,0.10509777069091797,2.71118345551713e-08,5.8635652777638825e-08,5.70327727275514,0.9958250383937205,29.36514780127906,False,1.0320422671502456
89,2,0.001,1.3430765867233276,1.3430765867233276,0.0,3.425367878229224e-09,0.036488094816093934,0.034534191247075796,0.11054563522338867,3.0423205288343524e-08,7.931704715247179e-08,3.225333726471561,0.9958250383937205,29.399129302160574,False,1.0310196302598342
90,2,0.001,1.2160055562853813,1.2160055562853813,0.0,5.411331438498479e-09,0.04991385372232016,0.04330792464315891,0.10409402847290039,2.7525755896817827e-08,1.4107007473285194e-07,4.579905312503669,0.9958250383937205,29.431663069769506,False,1.0421518333023414
91,2,0.001,1.0413525849580765,1.0413525849580765,0.0,4.488743987618449e-09,0.042390991080953865,0.04719898384064436,0.10298744837443033,2.5352671073619604e-08,4.999534652938564e-08,3.700484399609156,0.9958364143109039,29.465000556907075,False,1.035306100267917
92,2,0.001,0.9855594485998154,0.9855594485998154,0.0,3.5466179854060087e-09,0.03764786910818447,0.03506789542734623,0.10861635208129883,4.780789097935667e-08,1.5955792775912414e-07,4.871197902367467,0.9958250383937205,29.4974007336516,False,1.0394211080856621
93,2,0.001,0.8056519702076912,0.8056519702076912,0.0,5.710445616369242e-09,0.05088043076040925,0.052107686176896095,0.1037463347117106,3.063016507098837e-08,1.7906651805787988e-07,6.914298406351228,0.9958136624765371,29.5279890491844,False,1.0409220354631543
94,2,0.001,1.0309603661298752,1.0309603661298752,0.0,5.233461015247132e-09,0.045565943119720356,0.04071280546486378,0.09654450416564941,2.814663879746604e-08,1.5431108124630555e-07,3.2907619228307317,0.9958136624765371,29.559636775106704,False,1.0452247131615877
95,2,0.001,1.4570550322532654,1.4570550322532654,0.0,5.41016875743594e-09,0.04980479619369366,0.05033442052081227,0.10500677426656087,4.035731038243284e-08,1.0378324333260025e-07,6.468597005585143,0.9958250383937205,29.593794075209647,False,1.076193650253117
96,2,0.001,1.2694892585277557,1.2694892585277557,0.0,9.123574090663666e-09,0.06220034681513118,0.047578314086422324,0.1021430492401123,5.484455201099081e-08,1.9656100391785003e-07,4.530396578676852,0.9958250383937205,29.629429958950375,False,1.1003296338021755
97,2,0.001,0.8345984369516373,0.8345984369516373,0.0,1.0970771957552472e-08,0.06707575496718686,0.06703936215490103,0.108414093653361,3.973643103449831e-08,9.616634599751706e-08,11.231683368861958,0.9958250383937205,29.674027319509577,False,1.1052199653349817
98,2,0.001,0.8181241005659103,0.8181241005659103,0.0,1.556776973998808e-08,0.08252627311758069,0.07421177253127098,0.10345045725504556,3.683898341932945e-08,1.6364936072932323e-07,4.472148158430229,0.9958136624765371,29.721912077614462,False,1.1026638490147889
99,2,0.001,1.080243594944477,1.080243594944477,0.0,9.81208331252148e-09,0.06630702273193459,0.055950747802853584,0.10320409138997395,2.1316939324833584e-08,7.337905572057934e-08,8.905270905194085,0.9958136624765371,29.77619744275955,False,1.102756849490106
100,2,0.001,0.8561308234930038,0.8561308234930038,0.0,1.1125730156602565e-08,0.06402042338480722,0.05225763050839305,0.10362815856933594,1.8316010041985464e-08,6.11072650258393e-08,4.184614111548466,0.9958136624765371,29.835470259188472,False,1.0978335598483682
101,2,0.001,0.9495674669742584,0.9495674669742584,0.0,4.221153621086771e-09,0.03982004078019631,0.036861634347587824,0.09809088706970215,2.462830828164897e-08,5.746428399788783e-08,2.1151119078146254,0.9958022865593539,29.896653325742903,False,1.1049699787981808
102,2,0.001,1.2363022714853287,1.2363022714853287,0.0,8.546331128900242e-09,0.05736242556680755,0.04349809233099222,0.10521078109741211,3.3941535804160594e-08,1.1286206813565514e-07,4.223958052175122,0.9957909106421705,29.95685140258897,False,1.0877271532081068
103,2,0.001,1.0601081997156143,1.0601081997156143,0.0,3.6729994878914596e-09,0.04062943075431047,0.03685890696942806,0.1087949275970459,3.021624550569868e-08,8.751607083468116e-08,3.104955991666158,0.9957909106421705,30.019218925783658,False,1.0508139398880303
104,2,0.001,0.6598887294530869,0.6598887331783772,0.0,5.356677171275415e-09,0.046086819492279135,0.03181554866023362,0.10369547208150227,1.805731031367941e-08,9.063095518513364e-08,1.6050806531294557,0.9957909106421705,30.08096862973377,False,1.0402571517042816
105,2,0.001,1.760886013507843,1.760886013507843,0.0,4.5280281746329365e-09,0.04460962288581241,0.039206513203680515,0.10576383272806802,3.3527612686157227e-08,8.152971275876553e-08,5.857904190501259,0.9957909106421705,30.144241082072778,False,1.0663702408783138
106,2,0.001,0.7854091972112656,0.7854091972112656,0.0,1.6701751370806761e-09,0.026392841603819155,0.016470507951453328,0.10394819577534993,2.069605820054221e-08,1.2801118032257364e-07,2.5092199973462623,0.9957909106421705,30.206339136729493,False,1.0394579684361815
107,2,0.001,1.6591827347874641,1.6591827347874641,0.0,1.8760389630667618e-09,0.02969149042540427,0.02137062535621226,0.10350863138834634,5.31888666444047e-08,1.8469671658749576e-07,6.082911918200608,0.9958022865593539,30.266909618162106,False,1.0780723528005183
108,2,0.001,0.687661349773407,0.687661349773407,0.0,1.2395969389844552e-09,0.023126088547704895,0.015301699691917747,0.10389216740926106,3.621810051868124e-08,1.2704444429800787e-07,2.8383821928479103,0.9958022865593539,30.324784099665752,False,1.0594537216238678
109,3,0.001,0.8809258863329887,0.8809258863329887,0.0,9.83335454729506e-10,0.021223309226332435,0.017587116453796625,0.10338878631591797,3.766682610262251e-08,1.0676714623514272e-07,5.943723042877511,0.9958022865593539,30.379409416201984,False,1.0641583413816988
110,3,0.001,0.5812099948525429,0.5812099948525429,0.0,3.0146980606327034e-09,0.03590713596692348,0.0249558889772743,0.1027225653330485,3.6011140736036396e-08,9.968350411782012e-08,3.339629640507333,0.9958022865593539,30.429699878485167,False,1.0360489431768656
111,3,0.001,1.6511220484972,1.6511220484972,0.0,1.820032090316115e-09,0.028100294743570214,0.01600153767503798,0.10349726676940918,3.9529471251853465e-08,1.1279932721208752e-07,3.616693405812331,0.9958022865593539,30.477360644538024,False,1.0481781316921115
112,3,0.001,1.0533930510282516,1.0533930510282516,0.0,1.436512298003123e-09,0.025945461959097305,0.019780572038143873,0.10481278101603189,3.518329805274334e-08,5.176199380230173e-08,1.9246973743601763,0.9957909106421705,30.52239036403899,False,1.0346721187233925
113,3,0.001,0.9703035801649094,0.9703035801649094,0.0,2.7886315201453016e-09,0.035735625275910995,0.025132871232926846,0.103119691212972,5.443063244570112e-08,1.1838985614076591e-07,2.1174762886956335,0.9957906736438958,30.56445607916697,False,1.043153690174222
114,3,0.001,1.0519844368100166,1.0519844368100166,0.0,4.605321513029281e-09,0.046581438416472706,0.030558462254703045,0.10559026400248209,3.332065290351238e-08,1.03360569880806e-07,4.425886394038069,0.9957795347249871,30.603802992794307,False,1.0577699611894786
115,3,0.001,0.8361673802137375,0.8361673802137375,0.0,1.2547466503309845e-09,0.02277202511848786,0.015138773247599602,0.10270285606384277,6.457170087514896e-08,1.5750100601508166e-07,1.5894535522032143,0.9957795347249871,30.641168327630258,False,1.0425151977688074
116,3,0.001,0.7690623551607132,0.7690623551607132,0.0,3.1700868041717456e-09,0.036601536737598084,0.027084058616310358,0.10365064938863118,3.983991092582073e-08,1.2021514805837796e-07,6.3363264078526935,0.9957795347249871,30.678126416650084,False,1.0370734184980392
117,3,0.001,0.8376908600330353,0.8376908600330353,0.0,6.14251734198934e-09,0.05077535898762696,0.036855678306892514,0.10220956802368164,6.06394507940422e-08,1.6101868993700919e-07,8.883723348171523,0.9957795347249871,30.711248624070564,False,1.0300811305642128
118,3,0.001,0.762256731512025,0.7622567360522225,0.0,6.68125196834346e-09,0.05041224097093652,0.03724576788954437,0.09989062945048013,4.5531326264836025e-08,1.1854547210532473e-07,5.004620079076887,0.9957795347249871,30.744750192364926,False,1.0004532843158813
119,3,0.001,0.8883868083357811,0.8883868083357811,0.0,4.957376731340446e-09,0.048401478388697766,0.03244172874838114,0.10485553741455078,4.2530398758344745e-08,1.0097216573967671e-07,5.263773567679309,0.9957795347249871,30.778441693441742,False,0.9897206973546417
120,3,0.001,1.2603802680969238,1.2603802680969238,0.0,1.407437083544849e-09,0.02371441789093226,0.01707392674870789,0.10571599006652832,3.311369312086754e-08,6.648957651123055e-08,2.637058228118913,0.9957795347249871,30.810704124684932,False,1.0272514185198816
121,3,0.001,1.6813655495643616,1.6813655495643616,0.0,2.283405485525858e-09,0.029543009809599827,0.021922891726717353,0.10112508138020833,4.987749946394615e-08,1.1279334444225242e-07,15.325810356403009,0.9957795347249871,30.84730386658728,False,1.022281389523414
122,3,0.001,0.9806488305330276,0.9806488305330276,0.0,3.808578397102025e-09,0.04109611988910432,0.02713751932606101,0.10453081130981445,4.284083843231201e-08,7.644271704521088e-08,4.197851340047154,0.9957795347249871,30.881926970965043,False,1.034483866606024
123,3,0.001,0.6912247985601425,0.6912247985601425,0.0,4.1719906418435926e-09,0.04371433477227539,0.02501293271780014,0.10300048192342122,3.6011140736036396e-08,8.023789632716216e-08,1.7877816811931717,0.9957795347249871,30.91656523668857,False,0.9739864955918165
124,3,0.001,1.142660528421402,1.142660528421402,0.0,3.3838817581344216e-09,0.03835116769872115,0.02304260293021798,0.10354407628377278,5.629327759493208e-08,6.921649742253067e-08,3.4409648972771016,0.9957795347249871,30.951655129793828,False,1.0024239442573162
125,3,0.001,0.9029597342014313,0.9029597416520119,0.0,9.248193377775493e-09,0.06382864683209019,0.04169737035408616,0.10293952624003092,2.8043157129786778e-08,7.765630982703442e-08,7.4735165891060555,0.9957795347249871,30.984119528713013,False,1.0038010597490938
126,3,0.001,0.6923077907413244,0.6923077968531288,0.0,8.548336205560503e-09,0.056128644784958326,0.03751374455168843,0.10226178169250488,6.105337035933189e-08,1.505396767242928e-07,4.642789485225461,0.9957795347249871,31.01732549524546,False,1.0107446719921427
127,3,0.001,0.8693327158689499,0.8693327158689499,0.0,5.634175515023543e-09,0.05007054625101522,0.033321470487862825,0.10317858060201009,2.1937820449124956e-08,9.494507224871995e-08,4.257799173206457,0.9957795347249871,31.052652250881074,False,0.961882838702877
128,3,0.001,1.1994087845087051,1.1994087845087051,0.0,3.6270661751824917e-09,0.04077155997201987,0.025966555112972856,0.10396361351013184,5.52584715762805e-08,7.964678161442862e-08,3.7942313393613274,0.9957795347249871,31.088542286110876,False,0.9710088220454054
129,3,0.001,0.6086645871400833,0.6086645908653736,0.0,9.214230267673429e-09,0.06634302248470117,0.04694217722862959,0.1046144962310791,5.132622149517374e-08,1.005020422439884e-07,2.6037075772115856,0.9957795347249871,31.122771774182162,False,0.9484063849813538
130,3,0.001,0.6916524171829224,0.6916524171829224,0.0,7.782647165610612e-09,0.056305641062538575,0.0388582416344434,0.10385449727376302,2.3800465598355913e-08,7.862374218348123e-08,4.507781154683159,0.9957795347249871,31.15646587059124,False,0.9258856337546604
131,3,0.001,0.8746042251586914,0.8746042251586914,0.0,1.1468538729797473e-08,0.0709231759607305,0.05006646737456322,0.10304768880208333,5.132622149517374e-08,1.6620808196421422e-07,18.189267776444144,0.9957795347249871,31.184110336334683,False,0.92828793656372
132,3,0.001,0.7747455835342407,0.7747455835342407,0.0,1.0193273281000614e-08,0.06743022364116755,0.04846114991232753,0.10175681114196777,1.966125395824747e-08,5.8001077718472516e-08,1.834826109237438,0.9957909106421705,31.21866958206562,False,0.9286431383370655
133,3,0.001,1.2727174758911133,1.2727174758911133,0.0,8.84615258822663e-09,0.06377120806123959,0.04655192466452718,0.1054998238881429,6.146728992462158e-08,1.7814839736729482e-07,10.895983303762687,0.9957909106421705,31.26027812878812,False,0.9558323018281953
134,3,0.001,1.1983846127986908,1.1983846127986908,0.0,1.1281404421747965e-08,0.06666885894297535,0.04878149647265673,0.10736997922261556,4.615220916548424e-08,8.353274694172796e-08,4.702513845088139,0.9957909106421705,31.303958281278746,False,0.983090294408612
135,3,0.001,0.9788395166397095,0.9788395240902901,0.0,1.1123753917985368e-08,0.07157243228456972,0.05149685684591532,0.10490727424621582,8.857912803250656e-08,1.6490452026118874e-07,3.9666923195789443,0.9957909106421705,31.352714503828437,False,0.9887435886776075
136,3,0.001,1.4527900144457817,1.4527900218963623,0.0,1.573084362771482e-08,0.07283704735045798,0.05931708915159106,0.10513583819071451,3.435545536945028e-08,9.366667086396774e-08,4.950931685923069,0.9957909106421705,31.405889269054608,False,1.000769197824411
137,3,0.001,2.1229023933410645,2.1229023933410645,0.0,8.388414948767853e-09,0.057637470335257804,0.045529426308348775,0.1062182585398356,5.484455201099081e-08,9.797061295557796e-08,16.91680331547533,0.9958136624765371,31.470865038118767,False,1.028365250560455
138,3,0.001,1.3884366527199745,1.3884366527199745,0.0,2.8365201576452392e-09,0.03513789788671334,0.026166788768023252,0.10171341896057129,3.5907660844713973e-08,8.984680732737615e-08,4.523018471171755,0.9958136624765371,31.540833953756223,False,1.0538519894471392
139,3,0.001,1.4813090041279793,1.4813090041279793,0.0,8.546444218993088e-09,0.06131285502775112,0.04492583591490984,0.09734900792439778,2.814663879746604e-08,9.454509353190588e-08,8.820281117993016,0.9957909106421705,31.61530889412864,False,1.103232252295129
140,3,0.001,0.6970146652311087,0.6970146731473505,0.0,1.1570537861160801e-08,0.07199668406794896,0.050926605239510536,0.10284169514973958,2.71118345551713e-08,1.2168111140908877e-07,3.1527561735816536,0.9957909106421705,31.692797951926256,False,1.0753793858457357
141,3,0.001,1.1920433938503265,1.1920433938503265,0.0,6.24909796131945e-09,0.05357246724436911,0.04090762371197343,0.10133258501688638,3.80807456679122e-08,3.929299197125147e-08,2.52317105747706,0.9957909106421705,31.77056717543814,False,1.0934471145737916
142,3,0.001,1.3615860491991043,1.361586056649685,0.0,1.1950550687922501e-08,0.06677975813363052,0.05450715310871601,0.10546120007832845,3.373457246880207e-08,1.338676725026744e-07,15.42361682185178,0.9957909106421705,31.849463061930663,False,1.1352770057274029
143,3,0.001,1.0304551124572754,1.0304551124572754,0.0,9.707138592940368e-09,0.06313719841338407,0.05691718403249979,0.09447828928629556,4.1599076183729267e-08,1.0417105045235076e-07,5.063110494990558,0.9957909106421705,31.92758103275086,False,1.1453471555141732
144,3,0.001,0.9794291108846664,0.9794291108846664,0.0,1.4645276602553992e-08,0.06919189718692761,0.05821428261697292,0.10703897476196289,5.380974954505291e-08,2.440967534766969e-07,2.0513875581293375,0.9957909106421705,32.00532170449601,False,1.1315984259126708
145,4,0.001,0.8713772967457771,0.8713773041963577,0.0,1.8889577069192143e-08,0.08666109689779246,0.07526831980794668,0.11417484283447266,3.166496753692627e-08,6.698388688164414e-08,3.7013609256976894,0.9957909106421705,32.082631952813344,False,1.1480179702630267
146,4,0.001,0.8165680319070816,0.8165680319070816,0.0,6.50370463040062e-09,0.0531534424798146,0.04456958547234535,0.10120407740275064,3.9943390817143154e-08,1.1583404102566419e-07,2.930826403105002,0.9957909106421705,32.160458545548295,False,1.1558251961832866
147,4,0.001,0.7980338037014008,0.7980338037014008,0.0,7.008712998857192e-09,0.05606217092964475,0.039884776808321476,0.10145886739095052,2.421438694000244e-08,1.710180868030875e-07,3.4729854028739773,0.9957909106421705,32.23665116720748,False,1.151039544842206
148,4,0.001,0.6320911645889282,0.6320911794900894,0.0,1.487998901872345e-08,0.08205106552335471,0.06628676597028971,0.09746050834655762,2.918144126340394e-08,7.671383173146751e-08,3.026516743499887,0.9957909106421705,32.30974807629242,False,1.142123643658124
149,4,0.001,1.0999044477939606,1.0999044477939606,0.0,1.0703529285116531e-08,0.06564555362701203,0.05400098115205765,0.11017648379007974,3.476937493473997e-08,1.3394547693224013e-07,5.99894447674701,0.9958022865593539,32.384934313611616,False,1.1313228294020519
150,4,0.001,0.6901785954833031,0.6901785954833031,0.0,8.98639329616202e-09,0.061963031524157185,0.05006456468254328,0.09951440493265787,6.72621851549593e-08,2.1758154389317497e-07,3.206158847740123,0.9958022865593539,32.46151303323457,False,1.0995599533198401
151,4,0.001,0.6746518537402153,0.6746518611907959,0.0,1.8225315479014625e-08,0.08987365139444675,0.07973858900368214,0.10375507672627766,5.1533181277818585e-08,2.544361450418364e-07,4.288521895208186,0.9958022865593539,32.53597135956607,False,1.0805482243886217
152,4,0.001,0.8008154332637787,0.8008154407143593,0.0,6.987246004008796e-09,0.05203983593713256,0.037475186632946134,0.10018642743428548,4.387564089824991e-08,1.616225944189864e-07,3.798771186186941,0.9958022865593539,32.61123202879919,False,1.0397998130647466
153,4,0.001,1.698511391878128,1.698511391878128,0.0,7.864143725111461e-09,0.05846233700674338,0.05389911308884621,0.10770638783772786,7.326404016794186e-08,9.757091845585819e-08,8.72259314439626,0.9958022865593539,32.68785810714118,False,1.013275375473313
154,4,0.001,0.9136266708374023,0.9136266782879829,0.0,2.1365072822021602e-08,0.0960726266362085,0.08273210935294628,0.1126287778218587,3.932250791649494e-08,1.5184939172740997e-07,2.5483173508648393,0.9958022865593539,32.76497110438295,False,0.9835997516056523
155,4,0.001,1.5636524260044098,1.5636524260044098,0.0,1.066298394025722e-08,0.07066443794945537,0.057203907519578934,0.10684561729431152,3.414849558680544e-08,1.2441934416074218e-07,6.198180339406225,0.9958022865593539,32.84407894310804,False,0.9887462154729292
156,4,0.001,0.8337773904204369,0.8337773904204369,0.0,6.073110458970632e-09,0.05236047285229513,0.04425318446010351,0.10074838002522786,3.7045943201974296e-08,2.1249424264624395e-07,3.3803426934066687,0.9958022865593539,32.92262285185806,False,0.9972938857972622
157,4,0.001,0.6083047986030579,0.6083047986030579,0.0,1.4270105874736316e-08,0.07971320856183772,0.06371851172298193,0.1048734982808431,3.735638287594156e-08,1.6125592594562477e-07,3.6972902891441315,0.9958022865593539,33.000344755609206,False,0.9608102235943079
158,4,0.001,1.0743382424116135,1.0743382424116135,0.0,5.844180722691661e-09,0.04961026402636197,0.03733005537651479,0.10202638308207193,8.568167686462402e-08,2.2631731155797752e-07,4.476417754213767,0.9958022865593539,33.07686176331306,False,0.9428572356700897
159,4,0.001,0.9329790286719799,0.9329790286719799,0.0,9.584701032849807e-09,0.06536147492211485,0.05266047129407525,0.09894649187723795,5.732808006086998e-08,1.3330023307389638e-07,3.9972160545041433,0.9958022865593539,33.152516457615874,False,0.9367649804335088
160,4,0.001,1.3026323169469833,1.3026323169469833,0.0,1.8480869945491918e-08,0.0928834423164771,0.0893136914819479,0.1058509349822998,8.112854743558273e-08,1.427878402182614e-07,4.764082512226335,0.9958022865593539,33.22684046781708,False,0.9569651808124036
161,4,0.001,1.010899543762207,1.010899543762207,0.0,4.020408783667051e-09,0.040198584125972395,0.030391131527721882,0.10219558080037434,7.698933046640377e-08,1.6418238146798103e-07,1.8011782279152362,0.9958022865593539,33.300256108658225,False,0.9656853212509304
162,4,0.001,1.2722551226615906,1.2722551226615906,0.0,9.506648745993829e-09,0.06200583638122685,0.05205101193860173,0.10306406021118164,4.035731038243284e-08,1.4691050864712452e-07,2.3780048280485464,0.9958022865593539,33.37153772328689,False,0.9941657644230872
163,4,0.001,0.7025003619492054,0.7025003656744957,0.0,1.835322560594932e-08,0.08219219565561278,0.07358469441533089,0.10907403628031412,5.174014461317711e-08,1.484782501393056e-07,5.0219298185462415,0.9958022865593539,33.44128837917756,False,0.988194924313575
164,4,0.001,1.3027290850877762,1.3027290999889374,0.0,2.300399271071285e-08,0.09584834498793249,0.08475974481552839,0.10173606872558594,4.491044336418781e-08,1.903783015677618e-07,13.183272049295628,0.9958022865593539,33.521591439541346,False,1.030109794344753
165,4,0.001,1.1579367816448212,1.1579367816448212,0.0,1.1469253435869575e-08,0.07116161350635863,0.05958153586834669,0.09587438901265462,4.263387864966717e-08,1.9893772673640342e-07,3.682758867481182,0.9958022865593539,33.60453741164022,False,1.0337368152104318
166,4,0.001,0.8015348240733147,0.8015348240733147,0.0,1.406216043609021e-08,0.07812946224696132,0.0694218510761857,0.10692922274271646,3.8494665233201886e-08,7.193425233253947e-08,2.3151811621153118,0.9958022865593539,33.68918493422241,False,1.0406965794973075
167,4,0.001,0.8784697763621807,0.8784697763621807,0.0,6.434914323616425e-09,0.05364920953081593,0.049871521070599556,0.10356505711873372,3.3941535804160594e-08,6.931886531447162e-08,3.4553090190730633,0.9958022865593539,33.773069692265636,False,1.0534351996611804
168,4,0.001,0.6637986749410629,0.6637986823916435,0.0,6.612221714608069e-09,0.05278604273639918,0.0463473666459322,0.09952807426452637,3.766682610262251e-08,9.020857305586105e-08,3.0407548528877726,0.9958022865593539,33.854597277577916,False,1.0448716522660106
169,4,0.001,0.8245481476187706,0.8245481513440609,0.0,8.459640488123199e-09,0.06126467749295942,0.05460703605785966,0.10755077997843424,6.912483030419025e-08,1.0404941974684334e-07,3.081295464916043,0.9957906736438958,33.93377080536955,False,0.9902489494998008
170,4,0.001,0.5558234490454197,0.5558234564960003,0.0,1.5374861939143614e-08,0.07994093610865408,0.059771861881017685,0.10578624407450357,5.2567987296470164e-08,1.3292402911702084e-07,2.8296463982877507,0.9957909106421705,34.010019847477714,False,0.9678862481378019
171,4,0.001,0.8393275588750839,0.8393275588750839,0.0,6.9401879798647315e-09,0.05740309542840674,0.0447738254442811,0.10731863975524902,2.814663879746604e-08,5.822540316557934e-08,2.8606535646846742,0.9957909106421705,34.08278800884544,False,0.922615943942219
172,4,0.001,1.0747106671333313,1.0747106671333313,0.0,7.2410240026243855e-09,0.05868801133535062,0.04718950763344765,0.10337726275126138,3.766682610262251e-08,1.2596829890298977e-07,4.0280720367651535,0.9957909106421705,34.15190680700601,False,0.9376742737367749
173,4,0.001,0.7409902513027191,0.7409902513027191,0.0,6.568923349714595e-09,0.05373689877716973,0.04715266637504101,0.10957932472229004,5.1533181277818585e-08,8.565600495558101e-08,2.4133855844135237,0.9957906736438958,34.217559509176475,False,0.9459671145305037
174,4,0.001,0.5036284485831857,0.5036284592933953,0.0,1.3789597685942567e-08,0.07627753188830295,0.07353609148412943,0.09477774302164713,5.898376187474241e-08,1.857028735230415e-07,1.4619592945973041,0.9957909106421705,34.27975113266576,False,0.910297752416227
175,4,0.001,1.3233481347560883,1.3233481347560883,0.0,5.90859201843319e-09,0.048177232029497793,0.03816609061323106,0.10290773709615071,7.905894250370693e-08,2.1724331134009844e-07,5.107612629904786,0.9957909106421705,34.338956103557976,False,0.9346958215464838
176,4,0.001,1.2307381629943848,1.2307381629943848,0.0,1.1759640261566062e-08,0.0714344966716633,0.062167528085410595,0.11366995175679524,4.615220916548424e-08,2.2438550217884767e-07,3.5559876720572334,0.9958022865593539,34.39461672529204,False,0.9302024369244464
177,4,0.001,1.3989380300045013,1.3989380300045013,0.0,1.338390145932955e-08,0.06642026472857109,0.05489849508740008,0.09903526306152344,3.5390257835388184e-08,1.4346980492518924e-07,12.02591957303862,0.9958022865593539,34.453546176560195,False,0.9544548423145898
178,4,0.001,0.4844917953014374,0.48449180368334055,0.0,9.222622499027722e-09,0.0623739182629477,0.046817156951874495,0.1017479101816813,3.9529471251853465e-08,2.311954574452102e-07,2.401914040304567,0.9958022865593539,34.51378562916569,False,0.9052196343545802
179,4,0.001,0.6123145669698715,0.6123145744204521,0.0,7.74293651417679e-09,0.05785327889092188,0.0528764920309186,0.09818291664123535,7.409188640394859e-08,1.745869724345539e-07,3.6839939677529268,0.9958022865593539,34.57375575232004,False,0.8995830221683718
180,4,0.001,1.0930024832487106,1.0930024832487106,0.0,8.176184423946964e-09,0.05769411549200898,0.0456623574718833,0.11001873016357422,7.61614913358244e-08,1.1581753511791248e-07,3.659104945787387,0.9958022865593539,34.632538310372915,False,0.8864751095534302
181,5,0.001,0.6640300452709198,0.6640300527215004,0.0,1.468806887228169e-08,0.07805330181359266,0.05958640202879906,0.10374291737874348,5.31888666444047e-08,1.4959442751205643e-07,9.756926189621094,0.9958022865593539,34.6905979891487,False,0.8556059385300614
182,5,0.001,0.29801601730287075,0.2980160368606448,0.0,1.654654664673405e-08,0.08024334003930364,0.07124774111434817,0.09212859471638997,6.374385463914223e-08,2.712958178108238e-07,3.5790850795094835,0.9958022865593539,34.74761205513515,False,0.8241360131069086
183,5,0.001,0.6838989071547985,0.6838989146053791,0.0,9.7814658872597e-09,0.060010217505773,0.044683302752673626,0.1028457482655843,4.9049656780653095e-08,1.8683573443922796e-07,3.7065770270404546,0.9958022865593539,34.8030377583169,False,0.8119753337814473
184,5,0.001,0.6228941977024078,0.6228942014276981,0.0,7.831125026225294e-09,0.06009830919876924,0.05474214069545269,0.11542963981628418,5.629327759493208e-08,1.4801980796619318e-07,2.3962375711839337,0.9957909106421705,34.85599848842961,False,0.8094188039540313
185,5,0.001,0.7900977991521358,0.7900978028774261,0.0,7.896929554718213e-09,0.06033633071951404,0.04750634776428342,0.10013532638549805,3.683898341932945e-08,1.9523180583291833e-07,4.509210250367382,0.9957909106421705,34.90785121281403,False,0.8072656571748666
186,5,0.001,0.6130980607122183,0.6130980625748634,0.0,1.0480624701436625e-08,0.06358546121740119,0.04720038315281272,0.1071952978769938,1.6722414386549644e-07,2.837759041085519e-07,3.286045473905422,0.9957909106421705,34.95784733285675,False,0.8108453204040416
187,5,0.001,0.6147098988294601,0.6147099062800407,0.0,1.1577914516003318e-08,0.07156699114335918,0.05563026946038008,0.10498642921447754,5.31888666444047e-08,1.2248230518707715e-07,2.305299857541549,0.9958022865593539,35.006294560948405,False,0.7968067166511901
188,5,0.001,1.0880672112107277,1.0880672112107277,0.0,3.475135998409762e-09,0.037892756200090416,0.024418093031272292,0.10146578152974446,7.285012060265217e-08,1.8248135802423349e-07,3.2324438372273225,0.9958022865593539,35.052595440034494,False,0.7976415006560273
189,5,0.001,0.7898551523685455,0.7898551523685455,0.0,6.721907586104692e-09,0.05439520194864782,0.0461879950016737,0.09537792205810547,5.42236691103426e-08,2.591153815956204e-07,2.3153209047192913,0.9958022865593539,35.09682263715772,False,0.8006955569726415
190,5,0.001,1.2638505771756172,1.2638505771756172,0.0,1.0754660162426433e-08,0.07121666772833837,0.0551247289404273,0.10061422983805338,4.3461721332960224e-08,2.148166231563664e-07,5.403687955367984,0.9958022865593539,35.138774298620646,False,0.8482094400096685
191,5,0.001,0.7920548170804977,0.7920548170804977,0.0,1.0751516787976811e-08,0.07115473491870833,0.06033028941601515,0.09470589955647786,5.132622149517374e-08,2.687552296265494e-07,6.199296851852497,0.9958022865593539,35.178580493115945,False,0.8150036076549441
192,5,0.001,0.8901092112064362,0.8901092112064362,0.0,8.263415729459211e-09,0.059026593394325026,0.0453461897559464,0.10299452145894368,1.0141068429447841e-07,2.2226545581816026e-07,4.592828415465071,0.9958022865593539,35.21719880642769,False,0.7937142981681973
193,5,0.001,1.0187485218048096,1.0187485292553902,0.0,1.193138032817842e-08,0.07289725820802793,0.04531358228996396,0.10852416356404622,1.2955732131558761e-07,2.6529164642852265e-07,5.384000478693994,0.9958022865593539,35.2557041818398,False,0.7699524539057165
194,5,0.001,0.8487207293510437,0.8487207423895597,0.0,2.3749197497480168e-08,0.10004550952225205,0.07623055204749107,0.0977043310801188,5.960464477539063e-08,2.88208241272514e-07,4.561944030378738,0.9958022865593539,35.29569758247469,False,0.7927167622838169
195,5,0.001,0.645477257668972,0.6454772651195526,0.0,8.774959980861752e-09,0.06407993770192667,0.03926928108558059,0.10013524691263834,8.319815236745853e-08,2.097214775176326e-07,2.5317761312754516,0.9958022865593539,35.33416366166202,False,0.7947894304525107
196,5,0.001,0.7063588052988052,0.7063588127493858,0.0,1.2837119922615159e-08,0.07648521558447341,0.0650578523054719,0.10930260022481282,5.380974954505291e-08,1.3333028903161903e-07,7.790552002096495,0.9958022865593539,35.37753840144853,False,0.7706242005806416
197,5,0.001,1.025968760251999,1.025968760251999,0.0,7.054746342660678e-09,0.056451036606679904,0.03988863341510296,0.10419948895772298,5.029141902923584e-08,2.4567688683418965e-07,3.17217153825199,0.9958022865593539,35.419891766741934,False,0.7932453702669591
198,5,0.001,0.9627129584550858,0.9627129584550858,0.0,8.3205490830629e-09,0.061430172098618716,0.04717098223045468,0.1075615088144938,6.539954000572834e-08,1.7800803675527277e-07,4.671002811699666,0.9958022865593539,35.46276607626011,False,0.8347889290889725
199,5,0.001,0.7274083644151688,0.7274083644151688,0.0,1.1732345983617165e-08,0.07371685263605916,0.05195857398211956,0.0991217295328776,5.9190725210100936e-08,2.1605910660582595e-07,3.1908524079849796,0.9958022865593539,35.50411776330017,False,0.8375082701677456
200,5,0.001,1.215765967965126,1.215765967965126,0.0,8.15925554897845e-09,0.05746987887784901,0.03921931376680732,0.10269474983215332,6.581345957101803e-08,2.0053131777331146e-07,6.682014560589433,0.9958022865593539,35.54408942329057,False,0.8745627558091655
201,5,0.001,0.5832351967692375,0.5832352414727211,0.0,3.440697682322025e-08,0.12682708571981982,0.0876435711979866,0.09992631276448567,6.829699117361088e-08,1.7019581832755648e-07,8.415143337602197,0.9957909106421705,35.58631584639752,False,0.8616338431602344
202,5,0.001,0.6457900735549629,0.6457900800742209,0.0,1.097405677441543e-08,0.06749318489005811,0.055296034552156925,0.10704588890075684,7.078051567077637e-08,1.881464584130299e-07,2.5360946423524795,0.9957909106421705,35.63264989973768,False,0.8636770939629059
203,5,0.001,0.9144720882177353,0.9144720956683159,0.0,1.958525672196565e-08,0.08735330021394049,0.06541363010182977,0.10199904441833496,6.208816927255612e-08,1.8066796769744542e-07,10.05902983835949,0.9957909106421705,35.68338788844853,False,0.8824122307996731
204,5,0.001,0.8276837915182114,0.8276837915182114,0.0,9.171114312422901e-09,0.0624434022875956,0.04452444985508919,0.10680214564005533,1.2003712868136063e-07,1.406265681680452e-07,3.888141456349937,0.9957906736438958,35.73824783827463,False,0.8661382670688909
205,5,0.001,0.841751903295517,0.8417519330978394,0.0,2.4503105044981766e-08,0.0914782836446332,0.07141480967402458,0.1032729943593343,1.0803341865539551e-07,2.665962028913782e-07,4.998090945542486,0.9957909106421705,35.79529704254141,False,0.8693818140018266
206,5,0.001,0.7844683602452278,0.784468375146389,0.0,2.574146384937137e-08,0.10602893574680639,0.07419432979077101,0.10692405700683594,5.774199962615967e-08,1.3367447593282122e-07,6.069090669746681,0.9957909106421705,35.85875535754318,False,0.8394204254436772
207,5,0.001,0.8688744306564331,0.8688744455575943,0.0,2.5005191472970978e-08,0.09778418357240695,0.07198275625705719,0.1062337557474772,3.632158041000366e-08,1.556615387698912e-07,3.928791514182411,0.9957909106421705,35.9285421588668,False,0.8442216512921732
208,5,0.001,1.0464968457818031,1.0464968532323837,0.0,1.4396761671697789e-08,0.08151412606624094,0.052964504808187485,0.10874152183532715,7.678237068375893e-08,2.2059158766296605e-07,8.726432472107296,0.9957909106421705,36.003178959769826,False,0.8539958784531336
209,5,0.001,0.8103603646159172,0.8103603720664978,0.0,1.8651378774769967e-08,0.08651776672121603,0.06253182049840689,0.10729034741719563,3.9529471251853465e-08,1.8063117579458776e-07,11.887202240013945,0.9957909106421705,36.083838534641046,False,0.8409716186288279
210,5,0.001,1.591795802116394,1.591795802116394,0.0,1.5779969442242248e-08,0.08022626237596168,0.06117261480540037,0.10319081942240396,6.871091073890057e-08,2.181496654429793e-07,6.1009765790699,0.9957909106421705,36.167062509295405,False,0.8874138106766623
211,5,0.001,0.7842740342020988,0.7842740630730987,0.0,3.629025790985452e-08,0.12188825543451798,0.10088657215237617,0.10583837827046712,5.7535039843514824e-08,1.5993315116702433e-07,6.096346605789224,0.9957909106421705,36.252598281571956,False,0.8960886092099827
212,5,0.001,0.6984190046787262,0.6984190121293068,0.0,2.0390258814728668e-08,0.09800676629496596,0.07528360188007355,0.099029541015625,3.621810051868124e-08,1.263691729036509e-07,7.7183703392344905,0.9957909106421705,36.34088109990568,False,0.8955923716712277
213,5,0.001,1.3174971342086792,1.3174971342086792,0.0,1.4390194751079388e-08,0.06488526987403972,0.04303382046055049,0.10761817296346028,6.084641057668705e-08,1.8434930382227321e-07,5.452642015640807,0.9957909106421705,36.429352843971984,False,0.9138128950435203
214,5,0.001,0.8162485510110855,0.8162485510110855,0.0,8.986158928081522e-09,0.06384679039007625,0.04390580486506224,0.10175546010335286,7.926590228635177e-08,1.555919055817867e-07,9.516247750382243,0.9957795347249871,36.518959643743024,False,0.9046588695782702
215,5,0.001,0.3189744669944048,0.3189744814299047,0.0,1.6718380665969867e-08,0.07571947701907808,0.06336772651411593,0.10429739952087402,4.677308851341877e-08,1.683823143139307e-07,1.8256904502006073,0.9957795347249871,36.607763522659965,False,0.8791317509894725
216,5,0.001,1.1605606824159622,1.1605606824159622,0.0,2.058156045592341e-08,0.09424804715231934,0.07337390352040529,0.10711320241292317,5.070534214723921e-08,1.654575072507214e-07,4.159384218970994,0.9957795347249871,36.694804057803594,False,0.8756814206426498
217,6,0.001,0.7381891757249832,0.738189198076725,0.0,2.1866749855270484e-08,0.09472756247365066,0.07888074219226837,0.1120773951212565,1.0803341865539551e-07,1.392946558098629e-07,7.857904243200059,0.9957795347249871,36.78723442249196,False,0.8853660443273839
218,6,0.001,0.5155469998717308,0.5155470296740532,0.0,3.276547722030898e-08,0.12231252741790771,0.09998452477157116,0.11270904541015625,5.670719716022177e-08,2.287572158365947e-07,2.827607679657493,0.9957795347249871,36.882868283159624,False,0.8772258522221819
219,6,0.001,1.3436629436910152,1.3436629623174667,0.0,2.6661939100947052e-08,0.1113955516043808,0.09263970516622066,0.0957329273223877,6.953874986947994e-08,2.1685873718979565e-07,10.175026411273203,0.9957795347249871,36.98283206017078,False,0.9040502806892619
220,6,0.001,0.7750780284404755,0.7750780656933784,0.0,3.3545540567558874e-08,0.11829727256226837,0.09865565411746502,0.10477733612060547,8.402599149803791e-08,3.5103229834021477e-07,2.3813613142070036,0.9957795347249871,37.087277508721925,False,0.9007624204969034
221,6,0.001,1.14088948443532,1.1408894956111908,0.0,2.8390347850404396e-08,0.11505048788907564,0.09147695265710354,0.10608935356140137,5.380974954505291e-08,1.1837109070711449e-07,8.155108509833948,0.9957795347249871,37.19094962430954,False,0.919458519318141
222,6,0.001,0.31913518346846104,0.3191352281719446,0.0,5.008024750452478e-08,0.1500837297914846,0.12740207463502884,0.09855794906616211,4.3047798214956856e-08,9.377254883702335e-08,12.09959847089159,0.9957795347249871,37.300114837676354,False,0.8903751957695931
223,6,0.001,0.8386030159890652,0.8386030234396458,0.0,1.092301837868348e-08,0.06137389695745227,0.04492494137957692,0.10498682657877603,4.263387864966717e-08,2.425126126581745e-07,3.1427719918549637,0.9957909106421705,37.41110064669504,False,0.8884832323528826
224,6,0.001,0.8283821046352386,0.8283821269869804,0.0,2.8943593299857184e-08,0.11500874102741249,0.09008067194372416,0.11071093877156575,7.036659610548668e-08,2.140978381248715e-07,4.019472158791541,0.9957909106421705,37.52063518776917,False,0.8748510610312223
225,6,0.001,0.6166500682011247,0.6166500858962536,0.0,2.4001944876061998e-08,0.1022854376521527,0.08257901668548584,0.10286617279052734,4.035731038243284e-08,1.1062326166211278e-07,3.7055381540620655,0.9957909106421705,37.63149393829932,False,0.8627441675052978
226,6,0.001,0.4782379334792495,0.4782379399985075,0.0,1.7996898749039758e-08,0.08906425757935633,0.06457046419382095,0.10486960411071777,5.2567987296470164e-08,1.3428957856831403e-07,12.18426714190349,0.9957909106421705,37.740253800414635,False,0.7931468007154763
227,6,0.001,0.7560626044869423,0.7560626044869423,0.0,1.1845639469321156e-08,0.07226150878014527,0.05394350830465555,0.09815549850463867,7.78171767024105e-08,2.6507674988351937e-07,4.383081077120581,0.9957909106421705,37.84653468901736,False,0.791383586358279
228,6,0.001,0.6997452825307846,0.6997452974319458,0.0,1.7091617010578375e-08,0.0809810064298843,0.0711543532088399,0.10456577936808267,6.415778130985927e-08,1.3380838481680257e-07,5.255700402678047,0.9957909106421705,37.95020198397986,False,0.7914664787240326
229,6,0.001,0.625874750316143,0.6258747652173042,0.0,2.4668295184326894e-08,0.10565540445189091,0.09039311856031418,0.10027591387430826,5.650023737757692e-08,2.2085345108280308e-07,3.5108344951630657,0.9957909106421705,38.0499322021502,False,0.7482400797307491
230,6,0.001,0.7707309164106846,0.7707309210672975,0.0,1.9461683153920717e-08,0.09617031532993858,0.07315131276845932,0.10533332824707031,8.44399110633276e-08,4.4173475544084795e-07,13.00186780248355,0.9957909106421705,38.148846733019795,False,0.7453952275682241
231,6,0.001,0.6437924988567829,0.6437925025820732,0.0,1.895366241733143e-08,0.09497796494132053,0.06892810389399529,0.10444434483846028,5.691415694286661e-08,2.0375665599203785e-07,3.602271040297428,0.9957909106421705,38.24551864786123,False,0.7656963545596227
232,6,0.001,1.1733627617359161,1.1733627617359161,0.0,1.078673794729923e-08,0.07000071125447406,0.054134936071932316,0.10670042037963867,6.001856434068031e-08,2.62323794686381e-07,3.812872256488198,0.9957909106421705,38.33995136279517,False,0.7664964845171198
233,6,0.001,0.4940875759348273,0.4940875880420208,0.0,1.526460713385802e-08,0.08451232282044263,0.06628802325576544,0.10217229525248209,1.0472204792222328e-07,3.1523705956715276e-07,2.6179551829185606,0.9957909106421705,38.43015150644607,False,0.7512401345302351
234,6,0.001,0.8204206898808479,0.8204206973314285,0.0,2.5193058916794797e-08,0.10194654735080726,0.08706698147580028,0.09793877601623535,8.485383773404465e-08,3.535793666742393e-07,10.83052767085911,0.9957909106421705,38.51427352815206,False,0.7702947401558049
235,6,0.001,0.8094416260719299,0.8094416558742523,0.0,2.7188164497538025e-08,0.10029815828138725,0.07459470489993691,0.11729677518208821,5.7535039843514824e-08,1.2242519176197675e-07,4.07575276888624,0.9957909106421705,38.59590723749059,False,0.7369059078046121
236,6,0.001,1.2281917482614517,1.2281917557120323,0.0,1.468408650229236e-08,0.07962393991963737,0.07019621785730124,0.10474618275960286,7.61614913358244e-08,2.3828681605664315e-07,5.741316440890094,0.9957909106421705,38.673548282804255,False,0.7652255152934231
237,6,0.001,1.2549178898334503,1.2549179047346115,0.0,2.5157601335479285e-08,0.10916393051766413,0.08520207740366459,0.09734638532002766,1.0306636255563717e-07,2.7204390562474146e-07,23.69691974827305,0.9957909106421705,38.75362976192691,False,0.7723522906308062
238,6,0.001,0.6877065524458885,0.6877065673470497,0.0,2.7139216207672234e-08,0.10994022662009856,0.09333073906600475,0.09987123807271321,6.415778130985927e-08,1.7550590314385772e-07,3.3193229960548565,0.9957909106421705,38.8347132434092,False,0.7953880011918955
239,6,0.001,0.6996559500694275,0.6996559649705887,0.0,3.149799421287014e-08,0.1149667110566154,0.08803075738251209,0.1059580643971761,7.864501583298988e-08,1.8758385067485506e-07,4.788139734379906,0.9957909106421705,38.91639336000149,False,0.7867038095719181
240,6,0.001,1.084304053336382,1.0843040645122528,0.0,1.2067053356545898e-08,0.07467388677323895,0.052902248688042164,0.0969541867574056,9.437402326284428e-08,2.9334876217035344e-07,5.566507802548914,0.9957909106421705,38.99743126625026,False,0.8026989313657396
241,6,0.001,1.2797796130180359,1.2797796130180359,0.0,1.05444818432332e-08,0.07011770772542725,0.05475896596908569,0.09785246849060059,6.126033014197674e-08,1.4983720575401094e-07,7.8005923208774375,0.9957909106421705,39.07556669071318,False,0.8441445279167965
242,6,0.001,0.6751314401626587,0.6751314401626587,0.0,1.4070921872111342e-08,0.08097382021408392,0.057243382558226585,0.10133798917134602,6.581345957101803e-08,2.531463962895941e-07,4.068713277728172,0.9957909106421705,39.15202552806334,False,0.8564503720845096
243,6,0.001,0.8231096118688583,0.8231096267700195,0.0,2.7067204033670578e-08,0.11351674742161602,0.08696523681282997,0.1136633555094401,1.262459505824154e-07,4.0210758811554115e-07,4.082277908811549,0.9957909106421705,39.22657483011862,False,0.8606408100458793
244,6,0.001,1.1168052405118942,1.1168052554130554,0.0,3.566896983331347e-08,0.11573677688112455,0.10674065351486206,0.11393229166666666,7.202228147207279e-08,1.1886744033517971e-07,10.136768516935224,0.9957909106421705,39.301768672351926,False,0.8867070574196987
245,6,0.001,1.2538300454616547,1.2538300827145576,0.0,5.436483063725461e-08,0.1422951150609073,0.1320912493392825,0.09768414497375488,9.313225746154785e-08,2.9698898629249015e-07,13.592537205236093,0.9957909106421705,39.38259055435808,False,0.9259542633662932
246,6,0.001,1.1025264523923397,1.1025264635682106,0.0,3.05567637859383e-08,0.11668091061637424,0.09390109963715076,0.10784737269083658,8.195638656616211e-08,2.7089240006716864e-07,6.779256346106388,0.9957909106421705,39.46875438653789,False,0.9466914843651466
247,6,0.001,1.2346927374601364,1.2346927523612976,0.0,3.167842321794012e-08,0.11615397557303053,0.09782515931874514,0.10059905052185059,6.436474109250412e-08,4.238454209826159e-07,3.3697656960936153,0.9957909106421705,39.55919525878573,False,0.9836227492778562
248,6,0.001,0.5736407116055489,0.5736407712101936,0.0,5.797979185651059e-08,0.1551624258723178,0.1289620054885745,0.11445871988932291,1.2003712868136063e-07,3.633888070453395e-07,5.7971348964869565,0.9957909106421705,39.653239113567196,False,0.9461401211447082
249,6,0.001,0.40632498264312744,0.40632500499486923,0.0,2.8262367113285336e-08,0.11282925325148213,0.0906862374395132,0.1016244888305664,5.8569842309452724e-08,1.7564711640716268e-07,5.086710872082466,0.9957909106421705,39.747938194387636,False,0.940654959063977
250,6,0.001,1.2711587846279144,1.2711587846279144,0.0,2.1315983200764776e-08,0.09888704130184614,0.08013611938804388,0.10476382573445638,9.851323312659588e-08,3.7962746546327253e-07,8.839484832139894,0.9957909106421705,39.844561343508865,False,0.9688260899856687
251,6,0.001,0.48566054180264473,0.4856605725362897,0.0,3.9026818665632845e-08,0.1336336812876466,0.11429995484650135,0.10603555043538411,6.477866065779381e-08,2.7311415351505275e-07,13.048689617115885,0.9957909106421705,39.94461794860377,False,0.9485897722188383
252,6,0.001,0.4640917629003525,0.46409177500754595,0.0,1.9941819306978914e-08,0.0905118822801196,0.07152942754328251,0.09938653310139973,7.533365220524502e-08,2.0145293433415645e-07,2.4307825151221936,0.9957909106421705,40.0438901935864,False,0.9008335231337696
253,7,0.001,0.7423406066372991,0.7423406237503514,0.0,3.890339250745001e-08,0.13069768967054218,0.10886884853243828,0.10478083292643228,6.871091073890057e-08,2.0262510247448517e-07,3.2717665079035814,0.9957909106421705,40.140711337377304,False,0.8687974429340102
254,7,0.001,1.0568534433841705,1.0568534582853317,0.0,3.0314751819915386e-08,0.1136009110104485,0.0902858953922987,0.10609292984008789,1.258320310171257e-07,5.610659172816668e-07,4.417829529946632,0.9957909106421705,40.235894098652,False,0.8918691236176528
255,7,0.001,0.9866852462291718,0.9866852462291718,0.0,2.1129948457598857e-08,0.09072271897488253,0.06888472661376,0.10406374931335449,1.0306636255563717e-07,3.335011342642247e-07,7.069544020758838,0.9957909106421705,40.328341789436344,False,0.9098084546276368
256,7,0.001,0.5690283197909594,0.5690283617004752,0.0,5.074499753732198e-08,0.1550458175041416,0.12000511959195137,0.10468244552612305,9.97549989278923e-08,1.8711570248797216e-07,3.528062644924612,0.9957909106421705,40.41855616837385,False,0.8776037212810479
257,7,0.001,0.8676752895116806,0.8676753044128418,0.0,3.0706943210390136e-08,0.11730397120984687,0.08941968157887459,0.10303107897440592,9.644362819472008e-08,3.05067032968509e-07,9.422667945712066,0.9957909106421705,40.506162402082616,False,0.8518472010619007
258,7,0.001,0.5198371652513742,0.5198371860315092,0.0,2.747703231609222e-08,0.09755104690983275,0.0830345000140369,0.1037588119506836,1.1631184548832607e-07,3.2367296398660983e-07,2.7466387826834806,0.9957909106421705,40.59163188446058,False,0.8421413088799454
259,7,0.001,0.5591035624966025,0.5591035829856992,0.0,3.482026844636721e-08,0.1274626776055003,0.0960843600332737,0.10661625862121582,6.374385463914223e-08,2.22152749529414e-07,3.9111983629053118,0.9957909106421705,40.674672684086296,False,0.8256409307941794
260,7,0.001,1.176723137497902,1.176723152399063,0.0,3.7505520245062485e-08,0.12829713453531086,0.10259838029742241,0.10483161608378092,6.126033014197674e-08,1.8848479044208943e-07,22.816746247993194,0.9957909106421705,40.76055507079431,False,0.8293857993558049
261,7,0.001,0.4545995816588402,0.45459963753819466,0.0,5.080835263626682e-08,0.15155151711943532,0.1279883561655879,0.10432068506876627,1.3742182147780113e-07,3.395141732198681e-07,6.410231381691087,0.9957909106421705,40.84911645259642,False,0.779433895368129
262,7,0.001,0.9313047379255295,0.9313047379255295,0.0,2.3282581640415856e-08,0.10469949735487555,0.08281396515667439,0.10141444206237793,9.023481339909267e-08,1.5340425818521908e-07,6.656242492349754,0.9957909106421705,40.93926674450655,False,0.7687325382139534
263,7,0.001,0.8559560030698776,0.8559560067951679,0.0,1.449799946762198e-08,0.08071813461709815,0.05698921391740441,0.10235230127970377,7.61614913358244e-08,3.1726071370030695e-07,2.9980056933119874,0.9958022865593539,41.029838321913104,False,0.7450614923145622
264,7,0.001,0.44937754422426224,0.4493775852024555,0.0,3.443227325483633e-08,0.12094220745808582,0.08650780748575926,0.1040031909942627,1.1134478938856773e-07,2.6036281042252085e-07,4.802948058790204,0.9958022865593539,41.11984045223405,False,0.7372950443532318
265,7,0.001,0.39885063096880913,0.3988506533205509,0.0,2.3387046188538818e-08,0.09279677845456824,0.07430913764983416,0.10505278905232747,1.341104507446289e-07,4.1390103433514014e-07,6.043541573997782,0.9958022865593539,41.20834208764059,False,0.7368278973735869
266,7,0.001,0.9102378878742456,0.9102378971874714,0.0,1.9889901836656065e-08,0.09186409715607138,0.06928830407559872,0.1083061695098877,8.650952310063076e-08,2.430139716125268e-07,6.196537219649079,0.9958022865593539,41.29265912413241,False,0.7142703413264826
267,7,0.001,0.6057434640824795,0.6057434752583504,0.0,1.8826277869976593e-08,0.09184129234844964,0.07280780375003815,0.10320560137430826,1.4404456294414558e-07,1.9442727250407188e-07,4.446372891021253,0.9958022865593539,41.37382466616044,False,0.7217755239689723
268,7,0.001,0.8209868147969246,0.8209868222475052,0.0,2.1056725474366544e-08,0.09766921959135566,0.07411355804651976,0.10439562797546387,9.892715269188557e-08,1.652334447044268e-07,5.792165796190761,0.9958022865593539,41.45148740601679,False,0.744081464712508
269,7,0.001,0.6748994663357735,0.6748994830995798,0.0,3.025539463408222e-08,0.11223608507180524,0.09224656876176596,0.10361234347025552,1.428027900374218e-07,4.160940250130807e-07,4.18793978952111,0.9958022865593539,41.52532025031604,False,0.7398663934436627
270,7,0.001,1.491026972187683,1.491026982665062,0.0,2.889938643946266e-08,0.1143434073319789,0.09134322497993708,0.09890047709147134,8.112854743558273e-08,2.6121620066987816e-07,12.661815932491654,0.9958022865593539,41.598761929618306,False,0.7670022389938822
271,7,0.001,0.7920512408018112,0.7920512482523918,0.0,1.616354472488979e-08,0.08656499500947588,0.07269125618040562,0.1092231273651123,7.202228147207279e-08,1.514817711267824e-07,2.184460067583137,0.9957909106421705,41.67188150106995,False,0.7548376136546722
272,7,0.001,1.0406841710209846,1.0406842082738876,0.0,3.737012699289721e-08,0.13214466401354474,0.10995586775243282,0.10682495435078938,1.0223852342505779e-07,3.0442316756307264e-07,7.9226846604919015,0.9957909106421705,41.742891237789955,False,0.7843161043565487
273,7,0.001,0.76916060782969,0.769160627387464,0.0,2.8382342143196126e-08,0.10887953486740644,0.09109075553715229,0.10770376523335774,8.23703061314518e-08,4.1979870957220555e-07,8.545448080593085,0.9957909106421705,41.81744520777961,False,0.7781589367514243
274,7,0.001,1.2792943269014359,1.2792943269014359,0.0,7.885811836860768e-09,0.057647518585047935,0.04374498687684536,0.1058980623881022,9.934107225717526e-08,3.0458116384579625e-07,7.899636954089373,0.9957909106421705,41.8975113417788,False,0.8256250093545532
275,7,0.001,0.6769687905907631,0.6769688166677952,0.0,2.813373511934003e-08,0.10759116860712209,0.08434237353503704,0.1018838882446289,9.230441833096847e-08,1.3603440152110124e-07,4.464754228588648,0.9957795347249871,41.97951113247273,False,0.8329915861104382
276,7,0.001,1.1606834679841995,1.1606834679841995,0.0,1.0331418831555084e-08,0.07024215161421307,0.050722237676382065,0.10013596216837564,8.485383773404465e-08,3.6891941590511124e-07,4.705533289804754,0.9957795347249871,42.06286889075506,False,0.8319891067658318
277,7,0.001,0.6069509945809841,0.6069509973749518,0.0,1.6684731152238896e-08,0.0880108725525401,0.06952637061476707,0.10650356610616048,1.0472204792222328e-07,3.1204339734358655e-07,3.4104404572545324,0.9957795347249871,42.145186793453064,False,0.8415110700734658
278,7,0.001,0.5959888584911823,0.5959888659417629,0.0,1.355594436702745e-08,0.07583894471102055,0.05687386728823185,0.10664105415344238,1.10516943152561e-07,3.045256562472787e-07,2.99759438894291,0.9957795347249871,42.225443370421125,False,0.8205538276088191
279,7,0.001,0.9716928340494633,0.9716928526759148,0.0,1.927702986126434e-08,0.0884256016152902,0.06575700175017118,0.10114542643229166,1.3576614321664238e-07,5.173005774850026e-07,3.9919399727593,0.9957795347249871,42.30331017206263,False,0.8277873795450432
280,7,0.001,0.7228824943304062,0.7228825017809868,0.0,1.9523152650080533e-08,0.09548592606592306,0.07858680188655853,0.10862151781717935,9.147657209496174e-08,2.7857319651047874e-07,4.132056769745678,0.9957795347249871,42.378526213187094,False,0.8448814389266772
281,7,0.001,0.2874251129105687,0.2874251324683428,0.0,2.5012171445126796e-08,0.10867085505199563,0.08250086940824986,0.10429875055948892,8.216334634880695e-08,1.6194096019717108e-07,2.827477779591541,0.9957681588078039,42.44988439538539,False,0.8379173440480372
282,7,0.001,0.7672867551445961,0.7672867551445961,0.0,1.2603284860190911e-08,0.07486787809873774,0.05680393800139427,0.10362935066223145,1.3162691914203606e-07,4.3973520291729074e-07,3.5965276991176665,0.9957681588078039,42.51788324905828,False,0.8289828982524341
283,7,0.001,0.4632421210408211,0.46324214339256287,0.0,1.7412947084238795e-08,0.08805547429490791,0.07889324426651001,0.10482652982076009,1.3369653117933922e-07,2.627500634844182e-07,5.241327755977639,0.9957681588078039,42.581853154525255,False,0.8200765643123304
284,7,0.001,0.7811274901032448,0.7811274901032448,0.0,1.2340221733353474e-08,0.07623724568300422,0.051203422248363495,0.10262020428975423,1.043081283569336e-07,3.182717307481653e-07,4.972729686519191,0.9957681588078039,42.64219976261773,False,0.8175853565189755
285,7,0.001,1.3359133452177048,1.3359133452177048,0.0,9.178642679241733e-09,0.06405457098601186,0.04821735015138984,0.10445912679036458,6.084641057668705e-08,2.0946033885138604e-07,3.9927569405739702,0.9957681588078039,42.69875133857233,False,0.8588987239490962
286,7,0.001,0.6850189939141273,0.6850190237164497,0.0,2.8542419983068612e-08,0.11518949414818949,0.0935764666646719,0.10168743133544922,1.0348028922635422e-07,2.307860285100105e-07,6.568089143883584,0.9957681588078039,42.751218217511145,False,0.8085232253069989
287,7,0.001,0.8961601480841637,0.8961601704359055,0.0,3.278195892519875e-08,0.11998045617603531,0.09631717391312122,0.10672569274902344,1.1838145042020187e-07,4.000900730716239e-07,8.537750395937696,0.9957681588078039,42.80361524716355,False,0.815030032012146
288,7,0.001,0.7035753205418587,0.7035753279924393,0.0,1.4875193965480094e-08,0.08157641889641482,0.06787124369293451,0.10680786768595377,1.0803341865539551e-07,3.864693667310348e-07,3.4466093812413976,0.9957679218095292,42.85482896229406,False,0.7939607288572006
289,8,0.001,0.7294290214776993,0.7294290470890701,0.0,3.2874624800172114e-08,0.11773492002266822,0.08933193609118462,0.10439976056416829,1.0016891849318199e-07,2.829327172548801e-07,5.557524402107195,0.9957681588078039,42.90572097274631,False,0.7914775047102012
290,8,0.001,0.7781587913632393,0.7781588099896908,0.0,2.56971421919161e-08,0.10570559967904092,0.0793198412284255,0.10758622487386067,7.450580596923828e-08,3.490765152491804e-07,3.0642260699518973,0.9957567828906205,42.95480778731024,False,0.7601565337390639
291,8,0.001,0.7236179388128221,0.723617943469435,0.0,1.2377319447143265e-08,0.07264713191503717,0.05689108511433005,0.1015784740447998,8.402599149803791e-08,3.300348225820926e-07,4.17829741535054,0.9957567828906205,43.00165705633503,False,0.7630721055029426
292,8,0.001,0.41996999830007553,0.4199700132012367,0.0,2.1747470491106924e-08,0.10027755703382163,0.07873918581753969,0.10757263501485188,1.059638137235197e-07,3.989445360730315e-07,3.5387253298093317,0.9957567828906205,43.045815283723485,False,0.7167775136476848
293,8,0.001,0.8827534951269627,0.8827535063028336,0.0,2.516232200377999e-08,0.10698504068773429,0.0791739271953702,0.09819372495015462,1.10516943152561e-07,3.0441776743828086e-07,5.486274495855081,0.9957567828906205,43.08862293513494,False,0.7340151699318085
294,8,0.001,0.36409683362580836,0.36409686086699367,0.0,3.694023686939829e-08,0.12469147100031908,0.10332340653985739,0.10488295555114746,1.5066730441049003e-07,4.936202913086163e-07,1.8022238171584495,0.9957567828906205,43.1296130915957,False,0.7195219183777226
295,8,0.001,0.5550831542350352,0.5550831884611398,0.0,2.9229471898428727e-08,0.10973453708638677,0.09115944383665919,0.10400287310282388,1.0803341865539551e-07,2.9114607968949713e-07,2.72331409416094,0.9957567828906205,43.168140457236085,False,0.6934838133893209
296,8,0.001,0.6540670655667782,0.6540670841932297,0.0,1.881912231604943e-08,0.08653643233538048,0.07085977960377932,0.10554305712381998,7.057355588813152e-08,3.3498116636110353e-07,2.654882321031539,0.9957567828906205,43.204508301115894,False,0.6891828490915941
297,8,0.001,0.38488126546144485,0.3848812812939286,0.0,2.7237112565359212e-08,0.11215182916000865,0.09633522294461727,0.10662301381429036,8.071462076486569e-08,3.1707975267636357e-07,4.220226014431904,0.9957454069734373,43.24112363568392,False,0.6952738586260239
298,8,0.001,0.6413361802697182,0.6413361951708794,0.0,1.7961842846414555e-08,0.08695312304029539,0.0641438215970993,0.10712099075317383,1.2045104824665032e-07,6.229133759916294e-07,5.52372144042246,0.9957454069734373,43.27699165672084,False,0.687401947696344
299,8,0.001,0.6463918776717037,0.6463918823283166,0.0,1.3558363765042714e-08,0.07970437072496439,0.061085229739546776,0.10091956456502278,9.851323312659588e-08,2.352931716131934e-07,2.7672346494251,0.9957454069734373,43.31200413498915,False,0.6988488074857742
300,8,0.001,0.8005399033427238,0.8005399405956268,0.0,2.9298450776593654e-08,0.11180668137019001,0.08623289503157139,0.10758519172668457,1.1672576505361576e-07,4.10599739097961e-07,9.179010742465703,0.9957451699751626,43.34558037468417,False,0.7000620833132416
301,8,0.001,0.8166379742324352,0.8166379816830158,0.0,1.8386384470492345e-08,0.08822863566627272,0.06958240270614624,0.106277863184611,7.78171767024105e-08,2.2697008716932032e-07,3.4498948534577663,0.9957567828906205,43.37885992075711,False,0.6676073726266623
302,8,0.001,0.28268348798155785,0.28268352150917053,0.0,3.576446006015033e-08,0.12602016557711462,0.09862342569977045,0.10494716962178548,7.740325713712082e-08,4.6667122433063923e-07,2.510173526850521,0.9957567828906205,43.411659518471204,False,0.6424614035058767
303,8,0.001,0.5006045993650332,0.5006046438356861,0.0,3.567576745133749e-08,0.1263192063222179,0.09977132547646761,0.1020505428314209,6.953874986947994e-08,2.3703321971879632e-07,4.421835651122969,0.9957563088940713,43.44520556493424,False,0.617739181710931
304,8,0.001,1.1406009942293167,1.140601024031639,0.0,3.3734231852378116e-08,0.12050198862783722,0.09262506477534771,0.1062774658203125,1.0927518445669193e-07,3.184033516845375e-07,6.918605552902671,0.9957567828906205,43.47896158550053,False,0.6450532863163971
305,8,0.001,0.9016150236129761,0.9016150683164597,0.0,4.4713510671812173e-08,0.13367351580956147,0.09959379024803638,0.10643847783406575,8.609559642991371e-08,3.034787710021192e-07,4.256359465313804,0.9957567828906205,43.513309325435735,False,0.6558149114498519
306,8,0.001,0.3645387995056808,0.3645388240693137,0.0,3.211040433548362e-08,0.11254734770755324,0.09619358275085688,0.10082221031188965,1.018246038597681e-07,2.666831449005258e-07,4.244837398893579,0.9957567828906205,43.54915548325948,False,0.6299636619587545
307,8,0.001,0.9009780772030354,0.9009780958294868,0.0,3.4236468771098316e-08,0.11834101372672351,0.09532387927174568,0.09956773122151692,7.78171767024105e-08,1.7283267084167164e-07,7.131212151008182,0.9957567828906205,43.58575322400542,False,0.6410486706081429
308,8,0.001,0.38308582035824656,0.3830858883447945,0.0,5.852815831985936e-08,0.16440326289741478,0.1340778861194849,0.09816145896911621,6.043249101139736e-08,1.7708057953313983e-07,5.7105287425475115,0.9957567828906205,43.62301896556718,False,0.6387434094867785
309,8,0.001,0.7482735365629196,0.7482736110687256,0.0,5.6073025334058e-08,0.16344878074795033,0.12896459735929966,0.10876719156901041,9.106265252967205e-08,1.981626525093816e-07,7.09187321819038,0.9957567828906205,43.66272045765204,False,0.6303384120765259
310,8,0.001,0.6843278184533119,0.684327844530344,0.0,3.30022640326888e-08,0.12426969291877153,0.0971626378595829,0.09888434410095215,1.258320310171257e-07,4.2235359387632343e-07,4.2369337675092895,0.9957567828906205,43.704384583420506,False,0.6503528486282448
311,8,0.001,0.9164174944162369,0.9164175316691399,0.0,4.437263800838309e-08,0.13873342399728733,0.10780135449022055,0.10663986206054688,1.0265244299034748e-07,2.7458588647277793e-07,8.194481291098603,0.9957567828906205,43.74950370351053,False,0.6729362448895699
312,8,0.001,0.8054837808012962,0.8054838106036186,0.0,4.234832484684148e-08,0.13721377616956074,0.10847985744476318,0.10016536712646484,1.1010302358727131e-07,2.7466020924293844e-07,4.495266339489506,0.9957567828906205,43.79721293926851,False,0.6823997895917273
313,8,0.001,0.7012082971632481,0.7012083064764738,0.0,2.1828730378814498e-08,0.09896015925549437,0.07198162283748388,0.10909310976664224,1.1507007968702965e-07,3.5882300153389224e-07,2.475006539628013,0.9957567828906205,43.846821363766914,False,0.70217022907309
314,8,0.001,0.24021362140774727,0.24021366611123085,0.0,4.3727586218622605e-08,0.13264408567758165,0.09939428046345711,0.10666831334431966,1.0968910402198162e-07,2.6718845447248896e-07,3.9758102303457203,0.9957567828906205,43.89590344755238,False,0.6771000691442168
315,8,0.001,0.5808698460459709,0.5808698758482933,0.0,3.534245901493094e-08,0.11302537354269285,0.08898789156228304,0.10332369804382324,9.602970862943039e-08,2.934312703928299e-07,3.7322128256861293,0.9957681588078039,43.944551533348736,False,0.6730049421676085
316,8,0.001,0.8780484348535538,0.8780484795570374,0.0,5.119516321983042e-08,0.14640875801265174,0.11423810012638569,0.10241945584615071,9.354617702683754e-08,3.1251124710252043e-07,5.328858353771511,0.9957681588078039,43.99240283430919,False,0.6778492253870354
317,8,0.001,0.5195390712469816,0.5195391084998846,0.0,4.92399063745097e-08,0.15142052264903283,0.12021742202341557,0.10981067021687825,1.0554989415823002e-07,4.4028365664416924e-07,6.019057243784136,0.9957679218095292,44.040940270762555,False,0.6592805439504446
318,8,0.001,0.7482888847589493,0.7482889145612717,0.0,3.2767549118517536e-08,0.12165923977382614,0.0954063106328249,0.10225701332092285,7.36779668386589e-08,5.118895387568045e-07,3.743979237904936,0.9957681588078039,44.089577665663825,False,0.6883808812490315
319,8,0.001,0.7565131895244122,0.7565132081508636,0.0,2.649497599094275e-08,0.10704993168311296,0.08049233350902796,0.10747512181599934,1.1424223345102291e-07,5.548384933717898e-07,10.853391257595328,0.9957681588078039,44.14105802408695,False,0.7043751681339927
320,8,0.001,0.7921659871935844,0.7921660020947456,0.0,2.3698150997120138e-08,0.10351518594078968,0.08066644985228777,0.10589591662089029,8.278423280216884e-08,2.1461475796513696e-07,3.9443092196913074,0.9957681588078039,44.19340024425642,False,0.6825979801942594
321,8,0.001,0.6312621608376503,0.6312621831893921,0.0,2.3936907123101037e-08,0.10522407704126444,0.0743660619482398,0.1022042433420817,7.947286206899662e-08,2.2119367315553973e-07,3.8160989577330664,0.9957681588078039,44.24602600642536,False,0.6657009262708016
322,8,0.001,0.9950374662876129,0.9950374811887741,0.0,2.1673164374291787e-08,0.1000471730987742,0.0762613769620657,0.10830609003702799,1.2086498202279472e-07,2.8532940632430837e-07,5.154496115109348,0.9957681588078039,44.29860496360881,False,0.7051070929446723
323,8,0.001,0.43886176962405443,0.438861814327538,0.0,4.209058168669344e-08,0.13594387169709995,0.10420633759349585,0.11066285769144693,9.189049166025143e-08,4.747532784676878e-07,8.980902303682988,0.9957681588078039,44.349574333549775,False,0.676224823720986
324,8,0.001,0.6003873031586409,0.6003873217850924,0.0,3.231140865977977e-08,0.12230471204286793,0.09517063293606043,0.11008079846700032,9.644362819472008e-08,3.1585432225256227e-07,6.762083008354068,0.9957792977267126,44.398624066693074,False,0.6898061663960107
325,9,0.001,0.2996758930385113,0.29967591911554337,0.0,3.0200298262172964e-08,0.11911586886738806,0.08848887868225574,0.10557079315185547,1.4156103134155273e-07,4.535187088094972e-07,3.0538808642036295,0.9957795347249871,44.446581729159526,False,0.6617688136757351
326,9,0.001,0.8421531058847904,0.8421531170606613,0.0,1.9402565998305477e-08,0.09567172357946692,0.07624209765344858,0.10530344645182291,1.2831556261971855e-07,4.646461206903041e-07,2.9547217508154597,0.9957795347249871,44.49396090396536,False,0.6716328941402026
327,9,0.001,0.5761950109153986,0.5761950258165598,0.0,1.7736680124613713e-08,0.08795923814138219,0.06888803653419018,0.10550427436828613,1.2707378971299477e-07,2.5700751393742394e-07,5.963880904516817,0.9957795347249871,44.540884086283484,False,0.6503689889214002
328,9,0.001,0.6060098730958998,0.6060099052265286,0.0,3.802313397471835e-08,0.13163302070995583,0.1097144614905119,0.10331360499064127,1.4073319221097336e-07,3.9818692698645464e-07,3.8863508790705787,0.9957795347249871,44.586078722058055,False,0.6379018696898129
329,9,0.001,0.34847074188292027,0.34847078286111355,0.0,3.903492551415866e-08,0.13362675094258197,0.10387565940618515,0.10524257024129231,8.816520136178951e-08,1.833379172921923e-07,2.1877527806494026,0.9957795347249871,44.63043288308277,False,0.6158557724847924
330,9,0.001,0.6297442838549614,0.6297442950308323,0.0,1.1651159925740728e-08,0.07218428558274857,0.0518614212051034,0.10387070973714192,1.2459027232125663e-07,2.31648641602078e-07,5.958429641360859,0.9957795347249871,44.67258352091845,False,0.6402014388877433
331,9,0.001,1.0922640170902014,1.0922640543431044,0.0,4.0802107914572616e-08,0.1312154139889391,0.09667980577796698,0.111679474512736,9.064873296438236e-08,2.224891773039417e-07,12.800669458265094,0.9957795347249871,44.7176268246072,False,0.6721635745780077
332,9,0.001,0.39390620053745806,0.39390623627696186,0.0,4.1990189547647105e-08,0.12692177753481648,0.1024058973416686,0.10787860552469888,1.523229826716488e-07,3.4648641644707823e-07,2.4957420496154215,0.9957795347249871,44.7627798314327,False,0.6419046849332517
333,9,0.001,0.17290749214589596,0.17290752567350864,0.0,3.0038641796181764e-08,0.11913790699004828,0.09379853866994381,0.10323977470397949,7.82310962677002e-08,2.9564557735284325e-07,1.539287465188902,0.9957795347249871,44.80707938903611,False,0.6202402112394338
334,9,0.001,0.47618459537625313,0.4761846251785755,0.0,4.0035324833098684e-08,0.1323488860645456,0.11034273356199265,0.10590132077534993,9.809931356130619e-08,4.72155278430364e-07,5.685757725519817,0.9957795347249871,44.85101374990622,False,0.6032336931530153
335,9,0.001,0.8637368159834296,0.8637368420604616,0.0,3.888972144316938e-08,0.12303010028289606,0.10286891553550959,0.10558970769246419,1.0016891849318199e-07,3.5107237295051164e-07,5.261198728183807,0.9957795347249871,44.89382677316571,False,0.6099351698067039
336,9,0.001,0.48759717494249344,0.4875972047448158,0.0,2.6589870583126896e-08,0.10488772371380836,0.08954148273915052,0.10488653182983398,1.3493828987520828e-07,2.1800801164317818e-07,4.349765684078364,0.9957795347249871,44.93518677948398,False,0.5908996190410107
337,9,0.001,0.8827229738235474,0.8827229924499989,0.0,2.839203960824932e-08,0.10568314681401982,0.08659819886088371,0.10398475329081217,8.361207193274822e-08,2.405275836281362e-07,5.45612259276762,0.9957795347249871,44.97543994199031,False,0.6066159198526293
338,9,0.001,0.38000120548531413,0.3800012323772535,0.0,2.333570670032259e-08,0.09301275543989973,0.07707451889291406,0.1039431889851888,1.0265244299034748e-07,3.737686711247079e-07,1.1147045935247868,0.9957681588078039,45.01513916696112,False,0.5681761535524856
339,9,0.001,0.3042939668521285,0.3042940106242895,0.0,3.791176039769084e-08,0.1315492438549816,0.10190368536859751,0.10516214370727539,9.064873296438236e-08,2.609774014672439e-07,2.603127948379769,0.9957681588078039,45.054283288645955,False,0.5597656658792403
340,9,0.001,0.2989902086555958,0.29899023845791817,0.0,2.827935841054341e-08,0.11624544299191675,0.09774443879723549,0.10274020830790201,1.436306433788559e-07,2.9047629368506023e-07,3.4502790904575997,0.9957681588078039,45.09235008600186,False,0.5409283474727999
341,9,0.001,0.5336863971315324,0.5336864199489355,0.0,3.984963647951645e-08,0.13321111462913598,0.11391596589237452,0.10854880015055338,1.423888704721321e-07,2.861692678379768e-07,3.957158532627602,0.9957681588078039,45.12865424275987,False,0.5555540039786138
342,9,0.001,1.6344467867165804,1.634446807205677,0.0,6.276339470367986e-08,0.15359070682380224,0.1379902921617031,0.11324723561604817,6.622738624173508e-08,3.158302490646747e-07,42.68565456284065,0.9957681588078039,45.19855036322425,False,0.6050723590306006
343,9,0.001,0.8238244354724884,0.8238244503736496,0.0,2.2300027546773293e-08,0.09580716268170655,0.0740339825861156,0.10643696784973145,8.361207193274822e-08,2.581858780104085e-07,9.189258388912815,0.9957681588078039,45.29778420578352,False,0.6205491980654188
344,9,0.001,0.3905956679955125,0.3905956959351897,0.0,3.247819568841237e-08,0.11175811208027582,0.10172732267528772,0.10524884859720865,1.2417633854511223e-07,3.006503845881525e-07,1.849740036771892,0.9957795347249871,45.41718098652372,False,0.6070858102466445
345,9,0.001,1.5377395749092102,1.5377395749092102,0.0,2.306654489636628e-08,0.10088008638107572,0.08578924741595984,0.10413551330566406,7.61614913358244e-08,3.6982879692004644e-07,5.155272835191674,0.9957795347249871,45.54991192493663,False,0.6814151123107877
346,9,0.001,1.0959942638874054,1.095994271337986,0.0,2.2845291436368598e-08,0.10294166749595086,0.08057514391839504,0.10605955123901367,7.864501583298988e-08,1.9147330476698698e-07,5.361089173468414,0.9957795347249871,45.68930351701719,False,0.7105557360628154
347,9,0.001,0.3454737924039364,0.3454738222062588,0.0,2.9635645049097548e-08,0.11400175580132269,0.09223146736621857,0.10507869720458984,1.0265244299034748e-07,2.561633323239221e-07,2.425220133531786,0.9957795347249871,45.831020469727655,False,0.6638813470199239
348,9,0.001,0.2792387455701828,0.2792387641966343,0.0,2.3929590975413362e-08,0.1020161626297793,0.07957583013921976,0.10384051005045572,1.299712408808773e-07,2.2206410221770057e-07,2.3385476911511285,0.9957792977267126,45.97131184656807,False,0.6567146310844691
349,9,0.001,0.9489335156977177,0.948933519423008,0.0,3.018387939590639e-08,0.1185202242413286,0.0924221333116293,0.10300660133361816,1.2665987014770508e-07,4.0232708897747216e-07,8.834894378941039,0.9957795347249871,46.11087977647614,False,0.705216257556458
350,9,0.001,0.2811545552685857,0.28115458600223064,0.0,2.644755037195523e-08,0.11211426636747819,0.08050611428916454,0.10530281066894531,7.491972553452797e-08,1.5253358753852808e-07,3.1580885614288903,0.9957795347249871,46.24687617064388,False,0.6930268800497288
351,9,0.001,0.47950990311801434,0.47950991429388523,0.0,1.923042525220353e-08,0.09329090802870303,0.07694611512124538,0.10544308026631673,9.064873296438236e-08,2.711055913096061e-07,5.607056846693343,0.9957795347249871,46.378031293945966,False,0.6690126979956403
352,9,0.001,0.48378101363778114,0.4837810806930065,0.0,5.9603815216746625e-08,0.16489899855067633,0.1335817500948906,0.1069631576538086,1.063777332888094e-07,4.559945239179797e-07,11.138180208208496,0.9957795347249871,46.50729829745198,False,0.6687741879140958
353,9,0.001,0.2875889241695404,0.28758894838392735,0.0,2.7467629060140553e-08,0.11371661054303209,0.0839705839753151,0.10400780042012532,9.023481339909267e-08,3.295385511137283e-07,2.7467992794400207,0.9957795347249871,46.63234858267184,False,0.6315783098107204
354,9,0.001,0.3751828381791711,0.37518290244042873,0.0,5.178078144041365e-08,0.15323635558667784,0.12485517747700214,0.1089028517405192,1.1341439432044353e-07,4.957016130902048e-07,7.48339616698001,0.9957795347249871,46.75267990855144,False,0.6312771618540864
355,9,0.001,0.6573839634656906,0.6573839858174324,0.0,1.88633830777718e-08,0.09093624110774412,0.06470567174255848,0.10208320617675781,8.195638656616211e-08,2.6315927925679716e-07,3.6177191995817117,0.9957795347249871,46.86731986589448,False,0.6533452866424341
356,9,0.001,0.7315992265939713,0.7315992414951324,0.0,2.685382316514051e-08,0.11211588535078072,0.08145722188055515,0.10667125384012857,8.278423280216884e-08,1.9989720101420971e-07,7.177620945774103,0.9957795347249871,46.975418914794716,False,0.6803833502635825
357,9,0.001,0.5633617118000984,0.563361719250679,0.0,1.7698301268964656e-08,0.09048315346316924,0.06178857292979956,0.10187911987304688,1.3369653117933922e-07,4.752319000544958e-07,5.521444667832064,0.9957795347249871,47.07857759968065,False,0.6822380574303679
358,9,0.001,0.24373862822540104,0.2437386605888605,0.0,3.7918411965875976e-08,0.1289589800493546,0.09108193032443523,0.10240459442138672,1.8792020739510917e-07,3.659670824163186e-07,3.432170491847164,0.9957795347249871,47.17539323487454,False,0.5953187975246692
359,9,0.001,0.2857968816533685,0.2857969291508198,0.0,4.2165355207401944e-08,0.13813484852483462,0.10050035454332829,0.10684529940287271,1.1341439432044353e-07,1.7823404618866334e-07,4.693366246944111,0.9957795347249871,47.26573712016864,False,0.5616920754109742
360,9,0.001,0.7830952182412148,0.7830952405929565,0.0,2.6358537574822094e-08,0.10616948863492941,0.07935089245438576,0.10768707593282063,1.688798221266552e-07,7.232931693579303e-07,10.79130939048367,0.9957795347249871,47.35274285372804,False,0.5862232973013306
361,10,0.001,0.6968043439555913,0.6968043691013008,0.0,3.077753785163395e-08,0.1131313766657376,0.07955734245479107,0.10296916961669922,1.1879536998549156e-07,2.2814489852862607e-07,9.831852640442923,0.9957792977267126,47.4347935730681,False,0.5336648453667294
362,10,0.001,0.31365695782005787,0.313656996935606,0.0,4.0045868843208154e-08,0.1364918882094162,0.10796456597745419,0.10622874895731607,1.1589791881760902e-07,3.2116315651364857e-07,4.392413803492401,0.9957795347249871,47.51154581266313,False,0.4847687637375202
363,10,0.001,0.3921703137457371,0.39217033609747887,0.0,2.4876700255305195e-08,0.10870031459744861,0.08065765537321568,0.10529669125874837,1.601874828338623e-07,3.346029302520037e-07,3.2548182567897066,0.9957795347249871,47.5833916134055,False,0.48768729632138275
364,10,0.001,0.24347738164942712,0.2434774375287816,0.0,5.9514075001487754e-08,0.16149740179114283,0.12798253633081913,0.10550785064697266,7.905894250370693e-08,2.4150301669578766e-07,2.459291882079158,0.9957795347249871,47.650511902821954,False,0.4854522110763355
365,10,0.001,0.4215970328077674,0.4215970654040575,0.0,3.709275020469249e-08,0.13119080127327262,0.09649007394909859,0.09980249404907227,1.0927518445669193e-07,2.4450577029710985e-07,2.925661407111018,0.9957795347249871,47.71379998990303,False,0.4524936808957136
366,10,0.001,0.535492486320436,0.5354925002902746,0.0,3.363242617737683e-08,0.12499744791025269,0.09204132854938507,0.09945384661356607,9.230441833096847e-08,3.0940321948946803e-07,3.0710095617829514,0.9957795347249871,47.77270364974596,False,0.46838980158645427
367,10,0.001,0.5021315738558769,0.5021315943449736,0.0,3.710241358589883e-08,0.12964611167353565,0.09998203627765179,0.10472997029622395,7.657541090111408e-08,2.234684757240757e-07,3.911297342513267,0.9957795347249871,47.827669751460085,False,0.4698036560075707
368,10,0.001,0.6093335412442684,0.6093335598707199,0.0,2.323693149008932e-08,0.09729081918079653,0.07744367513805628,0.10790554682413736,1.4073319221097336e-07,5.190426577428298e-07,2.133798805740584,0.9957795347249871,47.87920237824774,False,0.47765068898297613
369,10,0.001,0.8299343436956406,0.8299343660473824,0.0,3.168581219625821e-08,0.12075480665200776,0.08137398213148117,0.1084757645924886,1.2500419188654632e-07,3.002179482791689e-07,3.9471023187548604,0.9957795347249871,47.92687384783891,False,0.5115472777033574
370,10,0.001,0.27101964969187975,0.2710196948610246,0.0,4.313786394760655e-08,0.14220576121023856,0.10621742531657219,0.10266923904418945,1.945429346505989e-07,4.383885823244782e-07,3.78057779401847,0.9957795347249871,47.97166052794579,False,0.5050370784229017
371,10,0.001,0.4906581025570631,0.49065815284848213,0.0,5.206492481590885e-08,0.14930658713189685,0.1067532766610384,0.10867547988891602,6.829699117361088e-08,1.9089195291144279e-07,6.214383892592946,0.9957795347249871,48.01400912001561,False,0.49461671211611247
372,10,0.001,0.5451394678093493,0.5451395408017561,0.0,5.552909465578182e-08,0.1603324483386286,0.12839695625007153,0.09780534108479817,1.6225709487116546e-07,2.938460283985478e-07,3.905630373885625,0.9957795347249871,48.05498982358003,False,0.4829629771920736
373,10,0.001,0.6657319143414497,0.6657319366931915,0.0,2.4968916934042795e-08,0.10762166572988403,0.084418885409832,0.10426608721415201,1.25418111451836e-07,3.8806257407486555e-07,3.520613745818677,0.9957795347249871,48.094240728330924,False,0.48936111485090805
374,10,0.001,0.4341536033898592,0.4341536331921816,0.0,3.8754451203715234e-08,0.13606887087190847,0.11083467304706573,0.10856795310974121,6.250209594327316e-08,4.0445308968628524e-07,27.713705407584616,0.9957795347249871,48.13397934839432,False,0.5012620507986867
375,10,0.001,0.40224635042250156,0.40224638395011425,0.0,3.7867326718732386e-08,0.12664749187773022,0.09672598540782928,0.10472520192464192,1.2748770927828446e-07,5.573161274696758e-07,2.935311361631372,0.9957795347249871,48.17643075757279,False,0.5085401425967575
376,10,0.001,0.4645289909094572,0.4645290356129408,0.0,5.18754665890242e-08,0.14804288968438137,0.10743825975805521,0.10704914728800455,1.084473382206852e-07,2.750996372924419e-07,7.414888913039537,0.9957795347249871,48.221837648231975,False,0.48862975338852266
377,10,0.001,0.5046582296490669,0.504658255726099,0.0,3.941972970267216e-08,0.13431268029208532,0.10476705618202686,0.1045239766438802,1.1465616012173996e-07,3.3760701967366913e-07,14.236628531274357,0.9957795347249871,48.27063672187597,False,0.4766206212443649
378,10,0.001,0.5441165938973427,0.5441166236996651,0.0,3.754589128490693e-08,0.13331687213550997,0.0947843138128519,0.10468538602193196,1.2459027232125663e-07,3.229945662042155e-07,9.24591600096365,0.9957795347249871,48.32496511953023,False,0.4910243484991952
379,10,0.001,0.43274059891700745,0.432740630581975,0.0,4.097148753601232e-08,0.13792528421567385,0.10089190304279327,0.10436868667602539,6.250209594327316e-08,2.1935090899205534e-07,3.8776085268990537,0.9957795347249871,48.38133753098912,False,0.4935599913223996
380,10,0.001,0.30794031638652086,0.3079403582960367,0.0,4.483218751794027e-08,0.14021626356129901,0.10224168561398983,0.10386013984680176,1.2376241897982254e-07,4.0164655956687056e-07,6.063778568116552,0.9957681588078039,48.43901319638319,False,0.49758892474346794
381,10,0.001,0.8636309374123812,0.8636309681460261,0.0,4.888339422137733e-08,0.1497126342089406,0.1217087171971798,0.10587930679321289,1.6308493400174484e-07,4.0793139532979694e-07,5.217714011324393,0.9957681588078039,48.49814356580608,False,0.5252160437812563
382,10,0.001,0.6518064998090267,0.6518065296113491,0.0,3.4493629841314544e-08,0.11733436276395019,0.07988016121089458,0.10710843404134114,1.2955732131558761e-07,3.156226284772856e-07,2.984345546482351,0.9957567828906205,48.55752659279197,False,0.5324856696242932
383,10,0.001,0.6618109673727304,0.6618110096314922,0.0,4.7316278894982133e-08,0.13117655486263932,0.09635401237756014,0.1059119701385498,1.2831556261971855e-07,4.73961335956119e-07,2.835131514336863,0.9957567828906205,48.615528534528934,False,0.5424656317190966
384,10,0.001,0.805408850312233,0.8054088614881039,0.0,2.6719259693663844e-08,0.11039628424020831,0.07948883436620235,0.10551222165425618,7.657541090111408e-08,3.708396434376482e-07,10.11433874510284,0.9957567828906205,48.67126538110326,False,0.5547203385358443
385,10,0.001,0.5468486994504929,0.5468487739562988,0.0,6.546361008830104e-08,0.1714763380751665,0.13668049685657024,0.10648544629414876,8.733736223121014e-08,2.1300654395872698e-07,3.718714475491524,0.9957567828906205,48.725226860210725,False,0.5370274857705226
386,10,0.001,0.7488286718726158,0.7488286904990673,0.0,2.6610203818222544e-08,0.10559711245625064,0.07977938558906317,0.10727564493815103,7.57475717705347e-08,2.0003841427751468e-07,4.858771620536765,0.9957567828906205,48.777168685163794,False,0.5668905496568186
387,10,0.001,0.2933514923788607,0.29335154267027974,0.0,5.6284166216613585e-08,0.15267764559038685,0.11940490547567606,0.10735154151916504,9.106265252967205e-08,3.075321899359551e-07,2.7436364879805724,0.9957567828906205,48.8270710762956,False,0.554558886520681
388,10,0.001,0.2444339580833912,0.2444340642541647,0.0,9.954340374207504e-08,0.20477038889724922,0.16143802925944328,0.10787192980448404,1.0265244299034748e-07,2.7564709625949035e-07,2.5856241428670113,0.9957567828906205,48.87523646157244,False,0.5357647921628086
389,10,0.001,0.35153678990900517,0.3515368206426501,0.0,3.4340774002217245e-08,0.12191170163306816,0.09143159352242947,0.10455807050069173,1.0265244299034748e-07,3.583850798349886e-07,3.3952776704517618,0.9957567828906205,48.92075935525001,False,0.5161275968857808
390,10,0.001,0.5151521749794483,0.5151521898806095,0.0,2.8532867846209342e-08,0.10455832649836752,0.07622405048459768,0.10368140538533528,1.5687611210069008e-07,3.8081384445831645e-07,2.83630626406756,0.9957567828906205,48.96437580450823,False,0.5211900076101301
391,10,0.001,0.6251506395637989,0.6251506973057985,0.0,6.374569450073864e-08,0.15546556255361788,0.12103139981627464,0.10273861885070801,1.0679165285409908e-07,4.415606440488773e-07,30.216951070278625,0.9957567828906205,49.004538075235274,False,0.5351215256814612
392,10,0.001,0.18117710575461388,0.1811771523207426,0.0,4.386457952421097e-08,0.1401112475663422,0.11244523897767067,0.10457436243693033,1.0513597459294033e-07,3.27032438462993e-07,1.4025961634020705,0.9957567828906205,49.04367093558711,False,0.5174120328592835
393,10,0.001,0.4329289700835943,0.4329290194436908,0.0,4.552998733586833e-08,0.13505077987288475,0.10971740633249283,0.10537060101826985,9.313225746154785e-08,3.0748475410291576e-07,2.82627213425159,0.9957567828906205,49.08156911546507,False,0.5129289541364415
394,10,0.001,0.18309934064745903,0.18309937044978142,0.0,2.6992430512962073e-08,0.11205945473065088,0.08538571558892727,0.10185178120930989,7.61614913358244e-08,2.072620191029273e-07,1.6049643305663854,0.9957567828906205,49.11765062879947,False,0.49036537580832373
395,10,0.001,0.210062675178051,0.21006273850798607,0.0,6.233146354617247e-08,0.16671308517484368,0.13815093412995338,0.10561561584472656,1.0265244299034748e-07,2.2521874143421883e-07,2.13322407341611,0.9957567828906205,49.15186702149252,False,0.47644800557463896
396,10,0.001,1.982177034020424,1.9821770787239075,0.0,5.853565276936479e-08,0.16460065160121407,0.13372824154794216,0.10673165321350098,1.423888704721321e-07,5.388067165768007e-07,21.63232242347649,0.9957454069734373,49.1907236937778,False,0.5810878004267579
397,11,0.001,0.6721287257969379,0.67212875187397,0.0,4.57894273608872e-08,0.13885234294769136,0.11134069785475731,0.10354113578796387,1.4487240207472496e-07,3.462476456661534e-07,13.364494388784903,0.9957454069734373,49.23378643886195,False,0.5691189122007927
398,11,0.001,0.6515682823956013,0.6515683308243752,0.0,5.086864252046297e-08,0.13394613813057563,0.10811544535681605,0.10319439570109049,2.2517311037972831e-07,4.750787070406659e-07,2.3439719374395693,0.9957454069734373,49.27976475880297,False,0.5691040236124536
399,11,0.001,0.3822464745026082,0.38224652875214815,0.0,5.525692170493812e-08,0.16186887535533542,0.14056543447077274,0.10787479082743326,1.1755360418419514e-07,5.897791766074079e-07,3.9826703847268177,0.9957454069734373,49.327572272883096,False,0.551631242808071
400,11,0.001,0.8725023828446865,0.8725024163722992,0.0,4.203730896712443e-08,0.13238863911341883,0.1126563623547554,0.10896754264831543,1.1838145042020187e-07,2.473877884767717e-07,1.8317988625244201,0.9957454069734373,49.37640237128136,False,0.5558245885913493
401,11,0.001,0.4722310658544302,0.47223111242055893,0.0,4.4806567789379415e-08,0.13917930918180677,0.11213730648159981,0.10764845212300618,1.1548399925231934e-07,3.9351078839899856e-07,3.7544962344014934,0.9957454069734373,49.425235474914146,False,0.5511609864915954
402,11,0.001,0.9779685512185097,0.9779685549438,0.0,2.301627066714218e-08,0.10298923095574236,0.07817323692142963,0.10346722602844238,1.1589791881760902e-07,2.0144247514508606e-07,8.631405533166081,0.9957454069734373,49.47280303571248,False,0.5654822289507138
403,11,0.001,0.42893652943894267,0.4289365492295474,0.0,2.1281598372446808e-08,0.09279370033260739,0.07100035157054663,0.10528111457824707,5.298190686175985e-08,1.7728559953411605e-07,2.9612533168838957,0.9957454069734373,49.51928238451707,False,0.5739562937669689
404,11,0.001,0.36614275607280433,0.3661428058985621,0.0,5.3362530838541034e-08,0.15413367377992263,0.10865221545100212,0.1086588700612386,1.1631184548832607e-07,4.105818049993104e-07,2.7372888630571777,0.9957454069734373,49.56394024600615,False,0.5815630936413072
405,11,0.001,0.41636952199041843,0.416369560174644,0.0,4.5104587176325595e-08,0.14445534722753278,0.11425543203949928,0.10494271914164224,1.8046962679818535e-07,2.947972177480551e-07,4.141780461142718,0.9957454069734373,49.60752757017951,False,0.5856151393963955
406,11,0.001,0.984106719493866,0.984106732532382,0.0,3.623084543491473e-08,0.13082009246307785,0.1050244215875864,0.1034696896870931,1.519090631063591e-07,2.727628327647835e-07,20.524473645285077,0.9957454069734373,49.65129132977179,False,0.6149247984285466
407,11,0.001,0.3392827771604061,0.3392828106880188,0.0,3.240185164621323e-08,0.11682223240586959,0.09432783536612988,0.10555736223856607,1.5894572413799324e-07,2.7754492748499615e-07,2.2558350006964356,0.9957567828906205,49.695138193093165,False,0.5970580570283346
408,11,0.001,0.3907463438808918,0.390746409073472,0.0,6.887188686022228e-08,0.17504032263930444,0.13720285333693027,0.10837030410766602,9.023481339909267e-08,3.969947499626869e-07,4.656574536485661,0.9957567828906205,49.738206558593255,False,0.610156134411227
409,11,0.001,0.35745656304061413,0.3574566124007106,0.0,5.1717139015750035e-08,0.15513486197356097,0.12943144515156746,0.1107503573099772,1.4156103134155273e-07,5.879012405785033e-07,2.6915073797853477,0.9957567828906205,49.780877871857776,False,0.6054391089710407
410,11,0.001,0.6975046470761299,0.6975046899169683,0.0,3.8923804623891556e-08,0.13527768410542737,0.10811408050358295,0.10800902048746744,1.4031927264568367e-07,3.326947819459747e-07,5.368615515389349,0.9957567828906205,49.82282605612705,False,0.6375894406228326
411,11,0.001,0.7050177943892777,0.7050178814679384,0.0,7.481471575587761e-08,0.1658312595363551,0.13954406417906284,0.10609030723571777,1.3783574104309082e-07,3.499011427265941e-07,5.896576384167431,0.9957567828906205,49.86311737689392,False,0.6685241355735343
412,11,0.001,0.4238939434289932,0.42389400862157345,0.0,7.312282557236927e-08,0.17913458251481534,0.16395487263798714,0.10981424649556477,1.1341439432044353e-07,4.4230901607988926e-07,2.90065549073283,0.9957567828906205,49.90321809520056,False,0.5711314424115699
413,11,0.001,0.89822006970644,0.898220106959343,0.0,5.8742453568072506e-08,0.16154615930210484,0.1289990283548832,0.10323015848795572,1.5315082180222817e-07,5.999000904921559e-07,10.63661782142476,0.9957681588078039,49.94429923794064,False,0.5852621514059138
414,11,0.001,2.439783453941345,2.439783453941345,0.0,4.8217258186156187e-08,0.13641523632548727,0.1141293402761221,0.10313057899475098,6.084641057668705e-08,2.0242079301624472e-07,25.759832755022714,0.9957681588078039,49.99816956748019,False,0.6970255996275228
415,11,0.001,0.12705489061772823,0.12705494929105043,0.0,5.991490592549553e-08,0.16523781731848725,0.1395385842770338,0.1027390162150065,1.6142924152973137e-07,3.4451579722372117e-07,1.737006887294938,0.9957681588078039,50.05773151784474,False,0.6810761256347178
416,11,0.001,0.23253158014267683,0.23253164440393448,0.0,6.527263174405107e-08,0.16074726060803027,0.13334630988538265,0.09740360577901204,1.2376241897982254e-07,3.698268642438052e-07,2.4626937595201865,0.9957681588078039,50.12022158239791,False,0.6410779504658422
417,11,0.001,1.156740827485919,1.1567408693954349,0.0,5.423829785300427e-08,0.157490658103051,0.12264410592615604,0.10638872782389322,2.0944409584444657e-07,3.781495934163104e-07,11.09885220554358,0.9957681588078039,50.185363052845986,False,0.6838598105678102
418,11,0.001,0.25358488864731044,0.2535849594278261,0.0,6.879847358476354e-08,0.17241173814531777,0.14486520178616047,0.09764647483825684,1.2003712868136063e-07,5.513176120075514e-07,5.21386661758687,0.9957681588078039,50.25297706856492,False,0.6385858316571102
419,11,0.001,0.4055504612624645,0.4055505059659481,0.0,5.422556448309024e-08,0.1529290595787315,0.1270157378166914,0.11019317309061685,1.1672576505361576e-07,5.165833840692358e-07,3.020577763307661,0.9957681588078039,50.32142742011925,False,0.6371242023960804
420,11,0.001,0.7316159885376692,0.7316160555928946,0.0,7.924130107639371e-08,0.17847985739526465,0.14400770515203476,0.11164601643880208,1.647406122629036e-07,7.772614480927587e-07,6.188068298825848,0.9957681588078039,50.389921907779055,False,0.6599662794251344
421,11,0.001,0.7448836006224155,0.7448836243711412,0.0,4.3993721998702995e-08,0.14353844805827473,0.11406319588422775,0.10447017351786295,1.1010302358727131e-07,3.4941470516969275e-07,11.877101513159676,0.9957681588078039,50.457124446093,False,0.6804984093396342
422,11,0.001,0.32102585956454277,0.32102592661976814,0.0,6.477896441481334e-08,0.1739352039231743,0.14200511202216148,0.10759925842285156,1.1175870895385742e-07,3.517544655551319e-07,6.717713791079228,0.9957567828906205,50.52398295896932,False,0.6390558555940515
423,11,0.001,0.5455345679074526,0.5455346335656941,0.0,7.855866357431296e-08,0.18210716308511138,0.15030807070434093,0.1029533545176188,1.2334849941453285e-07,3.0971153819336905e-07,6.380210403709226,0.9957567828906205,50.59073617827644,False,0.6519465925157419
424,11,0.001,0.49716176465153694,0.4971618130803108,0.0,5.5138616339434066e-08,0.16071355220935327,0.12587312422692776,0.1085500717163086,9.685754776000977e-08,3.867610871566285e-07,2.8835770710395656,0.9957567828906205,50.65613326400785,False,0.6585975563139073
425,11,0.001,0.8242881806800142,0.8242882285267115,0.0,6.133233920735393e-08,0.1625542261276467,0.1294003389775753,0.10468610127766927,9.934107225717526e-08,2.801685639042262e-07,9.10499443853391,0.9957567828906205,50.7209118538486,False,0.6877745324163698
426,11,0.001,0.6251733750104904,0.6251734271645546,0.0,5.01081967030359e-08,0.15289337576569084,0.1279083602130413,0.10270706812540689,1.10516943152561e-07,5.79397237743251e-07,7.498271417816242,0.9957567828906205,50.784088932429206,False,0.6832538279122673
427,11,0.001,0.7401990829966962,0.7401991246733814,0.0,4.711939971535628e-08,0.1441417425738841,0.11415881011635065,0.10843181610107422,1.2665987014770508e-07,4.979902428203786e-07,3.6257371898371913,0.9957567828906205,50.8449450289342,False,0.685452658450231
428,11,0.001,0.4354519760236144,0.4354520011693239,0.0,3.176180807251683e-08,0.11600884887359966,0.08075218368321657,0.10110394159952799,1.1755360418419514e-07,3.988575087987556e-07,2.54433529028266,0.9957567828906205,50.90372047054047,False,0.6861750354873948
429,11,0.001,0.47374885343015194,0.47374889627099037,0.0,4.8600933943987457e-08,0.14580296671075785,0.10870066471397877,0.1047217845916748,1.1258655518986416e-07,1.9855184518746682e-07,2.9315777215112266,0.9957567828906205,50.96053608643859,False,0.6596455844701268
430,11,0.001,0.5561601053923368,0.5561601351946592,0.0,3.571941409319379e-08,0.13079771876421245,0.102501530200243,0.10747893651326497,1.6308493400174484e-07,6.254346089917817e-07,4.427792826131993,0.9957567828906205,51.01498352389469,False,0.5419191251858138
431,11,0.001,0.5334130525588989,0.5334130972623825,0.0,6.074991487636794e-08,0.1649585596523199,0.13457603566348553,0.11623072624206543,1.1093086982327804e-07,3.8693838178005535e-07,8.59659067658705,0.9957567828906205,51.067115797422275,False,0.5673165103071369
432,11,0.001,0.25643672700971365,0.25643677171319723,0.0,4.6135984810291575e-08,0.13853654981892743,0.10260993894189596,0.10373743375142415,1.216928211533741e-07,4.1920472426681954e-07,1.993710135848095,0.9957567828906205,51.11732352363378,False,0.5688105819863267
433,12,0.001,0.8475306034088135,0.8475306555628777,0.0,5.575755901432444e-08,0.15687036881075048,0.11566625721752644,0.11020851135253906,1.1920928955078125e-07,3.239830164147861e-07,14.247426120666779,0.9957567828906205,51.16637658591008,False,0.5494849429815076
434,12,0.001,0.2077334951609373,0.20773354964330792,0.0,5.150793569441703e-08,0.1547195652007096,0.12299326807260513,0.10305205980936685,9.934107225717526e-08,2.3190510489712324e-07,2.6640333421311766,0.9957567828906205,51.214251321496285,False,0.5466192308886093
435,12,0.001,0.44327072240412235,0.44327077083289623,0.0,4.897568928186047e-08,0.14919503131760295,0.10397257376462221,0.1039116382598877,1.5315082180222817e-07,4.2766953356476733e-07,2.6430513135525033,0.9957567828906205,51.260077226011646,False,0.5489767472099629
436,12,0.001,0.38751047290861607,0.38751053251326084,0.0,6.346741443508108e-08,0.16425843482643362,0.1259413417428732,0.10880732536315918,1.0016891849318199e-07,4.2149940782110207e-07,2.6116258152027534,0.9957567828906205,51.30376900046629,False,0.5274701524831471
437,12,0.001,0.3485729657113552,0.3485730290412903,0.0,5.600375363457033e-08,0.15671010894479895,0.10742559190839529,0.1089632511138916,7.61614913358244e-08,2.7171475380782795e-07,9.411108819622141,0.9957567828906205,51.3445947094936,False,0.5027007378012058
438,12,0.001,0.2374476995319128,0.23744776099920273,0.0,6.607409552827903e-08,0.1763246532181703,0.12570775486528873,0.1041730244954427,1.1010302358727131e-07,2.9128202072570275e-07,3.393477610172166,0.9957567828906205,51.38402501997465,False,0.49747710279916646
439,12,0.001,0.27491397876292467,0.27491403464227915,0.0,5.817566561816534e-08,0.15094008917813653,0.10988052375614643,0.1027688980102539,1.4652808033588371e-07,2.658795779098e-07,1.5854696322400492,0.9957567828906205,51.42203478032217,False,0.48056331597763347
440,12,0.001,0.7420197278261185,0.7420197501778603,0.0,4.4612384897391166e-08,0.14071829662600063,0.09214203525334597,0.10425448417663574,2.1027194918588066e-07,4.1243714576921775e-07,4.273468382862974,0.9957567828906205,51.4586486476889,False,0.4958669386760448
441,12,0.001,0.18489012587815523,0.1848901929333806,0.0,6.701393751029627e-08,0.1785551065237734,0.13467702269554138,0.11136388778686523,1.2086498202279472e-07,2.7312080419505946e-07,1.946319348249725,0.9957565458923459,51.49378418687401,False,0.4559045602509286
442,12,0.001,0.9887407422065735,0.9887407999485731,0.0,6.3092223001604e-08,0.16865197751831706,0.1245708279311657,0.10823520024617513,1.945429346505989e-07,4.808910034626024e-07,10.528868660042672,0.9957567828906205,51.53005461013207,False,0.4786275207006838
443,12,0.001,0.1414731633849442,0.14147321926429868,0.0,5.729659324771319e-08,0.16315357635910382,0.11971786990761757,0.09716471036275227,1.5977356326857262e-07,4.4263552467782574e-07,2.4705090916363504,0.9957567828906205,51.56472160828826,False,0.4412071507249493
444,12,0.001,0.8398848185315728,0.8398849100340158,0.0,8.573333554195983e-08,0.1868664185545879,0.1389661692082882,0.10452135403951009,1.1341439432044353e-07,3.298445676591655e-07,9.123983833214341,0.9957567828906205,51.598250463200756,False,0.4664842033816967
445,12,0.001,0.2635437287390232,0.26354377809911966,0.0,4.492208871553771e-08,0.14343829020345608,0.11664262413978577,0.11144749323527017,1.4570024120530434e-07,3.6027054761689215e-07,5.606071628873803,0.9957565458923459,51.6324666082324,False,0.45334638308850117
446,12,0.001,0.11237306264229119,0.11237311467994004,0.0,5.6496323175281304e-08,0.16359059540987206,0.12759637832641602,0.1085527737935384,1.2914340175029793e-07,3.4595734632603126e-07,3.58823212741949,0.9957454069734373,51.66689134083366,False,0.4256096929166233
447,12,0.001,0.4580033514648676,0.45800342108123004,0.0,7.673633817262271e-08,0.1874523895640521,0.1507620345801115,0.11358070373535156,1.1755360418419514e-07,4.308973871047783e-07,4.371300271536936,0.9957454069734373,51.70104703609576,False,0.42089658659824636
448,12,0.001,0.3101711072959006,0.3101711724884808,0.0,6.094762206032556e-08,0.17012624132214937,0.12037270702421665,0.09807825088500977,1.862645149230957e-07,5.306906132318545e-07,3.931566542097132,0.9957454069734373,51.734705766967316,False,0.42425498536613304
449,12,0.001,0.4351208135485649,0.4351208470761776,0.0,2.9417890345939668e-08,0.11724246447894847,0.07404048182070255,0.10655991236368814,1.1589791881760902e-07,2.7774544264502765e-07,3.6145216968725213,0.9957454069734373,51.76773098516945,False,0.3984793734998675
450,12,0.001,0.3399600461125374,0.33996010944247246,0.0,5.8896622689985634e-08,0.16544321843529125,0.1314937211573124,0.10526919364929199,1.386635801736702e-07,4.5944608473291737e-07,4.666758419639057,0.9957454069734373,51.799148619616716,False,0.4067435329343425
451,12,0.001,0.324446675600484,0.3244467554613948,0.0,8.231743997555441e-08,0.188181051892858,0.14336245507001877,0.10443282127380371,9.354617702683754e-08,2.626907757985464e-07,2.90625160724604,0.9957454069734373,51.829729962834826,False,0.3993170300091151
452,12,0.001,0.47564457170665264,0.4756446350365877,0.0,5.500171695871359e-08,0.1583296613097411,0.11560778133571148,0.10725267728169759,1.0348028922635422e-07,2.8376052796375006e-07,5.084740257754205,0.9957454069734373,51.85976045745674,False,0.4048254111839924
453,12,0.001,0.4143302608281374,0.41433030739426613,0.0,4.957738575228632e-08,0.14240093551211686,0.11019124276936054,0.1036070187886556,1.0265244299034748e-07,3.6843866269009595e-07,2.4510652096233314,0.9957454069734373,51.888838338185444,False,0.4089352421287913
454,12,0.001,0.3842470273375511,0.3842470943927765,0.0,5.900500443800638e-08,0.165563346543374,0.125112472102046,0.10735305150349934,1.8792020739510917e-07,3.0346501489475486e-07,3.050861523141577,0.9957454069734373,51.91637030842426,False,0.4181102001166437
455,12,0.001,0.3939396608620882,0.39393971115350723,0.0,6.102407379415808e-08,0.17010125350168137,0.12145553901791573,0.11242993672688802,1.299712408808773e-07,5.362322781365947e-07,2.89300937960437,0.9957454069734373,51.94304134907857,False,0.4255493052478414
456,12,0.001,1.0567521303892136,1.056752160191536,0.0,5.3961822565895545e-08,0.15059539455464896,0.1180956307798624,0.10357785224914551,1.0058283805847168e-07,3.643290540367161e-07,8.310969587004125,0.9957454069734373,51.96949869876108,False,0.44522008040803485
457,12,0.001,0.4913370721042156,0.4913371279835701,0.0,5.67358862113565e-08,0.15764952880122346,0.12564419955015182,0.10472098986307779,1.1796752374948483e-07,4.4215113348400337e-07,13.57814642791969,0.9957454069734373,51.998397153969485,False,0.4643730145471636
458,12,0.001,0.05357504216954112,0.05357511155307293,0.0,6.966471932656759e-08,0.18117979870000392,0.14138895832002163,0.10111045837402344,1.5894572413799324e-07,4.08211519697943e-07,0.7108419801288139,0.9957454069734373,52.027177849147556,False,0.4059251582948491
459,12,0.001,0.3230887888930738,0.32308883871883154,0.0,5.286181226082931e-08,0.15003316692610488,0.11383206769824028,0.10757064819335938,8.857912803250656e-08,1.9462484601717733e-07,4.125907707469385,0.9957454069734373,52.05569116992459,False,0.4172761348891072
460,12,0.001,1.556433998979628,1.5564340674318373,0.0,8.739227919107861e-08,0.2003827958065056,0.157003466039896,0.10189414024353027,1.018246038597681e-07,2.2517090769724746e-07,14.25412996342081,0.9957454069734373,52.085846290056736,False,0.46206045866711065
461,12,0.001,0.5977141745388508,0.597714252769947,0.0,7.567721915791026e-08,0.180598598712388,0.1454480905085802,0.10739755630493164,8.775128179649982e-08,3.673026185424533e-07,11.257306923181773,0.9957454069734373,52.12303763521792,False,0.4829461115295999
462,12,0.001,0.17505871690809727,0.17505877278745174,0.0,5.9037423838503855e-08,0.16683286478549503,0.13397815637290478,0.10788933436075845,1.5894572413799324e-07,4.982354084859253e-07,3.6321985241028996,0.9957454069734373,52.16266417900628,False,0.48686396492121276
463,12,0.001,0.7549110874533653,0.7549111470580101,0.0,4.670378572768641e-08,0.14711123202149456,0.11070394329726696,0.10804947217305501,1.697076754680893e-07,6.80352400195261e-07,4.737549778677434,0.9957454069734373,52.20454513083339,False,0.5054206984204939
464,12,0.001,0.5711655721534044,0.5711656103376299,0.0,4.149289045685123e-08,0.13688692153031096,0.10973002575337887,0.09959936141967773,1.10516943152561e-07,2.372157723584678e-07,4.17739482238786,0.9957226551390705,52.24793173628819,False,0.5217328524740878
465,12,0.001,0.4237812031060457,0.42378125339746475,0.0,4.22216146489518e-08,0.14185515411086003,0.10348442383110523,0.10607186953226724,1.2914340175029793e-07,2.9965411840748857e-07,5.686414836316288,0.9957226551390705,52.29125084818908,False,0.5210241268214304
466,12,0.001,0.08286588825285435,0.08286599721759558,0.0,1.0747520562404134e-07,0.22634677128220432,0.1796467825770378,0.11347683270772298,1.7964177345675125e-07,5.311765107762767e-07,2.123716255121704,0.9957226551390705,52.33441008368592,False,0.5049557419552002
467,12,0.001,0.42647071555256844,0.42647076630964875,0.0,6.113706740862312e-08,0.16238516060568187,0.13582219183444977,0.1067202091217041,1.423888704721321e-07,3.684459102260007e-07,3.0006304832398443,0.995722418140796,52.37625453760133,False,0.5113322444522055
468,12,0.001,0.8108544275164604,0.8108544833958149,0.0,5.306651029712839e-08,0.1566221993750337,0.14065955206751823,0.1085816224416097,1.423888704721321e-07,3.3094303830694116e-07,12.829534416548476,0.9957226551390705,52.41640723778332,False,0.5322828604403185
469,13,0.001,0.5612777136266232,0.5612777415663004,0.0,3.43928405754923e-08,0.12579731778264575,0.09841647557914257,0.10775113105773926,1.3079908001145668e-07,4.221327571940492e-07,14.722062469814695,0.9957226551390705,52.45539798590041,False,0.5414670762402238
470,13,0.001,0.25768924644216895,0.25768931373022497,0.0,6.202277980094095e-08,0.16974787739897637,0.13107558898627758,0.10222713152567545,1.4983945106905594e-07,3.642763317657227e-07,2.507688374226294,0.9957226551390705,52.49433326276135,False,0.5335572149342624
471,13,0.001,0.2045032810419798,0.20450335915666074,0.0,7.618361319572386e-08,0.18631407935612443,0.1526232473552227,0.10924212137858072,1.1010302358727131e-07,2.8559588827192783e-07,3.201349890443341,0.9957226551390705,52.53334799266185,False,0.5217174411955057
472,13,0.001,0.11103976349113509,0.1110398531309329,0.0,8.947472185383276e-08,0.20200999310890908,0.17100351676344872,0.10832770665486653,1.3742182147780113e-07,5.445164106276934e-07,0.9302585826588887,0.9957226551390705,52.571651696012694,False,0.46261041826437577
473,13,0.001,0.14045454910956323,0.14045463129878044,0.0,8.267472928480402e-08,0.1939171845599375,0.1773919276893139,0.10785929361979166,1.1631184548832607e-07,2.3148295724695345e-07,2.433169232225958,0.9957226551390705,52.60836193316912,False,0.44068026057721
474,13,0.001,0.16634046472609043,0.16634051990695298,0.0,5.681202974727739e-08,0.16334592996774458,0.14574444480240345,0.10998932520548502,1.2459027232125663e-07,3.4460140341252554e-07,4.0944741202894,0.9957226551390705,52.64366276423575,False,0.4477280994869943
475,13,0.001,0.37008621357381344,0.3700862471014261,0.0,3.796688441415341e-08,0.12812013961108654,0.10020179860293865,0.10645500818888345,1.4652808033588371e-07,3.6740559039571963e-07,3.0511590061072487,0.9957226551390705,52.67761696250518,False,0.45066543852954055
476,13,0.001,0.22929596714675426,0.22929600114002824,0.0,3.485397637170706e-08,0.1220872409408384,0.0951880132779479,0.10365128517150879,2.2020604717454262e-07,3.2740808819653466e-07,2.522236925155436,0.9957226551390705,52.709766797063054,False,0.36771931153998594
477,13,0.001,0.4677449127775617,0.4677449766313657,0.0,5.8184516538162256e-08,0.15020809781693611,0.13188638538122177,0.10456768671671549,1.4652808033588371e-07,3.5574191770137986e-07,1.9239577249169928,0.9957226551390705,52.74015064696479,False,0.35959623267990537
478,13,0.001,0.9424164146184921,0.9424164444208145,0.0,5.4643557900746487e-08,0.15078892378577996,0.11564521864056587,0.10715087254842122,1.5066730441049003e-07,3.858897628106206e-07,6.812583561026407,0.9957226551390705,52.768516463014365,False,0.40755608878680505
479,13,0.001,0.596874899987597,0.5968749636085704,0.0,7.06485132617729e-08,0.17651965156098437,0.13531758077442646,0.10454789797465006,1.2086498202279472e-07,2.0810608702959144e-07,7.40872366706085,0.9957226551390705,52.79722689005707,False,0.39767882707019453
480,13,0.001,0.18989449384389445,0.18989457297720946,0.0,7.862215767318048e-08,0.18742088027459353,0.15321189165115356,0.10708896319071451,1.084473382206852e-07,2.649577766078437e-07,3.818214056827922,0.9957226551390705,52.825436237410884,False,0.37384938467585016
481,13,0.001,0.07311150967143476,0.0731115834787488,0.0,7.542603075449961e-08,0.18865421502407767,0.1497730016708374,0.10507011413574219,1.423888704721321e-07,5.02260547818878e-07,0.702976554325155,0.9957226551390705,52.8529026560881,False,0.351932528836187
482,13,0.001,0.08953929273411632,0.08953940193168819,0.0,1.0778650594289729e-07,0.2216006725657328,0.17821571975946426,0.10346436500549316,1.3659398234722175e-07,3.1530183264294465e-07,5.525499385244949,0.9957226551390705,52.88001739092721,False,0.35234961661626585
483,13,0.001,0.6000545397400856,0.6000545844435692,0.0,6.386821738146864e-08,0.1725178170095263,0.14020420983433723,0.11014652252197266,1.5315082180222817e-07,5.000218834538828e-07,5.875135523612601,0.9957226551390705,52.90729462085918,False,0.36319860562798567
484,13,0.001,0.6445177160203457,0.6445177420973778,0.0,3.1642368503170815e-08,0.11675096062429448,0.08167629595845938,0.10559336344401041,1.2210674071866379e-07,2.7092829668617924e-07,7.693779824524004,0.9957226551390705,52.93373766351576,False,0.3528025611594785
485,13,0.001,0.34035464003682137,0.34035466611385345,0.0,2.917621100273493e-08,0.11312891816749762,0.08932797145098448,0.0995326042175293,1.2459027232125663e-07,3.8016565895304666e-07,2.445017858205179,0.9957226551390705,52.960708027314865,False,0.3389948690601159
486,13,0.001,0.5197289567440748,0.5197289902716875,0.0,4.0816650059838366e-08,0.13062356159348082,0.10361651051789522,0.10268131891886392,1.3079908001145668e-07,4.12190985343841e-07,2.8995482447702687,0.9957226551390705,52.98636730517925,False,0.355372350953985
487,13,0.001,0.38808014802634716,0.38808019645512104,0.0,5.5426417233661596e-08,0.1562102078593728,0.11804044991731644,0.1030729611714681,1.0761949909010582e-07,3.1306450409829267e-07,1.7672395387757387,0.9957226551390705,53.01090591209259,False,0.36684590514050797
488,13,0.001,0.23766796756535769,0.23766801552847028,0.0,4.546082932321838e-08,0.14558134484510635,0.11828227899968624,0.10671838124593098,1.5397866093280754e-07,2.7431173066361225e-07,2.7390343242518944,0.9957226551390705,53.03507212344317,False,0.3747601678951469
489,13,0.001,0.08211873681284487,0.08211883087642491,0.0,9.369169440276437e-08,0.20660395108165705,0.1677963975816965,0.10933367411295572,9.313225746154785e-08,2.1421335816285136e-07,2.3641518866061846,0.9957226551390705,53.05868090880227,False,0.371114179626602
490,13,0.001,0.22948574530892074,0.22948580770753324,0.0,6.243190675547794e-08,0.1691127449337928,0.12895763665437698,0.09869909286499023,1.817113854940544e-07,5.247901526672649e-07,4.5776927699459335,0.9957226551390705,53.081870504474814,False,0.3750607596630289
491,13,0.001,0.5528465565294027,0.5528466105461121,0.0,6.850154576909517e-08,0.18003350524417094,0.13990692235529423,0.108505646387736,9.934107225717526e-08,5.321714979800163e-07,11.925060824333839,0.9957226551390705,53.10463296160447,False,0.3864832810977532
492,13,0.001,0.8673290498554707,0.8673291280865669,0.0,9.422805646863708e-08,0.20789692927300224,0.16364720463752747,0.10737959543863931,1.3659398234722175e-07,3.508672534735524e-07,9.36716924733108,0.9957226551390705,53.129688016354784,False,0.426360348767048
493,13,0.001,0.369813771918416,0.369813846424222,0.0,8.367178994106439e-08,0.19024109144585152,0.15632399544119835,0.11155128479003906,1.4487240207472496e-07,6.422392289096024e-07,3.1863957415140214,0.9957226551390705,53.156337746236865,False,0.4202396524633514
494,13,0.001,0.5698766075074673,0.5698766484856606,0.0,4.330599345792052e-08,0.1434290942427088,0.12472011148929596,0.10502449671427408,1.2086498202279472e-07,5.687446673618979e-07,4.5856013088236365,0.9957226551390705,53.18441641763995,False,0.3969559145189123
495,13,0.001,0.5946147181093693,0.594614788889885,0.0,4.777529305499684e-08,0.14781834978704403,0.12471113540232182,0.10730918248494466,1.6391277313232422e-07,3.7261057173054724e-07,3.907629176461817,0.9957226551390705,53.212696521022096,False,0.3968146531515231
496,13,0.001,0.48617139272391796,0.48617145605385303,0.0,6.645912709046797e-08,0.1612003001927707,0.1332956627011299,0.10843920707702637,1.3659398234722175e-07,4.2096627339560655e-07,7.464034602257149,0.9957226551390705,53.24126305976462,False,0.41533195933152456
497,13,0.001,0.4225247446447611,0.42252482660114765,0.0,7.987727634883868e-08,0.17597079156166714,0.13713104277849197,0.11101237932840982,1.1217262851914711e-07,6.05587160862342e-07,6.746978173122893,0.9957226551390705,53.27149695385295,False,0.43717028651735745
498,13,0.001,0.48876865464262664,0.48876873031258583,0.0,6.569600152772637e-08,0.17112631634249292,0.14008175022900105,0.104370911916097,1.8129746592876472e-07,5.387977921600395e-07,6.477854296624839,0.9957340310562539,53.302358234259366,False,0.46212212163663935
499,13,0.001,0.23934518545866013,0.23934523575007915,0.0,5.208218278873744e-08,0.14659812032356534,0.11221196316182613,0.10745040575663248,1.6805198299607582e-07,4.117598564334912e-07,2.0475806438840194,0.9957340310562539,53.33453269736678,False,0.43957778699405026
500,13,0.001,0.30789727345108986,0.30789731442928314,0.0,3.503609824484499e-08,0.12253453566252061,0.10135171096771955,0.10574460029602051,1.7550256359299965e-07,4.6282096377581183e-07,1.8007309875198776,0.9957340310562539,53.367430395192805,False,0.41853900933347177
501,13,0.001,0.14957357372622937,0.1495736506767571,0.0,7.099921095488071e-08,0.18024415046988823,0.15095905400812626,0.10774676005045572,2.0944409584444657e-07,5.521029606825323e-07,2.4417801984245457,0.9957340310562539,53.40037472751961,False,0.40661519268905977
502,13,0.001,0.34927451238036156,0.34927456988953054,0.0,6.380850436915608e-08,0.15176033887997492,0.1271988870576024,0.10674405097961426,1.1548399925231934e-07,7.99252632077696e-07,4.651904120065912,0.9957340310562539,53.43351148245347,False,0.3959617899163277
503,13,0.001,0.9201755076646805,0.9201755076646805,0.0,1.701462526426667e-08,0.08590260361980821,0.06652429327368736,0.10459073384602864,2.0530488598069496e-07,3.9047725408636325e-07,4.18376952530225,0.9957340310562539,53.46576538628319,False,0.4292177498937235
504,13,0.001,0.37185400165617466,0.3718540444970131,0.0,5.099342370584736e-08,0.15248468942044763,0.12853453867137432,0.10480999946594238,1.9330117595472984e-07,6.880833893774252e-07,7.284557938350213,0.9957340310562539,53.49894016343619,False,0.4376043770243996
505,14,0.001,0.4146307148039341,0.4146307446062565,0.0,4.281934939953658e-08,0.1409822414397882,0.11616107262670994,0.10416086514790852,2.2351741790771484e-07,5.937275773248984e-07,16.197596196388456,0.9957340310562539,53.53381003821049,False,0.45838637564884266
506,14,0.001,0.20869516767561436,0.20869522169232368,0.0,5.114152568097552e-08,0.1466835954072481,0.11598518118262291,0.10698922475179036,1.523229826716488e-07,7.438083002853091e-07,4.370649496909191,0.9957340310562539,53.568557019718014,False,0.457086964546761
507,14,0.001,0.6689986921846867,0.6689987406134605,0.0,4.9102026000724663e-08,0.14257015085716374,0.11458498891443014,0.10475381215413411,1.1175870895385742e-07,6.774465646230965e-07,3.893677465723551,0.9957337940579792,53.60186078231537,False,0.46434647302521626
508,14,0.001,0.24885975010693073,0.24885980412364006,0.0,4.897681149529376e-08,0.14082875707105186,0.11320703476667404,0.10122593243916829,2.297262398087696e-07,4.309774794819532e-07,3.96833145602733,0.9957340310562539,53.634057738344545,False,0.4256921417909325
509,14,0.001,0.3119607949629426,0.3119608563138172,0.0,5.502397382173285e-08,0.15045506564506045,0.13435847871005535,0.10296599070231119,2.086162567138672e-07,5.554190920520341e-07,1.572283280002445,0.9957340310562539,53.66535422881263,False,0.4220763307312154
510,14,0.001,0.5899176383391023,0.589917715638876,0.0,7.582229688551934e-08,0.18460564579168875,0.1625671200454235,0.1078209082285563,1.1838145042020187e-07,6.017729674567818e-07,18.926622128614262,0.9957340310562539,53.69942106885031,False,0.4233288951581926
511,14,0.001,0.21185443876311183,0.21185448917094618,0.0,5.633237654123491e-08,0.16007716321099677,0.12846189364790916,0.10401161511739095,1.3328261161404953e-07,5.178013680051663e-07,2.694032676473529,0.9957340310562539,53.73768271733884,False,0.3994063776990515
512,14,0.001,0.6047108483035117,0.6047109155333601,0.0,6.294897891834239e-08,0.16580633558378408,0.14848270826041698,0.10783847173055013,1.4487240207472496e-07,2.8582493882822746e-07,4.6466627531822935,0.9957340310562539,53.77904618471168,False,0.40681509367277613
513,14,0.001,0.12685961369425058,0.1268596788868308,0.0,6.852998457596016e-08,0.17132277099631132,0.14051377587020397,0.10809588432312012,1.55634353404821e-07,3.157028913847171e-07,2.8722608007643595,0.9957340310562539,53.82183929171417,False,0.3883360229883692
514,14,0.001,0.20116351486649364,0.20116361090913415,0.0,1.0243538550724907e-07,0.2074676141517477,0.17792058922350407,0.10624837875366211,1.2417633854511223e-07,3.080473618410906e-07,1.588751025936004,0.9957340310562539,53.86498081273226,False,0.3703607017523609
515,14,0.001,0.12874525412917137,0.12874537706375122,0.0,1.2350388089998887e-07,0.2397947691306695,0.18424763903021812,0.10662134488423665,1.018246038597681e-07,2.6236739358864725e-07,0.835677743475868,0.9957340310562539,53.907615798258924,False,0.36344820604426786
516,14,0.001,0.23897949792444706,0.23897957056760788,0.0,7.160884596402184e-08,0.18192019152790562,0.15349158458411694,0.10913403828938802,1.6225709487116546e-07,4.391318668695021e-07,4.756768446187152,0.9957340310562539,53.94880688686555,False,0.3591408450738527
517,14,0.001,0.19381678476929665,0.19381683319807053,0.0,5.1070311091194753e-08,0.15290967443723247,0.11836427450180054,0.10377669334411621,1.7964177345675125e-07,3.674013555610145e-07,4.060215589772019,0.9957337940579792,53.9897034813871,False,0.3619060457640444
518,14,0.001,0.5247205756604671,0.5247206036001444,0.0,2.961074208052139e-08,0.10945044718180086,0.08385422918945551,0.1075609525044759,9.271833789625816e-08,3.1840275482863944e-07,4.207480300973895,0.9957340310562539,54.02922379384133,False,0.372871424719051
519,14,0.001,0.1321713663637638,0.1321714441291988,0.0,8.126710504541279e-08,0.19305845126805676,0.16271020099520683,0.10746518770853677,1.299712408808773e-07,2.8965172305106535e-07,3.394950657701828,0.9957340310562539,54.06663459993127,False,0.3236211658877437
520,14,0.001,0.6718340795487165,0.6718341875821352,0.0,1.0278217177361881e-07,0.19610943299645842,0.15416482742875814,0.1137083371480306,1.1175870895385742e-07,4.217120022076415e-07,5.398855820572663,0.9957340310562539,54.1026793945313,False,0.34236992075602757
521,14,0.001,0.556724944151938,0.556725010741502,0.0,8.182628796760127e-08,0.1914618435647993,0.16423110477626324,0.10196439425150552,1.7840001476088219e-07,5.669878078151669e-07,1.9528845159924995,0.9957340310562539,54.137644691040215,False,0.3512508100902778
522,14,0.001,0.3485942892730236,0.3485943656414747,0.0,7.127658108174728e-08,0.17558877733036896,0.14763344265520573,0.10932143529256184,1.1879536998549156e-07,3.978607594490313e-07,2.8163441436075605,0.9957340310562539,54.171529382058075,False,0.3599945051901159
523,14,0.001,0.2453913316130638,0.24539144337177277,0.0,1.1089435147937365e-07,0.22349445225078707,0.18260440230369568,0.1194318135579427,1.4652808033588371e-07,6.754618198101525e-07,2.309216846526917,0.9957340310562539,54.20448264335356,False,0.33351904515438946
524,14,0.001,0.18363801576197147,0.1836380884051323,0.0,7.329247342369172e-08,0.18354413186415575,0.15346401371061802,0.10931841532389322,2.4876661086636886e-07,7.192614361883898e-07,1.967969799914726,0.9957340310562539,54.23590506739791,False,0.3294426867578295
525,14,0.001,0.2045659739524126,0.20456605311483145,0.0,7.598719875545612e-08,0.18560507294626977,0.1410522609949112,0.10621070861816406,1.341104507446289e-07,6.547164161929686e-07,7.760682922989021,0.9957340310562539,54.265931075955294,False,0.3227305104446714
526,14,0.001,0.6687056943774223,0.6687057502567768,0.0,5.735419250640916e-08,0.15996855193279952,0.13884891383349895,0.10253198941548665,2.0116567611694336e-07,6.57630039313517e-07,12.644610324155439,0.9957340310562539,54.29411957925422,False,0.3276547639470664
527,14,0.001,0.08473848504945636,0.08473858935758471,0.0,1.0239375747289614e-07,0.2191658318698112,0.17719310149550438,0.11267709732055664,1.1382831388573322e-07,3.809443853697303e-07,1.1353295172098865,0.9957340310562539,54.323080358251985,False,0.3197100168399629
528,14,0.001,0.8091379106044769,0.8091379553079605,0.0,5.227104438176866e-08,0.1569621823741388,0.1348758526146412,0.10793646176656087,1.1507007968702965e-07,3.8996404327917844e-07,16.916337848588075,0.9957340310562539,54.354317698766,False,0.33248670823377324
529,14,0.001,0.19442534632980824,0.19442541850730777,0.0,7.67183756522627e-08,0.1825360959545026,0.1537534762173891,0.1152810255686442,1.432167238135662e-07,3.843729814434482e-07,1.6335482847690654,0.9957340310562539,54.387339981457295,False,0.3367095665234956
530,14,0.001,0.2271999220829457,0.22720002196729183,0.0,1.006105483369879e-07,0.21578744153978788,0.17021002992987633,0.10571916898091634,1.862645149230957e-07,3.492452549380687e-07,6.869502532828974,0.9957340310562539,54.420944698889684,False,0.33833684197452385
531,14,0.001,0.4439795953221619,0.44397965853568166,0.0,5.6788683977515575e-08,0.16032424880617435,0.1289588250219822,0.10805249214172363,1.3907749973895989e-07,4.0910941834226833e-07,10.81883324721317,0.9957340310562539,54.45748635596139,False,0.35803898829908576
532,14,0.001,0.27574376156553626,0.2757438379339874,0.0,7.526998047069355e-08,0.18735708292374684,0.15352900698781013,0.10935457547505696,1.216928211533741e-07,5.965911213934305e-07,3.2609609595978775,0.9957340310562539,54.49455131762091,False,0.36033675477665383
533,14,0.001,0.18994421092793345,0.18994431220926344,0.0,9.932028177672692e-08,0.21437030780386818,0.1827222816646099,0.10780652364095052,1.5480651427424164e-07,4.349103051026759e-07,3.5636826115657643,0.9957340310562539,54.532036233200714,False,0.36009471891156863
534,14,0.001,0.44633669196628034,0.44633670651819557,0.0,2.5498474887086786e-08,0.1038558204997822,0.09029200673103333,0.10236207644144693,2.0199351524752274e-07,8.31546230983804e-07,4.2619080760325705,0.9957340310562539,54.56873350677153,False,0.35519572618068196
535,14,0.001,0.836202334612608,0.8362024202942848,0.0,9.196304251446463e-08,0.2005910014507078,0.1705748215317726,0.11048706372578938,1.5025337063434563e-07,4.549897312244866e-07,6.138003866883138,0.9957340310562539,54.606039239680655,False,0.3991976616962347
536,14,0.001,0.19024814304430038,0.1902482162695378,0.0,7.635284227092143e-08,0.19083700376914756,0.16276459768414497,0.10576494534810384,1.9247333682415046e-07,5.464671630761586e-07,2.1393658211671447,0.9957340310562539,54.64180051414745,False,0.3690985406647087
537,14,0.001,1.375107865780592,1.3751079011708498,0.0,5.1934327061076146e-08,0.15610205150077605,0.124400170519948,0.1057142416636149,1.1755360418419514e-07,5.323481104824168e-07,10.053771425515652,0.9957340310562539,54.67693048070771,False,0.4202474732664996
538,14,0.001,0.4996869855094701,0.49968705605715513,0.0,7.85647791268218e-08,0.18131445852996456,0.1522489208728075,0.10761030515034993,1.2500419188654632e-07,4.6408052867263905e-07,11.86122587399455,0.9957340310562539,54.71427847723493,False,0.4296907667812775
539,14,0.001,0.4936538820620626,0.49365399801172316,0.0,1.242490723640799e-07,0.2394338114067992,0.19782407023012638,0.10806965827941895,8.112854743558273e-08,4.873504622082692e-07,8.782970190127706,0.9957340310562539,54.75694916908113,False,0.4452071761843399
540,14,0.001,0.4965729732066393,0.4965730309486389,0.0,6.915802330809129e-08,0.179674991491483,0.15519293397665024,0.10459725062052408,1.3162691914203606e-07,3.659700098523899e-07,7.905100183356902,0.9957340310562539,54.80732332029458,False,0.46476561102463165
541,15,0.001,0.22570171218831092,0.22570180162438191,0.0,9.68070539286714e-08,0.21107669769299117,0.17939889058470726,0.10874509811401367,1.1010302358727131e-07,3.267562931341672e-07,4.256052125062243,0.9957340310562539,54.862893409005075,False,0.4660865946643753
542,15,0.001,0.2880654754117131,0.28806555550545454,0.0,8.189456401908046e-08,0.1885046370212017,0.15375688299536705,0.10672911008199056,1.216928211533741e-07,4.99757163652248e-07,9.731115690413075,0.9957340310562539,54.91995647427147,False,0.44229658097901847
543,15,0.001,0.3379261204972863,0.3379261735826731,0.0,6.747937764117751e-08,0.174484689637733,0.14224673435091972,0.10311762491861978,1.9371509552001953e-07,3.427639114761405e-07,3.323411655484865,0.9957340310562539,54.9808525395412,False,0.45812080819450784
544,15,0.001,0.7280047845561057,0.7280048369430006,0.0,5.556850402044233e-08,0.15309279467760603,0.12053476087749004,0.10509745279947916,2.127554665776188e-07,5.75688318349421e-07,4.018517863204597,0.9957226551390705,55.043720542718255,False,0.45304998781648465
545,15,0.001,0.47205400466918945,0.47205408848822117,0.0,7.492633535832738e-08,0.18844902533222216,0.15301502123475075,0.10791261990865071,1.341104507446289e-07,4.446283980996668e-07,9.851704586139313,0.9957226551390705,55.10817648891152,False,0.47040177896269597
546,15,0.001,0.36644755117595196,0.36644759215414524,0.0,5.369957101208911e-08,0.15301373966435533,0.11634992994368076,0.10522158940633138,9.934107225717526e-08,3.835004349639348e-07,3.833404922965021,0.9957226551390705,55.172127503171374,False,0.47910475578100886
547,15,0.001,0.36623835982754827,0.3662384054623544,0.0,5.4478353161968585e-08,0.1482473716452296,0.11882678791880608,0.10209163029988606,1.216928211533741e-07,5.155380335963855e-07,5.30507053909866,0.995722418140796,55.23486239677453,False,0.4742459285625955
548,15,0.001,0.22279020250425674,0.22279027829063125,0.0,7.65271570557502e-08,0.18336169668500985,0.15686316415667534,0.1065367062886556,1.4197495090684242e-07,3.219512336727348e-07,2.356114749878753,0.9957226551390705,55.29566678207849,False,0.47093633112126554
549,15,0.001,0.2853410607203841,0.2853411347605288,0.0,7.607773788720351e-08,0.19034150271432557,0.14883563481271267,0.11000784238179524,1.55634353404821e-07,7.304005293917726e-07,7.633312381305743,0.9957226551390705,55.35430012524952,False,0.4768986342332937
550,15,0.001,0.8773503225529566,0.877350463764742,0.0,1.1863676796508571e-07,0.2349269729079655,0.18927216529846191,0.11685490608215332,1.2252066028395348e-07,2.1437331554352568e-07,15.526751260588089,0.9957226551390705,55.41461189925976,False,0.503836986144961
551,15,0.001,0.10708824702305719,0.10708836739649996,0.0,1.1981957648288244e-07,0.23413382463707333,0.19488373771309853,0.1042325496673584,1.7053551459866867e-07,6.177280624797277e-07,4.009100774116316,0.9957226551390705,55.47660978321743,False,0.45826735567061405
552,15,0.001,0.6763178408145905,0.6763178631663322,0.0,2.8861035783478428e-08,0.11246195170724313,0.09482202865183353,0.1082296371459961,1.821253050593441e-07,2.6902233685177634e-07,3.4169375701719726,0.9957226551390705,55.53901911143146,False,0.4886467117812572
553,15,0.001,0.509355366230011,0.5093554109334946,0.0,5.456842089301972e-08,0.15825184247611496,0.12295760400593281,0.10474356015523274,1.8460883666193695e-07,3.327345154957584e-07,5.698411876885247,0.9957340310562539,55.60166424312812,False,0.43453718055934587
554,15,0.001,0.3422948718070984,0.3422949109226465,0.0,3.493183620140172e-08,0.12270891364859098,0.09782601241022348,0.10345713297526041,1.2417633854511223e-07,4.725944506844826e-07,2.4022228772519885,0.9957340310562539,55.662983504647784,False,0.42470017345294764
555,15,0.001,0.1806158167310059,0.18061587307602167,0.0,5.8575559513940334e-08,0.16585395555200078,0.1324792094528675,0.10919435818990071,1.2086498202279472e-07,2.250617683330347e-07,1.7750817600198676,0.9957340310562539,55.722248462636216,False,0.4051352943697566
556,15,0.001,0.5585748367011547,0.5585748786106706,0.0,5.5247199703956085e-08,0.1593225610900345,0.12274623662233353,0.11175163586934407,1.5811788500741386e-07,4.3901570734306006e-07,5.827729007158996,0.9957340310562539,55.77735991315822,False,0.4090104108381638
557,15,0.001,0.29345315136015415,0.2934532184153795,0.0,5.9066986857203574e-08,0.16596730023874368,0.13766500912606716,0.10403982798258463,2.4421348143732757e-07,7.447720236086752e-07,5.509011692677287,0.9957340310562539,55.83094401338222,False,0.413244875786404
558,15,0.001,0.152830614708364,0.15283070085570216,0.0,8.281225349904275e-08,0.17706331687112362,0.14325862750411034,0.10380546251932779,1.341104507446289e-07,5.857945097886841e-07,3.2578964896342044,0.9957226551390705,55.88185547962609,False,0.4047926969924447
559,15,0.001,0.2966896704165265,0.2966897404403426,0.0,6.712859690338746e-08,0.17746585032853715,0.14271977916359901,0.10633635520935059,1.564621925354004e-07,5.224499659561843e-07,7.133072859716216,0.9957226551390705,55.92964243862395,False,0.4022154188623972
560,15,0.001,0.2544827063102275,0.2544827807578258,0.0,7.456319650600562e-08,0.18083227812212008,0.140030175447464,0.10344362258911133,9.064873296438236e-08,3.6588795637726435e-07,2.6821360504126512,0.9957226551390705,55.97532737878889,False,0.3726202889720298
561,15,0.001,0.6076362194726244,0.607636283384636,0.0,8.002215245994648e-08,0.1842288239006991,0.1480532716959715,0.10372845331827799,1.5729003166597977e-07,5.045880584475526e-07,7.677012772432411,0.9957340310562539,56.019629530722916,False,0.3810941773972445
562,15,0.001,1.0017896369099617,1.0017896816134453,0.0,3.4675414095630686e-08,0.11903208262568044,0.09476732928305864,0.10826714833577473,1.904037247868473e-07,5.922034347349836e-07,4.712657232425216,0.9957340310562539,56.061459105227165,False,0.4208030577556201
563,15,0.001,0.3236905543599278,0.323690619552508,0.0,6.028774546251725e-08,0.1671353676454808,0.12624074518680573,0.10732054710388184,1.018246038597681e-07,4.5227466216601897e-07,3.606935851037981,0.9957340310562539,56.10120285593913,False,0.4181438199138938
564,15,0.001,0.24501710711047053,0.24501722084823996,0.0,1.0667400385244719e-07,0.22269874946445256,0.183779526501894,0.11917432149251302,2.0447704685011558e-07,4.810101472685346e-07,8.378525224716636,0.9957340310562539,56.139458179732735,False,0.4195330014517822
565,15,0.001,0.3246991541236639,0.32469925680197775,0.0,1.0179566878321111e-07,0.21508846092346892,0.17152450047433376,0.10815771420796712,2.60770320892334e-07,5.451024662761483e-07,4.316694572399653,0.9957340310562539,56.17621322554834,False,0.42199288228948717
566,15,0.001,0.20277328183874488,0.2027734136208892,0.0,1.237608255877376e-07,0.24079493282144235,0.1987341307103634,0.1140898068745931,2.1772252978280449e-07,6.502965561594465e-07,5.737333269864201,0.9957340310562539,56.212982548880326,False,0.37983181724484893
567,15,0.001,0.16609953064471483,0.16609960980713367,0.0,7.889877551292557e-08,0.19171566926615352,0.16084312088787556,0.10734025637308756,1.986821445143505e-07,2.9872910545236664e-07,4.653827895390934,0.9957340310562539,56.24846968870218,False,0.38352002247120254
568,15,0.001,0.8616792603861541,0.8616793069522828,0.0,7.243758215480511e-08,0.18310517757279793,0.14685389026999474,0.10816605885823567,1.3535220944049797e-07,4.2624097318366694e-07,8.34427797891155,0.9957340310562539,56.28348969539407,False,0.39510511119442526
569,15,0.001,0.34385693655349314,0.3438570105936378,0.0,8.447970012426254e-08,0.1894111460954959,0.14601215533912182,0.10085995992024739,1.1589791881760902e-07,6.808991770412831e-07,1.5772147714819964,0.9957340310562539,56.31754326438669,False,0.3847614593396429
570,15,0.001,0.3084807191044092,0.30848078336566687,0.0,6.756610115843387e-08,0.16962294165939484,0.1390348458662629,0.11101714769999185,1.1507007968702965e-07,3.294767338957172e-07,3.708604262648977,0.9957340310562539,56.35000563644105,False,0.3826480747957248
571,15,0.001,0.7821765227708966,0.7821765847038478,0.0,6.844203292999396e-08,0.17415302594336585,0.1465136557817459,0.10230954488118489,9.934107225717526e-08,2.0236882392055122e-07,7.027056064732974,0.9957454069734373,56.381268770382455,False,0.420245618923218
572,15,0.001,0.43131856992840767,0.43131861835718155,0.0,4.779044848746139e-08,0.14223450659924275,0.11574876680970192,0.10408767064412434,1.9123156391742668e-07,4.38828692495008e-07,7.099879995071646,0.9957454069734373,56.41201830079552,False,0.4122921022499213
573,15,0.001,0.25132285710424185,0.25132297072559595,0.0,1.1740482008804065e-07,0.23096089179168605,0.17996154725551605,0.10209163029988606,1.4197495090684242e-07,2.7146947445544356e-07,4.426895548408222,0.9957454069734373,56.441791936180095,False,0.4096589588589268
574,15,0.001,0.8028903380036354,0.8028903864324093,0.0,6.846490530065807e-08,0.168084652794653,0.13243917934596539,0.10398070017496744,2.3179583763521805e-07,7.365729288721923e-07,13.300161051875412,0.9957454069734373,56.47274111863839,False,0.45028769156488124
575,15,0.001,0.1585542894899845,0.15855433605611324,0.0,5.168884431583365e-08,0.15341927459624352,0.1200092900544405,0.10146665573120117,1.341104507446289e-07,3.7704546684835805e-07,3.7636542968952895,0.9957454069734373,56.50419981393446,False,0.44165423025697237
576,15,0.001,0.34401858411729336,0.3440186157822609,0.0,3.262080006116719e-08,0.11883604350201006,0.09408389963209629,0.10868533452351888,1.7053551459866867e-07,6.260215741349384e-07,3.03083257945152,0.9957454069734373,56.53577380756835,False,0.447250222619914
577,16,0.001,0.17460402939468622,0.17460411973297596,0.0,8.78103012524889e-08,0.1971453984735538,0.15117361396551132,0.11485528945922852,1.95370787992033e-07,5.747290856561449e-07,4.56417486813267,0.9957454069734373,56.56629983544761,False,0.42018571074004285
578,16,0.001,0.1604791060090065,0.16047916933894157,0.0,6.75250708681574e-08,0.1776380852056794,0.14138108678162098,0.10956287384033203,1.523229826716488e-07,2.6248790163663216e-07,2.2116430292815648,0.9957454069734373,56.59558261454103,False,0.36760380255873315
579,16,0.001,0.18795623816549778,0.18795628752559423,0.0,5.0811178375909094e-08,0.15460671446522203,0.12274238653481007,0.10693709055582681,1.8046962679818535e-07,7.103035954969528e-07,3.3845476438716573,0.9957454069734373,56.623790896487364,False,0.3591204077965813
580,16,0.001,0.28913917392492294,0.28913921816274524,0.0,4.994534874569467e-08,0.14938312339893936,0.11334369517862797,0.10982513427734375,1.9288725638944015e-07,3.654498641481041e-07,2.553727768487198,0.9957454069734373,56.650443610933664,False,0.36187803697248455
581,16,0.001,0.524580106139183,0.5245801284909248,0.0,3.293211880972535e-08,0.12216290257611664,0.08972793258726597,0.1010899543762207,1.995099978557846e-07,6.344733947116765e-07,5.964778128989953,0.9957454069734373,56.675829949658485,False,0.3743705964734545
582,16,0.001,0.26666721561923623,0.26666724728420377,0.0,3.595967301706082e-08,0.12782853041894776,0.1011781319975853,0.10732595125834146,1.3700790191251144e-07,5.730335601583647e-07,2.9522816426129266,0.9957454069734373,56.699619812166084,False,0.3783639673347352
583,16,0.001,0.15694251842796803,0.15694262646138668,0.0,1.0957450058413087e-07,0.22702413143688377,0.19329091906547546,0.10612821578979492,8.299119258481369e-08,2.661951725713152e-07,2.2210444558855493,0.9957454069734373,56.72246272543688,False,0.37779165407118853
584,16,0.001,0.3551610503345728,0.35516111087054014,0.0,6.808114250134167e-08,0.16947258843674962,0.12551352474838495,0.10773007074991861,1.1838145042020187e-07,4.7376795464515453e-07,6.160253179557111,0.9957454069734373,56.74435457065917,False,0.3461342659429647
585,16,0.001,0.41061998158693314,0.41062003932893276,0.0,6.515420114538983e-08,0.1728764539358996,0.1384775061160326,0.09949914614359537,9.520186239342365e-08,2.1086057699903904e-07,2.137381684460937,0.9957454069734373,56.765128596347715,False,0.3503069562575547
586,16,0.001,0.696204636245966,0.6962046772241592,0.0,5.4995946907610005e-08,0.1468927680984517,0.11168004386126995,0.10206540425618489,1.2831556261971855e-07,4.328612703830004e-07,4.738923105291769,0.9957454069734373,56.78562471943284,False,0.374539701078902
587,16,0.001,0.5201595546677709,0.5201596254482865,0.0,5.558667659499861e-08,0.15282417733698583,0.11996849719434977,0.11297496159871419,9.809931356130619e-08,3.0318747690216696e-07,7.996357486869352,0.9957454069734373,56.807582870590984,False,0.35816364057245664
588,16,0.001,0.13775839586742222,0.13775849272496998,0.0,9.615969887022402e-08,0.21259791157240276,0.1701768934726715,0.11083396275838216,1.1548399925231934e-07,4.034205858260975e-07,3.276820017938911,0.9957340310562539,56.829497422605456,False,0.33981612969364505
589,16,0.001,0.02575482300017029,0.025754900416359305,0.0,7.723752837307529e-08,0.18728391031362937,0.1580534279346466,0.1063861052195231,1.8874804652568855e-07,5.050659979133343e-07,1.6775484213862335,0.9957340310562539,56.85142114634054,False,0.3257181275621406
590,16,0.001,0.16616132110357285,0.16616141283884645,0.0,9.357114816310741e-08,0.19820178064765298,0.1687222644686699,0.11302177111307779,1.5108122397577972e-07,3.480835175651009e-07,6.309127650660855,0.9957340310562539,56.87466587425883,False,0.28592256400588667
591,16,0.001,0.2394102686084807,0.23941034451127052,0.0,8.326967870786461e-08,0.18497552866251518,0.14950892515480518,0.10898550351460774,1.6391277313232422e-07,5.736551429436076e-07,2.2276627740900703,0.9957340310562539,56.89757265850313,False,0.2909760627007927
592,16,0.001,0.3667054530233145,0.3667055033147335,0.0,5.53640695510893e-08,0.15722895788861724,0.1266761925071478,0.10538840293884277,1.0679165285409908e-07,3.727814998910617e-07,2.5003991694746475,0.9957340310562539,56.919821503281185,False,0.292393992007419
593,16,0.001,0.05828809691593051,0.05828819563612342,0.0,9.891598162781179e-08,0.19764850665095618,0.15187503211200237,0.09789999326070149,1.4652808033588371e-07,3.082260207065701e-07,1.0021802707810614,0.9957340310562539,56.941225656929426,False,0.28512424622749677
594,16,0.001,0.06874503334984183,0.0687451099511236,0.0,7.853735972673803e-08,0.191761094350558,0.15379370003938675,0.1047996679941813,1.684659025613655e-07,3.875397851516027e-07,0.9383843673910826,0.9957340310562539,56.96161402173184,False,0.279390866686299
595,16,0.001,0.15684855659492314,0.15684866509400308,0.0,1.1139114608482714e-07,0.22834483677663805,0.18200642615556717,0.11412326494852701,1.341104507446289e-07,3.706260258695693e-07,2.551863085678924,0.9957340310562539,56.98100826693293,False,0.27744663658813806
596,16,0.001,0.36983505077660084,0.3698351290076971,0.0,8.071775559059802e-08,0.17777518846123033,0.1311105601489544,0.11123363176981607,1.3907749973895989e-07,4.890309810434701e-07,6.828682315443988,0.9957340310562539,56.99994558769137,False,0.28249012889136793
597,16,0.001,0.4626659294590354,0.462665980681777,0.0,6.588624223979878e-08,0.17342807542941016,0.14881285279989243,0.10232265790303548,1.5729003166597977e-07,6.270389576457092e-07,3.620606332440395,0.9957340310562539,57.01862010506189,False,0.2786204928488587
598,16,0.001,0.055819438537582755,0.05581955425441265,0.0,1.1445595049508483e-07,0.23419012858300084,0.188442625105381,0.1006927490234375,1.1507007968702965e-07,2.773682865608862e-07,0.6661173547426623,0.9957340310562539,57.03672208576418,False,0.26544250678125536
599,16,0.001,0.16052063554525375,0.16052069305442274,0.0,5.295948923844662e-08,0.15339930535912544,0.12733429856598377,0.10667212804158528,1.1217262851914711e-07,1.9866445200023009e-07,4.1589480945016675,0.9957340310562539,57.05422289661296,False,0.2656661391010857
600,16,0.001,0.24585927138105035,0.24585939152166247,0.0,1.2423206285916422e-07,0.2417960120183676,0.19882722198963165,0.11081051826477051,1.9619862712261238e-07,2.976292989842477e-07,3.5209209855683086,0.9957340310562539,57.071728308576944,False,0.25883477791649057
601,16,0.001,0.9905990744009614,0.9905991787090898,0.0,7.26152249441725e-08,0.18603145151777564,0.1597781963646412,0.10510571797688802,1.5397866093280754e-07,4.6603548753409996e-07,11.405663763251749,0.9957226551390705,57.089711326195115,False,0.29508347121736733
602,16,0.001,0.3254713895730674,0.32547145464923233,0.0,6.731093060707849e-08,0.17327155605508762,0.1484701670706272,0.10965593655904134,1.7881393432617188e-07,4.2963438318111e-07,4.729476812737078,0.9957226551390705,57.10944883344786,False,0.2719126433003112
603,16,0.001,0.022402604343369603,0.02240268001332879,0.0,7.509539923233888e-08,0.18488662379020737,0.15486994571983814,0.10727230707804361,1.084473382206852e-07,3.75923264073208e-07,0.5935055192195138,0.9957226551390705,57.130135050616495,False,0.2408028339050361
604,16,0.001,0.2755622882395983,0.27556234039366245,0.0,5.287378007645671e-08,0.1442406536065261,0.12181639159098268,0.10110791524251302,1.1507007968702965e-07,3.703911488628364e-07,2.409297410526158,0.9957226551390705,57.15145803078294,False,0.2494155771782971
605,16,0.001,0.3773699376033619,0.3773700485471636,0.0,1.1178930114930097e-07,0.21050631679672407,0.16705174185335636,0.11614330609639485,1.7467472446242027e-07,4.890426907877554e-07,1.2822640138158805,0.9957226551390705,57.17273591274081,False,0.2713915218409966
606,16,0.001,0.24964111612644047,0.24964119150536135,0.0,7.002819568668883e-08,0.17641837875827615,0.14046167209744453,0.10202876726786295,1.341104507446289e-07,3.5956747979071224e-07,3.872222122369625,0.9957226551390705,57.19387497526007,False,0.2766090090299258
607,16,0.001,0.23266097158193588,0.23266104236245155,0.0,7.233733123612751e-08,0.16936150756671423,0.13402963057160378,0.10292998949686685,1.1672576505361576e-07,3.8837666238578095e-07,4.736127852255585,0.9957226551390705,57.21417944791579,False,0.27618717796576675
608,16,0.001,0.05496704927645624,0.05496713472530246,0.0,8.458293443425191e-08,0.19659123759705488,0.1684223059564829,0.1065222422281901,1.0679165285409908e-07,6.448578915296821e-07,0.8614303909333819,0.995722418140796,57.234030976763584,False,0.2567035277315881
609,16,0.001,0.19974975660443306,0.19974983297288418,0.0,7.432519977257357e-08,0.1779800922377301,0.145901158452034,0.10162854194641113,1.1300047475515385e-07,3.3254087838940904e-07,10.179405991073438,0.9957226551390705,57.2537087970206,False,0.2655448814621195
610,16,0.001,0.25792628014460206,0.257926344871521,0.0,6.057292711858508e-08,0.16958131418981498,0.14038760028779507,0.10280998547871907,1.5977356326857262e-07,4.5277718641045794e-07,9.551904711813172,0.9957226551390705,57.274825823847486,False,0.27736870938679203
611,16,0.001,0.5881856381893158,0.5881857201457024,0.0,7.998561279976002e-08,0.19581674334247123,0.16647987067699432,0.10709039370218912,1.473559336773178e-07,4.11040588232936e-07,14.14175850663397,0.9957226551390705,57.29531896349627,False,0.3043272769864416
612,16,0.001,0.5734622534364462,0.5734622962772846,0.0,5.972713612578673e-08,0.16783257314464015,0.13805203512310982,0.11156066258748372,1.394914335151043e-07,2.5366273348481627e-07,4.9821391052655,0.9957226551390705,57.3172968231719,False,0.3170539771526819
613,17,0.001,0.1629054769873619,0.16290554543957114,0.0,7.233777843396183e-08,0.18346829602569675,0.15489119663834572,0.11438274383544922,1.386635801736702e-07,5.301677106217539e-07,3.341506750643302,0.9957226551390705,57.33984474832441,False,0.2983189488732023
614,17,0.001,0.2025923035107553,0.20259234448894858,0.0,4.457345476049923e-08,0.13415466333033313,0.1164331748150289,0.10599064826965332,1.3162691914203606e-07,4.4717782543557405e-07,2.7735555404455354,0.9957226551390705,57.3627743697168,False,0.3074922529340256
615,17,0.001,0.06048071038094349,0.06048083044879604,0.0,1.202063355520977e-07,0.23904728655115068,0.20519612357020378,0.10862668355305989,1.1589791881760902e-07,4.246545870500995e-07,0.7478346819843643,0.9957226551390705,57.38577707224968,False,0.3012397576112562
616,17,0.001,0.1825143184978515,0.18251439207233489,0.0,7.259395573555594e-08,0.18449077688144183,0.146972868591547,0.10519901911417642,2.1937820804396324e-07,4.748422952616238e-07,2.2691723659592213,0.9957340310562539,57.40797767804897,False,0.2972806980560563
617,17,0.001,0.07079004001570866,0.07079014868941158,0.0,1.0960516050317892e-07,0.22841319688147416,0.18753626570105553,0.1084149678548177,2.1937820804396324e-07,5.846454200764128e-07,1.004608802522501,0.9957340310562539,57.429819633036324,False,0.23979263340697798
618,17,0.001,0.22853491781279445,0.22853500279597938,0.0,8.560565234461137e-08,0.19673285481892763,0.16325589641928673,0.10777688026428223,1.5315082180222817e-07,3.829399304322578e-07,4.033618469719905,0.9957340310562539,57.45079292471987,False,0.23373410392196092
619,17,0.001,0.06633820687420666,0.06633827765472233,0.0,7.322817285881911e-08,0.18559220455596367,0.15105871483683586,0.10092798868815103,1.1175870895385742e-07,2.5269667958127684e-07,1.3682797450947815,0.9957340310562539,57.47119490879826,False,0.23648007908013824
620,17,0.001,0.04853716492652893,0.048537230119109154,0.0,6.611928782263021e-08,0.17781754846402387,0.14127537608146667,0.10183095932006836,1.1507007968702965e-07,3.062322662117367e-07,1.0307605132341444,0.9957340310562539,57.49074786046105,False,0.2222910088730714
621,17,0.001,0.1530412167776376,0.15304133854806423,0.0,1.2295487117341963e-07,0.24190654121512178,0.21624132618308067,0.1097264289855957,1.8295314418992348e-07,5.852554068042082e-07,3.583193692482489,0.9957340310562539,57.50954447269998,False,0.20827046382146364
622,17,0.001,0.5005489308387041,0.5005490127950907,0.0,6.88966759199161e-08,0.17733288853883833,0.13765458948910236,0.10278542836507161,1.4983945106905594e-07,7.622414841534919e-07,6.606914660263649,0.9957340310562539,57.52865041120355,False,0.2239522022409801
623,17,0.001,0.5216110534965992,0.5216111093759537,0.0,7.19100563539854e-08,0.1670543105133967,0.1249705208465457,0.10898129145304361,1.341104507446289e-07,6.195610353643133e-07,15.797372186781134,0.9957340310562539,57.547421085136634,False,0.24201158236064657
624,17,0.001,0.19204492634162307,0.19204501889180392,0.0,8.766722725539466e-08,0.20038507060484329,0.1540331467986107,0.10863264401753743,1.0679165285409908e-07,5.723381946154404e-07,2.9243602356696967,0.9957340310562539,57.56643637563419,False,0.2505789496772195
625,17,0.001,0.09484041726682335,0.09484050725586712,0.0,8.884362356909037e-08,0.19801387366989157,0.17648261226713657,0.11108128229777017,2.0696057845270843e-07,4.2963861801581515e-07,1.650145974288188,0.9957340310562539,57.58517488157033,False,0.2440221159686189
626,17,0.001,0.16873131832107902,0.16873143333941698,0.0,1.1258535170810546e-07,0.22592978863649282,0.18594691157341003,0.11584321657816568,1.945429346505989e-07,4.838730092160404e-07,3.8776076492662876,0.995722418140796,57.60376129867502,False,0.2384474308546487
627,17,0.001,0.21305084228515625,0.21305090771056712,0.0,6.359578730297244e-08,0.1740318851202675,0.14216142147779465,0.10481937726338704,2.524919011648308e-07,5.258734745439142e-07,3.023799390425111,0.9957226551390705,57.62259591092729,False,0.21500150611063873
628,17,0.001,0.49215527810156345,0.492155309766531,0.0,3.638583612186608e-08,0.13099672993173964,0.11121341213583946,0.1026613712310791,1.2831556261971855e-07,4.3730349830184423e-07,2.799747670004144,0.9957226551390705,57.6411736762271,False,0.20991982015220856
629,17,0.001,0.06179628148674965,0.06179635977605358,0.0,7.84749518700778e-08,0.18968323820655686,0.1534036137163639,0.10644745826721191,1.4983945106905594e-07,5.001342628929706e-07,1.4843081587014963,0.9957226551390705,57.659166641657215,False,0.2036004954334203
630,17,0.001,0.097314921207726,0.09731499059125781,0.0,7.115474076613282e-08,0.18440050337283886,0.16490322723984718,0.1069653828938802,1.25418111451836e-07,4.3163686314073857e-07,1.1172295864987387,0.9957226551390705,57.67646924260515,False,0.19702065903948096
631,17,0.001,0.31422643666155636,0.3142265170463361,0.0,7.634164678194111e-08,0.18645045000708502,0.15554266422986984,0.10682996114095052,1.3576614321664238e-07,3.3334731597278733e-07,2.268621829449517,0.9957226551390705,57.692862188366,False,0.21287976693201927
632,17,0.001,0.015676351496949792,0.015676480950787663,0.0,1.2947595884327256e-07,0.24585077869730199,0.20431451871991158,0.1129606564839681,1.7136335372924805e-07,8.076461313066829e-07,0.45903587635214116,0.9957226551390705,57.70847513323291,False,0.2024523939944629
633,17,0.001,0.12836655392311513,0.12836665590293705,0.0,1.0192666444197584e-07,0.20473069886114104,0.17788943275809288,0.10345602035522461,1.945429346505989e-07,6.701272923237411e-07,1.2107131348305062,0.9957226551390705,57.72334654751544,False,0.20605092611367581
634,17,0.001,0.3809351003728807,0.38093515718355775,0.0,6.021367648934017e-08,0.1585118072027329,0.12268094718456268,0.10387206077575684,1.0886126489140224e-07,3.901130867234315e-07,11.161274106769282,0.9957226551390705,57.73823145334881,False,0.2155759375236812
635,17,0.001,0.43700724747031927,0.43700730276759714,0.0,6.362348914379368e-08,0.17073387672728277,0.15108115412294865,0.10828908284505208,1.043081283569336e-07,2.083530290519775e-07,6.205108877348829,0.9957226551390705,57.75313815790608,False,0.23874275256093824
636,17,0.001,0.27452177088707685,0.2745218379423022,0.0,6.568171739829154e-08,0.17247432145454383,0.14693362452089787,0.10793018341064453,1.8378098332050286e-07,7.907066219559056e-07,2.063240768755079,0.9957226551390705,57.76814118849262,False,0.2528667904334725
637,17,0.001,1.0315179843455553,1.0315180597826838,0.0,8.874914758649766e-08,0.20147089763542095,0.17267437651753426,0.10181132952372232,1.423888704721321e-07,3.1212508133648953e-07,55.54416801265313,0.9957226551390705,57.79145273005607,False,0.30777158840646734
638,17,0.001,0.1514346197945997,0.1514347487827763,0.0,1.273954719493986e-07,0.23933450759889868,0.21210172027349472,0.11668562889099121,1.1838145042020187e-07,2.544096560086473e-07,2.443850919407619,0.9957226551390705,57.83895730094178,False,0.2859519439662108
639,17,0.001,0.19692823477089405,0.19692834559828043,0.0,1.0695514562897301e-07,0.21332377808815203,0.17704186961054802,0.11623986562093098,1.1755360418419514e-07,3.486717901068914e-07,4.038019484981459,0.9957226551390705,57.90362818977091,False,0.26565926779585425
640,17,0.001,0.1336856260895729,0.13368574203923345,0.0,1.1494993934491049e-07,0.2335872738554237,0.2169966958463192,0.10732348759969075,1.564621925354004e-07,4.6526446340067196e-07,2.6809858371385547,0.9957226551390705,57.97989720423744,False,0.2620118115301011
641,17,0.001,0.10242857621051371,0.10242874480900355,0.0,1.6776421229991456e-07,0.2719482944301228,0.2544029541313648,0.10674126942952473,1.5811788500741386e-07,5.957589337413083e-07,0.808359314095673,0.9957226551390705,58.0631967817348,False,0.26248607146408176
642,17,0.001,0.8265202066395432,0.8265203615883365,0.0,1.516453931316164e-07,0.2614140629998677,0.24646001681685448,0.11012053489685059,1.2665987014770508e-07,4.4476678340288345e-07,14.926623493064968,0.9957226551390705,58.15383081552449,False,0.30359787698398577
643,17,0.001,0.20568578457459807,0.20568589214235544,0.0,1.1085239037811334e-07,0.22844060953148532,0.20352788642048836,0.1082315444946289,1.2459027232125663e-07,3.603688298881025e-07,5.450510937574461,0.9957226551390705,58.251313289989035,False,0.3031375608770759
644,17,0.001,0.7425948791205883,0.7425949294120073,0.0,6.986699840894062e-08,0.1799941882502086,0.14752167090773582,0.10695624351501465,1.6515453182819329e-07,7.021703254395106e-07,10.404780567193837,0.9957340310562539,58.35267060890475,False,0.31879003594076494
645,17,0.001,0.25518952775746584,0.2551896786317229,0.0,1.5074063508535573e-07,0.24630613452494207,0.21865164674818516,0.12473297119140625,1.2790162884357414e-07,3.697528541124484e-07,7.212757495438066,0.9957340310562539,58.4579579727574,False,0.3308771138326847
646,17,0.001,0.3330395929515362,0.3330397978425026,0.0,2.1215062417923036e-07,0.3050136772561055,0.2933320887386799,0.11809619267781575,1.9371509552001953e-07,5.539039875657181e-07,6.950363451393045,0.9957340310562539,58.565908800742605,False,0.34560990581667284
647,17,0.001,0.22308713058009744,0.22308727726340294,0.0,1.452349085440119e-07,0.2623582589670894,0.24655213207006454,0.11393459637959798,1.9123156391742668e-07,8.67111339175608e-07,3.7068270190065835,0.9957226551390705,58.67459073662875,False,0.33991369918658165
648,17,0.001,0.3675483884289861,0.36754853092134,0.0,1.3893390615749013e-07,0.24650539897030918,0.22061222977936268,0.10923385620117188,1.043081283569336e-07,2.7675213232214446e-07,8.020370096857238,0.9957226551390705,58.78251801584685,False,0.3619057014948339
649,18,0.001,0.6654486507177353,0.6654487736523151,0.0,1.285486721513962e-07,0.24537104955561273,0.22655894607305527,0.11175704002380371,1.5853180457270355e-07,3.7760662507935194e-07,6.81242330166232,0.9957226551390705,58.88839987594496,False,0.3954733325444977
650,18,0.001,0.05445037630852312,0.054450480616651475,0.0,1.0468274513897313e-07,0.2105385790301831,0.18285089917480946,0.10709651311238606,1.4156103134155273e-07,4.194579048544256e-07,0.9764922462782328,0.9957226551390705,58.99249064325133,False,0.37506803729047533
651,18,0.001,0.10505679855123162,0.10505704022943974,0.0,2.432104189153961e-07,0.3187443111783184,0.2952900603413582,0.11981002489725748,1.4611416077059403e-07,7.976428832989768e-07,2.9081024117116687,0.9957226551390705,59.092813621320985,False,0.35432113423303235
652,18,0.001,0.5364648285321891,0.5364649477414787,0.0,1.1576676328672875e-07,0.22276920007176917,0.1910543590784073,0.11033407847086588,1.7219119285982742e-07,4.3143566585968074e-07,8.033278660335135,0.9957226551390705,59.190842048218,False,0.37069257533585187
653,18,0.001,0.7017325090710074,0.7017325689666905,0.0,7.356219100529415e-08,0.18369200599766705,0.14412562362849712,0.11173446973164876,1.2293457984924316e-07,2.730882044943428e-07,11.458692790332094,0.9957226551390705,59.2868022875833,False,0.3500809831311926
654,18,0.001,0.3648601023014635,0.3648602470057085,0.0,1.3965341238986184e-07,0.25377900937282094,0.22722380235791206,0.10490735371907552,1.7094943416395836e-07,4.784501470567193e-07,7.2884719766430175,0.9957226551390705,59.38296925830653,False,0.3634200757878716
655,18,0.001,0.3593384181149304,0.3593385253334418,0.0,1.1617748096881542e-07,0.22356268878582464,0.19533407874405384,0.11621538798014322,8.133550721822758e-08,1.6804555968974455e-07,5.542399895310429,0.9957226551390705,59.47670824428834,False,0.3735707122468739
656,18,0.001,0.7979616746306419,0.7979618180543184,0.0,1.4073538245895634e-07,0.2541557542520459,0.23292480409145355,0.11594295501708984,1.2252066028395348e-07,2.7865669949278526e-07,8.300159252407049,0.995722418140796,59.56796309586179,False,0.4150879652806907
657,18,0.001,0.40412729093804955,0.40412736125290394,0.0,7.120168188379239e-08,0.17967651114565783,0.15770629048347473,0.11235284805297852,1.1341439432044353e-07,4.484869862153573e-07,7.407629829286887,0.9957226551390705,59.65707173457857,False,0.4339441349511617
658,18,0.001,0.4005092568695545,0.4005093507003039,0.0,1.0218118984273161e-07,0.19235523881756733,0.15917597571387887,0.10953537623087564,1.2914340175029793e-07,5.222342451816075e-07,3.199366910820793,0.9957226551390705,59.74343272786263,False,0.4073184505905374
659,18,0.001,0.09400786133483052,0.09400799125432968,0.0,1.3040927004936975e-07,0.24331557895696257,0.21286258473992348,0.11404196421305338,2.1358330570819817e-07,3.647321022981487e-07,1.3230648579858395,0.9957226551390705,59.82622696841825,False,0.4003385803880519
660,18,0.001,0.09198852442204952,0.09198862966150045,0.0,1.0482190049287965e-07,0.22195742254609796,0.18206804245710373,0.10869892438252766,1.1672576505361576e-07,3.2284185635944596e-07,1.0274981794194842,0.9957226551390705,59.904789894712394,False,0.35967568321939325
661,18,0.001,0.17096767513430677,0.17096776742255315,0.0,9.40008657579483e-08,0.2057119462999484,0.1769723929464817,0.10336955388387044,1.688798221266552e-07,3.254536409258435e-07,3.737449217715681,0.9957340310562539,59.97888097180001,False,0.3544118174304458
662,18,0.001,0.06619777495507151,0.06619788357056677,0.0,1.1030611624107678e-07,0.2225130619240815,0.17212740145623684,0.09996549288431802,1.1507007968702965e-07,2.967501870898559e-07,1.7843013595590664,0.9957340310562539,60.048304333398434,False,0.33773420380566677
663,18,0.001,0.4367345073260367,0.43673462053993717,0.0,1.2438692209570945e-07,0.23960857941421704,0.21393566206097603,0.10982553164164224,1.7301904620126152e-07,2.49145131192563e-07,7.679714603124657,0.9957340310562539,60.11455580123505,False,0.35108716485228797
664,18,0.001,0.16130451392382383,0.161304583074525,0.0,7.280671554532603e-08,0.16261755147269136,0.13628146145492792,0.10058307647705078,1.8460883666193695e-07,4.572557941173727e-07,1.3400516150621975,0.9957340310562539,60.17681837742015,False,0.33819692269571533
665,18,0.001,0.19124690536409616,0.19124702736735344,0.0,1.197767307559161e-07,0.23924655714323337,0.21218283846974373,0.11897444725036621,1.7715825606501312e-07,3.355096964696713e-07,4.3168088178077815,0.9957340310562539,60.23540324554913,False,0.3085593136111129
666,18,0.001,0.2824641882907599,0.282464334362885,0.0,1.5274082265648303e-07,0.2613922790563369,0.24407193064689636,0.10183238983154297,1.7136335372924805e-07,4.282884447093238e-07,5.129290993131912,0.9957340310562539,60.29113792105092,False,0.3228101768600027
667,18,0.001,0.11327474191784859,0.11327484156936407,0.0,9.965686587065647e-08,0.21384961050371087,0.16846495866775513,0.10790443420410156,1.345243703099186e-07,3.760434310606797e-07,1.6577895359557007,0.9957340310562539,60.34385187340859,False,0.32332379832041624
668,18,0.001,0.34045122005045414,0.3404512945562601,0.0,7.398945456316142e-08,0.18669899332829376,0.1518890280276537,0.11172318458557129,1.1920928955078125e-07,2.599951756110386e-07,4.609658796356618,0.9957340310562539,60.393131556550905,False,0.3110729477903078
669,18,0.001,0.37602483134833165,0.3760250010236632,0.0,1.7016710529560442e-07,0.2834455667140733,0.25744131207466125,0.1022028923034668,1.4983945106905594e-07,7.034261670924025e-07,4.974504844510309,0.9957340310562539,60.44012977538635,False,0.2907162179326406
670,18,0.001,0.39665272581623867,0.39665286301169544,0.0,1.3521578079433993e-07,0.24404336786912448,0.20101757533848286,0.11136555671691895,1.6142924152973137e-07,5.668269409397908e-07,2.2611374903370884,0.9957340310562539,60.48554784702574,False,0.292703256902314
671,18,0.001,0.03598109120503068,0.03598117642104626,0.0,8.575734788962563e-08,0.20078028302630738,0.15466425940394402,0.11231708526611328,1.3204085291818046e-07,5.186359999242995e-07,0.8034100016318827,0.9957340310562539,60.52915516854028,False,0.2724934239704453
672,18,0.001,0.5070672270958312,0.507067353464663,0.0,1.255528108146109e-07,0.22973143888709668,0.19199692085385323,0.12376252810160318,1.7426080489713058e-07,2.8424071274457674e-07,3.1459060062713413,0.9957340310562539,60.57124241539369,False,0.2543125209995196
673,18,0.001,0.44357046391814947,0.4435705477371812,0.0,7.722389305797606e-08,0.18656199305305662,0.15572735480964184,0.11252975463867188,1.3990535308039398e-07,5.03898149872839e-07,4.420274980893688,0.9957340310562539,60.61161220498022,False,0.25677771931077586
674,18,0.001,0.45828513702144846,0.45828528032870963,0.0,1.4091378552905098e-07,0.2588549619698033,0.23513373360037804,0.10108017921447754,1.7467472446242027e-07,5.86672967983759e-07,11.263104688833117,0.9957340310562539,60.65318952953574,False,0.26038871182026924
675,18,0.001,0.22991331154480577,0.22991337161511183,0.0,6.38806634256639e-08,0.17477583111594294,0.1318713054060936,0.10550936063130696,1.9123156391742668e-07,7.833937161194626e-07,2.384391574497836,0.9957337940579792,60.69399962206808,False,0.2688828024583927
676,18,0.001,0.14287915732711554,0.14287924207746983,0.0,8.835815012986359e-08,0.20125195937120866,0.15686975792050362,0.10002994537353516,1.436306433788559e-07,3.433473239056184e-07,1.7630425488045096,0.9957340310562539,60.7336944007974,False,0.2720634670149593
677,18,0.001,0.05773187195882201,0.057731997687369585,0.0,1.261724271728326e-07,0.24364333362132312,0.20409144833683968,0.10199427604675293,8.940696716308594e-08,2.87080695215991e-07,1.6091013081377779,0.9957340310562539,60.77206779028453,False,0.2649862293164915
678,18,0.001,0.49362458288669586,0.49362474866211414,0.0,1.6735805230538858e-07,0.26632991093379277,0.2231108397245407,0.12620067596435547,1.5811788500741386e-07,3.254353373449703e-07,4.699670367695187,0.9957340310562539,60.80954225622564,False,0.29170040481221804
679,18,0.001,0.051848688861355186,0.051848825882188976,0.0,1.357332681806156e-07,0.25430787668013677,0.2166162244975567,0.10616040229797363,1.0927518445669193e-07,4.923430196868139e-07,4.637861630217528,0.9957340310562539,60.8453931343678,False,0.26764504115817545
680,18,0.001,0.23545568343251944,0.23545573465526104,0.0,5.8720535101031146e-08,0.16026311283284284,0.13043070025742054,0.10694368680318196,1.692937559027996e-07,3.8940234503570537e-07,1.6750652266486123,0.9957340310562539,60.879586387390844,False,0.2722794892524689
681,18,0.001,0.296314449980855,0.29631456616334617,0.0,1.173190709025107e-07,0.22837658305785188,0.19836017303168774,0.11119866371154784,1.2955732131558761e-07,4.1825376229098765e-07,5.013362527384062,0.9957340310562539,60.91235098576436,False,0.27884621079101635
682,18,0.001,0.06457697646692395,0.06457707704976201,0.0,1.0023565089056774e-07,0.21744964293998473,0.1994040571153164,0.10379981994628906,1.9785430538377113e-07,2.7525371137926413e-07,1.3503498474417017,0.9957340310562539,60.94356356757536,False,0.2652282600520266
683,18,0.001,0.5384988044388592,0.5384988861624151,0.0,8.638105697400533e-08,0.20140730773636428,0.15000271424651146,0.09984493255615234,1.5729003166597977e-07,4.951747314407839e-07,19.733870220298282,0.9957340310562539,60.97561758068357,False,0.29180476395958976
684,18,0.001,0.5181840397417545,0.5181840937584639,0.0,5.5533962317610985e-08,0.15978431539542245,0.12876257859170437,0.10526220003763834,1.2417633854511223e-07,2.472293658684066e-07,2.9280877695396827,0.9957340310562539,61.00873119235124,False,0.30291306519029604
685,19,0.001,0.09332335216458887,0.09332344052381814,0.0,8.914023474915211e-08,0.20560999227421523,0.17340874671936035,0.10808388392130533,2.856055800748436e-07,4.548754191091575e-07,0.851930185803135,0.9957340310562539,61.04202896643973,False,0.2852442227413121
686,19,0.001,0.026749614160507917,0.026749736513011158,0.0,1.229177417627625e-07,0.23579092626887352,0.18691790476441383,0.10653599103291829,1.4114711177626305e-07,4.5731087539024884e-07,0.6427840860890248,0.9957340310562539,61.07499243744773,False,0.26212527826282894
687,19,0.001,0.22954444028437138,0.22954449243843555,0.0,5.304850114740134e-08,0.14838456997761684,0.10929552093148232,0.1032264232635498,2.0696057845270843e-07,7.42719180379936e-07,3.5558672105892546,0.9957340310562539,61.106977962479135,False,0.27422298758028774
688,19,0.001,0.012825618498027325,0.01282574760261923,0.0,1.291444053919122e-07,0.24326381652045637,0.20324423909187317,0.11290566126505533,1.7467472446242027e-07,7.857452146708965e-07,0.29439229172208053,0.9957340310562539,61.137782317473075,False,0.243332887042925
689,19,0.001,0.19823345929034986,0.19823355568223633,0.0,9.423377012041101e-08,0.20521289909086346,0.18445434048771858,0.1083384354909261,1.2003712868136063e-07,3.0685234264637984e-07,2.3891436787232414,0.9957340310562539,61.16716238645609,False,0.22799932425368752
690,19,0.001,0.5181915201246738,0.5181916169822216,0.0,8.627409497918848e-08,0.19595151239917996,0.16363195702433586,0.1130555470784505,1.5397866093280754e-07,3.4440500940036145e-07,3.9405173300569305,0.9957340310562539,61.19524143796778,False,0.2317434731976391
691,19,0.001,0.19300951366312802,0.1930096133146435,0.0,1.0419772067393751e-07,0.22162094956160414,0.18365904688835144,0.10105069478352864,1.2334849941453285e-07,2.0771301478816895e-07,1.8903997589775114,0.9957340310562539,61.22185956983295,False,0.22943698583003425
692,19,0.001,0.14953782863449305,0.1495378811378032,0.0,5.656445445367808e-08,0.16326700630741345,0.12341530248522758,0.1084770361582438,1.3328261161404953e-07,3.57339047241112e-07,2.518287703619455,0.9957340310562539,61.24684491393328,False,0.22985315278674534
693,19,0.001,0.09065568074584007,0.0906557971611619,0.0,1.1511895792182258e-07,0.23103289851882428,0.19444642215967178,0.1082622210184733,1.1424223345102291e-07,3.2049439369075117e-07,2.756042628120629,0.9957340310562539,61.27030727246042,False,0.23191089083593397
694,19,0.001,0.2085975483059883,0.20859761536121368,0.0,6.362181004249123e-08,0.17213229068957142,0.14940625801682472,0.10184772809346516,1.4859769237318687e-07,6.226872528714011e-07,2.40419510396754,0.9957340310562539,61.29231554992836,False,0.21409670117463975
695,19,0.001,0.14260557387024164,0.14260565862059593,0.0,8.342357027402159e-08,0.19895837775206693,0.15374670177698135,0.1111760934193929,1.3990535308039398e-07,3.256218121805432e-07,2.023661966079288,0.9957340310562539,61.31297034360387,False,0.21976900648769515
696,19,0.001,0.46323828026652336,0.4632383957505226,0.0,1.1688241308149827e-07,0.2244275687400986,0.1989554837346077,0.10403227806091309,1.564621925354004e-07,2.395942715338606e-07,3.818061437374135,0.9957226551390705,61.3315358835709,False,0.2340054187898204
697,19,0.001,0.1562080880976282,0.15620819514151663,0.0,1.0771072656012848e-07,0.21661040705871926,0.17335877567529678,0.11173590024312337,1.3493828987520828e-07,2.47390914864809e-07,3.83552238396659,0.9957226551390705,61.34874472313905,False,0.22524877117211872
698,19,0.001,0.030378285329788923,0.03037843620404601,0.0,1.50615960592404e-07,0.2589827755510886,0.21174423769116402,0.1162102222442627,1.8792020739510917e-07,4.421354731221072e-07,0.5994498704851714,0.9957226551390705,61.365046677603544,False,0.22311135297604778
699,19,0.001,0.47672579559730366,0.4767259038053453,0.0,1.0252721693859712e-07,0.21757790729113213,0.17616386711597443,0.10319201151529947,1.423888704721321e-07,8.380575309274718e-07,5.334290178224222,0.9957226551390705,61.3813303739734,False,0.21925053992345056
700,19,0.001,0.3262613993138075,0.32626148872077465,0.0,9.444703863437098e-08,0.20661345953255672,0.1382622867822647,0.10761324564615884,9.189049166025143e-08,2.7442362693363975e-07,7.154264378916168,0.9957226551390705,61.39707137623904,False,0.20725537489670387
701,19,0.001,0.13735614941106178,0.1373563215311151,0.0,1.661054049861832e-07,0.2759997123272182,0.24768183752894402,0.10886891682942708,1.1175870895385742e-07,6.613939831368043e-07,3.195751504540176,0.9957226551390705,61.412422063006936,False,0.21000742472460843
702,19,0.001,0.22167039685882628,0.22167049581184983,0.0,1.0220088064727406e-07,0.2197367541537869,0.18578872084617615,0.10656658808390299,1.1672576505361576e-07,2.7785657152890053e-07,4.060999987603129,0.9957226551390705,61.4276152435442,False,0.22218997364325332
703,19,0.001,0.32970071269664913,0.329700808506459,0.0,8.733962086893143e-08,0.19719203969760582,0.1750652715563774,0.11173073450724283,1.059638137235197e-07,3.6219688581695664e-07,6.754229115220331,0.9957226551390705,61.4426106549157,False,0.22844974066902068
704,19,0.001,0.1623297375626862,0.16232984699308872,0.0,1.0876100375867281e-07,0.22692584826616283,0.19931970536708832,0.11128679911295572,1.8543667579251633e-07,5.522525725609739e-07,1.9187674723432773,0.9957226551390705,61.45732050937972,False,0.23779374811056186
705,19,0.001,0.018982368521392345,0.018982471781782806,0.0,1.031435896692301e-07,0.21942563771870516,0.18663203343749046,0.10709969202677408,2.0613272511127434e-07,4.083968860868481e-07,0.40210769691305254,0.9957226551390705,61.47151776245231,False,0.22659055493750202
706,19,0.001,0.013519507177988999,0.013519663203624077,0.0,1.5624233995481518e-07,0.27018340736519947,0.2369658648967743,0.1175542672475179,1.6184317530587577e-07,3.643616821591422e-07,0.5577463580348019,0.9957226551390705,61.485114769331126,False,0.19504855412833422
707,19,0.001,0.25206975638866425,0.25206983322277665,0.0,7.417159153533248e-08,0.18451470352562593,0.14149852655828,0.10465041796366373,9.313225746154785e-08,5.415922714746557e-07,9.80843180105283,0.995722418140796,61.498249038034544,False,0.19873981929868023
708,19,0.001,0.12183617777191103,0.12183630489744246,0.0,1.2661520720769204e-07,0.2436568094013506,0.219072874635458,0.11465779940287271,1.7881393432617188e-07,4.188645164049376e-07,1.17136586576545,0.9957226551390705,61.51092197237853,False,0.19700846611976885
709,19,0.001,0.39248119574040174,0.39248128165490925,0.0,9.525476141192257e-08,0.2076980026825686,0.17265517823398113,0.10832659403483072,1.1010302358727131e-07,5.034274295212526e-07,3.2165031264786985,0.9957226551390705,61.523439307343274,False,0.21587256080692896
710,19,0.001,0.04773618804756552,0.047736293519847095,0.0,1.0449565746029066e-07,0.22127165798270343,0.17609391175210476,0.11306953430175781,1.3742182147780113e-07,4.7478840770054376e-07,1.2451045617869159,0.9957226551390705,61.535266962178255,False,0.20581872579077753
711,19,0.001,0.20001687947660685,0.20001702476292849,0.0,1.4177115126301487e-07,0.25772712509227813,0.22173276916146278,0.11131819089253743,1.3783574104309082e-07,3.271011337346863e-07,3.2729522139449556,0.9957226551390705,61.54640067218545,False,0.20940693239117536
712,19,0.001,0.4025143403559923,0.40251440554857254,0.0,7.448364147677466e-08,0.18016474384488743,0.1533303838223219,0.09828845659891763,1.60601402399152e-07,4.981225174560677e-07,2.8579445181795236,0.9957226551390705,61.556890574743335,False,0.20561168614676717
713,19,0.001,0.1774007175117731,0.17740080319344997,0.0,8.843235210775902e-08,0.18888078819645063,0.15610099025070667,0.1083984375,1.7094943416395836e-07,3.751016208752844e-07,2.0528540370999844,0.9957226551390705,61.566973788745194,False,0.20693622548515123
714,19,0.001,0.13600213779136539,0.13600222000968643,0.0,8.246926164190427e-08,0.19831850485824742,0.15894991531968117,0.10549147923787434,1.1093086982327804e-07,3.1012788781481504e-07,3.6332871558950357,0.9957226551390705,61.57686566176015,False,0.21353771626399976
715,19,0.001,0.13590607955120504,0.13590618828311563,0.0,1.1085666073995526e-07,0.22811773018779058,0.20140856131911278,0.11804986000061035,1.564621925354004e-07,3.396216925466433e-07,5.433766226582177,0.9957226551390705,61.58696771307295,False,0.1922364840111186
716,19,0.001,0.11887973267585039,0.11887980764731765,0.0,7.388292200261048e-08,0.1840406035764967,0.15387792885303497,0.11065030097961426,1.6225709487116546e-07,4.51273308499367e-07,2.420228900523422,0.9957340310562539,61.59672534000984,False,0.17927512984624627
717,19,0.001,0.24926361488178372,0.24926369311288,0.0,8.497863746015355e-08,0.19874287252101297,0.14477396570146084,0.10763152440388997,1.655684656043377e-07,3.3249114039790584e-07,5.2342586710078916,0.9957340310562539,61.60599022456908,False,0.1862693464381664
718,19,0.001,0.0850023758248426,0.0850025114195887,0.0,1.3419231770228635e-07,0.2516520347285272,0.2201445810496807,0.10696872075398763,1.7715825606501312e-07,3.6184249552206893e-07,1.2172166269188631,0.9957340310562539,61.61530029993724,False,0.17772759512354241
719,19,0.001,0.317325291223824,0.31732537131756544,0.0,8.098620085661423e-08,0.18656695584013389,0.15010407753288746,0.09916337331136067,2.036492077195362e-07,3.0195036515578977e-07,1.6761246870387572,0.9957340310562539,61.62447226066734,False,0.17695413128149085
720,19,0.001,0.270796906464966,0.27079700440663146,0.0,9.361226194215533e-08,0.19621763680361035,0.1515752226114273,0.10869518915812174,1.1838145042020187e-07,7.220035627142352e-07,3.6722648958726394,0.9957340310562539,61.63321089979448,False,0.18373332933788333
721,20,0.001,0.2937214784324169,0.29372158367186785,0.0,1.0158878005483984e-07,0.2150241431104736,0.1863671988248825,0.11204918225606282,1.6639630473491707e-07,6.200800726219313e-07,1.4736545493276736,0.9957340310562539,61.641746115654946,False,0.20090452370732237
722,20,0.001,0.025069627445191145,0.025069762661587447,0.0,1.3466580739418532e-07,0.25192436782837613,0.20866841822862625,0.10765616099039713,1.95370787992033e-07,4.314914292535832e-07,0.4876701953754486,0.9957340310562539,61.64999443347477,False,0.2016264062240225
723,20,0.001,0.10739856204600073,0.1073987057316117,0.0,1.414153238954441e-07,0.24880395403004335,0.20870334841310978,0.11741407712300618,1.2210674071866379e-07,5.922228183408151e-07,2.5902281297392196,0.9957340310562539,61.65782738206507,False,0.19258445657760603
724,20,0.001,0.059849292039871216,0.059849444311112165,0.0,1.5369076145077543e-07,0.2661743052615262,0.24113909155130386,0.11660194396972656,1.564621925354004e-07,4.113893794510659e-07,1.1394208691088625,0.9957340310562539,61.6655036999852,False,0.18871027621935355
725,20,0.001,0.04562207660637796,0.045622189762070775,0.0,1.1362909013712397e-07,0.23266075399530514,0.19962771236896515,0.10107700030008951,8.195638656616211e-08,2.53675921157992e-07,0.6646717211514976,0.9957340310562539,61.67274095819947,False,0.16703158127347706
726,20,0.001,0.20919467881321907,0.20919474493712187,0.0,6.964309395840473e-08,0.18232623036816661,0.13462966494262218,0.10445499420166016,1.7467472446242027e-07,9.57782617660996e-07,4.092560551744022,0.9957340310562539,61.67966133904968,False,0.1771227369463304
727,20,0.001,0.25363204814493656,0.25363213662058115,0.0,8.669614626199973e-08,0.2019002469990245,0.16826693154871464,0.11039217313130696,1.1424223345102291e-07,2.3138396443300735e-07,4.963262906722359,0.9957340310562539,61.68624663201336,False,0.180473684988101
728,20,0.001,0.053192873019725084,0.0531929824501276,0.0,1.0968161667790355e-07,0.2234970301701164,0.18966475501656532,0.11489494641621907,1.4901161193847656e-07,3.6981785456191574e-07,1.0111701627195082,0.9957340310562539,61.69262173652838,False,0.1586410932795843
729,20,0.001,0.2891677334700944,0.28916781074076425,0.0,7.679719549180675e-08,0.17921292025527363,0.14820923656225204,0.09895340601603189,1.9785430538377113e-07,3.7329431279431446e-07,3.61161661852279,0.9957340310562539,61.697975504391295,False,0.1656265317769794
730,20,0.001,0.1046325103379786,0.10463262576377019,0.0,1.1577733882717212e-07,0.22461748668107184,0.19370890781283379,0.1052552064259847,2.4586915969848633e-07,4.1770118741624174e-07,1.7088902352141282,0.9957340310562539,61.70339927477779,False,0.16366593006114272
731,20,0.001,0.15215653786435723,0.1521566676092334,0.0,1.2481409816800237e-07,0.22468483050433308,0.18707873485982418,0.11488986015319824,9.76853939960165e-08,4.329583305207052e-07,2.754062172800535,0.9957340310562539,61.708508800392366,False,0.16468158370571473
732,20,0.001,0.07365711190504953,0.07365726074203849,0.0,1.4871152664852616e-07,0.26088666035715674,0.225150927901268,0.11500295003255208,1.986821445143505e-07,2.457192920246598e-07,1.989267212365563,0.9957340310562539,61.71378552247235,False,0.16185516990753968
733,20,0.001,0.12853725627064705,0.12853736989200115,0.0,1.162549541078306e-07,0.23242311183804534,0.19755942560732365,0.10324724515279134,9.76853939960165e-08,3.50546230265536e-07,1.4403353573621251,0.9957340310562539,61.71910459397668,False,0.15430977249434363
734,20,0.001,0.23378766956739128,0.23378776130266488,0.0,8.944022766854687e-08,0.20350957689761667,0.16749848797917366,0.10170976320902506,1.8750627361896477e-07,2.740518141308712e-07,3.1993832339259334,0.9957340310562539,61.724597238211906,False,0.16360885335325293
735,20,0.001,0.028923952428158373,0.028924087469931692,0.0,1.356436261090721e-07,0.2515856173167863,0.2148314230144024,0.11569714546203613,9.189049166025143e-08,2.0933480016083195e-07,0.5468738093797912,0.9957340310562539,61.73004678793591,False,0.14558376967852382
736,20,0.001,0.11788063496351242,0.11788073508068919,0.0,9.900592257139351e-08,0.21436644129258425,0.19056613370776176,0.10941346486409505,2.2020604717454262e-07,8.501575621266966e-07,2.769669111239453,0.9957340310562539,61.73532351800487,False,0.13602650270968297
737,20,0.001,0.1893653767183423,0.18936544191092253,0.0,6.51590505995614e-08,0.1727378368100282,0.14480674266815186,0.10378877321879068,1.8792020739510917e-07,3.8663523582727066e-07,3.1490356101325125,0.9957340310562539,61.74038250361946,False,0.1295042463525533
738,20,0.001,0.05339190294034779,0.05339209455996752,0.0,1.9131490702761766e-07,0.2932655117897846,0.2723335549235344,0.11530955632527669,9.520186239342365e-08,4.705308072061598e-07,2.4048802151733257,0.9957340310562539,61.745113848347,False,0.1312743885710006
739,20,0.001,0.05529349876451306,0.055293652054388076,0.0,1.5409561271439998e-07,0.26097524124218446,0.22900153324007988,0.10571694374084473,2.516640620342514e-07,7.527864909206983e-07,1.228623892305072,0.9957340310562539,61.74984729541252,False,0.12801782211590762
740,20,0.001,0.21109168697148561,0.211091754026711,0.0,7.318527117661233e-08,0.18725577626217177,0.14282429218292236,0.10505302747090657,9.934107225717526e-08,3.7866044522161246e-07,2.1767154570773166,0.9957340310562539,61.75447586385697,False,0.13747047179913352
741,20,0.001,0.04881675471551716,0.04881685576401651,0.0,1.0074518907998709e-07,0.21456565416667486,0.17483455315232277,0.10668516159057617,1.7550256359299965e-07,4.861170737058274e-07,1.0968132063202947,0.9957340310562539,61.75920687114956,False,0.13767013918095472
742,20,0.001,0.20809120731428266,0.20809128391556442,0.0,7.157150161418713e-08,0.18040432041321738,0.14396141283214092,0.10389137268066406,1.3121299957674637e-07,2.511430068352638e-07,1.9344575953916243,0.9957340310562539,61.76362082899019,False,0.1376011722122712
743,20,0.001,0.2453998178243637,0.2453999542631209,0.0,1.3186777536589034e-07,0.2366121860477953,0.20717677474021912,0.11852073669433592,1.9288725638944015e-07,4.3965960117020586e-07,2.927985561855106,0.9957340310562539,61.768246154302346,False,0.1370866578172354
744,20,0.001,0.11887280829250813,0.11887289583683014,0.0,8.878044877036473e-08,0.200106484203148,0.16746806353330612,0.10156559944152832,1.8088354636347503e-07,3.040339038307138e-07,2.0301377618205896,0.9957340310562539,61.77284462997257,False,0.14119165377178433
745,20,0.001,0.02208091993816197,0.022081041883211583,0.0,1.2225712886504425e-07,0.23798735939415785,0.20919128507375717,0.11088411013285318,2.0944409584444657e-07,3.596685758111562e-07,0.5755323324179208,0.9957340310562539,61.77758276796586,False,0.12449872792603855
746,20,0.001,0.335759200155735,0.3357592999236658,0.0,1.0354308033200255e-07,0.20916806919885772,0.1680047195404768,0.10879429181416829,1.8709235405367508e-07,2.8766731929863454e-07,1.3990266326814806,0.9957340310562539,61.782366013660074,False,0.13894414603964833
747,20,0.001,0.07395425232243724,0.0739544129173737,0.0,1.6299264160579696e-07,0.2766665765711228,0.24217011407017708,0.11414750417073567,1.6142924152973137e-07,3.184467516348377e-07,2.1005327634320765,0.9957340310562539,61.78733152779226,False,0.13405650319327833
748,20,0.001,0.0241518912371248,0.024151978039299138,0.0,8.703994591741093e-08,0.2007558942793614,0.16347933001816273,0.09785739580790201,1.3245477248347015e-07,3.7238615391288477e-07,1.466482314753636,0.9957340310562539,61.79210672493916,False,0.13096242690153304
749,20,0.001,0.04872902308125049,0.04872914869338274,0.0,1.2429609874686776e-07,0.24351376642897316,0.21613779291510582,0.11234005292256673,1.1755360418419514e-07,4.4614478156290716e-07,1.0297757234857174,0.9957340310562539,61.79664125955856,False,0.12597441232719575
750,20,0.001,0.020554032642394304,0.020554139278829098,0.0,1.0666668437409044e-07,0.22515071262962225,0.18438971042633057,0.11308224995930989,1.1424223345102291e-07,2.8538454444060335e-07,0.3817353825371165,0.9957340310562539,61.80098789073956,False,0.11264731001938344
751,20,0.001,0.006675930548226461,0.006676056626019999,0.0,1.2612613176088416e-07,0.24410991793455855,0.1989341638982296,0.10612122217814127,2.2517311037972831e-07,4.5475945853468147e-07,0.23947626115676143,0.9957340310562539,61.805153158618005,False,0.1112568086518877
752,20,0.001,0.05127876717597246,0.05127889569848776,0.0,1.2977530339242094e-07,0.24547773766732628,0.1897261030972004,0.11610261599222818,1.2707378971299477e-07,4.744167938497412e-07,1.7351970654119728,0.9957340310562539,61.80934401292222,False,0.10709419191516645
753,20,0.001,0.11956849379930645,0.11956864770036191,0.0,1.5501736783107845e-07,0.256144892061095,0.2092544138431549,0.10921231905619302,9.851323312659588e-08,7.28117925063998e-07,2.3967983137881563,0.9957340310562539,61.81347562501384,False,0.10273188673272671
754,20,0.001,0.015950167668052018,0.015950326836900786,0.0,1.5931289087944833e-07,0.2660303296610111,0.22961799055337906,0.10706901550292969,6.539954000572834e-08,1.7020522591337794e-07,0.356070650016241,0.9957340310562539,61.817446725052015,False,0.10039177827820822
755,20,0.001,0.06225208251271397,0.062252237170469016,0.0,1.538650860055668e-07,0.2614042790696784,0.21141386218369007,0.11252903938293457,1.7633040272357903e-07,6.015849294271902e-07,1.6944251235550836,0.9957337940579792,61.82128111408926,False,0.10082668976247078
756,20,0.001,0.3161022588610649,0.3161023650318384,0.0,1.1325806781314895e-07,0.22634190349158395,0.19471899047493935,0.11141308148701985,8.775128179649982e-08,2.4802977804938564e-07,7.902446349885145,0.9957340310562539,61.82553312714353,False,0.10738985050556948
757,21,0.001,0.02563647017814219,0.0256365854293108,0.0,1.1460190840750784e-07,0.2284850784764546,0.1845136098563671,0.11270705858866373,1.7053551459866867e-07,3.599989497615752e-07,0.644425532075358,0.9957340310562539,61.83029039805997,False,0.10594108272198355
758,21,0.001,0.13593040229170583,0.13593052158830687,0.0,1.1789495424352481e-07,0.234064999828204,0.19470540434122086,0.1101707617441813,1.5894572413799324e-07,7.303733582375571e-07,2.305089160939878,0.9957340310562539,61.83476560389324,False,0.1014310324080725
759,21,0.001,0.0030758968205191195,0.0030760742083657533,0.0,1.7747010971902455e-07,0.2906743435811964,0.24246394634246826,0.11258999506632486,1.0761949909010582e-07,3.4714025787252467e-07,0.08112652047525223,0.9957340310562539,61.839418886113755,False,0.08628578734533221
760,21,0.001,0.04362984502222389,0.043630002182908356,0.0,1.568805672036433e-07,0.27273023172635086,0.23928819224238396,0.11943356196085611,1.7136335372924805e-07,2.9171377491366e-07,0.5871526443463333,0.9957340310562539,61.84407884316439,False,0.08158310214093945
761,21,0.001,0.06300771713722497,0.06300783809274435,0.0,1.2036260521597342e-07,0.23838872470296335,0.20383093878626823,0.10515085856119791,1.3576614321664238e-07,2.7321203788233106e-07,4.226292300672544,0.9957340310562539,61.84924983345916,False,0.08414102696588088
762,21,0.001,0.10327341669471934,0.10327351320302114,0.0,9.868036521254453e-08,0.2140006661659216,0.18156342022120953,0.10938660303751627,9.602970862943039e-08,3.403552000236232e-07,1.809023652307462,0.9957340310562539,61.854258659817084,False,0.0696106654995674
763,21,0.001,0.114948236849159,0.11494831182062626,0.0,7.564715431840341e-08,0.1851965551943232,0.15297378040850163,0.11125787099202473,1.432167238135662e-07,3.222568807359494e-07,1.245458223422637,0.9957340310562539,61.85921297542106,False,0.07217278953248751
764,21,0.001,0.0494600678794086,0.049460204085335135,0.0,1.3656029551611937e-07,0.25472573732225334,0.2075340673327446,0.11528158187866211,1.6805198299607582e-07,5.561494731409766e-07,0.9289538551580666,0.9957340310562539,61.864129527805225,False,0.07375455057263025
765,21,0.001,0.014459333848208189,0.014459454454481602,0.0,1.2068585242275276e-07,0.23666331879134708,0.19124699383974075,0.10728947321573892,1.0679165285409908e-07,1.4024506356236088e-07,0.3066975101484602,0.9957340310562539,61.86886746203514,False,0.07161269499556511
766,21,0.001,0.0070059749414213,0.007006178086157888,0.0,2.03189944869564e-07,0.30769215205029943,0.26685887947678566,0.11221988995869954,9.934107225717526e-08,6.101510052758385e-07,0.11821358683008515,0.9957340310562539,61.87340001665482,False,0.0707659413892543
767,21,0.001,0.04887166665866971,0.04887177748605609,0.0,1.1032881808148431e-07,0.21543911400640442,0.17171093448996544,0.10323055585225423,1.8295314418992348e-07,4.553466510515136e-07,0.5336604003809965,0.9957340310562539,61.87770507412334,False,0.073403174896157
768,21,0.001,0.07039587991312146,0.07039600622374564,0.0,1.277961185763843e-07,0.2412251356153315,0.20612244307994843,0.10766959190368652,1.258320310171257e-07,5.908378852836904e-07,3.028670660562481,0.9957340310562539,61.88146258494015,False,0.07459799444222881
769,21,0.001,0.15064249257557094,0.15064254868775606,0.0,5.335390218519365e-08,0.15227111412422056,0.111228222027421,0.10446588198343912,1.1341439432044353e-07,6.557411325047724e-07,1.833256640501016,0.9957340310562539,61.88486797337724,False,0.07654011936574534
770,21,0.001,0.04382683662697673,0.043827017303556204,0.0,1.8074308005822104e-07,0.28232425938337546,0.2465335913002491,0.11322824160257974,1.5522043383953132e-07,5.04814977375645e-07,1.141941363801974,0.9957340310562539,61.88808414566747,False,0.07828241117567813
771,21,0.001,0.19797727838158607,0.19797735731117427,0.0,8.464803080698857e-08,0.1993947003697534,0.16365111619234085,0.11059037844340006,1.9288725638944015e-07,8.23078437406366e-07,4.407879895149638,0.9957340310562539,61.891254529506696,False,0.08676523591748264
772,21,0.001,0.01696522906422615,0.016965373186394572,0.0,1.4418661820059242e-07,0.25649816485390653,0.21846920996904373,0.11886024475097655,1.60601402399152e-07,7.503116421503364e-07,0.23607092150893147,0.9957340310562539,61.894406050827975,False,0.06806917155518022
773,21,0.001,0.008713410468772054,0.008713526127394289,0.0,1.1587175130500782e-07,0.23406879982677395,0.18606171756982803,0.10715746879577637,1.043081283569336e-07,5.534290039577172e-07,0.12845208130589975,0.9957340310562539,61.897463341918765,False,0.06701148032334459
774,21,0.001,0.12453367444686592,0.12453375360928476,0.0,7.885659769613085e-08,0.18574740264824346,0.15166141279041767,0.11187171936035156,1.4156103134155273e-07,4.1546928741809097e-07,1.1698227431021788,0.9957340310562539,61.900176925698744,False,0.06629918483304209
775,21,0.001,0.007458198117092252,0.007458337000571191,0.0,1.3883709115702914e-07,0.2523650704559508,0.2173314392566681,0.10982664426167806,2.8063854529136734e-07,7.729888693575049e-07,0.26461789234956007,0.9957340310562539,61.90281484488099,False,0.06657307866407791
776,21,0.001,0.029812266235239804,0.029812465072609484,0.0,1.9938051210033336e-07,0.30577407133584755,0.2805021144449711,0.11705811818440755,1.3535220944049797e-07,3.900096032793954e-07,0.5319174549199063,0.9957340310562539,61.90535941644486,False,0.0657094799898914
777,21,0.001,0.058399596833623946,0.05839975003618747,0.0,1.5198561342799621e-07,0.2660752984523428,0.23697452247142792,0.11404259999593098,2.1606683731079102e-07,6.343838663269707e-07,1.5404201356376102,0.9957340310562539,61.907671724353854,False,0.06542147247091634
778,21,0.001,0.22417850187048316,0.22417855355888605,0.0,5.184909568356488e-08,0.15429002401142955,0.12696410156786442,0.10151664415995279,1.0927518445669193e-07,3.613420744841278e-07,3.9233730230659414,0.9957337940579792,61.90946016943051,False,0.07297804029440158
779,21,0.001,0.05907796788960695,0.05907807301264256,0.0,1.0370429581740837e-07,0.21778293889556335,0.18109076283872128,0.11008302370707193,2.2351741790771484e-07,2.5450401608395623e-07,1.1139469421231782,0.9957337940579792,61.911276578892775,False,0.06948614848442958
780,21,0.001,0.29794461000710726,0.2979447322431952,0.0,1.1593938875620324e-07,0.2315936434737861,0.1840205416083336,0.11168392499287923,1.299712408808773e-07,4.3836124064000614e-07,8.30676912756464,0.9957340310562539,61.91419583222038,False,0.08501643236741074
781,21,0.001,0.04609008762054145,0.04609024501405656,0.0,1.5756319449167222e-07,0.27239618828122786,0.23570773005485535,0.11507813135782877,8.692344266592045e-08,3.574612605916627e-07,0.616177563395371,0.9957340310562539,61.91781095770505,False,0.08699335447818157
782,21,0.001,0.1674196444801055,0.16741982731036842,0.0,1.8670646717566797e-07,0.2900194540606621,0.2611907050013542,0.11623430252075195,1.341104507446289e-07,3.629918978731439e-07,3.4805281692959698,0.9957340310562539,61.921744215182784,False,0.09701920882434933
783,21,0.001,0.028762314934283495,0.02876247384119779,0.0,1.5904159411661567e-07,0.27458638104122085,0.22069601342082024,0.10793932278951009,1.2665987014770508e-07,2.981832381010463e-07,0.3409992075065071,0.9957340310562539,61.9262540932272,False,0.0957623743415752
784,21,0.001,0.13409925368614495,0.13409942598082125,0.0,1.6704365712882918e-07,0.2783816659293346,0.25678278505802155,0.11046544710795084,1.5729003166597977e-07,4.600594252224255e-07,4.314919419808643,0.9957340310562539,61.93119619852551,False,0.09974383520238916
785,21,0.001,0.011426779063185677,0.011426971192122437,0.0,1.9178595067614879e-07,0.298059071392774,0.273976381868124,0.1070562998453776,1.1507007968702965e-07,4.6347264515134157e-07,0.6579948308861319,0.9957340310562539,61.936884970637884,False,0.09104285310786508
786,21,0.001,0.06969104218296707,0.0696911287959665,0.0,8.550548447061601e-08,0.20047757282495557,0.1690666489303112,0.11015709241231282,1.1672576505361576e-07,3.2914056191657437e-07,1.1519248155280133,0.9957340310562539,61.94278562523115,False,0.09265936595511448
787,21,0.001,0.011705227894708514,0.011705342709319666,0.0,1.1458821980170342e-07,0.22872810575179137,0.19734426587820053,0.10541240374247232,1.3990535308039398e-07,3.2955250617305865e-07,0.12819266545805974,0.9957340310562539,61.9488885965018,False,0.08101736279968463
788,21,0.001,0.22832046961411834,0.2283205883577466,0.0,1.1291564661064513e-07,0.2240705521137159,0.18541554920375347,0.10920143127441406,2.1979212760925293e-07,5.580943138738803e-07,2.6317884867228596,0.9957340310562539,61.95502284361612,False,0.0942270653340529
789,21,0.001,0.027860086265718564,0.027860230329679325,0.0,1.4339556031472966e-07,0.2521560676397087,0.20825926214456558,0.10151561101277669,1.1424223345102291e-07,4.6941619302742765e-07,1.3436779739448574,0.9957340310562539,61.961118955888914,False,0.09542373257136205
790,21,0.001,0.03978894930332899,0.039789148373529315,0.0,1.985303796914195e-07,0.3009533867848107,0.26251082867383957,0.11077388127644856,9.561578195871334e-08,3.0699715125592775e-07,0.9222491777830512,0.9957340310562539,61.96727807106808,False,0.090127187249891
791,21,0.001,0.028268832829780877,0.028268935857340693,0.0,1.0338986555780139e-07,0.22081919514399967,0.19596850126981735,0.10218350092569986,1.018246038597681e-07,1.8739518736765604e-07,0.7422591472082689,0.9957340310562539,61.973266727217386,False,0.09142785191943403
792,21,0.001,0.0803006337955594,0.08030076930299401,0.0,1.3706745605190918e-07,0.2525171212972553,0.2269645407795906,0.10455958048502603,1.1217262851914711e-07,6.285872586886398e-07,1.0307687758424766,0.9957340310562539,61.979081316143706,False,0.09458337489195401
793,22,0.001,0.16424589278176427,0.1642460091970861,0.0,1.1613031958290776e-07,0.23027301598421868,0.2051216997206211,0.11962612469991048,1.3493828987520828e-07,4.983847361472726e-07,6.908668112220631,0.9957340310562539,61.9848261838756,False,0.10119876838871278
794,22,0.001,0.009963159071048722,0.009963261487428099,0.0,1.020843196641863e-07,0.21651087872655536,0.18026808090507984,0.10344672203063965,1.2500419188654632e-07,3.2487540124748193e-07,0.32494724875038,0.9957340310562539,61.99061049955095,False,0.08781030946374813
795,22,0.001,0.04041293577756733,0.04041308560408652,0.0,1.493393586571301e-07,0.26010955299702676,0.21171284094452858,0.11619154612223306,2.3262369097665214e-07,5.397585596256249e-07,0.620152311596858,0.9957340310562539,61.99627495553265,False,0.08664374495674565
796,22,0.001,0.047438643872737885,0.04743878298904747,0.0,1.3979822455212343e-07,0.24797642263160846,0.21611711010336876,0.11132041613260904,1.1300047475515385e-07,2.615690277707472e-07,1.2637466996593492,0.9957340310562539,62.00179731443979,False,0.07098712207334756
797,22,0.001,0.02278193598613143,0.02278202958405018,0.0,9.338378248457957e-08,0.2033962510572092,0.16766132041811943,0.10703428586324056,1.382496606083805e-07,3.5425483702056226e-07,0.5171676786440372,0.9957340310562539,62.00711505099445,False,0.06953036259619694
798,22,0.001,0.0442643822170794,0.04426449176389724,0.0,1.0938445704766764e-07,0.22229180871091203,0.18436414748430252,0.10785841941833496,2.0116567611694336e-07,3.7719766510235786e-07,0.8175821098103461,0.9957340310562539,62.01224122207989,False,0.06183315870475781
799,22,0.001,0.021972886170260608,0.021973004972096533,0.0,1.1953791911878398e-07,0.23700352981380918,0.199247844517231,0.10675501823425293,1.3576614321664238e-07,2.7029514626519813e-07,0.2950934082479365,0.9957340310562539,62.01715896600788,False,0.061408819407006376
800,22,0.001,0.2237467139493674,0.22374685970135033,0.0,1.442400119344711e-07,0.26071475136942496,0.2367151528596878,0.11330596605936685,1.216928211533741e-07,5.365065476325981e-07,3.6072922857268295,0.9957340310562539,62.02178919175475,False,0.06701178567345778
801,22,0.001,0.15117147518321872,0.15117159869987518,0.0,1.2316057329542218e-07,0.2378014456189043,0.18403099849820137,0.10606280962626138,1.3907749973895989e-07,4.254569034856104e-07,5.013621634627881,0.9957340310562539,62.0268157574764,False,0.07574582918095984
802,22,0.001,0.07434641491272487,0.07434656512850779,0.0,1.5019464782994874e-07,0.25810692757886056,0.22660111263394356,0.11152203877766927,1.4404456294414558e-07,3.2695845675334567e-07,2.220886778656847,0.9957340310562539,62.032037823907544,False,0.07603678997656971
803,22,0.001,0.023861140594817698,0.02386132616084069,0.0,1.8600829143622377e-07,0.2900835660955873,0.26059631258249283,0.11054666837056477,1.2831556261971855e-07,4.66733808934805e-07,0.491922267928738,0.9957340310562539,62.03768195482749,False,0.07679653452032653
804,22,0.001,0.013276689453050494,0.013276812911499292,0.0,1.2394438186902335e-07,0.243099851551899,0.21551549434661865,0.11730448404947916,1.2748770927828446e-07,2.2224067208753695e-07,0.1913812172672746,0.9957340310562539,62.04357707635821,False,0.06335629826025979
805,22,0.001,0.013499422930181026,0.013499589986167848,0.0,1.6673689273716263e-07,0.2740329711505913,0.255135178565979,0.11625321706136067,2.1813644934809417e-07,5.640533800033154e-07,0.3073111749536632,0.9957340310562539,62.04959768123458,False,0.062458756801788695
806,22,0.001,0.10460527066607028,0.10460538731422275,0.0,1.1855799186832883e-07,0.2322144073108337,0.1876506321132183,0.10933367411295572,1.3659398234722175e-07,4.250034635333577e-07,0.8956016740156009,0.9957340310562539,62.05554800885594,False,0.06650977688696003
807,22,0.001,0.0988437250489369,0.09884381934534758,0.0,9.326388017427689e-08,0.20884074118280765,0.1734129749238491,0.1078646183013916,2.301401593740593e-07,8.419610821874812e-07,1.1170970018083433,0.9957340310562539,62.061410924366214,False,0.07092070765065728
808,22,0.001,0.03174301574472338,0.031743170533445664,0.0,1.55161583137442e-07,0.26451452563744393,0.23679408803582191,0.12048069636027017,1.647406122629036e-07,7.569968261122995e-07,0.7803584086923026,0.9957340310562539,62.067042634035275,False,0.06788585652248003
809,22,0.001,0.05100144527386874,0.05100154841784388,0.0,1.0364321667566401e-07,0.21393558988185005,0.1764583121985197,0.11006697018941243,1.5729003166597977e-07,4.397063833039283e-07,1.8134807241161814,0.9957340310562539,62.0723636886343,False,0.060808078553236555
810,22,0.001,0.022914018481969833,0.02291413745842874,0.0,1.1929653709330523e-07,0.2388790868129798,0.19333143904805183,0.10159762700398763,2.0944409584444657e-07,4.801005957233428e-07,0.5185995063042945,0.9957340310562539,62.077390707302904,False,0.061617507266419125
811,22,0.001,0.00711746618617326,0.007117598841432482,0.0,1.326719800687215e-07,0.251751124772336,0.22147208079695702,0.10261400540669759,1.2417633854511223e-07,3.2719046316742606e-07,0.13777197192433555,0.9957340310562539,62.08213929003386,False,0.059536540416956996
812,22,0.001,0.05825472826836631,0.05825485973036848,0.0,1.304462369233761e-07,0.2416714145192091,0.2057956550270319,0.11280568440755208,1.2914340175029793e-07,3.83073000875811e-07,1.680714185820456,0.9957340310562539,62.086420303437734,False,0.06021254569168377
813,22,0.001,0.1445424873381853,0.1445426313439384,0.0,1.3669653231573875e-07,0.2450051964591147,0.21107915602624416,0.11206698417663574,1.523229826716488e-07,4.082855298292998e-07,1.2795171987028189,0.9957335570597046,62.090523808054925,False,0.06782258015118714
814,22,0.001,0.18940885283518583,0.18940898225991987,0.0,1.3486692473918538e-07,0.23777287347201986,0.19487282820045948,0.10553916295369466,1.382496606083805e-07,5.232657258602558e-07,3.264228149867992,0.9957340310562539,62.0940376009287,False,0.07689410956481879
815,22,0.001,0.02272794721648097,0.022728027193807065,0.0,8.034439691328998e-08,0.19131160846610884,0.1630010213702917,0.10410316785176595,1.4942553150376625e-07,8.712951853340201e-07,0.6289744956986802,0.9957340310562539,62.097380758328526,False,0.07694130088020756
816,22,0.001,0.017841532302554697,0.017841658962424845,0.0,1.2618771627614933e-07,0.2409865072295012,0.19151274114847183,0.10543298721313477,1.0761949909010582e-07,3.5724872304854216e-07,0.6947534458094872,0.9957340310562539,62.10051443683894,False,0.06407222702728177
817,22,0.001,0.04078996932366863,0.04079018364427611,0.0,2.1518424730970764e-07,0.32006876480609686,0.2783036269247532,0.11827810605367023,1.1258655518986416e-07,3.8100725419099035e-07,1.6157646678747397,0.9957340310562539,62.1035129425118,False,0.05717338291105989
818,22,0.001,0.11190964374691248,0.11190984339918941,0.0,1.9747854729246228e-07,0.29928967306134635,0.2523774430155754,0.12391233444213867,1.4031927264568367e-07,9.681587016530102e-07,2.6362251982362808,0.9957340310562539,62.106644873679684,False,0.059521084713196615
819,22,0.001,0.04532582679530606,0.045325975748710334,0.0,1.487024077206911e-07,0.24649568190711285,0.19775925017893314,0.11239926020304361,1.0679165285409908e-07,3.838340205675195e-07,1.1337837801864046,0.9957340310562539,62.109759470712156,False,0.06086262760072714
820,22,0.001,0.00908894871827215,0.00908909940335434,0.0,1.5052935786741273e-07,0.264839256880926,0.22809943184256554,0.10162758827209473,1.423888704721321e-07,2.8502961413323646e-07,0.16581967826189845,0.9957340310562539,62.112871044233025,False,0.06060089380480349
821,22,0.001,0.13394786301068962,0.13394805137068033,0.0,1.9048218824480045e-07,0.2971177855596276,0.25574517250061035,0.11278923352559407,1.6805198299607582e-07,6.805975658608077e-07,2.483872796745876,0.9957340310562539,62.11616441178713,False,0.06812892130983528
822,22,0.001,0.009695530752651393,0.00969566940329969,0.0,1.3843924762113602e-07,0.25427154156520265,0.21057065576314926,0.11220224698384602,1.2334849941453285e-07,2.7961726800640463e-07,0.25808158142623516,0.9957340310562539,62.11963270710374,False,0.0621970625652466
823,22,0.001,0.1887266361154616,0.18872678943444043,0.0,1.601753507607384e-07,0.2590075026053559,0.2166743353009224,0.11864821116129556,1.2293457984924316e-07,4.951908749717404e-07,10.162681588804887,0.9957340310562539,62.123009543326546,False,0.06781474450690439
824,22,0.001,0.22042311742552556,0.22042320988839492,0.0,9.185026605962321e-08,0.20505687597594596,0.16825444996356964,0.10459748903910318,1.1175870895385742e-07,3.3086516282310185e-07,3.623202927923496,0.9957340310562539,62.12697177861105,False,0.07960725086195453
825,22,0.001,0.01815988536691293,0.018160045088734478,0.0,1.6000950608940911e-07,0.276413656989844,0.22832013294100761,0.11971171696980794,1.5770395123126946e-07,4.6585523705289233e-07,0.35805176244046105,0.9957340310562539,62.13133667334119,False,0.07755465336776979
826,22,0.001,0.09774244375876151,0.0977426593308337,0.0,2.176599025460746e-07,0.3177702774504444,0.2662089206278324,0.1064448356628418,1.9288725638944015e-07,3.442317222379643e-07,1.7972213524882528,0.9957340310562539,62.13637938040679,False,0.08223142994756927
827,22,0.001,0.024480495019815862,0.024480623309500515,0.0,1.2886011013790721e-07,0.24809230840188895,0.21979570016264915,0.10500462849934895,1.9205941725886078e-07,6.648127737207687e-07,0.6538089789183006,0.9957340310562539,62.14172648587253,False,0.08331661924967193
828,22,0.001,0.008662585576530546,0.008662784530315548,0.0,1.9900605785494463e-07,0.3043838056537581,0.26934314891695976,0.1099238395690918,7.905894250370693e-08,3.96747651620899e-07,0.2555051322019881,0.9957340310562539,62.14726243729222,False,0.0802171103314322
829,23,0.001,0.026202038628980517,0.026202233275398612,0.0,1.9444432552973012e-07,0.30311546841144,0.2668203264474869,0.11871035893758138,1.0554989415823002e-07,4.6768707306910073e-07,0.5095792013704747,0.9957340310562539,62.15279896045335,False,0.0728208322871069
830,23,0.001,0.07102846476482227,0.0710286459652707,0.0,1.7982499400659435e-07,0.2883453958507199,0.2477535493671894,0.10395956039428711,1.647406122629036e-07,4.009812926142331e-07,1.1382327473905267,0.9957340310562539,62.15831982892501,False,0.06542205803270917
831,23,0.001,0.030300396349048242,0.030300581332994625,0.0,1.8469549445399025e-07,0.28929263353257184,0.2595021575689316,0.11418668429056802,1.7467472446242027e-07,6.769500942027662e-07,0.7127073806039179,0.9957340310562539,62.163832040551455,False,0.06589533610349463
832,23,0.001,0.01835591538110748,0.018356037617195398,0.0,1.2239469349140109e-07,0.24143956963236968,0.18369999900460243,0.11459811528523763,1.3328261161404953e-07,2.8569940013767336e-07,0.3049480854248303,0.9957340310562539,62.1691666813361,False,0.06592748504590418
833,23,0.001,0.16581691056489944,0.16581702436087653,0.0,1.060362375682189e-07,0.21389308866242043,0.17625483497977257,0.11241420110066731,1.8046962679818535e-07,4.3292939722050505e-07,2.8507955989287392,0.9957340310562539,62.17441753609526,False,0.0737416688734811
834,23,0.001,0.12245943117886782,0.12245953234378248,0.0,1.0338074751814474e-07,0.2081128195107136,0.17289387062191963,0.10529096921284993,1.0348028922635422e-07,4.0102688103615947e-07,1.3676037352849968,0.9957340310562539,62.179592872537285,False,0.07440103058797831
835,23,0.001,0.1324516576132737,0.13245181285310537,0.0,1.5322167534748132e-07,0.2582912993501186,0.212187722325325,0.1038819154103597,8.423295128068276e-08,3.3544662869644526e-07,9.595982743698153,0.9957340310562539,62.18775330430318,False,0.07984639501410129
836,23,0.001,0.029170770198106766,0.029170863272156566,0.0,9.271871181937286e-08,0.20348603724058403,0.16259165294468403,0.10740931828816731,9.106265252967205e-08,2.437046759951045e-07,0.6551551385356132,0.9957340310562539,62.19885235123141,False,0.08110150885659095
837,23,0.001,0.2046765506383963,0.20467677857959643,0.0,2.319507963477463e-07,0.3194888987064435,0.28078534454107285,0.11381189028422037,1.3162691914203606e-07,6.880641194584314e-07,11.311702572489523,0.9957340310562539,62.21221399494603,False,0.08552205183332262
838,23,0.001,0.04540770873427391,0.04540782864205539,0.0,1.217722793711573e-07,0.23781788472504065,0.21235008165240288,0.11461257934570312,1.0554989415823002e-07,2.739725175615604e-07,0.7561951114404387,0.9957340310562539,62.2271628960647,False,0.08775406295717403
839,23,0.001,0.08661479776492342,0.08661495122942142,0.0,1.5364293126651773e-07,0.25999005950614673,0.21797655895352364,0.11139138539632161,1.4652808033588371e-07,2.8587933798007725e-07,1.3949101709431904,0.9957340310562539,62.24309331976405,False,0.08137207306026539
840,23,0.001,0.05489015765488148,0.05489036184735596,0.0,2.047073373034891e-07,0.3030133865610002,0.28286248818039894,0.11706034342447916,1.4983945106905594e-07,2.3194425580186362e-07,1.6624733205637081,0.9957340310562539,62.259507913847976,False,0.07102626307460014
841,23,0.001,0.013866815352230333,0.013867012647096999,0.0,1.9718471300222973e-07,0.2974928991908986,0.2606681250035763,0.11279082298278809,9.478794282813396e-08,2.79088681054418e-07,0.45571178124694783,0.9957340310562539,62.27598110321869,False,0.07075794619868248
842,23,0.001,0.028187119401991367,0.02818722481606528,0.0,1.0574621445158527e-07,0.21507094076852806,0.18552890792489052,0.11487380663553873,1.4983945106905594e-07,3.7190864077274455e-07,2.0749090819404086,0.9957340310562539,62.291860285891616,False,0.06641073842638434
843,23,0.001,0.22191949654370546,0.22191961866337806,0.0,1.2675960725516688e-07,0.24437905631104243,0.21858544275164604,0.10891358057657877,1.862645149230957e-07,4.844979457629961e-07,5.272704380914788,0.9957340310562539,62.30698802279749,False,0.07875067602162744
844,23,0.001,0.04902082239277661,0.04902095044963062,0.0,1.2768108348382157e-07,0.23915612097752448,0.191614031791687,0.10831713676452637,1.3493828987520828e-07,4.2112827713935985e-07,1.922152053738108,0.9957340310562539,62.32215653080144,False,0.08127306582264282
845,23,0.001,0.21339157986221835,0.21339169895509258,0.0,1.1548667444571947e-07,0.2264229444052524,0.202484630048275,0.11123156547546387,1.3121299957674637e-07,2.7743863029172644e-07,3.8175057320785446,0.9957340310562539,62.337044306355295,False,0.09297241214972018
846,23,0.001,0.04216998055926524,0.04217013536253944,0.0,1.5595416869018663e-07,0.26924550815804804,0.23108434304594994,0.11092575391133626,1.3328261161404953e-07,2.9456981565090246e-07,1.4366428791755967,0.9957340310562539,62.35168457396008,False,0.09116875688687287
847,23,0.001,0.09345726144965738,0.09345738624688238,0.0,1.2567130092122625e-07,0.2373817600051418,0.20184801891446114,0.10605057080586751,1.3907749973895989e-07,2.606240627756051e-07,3.6033549895369674,0.9957340310562539,62.36610268228947,False,0.09511606095566094
848,23,0.001,0.03080066421534866,0.030800870736129582,0.0,2.0677095058374562e-07,0.30881755671724925,0.2775075249373913,0.11367352803548177,2.7153228643328475e-07,7.238541002152488e-07,0.6823700087291704,0.9957340310562539,62.380073821488615,False,0.09589385775780102
849,23,0.001,0.07698036730289459,0.07698049978353083,0.0,1.3381664309974894e-07,0.24226785420061853,0.19879117235541344,0.11285177866617838,1.4487240207472496e-07,5.690330908691976e-07,2.293579736883835,0.9957340310562539,62.39341328143812,False,0.09034157380392571
850,23,0.001,0.025507496669888496,0.025507769780233502,0.0,2.7283939729727535e-07,0.3587431921001108,0.32161882519721985,0.11422133445739746,1.2872948218500824e-07,2.820482620791154e-07,2.023423006879798,0.9957340310562539,62.40676727715064,False,0.0842820778971145
851,23,0.001,0.15667786268750206,0.1566779906861484,0.0,1.3251826125326716e-07,0.23897319542510256,0.19737991504371166,0.11290907859802246,1.5025337063434563e-07,5.726418521589949e-07,2.0151957976187758,0.9957340310562539,62.419438179223704,False,0.08579621571425378
852,23,0.001,0.0670367933344096,0.06703699371428229,0.0,1.991669869028101e-07,0.30101317742068323,0.25660498067736626,0.11551761627197266,1.0265244299034748e-07,5.358124894883076e-07,1.3448677638013418,0.9957340310562539,62.431348439420475,False,0.0881628421602727
853,23,0.001,0.08183225564425811,0.08183237980119884,0.0,1.2655253556204116e-07,0.2405394056268312,0.20498690381646156,0.10270857810974121,1.692937559027996e-07,2.6679873599277926e-07,5.18146224700086,0.9957340310562539,62.443909182403225,False,0.08048507372313907
854,23,0.001,0.041032189124962315,0.041032412060303614,0.0,2.2308189784325805e-07,0.32601173113065424,0.28625811636447906,0.11349773406982422,1.779860951955925e-07,3.739444309758255e-07,4.297346504123445,0.9957340310562539,62.45663251644011,False,0.08021160374755709
855,23,0.001,0.031093014404177666,0.031093133613467216,0.0,1.2019978257171715e-07,0.2394821824380144,0.20709045976400375,0.1128858725229899,1.25418111451836e-07,3.371911816429929e-07,0.4714296506265795,0.9957340310562539,62.46925279798369,False,0.07674149228751048
856,23,0.001,0.012637377949431539,0.012637504725717008,0.0,1.2673421423414766e-07,0.24647318874736718,0.21173200756311417,0.11173788706461588,8.816520136178951e-08,2.6458764068593155e-07,0.13721666792519358,0.9957340310562539,62.48154512737664,False,0.07410069355591986
857,23,0.001,0.14524106588214636,0.14524116268148646,0.0,9.63830713018865e-08,0.21070573133975795,0.16284357197582722,0.10944779713948567,2.4421348143732757e-07,4.7646440748394525e-07,1.9655548209646596,0.9957340310562539,62.49327010004953,False,0.08231158421403961
858,23,0.001,0.03170597075950354,0.031706125126220286,0.0,1.545608263597842e-07,0.2710656280301464,0.22676969692111015,0.10329564412434895,1.382496606083805e-07,4.485497697714891e-07,1.8793289807247124,0.9957340310562539,62.50464157212345,False,0.08253151242388412
859,23,0.001,0.15047797467559576,0.15047811646945775,0.0,1.3618148209104675e-07,0.24256441456663777,0.20264743268489838,0.11370269457499185,1.1920928955078125e-07,6.282362505771744e-07,1.6021975745418946,0.9957340310562539,62.515322506499,False,0.07806641730712727
860,23,0.001,0.05562123644631356,0.055621326551772654,0.0,8.825647768162526e-08,0.20124647188737352,0.16282247751951218,0.10342685381571451,1.0927518445669193e-07,1.7304303412402078e-07,1.16908494166516,0.9957340310562539,62.525377023042026,False,0.07847894318547333
861,23,0.001,0.05603766464628279,0.05603779252851382,0.0,1.2937067594975815e-07,0.24049298227275706,0.18855224177241325,0.10290447870890299,9.892715269188557e-08,3.595117448185192e-07,1.7662086658771345,0.9957340310562539,62.53492064649372,False,0.06864432348447735
862,23,0.001,2.0343226646073163,2.0343227232806385,0.0,8.584809485512324e-08,0.20109809669332906,0.16662846133112907,0.1060333251953125,1.5729003166597977e-07,6.555089839821449e-07,31.89729939143436,0.9957340310562539,62.55740114013688,False,0.19315386623748054
863,23,0.001,0.012718181998934597,0.012718377518467605,0.0,1.958444997285369e-07,0.303448501707676,0.2502772621810436,0.10752415657043457,1.0679165285409908e-07,1.5558060795228812e-07,0.22751362788163748,0.9957340310562539,62.591415234083605,False,0.18810767377181037
864,23,0.001,0.1281993209850043,0.12819943204522133,0.0,1.1112288156311934e-07,0.23041962715048508,0.18969446048140526,0.1109784444173177,1.8543667579251633e-07,8.581791917094961e-07,3.945991257539889,0.9957340310562539,62.63350459078912,False,0.19419508981991385
865,24,0.001,0.23909743316471577,0.23909752257168293,0.0,9.098800646256677e-08,0.20763554754628688,0.16441496834158897,0.10628088315327962,1.523229826716488e-07,3.6846708439952636e-07,4.8192121738264895,0.9957340310562539,62.68067713926925,False,0.20432740643627767
866,24,0.001,0.09737770562060177,0.09737780445721,0.0,1.005247245444707e-07,0.2187535506386403,0.17341399937868118,0.1096494992574056,1.4694201411202812e-07,3.634546033026709e-07,2.1531029221101488,0.9957340310562539,62.73094501657947,False,0.20881929449569725
867,24,0.001,0.14040084497537464,0.14040096971439198,0.0,1.2083840239540677e-07,0.23640961261231958,0.17776907980442047,0.10392030080159505,2.0282136858895683e-07,4.935510560244438e-07,2.804249923682226,0.9957340310562539,62.78272104860502,False,0.20780198088868929
868,24,0.001,0.2663069806294516,0.26630712376208976,0.0,1.4815603499584995e-07,0.2638659143511495,0.21416766569018364,0.11586189270019531,2.077884175832878e-07,5.858748295395344e-07,3.2784698843302515,0.9957340310562539,62.83547686965128,False,0.2202563675946294
869,24,0.001,0.009055310452822596,0.009055487753357738,0.0,1.772673563493754e-07,0.2904858724442325,0.23866775259375572,0.10273289680480957,2.0033783698636398e-07,6.466233344326611e-07,0.1238872348749413,0.9957340310562539,62.88769221389323,False,0.2157078085201647
870,24,0.001,0.12056329660117626,0.12056343909353018,0.0,1.468268440163456e-07,0.2612161481901973,0.22546090558171272,0.10578695933024088,9.685754776000977e-08,3.7563131627393886e-07,2.9772918874212366,0.9957340310562539,62.938393031123375,False,0.22067850273742806
871,24,0.001,0.0773062914959155,0.07730643189279363,0.0,1.426784637104106e-07,0.25381663546582633,0.21263614483177662,0.10602092742919922,1.2293457984924316e-07,2.0210637785567087e-07,2.3333711098452197,0.9957340310562539,62.98750280401728,False,0.22356683255566168
872,24,0.001,0.8739844239316881,0.8739844742231071,0.0,6.088242265889221e-08,0.16493300076790757,0.13570158369839191,0.1020675500233968,1.4487240207472496e-07,4.2008457512565656e-07,9.080103956841166,0.9957340310562539,63.035810570737326,False,0.2774010229295527
873,24,0.001,0.0626933024614118,0.06269357621204108,0.0,2.71832572451558e-07,0.35050115864886666,0.2988540641963482,0.1185003916422526,1.986821445143505e-07,6.635639806518157e-07,6.323653834533131,0.9957340310562539,63.08516504639328,False,0.2722417877157568
874,24,0.001,0.3101838594302535,0.3101840289309621,0.0,1.6115374101843827e-07,0.276251617768686,0.24025334417819977,0.11480657259623209,1.1341439432044353e-07,5.020713160774903e-07,6.838190525967529,0.9957337940579792,63.13771468535201,False,0.2896466557576787
875,24,0.001,0.12701461411779746,0.12701478274539113,0.0,1.6765639010429823e-07,0.26749119557201595,0.2153378464281559,0.10745525360107422,1.7301904620126152e-07,3.5375930451664317e-07,4.286949630986147,0.9957340310562539,63.194051898659765,False,0.2881801957228163
876,24,0.001,0.11755842849379405,0.117558614583686,0.0,1.8344869401332176e-07,0.27434109794354317,0.22583910822868347,0.10815278689066568,2.3345153010723152e-07,2.208002740644588e-07,3.211946191233968,0.9957340310562539,63.252811419276846,False,0.2920512702257838
877,24,0.001,0.16036851797252893,0.1603686287999153,0.0,1.0703855934934836e-07,0.2250844213043316,0.18894349411129951,0.11488787333170572,1.1093086982327804e-07,3.4178532359874225e-07,5.702762310017286,0.9957340310562539,63.31258930443885,False,0.2985719485586742
878,24,0.001,0.10719011258333921,0.10719021083787084,0.0,9.814003565367102e-08,0.2093940583204105,0.16761893779039383,0.10225836435953775,1.4487240207472496e-07,5.798824531666469e-07,1.5421701021297112,0.9957340310562539,63.37193038641927,False,0.17812616405717563
879,24,0.001,0.24059242941439152,0.24059256352484226,0.0,1.3032277923485935e-07,0.24324737412979894,0.20387762039899826,0.10668444633483887,1.216928211533741e-07,6.154255629553518e-07,3.5592985656222917,0.9957340310562539,63.43007904406176,False,0.1923683045206417
880,24,0.001,0.21948129683732986,0.21948149517993443,0.0,1.9183673316547356e-07,0.2989062303381631,0.23947081714868546,0.11810167630513509,1.4570024120530434e-07,5.943359724369657e-07,3.0551056255738795,0.9957340310562539,63.48659775976162,False,0.19807342801141203
881,24,0.001,0.02814022044185549,0.028140358510427177,0.0,1.3815941279915478e-07,0.24870813794230762,0.2062520943582058,0.11475499471028645,1.7964177345675125e-07,8.189652476175979e-07,0.593312859620115,0.9957340310562539,63.541563576586924,False,0.18488860221623327
882,24,0.001,0.02290946990251541,0.02290965407155454,0.0,1.8447736493953926e-07,0.29554808347487227,0.2610657215118408,0.10959474245707193,1.4404456294414558e-07,5.211607572164212e-07,0.47419510975475165,0.9957340310562539,63.59436580652901,False,0.18023433748385287
883,24,0.001,0.12801039614714682,0.12801055423915386,0.0,1.569970979886648e-07,0.25967136537822605,0.2280166745185852,0.1141374905904134,1.3990535308039398e-07,6.250452315725852e-07,4.973555128839211,0.9957337940579792,63.64512595487443,False,0.17945993443208863
884,24,0.001,0.12947063834872097,0.1294707409106195,0.0,1.0034790687285522e-07,0.21679796531007306,0.17156342417001724,0.10077102979024251,1.9702646625319176e-07,4.193204290459107e-07,5.49259882046866,0.9957340310562539,63.69277447910451,False,0.17090766303954297
885,24,0.001,0.060042418306693435,0.0600425316079054,0.0,1.147894508335412e-07,0.2319622312676638,0.19013815000653267,0.1091934045155843,1.3162691914203606e-07,5.14310215748992e-07,0.9801165877374839,0.9957340310562539,63.73783527108995,False,0.1740943572804099
886,24,0.001,0.16451338399201632,0.16451354254968464,0.0,1.5431737221405228e-07,0.26216401707005116,0.2311665043234825,0.12029123306274414,1.697076754680893e-07,5.265521281216934e-07,2.1081352895568872,0.9957340310562539,63.78046201133586,False,0.1768412377423374
887,24,0.001,0.06539073109161109,0.06539087789133191,0.0,1.4585081586915294e-07,0.25697909000931124,0.20818017050623894,0.11200682322184244,2.2434525703829422e-07,4.2364047203591326e-07,2.38015554166161,0.9957340310562539,63.820506594565146,False,0.17609651521706837
888,24,0.001,0.05023357906611636,0.05023369408445433,0.0,1.1464651983317253e-07,0.2329269861552577,0.19620059058070183,0.11076021194458008,1.299712408808773e-07,5.387884698393464e-07,4.184988797146767,0.9957337940579792,63.857774266699145,False,0.12461208741297014
889,24,0.001,0.1736640310846269,0.17366416100412607,0.0,1.3110831176277316e-07,0.24642476461709228,0.1962761953473091,0.10215195020039876,1.2334849941453285e-07,4.642295152734732e-07,3.010980194994792,0.9957340310562539,63.89217515781585,False,0.13154775795192108
890,24,0.001,0.013501255365554243,0.013501415960490704,0.0,1.6078101516825427e-07,0.2723656469289587,0.23212067410349846,0.11112872759501138,1.4487240207472496e-07,8.112453429021116e-07,0.38791510677467866,0.9957340310562539,63.92435444780464,False,0.11300509519787738
891,24,0.001,0.01438681862782687,0.014386999187991023,0.0,1.8065907347875054e-07,0.2916097439336385,0.2572375051677227,0.1129152774810791,1.514951435410694e-07,3.419438030505262e-07,0.21236525683653856,0.9957340310562539,63.95429887074084,False,0.10596585797975422
892,24,0.001,0.16509869135916233,0.16509882919490337,0.0,1.396023243671607e-07,0.2264164590394434,0.2037238162010908,0.10445777575174967,1.3576614321664238e-07,2.8300621579546714e-07,4.157447485759263,0.9957340310562539,63.982646684615524,False,0.10893712440883974
893,24,0.001,0.12309743603691459,0.1230975283542648,0.0,9.164731995525699e-08,0.20340224507390253,0.17843293584883213,0.10650229454040527,1.3162691914203606e-07,3.945757498513558e-07,1.3438578120194329,0.9957340310562539,64.00960327873844,False,0.10660768178786384
894,24,0.001,0.034588659822475165,0.034588809648994356,0.0,1.496693258218329e-07,0.26431829478721786,0.22916009277105331,0.11606597900390625,1.1341439432044353e-07,4.311014549784886e-07,0.6485031608613903,0.9957340310562539,64.03524637385007,False,0.10207009099030984
895,24,0.001,0.11842080391943455,0.11842104140669107,0.0,2.373642047359681e-07,0.3302278181886811,0.2818613089621067,0.13172586758931476,1.4942553150376625e-07,4.6274467990770063e-07,2.746103474384791,0.9957340310562539,64.05990707084642,False,0.09443436439687503
896,24,0.001,0.1905353907495737,0.19053552267723717,0.0,1.3187736680464468e-07,0.23426822869499364,0.18785053305327892,0.11396622657775879,1.1217262851914711e-07,2.7333740604262857e-07,8.04372076873068,0.9957340310562539,64.08341906032872,False,0.09262524526639027
897,24,0.001,0.215844611171633,0.21584473713301122,0.0,1.2964187057207255e-07,0.24533888530970765,0.20373471081256866,0.10260939598083496,1.6639630473491707e-07,6.200365305630839e-07,1.5816651049144337,0.9957340310562539,64.10572580117143,False,0.10435676968700136
898,24,0.001,0.38610949949361384,0.38610961055383086,0.0,9.946081380718397e-08,0.213515466781014,0.17193897254765034,0.10201160113016763,1.6142924152973137e-07,4.336216647971014e-07,11.554829948554941,0.9957340310562539,64.127853138869,False,0.127056771536445
899,24,0.001,0.1463007261045277,0.1463009063154459,0.0,1.851113466955212e-07,0.29038640798507054,0.26545869186520576,0.12240441640218098,1.95370787992033e-07,6.472323548223358e-07,2.5591038691699706,0.9957340310562539,64.14992614908017,False,0.12819991715878132
900,24,0.001,0.0522608197061345,0.05226097104605287,0.0,1.5105436368401115e-07,0.2572904391504776,0.19949841871857643,0.1138459046681722,2.1772252978280449e-07,4.39282814568287e-07,1.2186567511244,0.9957454069734373,64.17124534895325,False,0.12337430349361966
901,25,0.001,0.11106422625016421,0.11106431798543781,0.0,9.391624988808189e-08,0.21004896667763262,0.17027820646762848,0.10849920908610025,1.4570024120530434e-07,5.658887403114932e-07,2.725973594585491,0.9957454069734373,64.1915728717144,False,0.1265631664900866
902,25,0.001,0.03730645589530468,0.03730654070386663,0.0,8.462737266512477e-08,0.19644656756414391,0.16178773157298565,0.11233806610107422,1.3990535308039398e-07,3.162058135330881e-07,1.5316155496692274,0.9957451699751626,64.21096404248327,False,0.11861273348404211
903,25,0.001,0.019418082607444376,0.01941825042013079,0.0,1.6735859276195697e-07,0.28313759105104946,0.25001509115099907,0.10545198122660318,2.1772252978280449e-07,3.5773675222117163e-07,0.19735908505011412,0.9957454069734373,64.22938640220511,False,0.11573944295378169
904,25,0.001,0.023691398208029568,0.023691521026194096,0.0,1.227248063173647e-07,0.24176950751179793,0.20858952030539513,0.10426855087280273,1.3700790191251144e-07,5.447341777653492e-07,0.6596275510290067,0.9957454069734373,64.24669516862987,False,0.11408055665015127
905,25,0.001,0.05042849574238062,0.05042870808392763,0.0,2.1265871374964718e-07,0.31412057108349306,0.29019762948155403,0.1068754196166992,1.738468853318409e-07,4.435336222741171e-07,2.1317644989997255,0.9957454069734373,64.26312741934102,False,0.10637833569126087
906,25,0.001,0.21699692885158584,0.21699713871930726,0.0,2.0348510076928505e-07,0.29284322146245667,0.23891477286815643,0.11175799369812012,1.0348028922635422e-07,5.26268479461578e-07,3.4467885642795424,0.9957454069734373,64.27864010279903,False,0.11909681528413785
907,25,0.001,0.0624500478443224,0.06245015817694366,0.0,1.101256921209881e-07,0.22042006964150102,0.16609369032084942,0.10179535547892252,1.3783574104309082e-07,5.231571549302316e-07,1.3042197413920846,0.9957454069734373,64.29309851963842,False,0.12210076711016882
908,25,0.001,0.05784376326482743,0.05784386966843158,0.0,1.0653211734990009e-07,0.21114628767813828,0.18191643990576267,0.11218746503194173,2.0199351524752274e-07,4.7441812967008445e-07,3.3846021982361987,0.9957454069734373,64.30630422789982,False,0.11539733410427289
909,25,0.001,0.11338525568135083,0.11338541097939014,0.0,1.560088911389812e-07,0.2586051507395297,0.2324686087667942,0.10445737838745117,1.2914340175029793e-07,6.14000612131349e-07,2.5198783580059225,0.9957454069734373,64.31840204673904,False,0.11479032283205015
910,25,0.001,0.08280428312718868,0.08280446380376816,0.0,1.8391545886231597e-07,0.2849282333827553,0.2289918102324009,0.10779770215352376,1.3576614321664238e-07,2.961907057397184e-07,2.7314021418689998,0.9957454069734373,64.32950679270783,False,0.11780379928859475
911,25,0.001,0.030683422926813364,0.030683622928336263,0.0,2.000576984073632e-07,0.3082072709608488,0.24412954971194267,0.11588231722513834,1.0099675762376137e-07,4.072633714713447e-07,0.7382798203938911,0.9957340310562539,64.3399340367254,False,0.11232021297655592
912,25,0.001,0.08529283851385117,0.08529294579057023,0.0,1.054542817513493e-07,0.2195612411754001,0.1704655233770609,0.11014016469319661,1.1341439432044353e-07,3.0340976309162215e-07,2.4886938694577925,0.9957340310562539,64.34922647459685,False,0.10574255346182326
913,25,0.001,0.02024074853397906,0.02024086005985737,0.0,1.1137571043207117e-07,0.23015244723363237,0.209593765437603,0.10639007886250813,1.216928211533741e-07,8.519143648300087e-07,0.9622484531234404,0.9957340310562539,64.35783151018897,False,0.09351731204696989
914,25,0.001,0.01936362183187157,0.019363734289072454,0.0,1.1248794784535221e-07,0.2294354853960795,0.17128080502152443,0.10829869906107584,1.2665987014770508e-07,3.991828521066054e-07,0.3340258299022119,0.9957340310562539,64.36584601177384,False,0.070595694693111
915,25,0.001,0.19399367540609092,0.19399380881804973,0.0,1.3639812301846632e-07,0.2541591462287016,0.19734210520982742,0.10287022590637207,1.862645149230957e-07,7.823681471563759e-07,2.045840169810557,0.9957340310562539,64.3732112863348,False,0.0735765040244587
916,25,0.001,0.0976036973297596,0.09760382981039584,0.0,1.3139005083928623e-07,0.22962117876099256,0.18629302456974983,0.1063235600789388,1.0679165285409908e-07,3.804121035955177e-07,0.8878257363200023,0.9957340310562539,64.38034508934393,False,0.07641043387593527
917,25,0.001,0.08623246615752578,0.08623257849831134,0.0,1.1226035745437457e-07,0.22290643442017571,0.18132060393691063,0.11605366071065266,2.822942235525261e-07,8.532959441254206e-07,1.057302711404389,0.9957340310562539,64.38707357850623,False,0.07485844887014537
918,25,0.001,0.036419093143194914,0.03641924378462136,0.0,1.5014382093170298e-07,0.26363276113720424,0.22523650527000427,0.11500183741251627,1.4859769237318687e-07,5.773951556875545e-07,0.5871184836864929,0.9957340310562539,64.39347104490236,False,0.0748029886981385
919,25,0.001,0.15140225231880322,0.15140249658725224,0.0,2.426796847920798e-07,0.3183919296950881,0.2784915268421173,0.12022709846496582,1.1838145042020187e-07,3.2303114494425245e-07,2.9712287370922636,0.9957340310562539,64.40003042898333,False,0.08305199930509843
920,25,0.001,0.02610312309116125,0.02610329790331889,0.0,1.7406365593330975e-07,0.2804671146951113,0.2195638082921505,0.10805026690165201,8.940696716308594e-08,3.433843573930062e-07,2.0464407110056184,0.9957340310562539,64.40700265245434,False,0.08320273211029416
921,25,0.001,0.06147637916728854,0.06147658103145659,0.0,2.0018851110137348e-07,0.30130347479975744,0.2740485370159149,0.11208645502726236,6.788307160832119e-08,2.6752019266496063e-07,1.104072225421736,0.9957340310562539,64.41418486195181,False,0.08389322482435091
922,25,0.001,0.009546368150040507,0.009546597953885794,0.0,2.2955300593707761e-07,0.32902670300730374,0.2848965711891651,0.1206971009572347,1.514951435410694e-07,3.488105164706212e-07,0.35001746529508804,0.9957340310562539,64.42140677811642,False,0.07092756478050433
923,25,0.001,0.06052799406461418,0.06052820081822574,0.0,2.0780674603315674e-07,0.3113161991188508,0.2670249082148075,0.11859822273254393,1.8833412696039886e-07,7.820869996066904e-07,3.7200199792454365,0.9957340310562539,64.42963625213524,False,0.07080743641927256
924,25,0.001,0.06897766795009375,0.06897783814929426,0.0,1.7232636473352159e-07,0.26983140116595,0.23940476775169373,0.1099706490834554,1.8874804652568855e-07,3.3803368637563835e-07,2.0308861436045236,0.9957340310562539,64.43905651264743,False,0.07150330546210171
925,25,0.001,0.10012745845597237,0.10012762225233018,0.0,1.6429496341174854e-07,0.27439705640596623,0.20524335280060768,0.1067367394765218,1.4528632164001465e-07,7.064364240250143e-07,1.288390757315573,0.9957340310562539,64.44911108092947,False,0.07067469313551555
926,25,0.001,0.04240647179540247,0.042406629770994186,0.0,1.5790930874004516e-07,0.2654653470337788,0.23515263572335243,0.11107730865478516,2.524919011648308e-07,6.782155992368644e-07,0.6675651406754531,0.9957340310562539,64.45954295525996,False,0.06814982992727892
927,25,0.001,0.0322619240032509,0.03226213110610843,0.0,2.0720732152312848e-07,0.31195639916148266,0.2753239795565605,0.12809284528096515,9.76853939960165e-08,4.4520709252537927e-07,0.7472605692781374,0.9957340310562539,64.4701565489712,False,0.06824848624455626
928,25,0.001,0.13961042510345578,0.13961055409163237,0.0,1.2540290050822023e-07,0.24224732941914165,0.20956812798976898,0.10526688893636067,1.3493828987520828e-07,5.511843710337416e-07,3.921423711834555,0.9957340310562539,64.48102057693752,False,0.07164333540640655
929,25,0.001,0.01658447808586061,0.016584568773396313,0.0,9.067650541538796e-08,0.20620539944960625,0.1748511753976345,0.10439888636271158,1.5811788500741386e-07,2.8565975185301795e-07,0.17678217864484416,0.9957340310562539,64.49173201821513,False,0.07141481850339915
930,25,0.001,0.04701725416816771,0.047017457196488976,0.0,2.034362402980605e-07,0.3114003891399676,0.26590459793806076,0.11800702412923177,1.216928211533741e-07,3.7424226206894673e-07,1.2651258298270756,0.9957340310562539,64.50212054055605,False,0.07314317052441766
931,25,0.001,1.6332362697576173,1.6332364439149387,0.0,2.1442539477334321e-07,0.31928173930726106,0.27070118114352226,0.11744546890258788,1.5894572413799324e-07,3.7275353292898217e-07,16.23141953230738,0.9957340310562539,64.51650031702299,False,0.16309583267138805
932,25,0.001,0.055180872266646475,0.05518107596435584,0.0,2.0197146000100474e-07,0.3099096779337222,0.2714189924299717,0.11131381988525389,1.1796752374948483e-07,3.7932272789475974e-07,0.9732904549990236,0.9957340310562539,64.53491261053959,False,0.16044440610494348
933,25,0.001,0.020961454254575074,0.02096161269582808,0.0,1.5821839838281448e-07,0.2676207804413414,0.2160591259598732,0.10967310269673665,1.6142924152973137e-07,5.063984076514316e-07,0.9745338768974725,0.9957340310562539,64.55586443063555,False,0.15636496786100906
934,25,0.001,0.07617559609934688,0.0761757274158299,0.0,1.3155541367382284e-07,0.2389884021974374,0.21328214183449745,0.11190660794576009,1.1548399925231934e-07,3.1062145922078344e-07,2.935624783723693,0.9957337940579792,64.57844943853766,False,0.15884974929576856
935,25,0.001,0.013369899068493396,0.013370063548791222,0.0,1.640794327073536e-07,0.2783503821239727,0.24231833964586258,0.11485711733500162,1.1010302358727131e-07,4.247554272751586e-07,0.31614288422592374,0.9957340310562539,64.60220297509431,False,0.1502227272176242
936,25,0.001,0.00425064456067048,0.004250799102010205,0.0,1.5454970103689902e-07,0.26937136967941766,0.23587341606616974,0.10641042391459146,9.561578195871334e-08,3.343942864830751e-07,0.16094186348007172,0.9957340310562539,64.62637816443308,False,0.14885694730946852
937,26,0.001,0.016767621971666813,0.016767806140705943,0.0,1.8384819888694892e-07,0.28518283697978364,0.24420831352472305,0.11261804898579915,1.6805198299607582e-07,3.775835750730039e-07,0.5510100398170623,0.9957340310562539,64.65041185260823,False,0.14606264998474217
938,26,0.001,0.1337571752956137,0.13375731802079827,0.0,1.4604732001544107e-07,0.25913640622663675,0.22377992793917656,0.11352936426798502,9.76853939960165e-08,4.349586220087076e-07,2.4727712850911856,0.9957340310562539,64.67429408043164,False,0.1538258254313405
939,26,0.001,0.01768642687238753,0.017686544393654913,0.0,1.1777593922346341e-07,0.23157264559360569,0.1873905397951603,0.108734925587972,1.9247333682415046e-07,7.993309054654674e-07,0.42753722023716667,0.9957340310562539,64.6975085614561,False,0.15114822748182632
940,26,0.001,0.11624459832091816,0.1162447186652571,0.0,1.1988920078920273e-07,0.23505216102550913,0.2006133869290352,0.10304872194925943,1.3121299957674637e-07,5.800534381705802e-07,2.2562469153709346,0.9957340310562539,64.72005896215643,False,0.15410241063000285
941,26,0.001,0.059103420935571194,0.059103593026520684,0.0,1.7239761618270677e-07,0.2821889557579918,0.23073437437415123,0.10979247093200684,1.8874804652568855e-07,6.597093147320265e-07,0.6983540971942553,0.9957340310562539,64.74178784013436,False,0.15153840828497778
942,26,0.001,0.17294342862442136,0.17294352408498526,0.0,9.2497765891153e-08,0.1971161489403259,0.15372036769986153,0.10658510526021321,1.3742182147780113e-07,2.9938487955405435e-07,2.3594840397123216,0.9957340310562539,64.76231647544049,False,0.15969696808679146
943,26,0.001,0.007573767565190792,0.007573878217954189,0.0,1.1069249339357157e-07,0.22511729930591629,0.19676604121923447,0.11250710487365723,1.1507007968702965e-07,2.442503443944588e-07,0.13254113560126476,0.9957340310562539,64.78172701424936,False,0.1581539583094127
944,26,0.001,0.07617420912720263,0.07617433625273407,0.0,1.2886948042023505e-07,0.24687018847105086,0.19671360403299332,0.11021208763122559,1.2665987014770508e-07,3.25744622386992e-07,9.120335485210903,0.9957340310562539,64.80151872262654,False,0.15418919481089688
945,26,0.001,0.0032665132312104106,0.003266727682785131,0.0,2.1446961540050324e-07,0.31748471773470405,0.2701553404331207,0.11164752642313638,2.3262369097665214e-07,8.699918225829606e-07,0.05668523139642112,0.9957340310562539,64.82041009050425,False,0.15335682200748124
946,26,0.001,0.018041002796962857,0.018041190574876964,0.0,1.874389727873904e-07,0.28721113926913494,0.25046998634934425,0.11542725563049315,1.2500419188654632e-07,2.203851465765183e-07,0.41572295293968686,0.9957340310562539,64.83819550165126,False,0.15154580629678094
947,26,0.001,0.007341957534663379,0.007342138793319464,0.0,1.813711918430272e-07,0.2879334188558679,0.24718447402119637,0.1147015889485677,1.1217262851914711e-07,3.118649090083636e-07,0.14287408167499796,0.9957340310562539,64.8549166216246,False,0.04992741178284632
948,26,0.001,0.24968229257501662,0.24968244787305593,0.0,1.4812401616381976e-07,0.2610434909083078,0.21428147330880165,0.10494176546732584,1.2748770927828446e-07,4.5113529267837293e-07,5.746226125707301,0.9957340310562539,64.8705300871529,False,0.062083750552119454
949,26,0.001,0.06528428848832846,0.06528440490365028,0.0,1.1732010030129914e-07,0.23244765442582,0.16482137702405453,0.10531155268351236,1.1465616012173996e-07,2.764278974609624e-07,1.6482825401012164,0.9957340310562539,64.88566890827956,False,0.06485392769172904
950,26,0.001,0.011574259726330638,0.011574439704418182,0.0,1.8005121127373513e-07,0.28919683375279254,0.23600512742996216,0.11455313364664713,1.862645149230957e-07,3.8940328295211657e-07,0.15708141045239762,0.9957340310562539,64.90006189050852,False,0.060816344168415526
951,26,0.001,0.03854927746579051,0.038549399469047785,0.0,1.2253747172508156e-07,0.24087820138425786,0.18820153921842575,0.10739358266194661,1.6639630473491707e-07,8.892067171473172e-07,1.7326223528236928,0.9957340310562539,64.91358733892581,False,0.062390055318246596
952,26,0.001,0.20192996371770278,0.20193016264238395,0.0,1.9348405722041662e-07,0.2985533359127483,0.2633788138628006,0.11330135663350423,1.2831556261971855e-07,6.627954007853987e-07,5.58981543288677,0.9957340310562539,64.92644168402583,False,0.07474501276556111
953,26,0.001,0.08041556878015399,0.08041568199405447,0.0,1.1548507838909927e-07,0.2204550166276037,0.18762544728815556,0.10746041933695474,1.6598238516962738e-07,4.518201706105174e-07,0.9463851701719305,0.9957340310562539,64.93973779094236,False,0.07872300944109156
954,26,0.001,0.05208128201775253,0.052081378409639,0.0,9.681892887414278e-08,0.20820292667011986,0.17265142686665058,0.10620498657226562,1.7467472446242027e-07,3.924347993233823e-07,0.6291860435515121,0.9957340310562539,64.95312833846744,False,0.07361826611122524
955,26,0.001,0.09655544254928827,0.09655556664802134,0.0,1.2181079789286287e-07,0.22636879994001138,0.1822385061532259,0.10898137092590332,1.473559336773178e-07,5.466854418045841e-07,4.193910303384598,0.9957340310562539,64.96661390236686,False,0.07854757959103154
956,26,0.001,0.129346486995928,0.12934658431913704,0.0,9.479195384187733e-08,0.2117278438237081,0.17082466185092926,0.10709985097249348,1.0058283805847168e-07,4.5876527110522147e-07,4.343074822173891,0.9957340310562539,64.97981211940264,False,0.07936644763321965
957,26,0.001,0.08947006659582257,0.08947023388464004,0.0,1.6648926415285814e-07,0.2731942918827711,0.2278883457183838,0.10578409830729166,1.3990535308039398e-07,5.607814159702684e-07,1.864468603952326,0.9957340310562539,64.99258069399292,False,0.08126436298698536
958,26,0.001,0.02759871620219201,0.027598856948316097,0.0,1.4051039620710526e-07,0.25850116806235635,0.21531496942043304,0.10740494728088379,1.2086498202279472e-07,6.197447532940714e-07,0.7322847567383685,0.9957340310562539,65.00488865872687,False,0.07218031846059603
959,26,0.001,0.059793257038109004,0.05979340977501124,0.0,1.5288588706141581e-07,0.26860439758402954,0.20792169123888016,0.11357712745666504,1.697076754680893e-07,2.3175118712970288e-07,0.9458579556054884,0.9957340310562539,65.01680300432557,False,0.07544403655265342
960,26,0.001,0.01303762593306601,0.01303779089357704,0.0,1.6485636500362943e-07,0.2730029171274993,0.21985627338290215,0.11956071853637695,6.912483030419025e-08,4.4351239125717257e-07,0.5079921927942282,0.9957340310562539,65.02812388044957,False,0.07149800010301988
961,26,0.001,0.1338853759225458,0.13388552144169807,0.0,1.4868221143160554e-07,0.25282820361312935,0.19477828405797482,0.10900481541951497,1.738468853318409e-07,4.554723886940337e-07,1.9049052312143346,0.9957340310562539,65.0387665908134,False,0.07966167902122834
962,26,0.001,0.2571393121033907,0.25713937543332577,0.0,6.175667621732828e-08,0.16459553998948048,0.13456892408430576,0.10709667205810547,1.2831556261971855e-07,3.6848416584689403e-07,3.473738871899121,0.9957340310562539,65.04839365213509,False,0.09460532335288008
963,26,0.001,0.053013333119452,0.05301347060594708,0.0,1.3889643213360614e-07,0.24993222575621055,0.20842648670077324,0.10219987233479817,1.6349885356703453e-07,1.0026495829151827e-06,0.8371657387195179,0.9957340310562539,65.05748151815594,False,0.09745978432692937
964,26,0.001,0.036318764090538025,0.03631888248492032,0.0,1.1756037654464535e-07,0.22623209673908973,0.17473739013075829,0.11165277163187662,1.2872948218500824e-07,5.295512437442085e-07,0.5581004318249334,0.9957340310562539,65.06594489263256,False,0.08412456379664945
965,26,0.001,0.01474485406652093,0.0147450229851529,0.0,1.6888038700813013e-07,0.2801704990868662,0.23539042472839355,0.11685872077941895,1.1962320911607094e-07,4.214000739466428e-07,0.214460836014084,0.9957340310562539,65.07389146642666,False,0.08096584914528648
966,26,0.001,0.041534739546477795,0.04153488436713815,0.0,1.4446470331108685e-07,0.257135900373365,0.19316915795207024,0.11647987365722656,8.609559642991371e-08,3.9052261513461417e-07,0.45027017306534484,0.9957340310562539,65.08121917498681,False,0.08283837913404568
967,26,0.001,0.007757531013339758,0.007757662853691727,0.0,1.31970201877607e-07,0.24981448567035563,0.21155525743961334,0.10404062271118164,1.6763806343078613e-07,9.351859944217722e-07,0.18462311795108954,0.9957340310562539,65.08804364115709,False,0.08091389498076751
968,26,0.001,0.05371120118070394,0.05371136369649321,0.0,1.617258789110565e-07,0.27751493274690753,0.23338954895734787,0.11220105489095052,8.899304759779625e-08,3.9286118180825724e-07,0.6081278876964916,0.9957340310562539,65.09433177599726,False,0.07165022232220508
969,26,0.001,0.23287193244323134,0.2328720388468355,0.0,1.1405112410045604e-07,0.22904167159830643,0.19514856860041618,0.10537036259969075,1.1962320911607094e-07,5.723589993067435e-07,8.841820317300163,0.9957340310562539,65.09676686404171,False,0.08117874505114742
970,26,0.001,0.11407831963151693,0.11407851055264473,0.0,1.888494587376499e-07,0.3007074988527456,0.2589872479438782,0.1106560230255127,1.4404456294414558e-07,6.174815325721283e-07,4.295570119581179,0.9957340310562539,65.09997720051022,False,0.08505355990200769
971,26,0.001,0.028529245406389236,0.028529338509542868,0.0,9.247877397200455e-08,0.20445297177273392,0.17445439472794533,0.10759170850118001,1.2872948218500824e-07,4.7594846819265513e-07,1.1006113732932743,0.9957454069734373,65.1036663497803,False,0.0808019225805765
972,26,0.001,0.023149145068600774,0.023149272718001157,0.0,1.2752717992725593e-07,0.2428128191571281,0.1951533891260624,0.11036268870035806,1.7633040272357903e-07,5.559011810873926e-07,0.37696940661043415,0.9957454069734373,65.10762766930107,False,0.07416458871011855
973,27,0.001,0.7991255148663186,0.7991256598033942,0.0,1.3985116886772175e-07,0.24813612114421296,0.21230091340839863,0.11308844884236653,1.2665987014770508e-07,4.849034098697302e-07,10.236012473224449,0.9957454069734373,65.11348431938796,False,0.11851805422702455
974,27,0.001,0.009802789660170674,0.009802946005947888,0.0,1.5634989480872719e-07,0.26782317856310356,0.2391618900001049,0.11162535349527994,9.520186239342365e-08,2.584258709248388e-07,0.19727594463358028,0.9957454069734373,65.1231970685725,False,0.11740580881814822
975,27,0.001,0.06972818402573466,0.06972838006913662,0.0,1.9511933402327486e-07,0.3016877488136125,0.2650967240333557,0.11479600270589192,1.063777332888094e-07,6.474931524280692e-07,3.0368520386078472,0.9957454069734373,65.13632442981785,False,0.11802674175487482
976,27,0.001,0.024270108435302973,0.024270255817100406,0.0,1.4765412270634215e-07,0.24759418094607005,0.18449372611939907,0.10673340161641438,1.423888704721321e-07,4.15345937199163e-07,0.6280836377797555,0.9957454069734373,65.15124646368119,False,0.11872877191126463
977,27,0.001,0.07841130695305765,0.07841152930632234,0.0,2.2253845344266665e-07,0.31760679810712095,0.28092077001929283,0.11899940172831217,1.1920928955078125e-07,3.6089124932914274e-07,0.8903629739437966,0.9957454069734373,65.16739477940818,False,0.11526164260067162
978,27,0.001,0.017838974366895854,0.017839087639003992,0.0,1.1343350259096496e-07,0.22997758383667646,0.2009822390973568,0.11216576894124348,9.644362819472008e-08,3.57553858520987e-07,0.7543850507924087,0.9957454069734373,65.18409917520319,False,0.1003053714921407
979,27,0.001,0.08419286407297477,0.08419301160029136,0.0,1.4898250810801983e-07,0.264835790855395,0.21002959832549095,0.11247698465983072,1.2252066028395348e-07,3.2309526432072744e-07,2.61350608825214,0.9957454069734373,65.20135140001986,False,0.10225409217673587
980,27,0.001,0.012394200515700504,0.012394335702992976,0.0,1.3522546460364993e-07,0.2514807430562734,0.2182268276810646,0.11405738194783528,8.775128179649982e-08,3.479601105027541e-07,0.40320591662016414,0.9957454069734373,65.21834586463423,False,0.10075880695330852
981,27,0.001,0.3387029041768983,0.3387030179146677,0.0,1.0651451010090796e-07,0.2193898653315594,0.18878412619233131,0.10967453320821124,1.1672576505361576e-07,5.244745580057497e-07,9.455516141011032,0.9957454069734373,65.23568492226387,False,0.12100618508520711
982,27,0.001,0.033737086690962315,0.033737216086592525,0.0,1.2928821924163003e-07,0.24485894566765407,0.2064761035144329,0.10879786809285481,2.0530488598069496e-07,5.404019134402915e-07,1.3989535431174922,0.9957454069734373,65.25260492256643,False,0.12051883178173739
983,27,0.001,0.018546225677710027,0.018546453560702503,0.0,2.2793227572037722e-07,0.3271819463603669,0.2811192236840725,0.12552873293558756,1.8046962679818535e-07,7.121633984752407e-07,0.23073225943687145,0.9957454069734373,65.26892521132949,False,0.12119312519826053
984,27,0.001,0.047934338450431824,0.04793452360900119,0.0,1.8449548377930114e-07,0.28574627532445407,0.2482687532901764,0.10744762420654297,1.0348028922635422e-07,2.1409179851161753e-07,0.8099261169380614,0.9957454069734373,65.2845975379581,False,0.12083207127761852
985,27,0.001,0.014580456772819161,0.01458059498691,0.0,1.382787626624804e-07,0.2484584191694999,0.2187032736837864,0.11496353149414062,1.043081283569336e-07,2.018092430944307e-07,0.16778767375541384,0.9957454069734373,65.29945808799164,False,0.10718885404821776
986,27,0.001,0.003389233024790883,0.0033893975050887093,0.0,1.644878846462916e-07,0.2775911986076693,0.223250824958086,0.10336669286092122,1.3742182147780113e-07,5.043941087023995e-07,0.06300232234077882,0.9957454069734373,65.31346918604659,False,0.10027078613529739
987,27,0.001,0.030022470047697425,0.030022636521607637,0.0,1.667268776373021e-07,0.28226489407264455,0.24208690971136093,0.11046997706095377,1.5811788500741386e-07,6.339039941849478e-07,0.8319069922530961,0.9957454069734373,65.32671709086449,False,0.10036411267537915
988,27,0.001,0.08141128980787471,0.08141145572881214,0.0,1.6641562616825922e-07,0.2802432861960009,0.21279864013195038,0.11346014340718587,1.0927518445669193e-07,3.6525602808978874e-07,2.9060623835340884,0.9957454069734373,65.33917068959796,False,0.10400549672158377
989,27,0.001,0.10590706020593643,0.10590720921754837,0.0,1.458017617750329e-07,0.2582520456472036,0.20893854275345802,0.11601678530375162,1.5811788500741386e-07,4.4531299181471695e-07,3.852407053625937,0.9957454069734373,65.3505665818942,False,0.060679343305309885
990,27,0.001,0.13008051001816057,0.13008073008677457,0.0,2.2041889380375324e-07,0.3167868607410699,0.2745567485690117,0.11791698137919107,1.0761949909010582e-07,3.069668252919655e-07,1.9167691106911908,0.9957340310562539,65.36192137267582,False,0.06819670082768425
991,27,0.001,0.011355531634762883,0.011355710827047005,0.0,1.790491523934179e-07,0.28850172133291224,0.2273649498820305,0.10431631406148274,1.3576614321664238e-07,6.614094445467344e-07,0.3504233600847942,0.9957340310562539,65.37308386478807,False,0.06454841005324852
992,27,0.001,0.14049833780154586,0.1404985236003995,0.0,1.8704624338283793e-07,0.2864419664295744,0.23694347217679024,0.1101988156636556,1.216928211533741e-07,3.7541724395850906e-07,2.0741217216143744,0.9957340310562539,65.38386854587142,False,0.0718126743886387
993,27,0.001,0.06702923402190208,0.06702938035596162,0.0,1.467383192732541e-07,0.261305978015699,0.22135385870933533,0.11591116587320963,1.7467472446242027e-07,7.661905669920088e-07,0.8037346217608559,0.9957340310562539,65.39417078544858,False,0.07110129483044147
994,27,0.001,0.024530925787985325,0.02453110320493579,0.0,1.7698491916462444e-07,0.2849949664088197,0.24536549672484398,0.11431344350179036,1.5811788500741386e-07,3.0897837177690235e-07,0.7074337980237594,0.9957340310562539,65.40410839978536,False,0.07151954179425957
995,27,0.001,0.017028275760821998,0.017028497211867943,0.0,2.2124564225123322e-07,0.32444188627906007,0.29307521134614944,0.11275394757588704,2.168946764413704e-07,4.0377435084337776e-07,0.43563288877020656,0.9957340310562539,65.41352653256129,False,0.06732175502475002
996,27,0.001,0.039110308047384024,0.03911042446270585,0.0,1.1617830253385364e-07,0.22825546409009845,0.1759549044072628,0.10370604197184244,1.5480651427424164e-07,2.190748205066484e-07,0.589666518916701,0.9957340310562539,65.42235024195499,False,0.06899151174548024
997,27,0.001,0.05921450350433588,0.059214621782302856,0.0,1.1998320204043011e-07,0.23853375471250787,0.17499659582972527,0.10277493794759114,1.1507007968702965e-07,3.807152779700118e-07,0.8201908392789834,0.9957340310562539,65.43072977517517,False,0.05152348670344509
998,27,0.001,0.040864253882318735,0.04086449439637363,0.0,2.4150241628717595e-07,0.33858253364016805,0.2871333584189415,0.11108883221944173,1.1920928955078125e-07,2.855157674730435e-07,0.8828668585702638,0.9957340310562539,65.43842678799119,False,0.05196893465290486
999,27,0.001,0.4401786419330165,0.44017880666069686,0.0,1.6718405149163118e-07,0.28158730169720514,0.2292349934577942,0.10741424560546875,9.354617702683754e-08,4.181010524462181e-07,7.574871876778017,0.9957340310562539,65.4465750758619,False,0.07832096066886152
1000,27,0.001,0.07501473813317716,0.07501489063724875,0.0,1.5211094961387062e-07,0.2662961684362527,0.23638921603560448,0.10969813664754231,1.6805198299607582e-07,5.735129207096179e-07,0.8629830948767133,0.9957340310562539,65.45631601021488,False,0.0800134856490331
1001,27,0.001,0.03248841059394181,0.03248858533333987,0.0,1.737507560051199e-07,0.2776210907897588,0.22906223312020302,0.11216680208841959,1.2417633854511223e-07,4.686235115514137e-07,2.56214219907172,0.9957340310562539,65.46700824326291,False,0.08113273276285327
1002,27,0.001,0.056145657785236835,0.05614585289731622,0.0,1.9597440470420224e-07,0.30432362435605953,0.28384581580758095,0.11053220431009927,1.4404456294414558e-07,3.554987415554933e-07,1.0282362060514139,0.9957340310562539,65.47841181232728,False,0.08443000931038114
1003,27,0.001,0.05492510483600199,0.05492525908630341,0.0,1.539791956162162e-07,0.27023718617770776,0.2342475764453411,0.10345729192097981,1.1796752374948483e-07,2.2733405558028608e-07,1.6016851038004145,0.9957340310562539,65.48993229464196,False,0.08598642398465017
1004,27,0.001,0.01581908145453781,0.01581932356930338,0.0,2.4245052898663744e-07,0.3343079592275418,0.30137205123901367,0.1208054224650065,1.1134478938856773e-07,2.3017071271169698e-07,0.47304785553840667,0.9957340310562539,65.50143412560962,False,0.08188691096256662
1005,27,0.001,0.08263019504374824,0.08263030889793299,0.0,1.1776323294299118e-07,0.2310016085103687,0.19755429029464722,0.10768016179402669,1.7881393432617188e-07,3.589548498439399e-07,1.6154433419031409,0.9957340310562539,65.51258577204227,False,0.08043210688992986
1006,27,0.001,0.1335676871240139,0.133567858079914,0.0,1.7328363899338228e-07,0.27435483308504494,0.21287312172353268,0.10234061876932779,1.4652808033588371e-07,5.180594939702132e-07,4.917212130989403,0.9957340310562539,65.5230195206075,False,0.08065005545904569
1007,27,0.001,0.04525762639241293,0.04525774123612791,0.0,1.1512127962021168e-07,0.2314743905729678,0.19097531586885452,0.11034878094991048,2.3510720836839027e-07,5.990241334075108e-07,0.9513554735689499,0.9957340310562539,65.53325769742428,False,0.08276893638139882
1008,27,0.001,0.029172516777180135,0.029172684211516753,0.0,1.6671591396288932e-07,0.2770574315410149,0.24708298593759537,0.11795171101888019,1.0886126489140224e-07,5.199447059567319e-07,0.731532789770784,0.9957340310562539,65.54309513014121,False,0.07581107256737596
1009,28,0.001,0.1169577098917216,0.11695782112656161,0.0,1.1388847021009951e-07,0.2293440576476088,0.20763657987117767,0.11152617136637369,1.5729003166597977e-07,2.6895810378846363e-07,4.163715242182711,0.9957340310562539,65.55247455005572,False,0.07893160230923968
1010,28,0.001,0.28049653116613626,0.28049666876904666,0.0,1.468734929233051e-07,0.26445271819636734,0.19374099373817444,0.10624066988627115,1.4570024120530434e-07,6.115505470916105e-07,6.988637561836243,0.9957340310562539,65.56356543417226,False,0.09492945264537411
1011,28,0.001,0.05480360775254667,0.054803826205898076,0.0,2.1951399453712384e-07,0.31879384132505645,0.2724853344261646,0.11540476481119791,1.3286869204875984e-07,4.2778918896146934e-07,2.3495175806581194,0.9957340310562539,65.5759186737369,False,0.0972904108948569
1012,28,0.001,0.012702337407972664,0.012702542298939079,0.0,2.0450127102833449e-07,0.3027993934123334,0.24639051407575607,0.10659782091776529,1.6142924152973137e-07,4.899424084214843e-07,0.2424152264598877,0.9957340310562539,65.58876853116256,False,0.0956399127298937
1013,28,0.001,0.020070286002010107,0.020070445782039315,0.0,1.599362384752112e-07,0.2725088072452965,0.23388341069221497,0.10531981786092122,1.2914340175029793e-07,3.99947509777121e-07,0.35637783438437043,0.9957340310562539,65.60177489857823,False,0.09319339913599833
1014,28,0.001,0.11525152251124382,0.11525173450354487,0.0,2.1349243262136497e-07,0.30983205163200456,0.2802227586507797,0.10934384663899739,1.1507007968702965e-07,2.0738580985835142e-07,3.3969357875780304,0.9957340310562539,65.61459885272852,False,0.09784260342530615
1015,28,0.001,0.03293058951385319,0.032930710818618536,0.0,1.206987443325147e-07,0.23233894410054576,0.20391275361180305,0.11154770851135254,1.059638137235197e-07,3.286746732555912e-07,0.6457591781405985,0.9957340310562539,65.6276056530405,False,0.07238960014910845
1016,28,0.001,0.029474769835360348,0.02947492551174946,0.0,1.5587407720119018e-07,0.25969277559437576,0.21613642200827599,0.11601249376932779,8.775128179649982e-08,2.2243676767175202e-07,0.5699070181946924,0.9957340310562539,65.6404568619423,False,0.0695433521304949
1017,28,0.001,0.006813501910073683,0.006813734071329236,0.0,2.3212644961745355e-07,0.32778608695785266,0.2882252708077431,0.120712677637736,1.2665987014770508e-07,2.864986754502752e-07,0.24886937425117922,0.9957340310562539,65.65301718900095,False,0.06793867033775314
1018,28,0.001,0.004726542392745614,0.0047267909394577146,0.0,2.484921814982499e-07,0.3431863539595936,0.297646664083004,0.127197265625,1.2748770927828446e-07,3.3646114161456353e-07,0.21646114579255624,0.9957454069734373,65.66511184979366,False,0.06472497562572244
1019,28,0.001,0.010528159094974399,0.010528345737839118,0.0,1.864426906195149e-07,0.28730369570154196,0.21203210949897766,0.11727738380432128,1.2417633854511223e-07,3.5081103533229907e-07,0.2587636406401341,0.9957454069734373,65.67659913515453,False,0.06195016651690821
1020,28,0.001,0.03141810279339552,0.031418268103152514,0.0,1.6549256187659012e-07,0.27324309336587216,0.20566261187195778,0.11331836382548013,2.0033783698636398e-07,2.6995687107955746e-07,0.4297762202589274,0.9957454069734373,65.68746477196242,False,0.06292510535058682
1021,28,0.001,0.01941293344134465,0.01941309100948274,0.0,1.569097243248052e-07,0.26624995873571294,0.22692377865314484,0.10916670163472493,8.692344266592045e-08,2.6446201673024916e-07,0.5918841928743354,0.9957454069734373,65.69768899962526,False,0.058974026500436594
1022,28,0.001,0.06031625345349312,0.060316371731460094,0.0,1.1711791714219544e-07,0.23058702177051857,0.17539061605930328,0.10822025934855142,1.1920928955078125e-07,2.609276634757407e-07,1.6845160153177705,0.9957454069734373,65.70724332860877,False,0.054395811896029045
1023,28,0.001,0.022035874193534255,0.022036052621842828,0.0,1.784279142214018e-07,0.28872177964519913,0.2502460852265358,0.1223607063293457,1.1631184548832607e-07,2.984056095556298e-07,0.23278124136750356,0.9957454069734373,65.71618482680718,False,0.05294445238359913
1024,28,0.001,0.035632621962577105,0.03563279414083809,0.0,1.722133333714737e-07,0.2843772675994097,0.2523120455443859,0.11296423276265462,1.0761949909010582e-07,4.623318261565146e-07,0.7616811690801975,0.9957454069734373,65.72453983648376,False,0.05334820895768644
1025,28,0.001,0.2039807435066905,0.20398088623187505,0.0,1.42519305690314e-07,0.2550591853528296,0.2474098764359951,0.10839223861694336,1.2748770927828446e-07,3.184091497132613e-07,4.267257564191956,0.9957454069734373,65.73280149879534,False,0.05878714855862199
1026,28,0.001,0.022556968266144395,0.022557116812095046,0.0,1.4874960463373554e-07,0.2642863691587501,0.22488687187433243,0.11430827776590982,8.857912803250656e-08,3.1959751822796534e-07,0.39632554639114703,0.9957454069734373,65.74143026318927,False,0.0426659258773725
1027,28,0.001,0.13574347458779812,0.1357436568941921,0.0,1.807555669586236e-07,0.2903725173881766,0.2533145062625408,0.10878984133402506,1.3990535308039398e-07,3.5774806406152493e-07,2.4043683335443577,0.9957454069734373,65.74941982245679,False,0.04772466755457572
1028,28,0.001,0.023348716204054654,0.023348911432549357,0.0,1.9564468090038645e-07,0.3058866568545411,0.26374292373657227,0.10793749491373697,1.7715825606501312e-07,3.4002357551798923e-07,0.5173429222541502,0.9957454069734373,65.75757746832161,False,0.04839006622933084
1029,28,0.001,0.26471144042443484,0.264711607422214,0.0,1.7009173092219498e-07,0.284624308571974,0.24645057320594788,0.10816121101379395,1.1341439432044353e-07,2.9883960905863205e-07,3.794932046819567,0.9957454069734373,65.76604925070718,False,0.06368013838073239
1030,28,0.001,0.025693972798762843,0.0256941351108253,0.0,1.6232716948394454e-07,0.2712399185262247,0.23530088737607002,0.111160675684611,1.9785430538377113e-07,5.651726837641036e-07,0.8475879272127704,0.9957454069734373,65.77457432459258,False,0.058082791523702326
1031,28,0.001,0.00969087379053235,0.009691023267805576,0.0,1.495174704047031e-07,0.2625026539974879,0.21635693684220314,0.10957328478495279,1.1755360418419514e-07,4.7564654437337595e-07,0.13302099097662096,0.9957454069734373,65.78302303555087,False,0.056630309290994774
1032,28,0.001,0.09819874740787782,0.09819897726993077,0.0,2.3249141278824936e-07,0.33150643734981994,0.27188461273908615,0.11160024007161458,1.1631184548832607e-07,3.6091378774472105e-07,3.678338616356482,0.9957454069734373,65.79140378844264,False,0.060925557889277115
1033,28,0.001,0.03174593293806538,0.031746107270009816,0.0,1.751420803941528e-07,0.28336009983239285,0.2526126615703106,0.11166882514953613,1.945429346505989e-07,3.764430402952712e-07,1.3030680062595426,0.9957454069734373,65.79997734984761,False,0.0624838348285266
1034,28,0.001,0.003580229473300278,0.003580444106773939,0.0,2.1465427835209994e-07,0.31189411600390404,0.2730434462428093,0.11191248893737793,1.1507007968702965e-07,7.390680138996686e-07,0.07179267561524509,0.9957454069734373,65.80855182676993,False,0.06241219027106126
1035,28,0.001,0.07700083317467943,0.07700102977105416,0.0,2.0029485625627785e-07,0.30319276017411223,0.2606123350560665,0.11531384785970052,9.934107225717526e-08,2.117972996984463e-07,1.2218817184987572,0.9957454069734373,65.81714038971589,False,0.06656673240104283
1036,28,0.001,0.08679941610898823,0.08679961401503533,0.0,1.9725033872930453e-07,0.29618913252515155,0.2519584037363529,0.1125492254892985,9.023481339909267e-08,3.229761205147952e-07,1.311527097527531,0.9957454069734373,65.82557635197092,False,0.07002806448326737
1037,28,0.001,0.03471312238252722,0.0347132987662917,0.0,1.764315040730935e-07,0.2793984797647327,0.23879784904420376,0.10587795575459798,1.1134478938856773e-07,3.69205793049332e-07,0.6814159892453131,0.9957454069734373,65.83373854043982,False,0.07098432629209128
1038,28,0.001,0.0329144352581352,0.03291456098668277,0.0,1.2516860437017385e-07,0.24205843212947892,0.20168495550751686,0.10175077120463052,9.602970862943039e-08,5.406134278018726e-07,0.48374128884501283,0.9957454069734373,65.8416598532729,False,0.06927171265488141
1039,28,0.001,0.12019556341692805,0.12019566586241126,0.0,1.0294349550576953e-07,0.21808108129945392,0.18525364249944687,0.10796062151590982,8.775128179649982e-08,4.7213927700795466e-07,2.149047160769709,0.9957454069734373,65.84935239237562,False,0.07540669323134352
1040,28,0.001,0.15836317627690732,0.15836334857158363,0.0,1.7297434062868433e-07,0.2799970665314625,0.2527284435927868,0.11443440119425455,1.4652808033588371e-07,3.085127957547229e-07,6.263133673540409,0.9957454069734373,65.85592542870565,False,0.08307735287598916
1041,28,0.001,0.028397472924552858,0.028397657559253275,0.0,1.8526462053358728e-07,0.27972188679766746,0.24944673478603363,0.11318532625834146,1.523229826716488e-07,4.2719204884633655e-07,0.6539626862646551,0.9957454069734373,65.86227386301753,False,0.07210339846460556
1042,28,0.001,0.020471144001930952,0.02047140058130026,0.0,2.568779642331265e-07,0.34433916011434673,0.3156982585787773,0.11348636945088704,1.4487240207472496e-07,2.103999747760099e-07,0.4976423916015725,0.9957454069734373,65.86846056733373,False,0.07197303444809222
1043,28,0.001,0.02791587170213461,0.027916016522794962,0.0,1.446968385110381e-07,0.2548363287528594,0.2223561741411686,0.11574474970499674,1.55634353404821e-07,2.847289124474628e-07,0.5045955133876878,0.9957454069734373,65.87435347851041,False,0.06523380926773825
1044,28,0.001,0.030746387550607324,0.030746643053134903,0.0,2.5486797738949463e-07,0.3410480138180386,0.30619989708065987,0.11347484588623047,1.8792020739510917e-07,4.24713391566911e-07,1.2418342344667102,0.9957454069734373,65.88004675420628,False,0.0656961637268978
1045,29,0.001,0.010964672896079719,0.010964805376715958,0.0,1.3215134231359116e-07,0.24874786502511767,0.20263200253248215,0.11330858866373697,1.3204085291818046e-07,4.083407247890136e-07,0.33931988505983535,0.9957454069734373,65.88551853971344,False,0.0498369907563756
1046,29,0.001,0.021267006784910336,0.021267222618917003,0.0,2.1600410171629392e-07,0.3156881547509499,0.2799480967223644,0.12535675366719562,1.341104507446289e-07,3.638792236415611e-07,0.5994469600203027,0.9957454069734373,65.89069701036068,False,0.04956030538050982
1047,29,0.001,0.023473407491110265,0.023473652778193355,0.0,2.45155522549112e-07,0.3383576113301655,0.2768367677927017,0.11361225446065266,1.0927518445669193e-07,3.116906555078458e-07,0.8175507883491187,0.9957454069734373,65.8956173075967,False,0.05042171373679594
1048,29,0.001,0.02113982173614204,0.021139986347407103,0.0,1.6453623175038956e-07,0.2762441432545451,0.24804120138287544,0.10721842447916666,1.059638137235197e-07,4.41051298594175e-07,0.5430006814857822,0.9957454069734373,65.90030366402152,False,0.04560553088231245
1049,29,0.001,0.02664749207906425,0.026647658552974463,0.0,1.663787596584143e-07,0.27459576284905346,0.22631749510765076,0.10984969139099121,8.195638656616211e-08,2.851474505405349e-07,0.4748677880095773,0.9957454069734373,65.90477629056691,False,0.04528687832862488
1050,29,0.001,0.018710748059675097,0.01871092984220013,0.0,1.81437503243842e-07,0.28676447812553546,0.2535215225070715,0.11979381243387857,9.437402326284428e-08,2.380065211582405e-07,0.5206768179512329,0.9957454069734373,65.9090184205359,False,0.046232535740273306
1051,29,0.001,0.1058748175855726,0.10587500815745443,0.0,1.9201823420189612e-07,0.29961892235514787,0.2517651841044426,0.10962565739949544,1.4818377280789718e-07,5.921700108046934e-07,2.9705302919169903,0.9957454069734373,65.91336935822471,False,0.04803715976595413
1052,29,0.001,0.026070700492709875,0.026070880354382098,0.0,1.8029309600819943e-07,0.28751837113835943,0.2529716491699219,0.1123647689819336,1.0720557952481613e-07,5.084963277113275e-07,0.33852196500661574,0.9957454069734373,65.91760583528571,False,0.04424161503993673
1053,29,0.001,0.06403515726560727,0.06403535173740238,0.0,1.938779323751305e-07,0.29107380454817305,0.25779200345277786,0.10970536867777506,1.0306636255563717e-07,3.28554676798376e-07,0.7129926685031526,0.9957454069734373,65.92169179481542,False,0.046074242220129236
1054,29,0.001,0.03148164215963334,0.031481778278248385,0.0,1.362388193371089e-07,0.251901934509228,0.20967422425746918,0.11336843172709146,1.423888704721321e-07,4.129992703383323e-07,0.9209259988418621,0.9957454069734373,65.92561283801398,False,0.04598469265147287
1055,29,0.001,0.03386057703755796,0.03386070765554905,0.0,1.3063825754500158e-07,0.24826493393197516,0.18749699741601944,0.10350497563680013,1.3783574104309082e-07,4.3279536043883127e-07,1.2590589676441293,0.9957454069734373,65.9293459198532,False,0.04058875600276224
1056,29,0.001,0.00678740901639685,0.006787632359191775,0.0,2.231352631554273e-07,0.3223263251546737,0.30168314278125763,0.10932731628417969,1.063777332888094e-07,4.89568435568799e-07,0.11935859964310098,0.9957454069734373,65.93290335706908,False,0.031115270548980334
1057,29,0.001,0.07459850248415023,0.07459869090234861,0.0,1.907210407381399e-07,0.2898286395577687,0.26197443157434464,0.11477597554524739,1.5729003166597977e-07,4.515894715950708e-07,1.0162389573136894,0.9957454069734373,65.93647635174777,False,0.03400283489645517
1058,29,0.001,0.0057231181126553565,0.005723355308873579,0.0,2.3714468611046868e-07,0.33377229604773306,0.2914457768201828,0.11971513430277506,1.212789015880844e-07,3.8560290249733953e-07,0.11398927102063909,0.9957454069734373,65.93990907774328,False,0.033081083278375445
1059,29,0.001,0.09506077226251364,0.0950609091669321,0.0,1.337786574850952e-07,0.2498446162536269,0.20694127306342125,0.11425622304280598,1.2831556261971855e-07,6.497531330751372e-07,1.8149501612580696,0.9957454069734373,65.94290832275202,False,0.037277639563399134
1060,29,0.001,0.2829680838040076,0.28296824655262753,0.0,1.5012145659909493e-07,0.26403525278914536,0.24295536056160927,0.11409473419189453,1.1672576505361576e-07,1.968283243058977e-07,13.183519640902025,0.9957454069734373,65.94645893579883,False,0.05304149557923665
1061,29,0.001,0.009366311744088307,0.00936647443450056,0.0,1.6288660020791212e-07,0.2742137338436093,0.24528159573674202,0.12024466196695963,1.2914340175029793e-07,1.786733605513291e-07,0.17388937583852798,0.9957454069734373,65.95052539765983,False,0.05294159800723719
1062,29,0.001,0.02476615458726883,0.024766325834207237,0.0,1.7099615234883458e-07,0.2783758842495862,0.23956602066755295,0.11342477798461914,1.2831556261971855e-07,2.996353600792645e-07,0.5899059261429651,0.9957454069734373,65.95491896286099,False,0.053160294744884595
1063,29,0.001,0.0011780986678786576,0.0011783325608121231,0.0,2.3391865155986125e-07,0.33167285325361473,0.2783828638494015,0.11264673868815103,1.3162691914203606e-07,5.2097868774581e-07,0.029584679286820632,0.9957454069734373,65.9594695033754,False,0.05176683794343262
1064,29,0.001,0.00702923905919306,0.007029470842098817,0.0,2.3197722853751657e-07,0.32984623595011203,0.26356564834713936,0.11111760139465332,1.904037247868473e-07,5.113852239446715e-07,0.12816897385798473,0.9957454069734373,65.96406221409438,False,0.05088492652612331
1065,29,0.001,0.015504259616136551,0.015504476497881114,0.0,2.167930368557336e-07,0.3178670461947035,0.26923685148358345,0.1075762907663981,1.8543667579251633e-07,2.99639026479781e-07,0.29237354394661386,0.9957454069734373,65.96859864684477,False,0.05018847449719033
1066,29,0.001,0.016636282205581665,0.01663649096735753,0.0,2.089690376294584e-07,0.31437763067962554,0.24620278552174568,0.10989681879679361,1.10516943152561e-07,3.968151531807962e-07,0.3323508229284532,0.9957454069734373,65.97307651057778,False,0.05005882038130949
1067,29,0.001,0.043586419022176415,0.04358664609026164,0.0,2.285679094882198e-07,0.3245439059419882,0.2735714763402939,0.12331255276997884,1.5315082180222817e-07,8.429162221545994e-07,1.9617126380525398,0.9957454069734373,65.97744622664902,False,0.046165795471097226
1068,29,0.001,0.07300125085748732,0.07300150976516306,0.0,2.603605899764716e-07,0.3439531385769885,0.2953352816402912,0.11018212636311848,1.3328261161404953e-07,5.883071594325884e-07,9.089350104983641,0.9957454069734373,65.98168038246638,False,0.04909895486889582
1069,29,0.001,0.017155972542241216,0.01715614239219576,0.0,1.697817548773628e-07,0.2811360657223715,0.21759352833032608,0.10720348358154297,1.0099675762376137e-07,2.908687690705847e-07,0.2532580226861053,0.9957454069734373,65.98641271945591,False,0.04616900582368544
1070,29,0.001,0.04222854331601411,0.04222873761318624,0.0,1.9512656201925438e-07,0.29337301217124245,0.251558406278491,0.10188945134480794,1.4487240207472496e-07,3.3997500281657267e-07,1.1577296796116467,0.9957454069734373,65.99138520183222,False,0.04684068714595924
1071,29,0.001,0.34252225898671895,0.3425224525271915,0.0,1.9211342383584906e-07,0.3003422338413927,0.2292654849588871,0.11046775182088216,1.1672576505361576e-07,3.644046842055104e-07,8.958725992136134,0.9957454069734373,65.99761037420934,False,0.0661320422677818
1072,29,0.001,0.004693433991633356,0.004693692724686116,0.0,2.587616769744727e-07,0.3428878874844407,0.2897361144423485,0.11739714940388997,1.5315082180222817e-07,5.681806669599609e-07,0.049287363260802346,0.9957454069734373,66.00506313441598,False,0.06600116882873408
1073,29,0.001,0.009485710819717497,0.009485961170867085,0.0,2.504326630514697e-07,0.34325234224196843,0.2761611081659794,0.11416435241699219,8.485383773404465e-08,5.015745614400657e-07,0.2554739677852348,0.9957454069734373,66.01329055559167,False,0.061931619349707034
1074,29,0.001,0.16780291227041744,0.16780313092749566,0.0,2.1191107357765304e-07,0.30455830015488994,0.24798870831727982,0.11392815907796223,2.2931232024347992e-07,6.009383355376485e-07,3.1521165450734885,0.9957454069734373,66.0222885437113,False,0.07206160648456716
1075,29,0.001,0.05571030772989616,0.05571044865064323,0.0,1.4070185194725582e-07,0.25790520984512144,0.22328075394034386,0.1087359587351481,9.271833789625816e-08,1.8983045890763606e-07,2.3165937456890084,0.9957454069734373,66.03206707236605,False,0.06960220245127857
1076,29,0.001,0.06531941308639944,0.06531966745387763,0.0,2.5578851392538127e-07,0.34193519728391164,0.2892892211675644,0.11194801330566406,1.1507007968702965e-07,1.6127273738675285e-07,1.2369495304569342,0.9957454069734373,66.04220576547817,False,0.05599916053142806
1077,29,0.001,0.01640670606866479,0.0164069464080967,0.0,2.4046498481311573e-07,0.3241950828519125,0.25087832286953926,0.11363188425699869,1.5811788500741386e-07,6.301284543042129e-07,0.159010590851098,0.9957454069734373,66.05240331249988,False,0.05643918517671409
1078,29,0.001,0.0038426817627623677,0.00384290557121858,0.0,2.23830944889869e-07,0.31930198738570786,0.27138567715883255,0.11519742012023926,1.0720557952481613e-07,2.3849042918300256e-07,0.10326350139421583,0.9957454069734373,66.06243644187614,False,0.05513146812518244
1079,29,0.001,0.010265184857416898,0.01026541952160187,0.0,2.346599305980135e-07,0.3148642435728549,0.25942108407616615,0.1143209139506022,1.5066730441049003e-07,5.845284931638162e-07,1.1966862783011025,0.9957454069734373,66.07261450565875,False,0.05569941101202858
1080,29,0.001,0.013175900938222185,0.013176113388908561,0.0,2.1275768880002488e-07,0.30915494530078375,0.26374834030866623,0.10744508107503255,1.6639630473491707e-07,4.4111348529440875e-07,0.3594945878764197,0.9957454069734373,66.08258584581338,False,0.0560835773794679
1081,30,0.001,0.040049504954367876,0.040049657749477774,0.0,1.5160681954284883e-07,0.26103377105737974,0.23537487164139748,0.11510753631591797,1.2831556261971855e-07,4.880089363723528e-07,0.9666670961016671,0.9957454069734373,66.09212464178634,False,0.057617655213107355
1082,30,0.001,0.00675868516555056,0.006758826901204884,0.0,1.4168461426322665e-07,0.259766817346684,0.2299318090081215,0.11991580327351888,2.127554665776188e-07,4.3952451278528315e-07,0.08726480497929984,0.9957454069734373,66.1012630782078,False,0.05700030539810541
1083,30,0.001,0.009805923094972968,0.00980615266598761,0.0,2.2951988043473648e-07,0.3270442622546178,0.28607404604554176,0.10907705624898274,1.4487240207472496e-07,2.5498366085230373e-07,0.18572913137452407,0.9957454069734373,66.10994702710757,False,0.054889024402655195
1084,30,0.001,0.011000953149050474,0.011001139035215601,0.0,1.8597440387679853e-07,0.29648891307009295,0.24869944527745247,0.10444529851277669,1.1838145042020187e-07,4.0004334778132034e-07,0.18240244618292054,0.9957454069734373,66.11812464186164,False,0.05101400579587789
1085,30,0.001,0.007300808560103178,0.007301003875909373,0.0,1.9535351292176983e-07,0.2948912310045959,0.23612230643630028,0.1168827215830485,1.1838145042020187e-07,3.989324000031047e-07,0.28005731172032483,0.9957454069734373,66.12577235905655,False,0.050398058046994265
1086,30,0.001,0.004904134621028788,0.004904386601992883,0.0,2.5186706409385806e-07,0.345126635139071,0.2951425351202488,0.109070618947347,1.7715825606501312e-07,4.868503538091318e-07,0.10448819848563445,0.9957454069734373,66.13290903078413,False,0.04806528250355768
1087,30,0.001,0.027667521382682025,0.02766769748996012,0.0,1.7654559059110397e-07,0.28588293332902653,0.23229674994945526,0.10619568824768066,1.55634353404821e-07,7.12168969130289e-07,0.6832372025798984,0.9957454069734373,66.13951930552933,False,0.028386861403305375
1088,30,0.001,0.1211520159849897,0.1211521549266763,0.0,1.3593000680600653e-07,0.25337502192915196,0.1928352750837803,0.11070934931437174,1.7301904620126152e-07,5.046376827522181e-07,9.144604617972634,0.9957454069734373,66.1472678145369,False,0.035665522777890146
1089,30,0.001,0.028544928354676813,0.0285451122908853,0.0,1.8340502450087115e-07,0.28671033621214914,0.2421896606683731,0.1142738660176595,1.0410116857428875e-07,5.178718538445537e-07,0.9024484152447958,0.9957454069734373,66.15500156591784,False,0.036856723873825104
1090,30,0.001,0.20718394161667675,0.20718413160648197,0.0,1.9185884170269674e-07,0.30018722414797594,0.2484002187848091,0.10912442207336426,1.5315082180222817e-07,4.1009226947608113e-07,4.659285330924958,0.9957454069734373,66.16299369148857,False,0.03931803820796631
1091,30,0.001,0.010283139068633318,0.010283419149345718,0.0,2.802361205311854e-07,0.3566211869898607,0.3279157318174839,0.111374298731486,1.2914340175029793e-07,4.268788416084135e-07,0.20458959457567052,0.9957454069734373,66.17107041358388,False,0.03647884016663738
1092,30,0.001,0.007155491388402879,0.007155772531405091,0.0,2.8125057838224166e-07,0.3568159350906622,0.32086101546883583,0.12045510609944661,1.299712408808773e-07,5.212230007600738e-07,0.20847691051837974,0.9957454069734373,66.17907337370394,False,0.0328435950605126
1093,30,0.001,0.0073786028660833836,0.007378813927061856,0.0,2.1113040205023026e-07,0.31122676248121545,0.22371505200862885,0.1116178035736084,1.2500419188654632e-07,4.905248260911321e-07,0.18398936593552515,0.9957454069734373,66.18687782596524,False,0.03227933861035126
1094,30,0.001,0.13084666337817907,0.13084684940986335,0.0,1.865091139308106e-07,0.29582788295881973,0.2406032420694828,0.1071787675221761,1.2086498202279472e-07,2.829013965310878e-07,3.020705650345021,0.9957454069734373,66.19469680774873,False,0.040217087461314804
1095,30,0.001,0.06994782667607069,0.06994797743391246,0.0,1.510704157325904e-07,0.2609343155462241,0.22178233414888382,0.10915136337280273,1.986821445143505e-07,5.059391696704552e-07,2.8194537026001014,0.9957454069734373,66.2026302361316,False,0.043947252574980666
1096,30,0.001,0.008573189785238355,0.008573431317927316,0.0,2.4173835555529877e-07,0.3381453420671463,0.29062364995479584,0.12331891059875488,9.106265252967205e-08,3.2288374995914637e-07,0.13368869574936668,0.9957454069734373,66.21069286722418,False,0.04365958312791918
1097,30,0.001,0.010844200965948403,0.010844372562132776,0.0,1.7176034461385825e-07,0.2858714328634457,0.2320476658642292,0.1100929578145345,2.553893523327133e-07,6.341988409985788e-07,0.4498721828437634,0.9957454069734373,66.2187319298255,False,0.04183425162864296
1098,30,0.001,0.06935111357597634,0.06935124122537673,0.0,1.295007798773895e-07,0.24725733751948437,0.21464716643095016,0.11076641082763672,1.341104507446289e-07,2.0293214220146183e-07,4.394230890268483,0.9957454069734373,66.2265996517993,False,0.04574627840429457
1099,30,0.001,0.006221716990694404,0.006221927993465215,0.0,2.1098990288237474e-07,0.31660673092731384,0.270049586892128,0.12096587816874185,9.76853939960165e-08,3.833122264040867e-07,0.09807708139052787,0.9957454069734373,66.23428847396467,False,0.04552226552277716
1100,30,0.001,0.024624345722259022,0.0246245562157128,0.0,2.107617671498474e-07,0.3096248053658866,0.2533956542611122,0.12194554011027017,1.4487240207472496e-07,2.647776398134738e-07,1.3703498863467367,0.9957454069734373,66.24153346419826,False,0.046373727558602695
1101,30,0.001,0.03880062571261078,0.038800761802122,0.0,1.372564710777624e-07,0.25366446234361717,0.2035469487309456,0.11687604586283365,1.0679165285409908e-07,3.4609877275215695e-07,1.2118285920594976,0.9957454069734373,66.24859821022191,False,0.04834246613063442
1102,30,0.001,0.0024746861890889704,0.0024749115691520274,0.0,2.253911901561878e-07,0.3221005636946264,0.2744571715593338,0.12020587921142578,2.1523899818021164e-07,6.049133958185848e-07,1.3529072317932636,0.9957454069734373,66.25531062975845,False,0.04819062560363818
1103,30,0.001,0.06349926895927638,0.06349949637660757,0.0,2.273502417438067e-07,0.3278542302386922,0.27032753452658653,0.10317460695902506,9.685754776000977e-08,2.7309366146255343e-07,2.277760580922188,0.9957454069734373,66.26192327792523,False,0.05043010982717533
1104,30,0.001,0.005930166254984215,0.005930440791416913,0.0,2.74454638571342e-07,0.35450343228900516,0.31638994812965393,0.1227874755859375,1.2003712868136063e-07,3.9672090679232497e-07,0.46305792541437235,0.9957454069734373,66.2683289150281,False,0.043228744219049986
1105,30,0.001,0.045224948320537806,0.045225050300359726,0.0,1.026295679551481e-07,0.21903407130496064,0.18110302463173866,0.10249114036560059,1.5729003166597977e-07,4.704174898506608e-07,1.0370916277104396,0.9957454069734373,66.27452912949488,False,0.0442712454669163
1106,30,0.001,0.0424805999500677,0.042480752570554614,0.0,1.531294255840976e-07,0.260243316374323,0.22551247105002403,0.11586372057596842,1.9371509552001953e-07,7.215015784822754e-07,0.9715187263537906,0.9957454069734373,66.28054875238296,False,0.03397728661275323
1107,30,0.001,0.010674250312149525,0.01067454696749337,0.0,2.9666370693348654e-07,0.37585519026593456,0.32215628027915955,0.1254114309946696,1.1672576505361576e-07,6.775643441869761e-07,0.22347755099535108,0.9957454069734373,66.28626144881201,False,0.034001731065472995
1108,30,0.001,0.008133868221193552,0.008134028816130012,0.0,1.607925899094198e-07,0.2712141737826882,0.22319109737873077,0.10782122611999512,1.299712408808773e-07,5.425375206868921e-07,0.41644254162626415,0.9957454069734373,66.29169199267224,False,0.03406287961752241
1109,30,0.001,0.020342089468613267,0.020342242904007435,0.0,1.52985487389401e-07,0.2661037530851746,0.2171359434723854,0.10614156723022461,2.50836222903672e-07,7.517747917518136e-07,0.3396220761938302,0.9957454069734373,66.29674666864827,False,0.03487309753018053
1110,30,0.001,0.12189782131463289,0.12189798895269632,0.0,1.644916132192975e-07,0.2659098955582723,0.22719178721308708,0.1101240317026774,1.1672576505361576e-07,5.731270107389719e-07,2.3077141288917304,0.9957454069734373,66.30162751380817,False,0.034313794901208894
1111,30,0.001,0.004839246343181003,0.004839533728954848,0.0,2.873794180402456e-07,0.36932418629451663,0.31964199244976044,0.11137096087137857,9.76853939960165e-08,5.867203753950889e-07,0.11601574623124623,0.9957454069734373,66.30629884829912,False,0.03024450863040329
1112,30,0.001,0.019488948746584356,0.01948917657136917,0.0,2.280190365411272e-07,0.3292765884621206,0.29308392480015755,0.10844413439432779,1.3907749973895989e-07,7.152200964810618e-07,0.22727871285923754,0.9957454069734373,66.31072635663351,False,0.030926743565487413
1113,30,0.001,0.011077486298745498,0.011077764705987647,0.0,2.7834580151875343e-07,0.36484563448195384,0.31948091834783554,0.10867301623026529,1.2376241897982254e-07,7.399644346151035e-07,0.6553793629961309,0.9957454069734373,66.31508769658254,False,0.030941323898787232
1114,30,0.001,0.006750754313543439,0.006750929751433432,0.0,1.7541426089451306e-07,0.28807015957890986,0.2334417849779129,0.1177818775177002,1.3245477248347015e-07,4.001003333087283e-07,0.09630670906612843,0.9957454069734373,66.31916174685968,False,0.027028801444885175
1115,30,0.001,0.018948725482914597,0.018948957906104624,0.0,2.3239526925067366e-07,0.33063272057243204,0.288232184946537,0.11607074737548828,9.602970862943039e-08,3.7657144957847777e-07,1.170369130893283,0.9957454069734373,66.3230589031154,False,0.027824239475648938
1116,30,0.001,0.07775963383028284,0.07775981619488448,0.0,1.8393812339922988e-07,0.29535127320255,0.26045212149620056,0.11220828692118326,1.0016891849318199e-07,4.250843232966872e-07,1.8337450597655134,0.9957454069734373,66.32668879935835,False,0.031145194982400426
1117,31,0.001,0.0670228140661493,0.06702295184368268,0.0,1.3744515747760033e-07,0.2522381597207201,0.2136160507798195,0.11044812202453613,1.9702646625319176e-07,5.8966679716832e-07,2.392501052218127,0.9957454069734373,66.33043346561978,False,0.03290908175449658
1118,31,0.001,0.02973398641915992,0.02973420132184401,0.0,2.1407068295786758e-07,0.3074960530389596,0.24672052077949047,0.11884442965189615,1.1175870895385742e-07,4.36892150901258e-07,0.7692900764834274,0.9957454069734373,66.33417001527381,False,0.03461278801887602
1119,31,0.001,0.03558549808803946,0.03558566374704242,0.0,1.65493503345715e-07,0.2749355668559763,0.21239031106233597,0.10990277926127115,1.1589791881760902e-07,4.84957013213716e-07,0.7492570031182821,0.9957454069734373,66.33789664673468,False,0.03286817733942371
1120,31,0.001,0.010863387826248072,0.010863570016226731,0.0,1.8192117323678758e-07,0.28972123409026074,0.2232813462615013,0.11583924293518066,2.1606683731079102e-07,6.049749572412111e-07,0.2936683804485928,0.9957454069734373,66.34150821552994,False,0.0331765036876277
1121,31,0.001,0.03142229688819498,0.03142241699970327,0.0,1.2037811103482454e-07,0.23099514084791392,0.18214831314980984,0.11075957616170247,1.2003712868136063e-07,4.412104033235664e-07,1.0543058845648479,0.9957454069734373,66.34486232751073,False,0.032313837973106274
1122,31,0.001,0.012508575440733694,0.012508771775173955,0.0,1.9639373682878158e-07,0.29800900124620766,0.24899685010313988,0.11895028750101724,1.697076754680893e-07,4.194809264390642e-07,0.1810338818017982,0.9957454069734373,66.34802340964714,False,0.0304405864412729
1123,31,0.001,0.05430649884510785,0.05430664331652224,0.0,1.4321384966820006e-07,0.2510079391904964,0.22378430142998695,0.10709039370218912,2.3220975720050774e-07,7.60208536121354e-07,8.03877357621684,0.9957454069734373,66.35071146484054,False,0.033167601974582794
1124,31,0.001,0.01663473292865092,0.01663494537206134,0.0,2.1246171932887137e-07,0.3133684921257766,0.26464559882879257,0.11256233851114908,2.7153228643328475e-07,3.7762765714433044e-07,0.8768110267572488,0.9957454069734373,66.35342577222146,False,0.03369890601879888
1125,31,0.001,0.007766154012642801,0.007766368333250284,0.0,2.142569890395407e-07,0.3194136083692093,0.2566707581281662,0.1089010238647461,2.3262369097665214e-07,4.5843253815291973e-07,0.1781058030653401,0.9957454069734373,66.35616764476563,False,0.032912910052800726
1126,31,0.001,0.045124144409783185,0.045124331722036004,0.0,1.8857397066085468e-07,0.3002221629804589,0.24519658088684082,0.10851756731669107,1.2665987014770508e-07,5.200523673920543e-07,1.202203200441815,0.9957454069734373,66.35888542512973,False,0.02811455524624762
1127,31,0.001,0.0058701608795672655,0.005870442313607782,0.0,2.812272938967908e-07,0.36357671174278805,0.3267882615327835,0.1218881607055664,1.5811788500741386e-07,3.07470372717944e-07,0.0903258784414769,0.9957454069734373,66.36158613270675,False,0.02817898740477176
1128,31,0.001,0.02663956442847848,0.026639748131856322,0.0,1.829415090526254e-07,0.2840382891945908,0.2506397105753422,0.11829964319864908,1.216928211533741e-07,1.9607772117069544e-07,0.43741758862729957,0.9957454069734373,66.36417583013807,False,0.028625900884890143
1129,31,0.001,0.028713729523587972,0.028713975858408958,0.0,2.4662211473014395e-07,0.33918148836363027,0.299285639077425,0.11980613072713216,1.2459027232125663e-07,2.732481618750171e-07,0.35617960333925264,0.9957454069734373,66.36667506997729,False,0.029728166086442798
1130,31,0.001,0.01318319170968607,0.013183398405089974,0.0,2.0654736410108399e-07,0.3089203998282126,0.26237678155303,0.11610968907674153,1.5480651427424164e-07,7.716203640484309e-07,0.4203588165034841,0.9957454069734373,66.36906886687697,False,0.030130193423701712
1131,31,0.001,0.008928566647227854,0.008928768511395901,0.0,2.0185240856562814e-07,0.3040332061197598,0.24879233166575432,0.11677805582682291,1.216928211533741e-07,3.520204359119816e-07,0.18732235484973178,0.9957454069734373,66.37136604169682,False,0.02950393349647129
1132,31,0.001,0.029088502749800682,0.02908868168015033,0.0,1.7901911419926364e-07,0.2866473853894242,0.2376970462501049,0.11101420720418294,7.698933046640377e-08,3.4368213164270855e-07,0.6142176137112956,0.9957454069734373,66.37357660157271,False,0.026461987803941156
1133,31,0.001,0.02257588149223011,0.022576119867153466,0.0,2.386254518427222e-07,0.32652192226376764,0.29587291553616524,0.11211840311686197,1.2210674071866379e-07,4.715931822829589e-07,0.7267650108485705,0.9957454069734373,66.37571465851465,False,0.023684054518071207
1134,31,0.001,0.00549483293434605,0.005495011224411428,0.0,1.7825367137902504e-07,0.2906142759995907,0.2445213794708252,0.10937349001566568,1.4073319221097336e-07,2.988285530136636e-07,0.11812896888118447,0.9957454069734373,66.37779632417892,False,0.02216910742527034
1135,31,0.001,0.0396229684993159,0.039623103773919865,0.0,1.3698975465104013e-07,0.2541890280336808,0.21109116077423096,0.10679411888122559,1.6225709487116546e-07,4.344163357927755e-07,1.8424945367912715,0.9957454069734373,66.37996663691766,False,0.022421449325975118
1136,31,0.001,0.46571412216871977,0.4657142921059858,0.0,1.7832545751161888e-07,0.28919435336680915,0.2580556385219097,0.10486793518066406,1.30385160446167e-07,3.6522919799608644e-07,12.88358316507885,0.9957454069734373,66.38144326784328,False,0.0508496202223796
1137,31,0.001,0.006032399978721514,0.006032643665093929,0.0,2.4361879624734684e-07,0.3309598087005606,0.28302428126335144,0.1130987803141276,1.7053551459866867e-07,6.174382178869564e-07,0.1089336118869499,0.9957454069734373,66.38501504600762,False,0.04926275166553751
1138,31,0.001,0.020875698479358107,0.020875923088169657,0.0,2.24906283818882e-07,0.3262791150051783,0.28046320751309395,0.11106046040852864,1.3742182147780113e-07,3.4036892770927807e-07,0.43285573705165675,0.9957454069734373,66.39002872521048,False,0.04978569685545153
1139,31,0.001,0.004837672633584589,0.004837892163777724,0.0,2.196070170157327e-07,0.320826507174952,0.29303037002682686,0.10938254992167154,1.4528632164001465e-07,5.357811687645153e-07,0.15996500639216882,0.9957454069734373,66.39603898749347,False,0.04669389521723133
1140,31,0.001,0.007448849501088262,0.007449070340953767,0.0,2.2082443251747463e-07,0.3242276979308124,0.28219959512352943,0.125003178914388,1.2334849941453285e-07,2.926689433024876e-07,1.849345000790891,0.9957454069734373,66.40260364598683,False,0.04611977750300866
1141,31,0.001,0.027801842603366822,0.0278020552941598,0.0,2.1224797031038634e-07,0.30627054531387155,0.2626025713980198,0.11016742388407388,1.0782645887275066e-07,3.1424474400409963e-07,2.800009073151744,0.9957454069734373,66.41005565640363,False,0.047372008039928915
1142,31,0.001,0.016664176946505904,0.016664363705785945,0.0,1.8613464902728083e-07,0.2928669583015587,0.23083625733852386,0.10623812675476074,1.560482729701107e-07,4.805986009159824e-07,0.43564811445875345,0.9957454069734373,66.41766695007833,False,0.045593260073474084
1143,31,0.001,0.012694656616076827,0.01269484672229737,0.0,1.902454940250209e-07,0.2982943248663912,0.25164085254073143,0.10753925641377766,1.3328261161404953e-07,3.439129727667023e-07,0.24203392045353242,0.9957454069734373,66.4253502929102,False,0.04601979105700593
1144,31,0.001,0.686118820856791,0.6861189631163143,0.0,1.1597751203851203e-07,0.23499076642343378,0.2022591419517994,0.10748688379923502,1.2086498202279472e-07,3.382122031325707e-07,10.601883828778805,0.9957454069734373,66.43314946123289,False,0.08723724458377546
1145,31,0.001,0.007712487131357193,0.007712692371569574,0.0,2.0526368338380507e-07,0.3105133975025287,0.2865052931010723,0.11492220560709634,1.3286869204875984e-07,3.976793720994465e-07,0.6224280918077238,0.9957454069734373,66.44107313307221,False,0.08592466693426104
1146,31,0.001,0.012714811426121742,0.01271502289455384,0.0,2.113640924505944e-07,0.3016953099955536,0.24280120432376862,0.11780087153116861,1.1507007968702965e-07,3.130511458948604e-07,0.3524954371322446,0.9957454069734373,66.44894969825452,False,0.08589539316653827
1147,31,0.001,0.0021103227336425334,0.002110536297550425,0.0,2.1358779633828817e-07,0.31886545080151474,0.2884056568145752,0.12333122889200845,1.043081283569336e-07,5.161087983651669e-07,0.025396698382128453,0.9957454069734373,66.45664962677766,False,0.08546925292193919
1148,31,0.001,0.009481888613663614,0.009482101711910218,0.0,2.1304321862203324e-07,0.3130025647242448,0.24829917773604393,0.11138280232747395,1.5894572413799324e-07,3.003189021910657e-07,0.5643321078927638,0.9957454069734373,66.46407179760449,False,0.08424383953843062
1149,31,0.001,0.036302437423728406,0.036302607448305935,0.0,1.7021928044869128e-07,0.28286910301997803,0.24800356104969978,0.10728168487548828,1.3079908001145668e-07,5.40248151992273e-07,0.5057110349962486,0.9957454069734373,66.47122191021712,False,0.08510174928414926
1150,31,0.001,0.02145804645260796,0.021458192364661954,0.0,1.4642829171407357e-07,0.2559963071804322,0.21724140644073486,0.110840638478597,7.202228147207279e-08,2.1482394174654473e-07,0.4440818995125485,0.9957454069734373,66.47793334288309,False,0.08609945012904063
1151,31,0.001,0.030065323691815138,0.030065591243328527,0.0,2.6819845899694883e-07,0.3574556985761873,0.3183048740029335,0.1079110304514567,1.2003712868136063e-07,3.6597145935957087e-07,1.0772106403061261,0.9957454069734373,66.48442563600271,False,0.08550209732857184
1152,31,0.001,0.028917877411004156,0.028918102441821247,0.0,2.2565531310192455e-07,0.3281880392734734,0.26253816857934,0.1164411703745524,1.8295314418992348e-07,4.0848658500181045e-07,0.563088699567537,0.9957454069734373,66.49063148157468,False,0.05820233203121461
