target_index,segment_id,optimizer_step,training_view,learning_rate,loss,loss_moving_mean_16,gradient_norm,gradient_nonzero_fraction,latent_delta_norm,latent_rms,image_min,image_max,image_rms,image_saturation_fraction
0,r5-f1-8015bf53a4067aaa7e882288,1,0,0.05,13.770842552185059,13.770842552185059,33.04284842140886,1.0,12.799931595029493,0.5693250298500061,0.4453125,0.5546875,0.498046875,0.0
0,r5-f1-8015bf53a4067aaa7e882288,2,1,0.05,11.000067710876465,12.385455131530762,37.57728022687345,1.0,18.4911456883582,0.5716649293899536,0.412109375,0.56640625,0.498046875,0.0
0,r5-f1-8015bf53a4067aaa7e882288,3,2,0.05,12.125103950500488,12.29867140452067,17.95317347446736,1.0,23.68579142348519,0.5744538307189941,0.400390625,0.578125,0.498046875,0.0
0,r5-f1-8015bf53a4067aaa7e882288,4,3,0.05,11.177783966064453,12.018449544906616,94.43553694020005,1.0,27.588083132752317,0.5771448016166687,0.37109375,0.59765625,0.498046875,0.0
0,r5-f1-8015bf53a4067aaa7e882288,5,0,0.05,8.475944519042969,11.309948539733886,11.120720527582112,1.0,31.49624080146821,0.5801988840103149,0.353515625,0.6171875,0.498046875,0.0
0,r5-f1-8015bf53a4067aaa7e882288,6,1,0.05,1.7872204780578613,9.722827196121216,9.539097464781952,1.0,35.17319903283556,0.5834015011787415,0.33984375,0.62890625,0.498046875,0.0
0,r5-f1-8015bf53a4067aaa7e882288,7,2,0.05,5.911789894104004,9.178393295833043,11.847304632599753,1.0,38.51162702610899,0.5865877270698547,0.322265625,0.640625,0.498046875,0.0
0,r5-f1-8015bf53a4067aaa7e882288,8,3,0.05,3.2829337120056152,8.441460847854614,8.866856334180975,1.0,41.5898256704723,0.5897766947746277,0.30859375,0.65625,0.498046875,0.0
0,r5-f1-8015bf53a4067aaa7e882288,9,0,0.05,0.8804559707641602,7.6013491948445635,4.032287943613692,1.0,44.450092547421235,0.5929374694824219,0.294921875,0.6640625,0.498046875,0.0
0,r5-f1-8015bf53a4067aaa7e882288,10,1,0.05,0.615686297416687,6.902782905101776,3.5254280164407263,1.0,47.09704012400369,0.5960371494293213,0.27734375,0.671875,0.498046875,0.0
0,r5-f1-8015bf53a4067aaa7e882288,11,2,0.05,1.7270482778549194,6.4322615753520616,11.010080624835272,1.0,49.46442039705365,0.5989298224449158,0.26953125,0.6796875,0.498046875,0.0
0,r5-f1-8015bf53a4067aaa7e882288,12,3,0.05,0.04996982216835022,5.900403929253419,0.5264687712749855,1.0,51.67244690655481,0.6017451882362366,0.24609375,0.6875,0.498046875,0.0
0,r5-f1-8015bf53a4067aaa7e882288,13,0,0.05,0.2661599814891815,5.46700054865617,3.3999271343032476,1.0,53.71304319776627,0.6044532656669617,0.25,0.6953125,0.498046875,0.0
0,r5-f1-8015bf53a4067aaa7e882288,14,1,0.05,0.0330832339823246,5.078863597608039,0.5199019096953903,1.0,55.59919938844173,0.6070389747619629,0.2421875,0.703125,0.498046875,0.0
0,r5-f1-8015bf53a4067aaa7e882288,15,2,0.05,0.08335274457931519,4.745829540739456,1.0639351475470389,1.0,57.3362110985418,0.6094897985458374,0.23828125,0.70703125,0.498046875,0.0
0,r5-f1-8015bf53a4067aaa7e882288,16,3,0.05,0.023860812187194824,4.45070649520494,0.30888088923167917,1.0,58.93443971124967,0.6118025779724121,0.234375,0.7109375,0.498046875,0.0
0,r5-f1-8015bf53a4067aaa7e882288,17,0,0.05,0.017623497173190117,3.5911303042666987,0.16078101540435763,1.0,60.40282909371674,0.6139758825302124,0.2265625,0.71875,0.5,0.0
0,r5-f1-8015bf53a4067aaa7e882288,18,1,0.05,0.008183755911886692,2.9041375570814125,0.09368044601679106,1.0,61.750417510451186,0.6160107851028442,0.220703125,0.72265625,0.5,0.0
0,r5-f1-8015bf53a4067aaa7e882288,19,2,0.05,0.03519131988286972,2.1485180176678114,0.33844928879849157,1.0,62.985667750451434,0.6179093718528748,0.21484375,0.7265625,0.5,0.0
0,r5-f1-8015bf53a4067aaa7e882288,20,3,0.05,0.014046907424926758,1.450784451502841,0.1152437984673962,1.0,64.11739002738977,0.6196767091751099,0.2109375,0.73046875,0.5,0.0
0,r5-f1-8015bf53a4067aaa7e882288,21,0,0.05,0.010390708222985268,0.921687338326592,0.08451755052680486,1.0,65.15375970549886,0.6213184595108032,0.20703125,0.734375,0.5,0.0
0,r5-f1-8015bf53a4067aaa7e882288,22,1,0.05,0.003539846045896411,0.8102072988258442,0.04104717159820507,1.0,66.10237432679679,0.6228405237197876,0.201171875,0.734375,0.5,0.0
0,r5-f1-8015bf53a4067aaa7e882288,23,2,0.05,0.024588145315647125,0.4422571895265719,0.22892174552126932,1.0,66.96996290241324,0.6242488622665405,0.1953125,0.73828125,0.5,0.0
0,r5-f1-8015bf53a4067aaa7e882288,24,3,0.05,0.010033965110778809,0.23770095534564462,0.09588881495014713,1.0,67.76334212016044,0.6255499720573425,0.19140625,0.73828125,0.5,0.0
0,r5-f1-8015bf53a4067aaa7e882288,25,0,0.05,0.0054933056235313416,0.18301578877435531,0.0335603316095755,1.0,68.4887441588133,0.6267507672309875,0.189453125,0.7421875,0.5,0.0
0,r5-f1-8015bf53a4067aaa7e882288,26,1,0.05,0.0018344969721511006,0.14465005124657182,0.014777965197209402,1.0,69.15180450948519,0.6278575658798218,0.1796875,0.7421875,0.5,0.0
0,r5-f1-8015bf53a4067aaa7e882288,27,2,0.05,0.011605724692344666,0.0374348916739109,0.08854028915583269,1.0,69.75751387380659,0.6288763284683228,0.1796875,0.74609375,0.5,0.0
0,r5-f1-8015bf53a4067aaa7e882288,28,3,0.05,0.006333112716674805,0.034707597333181184,0.0675445435083439,1.0,70.31075831172181,0.6298130750656128,0.17578125,0.74609375,0.5,0.0
0,r5-f1-8015bf53a4067aaa7e882288,29,0,0.05,0.0034703537821769714,0.0182894956014934,0.019612756187695694,1.0,70.81599106682347,0.630673885345459,0.169921875,0.75,0.5,0.0
0,r5-f1-8015bf53a4067aaa7e882288,30,1,0.05,0.0012309125158935785,0.01629872550984146,0.009677245750181846,1.0,71.27727621798948,0.6314641237258911,0.166015625,0.75,0.5,0.0
0,r5-f1-8015bf53a4067aaa7e882288,31,2,0.05,0.005837298929691315,0.011454010156739969,0.045268017040239014,1.0,71.69820160165445,0.6321890354156494,0.1640625,0.75390625,0.5,0.0
0,r5-f1-8015bf53a4067aaa7e882288,32,3,0.05,0.0047730207443237305,0.010261023191560525,0.050191362373224434,1.0,72.08218834148272,0.6328533887863159,0.1640625,0.75390625,0.5,0.0
0,r5-f1-8015bf53a4067aaa7e882288,33,0,0.05,0.002743411809206009,0.009331017856311519,0.016273716502012415,1.0,72.4324842570506,0.6334620118141174,0.162109375,0.75390625,0.5,0.0
0,r5-f1-8015bf53a4067aaa7e882288,34,1,0.05,0.0009109401144087315,0.008876466868969146,0.006029831932421499,1.0,72.75198925813022,0.6340192556381226,0.158203125,0.765625,0.5,0.0
0,r5-f1-8015bf53a4067aaa7e882288,35,2,0.05,0.00427333265542984,0.006944092667254154,0.029222686552117308,1.0,73.04326085895167,0.6345290541648865,0.15625,0.765625,0.5,0.0
0,r5-f1-8015bf53a4067aaa7e882288,36,3,0.05,0.0035218000411987305,0.006286273455771152,0.026889223865867208,1.0,73.30871531641156,0.63499516248703,0.1484375,0.76953125,0.5,0.0
0,r5-f1-8015bf53a4067aaa7e882288,37,0,0.05,0.002454841509461403,0.00579028178617591,0.01148841037324974,1.0,73.55065285333038,0.6354211568832397,0.15234375,0.765625,0.5,0.0
0,r5-f1-8015bf53a4067aaa7e882288,38,1,0.05,0.0008668717928230762,0.005623220895358827,0.005854325974324881,1.0,73.77112069406807,0.6358104348182678,0.146484375,0.7734375,0.5,0.0
0,r5-f1-8015bf53a4067aaa7e882288,39,2,0.05,0.0029394328594207764,0.00427017636684468,0.02169099651479502,1.0,73.97191261911645,0.6361657977104187,0.1484375,0.77734375,0.5,0.0
0,r5-f1-8015bf53a4067aaa7e882288,40,3,0.05,0.002172112464904785,0.0037788105764775537,0.016067822255075387,1.0,74.15474786487958,0.6364901065826416,0.14453125,0.77734375,0.5,0.0
0,r5-f1-8015bf53a4067aaa7e882288,41,0,0.05,0.0016549238935112953,0.003538911718351301,0.008429559629103852,1.0,74.3212440085481,0.6367859840393066,0.142578125,0.78125,0.5,0.0
0,r5-f1-8015bf53a4067aaa7e882288,42,1,0.05,0.000642093364149332,0.0034643864928511903,0.004564669736642436,1.0,74.47283068519594,0.6370558738708496,0.142578125,0.78125,0.5,0.0
0,r5-f1-8015bf53a4067aaa7e882288,43,2,0.05,0.0023142732679843903,0.002883670778828673,0.013560653039899614,1.0,74.61078515265795,0.6373019814491272,0.140625,0.78125,0.5,0.0
0,r5-f1-8015bf53a4067aaa7e882288,44,3,0.05,0.001880049705505371,0.0026053543406305835,0.013830330103002398,1.0,74.73630896601425,0.637526273727417,0.1328125,0.78125,0.5,0.0
0,r5-f1-8015bf53a4067aaa7e882288,45,0,0.05,0.0013956818729639053,0.002475687346304767,0.006819774947341062,1.0,74.85050693254574,0.637730598449707,0.138671875,0.78125,0.5,0.0
0,r5-f1-8015bf53a4067aaa7e882288,46,1,0.05,0.0005682283081114292,0.0024342695833183825,0.0033079028933467778,1.0,74.95439781936362,0.6379166841506958,0.138671875,0.78125,0.5,0.0
0,r5-f1-8015bf53a4067aaa7e882288,47,2,0.05,0.0017661936581134796,0.002179825503844768,0.009974175508180418,1.0,75.04885455454219,0.6380861401557922,0.13671875,0.78125,0.5,0.0
0,r5-f1-8015bf53a4067aaa7e882288,48,3,0.05,0.0012884140014648438,0.0019620375824160874,0.00666686426448637,1.0,75.13474299837534,0.638240396976471,0.13671875,0.78515625,0.5,0.0
0,r5-f1-8015bf53a4067aaa7e882288,49,0,0.05,0.001191501971334219,0.0018650432175491005,0.005383487248402887,1.0,75.21282428228817,0.6383807063102722,0.14453125,0.78515625,0.5,0.0
0,r5-f1-8015bf53a4067aaa7e882288,50,1,0.05,0.0004673104267567396,0.001837316362070851,0.002302497761552454,1.0,75.2838050897188,0.6385084390640259,0.142578125,0.7890625,0.5,0.0
0,r5-f1-8015bf53a4067aaa7e882288,51,2,0.05,0.0013673491775989532,0.0016556923947064206,0.00613587968894677,1.0,75.3482870483358,0.6386245489120483,0.14453125,0.79296875,0.5,0.0
0,r5-f1-8015bf53a4067aaa7e882288,52,3,0.05,0.0012513995170593262,0.0015137923619477078,0.00643857643533835,1.0,75.4068757112099,0.6387301683425903,0.142578125,0.7890625,0.5,0.0
0,r5-f1-8015bf53a4067aaa7e882288,53,0,0.05,0.001118987798690796,0.001430301505024545,0.004856613915871437,1.0,75.46009613015922,0.6388261318206787,0.13671875,0.7890625,0.5,0.0
0,r5-f1-8015bf53a4067aaa7e882288,54,1,0.05,0.00044252618681639433,0.0014037799046491273,0.0021355071153266827,1.0,75.50844442177512,0.6389134526252747,0.13671875,0.7890625,0.5,0.0
0,r5-f1-8015bf53a4067aaa7e882288,55,2,0.05,0.0012777037918567657,0.0012999218379263766,0.005449624704502793,1.0,75.552334960235,0.6389926671981812,0.134765625,0.7890625,0.5,0.0
0,r5-f1-8015bf53a4067aaa7e882288,56,3,0.05,0.0010813474655151367,0.0012317490254645236,0.005071962056460762,1.0,75.59218845552965,0.6390647292137146,0.134765625,0.7890625,0.5,0.0
0,r5-f1-8015bf53a4067aaa7e882288,57,0,0.05,0.001018601469695568,0.0011919788739760406,0.00397248546592711,1.0,75.62836827464399,0.639130175113678,0.134765625,0.7890625,0.5,0.0
0,r5-f1-8015bf53a4067aaa7e882288,58,1,0.05,0.000403799582272768,0.0011770855126087554,0.0018269619123094639,1.0,75.66121705434166,0.639189600944519,0.134765625,0.7890625,0.5,0.0
0,r5-f1-8015bf53a4067aaa7e882288,59,2,0.05,0.00109969824552536,0.001101174573705066,0.004619550582968625,1.0,75.69101264717183,0.6392435431480408,0.1328125,0.7890625,0.5,0.0
0,r5-f1-8015bf53a4067aaa7e882288,60,3,0.05,0.0010527968406677246,0.001049471269652713,0.005831952999768626,1.0,75.71804779769388,0.6392925381660461,0.134765625,0.7890625,0.5,0.0
0,r5-f1-8015bf53a4067aaa7e882288,61,0,0.05,0.0009024837054312229,0.0010186463841819204,0.003364850351944183,1.0,75.74257798761691,0.6393370628356934,0.130859375,0.7890625,0.5,0.0
0,r5-f1-8015bf53a4067aaa7e882288,62,1,0.05,0.00037734536454081535,0.001006716200208757,0.0017397131297639766,1.0,75.76483853788402,0.6393774151802063,0.130859375,0.7890625,0.5,0.0
0,r5-f1-8015bf53a4067aaa7e882288,63,2,0.05,0.0010661184787750244,0.0009629615015001036,0.003995225797690583,1.0,75.7850185945608,0.6394140124320984,0.1328125,0.7890625,0.5,0.0
0,r5-f1-8015bf53a4067aaa7e882288,64,3,0.05,0.0008563995361328125,0.0009359605974168517,0.003584216283224474,1.0,75.80331947036353,0.6394472718238831,0.12890625,0.7890625,0.5,0.0
0,r5-f1-8015bf53a4067aaa7e882288,65,0,0.05,0.0009594131261110306,0.0009214550445904024,0.0038334448496636477,1.0,75.81991450188083,0.6394774913787842,0.12890625,0.7890625,0.5,0.0
0,r5-f1-8015bf53a4067aaa7e882288,66,1,0.05,0.0003427872434258461,0.0009136723456322215,0.0015275423076367698,1.0,75.83496654066417,0.6395048499107361,0.12890625,0.79296875,0.5,0.0
0,r5-f1-8015bf53a4067aaa7e882288,67,2,0.05,0.0010019317269325256,0.0008908337549655698,0.004247258049229737,1.0,75.84859834640892,0.6395296454429626,0.12890625,0.7890625,0.5,0.0
0,r5-f1-8015bf53a4067aaa7e882288,68,3,0.05,0.000827789306640625,0.000864358116814401,0.0036141240894301528,1.0,75.86095397530852,0.6395521759986877,0.130859375,0.79296875,0.5,0.0
0,r5-f1-8015bf53a4067aaa7e882288,69,0,0.05,0.0007709870114922523,0.000842608067614492,0.0026115004897741207,1.0,75.87215426295371,0.6395725607872009,0.12890625,0.7890625,0.5,0.0
0,r5-f1-8015bf53a4067aaa7e882288,70,1,0.05,0.00032669934444129467,0.0008353688899660483,0.001489257119685554,1.0,75.8823088238294,0.6395910978317261,0.12890625,0.7890625,0.5,0.0
0,r5-f1-8015bf53a4067aaa7e882288,71,2,0.05,0.0009683519601821899,0.0008160344004863873,0.0034273503651501176,1.0,75.8915016322304,0.639607846736908,0.126953125,0.79296875,0.5,0.0
0,r5-f1-8015bf53a4067aaa7e882288,72,3,0.05,0.0008584260940551758,0.0008021018147701398,0.0038249166136467084,1.0,75.89982724562817,0.6396230459213257,0.126953125,0.79296875,0.5,0.0
0,r5-f1-8015bf53a4067aaa7e882288,73,0,0.05,0.0007027303799986839,0.0007823598716640845,0.0023040283684793617,1.0,75.90736939217501,0.6396368741989136,0.126953125,0.79296875,0.5,0.0
0,r5-f1-8015bf53a4067aaa7e882288,74,1,0.05,0.00029392680153250694,0.0007754928228678182,0.001271001928284796,1.0,75.9142045124233,0.6396493911743164,0.125,0.7890625,0.5,0.0
0,r5-f1-8015bf53a4067aaa7e882288,75,2,0.05,0.0008039847016334534,0.000757010726374574,0.0030078745760590405,1.0,75.9203871285243,0.6396607160568237,0.125,0.7890625,0.5,0.0
0,r5-f1-8015bf53a4067aaa7e882288,76,3,0.05,0.0008391141891479492,0.000743655560654588,0.003869737024090754,1.0,75.92598548338668,0.6396709680557251,0.123046875,0.7890625,0.5,0.0
0,r5-f1-8015bf53a4067aaa7e882288,77,0,0.05,0.0006546024233102798,0.0007281629805220291,0.0023394674820620006,1.0,75.93105475431139,0.6396803259849548,0.125,0.7890625,0.5,0.0
0,r5-f1-8015bf53a4067aaa7e882288,78,1,0.05,0.00029964721761643887,0.0007233068463392556,0.0013217223343810103,1.0,75.93564765229326,0.6396887302398682,0.125,0.7890625,0.5,0.0
0,r5-f1-8015bf53a4067aaa7e882288,79,2,0.05,0.0007696747779846191,0.0007047791150398552,0.0027674842517489925,1.0,75.93979995167179,0.6396964192390442,0.125,0.79296875,0.5,0.0
0,r5-f1-8015bf53a4067aaa7e882288,80,3,0.05,0.000774085521697998,0.0006996344891376793,0.0033248584396527526,1.0,75.94355496031126,0.6397033333778381,0.123046875,0.7890625,0.5,0.0
0,r5-f1-8015bf53a4067aaa7e882288,81,0,0.05,0.0006629414856433868,0.0006811050116084516,0.0022539039977327435,1.0,75.94695359115521,0.6397095918655396,0.125,0.79296875,0.5,0.0
0,r5-f1-8015bf53a4067aaa7e882288,82,1,0.05,0.0002938078250735998,0.0006780437979614362,0.0013320374243057044,1.0,75.95003146274762,0.639715313911438,0.125,0.7890625,0.5,0.0
0,r5-f1-8015bf53a4067aaa7e882288,83,2,0.05,0.0007575228810310364,0.0006627682450925931,0.0027082273984256186,1.0,75.95281073466116,0.6397204399108887,0.125,0.7890625,0.5,0.0
0,r5-f1-8015bf53a4067aaa7e882288,84,3,0.05,0.0006052851676940918,0.0006488617364084348,0.0020452711002780185,1.0,75.95532248193749,0.6397250890731812,0.125,0.7890625,0.5,0.0
0,r5-f1-8015bf53a4067aaa7e882288,85,0,0.05,0.0006706849671900272,0.0006425928586395457,0.002279869489726967,1.0,75.9575948919815,0.6397293210029602,0.126953125,0.7890625,0.5,0.0
0,r5-f1-8015bf53a4067aaa7e882288,86,1,0.05,0.00025459867902100086,0.0006380865670507774,0.001063616732533775,1.0,75.9596523918051,0.6397331953048706,0.123046875,0.7890625,0.5,0.0
0,r5-f1-8015bf53a4067aaa7e882288,87,2,0.05,0.0007291734218597412,0.0006231379084056243,0.002624956887256163,1.0,75.96150810085591,0.6397366523742676,0.125,0.79296875,0.5,0.0
0,r5-f1-8015bf53a4067aaa7e882288,88,3,0.05,0.0006501972675323486,0.0006101236067479476,0.0027509329483966813,1.0,75.96318454198703,0.6397397518157959,0.125,0.7890625,0.5,0.0
0,r5-f1-8015bf53a4067aaa7e882288,89,0,0.05,0.0006118332967162132,0.0006044425390427932,0.002099255721055548,1.0,75.96469767815287,0.6397426128387451,0.125,0.79296875,0.5,0.0
0,r5-f1-8015bf53a4067aaa7e882288,90,1,0.05,0.00028034113347530365,0.000603593434789218,0.001142865110152923,1.0,75.96606676811787,0.6397451758384705,0.125,0.7890625,0.5,0.0
0,r5-f1-8015bf53a4067aaa7e882288,91,2,0.05,0.0006946325302124023,0.0005967589240754023,0.0023899487091250914,1.0,75.96729751101644,0.6397475600242615,0.125,0.79296875,0.5,0.0
0,r5-f1-8015bf53a4067aaa7e882288,92,3,0.05,0.0005790591239929199,0.000580505482503213,0.002426675575004132,1.0,75.96840872363288,0.6397496461868286,0.125,0.79296875,0.5,0.0
0,r5-f1-8015bf53a4067aaa7e882288,93,0,0.05,0.000604565953835845,0.0005773782031610608,0.0020073394793245296,1.0,75.96940951286162,0.6397514939308167,0.125,0.7890625,0.5,0.0
0,r5-f1-8015bf53a4067aaa7e882288,94,1,0.05,0.0002668739762157202,0.0005753298755735159,0.0010960145719515924,1.0,75.970314119178,0.6397532224655151,0.125,0.79296875,0.5,0.0
0,r5-f1-8015bf53a4067aaa7e882288,95,2,0.05,0.0006710439920425415,0.000569165451452136,0.0022257044206766695,1.0,75.97112676600152,0.6397547721862793,0.125,0.7890625,0.5,0.0
0,r5-f1-8015bf53a4067aaa7e882288,96,3,0.05,0.0005894303321838379,0.000557624502107501,0.0019064875382571404,1.0,75.97186064530976,0.6397562026977539,0.125,0.79296875,0.5,0.0
0,r5-f1-8015bf53a4067aaa7e882288,97,0,0.05,0.0005584587343037128,0.0005510943301487714,0.0018422937207757744,1.0,75.97252188632876,0.6397574543952942,0.125,0.7890625,0.5,0.0
0,r5-f1-8015bf53a4067aaa7e882288,98,1,0.05,0.00024256145115941763,0.000547891431779135,0.001017744028069585,1.0,75.97311913457234,0.6397586464881897,0.123046875,0.7890625,0.5,0.0
0,r5-f1-8015bf53a4067aaa7e882288,99,2,0.05,0.0006230324506759644,0.000539485779881943,0.00211798277649513,1.0,75.97365488138465,0.6397596597671509,0.123046875,0.79296875,0.5,0.0
0,r5-f1-8015bf53a4067aaa7e882288,100,3,0.05,0.0005690604448318481,0.0005372217347030528,0.001808926865992765,1.0,75.97413936801442,0.6397606134414673,0.125,0.796875,0.5,0.0
0,r5-f1-8015bf53a4067aaa7e882288,101,0,0.05,0.0005517867393791676,0.0005297905954648741,0.0016940264726398736,1.0,75.9745747313956,0.6397615075111389,0.125,0.7890625,0.5,0.0
0,r5-f1-8015bf53a4067aaa7e882288,102,1,0.05,0.00022063206415623426,0.0005276676820358261,0.0008789009761627434,1.0,75.97496806202852,0.639762282371521,0.123046875,0.79296875,0.5,0.0
0,r5-f1-8015bf53a4067aaa7e882288,103,2,0.05,0.0005701333284378052,0.0005177276761969551,0.002008805782207084,1.0,75.97532303048374,0.6397629976272583,0.125,0.7890625,0.5,0.0
0,r5-f1-8015bf53a4067aaa7e882288,104,3,0.05,0.0005108118057250977,0.000509016084834002,0.002382343337710299,1.0,75.97564195752503,0.6397636532783508,0.125,0.79296875,0.5,0.0
0,r5-f1-8015bf53a4067aaa7e882288,105,0,0.05,0.0005335574969649315,0.0005041238473495468,0.0018150321760542119,1.0,75.97592570386198,0.6397642493247986,0.125,0.7890625,0.5,0.0
0,r5-f1-8015bf53a4067aaa7e882288,106,1,0.05,0.00022742548026144505,0.0005008166190236807,0.0008616183470673008,1.0,75.97618201143489,0.6397647857666016,0.125,0.79296875,0.5,0.0
0,r5-f1-8015bf53a4067aaa7e882288,107,2,0.05,0.0006230324506759644,0.0004963416140526533,0.002155974779708172,1.0,75.97641052269631,0.6397652626037598,0.125,0.7890625,0.5,0.0
0,r5-f1-8015bf53a4067aaa7e882288,108,3,0.05,0.0005109161138534546,0.0004920826759189367,0.0015882964129996175,1.0,75.97661517222843,0.6397656798362732,0.125,0.7890625,0.5,0.0
0,r5-f1-8015bf53a4067aaa7e882288,109,0,0.05,0.0005225962959229946,0.0004869595722993836,0.0016878124711189695,1.0,75.9767987262346,0.6397660970687866,0.126953125,0.79296875,0.5,0.0
0,r5-f1-8015bf53a4067aaa7e882288,110,1,0.05,0.00021681818179786205,0.00048383108514826745,0.000857671779915023,1.0,75.97696435230813,0.6397665143013,0.125,0.79296875,0.5,0.0
0,r5-f1-8015bf53a4067aaa7e882288,111,2,0.05,0.0005491673946380615,0.00047621379781048745,0.0020312260823451777,1.0,75.97711014793207,0.6397668123245239,0.125,0.7890625,0.5,0.0
0,r5-f1-8015bf53a4067aaa7e882288,112,3,0.05,0.0004773139953613281,0.0004692065267590806,0.001646951898497556,1.0,75.97724208509095,0.6397671103477478,0.126953125,0.796875,0.5,0.0
0,r5-f1-8015bf53a4067aaa7e882288,113,0,0.05,0.000503770774230361,0.0004657885292544961,0.0015460077086964423,1.0,75.97735916720697,0.6397673487663269,0.125,0.79296875,0.5,0.0
0,r5-f1-8015bf53a4067aaa7e882288,114,1,0.05,0.00020418467465788126,0.0004633899807231501,0.0007918915974445818,1.0,75.97746489596744,0.6397676467895508,0.125,0.796875,0.5,0.0
0,r5-f1-8015bf53a4067aaa7e882288,115,2,0.05,0.0005498826503753662,0.0004588181182043627,0.0019606838488614143,1.0,75.97755726388714,0.6397678256034851,0.125,0.79296875,0.5,0.0
0,r5-f1-8015bf53a4067aaa7e882288,116,3,0.05,0.000493168830871582,0.00045407489233184606,0.0017891596748550625,1.0,75.9776397975055,0.6397680640220642,0.125,0.79296875,0.5,0.0
0,r5-f1-8015bf53a4067aaa7e882288,117,0,0.05,0.0004496756009757519,0.0004476929461816326,0.001462318003577225,1.0,75.97771207936148,0.6397682428359985,0.123046875,0.79296875,0.5,0.0
0,r5-f1-8015bf53a4067aaa7e882288,118,1,0.05,0.00022349250502884388,0.0004478717237361707,0.0008958528041955398,1.0,75.9777771767038,0.6397684216499329,0.125,0.796875,0.5,0.0
0,r5-f1-8015bf53a4067aaa7e882288,119,2,0.05,0.0005158036947250366,0.00044447612162912264,0.0018729377575727227,1.0,75.9778319657802,0.6397686004638672,0.125,0.79296875,0.5,0.0
0,r5-f1-8015bf53a4067aaa7e882288,120,3,0.05,0.0004773139953613281,0.00044238250848138705,0.0015831156172669255,1.0,75.97788201669819,0.6397687196731567,0.123046875,0.796875,0.5,0.0
0,r5-f1-8015bf53a4067aaa7e882288,121,0,0.05,0.0004601611290127039,0.0004377952354843728,0.001358074998074746,1.0,75.97792461035802,0.6397688388824463,0.125,0.796875,0.5,0.0
0,r5-f1-8015bf53a4067aaa7e882288,122,1,0.05,0.000200489885173738,0.00043611176079139113,0.0007639302584433325,1.0,75.97796292763495,0.6397689580917358,0.125,0.796875,0.5,0.0
0,r5-f1-8015bf53a4067aaa7e882288,123,2,0.05,0.0005335509777069092,0.0004305191687308252,0.001967223193242856,1.0,75.97799629650187,0.6397690773010254,0.123046875,0.79296875,0.5,0.0
0,r5-f1-8015bf53a4067aaa7e882288,124,3,0.05,0.00042763352394104004,0.0004253140068612993,0.0013308690173759415,1.0,75.9780258260302,0.6397691965103149,0.123046875,0.79296875,0.5,0.0
0,r5-f1-8015bf53a4067aaa7e882288,125,0,0.05,0.00046528480015695095,0.00042173203837592155,0.001418553206932363,1.0,75.9780500376457,0.6397692561149597,0.126953125,0.79296875,0.5,0.0
0,r5-f1-8015bf53a4067aaa7e882288,126,1,0.05,0.0002103822771459818,0.00042132979433517903,0.0007947756174170739,1.0,75.9780717914043,0.6397693753242493,0.123046875,0.79296875,0.5,0.0
0,r5-f1-8015bf53a4067aaa7e882288,127,2,0.05,0.0005065128207206726,0.0004186638834653422,0.0016362089679592955,1.0,75.97808843115702,0.639769434928894,0.125,0.7890625,0.5,0.0
0,r5-f1-8015bf53a4067aaa7e882288,128,3,0.05,0.0004674196243286133,0.00041804548527579755,0.0018213401795258318,1.0,75.9781036488633,0.6397694945335388,0.126953125,0.7890625,0.5,0.0
0,r5-f1-8015bf53a4067aaa7e882288,129,0,0.05,0.00046147173270583153,0.00041540179518051445,0.0013529003375405094,1.0,75.97811620346599,0.6397695541381836,0.126953125,0.796875,0.5,0.0
0,r5-f1-8015bf53a4067aaa7e882288,130,1,0.05,0.00020060909446328878,0.0004151783214183524,0.0007363527948859384,1.0,75.97812733865894,0.6397696137428284,0.123046875,0.796875,0.5,0.0
0,r5-f1-8015bf53a4067aaa7e882288,131,2,0.05,0.0004530102014541626,0.0004091237933607772,0.001251651925951876,1.0,75.97813304542183,0.6397696733474731,0.125,0.796875,0.5,0.0
0,r5-f1-8015bf53a4067aaa7e882288,132,3,0.05,0.0004587322473526001,0.00040697150689084083,0.0013504929077738227,1.0,75.97813788427707,0.6397697329521179,0.125,0.796875,0.5,0.0
0,r5-f1-8015bf53a4067aaa7e882288,133,0,0.05,0.00040189316496253014,0.00040398510464001447,0.0011850619430766641,1.0,75.97814236576373,0.6397697329521179,0.125,0.796875,0.5,0.0
0,r5-f1-8015bf53a4067aaa7e882288,134,1,0.05,0.0002103822771459818,0.0004031657153973356,0.0007720334811432321,1.0,75.97814672417832,0.6397697925567627,0.125,0.796875,0.5,0.0
0,r5-f1-8015bf53a4067aaa7e882288,135,2,0.05,0.0005093738436698914,0.000402763849706389,0.0015795712906614867,1.0,75.97814626483874,0.6397698521614075,0.126953125,0.796875,0.5,0.0
0,r5-f1-8015bf53a4067aaa7e882288,136,3,0.05,0.00039367377758026123,0.00039753633609507233,0.0011179502832719766,1.0,75.9781464940214,0.6397699117660522,0.123046875,0.796875,0.5,0.0
0,r5-f1-8015bf53a4067aaa7e882288,137,0,0.05,0.0004105917178094387,0.00039443824789486825,0.0012104926614740846,1.0,75.97814547338928,0.6397699117660522,0.123046875,0.796875,0.5,0.0
0,r5-f1-8015bf53a4067aaa7e882288,138,1,0.05,0.00020799855701625347,0.00039490753988502547,0.000783187983032397,1.0,75.97814521144248,0.639769971370697,0.119140625,0.796875,0.5,0.0
0,r5-f1-8015bf53a4067aaa7e882288,139,2,0.05,0.0004881620407104492,0.0003920707313227467,0.0014838503105204673,1.0,75.97814359520673,0.6397700309753418,0.12109375,0.796875,0.5,0.0
0,r5-f1-8015bf53a4067aaa7e882288,140,3,0.05,0.0003734081983566284,0.000388681648473721,0.0010145002583545181,1.0,75.97814307780506,0.6397700309753418,0.12109375,0.796875,0.5,0.0
0,r5-f1-8015bf53a4067aaa7e882288,141,0,0.05,0.0004068976268172264,0.0003850324501399882,0.001182965872494818,1.0,75.97814205331238,0.6397700905799866,0.12109375,0.796875,0.5,0.0
0,r5-f1-8015bf53a4067aaa7e882288,142,1,0.05,0.00018022814765572548,0.0003831478170468472,0.000681030051816747,1.0,75.97814136230488,0.6397701501846313,0.12109375,0.796875,0.5,0.0
0,r5-f1-8015bf53a4067aaa7e882288,143,2,0.05,0.0004170238971710205,0.00037755475932499394,0.00132900056962567,1.0,75.97813643376901,0.6397701501846313,0.123046875,0.796875,0.5,0.0
0,r5-f1-8015bf53a4067aaa7e882288,144,3,0.05,0.0004126131534576416,0.0003741293548955582,0.0015106212529827053,1.0,75.97813122554015,0.6397702097892761,0.125,0.796875,0.5,0.0
0,r5-f1-8015bf53a4067aaa7e882288,145,0,0.05,0.0003880700096487999,0.00036954174720449373,0.0011833112905780606,1.0,75.9781276045591,0.6397702097892761,0.123046875,0.79296875,0.5,0.0
0,r5-f1-8015bf53a4067aaa7e882288,146,1,0.05,0.00017176580149680376,0.0003677390413940884,0.0006341573158784639,1.0,75.9781249485857,0.6397702693939209,0.12109375,0.7890625,0.5,0.0
0,r5-f1-8015bf53a4067aaa7e882288,147,2,0.05,0.00043299049139022827,0.0003664878095150925,0.0014753967908918884,1.0,75.97812198249925,0.6397702693939209,0.12109375,0.79296875,0.5,0.0
0,r5-f1-8015bf53a4067aaa7e882288,148,3,0.05,0.00036863982677459717,0.00036085703322896734,0.001110245916825837,1.0,75.97811951814336,0.6397703289985657,0.12109375,0.7890625,0.5,0.0
0,r5-f1-8015bf53a4067aaa7e882288,149,0,0.05,0.0003545847721397877,0.00035790025867754593,0.0009596721161428038,1.0,75.9781170242698,0.6397703289985657,0.123046875,0.7890625,0.5,0.0
0,r5-f1-8015bf53a4067aaa7e882288,150,1,0.05,0.000194649794138968,0.00035691697848960757,0.0007537983062826973,1.0,75.97811458284285,0.6397703289985657,0.12109375,0.796875,0.5,0.0
0,r5-f1-8015bf53a4067aaa7e882288,151,2,0.05,0.000430375337600708,0.0003519795718602836,0.0011696657655690184,1.0,75.97811021983865,0.6397703289985657,0.12109375,0.796875,0.5,0.0
0,r5-f1-8015bf53a4067aaa7e882288,152,3,0.05,0.0003734081983566284,0.00035071297315880656,0.0010089889131055898,1.0,75.97810619388406,0.6397703289985657,0.123046875,0.79296875,0.5,0.0
0,r5-f1-8015bf53a4067aaa7e882288,153,0,0.05,0.00039259810000658035,0.0003495883720461279,0.0011305498124241956,1.0,75.9781021150624,0.6397703886032104,0.12109375,0.7890625,0.5,0.0
0,r5-f1-8015bf53a4067aaa7e882288,154,1,0.05,0.00016890536062419415,0.0003471450472716242,0.0006292182357854502,1.0,75.97809876640069,0.6397703886032104,0.123046875,0.79296875,0.5,0.0
0,r5-f1-8015bf53a4067aaa7e882288,155,2,0.05,0.000417858362197876,0.0003427510673645884,0.0012957868752312743,1.0,75.97809176311617,0.6397703886032104,0.123046875,0.7890625,0.5,0.0
0,r5-f1-8015bf53a4067aaa7e882288,156,3,0.05,0.0003712773323059082,0.00034261788823641837,0.001227611691225714,1.0,75.97808585046205,0.6397704482078552,0.123046875,0.796875,0.5,0.0
0,r5-f1-8015bf53a4067aaa7e882288,157,0,0.05,0.00040618283674120903,0.0003425732138566673,0.0012435406642323007,1.0,75.97808248410425,0.6397704482078552,0.123046875,0.796875,0.5,0.0
0,r5-f1-8015bf53a4067aaa7e882288,158,1,0.05,0.00017176580149680376,0.00034204431722173467,0.0006340800875605284,1.0,75.97807965125762,0.6397704482078552,0.12109375,0.79296875,0.5,0.0
0,r5-f1-8015bf53a4067aaa7e882288,159,2,0.05,0.00037579983472824097,0.00033946781331906095,0.0010195653344121055,1.0,75.97807361547238,0.6397705078125,0.123046875,0.796875,0.5,0.0
0,r5-f1-8015bf53a4067aaa7e882288,160,3,0.05,0.00036078691482543945,0.0003362286734045483,0.0011557638485686376,1.0,75.97806768135146,0.6397705078125,0.12109375,0.796875,0.5,0.0
0,r5-f1-8015bf53a4067aaa7e882288,161,0,0.05,0.000338973943144083,0.0003331601692480035,0.000989659053779861,1.0,75.97806306393994,0.6397705078125,0.12109375,0.796875,0.5,0.0
0,r5-f1-8015bf53a4067aaa7e882288,162,1,0.05,0.00016890536062419415,0.0003329813916934654,0.0006870252502824014,1.0,75.97805878188811,0.6397705078125,0.12109375,0.796875,0.5,0.0
0,r5-f1-8015bf53a4067aaa7e882288,163,2,0.05,0.00043907761573791504,0.00033336183696519583,0.0013172824625085125,1.0,75.97804935425116,0.6397705078125,0.123046875,0.796875,0.5,0.0
0,r5-f1-8015bf53a4067aaa7e882288,164,3,0.05,0.0003777146339416504,0.00033392901241313666,0.0012393532080366644,1.0,75.97804048854343,0.6397705078125,0.123046875,0.796875,0.5,0.0
0,r5-f1-8015bf53a4067aaa7e882288,165,0,0.05,0.0003750813193619251,0.00033521004661452025,0.001060714456266096,1.0,75.97803330137636,0.6397705078125,0.12109375,0.796875,0.5,0.0
0,r5-f1-8015bf53a4067aaa7e882288,166,1,0.05,0.00016890536062419415,0.0003336010195198469,0.0006181420114496001,1.0,75.97802748807521,0.6397705674171448,0.12109375,0.796875,0.5,0.0
0,r5-f1-8015bf53a4067aaa7e882288,167,2,0.05,0.00039914995431900024,0.00033164943306474015,0.0010969980327641064,1.0,75.97801888029656,0.6397705674171448,0.123046875,0.796875,0.5,0.0
0,r5-f1-8015bf53a4067aaa7e882288,168,3,0.05,0.00035518407821655273,0.0003305104255559854,0.0010302976678958956,1.0,75.97800904633597,0.6397705674171448,0.119140625,0.79296875,0.5,0.0
0,r5-f1-8015bf53a4067aaa7e882288,169,0,0.05,0.0003272951580584049,0.00032642899168422446,0.0009034727326637556,1.0,75.97800033058431,0.6397705674171448,0.125,0.79296875,0.5,0.0
0,r5-f1-8015bf53a4067aaa7e882288,170,1,0.05,0.00016640243120491505,0.0003262725585955195,0.0006508570293273715,1.0,75.97799259214605,0.6397705674171448,0.123046875,0.796875,0.5,0.0
0,r5-f1-8015bf53a4067aaa7e882288,171,2,0.05,0.00039486587047576904,0.00032483552786288783,0.0011906196788746813,1.0,75.97798181355057,0.6397705674171448,0.123046875,0.79296875,0.5,0.0
0,r5-f1-8015bf53a4067aaa7e882288,172,3,0.05,0.00034552812576293945,0.0003232262024539523,0.0009248020606730846,1.0,75.9779727959048,0.6397705674171448,0.12109375,0.796875,0.5,0.0
0,r5-f1-8015bf53a4067aaa7e882288,173,0,0.05,0.00033504096791148186,0.00031877983565209433,0.0008811560960638235,1.0,75.97796430379402,0.6397705674171448,0.125,0.796875,0.5,0.0
0,r5-f1-8015bf53a4067aaa7e882288,174,1,0.05,0.00015841657295823097,0.00031794550886843354,0.0005682895040501642,1.0,75.97795703784578,0.6397705674171448,0.123046875,0.79296875,0.5,0.0
0,r5-f1-8015bf53a4067aaa7e882288,175,2,0.05,0.00038520991802215576,0.0003185336390743032,0.0013081421392785624,1.0,75.97794861453498,0.6397705674171448,0.125,0.796875,0.5,0.0
0,r5-f1-8015bf53a4067aaa7e882288,176,3,0.05,0.0003401637077331543,0.0003172446886310354,0.000885075186703633,1.0,75.97794114479352,0.6397705674171448,0.123046875,0.796875,0.5,0.0
0,r5-f1-8015bf53a4067aaa7e882288,177,0,0.05,0.000316450372338295,0.00031583696545567364,0.0008653370185682871,1.0,75.97793436591752,0.6397706270217896,0.123046875,0.79296875,0.5,0.0
0,r5-f1-8015bf53a4067aaa7e882288,178,1,0.05,0.0001613963395357132,0.0003153676516376436,0.0005829626330544307,1.0,75.97792854722648,0.6397706270217896,0.12109375,0.79296875,0.5,0.0
0,r5-f1-8015bf53a4067aaa7e882288,179,2,0.05,0.0003193095326423645,0.00030788214644417167,0.0009118603752896708,1.0,75.97792315237788,0.6397706270217896,0.125,0.79296875,0.5,0.0
0,r5-f1-8015bf53a4067aaa7e882288,180,3,0.05,0.00034183263778686523,0.0003056395216844976,0.0008575787705685022,1.0,75.97792047694698,0.6397706866264343,0.123046875,0.79296875,0.5,0.0
0,r5-f1-8015bf53a4067aaa7e882288,181,0,0.05,0.0003272951580584049,0.0003026528866030276,0.0008758550545263723,1.0,75.97791858782395,0.6397706866264343,0.12109375,0.79296875,0.5,0.0
0,r5-f1-8015bf53a4067aaa7e882288,182,1,0.05,0.0001613963395357132,0.0003021835727849975,0.0006026442715273466,1.0,75.9779175132951,0.6397707462310791,0.123046875,0.79296875,0.5,0.0
0,r5-f1-8015bf53a4067aaa7e882288,183,2,0.05,0.00038222968578338623,0.00030112605600152165,0.0011277860343520685,1.0,75.97791587742898,0.6397707462310791,0.12109375,0.79296875,0.5,0.0
0,r5-f1-8015bf53a4067aaa7e882288,184,3,0.05,0.00030225515365600586,0.00029781799821648747,0.000940246331405483,1.0,75.97791458654464,0.6397707462310791,0.12109375,0.79296875,0.5,0.0
0,r5-f1-8015bf53a4067aaa7e882288,185,0,0.05,0.0003200257197022438,0.0002973636583192274,0.000929096140182159,1.0,75.97791427268372,0.6397708058357239,0.123046875,0.796875,0.5,0.0
0,r5-f1-8015bf53a4067aaa7e882288,186,1,0.05,0.00014459039084613323,0.00029600040579680353,0.0005312671754358532,1.0,75.97791461984873,0.6397708058357239,0.123046875,0.796875,0.5,0.0
0,r5-f1-8015bf53a4067aaa7e882288,187,2,0.05,0.000352323055267334,0.00029334147984627634,0.0011158289891003337,1.0,75.97791406617327,0.6397708058357239,0.123046875,0.79296875,0.5,0.0
0,r5-f1-8015bf53a4067aaa7e882288,188,3,0.05,0.00033587217330932617,0.0002927379828179255,0.0012665597911756,1.0,75.97791594410201,0.6397708654403687,0.123046875,0.79296875,0.5,0.0
0,r5-f1-8015bf53a4067aaa7e882288,189,0,0.05,0.00030548684298992157,0.000290890850010328,0.0008522080858067418,1.0,75.9779182851332,0.6397708654403687,0.123046875,0.79296875,0.5,0.0
0,r5-f1-8015bf53a4067aaa7e882288,190,1,0.05,0.00015126517973840237,0.0002904438879340887,0.0005275280489298133,1.0,75.97792044192032,0.6397708654403687,0.123046875,0.796875,0.5,0.0
0,r5-f1-8015bf53a4067aaa7e882288,191,2,0.05,0.00034815073013305664,0.00028812768869102,0.000957033658576317,1.0,75.97792055815688,0.6397709250450134,0.12109375,0.796875,0.5,0.0
0,r5-f1-8015bf53a4067aaa7e882288,192,3,0.05,0.00030393898487091064,0.0002858636435121298,0.000730436446413739,1.0,75.9779228729694,0.6397709250450134,0.125,0.79296875,0.5,0.0
0,r5-f1-8015bf53a4067aaa7e882288,193,0,0.05,0.00030572526156902313,0.0002851933240890503,0.0008154709188912883,1.0,75.97792533875864,0.6397709846496582,0.123046875,0.79296875,0.5,0.0
0,r5-f1-8015bf53a4067aaa7e882288,194,1,0.05,0.00014721264597028494,0.000284306843241211,0.0005701519341840365,1.0,75.97792794644752,0.6397709846496582,0.123046875,0.79296875,0.5,0.0
0,r5-f1-8015bf53a4067aaa7e882288,195,2,0.05,0.00033361464738845825,0.0002852009129128419,0.0010016630088492344,1.0,75.97792571886089,0.6397709846496582,0.123046875,0.79296875,0.5,0.0
0,r5-f1-8015bf53a4067aaa7e882288,196,3,0.05,0.0003187209367752075,0.0002837564315996133,0.0007615144414918416,1.0,75.97792424314727,0.639771044254303,0.12109375,0.796875,0.5,0.0
0,r5-f1-8015bf53a4067aaa7e882288,197,0,0.05,0.0003200257197022438,0.0002833020917023532,0.0008283560744557446,1.0,75.97792369010514,0.639771044254303,0.12109375,0.79296875,0.5,0.0
0,r5-f1-8015bf53a4067aaa7e882288,198,1,0.05,0.0001516228076070547,0.00028269124595681205,0.000525343731214205,1.0,75.97792354795901,0.639771044254303,0.12109375,0.79296875,0.5,0.0
0,r5-f1-8015bf53a4067aaa7e882288,199,2,0.05,0.00033527612686157227,0.0002797566485241987,0.0009338696343574829,1.0,75.97792096752012,0.6397711038589478,0.123046875,0.79296875,0.5,0.0
0,r5-f1-8015bf53a4067aaa7e882288,200,3,0.05,0.00033015012741088867,0.00028150008438387886,0.0009214931920142227,1.0,75.9779178450988,0.6397711038589478,0.123046875,0.796875,0.5,0.0
0,r5-f1-8015bf53a4067aaa7e882288,201,0,0.05,0.0003056058194488287,0.0002805988406180404,0.0008419131289510824,1.0,75.9779160241562,0.6397711038589478,0.125,0.79296875,0.5,0.0
0,r5-f1-8015bf53a4067aaa7e882288,202,1,0.05,0.00013565097469836473,0.0002800401271088049,0.0004485872873942721,1.0,75.97791459992285,0.6397711634635925,0.123046875,0.79296875,0.5,0.0
0,r5-f1-8015bf53a4067aaa7e882288,203,2,0.05,0.0003483891487121582,0.0002797942579491064,0.0009451457832498823,1.0,75.97791253671545,0.6397712230682373,0.123046875,0.796875,0.5,0.0
0,r5-f1-8015bf53a4067aaa7e882288,204,3,0.05,0.00033587217330932617,0.0002797942579491064,0.0011104875351848223,1.0,75.97790741715428,0.6397712230682373,0.12109375,0.79296875,0.5,0.0
0,r5-f1-8015bf53a4067aaa7e882288,205,0,0.05,0.00033468357287347317,0.00028161905356682837,0.0009498791639018913,1.0,75.9779023282587,0.6397712230682373,0.12109375,0.79296875,0.5,0.0
0,r5-f1-8015bf53a4067aaa7e882288,206,1,0.05,0.00013565097469836473,0.000280643165751826,0.0004680432414148689,1.0,75.97789761277319,0.6397712230682373,0.12109375,0.79296875,0.5,0.0
0,r5-f1-8015bf53a4067aaa7e882288,207,2,0.05,0.00036673247814178467,0.0002818045250023715,0.0011394719091343396,1.0,75.97788837090643,0.6397712230682373,0.12109375,0.79296875,0.5,0.0
0,r5-f1-8015bf53a4067aaa7e882288,208,3,0.05,0.00030012428760528564,0.00028156610642326996,0.000795510003919653,1.0,75.97787937651904,0.6397712230682373,0.123046875,0.79296875,0.5,0.0
0,r5-f1-8015bf53a4067aaa7e882288,209,0,0.05,0.0003056058194488287,0.0002815586412907578,0.0008483065691782414,1.0,75.97787269634152,0.6397712230682373,0.12109375,0.796875,0.5,0.0
0,r5-f1-8015bf53a4067aaa7e882288,210,1,0.05,0.00014506722800433636,0.000281424552667886,0.0005363982103055561,1.0,75.97786716168318,0.6397712826728821,0.123046875,0.796875,0.5,0.0
0,r5-f1-8015bf53a4067aaa7e882288,211,2,0.05,0.0003272891044616699,0.00028102920623496175,0.0009276941824447634,1.0,75.97786034308145,0.6397712826728821,0.125,0.79296875,0.5,0.0
0,r5-f1-8015bf53a4067aaa7e882288,212,3,0.05,0.00029143691062927246,0.0002793239546008408,0.0008870594526438749,1.0,75.97785494244113,0.6397712826728821,0.123046875,0.79296875,0.5,0.0
0,r5-f1-8015bf53a4067aaa7e882288,213,0,0.05,0.0003022691234946251,0.00027821416733786464,0.0008103649076185595,1.0,75.97785076733297,0.6397712826728821,0.12109375,0.79296875,0.5,0.0
0,r5-f1-8015bf53a4067aaa7e882288,214,1,0.05,0.000149000552482903,0.00027805027639260516,0.0005007338198807751,1.0,75.97784764506656,0.6397713422775269,0.123046875,0.79296875,0.5,0.0
0,r5-f1-8015bf53a4067aaa7e882288,215,2,0.05,0.00033730268478393555,0.00027817693626275286,0.0009643683456316925,1.0,75.97784402455704,0.6397713422775269,0.123046875,0.7890625,0.5,0.0
0,r5-f1-8015bf53a4067aaa7e882288,216,3,0.05,0.0002940446138381958,0.00027592034166445956,0.0007485350404946848,1.0,75.97784182569508,0.6397713422775269,0.123046875,0.79296875,0.5,0.0
0,r5-f1-8015bf53a4067aaa7e882288,217,0,0.05,0.0003272951580584049,0.00027727592532755807,0.0008647261315193293,1.0,75.97784053238907,0.6397714018821716,0.123046875,0.79296875,0.5,0.0
0,r5-f1-8015bf53a4067aaa7e882288,218,1,0.05,0.0001379156019538641,0.0002774174645310268,0.0005251444777620585,1.0,75.97783980982233,0.6397714018821716,0.123046875,0.79296875,0.5,0.0
0,r5-f1-8015bf53a4067aaa7e882288,219,2,0.05,0.00032097846269607544,0.0002757042966550216,0.0008002187149979895,1.0,75.97783777603394,0.6397714018821716,0.12109375,0.79296875,0.5,0.0
0,r5-f1-8015bf53a4067aaa7e882288,220,3,0.05,0.0003158450126647949,0.0002744525991147384,0.0008047733524755152,1.0,75.97783497946556,0.6397714018821716,0.123046875,0.79296875,0.5,0.0
0,r5-f1-8015bf53a4067aaa7e882288,221,0,0.05,0.00030262675136327744,0.00027244904777035117,0.0008437918332636538,1.0,75.97783302663957,0.6397714614868164,0.123046875,0.79296875,0.5,0.0
0,r5-f1-8015bf53a4067aaa7e882288,222,1,0.05,0.00014029955491423607,0.00027273958403384313,0.0005534214352948329,1.0,75.97783125548014,0.6397714614868164,0.125,0.79296875,0.5,0.0
0,r5-f1-8015bf53a4067aaa7e882288,223,2,0.05,0.00029440224170684814,0.0002682189442566596,0.0008009823829983045,1.0,75.97782849430963,0.6397714614868164,0.12109375,0.7890625,0.5,0.0
0,r5-f1-8015bf53a4067aaa7e882288,224,3,0.05,0.0002964287996292114,0.00026798797625815496,0.0006813545253132343,1.0,75.97782664698457,0.6397715210914612,0.12109375,0.7890625,0.5,0.0
0,r5-f1-8015bf53a4067aaa7e882288,225,0,0.05,0.00027891085483133793,0.0002663195409695618,0.0007159500754045194,1.0,75.97782561702562,0.6397715210914612,0.123046875,0.7890625,0.5,0.0
0,r5-f1-8015bf53a4067aaa7e882288,226,1,0.05,0.0001400611363351345,0.00026600666024023667,0.0004769821292210898,1.0,75.97782509360536,0.639771580696106,0.123046875,0.79296875,0.5,0.0
0,r5-f1-8015bf53a4067aaa7e882288,227,2,0.05,0.0003175213932991028,0.0002653961782925762,0.0008201237790792897,1.0,75.97782390099941,0.639771580696106,0.123046875,0.79296875,0.5,0.0
0,r5-f1-8015bf53a4067aaa7e882288,228,3,0.05,0.0002689063549041748,0.0002639880185597576,0.0008456437864657372,1.0,75.9778239634617,0.6397716403007507,0.12109375,0.79296875,0.5,0.0
0,r5-f1-8015bf53a4067aaa7e882288,229,0,0.05,0.0002822477836161852,0.0002627366848173551,0.0007504871188447652,1.0,75.97782461091572,0.6397716403007507,0.123046875,0.7890625,0.5,0.0
0,r5-f1-8015bf53a4067aaa7e882288,230,1,0.05,0.00013147923164069653,0.0002616416022647172,0.0004829731394268882,1.0,75.97782551257802,0.6397716403007507,0.12109375,0.7890625,0.5,0.0
0,r5-f1-8015bf53a4067aaa7e882288,231,2,0.05,0.00029952824115753174,0.000259280699538067,0.0009364528444272894,1.0,75.97782391484148,0.6397716999053955,0.123046875,0.7890625,0.5,0.0
0,r5-f1-8015bf53a4067aaa7e882288,232,3,0.05,0.0003158450126647949,0.00026064322446472943,0.0008907169015031268,1.0,75.97782368792976,0.6397716999053955,0.12109375,0.7890625,0.5,0.0
0,r5-f1-8015bf53a4067aaa7e882288,233,0,0.05,0.0002762889489531517,0.0002574553363956511,0.0007217253484175334,1.0,75.9778243541908,0.6397717595100403,0.12109375,0.7890625,0.5,0.0
0,r5-f1-8015bf53a4067aaa7e882288,234,1,0.05,0.00013588927686214447,0.0002573286910774186,0.00048093588489823665,1.0,75.97782478342253,0.6397717595100403,0.12109375,0.7890625,0.5,0.0
0,r5-f1-8015bf53a4067aaa7e882288,235,2,0.05,0.0003210976719856262,0.00025733614165801555,0.0009533350373043764,1.0,75.97782467989987,0.6397718191146851,0.119140625,0.7890625,0.5,0.0
0,r5-f1-8015bf53a4067aaa7e882288,236,3,0.05,0.00026676058769226074,0.00025426836509723216,0.000841349654735722,1.0,75.97782686272339,0.6397718191146851,0.119140625,0.7890625,0.5,0.0
0,r5-f1-8015bf53a4067aaa7e882288,237,0,0.05,0.0002551944926381111,0.00025130384892690927,0.0006551141477918873,1.0,75.97782904358341,0.6397718191146851,0.1171875,0.7890625,0.5,0.0
0,r5-f1-8015bf53a4067aaa7e882288,238,1,0.05,0.00012766500003635883,0.00025051418924704194,0.00041879165987787105,1.0,75.97783123473653,0.6397718787193298,0.1171875,0.7890625,0.5,0.0
0,r5-f1-8015bf53a4067aaa7e882288,239,2,0.05,0.00029440224170684814,0.00025051418924704194,0.0007557331003608762,1.0,75.97783117757089,0.6397718787193298,0.1171875,0.79296875,0.5,0.0
0,r5-f1-8015bf53a4067aaa7e882288,240,3,0.05,0.0002662837505340576,0.00024863012367859483,0.0006467302103523106,1.0,75.97783252176552,0.6397719383239746,0.115234375,0.79296875,0.5,0.0
0,r5-f1-8015bf53a4067aaa7e882288,241,0,0.05,0.00025769718922674656,0.00024730426957830787,0.0006667431391626394,1.0,75.97783412559683,0.6397719979286194,0.1171875,0.7890625,0.5,0.0
0,r5-f1-8015bf53a4067aaa7e882288,242,1,0.05,0.00014029955491423607,0.0002473191707395017,0.0005464101438232664,1.0,75.97783581500093,0.6397719979286194,0.1171875,0.7890625,0.5,0.0
0,r5-f1-8015bf53a4067aaa7e882288,243,2,0.05,0.00027342140674591064,0.0002445629215799272,0.0009431342612576794,1.0,75.97783786002125,0.6397719979286194,0.1171875,0.7890625,0.5,0.0
0,r5-f1-8015bf53a4067aaa7e882288,244,3,0.05,0.00027880072593688965,0.0002451813197694719,0.0007565967864169046,1.0,75.97784105539337,0.6397720575332642,0.1171875,0.7890625,0.5,0.0
0,r5-f1-8015bf53a4067aaa7e882288,245,0,0.05,0.0002696150913834572,0.0002443917765049264,0.0007380408272941488,1.0,75.97784454585806,0.6397720575332642,0.1171875,0.7890625,0.5,0.0
0,r5-f1-8015bf53a4067aaa7e882288,246,1,0.05,0.0001315984409302473,0.0002443992270855233,0.0004471102889141643,1.0,75.97784820123128,0.6397721171379089,0.119140625,0.7890625,0.5,0.0
0,r5-f1-8015bf53a4067aaa7e882288,247,2,0.05,0.0002983361482620239,0.00024432472127955407,0.0007804855206930104,1.0,75.97785007043396,0.6397721171379089,0.1171875,0.7890625,0.5,0.0
0,r5-f1-8015bf53a4067aaa7e882288,248,3,0.05,0.00027473270893096924,0.00024175520229618996,0.0007013970041269979,1.0,75.97785192279612,0.6397721767425537,0.119140625,0.7890625,0.5,0.0
0,r5-f1-8015bf53a4067aaa7e882288,249,0,0.05,0.00024899723939597607,0.0002400494704488665,0.0006141893522165011,1.0,75.97785471704861,0.6397721767425537,0.1171875,0.7890625,0.5,0.0
0,r5-f1-8015bf53a4067aaa7e882288,250,1,0.05,0.0001315984409302473,0.00023978129320312291,0.0004553053772955291,1.0,75.9778578143856,0.6397722363471985,0.1171875,0.7890625,0.5,0.0
0,r5-f1-8015bf53a4067aaa7e882288,251,2,0.05,0.00028177350759506226,0.00023732353292871267,0.0007860091182358198,1.0,75.97785933905962,0.6397722363471985,0.119140625,0.7890625,0.5,0.0
0,r5-f1-8015bf53a4067aaa7e882288,252,3,0.05,0.00027129054069519043,0.00023760665499139577,0.0008047819794192441,1.0,75.97786020994751,0.6397722959518433,0.1171875,0.79296875,0.5,0.0
0,r5-f1-8015bf53a4067aaa7e882288,253,0,0.05,0.00027891085483133793,0.00023908892762847245,0.0007435914559374734,1.0,75.97786343216079,0.6397722959518433,0.1171875,0.7890625,0.5,0.0
0,r5-f1-8015bf53a4067aaa7e882288,254,1,0.05,0.00012575788423419,0.0002389697328908369,0.00043517052305358094,1.0,75.97786718066709,0.639772355556488,0.1171875,0.79296875,0.5,0.0
0,r5-f1-8015bf53a4067aaa7e882288,255,2,0.05,0.00026973336935043335,0.00023742792836856097,0.0006593349907493769,1.0,75.97786992626632,0.639772355556488,0.1171875,0.79296875,0.5,0.0
0,r5-f1-8015bf53a4067aaa7e882288,256,3,0.05,0.0003014206886291504,0.00023962398699950427,0.0009368221271962685,1.0,75.97787233065513,0.6397724151611328,0.1171875,0.7890625,0.5,0.0
1,r5-f1-392d41fd097d069c42218e0a,1,0,0.05,26.708362579345703,26.708362579345703,85.45350518197355,1.0,12.799968441266548,0.5692134499549866,0.443359375,0.546875,0.498046875,0.0
1,r5-f1-392d41fd097d069c42218e0a,2,1,0.05,17.916759490966797,22.31256103515625,54.18933742575011,1.0,19.326658246762467,0.5719332695007324,0.40234375,0.5703125,0.498046875,0.0
1,r5-f1-392d41fd097d069c42218e0a,3,2,0.05,22.41694450378418,22.347355524698894,41.8605287253928,1.0,24.596975965651644,0.5750958919525146,0.3515625,0.5859375,0.498046875,0.0
1,r5-f1-392d41fd097d069c42218e0a,4,3,0.05,18.174535751342773,21.304150581359863,28.66054048037024,1.0,29.26235748935855,0.5783889293670654,0.326171875,0.60546875,0.498046875,0.0
1,r5-f1-392d41fd097d069c42218e0a,5,0,0.05,11.962151527404785,19.43575077056885,16.06753133889834,1.0,33.48645852393592,0.5818724632263184,0.296875,0.62109375,0.498046875,0.0
1,r5-f1-392d41fd097d069c42218e0a,6,1,0.05,5.566946983337402,17.12428347269694,15.601878886392063,1.0,37.276802053850275,0.5853651165962219,0.26953125,0.62890625,0.498046875,0.0
1,r5-f1-392d41fd097d069c42218e0a,7,2,0.05,3.967784881591797,15.244783673967634,147.20345339013235,1.0,40.2063302932497,0.5882859826087952,0.26171875,0.64453125,0.498046875,0.0
1,r5-f1-392d41fd097d069c42218e0a,8,3,0.05,5.923013687133789,14.079562425613403,49.31198095442782,1.0,42.96404124933771,0.5911825895309448,0.25,0.6484375,0.498046875,0.0
1,r5-f1-392d41fd097d069c42218e0a,9,0,0.05,13.723793983459473,14.04003259870741,15.293175989605434,1.0,45.600745177676274,0.5941073894500732,0.2265625,0.66015625,0.498046875,0.0
1,r5-f1-392d41fd097d069c42218e0a,10,1,0.05,5.229852676391602,13.15901460647583,41.19491029009808,1.0,48.049362826351846,0.5969461798667908,0.2109375,0.6875,0.498046875,0.0
1,r5-f1-392d41fd097d069c42218e0a,11,2,0.05,3.859778881072998,12.313629540530117,95.34767293784937,1.0,50.173719869921825,0.5994858145713806,0.19140625,0.6875,0.498046875,0.0
1,r5-f1-392d41fd097d069c42218e0a,12,3,0.05,6.589398384094238,11.836610277493795,26.476707288729855,1.0,52.24036493508293,0.6020486950874329,0.16796875,0.6953125,0.498046875,0.0
1,r5-f1-392d41fd097d069c42218e0a,13,0,0.05,4.43203067779541,11.26702723136315,15.750338261093376,1.0,54.24753696570078,0.6046329736709595,0.150390625,0.69921875,0.498046875,0.0
1,r5-f1-392d41fd097d069c42218e0a,14,1,0.05,3.2961487770080566,10.697678770337786,242.50029331581607,1.0,55.936430505533174,0.6068413853645325,0.154296875,0.70703125,0.498046875,0.0
1,r5-f1-392d41fd097d069c42218e0a,15,2,0.05,15.54621410369873,11.020914459228516,18.306718342636117,1.0,57.665753741532164,0.6091835498809814,0.12890625,0.7109375,0.498046875,0.0
1,r5-f1-392d41fd097d069c42218e0a,16,3,0.05,8.997039794921875,10.89442229270935,37.93797363826497,1.0,59.35467798902332,0.611552357673645,0.111328125,0.7265625,0.498046875,0.0
1,r5-f1-392d41fd097d069c42218e0a,17,0,0.05,6.108964920043945,9.60695993900299,28.724752884722847,1.0,61.00970961369358,0.6139316558837891,0.1015625,0.7421875,0.498046875,0.0
1,r5-f1-392d41fd097d069c42218e0a,18,1,0.05,0.19795751571655273,8.49953481554985,3.88019611397148,1.0,62.63615980185543,0.6163346767425537,0.095703125,0.75390625,0.498046875,0.0
1,r5-f1-392d41fd097d069c42218e0a,19,2,0.05,3.271531820297241,7.302946522831917,68.17689376315327,1.0,64.17328327159085,0.6186628341674805,0.087890625,0.76171875,0.498046875,0.0
1,r5-f1-392d41fd097d069c42218e0a,20,3,0.05,2.474609851837158,6.321701154112816,109.05317331974527,1.0,65.55930683567152,0.6207935810089111,0.07421875,0.765625,0.498046875,0.0
1,r5-f1-392d41fd097d069c42218e0a,21,0,0.05,0.041806697845458984,5.576679602265358,0.5995766899339253,1.0,66.96777787338674,0.6230083703994751,0.068359375,0.7734375,0.498046875,0.0
1,r5-f1-392d41fd097d069c42218e0a,22,1,0.05,0.011646509170532227,5.229473322629929,0.2155866469138973,1.0,68.36436988969466,0.6252506375312805,0.0625,0.78125,0.498046875,0.0
1,r5-f1-392d41fd097d069c42218e0a,23,2,0.05,0.5598165988922119,5.0164753049612045,7.9627558384844885,1.0,69.72237409568292,0.6274745464324951,0.060546875,0.796875,0.498046875,0.0
1,r5-f1-392d41fd097d069c42218e0a,24,3,0.05,0.3050041198730469,4.665349707007408,5.564217256653749,1.0,71.02827193212141,0.6296522617340088,0.046875,0.8203125,0.498046875,0.0
1,r5-f1-392d41fd097d069c42218e0a,25,0,0.05,0.013681471347808838,3.808467675000429,0.23796733690901228,1.0,72.27441479758636,0.6317639350891113,0.04296875,0.8359375,0.498046875,0.0
1,r5-f1-392d41fd097d069c42218e0a,26,1,0.05,0.0015575885772705078,3.4816992320120335,0.022672893515752638,1.0,73.45431321169455,0.6337931156158447,0.037109375,0.84375,0.498046875,0.0
1,r5-f1-392d41fd097d069c42218e0a,27,2,0.05,0.024237513542175293,3.241977896541357,0.42465437732513944,1.0,74.56447447193727,0.6357282400131226,0.033203125,0.84765625,0.49609375,0.0
1,r5-f1-392d41fd097d069c42218e0a,28,3,0.05,0.029682397842407227,2.8319956474006176,0.7089138370343327,1.0,75.60335224092778,0.6375616192817688,0.02734375,0.8515625,0.49609375,0.0
1,r5-f1-392d41fd097d069c42218e0a,29,0,0.05,0.042665958404541016,2.5576603524386883,1.4200780632740713,1.0,76.57149627065328,0.6392895579338074,0.025390625,0.84765625,0.49609375,0.0
1,r5-f1-392d41fd097d069c42218e0a,30,1,0.05,0.0020580291748046875,2.35177968069911,0.061834371139055766,1.0,77.47141991202206,0.6409121751785278,0.021484375,0.85546875,0.49609375,0.0
1,r5-f1-392d41fd097d069c42218e0a,31,2,0.05,0.024373404681682587,1.3816646370105445,0.4114272297219643,1.0,78.30548116350282,0.6424300074577332,0.017578125,0.859375,0.49609375,0.0
1,r5-f1-392d41fd097d069c42218e0a,32,3,0.05,0.008675575256347656,0.8198918732814491,0.3102367826674953,1.0,79.07667031154186,0.6438455581665039,0.017578125,0.8671875,0.49609375,0.0
1,r5-f1-392d41fd097d069c42218e0a,33,0,0.05,0.005815863609313965,0.4384450572542846,0.11166649102411423,1.0,79.7884187322807,0.645162045955658,0.015625,0.859375,0.49609375,0.0
1,r5-f1-392d41fd097d069c42218e0a,34,1,0.05,0.0010988712310791016,0.4261413919739425,0.018618581458309295,1.0,80.44421621631822,0.6463834643363953,0.013671875,0.8671875,0.49609375,0.0
1,r5-f1-392d41fd097d069c42218e0a,35,2,0.05,0.026361286640167236,0.2233182336203754,0.46945343527164773,1.0,81.04735223573458,0.6475139260292053,0.009765625,0.875,0.49609375,0.0
1,r5-f1-392d41fd097d069c42218e0a,36,3,0.05,0.00557708740234375,0.06900368584319949,0.1655886567558049,1.0,81.60143333148196,0.648558497428894,0.00390625,0.875,0.49609375,0.0
1,r5-f1-392d41fd097d069c42218e0a,37,0,0.05,0.004948019981384277,0.06670001847669482,0.07698257945768391,1.0,82.10991404031309,0.649522066116333,0.005859375,0.875,0.49609375,0.0
1,r5-f1-392d41fd097d069c42218e0a,38,1,0.05,0.0008878111839294434,0.06602759985253215,0.03966835865659936,1.0,82.57609287256528,0.6504096984863281,0.001953125,0.8828125,0.49609375,0.0
1,r5-f1-392d41fd097d069c42218e0a,39,2,0.05,0.02283550798892975,0.03246628167107701,0.3731716388046776,1.0,83.00291018835259,0.6512259244918823,0.0,0.890625,0.49609375,3.178914388020833e-07
1,r5-f1-392d41fd097d069c42218e0a,40,3,0.05,0.003717184066772461,0.013635848183184862,0.2731552583267331,1.0,83.39353249021539,0.6519758701324463,0.0,0.890625,0.49609375,3.178914388020833e-07
1,r5-f1-392d41fd097d069c42218e0a,41,0,0.05,0.003177821636199951,0.012979370076209307,0.05029481788901907,1.0,83.75078216928831,0.6526641845703125,0.0,0.88671875,0.49609375,1.2715657552083333e-06
1,r5-f1-392d41fd097d069c42218e0a,42,1,0.05,0.0004296600818634033,0.012908874545246363,0.003934609533640636,1.0,84.07730203418872,0.6532953381538391,0.0,0.890625,0.49609375,1.2715657552083333e-06
1,r5-f1-392d41fd097d069c42218e0a,43,2,0.05,0.009798996150493622,0.012006467208266258,0.1669109525351807,1.0,84.37545949438797,0.6538732647895813,0.0,0.88671875,0.49609375,1.2715657552083333e-06
1,r5-f1-392d41fd097d069c42218e0a,44,3,0.05,0.0021325349807739258,0.010284600779414177,0.09940193810604075,1.0,84.64763116442994,0.6544023156166077,0.0,0.890625,0.49609375,1.2715657552083333e-06
1,r5-f1-392d41fd097d069c42218e0a,45,0,0.05,0.002313554286956787,0.007762575522065163,0.02820736811441766,1.0,84.8959650095903,0.6548861265182495,0.0,0.890625,0.49609375,1.2715657552083333e-06
1,r5-f1-392d41fd097d069c42218e0a,46,1,0.05,0.00034683942794799805,0.00765562616288662,0.0029911843332919206,1.0,85.12245020748712,0.6553283929824829,0.0,0.890625,0.49609375,1.9073486328125e-06
1,r5-f1-392d41fd097d069c42218e0a,47,2,0.05,0.005429048091173172,0.006471603875979781,0.07207336518745966,1.0,85.32889230966302,0.655732274055481,0.0,0.890625,0.49609375,1.2715657552083333e-06
1,r5-f1-392d41fd097d069c42218e0a,48,3,0.05,0.0019644498825073242,0.00605215854011476,0.038315338283611146,1.0,85.51698745864844,0.656100869178772,0.0,0.890625,0.49609375,1.9073486328125e-06
1,r5-f1-392d41fd097d069c42218e0a,49,0,0.05,0.0016763508319854736,0.00579343899153173,0.01732225605798343,1.0,85.68831607052664,0.6564372181892395,0.0,0.890625,0.49609375,2.225240071614583e-06
1,r5-f1-392d41fd097d069c42218e0a,50,1,0.05,0.00027105212211608887,0.005741700297221541,0.002102927322575212,1.0,85.84432574534335,0.6567439436912537,0.0,0.88671875,0.49609375,2.86102294921875e-06
1,r5-f1-392d41fd097d069c42218e0a,51,2,0.05,0.0043625906109809875,0.004366781795397401,0.0555579869823395,1.0,85.9863184943267,0.6570234894752502,0.0,0.890625,0.49609375,3.4968058268229165e-06
1,r5-f1-392d41fd097d069c42218e0a,52,3,0.05,0.0013222098350524902,0.004100851947441697,0.0220915250428582,1.0,86.11551819040346,0.6572781205177307,0.0,0.89453125,0.49609375,2.86102294921875e-06
1,r5-f1-392d41fd097d069c42218e0a,53,0,0.05,0.0011782795190811157,0.0038652431685477495,0.010377760703787322,1.0,86.23305077163113,0.6575100421905518,0.0,0.890625,0.49609375,3.178914388020833e-06
1,r5-f1-392d41fd097d069c42218e0a,54,1,0.05,0.00018797442317008972,0.00382150337100029,0.0012444505808006038,1.0,86.3399468791099,0.6577211618423462,0.0,0.890625,0.49609375,4.132588704427083e-06
1,r5-f1-392d41fd097d069c42218e0a,55,2,0.05,0.0031398069113492966,0.0025905220536515117,0.03397493941071866,1.0,86.43713276996004,0.657913327217102,0.0,0.8984375,0.49609375,2.86102294921875e-06
1,r5-f1-392d41fd097d069c42218e0a,56,3,0.05,0.0011197924613952637,0.002428185078315437,0.018639923142064484,1.0,86.52546773135572,0.6580880880355835,0.0,0.890625,0.49609375,4.132588704427083e-06
1,r5-f1-392d41fd097d069c42218e0a,57,0,0.05,0.0010829120874404907,0.0022972532315179706,0.009391314413110004,1.0,86.60574518656458,0.6582471132278442,0.0,0.8984375,0.49609375,3.178914388020833e-06
1,r5-f1-392d41fd097d069c42218e0a,58,1,0.05,0.00021050125360488892,0.0022835558047518134,0.001400756237131971,1.0,86.67868871189863,0.6583915948867798,0.0,0.890625,0.49609375,4.132588704427083e-06
1,r5-f1-392d41fd097d069c42218e0a,59,2,0.05,0.0027426984161138535,0.0018425371963530779,0.026892142807975628,1.0,86.74494421383264,0.6585229635238647,0.0,0.8984375,0.49609375,4.76837158203125e-06
1,r5-f1-392d41fd097d069c42218e0a,60,3,0.05,0.0006958246231079102,0.001752742798998952,0.025836259891749345,1.0,86.80511210016847,0.6586423516273499,0.0,0.89453125,0.49609375,5.086263020833333e-06
1,r5-f1-392d41fd097d069c42218e0a,61,0,0.05,0.0007759928703308105,0.0016566452104598284,0.00577409914794761,1.0,86.85974698392072,0.6587507724761963,0.0,0.890625,0.49609375,5.086263020833333e-06
1,r5-f1-392d41fd097d069c42218e0a,62,1,0.05,0.00017951428890228271,0.0016461873892694712,0.0012630645369678696,1.0,86.90935231681911,0.6588492393493652,0.0,0.890625,0.49609375,5.404154459635416e-06
1,r5-f1-392d41fd097d069c42218e0a,63,2,0.05,0.001953837461769581,0.0014289867249317467,0.017097400165949486,1.0,86.95437481827763,0.6589387059211731,0.0,0.8984375,0.49609375,4.132588704427083e-06
1,r5-f1-392d41fd097d069c42218e0a,64,3,0.05,0.0007578730583190918,0.0013535756734199822,0.011088231642212665,1.0,86.99523295947493,0.6590198874473572,0.0,0.890625,0.49609375,4.450480143229166e-06
1,r5-f1-392d41fd097d069c42218e0a,65,0,0.05,0.0006866455078125,0.0012917190906591713,0.004941438917692339,1.0,87.03230881049367,0.6590936183929443,0.0,0.890625,0.49609375,4.76837158203125e-06
1,r5-f1-392d41fd097d069c42218e0a,66,1,0.05,0.00017748773097991943,0.0012858713162131608,0.006005067137702551,1.0,87.06594897206246,0.6591604948043823,0.0,0.890625,0.49609375,4.76837158203125e-06
1,r5-f1-392d41fd097d069c42218e0a,67,2,0.05,0.0018745958805084229,0.0011303716455586255,0.013844567036933021,1.0,87.09646135920597,0.6592211723327637,0.0,0.89453125,0.49609375,4.450480143229166e-06
1,r5-f1-392d41fd097d069c42218e0a,68,3,0.05,0.0005990862846374512,0.0010851764236576855,0.006353736872182639,1.0,87.12413571764439,0.6592762470245361,0.0,0.8984375,0.49609375,5.086263020833333e-06
1,r5-f1-392d41fd097d069c42218e0a,69,0,0.05,0.0007433444261550903,0.001057992980349809,0.022225102535037886,1.0,87.14922811642491,0.6593261361122131,0.0,0.8984375,0.49609375,4.76837158203125e-06
1,r5-f1-392d41fd097d069c42218e0a,70,1,0.05,0.00014101341366767883,0.0010550579172559083,0.000908736747445761,1.0,87.17198445497938,0.6593714356422424,0.0,0.8984375,0.49609375,5.404154459635416e-06
1,r5-f1-392d41fd097d069c42218e0a,71,2,0.05,0.00179368257522583,0.0009709251462481916,0.01355806202643578,1.0,87.1926126081352,0.6594125032424927,0.0,0.8984375,0.49609375,5.086263020833333e-06
1,r5-f1-392d41fd097d069c42218e0a,72,3,0.05,0.0004981756210327148,0.0009320740937255323,0.00569082615203976,1.0,87.21131231023217,0.6594497561454773,0.0,0.8984375,0.49609375,4.76837158203125e-06
1,r5-f1-392d41fd097d069c42218e0a,73,0,0.05,0.0007160753011703491,0.0009091467945836484,0.005992046083763445,1.0,87.22826228466054,0.6594834923744202,0.0,0.8984375,0.49609375,4.450480143229166e-06
1,r5-f1-392d41fd097d069c42218e0a,74,1,0.05,0.00016985833644866943,0.0009066066122613847,0.0011793962239866897,1.0,87.2436268466452,0.6595141291618347,0.0,0.90234375,0.49609375,4.76837158203125e-06
1,r5-f1-392d41fd097d069c42218e0a,75,2,0.05,0.0017974898219108582,0.0008475310751236975,0.01307456370317929,1.0,87.25754678480469,0.6595418453216553,0.0,0.8984375,0.49609375,4.132588704427083e-06
1,r5-f1-392d41fd097d069c42218e0a,76,3,0.05,0.00042882561683654785,0.0008308436372317374,0.004434278370640717,1.0,87.27016117998943,0.6595669984817505,0.0,0.8984375,0.49609375,5.086263020833333e-06
1,r5-f1-392d41fd097d069c42218e0a,77,0,0.05,0.0007871836423873901,0.0008315430604852736,0.007470150813912345,1.0,87.2815885760251,0.6595897674560547,0.0,0.8984375,0.49609375,5.404154459635416e-06
1,r5-f1-392d41fd097d069c42218e0a,78,1,0.05,0.00015066936612129211,0.0008297402528114617,0.0010768426268697104,1.0,87.29194314660944,0.659610390663147,0.0,0.8984375,0.49609375,5.086263020833333e-06
1,r5-f1-392d41fd097d069c42218e0a,79,2,0.05,0.001522335223853588,0.0008027713629417121,0.011015464185500987,1.0,87.30131955177052,0.6596291065216064,0.0,0.8984375,0.49609375,5.086263020833333e-06
1,r5-f1-392d41fd097d069c42218e0a,80,3,0.05,0.0004551708698272705,0.0007838524761609733,0.005033244813191806,1.0,87.3098113485454,0.6596460342407227,0.0,0.8984375,0.49609375,5.086263020833333e-06
1,r5-f1-392d41fd097d069c42218e0a,81,0,0.05,0.0006736665964126587,0.0007830412941984832,0.005733066599483762,1.0,87.31750170929485,0.6596613526344299,0.0,0.8984375,0.49609375,5.404154459635416e-06
1,r5-f1-392d41fd097d069c42218e0a,82,1,0.05,0.00013815425336360931,0.0007805829518474638,0.0008637921105098123,1.0,87.32446766065758,0.6596753001213074,0.0,0.89453125,0.49609375,5.404154459635416e-06
1,r5-f1-392d41fd097d069c42218e0a,83,2,0.05,0.0015188837423920631,0.0007583509432151914,0.011262865634683124,1.0,87.3307724909196,0.6596878170967102,0.0,0.8984375,0.49609375,4.450480143229166e-06
1,r5-f1-392d41fd097d069c42218e0a,84,3,0.05,0.0004583597183227539,0.0007495555328205228,0.005079423732579047,1.0,87.33648018589763,0.6596992015838623,0.0,0.8984375,0.49609375,5.086263020833333e-06
1,r5-f1-392d41fd097d069c42218e0a,85,0,0.05,0.0005423761904239655,0.0007369950180873275,0.004352475583185849,1.0,87.34164757457842,0.6597095131874084,0.0,0.89453125,0.49609375,5.404154459635416e-06
1,r5-f1-392d41fd097d069c42218e0a,86,1,0.05,0.00013386458158493042,0.0007365482160821557,0.0008376214914954812,1.0,87.3463266792821,0.6597188711166382,0.0,0.8984375,0.49609375,5.086263020833333e-06
1,r5-f1-392d41fd097d069c42218e0a,87,2,0.05,0.0013949673157185316,0.0007116285123629496,0.00930762463017374,1.0,87.35056057404832,0.6597273349761963,0.0,0.8984375,0.49609375,4.76837158203125e-06
1,r5-f1-392d41fd097d069c42218e0a,88,3,0.05,0.00043645501136779785,0.0007077709742588922,0.004624938940948073,1.0,87.35439188032261,0.6597350239753723,0.0,0.8984375,0.49609375,5.404154459635416e-06
1,r5-f1-392d41fd097d069c42218e0a,89,0,0.05,0.0004900693893432617,0.0006936456047696993,0.003064813262808255,1.0,87.3578589114924,0.6597419381141663,0.0,0.8984375,0.49609375,5.086263020833333e-06
1,r5-f1-392d41fd097d069c42218e0a,90,1,0.05,0.00012850016355514526,0.000691060718963854,0.0008549834741867665,1.0,87.36099753860226,0.6597481966018677,0.0,0.8984375,0.49609375,5.086263020833333e-06
1,r5-f1-392d41fd097d069c42218e0a,91,2,0.05,0.0014546061865985394,0.0006696304917568341,0.009280461388588108,1.0,87.36383399832226,0.6597538590431213,0.0,0.8984375,0.49609375,4.76837158203125e-06
1,r5-f1-392d41fd097d069c42218e0a,92,3,0.05,0.0003847479820251465,0.0006668756395811215,0.0030967520520687325,1.0,87.36639850801338,0.6597589254379272,0.0,0.8984375,0.49609375,5.086263020833333e-06
1,r5-f1-392d41fd097d069c42218e0a,93,0,0.05,0.0005037710070610046,0.0006491623498732224,0.003341551740560508,1.0,87.36871754164102,0.6597635746002197,0.0,0.8984375,0.49609375,5.404154459635416e-06
1,r5-f1-392d41fd097d069c42218e0a,94,1,0.05,0.00012230128049850464,0.0006473893445217982,0.0005942452935607655,1.0,87.37081621750102,0.6597678065299988,0.0,0.8984375,0.49609375,5.404154459635416e-06
1,r5-f1-392d41fd097d069c42218e0a,95,2,0.05,0.0011333953589200974,0.000623080602963455,0.00645109781752373,1.0,87.37271136481453,0.6597715616226196,0.0,0.8984375,0.49609375,5.086263020833333e-06
1,r5-f1-392d41fd097d069c42218e0a,96,3,0.05,0.0003426671028137207,0.0006160491175251082,0.0023785945733720256,1.0,87.3744247708538,0.6597749590873718,0.0,0.8984375,0.49609375,5.086263020833333e-06
1,r5-f1-392d41fd097d069c42218e0a,97,0,0.05,0.0005128234624862671,0.0006059964216547087,0.0036893175918196013,1.0,87.3759718746592,0.6597780585289001,0.0,0.8984375,0.49609375,5.404154459635416e-06
1,r5-f1-392d41fd097d069c42218e0a,98,1,0.05,0.00012933462858200073,0.0006054451951058581,0.0008362396377833086,1.0,87.37737110090933,0.6597808599472046,0.0,0.8984375,0.49609375,5.086263020833333e-06
1,r5-f1-392d41fd097d069c42218e0a,99,2,0.05,0.0011318475008010864,0.0005812554300064221,0.006503060229684393,1.0,87.37863291295265,0.6597833633422852,0.0,0.90234375,0.49609375,5.086263020833333e-06
1,r5-f1-392d41fd097d069c42218e0a,100,3,0.05,0.0004214346408843994,0.000578947612666525,0.0036832021696342407,1.0,87.37977164337106,0.6597856283187866,0.0,0.8984375,0.49609375,4.450480143229166e-06
1,r5-f1-392d41fd097d069c42218e0a,101,0,0.05,0.0005025789141654968,0.0005764602829003707,0.003277641732317356,1.0,87.38079917978824,0.6597877144813538,0.0,0.90234375,0.49609375,5.404154459635416e-06
1,r5-f1-392d41fd097d069c42218e0a,102,1,0.05,0.00014041736721992493,0.0005768698320025578,0.002257535419524038,1.0,87.38172726641504,0.6597895622253418,0.0,0.90234375,0.49609375,5.404154459635416e-06
1,r5-f1-392d41fd097d069c42218e0a,103,2,0.05,0.0011333953589200974,0.0005605215847026557,0.006359473674789339,1.0,87.38256259096977,0.6597912311553955,0.0,0.90234375,0.49609375,4.76837158203125e-06
1,r5-f1-392d41fd097d069c42218e0a,104,3,0.05,0.0003426671028137207,0.0005546598404180259,0.00203090307636027,1.0,87.38331630000822,0.6597927212715149,0.0,0.8984375,0.49609375,5.404154459635416e-06
1,r5-f1-392d41fd097d069c42218e0a,105,0,0.05,0.00045789778232574463,0.000552649114979431,0.002726023064659072,1.0,87.38399590468296,0.6597940921783447,0.0,0.8984375,0.49609375,5.404154459635416e-06
1,r5-f1-392d41fd097d069c42218e0a,106,1,0.05,0.00010680593550205231,0.0005512932257261127,0.002122316893280222,1.0,87.38460932644495,0.6597952842712402,0.0,0.8984375,0.49609375,5.404154459635416e-06
1,r5-f1-392d41fd097d069c42218e0a,107,2,0.05,0.0010850504040718079,0.000528195989318192,0.006111051657017129,1.0,87.38516104207649,0.659796416759491,0.0,0.8984375,0.49609375,5.086263020833333e-06
1,r5-f1-392d41fd097d069c42218e0a,108,3,0.05,0.0002750977873802185,0.000521342852152884,0.0013427765706036428,1.0,87.38565949162826,0.6597973704338074,0.0,0.8984375,0.49609375,5.404154459635416e-06
1,r5-f1-392d41fd097d069c42218e0a,109,0,0.05,0.0004549175500869751,0.0005182895110920072,0.0032909154897203035,1.0,87.38610700860956,0.659798264503479,0.0,0.8984375,0.49609375,5.404154459635416e-06
1,r5-f1-392d41fd097d069c42218e0a,110,1,0.05,0.00013756006956100464,0.0005192431854084134,0.0007304471139841962,1.0,87.38651142989764,0.6597990393638611,0.0,0.8984375,0.49609375,5.404154459635416e-06
1,r5-f1-392d41fd097d069c42218e0a,111,2,0.05,0.001086836215108633,0.0005163332389201969,0.0062484374146526515,1.0,87.3868745197809,0.6597998142242432,0.0,0.8984375,0.49609375,5.404154459635416e-06
1,r5-f1-392d41fd097d069c42218e0a,112,3,0.05,0.00042119622230529785,0.0005212413088884205,0.004024005150851547,1.0,87.3871987475454,0.6598004102706909,0.0,0.8984375,0.49609375,4.76837158203125e-06
1,r5-f1-392d41fd097d069c42218e0a,113,0,0.05,0.000402010977268219,0.0005143155285622925,0.00691991041554736,1.0,87.38748621758326,0.6598010063171387,0.0,0.90234375,0.49609375,5.404154459635416e-06
1,r5-f1-392d41fd097d069c42218e0a,114,1,0.05,0.00012170523405075073,0.0005138386914040893,0.0006440820869188794,1.0,87.38774608953089,0.6598015427589417,0.0,0.8984375,0.49609375,5.404154459635416e-06
1,r5-f1-392d41fd097d069c42218e0a,115,2,0.05,0.000998594332486391,0.0005055103683844209,0.005898693172375276,1.0,87.38797864658463,0.6598019599914551,0.0,0.8984375,0.49609375,5.086263020833333e-06
1,r5-f1-392d41fd097d069c42218e0a,116,3,0.05,0.0003022700548171997,0.0004980625817552209,0.0018055880267632781,1.0,87.38818750341386,0.6598023772239685,0.0,0.8984375,0.49609375,4.76837158203125e-06
1,r5-f1-392d41fd097d069c42218e0a,117,0,0.05,0.00043895095586776733,0.0004940858343616128,0.0024550932202763876,1.0,87.38837413257751,0.6598027944564819,0.0,0.90234375,0.49609375,5.404154459635416e-06
1,r5-f1-392d41fd097d069c42218e0a,118,1,0.05,0.0001023951917886734,0.0004917094483971596,0.0004792680569522738,1.0,87.38854265585117,0.6598030924797058,0.0,0.8984375,0.49609375,4.450480143229166e-06
1,r5-f1-392d41fd097d069c42218e0a,119,2,0.05,0.0010855263099074364,0.0004887176328338683,0.006811539372694579,1.0,87.38869200929553,0.6598033905029297,0.0,0.8984375,0.49609375,5.404154459635416e-06
1,r5-f1-392d41fd097d069c42218e0a,120,3,0.05,0.0003023892641067505,0.0004862002679146826,0.0018274736882245163,1.0,87.3888255329004,0.6598036885261536,0.0,0.8984375,0.49609375,5.086263020833333e-06
1,r5-f1-392d41fd097d069c42218e0a,121,0,0.05,0.0005086511373519897,0.000489372352603823,0.011959189484727815,1.0,87.3889372231918,0.6598038673400879,0.0,0.8984375,0.49609375,4.450480143229166e-06
1,r5-f1-392d41fd097d069c42218e0a,122,1,0.05,0.00010346807539463043,0.0004891637363471091,0.0005109732046033255,1.0,87.38903806209697,0.6598040461540222,0.0,0.8984375,0.49609375,5.086263020833333e-06
1,r5-f1-392d41fd097d069c42218e0a,123,2,0.05,0.0010860026814043522,0.0004892232536803931,0.006503817607768764,1.0,87.38912751411789,0.6598042249679565,0.0,0.8984375,0.49609375,4.132588704427083e-06
1,r5-f1-392d41fd097d069c42218e0a,124,3,0.05,0.00030203163623809814,0.0004909066192340106,0.006486687086047582,1.0,87.38920335869905,0.6598044037818909,0.0,0.8984375,0.49609375,4.450480143229166e-06
1,r5-f1-392d41fd097d069c42218e0a,125,0,0.05,0.0004537254571914673,0.0004908321134280413,0.0027649631301614503,1.0,87.3892700823052,0.6598045229911804,0.0,0.8984375,0.49609375,5.404154459635416e-06
1,r5-f1-392d41fd097d069c42218e0a,126,1,0.05,0.00010287202894687653,0.0004886641108896583,0.0005568289879196409,1.0,87.38933031215574,0.65980464220047,0.0,0.8984375,0.49609375,5.086263020833333e-06
1,r5-f1-392d41fd097d069c42218e0a,127,2,0.05,0.0010421802289783955,0.0004858731117565185,0.00608145705782744,1.0,87.38938270810178,0.6598047018051147,0.0,0.8984375,0.49609375,4.450480143229166e-06
1,r5-f1-392d41fd097d069c42218e0a,128,3,0.05,0.0002873837947845459,0.0004775098350364715,0.0019647928161866447,1.0,87.38942872902219,0.6598048210144043,0.0,0.8984375,0.49609375,4.450480143229166e-06
1,r5-f1-392d41fd097d069c42218e0a,129,0,0.05,0.00035351142287254333,0.00047447861288674176,0.0019289389346772436,1.0,87.38946892341542,0.6598048806190491,0.0,0.8984375,0.49609375,4.76837158203125e-06
1,r5-f1-392d41fd097d069c42218e0a,130,1,0.05,0.00010060891509056091,0.0004731600929517299,0.0005194725881968731,1.0,87.38950507821933,0.6598049402236938,0.0,0.8984375,0.49609375,5.404154459635416e-06
1,r5-f1-392d41fd097d069c42218e0a,131,2,0.05,0.0009577455930411816,0.0004706070467364043,0.0053276886904356675,1.0,87.38953621764622,0.6598049998283386,0.0,0.8984375,0.49609375,5.404154459635416e-06
1,r5-f1-392d41fd097d069c42218e0a,132,3,0.05,0.00033968687057495117,0.00047294559772126377,0.0026184134930118726,1.0,87.38956167337281,0.6598050594329834,0.0,0.8984375,0.49609375,4.450480143229166e-06
1,r5-f1-392d41fd097d069c42218e0a,133,0,0.05,0.0003843754529953003,0.0004695346287917346,0.0022255977323381877,1.0,87.38958304601984,0.6598051190376282,0.0,0.8984375,0.49609375,5.086263020833333e-06
1,r5-f1-392d41fd097d069c42218e0a,134,1,0.05,9.869970381259918e-05,0.00046930366079322994,0.0004947411771721969,1.0,87.38960217784526,0.6598051190376282,0.0,0.8984375,0.49609375,4.450480143229166e-06
1,r5-f1-392d41fd097d069c42218e0a,135,2,0.05,0.001040393952280283,0.00046648288844153285,0.0060619719612856225,1.0,87.38961758415398,0.659805178642273,0.0,0.8984375,0.49609375,4.132588704427083e-06
1,r5-f1-392d41fd097d069c42218e0a,136,3,0.05,0.0002593696117401123,0.00046379416016861796,0.0015248999438322976,1.0,87.3896302730272,0.659805178642273,0.0,0.8984375,0.49609375,4.450480143229166e-06
1,r5-f1-392d41fd097d069c42218e0a,137,0,0.05,0.00034922175109386444,0.00045382982352748513,0.0019448665986885225,1.0,87.38964057511608,0.659805178642273,0.0,0.8984375,0.49609375,5.086263020833333e-06
1,r5-f1-392d41fd097d069c42218e0a,138,1,0.05,9.881891310214996e-05,0.0004535392508842051,0.0004868807155441842,1.0,87.38964975214785,0.659805178642273,0.0,0.8984375,0.49609375,5.086263020833333e-06
1,r5-f1-392d41fd097d069c42218e0a,139,2,0.05,0.0009600082412362099,0.0004456645983736962,0.005067568417027693,1.0,87.389656265496,0.6598052382469177,0.0,0.8984375,0.49609375,4.450480143229166e-06
1,r5-f1-392d41fd097d069c42218e0a,140,3,0.05,0.0002237260341644287,0.00044077049824409187,0.0011593747285876586,1.0,87.38966121437697,0.6598052382469177,0.0,0.8984375,0.49609375,4.76837158203125e-06
1,r5-f1-392d41fd097d069c42218e0a,141,0,0.05,0.0003874748945236206,0.00043662983807735145,0.0021354687096165176,1.0,87.38966369764609,0.6598052382469177,0.0,0.8984375,0.49609375,4.76837158203125e-06
1,r5-f1-392d41fd097d069c42218e0a,142,1,0.05,9.56021249294281e-05,0.0004361754690762609,0.0004347813993000357,1.0,87.38966567900063,0.6598052382469177,0.0,0.8984375,0.49609375,4.76837158203125e-06
1,r5-f1-392d41fd097d069c42218e0a,143,2,0.05,0.0008445987477898598,0.00042382662650197744,0.004432132471343032,1.0,87.38966501167282,0.6598052382469177,0.0,0.8984375,0.49609375,5.086263020833333e-06
1,r5-f1-392d41fd097d069c42218e0a,144,3,0.05,0.00029963254928588867,0.00042459217365831137,0.00201607987873503,1.0,87.38966201598589,0.6598052382469177,0.0,0.8984375,0.49609375,4.76837158203125e-06
1,r5-f1-392d41fd097d069c42218e0a,145,0,0.05,0.0003379024565219879,0.00042361661326140165,0.0018703044240662395,1.0,87.38965805885623,0.659805178642273,0.0,0.8984375,0.49609375,5.086263020833333e-06
1,r5-f1-392d41fd097d069c42218e0a,146,1,0.05,9.083375334739685e-05,0.0004230056656524539,0.00045749907238270274,1.0,87.38965446580912,0.659805178642273,0.0,0.8984375,0.49609375,5.086263020833333e-06
1,r5-f1-392d41fd097d069c42218e0a,147,2,0.05,0.0007775381673127413,0.0004117427015444264,0.003981239393779112,1.0,87.38964990678143,0.659805178642273,0.0,0.8984375,0.49609375,4.76837158203125e-06
1,r5-f1-392d41fd097d069c42218e0a,148,3,0.05,0.00024339556694030762,0.00040572449506726116,0.0013718562437986354,1.0,87.38964501815803,0.659805178642273,0.0,0.8984375,0.49609375,5.404154459635416e-06
1,r5-f1-392d41fd097d069c42218e0a,149,0,0.05,0.000336233526468277,0.0004027156246593222,0.0019414692662792796,1.0,87.38963951289648,0.659805178642273,0.0,0.8984375,0.49609375,4.450480143229166e-06
1,r5-f1-392d41fd097d069c42218e0a,150,1,0.05,9.869970381259918e-05,0.0004027156246593222,0.0004904084137436556,1.0,87.38963450110933,0.659805178642273,0.0,0.8984375,0.49609375,5.086263020833333e-06
1,r5-f1-392d41fd097d069c42218e0a,151,2,0.05,0.0007767044007778168,0.00038623502769041806,0.00391995080768784,1.0,87.38962902467703,0.6598051190376282,0.0,0.8984375,0.49609375,4.450480143229166e-06
1,r5-f1-392d41fd097d069c42218e0a,152,3,0.05,0.00025400519371032715,0.0003858997515635565,0.0017388509647079575,1.0,87.38962218524081,0.6598051190376282,0.0,0.8984375,0.49609375,5.086263020833333e-06
1,r5-f1-392d41fd097d069c42218e0a,153,0,0.05,0.0003512464463710785,0.00038602629501838237,0.0019043924209522726,1.0,87.38961465756357,0.6598051190376282,0.0,0.8984375,0.49609375,4.450480143229166e-06
1,r5-f1-392d41fd097d069c42218e0a,154,1,0.05,9.488686919212341e-05,0.0003857805422740057,0.00042166348473174906,1.0,87.38960762931058,0.6598051190376282,0.0,0.8984375,0.49609375,5.086263020833333e-06
1,r5-f1-392d41fd097d069c42218e0a,155,2,0.05,0.0007758706342428923,0.00037427194183692336,0.004110507820579372,1.0,87.3895998735117,0.6598051190376282,0.0,0.8984375,0.49609375,4.76837158203125e-06
1,r5-f1-392d41fd097d069c42218e0a,156,3,0.05,0.00027783215045928955,0.00037765357410535216,0.0016449622611727274,1.0,87.38959138871202,0.6598050594329834,0.0,0.8984375,0.49609375,5.086263020833333e-06
1,r5-f1-392d41fd097d069c42218e0a,157,0,0.05,0.00030977651476860046,0.0003727974253706634,0.0015873635520180906,1.0,87.38958199005351,0.6598050594329834,0.0,0.8984375,0.49609375,5.404154459635416e-06
1,r5-f1-392d41fd097d069c42218e0a,158,1,0.05,9.989365935325623e-05,0.00037306564627215266,0.0004813963308907161,1.0,87.38957323954615,0.6598050594329834,0.0,0.8984375,0.49609375,5.404154459635416e-06
1,r5-f1-392d41fd097d069c42218e0a,159,2,0.05,0.0007457337342202663,0.0003668865829240531,0.003527759488033951,1.0,87.38956245398678,0.6598049998283386,0.0,0.8984375,0.49609375,4.76837158203125e-06
1,r5-f1-392d41fd097d069c42218e0a,160,3,0.05,0.00023493170738220215,0.00036284278030507267,0.0012942238350780416,1.0,87.38955127099047,0.6598049998283386,0.0,0.8984375,0.49609375,5.404154459635416e-06
1,r5-f1-392d41fd097d069c42218e0a,161,0,0.05,0.000349460169672966,0.0003635651373770088,0.0018622873285457932,1.0,87.38953914348656,0.6598049998283386,0.0,0.8984375,0.49609375,5.404154459635416e-06
1,r5-f1-392d41fd097d069c42218e0a,162,1,0.05,9.66731458902359e-05,0.00036393009941093624,0.0006646605490944785,1.0,87.38952761514157,0.6598049402236938,0.0,0.8984375,0.49609375,5.086263020833333e-06
1,r5-f1-392d41fd097d069c42218e0a,163,2,0.05,0.0008447177242487669,0.00036812882171943784,0.004432919574165937,1.0,87.38951564246118,0.6598049402236938,0.0,0.8984375,0.49609375,5.086263020833333e-06
1,r5-f1-392d41fd097d069c42218e0a,164,3,0.05,0.00022873282432556152,0.0003672124003060162,0.0012724501946680233,1.0,87.38950370695808,0.6598049402236938,0.0,0.8984375,0.49609375,5.086263020833333e-06
1,r5-f1-392d41fd097d069c42218e0a,165,0,0.05,0.00033694878220558167,0.00036725710378959775,0.007787315132204243,1.0,87.38948646523605,0.6598048806190491,0.0,0.8984375,0.49609375,5.086263020833333e-06
1,r5-f1-392d41fd097d069c42218e0a,166,1,0.05,9.834393858909607e-05,0.0003672348684631288,0.0005108751913153342,1.0,87.38947041940355,0.6598048210144043,0.0,0.8984375,0.49609375,5.404154459635416e-06
1,r5-f1-392d41fd097d069c42218e0a,167,2,0.05,0.000745376106351614,0.00036527685006149113,0.0035059558135913994,1.0,87.38945484156255,0.6598048210144043,0.0,0.8984375,0.49609375,5.404154459635416e-06
1,r5-f1-392d41fd097d069c42218e0a,168,3,0.05,0.00021442770957946777,0.0003628032573033124,0.003906854065666954,1.0,87.38943736727613,0.6598047614097595,0.0,0.8984375,0.49609375,5.404154459635416e-06
1,r5-f1-392d41fd097d069c42218e0a,169,0,0.05,0.0002944041043519974,0.00035925061092711985,0.00157216364870818,1.0,87.3894203759632,0.6598047018051147,0.0,0.8984375,0.49609375,5.086263020833333e-06
1,r5-f1-392d41fd097d069c42218e0a,170,1,0.05,9.881891310214996e-05,0.0003594963636714965,0.0012709240475525458,1.0,87.38940414405458,0.65980464220047,0.0,0.8984375,0.49609375,5.404154459635416e-06
1,r5-f1-392d41fd097d069c42218e0a,171,2,0.05,0.0006849803030490875,0.0003538157179718837,0.003152427833475666,1.0,87.38938855639935,0.65980464220047,0.0,0.8984375,0.49609375,5.404154459635416e-06
1,r5-f1-392d41fd097d069c42218e0a,172,3,0.05,0.00021968036890029907,0.0003501812316244468,0.0009945204820772287,1.0,87.3893735085331,0.65980464220047,0.0,0.8984375,0.49609375,5.404154459635416e-06
1,r5-f1-392d41fd097d069c42218e0a,173,0,0.05,0.0002827253192663193,0.00034849053190555423,0.0014143182181851734,1.0,87.38935898912943,0.6598045825958252,0.0,0.8984375,0.49609375,5.086263020833333e-06
1,r5-f1-392d41fd097d069c42218e0a,174,1,0.05,9.36947762966156e-05,0.0003481031017145142,0.00046000883087399794,1.0,87.38934581331551,0.6598045229911804,0.0,0.8984375,0.49609375,5.086263020833333e-06
1,r5-f1-392d41fd097d069c42218e0a,175,2,0.05,0.0008096992969512939,0.0003521009493852034,0.004065236673760652,1.0,87.38933277826663,0.6598045229911804,0.0,0.8984375,0.49609375,5.404154459635416e-06
1,r5-f1-392d41fd097d069c42218e0a,176,3,0.05,0.00020203739404678345,0.00035004505480173975,0.0009830868735646553,1.0,87.38932012646224,0.6598044633865356,0.0,0.8984375,0.49609375,5.086263020833333e-06
1,r5-f1-392d41fd097d069c42218e0a,177,0,0.05,0.00036638230085372925,0.00035110268800053746,0.0020679827538030307,1.0,87.3893065075983,0.6598044633865356,0.0,0.90234375,0.49609375,5.404154459635416e-06
1,r5-f1-392d41fd097d069c42218e0a,178,1,0.05,9.274110198020935e-05,0.0003508569352561608,0.00042225684843204275,1.0,87.38929400260534,0.6598044633865356,0.0,0.8984375,0.49609375,5.404154459635416e-06
1,r5-f1-392d41fd097d069c42218e0a,179,2,0.05,0.0007142852991819382,0.000342704908689484,0.0036623523555680297,1.0,87.3892816603456,0.6598044037818909,0.0,0.8984375,0.49609375,5.086263020833333e-06
1,r5-f1-392d41fd097d069c42218e0a,180,3,0.05,0.000202275812625885,0.0003410513454582542,0.001023080308190212,1.0,87.38926967930757,0.6598044037818909,0.0,0.8984375,0.49609375,5.404154459635416e-06
1,r5-f1-392d41fd097d069c42218e0a,181,0,0.05,0.0003083460032939911,0.0003392636717762798,0.0015505597297262403,1.0,87.38925740575894,0.6598043441772461,0.0,0.890625,0.49609375,5.086263020833333e-06
1,r5-f1-392d41fd097d069c42218e0a,182,1,0.05,8.451566100120544e-05,0.00033839940442703664,0.0004169890153528638,1.0,87.38924623637998,0.6598043441772461,0.0,0.890625,0.49609375,4.76837158203125e-06
1,r5-f1-392d41fd097d069c42218e0a,183,2,0.05,0.0006849803030490875,0.00033462466672062874,0.0033738550524907204,1.0,87.38923560183937,0.6598043441772461,0.0,0.890625,0.49609375,5.086263020833333e-06
1,r5-f1-392d41fd097d069c42218e0a,184,3,0.05,0.00022551417350769043,0.00033531757071614265,0.0013986948611028598,1.0,87.38922458189961,0.6598042845726013,0.0,0.89453125,0.49609375,5.086263020833333e-06
1,r5-f1-392d41fd097d069c42218e0a,185,0,0.05,0.00031227990984916687,0.00033643480855971575,0.0017952201613120056,1.0,87.38921339506555,0.6598042845726013,0.0,0.8984375,0.49609375,4.76837158203125e-06
1,r5-f1-392d41fd097d069c42218e0a,186,1,0.05,7.819756865501404e-05,0.00033514597453176975,0.00035202071931555843,1.0,87.3892032816355,0.6598042845726013,0.0,0.8984375,0.49609375,5.404154459635416e-06
1,r5-f1-392d41fd097d069c42218e0a,187,2,0.05,0.0006855758838355541,0.0003351831983309239,0.003047799208851806,1.0,87.38919303566945,0.6598042845726013,0.0,0.89453125,0.49609375,5.086263020833333e-06
1,r5-f1-392d41fd097d069c42218e0a,188,3,0.05,0.00019393116235733032,0.00033357387292198837,0.0009404325642286621,1.0,87.38918322744497,0.6598042249679565,0.0,0.8984375,0.49609375,5.404154459635416e-06
1,r5-f1-392d41fd097d069c42218e0a,189,0,0.05,0.00032348185777664185,0.00033612115657888353,0.001696798942009873,1.0,87.38917320864147,0.6598042249679565,0.0,0.89453125,0.49609375,5.086263020833333e-06
1,r5-f1-392d41fd097d069c42218e0a,190,1,0.05,9.047612547874451e-05,0.0003359199909027666,0.0003943398659246623,1.0,87.38916394148924,0.6598041653633118,0.0,0.89453125,0.49609375,5.086263020833333e-06
1,r5-f1-392d41fd097d069c42218e0a,191,2,0.05,0.0006048041395843029,0.00032311404356732965,0.0031647749458428875,1.0,87.38915383896983,0.6598041653633118,0.0,0.89453125,0.49609375,4.132588704427083e-06
1,r5-f1-392d41fd097d069c42218e0a,192,3,0.05,0.00019381195306777954,0.0003225999535061419,0.0007876674106122607,1.0,87.38914402004505,0.6598041653633118,0.0,0.89453125,0.49609375,4.450480143229166e-06
1,r5-f1-392d41fd097d069c42218e0a,193,0,0.05,0.00029881298542022705,0.000318376871291548,0.0016039933755915548,1.0,87.38913412289584,0.659804105758667,0.0,0.89453125,0.49609375,4.450480143229166e-06
1,r5-f1-392d41fd097d069c42218e0a,194,1,0.05,8.92840325832367e-05,0.0003181608044542372,0.0004255295373688376,1.0,87.38912509495299,0.659804105758667,0.0,0.89453125,0.49609375,5.086263020833333e-06
1,r5-f1-392d41fd097d069c42218e0a,195,2,0.05,0.0006581763736903667,0.000314653996611014,0.0031776825189840556,1.0,87.38911481075223,0.6598040461540222,0.0,0.89453125,0.49609375,4.76837158203125e-06
1,r5-f1-392d41fd097d069c42218e0a,196,3,0.05,0.00019119679927825928,0.0003139615582767874,0.0008709141934931268,1.0,87.3891049333804,0.6598040461540222,0.0,0.8984375,0.49609375,4.450480143229166e-06
1,r5-f1-392d41fd097d069c42218e0a,197,0,0.05,0.0002706870436668396,0.00031160787330009043,0.0012237353275026302,1.0,87.38909449602336,0.6598040461540222,0.0,0.8984375,0.49609375,5.404154459635416e-06
1,r5-f1-392d41fd097d069c42218e0a,198,1,0.05,8.940324187278748e-05,0.0003119133471045643,0.0014385128350231423,1.0,87.3890836782977,0.6598039865493774,0.0,0.8984375,0.49609375,5.086263020833333e-06
1,r5-f1-392d41fd097d069c42218e0a,199,2,0.05,0.0006304183043539524,0.00030850322218611836,0.0028791252486996943,1.0,87.38907292264562,0.6598039865493774,0.0,0.8984375,0.49609375,5.404154459635416e-06
1,r5-f1-392d41fd097d069c42218e0a,200,3,0.05,0.00021038949489593506,0.00030755792977288365,0.0029879749171553335,1.0,87.38906005534875,0.6598039865493774,0.0,0.8984375,0.49609375,5.086263020833333e-06
1,r5-f1-392d41fd097d069c42218e0a,201,0,0.05,0.00029571540653705597,0.0003065226483158767,0.0015349500149548696,1.0,87.38904742898538,0.6598039269447327,0.0,0.8984375,0.49609375,4.76837158203125e-06
1,r5-f1-392d41fd097d069c42218e0a,202,1,0.05,7.97472894191742e-05,0.00030661950586363673,0.0003367384606142298,1.0,87.38903594632903,0.6598039269447327,0.0,0.8984375,0.49609375,5.404154459635416e-06
1,r5-f1-392d41fd097d069c42218e0a,203,2,0.05,0.0006304183043539524,0.0003031721571460366,0.0029588306140845865,1.0,87.38902560892703,0.6598038673400879,0.0,0.8984375,0.49609375,5.086263020833333e-06
1,r5-f1-392d41fd097d069c42218e0a,204,3,0.05,0.0001859515905380249,0.00030267343390733004,0.0008493341034117248,1.0,87.38901555332164,0.6598038673400879,0.0,0.89453125,0.49609375,5.404154459635416e-06
1,r5-f1-392d41fd097d069c42218e0a,205,0,0.05,0.00026067718863487244,0.00029874814208596945,0.0012937028925525981,1.0,87.38900557852439,0.6598038673400879,0.0,0.8984375,0.49609375,4.450480143229166e-06
1,r5-f1-392d41fd097d069c42218e0a,206,1,0.05,8.296594023704529e-05,0.00029827875550836325,0.0003859492251557677,1.0,87.38899657633921,0.6598038077354431,0.0,0.89453125,0.49609375,5.086263020833333e-06
1,r5-f1-392d41fd097d069c42218e0a,207,2,0.05,0.0006849803030490875,0.0003032897657249123,0.003079435634829628,1.0,87.38898825781656,0.6598038077354431,0.0,0.890625,0.49609375,4.76837158203125e-06
1,r5-f1-392d41fd097d069c42218e0a,208,3,0.05,0.00018332898616790771,0.0003026345802936703,0.0008707155473286528,1.0,87.38898034248417,0.6598038077354431,0.0,0.890625,0.49609375,4.76837158203125e-06
1,r5-f1-392d41fd097d069c42218e0a,209,0,0.05,0.0002718791365623474,0.0003009512147400528,0.001252184145393951,1.0,87.38897226394258,0.6598037481307983,0.0,0.8984375,0.49609375,5.086263020833333e-06
1,r5-f1-392d41fd097d069c42218e0a,210,1,0.05,9.11913812160492e-05,0.0003010704240296036,0.000457069310438664,1.0,87.38896493507028,0.6598037481307983,0.0,0.8984375,0.49609375,4.450480143229166e-06
1,r5-f1-392d41fd097d069c42218e0a,211,2,0.05,0.0006298227235674858,0.00029929832089692354,0.002671573384418317,1.0,87.38895822793407,0.6598037481307983,0.0,0.8984375,0.49609375,4.450480143229166e-06
1,r5-f1-392d41fd097d069c42218e0a,212,3,0.05,0.0001859515905380249,0.0002989704953506589,0.0008396602043553282,1.0,87.38895156063063,0.6598037481307983,0.0,0.8984375,0.49609375,4.450480143229166e-06
1,r5-f1-392d41fd097d069c42218e0a,213,0,0.05,0.000296667218208313,0.000300594256259501,0.001394646629109,1.0,87.38894393205342,0.6598036885261536,0.0,0.8984375,0.49609375,4.450480143229166e-06
1,r5-f1-392d41fd097d069c42218e0a,214,1,0.05,7.962901145219803e-05,0.00029998336685821414,0.0003639562657936533,1.0,87.38893701945354,0.6598036885261536,0.0,0.8984375,0.49609375,4.76837158203125e-06
1,r5-f1-392d41fd097d069c42218e0a,215,2,0.05,0.0005804998800158501,0.00029686346533708274,0.0026766821837621237,1.0,87.38893028437438,0.6598036885261536,0.0,0.8984375,0.49609375,5.086263020833333e-06
1,r5-f1-392d41fd097d069c42218e0a,216,3,0.05,0.00018940865993499756,0.00029555216315202415,0.0009160515538517612,1.0,87.38892347455669,0.6598036885261536,0.0,0.89453125,0.49609375,4.76837158203125e-06
1,r5-f1-392d41fd097d069c42218e0a,217,0,0.05,0.00026556476950645447,0.00029366774833761156,0.0013079446000843875,1.0,87.38891609344797,0.6598036885261536,0.0,0.89453125,0.49609375,4.76837158203125e-06
1,r5-f1-392d41fd097d069c42218e0a,218,1,0.05,8.880719542503357e-05,0.00029423399246297777,0.0003946267969534987,1.0,87.3889092909558,0.6598036289215088,0.0,0.8984375,0.49609375,5.404154459635416e-06
1,r5-f1-392d41fd097d069c42218e0a,219,2,0.05,0.000604565953835845,0.00029261822055559605,0.0024893417789067156,1.0,87.38890278319538,0.6598036289215088,0.0,0.8984375,0.49609375,5.086263020833333e-06
1,r5-f1-392d41fd097d069c42218e0a,220,3,0.05,0.0001859515905380249,0.00029261822055559605,0.0008896199100351999,1.0,87.3888964107431,0.6598036289215088,0.0,0.8984375,0.49609375,5.404154459635416e-06
1,r5-f1-392d41fd097d069c42218e0a,221,0,0.05,0.000260915607213974,0.0002926331217167899,0.005004267825489284,1.0,87.38888543278749,0.659803569316864,0.0,0.89453125,0.49609375,4.450480143229166e-06
1,r5-f1-392d41fd097d069c42218e0a,222,1,0.05,7.915124297142029e-05,0.00029239470313768834,0.00034616898267534024,1.0,87.38887528926469,0.659803569316864,0.0,0.8984375,0.49609375,5.086263020833333e-06
1,r5-f1-392d41fd097d069c42218e0a,223,2,0.05,0.0006304183043539524,0.0002889845782192424,0.002783189363566314,1.0,87.38886622822675,0.6598035097122192,0.0,0.89453125,0.49609375,5.404154459635416e-06
1,r5-f1-392d41fd097d069c42218e0a,224,3,0.05,0.00018583238124847412,0.0002891410404117778,0.0008191279283070855,1.0,87.38885731697687,0.6598035097122192,0.0,0.890625,0.49609375,4.450480143229166e-06
1,r5-f1-392d41fd097d069c42218e0a,225,0,0.05,0.0002603195607662201,0.00028841856692451984,0.004383693775952698,1.0,87.38884436970626,0.6598035097122192,0.0,0.890625,0.49609375,5.086263020833333e-06
1,r5-f1-392d41fd097d069c42218e0a,226,1,0.05,7.462222129106522e-05,0.00028738299442920834,0.0003634089212057453,1.0,87.38883266235338,0.6598034501075745,0.0,0.8984375,0.49609375,4.76837158203125e-06
1,r5-f1-392d41fd097d069c42218e0a,227,2,0.05,0.0006052807439118624,0.0002858491207007319,0.002780213566773061,1.0,87.38882253722302,0.6598034501075745,0.0,0.8984375,0.49609375,5.404154459635416e-06
1,r5-f1-392d41fd097d069c42218e0a,228,3,0.05,0.00018583238124847412,0.00028584167012013495,0.0008727238319779783,1.0,87.38881278449823,0.6598034501075745,0.0,0.8984375,0.49609375,5.404154459635416e-06
1,r5-f1-392d41fd097d069c42218e0a,229,0,0.05,0.0002749785780906677,0.0002844861301127821,0.0014025869596252978,1.0,87.38880282452757,0.6598033905029297,0.0,0.8984375,0.49609375,5.404154459635416e-06
1,r5-f1-392d41fd097d069c42218e0a,230,1,0.05,7.97472894191742e-05,0.00028449352248571813,0.0003724949439116488,1.0,87.38879388550637,0.6598033905029297,0.0,0.8984375,0.49609375,4.450480143229166e-06
1,r5-f1-392d41fd097d069c42218e0a,231,2,0.05,0.0006056381389498711,0.00028606466366909444,0.002567316522585221,1.0,87.38878504425328,0.6598033308982849,0.0,0.8984375,0.49609375,4.76837158203125e-06
1,r5-f1-392d41fd097d069c42218e0a,232,3,0.05,0.00019918382167816162,0.0002866756112780422,0.0011838295210899919,1.0,87.3887756202985,0.6598033308982849,0.0,0.89453125,0.49609375,5.086263020833333e-06
1,r5-f1-392d41fd097d069c42218e0a,233,0,0.05,0.0002730712294578552,0.00028714476502500474,0.0012868269765030182,1.0,87.38876585501912,0.6598033308982849,0.0,0.8984375,0.49609375,4.450480143229166e-06
1,r5-f1-392d41fd097d069c42218e0a,234,1,0.05,7.760152220726013e-05,0.0002864444104488939,0.00033639854990255455,1.0,87.38875675661559,0.6598032712936401,0.0,0.89453125,0.49609375,4.76837158203125e-06
1,r5-f1-392d41fd097d069c42218e0a,235,2,0.05,0.0005793084856122732,0.00028486581868492067,0.0024554869721854495,1.0,87.38874790337069,0.6598032712936401,0.0,0.89453125,0.49609375,4.450480143229166e-06
1,r5-f1-392d41fd097d069c42218e0a,236,3,0.05,0.0001973956823348999,0.00028558107442222536,0.0009557108758120939,1.0,87.38873897783716,0.6598032712936401,0.0,0.8984375,0.49609375,5.086263020833333e-06
1,r5-f1-392d41fd097d069c42218e0a,237,0,0.05,0.0002603195607662201,0.00028554382151924074,0.004835929161135917,1.0,87.38872539303637,0.6598032116889954,0.0,0.8984375,0.49609375,5.404154459635416e-06
1,r5-f1-392d41fd097d069c42218e0a,238,1,0.05,8.010491728782654e-05,0.00028560342616401613,0.0003518911744549542,1.0,87.38871300810833,0.6598032116889954,0.0,0.8984375,0.49609375,5.404154459635416e-06
1,r5-f1-392d41fd097d069c42218e0a,239,2,0.05,0.000579546787776053,0.0002824239563778974,0.0024895961874878076,1.0,87.38870216523613,0.6598031520843506,0.0,0.8984375,0.49609375,4.76837158203125e-06
1,r5-f1-392d41fd097d069c42218e0a,240,3,0.05,0.00018332898616790771,0.000282267494185362,0.0008900003250272694,1.0,87.38869192226133,0.6598031520843506,0.0,0.8984375,0.49609375,5.404154459635416e-06
1,r5-f1-392d41fd097d069c42218e0a,241,0,0.05,0.0002534054219722748,0.00028183536051074043,0.0013000874787696902,1.0,87.38868177801562,0.6598031520843506,0.0,0.8984375,0.49609375,5.086263020833333e-06
1,r5-f1-392d41fd097d069c42218e0a,242,1,0.05,7.343105971813202e-05,0.0002817609129124321,0.0003664329066628726,1.0,87.38867270897617,0.6598030924797058,0.0,0.8984375,0.49609375,5.404154459635416e-06
1,r5-f1-392d41fd097d069c42218e0a,243,2,0.05,0.0006043276516720653,0.0002817013446474448,0.00252852821312527,1.0,87.38866475662688,0.6598030924797058,0.0,0.8984375,0.49609375,4.76837158203125e-06
1,r5-f1-392d41fd097d069c42218e0a,244,3,0.05,0.00018940865993499756,0.0002819248620653525,0.0008801544895953861,1.0,87.38865659568977,0.659803032875061,0.0,0.8984375,0.49609375,5.086263020833333e-06
1,r5-f1-392d41fd097d069c42218e0a,245,0,0.05,0.0002491157501935959,0.0002803084353217855,0.0011947542523563339,1.0,87.38864852985175,0.6598030924797058,0.0,0.8984375,0.49609375,5.086263020833333e-06
1,r5-f1-392d41fd097d069c42218e0a,246,1,0.05,7.748231291770935e-05,0.00028016687429044396,0.00032668692990823193,1.0,87.38864102981725,0.659803032875061,0.0,0.8984375,0.49609375,5.086263020833333e-06
1,r5-f1-392d41fd097d069c42218e0a,247,2,0.05,0.0006046851631253958,0.00028010731330141425,0.002580743629568903,1.0,87.38863500455459,0.659803032875061,0.0,0.8984375,0.49609375,5.086263020833333e-06
1,r5-f1-392d41fd097d069c42218e0a,248,3,0.05,0.0001668781042098999,0.0002780882059596479,0.0007055234005249826,1.0,87.38862917263673,0.659803032875061,0.0,0.8984375,0.49609375,5.086263020833333e-06
1,r5-f1-392d41fd097d069c42218e0a,249,0,0.05,0.0002615116536617279,0.00027736573247238994,0.0012715401584156968,1.0,87.38862307872239,0.6598029732704163,0.0,0.89453125,0.49609375,5.404154459635416e-06
1,r5-f1-392d41fd097d069c42218e0a,250,1,0.05,7.045082747936249e-05,0.00027691881405189633,0.001295750245560085,1.0,87.38861641491421,0.6598029732704163,0.0,0.8984375,0.49609375,4.76837158203125e-06
1,r5-f1-392d41fd097d069c42218e0a,251,2,0.05,0.000579546787776053,0.00027693370793713257,0.0024631685518588706,1.0,87.38861045874825,0.6598029732704163,0.0,0.8984375,0.49609375,5.404154459635416e-06
1,r5-f1-392d41fd097d069c42218e0a,252,3,0.05,0.00019906461238861084,0.0002770380160654895,0.0011442631364237967,1.0,87.38860358217404,0.6598029732704163,0.0,0.8984375,0.49609375,5.404154459635416e-06
1,r5-f1-392d41fd097d069c42218e0a,253,0,0.05,0.00022206082940101624,0.00027464684535516426,0.0010205168095782742,1.0,87.38859657447044,0.6598029732704163,0.0,0.8984375,0.49609375,4.76837158203125e-06
1,r5-f1-392d41fd097d069c42218e0a,254,1,0.05,7.283315062522888e-05,0.0002741923599387519,0.00033827624866769547,1.0,87.38859002453846,0.6598029732704163,0.0,0.8984375,0.49609375,5.086263020833333e-06
1,r5-f1-392d41fd097d069c42218e0a,255,2,0.05,0.0006040893495082855,0.00027572627004701644,0.0025801412589566146,1.0,87.38858443790261,0.6598029732704163,0.0,0.89453125,0.49609375,5.086263020833333e-06
1,r5-f1-392d41fd097d069c42218e0a,256,3,0.05,0.00019381940364837646,0.00027638192113954574,0.0010711129752234293,1.0,87.38857806542164,0.6598029136657715,0.0,0.8984375,0.49609375,5.404154459635416e-06
2,r5-f1-1aee01c0f3e7684c05c9122c,1,0,0.05,31.0,31.0,74.11477305877607,1.0,12.799969540659285,0.5691370368003845,0.447265625,0.546875,0.498046875,0.0
2,r5-f1-1aee01c0f3e7684c05c9122c,2,1,0.05,25.500017166137695,28.250008583068848,61.580205016173025,1.0,18.732742550258976,0.5715806484222412,0.40234375,0.56640625,0.498046875,0.0
2,r5-f1-1aee01c0f3e7684c05c9122c,3,2,0.05,17.418060302734375,24.63935915629069,31.207213503686212,1.0,24.062805370246856,0.5746012330055237,0.361328125,0.58203125,0.498046875,0.0
2,r5-f1-1aee01c0f3e7684c05c9122c,4,3,0.05,10.875551223754883,21.19840717315674,16.601381169384922,1.0,28.910087111547988,0.5779597759246826,0.34765625,0.6015625,0.498046875,0.0
2,r5-f1-1aee01c0f3e7684c05c9122c,5,0,0.05,15.583343505859375,20.075394439697266,68.24533959040954,1.0,32.66757803556113,0.5809985995292664,0.330078125,0.62109375,0.498046875,0.0
2,r5-f1-1aee01c0f3e7684c05c9122c,6,1,0.05,16.126136779785156,19.417184829711914,24.927290793038974,1.0,36.239034519967326,0.5841655135154724,0.328125,0.640625,0.498046875,0.0
2,r5-f1-1aee01c0f3e7684c05c9122c,7,2,0.05,14.057857513427734,18.651566641671316,38.0950285150187,1.0,39.59254988201369,0.5873584747314453,0.310546875,0.65625,0.498046875,0.0
2,r5-f1-1aee01c0f3e7684c05c9122c,8,3,0.05,6.723079681396484,17.160505771636963,40.638917192162786,1.0,42.6024768396985,0.5904703736305237,0.255859375,0.6640625,0.498046875,0.0
2,r5-f1-1aee01c0f3e7684c05c9122c,9,0,0.05,2.5882554054260254,15.54136684205797,31.68945489940062,1.0,45.333867700525026,0.5935306549072266,0.22265625,0.6796875,0.498046875,0.0
2,r5-f1-1aee01c0f3e7684c05c9122c,10,1,0.05,1.670865774154663,14.154316735267638,12.335279746828848,1.0,47.92648728142007,0.5965974926948547,0.19921875,0.69921875,0.498046875,0.0
2,r5-f1-1aee01c0f3e7684c05c9122c,11,2,0.05,0.6327786445617676,12.925085999748923,6.419626865606325,1.0,50.37690831591004,0.5996371507644653,0.1875,0.71875,0.498046875,0.0
2,r5-f1-1aee01c0f3e7684c05c9122c,12,3,0.05,0.0015874505043029785,11.848127787311872,0.02150894831334589,1.0,52.677777462703524,0.6026170253753662,0.1796875,0.73828125,0.498046875,0.0
2,r5-f1-1aee01c0f3e7684c05c9122c,13,0,0.05,0.1129612922668457,10.945422672308409,2.198680870736963,1.0,54.82093674804272,0.605501115322113,0.16796875,0.7578125,0.498046875,0.0
2,r5-f1-1aee01c0f3e7684c05c9122c,14,1,0.05,0.25218939781188965,10.181620295558657,6.782939478197941,1.0,56.80146233932293,0.6082583069801331,0.162109375,0.77734375,0.498046875,0.0
2,r5-f1-1aee01c0f3e7684c05c9122c,15,2,0.05,0.0672597885131836,9.507329595088958,0.9043814063032745,1.0,58.63324436188418,0.6108854413032532,0.142578125,0.7890625,0.498046875,0.0
2,r5-f1-1aee01c0f3e7684c05c9122c,16,3,0.05,0.00047278404235839844,8.913151044398546,0.005871203486965228,1.0,60.32357577126147,0.6133740544319153,0.130859375,0.8046875,0.498046875,0.0
2,r5-f1-1aee01c0f3e7684c05c9122c,17,0,0.05,0.028613567352294922,6.977439392358065,0.6483233788861962,1.0,61.87960807376052,0.6157189011573792,0.119140625,0.8125,0.498046875,0.0
2,r5-f1-1aee01c0f3e7684c05c9122c,18,1,0.05,0.015774250030517578,5.384674210101366,0.26555517290307185,1.0,63.31011531311149,0.6179197430610657,0.11328125,0.82421875,0.498046875,0.0
2,r5-f1-1aee01c0f3e7684c05c9122c,19,2,0.05,0.0142974853515625,4.29693903401494,0.20698870182230467,1.0,64.62362406547012,0.6199781894683838,0.095703125,0.83203125,0.498046875,0.0
2,r5-f1-1aee01c0f3e7684c05c9122c,20,3,0.05,0.0004819631576538086,3.6172472052276134,0.0038842743061968713,1.0,65.82866165031308,0.6218979954719543,0.09375,0.84375,0.498046875,0.0
2,r5-f1-1aee01c0f3e7684c05c9122c,21,0,0.05,0.0223846435546875,2.6446872763335705,0.4175482453854547,1.0,66.93324283114622,0.6236836910247803,0.087890625,0.8515625,0.498046875,0.0
2,r5-f1-1aee01c0f3e7684c05c9122c,22,1,0.05,0.013738155364990234,1.63766236230731,0.15417414496285686,1.0,67.94504660974768,0.6253411173820496,0.0859375,0.85546875,0.498046875,0.0
2,r5-f1-1aee01c0f3e7684c05c9122c,23,2,0.05,0.028652191162109375,0.7608370296657085,0.3623395178119411,1.0,68.87102976096219,0.6268764138221741,0.083984375,0.859375,0.498046875,0.0
2,r5-f1-1aee01c0f3e7684c05c9122c,24,3,0.05,0.00043645501136779785,0.34067182801663876,0.003769900762334671,1.0,69.71849455365715,0.6282964944839478,0.091796875,0.8671875,0.498046875,0.0
2,r5-f1-1aee01c0f3e7684c05c9122c,25,0,0.05,0.012090682983398438,0.17966153286397457,0.24614953267421746,1.0,70.4936252897298,0.6296079158782959,0.091796875,0.87109375,0.498046875,0.0
2,r5-f1-1aee01c0f3e7684c05c9122c,26,1,0.05,0.008116960525512695,0.07573973201215267,0.09293823086426564,1.0,71.20235020039947,0.6308173537254333,0.08984375,0.875,0.498046875,0.0
2,r5-f1-1aee01c0f3e7684c05c9122c,27,2,0.05,0.00984811782836914,0.03680657409131527,0.12414952913762368,1.0,71.85007823868857,0.6319314241409302,0.087890625,0.875,0.498046875,0.0
2,r5-f1-1aee01c0f3e7684c05c9122c,28,3,0.05,0.0003182440996170044,0.036727248691022396,0.0028546007483924865,1.0,72.44199388229208,0.6329566836357117,0.0859375,0.875,0.498046875,0.0
2,r5-f1-1aee01c0f3e7684c05c9122c,29,0,0.05,0.002058744430541992,0.029795839451253414,0.03428030950554943,1.0,72.98272006134691,0.6338991522789001,0.087890625,0.8828125,0.498046875,0.0
2,r5-f1-1aee01c0f3e7684c05c9122c,30,1,0.05,0.005507111549377441,0.014378196559846401,0.05631873495782619,1.0,73.4764640648216,0.6347646117210388,0.087890625,0.88671875,0.498046875,0.0
2,r5-f1-1aee01c0f3e7684c05c9122c,31,2,0.05,0.006021261215209961,0.01055078860372305,0.19958878918984438,1.0,73.92715265466522,0.6355589032173157,0.095703125,0.88671875,0.498046875,0.0
2,r5-f1-1aee01c0f3e7684c05c9122c,32,3,0.05,0.0002742558717727661,0.010538380593061447,0.0021207668209918405,1.0,74.33851757652488,0.636287271976471,0.095703125,0.890625,0.498046875,0.0
2,r5-f1-1aee01c0f3e7684c05c9122c,33,0,0.05,0.0017052888870239258,0.00885661318898201,0.02131494588806488,1.0,74.71386799251984,0.636954665184021,0.09375,0.890625,0.498046875,0.0
2,r5-f1-1aee01c0f3e7684c05c9122c,34,1,0.05,0.0024336576461791992,0.008022826164960861,0.15636340124039466,1.0,75.05617777993383,0.6375657320022583,0.08984375,0.8984375,0.498046875,0.0
2,r5-f1-1aee01c0f3e7684c05c9122c,35,2,0.05,0.0021495819091796875,0.007263582199811935,0.024116988520558522,1.0,75.36834388214726,0.638124942779541,0.091796875,0.8984375,0.498046875,0.0
2,r5-f1-1aee01c0f3e7684c05c9122c,36,3,0.05,0.0002519749104976654,0.0072492079343646765,0.00252521317312355,1.0,75.65297006252,0.6386364698410034,0.08984375,0.8984375,0.498046875,0.0
2,r5-f1-1aee01c0f3e7684c05c9122c,37,0,0.05,0.0015043020248413086,0.0059441865887492895,0.027261777889789528,1.0,75.91241480043875,0.6391039490699768,0.091796875,0.8984375,0.498046875,0.0
2,r5-f1-1aee01c0f3e7684c05c9122c,38,1,0.05,0.002239227294921875,0.005225503584370017,0.021416598479169248,1.0,76.14883087438473,0.6395310759544373,0.091796875,0.8984375,0.498046875,0.0
2,r5-f1-1aee01c0f3e7684c05c9122c,39,2,0.05,0.003282308578491211,0.003639885922893882,0.043931245775549355,1.0,76.36419195588249,0.6399210691452026,0.087890625,0.8984375,0.498046875,0.0
2,r5-f1-1aee01c0f3e7684c05c9122c,40,3,0.05,0.00017629563808441162,0.00362362596206367,0.0012937051155977749,1.0,76.56036853638824,0.640277087688446,0.08984375,0.8984375,0.498046875,0.0
2,r5-f1-1aee01c0f3e7684c05c9122c,41,0,0.05,0.0012303590774536133,0.0029448557179421186,0.015721301423659708,1.0,76.7390131155738,0.6406019330024719,0.091796875,0.8984375,0.498046875,0.0
2,r5-f1-1aee01c0f3e7684c05c9122c,42,1,0.05,0.0017907023429870605,0.0025494645815342665,0.016573810235346948,1.0,76.90165771383083,0.6408982276916504,0.087890625,0.90625,0.498046875,0.0
2,r5-f1-1aee01c0f3e7684c05c9122c,43,2,0.05,0.0017457008361816406,0.0020430635195225477,0.02815183775578849,1.0,77.04969817211312,0.6411682963371277,0.0859375,0.90234375,0.498046875,0.0
2,r5-f1-1aee01c0f3e7684c05c9122c,44,3,0.05,0.00021860748529434204,0.0020368362311273813,0.001952059407739839,1.0,77.18443559831574,0.6414144039154053,0.0859375,0.90625,0.498046875,0.0
2,r5-f1-1aee01c0f3e7684c05c9122c,45,0,0.05,0.0010875463485717773,0.001976136351004243,0.021775879959865643,1.0,77.30704727001188,0.6416386961936951,0.08984375,0.90234375,0.498046875,0.0
2,r5-f1-1aee01c0f3e7684c05c9122c,46,1,0.05,0.001283407211303711,0.0017121548298746347,0.015115068305617877,1.0,77.41857816488462,0.6418429613113403,0.08984375,0.90625,0.498046875,0.0
2,r5-f1-1aee01c0f3e7684c05c9122c,47,2,0.05,0.0015683174133300781,0.001433845842257142,0.015469725324504104,1.0,77.51999551086071,0.6420289278030396,0.08984375,0.90625,0.498046875,0.0
2,r5-f1-1aee01c0f3e7684c05c9122c,48,3,0.05,0.00019405409693717957,0.001428833231329918,0.0015830904543466771,1.0,77.61222846856987,0.6421982645988464,0.08984375,0.90625,0.498046875,0.0
2,r5-f1-1aee01c0f3e7684c05c9122c,49,0,0.05,0.001453399658203125,0.0014130901545286179,0.015420141131841503,1.0,77.69607474967826,0.6423523426055908,0.08984375,0.90625,0.498046875,0.0
2,r5-f1-1aee01c0f3e7684c05c9122c,50,1,0.05,0.0014466047286987305,0.0013513993471860886,0.009985083510663819,1.0,77.77228501356863,0.6424925327301025,0.087890625,0.90625,0.498046875,0.0
2,r5-f1-1aee01c0f3e7684c05c9122c,51,2,0.05,0.0012216567993164062,0.0012934040278196335,0.012426868385884532,1.0,77.84152609186638,0.6426199674606323,0.0859375,0.90625,0.498046875,0.0
2,r5-f1-1aee01c0f3e7684c05c9122c,52,3,0.05,0.0001608002930879593,0.0012877056142315269,0.0011976702045870292,1.0,77.90445336076388,0.6427358388900757,0.0859375,0.90625,0.498046875,0.0
2,r5-f1-1aee01c0f3e7684c05c9122c,53,0,0.05,0.0007789731025695801,0.0012423725565895438,0.00904639065231274,1.0,77.96162735060452,0.6428412199020386,0.0859375,0.90625,0.498046875,0.0
2,r5-f1-1aee01c0f3e7684c05c9122c,54,1,0.05,0.0010151565074920654,0.0011658681323751807,0.006436294282868847,1.0,78.01355877259573,0.6429370045661926,0.0859375,0.90625,0.498046875,0.0
2,r5-f1-1aee01c0f3e7684c05c9122c,55,2,0.05,0.0005128383636474609,0.0009927762439474463,0.003871451168227754,1.0,78.06072202684511,0.6430240273475647,0.0859375,0.90625,0.498046875,0.0
2,r5-f1-1aee01c0f3e7684c05c9122c,56,3,0.05,0.00014792755246162415,0.0009910032385960221,0.0010770179366394461,1.0,78.10355774728373,0.6431030631065369,0.087890625,0.90625,0.498046875,0.0
2,r5-f1-1aee01c0f3e7684c05c9122c,57,0,0.05,0.0006560087203979492,0.0009551063412800431,0.00701103749529744,1.0,78.14245069873004,0.6431748867034912,0.0859375,0.90625,0.498046875,0.0
2,r5-f1-1aee01c0f3e7684c05c9122c,58,1,0.05,0.001453995704650879,0.0009340621763840318,0.01024875494719205,1.0,78.17774409482162,0.6432400941848755,0.08984375,0.90625,0.498046875,0.0
2,r5-f1-1aee01c0f3e7684c05c9122c,59,2,0.05,0.0006814002990722656,0.0008675433928146958,0.008196072347148696,1.0,78.20976938122392,0.6432992815971375,0.08984375,0.90625,0.498046875,0.0
2,r5-f1-1aee01c0f3e7684c05c9122c,60,3,0.05,0.00013028737157583237,0.000862023385707289,0.0008691559873584462,1.0,78.23884004571732,0.6433530449867249,0.08984375,0.90625,0.498046875,0.0
2,r5-f1-1aee01c0f3e7684c05c9122c,61,0,0.05,0.0006837844848632812,0.000836788269225508,0.007314535236511685,1.0,78.2652186137293,0.6434018015861511,0.0859375,0.90625,0.498046875,0.0
2,r5-f1-1aee01c0f3e7684c05c9122c,62,1,0.05,0.001132667064666748,0.0008273670100606978,0.006642311246451836,1.0,78.28914137006355,0.6434460878372192,0.091796875,0.90625,0.498046875,0.0
2,r5-f1-1aee01c0f3e7684c05c9122c,63,2,0.05,0.0007787942886352539,0.0007780218147672713,0.006303994225579307,1.0,78.31083150788828,0.6434862613677979,0.08984375,0.90625,0.498046875,0.0
2,r5-f1-1aee01c0f3e7684c05c9122c,64,3,0.05,0.00012456625699996948,0.0007736788247711957,0.0008512440419364409,1.0,78.33051036415931,0.6435226798057556,0.087890625,0.90625,0.498046875,0.0
2,r5-f1-1aee01c0f3e7684c05c9122c,65,0,0.05,0.0005581974983215332,0.0007177286897785962,0.004060748107045497,1.0,78.34835841668149,0.6435557007789612,0.087890625,0.90234375,0.498046875,0.0
2,r5-f1-1aee01c0f3e7684c05c9122c,66,1,0.05,0.0010420680046081543,0.0006924451445229352,0.005997736654614288,1.0,78.36453258729524,0.6435856819152832,0.08984375,0.90625,0.498046875,0.0
2,r5-f1-1aee01c0f3e7684c05c9122c,67,2,0.05,0.0005768537521362305,0.0006521449540741742,0.004244605642381805,1.0,78.37919043628602,0.6436128616333008,0.08984375,0.90625,0.498046875,0.0
2,r5-f1-1aee01c0f3e7684c05c9122c,68,3,0.05,0.00012981053441762924,0.0006502080941572785,0.0009175016928086972,1.0,78.3924830411458,0.643637478351593,0.08984375,0.90625,0.498046875,0.0
2,r5-f1-1aee01c0f3e7684c05c9122c,69,0,0.05,0.0005135536193847656,0.0006336193764582276,0.003901008307838904,1.0,78.40453243773823,0.6436598300933838,0.08984375,0.90625,0.498046875,0.0
2,r5-f1-1aee01c0f3e7684c05c9122c,70,1,0.05,0.0009186863899230957,0.000627589994110167,0.004881576160444294,1.0,78.41544581166843,0.6436800956726074,0.08984375,0.91015625,0.498046875,0.0
2,r5-f1-1aee01c0f3e7684c05c9122c,71,2,0.05,0.0007787942886352539,0.0006442122394219041,0.006212624586989795,1.0,78.42532219599799,0.6436983942985535,0.08984375,0.90625,0.498046875,0.0
2,r5-f1-1aee01c0f3e7684c05c9122c,72,3,0.05,0.00012432783842086792,0.0006427372572943568,0.0008309322694578925,1.0,78.43427474919413,0.6437150239944458,0.08984375,0.90625,0.498046875,0.0
2,r5-f1-1aee01c0f3e7684c05c9122c,73,0,0.05,0.0004602670669555664,0.0006305034039542079,0.0028265901681068513,1.0,78.44238732596774,0.643730103969574,0.08984375,0.91015625,0.498046875,0.0
2,r5-f1-1aee01c0f3e7684c05c9122c,74,1,0.05,0.0007906556129455566,0.0005890446482226253,0.003983806436499609,1.0,78.44973080773782,0.6437437534332275,0.08984375,0.90625,0.498046875,0.0
2,r5-f1-1aee01c0f3e7684c05c9122c,75,2,0.05,0.0011510848999023438,0.0006183999357745051,0.010342522086991796,1.0,78.45636002745879,0.6437560319900513,0.08984375,0.90625,0.498046875,0.0
2,r5-f1-1aee01c0f3e7684c05c9122c,76,3,0.05,0.00010978616774082184,0.000617118610534817,0.0006820760565429294,1.0,78.46236713069722,0.643767237663269,0.091796875,0.90625,0.498046875,0.0
2,r5-f1-1aee01c0f3e7684c05c9122c,77,0,0.05,0.00038045644760131836,0.0005981606082059443,0.0019088645071064466,1.0,78.46780811050387,0.6437773704528809,0.091796875,0.90625,0.498046875,0.0
2,r5-f1-1aee01c0f3e7684c05c9122c,78,1,0.05,0.0008461475372314453,0.0005802531377412379,0.003817136761850536,1.0,78.47272701578078,0.6437864899635315,0.09375,0.90625,0.498046875,0.0
2,r5-f1-1aee01c0f3e7684c05c9122c,79,2,0.05,0.00040608644485473633,0.0005569588975049555,0.0024323072351543204,1.0,78.47717793881851,0.6437947750091553,0.09375,0.90625,0.498046875,0.0
2,r5-f1-1aee01c0f3e7684c05c9122c,80,3,0.05,0.00012408895418047905,0.0005569290660787374,0.0009684884891721226,1.0,78.48120931227521,0.643802285194397,0.09375,0.90625,0.498046875,0.0
2,r5-f1-1aee01c0f3e7684c05c9122c,81,0,0.05,0.0004343092441558838,0.0005491860501933843,0.002303719693792263,1.0,78.4848586651419,0.6438090801239014,0.09375,0.90625,0.498046875,0.0
2,r5-f1-1aee01c0f3e7684c05c9122c,82,1,0.05,0.0008461475372314453,0.00053694102098234,0.004070417921744339,1.0,78.48815329606036,0.6438152194023132,0.095703125,0.90625,0.498046875,0.0
2,r5-f1-1aee01c0f3e7684c05c9122c,83,2,0.05,0.00033849477767944336,0.0005220435850787908,0.0019699534234579098,1.0,78.4911322536464,0.6438208222389221,0.09375,0.90625,0.498046875,0.0
2,r5-f1-1aee01c0f3e7684c05c9122c,84,3,0.05,0.00011467281728982925,0.0005210974777583033,0.0007633858102900543,1.0,78.49382962260971,0.6438258290290833,0.09375,0.90625,0.498046875,0.0
2,r5-f1-1aee01c0f3e7684c05c9122c,85,0,0.05,0.0004343092441558838,0.0005161447043064982,0.002215318726399342,1.0,78.49626971766017,0.6438303589820862,0.09375,0.90625,0.498046875,0.0
2,r5-f1-1aee01c0f3e7684c05c9122c,86,1,0.05,0.0008461475372314453,0.00051161102601327,0.0040177623978218755,1.0,78.49846796168197,0.6438344717025757,0.09375,0.90625,0.498046875,0.0
2,r5-f1-1aee01c0f3e7684c05c9122c,87,2,0.05,0.0005090236663818359,0.0004947503621224314,0.0036332141342105793,1.0,78.50044799957077,0.6438382267951965,0.09375,0.90625,0.498046875,0.0
2,r5-f1-1aee01c0f3e7684c05c9122c,88,3,0.05,0.00010942807421088219,0.0004938191268593073,0.0007443659648010077,1.0,78.5022403553474,0.643841564655304,0.095703125,0.90625,0.498046875,0.0
2,r5-f1-1aee01c0f3e7684c05c9122c,89,0,0.05,0.0003382563591003418,0.00048619345761835575,0.0017646878530439584,1.0,78.50386077311424,0.6438446044921875,0.09375,0.90625,0.498046875,0.0
2,r5-f1-1aee01c0f3e7684c05c9122c,90,1,0.05,0.0007467865943908691,0.0004834516439586878,0.00345876882892864,1.0,78.50531864862653,0.6438473463058472,0.09375,0.90625,0.498046875,0.0
2,r5-f1-1aee01c0f3e7684c05c9122c,91,2,0.05,0.0005090236663818359,0.00044332281686365604,0.0036772722026727923,1.0,78.50662727338184,0.643849790096283,0.09375,0.91015625,0.498046875,0.0
2,r5-f1-1aee01c0f3e7684c05c9122c,92,3,0.05,9.667407721281052e-05,0.00044250331120565534,0.0005491883150501493,1.0,78.50781156204289,0.6438519954681396,0.09375,0.90625,0.498046875,0.0
2,r5-f1-1aee01c0f3e7684c05c9122c,93,0,0.05,0.0004343092441558838,0.0004458691109903157,0.002708560942142045,1.0,78.50888296798449,0.643854022026062,0.09375,0.91015625,0.498046875,0.0
2,r5-f1-1aee01c0f3e7684c05c9122c,94,1,0.05,0.0006012320518493652,0.00043056189315393567,0.0029141282654908903,1.0,78.50984714549821,0.64385586977005,0.09375,0.90625,0.498046875,0.0
2,r5-f1-1aee01c0f3e7684c05c9122c,95,2,0.05,0.0003993511199951172,0.0004301409353502095,0.002939240869164449,1.0,78.51071200637271,0.643857479095459,0.09765625,0.90625,0.498046875,0.0
2,r5-f1-1aee01c0f3e7684c05c9122c,96,3,0.05,0.00010489858686923981,0.000428941537393257,0.0006541365713270216,1.0,78.51149448650658,0.6438589692115784,0.099609375,0.91015625,0.498046875,0.0
2,r5-f1-1aee01c0f3e7684c05c9122c,97,0,0.05,0.00045299530029296875,0.00043010941590182483,0.005140513602382957,1.0,78.51219974960522,0.6438602805137634,0.103515625,0.91015625,0.498046875,0.0
2,r5-f1-1aee01c0f3e7684c05c9122c,98,1,0.05,0.0007467865943908691,0.0004238993569742888,0.0035110879378738493,1.0,78.51282880388385,0.6438615322113037,0.107421875,0.91015625,0.498046875,0.0
2,r5-f1-1aee01c0f3e7684c05c9122c,99,2,0.05,0.00034373998641967773,0.00042422718252055347,0.002161620632919054,1.0,78.513391297542,0.6438625454902649,0.107421875,0.90625,0.498046875,0.0
2,r5-f1-1aee01c0f3e7684c05c9122c,100,3,0.05,0.00011467281728982925,0.00042422718252055347,0.000773577949065101,1.0,78.5139000288362,0.6438635587692261,0.107421875,0.91015625,0.498046875,0.0
2,r5-f1-1aee01c0f3e7684c05c9122c,101,0,0.05,0.0004699230194091797,0.00042645304347388446,0.00432149704337499,1.0,78.5143589566217,0.6438643932342529,0.107421875,0.91015625,0.498046875,0.0
2,r5-f1-1aee01c0f3e7684c05c9122c,102,1,0.05,0.0006057620048522949,0.00041142894770018756,0.055401977692183295,1.0,78.51471113241531,0.6438652276992798,0.10546875,0.90625,0.498046875,0.0
2,r5-f1-1aee01c0f3e7684c05c9122c,103,2,0.05,0.00043082237243652344,0.00040654136682860553,0.0038373786079355624,1.0,78.51501913839944,0.6438659429550171,0.107421875,0.90625,0.498046875,0.0
2,r5-f1-1aee01c0f3e7684c05c9122c,104,3,0.05,0.00010501779615879059,0.0004062657244503498,0.0006431319610662357,1.0,78.51529864229488,0.6438665986061096,0.10546875,0.90625,0.498046875,0.0
2,r5-f1-1aee01c0f3e7684c05c9122c,105,0,0.05,0.0006315708160400391,0.0004245978780090809,0.01052770679828621,1.0,78.51555691308933,0.6438671350479126,0.10546875,0.91015625,0.498046875,0.0
2,r5-f1-1aee01c0f3e7684c05c9122c,106,1,0.05,0.0005810856819152832,0.00041424157097935677,0.015213096582436744,1.0,78.51580065075767,0.6438676118850708,0.107421875,0.90625,0.498046875,0.0
2,r5-f1-1aee01c0f3e7684c05c9122c,107,2,0.05,0.000311434268951416,0.0004018922336399555,0.0022254819052024374,1.0,78.51601765617359,0.643868088722229,0.109375,0.90625,0.498046875,0.0
2,r5-f1-1aee01c0f3e7684c05c9122c,108,3,0.05,0.00010072672739624977,0.0004021455242764205,0.0006393037827538474,1.0,78.51621344947306,0.6438685059547424,0.109375,0.90625,0.498046875,0.0
2,r5-f1-1aee01c0f3e7684c05c9122c,109,0,0.05,0.00035005807876586914,0.00039687982643954456,0.001706534429866417,1.0,78.51638912113764,0.6438688039779663,0.107421875,0.90625,0.498046875,0.0
2,r5-f1-1aee01c0f3e7684c05c9122c,110,1,0.05,0.0007163286209106445,0.0004040733620058745,0.003556081021171428,1.0,78.5165380862182,0.643869161605835,0.107421875,0.90625,0.498046875,0.0
2,r5-f1-1aee01c0f3e7684c05c9122c,111,2,0.05,0.00032967329025268555,0.00039971849764697254,0.003592123403117347,1.0,78.51666863194365,0.6438694000244141,0.107421875,0.90625,0.498046875,0.0
2,r5-f1-1aee01c0f3e7684c05c9122c,112,3,0.05,0.00010978616774082184,0.0004000239714514464,0.0006209339959113323,1.0,78.51678621142781,0.6438696980476379,0.107421875,0.90625,0.498046875,0.0
2,r5-f1-1aee01c0f3e7684c05c9122c,113,0,0.05,0.00036519765853881836,0.000394536618841812,0.0018940732736705903,1.0,78.51688992451277,0.6438698768615723,0.107421875,0.90625,0.498046875,0.0
2,r5-f1-1aee01c0f3e7684c05c9122c,114,1,0.05,0.0005810856819152832,0.0003841803118120879,0.002474582835264097,1.0,78.51697803009979,0.6438701152801514,0.107421875,0.90625,0.498046875,0.0
2,r5-f1-1aee01c0f3e7684c05c9122c,115,2,0.05,0.00032967329025268555,0.0003833011433016509,0.0021779754236461407,1.0,78.51705210082282,0.6438702344894409,0.107421875,0.90625,0.498046875,0.0
2,r5-f1-1aee01c0f3e7684c05c9122c,116,3,0.05,9.285937994718552e-05,0.00038193780346773565,0.0004788957014992425,1.0,78.51711889131413,0.6438704133033752,0.107421875,0.90625,0.498046875,0.0
2,r5-f1-1aee01c0f3e7684c05c9122c,117,0,0.05,0.0003222823143005371,0.0003727102593984455,0.0016184691775456353,1.0,78.51717788373385,0.6438705921173096,0.107421875,0.90625,0.498046875,0.0
2,r5-f1-1aee01c0f3e7684c05c9122c,118,1,0.05,0.0005532205104827881,0.0003694264160003513,0.002562531009074782,1.0,78.51722595506205,0.6438706517219543,0.107421875,0.90625,0.498046875,0.0
2,r5-f1-1aee01c0f3e7684c05c9122c,119,2,0.05,0.0002734065055847168,0.0003595879243221134,0.0015465051482887661,1.0,78.5172651298795,0.6438707709312439,0.109375,0.90625,0.498046875,0.0
2,r5-f1-1aee01c0f3e7684c05c9122c,120,3,0.05,0.00010537542402744293,0.00035961027606390417,0.0005964390617791842,1.0,78.51730019203139,0.6438708901405334,0.109375,0.90625,0.498046875,0.0
2,r5-f1-1aee01c0f3e7684c05c9122c,121,0,0.05,0.00034373998641967773,0.0003416208492126316,0.0022855241504430614,1.0,78.51733006839281,0.6438709497451782,0.109375,0.90625,0.498046875,0.0
2,r5-f1-1aee01c0f3e7684c05c9122c,122,1,0.05,0.0005665719509124756,0.0003407137410249561,0.002447728353585167,1.0,78.51735184392071,0.643871009349823,0.109375,0.91015625,0.498046875,0.0
2,r5-f1-1aee01c0f3e7684c05c9122c,123,2,0.05,0.0003993511199951172,0.00034620854421518743,0.003056419684682541,1.0,78.51736670111298,0.6438710689544678,0.109375,0.90625,0.498046875,0.0
2,r5-f1-1aee01c0f3e7684c05c9122c,124,3,0.05,9.274063631892204e-05,0.00034570941352285445,0.00047439202103439105,1.0,78.51737978099008,0.6438711285591125,0.107421875,0.90625,0.498046875,0.0
2,r5-f1-1aee01c0f3e7684c05c9122c,125,0,0.05,0.0003833174705505371,0.0003477881255093962,0.0019031218810688544,1.0,78.51738985915061,0.6438711881637573,0.107421875,0.90625,0.498046875,0.0
2,r5-f1-1aee01c0f3e7684c05c9122c,126,1,0.05,0.0005090236663818359,0.00033483156585134566,0.0026704473735718742,1.0,78.51739467446554,0.6438711881637573,0.109375,0.90625,0.498046875,0.0
2,r5-f1-1aee01c0f3e7684c05c9122c,127,2,0.05,0.00028651952743530273,0.00033213445567525923,0.0018494325644097896,1.0,78.51739557598864,0.6438712477684021,0.109375,0.90625,0.498046875,0.0
2,r5-f1-1aee01c0f3e7684c05c9122c,128,3,0.05,0.00010549463331699371,0.00033186623477377,0.0006230464028508222,1.0,78.51739606121359,0.6438712477684021,0.109375,0.91015625,0.498046875,0.0
2,r5-f1-1aee01c0f3e7684c05c9122c,129,0,0.05,0.0003674626350402832,0.00033200779580511153,0.0018926673638289624,1.0,78.51739410413599,0.6438712477684021,0.109375,0.90625,0.498046875,0.0
2,r5-f1-1aee01c0f3e7684c05c9122c,130,1,0.05,0.0005090236663818359,0.0003275039198342711,0.002721261613081567,1.0,78.51738928793884,0.6438712477684021,0.109375,0.90625,0.498046875,0.0
2,r5-f1-1aee01c0f3e7684c05c9122c,131,2,0.05,0.00031620264053344727,0.0003266620042268187,0.0024966101672012453,1.0,78.51738217264186,0.6438712477684021,0.109375,0.90625,0.498046875,0.0
2,r5-f1-1aee01c0f3e7684c05c9122c,132,3,0.05,9.262142702937126e-05,0.0003266471321694553,0.0005032941899363729,1.0,78.51737553607538,0.6438713073730469,0.109375,0.90625,0.498046875,0.0
2,r5-f1-1aee01c0f3e7684c05c9122c,133,0,0.05,0.00031107664108276367,0.00032594677759334445,0.0016377202353049405,1.0,78.51736725281388,0.6438712477684021,0.109375,0.90625,0.498046875,0.0
2,r5-f1-1aee01c0f3e7684c05c9122c,134,1,0.05,0.000543445348739624,0.0003253358299843967,0.002993004839474032,1.0,78.51735601819765,0.6438712477684021,0.109375,0.90625,0.498046875,0.0
2,r5-f1-1aee01c0f3e7684c05c9122c,135,2,0.05,0.00020000338554382324,0.00032074813498184085,0.0009840329348861478,1.0,78.51734415792743,0.6438712477684021,0.109375,0.90625,0.498046875,0.0
2,r5-f1-1aee01c0f3e7684c05c9122c,136,3,0.05,9.262142702937126e-05,0.00031995101016946137,0.0005094204345534022,1.0,78.51733332034044,0.6438712477684021,0.109375,0.90625,0.498046875,0.0
2,r5-f1-1aee01c0f3e7684c05c9122c,137,0,0.05,0.00032967329025268555,0.00031907184165902436,0.002555124967185614,1.0,78.51732133791837,0.6438712477684021,0.109375,0.90625,0.498046875,0.0
2,r5-f1-1aee01c0f3e7684c05c9122c,138,1,0.05,0.0005090236663818359,0.0003154750738758594,0.002254596291981422,1.0,78.51730800632866,0.6438712477684021,0.109375,0.90625,0.498046875,0.0
2,r5-f1-1aee01c0f3e7684c05c9122c,139,2,0.05,0.0003033280372619629,0.00030947363120503724,0.002019230189136108,1.0,78.5172923422921,0.6438712477684021,0.109375,0.90625,0.498046875,0.0
2,r5-f1-1aee01c0f3e7684c05c9122c,140,3,0.05,9.67932865023613e-05,0.0003097269218415022,0.0005227185736760998,1.0,78.51727817680255,0.6438711881637573,0.109375,0.90625,0.498046875,0.0
2,r5-f1-1aee01c0f3e7684c05c9122c,141,0,0.05,0.0002727210521697998,0.0003028146456927061,0.0011384424561724552,1.0,78.51726446460208,0.6438711881637573,0.109375,0.90625,0.498046875,0.0
2,r5-f1-1aee01c0f3e7684c05c9122c,142,1,0.05,0.0004686117172241211,0.00030028889887034893,0.002021376400734559,1.0,78.51724808529751,0.6438711285591125,0.109375,0.90625,0.498046875,0.0
2,r5-f1-1aee01c0f3e7684c05c9122c,143,2,0.05,0.0002231597900390625,0.0002963289152830839,0.0023634614315698648,1.0,78.51722753946159,0.6438711285591125,0.109375,0.90625,0.498046875,0.0
2,r5-f1-1aee01c0f3e7684c05c9122c,144,3,0.05,9.643565863370895e-05,0.0002957627293653786,0.0005220881594983355,1.0,78.51720893654048,0.6438711285591125,0.111328125,0.90625,0.498046875,0.0
2,r5-f1-1aee01c0f3e7684c05c9122c,145,0,0.05,0.00029881298542022705,0.0002914721262641251,0.0015029845682225378,1.0,78.51719130441128,0.6438711285591125,0.111328125,0.90625,0.498046875,0.0
2,r5-f1-1aee01c0f3e7684c05c9122c,146,1,0.05,0.0005090236663818359,0.0002914721262641251,0.002186315696238479,1.0,78.51717089052285,0.6438710689544678,0.109375,0.90625,0.498046875,0.0
2,r5-f1-1aee01c0f3e7684c05c9122c,147,2,0.05,0.000232696533203125,0.00028625299455597997,0.003174619525840984,1.0,78.51715307152386,0.6438710689544678,0.111328125,0.90625,0.498046875,0.0
2,r5-f1-1aee01c0f3e7684c05c9122c,148,3,0.05,8.54693353176117e-05,0.000285805988823995,0.0004320498778638206,1.0,78.5171368229451,0.643871009349823,0.109375,0.90625,0.498046875,0.0
2,r5-f1-1aee01c0f3e7684c05c9122c,149,0,0.05,0.00027485191822052,0.00028354194364510477,0.0013908277951310947,1.0,78.51712097354076,0.643871009349823,0.109375,0.90625,0.498046875,0.0
2,r5-f1-1aee01c0f3e7684c05c9122c,150,1,0.05,0.0005810856819152832,0.00028589446446858346,0.002518609921238543,1.0,78.51710167970688,0.643871009349823,0.109375,0.91015625,0.498046875,0.0
2,r5-f1-1aee01c0f3e7684c05c9122c,151,2,0.05,0.00021409988403320312,0.0002867754956241697,0.0012991566297094804,1.0,78.51708280076411,0.643871009349823,0.109375,0.91015625,0.498046875,0.0
2,r5-f1-1aee01c0f3e7684c05c9122c,152,3,0.05,0.00010084640234708786,0.000287289556581527,0.0005512055818376569,1.0,78.5170655184922,0.6438709497451782,0.109375,0.90625,0.498046875,0.0
2,r5-f1-1aee01c0f3e7684c05c9122c,153,0,0.05,0.00026366114616394043,0.0002831637975759804,0.0013323933239140417,1.0,78.51704938026327,0.6438709497451782,0.109375,0.90625,0.498046875,0.0
2,r5-f1-1aee01c0f3e7684c05c9122c,154,1,0.05,0.0005306899547576904,0.00028451794059947133,0.0054489517155070005,1.0,78.51703514854924,0.6438708901405334,0.109375,0.90625,0.498046875,0.0
2,r5-f1-1aee01c0f3e7684c05c9122c,155,2,0.05,0.00024127960205078125,0.0002806399133987725,0.0016225023676324861,1.0,78.51701997499184,0.6438708305358887,0.109375,0.90625,0.498046875,0.0
2,r5-f1-1aee01c0f3e7684c05c9122c,156,3,0.05,8.880719542503357e-05,0.0002801407827064395,0.00229076729985793,1.0,78.517002939167,0.6438708305358887,0.111328125,0.91015625,0.498046875,0.0
2,r5-f1-1aee01c0f3e7684c05c9122c,157,0,0.05,0.0002861917018890381,0.0002809826983138919,0.0019497400683929655,1.0,78.51698506530555,0.6438708305358887,0.111328125,0.90625,0.498046875,0.0
2,r5-f1-1aee01c0f3e7684c05c9122c,158,1,0.05,0.0005128383636474609,0.00028374686371535063,0.02464058200208848,1.0,78.51700037177399,0.6438707113265991,0.109375,0.90625,0.498046875,0.0
2,r5-f1-1aee01c0f3e7684c05c9122c,159,2,0.05,0.00018402934074401855,0.0002813012106344104,0.0012026006780917556,1.0,78.5170111349234,0.6438706517219543,0.109375,0.90625,0.498046875,0.0
2,r5-f1-1aee01c0f3e7684c05c9122c,160,3,0.05,8.535012602806091e-05,0.0002806083648465574,0.0004178927207561981,1.0,78.51702152733901,0.6438705921173096,0.109375,0.90625,0.498046875,0.0
2,r5-f1-1aee01c0f3e7684c05c9122c,161,0,0.05,0.00033849477767944336,0.0002830884768627584,0.0032922622770976003,1.0,78.51702921130969,0.6438705325126648,0.111328125,0.90625,0.498046875,0.0
2,r5-f1-1aee01c0f3e7684c05c9122c,162,1,0.05,0.0005578398704528809,0.0002861394896171987,0.0024593803677067034,1.0,78.51703071973957,0.6438704133033752,0.111328125,0.90625,0.498046875,0.0
2,r5-f1-1aee01c0f3e7684c05c9122c,163,2,0.05,0.00019177794456481934,0.0002835820778273046,0.0008917300062222172,1.0,78.51703018284081,0.6438703536987305,0.111328125,0.90625,0.498046875,0.0
2,r5-f1-1aee01c0f3e7684c05c9122c,164,3,0.05,7.8556127846241e-05,0.00028315000236034393,0.0003665997079417531,1.0,78.51702990079397,0.6438702940940857,0.109375,0.90625,0.498046875,0.0
2,r5-f1-1aee01c0f3e7684c05c9122c,165,0,0.05,0.0003033280372619629,0.0002849297598004341,0.0024615801281239855,1.0,78.51702937072147,0.6438702344894409,0.111328125,0.90625,0.498046875,0.0
2,r5-f1-1aee01c0f3e7684c05c9122c,166,1,0.05,0.00044921040534973145,0.00027668755501508713,0.01035047019495485,1.0,78.51703744113715,0.6438701748847961,0.109375,0.90625,0.498046875,0.0
2,r5-f1-1aee01c0f3e7684c05c9122c,167,2,0.05,0.0003033280372619629,0.0002822643145918846,0.001930583262002283,1.0,78.51704029595017,0.6438701152801514,0.111328125,0.90625,0.498046875,0.0
2,r5-f1-1aee01c0f3e7684c05c9122c,168,3,0.05,7.509905844926834e-05,0.0002806551055982709,0.00035983613330576935,1.0,78.5170432658087,0.6438701152801514,0.111328125,0.90625,0.498046875,0.0
2,r5-f1-1aee01c0f3e7684c05c9122c,169,0,0.05,0.0002983510494232178,0.0002828232245519757,0.0018112509668823547,1.0,78.51704466382235,0.6438699960708618,0.109375,0.90625,0.498046875,0.0
2,r5-f1-1aee01c0f3e7684c05c9122c,170,1,0.05,0.0004918575286865234,0.0002803961979225278,0.002407939376339858,1.0,78.51704156115666,0.643869936466217,0.111328125,0.90625,0.498046875,0.0
2,r5-f1-1aee01c0f3e7684c05c9122c,171,2,0.05,0.00019177794456481934,0.00027730234432965517,0.0008869783161314712,1.0,78.51703672565371,0.6438698768615723,0.111328125,0.90625,0.498046875,0.0
2,r5-f1-1aee01c0f3e7684c05c9122c,172,3,0.05,8.177431300282478e-05,0.0002768627891782671,0.0004319253614606762,1.0,78.51703228154813,0.6438698172569275,0.111328125,0.90625,0.498046875,0.0
2,r5-f1-1aee01c0f3e7684c05c9122c,173,0,0.05,0.00024065375328063965,0.0002740166673902422,0.0011262728544500114,1.0,78.51702794670499,0.6438698172569275,0.109375,0.90625,0.498046875,0.0
2,r5-f1-1aee01c0f3e7684c05c9122c,174,1,0.05,0.00043466687202453613,0.0002691309491638094,0.0020763927867854773,1.0,78.51702226178377,0.6438697576522827,0.111328125,0.90625,0.498046875,0.0
2,r5-f1-1aee01c0f3e7684c05c9122c,175,2,0.05,0.00018867850303649902,0.00026942152180708945,0.0008450254867596562,1.0,78.51701552212118,0.6438696980476379,0.111328125,0.90625,0.498046875,0.0
2,r5-f1-1aee01c0f3e7684c05c9122c,176,3,0.05,7.18806404620409e-05,0.0002685796789592132,0.00034385458020779055,1.0,78.51700956288693,0.6438696980476379,0.111328125,0.90625,0.498046875,0.0
2,r5-f1-1aee01c0f3e7684c05c9122c,177,0,0.05,0.0003033280372619629,0.00026638175768312067,0.0022951661129189177,1.0,78.51700260920128,0.6438696384429932,0.111328125,0.90625,0.498046875,0.0
2,r5-f1-1aee01c0f3e7684c05c9122c,178,1,0.05,0.0004340708255767822,0.0002586461923783645,0.0016591155980687526,1.0,78.51699196811248,0.6438695788383484,0.111328125,0.90625,0.498046875,0.0
2,r5-f1-1aee01c0f3e7684c05c9122c,179,2,0.05,0.0002231597900390625,0.0002606075577205047,0.0011383848857119208,1.0,78.51697969262226,0.6438695788383484,0.111328125,0.90234375,0.498046875,0.0
2,r5-f1-1aee01c0f3e7684c05c9122c,180,3,0.05,7.831724360585213e-05,0.0002605926274554804,0.0003764863160874794,1.0,78.51696873132337,0.6438694596290588,0.111328125,0.90625,0.498046875,0.0
2,r5-f1-1aee01c0f3e7684c05c9122c,181,0,0.05,0.00027248263359069824,0.00025866478972602636,0.001309796770359384,1.0,78.51695749034971,0.6438694596290588,0.111328125,0.90625,0.498046875,0.0
2,r5-f1-1aee01c0f3e7684c05c9122c,182,1,0.05,0.0004312098026275635,0.00025753975205589086,0.002012586895913551,1.0,78.51694544716906,0.6438694000244141,0.111328125,0.90625,0.498046875,0.0
2,r5-f1-1aee01c0f3e7684c05c9122c,183,2,0.05,0.00019177794456481934,0.0002505678712623194,0.0008765641288570789,1.0,78.51693253485595,0.6438694000244141,0.109375,0.90625,0.498046875,0.0
2,r5-f1-1aee01c0f3e7684c05c9122c,184,3,0.05,7.521826773881912e-05,0.0002505753218429163,0.00032950527484586553,1.0,78.51692094133871,0.6438694000244141,0.109375,0.90625,0.498046875,0.0
2,r5-f1-1aee01c0f3e7684c05c9122c,185,0,0.05,0.0002790391445159912,0.00024936832778621465,0.001955425043875634,1.0,78.51690957149171,0.6438693404197693,0.111328125,0.90625,0.498046875,0.0
2,r5-f1-1aee01c0f3e7684c05c9122c,186,1,0.05,0.0004133284091949463,0.0002444602578179911,0.0016744349712231516,1.0,78.51689630255142,0.6438692808151245,0.111328125,0.90625,0.498046875,0.0
2,r5-f1-1aee01c0f3e7684c05c9122c,187,2,0.05,0.00021409988403320312,0.00024585537903476506,0.0010980546574169325,1.0,78.51688260347692,0.6438692808151245,0.111328125,0.90625,0.498046875,0.0
2,r5-f1-1aee01c0f3e7684c05c9122c,188,3,0.05,7.211882621049881e-05,0.0002452519111102447,0.00033960199870355494,1.0,78.516870312965,0.6438692212104797,0.109375,0.90234375,0.498046875,0.0
2,r5-f1-1aee01c0f3e7684c05c9122c,189,0,0.05,0.0002506673336029053,0.0002458777598803863,0.0011742975332545238,1.0,78.516858927271,0.643869161605835,0.111328125,0.90625,0.498046875,0.0
2,r5-f1-1aee01c0f3e7684c05c9122c,190,1,0.05,0.00039640069007873535,0.00024348612350877374,0.0015084688726100656,1.0,78.51684555926497,0.643869161605835,0.109375,0.90625,0.498046875,0.0
2,r5-f1-1aee01c0f3e7684c05c9122c,191,2,0.05,0.0002219676971435547,0.0002455666981404647,0.001213493906216389,1.0,78.51683031670417,0.643869161605835,0.109375,0.90625,0.498046875,0.0
2,r5-f1-1aee01c0f3e7684c05c9122c,192,3,0.05,7.831724360585213e-05,0.0002459689858369529,0.0003863596206246642,1.0,78.51681648629828,0.6438691020011902,0.111328125,0.90625,0.498046875,0.0
2,r5-f1-1aee01c0f3e7684c05c9122c,193,0,0.05,0.00022289156913757324,0.00024094170657917857,0.0014758687082833358,1.0,78.5168032741688,0.6438691020011902,0.109375,0.90625,0.498046875,0.0
2,r5-f1-1aee01c0f3e7684c05c9122c,194,1,0.05,0.0003836601972579956,0.0002377910423092544,0.0017846760681258698,1.0,78.5167893971882,0.6438690423965454,0.111328125,0.90625,0.498046875,0.0
2,r5-f1-1aee01c0f3e7684c05c9122c,195,2,0.05,0.00018092989921569824,0.00023515167413279414,0.0007524837180895386,1.0,78.51677544879826,0.6438689827919006,0.111328125,0.90625,0.498046875,0.0
2,r5-f1-1aee01c0f3e7684c05c9122c,196,3,0.05,7.831747643649578e-05,0.00023515168868470937,0.0004077414660446082,1.0,78.51676291898124,0.6438689827919006,0.109375,0.90625,0.498046875,0.0
2,r5-f1-1aee01c0f3e7684c05c9122c,197,0,0.05,0.00024232268333435059,0.00023326669179368764,0.0015588596542869559,1.0,78.51675048145853,0.6438689827919006,0.111328125,0.90234375,0.498046875,0.0
2,r5-f1-1aee01c0f3e7684c05c9122c,198,1,0.05,0.0004133284091949463,0.00023214910470414907,0.0016559787699961868,1.0,78.51673676520092,0.6438689231872559,0.109375,0.90625,0.498046875,0.0
2,r5-f1-1aee01c0f3e7684c05c9122c,199,2,0.05,0.0001735389232635498,0.00023100916587281972,0.000751620711442741,1.0,78.51672280419547,0.6438689231872559,0.111328125,0.90625,0.498046875,0.0
2,r5-f1-1aee01c0f3e7684c05c9122c,200,3,0.05,6.913905963301659e-05,0.00023062921536620706,0.00031470394269975956,1.0,78.51671027008553,0.6438688635826111,0.111328125,0.90625,0.498046875,0.0
2,r5-f1-1aee01c0f3e7684c05c9122c,201,0,0.05,0.0002506673336029053,0.0002288559771841392,0.0012994994970801403,1.0,78.51669842133052,0.6438688635826111,0.109375,0.90625,0.498046875,0.0
2,r5-f1-1aee01c0f3e7684c05c9122c,202,1,0.05,0.0003836601972579956,0.00022700171393807977,0.001771047031635175,1.0,78.51668695166133,0.6438688039779663,0.111328125,0.90625,0.498046875,0.0
2,r5-f1-1aee01c0f3e7684c05c9122c,203,2,0.05,0.00027483701705932617,0.00023079778475221246,0.0016321478783969158,1.0,78.51667293385215,0.6438687443733215,0.111328125,0.90625,0.498046875,0.0
2,r5-f1-1aee01c0f3e7684c05c9122c,204,3,0.05,7.831747643649578e-05,0.00023118520039133728,0.00037261459297916903,1.0,78.51666039407884,0.6438687443733215,0.111328125,0.90625,0.498046875,0.0
2,r5-f1-1aee01c0f3e7684c05c9122c,205,0,0.05,0.00024053454399108887,0.00023055190104059875,0.0011765338577749823,1.0,78.51664858426174,0.6438687443733215,0.111328125,0.90625,0.498046875,0.0
2,r5-f1-1aee01c0f3e7684c05c9122c,206,1,0.05,0.0003501772880554199,0.00022766293841414154,0.0014586716124982454,1.0,78.51663584689902,0.6438687443733215,0.111328125,0.90625,0.498046875,0.0
2,r5-f1-1aee01c0f3e7684c05c9122c,207,2,0.05,0.00019693374633789062,0.00022609831648878753,0.0009805635682392198,1.0,78.51662171112066,0.6438686847686768,0.111328125,0.90625,0.498046875,0.0
2,r5-f1-1aee01c0f3e7684c05c9122c,208,3,0.05,7.521826773881912e-05,0.00022590463049709797,0.00038148392730158134,1.0,78.51660909952675,0.6438686847686768,0.109375,0.90625,0.498046875,0.0
2,r5-f1-1aee01c0f3e7684c05c9122c,209,0,0.05,0.0002122819423675537,0.00022524152882397175,0.0010831124001626188,1.0,78.51659765228877,0.643868625164032,0.109375,0.90625,0.498046875,0.0
2,r5-f1-1aee01c0f3e7684c05c9122c,210,1,0.05,0.0003650784492492676,0.00022408016957342625,0.0014285220289502534,1.0,78.51658505136656,0.643868625164032,0.109375,0.90234375,0.498046875,0.0
2,r5-f1-1aee01c0f3e7684c05c9122c,211,2,0.05,0.00017651915550231934,0.00022380449809134007,0.0007961390466760929,1.0,78.51657193757612,0.6438685655593872,0.109375,0.90625,0.498046875,0.0
2,r5-f1-1aee01c0f3e7684c05c9122c,212,3,0.05,7.855566218495369e-05,0.00022381938470061868,0.00037970968630065123,1.0,78.51656039973768,0.6438685655593872,0.109375,0.90625,0.498046875,0.0
2,r5-f1-1aee01c0f3e7684c05c9122c,213,0,0.05,0.0002122819423675537,0.00022194183839019388,0.0012038750782481734,1.0,78.51654968732484,0.6438685655593872,0.111328125,0.90625,0.498046875,0.0
2,r5-f1-1aee01c0f3e7684c05c9122c,214,1,0.05,0.0004525482654571533,0.00022439307940658182,0.0017867534356594912,1.0,78.5165356331256,0.6438685655593872,0.111328125,0.90625,0.498046875,0.0
2,r5-f1-1aee01c0f3e7684c05c9122c,215,2,0.05,0.00024127960205078125,0.00022862687183078378,0.0012799962988514866,1.0,78.51651928699316,0.6438685059547424,0.109375,0.90625,0.498046875,0.0
2,r5-f1-1aee01c0f3e7684c05c9122c,216,3,0.05,7.211882621049881e-05,0.00022881310724187642,0.00031507429976756736,1.0,78.51650480501516,0.6438684463500977,0.109375,0.90625,0.498046875,0.0
2,r5-f1-1aee01c0f3e7684c05c9122c,217,0,0.05,0.0002734065055847168,0.00023023430549073964,0.003251870610875678,1.0,78.51648955000849,0.6438684463500977,0.111328125,0.90625,0.498046875,0.0
2,r5-f1-1aee01c0f3e7684c05c9122c,218,1,0.05,0.0003501772880554199,0.00022814162366557866,0.0014234967396633096,1.0,78.5164738803788,0.6438683867454529,0.109375,0.90234375,0.498046875,0.0
2,r5-f1-1aee01c0f3e7684c05c9122c,219,2,0.05,0.00015211105346679688,0.00022047125094104558,0.000566189909785508,1.0,78.51645852699183,0.6438683271408081,0.109375,0.90625,0.498046875,0.0
2,r5-f1-1aee01c0f3e7684c05c9122c,220,3,0.05,7.211905904114246e-05,0.000220083849853836,0.00038737956388663897,1.0,78.51644496174103,0.6438683271408081,0.111328125,0.90625,0.498046875,0.0
2,r5-f1-1aee01c0f3e7684c05c9122c,221,0,0.05,0.00022289156913757324,0.00021898116392549127,0.0016644899985891748,1.0,78.5164321544856,0.6438683271408081,0.111328125,0.90625,0.498046875,0.0
2,r5-f1-1aee01c0f3e7684c05c9122c,222,1,0.05,0.00038057565689086914,0.00022088106197770685,0.0019013631521751283,1.0,78.51642081855833,0.6438682675361633,0.109375,0.90625,0.498046875,0.0
2,r5-f1-1aee01c0f3e7684c05c9122c,223,2,0.05,0.00015211105346679688,0.0002180796436732635,0.0006263633536001147,1.0,78.5164091607623,0.6438682675361633,0.111328125,0.90625,0.498046875,0.0
2,r5-f1-1aee01c0f3e7684c05c9122c,224,3,0.05,6.627826951444149e-05,0.0002175208937842399,0.0003051153943471171,1.0,78.51639870672582,0.6438682079315186,0.111328125,0.90625,0.498046875,0.0
2,r5-f1-1aee01c0f3e7684c05c9122c,225,0,0.05,0.0002124011516571045,0.0002175283443648368,0.0008423531108908562,1.0,78.51638931992568,0.6438682079315186,0.111328125,0.90625,0.498046875,0.0
2,r5-f1-1aee01c0f3e7684c05c9122c,226,1,0.05,0.00033587217330932617,0.00021570295211859047,0.0012861936096967542,1.0,78.51637871180203,0.6438681483268738,0.109375,0.90625,0.498046875,0.0
2,r5-f1-1aee01c0f3e7684c05c9122c,227,2,0.05,0.00018894672393798828,0.00021647967514581978,0.0009666765281320734,1.0,78.51636632307105,0.6438681483268738,0.111328125,0.90625,0.498046875,0.0
2,r5-f1-1aee01c0f3e7684c05c9122c,228,3,0.05,6.758933886885643e-05,0.0002157942799385637,0.000299084306231632,1.0,78.51635530278617,0.6438681483268738,0.109375,0.90625,0.498046875,0.0
2,r5-f1-1aee01c0f3e7684c05c9122c,229,0,0.05,0.00021383166313171387,0.00021589113748632371,0.001449369294654552,1.0,78.51634514276145,0.643868088722229,0.109375,0.90625,0.498046875,0.0
2,r5-f1-1aee01c0f3e7684c05c9122c,230,1,0.05,0.00033587217330932617,0.00020859888172708452,0.0015015591199864775,1.0,78.51633428450114,0.6438680291175842,0.111328125,0.90625,0.498046875,0.0
2,r5-f1-1aee01c0f3e7684c05c9122c,231,2,0.05,0.00014591217041015625,0.00020263841724954545,0.0005862644190806997,1.0,78.51632340630218,0.6438680291175842,0.111328125,0.90625,0.498046875,0.0
2,r5-f1-1aee01c0f3e7684c05c9122c,232,3,0.05,6.913905963301659e-05,0.00020245218183845282,0.0003007398387341233,1.0,78.5163137964285,0.6438680291175842,0.111328125,0.90625,0.498046875,0.0
2,r5-f1-1aee01c0f3e7684c05c9122c,233,0,0.05,0.00023624300956726074,0.0002001294633373618,0.0019480220192390452,1.0,78.51630462562436,0.6438679695129395,0.111328125,0.90625,0.498046875,0.0
2,r5-f1-1aee01c0f3e7684c05c9122c,234,1,0.05,0.0003293156623840332,0.00019882561173290014,0.001547442676235369,1.0,78.5162942666059,0.6438679695129395,0.111328125,0.90625,0.498046875,0.0
2,r5-f1-1aee01c0f3e7684c05c9122c,235,2,0.05,0.0001531839370727539,0.00019889266695827246,0.0007353648121734907,1.0,78.51628311355807,0.6438679099082947,0.109375,0.90625,0.498046875,0.0
2,r5-f1-1aee01c0f3e7684c05c9122c,236,3,0.05,6.615906022489071e-05,0.00019852016703225672,0.00036339162567449693,1.0,78.51627313213619,0.6438679099082947,0.111328125,0.90625,0.498046875,0.0
2,r5-f1-1aee01c0f3e7684c05c9122c,237,0,0.05,0.00020357966423034668,0.00019731317297555506,0.0011912433640725874,1.0,78.51626353121421,0.6438679099082947,0.111328125,0.90625,0.498046875,0.0
2,r5-f1-1aee01c0f3e7684c05c9122c,238,1,0.05,0.00033849477767944336,0.00019468311802484095,0.001430506033911734,1.0,78.51625360612681,0.6438678503036499,0.111328125,0.90625,0.498046875,0.0
2,r5-f1-1aee01c0f3e7684c05c9122c,239,2,0.05,0.00012886524200439453,0.0001932302548084408,0.00045597486710367944,1.0,78.51624349900875,0.6438677906990051,0.109375,0.90625,0.498046875,0.0
2,r5-f1-1aee01c0f3e7684c05c9122c,240,3,0.05,6.0794875025749207e-05,0.00019288754265289754,0.0002995759907035109,1.0,78.51623446702582,0.6438677906990051,0.109375,0.90625,0.498046875,0.0
2,r5-f1-1aee01c0f3e7684c05c9122c,241,0,0.05,0.00021216273307800293,0.0001928726414917037,0.0011963860725654498,1.0,78.5162258690772,0.6438677310943604,0.109375,0.90234375,0.498046875,0.0
2,r5-f1-1aee01c0f3e7684c05c9122c,242,1,0.05,0.0004163086414337158,0.00019789992074947804,0.0016217154573977509,1.0,78.51621451501572,0.6438677310943604,0.109375,0.90625,0.498046875,0.0
2,r5-f1-1aee01c0f3e7684c05c9122c,243,2,0.05,0.00012886524200439453,0.00019414482812862843,0.000461190061176633,1.0,78.51620292549457,0.6438677310943604,0.109375,0.90625,0.498046875,0.0
2,r5-f1-1aee01c0f3e7684c05c9122c,244,3,0.05,6.484775803983212e-05,0.0001939734793268144,0.0003226399459379534,1.0,78.51619257613386,0.6438677310943604,0.111328125,0.90625,0.498046875,0.0
2,r5-f1-1aee01c0f3e7684c05c9122c,245,0,0.05,0.0002525746822357178,0.00019639491802081466,0.0016241241350274296,1.0,78.51618292705884,0.6438676714897156,0.109375,0.90625,0.498046875,0.0
2,r5-f1-1aee01c0f3e7684c05c9122c,246,1,0.05,0.0003293156623840332,0.00019598513608798385,0.001437481520080146,1.0,78.51617265029117,0.6438676118850708,0.109375,0.90625,0.498046875,0.0
2,r5-f1-1aee01c0f3e7684c05c9122c,247,2,0.05,0.0001399517059326172,0.00019561260705813766,0.0005556507701080231,1.0,78.51616200998126,0.6438676118850708,0.109375,0.90625,0.498046875,0.0
2,r5-f1-1aee01c0f3e7684c05c9122c,248,3,0.05,5.841080565005541e-05,0.00019494209118420258,0.00023949942269695297,1.0,78.51615259637173,0.643867552280426,0.109375,0.90625,0.498046875,0.0
2,r5-f1-1aee01c0f3e7684c05c9122c,249,0,0.05,0.00017629563808441162,0.0001911953804665245,0.0008263247010908026,1.0,78.51614438855702,0.643867552280426,0.109375,0.90625,0.498046875,0.0
2,r5-f1-1aee01c0f3e7684c05c9122c,250,1,0.05,0.0003089308738708496,0.00018992133118445054,0.001183329890041845,1.0,78.51613538548101,0.643867552280426,0.109375,0.90625,0.498046875,0.0
2,r5-f1-1aee01c0f3e7684c05c9122c,251,2,0.05,0.00014591217041015625,0.00018946684576803818,0.0006033718702699259,1.0,78.51612613744875,0.6438674926757812,0.109375,0.90625,0.498046875,0.0
2,r5-f1-1aee01c0f3e7684c05c9122c,252,3,0.05,6.341724656522274e-05,0.00018929548241430894,0.0002897229035478635,1.0,78.51611804816773,0.6438674926757812,0.109375,0.90625,0.498046875,0.0
2,r5-f1-1aee01c0f3e7684c05c9122c,253,0,0.05,0.00021728873252868652,0.00019015229918295518,0.0018584198095373137,1.0,78.51610997894653,0.6438674926757812,0.109375,0.90625,0.498046875,0.0
2,r5-f1-1aee01c0f3e7684c05c9122c,254,1,0.05,0.00038307905197143555,0.0001929388163262047,0.0015448475504179092,1.0,78.51609787613641,0.6438674330711365,0.109375,0.90625,0.498046875,0.0
2,r5-f1-1aee01c0f3e7684c05c9122c,255,2,0.05,0.00014328956604003906,0.00019384033657843247,0.0006292194532245371,1.0,78.51608493440007,0.6438674330711365,0.109375,0.90234375,0.498046875,0.0
2,r5-f1-1aee01c0f3e7684c05c9122c,256,3,0.05,6.21061772108078e-05,0.00019392229296499863,0.00028593645920753916,1.0,78.5160733917643,0.6438673734664917,0.109375,0.90234375,0.498046875,0.0
3,r5-f1-807090710dd4c077a97348ba,1,3,0.05,34.08333206176758,34.08333206176758,54.72226984236851,1.0,12.79996402582344,0.569359302520752,0.447265625,0.5546875,0.498046875,0.0
3,r5-f1-807090710dd4c077a97348ba,2,0,0.05,29.16666603088379,31.624999046325684,44.67474589245644,1.0,18.808265371093093,0.5717747807502747,0.376953125,0.56640625,0.498046875,0.0
3,r5-f1-807090710dd4c077a97348ba,3,1,0.05,26.41666603088379,29.888888041178387,26.700128745262777,1.0,24.03205131329576,0.5745862126350403,0.328125,0.58203125,0.498046875,0.0
3,r5-f1-807090710dd4c077a97348ba,4,2,0.05,22.541706085205078,28.05209255218506,36.18882101027576,1.0,28.466607656958207,0.5774832963943481,0.30078125,0.6015625,0.498046875,0.0
3,r5-f1-807090710dd4c077a97348ba,5,3,0.05,14.754672050476074,25.392608451843262,576.7581642015997,1.0,30.958332679900504,0.5794333815574646,0.29296875,0.6171875,0.498046875,0.0
3,r5-f1-807090710dd4c077a97348ba,6,0,0.05,16.375015258789062,23.889676253000896,20.347558846300338,1.0,33.90819069129592,0.581928014755249,0.298828125,0.63671875,0.498046875,0.0
3,r5-f1-807090710dd4c077a97348ba,7,1,0.05,20.500003814697266,23.405437333243235,31.230582643714193,1.0,36.94095665147607,0.5847136974334717,0.30859375,0.6484375,0.498046875,0.0
3,r5-f1-807090710dd4c077a97348ba,8,2,0.05,9.46967887878418,21.663467526435852,129.69691582798927,1.0,39.66291380585427,0.5873441696166992,0.26171875,0.66015625,0.498046875,0.0
3,r5-f1-807090710dd4c077a97348ba,9,3,0.05,4.745484352111816,19.783691618177627,44.109537824152085,1.0,42.33141575723997,0.5901103615760803,0.208984375,0.671875,0.498046875,0.0
3,r5-f1-807090710dd4c077a97348ba,10,0,0.05,0.025741547346115112,17.807896611094474,2.124725940208586,1.0,44.947483686683654,0.5929931998252869,0.154296875,0.6796875,0.498046875,0.0
3,r5-f1-807090710dd4c077a97348ba,11,1,0.05,4.96541690826416,16.64039845629172,46.8629118117455,1.0,47.40021451379134,0.5958276987075806,0.107421875,0.6875,0.498046875,0.0
3,r5-f1-807090710dd4c077a97348ba,12,2,0.05,0.1581737995147705,15.26687973489364,24.50522483404915,1.0,49.718887921950326,0.5986433625221252,0.087890625,0.69921875,0.498046875,0.0
3,r5-f1-807090710dd4c077a97348ba,13,3,0.05,0.07557529211044312,14.098317854679548,5.174101090253742,1.0,51.903501051478955,0.6014107465744019,0.068359375,0.703125,0.498046875,0.0
3,r5-f1-807090710dd4c077a97348ba,14,0,0.05,0.004545474424958229,13.091619827518505,0.06997986164040224,1.0,53.9458534449145,0.6040971875190735,0.05078125,0.7109375,0.498046875,0.0
3,r5-f1-807090710dd4c077a97348ba,15,1,0.05,0.9054350852966309,12.27920751137038,18.673290650055907,1.0,55.82873601889377,0.6066585183143616,0.03515625,0.71875,0.498046875,0.0
3,r5-f1-807090710dd4c077a97348ba,16,2,0.05,0.004360556602478027,11.512029576697387,0.05961589027729437,1.0,57.57839352798284,0.6091095805168152,0.01953125,0.72265625,0.498046875,0.0
3,r5-f1-807090710dd4c077a97348ba,17,3,0.05,0.00595509260892868,9.382193516124971,0.10386737591245104,1.0,59.19830653638175,0.6114389896392822,0.01171875,0.7265625,0.498046875,0.0
3,r5-f1-807090710dd4c077a97348ba,18,0,0.05,0.0014229421503841877,7.559365823079133,0.015176805125947745,1.0,60.69404446756557,0.6136404871940613,0.0,0.73046875,0.498046875,6.357828776041666e-07
3,r5-f1-807090710dd4c077a97348ba,19,1,0.05,0.09102785587310791,5.914013437140966,2.098235520029714,1.0,62.071595370450034,0.6157116889953613,0.0,0.734375,0.498046875,1.5894571940104165e-06
3,r5-f1-807090710dd4c077a97348ba,20,2,0.05,0.003636181354522705,4.505384068150306,0.0397877132573312,1.0,63.33906739159691,0.6176530122756958,0.0,0.734375,0.498046875,3.178914388020833e-06
3,r5-f1-807090710dd4c077a97348ba,21,3,0.05,0.007204033434391022,3.583667317085201,0.0615795350880162,1.0,64.50372480293508,0.6194666028022766,0.0,0.7421875,0.498046875,4.450480143229166e-06
3,r5-f1-807090710dd4c077a97348ba,22,0,0.05,0.0016625404823571444,2.560332772191032,0.013398635340335849,1.0,65.57281912012301,0.6211562752723694,0.0,0.7421875,0.498046875,5.7220458984375e-06
3,r5-f1-807090710dd4c077a97348ba,23,1,0.05,0.03593647480010986,1.2813285634474596,0.6344196147143609,1.0,66.55303188469718,0.6227262020111084,0.0,0.7421875,0.498046875,6.993611653645833e-06
3,r5-f1-807090710dd4c077a97348ba,24,2,0.05,0.002815932035446167,0.6896496292756638,0.03886829741746629,1.0,67.4513691389844,0.6241822838783264,0.0,0.75,0.498046875,7.62939453125e-06
3,r5-f1-807090710dd4c077a97348ba,25,3,0.05,0.0060077086091041565,0.39343233905674424,0.07591554285725961,1.0,68.27413556066928,0.6255302429199219,0.0,0.74609375,0.498046875,7.62939453125e-06
3,r5-f1-807090710dd4c077a97348ba,26,0,0.05,0.0010389650706201792,0.3918884276645258,0.010666282349279039,1.0,69.02728203126686,0.6267761588096619,0.0,0.75,0.498046875,8.58306884765625e-06
3,r5-f1-807090710dd4c077a97348ba,27,1,0.05,0.028911352157592773,0.08335683040786535,1.2313812094040948,1.0,69.71635956004597,0.6279264092445374,0.0,0.75390625,0.498046875,9.218851725260416e-06
3,r5-f1-807090710dd4c077a97348ba,28,2,0.05,0.002709299325942993,0.07364029914606363,0.0360338838904958,1.0,70.3465374025138,0.6289865374565125,0.0,0.7578125,0.498046875,1.0172526041666666e-05
3,r5-f1-807090710dd4c077a97348ba,29,3,0.05,0.004295408725738525,0.06918530643451959,0.04370991340650062,1.0,70.92259080776559,0.6299626231193542,0.0,0.7578125,0.498046875,1.0172526041666666e-05
3,r5-f1-807090710dd4c077a97348ba,30,0,0.05,0.0009953788248822093,0.06896342545951484,0.012782179285504259,1.0,71.44898135890135,0.6308602690696716,0.0,0.7734375,0.498046875,1.0808308919270832e-05
3,r5-f1-807090710dd4c077a97348ba,31,1,0.05,0.01497410237789154,0.01330961402709363,0.15845171438741823,1.0,71.92971496998368,0.6316848397254944,0.0,0.7734375,0.498046875,1.1761983235677082e-05
3,r5-f1-807090710dd4c077a97348ba,32,2,0.05,0.0027114450931549072,0.013206544557760935,0.03350422527846147,1.0,72.36867973175619,0.6324416995048523,0.0,0.7734375,0.498046875,1.1761983235677082e-05
3,r5-f1-807090710dd4c077a97348ba,33,3,0.05,0.004867371171712875,0.013138561967934947,0.05147582000954626,1.0,72.76935145274349,0.6331357955932617,0.0,0.78125,0.498046875,1.239776611328125e-05
3,r5-f1-807090710dd4c077a97348ba,34,0,0.05,0.0008422164828516543,0.013102266613714164,0.006787189538656583,1.0,73.13498688613046,0.6337720155715942,0.0,0.7734375,0.498046875,1.2715657552083332e-05
3,r5-f1-807090710dd4c077a97348ba,35,1,0.05,0.012852340936660767,0.008216296930186218,0.11918999226846765,1.0,73.46844576859058,0.6343545317649841,0.0,0.78125,0.498046875,1.2715657552083332e-05
3,r5-f1-807090710dd4c077a97348ba,36,2,0.05,0.002193659543991089,0.008126139317027992,0.028839939030631794,1.0,73.77256274631287,0.6348876357078552,0.0,0.7890625,0.498046875,1.2715657552083332e-05
3,r5-f1-807090710dd4c077a97348ba,37,3,0.05,0.003197796642780304,0.007875749517552322,0.028614968299403753,1.0,74.04983606484227,0.6353753209114075,0.0,0.7890625,0.498046875,1.2715657552083332e-05
3,r5-f1-807090710dd4c077a97348ba,38,0,0.05,0.0007426364463753998,0.007818255515303463,0.006358963552614817,1.0,74.30258145355079,0.6358211040496826,0.0,0.79296875,0.498046875,1.2715657552083332e-05
3,r5-f1-807090710dd4c077a97348ba,39,1,0.05,0.01088973879814148,0.006252834515180439,0.10976353206734128,1.0,74.53281967063867,0.6362283825874329,0.0,0.8046875,0.498046875,1.3033548990885416e-05
3,r5-f1-807090710dd4c077a97348ba,40,2,0.05,0.0019362270832061768,0.006197852955665439,0.02312211699143597,1.0,74.74257450441448,0.6366002559661865,0.0,0.80078125,0.498046875,1.3033548990885416e-05
3,r5-f1-807090710dd4c077a97348ba,41,3,0.05,0.002938716672360897,0.006006040959618986,0.028091183412680666,1.0,74.93362756737643,0.6369397640228271,0.0,0.80078125,0.498046875,1.3669331868489582e-05
3,r5-f1-807090710dd4c077a97348ba,42,0,0.05,0.0006279165390878916,0.005980350426398218,0.005745048159779114,1.0,75.10761214822116,0.6372495293617249,0.0,0.8046875,0.498046875,1.3987223307291666e-05
3,r5-f1-807090710dd4c077a97348ba,43,1,0.05,0.008290521800518036,0.004691548529081047,0.08247662939619888,1.0,75.26592732807717,0.6375319361686707,0.0,0.8046875,0.498046875,1.3987223307291666e-05
3,r5-f1-807090710dd4c077a97348ba,44,2,0.05,0.0014569908380508423,0.004613279248587787,0.014158551907868468,1.0,75.41002635950414,0.6377894878387451,0.0,0.8046875,0.498046875,1.3987223307291666e-05
3,r5-f1-807090710dd4c077a97348ba,45,3,0.05,0.002386699430644512,0.004493984917644411,0.018392887797444184,1.0,75.54115593106401,0.638024091720581,0.0,0.80078125,0.498046875,1.3987223307291666e-05
3,r5-f1-807090710dd4c077a97348ba,46,0,0.05,0.0004888770054094493,0.004462328553927364,0.003273993459482824,1.0,75.66046858570573,0.6382379531860352,0.0,0.8046875,0.498046875,1.3987223307291666e-05
3,r5-f1-807090710dd4c077a97348ba,47,1,0.05,0.005463074892759323,0.0038678893361066002,0.04156459248814285,1.0,75.7689455532842,0.6384326219558716,0.0,0.8046875,0.498046875,1.3987223307291666e-05
3,r5-f1-807090710dd4c077a97348ba,48,2,0.05,0.0010029971599578857,0.0037611113402817864,0.0075004541926026,1.0,75.86760276362075,0.6386098861694336,0.0,0.80859375,0.498046875,1.3987223307291666e-05
3,r5-f1-807090710dd4c077a97348ba,49,3,0.05,0.0021012388169765472,0.003588228068110766,0.01491022313597457,1.0,75.95730757974061,0.6387712359428406,0.0,0.8046875,0.498046875,1.3987223307291666e-05
3,r5-f1-807090710dd4c077a97348ba,50,0,0.05,0.00044979469384998083,0.0035637017062981613,0.002820927547755475,1.0,76.0388667130775,0.6389180421829224,0.0,0.8046875,0.498046875,1.3987223307291666e-05
3,r5-f1-807090710dd4c077a97348ba,51,1,0.05,0.004434987902641296,0.0030376171416719444,0.03180711304658335,1.0,76.11296974079698,0.6390515565872192,0.0,0.80859375,0.498046875,1.3987223307291666e-05
3,r5-f1-807090710dd4c077a97348ba,52,2,0.05,0.0008609145879745483,0.0029543205819209106,0.006492637450442709,1.0,76.18031487562313,0.6391730308532715,0.0,0.80078125,0.498046875,1.3987223307291666e-05
3,r5-f1-807090710dd4c077a97348ba,53,3,0.05,0.001932302606292069,0.002875227204640396,0.014275385074768573,1.0,76.24150305183066,0.6392834782600403,0.0,0.80859375,0.498046875,1.3987223307291666e-05
3,r5-f1-807090710dd4c077a97348ba,54,0,0.05,0.00041368984966538846,0.0028546680423460202,0.0024968343373129396,1.0,76.2970973141348,0.639383852481842,0.0,0.8046875,0.498046875,1.3987223307291666e-05
3,r5-f1-807090710dd4c077a97348ba,55,1,0.05,0.003111286088824272,0.0023685147480136948,0.02152059380348027,1.0,76.34757989859095,0.6394751667976379,0.0,0.8125,0.498046875,1.3987223307291666e-05
3,r5-f1-807090710dd4c077a97348ba,56,2,0.05,0.000748947262763977,0.0022943097592360573,0.005547596316216471,1.0,76.39342927221969,0.6395580768585205,0.0,0.80859375,0.498046875,1.3987223307291666e-05
3,r5-f1-807090710dd4c077a97348ba,57,3,0.05,0.001443773857317865,0.0022008758332958678,0.011016810508754697,1.0,76.4350577784843,0.6396334171295166,0.0,0.8046875,0.498046875,1.3987223307291666e-05
3,r5-f1-807090710dd4c077a97348ba,58,0,0.05,0.000350175570929423,0.0021835170227859635,0.0021496319116962566,1.0,76.47285739830153,0.639701783657074,0.0,0.8046875,0.498046875,1.3987223307291666e-05
3,r5-f1-807090710dd4c077a97348ba,59,1,0.05,0.003284536302089691,0.001870642929134192,0.02355898322441028,1.0,76.5071533276123,0.6397639513015747,0.0,0.80859375,0.498046875,1.3987223307291666e-05
3,r5-f1-807090710dd4c077a97348ba,60,2,0.05,0.0006476938724517822,0.0018200618687842507,0.00444166604831632,1.0,76.5382826852792,0.6398203372955322,0.0,0.8046875,0.498046875,1.430511474609375e-05
3,r5-f1-807090710dd4c077a97348ba,61,3,0.05,0.001328301033936441,0.0017539119689899962,0.010408762840990946,1.0,76.56653549018175,0.6398715972900391,0.0,0.8046875,0.498046875,1.430511474609375e-05
3,r5-f1-807090710dd4c077a97348ba,62,0,0.05,0.000296310376143083,0.0017418765546608483,0.0018506162769023522,1.0,76.59217575674052,0.6399180889129639,0.0,0.8046875,0.498046875,1.430511474609375e-05
3,r5-f1-807090710dd4c077a97348ba,63,1,0.05,0.002412863075733185,0.0015512383160967147,0.016917676335399708,1.0,76.6154190120662,0.6399602293968201,0.0,0.8125,0.498046875,1.430511474609375e-05
3,r5-f1-807090710dd4c077a97348ba,64,2,0.05,0.0005442798137664795,0.0015225684819597518,0.0037666874848748116,1.0,76.63650576869215,0.6399984955787659,0.0,0.8125,0.498046875,1.430511474609375e-05
3,r5-f1-807090710dd4c077a97348ba,65,3,0.05,0.0012730597518384457,0.0014708072903886205,0.009573672903855517,1.0,76.65563170524345,0.6400332450866699,0.0,0.8125,0.498046875,1.430511474609375e-05
3,r5-f1-807090710dd4c077a97348ba,66,0,0.05,0.00030882356804795563,0.0014619965950259939,0.0021830561179372802,1.0,76.672980693979,0.6400647759437561,0.0,0.8125,0.498046875,1.4623006184895832e-05
3,r5-f1-807090710dd4c077a97348ba,67,1,0.05,0.002324499189853668,0.0013300910504767671,0.014748473221005299,1.0,76.6886963949785,0.6400933265686035,0.0,0.8046875,0.498046875,1.4623006184895832e-05
3,r5-f1-807090710dd4c077a97348ba,68,2,0.05,0.00045825541019439697,0.0013049248518655077,0.0029714711578826348,1.0,76.70294657850455,0.640119194984436,0.0,0.8046875,0.498046875,1.4623006184895832e-05
3,r5-f1-807090710dd4c077a97348ba,69,3,0.05,0.001077548018656671,0.0012515026901382953,0.0075143984058231314,1.0,76.71586162705084,0.6401426792144775,0.0,0.8046875,0.498046875,1.4623006184895832e-05
3,r5-f1-807090710dd4c077a97348ba,70,0,0.05,0.00030882356804795563,0.0012449485475372057,0.0020282105747918447,1.0,76.7275714351068,0.6401640176773071,0.0,0.8046875,0.498046875,1.430511474609375e-05
3,r5-f1-807090710dd4c077a97348ba,71,1,0.05,0.0021504871547222137,0.001184898614155827,0.01330815969972272,1.0,76.73816815398476,0.6401832699775696,0.0,0.8046875,0.498046875,1.4623006184895832e-05
3,r5-f1-807090710dd4c077a97348ba,72,2,0.05,0.00043942779302597046,0.0011655536472972017,0.002951850715877841,1.0,76.74777233950492,0.6402007937431335,0.0,0.8046875,0.498046875,1.4623006184895832e-05
3,r5-f1-807090710dd4c077a97348ba,73,3,0.05,0.0009118927991949022,0.0011323110811645165,0.0062493500274921525,1.0,76.7564739262993,0.6402166485786438,0.0,0.8046875,0.498046875,1.430511474609375e-05
3,r5-f1-807090710dd4c077a97348ba,74,0,0.05,0.0002506657037883997,0.0011260917144682026,0.0014406038884454933,1.0,76.76436025508347,0.6402310132980347,0.0,0.80859375,0.498046875,1.430511474609375e-05
3,r5-f1-807090710dd4c077a97348ba,75,1,0.05,0.0018204562366008759,0.0010345867103751516,0.011328191175987644,1.0,76.77148895488176,0.6402439475059509,0.0,0.8046875,0.498046875,1.4623006184895832e-05
3,r5-f1-807090710dd4c077a97348ba,76,2,0.05,0.0004215538501739502,0.001020452958982787,0.002561460980899329,1.0,76.77794701868798,0.6402557492256165,0.0,0.8046875,0.498046875,1.430511474609375e-05
3,r5-f1-807090710dd4c077a97348ba,77,3,0.05,0.0008390005677938461,0.000989871679848875,0.0061933706802007335,1.0,76.78379586449356,0.640266478061676,0.0,0.8046875,0.498046875,1.430511474609375e-05
3,r5-f1-807090710dd4c077a97348ba,78,0,0.05,0.00024041623692028224,0.0009863782961474499,0.0017517628033277143,1.0,76.78909480506242,0.6402761340141296,0.0,0.8046875,0.498046875,1.430511474609375e-05
3,r5-f1-807090710dd4c077a97348ba,79,1,0.05,0.001597914844751358,0.0009354440317110857,0.011968214373807632,1.0,76.79388558989142,0.6402848958969116,0.0,0.80859375,0.498046875,1.430511474609375e-05
3,r5-f1-807090710dd4c077a97348ba,80,2,0.05,0.0004026070237159729,0.000926589482332929,0.0027975323998420463,1.0,76.79822399236438,0.6402928233146667,0.0,0.8046875,0.498046875,1.430511474609375e-05
3,r5-f1-807090710dd4c077a97348ba,81,3,0.05,0.0008048156159929931,0.0008973242238425883,0.005379776606203813,1.0,76.80215107799458,0.6403000354766846,0.0,0.8046875,0.498046875,1.4623006184895832e-05
3,r5-f1-807090710dd4c077a97348ba,82,0,0.05,0.00027247529942542315,0.00089505245705368,0.0033456227895511267,1.0,76.80570848638926,0.6403065323829651,0.0,0.8046875,0.498046875,1.4623006184895832e-05
3,r5-f1-807090710dd4c077a97348ba,83,1,0.05,0.0014103241264820099,0.0008379165155929513,0.00805434066434733,1.0,76.8089163758993,0.6403123736381531,0.0,0.8046875,0.498046875,1.4623006184895832e-05
3,r5-f1-807090710dd4c077a97348ba,84,2,0.05,0.0003395695239305496,0.0008304986477014609,0.0023993025917977873,1.0,76.81181998837937,0.6403177380561829,0.0,0.8046875,0.498046875,1.430511474609375e-05
3,r5-f1-807090710dd4c077a97348ba,85,3,0.05,0.0008048156159929931,0.000813452872534981,0.00771745419806049,1.0,76.8144468329337,0.6403225660324097,0.0,0.796875,0.498046875,1.430511474609375e-05
3,r5-f1-807090710dd4c077a97348ba,86,0,0.05,0.00023064337437972426,0.0008085666104307165,0.0015969585573033117,1.0,76.8168249741338,0.6403269171714783,0.0,0.80078125,0.498046875,1.4623006184895832e-05
3,r5-f1-807090710dd4c077a97348ba,87,1,0.05,0.0012392476201057434,0.0007516141395171871,0.00784720742981409,1.0,76.8189669447763,0.6403308510780334,0.0,0.8046875,0.498046875,1.430511474609375e-05
3,r5-f1-807090710dd4c077a97348ba,88,2,0.05,0.0003268178552389145,0.0007445760184054961,0.0018122019219981127,1.0,76.82090393076484,0.6403344869613647,0.0,0.80078125,0.498046875,1.4623006184895832e-05
3,r5-f1-807090710dd4c077a97348ba,89,3,0.05,0.0007403731578961015,0.0007338560408243211,0.0053703079205061205,1.0,76.82265521835676,0.6403376460075378,0.0,0.80078125,0.498046875,1.430511474609375e-05
3,r5-f1-807090710dd4c077a97348ba,90,0,0.05,0.00023064337437972426,0.0007326046452362789,0.002087786782907463,1.0,76.82424052985286,0.6403406262397766,0.0,0.8046875,0.498046875,1.430511474609375e-05
3,r5-f1-807090710dd4c077a97348ba,91,1,0.05,0.0013467539101839066,0.0007029982498352183,0.00997195703704874,1.0,76.82566261747455,0.6403432488441467,0.0,0.8046875,0.498046875,1.430511474609375e-05
3,r5-f1-807090710dd4c077a97348ba,92,2,0.05,0.0002978593111038208,0.0006952673411433352,0.0016807681108850254,1.0,76.82694813255712,0.6403456330299377,0.0,0.80078125,0.498046875,1.4623006184895832e-05
3,r5-f1-807090710dd4c077a97348ba,93,3,0.05,0.0006267252028919756,0.0006820001308369683,0.003806029458618619,1.0,76.82810868839125,0.6403478384017944,0.0,0.796875,0.498046875,1.4623006184895832e-05
3,r5-f1-807090710dd4c077a97348ba,94,0,0.05,0.00020346954988781363,0.000679690962897439,0.0010943105500918994,1.0,76.82915855421938,0.6403497457504272,0.0,0.80078125,0.498046875,1.430511474609375e-05
3,r5-f1-807090710dd4c077a97348ba,95,1,0.05,0.0012392476201057434,0.0006572742613570881,0.00842639139055519,1.0,76.83009990176241,0.6403515338897705,0.0,0.8046875,0.498046875,1.430511474609375e-05
3,r5-f1-807090710dd4c077a97348ba,96,2,0.05,0.0002874918282032013,0.0006500795616375399,0.0014723207586663065,1.0,76.83095015285647,0.6403531432151794,0.0,0.796875,0.498046875,1.4623006184895832e-05
3,r5-f1-807090710dd4c077a97348ba,97,3,0.05,0.000653411028906703,0.0006406167749446467,0.003997087770290586,1.0,76.8317179383462,0.6403546333312988,0.0,0.8046875,0.498046875,1.4623006184895832e-05
3,r5-f1-807090710dd4c077a97348ba,98,0,0.05,0.00020346954988781363,0.0006363039155985462,0.0012401936272695242,1.0,76.83241238133475,0.6403558850288391,0.0,0.8046875,0.498046875,1.4623006184895832e-05
3,r5-f1-807090710dd4c077a97348ba,99,1,0.05,0.0012974664568901062,0.0006292503112490522,0.007784728762139715,1.0,76.83303055546114,0.6403570771217346,0.0,0.8046875,0.498046875,1.430511474609375e-05
3,r5-f1-807090710dd4c077a97348ba,100,2,0.05,0.00025304965674877167,0.000623842819550191,0.001320505150305077,1.0,76.83358860342418,0.6403581500053406,0.0,0.80078125,0.498046875,1.430511474609375e-05
3,r5-f1-807090710dd4c077a97348ba,101,3,0.05,0.0006532918778248131,0.0006143725859146798,0.003990937793205608,1.0,76.83409167706851,0.640359103679657,0.0,0.8046875,0.498046875,1.430511474609375e-05
3,r5-f1-807090710dd4c077a97348ba,102,0,0.05,0.00017963226127903908,0.000611184391345887,0.0013044480240686513,1.0,76.83454669391283,0.6403599977493286,0.0,0.8046875,0.498046875,1.4623006184895832e-05
3,r5-f1-807090710dd4c077a97348ba,103,1,0.05,0.001188645139336586,0.0006080217362978146,0.0068786894388912995,1.0,76.83494909071447,0.6403607726097107,0.0,0.8046875,0.498046875,1.430511474609375e-05
3,r5-f1-807090710dd4c077a97348ba,104,2,0.05,0.00025245361030101776,0.0006033739709891961,0.0012164202516838942,1.0,76.83531175819292,0.6403615474700928,0.0,0.8046875,0.498046875,1.430511474609375e-05
3,r5-f1-807090710dd4c077a97348ba,105,3,0.05,0.0005530973430722952,0.0005916692325627082,0.003595773708479966,1.0,76.83563903376006,0.6403621435165405,0.0,0.80078125,0.498046875,1.430511474609375e-05
3,r5-f1-807090710dd4c077a97348ba,106,0,0.05,0.00020346954988781363,0.0005899708685319638,0.001322637656334055,1.0,76.83593478236159,0.6403627395629883,0.0,0.8046875,0.498046875,1.430511474609375e-05
3,r5-f1-807090710dd4c077a97348ba,107,1,0.05,0.0010455138981342316,0.0005711433677788591,0.0061886840966634896,1.0,76.83619309989061,0.6403632760047913,0.0,0.80078125,0.498046875,1.430511474609375e-05
3,r5-f1-807090710dd4c077a97348ba,108,2,0.05,0.00023278873413801193,0.000567076456718496,0.0012553351758183933,1.0,76.83642552835813,0.6403637528419495,0.0,0.796875,0.498046875,1.4623006184895832e-05
3,r5-f1-807090710dd4c077a97348ba,109,3,0.05,0.0006011109799146652,0.0005654755677824141,0.005134015288649937,1.0,76.8366351505354,0.6403641700744629,0.0,0.80078125,0.498046875,1.430511474609375e-05
3,r5-f1-807090710dd4c077a97348ba,110,0,0.05,0.00017963226127903908,0.0005639857372443657,0.0009961577087670606,1.0,76.8368245578051,0.6403645873069763,0.0,0.8046875,0.498046875,1.430511474609375e-05
3,r5-f1-807090710dd4c077a97348ba,111,1,0.05,0.001140182837843895,0.0005577941883530002,0.007661958013630738,1.0,76.83698429629692,0.6403648853302002,0.0,0.80078125,0.498046875,1.4623006184895832e-05
3,r5-f1-807090710dd4c077a97348ba,112,2,0.05,0.0002422034740447998,0.0005549636662181001,0.001221259567018257,1.0,76.83712698098527,0.6403652429580688,0.0,0.80078125,0.498046875,1.430511474609375e-05
3,r5-f1-807090710dd4c077a97348ba,113,3,0.05,0.0006266061100177467,0.0005532883587875403,0.0039695899905885425,1.0,76.83725452666467,0.640365481376648,0.0,0.80078125,0.498046875,1.430511474609375e-05
3,r5-f1-807090710dd4c077a97348ba,114,0,0.05,0.00017963226127903908,0.0005517985282494919,0.0010190306655319973,1.0,76.83736969768539,0.640365719795227,0.0,0.8046875,0.498046875,1.430511474609375e-05
3,r5-f1-807090710dd4c077a97348ba,115,1,0.05,0.0010027624666690826,0.000533379528860678,0.005482479015227789,1.0,76.83746444433696,0.6403659582138062,0.0,0.8046875,0.498046875,1.430511474609375e-05
3,r5-f1-807090710dd4c077a97348ba,116,2,0.05,0.0002323118969798088,0.0005320834188751178,0.0011665550056321496,1.0,76.83754859229418,0.6403661370277405,0.0,0.8046875,0.498046875,1.430511474609375e-05
3,r5-f1-807090710dd4c077a97348ba,117,3,0.05,0.0004489606071729213,0.0005193127144593745,0.0025547980764593766,1.0,76.83762325422992,0.6403663158416748,0.0,0.8046875,0.498046875,1.430511474609375e-05
3,r5-f1-807090710dd4c077a97348ba,118,0,0.05,0.0001722425949992612,0.0005188508603168884,0.0010800099032985298,1.0,76.83769064371678,0.6403664946556091,0.0,0.80078125,0.498046875,1.430511474609375e-05
3,r5-f1-807090710dd4c077a97348ba,119,1,0.05,0.0010455138981342316,0.0005099051577417413,0.0075470665632586045,1.0,76.83774103789335,0.6403666138648987,0.0,0.8046875,0.498046875,1.4623006184895832e-05
3,r5-f1-807090710dd4c077a97348ba,120,2,0.05,0.00023278873413801193,0.0005086761029815534,0.0011107249362444789,1.0,76.83778506371299,0.6403667330741882,0.0,0.796875,0.498046875,1.430511474609375e-05
3,r5-f1-807090710dd4c077a97348ba,121,3,0.05,0.0005304598016664386,0.0005072612566436874,0.0029526798772406145,1.0,76.83782267771605,0.6403668522834778,0.0,0.80078125,0.498046875,1.4623006184895832e-05
3,r5-f1-807090710dd4c077a97348ba,122,0,0.05,0.0001652104256208986,0.0005048700613770052,0.0009495423506005715,1.0,76.83785648564708,0.6403669714927673,0.0,0.8046875,0.498046875,1.430511474609375e-05
3,r5-f1-807090710dd4c077a97348ba,123,1,0.05,0.0009227301925420761,0.0004971960797774955,0.005058968070961059,1.0,76.83787867723964,0.6403670310974121,0.0,0.80078125,0.498046875,1.430511474609375e-05
3,r5-f1-807090710dd4c077a97348ba,124,2,0.05,0.0002323118969798088,0.0004971662774551078,0.0011245188149366931,1.0,76.83789716199671,0.6403671503067017,0.0,0.796875,0.498046875,1.430511474609375e-05
3,r5-f1-807090710dd4c077a97348ba,125,3,0.05,0.0005304598016664386,0.0004927505788145936,0.003342871237687994,1.0,76.83791285697026,0.6403672099113464,0.0,0.80078125,0.498046875,1.430511474609375e-05
3,r5-f1-807090710dd4c077a97348ba,126,0,0.05,0.0001722425949992612,0.0004922887246721075,0.0013798916121191998,1.0,76.83792734739916,0.6403672695159912,0.0,0.80078125,0.498046875,1.430511474609375e-05
3,r5-f1-807090710dd4c077a97348ba,127,1,0.05,0.0008488856256008148,0.000474082648906915,0.004949106797618553,1.0,76.83793191656801,0.6403672695159912,0.0,0.796875,0.498046875,1.430511474609375e-05
3,r5-f1-807090710dd4c077a97348ba,128,2,0.05,0.0002137189731001854,0.0004723023675978766,0.0011254743124214932,1.0,76.83793503048331,0.640367329120636,0.0,0.8046875,0.498046875,1.430511474609375e-05
3,r5-f1-807090710dd4c077a97348ba,129,3,0.05,0.0004880429187323898,0.0004636421681425418,0.002801657589643354,1.0,76.83793599445764,0.6403673887252808,0.0,0.8046875,0.498046875,1.4623006184895832e-05
3,r5-f1-807090710dd4c077a97348ba,130,0,0.05,0.00015853578224778175,0.0004623236382030882,0.0010156786761296107,1.0,76.83793677982729,0.6403673887252808,0.0,0.8046875,0.498046875,1.430511474609375e-05
3,r5-f1-807090710dd4c077a97348ba,131,1,0.05,0.0008808067068457603,0.00045470140321413055,0.0048633279980002464,1.0,76.83792915409215,0.6403673887252808,0.0,0.8046875,0.498046875,1.430511474609375e-05
3,r5-f1-807090710dd4c077a97348ba,132,2,0.05,0.0002137189731001854,0.0004535393454716541,0.0011985791528028621,1.0,76.83792137470954,0.6403674483299255,0.0,0.80078125,0.498046875,1.4623006184895832e-05
3,r5-f1-807090710dd4c077a97348ba,133,3,0.05,0.0004880429187323898,0.00045598198994412087,0.002967032911963193,1.0,76.83791394553434,0.6403674483299255,0.0,0.80078125,0.498046875,1.430511474609375e-05
3,r5-f1-807090710dd4c077a97348ba,134,0,0.05,0.00015853578224778175,0.0004551253141471534,0.0011095594874235965,1.0,76.837907319491,0.6403675079345703,0.0,0.8046875,0.498046875,1.430511474609375e-05
3,r5-f1-807090710dd4c077a97348ba,135,1,0.05,0.0008849762380123138,0.00044509171038953355,0.00517654228215613,1.0,76.83789269947145,0.6403675079345703,0.0,0.8046875,0.498046875,1.430511474609375e-05
3,r5-f1-807090710dd4c077a97348ba,136,2,0.05,0.00021419581025838852,0.0004439296526470571,0.0010602523172148247,1.0,76.83787810729507,0.6403675079345703,0.0,0.8046875,0.498046875,1.430511474609375e-05
3,r5-f1-807090710dd4c077a97348ba,137,3,0.05,0.0005088941543363035,0.00044258179968892364,0.003297543950883075,1.0,76.83786442105351,0.6403675079345703,0.0,0.80078125,0.498046875,1.4623006184895832e-05
3,r5-f1-807090710dd4c077a97348ba,138,0,0.05,0.00015198028995655477,0.00044175491620990215,0.0009282978053201949,1.0,76.83785219230266,0.6403675079345703,0.0,0.8046875,0.498046875,1.430511474609375e-05
3,r5-f1-807090710dd4c077a97348ba,139,1,0.05,0.0008466234430670738,0.0004369982443677145,0.004872645066151174,1.0,76.83783282379643,0.6403675079345703,0.0,0.8046875,0.498046875,1.430511474609375e-05
3,r5-f1-807090710dd4c077a97348ba,140,2,0.05,0.0001731961965560913,0.00043330351309123216,0.0007898632366637329,1.0,76.8378146535434,0.6403675079345703,0.0,0.8046875,0.498046875,1.430511474609375e-05
3,r5-f1-807090710dd4c077a97348ba,141,3,0.05,0.0004681444843299687,0.0004294088057577028,0.002608951655722918,1.0,76.83779669424422,0.6403675079345703,0.0,0.8046875,0.498046875,1.430511474609375e-05
3,r5-f1-807090710dd4c077a97348ba,142,0,0.05,0.00015198028995655477,0.00042814241169253364,0.0009646904550264435,1.0,76.83778062291887,0.6403675079345703,0.0,0.796875,0.498046875,1.430511474609375e-05
3,r5-f1-807090710dd4c077a97348ba,143,1,0.05,0.0007185731083154678,0.00041999787936219946,0.0039140728302721264,1.0,76.83775940325498,0.6403675079345703,0.0,0.8046875,0.498046875,1.430511474609375e-05
3,r5-f1-807090710dd4c077a97348ba,144,2,0.05,0.0001889290288090706,0.0004184485078440048,0.0008960866092455011,1.0,76.83773943602903,0.6403674483299255,0.0,0.8046875,0.498046875,1.430511474609375e-05
3,r5-f1-807090710dd4c077a97348ba,145,3,0.05,0.00041309406515210867,0.0004137642044952372,0.002259015502907699,1.0,76.83772078430756,0.6403674483299255,0.0,0.8046875,0.498046875,1.430511474609375e-05
3,r5-f1-807090710dd4c077a97348ba,146,0,0.05,0.00014578233822248876,0.0004129671142436564,0.001069988539837545,1.0,76.83770415256879,0.6403674483299255,0.0,0.80078125,0.498046875,1.430511474609375e-05
3,r5-f1-807090710dd4c077a97348ba,147,1,0.05,0.0008488856256008148,0.0004109720466658473,0.004748931889686324,1.0,76.83768071881669,0.6403674483299255,0.0,0.8046875,0.498046875,1.430511474609375e-05
3,r5-f1-807090710dd4c077a97348ba,148,2,0.05,0.00018857140094041824,0.00040940032340586185,0.0008610295031470337,1.0,76.83765864395671,0.6403674483299255,0.0,0.8046875,0.498046875,1.430511474609375e-05
3,r5-f1-807090710dd4c077a97348ba,149,3,0.05,0.00044907975825481117,0.0004069651258760132,0.002520307947379151,1.0,76.83763760297438,0.6403674483299255,0.0,0.8046875,0.498046875,1.430511474609375e-05
3,r5-f1-807090710dd4c077a97348ba,150,0,0.05,0.00012861855793744326,0.00040509529935661703,0.0007358566461532353,1.0,76.83761889057098,0.6403673887252808,0.0,0.8046875,0.498046875,1.430511474609375e-05
3,r5-f1-807090710dd4c077a97348ba,151,1,0.05,0.0007444228976964951,0.00039631071558687836,0.004256185522200583,1.0,76.83759516710039,0.6403673887252808,0.0,0.8046875,0.498046875,1.430511474609375e-05
3,r5-f1-807090710dd4c077a97348ba,152,2,0.05,0.00018058530986309052,0.00039421005931217223,0.0007960221835150903,1.0,76.83757255766707,0.6403673887252808,0.0,0.80078125,0.498046875,1.430511474609375e-05
3,r5-f1-807090710dd4c077a97348ba,153,3,0.05,0.00043072958942502737,0.0003893247740052175,0.0023144565627664735,1.0,76.83755057345127,0.6403673887252808,0.0,0.80078125,0.498046875,1.430511474609375e-05
3,r5-f1-807090710dd4c077a97348ba,154,0,0.05,0.00013410145766101778,0.0003882073469867464,0.0008165081885090409,1.0,76.83753083521847,0.6403673887252808,0.0,0.8046875,0.498046875,1.430511474609375e-05
3,r5-f1-807090710dd4c077a97348ba,155,1,0.05,0.0007809922099113464,0.00038410539491451345,0.005794196071017443,1.0,76.83750313656672,0.640367329120636,0.0,0.8046875,0.498046875,1.430511474609375e-05
3,r5-f1-807090710dd4c077a97348ba,156,2,0.05,0.0001731961965560913,0.00038410539491451345,0.0008041600473839422,1.0,76.8374772502283,0.640367329120636,0.0,0.8046875,0.498046875,1.430511474609375e-05
3,r5-f1-807090710dd4c077a97348ba,157,3,0.05,0.0004880429187323898,0.0003853490470646648,0.0027652156678587302,1.0,76.83745258947738,0.6403672695159912,0.0,0.8046875,0.498046875,1.430511474609375e-05
3,r5-f1-807090710dd4c077a97348ba,158,0,0.05,0.00012861855793744326,0.0003838889388134703,0.0007102158491286581,1.0,76.83743038410752,0.6403672695159912,0.0,0.8046875,0.498046875,1.430511474609375e-05
3,r5-f1-807090710dd4c077a97348ba,159,1,0.05,0.0007471628487110138,0.0003856757975881919,0.0048093892719217445,1.0,76.83740264741279,0.6403672695159912,0.0,0.8046875,0.498046875,1.430511474609375e-05
3,r5-f1-807090710dd4c077a97348ba,160,2,0.05,0.0001889290288090706,0.0003856757975881919,0.0009717086137392776,1.0,76.83737624246109,0.6403672099113464,0.0,0.8046875,0.498046875,1.430511474609375e-05
3,r5-f1-807090710dd4c077a97348ba,161,3,0.05,0.00044907975825481117,0.00038792490340711083,0.0024095525713061804,1.0,76.83735095747431,0.6403672099113464,0.0,0.8046875,0.498046875,1.430511474609375e-05
3,r5-f1-807090710dd4c077a97348ba,162,0,0.05,0.00013982271775603294,0.00038755242712795734,0.0007652324929748977,1.0,76.83732805633444,0.6403672099113464,0.0,0.8046875,0.498046875,1.430511474609375e-05
3,r5-f1-807090710dd4c077a97348ba,163,1,0.05,0.0007491875439882278,0.00038132129702717066,0.004720668337483011,1.0,76.83730149240388,0.6403671503067017,0.0,0.8046875,0.498046875,1.430511474609375e-05
3,r5-f1-807090710dd4c077a97348ba,164,2,0.05,0.00015901261940598488,0.00037947387318126857,0.0008383057484910346,1.0,76.83727687536106,0.6403671503067017,0.0,0.80078125,0.498046875,1.430511474609375e-05
3,r5-f1-807090710dd4c077a97348ba,165,3,0.05,0.00043072958942502737,0.0003783269876294071,0.0024426111741465252,1.0,76.83725334302439,0.6403671503067017,0.0,0.796875,0.498046875,1.4623006184895832e-05
3,r5-f1-807090710dd4c077a97348ba,166,0,0.05,0.00012861855793744326,0.0003783269876294071,0.0006014837568410568,1.0,76.8372317430341,0.6403671503067017,0.0,0.796875,0.498046875,1.4623006184895832e-05
3,r5-f1-807090710dd4c077a97348ba,167,1,0.05,0.0007166676223278046,0.00037659228291886393,0.005895340121949015,1.0,76.83720369437755,0.6403671503067017,0.0,0.796875,0.498046875,1.4623006184895832e-05
3,r5-f1-807090710dd4c077a97348ba,168,2,0.05,0.00017283856868743896,0.0003761081115953857,0.0008628737613183673,1.0,76.83717731580407,0.6403670907020569,0.0,0.796875,0.498046875,1.430511474609375e-05
3,r5-f1-807090710dd4c077a97348ba,169,3,0.05,0.00041321321623399854,0.0003750133382709464,0.002362549713103286,1.0,76.83715282820691,0.6403670907020569,0.0,0.796875,0.498046875,1.430511474609375e-05
3,r5-f1-807090710dd4c077a97348ba,170,0,0.05,0.00013410145766101778,0.0003750133382709464,0.0007462540145669218,1.0,76.83713082168104,0.6403670310974121,0.0,0.796875,0.498046875,1.430511474609375e-05
3,r5-f1-807090710dd4c077a97348ba,171,1,0.05,0.0006580566987395287,0.0003673298688227078,0.0039157936027092955,1.0,76.837106025302,0.6403670310974121,0.0,0.796875,0.498046875,1.430511474609375e-05
3,r5-f1-807090710dd4c077a97348ba,172,2,0.05,0.00016592536121606827,0.00036687544161395635,0.0007953028315609144,1.0,76.83708248347318,0.6403670310974121,0.0,0.796875,0.498046875,1.430511474609375e-05
3,r5-f1-807090710dd4c077a97348ba,173,3,0.05,0.00041309406515210867,0.0003621911382651888,0.0021556456382876067,1.0,76.83705944296409,0.6403670310974121,0.0,0.796875,0.498046875,1.430511474609375e-05
3,r5-f1-807090710dd4c077a97348ba,174,0,0.05,0.00012861855793744326,0.0003621911382651888,0.0010258214774480454,1.0,76.83703859797163,0.6403669714927673,0.0,0.796875,0.498046875,1.430511474609375e-05
3,r5-f1-807090710dd4c077a97348ba,175,1,0.05,0.0006044469773769379,0.00035327139630680904,0.003401834559530089,1.0,76.83701266302896,0.6403669714927673,0.0,0.796875,0.498046875,1.430511474609375e-05
3,r5-f1-807090710dd4c077a97348ba,176,2,0.05,0.00016616377979516983,0.00035184856824344024,0.0007971128389392551,1.0,76.83698815778807,0.6403669714927673,0.0,0.796875,0.498046875,1.4623006184895832e-05
3,r5-f1-807090710dd4c077a97348ba,177,3,0.05,0.00036459474358707666,0.00034656825482670683,0.002048915736799456,1.0,76.83696497898431,0.6403669714927673,0.0,0.80078125,0.498046875,1.4623006184895832e-05
3,r5-f1-807090710dd4c077a97348ba,178,0,0.05,0.00013410145766101778,0.0003462106760707684,0.0011244569838103594,1.0,76.8369441939697,0.6403669118881226,0.0,0.7890625,0.498046875,1.430511474609375e-05
3,r5-f1-807090710dd4c077a97348ba,179,1,0.05,0.0006580566987395287,0.0003405149982427247,0.003649250541245222,1.0,76.83691887237197,0.6403669118881226,0.0,0.796875,0.498046875,1.430511474609375e-05
3,r5-f1-807090710dd4c077a97348ba,180,2,0.05,0.00018058530986309052,0.0003418632913962938,0.0008474016254372847,1.0,76.83689502963091,0.6403668522834778,0.0,0.796875,0.498046875,1.430511474609375e-05
3,r5-f1-807090710dd4c077a97348ba,181,3,0.05,0.0003962923656217754,0.00033971096490859054,0.004301713731581175,1.0,76.83687698219853,0.6403668522834778,0.0,0.796875,0.498046875,1.430511474609375e-05
3,r5-f1-807090710dd4c077a97348ba,182,0,0.05,0.00010895135346800089,0.0003384817646292504,0.001491250573450129,1.0,76.83686188194929,0.6403668522834778,0.0,0.796875,0.498046875,1.4623006184895832e-05
3,r5-f1-807090710dd4c077a97348ba,183,1,0.05,0.0005784747190773487,0.0003298447081760969,0.0033646199822439274,1.0,76.83684135421537,0.6403668522834778,0.0,0.80078125,0.498046875,1.4623006184895832e-05
3,r5-f1-807090710dd4c077a97348ba,184,2,0.05,0.00014029955491423607,0.0003278110198152717,0.0006157796204631642,1.0,76.83682202226333,0.640366792678833,0.0,0.796875,0.498046875,1.4623006184895832e-05
3,r5-f1-807090710dd4c077a97348ba,185,3,0.05,0.0003800861886702478,0.0003257405805925373,0.002361828729246855,1.0,76.83680319237125,0.640366792678833,0.0,0.796875,0.498046875,1.430511474609375e-05
3,r5-f1-807090710dd4c077a97348ba,186,0,0.05,0.00012337400403339416,0.0003250701147408108,0.001103675416486609,1.0,76.83678697338675,0.640366792678833,0.0,0.796875,0.498046875,1.430511474609375e-05
3,r5-f1-807090710dd4c077a97348ba,187,1,0.05,0.0005819294601678848,0.0003203121623300831,0.0033542381656547497,1.0,76.83676661095359,0.640366792678833,0.0,0.796875,0.498046875,1.430511474609375e-05
3,r5-f1-807090710dd4c077a97348ba,188,2,0.05,0.00015293341130018234,0.0003195001654603402,0.0007153488640883013,1.0,76.83674744099697,0.6403667330741882,0.0,0.796875,0.498046875,1.430511474609375e-05
3,r5-f1-807090710dd4c077a97348ba,189,3,0.05,0.0003496989083942026,0.0003155379681629711,0.0017486262041382997,1.0,76.83672892255065,0.6403667330741882,0.0,0.796875,0.498046875,1.430511474609375e-05
3,r5-f1-807090710dd4c077a97348ba,190,0,0.05,0.00012337400403339416,0.000315210183543968,0.0008540302930992841,1.0,76.83671274774923,0.6403667330741882,0.0,0.796875,0.498046875,1.430511474609375e-05
3,r5-f1-807090710dd4c077a97348ba,191,1,0.05,0.0005554803647100925,0.0003121497702522902,0.002969583984318021,1.0,76.83669336839618,0.6403666734695435,0.0,0.796875,0.498046875,1.430511474609375e-05
3,r5-f1-807090710dd4c077a97348ba,192,2,0.05,0.00014661625027656555,0.0003109280496573774,0.0007233816108043869,1.0,76.83667479542208,0.6403667330741882,0.0,0.796875,0.498046875,1.430511474609375e-05
3,r5-f1-807090710dd4c077a97348ba,193,3,0.05,0.0003496989083942026,0.0003099970599578228,0.001890422217897975,1.0,76.8366573325448,0.6403666734695435,0.0,0.796875,0.498046875,1.4623006184895832e-05
3,r5-f1-807090710dd4c077a97348ba,194,0,0.05,0.00010895135346800089,0.00030842517844575923,0.0005830978897125183,1.0,76.8366414744974,0.6403666734695435,0.0,0.796875,0.498046875,1.4623006184895832e-05
3,r5-f1-807090710dd4c077a97348ba,195,1,0.05,0.0005322471261024475,0.00030056208015594166,0.0033225147528731535,1.0,76.83662121688351,0.6403666138648987,0.0,0.796875,0.498046875,1.430511474609375e-05
3,r5-f1-807090710dd4c077a97348ba,196,2,0.05,0.00015996582806110382,0.0002992733625433175,0.0009038527684164817,1.0,76.83660173007507,0.6403666138648987,0.0,0.796875,0.498046875,1.4623006184895832e-05
3,r5-f1-807090710dd4c077a97348ba,197,3,0.05,0.0003496989083942026,0.0002963612714665942,0.0017612438278452101,1.0,76.83658259456381,0.6403666138648987,0.0,0.796875,0.498046875,1.4623006184895832e-05
3,r5-f1-807090710dd4c077a97348ba,198,0,0.05,0.00010895135346800089,0.0002963612714665942,0.000797676622980977,1.0,76.83656577377474,0.6403666138648987,0.0,0.796875,0.498046875,1.4623006184895832e-05
3,r5-f1-807090710dd4c077a97348ba,199,1,0.05,0.0005110390484333038,0.0002921465420513414,0.0027156002891093665,1.0,76.8365455873843,0.6403665542602539,0.0,0.796875,0.498046875,1.4623006184895832e-05
3,r5-f1-807090710dd4c077a97348ba,200,2,0.05,0.00012921448796987534,0.00029145372536731884,0.000646530002186968,1.0,76.83652641048063,0.6403665542602539,0.0,0.796875,0.498046875,1.4623006184895832e-05
3,r5-f1-807090710dd4c077a97348ba,201,3,0.05,0.0003496989083942026,0.000289554520350066,0.0019287827314685404,1.0,76.836508329667,0.6403665542602539,0.0,0.8046875,0.498046875,1.4623006184895832e-05
3,r5-f1-807090710dd4c077a97348ba,202,0,0.05,0.00011359999916749075,0.00028894364504594705,0.0007020537984946526,1.0,76.83649194768556,0.6403665542602539,0.0,0.796875,0.498046875,1.4623006184895832e-05
3,r5-f1-807090710dd4c077a97348ba,203,1,0.05,0.0005561951547861099,0.0002873352509595861,0.008029102818545302,1.0,76.83647889116627,0.6403665542602539,0.0,0.796875,0.498046875,1.430511474609375e-05
3,r5-f1-807090710dd4c077a97348ba,204,2,0.05,0.00013469764962792397,0.00028619551585506997,0.0006252462480874294,1.0,76.83646655491347,0.6403665542602539,0.0,0.796875,0.498046875,1.430511474609375e-05
3,r5-f1-807090710dd4c077a97348ba,205,3,0.05,0.0003496989083942026,0.00028619551585506997,0.001841509884640152,1.0,76.83645411468373,0.6403665542602539,0.0,0.796875,0.498046875,1.430511474609375e-05
3,r5-f1-807090710dd4c077a97348ba,206,0,0.05,0.00012337400403339416,0.00028619551585506997,0.0007717152232647051,1.0,76.83644297018955,0.6403665542602539,0.0,0.796875,0.498046875,1.430511474609375e-05
3,r5-f1-807090710dd4c077a97348ba,207,1,0.05,0.0005110390484333038,0.0002834179335877707,0.0027472986553883218,1.0,76.83642729607469,0.6403664946556091,0.0,0.796875,0.498046875,1.430511474609375e-05
3,r5-f1-807090710dd4c077a97348ba,208,2,0.05,0.00013469764962792397,0.0002826730210472306,0.000605635635752042,1.0,76.83641263042705,0.6403664946556091,0.0,0.796875,0.498046875,1.4623006184895832e-05
3,r5-f1-807090710dd4c077a97348ba,209,3,0.05,0.00030870441696606576,0.000280110865332972,0.0016324977058226522,1.0,76.83639839233322,0.6403664946556091,0.0,0.796875,0.498046875,1.4623006184895832e-05
3,r5-f1-807090710dd4c077a97348ba,210,0,0.05,0.00010895135346800089,0.000280110865332972,0.0007348688572609562,1.0,76.83638547455746,0.6403664946556091,0.0,0.796875,0.498046875,1.4623006184895832e-05
3,r5-f1-807090710dd4c077a97348ba,211,1,0.05,0.0006053997203707695,0.00028468290247474215,0.0040693142855501505,1.0,76.8363652644521,0.6403664350509644,0.0,0.796875,0.498046875,1.4623006184895832e-05
3,r5-f1-807090710dd4c077a97348ba,212,2,0.05,0.00012408941984176636,0.00028244062696103356,0.0005975059033314853,1.0,76.83634626540281,0.6403664350509644,0.0,0.79296875,0.498046875,1.4623006184895832e-05
3,r5-f1-807090710dd4c077a97348ba,213,3,0.05,0.0003355178632773459,0.00028155431164123,0.0021862385473444975,1.0,76.8363296625044,0.6403664350509644,0.0,0.796875,0.498046875,1.4623006184895832e-05
3,r5-f1-807090710dd4c077a97348ba,214,0,0.05,0.00010024998482549563,0.00028101047610107344,0.0013496004396001968,1.0,76.83631589815522,0.6403663754463196,0.0,0.796875,0.498046875,1.4623006184895832e-05
3,r5-f1-807090710dd4c077a97348ba,215,1,0.05,0.0005582207813858986,0.0002839593344106106,0.009630331800612825,1.0,76.83630629979463,0.6403664350509644,0.0,0.796875,0.498046875,1.4623006184895832e-05
3,r5-f1-807090710dd4c077a97348ba,216,2,0.05,0.00014721229672431946,0.00028508419745776337,0.0008035963320048258,1.0,76.83629684617202,0.6403663754463196,0.0,0.796875,0.498046875,1.430511474609375e-05
3,r5-f1-807090710dd4c077a97348ba,217,3,0.05,0.00032181330607272685,0.00028334134731267113,0.0017966911340314812,1.0,76.83628789690492,0.6403663754463196,0.0,0.796875,0.498046875,1.4623006184895832e-05
3,r5-f1-807090710dd4c077a97348ba,218,0,0.05,0.00010442188795423135,0.0002827677153618424,0.0007131438033476531,1.0,76.83627992527745,0.6403664350509644,0.0,0.796875,0.498046875,1.430511474609375e-05
3,r5-f1-807090710dd4c077a97348ba,219,1,0.05,0.0004916172474622726,0.0002787315961541026,0.002612919481248693,1.0,76.83626848199958,0.6403664350509644,0.0,0.796875,0.498046875,1.4623006184895832e-05
3,r5-f1-807090710dd4c077a97348ba,220,2,0.05,0.00012992974370718002,0.0002784336020340561,0.0007026256605553951,1.0,76.83625728895022,0.6403663754463196,0.0,0.796875,0.498046875,1.430511474609375e-05
3,r5-f1-807090710dd4c077a97348ba,221,3,0.05,0.0003355178632773459,0.00027754728671425255,0.0022687338900843415,1.0,76.83624804385957,0.6403663754463196,0.0,0.796875,0.498046875,1.4623006184895832e-05
3,r5-f1-807090710dd4c077a97348ba,222,0,0.05,0.00010024998482549563,0.0002761020355137589,0.000579750466269571,1.0,76.83623970583902,0.6403663754463196,0.0,0.796875,0.498046875,1.4623006184895832e-05
3,r5-f1-807090710dd4c077a97348ba,223,1,0.05,0.0004925709217786789,0.00027494777759784483,0.00273181932642064,1.0,76.83622768704568,0.6403663754463196,0.0,0.796875,0.498046875,1.4623006184895832e-05
3,r5-f1-807090710dd4c077a97348ba,224,2,0.05,0.00010918965563178062,0.0002733535279730859,0.000500290574161045,1.0,76.83621615023598,0.6403663754463196,0.0,0.796875,0.498046875,1.4623006184895832e-05
3,r5-f1-807090710dd4c077a97348ba,225,3,0.05,0.00033539868309162557,0.00027502191960593336,0.00170659641817923,1.0,76.83620520402158,0.6403663754463196,0.0,0.796875,0.498046875,1.4623006184895832e-05
3,r5-f1-807090710dd4c077a97348ba,226,0,0.05,9.214453893946484e-05,0.00027397149369789986,0.0005122301518784477,1.0,76.83619538675669,0.6403663754463196,0.0,0.796875,0.498046875,1.4623006184895832e-05
3,r5-f1-807090710dd4c077a97348ba,227,1,0.05,0.00045158155262470245,0.00026435785821377067,0.0024976073197351617,1.0,76.83618052974725,0.6403663158416748,0.0,0.796875,0.498046875,1.4623006184895832e-05
3,r5-f1-807090710dd4c077a97348ba,228,2,0.05,0.00012373155914247036,0.00026433549192006467,0.0005639698853199167,1.0,76.83616640314278,0.6403663158416748,0.0,0.796875,0.498046875,1.4623006184895832e-05
3,r5-f1-807090710dd4c077a97348ba,229,3,0.05,0.0002960720448754728,0.0002618701282699476,0.0015959649628465235,1.0,76.8361528715541,0.6403663158416748,0.0,0.796875,0.498046875,1.430511474609375e-05
3,r5-f1-807090710dd4c077a97348ba,230,0,0.05,0.00010024998482549563,0.0002618701282699476,0.0004938269637099023,1.0,76.83614031621336,0.6403663158416748,0.0,0.796875,0.498046875,1.430511474609375e-05
3,r5-f1-807090710dd4c077a97348ba,231,1,0.05,0.00047160033136606216,0.0002564563501437078,0.0027713339338502406,1.0,76.83612423039129,0.6403663158416748,0.0,0.796875,0.498046875,1.4623006184895832e-05
3,r5-f1-807090710dd4c077a97348ba,232,2,0.05,0.00013493560254573822,0.0002556890567575465,0.0006055580188271347,1.0,76.8361091071962,0.6403663158416748,0.0,0.796875,0.498046875,1.4623006184895832e-05
3,r5-f1-807090710dd4c077a97348ba,233,3,0.05,0.00028391621890477836,0.0002533204888095497,0.0014582922659696104,1.0,76.83609465272701,0.64036625623703,0.0,0.796875,0.498046875,1.4623006184895832e-05
3,r5-f1-807090710dd4c077a97348ba,234,0,0.05,0.00010024998482549563,0.00025305974486400373,0.0007905921976844797,1.0,76.83608162253913,0.64036625623703,0.0,0.796875,0.498046875,1.430511474609375e-05
3,r5-f1-807090710dd4c077a97348ba,235,1,0.05,0.0004326361231505871,0.0002493734245945234,0.0023708984920410505,1.0,76.83606381020937,0.64036625623703,0.0,0.79296875,0.498046875,1.430511474609375e-05
3,r5-f1-807090710dd4c077a97348ba,236,2,0.05,0.00013493560254573822,0.00024968629077193327,0.000724682688554037,1.0,76.83604737489304,0.6403661966323853,0.0,0.796875,0.498046875,1.4623006184895832e-05
3,r5-f1-807090710dd4c077a97348ba,237,3,0.05,0.0003355178632773459,0.00024968629077193327,0.0016548850120293693,1.0,76.83603113726448,0.6403661966323853,0.0,0.796875,0.498046875,1.4623006184895832e-05
3,r5-f1-807090710dd4c077a97348ba,238,0,0.05,9.214453893946484e-05,0.00024917970040405635,0.000803485322405463,1.0,76.83601694229148,0.6403661966323853,0.0,0.796875,0.498046875,1.4623006184895832e-05
3,r5-f1-807090710dd4c077a97348ba,239,1,0.05,0.00045098643749952316,0.0002465806701366091,0.0024867500441039542,1.0,76.83599917315834,0.6403661370277405,0.0,0.796875,0.498046875,1.430511474609375e-05
3,r5-f1-807090710dd4c077a97348ba,240,2,0.05,0.00012373179197311401,0.00024748955365794245,0.0005721147886777752,1.0,76.83598230497847,0.6403661370277405,0.0,0.796875,0.498046875,1.4623006184895832e-05
3,r5-f1-807090710dd4c077a97348ba,241,3,0.05,0.00028391621890477836,0.0002442718996462645,0.0014495273006415491,1.0,76.83596611125988,0.6403661370277405,0.0,0.796875,0.498046875,1.4623006184895832e-05
3,r5-f1-807090710dd4c077a97348ba,242,0,0.05,9.60780744208023e-05,0.0002445177456138481,0.0005176724849661469,1.0,76.83595145126841,0.6403660774230957,0.0,0.796875,0.498046875,1.430511474609375e-05
3,r5-f1-807090710dd4c077a97348ba,243,1,0.05,0.0004916172474622726,0.00024701997654119623,0.0028716878631571963,1.0,76.8359344106626,0.6403660774230957,0.0,0.796875,0.498046875,1.430511474609375e-05
3,r5-f1-807090710dd4c077a97348ba,244,2,0.05,0.00011872546747326851,0.0002467070958118711,0.0005589533927168018,1.0,76.83591837576982,0.6403660774230957,0.0,0.796875,0.498046875,1.4623006184895832e-05
3,r5-f1-807090710dd4c077a97348ba,245,3,0.05,0.00026127262390218675,0.00024453213200104074,0.001732521187414889,1.0,76.83590444863235,0.6403660774230957,0.0,0.796875,0.498046875,1.430511474609375e-05
3,r5-f1-807090710dd4c077a97348ba,246,0,0.05,9.60780744208023e-05,0.0002442713876007474,0.0007414819165877841,1.0,76.83589197758677,0.6403660774230957,0.0,0.796875,0.498046875,1.4623006184895832e-05
3,r5-f1-807090710dd4c077a97348ba,247,1,0.05,0.00043215928599238396,0.00024180632226489251,0.002354329378336226,1.0,76.83587571738799,0.6403660178184509,0.0,0.796875,0.498046875,1.4623006184895832e-05
3,r5-f1-807090710dd4c077a97348ba,248,2,0.05,0.00011896388605237007,0.000240808089984057,0.0005288666646790154,1.0,76.83586067349034,0.6403660178184509,0.0,0.796875,0.498046875,1.4623006184895832e-05
3,r5-f1-807090710dd4c077a97348ba,249,3,0.05,0.0002960720448754728,0.0002415678291072254,0.0014785055426085436,1.0,76.83584572913146,0.6403660178184509,0.0,0.796875,0.498046875,1.430511474609375e-05
3,r5-f1-807090710dd4c077a97348ba,250,0,0.05,0.00010442188795423135,0.0002418285730527714,0.0009416408136377297,1.0,76.8358327701429,0.6403659582138062,0.0,0.796875,0.498046875,1.430511474609375e-05
3,r5-f1-807090710dd4c077a97348ba,251,1,0.05,0.0004154769703745842,0.0002407561260042712,0.002173183010089687,1.0,76.83581804290786,0.6403659582138062,0.0,0.796875,0.498046875,1.430511474609375e-05
3,r5-f1-807090710dd4c077a97348ba,252,2,0.05,0.00010942807421088219,0.0002391619054833427,0.0005031497759489871,1.0,76.83580433514557,0.6403658986091614,0.0,0.796875,0.498046875,1.4623006184895832e-05
3,r5-f1-807090710dd4c077a97348ba,253,3,0.05,0.00026127262390218675,0.00023452157802239526,0.0012993172980165627,1.0,76.83579069864746,0.6403658986091614,0.0,0.796875,0.498046875,1.430511474609375e-05
3,r5-f1-807090710dd4c077a97348ba,254,0,0.05,8.487341256113723e-05,0.00023406713262374979,0.0004474574327219676,1.0,76.83577816747554,0.6403658986091614,0.0,0.796875,0.498046875,1.430511474609375e-05
3,r5-f1-807090710dd4c077a97348ba,255,1,0.05,0.0004338277503848076,0.00023299471467908006,0.002720780875329099,1.0,76.83576088985359,0.6403658986091614,0.0,0.796875,0.498046875,1.430511474609375e-05
3,r5-f1-807090710dd4c077a97348ba,256,2,0.05,0.00010477937757968903,0.000231810188779491,0.0004916343064572163,1.0,76.83574469898149,0.6403658986091614,0.0,0.796875,0.498046875,1.430511474609375e-05
4,r5-f1-02c8aa9dc3523351c4d5f9c7,1,0,0.05,35.125,35.125,62.645923056556356,1.0,12.799953455948774,0.5694491267204285,0.447265625,0.546875,0.498046875,0.0
4,r5-f1-02c8aa9dc3523351c4d5f9c7,2,1,0.05,27.16666603088379,31.145833015441895,135.32888365656925,1.0,18.15065311990144,0.5714901089668274,0.40625,0.56640625,0.5,0.0
4,r5-f1-02c8aa9dc3523351c4d5f9c7,3,2,0.05,25.66666603088379,29.31944402058919,41.011843083451694,1.0,23.314319470461484,0.5742551684379578,0.3671875,0.5859375,0.498046875,0.0
4,r5-f1-02c8aa9dc3523351c4d5f9c7,4,3,0.05,18.083343505859375,26.51041889190674,124.53112666886251,1.0,27.52240750635744,0.5770651698112488,0.337890625,0.60546875,0.498046875,0.0
4,r5-f1-02c8aa9dc3523351c4d5f9c7,5,0,0.05,11.916894912719727,23.591714096069335,37.01473670742531,1.0,31.522466910589525,0.5801648497581482,0.31640625,0.62109375,0.498046875,0.0
4,r5-f1-02c8aa9dc3523351c4d5f9c7,6,1,0.05,9.792184829711914,21.291792551676433,57.22794458377867,1.0,35.14880243342145,0.5833191871643066,0.30078125,0.640625,0.498046875,0.0
4,r5-f1-02c8aa9dc3523351c4d5f9c7,7,2,0.05,3.70072865486145,18.778783423560007,34.012723558920364,1.0,38.49889086733488,0.5864899158477783,0.28515625,0.66015625,0.5,0.0
4,r5-f1-02c8aa9dc3523351c4d5f9c7,8,3,0.05,1.8761582374572754,16.665955275297165,18.563902314282153,1.0,41.64268512667201,0.5897123217582703,0.271484375,0.6796875,0.5,0.0
4,r5-f1-02c8aa9dc3523351c4d5f9c7,9,0,0.05,0.5625510215759277,14.876688135994804,11.489505956520492,1.0,44.55777233764591,0.5929215550422668,0.26171875,0.6953125,0.5,0.0
4,r5-f1-02c8aa9dc3523351c4d5f9c7,10,1,0.05,0.7029862999916077,13.459317952394485,24.27434579252925,1.0,47.21464993648111,0.5960042476654053,0.25,0.7109375,0.5,0.0
4,r5-f1-02c8aa9dc3523351c4d5f9c7,11,2,0.05,0.7017364501953125,12.299537815830924,10.303261248877503,1.0,49.66223236965477,0.59898442029953,0.2265625,0.7265625,0.5,0.0
4,r5-f1-02c8aa9dc3523351c4d5f9c7,12,3,0.05,0.16294324398040771,11.288154934843382,2.9761580017654716,1.0,51.919050634506426,0.601853609085083,0.205078125,0.7421875,0.5,0.0
4,r5-f1-02c8aa9dc3523351c4d5f9c7,13,0,0.05,0.5382601618766785,10.461239952307482,16.319553146134666,1.0,53.97713047685535,0.604570746421814,0.146484375,0.75,0.5,0.0
4,r5-f1-02c8aa9dc3523351c4d5f9c7,14,1,0.05,0.0015749409794807434,9.714121022926909,0.02734365768624415,1.0,55.87308884818654,0.6071578860282898,0.119140625,0.7578125,0.5,0.0
4,r5-f1-02c8aa9dc3523351c4d5f9c7,15,2,0.05,0.04248189926147461,9.069345081349214,0.5719128192720457,1.0,57.61597591595284,0.6096065044403076,0.123046875,0.76953125,0.5,0.0
4,r5-f1-02c8aa9dc3523351c4d5f9c7,16,3,0.05,0.11538171768188477,8.509722371120006,2.209160877737042,1.0,59.215301413621695,0.6119118332862854,0.14453125,0.77734375,0.5,0.0
4,r5-f1-02c8aa9dc3523351c4d5f9c7,17,0,0.05,0.01896195113658905,6.315594993066043,0.197148174592821,1.0,60.68181519690871,0.6140743494033813,0.1328125,0.78125,0.5,0.0
4,r5-f1-02c8aa9dc3523351c4d5f9c7,18,1,0.05,0.001928139477968216,4.617798874853179,0.029983778188720812,1.0,62.025488398529056,0.616096019744873,0.125,0.7890625,0.5,0.0
4,r5-f1-02c8aa9dc3523351c4d5f9c7,19,2,0.05,0.03166702389717102,3.0156114369165152,0.3633606014613453,1.0,63.25574685511948,0.6179804801940918,0.11328125,0.796875,0.5,0.0
4,r5-f1-02c8aa9dc3523351c4d5f9c7,20,3,0.05,0.00565570592880249,1.8857559494208544,0.06440654065324289,1.0,64.381679379026,0.6197329759597778,0.10546875,0.796875,0.5,0.0
4,r5-f1-02c8aa9dc3523351c4d5f9c7,21,0,0.05,0.014206469058990479,1.1418379216920584,0.11177443862944202,1.0,65.41171265396936,0.6213592886924744,0.09765625,0.8046875,0.5,0.0
4,r5-f1-02c8aa9dc3523351c4d5f9c7,22,1,0.05,0.0019662119448184967,0.529949258081615,0.04481567348638635,1.0,66.35371353385425,0.6228656768798828,0.095703125,0.80859375,0.5,0.0
4,r5-f1-02c8aa9dc3523351c4d5f9c7,23,2,0.05,0.01998947560787201,0.29990305937826633,0.20771550148524026,1.0,67.21480008670453,0.6242586374282837,0.08203125,0.8125,0.5,0.0
4,r5-f1-02c8aa9dc3523351c4d5f9c7,24,3,0.05,0.005355536937713623,0.18297789059579372,0.18435960410262017,1.0,68.00182078872477,0.6255449652671814,0.068359375,0.81640625,0.5,0.0
4,r5-f1-02c8aa9dc3523351c4d5f9c7,25,0,0.05,0.013082973659038544,0.14863613760098815,0.10497427441105642,1.0,68.72089498172711,0.6267312169075012,0.064453125,0.8203125,0.5,0.0
4,r5-f1-02c8aa9dc3523351c4d5f9c7,26,1,0.05,0.0024330802261829376,0.1048515613656491,0.04733752601770027,1.0,69.37778285843378,0.6278239488601685,0.056640625,0.8203125,0.5,0.0
4,r5-f1-02c8aa9dc3523351c4d5f9c7,27,2,0.05,0.01764094829559326,0.06209559249691665,0.35913532399849013,1.0,69.97756585715052,0.6288291215896606,0.056640625,0.828125,0.5,0.0
4,r5-f1-02c8aa9dc3523351c4d5f9c7,28,3,0.05,0.004518389701843262,0.05219403910450637,0.06790981186510872,1.0,70.52520667812708,0.6297532320022583,0.05859375,0.828125,0.5,0.0
4,r5-f1-02c8aa9dc3523351c4d5f9c7,29,0,0.05,0.010885030031204224,0.019233093364164233,0.0977384111405931,1.0,71.02508259003622,0.6306018233299255,0.056640625,0.8359375,0.5,0.0
4,r5-f1-02c8aa9dc3523351c4d5f9c7,30,1,0.05,0.0017210915684700012,0.019242227775976062,0.051269148984502716,1.0,71.48129878159067,0.6313806176185608,0.05859375,0.8359375,0.5,0.0
4,r5-f1-02c8aa9dc3523351c4d5f9c7,31,2,0.05,0.013673804700374603,0.01744172186590731,0.12540689393936452,1.0,71.89753063218186,0.6320946216583252,0.060546875,0.84375,0.5,0.0
4,r5-f1-02c8aa9dc3523351c4d5f9c7,32,3,0.05,0.0048743486404418945,0.010535011300817132,0.10353879738610837,1.0,72.27724751099609,0.6327490210533142,0.068359375,0.84765625,0.5,0.0
4,r5-f1-02c8aa9dc3523351c4d5f9c7,33,0,0.05,0.008490771055221558,0.009880562545731664,0.08686869026459691,1.0,72.62354169394018,0.633348286151886,0.0703125,0.8515625,0.5,0.0
4,r5-f1-02c8aa9dc3523351c4d5f9c7,34,1,0.05,0.0009578652679920197,0.009819920407608151,0.023074877332766457,1.0,72.93932050355048,0.6338968276977539,0.06640625,0.8515625,0.5,0.0
4,r5-f1-02c8aa9dc3523351c4d5f9c7,35,2,0.05,0.008518785238265991,0.008373155491426587,0.10358396760797269,1.0,73.22714062545265,0.6343984603881836,0.06640625,0.85546875,0.5,0.0
4,r5-f1-02c8aa9dc3523351c4d5f9c7,36,3,0.05,0.003989696502685547,0.008269029902294278,0.09780641539882622,1.0,73.48948427964892,0.6348570585250854,0.0625,0.8515625,0.5,0.0
4,r5-f1-02c8aa9dc3523351c4d5f9c7,37,0,0.05,0.004341581836342812,0.007652474450878799,0.04671880945780252,1.0,73.72853003599725,0.6352761387825012,0.05859375,0.859375,0.5,0.0
4,r5-f1-02c8aa9dc3523351c4d5f9c7,38,1,0.05,0.0003961734473705292,0.007554347044788301,0.0071863415275726684,1.0,73.94633277323115,0.635658860206604,0.05859375,0.859375,0.5,0.0
4,r5-f1-02c8aa9dc3523351c4d5f9c7,39,2,0.05,0.005581744015216827,0.006653863820247352,0.0567804025490709,1.0,74.14470293262163,0.6360083222389221,0.056640625,0.859375,0.5,0.0
4,r5-f1-02c8aa9dc3523351c4d5f9c7,40,3,0.05,0.0021872520446777344,0.006455846014432609,0.03635851202885145,1.0,74.3253465842388,0.6363271474838257,0.0546875,0.859375,0.5,0.0
4,r5-f1-02c8aa9dc3523351c4d5f9c7,41,0,0.05,0.0028643086552619934,0.005817179451696575,0.025786330927527485,1.0,74.48981572720847,0.6366180181503296,0.0546875,0.859375,0.5,0.0
4,r5-f1-02c8aa9dc3523351c4d5f9c7,42,1,0.05,0.0002591274678707123,0.005681307404302061,0.002666503417426277,1.0,74.63954725654351,0.6368833184242249,0.048828125,0.859375,0.5,0.0
4,r5-f1-02c8aa9dc3523351c4d5f9c7,43,2,0.05,0.003864441066980362,0.004820275702513754,0.03391111727470337,1.0,74.77580610013815,0.6371250152587891,0.05078125,0.859375,0.5,0.0
4,r5-f1-02c8aa9dc3523351c4d5f9c7,44,3,0.05,0.000941544771194458,0.004596722894348204,0.013090143101422053,1.0,74.89979698737169,0.6373453736305237,0.046875,0.859375,0.5,0.0
4,r5-f1-02c8aa9dc3523351c4d5f9c7,45,0,0.05,0.0018598418682813644,0.0040326486341655254,0.014192328755492168,1.0,75.0126022933652,0.6375460624694824,0.046875,0.8671875,0.5,0.0
4,r5-f1-02c8aa9dc3523351c4d5f9c7,46,1,0.05,0.00016306480392813683,0.003935271961381659,0.004482989028271244,1.0,75.11522350138179,0.6377288699150085,0.044921875,0.8671875,0.5,0.0
4,r5-f1-02c8aa9dc3523351c4d5f9c7,47,2,0.05,0.0026373639702796936,0.003245494415750727,0.01963231316424587,1.0,75.20854212714124,0.6378952264785767,0.044921875,0.8671875,0.5,0.0
4,r5-f1-02c8aa9dc3523351c4d5f9c7,48,3,0.05,0.0006510019302368164,0.0029815352463629097,0.007249097466811482,1.0,75.29339268078635,0.6380466818809509,0.044921875,0.8671875,0.5,0.0
4,r5-f1-02c8aa9dc3523351c4d5f9c7,49,0,0.05,0.0016461163759231567,0.0025537443289067596,0.017036612681230464,1.0,75.37052702179255,0.6381844878196716,0.044921875,0.8671875,0.5,0.0
4,r5-f1-02c8aa9dc3523351c4d5f9c7,50,1,0.05,0.00015031162183731794,0.0025032722260220908,0.0010400054820760237,1.0,75.44064724592297,0.6383098363876343,0.046875,0.8671875,0.5,0.0
4,r5-f1-02c8aa9dc3523351c4d5f9c7,51,2,0.05,0.0021547675132751465,0.002105521118210163,0.01338531108894122,1.0,75.50436414650898,0.6384238004684448,0.046875,0.8671875,0.5,0.0
4,r5-f1-02c8aa9dc3523351c4d5f9c7,52,3,0.05,0.0005230605602264404,0.0018888563718064688,0.006181458738766058,1.0,75.56226103259361,0.638527512550354,0.046875,0.8671875,0.5,0.0
4,r5-f1-02c8aa9dc3523351c4d5f9c7,53,0,0.05,0.0014556776732206345,0.0017084873616113327,0.010827853015964544,1.0,75.61485805396187,0.6386216878890991,0.048828125,0.8671875,0.5,0.0
4,r5-f1-02c8aa9dc3523351c4d5f9c7,54,1,0.05,0.00013910746201872826,0.0016924207375268452,0.0009102925131223227,1.0,75.66264213588744,0.6387073397636414,0.044921875,0.87109375,0.5,0.0
4,r5-f1-02c8aa9dc3523351c4d5f9c7,55,2,0.05,0.0018958933651447296,0.001462055071897339,0.01137756966795576,1.0,75.7060336979507,0.638785183429718,0.046875,0.87109375,0.5,0.0
4,r5-f1-02c8aa9dc3523351c4d5f9c7,56,3,0.05,0.00046372413635253906,0.0013543345776270144,0.004439256659511056,1.0,75.74543676873427,0.6388558745384216,0.044921875,0.87109375,0.5,0.0
4,r5-f1-02c8aa9dc3523351c4d5f9c7,57,0,0.05,0.0013893721625208855,0.0012621510468306951,0.009384110071660843,1.0,75.78120698206136,0.6389200687408447,0.044921875,0.87109375,0.5,0.0
4,r5-f1-02c8aa9dc3523351c4d5f9c7,58,1,0.05,0.00012873776722699404,0.0012540016905404627,0.0008627691042493328,1.0,75.81368533588898,0.6389784216880798,0.044921875,0.87109375,0.5,0.0
4,r5-f1-02c8aa9dc3523351c4d5f9c7,59,2,0.05,0.001964189112186432,0.001135235943365842,0.011604418937596568,1.0,75.84315590027488,0.6390313506126404,0.044921875,0.875,0.5,0.0
4,r5-f1-02c8aa9dc3523351c4d5f9c7,60,3,0.05,0.00034505128860473633,0.0010979551007039845,0.0029709923807747798,1.0,75.86990275343638,0.6390793919563293,0.044921875,0.87109375,0.5,0.0
4,r5-f1-02c8aa9dc3523351c4d5f9c7,61,0,0.05,0.0011262509506195784,0.0010521056683501229,0.007549813503499838,1.0,75.89417246224882,0.6391230225563049,0.046875,0.87109375,0.5,0.0
4,r5-f1-02c8aa9dc3523351c4d5f9c7,62,1,0.05,0.000128856860101223,0.0010499676718609408,0.0011447153147523756,1.0,75.91619613658699,0.6391626596450806,0.044921875,0.8671875,0.5,0.0
4,r5-f1-02c8aa9dc3523351c4d5f9c7,63,2,0.05,0.0016605183482170105,0.000988914820482023,0.009980109419846474,1.0,75.93617003289307,0.6391985416412354,0.046875,0.8671875,0.5,0.0
4,r5-f1-02c8aa9dc3523351c4d5f9c7,64,3,0.05,0.000333249568939209,0.0009690552979009226,0.002778260671228736,1.0,75.95428889864557,0.6392311453819275,0.044921875,0.87109375,0.5,0.0
4,r5-f1-02c8aa9dc3523351c4d5f9c7,65,0,0.05,0.0011764992959797382,0.0009397042304044589,0.006998674832569475,1.0,75.97071700102775,0.6392607092857361,0.044921875,0.87109375,0.5,0.0
4,r5-f1-02c8aa9dc3523351c4d5f9c7,66,1,0.05,0.00012230128049850464,0.0009379535840707831,0.0008311573849439316,1.0,75.98561853448649,0.639287531375885,0.044921875,0.875,0.5,0.0
4,r5-f1-02c8aa9dc3523351c4d5f9c7,67,2,0.05,0.0015801824629306793,0.0009020420184242539,0.008585804991641834,1.0,75.99912473649198,0.6393118500709534,0.044921875,0.875,0.5,0.0
4,r5-f1-02c8aa9dc3523351c4d5f9c7,68,3,0.05,0.00029440224170684814,0.0008877508735167794,0.002462343314679918,1.0,76.01137047315873,0.6393339037895203,0.044921875,0.875,0.5,0.0
4,r5-f1-02c8aa9dc3523351c4d5f9c7,69,0,0.05,0.0009534580167382956,0.0008563621449866332,0.004754447171810324,1.0,76.02246897820568,0.63935387134552,0.04296875,0.875,0.5,0.0
4,r5-f1-02c8aa9dc3523351c4d5f9c7,70,1,0.05,0.00012396997772157192,0.0008554160522180609,0.0010269491518466456,1.0,76.03253113886984,0.6393719911575317,0.044921875,0.87109375,0.5,0.0
4,r5-f1-02c8aa9dc3523351c4d5f9c7,71,2,0.05,0.0015692301094532013,0.0008349995987373404,0.008551745225086359,1.0,76.04163873931951,0.6393884420394897,0.044921875,0.875,0.5,0.0
4,r5-f1-02c8aa9dc3523351c4d5f9c7,72,3,0.05,0.00033086538314819336,0.0008266959266620688,0.002987423994782054,1.0,76.04989098757756,0.6394032835960388,0.044921875,0.87109375,0.5,0.0
4,r5-f1-02c8aa9dc3523351c4d5f9c7,73,0,0.05,0.0009527434594929218,0.0007994066327228211,0.004903477133167168,1.0,76.05736461691258,0.6394168138504028,0.04296875,0.875,0.5,0.0
4,r5-f1-02c8aa9dc3523351c4d5f9c7,74,1,0.05,0.0001269499771296978,0.0007992948958417401,0.0010643251688246045,1.0,76.06413832645418,0.639428973197937,0.044921875,0.875,0.5,0.0
4,r5-f1-02c8aa9dc3523351c4d5f9c7,75,2,0.05,0.0013357996940612793,0.000760020557208918,0.00770578362861084,1.0,76.07026765797376,0.63944011926651,0.044921875,0.875,0.5,0.0
4,r5-f1-02c8aa9dc3523351c4d5f9c7,76,3,0.05,0.0002969205379486084,0.00075701238529291,0.002370915804845298,1.0,76.07581838802342,0.6394500732421875,0.044921875,0.875,0.5,0.0
4,r5-f1-02c8aa9dc3523351c4d5f9c7,77,0,0.05,0.0008778292685747147,0.0007414860301651061,0.003985081317774219,1.0,76.080844123488,0.6394591927528381,0.044921875,0.875,0.5,0.0
4,r5-f1-02c8aa9dc3523351c4d5f9c7,78,1,0.05,0.0001150304451584816,0.0007406218792311847,0.0010479459814950992,1.0,76.08539789370496,0.6394674181938171,0.044921875,0.875,0.5,0.0
4,r5-f1-02c8aa9dc3523351c4d5f9c7,79,2,0.05,0.0014578215777873993,0.000727953331079334,0.009006026610553742,1.0,76.08951281935649,0.6394748687744141,0.044921875,0.875,0.5,0.0
4,r5-f1-02c8aa9dc3523351c4d5f9c7,80,3,0.05,0.00022730231285095215,0.000721331627573818,0.0017850617060588634,1.0,76.09323796966113,0.6394815444946289,0.04296875,0.875,0.5,0.0
4,r5-f1-02c8aa9dc3523351c4d5f9c7,81,0,0.05,0.0008773528970777988,0.0007026349776424468,0.005110436110026769,1.0,76.0966101725589,0.6394876837730408,0.044921875,0.875,0.5,0.0
4,r5-f1-02c8aa9dc3523351c4d5f9c7,82,1,0.05,0.00010430277325212955,0.0007015100709395483,0.0006725503711107394,1.0,76.09966445900774,0.6394932270050049,0.04296875,0.875,0.5,0.0
4,r5-f1-02c8aa9dc3523351c4d5f9c7,83,2,0.05,0.0012736544013023376,0.000682352067087777,0.006898696855696933,1.0,76.10242312689662,0.639498233795166,0.044921875,0.875,0.5,0.0
4,r5-f1-02c8aa9dc3523351c4d5f9c7,84,3,0.05,0.000276416540145874,0.0006812279607402161,0.0023578038684874563,1.0,76.10491843327605,0.6395027041435242,0.044921875,0.875,0.5,0.0
4,r5-f1-02c8aa9dc3523351c4d5f9c7,85,0,0.05,0.0008779484778642654,0.0006765086145605892,0.0048028188172912125,1.0,76.10717119625308,0.6395068168640137,0.041015625,0.875,0.5,0.0
4,r5-f1-02c8aa9dc3523351c4d5f9c7,86,1,0.05,0.00010430277325212955,0.000675279414281249,0.0007559041157929157,1.0,76.10921128535752,0.6395105123519897,0.041015625,0.875,0.5,0.0
4,r5-f1-02c8aa9dc3523351c4d5f9c7,87,2,0.05,0.0012618675827980042,0.0006560692563652992,0.014017805448059271,1.0,76.11105726577415,0.6395138502120972,0.04296875,0.875,0.5,0.0
4,r5-f1-02c8aa9dc3523351c4d5f9c7,88,3,0.05,0.00031000375747680664,0.0006547654047608376,0.0030024977478596035,1.0,76.11272355300908,0.6395168900489807,0.044921875,0.875,0.5,0.0
4,r5-f1-02c8aa9dc3523351c4d5f9c7,89,0,0.05,0.0007757516577839851,0.000643703417154029,0.005276717891205706,1.0,76.11422848192228,0.6395196318626404,0.044921875,0.875,0.5,0.0
4,r5-f1-02c8aa9dc3523351c4d5f9c7,90,1,0.05,0.00010430277325212955,0.000642287966911681,0.0007510852153566508,1.0,76.11559101223837,0.6395220756530762,0.04296875,0.875,0.5,0.0
4,r5-f1-02c8aa9dc3523351c4d5f9c7,91,2,0.05,0.001168522983789444,0.0006318331725196913,0.005925213281951793,1.0,76.11681547506566,0.6395242810249329,0.044921875,0.875,0.5,0.0
4,r5-f1-02c8aa9dc3523351c4d5f9c7,92,3,0.05,0.00033086538314819336,0.0006339547253446653,0.0037254915767627097,1.0,76.11791793250418,0.6395263075828552,0.044921875,0.875,0.5,0.0
4,r5-f1-02c8aa9dc3523351c4d5f9c7,93,0,0.05,0.000806721393018961,0.0006295104831224307,0.003775198582958684,1.0,76.11891116179882,0.6395281553268433,0.044921875,0.875,0.5,0.0
4,r5-f1-02c8aa9dc3523351c4d5f9c7,94,1,0.05,0.00010430277325212955,0.0006288400036282837,0.0007009198098238913,1.0,76.11980995295508,0.6395297646522522,0.04296875,0.875,0.5,0.0
4,r5-f1-02c8aa9dc3523351c4d5f9c7,95,2,0.05,0.0009784679859876633,0.0005988804041408002,0.005052705215227934,1.0,76.12061981193894,0.6395312547683716,0.044921875,0.875,0.5,0.0
4,r5-f1-02c8aa9dc3523351c4d5f9c7,96,3,0.05,0.00023087859153747559,0.000599103921558708,0.0019985405952819713,1.0,76.12135013402045,0.6395325660705566,0.044921875,0.875,0.5,0.0
4,r5-f1-02c8aa9dc3523351c4d5f9c7,97,0,0.05,0.0007421600166708231,0.000590654366533272,0.003582910677860792,1.0,76.12200811737611,0.6395337581634521,0.04296875,0.875,0.5,0.0
4,r5-f1-02c8aa9dc3523351c4d5f9c7,98,1,0.05,0.00011062016710639,0.0005910492036491632,0.0009012572181902815,1.0,76.12260366493534,0.6395348906517029,0.04296875,0.875,0.5,0.0
4,r5-f1-02c8aa9dc3523351c4d5f9c7,99,2,0.05,0.0011262521147727966,0.0005818365607410669,0.005788786675494225,1.0,76.12313842726878,0.6395358443260193,0.044921875,0.875,0.5,0.0
4,r5-f1-02c8aa9dc3523351c4d5f9c7,100,3,0.05,0.000268787145614624,0.0005813597235828638,0.0024760147049955653,1.0,76.12361770995932,0.6395367383956909,0.044921875,0.875,0.5,0.0
4,r5-f1-02c8aa9dc3523351c4d5f9c7,101,0,0.05,0.0007124985568225384,0.0005710191035177559,0.004350788487753509,1.0,76.12404760888828,0.639537513256073,0.044921875,0.875,0.5,0.0
4,r5-f1-02c8aa9dc3523351c4d5f9c7,102,1,0.05,0.00011348072439432144,0.0005715927254641429,0.0009295886750568212,1.0,76.12443638563944,0.6395382881164551,0.044921875,0.875,0.5,0.0
4,r5-f1-02c8aa9dc3523351c4d5f9c7,103,2,0.05,0.000996571034193039,0.0005550116911763325,0.00496179872293414,1.0,76.1247832994911,0.6395389437675476,0.044921875,0.875,0.5,0.0
4,r5-f1-02c8aa9dc3523351c4d5f9c7,104,3,0.05,0.0001834481954574585,0.0005471019685501233,0.0015266257150079268,1.0,76.12509444708924,0.6395394802093506,0.046875,0.875,0.5,0.0
4,r5-f1-02c8aa9dc3523351c4d5f9c7,105,0,0.05,0.0007738457061350346,0.0005469828465720639,0.0037887541176614375,1.0,76.12537389317374,0.6395400166511536,0.044921875,0.875,0.5,0.0
4,r5-f1-02c8aa9dc3523351c4d5f9c7,106,1,0.05,9.464775212109089e-05,0.000546379407751374,0.0008143841384890523,1.0,76.12562641715641,0.6395404934883118,0.044921875,0.875,0.5,0.0
4,r5-f1-02c8aa9dc3523351c4d5f9c7,107,2,0.05,0.0009469073265790939,0.0005325284291757271,0.004427330779615911,1.0,76.12585175731334,0.63954097032547,0.04296875,0.875,0.5,0.0
4,r5-f1-02c8aa9dc3523351c4d5f9c7,108,3,0.05,0.0002012103796005249,0.0005244249914539978,0.003007499517428226,1.0,76.12605486701199,0.6395413279533386,0.044921875,0.875,0.5,0.0
4,r5-f1-02c8aa9dc3523351c4d5f9c7,109,0,0.05,0.0007129749283194542,0.0005185658374102786,0.0036191501590743073,1.0,76.12623567917176,0.6395416855812073,0.044921875,0.875,0.5,0.0
4,r5-f1-02c8aa9dc3523351c4d5f9c7,110,1,0.05,8.976063691079617e-05,0.0005176569538889453,0.0006003146253709031,1.0,76.12639945904884,0.6395419836044312,0.04296875,0.875,0.5,0.0
4,r5-f1-02c8aa9dc3523351c4d5f9c7,111,2,0.05,0.0010430142283439636,0.000521691094036214,0.005834053455725075,1.0,76.12654273642579,0.639542281627655,0.04296875,0.875,0.5,0.0
4,r5-f1-02c8aa9dc3523351c4d5f9c7,112,3,0.05,0.0002389848232269287,0.0005221977335168049,0.0022422793451575386,1.0,76.12666857196352,0.6395425200462341,0.04296875,0.875,0.5,0.0
4,r5-f1-02c8aa9dc3523351c4d5f9c7,113,0,0.05,0.0006553172133862972,0.000516770058311522,0.0032903053295210366,1.0,76.12677842048093,0.6395427584648132,0.044921875,0.875,0.5,0.0
4,r5-f1-02c8aa9dc3523351c4d5f9c7,114,1,0.05,9.10717062652111e-05,0.0005155482795089483,0.0008378911497657634,1.0,76.12687835157651,0.6395429372787476,0.044921875,0.875,0.5,0.0
4,r5-f1-02c8aa9dc3523351c4d5f9c7,115,2,0.05,0.0009864475578069687,0.0005068104946985841,0.004469452881441264,1.0,76.12696258331194,0.6395431160926819,0.04296875,0.875,0.5,0.0
4,r5-f1-02c8aa9dc3523351c4d5f9c7,116,3,0.05,0.00018690526485443115,0.000501692877151072,0.0015242548794648632,1.0,76.12703653941107,0.6395432949066162,0.044921875,0.875,0.5,0.0
4,r5-f1-02c8aa9dc3523351c4d5f9c7,117,0,0.05,0.0006828359328210354,0.0004998389631509781,0.00349630241494881,1.0,76.12709753598642,0.6395434141159058,0.04296875,0.875,0.5,0.0
4,r5-f1-02c8aa9dc3523351c4d5f9c7,118,1,0.05,8.761498611420393e-05,0.0004982223545084707,0.0005483016551580834,1.0,76.12715310367156,0.6395435333251953,0.044921875,0.875,0.5,0.0
4,r5-f1-02c8aa9dc3523351c4d5f9c7,119,2,0.05,0.0009049847722053528,0.0004924982131342404,0.0060369888565170345,1.0,76.12720011349568,0.6395436525344849,0.04296875,0.875,0.5,0.0
4,r5-f1-02c8aa9dc3523351c4d5f9c7,120,3,0.05,0.00018702447414398193,0.0004927217305521481,0.0014770443371574806,1.0,76.1272401807673,0.6395437121391296,0.046875,0.875,0.5,0.0
4,r5-f1-02c8aa9dc3523351c4d5f9c7,121,0,0.05,0.0006560320034623146,0.0004853583741351031,0.005025943294740907,1.0,76.12727306193403,0.6395438313484192,0.04296875,0.875,0.5,0.0
4,r5-f1-02c8aa9dc3523351c4d5f9c7,122,1,0.05,9.488617070019245e-05,0.0004853732752962969,0.0006114344680527137,1.0,76.12730298933032,0.639543890953064,0.044921875,0.875,0.5,0.0
4,r5-f1-02c8aa9dc3523351c4d5f9c7,123,2,0.05,0.0008650850504636765,0.00048025938303908333,0.005255586211863381,1.0,76.12732677329383,0.6395439505577087,0.044921875,0.875,0.5,0.0
4,r5-f1-02c8aa9dc3523351c4d5f9c7,124,3,0.05,0.0001687854528427124,0.00047823282511672005,0.0012691427664951655,1.0,76.12734659912907,0.6395440101623535,0.046875,0.875,0.5,0.0
4,r5-f1-02c8aa9dc3523351c4d5f9c7,125,0,0.05,0.0006287505384534597,0.0004729688007500954,0.00378892469666551,1.0,76.12736025950417,0.6395440101623535,0.044921875,0.875,0.5,0.0
4,r5-f1-02c8aa9dc3523351c4d5f9c7,126,1,0.05,8.761510252952576e-05,0.000472834704851266,0.0005416146858607311,1.0,76.12737298735117,0.6395440697669983,0.046875,0.875,0.5,0.0
4,r5-f1-02c8aa9dc3523351c4d5f9c7,127,2,0.05,0.000833878293633461,0.0004597637089318596,0.003962365103569862,1.0,76.127381314354,0.6395441293716431,0.046875,0.875,0.5,0.0
4,r5-f1-02c8aa9dc3523351c4d5f9c7,128,3,0.05,0.00016270577907562256,0.00045499626867240295,0.0012512422783773113,1.0,76.12738690043119,0.6395441293716431,0.044921875,0.875,0.5,0.0
4,r5-f1-02c8aa9dc3523351c4d5f9c7,129,0,0.05,0.0005778789054602385,0.0004501563744270243,0.0032566628990060497,1.0,76.12738923505732,0.6395441293716431,0.044921875,0.875,0.5,0.0
4,r5-f1-02c8aa9dc3523351c4d5f9c7,130,1,0.05,8.296617306768894e-05,0.00044964977860217914,0.0005459992369479373,1.0,76.12739172037169,0.6395441293716431,0.044921875,0.875,0.5,0.0
4,r5-f1-02c8aa9dc3523351c4d5f9c7,131,2,0.05,0.0008337590843439102,0.000440106749010738,0.003908573779704158,1.0,76.12739027239108,0.6395441889762878,0.044921875,0.875,0.5,0.0
4,r5-f1-02c8aa9dc3523351c4d5f9c7,132,3,0.05,0.00015304982662200928,0.0004379907841212116,0.0010794951102230765,1.0,76.12738719236529,0.6395441889762878,0.044921875,0.875,0.5,0.0
4,r5-f1-02c8aa9dc3523351c4d5f9c7,133,0,0.05,0.000555241946130991,0.00043001615995308384,0.003084393931369815,1.0,76.12738168622461,0.6395442485809326,0.044921875,0.875,0.5,0.0
4,r5-f1-02c8aa9dc3523351c4d5f9c7,134,1,0.05,9.29790548980236e-05,0.00043035141425207257,0.0007474084086002278,1.0,76.12737703609055,0.6395442485809326,0.046875,0.875,0.5,0.0
4,r5-f1-02c8aa9dc3523351c4d5f9c7,135,2,0.05,0.0007322728633880615,0.00041955691995099187,0.003884615352982115,1.0,76.12736899794784,0.6395442485809326,0.046875,0.875,0.5,0.0
4,r5-f1-02c8aa9dc3523351c4d5f9c7,136,3,0.05,0.0001789182424545288,0.00041905028047040105,0.0014146766434375141,1.0,76.12735981738271,0.6395442485809326,0.046875,0.875,0.5,0.0
4,r5-f1-02c8aa9dc3523351c4d5f9c7,137,0,0.05,0.0005544079467654228,0.0004126987769268453,0.002794638722970698,1.0,76.12734959286598,0.6395442485809326,0.044921875,0.875,0.5,0.0
4,r5-f1-02c8aa9dc3523351c4d5f9c7,138,1,0.05,7.97477550804615e-05,0.00041175262595061213,0.00048034755299582296,1.0,76.12734067135212,0.6395442485809326,0.044921875,0.875,0.5,0.0
4,r5-f1-02c8aa9dc3523351c4d5f9c7,139,2,0.05,0.0007975492626428604,0.0004075316392118111,0.0038187126330317166,1.0,76.12732942025693,0.6395443081855774,0.044921875,0.875,0.5,0.0
4,r5-f1-02c8aa9dc3523351c4d5f9c7,140,3,0.05,0.00016270577907562256,0.000407151659601368,0.0013437024773297061,1.0,76.12731807245667,0.6395443081855774,0.044921875,0.875,0.5,0.0
4,r5-f1-02c8aa9dc3523351c4d5f9c7,141,0,0.05,0.0005789510905742645,0.0004040391941089183,0.0030542988959117194,1.0,76.127305840366,0.6395443081855774,0.044921875,0.875,0.5,0.0
4,r5-f1-02c8aa9dc3523351c4d5f9c7,142,1,0.05,8.296617306768894e-05,0.0004037486360175535,0.000512029733686585,1.0,76.12729510633477,0.6395443677902222,0.04296875,0.875,0.5,0.0
4,r5-f1-02c8aa9dc3523351c4d5f9c7,143,2,0.05,0.0007695555686950684,0.00039972846570890397,0.003955243563601022,1.0,76.12728445527245,0.6395443677902222,0.04296875,0.875,0.5,0.0
4,r5-f1-02c8aa9dc3523351c4d5f9c7,144,3,0.05,0.00016890466213226318,0.000400115895899944,0.0014020100098493062,1.0,76.12727421154736,0.6395443677902222,0.04296875,0.875,0.5,0.0
4,r5-f1-02c8aa9dc3523351c4d5f9c7,145,0,0.05,0.000555241946130991,0.00039870108594186604,0.004517644538036406,1.0,76.12726694904774,0.6395443677902222,0.044921875,0.875,0.5,0.0
4,r5-f1-02c8aa9dc3523351c4d5f9c7,146,1,0.05,8.427747525274754e-05,0.0003987830423284322,0.000655336463650947,1.0,76.12726102434964,0.6395443677902222,0.044921875,0.875,0.5,0.0
4,r5-f1-02c8aa9dc3523351c4d5f9c7,147,2,0.05,0.0007653888314962387,0.00039450990152545273,0.004243076680065146,1.0,76.12725262863042,0.6395443677902222,0.04296875,0.875,0.5,0.0
4,r5-f1-02c8aa9dc3523351c4d5f9c7,148,3,0.05,0.00017665326595306396,0.00039598511648364365,0.0014401126082363477,1.0,76.12724304874845,0.6395444273948669,0.04296875,0.875,0.5,0.0
4,r5-f1-02c8aa9dc3523351c4d5f9c7,149,0,0.05,0.0005108006298542023,0.00039320753421634436,0.002281017866705714,1.0,76.12723375316233,0.6395444273948669,0.044921875,0.875,0.5,0.0
4,r5-f1-02c8aa9dc3523351c4d5f9c7,150,1,0.05,7.97477550804615e-05,0.0003923805779777467,0.0006648980057878776,1.0,76.12722580522065,0.6395444273948669,0.044921875,0.875,0.5,0.0
4,r5-f1-02c8aa9dc3523351c4d5f9c7,151,2,0.05,0.000767294317483902,0.00039456941885873675,0.004249341799299565,1.0,76.12721754833343,0.6395444273948669,0.044921875,0.875,0.5,0.0
4,r5-f1-02c8aa9dc3523351c4d5f9c7,152,3,0.05,0.00016485154628753662,0.00039369025034829974,0.0015496648134323548,1.0,76.12720894391384,0.6395444273948669,0.044921875,0.875,0.5,0.0
4,r5-f1-02c8aa9dc3523351c4d5f9c7,153,0,0.05,0.0005326042883098125,0.0003923275216948241,0.0022382114327859338,1.0,76.12719979157076,0.6395444273948669,0.04296875,0.875,0.5,0.0
4,r5-f1-02c8aa9dc3523351c4d5f9c7,154,1,0.05,8.773407898843288e-05,0.0003928266669390723,0.0006967247002710253,1.0,76.12719218601329,0.6395444273948669,0.044921875,0.875,0.5,0.0
4,r5-f1-02c8aa9dc3523351c4d5f9c7,155,2,0.05,0.0007631257176399231,0.00039067519537638873,0.0038471103099589044,1.0,76.12718346776666,0.6395444869995117,0.04296875,0.875,0.5,0.0
4,r5-f1-02c8aa9dc3523351c4d5f9c7,156,3,0.05,0.0001486465334892273,0.000389796492527239,0.0012173006565622414,1.0,76.12717422154064,0.6395444869995117,0.044921875,0.875,0.5,0.0
4,r5-f1-02c8aa9dc3523351c4d5f9c7,157,0,0.05,0.0004892344586551189,0.0003841892030322924,0.0023176949631569773,1.0,76.12716464193132,0.6395444869995117,0.044921875,0.875,0.5,0.0
4,r5-f1-02c8aa9dc3523351c4d5f9c7,158,1,0.05,7.97477550804615e-05,0.0003839880519080907,0.000629464150209868,1.0,76.12715652982396,0.6395444869995117,0.046875,0.875,0.5,0.0
4,r5-f1-02c8aa9dc3523351c4d5f9c7,159,2,0.05,0.0006697317585349083,0.0003777490637730807,0.004532136332848837,1.0,76.1271487816243,0.6395445466041565,0.046875,0.875,0.5,0.0
4,r5-f1-02c8aa9dc3523351c4d5f9c7,160,3,0.05,0.00016592442989349365,0.0003775627992581576,0.001355664520189821,1.0,76.12714055092677,0.6395444869995117,0.046875,0.875,0.5,0.0
4,r5-f1-02c8aa9dc3523351c4d5f9c7,161,0,0.05,0.0005541695281863213,0.00037749577313661575,0.002882716264456256,1.0,76.12713055465807,0.6395444869995117,0.044921875,0.875,0.5,0.0
4,r5-f1-02c8aa9dc3523351c4d5f9c7,162,1,0.05,7.271510548889637e-05,0.00037677312502637506,0.0003782065203515379,1.0,76.12712170964208,0.6395445466041565,0.044921875,0.875,0.5,0.0
4,r5-f1-02c8aa9dc3523351c4d5f9c7,163,2,0.05,0.0006743781268596649,0.0003710849559865892,0.0031648569300877245,1.0,76.12711129859142,0.6395445466041565,0.046875,0.875,0.5,0.0
4,r5-f1-02c8aa9dc3523351c4d5f9c7,164,3,0.05,0.0001542419195175171,0.0003696842468343675,0.0013134986640822308,1.0,76.12710103292738,0.6395445466041565,0.046875,0.875,0.5,0.0
4,r5-f1-02c8aa9dc3523351c4d5f9c7,165,0,0.05,0.000510204816237092,0.0003696470084832981,0.002906317197417526,1.0,76.12708974688518,0.6395445466041565,0.044921875,0.875,0.5,0.0
4,r5-f1-02c8aa9dc3523351c4d5f9c7,166,1,0.05,7.557589560747147e-05,0.00036938626726623625,0.0004281927023419784,1.0,76.12707985037044,0.6395445466041565,0.048828125,0.875,0.5,0.0
4,r5-f1-02c8aa9dc3523351c4d5f9c7,167,2,0.05,0.0005958694964647293,0.00035867221595253795,0.002768604499375782,1.0,76.12706984929878,0.6395445466041565,0.046875,0.875,0.5,0.0
4,r5-f1-02c8aa9dc3523351c4d5f9c7,168,3,0.05,0.000151023268699646,0.0003578079486032948,0.0012562040606265339,1.0,76.12705929229031,0.6395445466041565,0.046875,0.875,0.5,0.0
4,r5-f1-02c8aa9dc3523351c4d5f9c7,169,0,0.05,0.0005104430019855499,0.0003564228682080284,0.003074330597144243,1.0,76.12704797194283,0.6395445466041565,0.046875,0.875,0.5,0.0
4,r5-f1-02c8aa9dc3523351c4d5f9c7,170,1,0.05,7.557589560747147e-05,0.0003556629817467183,0.0004478077682850235,1.0,76.12703801411855,0.6395445466041565,0.046875,0.875,0.5,0.0
4,r5-f1-02c8aa9dc3523351c4d5f9c7,171,2,0.05,0.0006244629621505737,0.00034699655952863395,0.0048069240851326125,1.0,76.1270257608346,0.6395445466041565,0.048828125,0.875,0.5,0.0
4,r5-f1-02c8aa9dc3523351c4d5f9c7,172,3,0.05,0.00014530494809150696,0.00034678771044127643,0.0011691025101452513,1.0,76.12701353742166,0.6395445466041565,0.046875,0.875,0.5,0.0
4,r5-f1-02c8aa9dc3523351c4d5f9c7,173,0,0.05,0.00043156370520591736,0.00034318328835070133,0.002097335817773221,1.0,76.12700182532762,0.6395445466041565,0.046875,0.875,0.5,0.0
4,r5-f1-02c8aa9dc3523351c4d5f9c7,174,1,0.05,7.271510548889637e-05,0.0003427437477512285,0.0004121222276095192,1.0,76.12699169885984,0.6395445466041565,0.046875,0.875,0.5,0.0
4,r5-f1-02c8aa9dc3523351c4d5f9c7,175,2,0.05,0.0006495993584394455,0.0003414854727452621,0.0029956071216630667,1.0,76.12698210570844,0.6395445466041565,0.046875,0.875,0.5,0.0
4,r5-f1-02c8aa9dc3523351c4d5f9c7,176,3,0.05,0.00012981146574020386,0.0003392284124856815,0.0009109278318067,1.0,76.12697237721471,0.6395445466041565,0.046875,0.875,0.5,0.0
4,r5-f1-02c8aa9dc3523351c4d5f9c7,177,0,0.05,0.00046969344839453697,0.00033394865749869496,0.002310907782748353,1.0,76.12696125030813,0.6395445466041565,0.046875,0.875,0.5,0.0
4,r5-f1-02c8aa9dc3523351c4d5f9c7,178,1,0.05,6.84238038957119e-05,0.0003336804511491209,0.0003567688298912496,1.0,76.1269515078674,0.6395445466041565,0.048828125,0.875,0.5,0.0
4,r5-f1-02c8aa9dc3523351c4d5f9c7,179,2,0.05,0.0005983710289001465,0.000328930007526651,0.002897761616585456,1.0,76.12694249158602,0.6395445466041565,0.046875,0.875,0.5,0.0
4,r5-f1-02c8aa9dc3523351c4d5f9c7,180,3,0.05,0.00014732778072357178,0.00032849787385202944,0.0013099157777929828,1.0,76.1269340063404,0.6395445466041565,0.046875,0.875,0.5,0.0
4,r5-f1-02c8aa9dc3523351c4d5f9c7,181,0,0.05,0.00039724563248455524,0.0003214379248674959,0.001601640576577953,1.0,76.12692567149055,0.6395445466041565,0.044921875,0.875,0.5,0.0
4,r5-f1-02c8aa9dc3523351c4d5f9c7,182,1,0.05,7.378775626420975e-05,0.00032132616615854204,0.0004483192325185049,1.0,76.1269183427955,0.6395445466041565,0.046875,0.875,0.5,0.0
4,r5-f1-02c8aa9dc3523351c4d5f9c7,183,2,0.05,0.0005968213081359863,0.0003213856543879956,0.0028793507566584335,1.0,76.12691110913664,0.6395445466041565,0.046875,0.875,0.5,0.0
4,r5-f1-02c8aa9dc3523351c4d5f9c7,184,3,0.05,0.00014328211545944214,0.00032090183231048286,0.001138379387095136,1.0,76.12690306338143,0.6395445466041565,0.046875,0.875,0.5,0.0
4,r5-f1-02c8aa9dc3523351c4d5f9c7,185,0,0.05,0.00046945526264607906,0.00031834009860176593,0.0020329090541105757,1.0,76.12689349116499,0.6395445466041565,0.046875,0.875,0.5,0.0
4,r5-f1-02c8aa9dc3523351c4d5f9c7,186,1,0.05,7.235747762024403e-05,0.0003181389474775642,0.00044582602546506606,1.0,76.12688533763924,0.6395444869995117,0.046875,0.875,0.5,0.0
4,r5-f1-02c8aa9dc3523351c4d5f9c7,187,2,0.05,0.0005922950804233551,0.00031612845486961305,0.0028009992133292117,1.0,76.1268773152466,0.6395444869995117,0.046875,0.875,0.5,0.0
4,r5-f1-02c8aa9dc3523351c4d5f9c7,188,3,0.05,0.00015340745449066162,0.0003166348615195602,0.0014476061855372864,1.0,76.12686794504936,0.6395444869995117,0.046875,0.875,0.5,0.0
4,r5-f1-02c8aa9dc3523351c4d5f9c7,189,0,0.05,0.0004897108301520348,0.00032026905682869256,0.002036920849733028,1.0,76.12685747004227,0.6395444869995117,0.046875,0.875,0.5,0.0
4,r5-f1-02c8aa9dc3523351c4d5f9c7,190,1,0.05,7.235747762024403e-05,0.0003202467050869018,0.00039295641981110956,1.0,76.12684851395996,0.6395444869995117,0.044921875,0.875,0.5,0.0
4,r5-f1-02c8aa9dc3523351c4d5f9c7,191,2,0.05,0.0005446383729577065,0.0003136866434942931,0.0028723448597678556,1.0,76.12684051348403,0.6395444869995117,0.048828125,0.87890625,0.5,0.0
4,r5-f1-02c8aa9dc3523351c4d5f9c7,192,3,0.05,0.00014328211545944214,0.0003145285591017455,0.0012135255581188196,1.0,76.12683259561507,0.6395444869995117,0.048828125,0.875,0.5,0.0
4,r5-f1-02c8aa9dc3523351c4d5f9c7,193,0,0.05,0.0004893536679446697,0.0003157573228236288,0.002968355705624802,1.0,76.126825099102,0.6395444869995117,0.048828125,0.875,0.5,0.0
4,r5-f1-02c8aa9dc3523351c4d5f9c7,194,1,0.05,6.460933946073055e-05,0.00031551891879644245,0.00042014701788880806,1.0,76.12681872404184,0.6395444869995117,0.048828125,0.875,0.5,0.0
4,r5-f1-02c8aa9dc3523351c4d5f9c7,195,2,0.05,0.0005001965910196304,0.0003093830164289102,0.002131657769704471,1.0,76.12681277544311,0.6395444869995117,0.048828125,0.875,0.5,0.0
4,r5-f1-02c8aa9dc3523351c4d5f9c7,196,3,0.05,0.0001486465334892273,0.00030946543847676367,0.001238205756599043,1.0,76.12680592191029,0.6395444869995117,0.048828125,0.875,0.5,0.0
4,r5-f1-02c8aa9dc3523351c4d5f9c7,197,0,0.05,0.0004325169138610363,0.00031166989356279373,0.002184026614276208,1.0,76.1267981279788,0.6395444869995117,0.048828125,0.875,0.5,0.0
4,r5-f1-02c8aa9dc3523351c4d5f9c7,198,1,0.05,6.639747880399227e-05,0.00031120800122153014,0.0003756676993485633,1.0,76.12679157140053,0.6395444869995117,0.048828125,0.875,0.5,0.0
4,r5-f1-02c8aa9dc3523351c4d5f9c7,199,2,0.05,0.0005247406661510468,0.0003067029610974714,0.0025072595577292677,1.0,76.12678431396616,0.6395444869995117,0.048828125,0.875,0.5,0.0
4,r5-f1-02c8aa9dc3523351c4d5f9c7,200,3,0.05,0.00014553964138031006,0.00030684405646752566,0.0011778021517663709,1.0,76.12677688426366,0.6395444869995117,0.048828125,0.875,0.5,0.0
4,r5-f1-02c8aa9dc3523351c4d5f9c7,201,0,0.05,0.0004136898787692189,0.0003033587199752219,0.0018613259102424025,1.0,76.1267722468788,0.6395444869995117,0.048828125,0.875,0.5,0.0
4,r5-f1-02c8aa9dc3523351c4d5f9c7,202,1,0.05,7.1284594014287e-05,0.0003032916647498496,0.0004780561328752615,1.0,76.12676838159419,0.6395444869995117,0.048828125,0.875,0.5,0.0
4,r5-f1-02c8aa9dc3523351c4d5f9c7,203,2,0.05,0.0005544088780879974,0.00030092377710388973,0.0025053758043843124,1.0,76.12676614615397,0.6395444869995117,0.048828125,0.875,0.5,0.0
4,r5-f1-02c8aa9dc3523351c4d5f9c7,204,3,0.05,0.00012265890836715698,0.0002990019929711707,0.0008778226522464755,1.0,76.12676355820257,0.6395444869995117,0.048828125,0.875,0.5,0.0
4,r5-f1-02c8aa9dc3523351c4d5f9c7,205,0,0.05,0.0004141665995121002,0.0002942804785561748,0.0017457077422761565,1.0,76.12676047999172,0.6395444869995117,0.048828125,0.875,0.5,0.0
4,r5-f1-02c8aa9dc3523351c4d5f9c7,206,1,0.05,6.437092088162899e-05,0.00029378131876001135,0.00034458890828045535,1.0,76.12675807075729,0.6395444869995117,0.048828125,0.875,0.5,0.0
4,r5-f1-02c8aa9dc3523351c4d5f9c7,207,2,0.05,0.0005490463227033615,0.0002940568156191148,0.0025645128686623067,1.0,76.12675803232337,0.6395445466041565,0.05078125,0.875,0.5,0.0
4,r5-f1-02c8aa9dc3523351c4d5f9c7,208,3,0.05,0.00012492388486862183,0.0002929094262071885,0.0009015055319259059,1.0,76.12675678645967,0.6395445466041565,0.046875,0.875,0.5,0.0
4,r5-f1-02c8aa9dc3523351c4d5f9c7,209,0,0.05,0.00038092024624347687,0.00028613233735086396,0.0016431257124617897,1.0,76.12675627903928,0.6395445466041565,0.046875,0.875,0.5,0.0
4,r5-f1-02c8aa9dc3523351c4d5f9c7,210,1,0.05,6.508617661893368e-05,0.00028616213967325166,0.0005132645756469016,1.0,76.12675634944937,0.6395445466041565,0.046875,0.875,0.5,0.0
4,r5-f1-02c8aa9dc3523351c4d5f9c7,211,2,0.05,0.0005001965910196304,0.00028616213967325166,0.0022560146962093373,1.0,76.12675633069661,0.6395445466041565,0.046875,0.875,0.5,0.0
4,r5-f1-02c8aa9dc3523351c4d5f9c7,212,3,0.05,0.00012384355068206787,0.0002846119532478042,0.001062888682030734,1.0,76.12675536896157,0.6395445466041565,0.046875,0.875,0.5,0.0
4,r5-f1-02c8aa9dc3523351c4d5f9c7,213,0,0.05,0.0004147621802985668,0.00028350228240014985,0.0028144271106437576,1.0,76.12675196587922,0.6395445466041565,0.046875,0.875,0.5,0.0
4,r5-f1-02c8aa9dc3523351c4d5f9c7,214,1,0.05,6.186775863170624e-05,0.000283219174889382,0.00032826811626176014,1.0,76.12674917138699,0.6395445466041565,0.046875,0.875,0.5,0.0
4,r5-f1-02c8aa9dc3523351c4d5f9c7,215,2,0.05,0.0005019828677177429,0.0002817968124873005,0.0025431731898931595,1.0,76.1267445304523,0.6395445466041565,0.046875,0.875,0.5,0.0
4,r5-f1-02c8aa9dc3523351c4d5f9c7,216,3,0.05,0.00013159215450286865,0.0002809250945574604,0.0011291750106538208,1.0,76.12673833178842,0.6395445466041565,0.046875,0.875,0.5,0.0
4,r5-f1-02c8aa9dc3523351c4d5f9c7,217,0,0.05,0.00038068206049501896,0.0002788621059153229,0.0018997007621200906,1.0,76.1267310111673,0.6395445466041565,0.046875,0.875,0.5,0.0
4,r5-f1-02c8aa9dc3523351c4d5f9c7,218,1,0.05,6.854301318526268e-05,0.0002786907571135089,0.00046614008524496883,1.0,76.126724853095,0.6395445466041565,0.048828125,0.875,0.5,0.0
4,r5-f1-02c8aa9dc3523351c4d5f9c7,219,2,0.05,0.0004978133365511894,0.0002751535357674584,0.0032684881557160017,1.0,76.12672002348734,0.6395445466041565,0.046875,0.875,0.5,0.0
4,r5-f1-02c8aa9dc3523351c4d5f9c7,220,3,0.05,0.00013934075832366943,0.0002761961513897404,0.0011349204802263925,1.0,76.12671469462231,0.6395445466041565,0.046875,0.875,0.5,0.0
4,r5-f1-02c8aa9dc3523351c4d5f9c7,221,0,0.05,0.00039712642319500446,0.0002751311403699219,0.004245627787466611,1.0,76.12671149654678,0.6395445466041565,0.046875,0.875,0.5,0.0
4,r5-f1-02c8aa9dc3523351c4d5f9c7,222,1,0.05,6.639747880399227e-05,0.00027525780024006963,0.000507176164439689,1.0,76.12670926050068,0.6395445466041565,0.046875,0.875,0.5,0.0
4,r5-f1-02c8aa9dc3523351c4d5f9c7,223,2,0.05,0.0005037710070610046,0.0002724280930124223,0.0025210452840177516,1.0,76.12670950240062,0.6395445466041565,0.046875,0.875,0.5,0.0
4,r5-f1-02c8aa9dc3523351c4d5f9c7,224,3,0.05,0.00013314932584762573,0.00027294218307361007,0.0011387309124992946,1.0,76.12670818214056,0.6395445466041565,0.046875,0.875,0.5,0.0
4,r5-f1-02c8aa9dc3523351c4d5f9c7,225,0,0.05,0.0003501755418255925,0.0002710206390474923,0.0014280367067630302,1.0,76.12670685302336,0.6395445466041565,0.046875,0.875,0.5,0.0
4,r5-f1-02c8aa9dc3523351c4d5f9c7,226,1,0.05,6.246368866413832e-05,0.0002708567335503176,0.000372887590770474,1.0,76.1267061176971,0.6395445466041565,0.046875,0.875,0.5,0.0
4,r5-f1-02c8aa9dc3523351c4d5f9c7,227,2,0.05,0.00048005953431129456,0.0002695981675060466,0.0021688562739423977,1.0,76.1267035417816,0.6395445466041565,0.046875,0.875,0.5,0.0
4,r5-f1-02c8aa9dc3523351c4d5f9c7,228,3,0.05,0.00011800974607467651,0.00026923355471808463,0.000881546990821637,1.0,76.1266999278064,0.6395445466041565,0.046875,0.875,0.5,0.0
4,r5-f1-02c8aa9dc3523351c4d5f9c7,229,0,0.05,0.00041452422738075256,0.00026921868266072124,0.0019328322290856736,1.0,76.12669429369005,0.6395445466041565,0.046875,0.875,0.5,0.0
4,r5-f1-02c8aa9dc3523351c4d5f9c7,230,1,0.05,6.031803786754608e-05,0.00026912182511296123,0.00041007655132331805,1.0,76.12668983215602,0.6395445466041565,0.046875,0.875,0.5,0.0
4,r5-f1-02c8aa9dc3523351c4d5f9c7,231,2,0.05,0.0005012694746255875,0.0002690772380447015,0.0022378771560185697,1.0,76.12668567772013,0.6395445466041565,0.046875,0.875,0.5,0.0
4,r5-f1-02c8aa9dc3523351c4d5f9c7,232,3,0.05,0.00011920928955078125,0.00026830330898519605,0.0009287992722486134,1.0,76.12668029110108,0.6395445466041565,0.048828125,0.875,0.5,0.0
4,r5-f1-02c8aa9dc3523351c4d5f9c7,233,0,0.05,0.00038103945553302765,0.0002683256461750716,0.001732682227678733,1.0,76.12667439307954,0.6395445466041565,0.046875,0.875,0.5,0.0
4,r5-f1-02c8aa9dc3523351c4d5f9c7,234,1,0.05,6.377487443387508e-05,0.00026802763750310987,0.0005249119708402396,1.0,76.12666976750859,0.6395445466041565,0.046875,0.875,0.5,0.0
4,r5-f1-02c8aa9dc3523351c4d5f9c7,235,2,0.05,0.00045956578105688095,0.0002656371652847156,0.0020607804728046066,1.0,76.12666567480782,0.6395445466041565,0.046875,0.875,0.5,0.0
4,r5-f1-02c8aa9dc3523351c4d5f9c7,236,3,0.05,0.00011347979307174683,0.00026402085495647043,0.0007960393645975164,1.0,76.12666110894013,0.6395445466041565,0.048828125,0.875,0.5,0.0
4,r5-f1-02c8aa9dc3523351c4d5f9c7,237,0,0.05,0.00036554806865751743,0.0002620472077978775,0.002054276534062452,1.0,76.12665568994302,0.6395445466041565,0.046875,0.875,0.5,0.0
4,r5-f1-02c8aa9dc3523351c4d5f9c7,238,1,0.05,6.031803786754608e-05,0.0002616672427393496,0.0004550535695604903,1.0,76.12665125511056,0.6395445466041565,0.046875,0.875,0.5,0.0
4,r5-f1-02c8aa9dc3523351c4d5f9c7,239,2,0.05,0.00047874823212623596,0.00026010331930592656,0.0022025277090748792,1.0,76.12664782526637,0.6395445466041565,0.046875,0.875,0.5,0.0
4,r5-f1-02c8aa9dc3523351c4d5f9c7,240,3,0.05,0.00010501593351364136,0.00025834498228505254,0.0008203480169511724,1.0,76.12664329778414,0.6395445466041565,0.046875,0.875,0.5,0.0
4,r5-f1-02c8aa9dc3523351c4d5f9c7,241,0,0.05,0.0003359945258125663,0.0002574586687842384,0.0017861972918143843,1.0,76.12663788645123,0.6395445466041565,0.046875,0.875,0.5,0.0
4,r5-f1-02c8aa9dc3523351c4d5f9c7,242,1,0.05,5.781487561762333e-05,0.0002571681179688312,0.00038040322434482665,1.0,76.1266334706846,0.6395445466041565,0.048828125,0.875,0.5,0.0
4,r5-f1-02c8aa9dc3523351c4d5f9c7,243,2,0.05,0.0004818476736545563,0.00025727987667778507,0.002039458800213258,1.0,76.1266285226559,0.6395445466041565,0.048828125,0.875,0.5,0.0
4,r5-f1-02c8aa9dc3523351c4d5f9c7,244,3,0.05,0.00011777132749557495,0.0002572649755165912,0.0008303668436862223,1.0,76.12662315836938,0.6395445466041565,0.048828125,0.875,0.5,0.0
4,r5-f1-02c8aa9dc3523351c4d5f9c7,245,0,0.05,0.00032276660203933716,0.00025153012393275276,0.0014310675304465502,1.0,76.12661984271293,0.6395445466041565,0.048828125,0.875,0.5,0.0
4,r5-f1-02c8aa9dc3523351c4d5f9c7,246,1,0.05,6.01988285779953e-05,0.00025152267335215583,0.00030158978992421567,1.0,76.12661724092965,0.6395445466041565,0.048828125,0.875,0.5,0.0
4,r5-f1-02c8aa9dc3523351c4d5f9c7,247,2,0.05,0.00046254508197307587,0.00024910239881137386,0.0021455959187075767,1.0,76.12661501992883,0.6395445466041565,0.046875,0.875,0.5,0.0
4,r5-f1-02c8aa9dc3523351c4d5f9c7,248,3,0.05,0.00012182444334030151,0.0002492658459232189,0.0009544736801977121,1.0,76.12661176128488,0.6395445466041565,0.048828125,0.875,0.5,0.0
4,r5-f1-02c8aa9dc3523351c4d5f9c7,249,0,0.05,0.00030906195752322674,0.0002447672522976063,0.0014514069629321465,1.0,76.12660812697692,0.6395445466041565,0.048828125,0.875,0.5,0.0
4,r5-f1-02c8aa9dc3523351c4d5f9c7,250,1,0.05,6.222538650035858e-05,0.00024467040930176154,0.0003217033928076936,1.0,76.12660527058938,0.6395445466041565,0.048828125,0.875,0.5,0.0
4,r5-f1-02c8aa9dc3523351c4d5f9c7,251,2,0.05,0.0004599224776029587,0.0002446927028358914,0.0023204105755293006,1.0,76.12660342384385,0.6395445466041565,0.048828125,0.875,0.5,0.0
4,r5-f1-02c8aa9dc3523351c4d5f9c7,252,3,0.05,0.00010227784514427185,0.0002439925810904242,0.0007387058169566707,1.0,76.12660100370988,0.6395445466041565,0.048828125,0.875,0.5,0.0
4,r5-f1-02c8aa9dc3523351c4d5f9c7,253,0,0.05,0.00030930014327168465,0.00024047708575380966,0.0014417771901100798,1.0,76.12659853985252,0.6395445466041565,0.044921875,0.875,0.5,0.0
4,r5-f1-02c8aa9dc3523351c4d5f9c7,254,1,0.05,6.031803786754608e-05,0.00024047708575380966,0.0003786866116628497,1.0,76.12659676107944,0.6395446062088013,0.044921875,0.875,0.5,0.0
4,r5-f1-02c8aa9dc3523351c4d5f9c7,255,2,0.05,0.00044216960668563843,0.00023819092166377231,0.002016193590160662,1.0,76.12659768462744,0.6395446062088013,0.044921875,0.875,0.5,0.0
4,r5-f1-02c8aa9dc3523351c4d5f9c7,256,3,0.05,0.00010811537504196167,0.00023838463675929233,0.0007525772044264332,1.0,76.12659738954233,0.6395446062088013,0.046875,0.875,0.5,0.0
5,r5-f1-11dddf29efebc033a995ab92,1,2,0.05,17.21875,17.21875,16.44707490179668,1.0,12.79969221439389,0.5695580244064331,0.451171875,0.5546875,0.498046875,0.0
5,r5-f1-11dddf29efebc033a995ab92,2,3,0.05,17.302082061767578,17.26041603088379,14.987107584168724,1.0,18.75416602533604,0.571917712688446,0.421875,0.5703125,0.498046875,0.0
5,r5-f1-11dddf29efebc033a995ab92,3,0,0.05,13.58333969116211,16.03472391764323,19.430128793656866,1.0,23.63289736080488,0.5745783448219299,0.392578125,0.58203125,0.498046875,0.0
5,r5-f1-11dddf29efebc033a995ab92,4,1,0.05,15.635490417480469,15.934915542602539,16.864683151359003,1.0,27.897807083845876,0.5773559212684631,0.376953125,0.6015625,0.498046875,0.0
5,r5-f1-11dddf29efebc033a995ab92,5,2,0.05,3.7940480709075928,13.50674204826355,72.20291005869568,1.0,30.982983582534732,0.5797796845436096,0.35546875,0.62109375,0.498046875,0.0
5,r5-f1-11dddf29efebc033a995ab92,6,3,0.05,4.62072229385376,12.025738755861918,26.627845913617236,1.0,33.983998502931954,0.5823348164558411,0.349609375,0.63671875,0.498046875,0.0
5,r5-f1-11dddf29efebc033a995ab92,7,0,0.05,3.1192727088928223,10.753386463437762,37.01299211341261,1.0,36.89419827822735,0.5850679278373718,0.33203125,0.6484375,0.498046875,0.0
5,r5-f1-11dddf29efebc033a995ab92,8,1,0.05,2.3823416233062744,9.707005858421326,30.15895555363914,1.0,39.64054996546688,0.5877771377563477,0.3125,0.66015625,0.498046875,0.0
5,r5-f1-11dddf29efebc033a995ab92,9,2,0.05,1.251526951789856,8.76750820212894,20.437075735646914,1.0,42.32874451128067,0.5905964970588684,0.30859375,0.671875,0.498046875,0.0
5,r5-f1-11dddf29efebc033a995ab92,10,3,0.05,4.430659294128418,8.333823311328889,36.383572945756356,1.0,44.74079925656698,0.593268632888794,0.287109375,0.6953125,0.498046875,0.0
5,r5-f1-11dddf29efebc033a995ab92,11,0,0.05,4.0007100105285645,7.9399039203470405,17.480986652994257,1.0,47.07602630135569,0.5959795117378235,0.26953125,0.71484375,0.498046875,0.0
5,r5-f1-11dddf29efebc033a995ab92,12,1,0.05,2.8311381340026855,7.514173438151677,24.712482365837893,1.0,49.29182199770017,0.5986441969871521,0.263671875,0.734375,0.498046875,0.0
5,r5-f1-11dddf29efebc033a995ab92,13,2,0.05,0.2520451545715332,6.955548185568589,2.864193331384908,1.0,51.470472491046536,0.6013789176940918,0.2578125,0.7421875,0.498046875,0.0
5,r5-f1-11dddf29efebc033a995ab92,14,3,0.05,1.1034178733825684,6.537538877555302,12.099840811036305,1.0,53.54511534128145,0.6041010022163391,0.255859375,0.75,0.498046875,0.0
5,r5-f1-11dddf29efebc033a995ab92,15,0,0.05,0.8147869110107422,6.156022079785665,5.53076156689252,1.0,55.52311907634421,0.6067941188812256,0.2421875,0.7578125,0.498046875,0.0
5,r5-f1-11dddf29efebc033a995ab92,16,1,0.05,0.10431718826293945,5.7777905240654945,1.3597898504330577,1.0,57.39770202194004,0.6094280481338501,0.232421875,0.76953125,0.498046875,0.0
5,r5-f1-11dddf29efebc033a995ab92,17,2,0.05,0.0355222225189209,4.703838787972927,0.25878756902049155,1.0,59.16034680386084,0.6119748950004578,0.22265625,0.77734375,0.498046875,0.0
5,r5-f1-11dddf29efebc033a995ab92,18,3,0.05,0.1548938751220703,3.632139526307583,1.1274224877131136,1.0,60.80836684935783,0.6144181489944458,0.212890625,0.796875,0.498046875,0.0
5,r5-f1-11dddf29efebc033a995ab92,19,0,0.05,0.20206022262573242,2.7958095595240593,1.5830960405798722,1.0,62.341198818852455,0.6167441606521606,0.20703125,0.828125,0.498046875,0.0
5,r5-f1-11dddf29efebc033a995ab92,20,1,0.05,0.06867074966430664,1.8228833302855492,1.1514130697730178,1.0,63.763814845815915,0.6189460754394531,0.203125,0.84375,0.498046875,0.0
5,r5-f1-11dddf29efebc033a995ab92,21,2,0.05,0.01961231231689453,1.5869810953736305,0.20893862530156007,1.0,65.07983871467866,0.6210205554962158,0.197265625,0.8671875,0.498046875,0.0
5,r5-f1-11dddf29efebc033a995ab92,22,3,0.05,0.028167724609375,1.2999464347958565,0.20750610425068333,1.0,66.29446751449062,0.6229668259620667,0.19140625,0.890625,0.498046875,0.0
5,r5-f1-11dddf29efebc033a995ab92,23,0,0.05,0.08972692489624023,1.11059982329607,0.6365162954176636,1.0,67.41258639157704,0.6247854828834534,0.185546875,0.90234375,0.498046875,0.0
5,r5-f1-11dddf29efebc033a995ab92,24,1,0.05,0.030167341232299805,0.9635889306664467,0.5462539215008307,1.0,68.44185829563257,0.6264819502830505,0.171875,0.92578125,0.49609375,0.0
5,r5-f1-11dddf29efebc033a995ab92,25,2,0.05,0.005392670631408691,0.8857055380940437,0.03605534823565087,1.0,69.38788545929224,0.628059983253479,0.154296875,0.94140625,0.49609375,0.0
5,r5-f1-11dddf29efebc033a995ab92,26,3,0.05,0.018395662307739258,0.6099390611052513,0.14297423480070454,1.0,70.25619844606955,0.6295240521430969,0.1328125,0.953125,0.49609375,0.0
5,r5-f1-11dddf29efebc033a995ab92,27,0,0.05,0.048798561096191406,0.362944595515728,0.351701457191991,1.0,71.05219954833338,0.6308791637420654,0.1171875,0.96484375,0.49609375,0.0
5,r5-f1-11dddf29efebc033a995ab92,28,1,0.05,0.012119054794311523,0.18675590306520462,0.16002958015330132,1.0,71.78161001002466,0.6321319341659546,0.107421875,0.96875,0.49609375,0.0
5,r5-f1-11dddf29efebc033a995ab92,29,2,0.05,0.0038586854934692383,0.17124424874782562,0.022983113925860298,1.0,72.44971759057636,0.6332885026931763,0.09765625,0.9765625,0.49609375,0.0
5,r5-f1-11dddf29efebc033a995ab92,30,3,0.05,0.008674860000610352,0.10282281041145325,0.06524159649640776,1.0,73.06119974660048,0.6343546509742737,0.09375,0.984375,0.49609375,0.0
5,r5-f1-11dddf29efebc033a995ab92,31,0,0.05,0.024274349212646484,0.053415775299072266,0.17437417810055955,1.0,73.62044236946942,0.6353359818458557,0.087890625,0.98828125,0.49609375,0.0
5,r5-f1-11dddf29efebc033a995ab92,32,1,0.05,0.010643720626831055,0.04756118357181549,0.16605366033442479,1.0,74.13164985201375,0.6362382769584656,0.080078125,0.99609375,0.49609375,0.0
5,r5-f1-11dddf29efebc033a995ab92,33,2,0.05,0.0036579370498657227,0.04556966572999954,0.028174744896599106,1.0,74.59886623078718,0.6370672583580017,0.078125,1.0,0.49609375,3.178914388020833e-07
5,r5-f1-11dddf29efebc033a995ab92,34,3,0.05,0.0064656734466552734,0.0362929031252861,0.05386828470279979,1.0,75.02564255196279,0.6378282308578491,0.076171875,1.0,0.49609375,9.5367431640625e-07
5,r5-f1-11dddf29efebc033a995ab92,35,0,0.05,0.01673603057861328,0.024710141122341156,0.14596450251982476,1.0,75.41517360513932,0.6385257840156555,0.0703125,1.0,0.49609375,2.225240071614583e-06
5,r5-f1-11dddf29efebc033a995ab92,36,1,0.05,0.0039550065994262695,0.020665407180786133,0.031484752077541034,1.0,75.770721426025,0.6391650438308716,0.0703125,1.0,0.49609375,2.5431315104166665e-06
5,r5-f1-11dddf29efebc033a995ab92,37,2,0.05,0.0026459693908691406,0.019605010747909546,0.018495416980386255,1.0,76.09515373017575,0.6397504210472107,0.068359375,1.0,0.49609375,2.5431315104166665e-06
5,r5-f1-11dddf29efebc033a995ab92,38,3,0.05,0.004273891448974609,0.01811164617538452,0.03737582569666456,1.0,76.39107737036633,0.6402861475944519,0.0703125,1.0,0.49609375,2.86102294921875e-06
5,r5-f1-11dddf29efebc033a995ab92,39,0,0.05,0.012018203735351562,0.01325485110282898,0.10004914857448098,1.0,76.66080760150409,0.6407759189605713,0.06640625,1.0,0.49609375,2.86102294921875e-06
5,r5-f1-11dddf29efebc033a995ab92,40,1,0.05,0.0023816823959350586,0.011518247425556183,0.018585498832336567,1.0,76.90666717471966,0.6412236094474792,0.064453125,1.0,0.49609375,2.86102294921875e-06
5,r5-f1-11dddf29efebc033a995ab92,41,2,0.05,0.0019783377647399902,0.011304851621389389,0.012939753089654662,1.0,77.13071666257633,0.6416324973106384,0.0625,1.0,0.49609375,2.86102294921875e-06
5,r5-f1-11dddf29efebc033a995ab92,42,3,0.05,0.003673553466796875,0.01038471981883049,0.03992099725259685,1.0,77.33481737837171,0.6420058012008667,0.0625,1.0,0.49609375,2.86102294921875e-06
5,r5-f1-11dddf29efebc033a995ab92,43,0,0.05,0.006721973419189453,0.007754933089017868,0.0458077420480606,1.0,77.52065512655788,0.6423464417457581,0.060546875,1.0,0.49609375,2.86102294921875e-06
5,r5-f1-11dddf29efebc033a995ab92,44,1,0.05,0.0022638440132141113,0.00713898241519928,0.015711396255719684,1.0,77.68985316181828,0.6426571607589722,0.056640625,1.0,0.49609375,3.178914388020833e-06
5,r5-f1-11dddf29efebc033a995ab92,45,2,0.05,0.0017977356910705566,0.007010173052549362,0.013504258585274877,1.0,77.84386913733088,0.6429404616355896,0.056640625,1.0,0.49609375,2.86102294921875e-06
5,r5-f1-11dddf29efebc033a995ab92,46,3,0.05,0.002032756805419922,0.00659504160284996,0.014374239013757563,1.0,77.98402422782112,0.6431987285614014,0.05859375,1.0,0.49609375,3.178914388020833e-06
5,r5-f1-11dddf29efebc033a995ab92,47,0,0.05,0.005239009857177734,0.0054053328931331635,0.03283294927236688,1.0,78.1114890236544,0.6434339284896851,0.056640625,1.0,0.49609375,3.178914388020833e-06
5,r5-f1-11dddf29efebc033a995ab92,48,1,0.05,0.001795947551727295,0.0048523470759391785,0.011770822112811285,1.0,78.2274251115034,0.6436482071876526,0.056640625,1.0,0.49609375,3.178914388020833e-06
5,r5-f1-11dddf29efebc033a995ab92,49,2,0.05,0.001539468765258789,0.004719942808151245,0.01194706889439793,1.0,78.33287182624727,0.6438432335853577,0.05859375,1.0,0.49609375,3.178914388020833e-06
5,r5-f1-11dddf29efebc033a995ab92,50,3,0.05,0.0017154216766357422,0.004423052072525024,0.008791829591055237,1.0,78.42875678420774,0.6440207958221436,0.056640625,1.0,0.49609375,3.178914388020833e-06
5,r5-f1-11dddf29efebc033a995ab92,51,0,0.05,0.004254579544067383,0.0036429613828659058,0.02282951335933389,1.0,78.515885340137,0.6441822648048401,0.05859375,1.0,0.49609375,3.178914388020833e-06
5,r5-f1-11dddf29efebc033a995ab92,52,1,0.05,0.001523047685623169,0.003490963950753212,0.00875567288536757,1.0,78.59506608101901,0.6443291902542114,0.056640625,1.0,0.49609375,3.178914388020833e-06
5,r5-f1-11dddf29efebc033a995ab92,53,2,0.05,0.0013878345489501953,0.003412330523133278,0.008408297694710283,1.0,78.6670291031423,0.6444627642631531,0.05859375,1.0,0.49609375,3.178914388020833e-06
5,r5-f1-11dddf29efebc033a995ab92,54,3,0.05,0.0016499757766723633,0.0032483357936143875,0.007628071423402825,1.0,78.73241352281563,0.6445842981338501,0.056640625,1.0,0.49609375,3.178914388020833e-06
5,r5-f1-11dddf29efebc033a995ab92,55,0,0.05,0.003755331039428711,0.0027319062501192093,0.019650267528504916,1.0,78.79179083932765,0.6446946263313293,0.052734375,1.0,0.49609375,3.4968058268229165e-06
5,r5-f1-11dddf29efebc033a995ab92,56,1,0.05,0.0013574957847595215,0.0026678945869207382,0.0112551019990792,1.0,78.8457021338712,0.6447949409484863,0.056640625,1.0,0.49609375,3.178914388020833e-06
5,r5-f1-11dddf29efebc033a995ab92,57,2,0.05,0.001247704029083252,0.002622229978442192,0.006965186251131318,1.0,78.89466618883384,0.6448860764503479,0.052734375,1.0,0.49609375,3.4968058268229165e-06
5,r5-f1-11dddf29efebc033a995ab92,58,3,0.05,0.0015197992324829102,0.0024876203387975693,0.006526257005976542,1.0,78.93912564327876,0.6449688673019409,0.0546875,1.0,0.49609375,3.178914388020833e-06
5,r5-f1-11dddf29efebc033a995ab92,59,0,0.05,0.0026922225952148438,0.002235760912299156,0.01395702547332815,1.0,78.97947140282874,0.6450440883636475,0.0546875,1.0,0.49609375,3.4968058268229165e-06
5,r5-f1-11dddf29efebc033a995ab92,60,1,0.05,0.0011861324310302734,0.0021684039384126663,0.006990693301539184,1.0,79.01607684298504,0.6451122760772705,0.05078125,1.0,0.49609375,3.4968058268229165e-06
5,r5-f1-11dddf29efebc033a995ab92,61,2,0.05,0.0011235177516937256,0.0021262653172016144,0.005738840510162157,1.0,79.0493032785817,0.6451742649078369,0.056640625,1.0,0.49609375,3.4968058268229165e-06
5,r5-f1-11dddf29efebc033a995ab92,62,3,0.05,0.0011935234069824219,0.0020738132297992706,0.0055168783154713845,1.0,79.07945308680132,0.6452304720878601,0.0546875,1.0,0.49609375,3.4968058268229165e-06
5,r5-f1-11dddf29efebc033a995ab92,63,0,0.05,0.0023767948150634766,0.0018949247896671295,0.011864252985289783,1.0,79.10678687147185,0.6452814936637878,0.0546875,1.0,0.49609375,3.178914388020833e-06
5,r5-f1-11dddf29efebc033a995ab92,64,1,0.05,0.0012157857418060303,0.0018586646765470505,0.007434086255346261,1.0,79.13156504596876,0.6453276872634888,0.0546875,1.0,0.49609375,3.4968058268229165e-06
5,r5-f1-11dddf29efebc033a995ab92,65,2,0.05,0.0009011775255203247,0.0018187714740633965,0.005234934057821667,1.0,79.15404617799145,0.6453696489334106,0.0546875,1.0,0.49609375,3.4968058268229165e-06
5,r5-f1-11dddf29efebc033a995ab92,66,3,0.05,0.0010159015655517578,0.0017750514671206474,0.004647530364733348,1.0,79.174436817897,0.6454077363014221,0.0546875,1.0,0.49609375,3.4968058268229165e-06
5,r5-f1-11dddf29efebc033a995ab92,67,0,0.05,0.00193023681640625,0.0016297800466418266,0.009479162028088906,1.0,79.19291361770591,0.6454422473907471,0.052734375,1.0,0.49609375,3.178914388020833e-06
5,r5-f1-11dddf29efebc033a995ab92,68,1,0.05,0.0009734630584716797,0.0015954310074448586,0.0050732698199586375,1.0,79.20966246744163,0.6454734802246094,0.052734375,1.0,0.49609375,3.4968058268229165e-06
5,r5-f1-11dddf29efebc033a995ab92,69,2,0.05,0.0009165406227111816,0.0015659751370549202,0.006957080133074105,1.0,79.22485635580091,0.6455018520355225,0.052734375,1.0,0.49609375,3.4968058268229165e-06
5,r5-f1-11dddf29efebc033a995ab92,70,3,0.05,0.0009807348251342773,0.0015241475775837898,0.003905526418903769,1.0,79.2386317348335,0.6455276012420654,0.05078125,1.0,0.49609375,3.4968058268229165e-06
5,r5-f1-11dddf29efebc033a995ab92,71,0,0.05,0.0017766952514648438,0.0014004828408360481,0.007807926983950435,1.0,79.25111535189285,0.6455509066581726,0.05078125,1.0,0.49609375,3.178914388020833e-06
5,r5-f1-11dddf29efebc033a995ab92,72,1,0.05,0.0009241700172424316,0.00137339998036623,0.004967886464229722,1.0,79.26241747463159,0.6455720067024231,0.0546875,1.0,0.49609375,3.178914388020833e-06
5,r5-f1-11dddf29efebc033a995ab92,73,2,0.05,0.0009947866201400757,0.0013575926423072815,0.006597522099396886,1.0,79.2726684297556,0.645591139793396,0.0546875,1.0,0.49609375,3.4968058268229165e-06
5,r5-f1-11dddf29efebc033a995ab92,74,3,0.05,0.0009004473686218262,0.0013188831508159637,0.0030873907489599086,1.0,79.28195744907495,0.6456084847450256,0.052734375,1.0,0.49609375,3.178914388020833e-06
5,r5-f1-11dddf29efebc033a995ab92,75,0,0.05,0.0016341209411621094,0.0012527517974376678,0.007086185832249162,1.0,79.29036946472182,0.6456241607666016,0.052734375,1.0,0.49609375,3.4968058268229165e-06
5,r5-f1-11dddf29efebc033a995ab92,76,1,0.05,0.0008861720561981201,0.0012340042740106583,0.0052276531889934395,1.0,79.29797803209092,0.6456383466720581,0.052734375,1.0,0.49609375,3.4968058268229165e-06
5,r5-f1-11dddf29efebc033a995ab92,77,2,0.05,0.000752866268157959,0.0012108385562896729,0.003995709855838796,1.0,79.30487564849466,0.6456512212753296,0.052734375,1.0,0.49609375,3.4968058268229165e-06
5,r5-f1-11dddf29efebc033a995ab92,78,3,0.05,0.0008042454719543457,0.001186508685350418,0.004474286863838083,1.0,79.31112840819789,0.6456629037857056,0.052734375,1.0,0.49609375,3.4968058268229165e-06
5,r5-f1-11dddf29efebc033a995ab92,79,0,0.05,0.001634359359741211,0.0011401064693927765,0.006636797120116943,1.0,79.31677486837857,0.6456734538078308,0.052734375,1.0,0.49609375,3.4968058268229165e-06
5,r5-f1-11dddf29efebc033a995ab92,80,1,0.05,0.0008360296487808228,0.001116371713578701,0.004081409006314293,1.0,79.32188050368552,0.6456829905509949,0.05078125,1.0,0.49609375,3.4968058268229165e-06
5,r5-f1-11dddf29efebc033a995ab92,81,2,0.05,0.0007615834474563599,0.0011076470836997032,0.005214414374855886,1.0,79.32651255973094,0.6456916332244873,0.052734375,1.0,0.49609375,3.4968058268229165e-06
5,r5-f1-11dddf29efebc033a995ab92,82,3,0.05,0.0009008049964904785,0.0011004535481333733,0.00308930500001492,1.0,79.3307067276518,0.6456994414329529,0.052734375,1.0,0.49609375,3.4968058268229165e-06
5,r5-f1-11dddf29efebc033a995ab92,83,0,0.05,0.0014431476593017578,0.0010700104758143425,0.0061137114121567375,1.0,79.3344897379505,0.6457064747810364,0.052734375,1.0,0.49609375,3.4968058268229165e-06
5,r5-f1-11dddf29efebc033a995ab92,84,1,0.05,0.0008759200572967529,0.0010639140382409096,0.004705867837692904,1.0,79.33791268300442,0.6457128524780273,0.052734375,1.0,0.49609375,3.4968058268229165e-06
5,r5-f1-11dddf29efebc033a995ab92,85,2,0.05,0.0006997585296630859,0.0010503651574254036,0.0037333081254348095,1.0,79.34101201676805,0.6457186341285706,0.05078125,1.0,0.49609375,3.4968058268229165e-06
5,r5-f1-11dddf29efebc033a995ab92,86,3,0.05,0.0008168220520019531,0.0010401206091046333,0.0070351729669130185,1.0,79.34382310864937,0.6457238793373108,0.05078125,1.0,0.49609375,3.4968058268229165e-06
5,r5-f1-11dddf29efebc033a995ab92,87,0,0.05,0.0012738704681396484,0.0010086940601468086,0.005602854318971126,1.0,79.34635663413702,0.645728588104248,0.05078125,1.0,0.49609375,3.4968058268229165e-06
5,r5-f1-11dddf29efebc033a995ab92,88,1,0.05,0.0007819533348083496,0.0009998055174946785,0.004626131415259071,1.0,79.34863322646434,0.6457328200340271,0.05078125,1.0,0.49609375,3.4968058268229165e-06
5,r5-f1-11dddf29efebc033a995ab92,89,2,0.05,0.000699162483215332,0.000981329008936882,0.0036173941942156075,1.0,79.35068776706932,0.6457366347312927,0.05078125,1.0,0.49609375,3.4968058268229165e-06
5,r5-f1-11dddf29efebc033a995ab92,90,3,0.05,0.0006622076034545898,0.0009664390236139297,0.002181310777376388,1.0,79.35254381232365,0.6457400918006897,0.05078125,1.0,0.49609375,3.4968058268229165e-06
5,r5-f1-11dddf29efebc033a995ab92,91,0,0.05,0.0013842582702636719,0.0009508226066827774,0.0067653934567695325,1.0,79.35420329945482,0.645743191242218,0.048828125,1.0,0.49609375,3.4968058268229165e-06
5,r5-f1-11dddf29efebc033a995ab92,92,1,0.05,0.0007820725440979004,0.0009443163871765137,0.004772100377539394,1.0,79.35569076991156,0.6457459330558777,0.05078125,1.0,0.49609375,3.4968058268229165e-06
5,r5-f1-11dddf29efebc033a995ab92,93,2,0.05,0.000670209527015686,0.0009391503408551216,0.0031539722524006144,1.0,79.35703817478621,0.6457484364509583,0.052734375,1.0,0.49609375,3.4968058268229165e-06
5,r5-f1-11dddf29efebc033a995ab92,94,3,0.05,0.0007127523422241211,0.0009334320202469826,0.002329093333342981,1.0,79.35825463552241,0.6457507610321045,0.052734375,1.0,0.49609375,3.4968058268229165e-06
5,r5-f1-11dddf29efebc033a995ab92,95,0,0.05,0.0013837814331054688,0.0009177708998322487,0.005461347530717895,1.0,79.35933964219006,0.6457527875900269,0.052734375,1.0,0.49609375,3.4968058268229165e-06
5,r5-f1-11dddf29efebc033a995ab92,96,1,0.05,0.0007074922323226929,0.0009097373113036156,0.0030597146444342692,1.0,79.36031291886947,0.6457545757293701,0.048828125,1.0,0.49609375,3.178914388020833e-06
5,r5-f1-11dddf29efebc033a995ab92,97,2,0.05,0.0006436407566070557,0.0009023658931255341,0.0043880062455791645,1.0,79.36119902931827,0.6457562446594238,0.048828125,1.0,0.49609375,3.4968058268229165e-06
5,r5-f1-11dddf29efebc033a995ab92,98,3,0.05,0.0006849765777587891,0.0008888766169548035,0.002868924206995964,1.0,79.3620022110048,0.6457577347755432,0.05078125,1.0,0.49609375,3.4968058268229165e-06
5,r5-f1-11dddf29efebc033a995ab92,99,0,0.05,0.0013272762298583984,0.0008816346526145935,0.005297581667501107,1.0,79.36271563318722,0.6457590460777283,0.05078125,1.0,0.49609375,3.4968058268229165e-06
5,r5-f1-11dddf29efebc033a995ab92,100,1,0.05,0.0006902217864990234,0.0008700285106897354,0.0035211401301949684,1.0,79.36334896503824,0.6457602381706238,0.05078125,1.0,0.49609375,3.4968058268229165e-06
5,r5-f1-11dddf29efebc033a995ab92,101,2,0.05,0.0006096959114074707,0.0008643995970487595,0.003216378221232968,1.0,79.36392638752224,0.6457613110542297,0.05078125,1.0,0.49609375,3.4968058268229165e-06
5,r5-f1-11dddf29efebc033a995ab92,102,3,0.05,0.0006545782089233398,0.0008542593568563461,0.0025374343032240837,1.0,79.3644428678921,0.6457622647285461,0.05078125,1.0,0.49609375,3.4968058268229165e-06
5,r5-f1-11dddf29efebc033a995ab92,103,0,0.05,0.0010786056518554688,0.0008420553058385849,0.004440633293550248,1.0,79.36490610523613,0.645763099193573,0.048828125,1.0,0.49609375,3.4968058268229165e-06
5,r5-f1-11dddf29efebc033a995ab92,104,1,0.05,0.0006621181964874268,0.0008345656096935272,0.003420848929188739,1.0,79.36531307330611,0.6457639336585999,0.05078125,1.0,0.49609375,3.4968058268229165e-06
5,r5-f1-11dddf29efebc033a995ab92,105,2,0.05,0.0006000399589538574,0.0008283704519271851,0.0036581759746084452,1.0,79.36568780751482,0.6457645893096924,0.05078125,1.0,0.49609375,3.4968058268229165e-06
5,r5-f1-11dddf29efebc033a995ab92,106,3,0.05,0.0007003545761108398,0.0008307546377182007,0.002633856424296429,1.0,79.36602503477698,0.6457652449607849,0.052734375,1.0,0.49609375,3.4968058268229165e-06
5,r5-f1-11dddf29efebc033a995ab92,107,0,0.05,0.0012216567993164062,0.0008205920457839966,0.004930102001268023,1.0,79.3663248721137,0.6457657814025879,0.052734375,1.0,0.49609375,3.4968058268229165e-06
5,r5-f1-11dddf29efebc033a995ab92,108,1,0.05,0.0006244629621505737,0.0008107414469122887,0.0027539596074623906,1.0,79.36658719111307,0.6457662582397461,0.052734375,1.0,0.49609375,3.4968058268229165e-06
5,r5-f1-11dddf29efebc033a995ab92,109,2,0.05,0.0005602389574050903,0.0008038682863116264,0.0026487161291398674,1.0,79.36682872046929,0.6457667350769043,0.05078125,1.0,0.49609375,3.4968058268229165e-06
5,r5-f1-11dddf29efebc033a995ab92,110,3,0.05,0.0006488561630249023,0.0007998747751116753,0.002684113831184592,1.0,79.36704202818373,0.645767092704773,0.052734375,1.0,0.49609375,3.4968058268229165e-06
5,r5-f1-11dddf29efebc033a995ab92,111,0,0.05,0.0012216567993164062,0.0007897419854998589,0.004474210173343448,1.0,79.36722455733563,0.6457674503326416,0.05078125,1.0,0.49609375,3.4968058268229165e-06
5,r5-f1-11dddf29efebc033a995ab92,112,1,0.05,0.0006622374057769775,0.0007869135588407516,0.0029971162580706666,1.0,79.36738044118873,0.6457677483558655,0.05078125,1.0,0.49609375,3.4968058268229165e-06
5,r5-f1-11dddf29efebc033a995ab92,113,2,0.05,0.0005752593278884888,0.0007826397195458412,0.002446282268652942,1.0,79.36752495929662,0.6457679867744446,0.05078125,1.0,0.49609375,3.4968058268229165e-06
5,r5-f1-11dddf29efebc033a995ab92,114,3,0.05,0.0005843043327331543,0.000776347704231739,0.0019737216033055465,1.0,79.36765691120075,0.6457682251930237,0.048828125,1.0,0.49609375,3.4968058268229165e-06
5,r5-f1-11dddf29efebc033a995ab92,115,0,0.05,0.0012733936309814453,0.0007729800418019295,0.005665259611664332,1.0,79.36775776994212,0.6457684636116028,0.048828125,1.0,0.49609375,3.4968058268229165e-06
5,r5-f1-11dddf29efebc033a995ab92,116,1,0.05,0.0005901455879211426,0.0007667252793908119,0.0030194673166742798,1.0,79.3678384564289,0.6457685828208923,0.05078125,1.0,0.49609375,3.4968058268229165e-06
5,r5-f1-11dddf29efebc033a995ab92,117,2,0.05,0.0005517899990081787,0.0007631061598658562,0.0023057572729999858,1.0,79.36791540902948,0.6457687616348267,0.048828125,1.0,0.49609375,3.4968058268229165e-06
5,r5-f1-11dddf29efebc033a995ab92,118,3,0.05,0.0005658268928527832,0.0007575592026114464,0.0019426783020597888,1.0,79.36798298694217,0.6457688808441162,0.05078125,1.0,0.49609375,3.4968058268229165e-06
5,r5-f1-11dddf29efebc033a995ab92,119,0,0.05,0.0011239051818847656,0.0007603904232382774,0.0046630331410018,1.0,79.36803669041647,0.6457690000534058,0.05078125,1.0,0.49609375,3.4968058268229165e-06
5,r5-f1-11dddf29efebc033a995ab92,120,1,0.05,0.0006154030561447144,0.0007574707269668579,0.0026385438597767747,1.0,79.36807574802042,0.6457690596580505,0.052734375,1.0,0.49609375,3.4968058268229165e-06
5,r5-f1-11dddf29efebc033a995ab92,121,2,0.05,0.0005517899990081787,0.000754455104470253,0.0028124555537816617,1.0,79.3681170690799,0.6457691192626953,0.05078125,1.0,0.49609375,3.4968058268229165e-06
5,r5-f1-11dddf29efebc033a995ab92,122,3,0.05,0.0005920529365539551,0.0007476862519979477,0.0020277033764690344,1.0,79.36815725876443,0.6457692384719849,0.05078125,1.0,0.49609375,3.4968058268229165e-06
5,r5-f1-11dddf29efebc033a995ab92,123,0,0.05,0.0012731552124023438,0.0007509049028158188,0.005954082428811167,1.0,79.36817652554878,0.6457692384719849,0.048828125,1.0,0.49609375,3.4968058268229165e-06
5,r5-f1-11dddf29efebc033a995ab92,124,1,0.05,0.0005901455879211426,0.0007487600669264793,0.0027415170842393618,1.0,79.36818356541892,0.6457692980766296,0.05078125,1.0,0.49609375,3.4968058268229165e-06
5,r5-f1-11dddf29efebc033a995ab92,125,2,0.05,0.0005154460668563843,0.0007459605112671852,0.003215227487365268,1.0,79.36819726494775,0.6457692980766296,0.05078125,1.0,0.49609375,3.4968058268229165e-06
5,r5-f1-11dddf29efebc033a995ab92,126,3,0.05,0.0005968213081359863,0.000742708332836628,0.003983540244879526,1.0,79.36821651106082,0.6457693576812744,0.048828125,1.0,0.49609375,3.4968058268229165e-06
5,r5-f1-11dddf29efebc033a995ab92,127,0,0.05,0.0013272762298583984,0.0007493095472455025,0.005433462270223819,1.0,79.36823421848162,0.6457693576812744,0.05078125,1.0,0.49609375,3.4968058268229165e-06
5,r5-f1-11dddf29efebc033a995ab92,128,1,0.05,0.0005452334880828857,0.0007419968023896217,0.0024313155132996236,1.0,79.36824971555914,0.6457694172859192,0.052734375,1.0,0.49609375,3.4968058268229165e-06
5,r5-f1-11dddf29efebc033a995ab92,129,2,0.05,0.00045455992221832275,0.0007344530895352364,0.002212504024922737,1.0,79.36826878016056,0.6457694172859192,0.052734375,1.0,0.49609375,3.4968058268229165e-06
5,r5-f1-11dddf29efebc033a995ab92,130,3,0.05,0.0005375146865844727,0.0007315287366509438,0.0016663576511331407,1.0,79.36828734491601,0.6457694172859192,0.05078125,1.0,0.49609375,3.4968058268229165e-06
5,r5-f1-11dddf29efebc033a995ab92,131,0,0.05,0.0010783672332763672,0.0007193395867943764,0.004154936802872359,1.0,79.36829535766816,0.645769476890564,0.05078125,1.0,0.49609375,3.4968058268229165e-06
5,r5-f1-11dddf29efebc033a995ab92,132,1,0.05,0.0005989670753479004,0.0007198909297585487,0.002710483668739989,1.0,79.36829193312225,0.6457694172859192,0.052734375,1.0,0.49609375,3.4968058268229165e-06
5,r5-f1-11dddf29efebc033a995ab92,133,2,0.05,0.0005851387977600098,0.0007219752296805382,0.0031468645387632594,1.0,79.36828679788097,0.6457694172859192,0.05078125,1.0,0.49609375,3.4968058268229165e-06
5,r5-f1-11dddf29efebc033a995ab92,134,3,0.05,0.0005370378494262695,0.0007201759144663811,0.001465307063131569,1.0,79.3682829813858,0.6457694172859192,0.052734375,1.0,0.49609375,3.4968058268229165e-06
5,r5-f1-11dddf29efebc033a995ab92,135,0,0.05,0.0007739067077636719,0.0006983010098338127,0.002911732276093636,1.0,79.36827273757115,0.6457693576812744,0.05078125,1.0,0.49609375,3.4968058268229165e-06
5,r5-f1-11dddf29efebc033a995ab92,136,1,0.05,0.0005364120006561279,0.0006933640688657761,0.002350836677988382,1.0,79.3682569153567,0.6457693576812744,0.052734375,1.0,0.49609375,3.4968058268229165e-06
5,r5-f1-11dddf29efebc033a995ab92,137,2,0.05,0.0004900693893432617,0.0006895065307617188,0.0020786481390795385,1.0,79.36824730479528,0.6457692980766296,0.05078125,1.0,0.49609375,3.4968058268229165e-06
5,r5-f1-11dddf29efebc033a995ab92,138,3,0.05,0.0005726218223571777,0.0006882920861244202,0.0019064242015704334,1.0,79.368236591259,0.6457692980766296,0.052734375,1.0,0.49609375,3.4968058268229165e-06
5,r5-f1-11dddf29efebc033a995ab92,139,0,0.05,0.0010781288146972656,0.0006761029362678528,0.004187716977953408,1.0,79.36822132938143,0.6457692384719849,0.05078125,1.0,0.49609375,3.4968058268229165e-06
5,r5-f1-11dddf29efebc033a995ab92,140,1,0.05,0.0005284398794174194,0.0006722463294863701,0.002993381399739188,1.0,79.36819619655671,0.6457691788673401,0.05078125,1.0,0.49609375,3.4968058268229165e-06
5,r5-f1-11dddf29efebc033a995ab92,141,2,0.05,0.0004894733428955078,0.0006706230342388153,0.0023395537188056286,1.0,79.36817971376468,0.6457691192626953,0.05078125,1.0,0.49609375,3.4968058268229165e-06
5,r5-f1-11dddf29efebc033a995ab92,142,3,0.05,0.0005075931549072266,0.0006650462746620178,0.0014373729984781217,1.0,79.36816497024208,0.6457691192626953,0.05078125,1.0,0.49609375,3.4968058268229165e-06
5,r5-f1-11dddf29efebc033a995ab92,143,0,0.05,0.0009520053863525391,0.0006415918469429016,0.003937820955715435,1.0,79.36814095354309,0.6457690596580505,0.05078125,1.0,0.49609375,3.4968058268229165e-06
5,r5-f1-11dddf29efebc033a995ab92,144,1,0.05,0.0004885196685791016,0.0006380472332239151,0.0020594134594064777,1.0,79.36811253378134,0.6457690000534058,0.05078125,1.0,0.49609375,3.4968058268229165e-06
5,r5-f1-11dddf29efebc033a995ab92,145,2,0.05,0.00046934187412261963,0.0006389711052179337,0.0019978395685011636,1.0,79.3680916269124,0.645768940448761,0.05078125,1.0,0.49609375,3.4968058268229165e-06
5,r5-f1-11dddf29efebc033a995ab92,146,3,0.05,0.00044670701026916504,0.0006332956254482269,0.0012254862602808507,1.0,79.36807417993533,0.6457688808441162,0.05078125,1.0,0.49609375,3.4968058268229165e-06
5,r5-f1-11dddf29efebc033a995ab92,147,0,0.05,0.0008068084716796875,0.0006163232028484344,0.0029611328013828863,1.0,79.3680539147515,0.6457688212394714,0.05078125,1.0,0.49609375,3.4968058268229165e-06
5,r5-f1-11dddf29efebc033a995ab92,148,1,0.05,0.00054892897605896,0.0006131958216428757,0.0023340239359092804,1.0,79.36802961917924,0.6457688212394714,0.048828125,1.0,0.49609375,3.4968058268229165e-06
5,r5-f1-11dddf29efebc033a995ab92,149,2,0.05,0.00044634193181991577,0.0006045210175216198,0.0015922725555178683,1.0,79.36801083498402,0.6457687616348267,0.052734375,1.0,0.49609375,3.4968058268229165e-06
5,r5-f1-11dddf29efebc033a995ab92,150,3,0.05,0.0005370378494262695,0.0006045210175216198,0.0015942877524335354,1.0,79.36799273732525,0.6457687020301819,0.05078125,1.0,0.49609375,3.4968058268229165e-06
5,r5-f1-11dddf29efebc033a995ab92,151,0,0.05,0.0008063316345214844,0.0006065475754439831,0.0030252332794062833,1.0,79.3679722104009,0.6457687020301819,0.052734375,1.0,0.49609375,3.4968058268229165e-06
5,r5-f1-11dddf29efebc033a995ab92,152,1,0.05,0.00054892897605896,0.0006073298864066601,0.0020368498416994067,1.0,79.36795089835134,0.6457686424255371,0.052734375,1.0,0.49609375,3.4968058268229165e-06
5,r5-f1-11dddf29efebc033a995ab92,153,2,0.05,0.0004453808069229126,0.0006045368500053883,0.001908001052437422,1.0,79.36793211953494,0.6457685828208923,0.052734375,1.0,0.49609375,3.4968058268229165e-06
5,r5-f1-11dddf29efebc033a995ab92,154,3,0.05,0.0005153417587280273,0.0006009568460285664,0.001539902480390773,1.0,79.3679173001334,0.6457685232162476,0.05078125,1.0,0.49609375,3.4968058268229165e-06
5,r5-f1-11dddf29efebc033a995ab92,155,0,0.05,0.0008759498596191406,0.0005883206613361835,0.003140483453116649,1.0,79.36789725376467,0.6457685232162476,0.052734375,1.0,0.49609375,3.4968058268229165e-06
5,r5-f1-11dddf29efebc033a995ab92,156,1,0.05,0.0005309432744979858,0.000588477123528719,0.002267474354875476,1.0,79.36787134354007,0.645768404006958,0.052734375,1.0,0.49609375,3.4968058268229165e-06
5,r5-f1-11dddf29efebc033a995ab92,157,2,0.05,0.0004146397113800049,0.000583800021559,0.0014711826277557546,1.0,79.36785142895162,0.645768404006958,0.05078125,1.0,0.49609375,3.4968058268229165e-06
5,r5-f1-11dddf29efebc033a995ab92,158,3,0.05,0.00046956539154052734,0.0005814232863485813,0.0014873670999178304,1.0,79.36783117608773,0.6457682847976685,0.052734375,1.0,0.49609375,3.4968058268229165e-06
5,r5-f1-11dddf29efebc033a995ab92,159,0,0.05,0.0008065700531005859,0.0005723335780203342,0.003067690072020858,1.0,79.36780325222864,0.6457682251930237,0.05078125,1.0,0.49609375,3.4968058268229165e-06
5,r5-f1-11dddf29efebc033a995ab92,160,1,0.05,0.0005364120006561279,0.0005753268487751484,0.002634942357085188,1.0,79.36776837015195,0.6457681655883789,0.052734375,1.0,0.49609375,3.4968058268229165e-06
5,r5-f1-11dddf29efebc033a995ab92,161,2,0.05,0.00042811036109924316,0.0005727498792111874,0.0016256833172469448,1.0,79.36773945556362,0.6457681059837341,0.05078125,1.0,0.49609375,3.4968058268229165e-06
5,r5-f1-11dddf29efebc033a995ab92,162,3,0.05,0.0004736185073852539,0.0005744318477809429,0.0014013059557697182,1.0,79.36771174572252,0.6457680463790894,0.05078125,1.0,0.49609375,3.4968058268229165e-06
5,r5-f1-11dddf29efebc033a995ab92,163,0,0.05,0.000774383544921875,0.0005724052898585796,0.002889864094890052,1.0,79.36768667879929,0.6457679867744446,0.05078125,1.0,0.49609375,3.4968058268229165e-06
5,r5-f1-11dddf29efebc033a995ab92,164,1,0.05,0.0004734992980957031,0.0005676909349858761,0.0018172968078866928,1.0,79.36765596798433,0.6457679271697998,0.048828125,1.0,0.49609375,3.4968058268229165e-06
5,r5-f1-11dddf29efebc033a995ab92,165,2,0.05,0.00044646114110946655,0.000567698385566473,0.003096378806871293,1.0,79.36763702207583,0.645767867565155,0.052734375,1.0,0.49609375,3.4968058268229165e-06
5,r5-f1-11dddf29efebc033a995ab92,166,3,0.05,0.0004901885986328125,0.0005647703073918819,0.0015827469020125646,1.0,79.3676221720052,0.6457678079605103,0.05078125,1.0,0.49609375,3.4968058268229165e-06
5,r5-f1-11dddf29efebc033a995ab92,167,0,0.05,0.0007421970367431641,0.0005607618950307369,0.0025476557188161453,1.0,79.36760698744762,0.6457678079605103,0.05078125,1.0,0.49609375,3.4968058268229165e-06
5,r5-f1-11dddf29efebc033a995ab92,168,1,0.05,0.000499725341796875,0.0005576866678893566,0.0018700519917397335,1.0,79.3675862412624,0.6457677483558655,0.052734375,1.0,0.49609375,3.4968058268229165e-06
5,r5-f1-11dddf29efebc033a995ab92,169,2,0.05,0.0004322826862335205,0.0005568680353462696,0.0016269598749262598,1.0,79.36757282848362,0.6457676887512207,0.05078125,1.0,0.49609375,3.4968058268229165e-06
5,r5-f1-11dddf29efebc033a995ab92,170,3,0.05,0.00045990943908691406,0.0005534035153687,0.0014513958494119547,1.0,79.36756123884022,0.6457676291465759,0.052734375,1.0,0.49609375,3.4968058268229165e-06
5,r5-f1-11dddf29efebc033a995ab92,171,0,0.05,0.0007417201995849609,0.0005450141616165638,0.003025915919052897,1.0,79.3675473921473,0.6457675695419312,0.05078125,1.0,0.49609375,3.4968058268229165e-06
5,r5-f1-11dddf29efebc033a995ab92,172,1,0.05,0.0005285590887069702,0.0005448651500046253,0.0022683381877686803,1.0,79.3675275576842,0.6457675695419312,0.05078125,1.0,0.49609375,3.4968058268229165e-06
5,r5-f1-11dddf29efebc033a995ab92,173,2,0.05,0.000414043664932251,0.0005448278971016407,0.002181762512565076,1.0,79.3675109183567,0.6457675099372864,0.05078125,1.0,0.49609375,3.4968058268229165e-06
5,r5-f1-11dddf29efebc033a995ab92,174,3,0.05,0.00044095516204833984,0.000543039757758379,0.0016329956074891325,1.0,79.36749376086053,0.6457674503326416,0.05078125,1.0,0.49609375,3.4968058268229165e-06
5,r5-f1-11dddf29efebc033a995ab92,175,0,0.05,0.0006567239761352539,0.0005336743779480457,0.0024202226851319205,1.0,79.3674764630958,0.6457673907279968,0.052734375,1.0,0.49609375,3.4968058268229165e-06
5,r5-f1-11dddf29efebc033a995ab92,176,1,0.05,0.0004994869232177734,0.0005313665606081486,0.0022650184405079736,1.0,79.36745325444676,0.645767331123352,0.052734375,1.0,0.49609375,3.4968058268229165e-06
5,r5-f1-11dddf29efebc033a995ab92,177,2,0.05,0.00041059404611587524,0.0005302717909216881,0.0023598110492916314,1.0,79.3674304617017,0.6457672715187073,0.052734375,1.0,0.49609375,3.4968058268229165e-06
5,r5-f1-11dddf29efebc033a995ab92,178,3,0.05,0.0004940032958984375,0.0005315458402037621,0.0022733090147330254,1.0,79.3674043567443,0.6457672119140625,0.052734375,1.0,0.49609375,3.4968058268229165e-06
5,r5-f1-11dddf29efebc033a995ab92,179,0,0.05,0.0007736682891845703,0.0005315011367201805,0.002856806359518904,1.0,79.36737554757941,0.6457671523094177,0.052734375,1.0,0.49609375,3.4968058268229165e-06
5,r5-f1-11dddf29efebc033a995ab92,180,1,0.05,0.0004936456680297852,0.0005327602848410606,0.0018796559078984245,1.0,79.36734321482297,0.645767092704773,0.0546875,1.0,0.49609375,3.4968058268229165e-06
5,r5-f1-11dddf29efebc033a995ab92,181,2,0.05,0.00038890540599823,0.0005291630513966084,0.001671874066903772,1.0,79.36731911325298,0.6457670331001282,0.052734375,1.0,0.49609375,3.4968058268229165e-06
5,r5-f1-11dddf29efebc033a995ab92,182,3,0.05,0.0004150271415710449,0.0005244654603302479,0.0012352837167404675,1.0,79.36730013493342,0.6457669734954834,0.052734375,1.0,0.49609375,3.4968058268229165e-06
5,r5-f1-11dddf29efebc033a995ab92,183,0,0.05,0.0007119178771972656,0.0005225730128586292,0.0027887347864695685,1.0,79.36728349188502,0.6457669734954834,0.052734375,1.0,0.49609375,3.4968058268229165e-06
5,r5-f1-11dddf29efebc033a995ab92,184,1,0.05,0.00044574588537216187,0.0005191992968320847,0.0017613697976613292,1.0,79.36726537086467,0.6457669138908386,0.05078125,1.0,0.49609375,3.4968058268229165e-06
5,r5-f1-11dddf29efebc033a995ab92,185,2,0.05,0.0003768652677536011,0.0005157357081770897,0.0013316258722665592,1.0,79.36725317009304,0.6457668542861938,0.052734375,1.0,0.49609375,3.4968058268229165e-06
5,r5-f1-11dddf29efebc033a995ab92,186,3,0.05,0.0004391968250274658,0.0005144411697983742,0.0012962570031938288,1.0,79.36724542472273,0.6457668542861938,0.052734375,1.0,0.49609375,3.4968058268229165e-06
5,r5-f1-11dddf29efebc033a995ab92,187,0,0.05,0.0005553960800170898,0.0005027959123253822,0.0021075601724993356,1.0,79.3672330100197,0.6457667946815491,0.05078125,1.0,0.49609375,3.4968058268229165e-06
5,r5-f1-11dddf29efebc033a995ab92,188,1,0.05,0.00044943392276763916,0.000497850589454174,0.0017301054316456223,1.0,79.367214881419,0.6457667946815491,0.052734375,1.0,0.49609375,3.4968058268229165e-06
5,r5-f1-11dddf29efebc033a995ab92,189,2,0.05,0.0003689974546432495,0.0004950352013111115,0.0016569389324499549,1.0,79.36720424666625,0.6457667350769043,0.0546875,1.0,0.49609375,3.4968058268229165e-06
5,r5-f1-11dddf29efebc033a995ab92,190,3,0.05,0.0004780292510986328,0.0004973523318767548,0.0018202092153560574,1.0,79.36719499782164,0.6457666754722595,0.0546875,1.0,0.49609375,3.4968058268229165e-06
5,r5-f1-11dddf29efebc033a995ab92,191,0,0.05,0.000682830810546875,0.0004989840090274811,0.002627877529275576,1.0,79.36718107995226,0.6457666754722595,0.052734375,1.0,0.49609375,3.4968058268229165e-06
5,r5-f1-11dddf29efebc033a995ab92,192,1,0.05,0.000417858362197876,0.0004938822239637375,0.0015315029093531528,1.0,79.3671620065662,0.6457666158676147,0.052734375,1.0,0.49609375,3.4968058268229165e-06
5,r5-f1-11dddf29efebc033a995ab92,193,2,0.05,0.0004054605960845947,0.0004935613833367825,0.0016697382571624645,1.0,79.36714647052172,0.64576655626297,0.052734375,1.0,0.49609375,3.4968058268229165e-06
5,r5-f1-11dddf29efebc033a995ab92,194,3,0.05,0.000379025936126709,0.0004863752983510494,0.0009566897083413377,1.0,79.3671320904748,0.64576655626297,0.052734375,1.0,0.49609375,3.4968058268229165e-06
5,r5-f1-11dddf29efebc033a995ab92,195,0,0.05,0.000682830810546875,0.00048069795593619347,0.002877047161174712,1.0,79.36711622898336,0.6457664966583252,0.052734375,1.0,0.49609375,3.4968058268229165e-06
5,r5-f1-11dddf29efebc033a995ab92,196,1,0.05,0.0003933161497116089,0.00047442736104130745,0.0015438142882369943,1.0,79.36709596708081,0.6457664370536804,0.052734375,1.0,0.49609375,3.4968058268229165e-06
5,r5-f1-11dddf29efebc033a995ab92,197,2,0.05,0.0003971308469772339,0.0004749414511024952,0.002395755543845261,1.0,79.36708520669161,0.6457663774490356,0.052734375,1.0,0.49609375,3.4968058268229165e-06
5,r5-f1-11dddf29efebc033a995ab92,198,3,0.05,0.0003935396671295166,0.0004735984839498997,0.0010795723384188123,1.0,79.36707548392538,0.6457663774490356,0.052734375,1.0,0.49609375,3.4968058268229165e-06
5,r5-f1-11dddf29efebc033a995ab92,199,0,0.05,0.0006825923919677734,0.0004717656411230564,0.003292640391790382,1.0,79.36705733396396,0.6457663178443909,0.052734375,1.0,0.49609375,3.4968058268229165e-06
5,r5-f1-11dddf29efebc033a995ab92,200,1,0.05,0.00046850740909576416,0.00047318823635578156,0.0015971412381666449,1.0,79.3670343325038,0.6457662582397461,0.052734375,1.0,0.49609375,3.4968058268229165e-06
5,r5-f1-11dddf29efebc033a995ab92,201,2,0.05,0.00036531686782836914,0.00047246646136045456,0.001205309346924334,1.0,79.36701708415008,0.6457661986351013,0.052734375,1.0,0.49609375,3.4968058268229165e-06
5,r5-f1-11dddf29efebc033a995ab92,202,3,0.05,0.0004031956195831299,0.00047021638602018356,0.0013153863806606816,1.0,79.36700154227933,0.6457661390304565,0.052734375,1.0,0.49609375,3.4968058268229165e-06
5,r5-f1-11dddf29efebc033a995ab92,203,0,0.05,0.0005795955657958984,0.0004717288538813591,0.0020723037587304684,1.0,79.36698510472942,0.6457661390304565,0.0546875,1.0,0.49609375,3.4968058268229165e-06
5,r5-f1-11dddf29efebc033a995ab92,204,1,0.05,0.00040725618600845337,0.00046909274533391,0.0013434280647569969,1.0,79.36696707238272,0.6457660794258118,0.052734375,1.0,0.49609375,3.4968058268229165e-06
5,r5-f1-11dddf29efebc033a995ab92,205,2,0.05,0.0003522038459777832,0.00046804314479231834,0.0013818668454675426,1.0,79.36695535366049,0.645766019821167,0.05078125,1.0,0.49609375,3.4968058268229165e-06
5,r5-f1-11dddf29efebc033a995ab92,206,3,0.05,0.00042307376861572266,0.00046460842713713646,0.001297846646894005,1.0,79.36694538514507,0.645766019821167,0.05078125,1.0,0.49609375,3.4968058268229165e-06
5,r5-f1-11dddf29efebc033a995ab92,207,0,0.05,0.0006035566329956055,0.0004596537910401821,0.002229079663618692,1.0,79.3669361628985,0.6457659602165222,0.0546875,1.0,0.49609375,3.4968058268229165e-06
5,r5-f1-11dddf29efebc033a995ab92,208,1,0.05,0.0004356205463409424,0.00046076392754912376,0.0014359682140898957,1.0,79.36692244790225,0.6457659602165222,0.0546875,1.0,0.49609375,3.4968058268229165e-06
5,r5-f1-11dddf29efebc033a995ab92,209,2,0.05,0.00035768747329711914,0.00045777810737490654,0.0012454194968590242,1.0,79.36691418555903,0.6457659006118774,0.052734375,1.0,0.49609375,3.4968058268229165e-06
5,r5-f1-11dddf29efebc033a995ab92,210,3,0.05,0.0003477931022644043,0.0004558260552585125,0.000962483932743434,1.0,79.36691013482462,0.6457658410072327,0.052734375,1.0,0.49609375,3.4968058268229165e-06
5,r5-f1-11dddf29efebc033a995ab92,211,0,0.05,0.0005340576171875,0.00044652773067355156,0.0017825355373559807,1.0,79.36690709171494,0.6457658410072327,0.052734375,1.0,0.49609375,3.4968058268229165e-06
5,r5-f1-11dddf29efebc033a995ab92,212,1,0.05,0.0004101172089576721,0.0004475777968764305,0.0015030375105491835,1.0,79.36689911545885,0.6457657814025879,0.0546875,1.0,0.49609375,3.4968058268229165e-06
5,r5-f1-11dddf29efebc033a995ab92,213,2,0.05,0.0003539919853210449,0.0004448816180229187,0.001397947979217767,1.0,79.36689680139655,0.6457657814025879,0.0546875,1.0,0.49609375,3.4968058268229165e-06
5,r5-f1-11dddf29efebc033a995ab92,214,3,0.05,0.0003975033760070801,0.0004451293498277664,0.001310646881071061,1.0,79.36689485653905,0.6457657814025879,0.0546875,1.0,0.49609375,3.4968058268229165e-06
5,r5-f1-11dddf29efebc033a995ab92,215,0,0.05,0.0005784034729003906,0.000438617542386055,0.0022150430939625525,1.0,79.36688891297226,0.6457657217979431,0.0546875,1.0,0.49609375,3.178914388020833e-06
5,r5-f1-11dddf29efebc033a995ab92,216,1,0.05,0.00042763352394104004,0.00043606292456388474,0.0016113613166468365,1.0,79.36687712354704,0.6457657217979431,0.0546875,1.0,0.49609375,3.4968058268229165e-06
5,r5-f1-11dddf29efebc033a995ab92,217,2,0.05,0.0003263428807258606,0.00043362705036997795,0.0010323876282543921,1.0,79.36686879094945,0.6457656621932983,0.056640625,1.0,0.49609375,3.178914388020833e-06
5,r5-f1-11dddf29efebc033a995ab92,218,3,0.05,0.00035458803176879883,0.00043058907613158226,0.0011142878986274214,1.0,79.36686022228024,0.6457656621932983,0.052734375,1.0,0.49609375,3.4968058268229165e-06
5,r5-f1-11dddf29efebc033a995ab92,219,0,0.05,0.0004912614822387695,0.0004250681959092617,0.001591130064377741,1.0,79.36684984720056,0.6457656025886536,0.0546875,1.0,0.49609375,3.4968058268229165e-06
5,r5-f1-11dddf29efebc033a995ab92,220,1,0.05,0.00036197155714035034,0.00042223790660500526,0.001292914547048401,1.0,79.3668365608939,0.6457655429840088,0.056640625,1.0,0.49609375,3.4968058268229165e-06
5,r5-f1-11dddf29efebc033a995ab92,221,2,0.05,0.00035768747329711914,0.00042258063331246376,0.00144092946761559,1.0,79.36682935409193,0.6457655429840088,0.0546875,1.0,0.49609375,3.4968058268229165e-06
5,r5-f1-11dddf29efebc033a995ab92,222,3,0.05,0.00037948787212371826,0.0004198565147817135,0.0012248932702201504,1.0,79.36682628997127,0.6457655429840088,0.052734375,1.0,0.49609375,3.4968058268229165e-06
5,r5-f1-11dddf29efebc033a995ab92,223,0,0.05,0.0005559921264648438,0.0004168837331235409,0.0019823043577681435,1.0,79.36681992604622,0.645765483379364,0.0546875,1.0,0.49609375,3.178914388020833e-06
5,r5-f1-11dddf29efebc033a995ab92,224,1,0.05,0.0004474073648452759,0.0004176204092800617,0.0022908571708913487,1.0,79.36680248434229,0.6457654237747192,0.056640625,1.0,0.49609375,3.4968058268229165e-06
5,r5-f1-11dddf29efebc033a995ab92,225,2,0.05,0.00035387277603149414,0.00041738199070096016,0.0013056469104466696,1.0,79.36679093475723,0.6457654237747192,0.052734375,1.0,0.49609375,3.4968058268229165e-06
5,r5-f1-11dddf29efebc033a995ab92,226,3,0.05,0.0003787875175476074,0.00041931914165616035,0.0012089675825556257,1.0,79.36678173161341,0.6457653641700745,0.052734375,1.0,0.49609375,3.4968058268229165e-06
5,r5-f1-11dddf29efebc033a995ab92,227,0,0.05,0.0005789995193481445,0.00042212801054120064,0.002106577645117579,1.0,79.3667727065297,0.6457653641700745,0.05078125,1.0,0.49609375,3.4968058268229165e-06
5,r5-f1-11dddf29efebc033a995ab92,228,1,0.05,0.0003649592399597168,0.00041930563747882843,0.0015166947705798261,1.0,79.36675906767547,0.6457653641700745,0.052734375,1.0,0.49609375,3.4968058268229165e-06
5,r5-f1-11dddf29efebc033a995ab92,229,2,0.05,0.00032241642475128174,0.00041733216494321823,0.0011829735974874136,1.0,79.3667507615335,0.6457653045654297,0.052734375,1.0,0.49609375,3.178914388020833e-06
5,r5-f1-11dddf29efebc033a995ab92,230,3,0.05,0.00035446882247924805,0.00041464250534772873,0.0008741183466303478,1.0,79.36674410477417,0.6457653045654297,0.052734375,1.0,0.49609375,3.4968058268229165e-06
5,r5-f1-11dddf29efebc033a995ab92,231,0,0.05,0.000512242317199707,0.000410507433116436,0.001958048362262069,1.0,79.36673439559505,0.6457652449607849,0.052734375,1.0,0.49609375,3.178914388020833e-06
5,r5-f1-11dddf29efebc033a995ab92,232,1,0.05,0.00037472695112228394,0.00040720077231526375,0.0012535246700671394,1.0,79.36672315647563,0.6457652449607849,0.0546875,1.0,0.49609375,3.4968058268229165e-06
5,r5-f1-11dddf29efebc033a995ab92,233,2,0.05,0.00034755468368530273,0.0004085265100002289,0.0016117032827356163,1.0,79.36671532525914,0.6457651853561401,0.052734375,1.0,0.49609375,3.4968058268229165e-06
5,r5-f1-11dddf29efebc033a995ab92,234,3,0.05,0.0003260970115661621,0.0004067458212375641,0.0009115802108191828,1.0,79.36670896387061,0.6457651853561401,0.052734375,1.0,0.49609375,3.4968058268229165e-06
5,r5-f1-11dddf29efebc033a995ab92,235,0,0.05,0.0004912614822387695,0.0004067458212375641,0.0018947405987669447,1.0,79.36669901394346,0.6457651257514954,0.052734375,1.0,0.49609375,3.4968058268229165e-06
5,r5-f1-11dddf29efebc033a995ab92,236,1,0.05,0.00038914382457733154,0.0004084440879523754,0.0017384154549169627,1.0,79.36667981646512,0.6457651257514954,0.052734375,1.0,0.49609375,3.4968058268229165e-06
5,r5-f1-11dddf29efebc033a995ab92,237,2,0.05,0.0003539919853210449,0.0004082131199538708,0.0016283246874240365,1.0,79.3666664796551,0.6457650661468506,0.052734375,1.0,0.49609375,3.4968058268229165e-06
5,r5-f1-11dddf29efebc033a995ab92,238,3,0.05,0.00035458803176879883,0.0004066568799316883,0.0009738370604369125,1.0,79.36665556381057,0.6457650661468506,0.052734375,1.0,0.49609375,3.4968058268229165e-06
5,r5-f1-11dddf29efebc033a995ab92,239,0,0.05,0.0004912614822387695,0.00040261121466755867,0.0029978274142903358,1.0,79.36663141883223,0.6457650065422058,0.0546875,1.0,0.49609375,3.4968058268229165e-06
5,r5-f1-11dddf29efebc033a995ab92,240,1,0.05,0.00037270039319992065,0.00039794202893972397,0.0014504511373853541,1.0,79.3666047366057,0.645764946937561,0.0546875,1.0,0.49609375,3.4968058268229165e-06
5,r5-f1-11dddf29efebc033a995ab92,241,2,0.05,0.00031216442584991455,0.00039533525705337524,0.00085234761465437,1.0,79.36658339835706,0.6457648873329163,0.0546875,1.0,0.49609375,3.4968058268229165e-06
5,r5-f1-11dddf29efebc033a995ab92,242,3,0.05,0.0004035532474517822,0.00039688311517238617,0.0010421951273431233,1.0,79.36656589191819,0.6457648873329163,0.052734375,1.0,0.49609375,3.4968058268229165e-06
5,r5-f1-11dddf29efebc033a995ab92,243,0,0.05,0.00039327144622802734,0.00038527511060237885,0.0013414005374129585,1.0,79.36655050833588,0.6457648277282715,0.052734375,1.0,0.49609375,3.4968058268229165e-06
5,r5-f1-11dddf29efebc033a995ab92,244,1,0.05,0.00036185234785079956,0.0003850809298455715,0.0013886648023770586,1.0,79.3665297885692,0.6457647681236267,0.052734375,1.0,0.49609375,3.4968058268229165e-06
5,r5-f1-11dddf29efebc033a995ab92,245,2,0.05,0.00030906498432159424,0.00038424646481871605,0.0008834145430336456,1.0,79.3665138667583,0.6457647681236267,0.056640625,1.0,0.49609375,3.4968058268229165e-06
5,r5-f1-11dddf29efebc033a995ab92,246,3,0.05,0.0003542304039001465,0.0003842315636575222,0.0010600794965929697,1.0,79.3665005389189,0.6457647085189819,0.052734375,1.0,0.49609375,3.4968058268229165e-06
5,r5-f1-11dddf29efebc033a995ab92,247,0,0.05,0.0004912614822387695,0.0003829202614724636,0.0019124751409032672,1.0,79.36648633859099,0.6457647085189819,0.0546875,1.0,0.49609375,3.4968058268229165e-06
5,r5-f1-11dddf29efebc033a995ab92,248,1,0.05,0.0003649592399597168,0.00038230977952480316,0.0014461770420229458,1.0,79.3664694638212,0.6457647085189819,0.056640625,1.0,0.49609375,3.4968058268229165e-06
5,r5-f1-11dddf29efebc033a995ab92,249,2,0.05,0.000293925404548645,0.00037895794957876205,0.0009113231507477626,1.0,79.3664579755384,0.6457646489143372,0.056640625,1.0,0.49609375,3.4968058268229165e-06
5,r5-f1-11dddf29efebc033a995ab92,250,3,0.05,0.00035506486892700195,0.00038076844066381454,0.0010526890148952353,1.0,79.36645081501318,0.6457646489143372,0.0546875,1.0,0.49609375,3.4968058268229165e-06
5,r5-f1-11dddf29efebc033a995ab92,251,0,0.05,0.0004912614822387695,0.00038076844066381454,0.0018050138331723957,1.0,79.36644507778695,0.6457646489143372,0.0546875,1.0,0.49609375,3.178914388020833e-06
5,r5-f1-11dddf29efebc033a995ab92,252,1,0.05,0.000417858362197876,0.00038256309926509857,0.0018029230461884468,1.0,79.36643293430299,0.6457645893096924,0.052734375,1.0,0.49609375,3.4968058268229165e-06
5,r5-f1-11dddf29efebc033a995ab92,253,2,0.05,0.00030274689197540283,0.00037936028093099594,0.0009766370409952942,1.0,79.3664256370852,0.6457645893096924,0.0546875,1.0,0.49609375,3.4968058268229165e-06
5,r5-f1-11dddf29efebc033a995ab92,254,3,0.05,0.00032716989517211914,0.00037764664739370346,0.0014574671077796926,1.0,79.36641549798803,0.6457645297050476,0.052734375,1.0,0.49609375,3.4968058268229165e-06
5,r5-f1-11dddf29efebc033a995ab92,255,0,0.05,0.0004712343215942383,0.00037639494985342026,0.0018276278239532668,1.0,79.36640818556005,0.6457645297050476,0.0546875,1.0,0.49609375,3.4968058268229165e-06
5,r5-f1-11dddf29efebc033a995ab92,256,1,0.05,0.0003697201609611511,0.00037620868533849716,0.0014432766626335857,1.0,79.36639684573636,0.6457645297050476,0.0546875,1.0,0.49609375,3.4968058268229165e-06
6,r5-f1-de4899e05b0aa7f3d8373171,1,0,0.05,13.437503814697266,13.437503814697266,13.61210843946456,1.0,12.799847385096964,0.5693732500076294,0.453125,0.5546875,0.498046875,0.0
6,r5-f1-de4899e05b0aa7f3d8373171,2,1,0.05,12.083349227905273,12.76042652130127,10.6437047283828,1.0,19.070471488567946,0.5719676613807678,0.427734375,0.5703125,0.498046875,0.0
6,r5-f1-de4899e05b0aa7f3d8373171,3,2,0.05,10.520960807800293,12.013937950134277,14.575681233689936,1.0,24.053609273701564,0.5747098326683044,0.392578125,0.58203125,0.498046875,0.0
6,r5-f1-de4899e05b0aa7f3d8373171,4,3,0.05,9.50019645690918,11.385502576828003,8.789019747373155,1.0,28.478235942235276,0.5777062773704529,0.369140625,0.6015625,0.498046875,0.0
6,r5-f1-de4899e05b0aa7f3d8373171,5,0,0.05,2.6671016216278076,9.641822385787965,71.95253326548819,1.0,31.4905472585217,0.5799746513366699,0.35546875,0.625,0.498046875,0.0
6,r5-f1-de4899e05b0aa7f3d8373171,6,1,0.05,2.883713722229004,8.515470941861471,89.29249912221343,1.0,34.287441718740716,0.5823482275009155,0.34375,0.640625,0.498046875,0.0
6,r5-f1-de4899e05b0aa7f3d8373171,7,2,0.05,1.8593921661376953,7.564602545329502,12.342895921038089,1.0,37.208873153973514,0.5850288271903992,0.337890625,0.65625,0.498046875,0.0
6,r5-f1-de4899e05b0aa7f3d8373171,8,3,0.05,0.29163169860839844,6.655481189489365,3.2366494751311667,1.0,40.1445275730141,0.5879262685775757,0.330078125,0.671875,0.498046875,0.0
6,r5-f1-de4899e05b0aa7f3d8373171,9,0,0.05,0.07316255569458008,5.924112452401055,2.06082721209741,1.0,42.98053685085586,0.5909284949302673,0.32421875,0.68359375,0.498046875,0.0
6,r5-f1-de4899e05b0aa7f3d8373171,10,1,0.05,8.313345909118652,6.163035798072815,35.05423330500054,1.0,45.39216368414676,0.5935837030410767,0.298828125,0.6875,0.498046875,0.0
6,r5-f1-de4899e05b0aa7f3d8373171,11,2,0.05,1.6930699348449707,5.756675265052102,15.62352250296294,1.0,47.693527210299784,0.5962481498718262,0.2890625,0.6875,0.498046875,0.0
6,r5-f1-de4899e05b0aa7f3d8373171,12,3,0.05,1.0817022323608398,5.367094178994496,13.010475313707376,1.0,49.88523855181934,0.5989069938659668,0.28125,0.7109375,0.498046875,0.0
6,r5-f1-de4899e05b0aa7f3d8373171,13,0,0.05,0.09109878540039062,4.961248379487258,1.3061082432484166,1.0,52.01817498464463,0.6016050577163696,0.2734375,0.73046875,0.498046875,0.0
6,r5-f1-de4899e05b0aa7f3d8373171,14,1,0.05,0.49363231658935547,4.642132946423122,11.79288455944123,1.0,54.03158756529889,0.6042569875717163,0.265625,0.75,0.498046875,0.0
6,r5-f1-de4899e05b0aa7f3d8373171,15,2,0.05,0.19045257568359375,4.345354255040487,2.632219832204054,1.0,55.94598509740601,0.6068652868270874,0.2578125,0.75390625,0.498046875,0.0
6,r5-f1-de4899e05b0aa7f3d8373171,16,3,0.05,0.1668553352355957,4.084198072552681,3.6303262906108813,1.0,57.74840094480985,0.6093971729278564,0.244140625,0.76171875,0.498046875,0.0
6,r5-f1-de4899e05b0aa7f3d8373171,17,0,0.05,0.033844709396362305,3.2464693784713745,0.5084237391181262,1.0,59.43760751180261,0.6118354201316833,0.24609375,0.765625,0.498046875,0.0
6,r5-f1-de4899e05b0aa7f3d8373171,18,1,0.05,0.3612799644470215,2.5138400495052338,3.8209718903926837,1.0,61.00541470566494,0.6141601204872131,0.234375,0.765625,0.498046875,0.0
6,r5-f1-de4899e05b0aa7f3d8373171,19,2,0.05,0.0832509994506836,1.8614831864833832,0.7479836597999923,1.0,62.46432479106762,0.6163716316223145,0.2265625,0.76953125,0.498046875,0.0
6,r5-f1-de4899e05b0aa7f3d8373171,20,3,0.05,0.04687643051147461,1.2706506848335266,0.8918639104436129,1.0,63.81702705942791,0.6184636950492859,0.212890625,0.7734375,0.498046875,0.0
6,r5-f1-de4899e05b0aa7f3d8373171,21,0,0.05,0.013710498809814453,1.104813739657402,0.17419139885350454,1.0,65.06853335499214,0.6204334497451782,0.19921875,0.7734375,0.498046875,0.0
6,r5-f1-de4899e05b0aa7f3d8373171,22,1,0.05,0.05791902542114258,0.9282015711069107,0.6629260185639017,1.0,66.22349565813948,0.6222801208496094,0.19140625,0.78125,0.498046875,0.0
6,r5-f1-de4899e05b0aa7f3d8373171,23,2,0.05,0.07330513000488281,0.8165711313486099,0.9642963610399301,1.0,67.2868917069968,0.6240049600601196,0.17578125,0.7734375,0.498046875,0.0
6,r5-f1-de4899e05b0aa7f3d8373171,24,3,0.05,0.019202709197998047,0.7995443195104599,0.15006644990038964,1.0,68.26557290252804,0.6256129145622253,0.16796875,0.78125,0.498046875,0.0
6,r5-f1-de4899e05b0aa7f3d8373171,25,0,0.05,0.008838653564453125,0.795524075627327,0.09619680083101682,1.0,69.16530782370988,0.6271083354949951,0.16015625,0.78125,0.498046875,0.0
6,r5-f1-de4899e05b0aa7f3d8373171,26,1,0.05,0.018545150756835938,0.27709902822971344,0.12813260214081149,1.0,69.9915358774357,0.628495991230011,0.154296875,0.80078125,0.498046875,0.0
6,r5-f1-de4899e05b0aa7f3d8373171,27,2,0.05,0.019978046417236328,0.17253078520298004,0.23403535509524354,1.0,70.74947868815381,0.6297814249992371,0.1484375,0.80859375,0.498046875,0.0
6,r5-f1-de4899e05b0aa7f3d8373171,28,3,0.05,0.008358240127563477,0.10544678568840027,0.06953639462141253,1.0,71.44433877861842,0.6309700608253479,0.138671875,0.8203125,0.498046875,0.0
6,r5-f1-de4899e05b0aa7f3d8373171,29,0,0.05,0.004010677337646484,0.10000377893447876,0.03297154976618734,1.0,72.08090750752665,0.6320673227310181,0.125,0.828125,0.498046875,0.0
6,r5-f1-de4899e05b0aa7f3d8373171,30,1,0.05,0.012881994247436523,0.06995688378810883,0.09578784991843424,1.0,72.66370526746013,0.6330790519714355,0.111328125,0.828125,0.498046875,0.0
6,r5-f1-de4899e05b0aa7f3d8373171,31,2,0.05,0.014268875122070312,0.05894540250301361,0.1016934399819168,1.0,73.19693667197487,0.6340106129646301,0.103515625,0.8359375,0.498046875,0.0
6,r5-f1-de4899e05b0aa7f3d8373171,32,3,0.05,0.005089521408081055,0.048835039138793945,0.0295910754966124,1.0,73.68455522036359,0.6348674297332764,0.099609375,0.83984375,0.498046875,0.0
6,r5-f1-de4899e05b0aa7f3d8373171,33,0,0.05,0.002789020538330078,0.04689405858516693,0.02584059840279405,1.0,74.13024312555159,0.6356545686721802,0.08984375,0.83984375,0.498046875,0.0
6,r5-f1-de4899e05b0aa7f3d8373171,34,1,0.05,0.008406877517700195,0.02483949065208435,0.06329703507888831,1.0,74.53732778349185,0.6363768577575684,0.08984375,0.84375,0.498046875,0.0
6,r5-f1-de4899e05b0aa7f3d8373171,35,2,0.05,0.007263898849487305,0.020090296864509583,0.06012370201373038,1.0,74.90904410073038,0.637039065361023,0.0859375,0.84375,0.498046875,0.0
6,r5-f1-de4899e05b0aa7f3d8373171,36,3,0.05,0.0035114288330078125,0.017379984259605408,0.0221926729571212,1.0,75.24833727452115,0.6376458406448364,0.078125,0.84375,0.498046875,0.0
6,r5-f1-de4899e05b0aa7f3d8373171,37,0,0.05,0.0025516748428344727,0.01668255776166916,0.03466630407293373,1.0,75.5579014649318,0.6382013559341431,0.080078125,0.84375,0.498046875,0.0
6,r5-f1-de4899e05b0aa7f3d8373171,38,1,0.05,0.006097316741943359,0.013443700969219208,0.04879914849453533,1.0,75.84021318383053,0.6387096047401428,0.080078125,0.84375,0.498046875,0.0
6,r5-f1-de4899e05b0aa7f3d8373171,39,2,0.05,0.007214069366455078,0.009313009679317474,0.05471099744646196,1.0,76.09756649347338,0.6391741633415222,0.076171875,0.84765625,0.498046875,0.0
6,r5-f1-de4899e05b0aa7f3d8373171,40,3,0.05,0.0025115013122558594,0.008269809186458588,0.01665623323983869,1.0,76.33216208619397,0.6395988464355469,0.076171875,0.84375,0.498046875,0.0
6,r5-f1-de4899e05b0aa7f3d8373171,41,0,0.05,0.001679062843322754,0.00782233476638794,0.018515305766176635,1.0,76.54592598055974,0.6399866938591003,0.072265625,0.84375,0.498046875,0.0
6,r5-f1-de4899e05b0aa7f3d8373171,42,1,0.05,0.00627589225769043,0.007055506110191345,0.06864976264939897,1.0,76.74061122383968,0.6403406262397766,0.068359375,0.84375,0.498046875,0.0
6,r5-f1-de4899e05b0aa7f3d8373171,43,2,0.05,0.004992485046386719,0.006118908524513245,0.03800190810782658,1.0,76.91790361302473,0.6406636834144592,0.068359375,0.84375,0.498046875,0.0
6,r5-f1-de4899e05b0aa7f3d8373171,44,3,0.05,0.0021202564239501953,0.0057290345430374146,0.01141687158627462,1.0,77.07933935253372,0.6409583687782288,0.068359375,0.8515625,0.498046875,0.0
6,r5-f1-de4899e05b0aa7f3d8373171,45,0,0.05,0.0012636184692382812,0.005557343363761902,0.011320120053267975,1.0,77.2262908681648,0.6412270665168762,0.064453125,0.84765625,0.498046875,0.0
6,r5-f1-de4899e05b0aa7f3d8373171,46,1,0.05,0.004213571548461914,0.005015566945075989,0.030865869017048787,1.0,77.36000695805386,0.6414719223976135,0.064453125,0.84765625,0.498046875,0.0
6,r5-f1-de4899e05b0aa7f3d8373171,47,2,0.05,0.003907203674316406,0.00436796247959137,0.025764277317579472,1.0,77.48165765439886,0.6416950225830078,0.0625,0.84375,0.498046875,0.0
6,r5-f1-de4899e05b0aa7f3d8373171,48,3,0.05,0.0018014907836914062,0.004162460565567017,0.009261346952587601,1.0,77.59232129007134,0.6418982744216919,0.0625,0.8515625,0.498046875,0.0
6,r5-f1-de4899e05b0aa7f3d8373171,49,0,0.05,0.0008862614631652832,0.004043538123369217,0.00712583289000389,1.0,77.69297135112159,0.6420832872390747,0.0625,0.8515625,0.498046875,0.0
6,r5-f1-de4899e05b0aa7f3d8373171,50,1,0.05,0.003538966178894043,0.0037392936646938324,0.021987332366477638,1.0,77.78444461820862,0.6422516703605652,0.0625,0.8515625,0.498046875,0.0
6,r5-f1-de4899e05b0aa7f3d8373171,51,2,0.05,0.0027294158935546875,0.003455888479948044,0.014956084343101838,1.0,77.86758856497852,0.6424048542976379,0.060546875,0.8515625,0.498046875,0.0
6,r5-f1-de4899e05b0aa7f3d8373171,52,3,0.05,0.001299142837524414,0.0033176206052303314,0.006760349597605301,1.0,77.94316955182643,0.6425442695617676,0.060546875,0.8515625,0.498046875,0.0
6,r5-f1-de4899e05b0aa7f3d8373171,53,0,0.05,0.0007475018501281738,0.0032048597931861877,0.005731487198458403,1.0,78.01185287691646,0.6426710486412048,0.060546875,0.84765625,0.498046875,0.0
6,r5-f1-de4899e05b0aa7f3d8373171,54,1,0.05,0.0038989782333374023,0.0030674636363983154,0.030992262787883213,1.0,78.07421947351526,0.6427862644195557,0.0625,0.8515625,0.498046875,0.0
6,r5-f1-de4899e05b0aa7f3d8373171,55,2,0.05,0.002243518829345703,0.0027568042278289795,0.01192224615006634,1.0,78.13083836209788,0.6428909301757812,0.0625,0.84765625,0.498046875,0.0
6,r5-f1-de4899e05b0aa7f3d8373171,56,3,0.05,0.001245737075805664,0.0026776939630508423,0.006555275964298236,1.0,78.1822654608448,0.6429861187934875,0.0625,0.8515625,0.498046875,0.0
6,r5-f1-de4899e05b0aa7f3d8373171,57,0,0.05,0.0006666183471679688,0.002614416182041168,0.005455927241196197,1.0,78.22896796774123,0.6430726051330566,0.0625,0.84765625,0.498046875,0.0
6,r5-f1-de4899e05b0aa7f3d8373171,58,1,0.05,0.0036574602127075195,0.0024507641792297363,0.024561601784942176,1.0,78.27133040136407,0.6431511640548706,0.05859375,0.84765625,0.498046875,0.0
6,r5-f1-de4899e05b0aa7f3d8373171,59,2,0.05,0.002521514892578125,0.0022963285446166992,0.011134396613348623,1.0,78.30975907993852,0.643222451210022,0.05859375,0.84375,0.498046875,0.0
6,r5-f1-de4899e05b0aa7f3d8373171,60,3,0.05,0.0012433528900146484,0.0022415220737457275,0.0061288882392647355,1.0,78.34464027948742,0.643287181854248,0.060546875,0.84375,0.498046875,0.0
6,r5-f1-de4899e05b0aa7f3d8373171,61,0,0.05,0.0005767941474914551,0.002198595553636551,0.004129513601486121,1.0,78.37629559691857,0.6433460116386414,0.060546875,0.84375,0.498046875,0.0
6,r5-f1-de4899e05b0aa7f3d8373171,62,1,0.05,0.0028715133666992188,0.0021147169172763824,0.018917660246959817,1.0,78.40498658390048,0.6433993577957153,0.060546875,0.84375,0.498046875,0.0
6,r5-f1-de4899e05b0aa7f3d8373171,63,2,0.05,0.0021865367889404297,0.002007175236940384,0.011444722842223304,1.0,78.43100370578043,0.6434478163719177,0.05859375,0.84375,0.498046875,0.0
6,r5-f1-de4899e05b0aa7f3d8373171,64,3,0.05,0.001190185546875,0.0019689686596393585,0.0050122821956941396,1.0,78.45460529006782,0.6434917449951172,0.060546875,0.84375,0.498046875,0.0
6,r5-f1-de4899e05b0aa7f3d8373171,65,0,0.05,0.0005698800086975098,0.0019491948187351227,0.003689291125232971,1.0,78.47600921341363,0.6435316205024719,0.0625,0.84375,0.498046875,0.0
6,r5-f1-de4899e05b0aa7f3d8373171,66,1,0.05,0.0027266740798950195,0.0018984265625476837,0.0155461220615639,1.0,78.49538321390772,0.6435678005218506,0.060546875,0.84375,0.498046875,0.0
6,r5-f1-de4899e05b0aa7f3d8373171,67,2,0.05,0.0023200511932373047,0.0018728412687778473,0.016034605602462226,1.0,78.51292081372605,0.643600583076477,0.056640625,0.84375,0.498046875,0.0
6,r5-f1-de4899e05b0aa7f3d8373171,68,3,0.05,0.001095414161682129,0.0018601082265377045,0.005255161349054131,1.0,78.5288236528182,0.64363032579422,0.060546875,0.84375,0.498046875,0.0
6,r5-f1-de4899e05b0aa7f3d8373171,69,0,0.05,0.0005710721015930176,0.0018490813672542572,0.004279973012809843,1.0,78.54323795584276,0.6436573266983032,0.060546875,0.84375,0.498046875,0.0
6,r5-f1-de4899e05b0aa7f3d8373171,70,1,0.05,0.002655625343322754,0.0017713718116283417,0.015371772021068101,1.0,78.55626558948059,0.6436817646026611,0.060546875,0.84375,0.498046875,0.0
6,r5-f1-de4899e05b0aa7f3d8373171,71,2,0.05,0.002038240432739258,0.0017585419118404388,0.010891718661270698,1.0,78.56806060520245,0.643703818321228,0.060546875,0.84375,0.498046875,0.0
6,r5-f1-de4899e05b0aa7f3d8373171,72,3,0.05,0.0009273290634155273,0.0017386414110660553,0.0037346274656663747,1.0,78.57875124897416,0.6437239050865173,0.060546875,0.84375,0.498046875,0.0
6,r5-f1-de4899e05b0aa7f3d8373171,73,0,0.05,0.00045669078826904297,0.0017255209386348724,0.0030096959868580984,1.0,78.58843738211591,0.6437421441078186,0.05859375,0.84375,0.498046875,0.0
6,r5-f1-de4899e05b0aa7f3d8373171,74,1,0.05,0.0021222829818725586,0.0016295723617076874,0.011930464862538025,1.0,78.59718723661835,0.6437585949897766,0.060546875,0.84375,0.498046875,0.0
6,r5-f1-de4899e05b0aa7f3d8373171,75,2,0.05,0.0014634132385253906,0.0015634410083293915,0.007555706937418651,1.0,78.60510328957211,0.6437734961509705,0.060546875,0.84375,0.498046875,0.0
6,r5-f1-de4899e05b0aa7f3d8373171,76,3,0.05,0.0010113716125488281,0.0015489421784877777,0.004909950905915762,1.0,78.6122793420313,0.6437870264053345,0.05859375,0.84375,0.498046875,0.0
6,r5-f1-de4899e05b0aa7f3d8373171,77,0,0.05,0.0004622936248779297,0.0015417858958244324,0.003917958686941743,1.0,78.61877716061844,0.6437993049621582,0.056640625,0.84375,0.498046875,0.0
6,r5-f1-de4899e05b0aa7f3d8373171,78,1,0.05,0.0023238658905029297,0.0015075579285621643,0.013185008577785318,1.0,78.62463504256336,0.6438103914260864,0.05859375,0.84375,0.498046875,0.0
6,r5-f1-de4899e05b0aa7f3d8373171,79,2,0.05,0.0016508102416992188,0.0014740750193595886,0.00901291259135293,1.0,78.62993456762882,0.6438204646110535,0.05859375,0.84765625,0.498046875,0.0
6,r5-f1-de4899e05b0aa7f3d8373171,80,3,0.05,0.0007864236831665039,0.0014488399028778076,0.004038129675132056,1.0,78.63473695631794,0.6438295841217041,0.05859375,0.84765625,0.498046875,0.0
6,r5-f1-de4899e05b0aa7f3d8373171,81,0,0.05,0.0004372894763946533,0.001440552994608879,0.0034778846894721635,1.0,78.63908340456545,0.6438378691673279,0.05859375,0.84375,0.498046875,0.0
6,r5-f1-de4899e05b0aa7f3d8373171,82,1,0.05,0.0023822784423828125,0.0014190282672643661,0.016740035894435623,1.0,78.64300646554254,0.6438453197479248,0.05859375,0.84375,0.498046875,0.0
6,r5-f1-de4899e05b0aa7f3d8373171,83,2,0.05,0.0014660358428955078,0.0013656523078680038,0.009969198327268428,1.0,78.64654996362552,0.6438520550727844,0.056640625,0.84375,0.498046875,0.0
6,r5-f1-de4899e05b0aa7f3d8373171,84,3,0.05,0.0008208751678466797,0.0013484936207532883,0.003954231186535982,1.0,78.64976598504734,0.6438581943511963,0.056640625,0.84375,0.498046875,0.0
6,r5-f1-de4899e05b0aa7f3d8373171,85,0,0.05,0.00041940808296203613,0.001339014619588852,0.002926605083494112,1.0,78.65267608167224,0.6438637375831604,0.05859375,0.84375,0.498046875,0.0
6,r5-f1-de4899e05b0aa7f3d8373171,86,1,0.05,0.0018576383590698242,0.0012891404330730438,0.010657034484296841,1.0,78.65529848464817,0.6438687443733215,0.056640625,0.84375,0.498046875,0.0
6,r5-f1-de4899e05b0aa7f3d8373171,87,2,0.05,0.001596689224243164,0.001261543482542038,0.010342339955152305,1.0,78.65767127274901,0.6438733339309692,0.05859375,0.84375,0.498046875,0.0
6,r5-f1-de4899e05b0aa7f3d8373171,88,3,0.05,0.0006948709487915039,0.0012470148503780365,0.003033558610257976,1.0,78.65982327833156,0.6438774466514587,0.0546875,0.84375,0.498046875,0.0
6,r5-f1-de4899e05b0aa7f3d8373171,89,0,0.05,0.0003452897071838379,0.0012400522828102112,0.002452983594568566,1.0,78.66176891105795,0.6438812017440796,0.056640625,0.84375,0.498046875,0.0
6,r5-f1-de4899e05b0aa7f3d8373171,90,1,0.05,0.002011895179748535,0.0012331530451774597,0.011560635374272987,1.0,78.66351354463274,0.6438845992088318,0.056640625,0.84375,0.498046875,0.0
6,r5-f1-de4899e05b0aa7f3d8373171,91,2,0.05,0.0013442039489746094,0.0012257024645805359,0.009450105540317688,1.0,78.66509409026544,0.6438875794410706,0.05859375,0.84375,0.498046875,0.0
6,r5-f1-de4899e05b0aa7f3d8373171,92,3,0.05,0.0006958246231079102,0.0012059807777404785,0.0031698104233980665,1.0,78.66653021607658,0.643890380859375,0.05859375,0.84375,0.498046875,0.0
6,r5-f1-de4899e05b0aa7f3d8373171,93,0,0.05,0.0004016458988189697,0.0012021902948617935,0.002997665914333139,1.0,78.667824549186,0.6438928842544556,0.05859375,0.84375,0.498046875,0.0
6,r5-f1-de4899e05b0aa7f3d8373171,94,1,0.05,0.0014727115631103516,0.0011489931493997574,0.008377594821281033,1.0,78.66899153258355,0.6438950896263123,0.05859375,0.84375,0.498046875,0.0
6,r5-f1-de4899e05b0aa7f3d8373171,95,2,0.05,0.0013148784637451172,0.001127997413277626,0.010505952469896931,1.0,78.67003539194062,0.6438971161842346,0.056640625,0.84375,0.498046875,0.0
6,r5-f1-de4899e05b0aa7f3d8373171,96,3,0.05,0.0006693601608276367,0.0011206809431314468,0.0033584362937215738,1.0,78.67098355129878,0.6438989639282227,0.05859375,0.84375,0.498046875,0.0
6,r5-f1-de4899e05b0aa7f3d8373171,97,0,0.05,0.0003401637077331543,0.0011146105825901031,0.002681212414991926,1.0,78.67183739593501,0.6439005732536316,0.056640625,0.84375,0.498046875,0.0
6,r5-f1-de4899e05b0aa7f3d8373171,98,1,0.05,0.0015636682510375977,0.0010634474456310272,0.008780688883887347,1.0,78.67259954385544,0.643902063369751,0.056640625,0.84375,0.498046875,0.0
6,r5-f1-de4899e05b0aa7f3d8373171,99,2,0.05,0.0010232925415039062,0.0010357759892940521,0.0073185599738596905,1.0,78.67328014023684,0.643903374671936,0.056640625,0.84375,0.498046875,0.0
6,r5-f1-de4899e05b0aa7f3d8373171,100,3,0.05,0.0006679296493530273,0.0010262168943881989,0.003748805092480562,1.0,78.67389922540346,0.6439045667648315,0.05859375,0.84375,0.498046875,0.0
6,r5-f1-de4899e05b0aa7f3d8373171,101,0,0.05,0.00032454729080200195,0.0010202880948781967,0.0030999132278101086,1.0,78.67445657196073,0.6439056396484375,0.056640625,0.84375,0.498046875,0.0
6,r5-f1-de4899e05b0aa7f3d8373171,102,1,0.05,0.0013434290885925293,0.0009881500154733658,0.0072390180749111995,1.0,78.67495147883268,0.6439066529273987,0.05859375,0.84375,0.498046875,0.0
6,r5-f1-de4899e05b0aa7f3d8373171,103,2,0.05,0.0009037256240844727,0.0009448397904634476,0.007413707518129375,1.0,78.67538828113084,0.6439074873924255,0.0546875,0.84375,0.498046875,0.0
6,r5-f1-de4899e05b0aa7f3d8373171,104,3,0.05,0.0005685091018676758,0.0009369421750307083,0.002716980455066906,1.0,78.6757851868876,0.6439082622528076,0.0546875,0.84375,0.498046875,0.0
6,r5-f1-de4899e05b0aa7f3d8373171,105,0,0.05,0.00028082728385925293,0.0009329132735729218,0.0027607222003770263,1.0,78.67614145060426,0.6439089775085449,0.0546875,0.84375,0.498046875,0.0
6,r5-f1-de4899e05b0aa7f3d8373171,106,1,0.05,0.0012903213500976562,0.0008878149092197418,0.006550974274000215,1.0,78.67645045991344,0.6439095735549927,0.056640625,0.84375,0.498046875,0.0
6,r5-f1-de4899e05b0aa7f3d8373171,107,2,0.05,0.0010540485382080078,0.0008696801960468292,0.007965453742854792,1.0,78.6767221391561,0.6439101696014404,0.0546875,0.84375,0.498046875,0.0
6,r5-f1-de4899e05b0aa7f3d8373171,108,3,0.05,0.00042760372161865234,0.0008529163897037506,0.0020627546049969457,1.0,78.67697088413969,0.6439106464385986,0.056640625,0.84375,0.498046875,0.0
6,r5-f1-de4899e05b0aa7f3d8373171,109,0,0.05,0.00027438998222351074,0.0008449628949165344,0.002543145541826526,1.0,78.67719248759083,0.6439111232757568,0.0546875,0.84375,0.498046875,0.0
6,r5-f1-de4899e05b0aa7f3d8373171,110,1,0.05,0.0013895034790039062,0.0008397623896598816,0.008441375618087409,1.0,78.67737187484828,0.6439114809036255,0.056640625,0.84375,0.498046875,0.0
6,r5-f1-de4899e05b0aa7f3d8373171,111,2,0.05,0.0008596181869506836,0.0008113086223602295,0.0067468365429183925,1.0,78.67752907178229,0.6439118385314941,0.056640625,0.84375,0.498046875,0.0
6,r5-f1-de4899e05b0aa7f3d8373171,112,3,0.05,0.0005193948745727539,0.0008019357919692993,0.0028213034983001696,1.0,78.67767685642274,0.6439121961593628,0.056640625,0.84375,0.498046875,0.0
6,r5-f1-de4899e05b0aa7f3d8373171,113,0,0.05,0.0002523362636566162,0.0007964465767145157,0.0019187569058479613,1.0,78.67780816719493,0.6439124941825867,0.0546875,0.84375,0.498046875,0.0
6,r5-f1-de4899e05b0aa7f3d8373171,114,1,0.05,0.0015548467636108398,0.0007958952337503433,0.01179829484606455,1.0,78.6779264396628,0.6439127922058105,0.0546875,0.83984375,0.498046875,0.0
6,r5-f1-de4899e05b0aa7f3d8373171,115,2,0.05,0.0008535385131835938,0.0007852856069803238,0.005924860687251362,1.0,78.67803002275996,0.6439130306243896,0.056640625,0.84375,0.498046875,0.0
6,r5-f1-de4899e05b0aa7f3d8373171,116,3,0.05,0.0005404949188232422,0.0007773209363222122,0.003885521281116517,1.0,78.67812670003036,0.6439132690429688,0.056640625,0.84375,0.498046875,0.0
6,r5-f1-de4899e05b0aa7f3d8373171,117,0,0.05,0.0002580583095550537,0.000773165374994278,0.002290890661840094,1.0,78.67821223318812,0.6439135074615479,0.0546875,0.84375,0.498046875,0.0
6,r5-f1-de4899e05b0aa7f3d8373171,118,1,0.05,0.0014290809631347656,0.0007785186171531677,0.012010219695562365,1.0,78.67829931532924,0.6439136862754822,0.056640625,0.84375,0.498046875,0.0
6,r5-f1-de4899e05b0aa7f3d8373171,119,2,0.05,0.0006998777389526367,0.000765778124332428,0.004623281608567008,1.0,78.67837886504913,0.6439138650894165,0.056640625,0.84375,0.498046875,0.0
6,r5-f1-de4899e05b0aa7f3d8373171,120,3,0.05,0.0005661249160766602,0.0007656291127204895,0.0037233594282010275,1.0,78.67845292221236,0.6439140439033508,0.056640625,0.84375,0.498046875,0.0
6,r5-f1-de4899e05b0aa7f3d8373171,121,0,0.05,0.0002472102642059326,0.000763528048992157,0.0021820527753732243,1.0,78.67851787162097,0.6439142227172852,0.056640625,0.84375,0.498046875,0.0
6,r5-f1-de4899e05b0aa7f3d8373171,122,1,0.05,0.001202702522277832,0.000758051872253418,0.005139082396081084,1.0,78.67855885266532,0.6439143419265747,0.056640625,0.84375,0.498046875,0.0
6,r5-f1-de4899e05b0aa7f3d8373171,123,2,0.05,0.0008016824722290039,0.0007422789931297302,0.006281071878158414,1.0,78.6785885597346,0.6439144611358643,0.056640625,0.84375,0.498046875,0.0
6,r5-f1-de4899e05b0aa7f3d8373171,124,3,0.05,0.000431060791015625,0.000742495059967041,0.0023000621346176107,1.0,78.67861737708907,0.643914520740509,0.056640625,0.84375,0.498046875,0.0
6,r5-f1-de4899e05b0aa7f3d8373171,125,0,0.05,0.00023218989372253418,0.00073985755443573,0.0017704302096021496,1.0,78.67864069228924,0.6439146399497986,0.056640625,0.83984375,0.498046875,0.0
6,r5-f1-de4899e05b0aa7f3d8373171,126,1,0.05,0.0012040138244628906,0.0007282644510269165,0.007122258741462133,1.0,78.6786646047443,0.6439146995544434,0.056640625,0.84375,0.498046875,0.0
6,r5-f1-de4899e05b0aa7f3d8373171,127,2,0.05,0.0007266998291015625,0.0007199570536613464,0.005457146248836384,1.0,78.67868063550138,0.6439146995544434,0.056640625,0.84375,0.498046875,0.0
6,r5-f1-de4899e05b0aa7f3d8373171,128,3,0.05,0.00040793418884277344,0.0007129907608032227,0.0024012839286857704,1.0,78.67869645022776,0.6439147591590881,0.056640625,0.84375,0.498046875,0.0
6,r5-f1-de4899e05b0aa7f3d8373171,129,0,0.05,0.00019225478172302246,0.000709235668182373,0.0014168264342183626,1.0,78.6787082730983,0.6439147591590881,0.0546875,0.84375,0.498046875,0.0
6,r5-f1-de4899e05b0aa7f3d8373171,130,1,0.05,0.0012203454971313477,0.0006883293390274048,0.008435593012207039,1.0,78.67870811660876,0.6439147591590881,0.056640625,0.84375,0.498046875,0.0
6,r5-f1-de4899e05b0aa7f3d8373171,131,2,0.05,0.0005726814270019531,0.0006707757711410522,0.0041439131693942755,1.0,78.67870309178814,0.6439147591590881,0.056640625,0.84375,0.498046875,0.0
6,r5-f1-de4899e05b0aa7f3d8373171,132,3,0.05,0.0003902912139892578,0.0006613880395889282,0.002488264954047624,1.0,78.67870132991169,0.6439148187637329,0.0546875,0.84375,0.498046875,0.0
6,r5-f1-de4899e05b0aa7f3d8373171,133,0,0.05,0.00019715726375579834,0.0006575817242264748,0.0015209750503838988,1.0,78.6786963114884,0.6439148187637329,0.056640625,0.84375,0.498046875,0.0
6,r5-f1-de4899e05b0aa7f3d8373171,134,1,0.05,0.001259446144104004,0.0006469795480370522,0.009212911860801185,1.0,78.678686708627,0.6439148187637329,0.056640625,0.83984375,0.498046875,0.0
6,r5-f1-de4899e05b0aa7f3d8373171,135,2,0.05,0.0007588863372802734,0.0006506675854325294,0.00627357580478969,1.0,78.67867171753292,0.6439148187637329,0.0546875,0.84375,0.498046875,0.0
6,r5-f1-de4899e05b0aa7f3d8373171,136,3,0.05,0.00036412477493286133,0.000638042576611042,0.0018585249733253436,1.0,78.67866004933543,0.6439148187637329,0.0546875,0.84375,0.498046875,0.0
6,r5-f1-de4899e05b0aa7f3d8373171,137,0,0.05,0.00019453465938568115,0.0006347503513097763,0.0015867198655141108,1.0,78.6786459997265,0.6439148187637329,0.0546875,0.84375,0.498046875,0.0
6,r5-f1-de4899e05b0aa7f3d8373171,138,1,0.05,0.0010845661163330078,0.0006273668259382248,0.006818231909852315,1.0,78.6786253430325,0.6439148187637329,0.0546875,0.83984375,0.498046875,0.0
6,r5-f1-de4899e05b0aa7f3d8373171,139,2,0.05,0.0006734132766723633,0.0006193500012159348,0.005488344346410135,1.0,78.67859999250234,0.6439148187637329,0.0546875,0.84375,0.498046875,0.0
6,r5-f1-de4899e05b0aa7f3d8373171,140,3,0.05,0.0003745555877685547,0.0006158184260129929,0.0019938476908542345,1.0,78.67858092472044,0.6439148187637329,0.056640625,0.84375,0.498046875,0.0
6,r5-f1-de4899e05b0aa7f3d8373171,141,0,0.05,0.00020276010036468506,0.0006139790639281273,0.001870330179210869,1.0,78.67856144244752,0.6439148187637329,0.056640625,0.84375,0.498046875,0.0
6,r5-f1-de4899e05b0aa7f3d8373171,142,1,0.05,0.0010436177253723145,0.0006039543077349663,0.007433565501887467,1.0,78.67853383107932,0.6439148187637329,0.0546875,0.84375,0.498046875,0.0
6,r5-f1-de4899e05b0aa7f3d8373171,143,2,0.05,0.0005692243576049805,0.0005941120907664299,0.004082780733953162,1.0,78.67850734092843,0.6439148187637329,0.0546875,0.84375,0.498046875,0.0
6,r5-f1-de4899e05b0aa7f3d8373171,144,3,0.05,0.0003619194030761719,0.0005912361666560173,0.0022411331638782527,1.0,78.67848779235631,0.6439148187637329,0.0546875,0.84375,0.498046875,0.0
6,r5-f1-de4899e05b0aa7f3d8373171,145,0,0.05,0.00018952786922454834,0.0005910657346248627,0.0016859482524213929,1.0,78.6784689257272,0.6439148187637329,0.056640625,0.83984375,0.498046875,0.0
6,r5-f1-de4899e05b0aa7f3d8373171,146,1,0.05,0.0010425448417663574,0.0005799531936645508,0.00612761110486901,1.0,78.67845805322888,0.6439148783683777,0.056640625,0.83984375,0.498046875,0.0
6,r5-f1-de4899e05b0aa7f3d8373171,147,2,0.05,0.0006827116012573242,0.0005868300795555115,0.005560187397741672,1.0,78.67844379879571,0.6439148187637329,0.056640625,0.84375,0.498046875,0.0
6,r5-f1-de4899e05b0aa7f3d8373171,148,3,0.05,0.0003470182418823242,0.0005841255187988281,0.0021105192310846613,1.0,78.67843342507632,0.6439148783683777,0.056640625,0.84375,0.498046875,0.0
6,r5-f1-de4899e05b0aa7f3d8373171,149,0,0.05,0.00018428266048431396,0.0005833208560943604,0.001789888876581651,1.0,78.67842123128153,0.6439148783683777,0.056640625,0.84375,0.498046875,0.0
6,r5-f1-de4899e05b0aa7f3d8373171,150,1,0.05,0.0008131265640258789,0.0005554258823394775,0.0037664916511683856,1.0,78.67840706966209,0.6439148187637329,0.0546875,0.84375,0.498046875,0.0
6,r5-f1-de4899e05b0aa7f3d8373171,151,2,0.05,0.0005800724029541016,0.0005442500114440918,0.004703834270256229,1.0,78.67838814156335,0.6439148187637329,0.0546875,0.84375,0.498046875,0.0
6,r5-f1-de4899e05b0aa7f3d8373171,152,3,0.05,0.0003795027732849121,0.000545211136341095,0.002212484629140344,1.0,78.6783748420431,0.6439148187637329,0.0546875,0.83984375,0.498046875,0.0
6,r5-f1-de4899e05b0aa7f3d8373171,153,0,0.05,0.00016258656978607178,0.0005432143807411194,0.0013078497222591963,1.0,78.67836055767751,0.6439147591590881,0.0546875,0.84375,0.498046875,0.0
6,r5-f1-de4899e05b0aa7f3d8373171,154,1,0.05,0.0010248422622680664,0.0005394816398620605,0.008908115318914807,1.0,78.67835035908007,0.6439147591590881,0.056640625,0.84375,0.498046875,0.0
6,r5-f1-de4899e05b0aa7f3d8373171,155,2,0.05,0.0005333423614501953,0.000530727207660675,0.003961918429007788,1.0,78.67833624473715,0.6439148187637329,0.056640625,0.84375,0.498046875,0.0
6,r5-f1-de4899e05b0aa7f3d8373171,156,3,0.05,0.00031876564025878906,0.0005272403359413147,0.0018609787380919308,1.0,78.678327478517,0.6439148187637329,0.056640625,0.84375,0.498046875,0.0
6,r5-f1-de4899e05b0aa7f3d8373171,157,0,0.05,0.00016282498836517334,0.0005247443914413452,0.0014458809076666188,1.0,78.67831598828062,0.6439147591590881,0.056640625,0.84375,0.498046875,0.0
6,r5-f1-de4899e05b0aa7f3d8373171,158,1,0.05,0.000922858715057373,0.0005171969532966614,0.005069548334999897,1.0,78.67830254323799,0.6439147591590881,0.0546875,0.83984375,0.498046875,0.0
6,r5-f1-de4899e05b0aa7f3d8373171,159,2,0.05,0.0005353689193725586,0.000515080988407135,0.004148567250753919,1.0,78.67828883723581,0.6439147591590881,0.056640625,0.84375,0.498046875,0.0
6,r5-f1-de4899e05b0aa7f3d8373171,160,3,0.05,0.0003464221954345703,0.0005141124129295349,0.002222941815962748,1.0,78.67828001502598,0.6439147591590881,0.0546875,0.84375,0.498046875,0.0
6,r5-f1-de4899e05b0aa7f3d8373171,161,0,0.05,0.000162467360496521,0.0005124211311340332,0.0016387411802958763,1.0,78.67826979664949,0.6439146995544434,0.0546875,0.84375,0.498046875,0.0
6,r5-f1-de4899e05b0aa7f3d8373171,162,1,0.05,0.0007984042167663574,0.0004971623420715332,0.0037081415587767244,1.0,78.67825588430249,0.6439146995544434,0.056640625,0.84375,0.498046875,0.0
6,r5-f1-de4899e05b0aa7f3d8373171,163,2,0.05,0.0005831718444824219,0.0004909411072731018,0.005211387679392744,1.0,78.6782336183319,0.6439146399497986,0.056640625,0.84375,0.498046875,0.0
6,r5-f1-de4899e05b0aa7f3d8373171,164,3,0.05,0.0002735257148742676,0.00048634782433509827,0.0015415725617396912,1.0,78.67821510600271,0.6439145803451538,0.056640625,0.84375,0.498046875,0.0
6,r5-f1-de4899e05b0aa7f3d8373171,165,0,0.05,0.0001579374074935913,0.0004847012460231781,0.0012904377264874509,1.0,78.67819566642171,0.643914520740509,0.05859375,0.84375,0.498046875,0.0
6,r5-f1-de4899e05b0aa7f3d8373171,166,1,0.05,0.0009905099868774414,0.0004957877099514008,0.006727329267303051,1.0,78.67817545298227,0.643914520740509,0.056640625,0.84375,0.498046875,0.0
6,r5-f1-de4899e05b0aa7f3d8373171,167,2,0.05,0.0005086660385131836,0.0004913248121738434,0.0034884169769544633,1.0,78.6781562968261,0.643914520740509,0.0546875,0.84375,0.498046875,0.0
6,r5-f1-de4899e05b0aa7f3d8373171,168,3,0.05,0.0002873539924621582,0.00048556551337242126,0.0018255711350734307,1.0,78.67813814331882,0.6439144611358643,0.0546875,0.84375,0.498046875,0.0
6,r5-f1-de4899e05b0aa7f3d8373171,169,0,0.05,0.00014959275722503662,0.00048475340008735657,0.0011669384250594043,1.0,78.67811947039647,0.6439144015312195,0.0546875,0.84375,0.498046875,0.0
6,r5-f1-de4899e05b0aa7f3d8373171,170,1,0.05,0.000988602638244629,0.0004824884235858917,0.0076897899554103765,1.0,78.67810613306314,0.6439144015312195,0.0546875,0.84375,0.498046875,0.0
6,r5-f1-de4899e05b0aa7f3d8373171,171,2,0.05,0.0005353689193725586,0.00048261508345603943,0.00462850157400419,1.0,78.67808907985201,0.6439144015312195,0.052734375,0.84375,0.498046875,0.0
6,r5-f1-de4899e05b0aa7f3d8373171,172,3,0.05,0.00025385618209838867,0.0004785582423210144,0.001540207032927202,1.0,78.67807480552437,0.6439143419265747,0.0546875,0.84375,0.498046875,0.0
6,r5-f1-de4899e05b0aa7f3d8373171,173,0,0.05,0.0001288577914237976,0.0004764352925121784,0.001166598708273737,1.0,78.67805968940384,0.6439143419265747,0.0546875,0.84375,0.498046875,0.0
6,r5-f1-de4899e05b0aa7f3d8373171,174,1,0.05,0.0009163022041320801,0.0004760255105793476,0.0056809250442668045,1.0,78.67804001134944,0.6439143419265747,0.0546875,0.84375,0.498046875,0.0
6,r5-f1-de4899e05b0aa7f3d8373171,175,2,0.05,0.0004856586456298828,0.0004729186184704304,0.00473889469743471,1.0,78.67801658869658,0.6439143419265747,0.052734375,0.84375,0.498046875,0.0
6,r5-f1-de4899e05b0aa7f3d8373171,176,3,0.05,0.00026470422744750977,0.0004678112454712391,0.001604896946378466,1.0,78.67799924114364,0.6439143419265747,0.056640625,0.84375,0.498046875,0.0
6,r5-f1-de4899e05b0aa7f3d8373171,177,0,0.05,0.0001420825719833374,0.0004665371961891651,0.0011923776791573997,1.0,78.67798119622255,0.6439142823219299,0.052734375,0.84375,0.498046875,0.0
6,r5-f1-de4899e05b0aa7f3d8373171,178,1,0.05,0.000808417797088623,0.0004671630449593067,0.0059037770484976874,1.0,78.67796687030535,0.6439142823219299,0.052734375,0.84375,0.498046875,0.0
6,r5-f1-de4899e05b0aa7f3d8373171,179,2,0.05,0.00047004222869873047,0.000460092443972826,0.0033262398988694645,1.0,78.67795664928886,0.6439142823219299,0.052734375,0.84375,0.498046875,0.0
6,r5-f1-de4899e05b0aa7f3d8373171,180,3,0.05,0.00024634599685668945,0.00045839371159672737,0.0015303889482452318,1.0,78.67794940784604,0.6439142823219299,0.0546875,0.84375,0.498046875,0.0
6,r5-f1-de4899e05b0aa7f3d8373171,181,0,0.05,0.00014184415340423584,0.00045738788321614265,0.0012969302803278852,1.0,78.67794102338858,0.6439142823219299,0.0546875,0.84375,0.498046875,0.0
6,r5-f1-de4899e05b0aa7f3d8373171,182,1,0.05,0.000910341739654541,0.0004523773677647114,0.006655523871005101,1.0,78.67794089618182,0.6439142823219299,0.0546875,0.84375,0.498046875,0.0
6,r5-f1-de4899e05b0aa7f3d8373171,183,2,0.05,0.00044226646423339844,0.0004482273943722248,0.0035689465382326897,1.0,78.67793914092728,0.6439143419265747,0.0546875,0.84375,0.498046875,0.0
6,r5-f1-de4899e05b0aa7f3d8373171,184,3,0.05,0.00025731325149536133,0.0004463498480618,0.001943218776615103,1.0,78.67793906199199,0.6439143419265747,0.0546875,0.84375,0.498046875,0.0
6,r5-f1-de4899e05b0aa7f3d8373171,185,0,0.05,0.00015209615230560303,0.0004465063102543354,0.0014625946410565035,1.0,78.67793598102335,0.6439143419265747,0.0546875,0.84375,0.498046875,0.0
6,r5-f1-de4899e05b0aa7f3d8373171,186,1,0.05,0.000911414623260498,0.0004416820593178272,0.005926152662260339,1.0,78.67794132738851,0.6439143419265747,0.0546875,0.84375,0.498046875,0.0
6,r5-f1-de4899e05b0aa7f3d8373171,187,2,0.05,0.0003472566604614258,0.0004299250431358814,0.0026651926949443246,1.0,78.6779437461583,0.6439144015312195,0.052734375,0.84375,0.498046875,0.0
6,r5-f1-de4899e05b0aa7f3d8373171,188,3,0.05,0.0002855658531188965,0.00043190689757466316,0.0023938287059802614,1.0,78.67794735031576,0.6439144015312195,0.052734375,0.84375,0.498046875,0.0
6,r5-f1-de4899e05b0aa7f3d8373171,189,0,0.05,0.00013624131679534912,0.00043236836791038513,0.001212829972453318,1.0,78.67794789635948,0.6439144015312195,0.0546875,0.84375,0.498046875,0.0
6,r5-f1-de4899e05b0aa7f3d8373171,190,1,0.05,0.0007445216178894043,0.0004216320812702179,0.00478832703114988,1.0,78.6779516532294,0.6439144015312195,0.0546875,0.84375,0.498046875,0.0
6,r5-f1-de4899e05b0aa7f3d8373171,191,2,0.05,0.00043845176696777344,0.00041868165135383606,0.003049830273983323,1.0,78.67795448392985,0.6439144611358643,0.0546875,0.84375,0.498046875,0.0
6,r5-f1-de4899e05b0aa7f3d8373171,192,3,0.05,0.000244140625,0.0004173964262008667,0.0015351546957357485,1.0,78.67795864592254,0.643914520740509,0.0546875,0.84375,0.498046875,0.0
6,r5-f1-de4899e05b0aa7f3d8373171,193,0,0.05,0.00015471875667572021,0.0004181861877441406,0.0017401807385517348,1.0,78.67795886459322,0.643914520740509,0.052734375,0.84375,0.498046875,0.0
6,r5-f1-de4899e05b0aa7f3d8373171,194,1,0.05,0.0008705854415893555,0.0004220716655254364,0.006477041759361836,1.0,78.67796254451211,0.643914520740509,0.0546875,0.84375,0.498046875,0.0
6,r5-f1-de4899e05b0aa7f3d8373171,195,2,0.05,0.00039780139923095703,0.00041755661368370056,0.003107055865793934,1.0,78.67796207289467,0.6439145803451538,0.052734375,0.84375,0.498046875,0.0
6,r5-f1-de4899e05b0aa7f3d8373171,196,3,0.05,0.00025159120559692383,0.0004178844392299652,0.0017126284719873937,1.0,78.67796233833123,0.6439145803451538,0.05078125,0.84375,0.498046875,0.0
6,r5-f1-de4899e05b0aa7f3d8373171,197,0,0.05,0.0001352950930595398,0.0004174751229584217,0.0011585629354483634,1.0,78.67795937184364,0.6439146399497986,0.052734375,0.84375,0.498046875,0.0
6,r5-f1-de4899e05b0aa7f3d8373171,198,1,0.05,0.0007590651512145996,0.00040802033618092537,0.004226481131536086,1.0,78.67794936790615,0.6439146399497986,0.05078125,0.84375,0.498046875,0.0
6,r5-f1-de4899e05b0aa7f3d8373171,199,2,0.05,0.0003764629364013672,0.0004039076156914234,0.0027046473454482205,1.0,78.67793894057283,0.6439146399497986,0.05078125,0.84375,0.498046875,0.0
6,r5-f1-de4899e05b0aa7f3d8373171,200,3,0.05,0.0002716183662414551,0.0004048016853630543,0.001887327780396426,1.0,78.67793262020663,0.6439146399497986,0.048828125,0.84375,0.498046875,0.0
6,r5-f1-de4899e05b0aa7f3d8373171,201,0,0.05,0.00013624131679534912,0.0004038107581436634,0.0012679063526549127,1.0,78.6779254090725,0.6439146995544434,0.05078125,0.84375,0.498046875,0.0
6,r5-f1-de4899e05b0aa7f3d8373171,202,1,0.05,0.0006966590881347656,0.00039038853719830513,0.0038955893222610023,1.0,78.67790718894538,0.6439146995544434,0.05078125,0.84375,0.498046875,0.0
6,r5-f1-de4899e05b0aa7f3d8373171,203,2,0.05,0.0003917217254638672,0.0003931676037609577,0.0029648971687788396,1.0,78.67788708605973,0.6439146995544434,0.048828125,0.84375,0.498046875,0.0
6,r5-f1-de4899e05b0aa7f3d8373171,204,3,0.05,0.00021088123321533203,0.00038849981501698494,0.0015426447807711603,1.0,78.67787055647234,0.6439146995544434,0.048828125,0.84375,0.498046875,0.0
6,r5-f1-de4899e05b0aa7f3d8373171,205,0,0.05,0.00012373179197311401,0.00038771796971559525,0.0011291620626335856,1.0,78.67785279824345,0.6439146399497986,0.05078125,0.84375,0.498046875,0.0
6,r5-f1-de4899e05b0aa7f3d8373171,206,1,0.05,0.0006241202354431152,0.0003801928833127022,0.0030968255598005914,1.0,78.6778353099065,0.6439146995544434,0.05078125,0.84375,0.498046875,0.0
6,r5-f1-de4899e05b0aa7f3d8373171,207,2,0.05,0.00039196014404296875,0.0003772871568799019,0.002946610315345339,1.0,78.67781665204281,0.6439146399497986,0.05078125,0.84375,0.498046875,0.0
6,r5-f1-de4899e05b0aa7f3d8373171,208,3,0.05,0.0002205371856689453,0.00037581194192171097,0.0015843308388991252,1.0,78.67780173476399,0.6439146399497986,0.048828125,0.84765625,0.498046875,0.0
6,r5-f1-de4899e05b0aa7f3d8373171,209,0,0.05,0.0001231357455253601,0.00037383800372481346,0.0011085428232005467,1.0,78.67778515486,0.6439146399497986,0.05078125,0.84375,0.498046875,0.0
6,r5-f1-de4899e05b0aa7f3d8373171,210,1,0.05,0.0006886720657348633,0.0003624684177339077,0.004913382884644894,1.0,78.67776559707347,0.6439146399497986,0.052734375,0.84375,0.498046875,0.0
6,r5-f1-de4899e05b0aa7f3d8373171,211,2,0.05,0.00035321712493896484,0.0003596819005906582,0.0022379775586290045,1.0,78.67774518922022,0.6439146399497986,0.05078125,0.84375,0.498046875,0.0
6,r5-f1-de4899e05b0aa7f3d8373171,212,3,0.05,0.00022411346435546875,0.00035796454176306725,0.001688590834621438,1.0,78.67772994781402,0.6439146399497986,0.05078125,0.84375,0.498046875,0.0
6,r5-f1-de4899e05b0aa7f3d8373171,213,0,0.05,0.00012969225645065308,0.0003576143644750118,0.0011878543826158126,1.0,78.67771382332413,0.6439146399497986,0.05078125,0.84375,0.498046875,0.0
6,r5-f1-de4899e05b0aa7f3d8373171,214,1,0.05,0.0006892681121826172,0.0003532520495355129,0.0037733635500842885,1.0,78.67769799165377,0.6439146399497986,0.052734375,0.84375,0.498046875,0.0
6,r5-f1-de4899e05b0aa7f3d8373171,215,2,0.05,0.00033789873123168945,0.00035084178671240807,0.0020986312355652298,1.0,78.67768258746004,0.6439145803451538,0.05078125,0.84375,0.498046875,0.0
6,r5-f1-de4899e05b0aa7f3d8373171,216,3,0.05,0.00022041797637939453,0.0003476417623460293,0.0017597584867624977,1.0,78.67767221415225,0.6439145803451538,0.052734375,0.84375,0.498046875,0.0
6,r5-f1-de4899e05b0aa7f3d8373171,217,0,0.05,0.00013446062803268433,0.00034753046929836273,0.001265996159876423,1.0,78.67766026199097,0.6439145803451538,0.05078125,0.84375,0.498046875,0.0
6,r5-f1-de4899e05b0aa7f3d8373171,218,1,0.05,0.0006409287452697754,0.00034404732286930084,0.003812055860321868,1.0,78.67765307588408,0.6439146399497986,0.052734375,0.84375,0.498046875,0.0
6,r5-f1-de4899e05b0aa7f3d8373171,219,2,0.05,0.0003342628479003906,0.00034045614302158356,0.00210235513528719,1.0,78.6776485096316,0.6439146399497986,0.05078125,0.84375,0.498046875,0.0
6,r5-f1-de4899e05b0aa7f3d8373171,220,3,0.05,0.0001862049102783203,0.0003389138728380203,0.0012122035335254365,1.0,78.67764705414665,0.6439146399497986,0.05078125,0.84375,0.498046875,0.0
6,r5-f1-de4899e05b0aa7f3d8373171,221,0,0.05,0.0001244470477104187,0.00033895857632160187,0.0011322412038492918,1.0,78.67764320083329,0.6439146399497986,0.05078125,0.84375,0.498046875,0.0
6,r5-f1-de4899e05b0aa7f3d8373171,222,1,0.05,0.0006501674652099609,0.0003405865281820297,0.0029357096486155965,1.0,78.6776349945174,0.6439146995544434,0.052734375,0.84375,0.498046875,0.0
6,r5-f1-de4899e05b0aa7f3d8373171,223,2,0.05,0.00034737586975097656,0.0003378000110387802,0.0025320986466373075,1.0,78.67762600116787,0.6439146995544434,0.052734375,0.84375,0.498046875,0.0
6,r5-f1-de4899e05b0aa7f3d8373171,224,3,0.05,0.0001862049102783203,0.00033565424382686615,0.0012622497428169484,1.0,78.67762014016218,0.6439147591590881,0.052734375,0.84375,0.498046875,0.0
6,r5-f1-de4899e05b0aa7f3d8373171,225,0,0.05,0.00012265890836715698,0.00033562444150447845,0.0012650094642089145,1.0,78.67761188486149,0.6439147591590881,0.052734375,0.84375,0.498046875,0.0
6,r5-f1-de4899e05b0aa7f3d8373171,226,1,0.05,0.0006827116012573242,0.00033525191247463226,0.005393008633402968,1.0,78.67761008096167,0.6439147591590881,0.052734375,0.84375,0.498046875,0.0
6,r5-f1-de4899e05b0aa7f3d8373171,227,2,0.05,0.0003274083137512207,0.00033363886177539825,0.0021863274270567646,1.0,78.6776045991481,0.6439147591590881,0.052734375,0.84375,0.498046875,0.0
6,r5-f1-de4899e05b0aa7f3d8373171,228,3,0.05,0.0001977384090423584,0.00033199042081832886,0.0018002743119335362,1.0,78.67760144844488,0.6439147591590881,0.052734375,0.84375,0.498046875,0.0
6,r5-f1-de4899e05b0aa7f3d8373171,229,0,0.05,0.00012301653623580933,0.0003315731883049011,0.0012781040228528953,1.0,78.67759565444058,0.6439147591590881,0.052734375,0.84375,0.498046875,0.0
6,r5-f1-de4899e05b0aa7f3d8373171,230,1,0.05,0.0005963444709777832,0.000325765460729599,0.003307042114106817,1.0,78.67758972115647,0.6439148187637329,0.052734375,0.84375,0.498046875,0.0
6,r5-f1-de4899e05b0aa7f3d8373171,231,2,0.05,0.0002911686897277832,0.00032284483313560486,0.002213190054910672,1.0,78.67758310258411,0.6439148187637329,0.052734375,0.84375,0.498046875,0.0
6,r5-f1-de4899e05b0aa7f3d8373171,232,3,0.05,0.00016677379608154297,0.00031949207186698914,0.0013485166299181547,1.0,78.6775782229672,0.6439148187637329,0.052734375,0.84375,0.498046875,0.0
6,r5-f1-de4899e05b0aa7f3d8373171,233,0,0.05,0.00013446062803268433,0.00031949207186698914,0.001496622736420547,1.0,78.67756990221417,0.6439148187637329,0.052734375,0.84375,0.498046875,0.0
6,r5-f1-de4899e05b0aa7f3d8373171,234,1,0.05,0.0005808472633361816,0.0003157369792461395,0.0026258848012869905,1.0,78.67756313892488,0.6439148187637329,0.052734375,0.84375,0.498046875,0.0
6,r5-f1-de4899e05b0aa7f3d8373171,235,2,0.05,0.00036919116973876953,0.0003179199993610382,0.002987634658618313,1.0,78.6775545454539,0.6439148187637329,0.052734375,0.84375,0.498046875,0.0
6,r5-f1-de4899e05b0aa7f3d8373171,236,3,0.05,0.0001818835735321045,0.0003176499158143997,0.001553227609353277,1.0,78.67754850381193,0.6439148187637329,0.05078125,0.84375,0.498046875,0.0
6,r5-f1-de4899e05b0aa7f3d8373171,237,0,0.05,0.00011371821165084839,0.0003169793635606766,0.001042830621248355,1.0,78.67754141581482,0.6439148187637329,0.052734375,0.84375,0.498046875,0.0
6,r5-f1-de4899e05b0aa7f3d8373171,238,1,0.05,0.000549018383026123,0.0003106575459241867,0.0033349202132321168,1.0,78.67753858905509,0.6439148187637329,0.05078125,0.84375,0.498046875,0.0
6,r5-f1-de4899e05b0aa7f3d8373171,239,2,0.05,0.00028067827224731445,0.0003064889460802078,0.0018716002335829897,1.0,78.67753212165547,0.6439147591590881,0.05078125,0.84375,0.498046875,0.0
6,r5-f1-de4899e05b0aa7f3d8373171,240,3,0.05,0.00019991397857666016,0.00030734576284885406,0.00137914210989082,1.0,78.67752992011046,0.6439147591590881,0.052734375,0.84375,0.498046875,0.0
6,r5-f1-de4899e05b0aa7f3d8373171,241,0,0.05,0.00011932104825973511,0.0003071371465921402,0.000992116195288476,1.0,78.6775260245079,0.6439147591590881,0.052734375,0.84375,0.498046875,0.0
6,r5-f1-de4899e05b0aa7f3d8373171,242,1,0.05,0.000597536563873291,0.0003018137067556381,0.0027742924523563926,1.0,78.67751971404246,0.6439147591590881,0.052734375,0.84375,0.498046875,0.0
6,r5-f1-de4899e05b0aa7f3d8373171,243,2,0.05,0.0002931356430053711,0.0002996716648340225,0.0022133604140961915,1.0,78.67751447218178,0.6439147591590881,0.052734375,0.84375,0.498046875,0.0
6,r5-f1-de4899e05b0aa7f3d8373171,244,3,0.05,0.0001837015151977539,0.00029879435896873474,0.0011949869972992604,1.0,78.6775141155668,0.6439147591590881,0.048828125,0.84375,0.498046875,0.0
6,r5-f1-de4899e05b0aa7f3d8373171,245,0,0.05,0.00010346993803977966,0.0002975726965814829,0.0008003800298028468,1.0,78.67751205095499,0.6439147591590881,0.05078125,0.84375,0.498046875,0.0
6,r5-f1-de4899e05b0aa7f3d8373171,246,1,0.05,0.0005643963813781738,0.0002955759409815073,0.0054686545071692605,1.0,78.67752052678972,0.6439148187637329,0.05078125,0.84375,0.498046875,0.0
6,r5-f1-de4899e05b0aa7f3d8373171,247,2,0.05,0.0003439188003540039,0.0002988728228956461,0.001840073608402428,1.0,78.67753168493527,0.6439148187637329,0.05078125,0.84375,0.498046875,0.0
6,r5-f1-de4899e05b0aa7f3d8373171,248,3,0.05,0.00016319751739501953,0.0002986493054777384,0.0011493269692396352,1.0,78.67754364139066,0.6439148187637329,0.048828125,0.84375,0.498046875,0.0
6,r5-f1-de4899e05b0aa7f3d8373171,249,0,0.05,0.00010370835661888123,0.0002967272885143757,0.0008300260296037089,1.0,78.67755226504948,0.6439148187637329,0.05078125,0.84375,0.498046875,0.0
6,r5-f1-de4899e05b0aa7f3d8373171,250,1,0.05,0.0005488991737365723,0.0002947305329144001,0.003931850659767966,1.0,78.67756729388485,0.6439148783683777,0.05078125,0.84375,0.498046875,0.0
6,r5-f1-de4899e05b0aa7f3d8373171,251,2,0.05,0.00032383203506469727,0.0002918955869972706,0.002337128678800236,1.0,78.67757609524007,0.6439149379730225,0.052734375,0.84375,0.498046875,0.0
6,r5-f1-de4899e05b0aa7f3d8373171,252,3,0.05,0.00016319751739501953,0.0002907277084887028,0.0011012187073548248,1.0,78.67758450199126,0.6439149379730225,0.05078125,0.84375,0.498046875,0.0
6,r5-f1-de4899e05b0aa7f3d8373171,253,0,0.05,0.00010847300291061401,0.0002903998829424381,0.0009969281177288688,1.0,78.67758924525216,0.6439149379730225,0.05078125,0.84375,0.498046875,0.0
6,r5-f1-de4899e05b0aa7f3d8373171,254,1,0.05,0.0005221068859100342,0.00028871791437268257,0.0023033516067146355,1.0,78.6775908052058,0.6439149379730225,0.052734375,0.84375,0.498046875,0.0
6,r5-f1-de4899e05b0aa7f3d8373171,255,2,0.05,0.00026494264602661133,0.0002877344377338886,0.0016108372741082903,1.0,78.67759230878266,0.6439149379730225,0.05078125,0.84375,0.498046875,0.0
6,r5-f1-de4899e05b0aa7f3d8373171,256,3,0.05,0.00018644332885742188,0.00028689252212643623,0.0012011899679246125,1.0,78.67759669339394,0.6439149379730225,0.0546875,0.84375,0.498046875,0.0
7,r5-f1-850189e424efde62468b2ef9,1,0,0.05,36.29166793823242,36.29166793823242,60.3201820027138,1.0,12.799960157969867,0.5690668225288391,0.453125,0.5546875,0.498046875,0.0
7,r5-f1-850189e424efde62468b2ef9,2,1,0.05,30.66666603088379,33.479166984558105,36.055440271989696,1.0,19.03624201773014,0.571652889251709,0.416015625,0.5703125,0.498046875,0.0
7,r5-f1-850189e424efde62468b2ef9,3,2,0.05,27.54166603088379,31.5,39.20066274557848,1.0,23.89226216548128,0.5743999481201172,0.37109375,0.5859375,0.498046875,0.0
7,r5-f1-850189e424efde62468b2ef9,4,3,0.05,23.50004768371582,29.500011920928955,23.700760503370724,1.0,28.35949704687407,0.5774866938591003,0.361328125,0.6015625,0.498046875,0.0
7,r5-f1-850189e424efde62468b2ef9,5,0,0.05,8.3383150100708,25.267672538757324,38.894990825866856,1.0,32.203110254385514,0.5805590748786926,0.34375,0.62109375,0.498046875,0.0
7,r5-f1-850189e424efde62468b2ef9,6,1,0.05,0.1374344825744629,21.079299529393513,6.392039591674751,1.0,35.90248351919491,0.5838586091995239,0.326171875,0.6328125,0.498046875,0.0
7,r5-f1-850189e424efde62468b2ef9,7,2,0.05,0.4441843032836914,18.13142592566354,8.819366891057609,1.0,39.32534696949325,0.5872103571891785,0.318359375,0.64453125,0.498046875,0.0
7,r5-f1-850189e424efde62468b2ef9,8,3,0.05,0.30278587341308594,15.902845919132233,9.63780533621904,1.0,42.44743689444292,0.5905124545097351,0.29296875,0.65234375,0.5,0.0
7,r5-f1-850189e424efde62468b2ef9,9,0,0.05,0.033112525939941406,14.139542208777534,0.6986767649416853,1.0,45.33570385787546,0.5937744975090027,0.271484375,0.6640625,0.5,0.0
7,r5-f1-850189e424efde62468b2ef9,10,1,0.05,0.0007695555686950684,12.72566494345665,0.029634372018785642,1.0,47.98952604140784,0.5969442129135132,0.248046875,0.67578125,0.5,0.0
7,r5-f1-850189e424efde62468b2ef9,11,2,0.05,0.013614416122436523,11.570023986426266,0.35111414787659145,1.0,50.41922535495002,0.5999892950057983,0.240234375,0.68359375,0.5,0.0
7,r5-f1-850189e424efde62468b2ef9,12,3,0.05,0.12352991104125977,10.616149480144182,5.076559972582839,1.0,52.62712328727229,0.6028813123703003,0.23046875,0.69140625,0.5,0.0
7,r5-f1-850189e424efde62468b2ef9,13,0,0.05,0.00976252555847168,9.800273560560667,0.19415651625978989,1.0,54.65005041711917,0.6056267023086548,0.21875,0.69921875,0.5,0.0
7,r5-f1-850189e424efde62468b2ef9,14,1,0.05,0.00036709755659103394,9.10028024177466,0.004623354635205378,1.0,56.50139995357201,0.6082183122634888,0.1875,0.703125,0.5,0.0
7,r5-f1-850189e424efde62468b2ef9,15,2,0.05,0.0033288002014160156,8.493816812336444,0.04571060951369488,1.0,58.194417743744715,0.6106535792350769,0.173828125,0.7109375,0.5,0.0
7,r5-f1-850189e424efde62468b2ef9,16,3,0.05,0.00957024097442627,7.963551401626319,0.14453406111002243,1.0,59.74183189717993,0.6129332780838013,0.1640625,0.71484375,0.5,0.0
7,r5-f1-850189e424efde62468b2ef9,17,0,0.05,0.016705989837646484,5.696366279851645,0.2954628491021039,1.0,61.15584381763498,0.6150611639022827,0.154296875,0.71875,0.5,0.0
7,r5-f1-850189e424efde62468b2ef9,18,1,0.05,0.00045014917850494385,3.779727787245065,0.005422320972048659,1.0,62.44774254778711,0.617042064666748,0.1484375,0.7265625,0.5,0.0
7,r5-f1-850189e424efde62468b2ef9,19,2,0.05,0.005452632904052734,2.0587144498713315,0.1049263316268226,1.0,63.627788043235945,0.61888188123703,0.142578125,0.7265625,0.5,0.0
7,r5-f1-850189e424efde62468b2ef9,20,3,0.05,0.008676350116729736,0.5905037415213883,0.13142387003729009,1.0,64.70535585992184,0.6205869317054749,0.138671875,0.734375,0.5,0.0
7,r5-f1-850189e424efde62468b2ef9,21,0,0.05,0.006495118141174316,0.06976499827578664,0.11569493832077182,1.0,65.6892506733494,0.6221645474433899,0.134765625,0.734375,0.5,0.0
7,r5-f1-850189e424efde62468b2ef9,22,1,0.05,0.0005134232342243195,0.06120743206702173,0.008749940968830347,1.0,66.58777014849865,0.623622477054596,0.12890625,0.73828125,0.5,0.0
7,r5-f1-850189e424efde62468b2ef9,23,2,0.05,0.004322409629821777,0.033716063713654876,0.09544143310297531,1.0,67.4081458417621,0.6249677538871765,0.125,0.7421875,0.5,0.0
7,r5-f1-850189e424efde62468b2ef9,24,3,0.05,0.009388208389282227,0.015378709649667144,0.18432937972692096,1.0,68.15676355780764,0.6262069940567017,0.1171875,0.7421875,0.5,0.0
7,r5-f1-850189e424efde62468b2ef9,25,0,0.05,0.005691170692443848,0.013664874946698546,0.30596710911374736,1.0,68.83997325403949,0.6273467540740967,0.1171875,0.7421875,0.5,0.0
7,r5-f1-850189e424efde62468b2ef9,26,1,0.05,0.0002545993775129318,0.013632690184749663,0.0026595368829452756,1.0,69.46370251569593,0.6283954381942749,0.111328125,0.75,0.5,0.0
7,r5-f1-850189e424efde62468b2ef9,27,2,0.05,0.002263307571411133,0.012923245900310576,0.12211770477311998,1.0,70.03295614604613,0.6293590664863586,0.111328125,0.75,0.5,0.0
7,r5-f1-850189e424efde62468b2ef9,28,3,0.05,0.002511441707611084,0.005359591566957533,0.030913447215160976,1.0,70.55243715075576,0.6302440762519836,0.107421875,0.75,0.5,0.0
7,r5-f1-850189e424efde62468b2ef9,29,0,0.05,0.002147853374481201,0.0048836745554581285,0.03372118163836605,1.0,71.02640104121902,0.6310560703277588,0.107421875,0.75,0.5,0.0
7,r5-f1-850189e424efde62468b2ef9,30,1,0.05,0.0002079978585243225,0.004873730824328959,0.0018061073942446503,1.0,71.4588158100345,0.6318007707595825,0.103515625,0.75390625,0.5,0.0
7,r5-f1-850189e424efde62468b2ef9,31,2,0.05,0.0013921260833740234,0.0047526886919513345,0.02217275527705245,1.0,71.85321509170969,0.6324831247329712,0.103515625,0.7578125,0.5,0.0
7,r5-f1-850189e424efde62468b2ef9,32,3,0.05,0.0020180940628051758,0.004280679509975016,0.020638647608805332,1.0,72.21287852261469,0.6331080198287964,0.099609375,0.75390625,0.5,0.0
7,r5-f1-850189e424efde62468b2ef9,33,0,0.05,0.0013379454612731934,0.0033201767364516854,0.017488208267235194,1.0,72.54080445909774,0.633679986000061,0.09765625,0.7578125,0.5,0.0
7,r5-f1-850189e424efde62468b2ef9,34,1,0.05,0.00017367303371429443,0.00330289697740227,0.0014339592873603276,1.0,72.83976017315413,0.6342031955718994,0.095703125,0.7578125,0.5,0.0
7,r5-f1-850189e424efde62468b2ef9,35,2,0.05,0.0009210109710693359,0.0030196706065908074,0.018483381744324182,1.0,73.11222848773751,0.6346815228462219,0.09375,0.7578125,0.5,0.0
7,r5-f1-850189e424efde62468b2ef9,36,3,0.05,0.0013406872749328613,0.0025611916789785028,0.017508409004841095,1.0,73.3605175067548,0.6351186633110046,0.095703125,0.7578125,0.5,0.0
7,r5-f1-850189e424efde62468b2ef9,37,0,0.05,0.0013309121131896973,0.002238428802229464,0.02902718472734163,1.0,73.58669581009309,0.6355178952217102,0.091796875,0.7578125,0.5,0.0
7,r5-f1-850189e424efde62468b2ef9,38,1,0.05,0.00013219472020864487,0.0022146020201034844,0.0011811862072341308,1.0,73.79273478584251,0.6358824372291565,0.08984375,0.7578125,0.5,0.0
7,r5-f1-850189e424efde62468b2ef9,39,2,0.05,0.0006707906723022461,0.0019863758352585137,0.011752910774707014,1.0,73.98036826181794,0.636215090751648,0.09375,0.7578125,0.5,0.0
7,r5-f1-850189e424efde62468b2ef9,40,3,0.05,0.0011712610721588135,0.0014728166279383004,0.011072659196481718,1.0,74.15121744767208,0.6365185976028442,0.091796875,0.76171875,0.5,0.0
7,r5-f1-850189e424efde62468b2ef9,41,0,0.05,0.0008391141891479492,0.0011695630964823067,0.007340133141945636,1.0,74.30674749350572,0.6367953419685364,0.08984375,0.765625,0.5,0.0
7,r5-f1-850189e424efde62468b2ef9,42,1,0.05,0.00012373179197311401,0.001161383872386068,0.000972608617525884,1.0,74.44832152255046,0.6370477080345154,0.087890625,0.76171875,0.5,0.0
7,r5-f1-850189e424efde62468b2ef9,43,2,0.05,0.0005116462707519531,0.0010519050410948694,0.005659317155086958,1.0,74.57715385265665,0.6372776627540588,0.087890625,0.765625,0.5,0.0
7,r5-f1-850189e424efde62468b2ef9,44,3,0.05,0.0008748508989810944,0.000949618115555495,0.009407951177984772,1.0,74.69436630432823,0.6374871730804443,0.087890625,0.765625,0.5,0.0
7,r5-f1-850189e424efde62468b2ef9,45,0,0.05,0.0006018280982971191,0.0008529915357939899,0.006608524385270363,1.0,74.80098242117113,0.6376779675483704,0.087890625,0.765625,0.5,0.0
7,r5-f1-850189e424efde62468b2ef9,46,1,0.05,0.00010501779615879059,0.0008465552818961442,0.0008467916127111202,1.0,74.89796188261924,0.6378517150878906,0.087890625,0.765625,0.5,0.0
7,r5-f1-850189e424efde62468b2ef9,47,2,0.05,0.00037413835525512695,0.0007829310488887131,0.0043739111439135125,1.0,74.9861454040235,0.6380098462104797,0.0859375,0.765625,0.5,0.0
7,r5-f1-850189e424efde62468b2ef9,48,3,0.05,0.0007038041949272156,0.0007007879321463406,0.007249955046029177,1.0,75.06631471015663,0.6381537318229675,0.0859375,0.765625,0.5,0.0
7,r5-f1-850189e424efde62468b2ef9,49,0,0.05,0.0005310624837875366,0.0006503577460534871,0.004840245586033208,1.0,75.13918117993994,0.6382846832275391,0.0859375,0.765625,0.5,0.0
7,r5-f1-850189e424efde62468b2ef9,50,1,0.05,9.607896208763123e-05,0.0006455081165768206,0.0006761436768600834,1.0,75.20541623674534,0.6384037137031555,0.0859375,0.765625,0.5,0.0
7,r5-f1-850189e424efde62468b2ef9,51,2,0.05,0.0003250241279602051,0.0006082589388824999,0.003914632736546599,1.0,75.26559698454383,0.6385120153427124,0.083984375,0.765625,0.5,0.0
7,r5-f1-850189e424efde62468b2ef9,52,3,0.05,0.0005221180617809296,0.0005570983630605042,0.005292844363838036,1.0,75.32026320673226,0.6386104226112366,0.083984375,0.765625,0.5,0.0
7,r5-f1-850189e424efde62468b2ef9,53,0,0.05,0.00045968592166900635,0.000502646726090461,0.005062273861766822,1.0,75.36991200592799,0.6386998891830444,0.0859375,0.765625,0.5,0.0
7,r5-f1-850189e424efde62468b2ef9,54,1,0.05,8.058175444602966e-05,0.0004994209157302976,0.0005095584625093557,1.0,75.41501429595303,0.6387811303138733,0.083984375,0.765625,0.5,0.0
7,r5-f1-850189e424efde62468b2ef9,55,2,0.05,0.00022670626640319824,0.0004716656403616071,0.0018746783682641538,1.0,75.45597426320799,0.6388550400733948,0.083984375,0.765625,0.5,0.0
7,r5-f1-850189e424efde62468b2ef9,56,3,0.05,0.0005480945110321045,0.00043271773029118776,0.004052334557998265,1.0,75.49315889681064,0.6389221549034119,0.083984375,0.765625,0.5,0.0
7,r5-f1-850189e424efde62468b2ef9,57,0,0.05,0.0004687309265136719,0.00040956877637654543,0.0037080764443737685,1.0,75.52691058575012,0.6389830708503723,0.083984375,0.765625,0.5,0.0
7,r5-f1-850189e424efde62468b2ef9,58,1,0.05,6.758980453014374e-05,0.0004060599021613598,0.00037151214077108864,1.0,75.55755418374883,0.6390383839607239,0.083984375,0.765625,0.5,0.0
7,r5-f1-850189e424efde62468b2ef9,59,2,0.05,0.00020012259483337402,0.0003865896724164486,0.0018814127683244833,1.0,75.58536603015571,0.6390886306762695,0.083984375,0.765625,0.5,0.0
7,r5-f1-850189e424efde62468b2ef9,60,3,0.05,0.0004418119788169861,0.0003595247399061918,0.0033851591719413717,1.0,75.61059959505661,0.6391342282295227,0.083984375,0.76953125,0.5,0.0
7,r5-f1-850189e424efde62468b2ef9,61,0,0.05,0.0003967583179473877,0.0003467078786343336,0.0036846485668086335,1.0,75.63348731987206,0.6391756534576416,0.083984375,0.76953125,0.5,0.0
7,r5-f1-850189e424efde62468b2ef9,62,1,0.05,6.544403731822968e-05,0.00034423451870679855,0.0003405899134166333,1.0,75.65425682977414,0.6392132043838501,0.08203125,0.76953125,0.5,0.0
7,r5-f1-850189e424efde62468b2ef9,63,2,0.05,0.0002142190933227539,0.00033423956483602524,0.0021427217174477525,1.0,75.67309657511512,0.6392472982406616,0.08203125,0.76953125,0.5,0.0
7,r5-f1-850189e424efde62468b2ef9,64,3,0.05,0.0004130937159061432,0.0003160701598972082,0.0028675739258271905,1.0,75.69018195629239,0.6392782330513,0.083984375,0.76953125,0.5,0.0
7,r5-f1-850189e424efde62468b2ef9,65,0,0.05,0.00038057565689086914,0.0003066647332161665,0.003676403529208207,1.0,75.70566906466993,0.6393062472343445,0.083984375,0.76953125,0.5,0.0
7,r5-f1-850189e424efde62468b2ef9,66,1,0.05,6.162934005260468e-05,0.00030451163183897734,0.0003000738795816033,1.0,75.7197161433907,0.6393316984176636,0.083984375,0.765625,0.5,0.0
7,r5-f1-850189e424efde62468b2ef9,67,2,0.05,0.00020432472229003906,0.00029696791898459196,0.0022277334198841127,1.0,75.73245084410414,0.6393548250198364,0.08203125,0.765625,0.5,0.0
7,r5-f1-850189e424efde62468b2ef9,68,3,0.05,0.0003587566316127777,0.00028675782959908247,0.0025307902094549345,1.0,75.74399160612487,0.6393757462501526,0.083984375,0.76953125,0.5,0.0
7,r5-f1-850189e424efde62468b2ef9,69,0,0.05,0.00030906498432159424,0.0002773440210148692,0.002611764209700597,1.0,75.75444313293339,0.6393947005271912,0.083984375,0.76953125,0.5,0.0
7,r5-f1-850189e424efde62468b2ef9,70,1,0.05,5.352357402443886e-05,0.0002756528847385198,0.00023945744605662872,1.0,75.76391885274464,0.6394118666648865,0.08203125,0.765625,0.5,0.0
7,r5-f1-850189e424efde62468b2ef9,71,2,0.05,0.00014603137969970703,0.0002706107043195516,0.0010311657447560308,1.0,75.77250453875081,0.6394274234771729,0.083984375,0.765625,0.5,0.0
7,r5-f1-850189e424efde62468b2ef9,72,3,0.05,0.00035673007369041443,0.00025865042698569596,0.0031171850460195733,1.0,75.78027422651944,0.6394415497779846,0.08203125,0.765625,0.5,0.0
7,r5-f1-850189e424efde62468b2ef9,73,0,0.05,0.0003501772880554199,0.0002512408245820552,0.0029409587541238047,1.0,75.78730688453324,0.6394543051719666,0.08203125,0.765625,0.5,0.0
7,r5-f1-850189e424efde62468b2ef9,74,1,0.05,5.6026503443717957e-05,0.0002505181182641536,0.00025002007245465935,1.0,75.7936803134056,0.639465868473053,0.083984375,0.765625,0.5,0.0
7,r5-f1-850189e424efde62468b2ef9,75,2,0.05,0.00013434886932373047,0.0002464072604198009,0.0009472662449516933,1.0,75.79945222349515,0.6394763588905334,0.08203125,0.765625,0.5,0.0
7,r5-f1-850189e424efde62468b2ef9,76,3,0.05,0.0003037005662918091,0.00023777529713697731,0.002159110864062433,1.0,75.80467485083327,0.6394858360290527,0.08203125,0.765625,0.5,0.0
7,r5-f1-850189e424efde62468b2ef9,77,0,0.05,0.0002787858247756958,0.00023040201631374657,0.0016579294143837218,1.0,75.8093994018834,0.6394943594932556,0.083984375,0.765625,0.5,0.0
7,r5-f1-850189e424efde62468b2ef9,78,1,0.05,5.364231765270233e-05,0.0002296644088346511,0.0002708185862014185,1.0,75.81367921787509,0.6395021677017212,0.083984375,0.765625,0.5,0.0
7,r5-f1-850189e424efde62468b2ef9,79,2,0.05,0.00014328956604003906,0.00022523131337948143,0.0012686455736401943,1.0,75.81755196084862,0.6395092010498047,0.083984375,0.765625,0.5,0.0
7,r5-f1-850189e424efde62468b2ef9,80,3,0.05,0.0003037005662918091,0.00021839424152858555,0.001993388462583881,1.0,75.82105484398929,0.6395155787467957,0.083984375,0.765625,0.5,0.0
7,r5-f1-850189e424efde62468b2ef9,81,0,0.05,0.0002865344285964966,0.00021251666476018727,0.0018344047438044943,1.0,75.8242212245943,0.6395213603973389,0.08203125,0.765625,0.5,0.0
7,r5-f1-850189e424efde62468b2ef9,82,1,0.05,4.911329597234726e-05,0.00021173441200517118,0.00021047784359822007,1.0,75.82708846172324,0.6395265460014343,0.08203125,0.765625,0.5,0.0
7,r5-f1-850189e424efde62468b2ef9,83,2,0.05,0.00011849403381347656,0.00020636999397538602,0.0007581566709652306,1.0,75.82968227131731,0.6395312547683716,0.083984375,0.765625,0.5,0.0
7,r5-f1-850189e424efde62468b2ef9,84,3,0.05,0.0003058426082134247,0.00020306286751292646,0.005243639093445273,1.0,75.83201422775372,0.6395355463027954,0.08203125,0.765625,0.5,0.0
7,r5-f1-850189e424efde62468b2ef9,85,0,0.05,0.0002460181713104248,0.00019912244169972837,0.0014175352231582874,1.0,75.83411920926847,0.639539361000061,0.08203125,0.765625,0.5,0.0
7,r5-f1-850189e424efde62468b2ef9,86,1,0.05,4.362966865301132e-05,0.00019850407261401415,0.000187600676401705,1.0,75.83602506578295,0.6395428776741028,0.083984375,0.765625,0.5,0.0
7,r5-f1-850189e424efde62468b2ef9,87,2,0.05,0.00011932849884033203,0.0001968351425603032,0.0009755814080273032,1.0,75.83774692211065,0.6395459771156311,0.08203125,0.765625,0.5,0.0
7,r5-f1-850189e424efde62468b2ef9,88,3,0.05,0.00028844550251960754,0.00019256735686212778,0.0020539988920131895,1.0,75.83929804451358,0.6395488381385803,0.083984375,0.765625,0.5,0.0
7,r5-f1-850189e424efde62468b2ef9,89,0,0.05,0.0002865344285964966,0.00018858967814594507,0.0019706148646737426,1.0,75.84069520212068,0.6395514011383057,0.083984375,0.765625,0.5,0.0
7,r5-f1-850189e424efde62468b2ef9,90,1,0.05,4.589371383190155e-05,0.00018795637879520655,0.00017580367641841015,1.0,75.84195967357594,0.6395537257194519,0.083984375,0.765625,0.5,0.0
7,r5-f1-850189e424efde62468b2ef9,91,2,0.05,0.0001264810562133789,0.00018746464047580957,0.0009367606576097387,1.0,75.84310147672377,0.6395557522773743,0.083984375,0.765625,0.5,0.0
7,r5-f1-850189e424efde62468b2ef9,92,3,0.05,0.00025448016822338104,0.00018438836559653282,0.001899671169724897,1.0,75.8441296624859,0.6395576596260071,0.083984375,0.765625,0.5,0.0
7,r5-f1-850189e424efde62468b2ef9,93,0,0.05,0.0002124011516571045,0.00018023932352662086,0.001457222302718064,1.0,75.84505579834637,0.6395593285560608,0.083984375,0.765625,0.5,0.0
7,r5-f1-850189e424efde62468b2ef9,94,1,0.05,4.50601801276207e-05,0.00017970293993130326,0.00016522198599689566,1.0,75.84589367468129,0.639560878276825,0.083984375,0.765625,0.5,0.0
7,r5-f1-850189e424efde62468b2ef9,95,2,0.05,0.00010895729064941406,0.0001775571727193892,0.0008583465468309612,1.0,75.84664926075759,0.6395622491836548,0.08203125,0.765625,0.5,0.0
7,r5-f1-850189e424efde62468b2ef9,96,3,0.05,0.00027938932180404663,0.00017603771993890405,0.0017859581390128115,1.0,75.8473285255174,0.6395635008811951,0.08203125,0.765625,0.5,0.0
7,r5-f1-850189e424efde62468b2ef9,97,0,0.05,0.00023087859153747559,0.00017255923012271523,0.0017585115073530584,1.0,75.8479411500942,0.6395646333694458,0.083984375,0.765625,0.5,0.0
7,r5-f1-850189e424efde62468b2ef9,98,1,0.05,4.565529525279999e-05,0.00017234310507774353,0.00017919381317112464,1.0,75.8484953400158,0.639565646648407,0.083984375,0.765625,0.5,0.0
7,r5-f1-850189e424efde62468b2ef9,99,2,0.05,0.00012135505676269531,0.0001725219190120697,0.0009485820409373673,1.0,75.8489949106869,0.6395666003227234,0.083984375,0.765625,0.5,0.0
7,r5-f1-850189e424efde62468b2ef9,100,3,0.05,0.00024828314781188965,0.00016892445273697376,0.00155323120673411,1.0,75.84944193362894,0.6395674347877502,0.083984375,0.765625,0.5,0.0
7,r5-f1-850189e424efde62468b2ef9,101,0,0.05,0.00021716952323913574,0.0001671214122325182,0.0016472054524324137,1.0,75.8498439156986,0.6395681500434875,0.083984375,0.765625,0.5,0.0
7,r5-f1-850189e424efde62468b2ef9,102,1,0.05,3.981497138738632e-05,0.00016688299365341663,0.00014890919109789849,1.0,75.85020744269268,0.6395688652992249,0.08203125,0.765625,0.5,0.0
7,r5-f1-850189e424efde62468b2ef9,103,2,0.05,0.00011157989501953125,0.00016639870591461658,0.0009716718371433944,1.0,75.85053490456563,0.6395694613456726,0.083984375,0.765625,0.5,0.0
7,r5-f1-850189e424efde62468b2ef9,104,3,0.05,0.00027235597372055054,0.00016539311036467552,0.0016106444422793634,1.0,75.85082800012026,0.6395699977874756,0.08203125,0.765625,0.5,0.0
7,r5-f1-850189e424efde62468b2ef9,105,0,0.05,0.00022671371698379517,0.00016165431588888168,0.0013069343400529084,1.0,75.8510893954433,0.6395705342292786,0.08203125,0.765625,0.5,0.0
7,r5-f1-850189e424efde62468b2ef9,106,1,0.05,4.148390144109726e-05,0.00016137870261445642,0.00016749826483589497,1.0,75.85132550283757,0.639570951461792,0.083984375,0.765625,0.5,0.0
7,r5-f1-850189e424efde62468b2ef9,107,2,0.05,0.00010097026824951172,0.00015978427836671472,0.000866002820780693,1.0,75.8515372752678,0.6395713686943054,0.083984375,0.765625,0.5,0.0
7,r5-f1-850189e424efde62468b2ef9,108,3,0.05,0.00020752102136611938,0.00015684933168813586,0.006312120500687127,1.0,75.85171862058016,0.6395716667175293,0.083984375,0.765625,0.5,0.0
7,r5-f1-850189e424efde62468b2ef9,109,0,0.05,0.00020013004541397095,0.00015608238754794002,0.0012317688419968133,1.0,75.85187889317335,0.639572024345398,0.08203125,0.765625,0.5,0.0
7,r5-f1-850189e424efde62468b2ef9,110,1,0.05,3.981497138738632e-05,0.00015575456200167537,0.00013776374565117996,1.0,75.85202355290366,0.6395723223686218,0.08203125,0.765625,0.5,0.0
7,r5-f1-850189e424efde62468b2ef9,111,2,0.05,9.620189666748047e-05,0.00015495734987780452,0.0005479299126069123,1.0,75.85215215937265,0.6395725607872009,0.08203125,0.765625,0.5,0.0
7,r5-f1-850189e424efde62468b2ef9,112,3,0.05,0.00022682920098304749,0.00015167234232649207,0.0012734385174938154,1.0,75.85226260285347,0.6395727396011353,0.08203125,0.765625,0.5,0.0
7,r5-f1-850189e424efde62468b2ef9,113,0,0.05,0.00024065375328063965,0.00015228328993543983,0.0019494327303326978,1.0,75.85235837163702,0.6395729780197144,0.08203125,0.765625,0.5,0.0
7,r5-f1-850189e424efde62468b2ef9,114,1,0.05,3.981497138738632e-05,0.00015191826969385147,0.00013835049946288772,1.0,75.8524444115442,0.6395731568336487,0.08203125,0.765625,0.5,0.0
7,r5-f1-850189e424efde62468b2ef9,115,2,0.05,7.665157318115234e-05,0.00014912430197000504,0.00041223042305157844,1.0,75.8525200791248,0.6395732760429382,0.08203125,0.765625,0.5,0.0
7,r5-f1-850189e424efde62468b2ef9,116,3,0.05,0.00022682920098304749,0.0001477834302932024,0.001303879241938492,1.0,75.85258442866419,0.6395734548568726,0.083984375,0.765625,0.5,0.0
7,r5-f1-850189e424efde62468b2ef9,117,0,0.05,0.000217534601688385,0.00014780624769628048,0.001083344177895488,1.0,75.85263822071533,0.6395735740661621,0.083984375,0.765625,0.5,0.0
7,r5-f1-850189e424efde62468b2ef9,118,1,0.05,4.374794661998749e-05,0.00014805205864831805,0.0001555917804026493,1.0,75.85268655746339,0.6395736336708069,0.08203125,0.765625,0.5,0.0
7,r5-f1-850189e424efde62468b2ef9,119,2,0.05,9.620189666748047e-05,0.00014709093375131488,0.0008377995082214064,1.0,75.85272722637141,0.6395737528800964,0.08203125,0.765625,0.5,0.0
7,r5-f1-850189e424efde62468b2ef9,120,3,0.05,0.00019905902445316315,0.00014250987442210317,0.0011792079570650052,1.0,75.85276100067306,0.6395738124847412,0.083984375,0.765625,0.5,0.0
7,r5-f1-850189e424efde62468b2ef9,121,0,0.05,0.00017665326595306396,0.00013938109623268247,0.0010623555791479217,1.0,75.85278773117433,0.6395739316940308,0.08203125,0.765625,0.5,0.0
7,r5-f1-850189e424efde62468b2ef9,122,1,0.05,3.8265250623226166e-05,0.00013917993055656552,0.00014185051344178348,1.0,75.85281166014063,0.6395739912986755,0.08203125,0.765625,0.5,0.0
7,r5-f1-850189e424efde62468b2ef9,123,2,0.05,8.916854858398438e-05,0.00013844232307747006,0.0005726984092981163,1.0,75.85283122175153,0.6395740509033203,0.083984375,0.765625,0.5,0.0
7,r5-f1-850189e424efde62468b2ef9,124,3,0.05,0.00020156428217887878,0.00013807002687826753,0.0013861416090752922,1.0,75.85284470052973,0.6395740509033203,0.083984375,0.765625,0.5,0.0
7,r5-f1-850189e424efde62468b2ef9,125,0,0.05,0.00019977986812591553,0.00013804814079776406,0.0010703992968093567,1.0,75.85285387661841,0.6395741105079651,0.08203125,0.765625,0.5,0.0
7,r5-f1-850189e424efde62468b2ef9,126,1,0.05,3.981497138738632e-05,0.00013804814079776406,0.00014730026346767452,1.0,75.85286183854149,0.6395741701126099,0.083984375,0.765625,0.5,0.0
7,r5-f1-850189e424efde62468b2ef9,127,2,0.05,6.759166717529297e-05,0.00013626000145450234,0.0003711103173620627,1.0,75.85286674415906,0.6395741701126099,0.083984375,0.765625,0.5,0.0
7,r5-f1-850189e424efde62468b2ef9,128,3,0.05,0.00020346790552139282,0.00013479992048814893,0.0011351947704993394,1.0,75.85286913318446,0.6395742297172546,0.083984375,0.765625,0.5,0.0
7,r5-f1-850189e424efde62468b2ef9,129,0,0.05,0.000208243727684021,0.00013277429388836026,0.0012156301480342252,1.0,75.852866578434,0.6395742297172546,0.08203125,0.765625,0.5,0.0
7,r5-f1-850189e424efde62468b2ef9,130,1,0.05,3.647711127996445e-05,0.0001325656776316464,0.00012066155303098524,1.0,75.85286388034649,0.6395742297172546,0.083984375,0.765625,0.5,0.0
7,r5-f1-850189e424efde62468b2ef9,131,2,0.05,7.808208465576172e-05,0.00013265508459880948,0.0004248528441162662,1.0,75.8528594237811,0.6395742297172546,0.08203125,0.765625,0.5,0.0
7,r5-f1-850189e424efde62468b2ef9,132,3,0.05,0.00017438828945159912,0.00012937752762809396,0.0010927089562579697,1.0,75.8528496631961,0.6395742297172546,0.083984375,0.765625,0.5,0.0
7,r5-f1-850189e424efde62468b2ef9,133,0,0.05,0.0001972690224647522,0.0001281109289266169,0.0011600883307206667,1.0,75.85283656940636,0.6395742893218994,0.08203125,0.765625,0.5,0.0
7,r5-f1-850189e424efde62468b2ef9,134,1,0.05,3.6357901990413666e-05,0.00012764905113726854,0.00011709530114612054,1.0,75.85282424962648,0.6395742893218994,0.08203125,0.765625,0.5,0.0
7,r5-f1-850189e424efde62468b2ef9,135,2,0.05,7.808208465576172e-05,0.00012651656288653612,0.0004614282246547859,1.0,75.8528111214517,0.6395742893218994,0.08203125,0.765625,0.5,0.0
7,r5-f1-850189e424efde62468b2ef9,136,3,0.05,0.00018952414393424988,0.00012592063285410404,0.0010833285833743728,1.0,75.85279558250178,0.6395742893218994,0.08203125,0.765625,0.5,0.0
7,r5-f1-850189e424efde62468b2ef9,137,0,0.05,0.00016544759273529053,0.0001252202782779932,0.0010364727289486927,1.0,75.85277714527352,0.6395742893218994,0.08203125,0.765625,0.5,0.0
7,r5-f1-850189e424efde62468b2ef9,138,1,0.05,3.790762275457382e-05,0.00012519792653620243,0.00012925476489268763,1.0,75.85276020644892,0.6395742297172546,0.08203125,0.765625,0.5,0.0
7,r5-f1-850189e424efde62468b2ef9,139,2,0.05,7.045269012451172e-05,0.0001240281853824854,0.0003469142584538619,1.0,75.85274278658316,0.6395742893218994,0.08203125,0.765625,0.5,0.0
7,r5-f1-850189e424efde62468b2ef9,140,3,0.05,0.0001832079142332077,0.00012288091238588095,0.0010283723542687075,1.0,75.85272233888809,0.6395742297172546,0.08203125,0.765625,0.5,0.0
7,r5-f1-850189e424efde62468b2ef9,141,0,0.05,0.00016699731349945068,0.0001208320027217269,0.0007702558435652377,1.0,75.85270075441878,0.6395742297172546,0.08203125,0.765625,0.5,0.0
7,r5-f1-850189e424efde62468b2ef9,142,1,0.05,3.6357901990413666e-05,0.0001206159358844161,0.00011921417648994954,1.0,75.85268101543478,0.6395742297172546,0.083984375,0.765625,0.5,0.0
7,r5-f1-850189e424efde62468b2ef9,143,2,0.05,7.808208465576172e-05,0.0001212715869769454,0.00042966585672046467,1.0,75.85266128285917,0.6395742297172546,0.083984375,0.765625,0.5,0.0
7,r5-f1-850189e424efde62468b2ef9,144,3,0.05,0.00016783177852630615,0.00011904432903975248,0.0008901980780099413,1.0,75.85263956423988,0.6395742297172546,0.08203125,0.765625,0.5,0.0
7,r5-f1-850189e424efde62468b2ef9,145,0,0.05,0.00016020238399505615,0.00011604174505919218,0.0007785830967830201,1.0,75.85261521042969,0.6395741701126099,0.08203125,0.765625,0.5,0.0
7,r5-f1-850189e424efde62468b2ef9,146,1,0.05,3.647711127996445e-05,0.00011604174505919218,0.0001309731984117912,1.0,75.8525927369483,0.6395741701126099,0.08203125,0.765625,0.5,0.0
7,r5-f1-850189e424efde62468b2ef9,147,2,0.05,6.890296936035156e-05,0.00011546805035322905,0.00040946815052486256,1.0,75.85256923329003,0.6395741105079651,0.08203125,0.765625,0.5,0.0
7,r5-f1-850189e424efde62468b2ef9,148,3,0.05,0.00016091950237751007,0.00011462625116109848,0.0017497318413989718,1.0,75.85253803045234,0.6395740509033203,0.08203125,0.765625,0.5,0.0
7,r5-f1-850189e424efde62468b2ef9,149,0,0.05,0.00013410300016403198,0.00011067837476730347,0.0005933576207614234,1.0,75.8525064342036,0.6395740509033203,0.08203125,0.765625,0.5,0.0
7,r5-f1-850189e424efde62468b2ef9,150,1,0.05,3.325846046209335e-05,0.00011048465967178345,0.00010668243317175791,1.0,75.85247755683291,0.6395739912986755,0.08203125,0.765625,0.5,0.0
7,r5-f1-850189e424efde62468b2ef9,151,2,0.05,7.49826431274414e-05,0.00011029094457626343,0.00042858532885257,1.0,75.85244909617674,0.6395739912986755,0.08203125,0.765625,0.5,0.0
7,r5-f1-850189e424efde62468b2ef9,152,3,0.05,0.00014721229672431946,0.00010764645412564278,0.0007994697359559603,1.0,75.8524195795385,0.6395739316940308,0.08203125,0.765625,0.5,0.0
7,r5-f1-850189e424efde62468b2ef9,153,0,0.05,0.00017248094081878662,0.00010808603838086128,0.001287804289289241,1.0,75.85238801309377,0.639573872089386,0.08203125,0.765625,0.5,0.0
7,r5-f1-850189e424efde62468b2ef9,154,1,0.05,3.647711127996445e-05,0.0001079966314136982,0.00012115398447058952,1.0,75.85235920298761,0.6395738124847412,0.08203125,0.765625,0.5,0.0
7,r5-f1-850189e424efde62468b2ef9,155,2,0.05,8.916854858398438e-05,0.00010916637256741524,0.000677552843060185,1.0,75.8523302872194,0.6395738124847412,0.08203125,0.765625,0.5,0.0
7,r5-f1-850189e424efde62468b2ef9,156,3,0.05,0.000142684206366539,0.00010663364082574844,0.0012357375837591265,1.0,75.85229743404696,0.6395737528800964,0.08203125,0.765625,0.5,0.0
7,r5-f1-850189e424efde62468b2ef9,157,0,0.05,0.0001473352313041687,0.00010540476068854332,0.0007347731450046194,1.0,75.85226508215717,0.6395736932754517,0.083984375,0.765625,0.5,0.0
7,r5-f1-850189e424efde62468b2ef9,158,1,0.05,3.480818122625351e-05,0.00010530790314078331,0.00011384371193533435,1.0,75.8522354277408,0.6395736336708069,0.083984375,0.765625,0.5,0.0
7,r5-f1-850189e424efde62468b2ef9,159,2,0.05,7.808208465576172e-05,0.00010530790314078331,0.00045727388026862753,1.0,75.85220635334818,0.6395736336708069,0.08203125,0.765625,0.5,0.0
7,r5-f1-850189e424efde62468b2ef9,160,3,0.05,0.00014721229672431946,0.00010401918552815914,0.0008038465103506854,1.0,75.8521768842436,0.6395735740661621,0.083984375,0.765625,0.5,0.0
7,r5-f1-850189e424efde62468b2ef9,161,0,0.05,0.0001519806683063507,0.00010350532829761505,0.0007759659011410977,1.0,75.85214633998075,0.6395735740661621,0.08203125,0.765625,0.5,0.0
7,r5-f1-850189e424efde62468b2ef9,162,1,0.05,3.194762393832207e-05,0.0001032222353387624,0.00010191567047002827,1.0,75.85211840262146,0.6395735144615173,0.08203125,0.765625,0.5,0.0
7,r5-f1-850189e424efde62468b2ef9,163,2,0.05,7.486343383789062e-05,0.0001035947643686086,0.000490331133597382,1.0,75.85209086680472,0.6395734548568726,0.08203125,0.765625,0.5,0.0
7,r5-f1-850189e424efde62468b2ef9,164,3,0.05,0.0001414921134710312,0.00010238055256195366,0.0007203805917578557,1.0,75.85206325675493,0.6395734548568726,0.08203125,0.765625,0.5,0.0
7,r5-f1-850189e424efde62468b2ef9,165,0,0.05,0.000162467360496521,0.00010415332508273423,0.0008470162800391957,1.0,75.85203573945648,0.6395733952522278,0.08203125,0.765625,0.5,0.0
7,r5-f1-850189e424efde62468b2ef9,166,1,0.05,3.325892612338066e-05,0.00010415335418656468,0.00010223020257077137,1.0,75.8520104920638,0.6395733952522278,0.08203125,0.765625,0.5,0.0
7,r5-f1-850189e424efde62468b2ef9,167,2,0.05,5.9723854064941406e-05,0.00010319967987015843,0.0002898630950135096,1.0,75.85198579773613,0.639573335647583,0.08203125,0.765625,0.5,0.0
7,r5-f1-850189e424efde62468b2ef9,168,3,0.05,0.00015996582806110382,0.00010399677557870746,0.001054456516581111,1.0,75.85195839687974,0.639573335647583,0.08203125,0.765625,0.5,0.0
7,r5-f1-850189e424efde62468b2ef9,169,0,0.05,0.00015591084957122803,0.00010296114487573504,0.0007012992750141391,1.0,75.85193018145759,0.6395732760429382,0.08203125,0.765625,0.5,0.0
7,r5-f1-850189e424efde62468b2ef9,170,1,0.05,3.373529762029648e-05,0.0001027897815220058,0.00010685082238415169,1.0,75.851904615952,0.6395732164382935,0.08203125,0.765625,0.5,0.0
7,r5-f1-850189e424efde62468b2ef9,171,2,0.05,6.61611557006836e-05,0.0001013518194667995,0.0003648568935348045,1.0,75.8518803224895,0.6395732164382935,0.083984375,0.765625,0.5,0.0
7,r5-f1-850189e424efde62468b2ef9,172,3,0.05,0.0001414921134710312,0.00010127731366083026,0.0015869483176428297,1.0,75.8518497274691,0.6395731568336487,0.083984375,0.765625,0.5,0.0
7,r5-f1-850189e424efde62468b2ef9,173,0,0.05,0.00014137476682662964,0.00010090478463098407,0.0006289920629862977,1.0,75.85181884993717,0.6395731568336487,0.08203125,0.765625,0.5,0.0
7,r5-f1-850189e424efde62468b2ef9,174,1,0.05,3.36160883307457e-05,0.00010083027882501483,0.00012012408744513812,1.0,75.85179065152902,0.6395730972290039,0.083984375,0.765625,0.5,0.0
7,r5-f1-850189e424efde62468b2ef9,175,2,0.05,8.14199447631836e-05,0.0001010388950817287,0.004633023554587875,1.0,75.85174765921298,0.6395730376243591,0.08203125,0.765625,0.5,0.0
7,r5-f1-850189e424efde62468b2ef9,176,3,0.05,0.00013541243970394135,0.00010030140401795506,0.0006964079913019899,1.0,75.85170654734169,0.6395729780197144,0.08203125,0.765625,0.5,0.0
7,r5-f1-850189e424efde62468b2ef9,177,0,0.05,0.00014947354793548584,0.00010014470899477601,0.0007413953866630225,1.0,75.85166713417543,0.6395729184150696,0.083984375,0.765625,0.5,0.0
7,r5-f1-850189e424efde62468b2ef9,178,1,0.05,3.36160883307457e-05,0.00010024898801930249,0.00010987411810885086,1.0,75.85163125709846,0.6395728588104248,0.08203125,0.765625,0.5,0.0
7,r5-f1-850189e424efde62468b2ef9,179,2,0.05,6.341934204101562e-05,9.95337322819978e-05,0.00037734580608322265,1.0,75.8515971443906,0.63957279920578,0.080078125,0.765625,0.5,0.0
7,r5-f1-850189e424efde62468b2ef9,180,3,0.05,0.00012456625699996948,9.847586625255644e-05,0.0006274346664268927,1.0,75.85156377840096,0.6395727396011353,0.08203125,0.765625,0.5,0.0
7,r5-f1-850189e424efde62468b2ef9,181,0,0.05,0.0001584179699420929,9.822277934290469e-05,0.0006847888286599726,1.0,75.85152961741882,0.6395726799964905,0.080078125,0.765625,0.5,0.0
7,r5-f1-850189e424efde62468b2ef9,182,1,0.05,3.325846046209335e-05,9.822275023907423e-05,0.00011797466857617918,1.0,75.85149850297324,0.6395726799964905,0.08203125,0.765625,0.5,0.0
7,r5-f1-850189e424efde62468b2ef9,183,2,0.05,6.663799285888672e-05,9.865488391369581e-05,0.0003448081005129029,1.0,75.85146884293817,0.6395726203918457,0.08203125,0.765625,0.5,0.0
7,r5-f1-850189e424efde62468b2ef9,184,3,0.05,0.00013541243970394135,9.712029714137316e-05,0.0007413451666947692,1.0,75.85143813189651,0.6395725607872009,0.08203125,0.765625,0.5,0.0
7,r5-f1-850189e424efde62468b2ef9,185,0,0.05,0.00014947354793548584,9.671796578913927e-05,0.0007465445002444947,1.0,75.8514071702676,0.6395725607872009,0.080078125,0.765625,0.5,0.0
7,r5-f1-850189e424efde62468b2ef9,186,1,0.05,3.0636321753263474e-05,9.652427979744971e-05,9.799874985656431e-05,1.0,75.85137903643485,0.6395725011825562,0.08203125,0.765625,0.5,0.0
7,r5-f1-850189e424efde62468b2ef9,187,2,0.05,6.079673767089844e-05,9.618900367058814e-05,0.00034408774643284476,1.0,75.85135283804222,0.6395725011825562,0.08203125,0.765625,0.5,0.0
7,r5-f1-850189e424efde62468b2ef9,188,3,0.05,0.00013541243970394135,9.580902406014502e-05,0.0006904475788989234,1.0,75.85132716300235,0.6395724415779114,0.08203125,0.765625,0.5,0.0
7,r5-f1-850189e424efde62468b2ef9,189,0,0.05,0.00014340132474899292,9.593568393029273e-05,0.0007318187269963123,1.0,75.85130222478338,0.6395723819732666,0.08203125,0.765625,0.5,0.0
7,r5-f1-850189e424efde62468b2ef9,190,1,0.05,3.468897193670273e-05,9.600273915566504e-05,0.00010363782346906594,1.0,75.85127955317866,0.6395723819732666,0.08203125,0.765625,0.5,0.0
7,r5-f1-850189e424efde62468b2ef9,191,2,0.05,5.9723854064941406e-05,9.46467334870249e-05,0.00027356862445136287,1.0,75.85125795162129,0.6395723223686218,0.08203125,0.765625,0.5,0.0
7,r5-f1-850189e424efde62468b2ef9,192,3,0.05,0.00013028644025325775,9.432635852135718e-05,0.0006284140092334815,1.0,75.85123508036881,0.6395723223686218,0.08203125,0.765625,0.5,0.0
7,r5-f1-850189e424efde62468b2ef9,193,0,0.05,0.00012861937284469604,9.302297257818282e-05,0.0005478480786530177,1.0,75.85121229465811,0.6395723223686218,0.08203125,0.765625,0.5,0.0
7,r5-f1-850189e424efde62468b2ef9,194,1,0.05,3.206636756658554e-05,9.29261150304228e-05,0.00010161282941064326,1.0,75.85119164462465,0.639572262763977,0.08203125,0.765625,0.5,0.0
7,r5-f1-850189e424efde62468b2ef9,195,2,0.05,5.7220458984375e-05,9.253868483938277e-05,0.0002987589827429325,1.0,75.85117169732851,0.639572262763977,0.08203125,0.765625,0.5,0.0
7,r5-f1-850189e424efde62468b2ef9,196,3,0.05,0.00012540072202682495,9.259083890356123e-05,0.0005888088690795767,1.0,75.8511517590614,0.6395722031593323,0.08203125,0.765625,0.5,0.0
7,r5-f1-850189e424efde62468b2ef9,197,0,0.05,0.00013195723295211792,9.09370428416878e-05,0.0006578840844690626,1.0,75.85113140679726,0.6395722031593323,0.08203125,0.765625,0.5,0.0
7,r5-f1-850189e424efde62468b2ef9,198,1,0.05,3.3377669751644135e-05,9.094449342228472e-05,0.0001066812464507562,1.0,75.85111293729162,0.6395722031593323,0.08203125,0.765625,0.5,0.0
7,r5-f1-850189e424efde62468b2ef9,199,2,0.05,5.7220458984375e-05,9.035589755512774e-05,0.0002668285382555508,1.0,75.85109459312864,0.6395721435546875,0.08203125,0.765625,0.5,0.0
7,r5-f1-850189e424efde62468b2ef9,200,3,0.05,0.00011443439871072769,8.904476999305189e-05,0.0005842037818441703,1.0,75.85107589919981,0.6395721435546875,0.080078125,0.765625,0.5,0.0
7,r5-f1-850189e424efde62468b2ef9,201,0,0.05,0.00012480467557907104,8.750296547077596e-05,0.0005093592091256738,1.0,75.85105753754654,0.6395721435546875,0.08203125,0.765625,0.5,0.0
7,r5-f1-850189e424efde62468b2ef9,202,1,0.05,3.075506538152695e-05,8.751038694754243e-05,9.860504623148982e-05,1.0,75.85104083596802,0.6395721435546875,0.08203125,0.765625,0.5,0.0
7,r5-f1-850189e424efde62468b2ef9,203,2,0.05,5.841255187988281e-05,8.736137533560395e-05,0.0003167183244285219,1.0,75.85102506774257,0.6395720839500427,0.08203125,0.765625,0.5,0.0
7,r5-f1-850189e424efde62468b2ef9,204,3,0.05,0.00012492388486862183,8.670584065839648e-05,0.0007250089863630797,1.0,75.85100775698874,0.6395720839500427,0.08203125,0.765625,0.5,0.0
7,r5-f1-850189e424efde62468b2ef9,205,0,0.05,0.00012337416410446167,8.545414311811328e-05,0.0006035085888112944,1.0,75.85099006471573,0.639572024345398,0.08203125,0.765625,0.5,0.0
7,r5-f1-850189e424efde62468b2ef9,206,1,0.05,2.944469451904297e-05,8.512637577950954e-05,9.265839810469921e-05,1.0,75.850973803131,0.639572024345398,0.08203125,0.765625,0.5,0.0
7,r5-f1-850189e424efde62468b2ef9,207,2,0.05,6.341934204101562e-05,8.535734377801418e-05,0.00034026721171448795,1.0,75.85095782277443,0.639572024345398,0.08203125,0.765625,0.5,0.0
7,r5-f1-850189e424efde62468b2ef9,208,3,0.05,0.00012492388486862183,8.502218406647444e-05,0.0006785625678757217,1.0,75.85093946802849,0.639572024345398,0.08203125,0.765625,0.5,0.0
7,r5-f1-850189e424efde62468b2ef9,209,0,0.05,0.00011479109525680542,8.415791671723127e-05,0.0005468344311378362,1.0,75.85092145669635,0.6395719647407532,0.08203125,0.765625,0.5,0.0
7,r5-f1-850189e424efde62468b2ef9,210,1,0.05,3.206636756658554e-05,8.415791671723127e-05,0.00010281878619691304,1.0,75.85090502426232,0.6395719051361084,0.080078125,0.765625,0.5,0.0
7,r5-f1-850189e424efde62468b2ef9,211,2,0.05,6.079673767089844e-05,8.438143413513899e-05,0.00042854825964759255,1.0,75.85088854738086,0.6395719051361084,0.08203125,0.765625,0.5,0.0
7,r5-f1-850189e424efde62468b2ef9,212,3,0.05,0.00010120309889316559,8.286908268928528e-05,0.00045355561797583496,1.0,75.85087232042663,0.6395719051361084,0.08203125,0.765625,0.5,0.0
7,r5-f1-850189e424efde62468b2ef9,213,0,0.05,0.00013004988431930542,8.27498733997345e-05,0.0005862573196140834,1.0,75.85085519062547,0.6395719051361084,0.08203125,0.765625,0.5,0.0
7,r5-f1-850189e424efde62468b2ef9,214,1,0.05,3.075506538152695e-05,8.258596062660217e-05,9.774119915884924e-05,1.0,75.85083957581895,0.6395719051361084,0.080078125,0.765625,0.5,0.0
7,r5-f1-850189e424efde62468b2ef9,215,2,0.05,5.638599395751953e-05,8.25338065624237e-05,0.0003719578101311944,1.0,75.85082352365718,0.6395718455314636,0.08203125,0.765625,0.5,0.0
7,r5-f1-850189e424efde62468b2ef9,216,3,0.05,0.00011979788541793823,8.286902448162436e-05,0.0005510659747467105,1.0,75.85080684376685,0.6395718455314636,0.08203125,0.765625,0.5,0.0
7,r5-f1-850189e424efde62468b2ef9,217,0,0.05,0.00011347979307174683,8.21612193249166e-05,0.00045204546945999566,1.0,75.85079010858655,0.6395717859268188,0.083984375,0.765625,0.5,0.0
7,r5-f1-850189e424efde62468b2ef9,218,1,0.05,2.8133392333984375e-05,8.199736475944519e-05,8.245605563757103e-05,1.0,75.85077486232187,0.6395717859268188,0.08203125,0.765625,0.5,0.0
7,r5-f1-850189e424efde62468b2ef9,219,2,0.05,6.079673767089844e-05,8.214637637138367e-05,0.0003988225822953633,1.0,75.8507591820112,0.6395717263221741,0.08203125,0.765625,0.5,0.0
7,r5-f1-850189e424efde62468b2ef9,220,3,0.05,0.00010525621473789215,8.091714698821306e-05,0.0004973731927024648,1.0,75.85074258384978,0.6395717263221741,0.08203125,0.765625,0.5,0.0
7,r5-f1-850189e424efde62468b2ef9,221,0,0.05,0.00013410300016403198,8.158769924193621e-05,0.0005422674199377443,1.0,75.85072476550823,0.6395717263221741,0.080078125,0.765625,0.5,0.0
7,r5-f1-850189e424efde62468b2ef9,222,1,0.05,3.206636756658554e-05,8.175155380740762e-05,9.751100301687016e-05,1.0,75.85070877533025,0.6395716667175293,0.080078125,0.765625,0.5,0.0
7,r5-f1-850189e424efde62468b2ef9,223,2,0.05,6.937980651855469e-05,8.212408283725381e-05,0.00041727006893767173,1.0,75.85069326839304,0.6395716667175293,0.080078125,0.765625,0.5,0.0
7,r5-f1-850189e424efde62468b2ef9,224,3,0.05,0.00011526793241500854,8.152058580890298e-05,0.0005470954813374252,1.0,75.85067708526245,0.6395716667175293,0.08203125,0.765625,0.5,0.0
7,r5-f1-850189e424efde62468b2ef9,225,0,0.05,0.00011252611875534058,8.137902477756143e-05,0.00049713301227973,1.0,75.85066059428516,0.6395716667175293,0.08203125,0.765625,0.5,0.0
7,r5-f1-850189e424efde62468b2ef9,226,1,0.05,2.944469451904297e-05,8.121517021209002e-05,8.666737886940682e-05,1.0,75.85064553493086,0.6395716071128845,0.08203125,0.765625,0.5,0.0
7,r5-f1-850189e424efde62468b2ef9,227,2,0.05,5.602836608886719e-05,8.091714698821306e-05,0.0002667032003597228,1.0,75.85063061433175,0.6395716071128845,0.08203125,0.765625,0.5,0.0
7,r5-f1-850189e424efde62468b2ef9,228,3,0.05,0.00010990537703037262,8.14610393717885e-05,0.0005626037358196255,1.0,75.85061460353032,0.6395716071128845,0.08203125,0.765625,0.5,0.0
7,r5-f1-850189e424efde62468b2ef9,229,0,0.05,0.00011014193296432495,8.021679241210222e-05,0.0004932908029800602,1.0,75.85059651179853,0.6395715475082397,0.08203125,0.765625,0.5,0.0
7,r5-f1-850189e424efde62468b2ef9,230,1,0.05,2.8014183044433594e-05,8.004548726603389e-05,8.266298971121998e-05,1.0,75.85057982914051,0.639571487903595,0.08203125,0.765625,0.5,0.0
7,r5-f1-850189e424efde62468b2ef9,231,2,0.05,6.079673767089844e-05,8.032115874812007e-05,0.00044699584524985654,1.0,75.85056251243486,0.639571487903595,0.08203125,0.765625,0.5,0.0
7,r5-f1-850189e424efde62468b2ef9,232,3,0.05,0.00012492388486862183,8.06415337137878e-05,0.0005797611906790092,1.0,75.85054383166995,0.639571487903595,0.080078125,0.765625,0.5,0.0
7,r5-f1-850189e424efde62468b2ef9,233,0,0.05,0.00011347979307174683,8.06415337137878e-05,0.0004188660986114115,1.0,75.85052428135188,0.639571487903595,0.080078125,0.765625,0.5,0.0
7,r5-f1-850189e424efde62468b2ef9,234,1,0.05,2.6821624487638474e-05,8.055954822339118e-05,7.733984761490535e-05,1.0,75.85050655136604,0.6395714282989502,0.080078125,0.765625,0.5,0.0
7,r5-f1-850189e424efde62468b2ef9,235,2,0.05,6.341934204101562e-05,8.07234609965235e-05,0.00036613164683742375,1.0,75.85048892778774,0.6395714282989502,0.080078125,0.765625,0.5,0.0
7,r5-f1-850189e424efde62468b2ef9,236,3,0.05,0.00010954774916172028,8.099168189801276e-05,0.0005214219081249925,1.0,75.85047127178555,0.6395713686943054,0.080078125,0.765625,0.5,0.0
7,r5-f1-850189e424efde62468b2ef9,237,0,0.05,0.00010787695646286011,7.935255416668952e-05,0.0004577370104908725,1.0,75.85045397512717,0.6395713686943054,0.080078125,0.765625,0.5,0.0
7,r5-f1-850189e424efde62468b2ef9,238,1,0.05,2.8014183044433594e-05,7.909929263405502e-05,8.138530957269697e-05,1.0,75.85043825254397,0.6395713090896606,0.08203125,0.765625,0.5,0.0
7,r5-f1-850189e424efde62468b2ef9,239,2,0.05,6.079673767089844e-05,7.85628508310765e-05,0.0003830708047677707,1.0,75.85042297394969,0.6395713090896606,0.08203125,0.765625,0.5,0.0
7,r5-f1-850189e424efde62468b2ef9,240,3,0.05,0.00011026300489902496,7.825004286132753e-05,0.0005362372621290619,1.0,75.85040719767571,0.6395712494850159,0.080078125,0.765625,0.5,0.0
7,r5-f1-850189e424efde62468b2ef9,241,0,0.05,0.00011836737394332886,7.86151213105768e-05,0.00045907481031303777,1.0,75.8503910621874,0.6395712494850159,0.080078125,0.765625,0.5,0.0
7,r5-f1-850189e424efde62468b2ef9,242,1,0.05,2.956390380859375e-05,7.862257189117372e-05,9.099224381802679e-05,1.0,75.8503763895844,0.6395712494850159,0.08203125,0.765625,0.5,0.0
7,r5-f1-850189e424efde62468b2ef9,243,2,0.05,4.839897155761719e-05,7.81457347329706e-05,0.00022279798539729222,1.0,75.85036172249119,0.6395712494850159,0.080078125,0.765625,0.5,0.0
7,r5-f1-850189e424efde62468b2ef9,244,3,0.05,0.00010966695845127106,7.813083357177675e-05,0.0005570700569434618,1.0,75.85034600148276,0.6395712494850159,0.08203125,0.765625,0.5,0.0
7,r5-f1-850189e424efde62468b2ef9,245,0,0.05,0.00012480467557907104,7.904725498519838e-05,0.0006284040173691955,1.0,75.85032924790546,0.6395711898803711,0.080078125,0.765625,0.5,0.0
7,r5-f1-850189e424efde62468b2ef9,246,1,0.05,3.075599670410156e-05,7.921861833892763e-05,9.849855126541628e-05,1.0,75.85031431738464,0.6395711898803711,0.08203125,0.765625,0.5,0.0
7,r5-f1-850189e424efde62468b2ef9,247,2,0.05,5.602836608886719e-05,7.892059511505067e-05,0.0002948905996770403,1.0,75.85029971148919,0.6395711898803711,0.08203125,0.765625,0.5,0.0
7,r5-f1-850189e424efde62468b2ef9,248,3,0.05,0.00011526793241500854,7.831709808669984e-05,0.000535232373864524,1.0,75.85028356549074,0.6395711302757263,0.08203125,0.765625,0.5,0.0
7,r5-f1-850189e424efde62468b2ef9,249,0,0.05,0.00010787695646286011,7.796692079864442e-05,0.0005734677666943847,1.0,75.85026599159521,0.6395711302757263,0.08203125,0.765625,0.5,0.0
7,r5-f1-850189e424efde62468b2ef9,250,1,0.05,2.7060508728027344e-05,7.798185106366873e-05,7.855304339102317e-05,1.0,75.85025011996096,0.6395710706710815,0.08203125,0.765625,0.5,0.0
7,r5-f1-850189e424efde62468b2ef9,251,2,0.05,5.3763389587402344e-05,7.73783540353179e-05,0.0002721936093249872,1.0,75.85023456934202,0.6395710706710815,0.08203125,0.765625,0.5,0.0
7,r5-f1-850189e424efde62468b2ef9,252,3,0.05,0.00011586397886276245,7.777311839163303e-05,0.0005184565671507998,1.0,75.85021908448502,0.6395710706710815,0.080078125,0.765625,0.5,0.0
7,r5-f1-850189e424efde62468b2ef9,253,0,0.05,0.00011347979307174683,7.812329567968845e-05,0.0005861938287613952,1.0,75.85020230591525,0.6395710706710815,0.080078125,0.765625,0.5,0.0
7,r5-f1-850189e424efde62468b2ef9,254,1,0.05,2.7179718017578125e-05,7.807114161550999e-05,8.054431430696044e-05,1.0,75.8501872262035,0.6395710706710815,0.08203125,0.765625,0.5,0.0
7,r5-f1-850189e424efde62468b2ef9,255,2,0.05,5.3763389587402344e-05,7.763155736029148e-05,0.00029126776322345335,1.0,75.85017127591131,0.6395710110664368,0.080078125,0.765625,0.5,0.0
7,r5-f1-850189e424efde62468b2ef9,256,3,0.05,0.00011062063276767731,7.765390910208225e-05,0.00048398943339951505,1.0,75.85015469982986,0.6395710110664368,0.080078125,0.765625,0.5,0.0
