arm,optimizer_step,epoch_zero,learning_rate,ce_mean,objective_mean,latent_penalty_mean,coefficient_penalty_mean,coefficient_norm_mean,latent_delta_rms_mean,image_saturation_fraction_mean,gradient_norm,gradient_nonzero_fraction,basis_parameter_norm,attention_query_norm,gradient_clipped,ce_moving_mean_16_optimizer_steps
conditioned,1,0,0.001,21.726571321487427,21.726571321487427,0.0,0.0,0.0,0.0,0.0,16196.619839751422,0.005827360194472528,6.928203244323484,0.0,False,21.726571321487427
conditioned,2,0,0.001,16.760805368423462,16.760806798934937,0.0,1.0193029424954148e-06,0.6994619467359353,0.23754998296499252,0.0,1282.3551652316166,1.0,7.051505910933023,0.033675536370552574,False,19.243688344955444
conditioned,3,0,0.001,22.114966869354248,22.114966869354248,0.0,2.2802452903647463e-07,0.3287375948883646,0.1675354205071926,0.0,715.4185732806998,1.0,7.266733425024259,0.06160463595346922,False,20.20078118642171
conditioned,4,0,0.001,12.503248929977417,12.57118022441864,0.06792346574366093,8.008571285245125e-06,1.9603101936675322,1.323788434267044,0.12991873423258463,729.4733528319413,1.0,7.5237936565370385,0.08689238738067291,False,18.27639812231064
conditioned,5,0,0.001,12.333306014537811,12.483833312988281,0.1505178026854992,9.932572311299737e-06,2.183371343616797,1.7267292141914368,0.27643418312072754,690.0592184597457,1.0,7.803290786309672,0.10973434714339127,False,17.087779700756073
conditioned,6,0,0.001,8.188594698905945,8.296470880508423,0.10786894522607327,6.956844799788087e-06,1.827123572093196,1.538241595029831,0.2250842253367106,849.4325251594491,1.0,8.0878815837515,0.12947474624113656,False,15.604582200447718
conditioned,7,0,0.001,8.813740491867065,8.821367174386978,0.007624779129400849,2.0806266434192366e-06,0.9979482198094605,0.770429715514183,0.006404876708984375,704.8900392289049,1.0,8.362668602760413,0.1457915012779498,False,14.634461956364769
conditioned,8,0,0.001,18.0184428691864,18.01844310760498,0.0,4.482813125150642e-07,0.46356853007568455,0.14772455021739006,0.0,551.9195556339349,1.0,8.62850398808369,0.16481464200247767,False,15.057459570467472
conditioned,9,0,0.001,15.179711818695068,15.180158376693726,0.00044469085696619004,1.7118116772962821e-06,0.9053634557220506,0.5284803211688995,0.00012811024983723957,2026.0524867428321,1.0,8.858886348743374,0.18117158956787646,False,15.071043153603872
conditioned,10,0,0.001,9.66401481628418,9.815233945846558,0.15120987221598625,9.187076557282126e-06,2.096278571137283,1.7228641510009766,0.2745269139607747,640.6508678731666,1.0,9.092710819971796,0.19954270546483363,False,14.530340319871902
conditioned,11,0,0.001,13.680490016937256,14.204337775707245,0.5238265171647072,2.1162827579246368e-05,3.1868450719721193,2.78838050365448,0.4747196833292643,721.0495737836472,1.0,9.32541038689317,0.2202002509620938,False,14.453081201423299
conditioned,12,0,0.001,10.813024163246155,11.719030618667603,0.9059736132621765,3.256897070968989e-05,3.953581371288761,3.509663701057434,0.5364634990692139,774.5607164269715,1.0,9.555569433827669,0.23999703610787135,False,14.149743114908537
conditioned,13,0,0.001,11.113701820373535,12.575722694396973,1.4619736671447754,4.6911499339330476e-05,4.74479980511302,4.322828412055969,0.5770148436228434,1755.7770820264734,1.0,9.779256410852033,0.26177235905245905,False,13.916201476867382
conditioned,14,0,0.001,8.962034344673157,10.748122572898865,1.7860328257083893,5.5126625738921575e-05,5.142530757533019,4.724129676818848,0.5887022018432617,745.224342872632,1.0,10.000345864269969,0.2849320279632708,False,13.562332395996366
conditioned,15,0,0.001,5.29627001285553,7.4967135190963745,2.2003820538520813,6.14397540630307e-05,5.429155535619318,5.188965678215027,0.602724552154541,471.9922386931542,1.0,10.21715284902975,0.30902763610557055,False,13.011261570453645
conditioned,16,0,0.001,6.197816491127014,9.042728185653687,2.8448402881622314,7.1083193688537e-05,5.841178550787582,5.833652973175049,0.6189792950948079,992.7790450193389,1.0,10.426930442976051,0.33296479977793464,False,12.58542125299573
conditioned,17,0,0.001,6.006178915500641,9.21477222442627,3.208519697189331,7.387715777440462e-05,5.954221664906979,6.16340970993042,0.6268681685129801,569.6045096833407,1.0,10.629635581241178,0.358738013598978,False,11.602896727621555
conditioned,18,0,0.001,5.205135345458984,8.604684472084045,3.3994768857955933,7.237841055030003e-05,5.892786711404848,6.328434705734253,0.6322247982025146,817.0959287553408,1.0,10.823919033385469,0.3854135092281107,False,10.880667351186275
conditioned,19,0,0.001,4.677314311265945,8.399125277996063,3.721738040447235,7.2932938564918e-05,5.916456957804947,6.600077509880066,0.6395026842753092,360.54235333254735,1.0,11.009940245328886,0.4139184925129215,False,9.790814066305757
conditioned,20,0,0.001,3.514320433139801,7.109102010726929,3.5947145223617554,6.729362758051138e-05,5.67888927590727,6.48904824256897,0.6408538023630778,485.01070017253807,0.9999886406234025,11.186686472949674,0.4418663332143262,False,9.229006035253406
conditioned,21,0,0.001,5.552412629127502,9.117773175239563,3.5652955174446106,6.518256668641698e-05,5.590540694413633,6.466489672660828,0.6426491737365723,404.66594450217116,0.9999772812468052,11.35404991054892,0.47191684000127593,False,8.805200198665261
conditioned,22,0,0.001,3.6996022164821625,6.760213375091553,3.060554027557373,5.708880053134635e-05,5.233381194154227,6.029947400093079,0.639007568359375,238.58438941998685,0.9999772812468052,11.512018706067574,0.5024521079472306,False,8.524638168513775
conditioned,23,0,0.001,1.2506751120090485,3.853709876537323,2.602984607219696,5.0247951548954006e-05,4.908981607896343,5.598523855209351,0.6345414320627848,79.21900217478176,0.9999545624936104,11.660555347699782,0.5337475296830629,False,8.051946582272649
conditioned,24,0,0.001,1.2191830426454544,3.0736640095710754,1.8544417321681976,3.930067850888008e-05,4.338090511131073,4.797488570213318,0.6191547711690266,622.543890126653,0.9998182499744414,11.79968675807717,0.5671377425397267,False,7.00199284311384
conditioned,25,0,0.001,0.84255450963974,1.930265337228775,1.0876840651035309,2.676824169611791e-05,3.583812966558008,3.796839714050293,0.5844008922576904,162.0692848884159,0.9997955312212465,11.930491955959306,0.5991925671091,False,6.105920511297882
conditioned,26,0,0.001,2.9134077727794647,3.8540781438350677,0.9406456649303436,2.472870482961298e-05,3.4430006953414622,3.5623472332954407,0.5718216896057129,442.7810984805117,0.9998182499744414,12.052947591115789,0.6323116534882318,False,5.684007571078837
conditioned,27,0,0.001,2.470855623483658,2.9561706483364105,0.48529861867427826,1.6311233139276737e-05,2.7940542570384554,2.6933591961860657,0.485993226369222,294.8717936107579,0.9997728124680517,12.167792849159873,0.6590266019980741,False,4.983405421487987
conditioned,28,0,0.001,4.1387884467840195,4.56105974316597,0.4222569093108177,1.431583336852782e-05,2.6199578339944134,2.5514813661575317,0.4696232477823893,211.77005587808307,0.9997500937148569,12.275748642240657,0.6829399809746367,False,4.566265689209104
conditioned,29,0,0.001,3.162371590733528,3.511160746216774,0.3487773612141609,1.1815797734016087e-05,2.3778060664622496,2.3597898483276367,0.4379893143971761,187.43556787453682,0.9997273749616621,12.3771243236357,0.7066917739744539,False,4.069307549856603
conditioned,30,0,0.001,0.9373564198613167,1.2433491200208664,0.30598243698477745,1.0285902362738852e-05,2.2194247295975322,2.244967818260193,0.41833058993021643,127.94514677190942,0.9997160155850647,12.472147872581104,0.7258929970173781,False,3.567765179555863
conditioned,31,0,0.001,2.7691263258457184,3.045244574546814,0.2761092595756054,8.958663443081605e-06,2.067849868603082,2.1519914269447327,0.39705538749694824,102.80978028557584,0.9997046562084673,12.561104262253965,0.7385181397970155,False,3.40981869911775
conditioned,32,0,0.001,2.7518883049488068,3.0567427277565002,0.3048454821109772,8.953725455285166e-06,2.0712640835093286,2.2433659434318542,0.4215543270111084,434.6283152843589,0.9996251405722854,12.64445263180904,0.7580708242660887,False,3.194448187481612
conditioned,33,0,0.001,2.723047524690628,2.976345047354698,0.25328993424773216,7.638673423571163e-06,1.913327313702122,2.089543104171753,0.38780347506205237,212.4044101187405,0.9996819374552725,12.723215184634446,0.7724666394829542,False,2.989252475555986
conditioned,34,0,0.001,3.131248638033867,3.380565345287323,0.24930930510163307,7.3489069336574175e-06,1.8749585828547948,2.074740707874298,0.3852427800496419,3828.198180045733,0.9996364999488828,12.79637454838039,0.7937702744022438,False,2.8596345563419163
conditioned,35,0,0.001,6.384392589330673,6.491574555635452,0.10717777535319328,4.325092334056535e-06,1.439151383726979,1.5326439142227173,0.21736844380696613,304.95267388679815,0.9996364999488828,12.88120755828942,0.7957987797595595,False,2.966326948720962
conditioned,36,0,0.001,5.993159234523773,6.143998742103577,0.15083453990519047,5.102211389385047e-06,1.5635607026015506,1.7263847291469574,0.288593848546346,410.98580545779447,0.9996592187020776,12.973678759588662,0.7893568415258032,False,3.12125437380746
conditioned,37,1,0.001,3.1880168467760086,3.464890480041504,0.27686657756567,7.060522648316692e-06,1.840322128278412,2.1633704900741577,0.410330851872762,84.13695197442632,0.9995456249361035,13.071186012639382,0.7840206742221923,False,2.9734796374104917
conditioned,38,1,0.001,5.600213408470154,6.069386184215546,0.4691626876592636,9.965001936507178e-06,2.186549529055302,2.6655324697494507,0.4949096838633219,419.4061735626382,0.9995797030658957,13.171008220549615,0.7835178414452866,False,3.092267836909741
conditioned,39,1,0.001,2.954450488090515,3.5866252183914185,0.6321622878313065,1.2348833024589112e-05,2.4339552592761335,3.013164222240448,0.5300829410552979,220.99811833334726,0.9995342655595061,13.271438820533206,0.783788059445446,False,3.198753797914833
conditioned,40,1,0.001,2.300869435071945,3.048074871301651,0.7471914440393448,1.396947573084617e-05,2.5893431580811876,3.2333348989486694,0.5465879440307617,128.47484319034558,0.9995683436892984,13.370874068312192,0.7853643813070699,False,3.2663591974414885
conditioned,41,1,0.001,1.6631818935275078,2.5087103843688965,0.8455132097005844,1.5257336372087593e-05,2.7060235384759306,3.407341778278351,0.5576301415761311,157.781865142585,0.9995683436892984,13.468064813600403,0.7904405045037126,False,3.317648408934474
conditioned,42,1,0.001,1.8004985302686691,2.683067202568054,0.8825528025627136,1.5820788803466712e-05,2.7551065634793837,3.4697019457817078,0.5597758293151855,67.4855251017588,0.9996024218190905,13.561977413198033,0.797159594830454,False,3.2480915812775493
conditioned,43,1,0.001,1.5985742509365082,2.4698750376701355,0.8712849915027618,1.5731827488707495e-05,2.7465967104251177,3.4492072463035583,0.5566149552663167,115.00658647954678,0.9995342655595061,13.65189557077573,0.8038381954471417,False,3.1935739954933524
conditioned,44,1,0.001,1.4227052815258503,2.217455133795738,0.7947350144386292,1.4766350659556338e-05,2.661406130340302,3.3172969818115234,0.5461232662200928,70.61335764090477,0.9995229061829087,13.737382844640766,0.8108137228196941,False,3.023818797664717
conditioned,45,1,0.001,1.7242039595730603,2.4207285195589066,0.69651098549366,1.3607831533590797e-05,2.554470423357374,3.137106239795685,0.5303764343261719,125.40890436131261,0.9995229061829087,13.818196603636505,0.8198760093508238,False,2.9339333207171876
conditioned,46,1,0.001,1.9967969432473183,2.5694156289100647,0.5726069062948227,1.1770788887588424e-05,2.376174088712372,2.8912872672080994,0.5071853001912434,106.57536717696594,0.9995683436892984,13.894360930776461,0.8283202376992963,False,3.0001483534288127
conditioned,47,1,0.001,2.585864096879959,3.067154347896576,0.48127973079681396,1.0582886034171679e-05,2.2522684514839373,2.6907188296318054,0.4831737677256266,89.55072207295629,0.9995797030658957,13.965840914882369,0.8358204271599741,False,2.9886944641184527
conditioned,48,1,0.001,3.6534164994955063,4.026812195777893,0.37338653951883316,9.021963705890812e-06,2.080582537874164,2.4314244985580444,0.44657254219055176,149.06564514700105,0.9995342655595061,14.032855126585693,0.8444534343801406,False,3.0450399762776215
conditioned,49,1,0.001,1.6212148517370224,1.9035876393318176,0.2823650799691677,7.660553592359065e-06,1.9162866004984305,2.17751681804657,0.39960622787475586,90.2428716877232,0.9995797030658957,14.095603884262172,0.853526798850946,False,2.976175434218021
conditioned,50,1,0.001,2.6264342218637466,2.810466505587101,0.1840263493359089,6.045423560863128e-06,1.7032581431933003,1.8560463190078735,0.32226236661275226,248.15158797969178,0.9995342655595061,14.154307158838725,0.8653340154528883,False,2.9446245332073886
conditioned,51,1,0.001,2.5621725618839264,2.654399961233139,0.09222309477627277,4.311903239795356e-06,1.4385269793844127,1.4601680636405945,0.1917765935262044,351.4909879560419,0.9995115468063113,14.209649908875535,0.8563712240218107,False,2.705735781491967
conditioned,52,1,0.001,2.915180530399084,3.2119057402014732,0.29671743512153625,7.691170708312711e-06,1.9208098134789044,2.22153502702713,0.41100502014160156,157.26029081314744,0.999477468676519,14.26218858785452,0.8515430099021645,False,2.513362112484174
conditioned,53,1,0.001,2.628721833229065,3.0680148601531982,0.439283162355423,9.845426120591583e-06,2.173486358849298,2.5952056646347046,0.4730339050292969,154.7886882306091,0.9995001874297138,14.312057995728816,0.8481382329988509,False,2.47840617413749
conditioned,54,1,0.001,4.882970295846462,5.477852359414101,0.5948703587055206,1.1789013569796225e-05,2.378171265461327,2.9380438923835754,0.5140875180562336,247.48020803379922,0.9995229061829087,14.359228943622309,0.8444570707833978,False,2.433578479598509
conditioned,55,1,0.001,1.5734050124883652,2.3749576807022095,0.8015379309654236,1.4706218053106568e-05,2.6565498622059343,3.3307822346687317,0.5470805962880452,74.4112074503232,0.9995229061829087,14.403971671437285,0.8422612033272542,False,2.3472631373733748
conditioned,56,1,0.001,2.9514546394348145,3.8724348545074463,0.9209639877080917,1.6151310774148442e-05,2.7842722173664027,3.5345757603645325,0.5607640743255615,65.61770477572036,0.9995001874297138,14.446161213957199,0.841007469397431,False,2.387924712646054
conditioned,57,1,0.001,0.99769127368927,2.05818834900856,1.0604791045188904,1.797880622689263e-05,2.937390647794053,3.756135106086731,0.5731027126312256,44.73819500295726,0.9995453882824243,14.485816879383501,0.8416399927024768,False,2.3463315489061642
conditioned,58,1,0.001,2.612782835960388,3.7294996976852417,1.1166982054710388,1.8719791569310473e-05,2.9972599128642985,3.841265380382538,0.5773209730784098,87.01112268897151,0.9995115468063113,14.522978237072302,0.8443561694305047,False,2.3970993180118967
conditioned,59,1,0.001,2.7870395183563232,3.861762046813965,1.0747041404247284,1.821171417759615e-05,2.956371571945316,3.777865469455719,0.5742838382720947,130.16716197317012,0.9994888280531165,14.557869294041394,0.8509345002716894,False,2.471378397225635
conditioned,60,1,0.001,2.310949668288231,3.1916738748550415,0.8807086646556854,1.552971730234276e-05,2.729674852708017,3.466804325580597,0.5576685269673665,55.590750910891096,0.9995456249361035,14.590444154404778,0.8577131862543872,False,2.526893671398284
conditioned,61,1,0.001,1.8305580615997314,2.5027229487895966,0.6721519529819489,1.2911607655041735e-05,2.488852043880718,3.091426134109497,0.5304485162099202,230.14414819830571,0.9995001874297138,14.62085663697399,0.8633107865905235,False,2.533540802774951
conditioned,62,1,0.001,2.397177517414093,2.931983232498169,0.5347946733236313,1.1090354064435815e-05,2.3069119523595036,2.8117451071739197,0.5034667650858561,94.87792393593973,0.9995115468063113,14.649465062555691,0.8686240105568124,False,2.5585645886603743
conditioned,63,1,0.001,1.7875359803438187,2.1489016860723495,0.3613567128777504,8.896554390958045e-06,2.0657643416813376,2.399132490158081,0.44614775975545246,97.53156094600867,0.9995001874297138,14.676411196203642,0.8744983481260433,False,2.5086690813768655
conditioned,64,1,0.001,2.185955286026001,2.4766920804977417,0.29072899371385574,7.739900524939003e-06,1.9257212000221906,2.201038181781769,0.40907033284505206,73.96827583750911,0.9995001874297138,14.70176147701204,0.8808882149451945,False,2.4169527555350214
conditioned,65,1,0.001,2.132490187883377,2.2915410697460175,0.1590452641248703,5.616221983473224e-06,1.6395754085901846,1.753522902727127,0.29214906692504883,175.2318042669457,0.9995001874297138,14.725659027737038,0.8853399979363681,False,2.4489074640441686
conditioned,66,1,0.001,1.9139998257160187,2.0742354840040207,0.16023015417158604,5.540455504160491e-06,1.6254078873192275,1.7501642107963562,0.28820617993672687,133.94853337563737,0.9995229061829087,14.748467636664968,0.8904194890369512,False,2.4043803142849356
conditioned,67,1,0.001,2.742493525147438,2.821990616619587,0.07949286885559559,4.20849488591557e-06,1.4186866190326037,1.3805306553840637,0.16106955210367838,213.67776355179302,0.9995229061829087,14.770622267678638,0.890805286225683,False,2.415650374488905
conditioned,68,1,0.001,3.847075581550598,3.9818071722984314,0.13472669199109077,5.069128178547544e-06,1.5584875889798542,1.6548825204372406,0.2602255344390869,393.28080897210015,0.9995001874297138,14.79258277555383,0.8843129263023134,False,2.4738938151858747
conditioned,69,1,0.001,1.533005267381668,2.000543028116226,0.4675283432006836,9.420189144293545e-06,2.125812983584651,2.6611618995666504,0.48871914545694983,372.10269707512765,0.9995001874297138,14.815061067269232,0.878845289439326,False,2.4054115298204124
conditioned,70,1,0.001,1.16587795317173,2.0854631960392,0.9195701479911804,1.5101295048225438e-05,2.692242326451692,3.532313823699951,0.5666101773579915,80.8979564944674,0.9995115468063113,14.83800714878061,0.8752607478060528,False,2.1730932584032416
conditioned,71,1,0.001,1.6356835141777992,2.8842969834804535,1.2485945224761963,1.8936592823592946e-05,3.0135607788842456,4.031611144542694,0.5902225176493326,44.987196529505106,0.9995115468063113,14.860939537894893,0.8735772514088894,False,2.1769856647588313
conditioned,72,1,0.001,2.0403431057929993,3.5380859971046448,1.4977210760116577,2.1779300368507393e-05,3.2331444685982187,4.369844913482666,0.6022732257843018,75.93602976462748,0.9995342655595061,14.883501200583481,0.8736116109088502,False,2.120041193906218
conditioned,73,2,0.001,3.6380444318056107,5.256757318973541,1.6186898946762085,2.3162639990914613e-05,3.3336621302908807,4.522251725196838,0.6067449251810709,359.6529013068768,0.9995342655595061,14.905808025321667,0.8744069670729211,False,2.285063266288489
conditioned,74,2,0.001,1.8335171276703477,3.61533522605896,1.7817931175231934,2.5028401978488546e-05,3.4658809118759875,4.720855116844177,0.6123105684916178,142.82764078094317,0.9995001874297138,14.928323731728556,0.8774320492686317,False,2.2363591595203616
conditioned,75,2,0.001,0.803110484033823,2.525970607995987,1.7228356897830963,2.436726754240226e-05,3.4198607548334863,4.6505206823349,0.611540953318278,254.97441071924385,0.9995229061829087,14.950775846853654,0.8795563188632395,False,2.1123635948752053
conditioned,76,2,0.001,1.8833719193935394,3.617508888244629,1.7341122329235077,2.4701831534912344e-05,3.4428923372579314,4.6635422706604,0.6127227942148844,110.4251409976684,0.9994888280531165,14.973207477138748,0.8826845646263334,False,2.085639985569287
conditioned,77,2,0.001,3.0091386437416077,4.636618673801422,1.627456247806549,2.3709668766969116e-05,3.3732190063710004,4.533691167831421,0.6101749738057454,128.36684173621865,0.9995453882824243,14.995395612958328,0.8887846481881332,False,2.1593012719531544
conditioned,78,2,0.001,1.6503472179174423,2.904782623052597,1.2544156908988953,1.9654654352052603e-05,3.0713071518967334,4.041313052177429,0.5943140188852946,140.61594969417567,0.999477468676519,15.017162785005471,0.8957645813281349,False,2.1126243782346137
conditioned,79,2,0.001,2.3619953393936157,3.4240497946739197,1.0620371103286743,1.7364570794597967e-05,2.8870224491549563,3.7588524222373962,0.5823630491892496,103.77532072332794,0.9995342655595061,15.038359214979229,0.905964061232713,False,2.148528088175226
conditioned,80,2,0.001,1.6413050591945648,2.2896009981632233,0.6482833027839661,1.269894505639968e-05,2.468849540044788,3.0459755063056946,0.5320773124694824,58.71071553356144,0.9995115468063113,15.058831828633227,0.9171101896319286,False,2.1144874489982612
conditioned,81,2,0.001,2.3715640008449554,2.6626967191696167,0.2911244258284569,8.244662922152202e-06,1.989012170080274,2.2053229808807373,0.408372163772583,241.38495394998438,0.9995456249361035,15.078521424400051,0.9226512407483105,False,2.12942956230836
conditioned,82,2,0.001,1.9543616473674774,2.2378481924533844,0.2834786921739578,7.808197210579237e-06,1.935881025330733,2.1835896372795105,0.4034256935119629,139.08520181759582,0.9995001874297138,15.097834004645575,0.9304102735344428,False,2.131952176161576
conditioned,83,2,0.001,1.4981128871440887,1.7028953284025192,0.20477592572569847,6.528592393806321e-06,1.7698019474170612,1.9289507865905762,0.3399283091227213,100.29793834820416,0.9995229061829087,15.116704261965056,0.938750144855871,False,2.0541783862863667
conditioned,84,2,0.001,2.3180755972862244,2.4343471825122833,0.11626636050641537,5.154995619705005e-06,1.5726115094816178,1.5755705833435059,0.22673590977986652,442.9203218653614,0.9995569843127009,15.135688515742292,0.9321476550205772,False,1.9586158872698434
conditioned,85,2,0.001,1.5448762029409409,1.8641487061977386,0.3192649111151695,7.575615882160491e-06,1.906301055943236,2.2852553129196167,0.4277784824371338,81.62818524921613,0.9995115468063113,15.155091102919648,0.9259231768313827,False,1.959357820742298
conditioned,86,2,0.001,2.550105333328247,3.253949820995331,0.7038324624300003,1.1948446172027616e-05,2.394303569483137,3.1521778106689453,0.544240395228068,90.063599223099,0.9995001874297138,15.174554811395598,0.9219983602623083,False,2.0458720320020802
conditioned,87,2,0.001,2.87803393881768,3.9085304141044617,1.0304810553789139,1.5483921515624388e-05,2.7253309012024665,3.7085525393486023,0.5821548302968342,58.83207520717929,0.9995569843127009,15.193833034711039,0.9199272959673634,False,2.1235189335420728
conditioned,88,2,0.001,1.0887080281972885,2.264706403017044,1.175981491804123,1.690366661932785e-05,2.847710251277589,3.9280802607536316,0.5932727654774983,75.6149657045444,0.9996024218190905,15.212724326266713,0.9194324331198,False,2.064041741192341
conditioned,89,2,0.001,3.7354432344436646,5.088142037391663,1.352679818868637,1.8911015104094986e-05,3.0126185667682113,4.177511930465698,0.6035284996032715,182.0552261121075,0.9994547499233242,15.231154004612426,0.9214144600351831,False,2.070129166357219
conditioned,90,2,0.001,2.539124369621277,3.833917558193207,1.2947750985622406,1.8096136500389548e-05,2.9467029707303047,4.097387790679932,0.6007734934488932,67.55817220490931,0.9995456249361035,15.249126101091377,0.9238152830181676,False,2.1142296189791523
conditioned,91,2,0.001,2.643413685262203,3.906028062105179,1.262596756219864,1.7668625332589727e-05,2.911707560928918,4.052433371543884,0.5993306636810303,84.27863780184414,0.9995569843127009,15.266512865598497,0.9277420204967624,False,2.229248569055926
conditioned,92,2,0.001,2.3106967508792877,3.3680343329906464,1.0573221743106842,1.5325500498875044e-05,2.711426696163192,3.75021892786026,0.5856738090515137,58.77584493326223,0.999613781195688,15.283202781378819,0.9330675785272049,False,2.2559563710237853
conditioned,93,2,0.001,2.0322016179561615,2.7858248949050903,0.7536111772060394,1.211320022775908e-05,2.4104596451770925,3.243874490261078,0.5532461802164713,75.2562361274836,0.9995683436892984,15.299209991483442,0.9398260534174256,False,2.194897806912195
conditioned,94,2,0.001,2.199874371290207,2.659766212105751,0.4598829001188278,8.8790384324966e-06,2.0641507794185006,2.6438326239585876,0.49102775255839026,105.080944072397,0.9996364999488828,15.314499524311463,0.9474047991697463,False,2.2292432539979927
conditioned,95,2,0.001,2.7873398065567017,2.909544438123703,0.12219955213367939,5.0518219723016955e-06,1.5569976655065405,1.604777067899704,0.2468899885813395,87.80074266398759,0.9995342655595061,15.32903242312929,0.9547711392236978,False,2.2558272831956856
conditioned,96,2,0.001,5.530543744564056,5.5569541454315186,0.02640656370203942,3.8447163888122304e-06,1.3583461834659276,0.9964237958192825,0.04586950937906901,1007.2532649349446,0.9996024218190905,15.344002845565536,0.9347910459291529,False,2.498904701031279
conditioned,97,2,0.001,2.7554776072502136,3.2178581953048706,0.46237094700336456,9.685919849289348e-06,2.1556863022555395,2.6493287682533264,0.4916680653889973,256.5358006673843,0.9995115468063113,15.363131157505217,0.9230626082977303,False,2.5228993014316075
conditioned,98,2,0.001,1.2157015949487686,2.1983609795570374,0.9826434552669525,1.5966355022101197e-05,2.768258468193547,3.6346628069877625,0.5795861879984537,46.148697045685815,0.9995456249361035,15.385293329195482,0.9138007493665132,False,2.476733048155438
conditioned,99,2,0.001,2.014646291732788,3.3564088344573975,1.341741919517517,2.0495717308222083e-05,3.1362415366135963,4.1620635986328125,0.603303591410319,70.14138710773383,0.9994885913994374,15.409339258947501,0.9068273514488331,False,2.509016385942232
conditioned,100,2,0.001,1.3837810456752777,3.067502021789551,1.6836961507797241,2.4827253128023585e-05,3.4514660100792787,4.602411270141602,0.6169741153717041,105.22484948353075,0.9995910624424932,15.434469685274227,0.9028877473631979,False,2.4506229764665477
conditioned,101,2,0.001,1.1634584087878466,2.9272304475307465,1.7637456953525543,2.6288411845598603e-05,3.55197830634768,4.699017763137817,0.6188592116038004,124.19463649794743,0.9995683436892984,15.46002355982377,0.9009202030973669,False,2.4267843643319793
conditioned,102,2,0.001,3.3128956258296967,5.043314456939697,1.730391651391983,2.7149270863446873e-05,3.6097556838072067,4.6595458984375,0.6170721054077148,196.85629453653317,0.9996251405722854,15.485762385192526,0.9024674367534099,False,2.47445875761332
conditioned,103,2,0.001,4.2541961669921875,5.598806917667389,1.3445864915847778,2.4418501197942533e-05,3.4230891131136643,4.165713667869568,0.5987411340077717,222.2716037700781,0.9995683436892984,15.51162020493849,0.9046738057841138,False,2.5604688968742266
conditioned,104,2,0.001,1.3426860198378563,2.548813432455063,1.206104427576065,2.302106258866843e-05,3.3238995061434853,3.971401810646057,0.5903969605763753,97.54268588196358,0.9995797030658957,15.537262532268146,0.9081912170685237,False,2.576342521351762
conditioned,105,2,0.001,2.7793081402778625,3.682581603527069,0.9032531380653381,2.0286612652853364e-05,3.1195934426840433,3.5040546655654907,0.5637044906616211,107.25932843447528,0.9995456249361035,15.562438147865649,0.9129848940009541,False,2.5165840779663995
conditioned,106,2,0.001,5.6804972887039185,6.245939016342163,0.5654250532388687,1.6619727830402553e-05,2.8243036572390086,2.8769320249557495,0.5072638988494873,626.9893373881996,0.9995569843127009,15.587132624303255,0.9099335775961148,False,2.7129198854090646
conditioned,107,2,0.001,2.1888279356062412,3.2535457015037537,1.0646966844797134,2.105698331433814e-05,3.1787798081384935,3.7612587809562683,0.5823251406351725,156.72270876627266,0.9995683436892984,15.612045406658016,0.9081877263637955,False,2.684508276055567
conditioned,108,2,0.001,2.911462016403675,4.43162938952446,1.5201420485973358,2.53199114013114e-05,3.4857394147006397,4.398016691207886,0.611019213994344,193.48860234729347,0.9996024218190905,15.637025514730778,0.9087374991688962,False,2.722056105150841
conditioned,109,3,0.001,0.4006324289366603,2.261664927005768,1.861003428697586,2.914052265623468e-05,3.7398754561409104,4.813709855079651,0.6231149832407633,87.40300774540786,0.9995342655595061,15.661796420280492,0.9106708335228721,False,2.6200830308371224
conditioned,110,3,0.001,0.9673297256231308,2.976402759552002,2.0090423822402954,3.063846543227555e-05,3.8344297215978207,4.981699347496033,0.6271287600199381,127.99346956019845,0.9996024218190905,15.686061470409875,0.9141241324475309,False,2.54304899048293
conditioned,111,3,0.001,6.457603931427002,8.573517203330994,2.115880846977234,3.2373394788010046e-05,3.9415488329216695,5.099410176277161,0.6298069953918457,181.92583028664694,0.999613781195688,15.709718607952897,0.9181964759268084,False,2.772440498287324
conditioned,112,3,0.001,0.8522167038172483,3.0096946358680725,2.1574447751045227,3.327879312564619e-05,3.9961376440283445,5.1440335512161255,0.6311771074930826,50.007845954887514,0.9996024218190905,15.732723165027362,0.9231080782055987,False,2.4800450582406484
conditioned,113,3,0.001,2.652163077145815,4.674971401691437,2.0227764546871185,3.196219768142328e-05,3.916361676542875,4.996769547462463,0.6288881301879883,180.9613397673344,0.9996364999488828,15.755119538072238,0.9297016523365447,False,2.4735879001091234
conditioned,114,3,0.001,1.8550918102264404,3.663535177707672,1.8084134757518768,2.9996470402693376e-05,3.794375203253561,4.7523393630981445,0.6237726211547852,78.29896186219385,0.9996364999488828,15.776912213520703,0.9370144376290894,False,2.513549788563978
conditioned,115,3,0.001,0.9395645037293434,2.501296877861023,1.5617045760154724,2.787099447232322e-05,3.656826729340218,4.450861930847168,0.6159116427103678,52.47315944107164,0.9995456249361035,15.797941496845482,0.9449322337575782,False,2.4463571768137626
conditioned,116,3,0.001,2.014413505792618,3.230387955904007,1.2159503698349,2.402691870884155e-05,3.3956442935967477,3.9864078760147095,0.5992419719696045,78.0830979564677,0.9996478593254802,15.8180943562914,0.9531779275079416,False,2.4857717055710964
conditioned,117,3,0.001,2.426880896091461,3.342872440814972,0.915970504283905,2.1056544937891886e-05,3.178886737710486,3.5260379910469055,0.5756529172261555,104.22521462905414,0.9995910624424932,15.837338288799456,0.9607575610244075,False,2.5647356110275723
conditioned,118,3,0.001,0.9722104026004672,1.6108973026275635,0.6386692076921463,1.771303095665644e-05,2.9149915241093396,3.0255725383758545,0.5367235342661539,68.14437587901821,0.9995456249361035,15.855694916739955,0.9681214179091662,False,2.4184427845757455
conditioned,119,3,0.001,2.087108939886093,2.504019543528557,0.41689586639404297,1.4781720437895274e-05,2.6627536548975868,2.540849506855011,0.4760071436564127,172.22402804850066,0.9996024218190905,15.873196989402183,0.9742429935110324,False,2.2829998328816146
conditioned,120,3,0.001,2.361329659819603,2.6307210326194763,0.26937879994511604,1.2427367437339853e-05,2.4420639438816036,2.140649914741516,0.39809179306030273,171.78603204870103,0.9996592187020776,15.890420512722962,0.980053729872963,False,2.3466650603804737
conditioned,121,3,0.001,3.2745066583156586,3.4544694423675537,0.17995144426822662,1.1348446378178778e-05,2.3324771656425067,1.8384108245372772,0.313803752263387,243.46872664873996,0.9996024218190905,15.908074075337417,0.9833948642758308,False,2.377614967757836
conditioned,122,3,0.001,2.7787641882896423,2.9885528087615967,0.20977702364325523,1.1684194305416895e-05,2.367937664910492,1.9480369091033936,0.3484987417856852,214.93577645957478,0.9996251405722854,15.926635897688957,0.9862958373696489,False,2.1962566489819437
conditioned,123,3,0.001,2.804503560066223,3.086033970117569,0.28151722252368927,1.323219362348027e-05,2.5195964557135455,2.17690771818161,0.40761931737263996,216.85055150961534,0.999613781195688,15.946102528013292,0.9871783148352028,False,2.2347363755106926
conditioned,124,3,0.001,2.0243115425109863,2.4868302047252655,0.4625031650066376,1.545918553347292e-05,2.723046335845848,2.6486668586730957,0.4940815766652425,123.41043853185217,0.9995342655595061,15.966508475034942,0.9874663998584781,False,2.1792894708923995
conditioned,125,3,0.001,2.0322638377547264,2.738949954509735,0.7066675424575806,1.8519783679948887e-05,2.9785434186799935,3.1532219648361206,0.5494867960611979,63.08975033947381,0.9996364999488828,15.987526714835308,0.9891366570409255,False,2.2812664339435287
conditioned,126,3,0.001,1.842906653881073,2.662592053413391,0.8196656703948975,1.9723262994375546e-05,3.0761940397628895,3.3618162870407104,0.5662349859873453,117.03430415094907,0.9996251405722854,16.008812467275504,0.9925298567477346,False,2.33598999195965
conditioned,127,3,0.001,0.7661931812763214,1.6697682440280914,0.9035542756319046,2.081350703520002e-05,3.157566626289883,3.500359833240509,0.5745142300923665,34.41295300736327,0.9996251405722854,16.029975485221453,0.9965849489334602,False,1.9802768200752325
conditioned,128,3,0.001,2.141508564352989,2.9424303770065308,0.8009028881788254,1.8964539322041674e-05,3.0164393653753305,3.3288525342941284,0.5632904370625813,67.42854118911008,0.9996364999488828,16.050654253597994,1.0008912786769313,False,2.0608575613587163
conditioned,129,3,0.001,1.2902937307953835,2.14545539021492,0.8551417887210846,1.9808679098787252e-05,3.0823863276236008,3.4224108457565308,0.5691596666971842,31.680712774409834,0.9996364999488828,16.070714037063222,1.0055452178048352,False,1.9757407272118144
conditioned,130,3,0.001,3.5009177923202515,4.303442418575287,0.8025056719779968,1.9021185835299548e-05,3.0184005738802036,3.3269381523132324,0.5613553524017334,161.1476029486855,0.999613781195688,16.09013012434042,1.0105223027998937,False,2.0786048510926776
conditioned,131,3,0.001,1.6815324872732162,2.3874215185642242,0.7058713138103485,1.773846088326536e-05,2.9159345993755834,3.1530593633651733,0.5476634502410889,56.39964450837156,0.9996251405722854,16.10898069513365,1.0152806833192753,False,2.1249778500641696
conditioned,132,3,0.001,0.9043218493461609,1.4925490617752075,0.5882110819220543,1.6126785794767784e-05,2.779802373068395,2.920443892478943,0.5245770613352457,32.5333101873209,0.9996364999488828,16.127156019416855,1.0197703782909011,False,2.055597121536266
conditioned,133,3,0.001,3.5392878353595734,4.039091378450394,0.499788798391819,1.4878160072839819e-05,2.66974474146414,2.729999363422394,0.5016640822092692,84.95109354586573,0.9996364999488828,16.144575282900924,1.0230564701358391,False,2.125122555240523
conditioned,134,3,0.001,2.405496656894684,2.8759534657001495,0.4704425632953644,1.4282267557064188e-05,2.6160424144872865,2.6644046902656555,0.4935064315795898,88.83891714464603,0.9996364999488828,16.161440483897344,1.0266210506654128,False,2.2147029461339116
conditioned,135,3,0.001,0.7757477313280106,1.2675359398126602,0.49177394062280655,1.4286004216046422e-05,2.615671165575151,2.7115964889526367,0.5003419717152913,28.486485373338216,0.9996364999488828,16.177630053291956,1.030460937483958,False,2.1327428705990314
conditioned,136,3,0.001,3.0812495350837708,3.5083394646644592,0.4270770624279976,1.2858306035923306e-05,2.4820002714598877,2.5617583990097046,0.4801630973815918,115.50767772916451,0.9996364999488828,16.19310614498907,1.0337797393918338,False,2.177737862803042
conditioned,137,3,0.001,2.4320130944252014,2.882735013961792,0.45070893317461014,1.2980793371752952e-05,2.494736062616535,2.6199313402175903,0.49002869923909503,66.4493799962795,0.9996364999488828,16.20803644587713,1.0373140466819484,False,2.1250820150598884
conditioned,138,3,0.001,1.4501022547483444,1.863511174917221,0.41339683532714844,1.2108719829484471e-05,2.4091440188381372,2.5295735597610474,0.4769531885782877,60.01511615735969,0.9996251405722854,16.222377306157952,1.041382705015341,False,2.0420406442135572
conditioned,139,3,0.001,1.4865817874670029,1.8325579464435577,0.34596528112888336,1.0910364380833926e-05,2.288195130522046,2.3593770265579224,0.4493451913197835,72.42287009071853,0.9996364999488828,16.236100176472714,1.0457914003819686,False,1.959670533426106
conditioned,140,3,0.001,0.9987474828958511,1.337747186422348,0.33898893743753433,1.0782174058476812e-05,2.273817115147719,2.3389000296592712,0.4447351296742757,51.49505778665301,0.9996478593254802,16.2491431367928,1.0497241712634873,False,1.89557277970016
conditioned,141,3,0.001,2.044666200876236,2.329961135983467,0.2852850593626499,9.86905592981202e-06,2.1747479406807146,2.185177445411682,0.4123700459798177,72.26676276591299,0.9996364999488828,16.261598731686785,1.053772205175022,False,1.8963479273952544
conditioned,142,3,0.001,0.6670369803905487,0.903579905629158,0.23653380200266838,9.113159194384934e-06,2.0901390738187615,2.0343546867370605,0.3758148352305094,40.86886033975944,0.9996364999488828,16.2734222707766,1.0574070236892885,False,1.8228560728020966
conditioned,143,3,0.001,2.60386461019516,2.76912522315979,0.16525264084339142,7.910006729616725e-06,1.9474988236406974,1.78268101811409,0.30216193199157715,140.36365576638676,0.9996364999488828,16.284970345667972,1.0593068382165647,False,1.937710537109524
conditioned,144,3,0.001,2.184983253479004,2.3733383119106293,0.18834690749645233,8.123013458316564e-06,1.973567661302668,1.8693321347236633,0.3292844295501709,115.88951886618766,0.9996364999488828,16.2963742781761,1.0606737089173432,False,1.9404277051799
conditioned,145,4,0.001,1.046287477016449,1.2990754842758179,0.2527792416512966,8.782497161519132e-06,2.051399877142333,2.0854106545448303,0.3876500924428304,46.01645589041918,0.9996251405722854,16.30760687549306,1.0626485205686464,False,1.9251773143187165
conditioned,146,4,0.001,1.0562839061021805,1.2933644950389862,0.2370724119246006,8.189561526705802e-06,1.9806737213454335,2.0344512164592743,0.37452538808186847,72.0694791664147,0.9996478593254802,16.318612140966714,1.0645799451288314,False,1.772387696430087
conditioned,147,4,0.001,1.0692720860242844,1.369974598288536,0.30069325864315033,9.23550032894127e-06,2.1048536018045665,2.2329037189483643,0.422741174697876,37.86679990058008,0.9995797030658957,16.3293314438034,1.0665333396108312,False,1.7341214213520288
conditioned,148,4,0.001,2.5923372209072113,2.8806918263435364,0.28834572061896324,8.965308325059596e-06,2.0734669389020115,2.1956472396850586,0.41445358594258624,89.47010106819504,0.9996024218190905,16.33967014221519,1.0680227864009435,False,1.8396223820745945
conditioned,149,4,0.001,2.693296432495117,2.989104151725769,0.2957986742258072,9.012517011797172e-06,2.0793571657151135,2.218346118927002,0.42098045349121094,65.5257812675735,0.9996251405722854,16.349671427859658,1.0689431701534298,False,1.786747919395566
conditioned,150,4,0.001,2.1225423365831375,2.39554925262928,0.2729986533522606,8.227308399000322e-06,1.987128366214445,2.152093529701233,0.40885138511657715,81.15519714047984,0.9996364999488828,16.359506249702974,1.070329635260717,False,1.7690632743760943
conditioned,151,4,0.001,1.394362773746252,1.6815464347600937,0.28717513382434845,8.477921028315905e-06,2.0147495997529963,2.1895747780799866,0.4163026809692383,34.5262390995238,0.9996364999488828,16.36906354213586,1.071946896778429,False,1.8077267145272344
conditioned,152,4,0.001,1.827425479888916,2.153448164463043,0.32601340115070343,9.208449000652763e-06,2.1015456449245393,2.3037559390068054,0.4421414534250895,67.09679268164899,0.9996364999488828,16.37833100688903,1.0741235838071082,False,1.729362711077556
conditioned,153,4,0.001,2.3403458148241043,2.6281256675720215,0.2877713479101658,8.57310419632995e-06,2.0268458180732924,2.193000912666321,0.4188401699066162,80.48636468812681,0.9996364999488828,16.387351347086536,1.0768885279209162,False,1.7236335061024874
conditioned,154,4,0.001,2.1851176526397467,2.4239974170923233,0.2388719543814659,7.874256198192597e-06,1.9428396196239357,2.042830377817154,0.38288537661234534,46.83142994096264,0.9996364999488828,16.39609341675212,1.0796669109805466,False,1.7695719684707
conditioned,155,4,0.001,1.3400676138699055,1.5620725825428963,0.22199704125523567,7.9063195244089e-06,1.9472647864186772,1.9879987239837646,0.36808133125305176,64.50628747890823,0.9995569843127009,16.40453133645832,1.0821261884929045,False,1.7604148326208815
conditioned,156,4,0.001,1.8859892413020134,2.0504267513751984,0.1644306518137455,6.842147399765963e-06,1.8113935735438498,1.7803259491920471,0.3049201170603434,79.00110203994073,0.9996364999488828,16.412795791145054,1.0844048259582992,False,1.8158674425212666
conditioned,157,4,0.001,1.481427326798439,1.6147331297397614,0.1332993060350418,6.468759806921298e-06,1.760120451644827,1.6498634815216064,0.25644659996032715,84.77556960726163,0.9996362632952037,16.421006760078935,1.0870552566284648,False,1.7806650128914043
conditioned,158,4,0.001,2.904426544904709,2.996068924665451,0.09163650125265121,5.907618742639897e-06,1.682163780233356,1.451583594083786,0.17999919255574542,324.22139181476206,0.9996364999488828,16.430004866810773,1.0828349779108535,False,1.9205018606735393
conditioned,159,4,0.001,2.134473353624344,2.392547160387039,0.25806499645113945,8.783756356933736e-06,2.052887378010662,2.1053473353385925,0.3983675638834635,76.65879836163596,0.9995683436892984,16.44018405327303,1.0786003467701257,False,1.8911649071378633
conditioned,160,4,0.001,1.5126063227653503,1.9873854219913483,0.47476737946271896,1.1803722145486972e-05,2.3782346307667344,2.675435423851013,0.5008321603139241,30.24236707935231,0.9996364999488828,16.45112513387402,1.0752430383519949,False,1.84914134896826
conditioned,161,4,0.001,0.8520299568772316,1.513270229101181,0.6612261235713959,1.4153597021504538e-05,2.6063954137870304,3.0712640285491943,0.5443777243296305,30.245495136267554,0.9996364999488828,16.462458260976042,1.0730938319001009,False,1.837000253959559
conditioned,162,4,0.001,1.9296758770942688,2.778705418109894,0.8490130007266998,1.649479827392497e-05,2.8123675762533495,3.4114821553230286,0.569532553354899,45.37960221441273,0.9996364999488828,16.473870350607587,1.0717452256656295,False,1.8915872521465644
conditioned,163,4,0.001,1.8765743970870972,2.893854260444641,1.0172614306211472,1.853304547694279e-05,2.9801059085586843,3.6856244802474976,0.5845920244852701,79.28682101336018,0.9996364999488828,16.485288991496798,1.072200248361438,False,1.9420436465879902
conditioned,164,4,0.001,2.5037671625614166,3.5760691165924072,1.0722829550504684,1.8979862034029793e-05,3.0159962282522885,3.77109694480896,0.5883151690165201,118.89562876726535,0.9996364999488828,16.496656097477505,1.0727656917615451,False,1.936508017941378
conditioned,165,4,0.001,1.813280627131462,2.97293883562088,1.1596383452415466,1.994391277548857e-05,3.0937901854396097,3.9049527049064636,0.5946342945098877,50.7015107202788,0.9996364999488828,16.5080133502463,1.0741148169912873,False,1.8815070301061496
conditioned,166,4,0.001,1.9970158003270626,3.2100691199302673,1.2130327820777893,2.0509661226242315e-05,3.136195904558546,3.9807507395744324,0.5975819428761799,60.75815695183668,0.9996364999488828,16.51923106708366,1.0761506622931216,False,1.873661621590145
conditioned,167,4,0.001,1.1231866776943207,2.339458703994751,1.21625155210495,2.0479888007685076e-05,3.135325249838192,3.9874595999717712,0.5982434749603271,30.13529645386289,0.9996251405722854,16.530222525263298,1.0789387057925004,False,1.8567131155868992
conditioned,168,4,0.001,1.8868851065635681,3.078653573989868,1.1917483806610107,2.0119499822612852e-05,3.107188365955321,3.951533794403076,0.5967832406361897,40.00202879476512,0.9996364999488828,16.540865532094323,1.0825885139679,False,1.860429342254065
conditioned,169,4,0.001,0.8444156050682068,1.946470856666565,1.1020362973213196,1.8904299395217095e-05,3.011499391940929,3.8184741139411926,0.5909558137257893,29.915100250030292,0.9996364999488828,16.551070152462692,1.0868999020740648,False,1.7669337041443214
conditioned,170,4,0.001,1.606834352016449,2.6034740209579468,0.996622234582901,1.7477144865551963e-05,2.8954990842597415,3.655585467815399,0.5828710397084553,38.64366283442593,0.9996364999488828,16.560808272439463,1.091648261367159,False,1.7307909978553653
conditioned,171,4,0.001,1.3520591259002686,2.2394935488700867,0.8874183744192123,1.6024834167183144e-05,2.773274290201808,3.478737771511078,0.572873592376709,37.39687541110516,0.9996364999488828,16.570024179449494,1.0965873920538118,False,1.731540467357263
conditioned,172,4,0.001,1.597548469901085,2.3821346163749695,0.7845715433359146,1.463856119698903e-05,2.65074594606566,3.301008105278015,0.5608704090118408,35.77281303955428,0.9996251405722854,16.57874543958669,1.1018625657015573,False,1.713512919144705
conditioned,173,4,0.001,1.2381387278437614,1.9933640360832214,0.7552108615636826,1.444006738893222e-05,2.632285328318003,3.2473981380462646,0.556406815846761,26.08552218890066,0.9995683436892984,16.58697173950816,1.1071566879196992,False,1.6983073817100376
conditioned,174,4,0.001,1.4960419703274965,2.08280947804451,0.586755558848381,1.1914236210941453e-05,2.391059879306983,2.921727240085602,0.5274744033813477,38.587289303543244,0.9996364999488828,16.594714173085034,1.1125252977806885,False,1.6102833457989618
conditioned,175,4,0.001,2.1334479451179504,2.6499664783477783,0.5165076032280922,1.0963109616568545e-05,2.293735526913052,2.7723326683044434,0.5107785860697428,28.647433538357916,0.9996478593254802,16.602014702846507,1.1178354593756838,False,1.6102192577673122
conditioned,176,4,0.001,1.5794173777103424,1.997085452079773,0.41765858978033066,9.497894779997296e-06,2.1349033189592665,2.5432528853416443,0.4802280267079671,25.644909287369913,0.9996251405722854,16.608807908453063,1.1228237713918945,False,1.6143949487013742
conditioned,177,4,0.001,0.5361393615603447,0.8752505034208298,0.3391028940677643,8.23904997560021e-06,1.988362282061269,2.3410715460777283,0.44674086570739746,22.027382936499883,0.999670578078675,16.61516882934376,1.1277863988657528,False,1.5946517864940688
conditioned,178,4,0.001,1.916896104812622,2.171500474214554,0.2545974925160408,6.84021949837188e-06,1.8118631466944757,2.095294237136841,0.3951404889424642,57.01903864271811,0.9996478593254802,16.621058215807412,1.1315141416576417,False,1.5938530507264659
conditioned,179,4,0.001,1.7499890476465225,1.9953791350126266,0.24538342654705048,6.731728944942006e-06,1.7973884393254265,2.066246747970581,0.38831965128580725,33.911028412136545,0.9996819374552725,16.6266486450565,1.1350014138699407,False,1.58594146638643
conditioned,180,4,0.001,2.3709814846515656,2.5671995878219604,0.19621222838759422,5.817095598104061e-06,1.6702781229252261,1.8995979130268097,0.3434671560923258,58.52577595214554,0.9996364999488828,16.6319543713409,1.1376529364951948,False,1.5776423615170643
conditioned,181,5,0.001,1.2180517315864563,1.4043961614370346,0.18633881583809853,5.639465712192759e-06,1.6444321896342675,1.8635797798633575,0.3330037593841553,34.207903333997635,0.999670578078675,16.637016959637048,1.1401835465032555,False,1.5404405555455014
conditioned,182,5,0.001,0.9746238570660353,1.1535531245172024,0.178923811763525,5.490112584993767e-06,1.6227615008976177,1.836505264043808,0.3250357309977213,23.46927248078457,0.9996817008015934,16.64185764879504,1.142463742136962,False,1.4765410590916872
conditioned,183,5,0.001,1.417608104646206,1.5652024745941162,0.1475895307958126,4.8667243390809745e-06,1.5283096260942084,1.7146811187267303,0.28581857681274414,27.507504116555868,0.999670578078675,16.64646090831193,1.1441453621974786,False,1.49494239827618
conditioned,184,5,0.001,1.4282558262348175,1.5875217765569687,0.1592608466744423,5.104804813527153e-06,1.5652588740881352,1.7617950737476349,0.3018651008605957,26.1245147456287,0.9995683436892984,16.650836763217928,1.1458090366139861,False,1.4662780682556331
conditioned,185,5,0.001,1.2644514217972755,1.4092149138450623,0.14475877583026886,4.701627403846942e-06,1.5013953323027347,1.7016607820987701,0.28163067499796546,29.334145410480776,0.9996592187020776,16.65501518617422,1.1473135491987534,False,1.4925303068012
conditioned,186,5,0.001,1.2609422504901886,1.3825119882822037,0.12156559154391289,4.170032411821012e-06,1.4147414112315606,1.602450042963028,0.24711044629414874,25.325513840035946,0.9996364999488828,16.658961375407213,1.148534281350577,False,1.4709120504558086
conditioned,187,5,0.001,1.215646207332611,1.3450346440076828,0.1293841004371643,4.293716642678191e-06,1.4345530388383017,1.6354977190494537,0.25910552342732746,47.22671707083292,0.9996364999488828,16.662666705454683,1.1499364218039754,False,1.46238624304533
conditioned,188,5,0.001,2.004639893770218,2.1298996210098267,0.125255623832345,4.128782620682614e-06,1.4074166085320479,1.6183195412158966,0.25358033180236816,34.550302045134,0.9996478593254802,16.666212316437328,1.1510694768093577,False,1.4878294570371509
conditioned,189,5,0.001,1.0782096832990646,1.208024688065052,0.12981081381440163,4.164559754826769e-06,1.4135838162712764,1.6388528943061829,0.2613097826639811,25.904812843687274,0.9996592187020776,16.669614829894666,1.1521691096641231,False,1.4778338917531073
conditioned,190,5,0.001,2.2740287631750107,2.3932388573884964,0.11920616403222084,3.941438365018257e-06,1.374958708426552,1.5908749103546143,0.24388114611307776,19.56223760360752,0.9996592187020776,16.672856926024497,1.153521638389333,False,1.526458066306077
conditioned,191,5,0.001,2.555325835943222,2.669280096888542,0.11395043507218361,3.789276263432839e-06,1.3478664108716076,1.5657809376716614,0.23457177480061847,73.78886420031898,0.999670578078675,16.676023157816356,1.1560625804442768,False,1.5528254344826564
conditioned,192,5,0.001,1.8861663937568665,1.978555679321289,0.09238595701754093,3.3341025300615e-06,1.2648015978947735,1.4605629742145538,0.19485123952229816,116.1000857833441,0.9996478593254802,16.67958046105312,1.1598062571664198,False,1.5719972479855642
conditioned,193,5,0.001,1.6453690752387047,1.7117434218525887,0.06637157872319221,2.7735040930565447e-06,1.1525088127081855,1.3119240701198578,0.13793579737345377,48.356508497300894,0.9996364999488828,16.683611324537654,1.1626077302522957,False,1.6413241050904617
conditioned,194,5,0.001,2.2765862345695496,2.323062002658844,0.04647357016801834,2.262477948988817e-06,1.041672344372237,1.1806246042251587,0.09017936388651529,53.99416225002517,0.9996932968318699,16.687946051431,1.164715619446398,False,1.6638047382002696
conditioned,195,5,0.001,1.32674290984869,1.364246852695942,0.03750195074826479,2.001835156306697e-06,0.979565908931358,1.1106003820896149,0.06806087493896484,75.15032659350855,0.9996592187020776,16.69247956644127,1.1662719313036558,False,1.637351854587905
conditioned,196,5,0.001,1.0597274601459503,1.1006952375173569,0.040965779684484005,2.0402231939442572e-06,0.988960508863062,1.138493835926056,0.07711116472880045,43.97679231949443,0.9996364999488828,16.697217110584965,1.166735949057219,False,1.5553984780563042
conditioned,197,5,0.001,1.0117454379796982,1.0478912144899368,0.0361439511179924,1.8436890627526736e-06,0.9402560219918159,1.1000588834285736,0.06524252891540527,26.454301438387077,0.9996819374552725,16.70206671478422,1.1669044547706988,False,1.5425043347058818
conditioned,198,5,0.001,2.400680363178253,2.452825605869293,0.052143086679279804,2.195001911786676e-06,1.025818811176625,1.220633327960968,0.10625537236531575,51.66144863855401,0.9995794664122166,16.706979918298465,1.1666461646046533,False,1.6316328663378954
conditioned,199,5,0.001,1.0767934545874596,1.1371219381690025,0.06032618973404169,2.322222883321956e-06,1.0550758915710605,1.2752463519573212,0.1265709400177002,57.16522977192732,0.9996932968318699,16.711842473591993,1.1652952531122567,False,1.6103319507092237
conditioned,200,5,0.001,2.5704200863838196,2.654596745967865,0.0841738898307085,2.761216251201404e-06,1.150313296945551,1.415574550628662,0.17955636978149414,74.84405281432095,0.9996478593254802,16.716899601832395,1.1653179181308155,False,1.6817172169685364
conditioned,201,5,0.001,1.598597526550293,1.6836550533771515,0.08505478501319885,2.728870299506525e-06,1.144314615740265,1.4219143688678741,0.1818590958913167,50.21945523503888,0.9996592187020776,16.721969091754758,1.1655779142891314,False,1.7026013485156
conditioned,202,5,0.001,1.5620591342449188,1.6694806069135666,0.10741830617189407,3.1277958782993664e-06,1.2250130035550835,1.5358520448207855,0.22468233108520508,22.3963332462201,0.9996592187020776,16.726994569485363,1.1655474806307529,False,1.7214211537502706
conditioned,203,5,0.001,1.6189205348491669,1.7069224119186401,0.08799920976161957,2.7134957463204046e-06,1.1411316717087887,1.4378451108932495,0.18816248575846353,36.553102250277384,0.9996703414249959,16.731988179017442,1.1657241411007053,False,1.7466257992200553
conditioned,204,5,0.001,1.6002124845981598,1.704733669757843,0.10451817885041237,2.999356922828156e-06,1.1980674789768173,1.5188417732715607,0.2180806795756022,76.06188054180716,0.9996478593254802,16.736769117439465,1.1650744184874997,False,1.7213490861468017
conditioned,205,5,0.001,1.3468165025115013,1.4601146578788757,0.11329495906829834,3.171595039930253e-06,1.2334929897427491,1.5638040006160736,0.2350804011027018,31.51562932150094,0.999670578078675,16.741412510754163,1.164581072416103,False,1.738137012347579
conditioned,206,5,0.001,1.4769592881202698,1.6077713370323181,0.13080854527652264,3.4952083751704777e-06,1.2939384881351874,1.6411810219287872,0.2620264689127604,28.53277343615239,0.9996478593254802,16.74587205620344,1.1643582307868694,False,1.6883201701566577
conditioned,207,5,0.001,2.981495887041092,3.1184366047382355,0.13693715818226337,3.6082344649912557e-06,1.3132672137541153,1.6650940477848053,0.2695960203806559,55.2099079871596,0.9996478593254802,16.750152440617477,1.1634200901022889,False,1.7149557983502746
conditioned,208,5,0.001,1.087570458650589,1.248678207397461,0.1611037440598011,4.01656217263735e-06,1.3876033091546103,1.7675710916519165,0.3041474024454752,25.902639462256165,0.9996478593254802,16.75429343544163,1.1625844126803342,False,1.6650435524061322
conditioned,209,5,0.001,1.5527473241090775,1.719678282737732,0.1669268123805523,4.10374946113734e-06,1.4024271785745344,1.7899749875068665,0.311297337214152,82.7262018184969,0.999670578078675,16.7583659071129,1.1612628665117921,False,1.6592546929605305
conditioned,210,5,0.001,1.1472687274217606,1.3213222026824951,0.1740492843091488,4.1912835513358004e-06,1.4175858915166757,1.8177917301654816,0.32028969128926593,33.96804163283233,0.9996478593254802,16.762417112835653,1.1609748133068065,False,1.5886723487637937
conditioned,211,5,0.001,1.4366795122623444,1.6378745287656784,0.20119039714336395,4.62197976958123e-06,1.4877817992156879,1.9154827296733856,0.3480747540791829,21.28493643696314,0.9996592187020776,16.766384748755712,1.1611219732642084,False,1.595543386414647
conditioned,212,5,0.001,0.8341924250125885,1.0330347567796707,0.1988377347588539,4.5799951067238e-06,1.4826554558202008,1.9100192189216614,0.3478733698527018,21.67380680346085,0.9996819374552725,16.77021504422524,1.1611497804067432,False,1.581447446718812
conditioned,213,5,0.001,1.7129931449890137,1.9382128417491913,0.22521470487117767,4.977649382453819e-06,1.5449676916546184,1.9994160532951355,0.3711610635121663,27.893853764819664,0.9995910624424932,16.773911791964338,1.1612223230195406,False,1.6252754284068942
conditioned,214,5,0.001,0.6252488642930984,0.824916735291481,0.19966330006718636,4.546934064819652e-06,1.4762371884434873,1.910987138748169,0.3477504253387451,17.96675069784859,0.9996592187020776,16.777459836426136,1.161430871825261,False,1.514310959726572
conditioned,215,5,0.001,0.9918884038925171,1.2105649262666702,0.21867164969444275,4.850675168199814e-06,1.5246388085685172,1.9765706360340118,0.36544672648111975,29.257980626485622,0.9996592187020776,16.78084213258467,1.1621623318874377,False,1.5090043940581381
conditioned,216,5,0.001,1.5602309107780457,1.756594479084015,0.19635910913348198,4.478763344195613e-06,1.464014688624332,1.897376924753189,0.3437347412109375,44.742121139669365,0.9996592187020776,16.78406449323407,1.1634169665065353,False,1.4458675705827773
conditioned,217,6,0.001,2.1618818286806345,2.3554925322532654,0.1936061754822731,4.4275938080318156e-06,1.4553801142407163,1.8870627880096436,0.3408412138621012,70.73467947699963,0.9996478593254802,16.78725269150645,1.1647334857889957,False,1.4810728394659236
conditioned,218,6,0.001,1.2431224584579468,1.4239525496959686,0.1808258481323719,4.22282209910918e-06,1.4223782527139786,1.842358648777008,0.32883922259012854,21.79914613751042,0.999670578078675,16.790363105816017,1.1658327433573483,False,1.4611392972292379
conditioned,219,6,0.001,2.4159765243530273,2.5529003739356995,0.13692043721675873,3.48124729043775e-06,1.2923314328552964,1.6694982051849365,0.27497148513793945,65.82090835070342,0.9996932968318699,16.793413480258724,1.1660902838709462,False,1.5109552965732291
conditioned,220,6,0.001,1.1347485780715942,1.281077653169632,0.1463254578411579,3.6302851071923214e-06,1.3193088150324905,1.708269625902176,0.28797586758931476,21.509946185863537,0.9996819374552725,16.79643506789506,1.1665454569792906,False,1.4818638024153188
conditioned,221,6,0.001,1.9729612469673157,2.133558064699173,0.16059289500117302,3.865495557420218e-06,1.3610261537631225,1.765113115310669,0.30648795763651526,42.50539979979259,0.999670578078675,16.799432059536006,1.1677793922614987,False,1.5209978489438072
conditioned,222,6,0.001,0.9731430560350418,1.107058160007,0.13391174376010895,3.4035203384519264e-06,1.2774113097567867,1.6558460593223572,0.27144853274027503,25.04694222595632,0.9996932968318699,16.802385283749352,1.1693053082050777,False,1.4895093344384804
conditioned,223,6,0.001,1.8861808441579342,2.031753845512867,0.14556931890547276,3.6131453953203163e-06,1.3159543180226843,1.7047661542892456,0.2883655230204264,22.435330943621125,0.9995797030658957,16.805256265805784,1.1710001955734104,False,1.421052144258283
conditioned,224,6,0.001,1.8073128685355186,1.9173843562602997,0.11006848141551018,2.9877749625484284e-06,1.1956912928567358,1.5455352365970612,0.23259790738423664,53.421885981817056,0.9996592187020776,16.80819116636462,1.1732187501029705,False,1.4660360448760912
conditioned,225,6,0.001,1.350773572921753,1.4257204979658127,0.07494459208101034,2.335415615561942e-06,1.0545179947268921,1.3570142686367035,0.16188740730285645,29.361598279899,0.9996592187020776,16.81109609142027,1.175417312431006,False,1.4534126854268834
conditioned,226,6,0.001,1.5279173105955124,1.5858858078718185,0.05796654708683491,2.005706562613341e-06,0.9807409509506051,1.2603577673435211,0.125534454981486,40.502609678829785,0.999670578078675,16.813919879087646,1.177063057721906,False,1.4772032218752429
conditioned,227,6,0.001,2.1779408752918243,2.219073101878166,0.04113057442009449,1.6559393429815827e-06,0.8912657523444011,1.1406385898590088,0.0834514300028483,48.24659005954556,0.999670578078675,16.816711748434635,1.1784207916835823,False,1.5235320570645854
conditioned,228,6,0.001,1.1215731799602509,1.160358540713787,0.03878376632928848,1.588462197332774e-06,0.8705625089992005,1.1163682639598846,0.07748293876647949,32.50116255557713,0.9996478593254802,16.819465155257298,1.1792633804180725,False,1.5414933542488143
conditioned,229,6,0.001,1.1069109961390495,1.1443487629294395,0.03743622498586774,1.5636459806955827e-06,0.8658333952341544,1.1106870770454407,0.07418155670166016,25.004147813858218,0.9996819374552725,16.822196995769605,1.180085178567927,False,1.5036132199456915
conditioned,230,6,0.001,1.9271894097328186,1.9561461806297302,0.02895539440214634,1.3566649670337938e-06,0.8066097671444267,1.0371145009994507,0.0523081620534261,61.78043022673714,0.999670578078675,16.824962461212678,1.1800856092144885,False,1.584984504035674
conditioned,231,6,0.001,1.9421888589859009,1.9837127923965454,0.04152223980054259,1.638998355701915e-06,0.8856895773506788,1.1413359344005585,0.08485198020935059,36.83402252238514,0.9997046562084673,16.827743121257264,1.1806617768799899,False,1.6443782824790105
conditioned,232,6,0.001,1.611555315554142,1.6570444107055664,0.045487369410693645,1.715889851539032e-06,0.9067270820879667,1.1725973784923553,0.09527142842610677,29.36603154658219,0.9996478593254802,16.830529540570215,1.1810729488972747,False,1.6475860577775165
conditioned,233,6,0.001,1.3789503425359726,1.4259137511253357,0.04696165770292282,1.7385755199939013e-06,0.912619285611097,1.1831334233283997,0.09918530782063802,18.828028632574675,0.9996592187020776,16.83326802323148,1.1816670511835703,False,1.5986528398934752
conditioned,234,6,0.001,2.0549798011779785,2.1017864644527435,0.04680490028113127,1.7277285735417536e-06,0.9096461977705362,1.1816540360450745,0.09899608294169107,25.413672994244212,0.9996819374552725,16.83587752630406,1.181845619038747,False,1.6493939238134772
conditioned,235,6,0.001,1.928973525762558,1.9761583358049393,0.04718315787613392,1.7261025675452402e-06,0.9084842938760859,1.183002531528473,0.09976919492085774,35.506655237044505,0.9996478593254802,16.83840481833564,1.1820166582177078,False,1.6189562364015728
conditioned,236,6,0.001,2.1806967705488205,2.2174247950315475,0.036726475693285465,1.5084152664712747e-06,0.8505731833118644,1.1052115857601166,0.07303269704182942,22.071996692370494,0.9996364999488828,16.84091719748221,1.1825484126202956,False,1.6843279984313995
conditioned,237,6,0.001,0.9149921238422394,0.9583588391542435,0.04336504824459553,1.6480483679970348e-06,0.8892344116677408,1.1580130755901337,0.09064769744873047,15.126669912791188,0.9996932968318699,16.843310293316957,1.1826536727389163,False,1.6182049282360822
conditioned,238,6,0.001,1.1315307170152664,1.177493654191494,0.04596127290278673,1.692648197604285e-06,0.9001505383124508,1.1751284301280975,0.09735886255900064,22.112375185679166,0.9996932968318699,16.845531156271466,1.1823998136357816,False,1.6281041570473462
conditioned,239,6,0.001,1.2365954369306564,1.2975454926490784,0.06094806548207998,1.990695182030322e-06,0.9752809444911799,1.2758546769618988,0.1342956225077311,10.144315101520561,0.9996703414249959,16.847628545244262,1.1820579725960072,False,1.5875050690956414
conditioned,240,6,0.001,1.7526144795119762,1.8194334506988525,0.06681687943637371,2.112868685344438e-06,1.0067084711048215,1.316672921180725,0.1495813528696696,22.469150637065173,0.9996819374552725,16.849600484984247,1.1820606782532224,False,1.58408641978167
conditioned,241,6,0.001,1.5180733874440193,1.5808417946100235,0.0627664178609848,2.018816900317688e-06,0.9838204820602706,1.290940374135971,0.13991920153299967,23.396417320630977,0.999670578078675,16.851529899722227,1.182716219765069,False,1.5945426581893116
conditioned,242,6,0.001,0.9809105545282364,1.0367086231708527,0.055796194821596146,1.886719047661245e-06,0.95138709056443,1.2464047968387604,0.12334354718526204,10.900928353058042,0.999670578078675,16.853348670882472,1.1834890660227977,False,1.5603547359351069
conditioned,243,6,0.001,1.3228699862957,1.3828229010105133,0.05995095428079367,1.9585851305237156e-06,0.9689710215143134,1.2727988362312317,0.1334102948506673,13.599116941588058,0.999670578078675,16.85508182824739,1.1841728579902908,False,1.506912805372849
conditioned,244,6,0.001,0.9595939517021179,1.0238566845655441,0.06426066998392344,2.0439806576177943e-06,0.9902852102997528,1.301089495420456,0.14402246475219727,14.531113508240324,0.9996364999488828,16.856724657635358,1.1848499252591054,False,1.4967891036067158
conditioned,245,6,0.001,1.4231689274311066,1.4820612668991089,0.05889041721820831,1.938550212798873e-06,0.9637755912330741,1.265323430299759,0.13089887301127115,18.290515871968637,0.9996478593254802,16.858216118405277,1.185197415043741,False,1.5165552243124694
conditioned,246,6,0.001,1.7091013491153717,1.7526100873947144,0.04350713174790144,1.6293040800974268e-06,0.8839901817948244,1.158656358718872,0.09207320213317871,20.717000969436548,0.9996932968318699,16.859643733207015,1.1853317384470619,False,1.502924720523879
conditioned,247,6,0.001,1.1078837513923645,1.1630596071481705,0.05517398100346327,1.8610496965720813e-06,0.9439625912238662,1.2399985492229462,0.12166531880696614,13.484330386206945,0.9996364999488828,16.860970947949532,1.1854480583707658,False,1.450780651299283
conditioned,248,6,0.001,1.4042010456323624,1.4491143822669983,0.04491164069622755,1.6668747662151873e-06,0.8942768606679206,1.1697118282318115,0.09593097368876138,13.542631883606958,0.9996819374552725,16.862235022707765,1.185437899500777,False,1.4378210094291717
conditioned,249,6,0.001,1.1789249628782272,1.246227353811264,0.06730023212730885,2.106823330905172e-06,1.0053453487381652,1.3196817338466644,0.15147312482198078,45.896143109823356,0.9996819374552725,16.863524900153486,1.1858904790124902,False,1.4253194232005626
conditioned,250,6,0.001,1.5688603669404984,1.6287142932415009,0.059852042235434055,1.9539740208074363e-06,0.9669995852784931,1.2702289521694183,0.13325142860412598,19.470124952986435,0.9996478593254802,16.864796275214115,1.1864761030494935,False,1.39493695856072
conditioned,251,6,0.001,1.3598972111940384,1.4172873049974442,0.057388175278902054,1.9007781020263792e-06,0.9539627198242068,1.2546508610248566,0.12750713030497232,13.11391728299268,0.9996478593254802,16.866001853661203,1.1868894013265217,False,1.3593696889001876
conditioned,252,6,0.001,0.922216147184372,0.9886583387851715,0.06644015945494175,2.067526509108575e-06,0.9961662185243367,1.3150338232517242,0.15002775192260742,14.834340505505068,0.9995910624424932,16.867171528107722,1.187600084541816,False,1.2807146499399096
conditioned,253,7,0.001,1.729387417435646,1.7680877894163132,0.03869883716106415,1.5183876485025394e-06,0.853301326004904,1.1209469437599182,0.07989962895711263,18.40489649385569,0.9996819374552725,16.868290143593047,1.1879852271577034,False,1.3316143557894975
conditioned,254,7,0.001,1.4719694554805756,1.5133596062660217,0.04138856288045645,1.574326489617306e-06,0.8691620522045735,1.142961472272873,0.08726779619852701,24.831423357938835,0.9996932968318699,16.869364644205447,1.1877063028319035,False,1.3528917769435793
conditioned,255,7,0.001,1.3490980863571167,1.3983973264694214,0.049297516234219074,1.7246504739887314e-06,0.9095695952959573,1.201389640569687,0.10804533958435059,13.07916664358964,0.999670578078675,16.870425420587324,1.187452667184201,False,1.359923192532733
conditioned,256,7,0.001,1.3987035006284714,1.4534584283828735,0.054753126576542854,1.8235909919894766e-06,0.9342101599407581,1.236586183309555,0.12139622370402017,20.1400379283563,0.9997160155850647,16.871425360594973,1.1871093546408882,False,1.337803756352514
conditioned,257,7,0.001,1.3595871329307556,1.430626392364502,0.07103711180388927,2.1267865690788312e-06,1.0099809862524098,1.3418888747692108,0.16111326217651367,20.03658751337,0.9996478593254802,16.872420072460876,1.1872168467331639,False,1.327898365445435
conditioned,258,7,0.001,0.905147660523653,0.9787705689668655,0.07362074218690395,2.1726661429966043e-06,1.0208963923989443,1.357424646615982,0.16716996828715006,16.28751058478534,0.9996819374552725,16.873357930003085,1.187434304855561,False,1.3231631845701486
conditioned,259,7,0.001,1.5310797095298767,1.6003364771604538,0.06925468612462282,2.081724971958465e-06,0.9989586519618117,1.3307274878025055,0.1569055716196696,19.274256970898207,0.999670578078675,16.874255447196507,1.1878771373074508,False,1.3361762922722846
conditioned,260,7,0.001,1.4871405139565468,1.556797832250595,0.06965518277138472,2.0893415921818814e-06,0.999974288579947,1.3312748074531555,0.15742866198221842,24.296548640975818,0.9996592187020776,16.875122393592513,1.188694536501951,False,1.3691479524131864
conditioned,261,7,0.001,1.7890857011079788,1.8531787991523743,0.06409111060202122,1.9816302483377513e-06,0.9737634950562538,1.2970028817653656,0.14461557070414224,19.45586443009594,0.999670578078675,16.8759800560657,1.1898470530363048,False,1.392017750767991
conditioned,262,7,0.001,1.2106683999300003,1.2567348405718803,0.046064794063568115,1.6399579862991231e-06,0.8869461764851924,1.1780724823474884,0.10009137789408365,12.785616959346429,0.9996932968318699,16.876838019366655,1.1909793220027582,False,1.3608656914439052
conditioned,263,7,0.001,1.8972592651844025,1.9400348961353302,0.042774105444550514,1.571567622704606e-06,0.8683749879231898,1.153641015291214,0.09153358141581217,18.529887514060917,0.9996478593254802,16.877653364091206,1.1920224968476145,False,1.4102016610559076
conditioned,264,7,0.001,1.538052424788475,1.561385191977024,0.023331627249717712,1.1506420207751944e-06,0.7425769101294066,0.9812091886997223,0.039481163024902344,39.524670684739796,0.9996819374552725,16.878382898810777,1.1925075870794817,False,1.4185673722531646
conditioned,265,7,0.001,1.136752262711525,1.157828465104103,0.021075098775327206,1.0972411246257252e-06,0.7253761408360652,0.9580416977405548,0.033724069595336914,27.121842723409276,0.9996932968318699,16.879083616560244,1.1921695136721417,False,1.4159315784927458
conditioned,266,7,0.001,1.6542485356330872,1.6831734329462051,0.028923639096319675,1.2689553443578916e-06,0.7798674237866652,1.0361911058425903,0.05425024032592773,20.400410598149293,0.9996703414249959,16.879852047503448,1.1920494232329242,False,1.4212683390360326
conditioned,267,7,0.001,1.8220954686403275,1.8587519824504852,0.03665513265877962,1.4291571517333068e-06,0.8276858993023255,1.1039547324180603,0.07531197865804036,11.148381983914767,0.9996819374552725,16.8806205403857,1.191833869571511,False,1.4501557301264256
conditioned,268,7,0.001,1.5648976266384125,1.6044148057699203,0.03951575607061386,1.480718054835961e-06,0.8428605068868633,1.1281147003173828,0.08319664001464844,103.31359613075166,0.9996364999488828,16.881587476173685,1.1924158562754514,False,1.4903233225923032
conditioned,269,7,0.001,1.3090680241584778,1.3461003974080086,0.03703097114339471,1.4276641024935088e-06,0.8273666737416993,1.107302337884903,0.07653307914733887,18.01912428400883,0.999670578078675,16.882810628227645,1.1925576062231762,False,1.4640533605124801
conditioned,270,7,0.001,1.4537307173013687,1.4924493879079819,0.03871722146868706,1.4647469868123153e-06,0.8377941689756678,1.1205002963542938,0.08092427253723145,18.581123707305153,0.9996932968318699,16.88422008314612,1.1923529920383071,False,1.4629134393762797
conditioned,271,7,0.001,1.0037038624286652,1.0466080754995346,0.04290269501507282,1.5420733916471363e-06,0.8602083349116549,1.1546285450458527,0.09217135111490884,13.54282760361415,0.9996932968318699,16.885709744186734,1.1922789862604837,False,1.4413263003807515
conditioned,272,7,0.001,2.214787006378174,2.2617803514003754,0.046991659328341484,1.6226577770339645e-06,0.8802539475711192,1.1801324784755707,0.1020498275756836,21.222246039527473,0.9996819374552725,16.887208450002362,1.1919205665974617,False,1.492331519490108
conditioned,273,7,0.001,1.2099903225898743,1.2597335129976273,0.04974152892827988,1.6720074142995145e-06,0.8957285048631289,1.2049259543418884,0.10971991221110025,19.64126587194325,0.9996592187020776,16.888730436919573,1.1916201873943844,False,1.4829817188438028
conditioned,274,7,0.001,1.8456841111183167,1.8903105407953262,0.044624880887568,1.5695217427946773e-06,0.8673933463998008,1.1665821969509125,0.09615786870320638,22.526811870055944,0.9996592187020776,16.8902950690121,1.191061979214371,False,1.5417652470059693
conditioned,275,7,0.001,0.8722110986709595,0.930485337972641,0.058272430673241615,1.8376360344518616e-06,0.9390140557014064,1.262966126203537,0.13079611460367838,10.900445019689213,0.9996819374552725,16.89184694671354,1.1904012872128753,False,1.500585958827287
conditioned,276,7,0.001,1.6907155513763428,1.7628635466098785,0.07214594632387161,2.0911005549351103e-06,1.0015536673931171,1.348710298538208,0.162708838780721,17.1149227809387,0.9996478593254802,16.893310716645402,1.1896550291544992,False,1.5133093986660242
conditioned,277,7,0.001,1.0133154392242432,1.0977559983730316,0.08443827368319035,2.302043185409275e-06,1.0499751320130584,1.4164856374263763,0.1879727045694987,14.552713402966534,0.9996819374552725,16.894720518416744,1.189176231303129,False,1.4648237572982907
conditioned,278,7,0.001,0.8446023650467396,0.928336426615715,0.08373178355395794,2.2886932811161387e-06,1.0480647828602037,1.4148993790149689,0.1873159408569336,11.811908382103379,0.999670578078675,16.89609378384065,1.188788969711408,False,1.441944630118087
conditioned,279,7,0.001,1.1918372586369514,1.2930568605661392,0.10121699050068855,2.596616411665309e-06,1.1161171419220297,1.5054322481155396,0.22072331110636392,14.89979334283269,0.999670578078675,16.897443043626,1.1886264502855681,False,1.3978557547088712
conditioned,280,7,0.001,1.0352676510810852,1.1505585014820099,0.11528803035616875,2.828002095611737e-06,1.1643286878426602,1.5721607208251953,0.24442243576049802,23.08451396169189,0.9996592187020776,16.89873093279619,1.1884114615196402,False,1.3664317063521594
conditioned,281,7,0.001,1.2198672592639923,1.3439398556947708,0.1240695733577013,2.9894632689320133e-06,1.1976060753189577,1.613328367471695,0.2589155038197835,17.642107790950973,0.9996819374552725,16.899945861517516,1.1881002971520975,False,1.3716263936366886
conditioned,282,7,0.001,1.21576526761055,1.3381980210542679,0.12242981791496277,2.96195315740988e-06,1.1914689558535896,1.6046795547008514,0.2553807894388834,16.074464478840174,0.9996478593254802,16.901094772379462,1.1879030292699158,False,1.34422118938528
conditioned,283,7,0.001,0.8348299562931061,0.9602634012699127,0.12543042562901974,3.0236054726628936e-06,1.2028953308071257,1.6163518130779266,0.25881505012512207,14.035108783119695,0.9996476226718011,16.902184561676297,1.1875911430187278,False,1.2825170948635787
conditioned,284,7,0.001,1.3262106776237488,1.4645677208900452,0.13835381343960762,3.2384218684455846e-06,1.2464537831662152,1.6755693554878235,0.2797089417775472,23.913370440073273,0.999670578078675,16.90324941351677,1.1875052973676712,False,1.2675991605501622
conditioned,285,7,0.001,2.111992135643959,2.2595479786396027,0.14755247347056866,3.394115083210636e-06,1.2750899161305538,1.7121348679065704,0.2911518414815267,25.826431451274154,0.9996478593254802,16.90425973611514,1.1872194699464382,False,1.3177819175180048
conditioned,286,7,0.001,1.6486217081546783,1.7848454415798187,0.13622047752141953,3.2208528182309237e-06,1.2432453480799035,1.6668730676174164,0.27717177073160804,33.228041289026706,0.9997046562084673,16.905243458092944,1.1869539188554763,False,1.3299626044463366
conditioned,287,7,0.001,1.0798794627189636,1.2350392043590546,0.15515616163611412,3.528776005623513e-06,1.300168007413889,1.7431961297988892,0.30114006996154785,31.7948117338395,0.9996592187020776,16.906197597512065,1.1866854678027317,False,1.3347235794644803
conditioned,288,7,0.001,1.765810802578926,1.9285372197628021,0.16272270306944847,3.6521927881949523e-06,1.3236356524609365,1.7748598754405975,0.3116203149159749,44.006645773568785,0.9996478593254802,16.907132207954465,1.1860601934867248,False,1.3066625667270273
conditioned,289,8,0.001,2.227327048778534,2.4035481214523315,0.1762171983718872,3.867719726713403e-06,1.3618098200661188,1.8261532485485077,0.3269658088684082,27.844210488582966,0.9996819374552725,16.908111868277505,1.1856617753884398,False,1.3702461121138185
conditioned,290,8,0.001,1.5715347081422806,1.7497547566890717,0.17821617051959038,3.902391426890972e-06,1.3669012395059614,1.8317526578903198,0.3280770778656006,18.962683871802952,0.9996592187020776,16.909116648831482,1.1854978069249702,False,1.3531117744278163
conditioned,291,8,0.001,1.6100710034370422,1.792836606502533,0.18276163190603256,3.983946044172626e-06,1.3824741769900977,1.8511338233947754,0.3348817825317383,19.043633680955164,0.9996478593254802,16.910140806617328,1.1856752516779572,False,1.3992280184756964
conditioned,292,8,0.001,1.1582482755184174,1.3246959298849106,0.16644389554858208,3.7266790400281025e-06,1.336365149857473,1.788153052330017,0.31638240814208984,9.640161674762147,0.9996592187020776,16.911136557959967,1.1859994599869264,False,1.365948813734576
conditioned,293,8,0.001,0.8412014320492744,0.9993186444044113,0.15811362117528915,3.6141994428362523e-06,1.3166240071730713,1.7564992904663086,0.3074777126312256,10.449044981589413,0.9996819374552725,16.912097589984533,1.1865394126414701,False,1.3551916882861406
conditioned,294,8,0.001,1.5682655423879623,1.7228384464979172,0.15456931293010712,3.5538050155992096e-06,1.3051037847852816,1.7413405179977417,0.30256398518880206,19.70485903441514,0.999670578078675,16.913030917917347,1.1871920677137284,False,1.400420636869967
conditioned,295,8,0.001,1.4711215198040009,1.631432518362999,0.16030734777450562,3.6682885706795787e-06,1.3264794723819602,1.7652506232261658,0.31058136622111,17.836267988995594,0.9997046562084673,16.913961112025536,1.1879715942291011,False,1.4178759031929076
conditioned,296,8,0.001,0.9406143426895142,1.0658840835094452,0.12526662833988667,3.107414499936567e-06,1.2207414668027596,1.618075579404831,0.26232250531514484,11.940576703324632,0.9996932968318699,16.914845455542633,1.188755139275824,False,1.4119600714184344
conditioned,297,8,0.001,1.4571086429059505,1.570463627576828,0.11335209757089615,2.91700752086399e-06,1.1822393785630458,1.562465339899063,0.24279610315958658,23.192009141877204,0.9996364999488828,16.915713462579557,1.1900313575838823,False,1.4267876578960568
conditioned,298,8,0.001,1.1587855815887451,1.2579121887683868,0.09912397712469101,2.685198751350981e-06,1.1351681171193084,1.4953646957874298,0.21886571248372394,17.011675712155984,0.999670578078675,16.916559006683602,1.191357936510744,False,1.423226427519694
conditioned,299,8,0.001,1.2663277983665466,1.3382227420806885,0.07189273834228516,2.205717350989289e-06,1.0282900201475704,1.3465090692043304,0.16307727495829263,20.488707532688682,0.9996932968318699,16.917362813210687,1.192521206279555,False,1.450195042649284
conditioned,300,8,0.001,1.744936652481556,1.8049277067184448,0.059989106841385365,1.9838212210743222e-06,0.974687077913129,1.2719571888446808,0.13528259595235187,17.01285774890134,0.999670578078675,16.918168659114443,1.1937747016558664,False,1.476365416077897
conditioned,301,8,0.001,1.74445541203022,1.7912390232086182,0.04678183514624834,1.7290379616952123e-06,0.9104806096656392,1.182740867137909,0.10288898150126138,25.026591145693732,0.9996364999488828,16.91900318926115,1.1947725588187528,False,1.4533943708520383
conditioned,302,8,0.001,1.627754282206297,1.6623106561601162,0.034554919227957726,1.4792970546295692e-06,0.8426023780177195,1.0877133905887604,0.07052159309387207,29.566709081136214,0.9996819374552725,16.919813814248844,1.1953344430046269,False,1.4520901567302644
conditioned,303,8,0.001,1.0737051367759705,1.0996563732624054,0.02594994753599167,1.2816127821224654e-06,0.7843034596603755,1.0093241930007935,0.04727053642272949,19.200844340466073,0.9996592187020776,16.920637419675366,1.1958055007891444,False,1.4517042613588274
conditioned,304,8,0.001,2.394098177552223,2.4195373952388763,0.025437918957322836,1.2713776129658072e-06,0.7807202701033827,1.0030636638402939,0.046064933141072587,26.037652066680153,0.9996819374552725,16.92149742645544,1.1966419984099619,False,1.4909722222946584
conditioned,305,8,0.001,1.6882740259170532,1.7107956409454346,0.02252036426216364,1.202835761660026e-06,0.7594285617558354,0.9732597172260284,0.03867785135904948,71.40142112052146,0.9996819374552725,16.92244484959455,1.1955743050365757,False,1.4572814083658159
conditioned,306,8,0.001,1.3920060396194458,1.4218463003635406,0.029838865157216787,1.3724948928484082e-06,0.8115798714616052,1.0459946990013123,0.05778002738952637,23.80026481245645,0.999670578078675,16.923482742437518,1.194322156979078,False,1.4460608665831387
conditioned,307,8,0.001,1.0951216518878937,1.1473336666822433,0.05221017822623253,1.8510439190322359e-06,0.9416407474498103,1.220300018787384,0.11680849393208821,21.89805050654329,0.9996592187020776,16.924629728869714,1.1936086167612963,False,1.413876532111317
conditioned,308,8,0.001,1.023791342973709,1.0891478806734085,0.06535441614687443,2.1101159859426843e-06,1.0059609711443191,1.3073755502700806,0.14884702364603677,14.15953850031488,0.9997160155850647,16.925826301865058,1.192629558899353,False,1.4054729738272727
conditioned,309,8,0.001,1.2612761557102203,1.3497262299060822,0.08844754099845886,2.5379378598699986e-06,1.1031871015156756,1.4394808113574982,0.19855316480000812,17.710816360277633,0.9996592187020776,16.927032847048885,1.1920849030271723,False,1.4317276440560818
conditioned,310,8,0.001,1.6363027691841125,1.7408564984798431,0.10455089248716831,2.832049460721464e-06,1.1655375969938495,1.5216928720474243,0.22890432675679523,21.368435004468335,0.9996932968318699,16.928268894023972,1.192301068178526,False,1.4359799707308412
conditioned,311,8,0.001,1.6865535229444504,1.7956805527210236,0.10912414640188217,2.9126306344551267e-06,1.1810171331800066,1.5417980253696442,0.2357815106709798,21.407136429582064,0.9996819374552725,16.929489532477124,1.1920575680258678,False,1.4494444709271193
conditioned,312,8,0.001,1.503254771232605,1.602900356054306,0.09964285790920258,2.744192045156524e-06,1.1475934400147905,1.4980099499225616,0.2201394240061442,14.09576932497505,0.9996932968318699,16.930703510138326,1.1918548281335903,False,1.4846094977110624
conditioned,313,8,0.001,1.2318787574768066,1.351879820227623,0.11999797634780407,3.1011354053589457e-06,1.2198158104160302,1.59493687748909,0.2548230489095052,26.775027759240288,0.999670578078675,16.931875083621954,1.192343659868984,False,1.470532629871741
conditioned,314,8,0.001,1.1897034049034119,1.3119582384824753,0.12225168384611607,3.1511112865700852e-06,1.2294317278396885,1.6048126518726349,0.25799576441446936,22.274183897845102,0.999670578078675,16.933045291702992,1.1934382526692249,False,1.4724649938289076
conditioned,315,8,0.001,1.3239165097475052,1.4217508435249329,0.09783158451318741,2.728666117945977e-06,1.1441841528893497,1.488606035709381,0.21627211570739746,17.098705703636078,0.9996478593254802,16.93419462707368,1.1943985564714579,False,1.4760642882902175
conditioned,316,8,0.001,1.3936153501272202,1.4825661927461624,0.08894825726747513,2.5698606123114587e-06,1.1103520534234164,1.4425574243068695,0.19909389813741046,11.163410337139586,0.9997046562084673,16.93532009566318,1.1954053144102759,False,1.4541067068930715
conditioned,317,8,0.001,1.5546678602695465,1.631620079278946,0.07694990932941437,2.345449672702671e-06,1.060689890797332,1.3764996826648712,0.17439230283101398,20.600164286872886,0.9997046562084673,16.936428568665807,1.1960715507722395,False,1.4422449849080294
conditioned,318,8,0.001,1.0222393572330475,1.0993592292070389,0.07711752131581306,2.3632784404981066e-06,1.0649703271828161,1.3779520988464355,0.17487064997355142,10.58849416495378,0.9996364999488828,16.9375110518453,1.1969707272416714,False,1.4044003020972013
conditioned,319,8,0.001,1.2051384150981903,1.269144594669342,0.06400402821600437,2.1045203766334453e-06,1.0048635219582875,1.2995667159557343,0.14557989438374835,29.840821954616477,0.999670578078675,16.93855505013432,1.197932263279674,False,1.41261488199234
conditioned,320,8,0.001,1.1923657059669495,1.253529965877533,0.06116222310811281,2.062671967451024e-06,0.9943859263012509,1.2805953919887543,0.1385849316914876,33.66151105191141,0.9996819374552725,16.939628322956786,1.1989899685024594,False,1.3375066025182605
conditioned,321,8,0.001,1.257397010922432,1.315932311117649,0.058533307164907455,2.0173089581021486e-06,0.983149525198411,1.2630244195461273,0.1322490374247233,10.491251381105004,0.999670578078675,16.94074650013221,1.1999900556503975,False,1.3105767890810966
conditioned,322,8,0.001,1.019450604915619,1.0599979609251022,0.04054572153836489,1.6287750099763798e-06,0.8826501142703104,1.1330724954605103,0.0865774154663086,19.063507711478128,0.999670578078675,16.941919787676408,1.201103599513327,False,1.2872920744121075
conditioned,323,8,0.001,1.3931839168071747,1.42386794090271,0.030682595912367105,1.4055852943783975e-06,0.8196088935144019,1.0494463741779327,0.06064597765604655,36.229430898904226,0.9996592187020776,16.942987938387756,1.2021991757346595,False,1.3059209659695625
conditioned,324,8,0.001,0.5387095883488655,0.5650109983980656,0.026300103403627872,1.2917526532874035e-06,0.7855740509349296,1.007881984114647,0.04941614468892415,18.2109791775316,0.9996251405722854,16.944117956879946,1.2034604490576761,False,1.2756033563055098
conditioned,325,9,0.001,1.4188266582787037,1.4403711520135403,0.021543356589972973,1.1812510649633623e-06,0.7527196102296074,0.9633072912693024,0.03672353426615397,89.4774635926863,0.9996819374552725,16.945470552118,1.205284397207835,False,1.28545026271604
conditioned,326,9,0.001,3.287404775619507,3.2949180603027344,0.007512422977015376,7.586410220028483e-07,0.6025301315522623,0.770239919424057,0.007439136505126953,102.7299032976007,0.9996592187020776,16.9471651469689,1.2064881054521555,False,1.3886441381182522
conditioned,327,9,0.001,1.2763283997774124,1.2814397364854813,0.005110664293169975,6.615552621269671e-07,0.56342210896986,0.7255846410989761,0.0036987463633219395,34.92846295894629,0.999670578078675,16.949448040000497,1.2075425572471838,False,1.3630050679203123
conditioned,328,9,0.001,1.465897724032402,1.4679592177271843,0.002060993487248197,5.182665177017043e-07,0.49837606290137293,0.6412379145622253,0.0009419918060302733,42.59220272009887,0.9997273749616621,16.952211500932016,1.209050298901212,False,1.3606702524702996
conditioned,329,9,0.001,1.9640644490718842,1.9642550721764565,0.00019026022346224636,3.4347826272096427e-07,0.40481145727647483,0.513459600508213,8.05060068766276e-05,370.6162711359585,0.9996932968318699,16.956990867669735,1.2079123771267701,False,1.406431858194992
conditioned,330,9,0.001,0.7488358318805695,0.7710013687610626,0.022164379246532917,1.1225510263557226e-06,0.7331944461278155,0.9683606624603271,0.03792421023050944,24.31465933597349,0.999670578078675,16.966119239600562,1.2068854628249601,False,1.3788776348810643
conditioned,331,9,0.001,1.5379095152020454,1.6046792343258858,0.06676769815385342,2.03217649641374e-06,0.9872180528526436,1.3162071108818054,0.1496299902598063,17.93325209859488,0.999670578078675,16.978297797588326,1.2058223231333658,False,1.392252197721973
conditioned,332,9,0.001,1.1686034351587296,1.3302742838859558,0.16166719421744347,3.647056246336433e-06,1.3224338143843228,1.7702358663082123,0.30454349517822266,25.238746873411184,0.9996476226718011,16.99247537942865,1.2050279029343869,False,1.3781889530364424
conditioned,333,9,0.001,0.7822437696158886,1.0620511621236801,0.2798019200563431,5.4918443765927805e-06,1.6234333865647979,2.1724469661712646,0.40360530217488605,25.684451634697794,0.9996819374552725,17.00791425210294,1.2046165847810257,False,1.3299124473705888
conditioned,334,9,0.001,1.2921500951051712,1.7023136764764786,0.4101562201976776,7.4105819294345565e-06,1.886002526569857,2.525198459625244,0.46270648638407386,22.242827643512218,0.9996932968318699,17.024028245957744,1.2045395095894444,False,1.3467818684875965
conditioned,335,9,0.001,1.718421384692192,2.233766585588455,0.5153362676501274,8.930049943955964e-06,2.0702558569347795,2.769906163215637,0.49295878410339355,32.80066393498145,0.9996932968318699,17.040396699973236,1.205012169004036,False,1.3788620540872216
conditioned,336,9,0.001,1.530425801873207,2.1804341673851013,0.6499974876642227,1.087027908397431e-05,2.283715972445462,3.0486326217651367,0.5196566581726074,45.689949977685984,0.9996478593254802,17.056684933391434,1.2061312055050046,False,1.3999908100813627
conditioned,337,9,0.001,2.1118564754724503,2.873124063014984,0.761255145072937,1.2511790146163548e-05,2.450166661196774,3.2582921981811523,0.5356593926747639,51.76489642044745,0.9996478593254802,17.072675624293037,1.2084755224458499,False,1.4533945266157389
conditioned,338,9,0.001,1.0657175444066525,1.8410738557577133,0.7753434330224991,1.2859529533670866e-05,2.4844179514118587,3.2844161987304688,0.536463181177775,22.917829589156028,0.9996592187020776,17.088168887427212,1.2112489462202598,False,1.4562862103339285
conditioned,339,9,0.001,1.381421148777008,2.222627729177475,0.8411926180124283,1.394005539623322e-05,2.5866621348341603,3.4002000093460083,0.5435575644175211,35.58491438913815,0.999670578078675,17.103014103069693,1.2142280598863051,False,1.455551037332043
conditioned,340,9,0.001,1.0690076798200607,1.8944413661956787,0.8254197537899017,1.3913732345827157e-05,2.5842379645980755,3.3729143738746643,0.5405402183532715,29.747877495251107,0.9997046562084673,17.117157457430206,1.2176747525780143,False,1.4886946680489928
conditioned,341,9,0.001,0.9974097460508347,1.819001853466034,0.8215780109167099,1.4071031500861864e-05,2.598665914229418,3.365981936454773,0.5391093889872233,20.440188767567648,0.9996819374552725,17.130551465557037,1.2215371404475692,False,1.462356111034751
conditioned,342,9,0.001,1.5578840374946594,2.375745475292206,0.8178471326828003,1.424631841473456e-05,2.614775412174733,3.3594399094581604,0.5377978483835856,43.82924950552944,0.9996592187020776,17.14316483216185,1.225702152868406,False,1.354261064901948
conditioned,343,9,0.001,1.527777373790741,2.294398069381714,0.7666069567203522,1.3720683909923537e-05,2.566104518572918,3.268453359603882,0.5303237438201904,35.048807962513514,0.999670578078675,17.155002111116858,1.2298040936725076,False,1.369976625777781
conditioned,344,9,0.001,0.9997853562235832,1.7155683636665344,0.715769812464714,1.31777164824598e-05,2.514988727826342,3.175346553325653,0.5222331682840983,22.876196419452498,0.9997273749616621,17.166126049616754,1.2343760535041899,False,1.3408446027897298
conditioned,345,9,0.001,1.687741070985794,2.383048325777054,0.6952941119670868,1.310368133999873e-05,2.507446561859223,3.1360296607017517,0.5180490811665852,36.07255113115327,0.9997160155850647,17.176542178178064,1.2392414231363473,False,1.3235743916593492
conditioned,346,9,0.001,2.410860925912857,3.044840931892395,0.6339675635099411,1.238638787981472e-05,2.4380611016070772,3.0173985958099365,0.5066135724385579,31.98929254579676,0.9996819374552725,17.186285485938274,1.2441783556243304,False,1.4274509600363672
conditioned,347,9,0.001,1.610278531908989,2.17775622010231,0.567466139793396,1.1493298643472372e-05,2.3485847209367128,2.88183331489563,0.49245770772298175,35.101894887802835,0.9997157789313855,17.195412450418907,1.2490782893505492,False,1.4319740235805511
conditioned,348,9,0.001,1.856602594256401,2.3899774849414825,0.5333637148141861,1.1138447234770865e-05,2.3121236307522213,2.8092889189720154,0.4839387734731038,53.318009423888036,0.9996819374552725,17.204055895527503,1.2544849748178282,False,1.4749739710241556
conditioned,349,9,0.001,1.7435597777366638,2.2205765545368195,0.4770064428448677,1.03352251699107e-05,2.2270983591458124,2.6837158203125,0.46846119562784827,43.0438834459957,0.9996932968318699,17.21220169193878,1.2598929471186966,False,1.535056221531704
conditioned,350,9,0.001,1.2117252349853516,1.6070981323719025,0.3953637555241585,9.041459406944341e-06,2.0831967005831205,2.4883028864860535,0.440875768661499,26.976399600156665,0.9996930601781907,17.219878577593278,1.2649471276333095,False,1.5300296677742153
conditioned,351,9,0.001,0.8739767596125603,1.2284449338912964,0.3544597774744034,8.395708846364869e-06,2.0073848970752954,2.382558822631836,0.42400916417439777,21.401320206145478,0.999670578078675,17.227084489898942,1.2700915157240424,False,1.4772518787067384
conditioned,352,9,0.001,2.3455886840820312,2.6425557136535645,0.29695963859558105,7.472962352039758e-06,1.8938017760608858,2.223023772239685,0.39441895484924316,46.256579566736356,0.9997273749616621,17.233905887882475,1.275132335135297,False,1.5281995588447899
conditioned,353,9,0.001,1.6195328012108803,1.8861395716667175,0.26659969985485077,7.021598094070214e-06,1.8355703769445557,2.1323177218437195,0.3757760524749756,34.412977858055704,0.9997273749616621,17.240423890033018,1.2804209809992408,False,1.4974293292034417
conditioned,354,9,0.001,1.220862478017807,1.4326227903366089,0.2117542214691639,6.082813229113526e-06,1.708626927851998,1.9550164937973022,0.3351000150044759,161.82995491250318,0.9997160155850647,17.246854268274383,1.2869183890935139,False,1.507125887554139
conditioned,355,9,0.001,0.9355539828538895,1.0939346328377724,0.1583755537867546,5.105573677610664e-06,1.5653587471282917,1.7582822144031525,0.28359619776407874,25.891596595267632,0.9997160155850647,17.253502873716418,1.2932193406171328,False,1.479259189683944
conditioned,356,9,0.001,1.8590658158063889,1.9759247601032257,0.11685450561344624,4.353502617959748e-06,1.445224175568693,1.5803481936454773,0.22966694831848145,76.50894084565012,0.9996819374552725,17.260232779578462,1.2976466312183426,False,1.5286378231830895
conditioned,357,9,0.001,0.6514173746109009,0.7448163777589798,0.09339501522481441,3.977328788096202e-06,1.3813450269161482,1.4656830132007599,0.1916235287984212,23.889851344017377,0.9997160155850647,17.26704729934067,1.3016351714971863,False,1.5070132999680936
conditioned,358,9,0.001,1.511165238916874,1.5867248997092247,0.07555601187050343,3.638037242126302e-06,1.3211403097938659,1.368604153394699,0.1586181322733561,60.392485381375536,0.9997614530914544,17.27392589889744,1.3056054492045097,False,1.504093375056982
conditioned,359,9,0.001,2.015147801488638,2.0711166076362133,0.055965459905564785,3.305751931748091e-06,1.2595402776522948,1.2478076219558716,0.11762491861979166,163.13596603616736,0.9996932968318699,17.281653597464736,1.3084327042251556,False,1.5345540267881006
conditioned,360,9,0.001,3.5295282006263733,3.572796106338501,0.04326480533927679,3.0141334832478606e-06,1.2027149854818473,1.1575113832950592,0.08954334259033203,285.7634231706351,0.9996932968318699,17.2916032490554,1.3139406746965776,False,1.692662954563275
conditioned,361,10,0.001,11.942373514175415,11.95619511604309,0.013818830950185657,2.4622855789857567e-06,1.087097137153061,0.8716208338737488,0.022022008895874023,755.9961855642293,0.9997614530914544,17.311878532106185,1.313853618941195,False,2.3335774822626263
conditioned,362,10,0.001,17.891245365142822,17.89977478981018,0.008527120691724122,2.57280402138349e-06,1.11114141219567,0.7915263175964355,0.011253595352172852,690.7205921688077,0.9997160155850647,17.353965025923067,1.3222185689541044,False,3.301101509714499
conditioned,363,10,0.001,8.555441856384277,8.557103514671326,0.0016595952329225838,1.944107793860894e-06,0.9658873552372748,0.628123015165329,0.00179751714070638,1384.053351630889,0.9997387343382595,17.422834351113362,1.3067796637611369,False,3.7351742174942046
conditioned,364,10,0.001,1.2618186920881271,1.3307468444108963,0.06892426498234272,3.835051984424354e-06,1.3566362654786501,1.3299915194511414,0.14539647102355957,151.49516387997244,0.9997841718446492,17.519691226458402,1.2926206467151309,False,3.6980002236086875
conditioned,365,10,0.001,1.564592570066452,1.7894801571965218,0.22488104924559593,6.5043553831856116e-06,1.7668248359159238,1.9994160830974579,0.3383457660675049,211.05036131604768,0.9997841718446492,17.635775618786393,1.282741594607768,False,3.6868147731292993
conditioned,366,10,0.001,1.081812210381031,1.4630797356367111,0.3812587261199951,8.836447022986249e-06,2.059482687339247,2.452573597431183,0.42361124356587726,80.9560132344065,0.9997614530914544,17.7637957071397,1.274532134286747,False,3.6786952090915293
conditioned,367,10,0.001,1.1717082262039185,1.7773272693157196,0.605606883764267,1.2094950079699629e-05,2.4092978448844327,2.9606661200523376,0.4857165813446045,109.51685964891037,0.9997046562084673,17.89812423265974,1.2692143799186884,False,3.697303425753489
conditioned,368,10,0.001,1.421710655093193,2.182152569293976,0.7604277282953262,1.4242458973967587e-05,2.6145772414318653,3.257488787174225,0.5104002952575684,70.59851970646001,0.9997273749616621,18.0343780804159,1.2647729989218128,False,3.6395610489416867
conditioned,369,10,0.001,1.280566368252039,2.2052215337753296,0.9246387034654617,1.6505686289747246e-05,2.814622442768287,3.5406264662742615,0.5292577743530273,47.510764110895714,0.9997046562084673,18.16938932181824,1.2615737799611286,False,3.618375646881759
conditioned,370,10,0.001,1.828635012730956,2.901258736848831,1.0726051330566406,1.857658935477957e-05,2.986018064766852,3.774957001209259,0.5424834092458088,95.2460563291829,0.9997500937148569,18.300988365652596,1.2600829926633028,False,3.656361430301331
conditioned,371,10,0.001,0.6901368387043476,1.9114483296871185,1.2212907075881958,2.076202963507967e-05,3.156441283003338,3.9941059947013855,0.5529656410217285,35.69612430044663,0.9997046562084673,18.427615147953684,1.25974265793645,False,3.6410228587919846
conditioned,372,10,0.001,3.2801033556461334,4.526314914226532,1.246190220117569,2.120022600138327e-05,3.189830779058843,4.029904723167419,0.5535102685292561,113.49324869349664,0.9997841718446492,18.548338560184288,1.2608397777436513,False,3.7298377050319687
conditioned,373,10,0.001,1.6630806624889374,2.979588270187378,1.3164852261543274,2.2349387108988594e-05,3.275282585028846,4.128293395042419,0.5571504433949788,76.70412458493728,0.9997160155850647,18.662717224488006,1.263198232298703,False,3.793066660524346
conditioned,374,10,0.001,1.3871733853593469,2.7152046859264374,1.328008621931076,2.266962974317721e-05,3.2980715182996767,4.143293261528015,0.5571243762969971,50.161973851113196,0.9996592187020776,18.770294480663107,1.2659637352559903,False,3.7853171696770005
conditioned,375,10,0.001,1.771275356411934,3.0582852363586426,1.2869876325130463,2.2244681531446986e-05,3.267417178882074,4.087178587913513,0.5544727643330891,75.83040672765814,0.9997046562084673,18.870992153805748,1.2694388467773978,False,3.7700751418597065
conditioned,376,10,0.001,2.5464790612459183,3.766663610935211,1.2201630473136902,2.1604945686704013e-05,3.2201615748519368,3.992892026901245,0.5497012933095295,68.3096525515441,0.9996819374552725,18.96484860883059,1.2731994829287894,False,3.708634570648428
conditioned,377,10,0.001,2.9310003221035004,4.1029026210308075,1.1718809306621552,2.1231899154372513e-05,3.1923562714804654,3.923248529434204,0.5455584526062012,66.02551909400859,0.9997273749616621,19.052137652120116,1.2774177472480521,False,3.1454237461439334
conditioned,378,10,0.001,2.6658060550689697,3.7771941423416138,1.1113672852516174,2.0806622160307597e-05,3.1597987115265553,3.8330580592155457,0.5402191480000813,305.9335807142606,0.9996251405722854,19.134587266448708,1.283525577792654,False,2.1938337892643176
conditioned,379,10,0.001,1.4763656854629517,2.4066562950611115,0.9302718490362167,1.8788921352097532e-05,3.0028221037550313,3.549627959728241,0.52362855275472,52.29836657167989,0.9996592187020776,19.213408943172997,1.2896525784164021,False,1.7513915285817347
conditioned,380,10,0.001,2.330220691859722,3.0826856046915054,0.7524482011795044,1.687449821474729e-05,2.8451060796827767,3.2417489290237427,0.5004638830820719,99.6713501394787,0.9996251405722854,19.28829170796244,1.2956085692782005,False,1.8181666535674594
conditioned,381,10,0.001,3.6194958090782166,4.195054769515991,0.5755441635847092,1.4863718206470367e-05,2.67089912851752,2.898858368396759,0.467047373453776,116.04787326461896,0.999670578078675,19.35932118906289,1.3027403191861044,False,1.9465981060056947
conditioned,382,10,0.001,2.7165547609329224,3.128510445356369,0.41194307059049606,1.2690290532191284e-05,2.467511248944,2.5284284353256226,0.41769957542419434,117.08375857255021,0.999670578078675,19.4266165543663,1.308892673799895,False,2.048769515415188
conditioned,383,10,0.001,2.6616155207157135,2.97422057390213,0.31259334832429886,1.161380691883096e-05,2.3609985305407357,2.267714738845825,0.3735398451487223,104.53072382063232,0.9996932968318699,19.490594148375642,1.3151947560453177,False,2.141888721322175
conditioned,384,10,0.001,2.511096954345703,2.7151359915733337,0.20402897521853447,1.0023795994129614e-05,2.1929355890158773,1.927487313747406,0.3007619380950928,305.78669521241,0.9996592187020776,19.55230874003061,1.3191993865348,False,2.209975365025457
conditioned,385,10,0.001,1.3876880072057247,1.5835223570466042,0.19582441076636314,9.946647196557024e-06,2.18495740503762,1.898698627948761,0.29972338676452637,80.82507764065379,0.9997839351909701,19.61313697016275,1.3224791667466733,False,2.2166704674600624
conditioned,386,10,0.001,2.641409981995821,2.8230259008705616,0.18160593137145042,1.0007356422647717e-05,2.191139922939579,1.8441789150238037,0.28971831003824866,193.9440741055151,0.9996592187020776,19.67287492056436,1.3255914908056714,False,2.2674689030391164
conditioned,387,10,0.001,1.808120608329773,1.9541585743427277,0.14602793380618095,1.0057047347800108e-05,2.197054729224059,1.7071393430233002,0.25521675745646155,391.01580194406154,0.9996817008015934,19.73369452240868,1.3276137376919666,False,2.3373428886407055
conditioned,388,10,0.001,2.9008740037679672,3.0909464359283447,0.19006118550896645,1.1237144008191535e-05,2.321976063664338,1.8768865168094635,0.30496112505594886,281.1471006693035,0.999670578078675,19.797086932043083,1.331896925357968,False,2.31364105414832
conditioned,389,10,0.001,1.8069477826356888,1.9667845964431763,0.15982524678111076,1.156599364549038e-05,2.3561015720601555,1.7614212930202484,0.27338194847106934,582.5477823177966,0.999613781195688,19.864097775410162,1.3356314061548389,False,2.322632749157492
conditioned,390,10,0.001,2.9584708344191313,3.3287885189056396,0.37030406296253204,1.358762915515399e-05,2.55360396003407,2.4231232404708862,0.42353320121765137,289.2214811320648,0.999670578078675,19.93569759629373,1.3405580840110627,False,2.4208388397237286
conditioned,391,10,0.001,2.1682475209236145,2.7708404660224915,0.602576807141304,1.605144143468351e-05,2.7756770895286262,2.9544776678085327,0.49253789583841956,71.8724400374522,0.9996932968318699,20.010718937225825,1.3460739962797712,False,2.4456496000057086
conditioned,392,10,0.001,1.905917003750801,2.7510448694229126,0.8451091647148132,1.8766084394883364e-05,3.0012051557927624,3.406793475151062,0.5321323076883951,172.91681133282424,0.9997046562084673,20.087352763724216,1.3533848822100845,False,2.405614471412264
conditioned,393,10,0.001,1.921593364328146,2.891330301761627,0.9697169363498688,1.9972680092905648e-05,3.096066953159155,3.6137173771858215,0.5461483001708984,147.13367844569714,0.9996932968318699,20.164268860945082,1.3607690183376009,False,2.342526536551304
conditioned,394,10,0.001,0.6676429687067866,1.7616199851036072,1.0939555764198303,2.149803140127915e-05,3.2119767507250874,3.806657314300537,0.5574822425842285,47.24027296563232,0.9997046562084673,20.240254924195586,1.3682529048582774,False,2.2176413436536677
conditioned,395,10,0.001,1.352516531944275,2.489030599594116,1.1364919543266296,2.2039327177481027e-05,3.251986087677097,3.8706212639808655,0.5613238016764323,55.48719209121402,0.9997387343382595,20.314207528087792,1.376017388922713,False,2.2099007715587504
conditioned,396,10,0.001,2.553358405828476,3.7226715683937073,1.1692906320095062,2.2568171516468283e-05,3.29120839776159,3.919320046901703,0.564139445622762,75.9869675059079,0.9997046562084673,20.385502294177666,1.3843374821186785,False,2.2238468786817975
conditioned,397,11,0.001,1.1186371482908726,2.239252805709839,1.1205940246582031,2.1694894712709356e-05,3.226476609781474,3.846895217895508,0.5613328615824381,45.206288910393994,0.9997160155850647,20.45360199095627,1.3929509928418007,False,2.0675432123825885
conditioned,398,11,0.001,1.1507849283516407,2.2735175490379333,1.122710943222046,2.1691102119802963e-05,3.225885441264756,3.8495951294898987,0.5620012283325195,46.441656686097986,0.9997614530914544,20.51809358494397,1.4012096807266377,False,1.9696825978462584
conditioned,399,11,0.001,1.4483032673597336,2.5524999797344208,1.1041750311851501,2.1662335257133236e-05,3.223896932073414,3.8218250274658203,0.5607675711313883,52.33398569447524,0.9995910624424932,20.578838829930763,1.4098275188123652,False,1.8938505820115097
conditioned,400,11,0.001,1.3553890585899353,2.310375541448593,0.9549670517444611,1.9404912563913967e-05,3.051776252683765,3.5900750160217285,0.5482633113861084,39.818839997583915,0.9997387343382595,20.635734238057754,1.4181073559132105,False,1.8216188385267742
conditioned,401,11,0.001,0.9927454963326454,1.908081442117691,0.9153171628713608,1.8859275769500528e-05,3.0086610629837613,3.5253520607948303,0.5443585713704426,59.78838197791964,0.9997160155850647,20.68877051980637,1.4259860951908832,False,1.7969349315972067
conditioned,402,11,0.001,1.9007585942745209,2.773754119873047,0.8729773014783859,1.8293113498657476e-05,2.963108629124674,3.4544419050216675,0.539867083231608,81.62111973271449,0.9997046562084673,20.73818579156962,1.434213165783306,False,1.7506442198646255
conditioned,403,11,0.001,1.0962731391191483,1.840410828590393,0.7441212236881256,1.6453341231681406e-05,2.8102350367991593,3.227814018726349,0.5227957566579182,50.21304028784083,0.9997728124680517,20.784136584537404,1.442107394891581,False,1.7061537530389614
conditioned,404,11,0.001,1.4051159843802452,2.058414086699486,0.653282880783081,1.5152082596614491e-05,2.696391871306093,3.0550729632377625,0.5075762271881104,44.583775539132624,0.9997273749616621,20.826828475050792,1.4499857340260023,False,1.6126688768272288
conditioned,405,11,0.001,2.071545898914337,2.640786826610565,0.5692268013954163,1.4086465853324626e-05,2.599892446529213,2.8850298523902893,0.49067163467407227,72.49764281274518,0.9997614530914544,20.866488198723385,1.457776800756923,False,1.6292062590946443
conditioned,406,11,0.001,0.9554884731769562,1.465318188071251,0.5098164826631546,1.3193161294111633e-05,2.5163716400298553,2.7575204968452454,0.476005474726359,73.35513348101408,0.9997500937148569,20.903336779213287,1.4650881797871167,False,1.5040198615170084
conditioned,407,11,0.001,1.1685741990804672,1.5867440104484558,0.41815797984600067,1.1854820513690356e-05,2.383741690375203,2.541672468185425,0.4448419411977132,52.84179005818538,0.9997273749616621,20.93761458606191,1.4720954208408539,False,1.4415402789018117
conditioned,408,11,0.001,1.5615021586418152,1.9241342544555664,0.36262110620737076,1.1064253385484335e-05,2.3039692848867532,2.403326451778412,0.4224797884623209,145.35372364213012,0.9997500937148569,20.969559449172174,1.4772851032334402,False,1.4200143510825
conditioned,409,11,0.001,2.652294173836708,2.9699949771165848,0.3176906630396843,1.0270675829815445e-05,2.2199915047684793,2.281545877456665,0.40087032318115234,75.26604538127515,0.9996932968318699,20.99985550160951,1.4820867796113628,False,1.4656831516767852
conditioned,410,11,0.001,1.8495789915323257,2.150588735938072,0.3009999692440033,9.757886800798588e-06,2.1641659234730515,2.2348511815071106,0.3937540849049886,45.69182533568193,0.9997387343382595,21.028601071015736,1.4864909968649747,False,1.5395541531033814
conditioned,411,11,0.001,1.7883305102586746,2.0793874114751816,0.2910473421216011,9.465765288041439e-06,2.131436989506281,2.2058078050613403,0.38915554682413733,28.654346944264773,0.9998296093510388,21.055696708628044,1.4904318272704011,False,1.5667925267480314
conditioned,412,11,0.001,1.1869933158159256,1.4651361405849457,0.2781337574124336,9.117639820033219e-06,2.091964759865654,2.1676751375198364,0.3826756477355957,50.86797089803648,0.9997728124680517,21.081142620468473,1.4938526429302397,False,1.481394708622247
conditioned,413,11,0.001,2.1390380859375,2.409192234277725,0.2701452746987343,8.857334023559815e-06,2.061777303928372,2.143373191356659,0.3787820339202881,33.60338302363683,0.9997614530914544,21.10494081982633,1.497054661156498,False,1.5451697672251612
conditioned,414,11,0.001,3.104397177696228,3.3786626756191254,0.27425672858953476,8.774790558163659e-06,2.052190507160738,2.15570604801178,0.3829554716746012,74.13377790591662,0.9997841718446492,21.127311789620954,1.5004287540788603,False,1.667270532809198
conditioned,415,11,0.001,1.1123627796769142,1.384040728211403,0.27166931703686714,8.602778962085722e-06,2.0310010217881924,2.145925223827362,0.38126842180887854,59.445215972102815,0.9998296093510388,21.148364878706232,1.5040566542430265,False,1.6462742523290217
conditioned,416,11,0.001,1.1221738308668137,1.3826346099376678,0.2604524940252304,8.26790846986114e-06,1.9920484906668674,2.11374169588089,0.3757268587748209,32.982405658110075,0.9997955312212465,21.16810104844676,1.5075013080066408,False,1.6316983005963266
conditioned,417,11,0.001,3.2415241599082947,3.50209042429924,0.2605580948293209,8.161618552549044e-06,1.978766347075374,2.112960636615753,0.3761138916015625,64.68052584517353,0.9997955312212465,21.186628562477487,1.5111103980566558,False,1.7722469670698047
conditioned,418,11,0.001,0.42401859164237976,0.6426177024841309,0.21859190985560417,7.222777185234008e-06,1.8615668465600863,1.9774882197380066,0.34484759966532386,12.173966743853962,0.9998180133207623,21.203995571339142,1.514483850905548,False,1.6799507169052958
conditioned,419,11,0.001,1.2094441801309586,1.4026512950658798,0.19320033118128777,6.7086414219375e-06,1.7942488407952417,1.8895403146743774,0.32217470804850257,21.8590176380524,0.9997955312212465,21.220201197620014,1.5175083471775292,False,1.687023906968534
conditioned,420,11,0.001,4.404523193836212,4.58738449215889,0.1828547865152359,6.4626694893377135e-06,1.7612315612437195,1.8520375788211823,0.31235845883687335,50.64793820743309,0.9997500937148569,21.23532494940557,1.5199979163575779,False,1.874486857559532
conditioned,421,11,0.001,3.7411491572856903,3.9321305453777313,0.19097495451569557,6.4541628717051935e-06,1.7597376499309374,1.8810445964336395,0.32121117909749347,73.87885057684764,0.9997955312212465,21.249605223776513,1.5228423530040978,False,1.9788370612077415
conditioned,422,11,0.001,2.2149586379528046,2.378016084432602,0.16305157914757729,5.858124836777279e-06,1.6768535705478598,1.7768824994564056,0.2920191287994385,54.72955910020517,0.999806890597844,21.263089150012515,1.5256631588715528,False,2.057553946506232
conditioned,423,11,0.001,1.5992509573698044,1.7432783991098404,0.14402197301387787,5.434018703454058e-06,1.614472333406763,1.6986858546733856,0.26795530319213867,38.200251529477256,0.9998182499744414,21.275808383378454,1.5283222836974786,False,2.0844712438993156
conditioned,424,11,0.001,1.379451960325241,1.5118820071220398,0.13242493383586407,5.124324729877117e-06,1.5672622887147203,1.647956371307373,0.2517087459564209,28.10637717962595,0.9997728124680517,21.28780181883911,1.5307657032958077,False,2.0730931065045297
conditioned,425,11,0.001,1.5109312683343887,1.6335187554359436,0.12258261814713478,4.85338830458204e-06,1.5252846557690272,1.6043613851070404,0.23794356981913248,51.02053393236623,0.9998296093510388,21.299107109635596,1.5330984270270676,False,2.0017579249106348
conditioned,426,11,0.001,1.5092525035142899,1.6058782935142517,0.09662153385579586,4.317308139434317e-06,1.4391507650092068,1.481656163930893,0.19578417142232257,22.9247076306427,0.999806890597844,21.30973254282591,1.5351357966166808,False,1.9804875194095075
conditioned,427,11,0.001,1.623716413974762,1.6985714435577393,0.07485117577016354,3.855535510410846e-06,1.3594645903995903,1.3620275557041168,0.15366848309834796,74.26503391820525,0.9997728124680517,21.31976524851672,1.5366541528378477,False,1.970199138391763
conditioned,428,11,0.001,1.5348392650485039,1.6111980900168419,0.07635504473000765,3.7903575957898283e-06,1.347358927449291,1.369288146495819,0.1571825345357259,180.50027002628602,0.9996932968318699,21.32981243511729,1.537812476219164,False,1.9919395102187991
conditioned,429,11,0.001,3.1645472794771194,3.241050824522972,0.07649996876716614,3.6975944794903626e-06,1.3312386527701747,1.3717127442359924,0.15891154607137042,96.52828840480772,0.999806890597844,21.34016665922866,1.5389411927609034,False,2.0560338348150253
conditioned,430,11,0.001,1.2327389121055603,1.2867665737867355,0.05402451008558273,3.1617298645869596e-06,1.2318514587688858,1.2348010838031769,0.11182268460591634,36.4880253826287,0.9997728124680517,21.350879331967143,1.5400700335162654,False,1.9390551932156086
conditioned,431,11,0.001,1.915611743927002,1.9626629054546356,0.047048102132976055,3.0185308901309327e-06,1.2032748294890436,1.1841257810592651,0.0961766242980957,288.5000175695067,0.9997387343382595,21.3623915672183,1.544169565921186,False,1.989258253481239
conditioned,432,11,0.001,5.887713074684143,5.89941680431366,0.011701381299644709,2.2907912011760345e-06,1.0479880559837604,0.835086852312088,0.01684681574503581,486.6011326567957,0.999806890597844,21.377597256004982,1.5438752003589336,False,2.287104456219822
conditioned,433,12,0.001,2.6943774819374084,2.73976469039917,0.045383975841104984,3.2284663120663026e-06,1.2440367287754026,1.1696466505527496,0.09288533528645833,64.53698412373882,0.9998296093510388,21.398164238807134,1.5436895693028718,False,2.252907788846642
conditioned,434,12,0.001,0.8265437632799149,0.9253191202878952,0.09877107292413712,4.2720654391814605e-06,1.430901428931525,1.4900797307491302,0.2021380265553792,57.97035677382757,0.999806890597844,21.42235927531188,1.5442804087679813,False,2.2780656120739877
conditioned,435,12,0.001,0.6251429691910744,0.7662698179483414,0.14112181402742863,5.0341848236712394e-06,1.5540505555372568,1.6868447363376617,0.26652248700459796,69.00221084267868,0.9998296093510388,21.44892202958914,1.5452334781647603,False,2.241546786390245
conditioned,436,12,0.001,2.7675155699253082,2.984867602586746,0.2173456996679306,6.289874590947875e-06,1.7366421600863071,1.9718579351902008,0.34441622098286945,99.07401451644377,0.999806890597844,21.47686791010011,1.5453577319441347,False,2.1392338098958135
conditioned,437,12,0.001,1.5068740248680115,1.7695109248161316,0.2626298703253269,7.030756023596041e-06,1.8367277826919959,2.119881272315979,0.3777041435241699,219.7033291663084,0.9997614530914544,21.5059174470594,1.5438249520242617,False,1.9995916141197085
conditioned,438,12,0.001,1.8701419085264206,2.2861071825027466,0.4159559905529022,9.2799400590593e-06,2.1104471504601245,2.5393391847610474,0.45107412338256836,64.76392576808323,0.9998182499744414,21.536144178637187,1.5428606834951586,False,1.9780405685305595
conditioned,439,12,0.001,1.4942341297864914,2.008110672235489,0.5138658583164215,1.0619397926348029e-05,2.2571306691469006,2.765700399875641,0.4792397816975911,76.76601153180053,0.9998636874808311,21.566841923981173,1.5423988764882144,False,1.9714770168066025
conditioned,440,12,0.001,0.9199095070362091,1.545816108584404,0.6258943974971771,1.2247146742083714e-05,2.4242128236094835,3.0011191368103027,0.5031650066375732,36.54056196780731,0.9997841718446492,21.597412941187756,1.542293271591684,False,1.942755613476038
conditioned,441,12,0.001,1.3219750821590424,2.0351004004478455,0.7131118327379227,1.3458507510222262e-05,2.541453689417824,3.170067250728607,0.517337163289388,33.622643009338496,0.9998523281042336,21.627366534186727,1.542752611691695,False,1.9309458518400788
conditioned,442,12,0.001,1.2950723469257355,2.0528646111488342,0.757778212428093,1.4073003967496334e-05,2.5987740114744127,3.2523139119148254,0.5232210159301758,32.613453827633016,0.9997955312212465,21.65632516464375,1.5434619274245698,False,1.9175595920532942
conditioned,443,12,0.001,1.4258282482624054,2.282788872718811,0.856945127248764,1.549624676044914e-05,2.7268926971752534,3.426683723926544,0.5351574420928955,27.409793025190456,0.9998296093510388,21.684032214579716,1.5446981938904758,False,1.905191581696272
conditioned,444,12,0.001,2.6078805923461914,3.53219473361969,0.9242975860834122,1.648900115469587e-05,2.813143487290773,3.539933741092682,0.5421084562937418,63.72510748750505,0.9998523281042336,21.71035327245104,1.546228573723294,False,1.9722566646523774
conditioned,445,12,0.001,1.88942102342844,2.7809972763061523,0.8915601372718811,1.6016610061342362e-05,2.772225701828249,3.48509019613266,0.5381483236948649,78.38569510626414,0.9997614530914544,21.73541105887639,1.5482460421911526,False,1.892561273649335
conditioned,446,12,0.001,1.591825008392334,2.538943588733673,0.9471017122268677,1.6873608728928957e-05,2.845286505245857,3.576503813266754,0.5441274642944336,86.91170176831037,0.9997273749616621,21.75913767678449,1.550219502090598,False,1.9150041546672583
conditioned,447,12,0.001,1.4126220718026161,2.296872556209564,0.8842344135046005,1.6042144579841988e-05,2.7742978203472277,3.4727030992507935,0.5379876295725504,35.933416108166284,0.9998182499744414,21.781655243182342,1.5527356030479424,False,1.8835673001594841
conditioned,448,12,0.001,1.345090627670288,2.24034583568573,0.8952388763427734,1.6284141565847676e-05,2.7948269233362915,3.4904592633247375,0.5392350355784098,33.24476191989395,0.9998409687276363,21.802908946148108,1.5553630800154412,False,1.5996533972211182
conditioned,449,12,0.001,2.1753521114587784,3.0532234013080597,0.877855122089386,1.611699553905055e-05,2.781322767518425,3.462763249874115,0.5378952026367188,51.84062966580418,0.9997841718446492,21.822903006427623,1.558358972497841,False,1.5672143115662038
conditioned,450,12,0.001,2.308392107486725,3.2197661995887756,0.9113573580980301,1.672862299528788e-05,2.8332532980787093,3.5181792974472046,0.5414120356241862,24.38367962751363,0.9997160155850647,21.84163967545219,1.561470136945037,False,1.6598298330791295
conditioned,451,12,0.001,2.9181279242038727,3.7684110403060913,0.850267305970192,1.586229359418212e-05,2.7585899729116194,3.414783477783203,0.5344638029734293,67.80137739394266,0.9997955312212465,21.859327647249774,1.564772906973959,False,1.8031413927674294
conditioned,452,12,0.001,1.5620292127132416,2.3754566609859467,0.8134119957685471,1.538978676762781e-05,2.716631597651301,3.3500046133995056,0.5299454530080159,30.840594178812026,0.999806890597844,21.876036956561705,1.5683071652870422,False,1.7277984954416752
conditioned,453,12,0.001,1.4422065019607544,2.2324244379997253,0.7902029305696487,1.5093182810232975e-05,2.689977322962158,3.3083033561706543,0.5269617239634196,25.31543599892482,0.9998409687276363,21.89173818679239,1.5717717166798326,False,1.7237567752599716
conditioned,454,12,0.001,1.0717446506023407,1.7769358456134796,0.7051773816347122,1.3838222912454512e-05,2.5768719006389422,3.1548064947128296,0.5151097774505615,27.48557718351431,0.9997955312212465,21.906438849092346,1.5754549672525777,False,1.6738569466397166
conditioned,455,12,0.001,1.5989743173122406,2.2410184144973755,0.6420310884714127,1.2943529782205587e-05,2.491517322325948,3.0321146845817566,0.503859281539917,25.264368229137656,0.9997841718446492,21.92015232932765,1.5791174698791524,False,1.680403208360076
conditioned,456,12,0.001,1.1577449664473534,1.8084350377321243,0.650676816701889,1.3176100992495776e-05,2.513991052329688,3.049288749694824,0.5057504971822102,19.263421999556908,0.9998523281042336,21.93292306461168,1.5829255496068155,False,1.6952679245732725
conditioned,457,12,0.001,1.5857623219490051,2.1107718348503113,0.524998314678669,1.118721229431685e-05,2.3169770185367207,2.790669083595276,0.4782114823659261,37.324751252823525,0.9998409687276363,21.944762032693898,1.5864989894735742,False,1.7117546270601451
conditioned,458,12,0.001,1.5346616208553314,2.039662629365921,0.5049900487065315,1.0948752105832682e-05,2.292205769223533,2.7467129230499268,0.4727845986684163,29.973596299862624,0.9998523281042336,21.95580296191374,1.5899571774366306,False,1.7267289566807449
conditioned,459,12,0.001,0.8222906962037086,1.2872914373874664,0.46499042958021164,1.0333950058338814e-05,2.2264981413876828,2.6551615595817566,0.46082401275634766,19.17335681104797,0.9997728124680517,21.966086579562315,1.5934842011212085,False,1.6890078596770763
conditioned,460,12,0.001,3.1309613287448883,3.5703658163547516,0.4393945038318634,9.966856850951444e-06,2.186517793528641,2.5949564576148987,0.45250463485717773,53.455253533751865,0.9998520914505545,21.975647535831136,1.5968224472495338,False,1.721700405701995
conditioned,461,12,0.001,1.7360116839408875,2.111707329750061,0.37568676471710205,8.893010317478911e-06,2.064882512717355,2.4360604882240295,0.42781901359558105,51.051303413616914,0.9998750468574285,21.984661475067398,1.5998606139323543,False,1.7121123219840229
conditioned,462,12,0.001,0.9598628394305706,1.3121872544288635,0.35231588780879974,8.551982546123327e-06,2.025086518748168,2.3750211000442505,0.4174259503682454,28.8783418238799,0.9998409687276363,21.993249992392922,1.6028440282124843,False,1.6726146864239126
conditioned,463,12,0.001,3.310767114162445,3.632306456565857,0.3215312883257866,8.030361300370714e-06,1.9622859299238873,2.2913076281547546,0.40274866422017414,42.28746130879644,0.9998409687276363,22.0014430106878,1.6058353189159658,False,1.791248751571402
conditioned,464,12,0.001,1.7976595163345337,2.0665409862995148,0.26887430995702744,7.1390213634003885e-06,1.8487534031037978,2.135037511587143,0.37096579869588214,115.76186097318725,0.9998409687276363,22.009526111537237,1.6090275994279426,False,1.8195343071129173
conditioned,465,12,0.001,1.864467442035675,2.141227602958679,0.27675290033221245,7.243040954563185e-06,1.8626187799178577,2.1599570512771606,0.3772084712982178,23.219853986486115,0.9998523281042336,22.017623433096556,1.6120916795438633,False,1.8001040152739733
conditioned,466,12,0.001,1.7894020974636078,2.0125423967838287,0.22313404455780983,6.23669154720119e-06,1.7296077844706355,1.992895394563675,0.34114837646484375,24.486556910893107,0.9998409687276363,22.025598597437355,1.6149099843220664,False,1.7676671396475285
conditioned,467,12,0.001,1.8824758529663086,2.1139656007289886,0.2314833365380764,6.409358888959105e-06,1.753866927670796,2.021283984184265,0.3484429518381754,33.61731182159047,0.9998409687276363,22.03339993516272,1.6175385192055514,False,1.7029388851951808
conditioned,468,12,0.001,1.7750909924507141,1.9683973342180252,0.1933007314801216,5.654899268847657e-06,1.6456615866410815,1.886403203010559,0.31421327590942383,38.98852931816626,0.9998864062340259,22.040928816915606,1.6201236879794676,False,1.7162552464287728
conditioned,469,13,0.001,3.053912580013275,3.2297747284173965,0.17585678026080132,5.288254669721937e-06,1.5923309135197061,1.824489951133728,0.29841701189676917,41.474503790528175,0.9998750468574285,22.0482026767795,1.622740629497805,False,1.8169868763070554
conditioned,470,13,0.001,2.2197191417217255,2.373702794313431,0.15397874265909195,4.852925030718325e-06,1.5253262602855078,1.7389656007289886,0.274367888768514,67.75069045654166,0.9998409687276363,22.055302259215622,1.6244494686569466,False,1.888735282002017
conditioned,471,13,0.001,1.1798678413033485,1.3259759023785591,0.146103385835886,4.671662850341818e-06,1.4945976765676883,1.7019966542720795,0.26284027099609375,52.423261577887565,0.9998523281042336,22.06241643046343,1.6262753816317363,False,1.8625411272514611
conditioned,472,13,0.001,2.090854212641716,2.2194841504096985,0.1286256331950426,4.282847271497303e-06,1.43170520537649,1.62936070561409,0.24132903416951496,33.899327011031,0.9998977656106233,22.069397952494924,1.6279888631183963,False,1.9208604551386088
conditioned,473,13,0.001,1.4851036369800568,1.617879331111908,0.13277135603129864,4.32454669407889e-06,1.4397033215426063,1.6501368284225464,0.24863402048746744,25.36887450160624,0.9999091249872207,22.076204817109108,1.629682544662939,False,1.9145692873280495
conditioned,474,13,0.001,2.0114173889160156,2.1206647157669067,0.10924351587891579,3.827742887096974e-06,1.3531212891509594,1.5392537713050842,0.21319341659545898,30.58129280668948,0.9998864062340259,22.082729636991015,1.6312581766496252,False,1.9443665228318423
conditioned,475,13,0.001,1.22481469810009,1.3394989967346191,0.11468037776648998,3.890673781370424e-06,1.3631838765379567,1.5636865198612213,0.22092588742574054,29.918493475192374,0.9998523281042336,22.089098928388946,1.632787237113905,False,1.9695242729503661
conditioned,476,13,0.001,1.0585578829050064,1.1406485587358475,0.0820874534547329,3.2237398386314453e-06,1.2416657266073543,1.4004210531711578,0.16793759663899738,33.44165807588723,0.9998409687276363,22.09516512337374,1.6339901268963417,False,1.8399990575853735
conditioned,477,13,0.001,1.2650483474135399,1.3845224007964134,0.1194701474159956,3.930362993287417e-06,1.3732243183494974,1.592165321111679,0.23160489400227863,13.099669849077795,0.9998864062340259,22.100949296661206,1.6352412155713354,False,1.8105638490524143
conditioned,478,13,0.001,2.7067094445228577,2.803046375513077,0.0963334646075964,3.463612983978237e-06,1.2850539560581482,1.4707444608211517,0.1916855176289876,237.0898405837394,0.9998636874808311,22.106672387364288,1.635764764853782,False,1.9197417618706822
conditioned,479,13,0.001,1.534868523478508,1.6318271681666374,0.09695510379970074,3.533333881478029e-06,1.3010683036701358,1.4817261397838593,0.19566090901692706,44.34152150766373,0.9999204843638181,22.113377717811275,1.6367956375264738,False,1.8087480999529362
conditioned,480,13,0.001,6.235296726226807,6.296450912952423,0.061151498928666115,2.8140261179032677e-06,1.1607543788665313,1.27797269821167,0.12885117530822754,350.48863177996276,0.9997046562084673,22.122657224700852,1.636077408870759,False,2.0861004255712032
conditioned,481,13,0.001,1.0175417214632034,1.0839002430438995,0.06635567545890808,2.833514429312345e-06,1.1626050723814105,1.3053174912929535,0.1389328638712565,23.014712791730435,0.9998864062340259,22.135375710721842,1.6353489560025252,False,2.0331675680354238
conditioned,482,13,0.001,4.096644997596741,4.15483820438385,0.058190553449094296,2.614001687106793e-06,1.1188864872243391,1.2593534588813782,0.12426360448201496,106.67621341325115,0.9997841718446492,22.150790949568297,1.6326116734990819,False,2.1773702492937446
conditioned,483,13,0.001,1.0618614852428436,1.1582507342100143,0.09638588316738605,3.350518284150894e-06,1.2667963847017063,1.4787364304065704,0.1951021353403727,87.29324899852112,0.9998977656106233,22.168121681929538,1.6308594012994393,False,2.126081851311028
conditioned,484,13,0.001,1.2415888048708439,1.3319751247763634,0.09038318321108818,3.11172954070571e-06,1.2199257720487258,1.4456684291362762,0.18381547927856445,44.88651554597823,0.999806890597844,22.186723960100256,1.6290452809819138,False,2.092737964587286
conditioned,485,13,0.001,0.35237817093729973,0.49007074534893036,0.13768861629068851,3.9519577512692194e-06,1.3757040816070183,1.6705022156238556,0.25176358222961426,13.05360099666803,0.9998864062340259,22.205928653871336,1.6274327867789367,False,1.9238920640200377
conditioned,486,13,0.001,2.6066874563694,2.7574596256017685,0.15076809749007225,4.129496403493249e-06,1.4069558661303991,1.7260688841342926,0.2665061950683594,124.2682951455844,0.9998977656106233,22.225361102761813,1.625266987288093,False,1.9480775836855173
conditioned,487,13,0.001,1.130614049732685,1.337690807878971,0.20707166194915771,5.066696758149192e-06,1.558104858462418,1.9364326298236847,0.32030200958251953,80.8261040474454,0.9998409687276363,22.245054320506885,1.6238100325478924,False,1.9449992217123508
conditioned,488,13,0.001,1.020880401134491,1.2071929275989532,0.186307892203331,4.634205197362462e-06,1.490556552489448,1.8633060157299042,0.3016396363576253,29.158126946748883,0.9998409687276363,22.26453744792218,1.6228297280894841,False,1.8781258584931493
conditioned,489,13,0.001,1.7300728112459183,1.944689765572548,0.21461190283298492,5.085328098175523e-06,1.559380359043598,1.9595181047916412,0.323213259379069,46.392684785314565,0.9999204843638181,22.283565986217408,1.6217191823132706,False,1.8934364318847656
conditioned,490,13,0.001,2.1974304616451263,2.4261220693588257,0.22868633270263672,5.287675094223232e-06,1.5912994646745307,2.0089122354984283,0.3340481122334798,40.62343116221269,0.9998409687276363,22.30193862535315,1.6204421673250577,False,1.905062248930335
conditioned,491,13,0.001,1.5320835635066032,1.833893597126007,0.3018035851418972,6.445456733672472e-06,1.7569799462465139,2.2339012026786804,0.3794879118601481,20.357079508494717,0.9998864062340259,22.319544525285355,1.619427085882682,False,1.9242665530182421
conditioned,492,13,0.001,2.0812399238348007,2.3767349123954773,0.29548874497413635,6.326462880679173e-06,1.7408920905461538,2.2160115242004395,0.37587666511535645,42.741013057376904,0.9998750468574285,22.33626157990713,1.6184204171152745,False,1.9881841805763543
conditioned,493,13,0.001,1.6785724759101868,1.9742332100868225,0.2956544756889343,6.299872211457114e-06,1.7383443403924503,2.2184189558029175,0.3766986529032389,30.01225896107669,0.9997500937148569,22.35209330459775,1.617707711240185,False,2.0140294386073947
conditioned,494,13,0.001,1.1931671146303415,1.5207962319254875,0.32762236148118973,6.787191068724496e-06,1.8026798187103656,2.306198537349701,0.3922608693440755,21.266160567723013,0.9998409687276363,22.367007067378946,1.6172435763914732,False,1.9194330429891124
conditioned,495,13,0.001,1.660877838730812,2.0497553050518036,0.3888697102665901,7.730911988801381e-06,1.92571381139883,2.4709115028381348,0.4198080698649088,29.528145781471647,0.9998864062340259,22.381032796745934,1.6174487738712666,False,1.9273086251923814
conditioned,496,13,0.001,1.7370257526636124,2.1202563047409058,0.38322289288043976,7.6262763286649715e-06,1.9123027332812348,2.456010103225708,0.4174397786458333,29.82691985461827,0.9998409687276363,22.394153473364224,1.6178761131747963,False,1.6461666893446818
conditioned,497,13,0.001,2.686705932021141,3.0431323051452637,0.3564192056655884,7.1943399007068365e-06,1.857984424242215,2.3873782753944397,0.4070430596669515,25.63010015354908,0.999806890597844,22.406407653779485,1.6183623880122002,False,1.750489452504553
conditioned,498,13,0.001,1.7115926146507263,2.072285234928131,0.36068538576364517,7.243140885293542e-06,1.863542756530547,2.397439122200012,0.4085848331451416,31.584350151368426,0.9997841718446492,22.417832579883278,1.6191287216482,False,1.601423678570427
conditioned,499,13,0.001,1.3978408351540565,1.7309765964746475,0.33312898129224777,6.796754973947827e-06,1.8037348693253468,2.3209741711616516,0.3955167929331461,24.44718185942797,0.999806890597844,22.42842832573256,1.6199592733476764,False,1.6224223879398778
conditioned,500,13,0.001,0.5953226536512375,0.9309038072824478,0.33557430654764175,6.8320108539410285e-06,1.8102393108057233,2.3307292461395264,0.39834729830423987,12.713580457982316,0.9998523281042336,22.438253907978517,1.6208049145208216,False,1.5820307534886524
conditioned,501,13,0.001,1.074011743068695,1.4355328679084778,0.3615138828754425,7.239277238113573e-06,1.8631818125457063,2.399824559688568,0.4096919695536295,27.37480894087875,0.9998523281042336,22.44739423893657,1.6221441691505065,False,1.6271328517468646
conditioned,502,13,0.001,1.5785970091819763,1.917353242635727,0.33874937146902084,6.880397791064752e-06,1.8155954908327427,2.337679862976074,0.39911723136901855,37.168898028042086,0.9998750468574285,22.455871709443922,1.623679910913745,False,1.5628771987976506
conditioned,503,13,0.001,1.0038271695375443,1.2959459275007248,0.2921126112341881,6.145391466816363e-06,1.7165536364515623,2.2075494527816772,0.37616848945617676,14.728382220190642,0.9998523281042336,22.463705202764373,1.6251209709537904,False,1.5549530187854543
conditioned,504,13,0.001,1.6399040669202805,1.9197921752929688,0.27988216653466225,5.9609418485706556e-06,1.6899890800774826,2.1703089475631714,0.3686467806498209,26.73367662113446,0.9998750468574285,22.470966581190147,1.6264614739433296,False,1.5936419978970662
conditioned,505,14,0.001,0.9960346966981888,1.2707103937864304,0.2746698744595051,5.8782716223504394e-06,1.6778971320520064,2.1541860103607178,0.36548399925231934,21.22373455976431,0.9998409687276363,22.477685986345087,1.6281960199384609,False,1.547764615737833
conditioned,506,14,0.001,1.6593908667564392,1.9201845228672028,0.26078804954886436,5.663836077474116e-06,1.6451158336080451,2.1084139943122864,0.3550293445587158,28.068264476296772,0.9998636874808311,22.483890219700843,1.6296380337188519,False,1.5141371410572901
conditioned,507,14,0.001,1.7228459939360619,1.9578500241041183,0.23499881476163864,5.262979129838641e-06,1.5880012346695231,2.0304345190525055,0.3391554355621338,23.123333465710964,0.9998750468574285,22.48964401107356,1.6311801117154714,False,1.5260597929591313
conditioned,508,14,0.001,1.0210915952920914,1.263319045305252,0.24222205951809883,5.3939733106744825e-06,1.6081117620651728,2.054625451564789,0.34469008445739746,12.61602202080093,0.9998523281042336,22.494995764835924,1.6329230430337611,False,1.459800522425212
conditioned,509,14,0.001,1.5544974654912949,1.7676217555999756,0.21311932429671288,4.917419346384122e-06,1.536272338702385,1.9597454369068146,0.32363684972127277,21.167911985992177,0.9999204843638181,22.499966688882118,1.6345869451431592,False,1.4520458342740312
conditioned,510,14,0.001,0.8731358498334885,1.0467594265937805,0.1736193262040615,4.247910169397073e-06,1.4257527003540156,1.813589334487915,0.28618915875752765,8.569818879092301,0.9998977656106233,22.504570176181378,1.6361328385590983,False,1.432043880224228
conditioned,511,14,0.001,1.1960879378020763,1.3831967189908028,0.18710430338978767,4.4925836277798226e-06,1.4654435813957392,1.8623976111412048,0.29842631022135413,24.89181929836636,0.9998977656106233,22.508869108088863,1.6374441176735952,False,1.402994511416182
conditioned,512,14,0.001,1.9031344950199127,2.0523552149534225,0.1492169126868248,3.836324196981877e-06,1.3567612324993468,1.721104770898819,0.2622084617614746,38.35595891038725,0.9997614530914544,22.512896834408373,1.639252194138916,False,1.4133763078134507
conditioned,513,14,0.001,1.9276058375835419,2.0898056626319885,0.1621957179158926,4.048176265314396e-06,1.3915949062697925,1.769055038690567,0.27501900990804035,35.19217750555476,0.9999204843638181,22.51667911675385,1.6404876123826202,False,1.3659325519111007
conditioned,514,14,0.001,2.106913313269615,2.2494654059410095,0.14254845306277275,3.6944782095815754e-06,1.3284885216648445,1.6878208816051483,0.25273195902506507,36.56646384823687,0.9999091249872207,22.520266104254485,1.6407114424173614,False,1.3906400955747813
conditioned,515,14,0.001,1.4151324927806854,1.5607042014598846,0.14556802064180374,3.7342455243560835e-06,1.3376007573492739,1.704181283712387,0.2587006092071533,14.291210599536926,0.9999204843638181,22.523671017622824,1.6409673363030801,False,1.3917208241764456
conditioned,516,14,0.001,1.6121702790260315,1.7454127669334412,0.13323899917304516,3.499261083561578e-06,1.2949540750199129,1.6523087918758392,0.244721253712972,16.141407659462708,0.9998977656106233,22.526877281659832,1.6412593285325074,False,1.4552738007623702
conditioned,517,14,0.001,1.4878412522375584,1.6015616729855537,0.1137173231691122,3.130966263142909e-06,1.222808712770681,1.560500979423523,0.21744600931803384,24.955003294180496,0.9998864062340259,22.52989739888767,1.6414852970813019,False,1.4811381450854242
conditioned,518,14,0.001,1.1975045949220657,1.3182055205106735,0.12069762498140335,3.2562305705141625e-06,1.2494165037678848,1.5971772968769073,0.22947120666503906,13.51713943021702,0.9998180133207623,22.53275127018168,1.6418168420699961,False,1.4573198691941798
conditioned,519,14,0.001,1.9125684201717377,2.0382819175720215,0.1257101073861122,3.3374225836269034e-06,1.2619879526809035,1.61427041888237,0.23396801948547363,19.337971483116466,0.9998636874808311,22.535435190246698,1.642162120446529,False,1.5141161973588169
conditioned,520,14,0.001,2.364141047000885,2.4793726801872253,0.11522851139307022,3.1460683658224298e-06,1.2271458835146998,1.5701976716518402,0.2219124635060628,37.84072802577102,0.9998182499744414,22.537966922542278,1.6425677005108172,False,1.5593810086138546
conditioned,521,14,0.001,0.991286862641573,1.1110896319150925,0.1197995450347662,3.2342281315322907e-06,1.2439809923517668,1.5908330082893372,0.2282881736755371,15.162419698305523,0.9999091249872207,22.540403371300272,1.6431037850747923,False,1.5590842689853162
conditioned,522,14,0.001,1.3396517783403397,1.4519756436347961,0.11232076399028301,3.1004893230601738e-06,1.2192006751950442,1.5584695041179657,0.21914704640706378,16.196940093782867,0.9999204843638181,22.54273284586496,1.6437964155905531,False,1.53910057595931
conditioned,523,14,0.001,1.5676371157169342,1.686150074005127,0.11850971542298794,3.209248575331003e-06,1.238690833038891,1.5840316712856293,0.22658379872639972,13.14868447230405,0.9998409687276363,22.54495617708071,1.6444474832922242,False,1.5294000210706145
conditioned,524,14,0.001,0.7856819704174995,0.8746310770511627,0.08894645981490612,2.657130039551703e-06,1.1284945257707855,1.441457450389862,0.18290011088053384,9.535250501773758,0.9998750468574285,22.5470300001379,1.6450970708600419,False,1.5146869195159525
conditioned,525,14,0.001,2.2798506319522858,2.3754932284355164,0.09563987888395786,2.786042045954673e-06,1.1546010609668618,1.4743188321590424,0.19324882825215656,17.51643952300124,0.9998523281042336,22.548996507323583,1.6455231739068743,False,1.5600214924197644
conditioned,526,14,0.001,1.3888868689537048,1.4806046187877655,0.09171503223478794,2.7129705699735496e-06,1.139924452382991,1.455211490392685,0.18755761782328287,18.77222919994441,0.9998523281042336,22.55084710092981,1.645668114470286,False,1.592255931114778
conditioned,527,14,0.001,1.2221287339925766,1.3017309755086899,0.07959975488483906,2.4637943170091603e-06,1.0841905849435203,1.3855395913124084,0.16514364878336588,12.872082048308853,0.9997955312212465,22.552600595434896,1.6458269452085987,False,1.5938834808766842
conditioned,528,14,0.001,2.7338583171367645,2.8386968076229095,0.10483554750680923,2.962588609989325e-06,1.1921632090164398,1.5232431888580322,0.20960394541422525,21.088083097527267,0.9999091249872207,22.55428442971809,1.6463908205808895,False,1.6458037197589874
conditioned,529,14,0.001,1.4333683550357819,1.527974247932434,0.09460312128067017,2.754123784143303e-06,1.147786047639237,1.468750536441803,0.19218802452087402,21.3562628370292,0.9997841718446492,22.555905530085017,1.6473306323375136,False,1.6149138770997524
conditioned,530,14,0.001,1.2443322539329529,1.3208220601081848,0.07648742757737637,2.4096053152788954e-06,1.0749688851954209,1.3736186921596527,0.1620506445566813,27.915501917213973,0.9999204843638181,22.557512758580934,1.6485780440036053,False,1.561002560891211
conditioned,531,14,0.001,1.5261915922164917,1.5817527621984482,0.05555923189967871,1.9780050024564844e-06,0.973372885316865,1.24317866563797,0.12026945749918619,19.035769816835117,0.9998750468574285,22.5590402403574,1.6493050882194777,False,1.567943754605949
conditioned,532,14,0.001,1.6110132336616516,1.6890636682510376,0.07804802618920803,2.440903472233913e-06,1.0821609184254788,1.3829104602336884,0.16543316841125488,14.025435601946954,0.9998636874808311,22.560524028795616,1.649982162281237,False,1.5678714392706752
conditioned,533,14,0.001,1.412466749548912,1.4687649458646774,0.056296235881745815,1.989498173315951e-06,0.9749807082048001,1.2454956471920013,0.12149445215861002,26.373735383650505,0.9998750468574285,22.56195730086574,1.65082210989226,False,1.5631605328526348
conditioned,534,14,0.001,1.2147065997123718,1.2574140280485153,0.042705734726041555,1.6878294673006167e-06,0.8959803519441778,1.1441247165203094,0.09115211168924967,23.712854879400066,0.9998523281042336,22.563375861045873,1.6515045384469889,False,1.564235658152029
conditioned,535,14,0.001,1.4645946323871613,1.5145644545555115,0.049967940896749496,1.8555923304575117e-06,0.9422776914657325,1.2036572694778442,0.1083526611328125,18.289076350573325,0.9998977656106233,22.564720330026812,1.651972712501566,False,1.536237296415493
conditioned,536,14,0.001,0.9713164865970612,1.0099522918462753,0.03863419219851494,1.6031974041652575e-06,0.875663849009966,1.117901086807251,0.08236344655354817,25.428285953116045,0.9998977656106233,22.566021078038496,1.6525350303902837,False,1.449185761390254
conditioned,537,14,0.001,1.477476790547371,1.5233036577701569,0.045825052075088024,1.7563370704465342e-06,0.9142331109568912,1.168073296546936,0.09839574495951334,32.502290272616115,0.9998523281042336,22.56728972726001,1.6533614189940369,False,1.4795726318843663
conditioned,538,14,0.001,0.7066419273614883,0.7440423220396042,0.0373988407664001,1.5667181116896245e-06,0.8631275502000035,1.1018749475479126,0.07928911844889322,31.726775459327282,0.9999204843638181,22.56853781036473,1.654779173589095,False,1.440009516198188
conditioned,539,14,0.001,1.9459885656833649,1.9656191766262054,0.019629447953775525,1.1399411050661001e-06,0.7388674784924243,0.9407344162464142,0.03736631075541178,79.30169966907627,0.9997614530914544,22.569806490720218,1.6546680160848508,False,1.46365648182109
conditioned,540,14,0.001,1.644924059510231,1.6756533794105053,0.03072788193821907,1.4252197502173658e-06,0.8265923747308337,1.053036242723465,0.06396913528442383,19.99729564640796,0.9999204843638181,22.571188195113393,1.6548245801453108,False,1.5173591123893857
conditioned,541,15,0.001,0.903444841504097,0.9274923428893089,0.02404625341296196,1.2413220247253776e-06,0.7658793079790857,0.9745136350393295,0.04840564727783203,32.43908645866003,0.9998977656106233,22.572624899355855,1.6550716402995578,False,1.431333750486374
conditioned,542,15,0.001,1.838847078382969,1.8670089170336723,0.028160461224615574,1.3603735453671106e-06,0.8070966801987086,1.0282429903745651,0.05788866678873698,47.846185675541555,0.9999204843638181,22.574172328963446,1.6541120162569871,False,1.459456263575703
conditioned,543,15,0.001,1.4324904382228851,1.4718860387802124,0.03939397120848298,1.6160778386620223e-06,0.8784296241586903,1.1220893561840057,0.08457128206888834,27.70841162762112,0.9998977656106233,22.575712531712686,1.652997610646316,False,1.4726038700900972
conditioned,544,15,0.001,2.3078334629535675,2.3582285940647125,0.05039326008409262,1.8574189653008943e-06,0.9421067183876037,1.2051179111003876,0.10972889264424641,54.90012790757379,0.9998636874808311,22.577363506057125,1.6510281991706046,False,1.4459773167036474
conditioned,545,15,0.001,1.2103187143802643,1.2644543945789337,0.05413371883332729,1.9256132759437605e-06,0.9595733128652276,1.23173987865448,0.1183172861735026,23.515234053707047,0.9998864062340259,22.57904539328958,1.6491207699054722,False,1.4320367141626775
conditioned,546,15,0.001,1.2844984233379364,1.3693689703941345,0.08486801013350487,2.5308503950327577e-06,1.0996603136307317,1.4160994589328766,0.17835839589436847,15.082776979086464,0.9998296093510388,22.580764378047665,1.647529943839516,False,1.434547099750489
conditioned,547,15,0.001,1.9130822867155075,2.0132226794958115,0.10013756342232227,2.822419901349349e-06,1.16376972632388,1.5003421306610107,0.20631837844848633,31.922732590191597,0.9999091249872207,22.582441815761992,1.6456955636580761,False,1.4587277681566775
conditioned,548,15,0.001,1.597928911447525,1.7244703620672226,0.12653815932571888,3.2967935226224654e-06,1.2566490330073334,1.6224673986434937,0.24381764729817706,36.76277044685387,0.9998861695803468,22.584209266110864,1.6448452278890677,False,1.4579099980182946
conditioned,549,15,0.001,1.687177911400795,1.830394558608532,0.14321305230259895,3.5818521837427397e-06,1.3066806007095897,1.6884339153766632,0.26169816652933753,20.34869750620144,0.9998523281042336,22.585965736156986,1.6441563566467436,False,1.4750794456340373
conditioned,550,15,0.001,3.0392594933509827,3.175647348165512,0.1363843958824873,3.469183354809502e-06,1.2897944711074008,1.6666656136512756,0.2572697003682454,44.98814285315373,0.9997160155850647,22.587651890604185,1.643568735147501,False,1.5891140014864504
conditioned,551,15,0.001,1.2626627534627914,1.41292504966259,0.1502586305141449,3.716551418619929e-06,1.3342210471976634,1.7232706844806671,0.27295962969462073,19.632935115871778,0.9998977656106233,22.589349846577832,1.6432411557476065,False,1.5764932590536773
conditioned,552,15,0.001,0.9617012292146683,1.1343443840742111,0.17263902351260185,4.106110338852886e-06,1.4024247506531957,1.8113411366939545,0.296469767888387,17.228089636971323,0.9998296093510388,22.59102370138004,1.642800162218819,False,1.5758923054672778
conditioned,553,15,0.001,1.3555740118026733,1.5371563136577606,0.18157803267240524,4.257940929619508e-06,1.4284651049291126,1.8454197645187378,0.30540943145751953,16.901593382620565,0.9999204843638181,22.592700247371642,1.642579467248063,False,1.5682733817957342
conditioned,554,15,0.001,1.0774122029542923,1.2640133649110794,0.1865968033671379,4.341163389653957e-06,1.4410594622241255,1.8617598712444305,0.30900684992472327,20.594011126576483,0.9998977656106233,22.59432257549455,1.642227176266148,False,1.5914465240202844
conditioned,555,15,0.001,0.8807881772518158,1.0563538372516632,0.17556149885058403,4.150878794462187e-06,1.410173199218284,1.8225972056388855,0.2996691862742106,55.44857947354171,0.9998750468574285,22.59603687027003,1.6427091042522486,False,1.5248714997433126
conditioned,556,15,0.001,3.063650906085968,3.230441629886627,0.16678673774003983,4.003501430815959e-06,1.383888462960007,1.7872231006622314,0.29016900062561035,59.95693509913797,0.9998864062340259,22.597988670576086,1.643472011952375,False,1.6135419276542962
conditioned,557,15,0.001,1.2271578460931778,1.4197590500116348,0.19259679317474365,4.444179921847535e-06,1.460175735026633,1.8871511220932007,0.3165961901346842,11.492274471917435,0.9998864062340259,22.600170092080187,1.6442913888261543,False,1.6337739904411137
conditioned,558,15,0.001,1.488203376531601,1.6686912775039673,0.1804836392402649,4.230972706409375e-06,1.4228384180040994,1.8394706845283508,0.30410281817118323,12.01299209881032,0.9998523281042336,22.602452321302884,1.6453467375075568,False,1.6118587590754032
conditioned,559,15,0.001,1.5429401993751526,1.7260294258594513,0.18308492377400398,4.275018113730766e-06,1.4321673114001514,1.8525431454181671,0.30851467450459796,20.135224856136826,0.9999091249872207,22.60472973025436,1.6462866450616829,False,1.61876186914742
conditioned,560,15,0.001,1.0130841583013535,1.1956430077552795,0.18255458027124405,4.255024748545111e-06,1.4273849889109678,1.84800186753273,0.30690717697143555,12.285867581894307,0.9999204843638181,22.60701847361145,1.6473117059656974,False,1.5378400376066566
conditioned,561,15,0.001,1.0782814919948578,1.2517367601394653,0.17345115914940834,4.094475229976524e-06,1.3987278075038105,1.811374694108963,0.29705508550008136,28.92726847026537,0.9998977656106233,22.609186560108533,1.6481379014713282,False,1.5295877112075686
conditioned,562,15,0.001,1.8603576570749283,2.017033636569977,0.156672190874815,3.7980576621521323e-06,1.34931507254086,1.7500958740711212,0.28229673703511554,21.96964650785925,0.9998296093510388,22.61130984679864,1.6487460498921045,False,1.5655789133161306
conditioned,563,15,0.001,1.21408511698246,1.3791160434484482,0.16502702236175537,3.936350253752607e-06,1.3744058221456723,1.784343272447586,0.2921202977498372,29.76673914149534,0.9998750468574285,22.613408210966554,1.6488463784111322,False,1.5218915902078152
conditioned,564,15,0.001,2.1390917599201202,2.2923192977905273,0.15322376415133476,3.70840052710264e-06,1.3314563562469375,1.7328726947307587,0.27719887097676593,21.78599477785953,0.9997841718446492,22.61549710191147,1.6492215511601156,False,1.5557142682373524
conditioned,565,15,0.001,1.2395025789737701,1.4068495035171509,0.16734296083450317,3.946162962620292e-06,1.3736525540426814,1.78884619474411,0.29251869519551593,14.814950736788846,0.9999204843638181,22.617538690378858,1.6497871918603728,False,1.5277345599606633
conditioned,566,15,0.001,0.9878735616803169,1.1269191354513168,0.13904215767979622,3.4441138723195763e-06,1.2818844916401806,1.671959102153778,0.2596964041392008,11.345280454648284,0.9999204843638181,22.619506727921518,1.6503662698108028,False,1.3995229392312467
conditioned,567,15,0.001,0.8004841580986977,0.9419447779655457,0.14145715162158012,3.485078309495293e-06,1.2899859013708226,1.6830852031707764,0.26327029863993323,12.015460182548171,0.9998636874808311,22.62140289616895,1.6510466534488601,False,1.3706367770209908
conditioned,568,15,0.001,1.001928724348545,1.171341709792614,0.1694090384989977,3.95423205645784e-06,1.374615768705016,1.796020269393921,0.29474329948425293,11.152020677516282,0.9998977656106233,22.623224232770614,1.6517028460121557,False,1.3731509954668581
conditioned,569,15,0.001,1.4903721511363983,1.6472529768943787,0.15687701106071472,3.7442603115778184e-06,1.3400211538892355,1.7514385879039764,0.2842271327972412,21.9203010026152,0.9999091249872207,22.624952446280165,1.6522422355820605,False,1.381575879175216
conditioned,570,15,0.001,1.7128804326057434,1.8623372316360474,0.1494531724601984,3.604860694395029e-06,1.3116979629065886,1.7156381011009216,0.27290240923563636,23.00686824933448,0.9998636874808311,22.626625532064992,1.6531115425071785,False,1.4212926435284317
conditioned,571,15,0.001,1.1549269370734692,1.3096449673175812,0.1547143440693617,3.6936717151547782e-06,1.3281168563721137,1.7376399338245392,0.27929608027140296,11.127817251694596,0.9999204843638181,22.628193894245314,1.6539023156464268,False,1.438426316017285
conditioned,572,15,0.001,1.0640978515148163,1.1874063163995743,0.12330532632768154,3.152215640511713e-06,1.229553237427269,1.6094631552696228,0.24328255653381345,10.696957033135105,0.9998523281042336,22.62969648880516,1.6547134228546119,False,1.313454250106588
conditioned,573,15,0.001,1.948834091424942,2.090405449271202,0.1415679194033146,3.469044429493806e-06,1.2902840955344033,1.6896060407161713,0.267472505569458,28.743588229815007,0.9999204843638181,22.63124208996081,1.6559805189018209,False,1.3585590154398233
conditioned,574,15,0.001,1.6515102125704288,1.766410730779171,0.11489758267998695,2.9901680136390496e-06,1.1922278422323318,1.5607573688030243,0.22633918126424152,52.4339614535639,0.9998977656106233,22.632821918353397,1.6574154153320022,False,1.36876569269225
conditioned,575,15,0.001,0.8780846372246742,0.9805032312870026,0.10241583362221718,2.766727220659959e-06,1.1472990266890446,1.5020884275436401,0.2081902027130127,17.570027312545765,0.9999091249872207,22.634437417067318,1.6587409132824968,False,1.3272122200578451
conditioned,576,15,0.001,1.7586784362792969,1.8330076336860657,0.0743269519880414,2.248529995085846e-06,1.0354009483607893,1.3548412322998047,0.16045729319254556,25.233487728291546,0.9998296093510388,22.636074016761885,1.6599432448153986,False,1.3738118624314666
conditioned,577,16,0.001,1.0331315398216248,1.1187220215797424,0.08558801375329494,2.4655919901306333e-06,1.0859204238069138,1.4211519360542297,0.1829260190327962,10.374233780150567,0.9998407320739571,22.637701142029535,1.6610611612339388,False,1.3709899904206395
conditioned,578,16,0.001,1.346181407570839,1.4252866506576538,0.07910294644534588,2.3476280830436735e-06,1.0608171306886038,1.387910634279251,0.1719662348429362,14.477355681510657,0.9998977656106233,22.639308577055758,1.6621163422393044,False,1.338853974826634
conditioned,579,16,0.001,1.861056387424469,1.9360790997743607,0.0750204287469387,2.2601274167755037e-06,1.0358808713831982,1.3542857766151428,0.16089248657226562,28.94479784815776,0.9998636874808311,22.64088319691953,1.663358164283041,False,1.3792896792292595
conditioned,580,16,0.001,1.2943247109651566,1.3662763983011246,0.0719495052471757,2.204197073751857e-06,1.0255850056972227,1.3418945670127869,0.1568487485249837,14.372464080187012,0.9998636874808311,22.642411775935027,1.6644175771225134,False,1.3264917386695743
conditioned,581,16,0.001,1.4136545062065125,1.4617093205451965,0.04805309232324362,1.7174285460441752e-06,0.9004713050531079,1.1761945188045502,0.10343217849731445,16.876849179326044,0.9998864062340259,22.643881883307234,1.6654177021709011,False,1.3373762341216207
conditioned,582,16,0.001,0.9082247540354729,0.9397483989596367,0.031522263307124376,1.371472592381906e-06,0.8099704204114602,1.057882308959961,0.06664347648620605,27.666099967569405,0.9997728124680517,22.645343227353067,1.666657792101415,False,1.332398183643818
conditioned,583,16,0.001,1.3837087079882622,1.4383093565702438,0.05459876637905836,1.8665450056687405e-06,0.9455686864004533,1.2367431223392487,0.1220099131266276,11.868232643803283,0.9999204843638181,22.646751330925703,1.667792693067583,False,1.3688497180119157
conditioned,584,16,0.001,1.2067571133375168,1.2514240890741348,0.04466534638777375,1.6519631174105598e-06,0.8860781292997575,1.1579675376415253,0.09839121500651041,23.138423691632717,0.9998864062340259,22.64811588410628,1.6690839575184937,False,1.3816514923237264
conditioned,585,16,0.001,1.7352495193481445,1.772327333688736,0.037076338892802596,1.4831263683845464e-06,0.8372302379661396,1.0928057879209518,0.08089431126912434,35.14216310942707,0.9999204843638181,22.649495712809554,1.6707214662460401,False,1.3969563278369606
conditioned,586,16,0.001,0.8839774429798126,0.9182082638144493,0.0342294170986861,1.413686916862389e-06,0.8144557998003094,1.0617163628339767,0.07446130116780598,24.963556410858963,0.9999204843638181,22.65085466283958,1.6720464041037775,False,1.3451498909853399
conditioned,587,16,0.001,0.9829870909452438,1.0043332949280739,0.02134510292671621,1.1358655029880538e-06,0.737014861397153,0.9580879509449005,0.041429122289021805,19.846977459160293,0.999806890597844,22.65224530118955,1.6733000917636092,False,1.3344036506023258
conditioned,588,16,0.001,1.0739158168435097,1.0866259597241879,0.012709238973911852,8.806472067135473e-07,0.6429603835962752,0.832449808716774,0.022984186808268227,35.69089859931452,0.9998864062340259,22.653609928679924,1.673361813623573,False,1.3350172734353691
conditioned,589,16,0.001,2.398681640625,2.40780071914196,0.009118425427004695,7.437551516886742e-07,0.5854201760651737,0.7563915997743607,0.01702149709065755,92.2923859751996,0.999920247710139,22.654998525769628,1.6718027525397439,False,1.3631327452603728
conditioned,590,16,0.001,1.4273993149399757,1.4668737947940826,0.039472916163504124,1.5513416258272628e-06,0.8625276476744437,1.127333253622055,0.0872343381245931,25.209500037854774,0.9999091249872207,22.656384599390712,1.6704111541023288,False,1.3491258141584694
conditioned,591,16,0.001,1.4201287180185318,1.4628125876188278,0.04268224351108074,1.608315415069228e-06,0.8756161019749797,1.1461754739284515,0.09386253356933592,18.057601653627284,0.9999091249872207,22.657831033714285,1.6687961428188778,False,1.3830035692080855
conditioned,592,16,0.001,1.074655994772911,1.146642543375492,0.0719843227416277,2.1979325879328826e-06,1.0261979128258285,1.3464804589748383,0.15918445587158203,16.40432391407078,0.9999091249872207,22.659303435545585,1.6674182973350968,False,1.3402521666139364
conditioned,593,16,0.001,1.4189560264348984,1.5074128359556198,0.08845430240035057,2.494082536941278e-06,1.0899710881982816,1.4320732653141022,0.18798104921976724,21.621931254919204,0.9998977656106233,22.660788379686856,1.6661248648879268,False,1.364366197027266
conditioned,594,16,0.001,1.0304830521345139,1.1343313604593277,0.10384555533528328,2.7748590696319297e-06,1.1528417530331476,1.5166243612766266,0.21587848663330078,22.022722632682864,0.9999091249872207,22.662278298605887,1.6647429695573588,False,1.3446350498124957
conditioned,595,16,0.001,2.237676680088043,2.3695341646671295,0.1318542119115591,3.255630531384668e-06,1.247051211456076,1.6425162553787231,0.25449903806050617,22.18268562467506,0.9997273749616621,22.663766440840966,1.6635877731956026,False,1.368173818103969
conditioned,596,16,0.001,1.9658566117286682,2.111301824450493,0.14544174261391163,3.485907825506729e-06,1.292034277891372,1.703218936920166,0.27291250228881836,13.927190694069303,0.9998864062340259,22.665213374944575,1.66254057108177,False,1.4101445619016886
conditioned,597,16,0.001,0.957320049405098,1.1446078270673752,0.18728357926011086,4.176731863481109e-06,1.4142637996977687,1.8655356764793396,0.3160911401112874,9.866370476677849,0.9999204843638181,22.666624215065006,1.661652427139752,False,1.3816236583516002
conditioned,598,16,0.001,1.1133020967245102,1.3076715022325516,0.19436510652303696,4.2862885720751365e-06,1.431512940002864,1.8890991806983948,0.3213155269622803,14.785621446276279,0.9999091249872207,22.668010569467633,1.6612417466888387,False,1.394440992269665
conditioned,599,16,0.001,1.5985643565654755,1.8370763659477234,0.23850692808628082,4.992661502001283e-06,1.5467023898606895,2.042008399963379,0.3568261464436849,21.598608696497532,0.9998977656106233,22.66932375206584,1.6608176785336204,False,1.4078694703057408
conditioned,600,16,0.001,1.364914909005165,1.5924640595912933,0.22754433378577232,4.807207005796954e-06,1.5167573904378506,2.004520058631897,0.34841060638427734,12.2350288939322,0.9998977656106233,22.670558335952823,1.6605602111514328,False,1.4177543325349689
conditioned,601,16,0.001,2.6541446149349213,2.920967251062393,0.26681724563241005,5.425641347756027e-06,1.6133517486514726,2.1327078342437744,0.3761196931203206,22.349467689505282,0.9999091249872207,22.671753421072342,1.6604942961924687,False,1.4751852760091424
conditioned,602,16,0.001,0.8367440551519394,1.0878267884254456,0.2510775662958622,5.173751787879155e-06,1.574034086042907,2.0813344419002533,0.3652982711791992,21.26340610088013,0.9997955312212465,22.672963855796297,1.6607674307129434,False,1.4722331892699003
conditioned,603,16,0.001,1.0720337927341461,1.3191424459218979,0.24710359051823616,5.109555104354513e-06,1.5654209973796247,2.0708563923835754,0.3637935320536295,13.729646851510426,0.9999091249872207,22.674193700648342,1.6612201113280731,False,1.4777986081317067
conditioned,604,16,0.001,1.373812422156334,1.64313805103302,0.26932013034820557,5.457831548483227e-06,1.6180751909251603,2.140251040458679,0.3779470125834147,24.944459499119006,0.9998864062340259,22.675328889680344,1.6615169306926152,False,1.4965421459637582
conditioned,605,16,0.001,1.6319597363471985,1.9243838638067245,0.29241831600666046,5.811344635731075e-06,1.668932758845699,2.207952618598938,0.39060378074645996,27.86238792446629,0.9998409687276363,22.67640351244849,1.6621446629866952,False,1.4486220269463956
conditioned,606,16,0.001,1.22223661839962,1.4980076253414154,0.27576542645692825,5.56395002604404e-06,1.6337824064483613,2.1598470211029053,0.38192041714986164,22.745700487094165,0.9998750468574285,22.677479817248887,1.6629293567845762,False,1.4357993584126234
conditioned,607,16,0.001,1.7204983308911324,1.9892166703939438,0.2687128856778145,5.455755513139593e-06,1.617918437989363,2.138640522956848,0.3780213197072347,29.831983328779028,0.9998409687276363,22.678568307986186,1.6639819826324935,False,1.454572459217161
conditioned,608,16,0.001,1.3852942511439323,1.6500493586063385,0.2647497206926346,5.396266146817652e-06,1.6085579298272474,2.125656843185425,0.3753952980041504,24.32201950859042,0.9998523281042336,22.679726440400284,1.6651978813812587,False,1.4739873502403498
conditioned,609,16,0.001,1.4386017322540283,1.6986315846443176,0.2600245662033558,5.325635697772668e-06,1.5981387724568612,2.1113357543945312,0.37276895840962726,17.426832754991278,0.9999204843638181,22.680926038996272,1.6666462654380567,False,1.4752152068540454
conditioned,610,16,0.001,1.4576687216758728,1.7165416777133942,0.25886763259768486,5.307473088578263e-06,1.5949090569366025,2.1068686842918396,0.37198988596598304,20.25671676621691,0.9998864062340259,22.682156650842508,1.66824478420171,False,1.5019143112003803
conditioned,611,16,0.001,1.263295978307724,1.5122487246990204,0.2489476501941681,5.152427661414549e-06,1.5716978548861726,2.0761802196502686,0.36609411239624023,11.23026202583137,0.9999204843638181,22.683372587289114,1.6698390924048108,False,1.4410155173391104
conditioned,612,16,0.001,1.2139696031808853,1.4483671188354492,0.23439264297485352,4.921240247313108e-06,1.5352103614342203,2.0279479324817657,0.35569024085998535,15.73490689481965,0.9998409687276363,22.68457409766068,1.6712245684569398,False,1.394022579304874
conditioned,613,17,0.001,1.774871125817299,1.9909395277500153,0.21606377512216568,4.63092851532565e-06,1.489633239239906,1.9676326513290405,0.3426056702931722,14.821045687895987,0.9998636874808311,22.685737138641006,1.6728472551447167,False,1.4451195215806365
conditioned,614,17,0.001,1.167514257133007,1.4057462960481644,0.23822706565260887,4.985399073120789e-06,1.5458502084830774,2.041598826646805,0.3594059944152832,12.03430886744839,0.9999091249872207,22.68688705967522,1.6743522065829561,False,1.4485077816061676
conditioned,615,17,0.001,0.9929423332214355,1.2124263644218445,0.21947931125760078,4.688915623773937e-06,1.5000410981339098,1.9811609983444214,0.3466031551361084,13.010460370282734,0.9999204843638181,22.688013373374677,1.6757934342010052,False,1.410656405147165
conditioned,616,17,0.001,1.2172811180353165,1.4295578598976135,0.21227217093110085,4.5733937668046565e-06,1.4796605563728709,1.9534595310688019,0.33939798672993976,17.851832463363618,0.9998977656106233,22.68913116203479,1.6775989263685465,False,1.4014292932115495
conditioned,617,17,0.001,0.8269522003829479,1.0117835998535156,0.18482724577188492,4.125567102164496e-06,1.4038953910850573,1.853484332561493,0.31446639696756995,10.09015185893128,0.9998977656106233,22.690213807393448,1.6795668791641007,False,1.2872297673020512
conditioned,618,17,0.001,0.7958760485053062,0.9852462261915207,0.18936597555875778,4.211507643958612e-06,1.4211788576593651,1.8749551475048065,0.32131004333496094,10.713270063933964,0.9999204843638181,22.691250755852014,1.681323639719542,False,1.2846755168866366
conditioned,619,17,0.001,0.8587001897394657,1.017216794192791,0.1585128754377365,3.7058708812764962e-06,1.33271673101441,1.7572019696235657,0.29028097788492835,14.703406408014676,0.9998977656106233,22.692233970352092,1.683325565443452,False,1.271342166699469
conditioned,620,17,0.001,0.8706282079219818,1.0121738612651825,0.14154219813644886,3.4221791338495677e-06,1.2806190847807313,1.6877840459346771,0.2705909411112467,8.184918003852905,0.9999091249872207,22.693148733054258,1.6851997260704383,False,1.239893153309822
conditioned,621,17,0.001,1.294813334941864,1.4451669752597809,0.15035004541277885,3.5753895986090356e-06,1.3097094224759447,1.7255676090717316,0.28196183840433753,17.600057304215973,0.9999204843638181,22.694032618770404,1.6873367437952564,False,1.2188215032219887
conditioned,622,17,0.001,1.0922187864780426,1.2059913873672485,0.11376968957483768,2.9498305025299487e-06,1.1880892517197252,1.5631303191184998,0.23201902707417804,12.92644871948862,0.9999204843638181,22.694883476038928,1.6894909667462998,False,1.21069538872689
conditioned,623,17,0.001,2.027462512254715,2.140999734401703,0.11353427544236183,2.951985777599475e-06,1.1903121577716365,1.5654308795928955,0.23355833689371744,15.546489639448668,0.9998977656106233,22.695670872403642,1.69115042951211,False,1.229880650062114
conditioned,624,17,0.001,1.6181896030902863,1.7219675481319427,0.10377521067857742,2.7771146733357455e-06,1.15216779908188,1.5139738321304321,0.2159411907196045,17.245610106734574,0.9998864062340259,22.696427886611957,1.6927867015829599,False,1.2444366095587611
conditioned,625,17,0.001,1.2837466299533844,1.368681326508522,0.08493220340460539,2.4334972863471194e-06,1.0773045618682067,1.4145135581493378,0.18270667394002277,19.638837155189595,0.9998523281042336,22.697122766463682,1.6942259947000955,False,1.2347581656649709
conditioned,626,17,0.001,1.4020915031433105,1.478809043765068,0.07671523932367563,2.286743949753145e-06,1.0465590190475187,1.3735386729240417,0.16912571589152017,17.06545406611918,0.9997728124680517,22.69784111892162,1.6953139964837658,False,1.2312845895066857
conditioned,627,17,0.001,1.7135381996631622,1.8065194934606552,0.0929787065833807,2.5956759941436758e-06,1.1159110112364252,1.4636567831039429,0.1999679406483968,20.047896765791897,0.9998409687276363,22.69855109017083,1.696731366596661,False,1.2594247283414006
conditioned,628,17,0.001,1.505735918879509,1.5770825743675232,0.07134440168738365,2.190564828197239e-06,1.02520366164499,1.344224363565445,0.15923746426900226,15.31058265356706,0.9999091249872207,22.699234984102954,1.6978322107188102,False,1.2776601230725646
conditioned,629,17,0.001,1.0629404857754707,1.125773310661316,0.06283078342676163,2.025414516992896e-06,0.9855522417291676,1.291689157485962,0.14121850331624347,18.190131248712518,0.9999091249872207,22.699870672655027,1.6987920657026825,False,1.2331644580699503
conditioned,630,17,0.001,1.3656936138868332,1.437459871172905,0.071764025837183,2.202150540142611e-06,1.0277125524419577,1.3462600409984589,0.16007781028747559,15.309174595800167,0.9999204843638181,22.700549216572906,1.700003630384185,False,1.2455506678670645
conditioned,631,17,0.001,1.10045650228858,1.161992035806179,0.061533537693321705,2.002903585207605e-06,0.9795736441774263,1.282424658536911,0.13812748591105142,17.859613364075766,0.9999204843638181,22.701259806328967,1.7012478363877042,False,1.252270303433761
conditioned,632,17,0.001,1.809899553656578,1.8647670298814774,0.05486562568694353,1.86651010380956e-06,0.9436329452080573,1.2342408299446106,0.122177521387736,17.669008236995587,0.9997955312212465,22.701940547337728,1.702388648024825,False,1.2893089556600899
conditioned,633,17,0.001,1.1174270510673523,1.1675463318824768,0.05011748522520065,1.7763424580152787e-06,0.9226102123019277,1.2062056064605713,0.11247491836547852,15.248436031798054,0.9999204843638181,22.702628140554445,1.703443359733209,False,1.3074636338278651
conditioned,634,17,0.001,0.8749114163219929,0.9212105795741081,0.046297408640384674,1.698595042398665e-06,0.9025712094759453,1.1795604825019836,0.10347278912862141,12.776577605094213,0.9998977656106233,22.703318987548496,1.704317210545929,False,1.312403344316408
conditioned,635,17,0.001,1.0098341088742018,1.0535075273364782,0.04367181984707713,1.6373426205973374e-06,0.8840842287460607,1.1551764905452728,0.09624608357747395,19.308095547884022,0.9998409687276363,22.70398755245302,1.7051125266214988,False,1.321849214262329
conditioned,636,17,0.001,1.7896464467048645,1.8381199836730957,0.04847182985395193,1.7401663683358493e-06,0.9120608673386148,1.1919675171375275,0.10807251930236816,25.516826188482007,0.9998977656106233,22.704702468961038,1.706288914397551,False,1.3792878541862592
conditioned,637,17,0.001,1.462976135313511,1.5004917681217194,0.03751412173733115,1.50824135403127e-06,0.8498127916349797,1.1099707186222076,0.08146206537882486,18.112609233717937,0.999920247710139,22.705463717230558,1.707362415529842,False,1.3897980292094871
conditioned,638,17,0.001,1.719114050269127,1.7529470175504684,0.033831484615802765,1.425960078904609e-06,0.8268900860584947,1.080597847700119,0.0720687707265218,38.8913955793605,0.9999091249872207,22.706197865175138,1.7075048831003956,False,1.42897898319643
conditioned,639,17,0.001,1.483018085360527,1.521488904953003,0.038469345308840275,1.524633205463033e-06,0.8551841553635198,1.1195738315582275,0.08372759819030762,21.96439555846611,0.9998750468574285,22.707027258384333,1.7079222101120537,False,1.3949512065155432
conditioned,640,17,0.001,0.8822834230959415,0.9143010638654232,0.03201628755778074,1.3771109479421284e-06,0.8117222025772912,1.062503069639206,0.06736993789672852,47.469059644582785,0.9999091249872207,22.70784408931006,1.7073325995934536,False,1.3489570702658966
conditioned,641,17,0.001,1.280589610338211,1.3216994255781174,0.041108233854174614,1.5764305771881482e-06,0.8698089496139763,1.1409825384616852,0.09049598375956217,34.88080701069325,0.9999091249872207,22.708680618820303,1.706214898441678,False,1.3487597565399483
conditioned,642,17,0.001,1.8874785974621773,1.9536919668316841,0.06621134467422962,2.077820170143241e-06,0.9981597159415716,1.312587559223175,0.1488197644551595,31.737721037642523,0.9998977656106233,22.709633331984246,1.704659675432038,False,1.3790964499348775
conditioned,643,17,0.001,2.056585229933262,2.1218390464782715,0.06525166053324938,2.0496592298968608e-06,0.9909062577712967,1.3057107031345367,0.14652140935262042,16.804804642127838,0.9999204843638181,22.71070048417179,1.7034415506892562,False,1.4005368893267587
conditioned,644,17,0.001,0.6754834949970245,0.748557984828949,0.07307230029255152,2.1896469775128935e-06,1.0225307480734573,1.3492276668548584,0.16147486368815103,11.207357035336733,0.9998409687276363,22.711806528344592,1.70225463872241,False,1.3486461128341034
conditioned,645,17,0.001,1.3930494040250778,1.4751974940299988,0.08214575238525867,2.3576174612571776e-06,1.062845976073557,1.404385894536972,0.1808783213297526,11.173162943788347,0.9998523281042336,22.712921863416483,1.7012372630503456,False,1.3692779202247038
conditioned,646,17,0.001,1.3034139275550842,1.4003918170928955,0.09697529673576355,2.6214763693133136e-06,1.1208162630661178,1.4829241633415222,0.20768459637959796,9.595822883849086,0.9998864062340259,22.71401321254136,1.700322764910638,False,1.3653854398289695
conditioned,647,17,0.001,1.285395011305809,1.3912523835897446,0.10585461929440498,2.7748289994633524e-06,1.1536204213141623,1.5279321372509003,0.22291064262390137,11.230149403906072,0.9997841718446492,22.715053435458227,1.6993200038468501,False,1.3769440966425464
conditioned,648,17,0.001,1.856968104839325,1.9944789707660675,0.137507613748312,3.3187922667821113e-06,1.261515577506766,1.6714341342449188,0.26787837346394855,17.01910381661566,0.9999204843638181,22.716098588416756,1.6984518510081392,False,1.379885881091468
conditioned,649,18,0.001,1.3968318402767181,1.536758229136467,0.13992301747202873,3.353560771302e-06,1.2663249751148415,1.6783254146575928,0.2690548896789551,10.464179984688853,0.9998636874808311,22.717126306703513,1.6978380687743706,False,1.3973486804170534
conditioned,650,18,0.001,1.855100154876709,2.004654586315155,0.1495509296655655,3.513845456382114e-06,1.2978581243202703,1.7213356792926788,0.28235530853271484,19.85018950334789,0.9999091249872207,22.718079730998426,1.6972612530847722,False,1.4586104765767232
conditioned,651,18,0.001,1.2017017006874084,1.3642579317092896,0.16255251690745354,3.7254192193358904e-06,1.3349662331614434,1.770791381597519,0.2955538431803385,14.172736189359988,0.9999091249872207,22.71903688259008,1.69673703487473,False,1.4706022010650486
conditioned,652,18,0.001,1.7993921637535095,1.9680034816265106,0.16860751435160637,3.8231048051784455e-06,1.3530753363576218,1.7956028580665588,0.3028585116068522,15.080398912745101,0.9998636874808311,22.720012342337913,1.6966445647526969,False,1.471211308380589
conditioned,653,18,0.001,1.0018226355314255,1.16998852789402,0.16816210374236107,3.8141968161653494e-06,1.3512721850333729,1.7934814393520355,0.3022618293762207,10.914264871568857,0.9997955312212465,22.7209684486258,1.696767377467825,False,1.4423892146442086
conditioned,654,18,0.001,1.9692181646823883,2.1485959589481354,0.17937379330396652,4.0066522615234135e-06,1.3866059330834832,1.838987112045288,0.3152829806009928,16.74494157936717,0.9998977656106233,22.721921538968413,1.6972419342235943,False,1.4580207217950374
conditioned,655,18,0.001,0.9413498491048813,1.1195372939109802,0.1781834326684475,3.987204934219335e-06,1.382283302298953,1.8327937424182892,0.3133114178975423,10.690548470268608,0.9999204843638181,22.722865490895376,1.6978697243845335,False,1.4241664570290595
conditioned,656,18,0.001,0.9303180649876595,1.0980460792779922,0.16772422194480896,3.819245534941729e-06,1.3539700994603814,1.7950817048549652,0.3040355841318766,7.24879211161689,0.9998864062340259,22.7237760775393,1.698461235705781,False,1.427168622147292
conditioned,657,18,0.001,1.2116162329912186,1.3826606571674347,0.17104055359959602,3.875993229485175e-06,1.3639470131533067,1.8077445328235626,0.3075122038523356,11.22385114961622,0.9999091249872207,22.724657452353444,1.6991182600957446,False,1.4228577860631049
conditioned,658,18,0.001,0.9788309037685394,1.1512368023395538,0.17240199819207191,3.8990915527392644e-06,1.366480448436906,1.8101840615272522,0.30732059478759766,12.083422793105862,0.9998750468574285,22.725496107456244,1.7001009819704669,False,1.3660673052072525
conditioned,659,18,0.001,1.5893982201814651,1.7593131810426712,0.16991107165813446,3.8602990457548e-06,1.3604811625011173,1.8021426498889923,0.3057103157043457,12.964914958276855,0.9998977656106233,22.726292112404707,1.7011688186170815,False,1.3368681170977652
conditioned,660,18,0.001,1.0095457434654236,1.1743985563516617,0.16484905779361725,3.7838753996766172e-06,1.347587650148997,1.7837605476379395,0.3011486530303955,11.767864719510724,0.9999204843638181,22.727054514411535,1.7021127767076185,False,1.3577470076270401
conditioned,661,18,0.001,1.219190627336502,1.3477573692798615,0.12856359221041203,3.1736023515804845e-06,1.2341417348553163,1.6336922943592072,0.25801968574523926,17.92380833176733,0.9999204843638181,22.72781113108337,1.7027490913357957,False,1.3468808340840042
conditioned,662,18,0.001,0.9869421869516373,1.1271944493055344,0.14024890586733818,3.376994015980017e-06,1.2726893255490523,1.6833752393722534,0.27278955777486164,16.876268051802448,0.9999204843638181,22.728560405733965,1.703602597057378,False,1.3271013502962887
conditioned,663,18,0.001,1.2286604642868042,1.3594488501548767,0.13078518211841583,3.2171808470593533e-06,1.2421972051330745,1.6427067816257477,0.26065969467163086,7.356008059154578,0.9998523281042336,22.72928975590986,1.7044446351478513,False,1.323555441107601
conditioned,664,18,0.001,0.4285951741039753,0.5777905732393265,0.14919187873601913,3.5356219427740143e-06,1.3021826020788403,1.7204393446445465,0.28366080919901526,5.750860707878495,0.9999091249872207,22.729965626724933,1.7052085309069815,False,1.2342821329366416
conditioned,665,18,0.001,1.5590375363826752,1.697446346282959,0.13840544782578945,3.3542813753228984e-06,1.2671434785997735,1.673208862543106,0.2693523565928141,14.996634625452383,0.9999204843638181,22.730648312647645,1.7061128138758777,False,1.2444199889432639
conditioned,666,18,0.001,0.9875053614377975,1.1004295200109482,0.11292123980820179,2.917968458859832e-06,1.183014490974448,1.5617441236972809,0.23557082811991373,11.40847585202747,0.9999091249872207,22.731307095267784,1.7069144892783896,False,1.190195314353332
conditioned,667,18,0.001,1.185418650507927,1.3242643028497696,0.1388422828167677,3.3740854519237473e-06,1.2716631769213915,1.6765157282352448,0.270927349726359,19.861605357990875,0.9999091249872207,22.73199404816426,1.708198452156688,False,1.1891776237171143
conditioned,668,18,0.001,1.6723282933235168,1.779277190566063,0.10694605857133865,2.820964880356769e-06,1.1624692119832019,1.5318686962127686,0.22584112485249835,13.54384009683252,0.9998977656106233,22.732645256020398,1.7096274772768167,False,1.1812361318152398
conditioned,669,18,0.001,1.2959999591112137,1.3966926634311676,0.10068998485803604,2.7191111371394072e-06,1.1418823493965928,1.5023762881755829,0.2163279851277669,10.58614131801213,0.9999204843638181,22.733290285585024,1.711093609724156,False,1.1996222145389766
conditioned,670,18,0.001,1.6060148924589157,1.7018772810697556,0.0958596933633089,2.636019019064406e-06,1.1247504599208145,1.4788858592510223,0.20869803428649902,23.733886159086964,0.9999204843638181,22.733957723868986,1.7128582253270763,False,1.1769220100250095
conditioned,671,18,0.001,1.2726333141326904,1.3533867597579956,0.08075105212628841,2.359466805046395e-06,1.062093855158646,1.3943328857421875,0.17961653073628742,13.335162419791866,0.9999088883335416,22.734617921121664,1.7145185375009102,False,1.1976272265892476
conditioned,672,18,0.001,1.3217103779315948,1.4071125015616417,0.08539969474077225,2.457761809182557e-06,1.0853902190902478,1.4226027727127075,0.18961668014526367,8.927429399382891,0.9998296093510388,22.735243784540238,1.7160769105973428,False,1.2220892461482435
conditioned,673,18,0.001,1.7737802863121033,1.8460935056209564,0.0723110819235444,2.214616927176394e-06,1.0302174103942825,1.348705768585205,0.16421914100646973,17.212045869816897,0.9998864062340259,22.735823839360982,1.7173205661761262,False,1.2572244994807988
conditioned,674,18,0.001,2.2145834267139435,2.275884300470352,0.06129891145974398,1.999229084503895e-06,0.9769690271879261,1.27736496925354,0.13959987958272296,13.389056237261666,0.9999091249872207,22.73643379683859,1.7184639172189702,False,1.3344590321648866
conditioned,675,18,0.001,1.2331827282905579,1.2909483909606934,0.057763718999922276,1.935561527943719e-06,0.9616111161067191,1.2551577985286713,0.13203318913777667,10.074587545301906,0.9998636874808311,22.73704483024807,1.7196274935809441,False,1.3121955639217049
conditioned,676,18,0.001,1.1065601110458374,1.1611860543489456,0.05462406203150749,1.8826436587460194e-06,0.9501030121819244,1.2379720509052277,0.12599913279215494,9.510000243439713,0.9999091249872207,22.737648525957596,1.7209548041010003,False,1.3182589618954808
conditioned,677,18,0.001,1.3182539492845535,1.368099883198738,0.04984413366764784,1.7868311203983467e-06,0.9252500055196329,1.2041460573673248,0.11448923746744791,13.821332520786337,0.9999204843638181,22.738235330544864,1.721756437422777,False,1.324450419517234
conditioned,678,18,0.001,1.6644579470157623,1.7112630903720856,0.04680345859378576,1.7239646581401757e-06,0.9087270622134698,1.1820379793643951,0.10705820719401041,19.04025301594704,0.9999091249872207,22.738819092413433,1.7220740277303692,False,1.3667951545212418
conditioned,679,18,0.001,1.3077281713485718,1.3489335477352142,0.041203747503459454,1.605070593768687e-06,0.8765264378376284,1.1390996873378754,0.09312144915262857,14.768999644007108,0.9999204843638181,22.73935108881611,1.7220985062116652,False,1.3717368862126023
conditioned,680,18,0.001,0.9244210422039032,0.9613362923264503,0.036913732532411814,1.5113482163542358e-06,0.8512085710303396,1.1063214242458344,0.08220648765563965,7.946297751550769,0.9998523281042336,22.739882682226884,1.7219677729699223,False,1.4027260029688478
conditioned,681,18,0.001,1.5531532913446426,1.6013400554656982,0.048185018822550774,1.7588135392543336e-06,0.9178849204338942,1.192097395658493,0.11061469713846842,11.620676063761127,0.9999091249872207,22.740404408208615,1.721975568233947,False,1.4023582376539707
conditioned,682,18,0.001,0.6367150917649269,0.6780074499547482,0.04129075212404132,1.6048625468556565e-06,0.87512973937451,1.1367104798555374,0.09304745992024739,6.458588152743502,0.9999204843638181,22.74090258305832,1.722083862604153,False,1.3804338457994163
conditioned,683,18,0.001,2.1550708413124084,2.1994012743234634,0.04432879947125912,1.6797616240182833e-06,0.8972208559265917,1.1642749905586243,0.10114582379659016,21.156072995901805,0.9998977656106233,22.741403278893507,1.721633274826696,False,1.4410371077246964
conditioned,684,18,0.001,1.2129229009151459,1.2620537877082825,0.04912911541759968,1.7758106594101264e-06,0.9209010208381827,1.195803552865982,0.11228505770365396,6.802021802608913,0.9999204843638181,22.741910643505282,1.7212789805719382,False,1.4123242706991732
conditioned,685,19,0.001,1.4252753853797913,1.4733110070228577,0.0480338279157877,1.754778566009918e-06,0.9165529065663521,1.1903779804706573,0.11011099815368652,18.96209452369982,0.9999204843638181,22.742446896242136,1.7213665716768034,False,1.4204039848409593
conditioned,686,19,0.001,1.4324195981025696,1.4856061041355133,0.05318464245647192,1.8655960047908593e-06,0.9451526465529546,1.2268316149711609,0.1225134531656901,13.869509694897445,0.9999204843638181,22.74299306411509,1.721890823684059,False,1.4095542789436877
conditioned,687,19,0.001,0.6328931078314781,0.6795320361852646,0.04663719795644283,1.7297384999892529e-06,0.9107152089644133,1.1818863451480865,0.10716128349304199,5.484546299004871,0.9999204843638181,22.743532928513233,1.7223739703639669,False,1.369570516049862
conditioned,688,19,0.001,1.5981860756874084,1.646653801202774,0.04846590384840965,1.7658861395375425e-06,0.9190240878785744,1.1925685703754425,0.11108978589375813,15.242481720700832,0.9997614530914544,22.74407653114971,1.7232972189469722,False,1.3868502471596003
conditioned,689,19,0.001,1.386206477880478,1.4264101386070251,0.040202098432928324,1.5901250094429997e-06,0.8723539459154466,1.1311200261116028,0.0907435417175293,14.897535556711873,0.9999091249872207,22.744621117717283,1.7243134468220063,False,1.3626268841326237
conditioned,690,19,0.001,0.9823559373617172,1.0254272669553757,0.04306965880095959,1.6605962400717544e-06,0.8923457858164554,1.1552521884441376,0.09837102890014648,7.9639173605651585,0.9999091249872207,22.745143438969592,1.725254141844748,False,1.2856126660481095
conditioned,691,19,0.001,1.2352788746356964,1.2627244740724564,0.027444321662187576,1.2983121564502653e-06,0.788781091299836,1.022322416305542,0.057451486587524414,9.358022710046614,0.9999091249872207,22.74567255379253,1.7261418770601649,False,1.2857436751946807
conditioned,692,19,0.001,1.4910766705870628,1.5163365080952644,0.025258607231080532,1.237473071569184e-06,0.7674723813542604,0.9943061918020248,0.051728804906209305,25.625506914917636,0.9997841718446492,22.74619692347727,1.72706303302609,False,1.3097759601660073
conditioned,693,19,0.001,1.540618434548378,1.560419574379921,0.019799990579485893,1.1025313142454252e-06,0.7256808157204266,0.940065786242485,0.0378421942392985,11.894608766576482,0.9998750468574285,22.7467324449808,1.7278124770666683,False,1.3236737404949963
conditioned,694,19,0.001,1.0282021909952164,1.0503272265195847,0.022123887203633785,1.1646879158888623e-06,0.746759143888751,0.9679403156042099,0.04348683357238769,22.414625680905,0.9999091249872207,22.747280478343455,1.728198638877568,False,1.2839077557437122
conditioned,695,19,0.001,1.5786691755056381,1.6007769405841827,0.02210661838762462,1.1589726511829213e-06,0.7431977767152078,0.963121086359024,0.043893416722615555,26.156280435212214,0.9999204843638181,22.74777122928077,1.7280650605831418,False,1.3008415685035288
conditioned,696,19,0.001,1.0990270674228668,1.1237864196300507,0.02475812379270792,1.229833685556514e-06,0.7670710320399055,0.9942918419837952,0.05052987734476725,11.603723776947943,0.9999204843638181,22.74826427513504,1.727752692121892,False,1.311754445079714
conditioned,697,19,0.001,1.8474944233894348,1.878332644701004,0.030836906749755144,1.3777052743080276e-06,0.8127490194975673,1.0542216300964355,0.06655772527058919,18.166520034859023,0.9999204843638181,22.748760444133616,1.7273475795728492,False,1.3301507658325136
conditioned,698,19,0.001,1.4895484745502472,1.528337612748146,0.03878759779036045,1.5550762668681273e-06,0.8628123888545692,1.1201318204402924,0.08727606137593587,17.86767875433063,0.9999091249872207,22.74926932609082,1.726675251056575,False,1.383452852256596
conditioned,699,19,0.001,1.555943340063095,1.5890347510576248,0.03308997210115194,1.4256342524276988e-06,0.8260081611329131,1.0722592771053314,0.07248950004577637,13.20197226388376,0.9999091249872207,22.749831117941916,1.7262163876807208,False,1.346007383428514
conditioned,700,19,0.001,1.1355894804000854,1.1758374869823456,0.04024637909606099,1.5848252132855123e-06,0.8700700169187121,1.129528433084488,0.09073909123738606,18.17250587626631,0.9999204843638181,22.750413025650143,1.7252463517654957,False,1.3411740446463227
conditioned,701,19,0.001,2.264406979084015,2.304058939218521,0.03965039551258087,1.5717193946329644e-06,0.8680104289128123,1.1283344328403473,0.08964045842488606,17.80562687151486,0.9999091249872207,22.750972217291668,1.7239865207049716,False,1.3936197692528367
conditioned,702,19,0.001,0.9327525198459625,0.9759131669998169,0.04315901733934879,1.6451133149075758e-06,0.8875165974415332,1.154445230960846,0.09847315152486165,8.541734500342562,0.9999204843638181,22.751533504151958,1.7230141601682878,False,1.3623905768617988
conditioned,703,19,0.001,0.9190301299095154,0.9784628599882126,0.05943073611706495,1.979854289402283e-06,0.9724632949769061,1.2658263742923737,0.13633926709493,9.118645796819587,0.9999091249872207,22.752096422398573,1.72203786004518,False,1.380274140741676
conditioned,704,19,0.001,1.0631152242422104,1.1234374195337296,0.060320211574435234,1.9995484024093457e-06,0.9785038573634469,1.2742239236831665,0.13909029960632324,39.04753176590831,0.9998977656106233,22.752599820877805,1.7215473263719068,False,1.3468322125263512
conditioned,705,19,0.001,2.0665971636772156,2.1368132829666138,0.07021391857415438,2.19770618059556e-06,1.0262520143704466,1.3362236618995667,0.16053549448649088,38.619809215636224,0.9998977656106233,22.753216023122597,1.722043150230075,False,1.3893566303886473
conditioned,706,19,0.001,1.0205668583512306,1.0933431684970856,0.0727740814909339,2.249946760457533e-06,1.0372833408946809,1.349132776260376,0.16494297981262207,14.95847848917259,0.9997955312212465,22.75395264748455,1.7229567559666437,False,1.391744812950492
conditioned,707,19,0.001,1.5680098086595535,1.6328213959932327,0.06480948533862829,2.101858740388707e-06,1.0027265411305333,1.3014617264270782,0.14873957633972168,35.33208699969722,0.9998977656106233,22.75473237892527,1.7229059806892466,False,1.412540496326983
conditioned,708,19,0.001,1.3160911798477173,1.3795920610427856,0.06349875405430794,2.0796973672077e-06,0.9975039308607245,1.293515384197235,0.1458447774251302,6.916445763722,0.9998636874808311,22.755576897553606,1.7227554737271182,False,1.4016039031557739
conditioned,709,19,0.001,1.294422522187233,1.3596887588500977,0.06526413839310408,2.1252082262890326e-06,1.0090135226060166,1.3058288991451263,0.15014012654622394,9.26691824599088,0.9999091249872207,22.75641512444009,1.7227066308844479,False,1.3862166586332023
conditioned,710,19,0.001,1.4748848676681519,1.5451101511716843,0.07022310420870781,2.2303573246063024e-06,1.034306705311287,1.3372125327587128,0.16101598739624023,12.983972871323747,0.9999204843638181,22.75724947702745,1.7229123344695143,False,1.4141343259252608
conditioned,711,19,0.001,1.18346706032753,1.2433626353740692,0.059893546625971794,2.02498620183178e-06,0.9846290138682016,1.2712517380714417,0.13824073473612467,7.671300354774853,0.9999204843638181,22.75806515504167,1.7231017140518743,False,1.389434193726629
conditioned,712,19,0.001,1.4552809596061707,1.5178379118442535,0.06255488656461239,2.084194733242839e-06,0.9984218431630701,1.2872086763381958,0.14384039243062335,9.82777376482794,0.9998750468574285,22.758884923343917,1.723219229150433,False,1.4117000619880855
conditioned,713,19,0.001,1.3211509883403778,1.3872832953929901,0.06613013986498117,2.165745797810814e-06,1.019506043945159,1.313048005104065,0.1525262991587321,39.21245979369904,0.9999088883335416,22.759731708791016,1.723694040141799,False,1.3788035972975194
conditioned,714,19,0.001,1.1747170388698578,1.2352926433086395,0.06057356670498848,2.0494381374192017e-06,0.9893060729006296,1.2730272114276886,0.13889479637145996,11.154687865569956,0.9998523281042336,22.76059030460245,1.7241535743357936,False,1.359126632567495
conditioned,715,19,0.001,2.1233397722244263,2.182788074016571,0.05944620445370674,2.0331332848400052e-06,0.9858042314640957,1.2666443288326263,0.13672629992167154,12.832206865360513,0.9999091249872207,22.761454182488087,1.7242595910129304,False,1.3945889095775783
conditioned,716,19,0.001,1.0457544773817062,1.106843039393425,0.06108647957444191,2.0753934393269446e-06,0.996916458735163,1.279117614030838,0.14093788464864093,8.070139093982409,0.9999204843638181,22.76228627958842,1.724343445827417,False,1.3889742218889296
conditioned,717,19,0.001,1.528251975774765,1.5823771357536316,0.0541232218965888,1.9331743601469498e-06,0.9623328543820507,1.233642190694809,0.12515966097513834,31.06416933465249,0.9999091249872207,22.763099501078884,1.7240622169943793,False,1.3429645341821015
conditioned,718,19,0.001,1.0852518677711487,1.143859401345253,0.05860552750527859,2.027205965760004e-06,0.9845733311824931,1.2616372406482697,0.13498512903849283,13.748458689318364,0.9999204843638181,22.76393956858236,1.723675977676004,False,1.3524957434274256
conditioned,719,19,0.001,0.8366914838552475,0.8955883234739304,0.05889484006911516,2.0367670572341012e-06,0.9877221437926389,1.265289694070816,0.1361227035522461,5.7933140948524775,0.9999204843638181,22.764796967290458,1.7233841595584858,False,1.3473495780490339
conditioned,720,19,0.001,0.9523023962974548,1.0111612379550934,0.05885679926723242,2.039684204646619e-06,0.9889136614929606,1.2660317420959473,0.13623571395874023,8.567648164389635,0.9999204843638181,22.765628920472388,1.7228698191832847,False,1.3404237763024867
conditioned,721,20,0.001,1.0457742810249329,1.1075481921434402,0.061771820299327374,2.104532654811919e-06,1.0049580511067968,1.2857173681259155,0.143021821975708,6.083428530821905,0.9999204843638181,22.76645079339727,1.722543819907049,False,1.276622346136719
conditioned,722,20,0.001,1.4871978759765625,1.5453012585639954,0.0581014072522521,2.0226997889949416e-06,0.9826863928634793,1.2567034661769867,0.13294092814127603,18.86427007611344,0.9997725758143726,22.7672457795289,1.7223492909938602,False,1.3057867847383022
conditioned,723,20,0.001,2.5516647696495056,2.6272376775741577,0.07557052560150623,2.3960062662808923e-06,1.0722127809620732,1.3689041435718536,0.17197839419047037,34.983740646876306,0.9998977656106233,22.768046418666312,1.7224913048402486,False,1.3672652198001742
conditioned,724,20,0.001,0.98170006275177,1.0483580529689789,0.06665576342493296,2.206817953265272e-06,1.0276008054762253,1.3131628930568695,0.15262873967488605,10.950809733533218,0.9999204843638181,22.768906108587554,1.7228719155100556,False,1.3463657749816775
conditioned,725,20,0.001,1.3226812034845352,1.3870358914136887,0.06435253284871578,2.155674536652441e-06,1.0155693428281511,1.2988294661045074,0.1478748321533203,9.627539378786532,0.9999091249872207,22.769805096146875,1.7234086852289179,False,1.348131942562759
conditioned,726,20,0.001,1.0587550699710846,1.1218857765197754,0.06312857288867235,2.133133762072248e-06,1.011455497551668,1.2936778962612152,0.14612221717834473,6.701738361069258,0.9999091249872207,22.7706914686267,1.7239723221954433,False,1.3221238302066922
conditioned,727,20,0.001,1.5500901639461517,1.6140415966510773,0.06394931394606829,2.145038422440848e-06,1.013158140262083,1.2965296506881714,0.14720773696899414,10.663915644827807,0.9999204843638181,22.77158523873154,1.7245921081246258,False,1.345037774182856
conditioned,728,20,0.001,1.4702495336532593,1.5243766754865646,0.054125187918543816,1.9392608407997614e-06,0.9639714224502195,1.233898788690567,0.12546968460083008,14.99484579688435,0.9998636874808311,22.77249913011871,1.7252941708911655,False,1.3459733100607991
conditioned,729,20,0.001,1.0562140047550201,1.1110573559999466,0.05484142620116472,1.9569026790122734e-06,0.9686137721195559,1.23936727643013,0.12738688786824542,8.502617929576132,0.9999091249872207,22.773374202182236,1.7257513416936259,False,1.3294147485867143
conditioned,730,20,0.001,0.9912763684988022,1.0463655591011047,0.055087209679186344,1.96508312910737e-06,0.9706856115997601,1.2411510646343231,0.12804834047953287,293.0909556570192,0.9999204843638181,22.776735005485705,1.7248393953841024,False,1.3179497066885233
conditioned,731,20,0.001,1.5040463134646416,1.5648410469293594,0.0607927106320858,2.0719787130474288e-06,0.9969077245786927,1.2789424061775208,0.14112313588460285,20.002716611230547,0.9998748102037494,22.78459982835689,1.7236660111301656,False,1.2792438655160367
conditioned,732,20,0.001,0.6451835185289383,0.7068448290228844,0.06165922433137894,2.076678384810293e-06,0.9963556243363574,1.280950129032135,0.1420903205871582,11.305547779725378,0.9999204843638181,22.795684874190464,1.7229717376685645,False,1.2542081805877388
conditioned,733,20,0.001,1.4752843752503395,1.543076679110527,0.06779017020016909,2.2016002958480385e-06,1.0274058927916592,1.3221412599086761,0.15645440419514972,56.16141533119617,0.9999204843638181,22.80881278272829,1.721283252177363,False,1.2508977055549622
conditioned,734,20,0.001,1.7153444290161133,1.8076292872428894,0.09228220582008362,2.6742503109744575e-06,1.132162168225414,1.4590234458446503,0.20327019691467285,24.144461372844106,0.9999091249872207,22.82347949381838,1.7200462745913137,False,1.2902784906327724
conditioned,735,20,0.001,0.8523850291967392,0.9377481341362,0.08536056522279978,2.5249643726965587e-06,1.0966922050989316,1.415509045124054,0.1876391569773356,12.730713061606194,0.9997500937148569,22.838987719726788,1.7186732412274615,False,1.2912593372166157
conditioned,736,20,0.001,2.5579863488674164,2.6518259942531586,0.09383690916001797,2.6839869065042876e-06,1.133654163795876,1.465998500585556,0.20530176162719727,86.55956564461259,0.9999091249872207,22.855007462687265,1.7169444408072534,False,1.3916145842522383
conditioned,737,20,0.001,1.4337992519140244,1.5440340787172318,0.11023182794451714,2.9906112217759073e-06,1.197934480322414,1.5495365858078003,0.23274866739908853,12.87631669328577,0.9999204843638181,22.871537789273976,1.7153900379729965,False,1.4158661449328065
conditioned,738,20,0.001,2.0695911645889282,2.175962373614311,0.10636829771101475,2.9175616305110452e-06,1.1832350922352497,1.5310289859771729,0.2267185846964518,18.80247920053349,0.9999204843638181,22.888164310903313,1.713804363401206,False,1.4522657254710793
conditioned,739,20,0.001,1.080261304974556,1.208070993423462,0.1278064101934433,3.303798280285264e-06,1.258969967483556,1.6299098432064056,0.2568340301513672,19.109215986444305,0.9999091249872207,22.904571388623083,1.7124796214012437,False,1.360303008928895
conditioned,740,20,0.001,1.345961570739746,1.4710620939731598,0.12509729526937008,3.254210980685457e-06,1.2484852956352293,1.615989863872528,0.25228126843770343,10.189952434325695,0.9999091249872207,22.920525456396312,1.7113433449711573,False,1.3830693531781435
conditioned,741,20,0.001,1.2119098156690598,1.3619647324085236,0.15005122125148773,3.691350514145597e-06,1.3299255293443673,1.7228087484836578,0.2832357883453369,13.68750201817789,0.9999091249872207,22.93583025547828,1.7107293932629053,False,1.3761461414396763
conditioned,742,20,0.001,1.243668019771576,1.4042493551969528,0.1605774722993374,3.876605319419468e-06,1.363606108069427,1.766288548707962,0.295442263285319,22.9826367253472,0.9999091249872207,22.950384236839987,1.7105565907869158,False,1.387703200802207
conditioned,743,20,0.001,1.2632918506860733,1.4211088716983795,0.1578131839632988,3.833393520835671e-06,1.355918751538379,1.7552248537540436,0.292381207148234,19.166723511406712,0.9999091249872207,22.964192831686375,1.7108707735735036,False,1.369778306223452
conditioned,744,20,0.001,1.1626428328454494,1.2974907159805298,0.1348444353789091,3.435457074374426e-06,1.2826749291646433,1.6584668159484863,0.26459534962972003,9.939140293714928,0.9999091249872207,22.977170172206385,1.7112730989444065,False,1.350552887422964
conditioned,745,20,0.001,1.0007724463939667,1.1311317682266235,0.13035598397254944,3.356641229856905e-06,1.2685092928319863,1.6402010023593903,0.2595070203145345,12.836362083468028,0.9998864062340259,22.9892982852559,1.7118744810703415,False,1.3470877900253981
conditioned,746,20,0.001,1.9480617344379425,2.0874422788619995,0.13937702775001526,3.521065707445814e-06,1.299707647344457,1.6799665987491608,0.2712260087331136,29.509179902151857,0.9999091249872207,23.00060584200457,1.7122409558915948,False,1.4068868753965944
conditioned,747,20,0.001,1.1943741291761398,1.3458471298217773,0.15146923437714577,3.7358975077950163e-06,1.3390248486541236,1.7305628955364227,0.28561345736185706,9.22146038087817,0.9998750468574285,23.011146032050423,1.7127706167526284,False,1.387532363878563
conditioned,748,20,0.001,1.0840975642204285,1.2030674815177917,0.1189667284488678,3.1583939517076942e-06,1.229296319401329,1.5869732201099396,0.24288789431254068,12.674076962246831,0.9998977656106233,23.020920404536007,1.71323917430313,False,1.4149644917342812
conditioned,749,20,0.001,1.0535051599144936,1.1717261224985123,0.11821779794991016,3.146344397464418e-06,1.2276679463258442,1.5848903059959412,0.2425711949666341,12.550717838785351,0.9998977656106233,23.02998631797701,1.713643050230406,False,1.3886032907757908
conditioned,750,20,0.001,1.7199858278036118,1.8565132170915604,0.13652389124035835,3.477674397345254e-06,1.2919156400362004,1.668265163898468,0.2679629325866699,17.79972867897069,0.9999204843638181,23.03838362879244,1.7143030564745119,False,1.3888933782000095
conditioned,751,20,0.001,1.3638547658920288,1.4933114796876907,0.1294533982872963,3.3509941772535967e-06,1.2668785188030793,1.6351965963840485,0.2576306660970052,19.02664981465624,0.9998864062340259,23.046150205230962,1.714995954017529,False,1.420860236743465
conditioned,752,20,0.001,1.8898080885410309,2.010057210922241,0.12024592608213425,3.188601169767935e-06,1.234973478355811,1.5924208760261536,0.2442615032196045,20.445007366040258,0.9998636874808311,23.053323936101243,1.7151914010490337,False,1.379099095473066
conditioned,753,20,0.001,1.9057317674160004,2.033792644739151,0.12805757857859135,3.327749880099873e-06,1.2615989396030574,1.6273554265499115,0.25478943188985187,12.38139737268654,0.9999204843638181,23.059941323534417,1.7155190164323557,False,1.4085948776919395
conditioned,754,20,0.001,1.6910260617733002,1.8097802698612213,0.1187510434538126,3.164775762343197e-06,1.2307883586514683,1.5864091515541077,0.2427232265472412,16.48589479949151,0.999806890597844,23.06609218408147,1.7160972542901198,False,1.3849345587659627
conditioned,755,20,0.001,1.4327086806297302,1.5541613399982452,0.12144938856363297,3.2169017458727467e-06,1.24178931188804,1.6004523634910583,0.24743580818176267,17.803529499473814,0.9999091249872207,23.071855326023485,1.7170216527349031,False,1.406962519744411
conditioned,756,20,0.001,0.967037633061409,1.097179263830185,0.130138223990798,3.3763922147045378e-06,1.2728476315453476,1.6403884887695312,0.2595229148864746,11.192635350685746,0.9999204843638181,23.077187362956497,1.7179062112059678,False,1.383279773639515
conditioned,757,21,0.001,1.2358969748020172,1.3472547382116318,0.11135474406182766,3.0398063586289936e-06,1.2068250336504098,1.5531411468982697,0.23242545127868652,31.4082289598856,0.9998977656106233,23.082154092275115,1.7191673322341599,False,1.3847789710853249
conditioned,758,21,0.001,1.4028184190392494,1.5026494786143303,0.09982825256884098,2.8306787385190546e-06,1.1643743621973917,1.4966437220573425,0.21448977788289386,16.694006418324268,0.9999204843638181,23.086813882041138,1.7201140394456316,False,1.3947258710395545
conditioned,759,21,0.001,1.52430959045887,1.6392555832862854,0.1149428766220808,3.112442527708481e-06,1.2215235234806436,1.5706533193588257,0.23849193255106607,20.828205835287836,0.9998864062340259,23.091154945898843,1.7210743473062056,False,1.4110394797753543
conditioned,760,21,0.001,1.3664126247167587,1.4608984738588333,0.09448309801518917,2.734517408953252e-06,1.1432136616381205,1.4671476781368256,0.20468791325887042,27.520899321345997,0.9997725758143726,23.0952063311767,1.722431416742224,False,1.423775091767311
conditioned,761,21,0.001,1.8076026290655136,1.896089881658554,0.08848460018634796,2.6294586064068426e-06,1.121389608264286,1.4365223944187164,0.19468275705973306,14.245665464675495,0.9999091249872207,23.099025960071245,1.7236834897426598,False,1.4742019781842828
conditioned,762,21,0.001,1.49456025660038,1.5757930725812912,0.0812302902340889,2.4989583948809013e-06,1.0941515812593938,1.3991430699825287,0.18235651652018228,21.266650736033768,0.9999204843638181,23.102636349411824,1.7248259911163104,False,1.4458581358194351
conditioned,763,21,0.001,1.908511906862259,1.9898753762245178,0.08136093243956566,2.5130445919785416e-06,1.0978247282622822,1.4010513126850128,0.18323469161987305,22.629182456487342,0.9998977656106233,23.106081675812597,1.7258530235640106,False,1.4904917469248176
conditioned,764,21,0.001,1.8924166858196259,1.9610556066036224,0.06863660831004381,2.2629375280303066e-06,1.0403691051133224,1.3246648609638214,0.15675830841064453,22.530732048884353,0.9999091249872207,23.109395830704123,1.7270748210708537,False,1.5410116920247674
conditioned,765,21,0.001,1.176090121269226,1.245428204536438,0.06933583691716194,2.286259785932998e-06,1.0450367838894632,1.3274602890014648,0.15771349271138507,19.247721524413585,0.9999204843638181,23.1125836001724,1.7286434754283782,False,1.5486732521094382
conditioned,766,21,0.001,1.7742425799369812,1.8321597874164581,0.05791506730020046,2.057461273352601e-06,0.9916825564378962,1.2564958035945892,0.132891575495402,48.47296307503441,0.9999204843638181,23.115819117442065,1.7309632585230887,False,1.5520642991177738
conditioned,767,21,0.001,0.9107705652713776,0.9733794257044792,0.06260667741298676,2.1706988491132506e-06,1.0206570351057664,1.2910359501838684,0.1448243459065755,13.865545075773793,0.9999204843638181,23.118966914206702,1.7329164081370958,False,1.523746536578983
conditioned,768,21,0.001,1.0361407697200775,1.0819249898195267,0.04578240495175123,1.8054739143735787e-06,0.929055388525797,1.1723211705684662,0.10423731803894043,12.797035233530757,0.9999204843638181,23.122021488863812,1.7347959123100822,False,1.4703923291526735
conditioned,769,21,0.001,1.206616371870041,1.2459394931793213,0.03932143980637193,1.6608815656127263e-06,0.8905167097617896,1.1216346770524979,0.08810019493103027,14.169078395723709,0.9999204843638181,23.124910969731513,1.7366026605797398,False,1.426697616931051
conditioned,770,21,0.001,1.6123066544532776,1.6490974724292755,0.03678926173597574,1.614473177369291e-06,0.880070401026575,1.105960637331009,0.0816953976949056,13.694937095819139,0.9999204843638181,23.127669614860864,1.7381906862841896,False,1.4217776539735496
conditioned,771,21,0.001,1.7529755532741547,1.78792142868042,0.03494426282122731,1.5646562587789958e-06,0.8643974256265485,1.0858136862516403,0.07680837313334146,20.53795709938225,0.9998864062340259,23.13038634656876,1.739984258231737,False,1.4417943335138261
conditioned,772,21,0.001,3.2501890659332275,3.2646188884973526,0.014428758528083563,1.0300566088972118e-06,0.702714371973989,0.8784604966640472,0.023717880249023438,69.98171067042377,0.9997955312212465,23.133101777609177,1.739319593568503,False,1.5844912980683148
conditioned,773,21,0.001,1.0123238861560822,1.0344929546117783,0.022167833987623453,1.24783758792546e-06,0.7727176104460516,0.9676531851291656,0.04331564903259277,38.19447403024195,0.9999204843638181,23.13606150005641,1.73991747472565,False,1.5705179800279438
conditioned,774,21,0.001,1.2263636142015457,1.2550341188907623,0.02866911655291915,1.4089071100897854e-06,0.8183464140017161,1.0252795219421387,0.06076566378275553,31.723937215687908,0.9999091249872207,23.139304815909593,1.7409534780889504,False,1.5594895547255874
conditioned,775,21,0.001,1.4582706689834595,1.478652000427246,0.020380036905407906,1.2011117576093966e-06,0.7576483407917401,0.9468015134334564,0.039019902547200516,32.97918901829614,0.9997955312212465,23.142740276349013,1.7418843291665047,False,1.5553621221333742
conditioned,776,21,0.001,1.4093328192830086,1.4295964762568474,0.020262426929548383,1.2037221779337415e-06,0.7595782286638944,0.948685422539711,0.03865218162536621,50.178437116367114,0.9999091249872207,23.146436450539955,1.741962769060061,False,1.5580446342937648
conditioned,777,21,0.001,2.3417433612048626,2.3696122393012047,0.02786747459322214,1.4028719022007863e-06,0.8199048902336228,1.0261762142181396,0.058856884638468415,35.45289419988578,0.9999204843638181,23.150195254118277,1.7404123005672285,False,1.5914284300524741
conditioned,778,21,0.001,0.8864230960607529,0.9165323823690414,0.030107854399830103,1.4504825287531276e-06,0.8322570008479502,1.0434406697750092,0.06500164667765299,18.115627364286674,0.9999204843638181,23.154063396326098,1.7388369967053365,False,1.5534198575187474
conditioned,779,21,0.001,0.9859072118997574,1.0313737392425537,0.045464737340807915,1.8127242071841465e-06,0.9325017360905723,1.1735942959785461,0.10467100143432617,28.449460179937212,0.9999204843638181,23.158000672307733,1.7379230154758512,False,1.495757064083591
conditioned,780,21,0.001,1.765002191066742,1.8096384406089783,0.0446344967931509,1.7831509353527508e-06,0.9240467989269268,1.1655256152153015,0.10241691271464029,23.03734725197745,0.9999204843638181,23.162003350208373,1.7368156137533217,False,1.4877936581615359
conditioned,781,21,0.001,1.0368506610393524,1.0895022451877594,0.052649613469839096,1.951877521833012e-06,0.9677984978232045,1.2252968847751617,0.1223912239074707,12.84826786918569,0.9999091249872207,23.16597682367148,1.7357943148700108,False,1.4790911918971688
conditioned,782,21,0.001,1.2344141751527786,1.2904094606637955,0.05599329248070717,2.0110131231376727e-06,0.9817478047578599,1.246620535850525,0.1299163500467936,25.18825696232145,0.9998750468574285,23.169898066337403,1.7357622297815147,False,1.445351916598156
conditioned,783,21,0.001,1.2776483297348022,1.3334125578403473,0.05576221738010645,1.9948687395299203e-06,0.9768447105336697,1.2430363595485687,0.128968874613444,24.452851014599425,0.9998864062340259,23.17375444188308,1.7365632932286261,False,1.4682817768771201
conditioned,784,21,0.001,1.9103363454341888,1.9610617905855179,0.050723555497825146,1.8799400436364522e-06,0.9478940992464655,1.2077073156833649,0.11713115374247232,54.821058168503,0.9999204843638181,23.17775471831309,1.7366886608218792,False,1.522919000359252
conditioned,785,21,0.001,1.7966790050268173,1.855835184454918,0.05915411189198494,2.0554953152895905e-06,0.9925597816035516,1.2674533128738403,0.13719956080118814,21.820569639909937,0.9999204843638181,23.18187745999671,1.7365891143977856,False,1.5597979149315506
conditioned,786,21,0.001,0.9854757785797119,1.042045384645462,0.05656762793660164,1.9885804931618623e-06,0.9741890503607045,1.2460334599018097,0.1303871472676595,21.164885452750017,0.9999091249872207,23.186063100587493,1.7367701737939032,False,1.5206209851894528
conditioned,787,21,0.001,1.1528290566056967,1.204411841928959,0.0515809440985322,1.8730151793988625e-06,0.945288913371661,1.2117898166179657,0.11883513132731119,13.232359314116655,0.9999204843638181,23.190186042140336,1.7365293330840068,False,1.4831118291476741
conditioned,788,21,0.001,1.523142322897911,1.5890615433454514,0.06591704953461885,2.161735892514116e-06,1.0152533563575088,1.3047003746032715,0.1502090295155843,21.017435422333456,0.9999091249872207,23.194218929500803,1.7367656909809588,False,1.3751714077079669
conditioned,789,21,0.001,1.2253291010856628,1.2881241142749786,0.06279288232326508,2.091497407263887e-06,0.9991598667223555,1.2863552272319794,0.14371101061503092,13.499299745434199,0.9998750468574285,23.198130535887337,1.7368043763912175,False,1.3884842336410657
conditioned,790,21,0.001,2.9167564511299133,2.9786840677261353,0.06192559190094471,2.078800605431752e-06,0.9985302627909374,1.2861104309558868,0.14357558886210123,15.988637369372501,0.9999091249872207,23.201961208817423,1.7370570111379624,False,1.4941337859490886
conditioned,791,21,0.001,0.6557529028505087,0.7227131761610508,0.06695808842778206,2.1793724727103836e-06,1.0222616031299652,1.3171932399272919,0.15426476796468097,11.689772236672805,0.9999091249872207,23.205629681919916,1.737122329494267,False,1.4439764255657792
conditioned,792,21,0.001,0.6360876113176346,0.6903292909264565,0.05423977505415678,1.9131462636323704e-06,0.9569955577686848,1.2336746156215668,0.12605841954549152,9.829629515880109,0.9999204843638181,23.20912231261774,1.737227074651366,False,1.3956486000679433
conditioned,793,22,0.001,2.406093865633011,2.4728341102600098,0.06673802249133587,2.1714743070333498e-06,1.0207633073926292,1.3165733516216278,0.15415326754252115,61.694241692418416,0.9999204843638181,23.21237493572288,1.7356274626425041,False,1.3996705065947026
conditioned,794,22,0.001,0.8088197186589241,0.875557616353035,0.06673574633896351,2.153533756654724e-06,1.0137699933366182,1.3107483088970184,0.15231029192606607,11.432167632795583,0.9999204843638181,23.21553654206859,1.734062978608703,False,1.3948202955070883
conditioned,795,22,0.001,1.2048054486513138,1.293769896030426,0.08896187134087086,2.5795234250836074e-06,1.1121148855140914,1.4419139325618744,0.19683225949605304,17.747739655880526,0.9998977656106233,23.218611274145672,1.7328009917331573,False,1.4085014353040606
conditioned,796,22,0.001,2.05876424908638,2.1458483934402466,0.08708158880472183,2.539986212468648e-06,1.1035844635314733,1.4319754242897034,0.19370849927266437,15.172597409720414,0.9999091249872207,23.221618748868494,1.7317923223533884,False,1.426861563930288
conditioned,797,22,0.001,1.339645892381668,1.4135976433753967,0.07394947111606598,2.2825239511803375e-06,1.0458715231214695,1.3581691980361938,0.1689482529958089,14.202096873236835,0.9998523281042336,23.22453267935045,1.7314387934115114,False,1.4457862658891827
conditioned,798,22,0.001,1.408219337463379,1.49816033244133,0.08993842639029026,2.589721646018006e-06,1.114490920988805,1.4474814534187317,0.19902833302815753,9.368342574662728,0.9999204843638181,23.22728842743036,1.7310957021473752,False,1.4566490885335952
conditioned,799,22,0.001,0.8080504983663559,0.890974760055542,0.08292181603610516,2.452785679452063e-06,1.08306412903955,1.4066328406333923,0.1850918928782145,11.16185142050834,0.9999091249872207,23.229910930730128,1.730833949936886,False,1.4272992240730673
conditioned,800,22,0.001,1.749202162027359,1.8446777760982513,0.09547290951013565,2.6920901632365712e-06,1.1357643065572802,1.4751593172550201,0.2079168955485026,15.953014532506712,0.9999091249872207,23.232360830274132,1.730364952853103,False,1.4172283376101404
conditioned,801,22,0.001,1.476691048592329,1.5758005008101463,0.09910666383802891,2.75826397455603e-06,1.1498859902004033,1.4940204322338104,0.2141304810841878,7.247275712686976,0.9999204843638181,23.234661006098744,1.7299464518785872,False,1.397229090332985
conditioned,802,22,0.001,0.8739422261714935,0.973998561501503,0.10005353949964046,2.770205526303471e-06,1.1515225382596046,1.4971151649951935,0.21483755111694336,13.193422236764109,0.9999091249872207,23.236869110853334,1.7300369630489183,False,1.3902582433074713
conditioned,803,22,0.001,1.0627555772662163,1.152964897453785,0.09020670875906944,2.59342237995952e-06,1.1156391084322324,1.4495924413204193,0.19980311393737793,11.436970523159573,0.9999091249872207,23.238946494769987,1.7302873415596454,False,1.3846286508487538
conditioned,804,22,0.001,1.4292748421430588,1.5203635469079018,0.09108609892427921,2.603657776489854e-06,1.1153571230626658,1.4492470026016235,0.19898613293965656,16.233881065958695,0.9999204843638181,23.240894357004322,1.7304412911282638,False,1.3787619333015755
conditioned,805,22,0.001,1.3423971682786942,1.4366487562656403,0.09424894489347935,2.6649291271496622e-06,1.1295825676194602,1.4680049121379852,0.2053995132446289,15.07826881632414,0.9998523281042336,23.242730388770585,1.7307419793576233,False,1.38607868750114
conditioned,806,22,0.001,1.221546471118927,1.3079096972942352,0.08636069111526012,2.5141432615782833e-06,1.09528021746195,1.4227242767810822,0.19007746378580728,16.06866111958336,0.9999204843638181,23.24447030111679,1.73096375867093,False,1.2801280637504533
conditioned,807,22,0.001,1.3507465869188309,1.447631061077118,0.09688171185553074,2.723054194575525e-06,1.142895173154688,1.4835419356822968,0.21068835258483887,10.881845039972116,0.9999091249872207,23.24614524269158,1.7314130992172097,False,1.3235651690047234
conditioned,808,22,0.001,1.793368399143219,1.88172847032547,0.0883574690669775,2.558563494403643e-06,1.1072180595386234,1.438013106584549,0.19573664665222168,13.106718931124593,0.9997955312212465,23.247712745992462,1.7316016039400608,False,1.3958952182438225
conditioned,809,22,0.001,1.6294868439435959,1.7204228192567825,0.09093338623642921,2.6087147944053868e-06,1.1176420047518074,1.4509018063545227,0.1999212900797526,10.616097395396329,0.9999204843638181,23.24923891587907,1.732082274779388,False,1.347357279388234
conditioned,810,22,0.001,0.5743895657360554,0.6591160595417023,0.08472398668527603,2.4923028263401648e-06,1.0919020548565064,1.4167124032974243,0.18861071268717447,7.114374322903299,0.9999204843638181,23.250692537263202,1.7327008940704165,False,1.3327053948305547
conditioned,811,22,0.001,1.081318810582161,1.1516021899878979,0.07028120011091232,2.2157976218295516e-06,1.029417816303082,1.3343935906887054,0.1608920892079671,7.034631899012457,0.9999091249872207,23.25206746246603,1.7332266379803427,False,1.3249874799512327
conditioned,812,22,0.001,1.829043984413147,1.8980402946472168,0.06899419613182545,2.185176697366842e-06,1.0210936507062287,1.3242309987545013,0.157229741414388,16.64754288306598,0.9999091249872207,23.253351484276106,1.7344090788338438,False,1.3106299634091556
conditioned,813,22,0.001,1.9674682468175888,2.048677235841751,0.08120659179985523,2.435102828712843e-06,1.0808602951620643,1.4006015062332153,0.1835660139719645,24.82168372940056,0.9999091249872207,23.25459507775263,1.7354761532084142,False,1.3498688605614007
conditioned,814,22,0.001,1.766149714589119,1.836354821920395,0.07020290847867727,2.213010503737678e-06,1.0290430658746814,1.33453768491745,0.1612442334493001,23.29305874948268,0.9998864062340259,23.255857033208308,1.7365263168652094,False,1.3722395091317594
conditioned,815,22,0.001,1.954234404489398,2.0186154283583164,0.06437904108315706,2.0913234379804635e-06,0.9984087521457252,1.2949519455432892,0.14769609769185382,23.161645286933126,0.9999204843638181,23.257148402553973,1.7374385965415815,False,1.4438760032644495
conditioned,816,22,0.001,1.83985635638237,1.897657871246338,0.05779954232275486,1.962604443406235e-06,0.9697701972550751,1.2585075795650482,0.13519056638081867,15.712303596735099,0.9999204843638181,23.258487519457393,1.7387876014537411,False,1.4495418904116377
conditioned,817,22,0.001,1.4573079347610474,1.519049510359764,0.061739496886730194,2.038181975194675e-06,0.9877350385847491,1.2828303575515747,0.143585999806722,15.61414601958095,0.9999204843638181,23.25986844913901,1.740487615245896,False,1.4483304457971826
conditioned,818,22,0.001,1.191094309091568,1.2562336772680283,0.0651372717693448,2.1035626787124784e-06,1.0036115241388348,1.3044572472572327,0.15093382199605304,11.102728250702686,0.9998864062340259,23.261278618962237,1.7423466899700721,False,1.4681524509796873
conditioned,819,22,0.001,1.3833215236663818,1.4339667707681656,0.05064345896244049,1.8084822386299493e-06,0.9313953228821598,1.2110015451908112,0.1191115379333496,9.89387943656183,0.9998523281042336,23.262638434386112,1.7436295498792616,False,1.4881878226296976
conditioned,820,22,0.001,1.1081591248512268,1.1565183848142624,0.04835749976336956,1.7599847410565417e-06,0.9190446125133214,1.195208877325058,0.11374433835347493,9.911205690951771,0.9999204843638181,23.263954658276877,1.7446480614742255,False,1.4681180902989581
conditioned,821,22,0.001,1.0495352298021317,1.099463552236557,0.04992655897513032,1.7803658920456655e-06,0.9212179101591648,1.1994145810604095,0.11641653378804524,16.21888048446463,0.9999204843638181,23.265255856736562,1.7460219714066303,False,1.449814219144173
conditioned,822,22,0.001,1.5159256905317307,1.5561309903860092,0.04020372964441776,1.5750119928270578e-06,0.8677964679321685,1.130203902721405,0.09313686688741048,7.096540954104813,0.9999204843638181,23.26656516749418,1.7471819227933638,False,1.4682129203574732
conditioned,823,22,0.001,1.7204755991697311,1.7572362571954727,0.03675916884094477,1.4976895954532665e-06,0.8470312004143232,1.1042735874652863,0.08454275131225586,12.937618397737102,0.9998520914505545,23.267833340375258,1.7479833689376654,False,1.4913209836231545
conditioned,824,22,0.001,1.5634287893772125,1.602519154548645,0.03908875398337841,1.5532202155554842e-06,0.863185649136113,1.124547004699707,0.09075395266215006,9.429421899413056,0.9999091249872207,23.269069717375295,1.7485673209607764,False,1.476949758012779
conditioned,825,22,0.001,1.3849981278181076,1.4152769446372986,0.03027746663428843,1.33338573959918e-06,0.7942111491628119,1.035559520125389,0.06726590792338052,13.85795524397351,0.9997728124680517,23.27023347162673,1.7489210641538337,False,1.461669213254936
conditioned,826,22,0.001,1.8323629945516586,1.8770877718925476,0.04472316335886717,1.6661100517012528e-06,0.8929931268576938,1.165813386440277,0.10478758811950684,23.958028626701957,0.9999204843638181,23.271341654069957,1.7491200316364168,False,1.5402925525559112
conditioned,827,22,0.001,1.571592926979065,1.6077286005020142,0.036134184803813696,1.4762749742658343e-06,0.8397587035813872,1.0962759107351303,0.0829010009765625,20.17330256976802,0.9999204843638181,23.27249169733096,1.7487044663002895,False,1.5709346848307177
conditioned,828,22,0.001,2.263676702976227,2.2916916012763977,0.02801362704485655,1.2868826217982132e-06,0.7828439388366699,1.0213382840156555,0.061613003412882485,33.29593420221984,0.9999204843638181,23.273651954205764,1.7478622798280545,False,1.5980992297409102
conditioned,829,23,0.001,0.8056286722421646,0.8398592472076416,0.0342291290871799,1.4229732414605678e-06,0.8205689897400585,1.0707105547189713,0.0774401823679606,44.08958508543701,0.9999204843638181,23.274862989013226,1.7479771032207023,False,1.5254842563299462
conditioned,830,23,0.001,1.8664593398571014,1.9085313528776169,0.04207037203013897,1.61777248308681e-06,0.8809123654182489,1.1479486525058746,0.09896421432495117,16.612355411550887,0.9999204843638181,23.276329172714803,1.7479451833970958,False,1.5317536079091951
conditioned,831,23,0.001,1.3895054012537003,1.4319136589765549,0.04240664932876825,1.6270645346594392e-06,0.8835901923997904,1.150864154100418,0.09986400604248047,14.10598242736996,0.9999091249872207,23.277913887026287,1.7481865110053372,False,1.496458045206964
conditioned,832,23,0.001,2.121151115745306,2.150699619203806,0.029547224985435605,1.3231507836053424e-06,0.7907563764512212,1.028083860874176,0.06585073471069336,56.1927010340881,0.9998636874808311,23.279804773100356,1.7465896863370398,False,1.5140389676671475
conditioned,833,23,0.001,1.1353437155485153,1.1728844791650772,0.03753924136981368,1.519973579888756e-06,0.8522756124131134,1.1082586646080017,0.0871435801188151,12.448293798585459,0.9998296093510388,23.281897057190164,1.744854557005203,False,1.4939162039663643
conditioned,834,23,0.001,1.5901331827044487,1.63270915299654,0.04257435677573085,1.6372403308650973e-06,0.8847617325314295,1.148553490638733,0.10025278727213541,14.18435884944979,0.9999204843638181,23.284113052625127,1.7433448043210409,False,1.5188561335671693
conditioned,835,23,0.001,1.7461660653352737,1.8007537126541138,0.05458573065698147,1.8968149504416942e-06,0.9539340346847602,1.2382965981960297,0.1301737626393636,13.906948636961316,0.9999091249872207,23.286402215812306,1.7419395694482305,False,1.541533917421475
conditioned,836,23,0.001,1.4070907086133957,1.4612663686275482,0.054173736833035946,1.8862735942093423e-06,0.9496474388739727,1.2318982779979706,0.12839778264363605,10.323241815523108,0.9999091249872207,23.28872722246484,1.740732918634166,False,1.5602171414066106
conditioned,837,23,0.001,1.1760288625955582,1.2353665381669998,0.05933570954948664,1.9906004524727905e-06,0.9762963966265392,1.2677654027938843,0.1405059496561686,17.79771001209596,0.9999204843638181,23.29100982592917,1.7393605717008729,False,1.5681229934561998
conditioned,838,23,0.001,2.8003648817539215,2.8663060069084167,0.06593892257660627,2.1206598148637568e-06,1.0076801603250578,1.3094442486763,0.15482672055562335,157.44147753695964,0.9999091249872207,23.293538374988255,1.7356583557820264,False,1.6484004429075867
conditioned,839,23,0.001,1.1801425367593765,1.2582873106002808,0.0781424269080162,2.3303797433982254e-06,1.0557403559478933,1.38016676902771,0.17853140830993652,7.9012171077925855,0.9999204843638181,23.296858903203443,1.7322426903524257,False,1.6146296265069395
conditioned,840,23,0.001,1.1544806957244873,1.2596828937530518,0.10519939661026001,2.802401070312044e-06,1.1584160011847529,1.5228982865810394,0.22466325759887695,10.96614761661465,0.9999091249872207,23.300716627367564,1.7295603685820014,False,1.5890703706536442
conditioned,841,23,0.001,1.0231071189045906,1.1355036497116089,0.11239359527826309,2.9058724066999275e-06,1.1801465492122154,1.5584838688373566,0.23578707377115882,12.590014126783005,0.9999204843638181,23.304890606531306,1.7270295870563894,False,1.5664521825965494
conditioned,842,23,0.001,1.2412883639335632,1.3692083358764648,0.12791684828698635,3.1493493679590756e-06,1.2285163198050493,1.6291680335998535,0.2567000389099121,10.453101606238372,0.9999091249872207,23.30923692089961,1.725038632723959,False,1.5295100181829184
conditioned,843,23,0.001,0.9835445620119572,1.1306658685207367,0.14711787924170494,3.4585481216709013e-06,1.2882750599417596,1.7125893831253052,0.2803688844045003,10.905010539029927,0.9999091249872207,23.313632743115317,1.723405969949712,False,1.4927569953724742
conditioned,844,23,0.001,1.3000668734312057,1.45213882625103,0.15206843614578247,3.516602134823188e-06,1.297660443406023,1.7302694916725159,0.28430287043253577,13.108201098995474,0.9999204843638181,23.318007516885057,1.7224625681487804,False,1.4325313810259104
conditioned,845,23,0.001,2.7454119324684143,2.9186961948871613,0.1732804737985134,3.851918620512151e-06,1.3595413084056205,1.815984070301056,0.3068811893463135,32.57975417611983,0.9999091249872207,23.32234928679781,1.7222999006723394,False,1.553767834790051
conditioned,846,23,0.001,1.717622309923172,1.878036081790924,0.16041019186377525,3.6242017813492566e-06,1.318237291802098,1.7652596533298492,0.29376117388407386,18.730763580315028,0.9999204843638181,23.326567850172676,1.7221437671396453,False,1.5444655204191804
conditioned,847,23,0.001,1.5191785097122192,1.7079215049743652,0.18873893469572067,4.058601462020306e-06,1.3951799948072872,1.872779369354248,0.3203655878702799,15.273553366242997,0.9998636874808311,23.33069572130652,1.7225208695009666,False,1.5525700896978378
conditioned,848,23,0.001,0.798361212015152,0.9698464274406433,0.1714814305305481,3.771653780404449e-06,1.3449157668235123,1.8084044754505157,0.30462495485941565,9.607406323965861,0.9999204843638181,23.33463871085259,1.7230923991373164,False,1.4698957207147032
conditioned,849,23,0.001,1.693371832370758,1.8906481862068176,0.1972721554338932,4.172050466877408e-06,1.415074575229206,1.9044397473335266,0.3277566432952881,22.938357787917514,0.9999204843638181,23.33841069551915,1.7242501090863007,False,1.5047724780160934
conditioned,850,23,0.001,1.1427852660417557,1.327786847949028,0.1849975660443306,3.974117817051592e-06,1.3802352706159113,1.8584575951099396,0.3164990743001302,12.091448108556595,0.9999204843638181,23.341967887643335,1.7253738536588743,False,1.476813233224675
conditioned,851,23,0.001,1.128490835428238,1.2825509011745453,0.15405657514929771,3.4769558396874345e-06,1.291593409789066,1.7406750321388245,0.2870806058247884,8.658231383585035,0.9999088883335416,23.345337000029485,1.7266265562204086,False,1.4382085313554853
conditioned,852,23,0.001,1.954709753394127,2.1173657923936844,0.16265245899558067,3.6133608887212176e-06,1.3165470531195698,1.7745592892169952,0.29575133323669434,10.829746327250762,0.9999091249872207,23.348516990660663,1.7279324609574835,False,1.472434721654281
conditioned,853,23,0.001,1.0804887637495995,1.2353069260716438,0.15481463074684143,3.4862272855207266e-06,1.2924782756607973,1.7421587705612183,0.28684067726135254,7.7941330063960494,0.9999204843638181,23.351472310728543,1.7292284405264986,False,1.4664634654764086
conditioned,854,23,0.001,1.5874611735343933,1.739129513502121,0.1516648456454277,3.435927112604986e-06,1.2819756791308146,1.7273165583610535,0.28218213717142737,14.455615765306915,0.9997614530914544,23.354263574313105,1.7308284905859777,False,1.390656983712688
conditioned,855,23,0.001,1.562229335308075,1.7078095078468323,0.1455768309533596,3.344346055200731e-06,1.2663986894279156,1.70541912317276,0.27720220883687335,9.241483195436198,0.9998523281042336,23.35685536290638,1.7324394290744056,False,1.4145374086219817
conditioned,856,23,0.001,1.1677558720111847,1.3139313757419586,0.14617213420569897,3.358763194682979e-06,1.2682401194987696,1.706256777048111,0.2767946720123291,14.156436281192141,0.9998409687276363,23.35925341287972,1.734298910289677,False,1.4153671071399003
conditioned,857,23,0.001,1.0568980276584625,1.1856794506311417,0.12877832166850567,3.08047441421877e-06,1.2155420682746887,1.6339271664619446,0.2571271260579427,8.591346775119431,0.9999204843638181,23.361497634534476,1.7362118044137584,False,1.4174790389370173
conditioned,858,23,0.001,1.795497551560402,1.9172079265117645,0.12170736864209175,2.968482476717327e-06,1.1924098842204223,1.6007080376148224,0.2469676335652669,13.308320031516363,0.9999204843638181,23.363608340008696,1.7377924386231296,False,1.4521171131636947
conditioned,859,23,0.001,1.112948626279831,1.2305555790662766,0.11760402098298073,2.9111185426700104e-06,1.181752289063629,1.5838165283203125,0.2423885663350423,7.109386963769962,0.9999091249872207,23.36558823591691,1.7392157046457053,False,1.4602048671804368
conditioned,860,23,0.001,1.2090810388326645,1.318343698978424,0.10925989598035812,2.7738210519601125e-06,1.1524726876727058,1.542557805776596,0.22946778933207193,14.791804050332123,0.9999091249872207,23.367431588642475,1.7411963814243552,False,1.454518252518028
conditioned,861,23,0.001,1.0554540157318115,1.142986997961998,0.08753057941794395,2.4069368578238937e-06,1.07445758261803,1.4347020387649536,0.19588494300842285,13.704433895378513,0.9999204843638181,23.369159066833692,1.7435547280774895,False,1.3488958827219903
conditioned,862,23,0.001,1.6963841021060944,1.7813383117318153,0.08495181612670422,2.373251447806979e-06,1.0661241667326609,1.4192759990692139,0.1905699570973714,31.248274111501555,0.9997955312212465,23.370802002718218,1.746460834983662,False,1.347568494733423
conditioned,863,23,0.001,1.0734442174434662,1.1623070985078812,0.0888604111969471,2.4553754087719426e-06,1.0836429719636127,1.4388176202774048,0.1964414119720459,18.744704741688857,0.9999091249872207,23.37239994512054,1.7490428811797152,False,1.319710101466626
conditioned,864,23,0.001,2.0884468480944633,2.155030444264412,0.06658157240599394,2.0619177973912883e-06,0.9929302063259404,1.3118433058261871,0.15481328964233398,25.04800835292195,0.9999204843638181,23.373997154305936,1.75160548424795,False,1.400340453721583
conditioned,865,24,0.001,1.105421543121338,1.153866708278656,0.04844349902123213,1.7073100764264382e-06,0.9046597911913545,1.1945376694202423,0.11556514104207356,13.896848458494135,0.9999091249872207,23.375542035872066,1.7535707919789205,False,1.3635935606434941
conditioned,866,24,0.001,1.2729040309786797,1.3160736709833145,0.04316801764070988,1.6060610619206273e-06,0.8770426938532123,1.154587060213089,0.10247476895650227,20.691801982465968,0.9999091249872207,23.37704354167083,1.7555646251802066,False,1.3717259834520519
conditioned,867,24,0.001,1.9315934777259827,1.9718361869454384,0.04024121072143316,1.5510099728999194e-06,0.8620435111183622,1.132310301065445,0.0952765941619873,73.80078050729823,0.9999204843638181,23.378888297510965,1.7566605459959264,False,1.421919898595661
conditioned,868,24,0.001,1.0742462575435638,1.1168768256902695,0.04262899048626423,1.6053966476192727e-06,0.8764099233059244,1.1497344672679901,0.10091853141784668,22.867756312664582,0.9999091249872207,23.380903706260433,1.7583159446335541,False,1.3668909301050007
conditioned,869,24,0.001,1.331845447421074,1.3625588119029999,0.030712006147950888,1.351387140857696e-06,0.8050121749119732,1.053073674440384,0.07083717981974283,15.8116526778205,0.9999204843638181,23.382983245407946,1.7597664464498357,False,1.3826007228344679
conditioned,870,24,0.001,0.9606080055236816,0.9856279790401459,0.025018762797117233,1.2286616879464418e-06,0.7670931508223399,0.9976484775543213,0.05568424860636393,8.505767766392383,0.9999204843638181,23.38507810262413,1.7612175454542276,False,1.3434223998337984
conditioned,871,24,0.001,1.4524148255586624,1.4690412282943726,0.016625361749902368,1.0303824069524126e-06,0.7028478028655969,0.906266525387764,0.033317009607950844,23.228467695269803,0.9999091249872207,23.387138516392184,1.7629052270902634,False,1.3365589929744601
conditioned,872,24,0.001,1.4682120829820633,1.4896307736635208,0.02141752652823925,1.1604829524003435e-06,0.744992755106696,0.9592059403657913,0.04619344075520833,17.24886021363382,0.9999204843638181,23.389180972489466,1.7641790326519824,False,1.35533750616014
conditioned,873,24,0.001,1.5472993850708008,1.5684323012828827,0.021131773246452212,1.1643239616887513e-06,0.7461098060817184,0.9554343819618225,0.04547548294067383,64.05589885279802,0.9999204843638181,23.39120778870249,1.7618759620396736,False,1.3859875909984112
conditioned,874,24,0.001,1.0296652093529701,1.0547987148165703,0.025132286828011274,1.228672203978931e-06,0.7667911208230979,0.9981955289840698,0.056030352910359696,23.106529843439702,0.9998636874808311,23.39330482378458,1.7594344876615051,False,1.3381230696104467
conditioned,875,24,0.001,1.6472420021891594,1.685701161623001,0.038457725662738085,1.4974258704114618e-06,0.8453984540234124,1.114520400762558,0.09038567543029785,30.09795893982601,0.9999204843638181,23.39538306447285,1.7555588681856624,False,1.3715164056047797
conditioned,876,24,0.001,1.2252369970083237,1.2824395447969437,0.057200743816792965,1.859582056340514e-06,0.9431340349195663,1.2527714967727661,0.1350862979888916,12.395950034640855,0.9999091249872207,23.397511102559843,1.752259092182619,False,1.3725261529907584
conditioned,877,24,0.001,1.2242791652679443,1.2950711846351624,0.07078989502042532,2.1093371742608724e-06,1.005699150210316,1.3402404487133026,0.16429805755615234,11.158160141442185,0.9999088883335416,23.39962201530957,1.7494014544866796,False,1.3830777248367667
conditioned,878,24,0.001,1.3099961578845978,1.3838267624378204,0.07382842991501093,2.159632799703104e-06,1.0175964297545979,1.358104407787323,0.1702758471171061,13.47141396986119,0.9999204843638181,23.401705993169415,1.7469644797392203,False,1.3589284783229232
conditioned,879,24,0.001,1.0636261999607086,1.1618201732635498,0.09819135442376137,2.5913240051522735e-06,1.1136061806805926,1.4875809848308563,0.21168025334676105,12.420752330870046,0.9999204843638181,23.40374548175923,1.7448775979884676,False,1.3583148522302508
conditioned,880,24,0.001,1.2565524578094482,1.3696771562099457,0.11312185414135456,2.846614847840101e-06,1.1674719194916579,1.5607396364212036,0.23421986897786456,10.368815207716489,0.9997728124680517,23.40568320945618,1.742925018057747,False,1.3063214528374374
conditioned,881,24,0.001,1.2307677865028381,1.344544157385826,0.1137735415250063,2.847465452759934e-06,1.165693590090589,1.5600423514842987,0.2331697146097819,14.053406439800824,0.999806890597844,23.40756237170635,1.7411947795370197,False,1.3141555930487812
conditioned,882,24,0.001,0.9156666751950979,1.0270829796791077,0.11141350120306015,2.811825652315747e-06,1.161518353164165,1.5550636649131775,0.23300854365030924,12.014072557500173,0.9999091249872207,23.409339504342235,1.7395487070619569,False,1.2918282583123073
conditioned,883,24,0.001,1.2350431978702545,1.3681317120790482,0.1330853421241045,3.16891265583763e-06,1.2327756330352955,1.6525830328464508,0.26179472605387366,13.121534766797716,0.9999204843638181,23.411029818506925,1.7381667879375473,False,1.2482938658213243
conditioned,884,24,0.001,1.8857126533985138,2.0207508504390717,0.13503499701619148,3.192569863585959e-06,1.2372613525791434,1.6608173847198486,0.2641639709472656,27.26395622574454,0.9999204843638181,23.412664553757644,1.7376337509605442,False,1.2990105155622587
conditioned,885,24,0.001,1.0383498072624207,1.1764465123414993,0.1380934678018093,3.2415187547485402e-06,1.2471750368393077,1.6747785210609436,0.26830681165059406,21.436754634198376,0.9999204843638181,23.414278512201815,1.7374095369503992,False,1.2806670380523428
conditioned,886,24,0.001,1.9081091284751892,2.0693221986293793,0.16120950132608414,3.6163526715426997e-06,1.3165843775703117,1.7679367661476135,0.2932116985321045,31.227662302467625,0.9999091249872207,23.41590437979673,1.737977677371423,False,1.339885858236812
conditioned,887,24,0.001,1.3210921883583069,1.4707630723714828,0.1496674343943596,3.4311129866182455e-06,1.2823102504279662,1.7214882373809814,0.2807365258534749,16.367280167760278,0.9999204843638181,23.417599136011184,1.7387633215686782,False,1.3316781934117898
conditioned,888,24,0.001,1.2385587990283966,1.3815568387508392,0.1429946906864643,3.328575132854894e-06,1.2632310878072506,1.6943379938602448,0.27353620529174805,20.228834494435624,0.9998636874808311,23.419357121084666,1.7396353729664493,False,1.3173248631646857
conditioned,889,24,0.001,1.4706186056137085,1.6154081374406815,0.14478611014783382,3.3619683108554455e-06,1.2692949405546199,1.7012943625450134,0.2753151257832845,24.180909947883904,0.9999204843638181,23.421072410956935,1.740668452985999,False,1.3125323144486174
conditioned,890,24,0.001,1.713347926735878,1.8391502648591995,0.1257992871105671,3.0583798888983438e-06,1.2114817449167696,1.6213516592979431,0.2531743844350179,26.81757563897481,0.9999204843638181,23.42281829384325,1.7408542073066167,False,1.3552624842850491
conditioned,891,24,0.001,1.522277444601059,1.6642057597637177,0.14192500337958336,3.3276658655267966e-06,1.2629981663359255,1.6896957457065582,0.2723699410756429,28.308698933716368,0.9999204843638181,23.424621737751554,1.7410297731015594,False,1.3474521994357929
conditioned,892,24,0.001,1.6322123855352402,1.7550075501203537,0.12279216572642326,3.008196244991268e-06,1.2010176839072715,1.6069115102291107,0.24895819028218585,8.518560275765823,0.9999204843638181,23.42642411244094,1.7412176542726414,False,1.3728881612187251
conditioned,893,24,0.001,1.6055330336093903,1.7336326837539673,0.12809658609330654,3.093576538049092e-06,1.2177557015434244,1.6302031576633453,0.2556788126627604,17.618627384815593,0.9999091249872207,23.428210464453922,1.7415600938016367,False,1.3967165279900655
conditioned,894,24,0.001,1.269879013299942,1.4070046991109848,0.13712247647345066,3.2418736282124883e-06,1.2461891863680914,1.6685952246189117,0.266438881556193,14.814756060841086,0.9999204843638181,23.429961505456244,1.7421373711224446,False,1.3942092064535245
conditioned,895,24,0.001,1.9572933167219162,2.104128137230873,0.14683136716485023,3.405225129426981e-06,1.2780778671754756,1.710984706878662,0.27854275703430176,13.308397110241197,0.9998523281042336,23.431660050888734,1.7428628158753194,False,1.4500634012511
conditioned,896,24,0.001,1.424271896481514,1.5741422176361084,0.14986684918403625,3.458813353063306e-06,1.2871669767333533,1.7216987311840057,0.28088514010111487,17.854350304353154,0.9999091249872207,23.433322102371488,1.744028319433816,False,1.4605458661681041
conditioned,897,24,0.001,1.0498901903629303,1.1635343730449677,0.11364131420850754,2.858061861843453e-06,1.1711728938154016,1.565828412771225,0.23662869135538736,9.838276678899854,0.9999204843638181,23.43493987059703,1.7454957203969352,False,1.4492410164093599
conditioned,898,24,0.001,1.621660739183426,1.7377877831459045,0.11612408049404621,2.9071024414406565e-06,1.1804378780862708,1.5759476125240326,0.23912612597147623,13.163202359267443,0.9999204843638181,23.436490640810113,1.7467893885996646,False,1.4933656454086304
conditioned,899,24,0.001,1.4554093331098557,1.569569855928421,0.11415762826800346,2.8703590828627057e-06,1.1719939113787676,1.564951241016388,0.23529918988545734,18.43399101254545,0.9997841718446492,23.437988686681685,1.7480211097092788,False,1.5071385288611054
conditioned,900,24,0.001,1.7367021441459656,1.8412538766860962,0.10454905033111572,2.706968018628686e-06,1.1373433259147414,1.517417073249817,0.22044364611307776,16.884943754963437,0.9999204843638181,23.439456587551454,1.74898746467589,False,1.4978253720328212
conditioned,901,25,0.001,1.1894638240337372,1.2832913398742676,0.09382496029138565,2.5252140289921954e-06,1.1002689212121575,1.4672575891017914,0.2052341302235921,7.667666272350962,0.9999204843638181,23.440872916641474,1.7498813683577505,False,1.5072699980810285
conditioned,902,25,0.001,1.282586619257927,1.3718917518854141,0.08930269815027714,2.443903042603779e-06,1.0829064759460874,1.444627434015274,0.1981642246246338,21.203147903062533,0.9999091249872207,23.442282176022136,1.750399681533202,False,1.4681748412549496
conditioned,903,25,0.001,0.8199827559292316,0.9101333990693092,0.0901482030749321,2.462091970301117e-06,1.0868658861227247,1.4489778876304626,0.199527104695638,8.606033249510306,0.9999091249872207,23.443660055693748,1.751174189703714,False,1.4368555017281324
conditioned,904,25,0.001,1.1087215542793274,1.2051881849765778,0.09646403789520264,2.5702124162307882e-06,1.1100001536720328,1.4806946218013763,0.20943729082743326,22.395925582550078,0.9998750468574285,23.444989323317902,1.7527345615327896,False,1.4287406739313155
conditioned,905,25,0.001,2.22169429063797,2.307184010744095,0.08548733778297901,2.3745464545754658e-06,1.0670100116026855,1.4233540892601013,0.1909809112548828,15.781148397365923,0.9999204843638181,23.446301569251403,1.7546704731154268,False,1.4756829042453319
conditioned,906,25,0.001,1.3784062266349792,1.4738288074731827,0.09542002156376839,2.5503984488750575e-06,1.1047402808781803,1.473440945148468,0.20665399233500162,19.040408822088523,0.9999204843638181,23.44767757894924,1.7570138702501614,False,1.4547490479890257
conditioned,907,25,0.001,1.3721104711294174,1.4368860498070717,0.06477359309792519,1.9958181951551524e-06,0.9786437590456303,1.304539829492569,0.1513976256052653,7.941893295126058,0.9999091249872207,23.449030863262664,1.7592912226984558,False,1.4453636121470481
conditioned,908,25,0.001,1.1370475590229034,1.202817752957344,0.06576816737651825,2.0091595160920406e-06,0.9802399347897399,1.307057410478592,0.15219744046529132,16.463698227853612,0.9999204843638181,23.450366622276803,1.7614192094204468,False,1.414415810490027
conditioned,909,25,0.001,1.015493020415306,1.077352225780487,0.06185724772512913,1.933422936417628e-06,0.9605002330655363,1.280245691537857,0.14320063591003418,7.392163768284246,0.9999091249872207,23.45167174047094,1.7632619379768524,False,1.3775383096653968
conditioned,910,25,0.001,1.4039124846458435,1.4661909490823746,0.06227653380483389,1.9500642451930617e-06,0.9665337613157032,1.287045180797577,0.14527495702107746,9.135618071764638,0.9999091249872207,23.452919293786977,1.7648403989853005,False,1.3859154016245157
conditioned,911,25,0.001,0.8429764844477177,0.8993144817650318,0.056336160749197006,1.832287352954154e-06,0.935692195755625,1.245875507593155,0.13166411717732746,14.645372039630193,0.9999204843638181,23.454152515790476,1.766570101485717,False,1.3162705996073782
conditioned,912,25,0.001,1.2228987514972687,1.262545883655548,0.03964564157649875,1.5011960101674049e-06,0.847833193021521,1.1272016763687134,0.09299858411153157,17.796976044514285,0.9999204843638181,23.455403647769135,1.7684734142505725,False,1.303684778045863
conditioned,913,25,0.001,1.3576224893331528,1.3927886635065079,0.03516474273055792,1.4097375924393418e-06,0.8222362456652158,1.0921006500720978,0.08173727989196777,22.296822896834552,0.9999204843638181,23.45650942037642,1.7696331777873675,False,1.3229180467315018
conditioned,914,25,0.001,0.8476826772093773,0.8764706403017044,0.028786685317754745,1.2685726460404112e-06,0.7802208438727803,1.0362765491008759,0.06497510274251302,13.397282031515124,0.9999204843638181,23.457595256369814,1.770840408655782,False,1.2745444178581238
conditioned,915,25,0.001,1.0835072845220566,1.1148267090320587,0.03131809597834945,1.326845051607961e-06,0.7970236001218858,1.0569970160722733,0.07152469952901204,9.685753058436635,0.9999204843638181,23.458646258355277,1.7720981410904555,False,1.2513005398213863
conditioned,916,25,0.001,0.8153421431779861,0.8415921181440353,0.026248785201460123,1.210732222034494e-06,0.7615024120385961,1.0101271271705627,0.0581060250600179,14.877006879075712,0.9999204843638181,23.459680063948472,1.7735773457017472,False,1.1937155397608876
conditioned,917,25,0.001,2.6027692556381226,2.627994567155838,0.025224033277481794,1.1889391942077054e-06,0.7547454625462695,1.0003851652145386,0.05545783042907715,26.322878842187336,0.9998977656106233,23.460747220498913,1.774063217155816,False,1.2820471292361617
conditioned,918,25,0.001,1.1080387607216835,1.133169747889042,0.025129797868430614,1.1885041999448731e-06,0.7545135777304461,0.999115988612175,0.05522108078002929,12.447572076957261,0.9999204843638181,23.461813820549818,1.774423562642882,False,1.2711378880776465
conditioned,919,25,0.001,1.8169456124305725,1.84356889128685,0.026622016448527575,1.2258546462362574e-06,0.7659505611446389,1.0129456669092178,0.05913225809733073,20.764214599002308,0.9999204843638181,23.46289545394263,1.775247811679379,False,1.3334480666089803
conditioned,920,25,0.001,1.9966630041599274,2.0173926949501038,0.02072866540402174,1.084587594846198e-06,0.7197911356487491,0.9503704607486725,0.043943723042805985,20.897179095410667,0.9999204843638181,23.464058338364712,1.776624751407395,False,1.3889444072265178
conditioned,921,25,0.001,1.3305458277463913,1.349921390414238,0.019374487921595573,1.056311788261155e-06,0.7115630868808936,0.9387407004833221,0.04023885726928711,7.150115517503507,0.9999204843638181,23.46524628186368,1.7778153075627345,False,1.3332476282957941
conditioned,922,25,0.001,1.7775128483772278,1.7936668992042542,0.016153095988556743,9.721413931629286e-07,0.6816470116175183,0.8974319249391556,0.03232185045878092,28.67459599209646,0.9999204843638181,23.466416386847346,1.7780759610732013,False,1.3581917921546847
conditioned,923,25,0.001,1.6102485656738281,1.6319818198680878,0.021732175955548882,1.112471053943409e-06,0.7278520451330242,0.9582721292972565,0.047031561533610024,14.718780785018085,0.9997841718446492,23.467553234924083,1.7779502326423475,False,1.3730754230637103
conditioned,924,25,0.001,1.2297151684761047,1.242433950304985,0.01271785912103951,8.800246433793291e-07,0.6490333407407942,0.853748083114624,0.023631175359090168,27.862873426066002,0.9999091249872207,23.468684322519717,1.7783494345907696,False,1.3788671486545354
conditioned,925,25,0.001,1.3618581295013428,1.3776002526283264,0.015741182956844568,9.639272491313022e-07,0.6789355648381574,0.8929832130670547,0.03118729591369629,61.567825785004054,0.9999204843638181,23.470055171768006,1.777550726509468,False,1.4005149679724127
conditioned,926,25,0.001,1.3071430921554565,1.3279084414243698,0.02076424239203334,1.087950522560277e-06,0.7204736357683387,0.9496090710163116,0.044280687967936196,11.792964705679617,0.9999204843638181,23.471600905687836,1.7769272507384222,False,1.3944668809417635
conditioned,927,25,0.001,2.3477831184864044,2.3682037591934204,0.020419579930603504,1.0770981617724829e-06,0.7173256690593616,0.9470656216144562,0.043412208557128906,18.56327949073923,0.9998182499744414,23.47324184021926,1.775772531697309,False,1.4885172955691814
conditioned,928,25,0.001,0.8597606346011162,0.8805996403098106,0.020837937016040087,1.0930663449926215e-06,0.7239456371188784,0.9553984850645065,0.044350941975911454,7.5749769622828955,0.9999204843638181,23.47492668097392,1.774603785787151,False,1.465821163263172
conditioned,929,25,0.001,0.7183797582983971,0.7393395714461803,0.020958709996193647,1.088500297896644e-06,0.7215338437451315,0.9542841613292694,0.044759909311930336,9.070987946463788,0.9999204843638181,23.476587930165156,1.773813552269298,False,1.4258684925734997
conditioned,930,25,0.001,1.0121174901723862,1.0403826236724854,0.028263843152672052,1.2660729282742977e-06,0.7792258001705711,1.0307466983795166,0.06405536333719888,10.202852520641414,0.9999204843638181,23.478212288819293,1.7730015040052665,False,1.4361456683836877
conditioned,931,25,0.001,1.9393523931503296,1.9682441353797913,0.02889046398922801,1.276312588061046e-06,0.7816752690579057,1.03483846783638,0.06562272707621256,18.46267433018973,0.9999204843638181,23.479795228892634,1.7724353114130422,False,1.4896359876729548
conditioned,932,25,0.001,1.505934625864029,1.5420119762420654,0.03607586957514286,1.4375013108747225e-06,0.830125788939906,1.0992738902568817,0.08414427439371744,17.498754304580846,0.9999204843638181,23.48136346401176,1.7722244621263525,False,1.5327980178408325
conditioned,933,25,0.001,0.8576278239488602,0.8897498026490211,0.03212063806131482,1.343685482879664e-06,0.8003615689742077,1.0599088370800018,0.07335750261942545,7.873604513186871,0.9999091249872207,23.482891381999746,1.7722348112605555,False,1.4237266783602536
conditioned,934,25,0.001,1.335059568285942,1.3719069361686707,0.036845949944108725,1.4526358143029938e-06,0.8340294703961673,1.1046097874641418,0.08591524759928384,16.067438442693526,0.9999091249872207,23.48438048565725,1.7721323909985083,False,1.4379154788330197
conditioned,935,25,0.001,1.2165946662425995,1.2498801946640015,0.0332841407507658,1.3654017152475717e-06,0.8063373692441708,1.0689192563295364,0.0764776070912679,13.43274477133303,0.9997955312212465,23.48580947148999,1.771914655745474,False,1.4003935446962714
conditioned,936,25,0.001,1.4403679221868515,1.474444955587387,0.03407564386725426,1.3906214917369653e-06,0.8161672293534105,1.0816571116447449,0.07906643549601236,15.502079360069727,0.9999204843638181,23.487188489122456,1.7714246579338289,False,1.3656251020729542
conditioned,937,26,0.001,0.8889686018228531,0.9254027679562569,0.036432729102671146,1.440340383851435e-06,0.830939409524117,1.1022420227527618,0.08523305257161458,11.117609837795825,0.9999204843638181,23.488520769957006,1.7711147563274863,False,1.338026525452733
conditioned,938,26,0.001,1.1664624735713005,1.2064827233552933,0.040018774569034576,1.5145669465255196e-06,0.8526178433265245,1.1325584053993225,0.09454878171284993,8.757657424653743,0.9999204843638181,23.489823516056667,1.770906013799921,False,1.2998358770273626
conditioned,939,26,0.001,1.2562738358974457,1.290292501449585,0.03401723876595497,1.3828560838646808e-06,0.813840473915963,1.081127017736435,0.07922641436258951,21.433329788125597,0.9999204843638181,23.491082050596138,1.7701596558735166,False,1.2777124564163387
conditioned,940,26,0.001,1.2883974760770798,1.322056770324707,0.033657916355878115,1.371418250073475e-06,0.8110819162606133,1.0794993937015533,0.07854954401652017,16.218760196370287,0.9999204843638181,23.492339478751543,1.7698335360307793,False,1.2813801006413996
conditioned,941,26,0.001,0.9732023030519485,1.0137473791837692,0.04054352268576622,1.5147384431202227e-06,0.8516631530661408,1.1343119442462921,0.09570566813151041,8.350567126753372,0.9999091249872207,23.4935893602352,1.769696813625908,False,1.2570891114883125
conditioned,942,26,0.001,0.878878828138113,0.9197611808776855,0.040880841203033924,1.5210837887025264e-06,0.852886699330595,1.1356368362903595,0.09638396898905435,12.518179152045944,0.9999204843638181,23.494780518741532,1.7691070811828518,False,1.2303225949872285
conditioned,943,26,0.001,1.9010658264160156,1.9486995935440063,0.047632100991904736,1.6540642775453307e-06,0.8889525910305263,1.1853353083133698,0.11229785283406575,19.001404176068164,0.9997955312212465,23.495931939529946,1.7679766504697114,False,1.2024027642328292
conditioned,944,26,0.001,1.293141171336174,1.3480193465948105,0.05487638991326094,1.7998785040163057e-06,0.9290633517916533,1.2398212850093842,0.12979578971862793,20.16089043042296,0.9999204843638181,23.49703017022915,1.7664398050588415,False,1.2294890477787703
conditioned,945,26,0.001,1.519043505191803,1.5799042880535126,0.06085889879614115,1.9064002287905168e-06,0.9561157286758433,1.2790420651435852,0.14283553759256998,10.181202579007236,0.9999091249872207,23.498075491086347,1.7652900854911953,False,1.2795305319596082
conditioned,946,26,0.001,0.978962779045105,1.03218474984169,0.05322021897882223,1.7550965480950254e-06,0.9174323222063865,1.2285963892936707,0.12654813130696613,12.211919272361076,0.9999204843638181,23.49908561122035,1.7644104582180093,False,1.2774583625141531
conditioned,947,26,0.001,0.901440292596817,0.9686247110366821,0.06718241237103939,2.0098938193768845e-06,0.9791438767929852,1.3130790889263153,0.1540077527364095,9.84675544222417,0.9997955312212465,23.500082031121185,1.7637363637277899,False,1.2125888562295586
conditioned,948,26,0.001,1.3615832328796387,1.4227315485477448,0.06114641949534416,1.898760388030496e-06,0.9539369087056767,1.2803381383419037,0.14370473225911456,16.66102269657217,0.9999204843638181,23.501061290976768,1.7627336682502959,False,1.2035668941680342
conditioned,949,26,0.001,1.5665595829486847,1.6460548341274261,0.07949306629598141,2.234236262665945e-06,1.0342168785980594,1.388733595609665,0.1789259115854899,12.834293537921374,0.9999204843638181,23.502081635457138,1.7619537601030237,False,1.2478751291055232
conditioned,950,26,0.001,0.8738738372921944,0.9498017728328705,0.07592577580362558,2.1624968553624058e-06,1.0173721009605938,1.3682959973812103,0.17258659998575845,18.82927624373413,0.9999091249872207,23.503188914728156,1.761394070677869,False,1.219051020918414
conditioned,951,26,0.001,1.6752986311912537,1.7440499067306519,0.06874924059957266,2.0298757306136395e-06,0.9867973343505974,1.3285358250141144,0.15993809700012207,14.942733933531933,0.9999204843638181,23.504332694148758,1.7612038096005753,False,1.2477200187277049
conditioned,952,26,0.001,1.3620341420173645,1.4415782392024994,0.07954182475805283,2.2250467850426503e-06,1.032476440485153,1.3898129761219025,0.17985773086547852,17.023198184995202,0.9999204843638181,23.50548660638051,1.7615457183293577,False,1.242824157467112
conditioned,953,26,0.001,2.1266922652721405,2.2039089500904083,0.07721449621021748,2.18345331859382e-06,1.0234357065730382,1.378068745136261,0.17630592981974283,16.546181414681154,0.9999091249872207,23.50665303063731,1.7618668646229956,False,1.3201818864326924
conditioned,954,26,0.001,1.5745649635791779,1.655422866344452,0.08085569646209478,2.2465088704848313e-06,1.0363097812812092,1.3947915136814117,0.18135666847229004,18.137533925609993,0.9999204843638181,23.50783665358725,1.7619574010902983,False,1.3456882920581847
conditioned,955,26,0.001,1.1724878400564194,1.2485406026244164,0.07605060189962387,2.161144948331639e-06,1.0179022363036867,1.370783805847168,0.17414395014444986,10.719567902943242,0.9999204843638181,23.508992248332554,1.7621959256135722,False,1.3404516673181206
conditioned,956,26,0.001,1.3337600529193878,1.4046213626861572,0.07085925340652466,2.0640573552554997e-06,0.9947511776364446,1.3404908180236816,0.1644025643666585,14.728789884515587,0.9999204843638181,23.510170680975445,1.7629665253690008,False,1.3432868283707649
conditioned,957,26,0.001,1.1434134393930435,1.2157393246889114,0.07232379913330078,2.0891691292490577e-06,0.9994865341803412,1.3463467061519623,0.16623846689860025,11.084961762290853,0.9999088883335416,23.51133882476984,1.7638136858500302,False,1.3539250243920833
conditioned,958,26,0.001,1.389506682753563,1.462651640176773,0.07314285729080439,2.1069309354970756e-06,1.0042302486236119,1.3522426187992096,0.16824094454447427,16.583291660098087,0.9999204843638181,23.5124505104066,1.7651443896040757,False,1.385839265305549
conditioned,959,26,0.001,0.8029912561178207,0.8709040954709053,0.06791080813854933,2.0152248225713265e-06,0.981675106997333,1.3200927674770355,0.15781203905741373,6.972377349294722,0.9999091249872207,23.513534648538066,1.7662778501243086,False,1.3172096046619117
conditioned,960,26,0.001,1.5642084032297134,1.6266531348228455,0.06244280282407999,1.9159855924044678e-06,0.9572406986496567,1.286334902048111,0.14687657356262207,9.756526679863484,0.9999091249872207,23.514598265181828,1.7672240301708022,False,1.334151306655258
conditioned,961,26,0.001,1.4212895035743713,1.4728097170591354,0.05151848495006561,1.7124634723586496e-06,0.9060805690987405,1.2165257036685944,0.12408685684204102,13.75406950650496,0.9999204843638181,23.51562728205128,1.7678634898347045,False,1.3280416815541685
conditioned,962,26,0.001,1.1778187975287437,1.236468181014061,0.05864754505455494,1.8499256668746966e-06,0.940772462258648,1.2623891532421112,0.13916254043579102,11.608245514187276,0.9999204843638181,23.51659481502962,1.768453360994518,False,1.3404701827093959
conditioned,963,26,0.001,0.8732617646455765,0.9314797520637512,0.058216141536831856,1.8431600494750455e-06,0.9386855598312995,1.2587599754333496,0.13798395792643228,10.805842964666903,0.9998977656106233,23.51751501826568,1.7693854641659748,False,1.3387090247124434
conditioned,964,26,0.001,1.9722427725791931,2.0233858227729797,0.05114137101918459,1.7100265097269585e-06,0.9044662714682423,1.2116435766220093,0.12247252464294434,10.375101127738306,0.9999091249872207,23.518415578794635,1.7703182138808709,False,1.3768752459436655
conditioned,965,26,0.001,1.3876062035560608,1.4313466846942902,0.043738873675465584,1.5614798485330539e-06,0.8641055510971085,1.1575263440608978,0.105057160059611,11.66559866461092,0.9998636874808311,23.519287115465044,1.770857507399406,False,1.3656906597316265
conditioned,966,26,0.001,1.7541903853416443,1.8039917200803757,0.04979964438825846,1.688242207364965e-06,0.8991571089052709,1.2033434808254242,0.11978475252787271,20.826853139317148,0.9998975289569442,23.52016647582893,1.7716044378117362,False,1.4207104439847171
conditioned,967,26,0.001,1.0698429942131042,1.1072935611009598,0.03744914382696152,1.440273024400085e-06,0.831153644786204,1.1112215518951416,0.08973121643066406,7.106578103122072,0.9999204843638181,23.521011968418364,1.7722949875871246,False,1.3828694666735828
conditioned,968,26,0.001,1.3226041495800018,1.356532335281372,0.03392682317644358,1.3647167804720084e-06,0.8089809960382901,1.0815472602844238,0.08042701085408528,21.398269903953214,0.9998977656106233,23.521882043266107,1.7731123774558328,False,1.3804050921462476
conditioned,969,26,0.001,1.4670774042606354,1.5052455514669418,0.03816670645028353,1.4602556177578663e-06,0.8370995068282316,1.1175191700458527,0.09160558382670084,8.041235991682681,0.9999204843638181,23.522734905903135,1.773754148993426,False,1.3391791633330286
conditioned,970,26,0.001,1.203372210264206,1.2350405752658844,0.03166704485192895,1.3206272058141622e-06,0.795487104557898,1.0610094368457794,0.0742499033610026,15.234408327724077,0.9999091249872207,23.523599670645975,1.7746988649503497,False,1.3159796162508428
conditioned,971,26,0.001,1.049730896949768,1.0806923359632492,0.0309601160697639,1.3111150281019945e-06,0.7928911048599698,1.0554063320159912,0.07237164179484049,9.176811340496233,0.9999091249872207,23.52444153286749,1.7756985268031824,False,1.308307307306677
conditioned,972,26,0.001,1.4314299523830414,1.4639543294906616,0.03252307791262865,1.3427406599930691e-06,0.8008325450168404,1.0654031187295914,0.07613746325174967,11.549117268086938,0.9999091249872207,23.525283725496568,1.7768530408491774,False,1.3144116760231555
conditioned,973,27,0.001,1.182794600725174,1.2115547358989716,0.028758903965353966,1.2636765518436732e-06,0.7776379418003951,1.033191591501236,0.0663916269938151,13.33029072375264,0.9998977656106233,23.5261107691577,1.777807669028946,False,1.3168729986064136
conditioned,974,27,0.001,1.036531001329422,1.0626319199800491,0.026099718641489744,1.2039224088766787e-06,0.7581460588182773,1.0054981708526611,0.05894096692403157,7.131050905991261,0.9999204843638181,23.526957050630216,1.7787313810578196,False,1.2948120185174048
conditioned,975,27,0.001,1.4598645716905594,1.4848101735115051,0.024944419506937265,1.185936753245187e-06,0.7540252699630494,0.9982055723667145,0.055915514628092446,14.014806835699455,0.9999204843638181,23.52774878476213,1.7793563917072126,False,1.335866600740701
conditioned,976,27,0.001,1.9141590595245361,1.9335772693157196,0.019417185336351395,1.0545365967118414e-06,0.7110410501289908,0.9394830912351608,0.04076139132181803,18.05934991896291,0.9999204843638181,23.528457079478738,1.7796815732750748,False,1.3577385167591274
conditioned,977,27,0.001,1.6849909126758575,1.710727483034134,0.025735344272106886,1.206355818794691e-06,0.7598438877020173,1.0043617337942123,0.05801224708557129,22.51431929723799,0.9999091249872207,23.529172494798203,1.779538197397832,False,1.3742198548279703
conditioned,978,27,0.001,1.3574528992176056,1.385725125670433,0.02827090723440051,1.264399287492779e-06,0.7780932309024725,1.0292856395244598,0.0650653044382731,11.149532637393275,0.9998864062340259,23.529938348818714,1.7792013839743617,False,1.3854469861835241
conditioned,979,27,0.001,0.8792934566736221,0.9004105404019356,0.02111597522161901,1.084866426026565e-06,0.7190609848323256,0.9524768441915512,0.045481204986572266,13.357493084965725,0.9999204843638181,23.530726493654107,1.7785203773927858,False,1.385823966935277
conditioned,980,27,0.001,1.6364051699638367,1.6616070717573166,0.025200760457664728,1.1855420325446175e-06,0.7531195406922606,0.9987464249134064,0.056709130605061844,13.899703713641724,0.9999204843638181,23.53151361272528,1.7781495376507324,False,1.3648341167718172
conditioned,981,27,0.001,1.5227092057466507,1.5516575276851654,0.028947023674845695,1.272966869692027e-06,0.7814783515495891,1.0374716818332672,0.06720685958862305,11.69446720593072,0.9999204843638181,23.532346868032455,1.7782064757198752,False,1.373278054408729
conditioned,982,27,0.001,1.0646581575274467,1.084589384496212,0.01993017876520753,1.0538793731029727e-06,0.7111505711882348,0.9461766183376312,0.042303244272867836,12.090650121534189,0.9997955312212465,23.533169441926386,1.778363577644852,False,1.3301822901703417
conditioned,983,27,0.001,1.1611550450325012,1.190095067024231,0.02893877774477005,1.2630105175048811e-06,0.7766033941127989,1.0327233970165253,0.066864808400472,8.247812262123569,0.9999204843638181,23.53400736792208,1.778451029816489,False,1.335889293346554
conditioned,984,27,0.001,1.322783201932907,1.3445711359381676,0.021786867640912533,1.0965881074298522e-06,0.7250167377382071,0.9654226303100586,0.04748884836832682,17.833371735804548,0.9999091249872207,23.53484490012809,1.7785211841962674,False,1.3359004841186106
conditioned,985,27,0.001,0.5562477931380272,0.5828110426664352,0.02656203554943204,1.2060496601407067e-06,0.7596083703834531,1.01216459274292,0.060630639394124344,14.794355707640305,0.9999204843638181,23.535678627972043,1.7791161080236755,False,1.2789736334234476
conditioned,986,27,0.001,1.3080414682626724,1.32865709066391,0.020614570006728172,1.0653305650976108e-06,0.7150226188149216,0.9538330286741257,0.044303735097249344,15.993661032291856,0.9999204843638181,23.53654705478201,1.7793501135954328,False,1.2855154620483518
conditioned,987,27,0.001,0.9050339311361313,0.9301046878099442,0.02506961300969124,1.1580655012721763e-06,0.7416183233746844,0.9902869015932083,0.05636135737101237,11.976357707995396,0.9999204843638181,23.537459531585675,1.7798442605515532,False,1.2764719016849995
conditioned,988,27,0.001,1.0782681852579117,1.1005672812461853,0.02229796815663576,1.09807018588981e-06,0.7246751172724843,0.9686190187931061,0.04900026321411132,24.175792435864793,0.9998864062340259,23.538352059193578,1.7804839439709004,False,1.2543992912396789
conditioned,989,27,0.001,1.9710517674684525,1.9914021044969559,0.02034921571612358,1.0499936422547762e-06,0.7091306890131169,0.9488507509231567,0.04368329048156738,18.12776692505549,0.9998977656106233,23.539229967990945,1.7808400112901486,False,1.3036653641611338
conditioned,990,27,0.001,1.941693127155304,1.9659578502178192,0.024263587780296803,1.141060977261077e-06,0.7389654160713492,0.9895460158586502,0.054472843805948884,14.233908288811286,0.9999204843638181,23.540108027470176,1.7814179319527472,False,1.3602379970252514
conditioned,991,27,0.001,1.4070217311382294,1.4262087047100067,0.01918595004826784,1.0113788704302351e-06,0.695493494484463,0.9344381242990494,0.040561676025390625,14.059389326562119,0.9998523281042336,23.541033527952024,1.7821691633129992,False,1.3569353194907308
conditioned,992,27,0.001,0.7274040132761002,0.7449226230382919,0.017517626052722335,9.701897454306163e-07,0.6811738709438532,0.9149175584316254,0.03612454732259114,8.889787029474379,0.9999204843638181,23.541936213915633,1.7826151854331393,False,1.2827631291002035
conditioned,993,27,0.001,1.0917224287986755,1.1097395420074463,0.018016170477494597,9.82076812761079e-07,0.6859364372822482,0.9225856363773346,0.03739666938781738,8.922062745775952,0.9999204843638181,23.542868927505623,1.782953378206225,False,1.2456838488578796
conditioned,994,27,0.001,1.3635953590273857,1.3818494454026222,0.018253126880154014,9.834161147637133e-07,0.6859178096728562,0.9239544868469238,0.0382077693939209,11.475314614711788,0.9999204843638181,23.543709712667216,1.7827453010672776,False,1.246067752595991
conditioned,995,27,0.001,1.4004185311496258,1.418812707066536,0.018393162172287703,9.85038312251163e-07,0.6867810092906385,0.9265458583831787,0.03848632176717122,64.00242006694033,0.9999091249872207,23.54458969580986,1.7836396854502197,False,1.2786380697507411
conditioned,996,27,0.001,0.9839077033102512,0.998750627040863,0.014841989148408175,8.962809090462542e-07,0.6556315590027558,0.8844357579946518,0.028922319412231445,7.980572999014753,0.9999091249872207,23.545820573985083,1.784634766972741,False,1.237856978084892
conditioned,997,27,0.001,1.0846826806664467,1.0971784219145775,0.012494914815761149,8.272520943819472e-07,0.6282800848303761,0.8474148511886597,0.023463169733683266,11.131555541605756,0.9999204843638181,23.54725402364738,1.7854580900905412,False,1.2104803202673793
conditioned,998,27,0.001,2.002571940422058,2.0141111612319946,0.011538467602804303,7.988950869730616e-07,0.6167347769682683,0.8313779383897781,0.021272102991739907,34.936488264977804,0.9999204843638181,23.54897448513359,1.7859130295899446,False,1.2690999316982925
conditioned,999,27,0.001,0.6030997410416603,0.6093618720769882,0.006261479342356324,6.422052507559783e-07,0.5549158516118677,0.7489934414625168,0.008816878000895182,7.920761253757053,0.9999204843638181,23.550824542647142,1.7866052790893066,False,1.234221475198865
conditioned,1000,27,0.001,1.2670724242925644,1.2772141098976135,0.010140921687707305,7.611337338175872e-07,0.6033760351320392,0.814810261130333,0.01756572723388672,9.806762146854055,0.9999204843638181,23.552685040453902,1.7872813962268765,False,1.2307395515963435
conditioned,1001,27,0.001,0.8358414247632027,0.846822090446949,0.010979873593896627,7.857261579147234e-07,0.6133623276680316,0.8288228809833527,0.01952083905537923,11.010302154951994,0.9999204843638181,23.554560986410824,1.78809528550497,False,1.248214153572917
conditioned,1002,27,0.001,1.9223775267601013,1.9284107089042664,0.006032472709193826,6.3179319909068e-07,0.5505632281066548,0.7450536489486694,0.008422215779622395,15.72715860579189,0.9999091249872207,23.55643989297698,1.788672626347517,False,1.2866101572290063
conditioned,1003,27,0.001,1.5772197544574738,1.5823468714952469,0.0051265982910990715,5.928001911570391e-07,0.5319878561407448,0.7200607806444168,0.007130940755208333,18.572236130479546,0.9999204843638181,23.55829936596924,1.7888296286216498,False,1.3286217711865902
conditioned,1004,27,0.001,2.0737917125225067,2.0807167887687683,0.0069243717298377305,6.401246963605445e-07,0.5493963891105277,0.7435342967510223,0.011643330256144205,37.98569548687838,0.9998977656106233,23.560236679544932,1.7884758745255913,False,1.3908419916406274
conditioned,1005,27,0.001,1.4164277762174606,1.4235092848539352,0.007080829469487071,6.633223392782384e-07,0.5632159128415353,0.7620255798101425,0.010972897211710611,13.079639268168938,0.9999091249872207,23.562225112710312,1.7879353198890922,False,1.3561779921874404
conditioned,1006,27,0.001,1.2584086209535599,1.2675387114286423,0.00912936928216368,7.315579466649069e-07,0.5920910545335435,0.8003623485565186,0.015367428461710611,14.27334981704733,0.9999204843638181,23.56426074529065,1.78742216893574,False,1.3134727105498314
conditioned,1007,27,0.001,1.2586635202169418,1.2664066851139069,0.007742453832179308,6.776226655347273e-07,0.5677096232663862,0.7683447748422623,0.012904802958170572,15.415599388227518,0.999806890597844,23.5662934830107,1.7877710332596823,False,1.304200322367251
conditioned,1008,27,0.001,1.969201385974884,1.977906510233879,0.008704392006620765,7.171774001335507e-07,0.5862859199290258,0.7933730334043503,0.014478047688802082,33.14539347937654,0.9999204843638181,23.568286631456978,1.7864578696144189,False,1.381812658160925
conditioned,1009,28,0.001,0.8268578574061394,0.8366398885846138,0.009781306143850088,7.394977075136921e-07,0.5929380035447233,0.8028863072395325,0.017649491628011067,9.721007157640388,0.999920247710139,23.57027876019653,1.7858471547559363,False,1.3652586224488914
conditioned,1010,28,0.001,1.4876804649829865,1.4972502291202545,0.009569051559083164,7.394410346250879e-07,0.5943017392564013,0.8043434470891953,0.01682178179423014,9.068143116472998,0.9999204843638181,23.57219833234962,1.7850963434514822,False,1.3730139415711164
conditioned,1011,28,0.001,1.1759965121746063,1.1885742545127869,0.012576934765093029,8.254015426700789e-07,0.628112072692055,0.8503558188676834,0.024036169052124023,7.9042176549405125,0.9999204843638181,23.574044888268475,1.7842125270661953,False,1.3589875653851777
conditioned,1012,28,0.001,0.6975834369659424,0.7091557011008263,0.011571467039175332,7.932311518743518e-07,0.6146995651952296,0.8324415236711502,0.02187824249267578,7.190822657410762,0.9998977656106233,23.57583130561812,1.7833865723735158,False,1.3410922987386584
conditioned,1013,28,0.001,1.3892803341150284,1.4051533341407776,0.015872038900852203,9.097740587549197e-07,0.6591167369732517,0.8932731598615646,0.03259936968485514,9.50165900211583,0.9999204843638181,23.57754708163824,1.7828011864221374,False,1.3601296520791948
conditioned,1014,28,0.001,1.1388622224330902,1.1529347151517868,0.014071608893573284,8.688876249607347e-07,0.6456263379534716,0.8745532184839249,0.027628501256306965,9.1823828735618,0.9999204843638181,23.579148504031643,1.7820756406736347,False,1.3061477947048843
conditioned,1015,28,0.001,1.117654725909233,1.142971932888031,0.02531608147546649,1.139364542268595e-06,0.7382721534348111,0.9998262375593185,0.05775340398152669,10.63210982023905,0.9999204843638181,23.580643969179867,1.7813923377607876,False,1.3383074812591076
conditioned,1016,28,0.001,0.9208425134420395,0.9401298463344574,0.01928634149953723,9.88524931244683e-07,0.6853673106107291,0.9292618036270142,0.041806697845458984,12.991510621115996,0.9998864062340259,23.582081216164998,1.7802743172476951,False,1.3166681118309498
conditioned,1017,28,0.001,1.3283077776432037,1.3554688394069672,0.02715989015996456,1.173789584640872e-06,0.7484226935981207,1.015428900718689,0.06279373168945312,9.462896007600087,0.9999091249872207,23.583474787313538,1.7792626808472916,False,1.3474472588859499
conditioned,1018,28,0.001,1.9344201683998108,1.9647585079073906,0.030337095260620117,1.2430720630618453e-06,0.7707603713908854,1.046474277973175,0.07150101661682129,18.70559386075227,0.9998409687276363,23.584764215786823,1.7775765224412823,False,1.3481999239884317
conditioned,1019,28,0.001,1.097128763794899,1.137438490986824,0.04030829109251499,1.4541082578034548e-06,0.8349611325231676,1.1337246298789978,0.09755293528238931,9.334100877585026,0.9999204843638181,23.58597013264304,1.7760432960951686,False,1.3181942370720208
conditioned,1020,28,0.001,1.3288187831640244,1.3720794469118118,0.043259148951619864,1.5089985652139148e-06,0.8495577646248634,1.1541540622711182,0.10441048940022786,10.131000368306868,0.9999204843638181,23.587114664788977,1.774793480543104,False,1.2716334289871156
conditioned,1021,28,0.001,1.5411932468414307,1.5934318751096725,0.05223694629967213,1.684957226188999e-06,0.8985371952973821,1.2210047543048859,0.12570103009541828,12.660305525997678,0.9999091249872207,23.58819352186834,1.773557120283135,False,1.2794312709011137
conditioned,1022,28,0.001,1.0858114659786224,1.1282363831996918,0.0424234252423048,1.4898501774496253e-06,0.8446719374614128,1.1490190625190735,0.1027234395345052,9.39156444258498,0.9999204843638181,23.58919955432009,1.77228172809396,False,1.2686439487151802
conditioned,1023,28,0.001,1.4263013452291489,1.4856948107481003,0.05939166620373726,1.814429850810484e-06,0.9321389406360165,1.2682165503501892,0.14111868540445963,10.814336058642304,0.9997955312212465,23.590160285378435,1.7712433057448222,False,1.279121312778443
conditioned,1024,28,0.001,1.4697987139225006,1.5296892821788788,0.05988870654255152,1.8247459649956e-06,0.9353928885248355,1.2727786004543304,0.14264893531799316,13.628174285915922,0.9998975289569442,23.591104752685798,1.7702358206997173,False,1.2479086457751691
conditioned,1025,28,0.001,0.9969311356544495,1.0683448612689972,0.0714117307215929,2.0323363969509955e-06,0.9868167255532052,1.3431921005249023,0.1654970645904541,18.155308628313612,0.9999204843638181,23.591983735033775,1.7691617066664422,False,1.2585382256656885
conditioned,1026,28,0.001,0.9430832266807556,1.0290034264326096,0.08591793477535248,2.2859885575599037e-06,1.0461276164729665,1.4240516126155853,0.19134243329366046,7.805621401790365,0.9999204843638181,23.592858833983616,1.7681815965638956,False,1.224500898271799
conditioned,1027,28,0.001,1.6062718033790588,1.690036952495575,0.08376290649175644,2.2470135263574775e-06,1.0373989944668105,1.4128514230251312,0.18785754839579263,14.980695816289849,0.9999204843638181,23.59372953826208,1.7677309552546763,False,1.2513931039720774
conditioned,1028,28,0.001,0.9816118776798248,1.0640956908464432,0.08248159661889076,2.2247711513045942e-06,1.0332944866323088,1.40799942612648,0.18672005335489908,7.612516203297333,0.9999204843638181,23.594545470448878,1.7673913365750882,False,1.269144881516695
conditioned,1029,28,0.001,1.0423480868339539,1.1214883923530579,0.0791381411254406,2.1625685349135892e-06,1.0181749363807189,1.3882025182247162,0.18033401171366373,6.329015443428513,0.9999204843638181,23.595333828767103,1.7673327434019193,False,1.2474616160616279
conditioned,1030,28,0.001,1.8089645206928253,1.8922345340251923,0.08326779119670391,2.2349972823576536e-06,1.0350889411992559,1.4111244976520538,0.18774930636088052,17.79025072399459,0.9999204843638181,23.596153725039773,1.7672555407590937,False,1.2893430097028613
conditioned,1031,28,0.001,1.3145468533039093,1.4047291427850723,0.09017990343272686,2.3506414663643227e-06,1.0608162468508975,1.446743220090866,0.19878323872884113,13.441411514218006,0.9999091249872207,23.59694954435039,1.7671977740670743,False,1.3016487676650286
conditioned,1032,28,0.001,1.5359668731689453,1.6224703192710876,0.08650120534002781,2.287575057380309e-06,1.047357217989869,1.4290120005607605,0.19348827997843424,26.190738015127206,0.9999204843638181,23.597798976836323,1.7674669517912336,False,1.3400940401479602
conditioned,1033,28,0.001,1.5185082107782364,1.5955249667167664,0.07701466046273708,2.121737509241939e-06,1.0084159548318334,1.3759864568710327,0.1766528288523356,13.412644488662394,0.9999204843638181,23.5986615571646,1.7674295907476096,False,1.3519815672188997
conditioned,1034,28,0.001,1.4938267171382904,1.5869153439998627,0.09308619610965252,2.4023676132856053e-06,1.073529200420119,1.4641660749912262,0.20458769798278809,17.706574772474603,0.9999091249872207,23.59951401996098,1.7673122377408415,False,1.3244444765150547
conditioned,1035,28,0.001,1.2189116179943085,1.3071953877806664,0.08828137628734112,2.3155929511631257e-06,1.0529495953220147,1.4368768334388733,0.19584449132283527,10.120628343365192,0.9999091249872207,23.600371419902984,1.7673307692656801,False,1.3320559049025178
conditioned,1036,28,0.001,0.6865333616733551,0.7742174118757248,0.0876817349344492,2.305102725586039e-06,1.0513436755705912,1.4352899491786957,0.19548654556274414,16.02971216849378,0.9999204843638181,23.601170114047385,1.7671905976612268,False,1.291913066059351
conditioned,1037,28,0.001,1.5274654924869537,1.616018369793892,0.08855053409934044,2.3157984401223075e-06,1.0535957070534838,1.439570277929306,0.19684171676635742,11.310340640017158,0.9999091249872207,23.601967322827527,1.767575682760814,False,1.2910550814121962
conditioned,1038,28,0.001,1.2538901567459106,1.3427645564079285,0.08887209184467793,2.3198545022751205e-06,1.0546213150723274,1.4414473176002502,0.19745683670043945,8.369175012915184,0.9999204843638181,23.602755543168094,1.7681847310403944,False,1.3015599995851517
conditioned,1039,28,0.001,1.3809901401400566,1.4847595244646072,0.10376684367656708,2.571393167727365e-06,1.1104640418349265,1.5176334381103516,0.22105995814005533,9.93130005980439,0.9999204843638181,23.60352558304783,1.7687416172637886,False,1.2987280492670834
conditioned,1040,28,0.001,1.2825337648391724,1.3765624463558197,0.09402628988027573,2.403912674253661e-06,1.0739010365703323,1.469082087278366,0.20619209607442218,8.523801125332188,0.9999204843638181,23.604279866796134,1.7692766091072043,False,1.2870239899493754
conditioned,1041,28,0.001,0.9857694953680038,1.084094412624836,0.09832244366407394,2.469512935476814e-06,1.0864746196147528,1.486972153186798,0.21126953760782877,6.86375070842113,0.9998977656106233,23.604996806269078,1.7698449597928656,False,1.2863263874314725
conditioned,1042,28,0.001,1.5088341981172562,1.5930879414081573,0.08425154723227024,2.230302015959751e-06,1.0344222770923857,1.4173761308193207,0.19000776608784992,17.30585585642473,0.9999204843638181,23.605706024495234,1.7707121723639994,False,1.3216858231462538
conditioned,1043,28,0.001,1.4015210270881653,1.4822503924369812,0.08072721026837826,2.1647899757226696e-06,1.0187051228783437,1.3970922827720642,0.18345260620117188,15.0500301202218,0.9998409687276363,23.606421024787075,1.7718968531027717,False,1.308888899628073
conditioned,1044,28,0.001,1.6533383876085281,1.7336764484643936,0.08033594861626625,2.1552408497882425e-06,1.015519123127909,1.3929726779460907,0.1818567117055257,12.577104473155387,0.9999204843638181,23.607101784352494,1.7731607074966482,False,1.350871806498617
conditioned,1045,29,0.001,1.7078762352466583,1.7899805456399918,0.08210206590592861,2.1891985397815006e-06,1.0247335021523747,1.4053680002689362,0.18616771697998047,11.72311322075036,0.9999091249872207,23.607806339343558,1.7742948356989374,False,1.392467315774411
conditioned,1046,29,0.001,1.2253385335206985,1.3006030023097992,0.07526237331330776,2.0677708221228386e-06,0.9952402850000988,1.365369826555252,0.17319758733113605,9.683474972604662,0.9998182499744414,23.608505935564395,1.7755157104298631,False,1.355990691576153
conditioned,1047,29,0.001,1.3233363628387451,1.3930774480104446,0.06973908841609955,1.9733848262148967e-06,0.9730381100198319,1.3346401453018188,0.16318106651306152,9.622479599821512,0.9999204843638181,23.60920425433424,1.7764588746081666,False,1.3565400359220803
conditioned,1048,29,0.001,1.1517665833234787,1.2149157375097275,0.06314727198332548,1.8533785635099775e-06,0.9421378672789477,1.292331576347351,0.1493243376413981,5.922799848832101,0.9999091249872207,23.60990344938232,1.777315703210822,False,1.3325275178067386
conditioned,1049,29,0.001,1.5169892311096191,1.5832016319036484,0.066210494376719,1.907850759153007e-06,0.9556490431181033,1.3108824491500854,0.15538899103800455,14.707568427816533,0.9999204843638181,23.6105564168705,1.7781493890391074,False,1.33243258157745
conditioned,1050,29,0.001,0.9469666630029678,1.0142791494727135,0.06731053255498409,1.929884916762603e-06,0.9615770481030527,1.3184863328933716,0.15782825152079263,13.939881101539765,0.9999204843638181,23.611199659233876,1.7790882613062418,False,1.2982538281939924
conditioned,1051,29,0.001,1.50824386626482,1.5679213479161263,0.059675716795027256,1.7930421165601729e-06,0.9272015115198697,1.271391600370407,0.14237006505330402,8.873339803922333,0.9999204843638181,23.611835589842826,1.7802499281602555,False,1.3163370937108994
conditioned,1052,29,0.001,0.8487176671624184,0.8962448611855507,0.04752561170607805,1.5634533951924823e-06,0.865483397333521,1.1875278949737549,0.11505881945292154,13.061442273791256,0.9999091249872207,23.612456347943812,1.7819194178370334,False,1.3264736128039658
conditioned,1053,29,0.001,1.3865364715456963,1.4304163455963135,0.04387837555259466,1.4943438486625382e-06,0.846660012735263,1.1617978811264038,0.10663819313049316,12.597270051358105,0.9999204843638181,23.61301742112038,1.7834283340690968,False,1.3176655489951372
conditioned,1054,29,0.001,0.6998021006584167,0.7407500296831131,0.04094648128375411,1.4328891779769037e-06,0.8268116586694811,1.1338952779769897,0.0980989933013916,12.044139590831131,0.9999091249872207,23.61357003278947,1.7850554080056185,False,1.2830350454896688
conditioned,1055,29,0.001,1.2052055150270462,1.244162693619728,0.03895579930394888,1.4000917190060136e-06,0.8194375186804458,1.1233268976211548,0.09410619735717773,10.042796682370948,0.9999204843638181,23.61409730528413,1.786242153635053,False,1.2720485064201057
conditioned,1056,29,0.001,1.5421675890684128,1.5686966925859451,0.026527928188443184,1.1372698622835742e-06,0.7382541281189077,1.0134750455617905,0.06110159556070963,8.55301475395325,0.9999204843638181,23.614652199166198,1.7875902572320956,False,1.2882756204344332
conditioned,1057,29,0.001,1.849352478981018,1.884579449892044,0.035225652158260345,1.324217123510607e-06,0.7972027018051295,1.0933665931224823,0.08447972933451334,16.6212423372051,0.9999091249872207,23.615207599703762,1.7886044184530463,False,1.3422495569102466
conditioned,1058,29,0.001,1.731639415025711,1.7574861645698547,0.0258456002920866,1.1199235530057194e-06,0.7315614623242858,1.0040593594312668,0.05920839309692383,20.696443586525973,0.9998409687276363,23.615807723555747,1.789581845937577,False,1.356174882967025
conditioned,1059,29,0.001,1.0430361330509186,1.0654165893793106,0.022379402071237564,1.046949776650763e-06,0.7083388815429119,0.9715085476636887,0.04974881807963053,8.502376273614551,0.9999204843638181,23.616415260266958,1.790477546010587,False,1.3337695770896971
conditioned,1060,29,0.001,1.18866728246212,1.2079276889562607,0.019259440479800105,9.724565472879476e-07,0.6818570796570479,0.9349952936172485,0.041428883870442704,12.050142032764809,0.9999204843638181,23.617012445111808,1.790933823997873,False,1.3047276330180466
conditioned,1061,29,0.001,1.4592443406581879,1.4858106523752213,0.02656514197587967,1.1425626382788323e-06,0.7396268872547873,1.01296865940094,0.0609285036722819,19.806199691213823,0.9999204843638181,23.617664971495532,1.790965137277675,False,1.2891881396062672
conditioned,1062,29,0.001,1.073326125741005,1.1009878814220428,0.02766052819788456,1.1677582847369194e-06,0.7477737607496662,1.0235542356967926,0.06390396753946939,11.664447157457786,0.9999204843638181,23.61834855269336,1.791506000294785,False,1.2796873641200364
conditioned,1063,29,0.001,1.6514734029769897,1.6690558046102524,0.01758153992705047,9.31566702888631e-07,0.6671594759087017,0.9148024171590805,0.036994616190592446,19.619267684634558,0.999806890597844,23.619021443988046,1.7923449176985176,False,1.3001959291286767
conditioned,1064,29,0.001,1.0122079253196716,1.0336244851350784,0.021415530471131206,1.0222545228089075e-06,0.6977936385007754,0.9553209841251373,0.04727888107299805,8.514661377909652,0.9999204843638181,23.61966955787933,1.79309799155445,False,1.2914735130034387
conditioned,1065,29,0.001,0.9660498648881912,0.985394574701786,0.01934371399693191,9.811228807166117e-07,0.685743264743097,0.9384017586708069,0.04149691263834635,8.388745819067704,0.9999204843638181,23.62032995090327,1.7937749291529073,False,1.2570398026145995
conditioned,1066,29,0.001,1.3188090026378632,1.3303072154521942,0.011497457628138363,7.751285693302634e-07,0.6085942075204617,0.8345547616481781,0.02148906389872233,16.519046405458887,0.9999091249872207,23.62095504046308,1.7941581397813537,False,1.2802799488417804
conditioned,1067,29,0.001,0.92939143627882,0.9468552842736244,0.01746292761527002,9.287950888392515e-07,0.6648549635299439,0.909570500254631,0.03695098559061686,10.734140520943589,0.9999091249872207,23.621534732730606,1.7945682258043665,False,1.2441016719676554
conditioned,1068,29,0.001,1.440747231245041,1.459595948457718,0.01884775422513485,9.714402153804258e-07,0.6819909575282185,0.9316630661487579,0.040224154790242515,20.2021039877539,0.9999204843638181,23.62217005958816,1.795199886892356,False,1.2811035197228193
conditioned,1069,29,0.001,1.0001961588859558,1.011176735162735,0.010979791637510061,7.661952423632101e-07,0.6055419162205709,0.8283314257860184,0.02015248934427897,9.64646166646905,0.9998977656106233,23.622807978721642,1.7956251974508404,False,1.2569572501815856
conditioned,1070,29,0.001,0.9058897346258163,0.9168576449155807,0.010967126581817865,7.707268565582126e-07,0.6077245986636134,0.8294574618339539,0.020041624704996742,9.99646156917099,0.9999204843638181,23.62347174112908,1.7961982865171593,False,1.269837727304548
conditioned,1071,29,0.001,1.209072656929493,1.2194774150848389,0.010403988417237997,7.528199006401337e-07,0.599540555645627,0.817246213555336,0.01899870236714681,15.34979848637179,0.9999204843638181,23.624203386463634,1.7966277733603238,False,1.270079423673451
conditioned,1072,29,0.001,1.6052804589271545,1.6181864738464355,0.012905159266665578,8.299790152932474e-07,0.6305439200029381,0.8572491109371185,0.024976094563802082,31.430369631571615,0.9999204843638181,23.625001891883862,1.798325175354521,False,1.2740239780396223
conditioned,1073,29,0.001,0.7154927253723145,0.719057098031044,0.003563828213373199,5.282364128333938e-07,0.5023595706871667,0.6829942613840103,0.0048139095306396484,15.370798187399094,0.9999204843638181,23.625822754019136,1.8001538234145493,False,1.2031577434390783
conditioned,1074,29,0.001,1.2495830953121185,1.2562166303396225,0.0066328353132121265,6.456734098492234e-07,0.5551130996519638,0.7513168156147003,0.01066279411315918,16.61158566503386,0.9999204843638181,23.62664965576086,1.8015193634280224,False,1.1730292234569788
conditioned,1075,29,0.001,0.8478154689073563,0.8504662811756134,0.00265029818910989,4.851949384487853e-07,0.47999620637071505,0.6484391987323761,0.00352787971496582,19.444688302411347,0.9999204843638181,23.62759914395095,1.8029704552483632,False,1.1608279319480062
conditioned,1076,29,0.001,1.3080866485834122,1.309221126139164,0.0011341053983642269,3.85158287485865e-07,0.4261508864239435,0.5739956125617027,0.0014386971791585286,28.29801563002854,0.9999204843638181,23.628551684008418,1.805079189885885,False,1.168291642330587
conditioned,1077,29,0.001,1.700044184923172,1.700388178229332,0.00034361946336503024,3.474358365451735e-07,0.407465679699836,0.5463860481977463,0.0005036195119222006,37.984353591813786,0.9999204843638181,23.629569289443587,1.8059383355004304,False,1.1833416325971484
conditioned,1078,29,0.001,1.452423945069313,1.4526373147964478,0.00021306356347849942,2.818585898012316e-07,0.36342333797224646,0.48543915152549744,0.0003032684326171875,52.93628760600232,0.999806890597844,23.63095445586429,1.8045417544894384,False,1.2070352463051677
conditioned,1079,29,0.001,1.9929897114634514,1.993931956589222,0.0009418215117875661,4.0197125628083086e-07,0.4378328021490183,0.5848321467638016,0.0011947949727376301,23.7654231070809,0.9999204843638181,23.632686429309985,1.802488244581466,False,1.2283800155855715
conditioned,1080,29,0.001,1.7060216963291168,1.7088392823934555,0.0028170136065455154,5.093190509342094e-07,0.49254424566058086,0.6577674448490143,0.0038926601409912105,26.806732682030162,0.9999204843638181,23.63465505400493,1.7999647262866534,False,1.2717433762736619
conditioned,1081,30,0.001,1.6876975297927856,1.69615638256073,0.008458134718239307,7.267129262800154e-07,0.5897061028435799,0.7876115143299103,0.014796813329060871,26.934287098946413,0.9999204843638181,23.63685463899282,1.7963879424311662,False,1.316846355330199
conditioned,1082,30,0.001,0.6717794090509415,0.6834489181637764,0.011668698978610337,8.196940513016671e-07,0.6259238463500937,0.8372366428375244,0.022703886032104492,13.515680491619417,0.9998864062340259,23.639185851975707,1.793240724002129,False,1.2764070057310164
conditioned,1083,30,0.001,0.5877624824643135,0.6116463467478752,0.023882733657956123,1.1402746622479754e-06,0.7393235864808287,0.9873868227005005,0.05502804120381673,9.108540232417162,0.9999204843638181,23.641586655589503,1.7903056089661922,False,1.2550551961176097
conditioned,1084,30,0.001,0.8112233430147171,0.838323637843132,0.02709907479584217,1.2142659784331045e-06,0.7625892373007535,1.0183852910995483,0.06367214520772298,27.778580127596022,0.9999204843638181,23.644048508254766,1.787975364481642,False,1.2157099531032145
conditioned,1085,30,0.001,1.5668808296322823,1.604752954095602,0.037870685569942,1.4510990524740919e-06,0.8329600060499047,1.1115889102220535,0.09109091758728027,20.600389393693057,0.9999091249872207,23.64659362490734,1.7864277100541766,False,1.25112774502486
conditioned,1086,30,0.001,1.301236405968666,1.3432081677019596,0.04197018314152956,1.537094931336469e-06,0.8582472756890287,1.1462039947509766,0.10116990407307942,25.84920164344971,0.9999204843638181,23.649177655925463,1.7855655119937066,False,1.275836911983788
conditioned,1087,30,0.001,1.1065943390130997,1.1521657854318619,0.04556988552212715,1.6122450574584946e-06,0.8791085028881902,1.1736904978752136,0.1095740000406901,16.166838638389756,0.9999204843638181,23.65178426287462,1.7845468608868997,False,1.2694320171140134
conditioned,1088,30,0.001,1.4490116313099861,1.505102977156639,0.05608952697366476,1.8198254565504612e-06,0.9334554213970412,1.24637171626091,0.13256367047627765,11.056909545223425,0.9999204843638181,23.65432462496579,1.7834821861397194,False,1.2596652153879404
conditioned,1089,30,0.001,1.3332979679107666,1.4006169736385345,0.06731703504920006,2.0350485954168107e-06,0.9877161211844707,1.319136768579483,0.15573700269063312,13.225440576122365,0.9999204843638181,23.656813765239352,1.7822307054390074,False,1.2982780430465937
conditioned,1090,30,0.001,1.9599654972553253,2.0235372483730316,0.06356974877417088,1.963365349411106e-06,0.9705691942474106,1.2968411147594452,0.14856386184692383,11.899721910191797,0.9999204843638181,23.659260920585247,1.7814155037099315,False,1.342676943168044
conditioned,1091,30,0.001,1.354322887957096,1.428993009030819,0.07466796785593033,2.170306970583624e-06,1.0204775455721222,1.363724172115326,0.16976054509480792,11.338180227887523,0.9999204843638181,23.661584332301995,1.7806959622246523,False,1.3743336568586528
conditioned,1092,30,0.001,0.8148408718407154,0.897245716303587,0.0824025385081768,2.3075467083799595e-06,1.0523332527206937,1.4075472950935364,0.18344775835673013,9.627064836683475,0.9999204843638181,23.663820342653857,1.7803576197481494,False,1.3435057958122343
conditioned,1093,30,0.001,1.3629885911941528,1.4391869753599167,0.07619623467326164,2.1937713086117583e-06,1.0260438836518684,1.372656762599945,0.17251960436503092,17.85827613761306,0.9999204843638181,23.665925945209707,1.7799126117479767,False,1.3224398212041706
conditioned,1094,30,0.001,1.4721689671278,1.5562602430582047,0.08408895321190357,2.336828231364052e-06,1.0581939400749212,1.4151591360569,0.18562833468119302,13.94281473746408,0.9999204843638181,23.66794390709678,1.7797141077665066,False,1.323673885082826
conditioned,1095,30,0.001,1.3932586014270782,1.4828989505767822,0.08963791094720364,2.4443986603728263e-06,1.082986538865216,1.446342408657074,0.19520600636800128,13.508061399204442,0.9999204843638181,23.669882252597464,1.7795151608394193,False,1.2861906907055527
conditioned,1096,30,0.001,0.7565408982336521,0.84419796615839,0.08765465021133423,2.412471474144695e-06,1.075665482354247,1.4353616833686829,0.19158069292704263,6.779333824862979,0.9999091249872207,23.671741210169078,1.779583584179571,False,1.2268481408245862
conditioned,1097,30,0.001,2.0683873891830444,2.1554193198680878,0.08702949061989784,2.405094903679128e-06,1.0736699702786352,1.4313208162784576,0.19011942545572916,20.803426454328157,0.9998409687276363,23.67349636808327,1.7798233791887879,False,1.2506412570364773
conditioned,1098,30,0.001,1.999105229973793,2.089925915002823,0.0908181332051754,2.4806273586364114e-06,1.0904326130510857,1.4514794945716858,0.19612034161885578,22.47430478091183,0.9999204843638181,23.6751942910903,1.7800581996083773,False,1.3335991208441556
conditioned,1099,30,0.001,0.9800190143287182,1.067054383456707,0.08703294023871422,2.4219477836595615e-06,1.0775907413460835,1.4316625893115997,0.18976489702860513,13.142770835980519,0.9998977656106233,23.676923596903887,1.7804534400699414,False,1.3581151540856808
conditioned,1100,30,0.001,1.4794509410858154,1.5722019523382187,0.09274845570325851,2.532752489514678e-06,1.101305883516064,1.460517704486847,0.19823471705118814,11.929169378798012,0.9998977656106233,23.6786525524085,1.781050587245999,False,1.3998793789651245
conditioned,1101,30,0.001,1.3016199618577957,1.384258657693863,0.08263636939227581,2.3550430228169716e-06,1.0626231438405285,1.407857984304428,0.18207796414693195,11.986368422613864,0.9999091249872207,23.680340667225526,1.7819067904619146,False,1.383300574729219
conditioned,1102,30,0.001,1.086799867451191,1.189354993402958,0.10255238227546215,2.7288749606668716e-06,1.144198728823159,1.5120947062969208,0.21349215507507324,22.704619111609265,0.9999091249872207,23.68191254977325,1.782406415559033,False,1.3698982910718769
conditioned,1103,30,0.001,0.8466541022062302,0.9297837987542152,0.08312732167541981,2.3803173689884716e-06,1.068436356123011,1.4108191430568695,0.1826191743214925,16.418711276485592,0.9999204843638181,23.68344540002312,1.7825174156311352,False,1.3536520262714475
conditioned,1104,30,0.001,1.2490765005350113,1.3335103392601013,0.08443140238523483,2.4012686026253505e-06,1.0711999535735721,1.4140653908252716,0.1830623944600423,10.888172222419064,0.9999204843638181,23.68498440244219,1.7825459837222954,False,1.3411560805980116
conditioned,1105,30,0.001,0.8468364030122757,0.9283592402935028,0.08152049779891968,2.3561378839076497e-06,1.063254802636613,1.4024646580219269,0.17988355954488117,10.276752551947645,0.9999204843638181,23.68649653556858,1.7826952070670268,False,1.310752232791856
conditioned,1106,30,0.001,1.3516806811094284,1.433067187666893,0.08138411119580269,2.3557287818221084e-06,1.0629892396834086,1.401383399963379,0.1794599692026774,10.1028819399905,0.9999204843638181,23.68798700539832,1.7827910690908912,False,1.2727344317827374
conditioned,1107,30,0.001,1.550773486495018,1.6398520022630692,0.08907601423561573,2.500053028597904e-06,1.0945354249795844,1.4419665336608887,0.1916838486989339,17.63942316461843,0.9999204843638181,23.689406206841774,1.7829827866223067,False,1.2850125941913575
conditioned,1108,30,0.001,1.0593900382518768,1.1432338804006577,0.08384145051240921,2.401197662038612e-06,1.0721792962499785,1.412855178117752,0.18265891075134277,9.863004217824532,0.9999204843638181,23.690780681495415,1.7833005346871704,False,1.300296917092055
conditioned,1109,30,0.001,0.8386417478322983,0.9201042354106903,0.0814601443707943,2.359892846470757e-06,1.0642176871881617,1.4023729860782623,0.17964895566304523,8.23221089198239,0.9999204843638181,23.69209471981319,1.7837290694450763,False,1.2675252393819392
conditioned,1110,30,0.001,1.0357196778059006,1.119829460978508,0.08410737849771976,2.4092700527944544e-06,1.0751545422250322,1.4166451692581177,0.18396814664204914,8.140821537793258,0.9999204843638181,23.69336982458427,1.7840860602436084,False,1.2402471587993205
conditioned,1111,30,0.001,1.245095282793045,1.3265462964773178,0.0814486239105463,2.3585710096085677e-06,1.0637053725368195,1.4018707573413849,0.17939114570617676,11.477312299137676,0.9999204843638181,23.694570102018588,1.7842606657358693,False,1.2309869513846934
conditioned,1112,30,0.001,1.023210048675537,1.1007744669914246,0.07756210304796696,2.28534605639652e-06,1.0471347746620543,1.3802374303340912,0.17267322540283203,15.8741496346593,0.9999091249872207,23.695734528779244,1.7843999970757431,False,1.2476537732873112
conditioned,1113,30,0.001,1.5124923884868622,1.5885009169578552,0.07600626163184643,2.2589232457903563e-06,1.0410808297892666,1.3713753819465637,0.16992727915445963,13.895340872508632,0.9999204843638181,23.696853360942647,1.784589126905416,False,1.2129103357437998
conditioned,1114,30,0.001,0.9405028074979782,1.0318263471126556,0.09132096730172634,2.5418261202503345e-06,1.1037351352985352,1.453967034816742,0.19529350598653156,7.47970597510586,0.9999091249872207,23.697922962337838,1.784764537786405,False,1.1467476843390614
conditioned,1115,30,0.001,1.9000836908817291,1.982029378414154,0.08194333128631115,2.3704173486294167e-06,1.0662548000973537,1.4043636322021484,0.18028100331624347,31.308379753648257,0.9998977656106233,23.69904994022406,1.7852583229166887,False,1.2042517266236246
conditioned,1116,30,0.001,1.4591093957424164,1.5356472730636597,0.07653557136654854,2.2664407310912793e-06,1.0423711500120707,1.373514860868454,0.17059246699015299,10.860445107899805,0.9999204843638181,23.7002179574965,1.7858373074364597,False,1.2029803800396621
conditioned,1117,31,0.001,1.7651239931583405,1.8521767109632492,0.08705026656389236,2.46297150852115e-06,1.086750882579873,1.4319190084934235,0.18858273824055988,35.57865071481666,0.9999204843638181,23.701432276739546,1.787156488516267,False,1.2319493819959462
conditioned,1118,31,0.001,1.2716800719499588,1.344046726822853,0.07236445508897305,2.183154379054031e-06,1.023406849494648,1.350109189748764,0.16330536206563312,19.636420285679172,0.9999204843638181,23.702673109579454,1.7890083989491423,False,1.2435043947771192
conditioned,1119,31,0.001,1.2854837626218796,1.346718430519104,0.06123272702097893,1.9642735082925356e-06,0.970952852876325,1.282401442527771,0.14189640680948892,8.741650288788229,0.9999204843638181,23.70391831637472,1.7909047478262903,False,1.2709312485530972
conditioned,1120,31,0.001,1.4962922632694244,1.5532933473587036,0.0569992009550333,1.8722222421274637e-06,0.9452345543915456,1.249024748802185,0.13119379679361978,16.706092943551884,0.9999204843638181,23.705146867513527,1.7928530125118407,False,1.286382233723998
conditioned,1121,31,0.001,0.7831564024090767,0.8410308510065079,0.05787255708128214,1.8909468337824364e-06,0.9514789437135988,1.2580985128879547,0.13425540924072266,7.320964046683412,0.9999204843638181,23.706353360713113,1.7946502446865673,False,1.2824022336862981
conditioned,1122,31,0.001,1.4811368882656097,1.528035581111908,0.046897027641534805,1.6663610153955233e-06,0.8937732434647261,1.1835109293460846,0.11073629061381021,21.448060336857054,0.9999204843638181,23.707503233353133,1.796444648312062,False,1.2904932466335595
conditioned,1123,31,0.001,1.148262858390808,1.187545195221901,0.03928080666810274,1.5046786643324594e-06,0.8498183357204561,1.1266638934612274,0.0930953820546468,12.645673164988692,0.9999204843638181,23.70863680198647,1.7984583545204016,False,1.2653363323770463
conditioned,1124,31,0.001,1.226219803094864,1.26058129966259,0.03436009772121906,1.3951682262813847e-06,0.8181550482325748,1.0857418775558472,0.08094477653503418,10.438869391238821,0.9999204843638181,23.709772752816733,1.7999825702912005,False,1.275763192679733
conditioned,1125,31,0.001,0.6976981088519096,0.7269338741898537,0.029234508983790874,1.2781415819063113e-06,0.7831274217463281,1.0403352081775665,0.06804490089416504,7.079871532258555,0.9999091249872207,23.710863457940505,1.8011979000569616,False,1.2669542152434587
conditioned,1126,31,0.001,1.2214581668376923,1.2492635250091553,0.027804084587842226,1.242777074139667e-06,0.772279353956368,1.0271060466766357,0.06435370445251465,5.870656267038968,0.9999204843638181,23.711930940856778,1.8024810756914624,False,1.2785628708079457
conditioned,1127,31,0.001,1.1969545781612396,1.234501451253891,0.03754544584080577,1.454397050792977e-06,0.8342503351428233,1.1097188591957092,0.08888443311055501,11.31728711616909,0.9999091249872207,23.71295160523551,1.8041007393028565,False,1.275554076768458
conditioned,1128,31,0.001,1.4847460389137268,1.5135060846805573,0.028758798725903034,1.2591029019404232e-06,0.7765209999807717,1.0340007841587067,0.06680734952290852,10.772621990900056,0.9998750468574285,23.713906129918957,1.8051387062464102,False,1.3044000761583447
conditioned,1129,31,0.001,1.6467463076114655,1.669996440410614,0.023249012418091297,1.1278480940291047e-06,0.7351311229241537,0.9804124683141708,0.052496512730916337,10.18429980122988,0.9999204843638181,23.71483574321374,1.8058815942423507,False,1.3127909461036325
conditioned,1130,31,0.001,1.831649512052536,1.8521862477064133,0.020535582909360528,1.0591767107825945e-06,0.7123867853412212,0.9514011442661285,0.04536883036295573,10.55508878334043,0.9999204843638181,23.7157460476028,1.8065271966946692,False,1.3684876151382923
conditioned,1131,31,0.001,0.9661256819963455,0.9860396385192871,0.01991294207982719,1.040919002548435e-06,0.7059925941019289,0.9438521713018417,0.04375791549682617,17.42525311594456,0.9999091249872207,23.71662530509617,1.807315859620415,False,1.3101152395829558
conditioned,1132,31,0.001,1.0312125533819199,1.0495153814554214,0.01830187696032226,9.981733768427148e-07,0.6908948463177531,0.9240976125001907,0.039563655853271484,18.26808779139024,0.9999204843638181,23.717452601371335,1.80760946453716,False,1.2833716869354248
conditioned,1133,31,0.001,1.5501461923122406,1.5722769349813461,0.022129617631435394,1.095848034537994e-06,0.724334779597421,0.9679500609636307,0.04972092310587565,14.494299405420708,0.9999204843638181,23.718263102225595,1.8081470399205124,False,1.2699355743825436
conditioned,1134,31,0.001,0.9396289475262165,0.9568598717451096,0.017229957273229957,9.72654376596438e-07,0.68277765089119,0.9136289656162262,0.03676875432332356,7.627068096584082,0.9999204843638181,23.71904300223224,1.8087165605689832,False,1.2491823791060597
conditioned,1135,31,0.001,1.5810205936431885,1.5975258350372314,0.01650425558909774,9.521589987571133e-07,0.6752438828916285,0.9038899838924408,0.03489907582600911,24.643300769854992,0.9998977656106233,23.71970485093287,1.8079959310378113,False,1.2676534310448915
conditioned,1136,31,0.001,0.9589933007955551,0.9760905355215073,0.017096258467063308,9.674115659663585e-07,0.6809933698711035,0.9121751040220261,0.036489009857177734,11.910308986829017,0.9999204843638181,23.72039472201174,1.8076735427493575,False,1.2340722458902746
conditioned,1137,31,0.001,0.9198353588581085,0.9383092522621155,0.018472923897206783,1.0012701778805422e-06,0.6924805469760932,0.9275960475206375,0.04021406173706055,12.407054226095676,0.9999204843638181,23.721079980679182,1.8078261121613421,False,1.2426146806683391
conditioned,1138,31,0.001,1.192964218556881,1.2105178236961365,0.01755264261737466,9.760881738429816e-07,0.6838790039528664,0.917229562997818,0.03774285316467285,9.412025385089928,0.9998977656106233,23.721789257461722,1.8079809353150424,False,1.2246038888115436
conditioned,1139,31,0.001,1.087218999862671,1.1052204482257366,0.018000428564846516,9.864271817150438e-07,0.6875691937959307,0.9227420538663864,0.038959900538126625,8.739581797876864,0.9999204843638181,23.722458006027104,1.8082355470777933,False,1.220788647653535
conditioned,1140,31,0.001,0.8840376734733582,0.9044090583920479,0.020370343001559377,1.045200349381048e-06,0.707762856315886,0.9498392790555954,0.0453035036722819,8.398176090810598,0.9998296093510388,23.723138144626247,1.8083407457431897,False,1.199402264552191
conditioned,1141,31,0.001,1.3559485226869583,1.376365765929222,0.020416177809238434,1.0461317572207918e-06,0.7076491638010749,0.9491864144802094,0.0454862117767334,10.916893768450299,0.9999204843638181,23.723781067354928,1.8083228085227667,False,1.2405429154168814
conditioned,1142,31,0.001,1.484636276960373,1.5064314752817154,0.021794142201542854,1.0786958029029847e-06,0.718480042036205,0.9639267921447754,0.049208641052246094,17.320093637054704,0.9999204843638181,23.72441778676657,1.8078137795047156,False,1.256991547299549
conditioned,1143,31,0.001,1.3464916497468948,1.3642590641975403,0.017766404431313276,9.786545831502735e-07,0.6846619476366718,0.9193735718727112,0.03845977783203125,9.972962357030802,0.999806890597844,23.725027538885275,1.807657892701293,False,1.2663376142736524
conditioned,1144,31,0.001,1.8680251240730286,1.8919498026371002,0.023923552129417658,1.1311234118238644e-06,0.7366340974686666,0.9885557591915131,0.054969231287638344,21.787340511184105,0.9999204843638181,23.725587385286516,1.8065790061393108,False,1.2902925570961088
conditioned,1145,31,0.001,1.444062426686287,1.4653204530477524,0.02125695114955306,1.063899134123858e-06,0.7143317048153324,0.9602889567613602,0.04779227574666341,20.484107958107106,0.9999204843638181,23.726142993999126,1.8055309813627272,False,1.2776248145382851
conditioned,1146,31,0.001,1.3465854078531265,1.379854828119278,0.033268090803176165,1.3291187883623934e-06,0.7965411119387245,1.0714447051286697,0.07918945948282877,9.712314402849604,0.9998296093510388,23.72671633140915,1.8049109601043503,False,1.247308308025822
conditioned,1147,31,0.001,1.407893929630518,1.4410830661654472,0.033187865279614925,1.3248269112864364e-06,0.795930465136154,1.0723318606615067,0.0790723164876302,19.237924675949255,0.9998296093510388,23.727312326902997,1.8040361863870398,False,1.2749188235029578
conditioned,1148,31,0.001,1.0543939620256424,1.0853137075901031,0.030918437521904707,1.2715121613382507e-06,0.7808083327326125,1.0549755096435547,0.07349570592244466,7.2988931794630005,0.9999204843638181,23.727917707356262,1.803244448254629,False,1.2763676615431905
conditioned,1149,31,0.001,1.152879774570465,1.181555300951004,0.028674306347966194,1.2171778394076682e-06,0.7642346978500636,1.0351621508598328,0.06763331095377603,7.413599876811864,0.9999204843638181,23.728507163712607,1.8025357278364078,False,1.2515385104343295
conditioned,1150,31,0.001,1.109991431236267,1.1447455883026123,0.03475282620638609,1.3442415820463793e-06,0.8031616843075517,1.0892670452594757,0.08335336049397786,11.15679516340235,0.9999091249872207,23.729125464821273,1.8023183417761093,False,1.2621861656662077
conditioned,1151,31,0.001,1.7365987300872803,1.775291532278061,0.03869135212153196,1.4241861947539292e-06,0.8267599055199853,1.1219162046909332,0.09332823753356934,15.639350362593964,0.9999204843638181,23.72967534377061,1.8021155093382724,False,1.2719097991939634
conditioned,1152,31,0.001,1.3109144568443298,1.3492411896586418,0.03832530789077282,1.4115066733211279e-06,0.8228002932005551,1.1183136403560638,0.09229063987731934,11.803105516213211,0.9999204843638181,23.73026281051017,1.801730841289525,False,1.2939048714470118
constant-control,1,0,0.001,21.726571321487427,21.726571321487427,0.0,0.0,0.0,0.0,0.0,2616.402553153677,0.005827360194472528,6.928203244323484,0.0,False,21.726571321487427
constant-control,2,0,0.001,23.78125548362732,23.78125548362732,0.0,1.5109812290248215e-09,0.026930855933389945,0.009135509841144085,0.0,435.05447010314,0.750396631566193,7.001292218109836,0.0,False,22.753913402557373
constant-control,3,0,0.001,26.968820095062256,26.968820095062256,0.0,5.0897632775104285e-09,0.049427585893919504,0.025531470775604248,0.0,116.37778859837776,0.750396631566193,7.149609727632893,0.0,False,24.158882300059002
constant-control,4,0,0.001,13.105326414108276,13.105326414108276,0.0,1.0226675506430638e-08,0.07006285766379165,0.04690144956111908,0.0,109.83202361220424,0.750396631566193,7.3431329573200985,0.0,False,21.39549332857132
constant-control,5,0,0.001,13.3748340010643,13.3748340010643,0.0,1.6193824947663416e-08,0.08816481999512941,0.07091497629880905,0.0,270.09018403469724,0.750396631566193,7.554234063143762,0.0,False,19.791361463069915
constant-control,6,0,0.001,9.887182533740997,9.887182533740997,0.0,1.8963694614626547e-08,0.09540741015326878,0.08678212761878967,0.0,334.7291706549659,0.750396631566193,7.759381590633946,0.0,False,18.14066497484843
constant-control,7,0,0.001,9.335249602794647,9.335249602794647,0.0,1.8539063617595275e-08,0.09433318930949537,0.09182356297969818,0.0,541.4829011049804,0.750396631566193,7.952088853818666,0.0,False,16.88274849312646
constant-control,8,0,0.001,11.61276912689209,11.61276912689209,0.0,1.703950047726721e-08,0.09043760264613988,0.09028748422861099,0.0,146.84734664224285,0.750396631566193,8.172659717609251,0.0,False,16.224001072347164
constant-control,9,0,0.001,14.69039660692215,14.69039660692215,0.0,1.7026922094487418e-08,0.09040421993478413,0.09205268323421478,0.0,188.15883104375905,0.750396631566193,8.40436145580829,0.0,False,16.053600576188828
constant-control,10,0,0.001,9.678656935691833,9.678656935691833,0.0,1.695716100869049e-08,0.09021883150944357,0.09273276478052139,0.0,173.62322736605705,0.750396631566193,8.639516440906469,0.0,False,15.41610621213913
constant-control,11,0,0.001,8.087673291563988,8.087673291563988,0.0,1.6571080507787883e-08,0.08918586343411021,0.09153517335653305,0.0,771.0718462005293,0.750396631566193,8.867652050800482,0.0,False,14.74988503754139
constant-control,12,0,0.001,8.741391897201538,8.741391897201538,0.0,1.5544909359732628e-08,0.08638029998628292,0.08697203546762466,0.0,150.5360735932597,0.750396631566193,9.096775889601092,0.0,False,14.249177275846401
constant-control,13,0,0.001,3.184096872806549,3.184096872806549,0.0,1.4911414325524674e-08,0.08460188644613953,0.08404295891523361,0.0,87.39851604102304,0.7503963949125139,9.32500418363917,0.0,False,13.398017244843336
constant-control,14,0,0.001,3.179773509502411,3.179773509502411,0.0,1.4058872288558177e-08,0.08214778629972228,0.080079086124897,0.0,80.39134003210648,0.750396631566193,9.547332573742668,0.0,False,12.668142692318984
constant-control,15,0,0.001,3.288869082927704,3.288869082927704,0.0,1.3300373247204789e-08,0.07990105489321403,0.07586011290550232,0.0,128.56082217803717,0.750396631566193,9.760856867118594,0.0,False,12.042857785026232
constant-control,16,0,0.001,3.8256876915693283,3.8256876952946186,0.0,1.2173007490901e-08,0.07643980619480431,0.07067374140024185,0.0,110.35230631127477,0.750396631566193,9.964620568491991,0.0,False,11.529284654185176
constant-control,17,0,0.001,3.9215550124645233,3.9215550124645233,0.0,1.16075931089199e-08,0.07464344686698358,0.06721830368041992,0.0,253.25816687306397,0.750396631566193,10.15785538369853,0.0,False,10.416471134871244
constant-control,18,0,0.001,2.40476256608963,2.40476256608963,0.0,1.192193455068491e-08,0.07564739572758879,0.07143645733594894,0.0,83.36769858803483,0.750396631566193,10.342456507015925,0.0,False,9.080440327525139
constant-control,19,0,0.001,2.992278680205345,2.992278683464974,0.0,1.2464752785490418e-08,0.07735037631434488,0.07706179469823837,0.0,114.810994514068,0.750396631566193,10.51733501521237,0.0,False,7.581906489096582
constant-control,20,0,0.001,2.983038417994976,2.983038417994976,0.0,1.3270764043227246e-08,0.07981207356515978,0.08438839763402939,0.0,59.73515131383136,0.750396631566193,10.683754225851558,0.0,False,6.949263489339501
constant-control,21,0,0.001,4.088175743818283,4.088175743818283,0.0,1.4407639525870763e-08,0.0831604902345208,0.09265010803937912,0.0,74.7646392456524,0.750396631566193,10.840746232494702,0.0,False,6.368847348261625
constant-control,22,0,0.001,1.2242612317204475,1.2242612391710281,0.0,1.596646370671806e-08,0.08754371806008222,0.10186205059289932,0.0,43.695163298042836,0.750396631566193,10.989377596007206,0.0,False,5.82741476688534
constant-control,23,0,0.001,2.688903331756592,2.688903331756592,0.0,1.728261089795069e-08,0.09108047569789203,0.10951283574104309,0.0,52.22476000541989,0.750396631566193,11.129252458465883,0.0,False,5.412018124945462
constant-control,24,0,0.001,1.9407444894313812,1.9407444894313812,0.0,1.859858045349938e-08,0.0944844921938979,0.1168879047036171,0.0,46.14283573159389,0.750396631566193,11.261066596799877,0.0,False,4.8075165851041675
constant-control,25,0,0.001,2.984549954533577,2.9845499619841576,0.0,1.9616246405007587e-08,0.09703503159667719,0.12303324043750763,0.0,51.07244268917307,0.750396631566193,11.38532937573068,0.0,False,4.075901169329882
constant-control,26,0,0.001,3.232792407274246,3.232792407274246,0.0,2.0193919425537388e-08,0.09845345019527406,0.12684810161590576,0.0,87.08062105482713,0.750396631566193,11.50155754215608,0.0,False,3.6730346363037825
constant-control,27,0,0.001,3.549292802810669,3.549292802810669,0.0,2.0141301959597513e-08,0.09832509808190197,0.12877482175827026,0.0,86.12931910727464,0.750396631566193,11.610822844142536,0.0,False,3.3893858557567
constant-control,28,0,0.001,0.8312046527862549,0.8312046676874161,0.0,1.9656027916425955e-08,0.09713337821279859,0.12901170551776886,0.0,16.77207391120712,0.750396631566193,11.714857191421046,0.0,False,2.894999152980745
constant-control,29,0,0.001,2.0019155256450176,2.001915529370308,0.0,1.92799767262386e-08,0.09619973620198768,0.12938952445983887,0.0,25.818120218464593,0.750396631566193,11.813284028348164,0.0,False,2.821112818783149
constant-control,30,0,0.001,1.9440692067146301,1.9440692067146301,0.0,1.9151681129869758e-08,0.09587913094746067,0.1302177459001541,0.0,37.41211443398595,0.750396631566193,11.90604104902589,0.0,False,2.743881299858913
constant-control,31,0,0.001,1.380041465163231,1.380041465163231,0.0,1.8945495838806892e-08,0.0953616189687447,0.13057579100131989,0.0,29.866721938418042,0.750396631566193,11.993561588502244,0.0,False,2.6245795737486333
constant-control,32,0,0.001,2.5022578686475754,2.502257876098156,0.0,1.878378874664577e-08,0.09495377148752512,0.13088278472423553,0.0,78.7072887391956,0.750396631566193,12.076068974155639,0.0,False,2.5418652098160237
constant-control,33,0,0.001,3.0155206620693207,3.0155206620693207,0.0,1.7871998991836335e-08,0.09262051086643809,0.12800677120685577,0.0,92.19676611928658,0.750396631566193,12.153840026316058,0.0,False,2.4852380629163235
constant-control,34,0,0.001,1.6539688855409622,1.6539688855409622,0.0,1.7235118221492485e-08,0.09095524566302488,0.12605535984039307,0.0,27.34505459995508,0.750396631566193,12.228256039151933,0.0,False,2.438313457882032
constant-control,35,0,0.001,2.272153317928314,2.272153317928314,0.0,1.6628144194896777e-08,0.08933929158599856,0.1240542083978653,0.0,28.688610419868933,0.750396631566193,12.299151314477275,0.0,False,2.3933056227397174
constant-control,36,0,0.001,1.0558210387825966,1.0558210462331772,0.0,1.6288863591285008e-08,0.08842315887460643,0.12318447977304459,0.0,22.965453115262466,0.750396631566193,12.366176408124616,0.0,False,2.2728545365389436
constant-control,37,1,0.001,1.6405476406216621,1.6405476480722427,0.0,1.5980539558313467e-08,0.0875822974571757,0.12249352037906647,0.0,32.93328976135164,0.750396631566193,12.429537733713445,0.0,False,2.119877780089155
constant-control,38,1,0.001,1.2232495099306107,1.2232495248317719,0.0,1.5716288714884286e-08,0.08685516156706807,0.12199871987104416,0.0,25.23717658114964,0.750396631566193,12.489364485274166,0.0,False,2.11981454747729
constant-control,39,1,0.001,1.3537181429564953,1.3537181466817856,0.0,1.5561035127120704e-08,0.08642509410113539,0.12207207083702087,0.0,41.51802335238693,0.750396631566193,12.545654169200645,0.0,False,2.036365473177284
constant-control,40,1,0.001,1.6948038190603256,1.6948038190603256,0.0,1.546605687963165e-08,0.08616093884503905,0.12194570899009705,0.0,37.603204356641065,0.750396631566193,12.59894596520647,0.0,False,2.020994181279093
constant-control,41,1,0.001,1.9573290795087814,1.9573290795087814,0.0,1.5352194182582934e-08,0.08584318933181906,0.1217963695526123,0.0,37.76150872563078,0.750396631566193,12.649074835588188,0.0,False,1.9567928765900433
constant-control,42,1,0.001,0.7983964383602142,0.7983964383602142,0.0,1.5353492699432536e-08,0.08584682173228375,0.12224303185939789,0.0,13.285640869326052,0.750396631566193,12.696549270789138,0.0,False,1.8046431285329163
constant-control,43,1,0.001,2.498129665851593,2.498129665851593,0.0,1.537592808631416e-08,0.08590951954892359,0.12263133376836777,0.0,20.07986195846457,0.750396631566193,12.741140905412365,0.0,False,1.738945432472974
constant-control,44,1,0.001,1.7602699995040894,1.7602699995040894,0.0,1.5526561369938463e-08,0.0863293063542979,0.12353422492742538,0.0,15.1479841949001,0.750396631566193,12.783222829028833,0.0,False,1.7970120166428387
constant-control,45,1,0.001,0.9888235107064247,0.9888235256075859,0.0,1.569168794901543e-08,0.08678715098656925,0.12456890940666199,0.0,26.91657792299525,0.750396631566193,12.822607116128875,0.0,False,1.7336937657091767
constant-control,46,1,0.001,2.373947501182556,2.373947501182556,0.0,1.568153429332142e-08,0.08675907589815031,0.12481088936328888,0.0,26.135356220019258,0.750396631566193,12.85992559270788,0.0,False,1.760561159113422
constant-control,47,1,0.001,4.433175981044769,4.433175981044769,0.0,1.584212228067372e-08,0.08720217049640547,0.12570279836654663,0.0,51.86453863722943,0.750396631566193,12.895469049171139,0.0,False,1.9513820663560182
constant-control,48,1,0.001,2.188264310359955,2.188264310359955,0.0,1.5580280177118766e-08,0.08647851827279304,0.12530958652496338,0.0,45.55720596930228,0.750396631566193,12.929176353081115,0.0,False,1.931757468963042
constant-control,49,1,0.001,0.6445162892341614,0.6445162929594517,0.0,1.5588922153142448e-08,0.08650249659232537,0.12626197934150696,0.0,8.667555650707051,0.750396631566193,12.961457279003282,0.0,False,1.7835696956608444
constant-control,50,1,0.001,1.0350614544004202,1.035061465576291,0.0,1.561326179455591e-08,0.08657000450352755,0.12715981900691986,0.0,20.029027418902913,0.750396631566193,12.991870882204868,0.0,False,1.7448879812145606
constant-control,51,1,0.001,1.3513689935207367,1.3513690009713173,0.0,1.5506833150880084e-08,0.08627444570978327,0.12740492820739746,0.0,20.757012494889,0.750396631566193,13.020802683771826,0.0,False,1.687338960939087
constant-control,52,1,0.001,3.1218711882829666,3.121871192008257,0.0,1.5353350590885384e-08,0.0858464222740317,0.1274213343858719,0.0,30.12516255601473,0.750396631566193,13.048061955657616,0.0,False,1.81646709528286
constant-control,53,1,0.001,1.9748160690069199,1.9748160690069199,0.0,1.5539704634193185e-08,0.08636583725101916,0.12874841690063477,0.0,32.39722128959915,0.750396631566193,13.074255090304872,0.0,False,1.8373588720569387
constant-control,54,1,0.001,1.689452849328518,1.6894528567790985,0.0,1.55173296434441e-08,0.08630364208608071,0.12896893918514252,0.0,24.11245296313336,0.750396631566193,13.099414508521031,0.0,False,1.866496580769308
constant-control,55,1,0.001,1.3250062769511715,1.3250062845181674,0.0,1.5540123854407284e-08,0.08636700105046945,0.1294129490852356,0.0,33.85207108780983,0.750396631566193,13.123496268019636,0.0,False,1.8647020891439752
constant-control,56,1,0.001,2.5328803434967995,2.5328803472220898,0.0,1.5662282137896e-08,0.08670579814575798,0.1304853856563568,0.0,25.336015268914654,0.750396631566193,13.146893474313135,0.0,False,1.9170818719212548
constant-control,57,1,0.001,1.6190893799066544,1.619089387357235,0.0,1.5774112682720443e-08,0.08701479150694441,0.13143350183963776,0.0,64.70176508669772,0.750396631566193,13.170206923603736,0.0,False,1.8959418906961218
constant-control,58,1,0.001,1.9025695323944092,1.9025695361196995,0.0,1.6118082868388228e-08,0.08795839982124763,0.1324591487646103,0.0,27.858815323295314,0.750396631566193,13.193622766409309,0.0,False,1.964952709073259
constant-control,59,1,0.001,2.3371734023094177,2.3371734023094177,0.0,1.6556766624375996e-08,0.08914733910190761,0.13385984301567078,0.0,67.52771862703995,0.750396631566193,13.217040601937802,0.0,False,1.954892942601873
constant-control,60,1,0.001,1.9793056696653366,1.9793056696653366,0.0,1.6718612272370592e-08,0.08958199540000729,0.13452327251434326,0.0,64.69229258453143,0.750396631566193,13.241966271283038,0.0,False,1.968582671986951
constant-control,61,1,0.001,2.454630270600319,2.454630270600319,0.0,1.6302138305945846e-08,0.08845917917234039,0.13275153934955597,0.0,49.24185937797276,0.750396631566193,13.267945308101936,0.0,False,2.0601955944803194
constant-control,62,1,0.001,3.113290548324585,3.113290548324585,0.0,1.5815510678862665e-08,0.0871288964161826,0.13066492974758148,0.0,34.50648306943068,0.750396631566193,13.294300592185147,0.0,False,2.106404534926696
constant-control,63,1,0.001,1.0110230445861816,1.0110230445861816,0.0,1.513954650533833e-08,0.08524659675722573,0.12792369723320007,0.0,21.696169650766407,0.750396631566193,13.321026126012693,0.0,False,1.8925199763980345
constant-control,64,1,0.001,1.7459377497434616,1.7459377497434616,0.0,1.462863252754687e-08,0.08379584446760162,0.1257091909646988,0.0,14.443602492669529,0.750396631566193,13.347801897041654,0.0,False,1.8648745663595037
constant-control,65,1,0.001,1.3927275836467743,1.3927275836467743,0.0,1.4145252968944533e-08,0.08239976527640996,0.12362588196992874,0.0,16.520718525879833,0.750396631566193,13.374144802457522,0.0,False,1.911637772260292
constant-control,66,1,0.001,1.309795804321766,1.309795804321766,0.0,1.370305824366369e-08,0.08110158853429637,0.12156788259744644,0.0,15.596134187763168,0.750396631566193,13.399889244701038,0.0,False,1.928808669130376
constant-control,67,1,0.001,1.7719112634658813,1.7719112634658813,0.0,1.3309600532807053e-08,0.0799287675212158,0.11984272301197052,0.0,48.64887054783821,0.750396631566193,13.42478625760833,0.0,False,1.9550925610019476
constant-control,68,1,0.001,3.4070176482200623,3.4070176482200623,0.0,1.3247777985725406e-08,0.07974292111357555,0.1195143535733223,0.0,61.3313604317888,0.750396631566193,13.450455385840698,0.0,False,1.972914214748016
constant-control,69,1,0.001,1.5550805628299713,1.5550805628299713,0.0,1.2616583333624476e-08,0.07782004372170057,0.11647353321313858,0.0,13.63398292299109,0.750396631566193,13.475585935440076,0.0,False,1.9466807456119568
constant-control,70,1,0.001,1.024654097855091,1.024654097855091,0.0,1.1957232537440632e-08,0.0757593054572798,0.11326322704553604,0.0,23.58733287486925,0.7503963949125139,13.499829472422494,0.0,False,1.9051308236448676
constant-control,71,1,0.001,2.1097772233188152,2.1097772270441055,0.0,1.1584682546583736e-08,0.07456974955601622,0.1113744005560875,0.0,10.997568061218908,0.750396631566193,13.523387090488642,0.0,False,1.9541790077928454
constant-control,72,1,0.001,2.5082729905843735,2.5082729905843735,0.0,1.1334294391929234e-08,0.07375948274028264,0.11008169502019882,0.0,36.9454969642926,0.750396631566193,13.545964291398127,0.0,False,1.9526410482358187
constant-control,73,2,0.001,2.767360955476761,2.767360955476761,0.0,1.0751250556495506e-08,0.07183731849823147,0.10741538554430008,0.0,34.5939564170777,0.750396631566193,13.567439010217347,0.0,False,2.0244080217089504
constant-control,74,2,0.001,2.124258667230606,2.124258667230606,0.0,1.0494493274393335e-08,0.07097433913484626,0.1065419465303421,0.0,21.60259126255392,0.7503963949125139,13.588370299771318,0.0,False,2.0382635926362127
constant-control,75,2,0.001,1.5746096223592758,1.5746096223592758,0.0,1.0300914787819693e-08,0.07031670830987102,0.1058465987443924,0.0,18.385861875894733,0.750396631566193,13.608705589828043,0.0,False,1.9906033563893288
constant-control,76,2,0.001,1.7596205174922943,1.7596205174922943,0.0,1.0210213119421496e-08,0.0700064446007859,0.10560772567987442,0.0,48.338342961783695,0.750396631566193,13.62868413295325,0.0,False,1.9768730343785137
constant-control,77,2,0.001,1.5055052042007446,1.5055052042007446,0.0,9.855620319854097e-09,0.06878006797212928,0.10445180535316467,0.0,28.99867346157843,0.750396631566193,13.647888508897767,0.0,False,1.9175527177285403
constant-control,78,2,0.001,0.902646616101265,0.902646616101265,0.0,9.603460249252294e-09,0.06789448106444598,0.1034497320652008,0.0,23.463181150685674,0.750396631566193,13.666427141971052,0.0,False,1.7793874719645828
constant-control,79,2,0.001,1.6767184734344482,1.6767184734344482,0.0,9.31445409690923e-09,0.06686507243456524,0.10193302482366562,0.0,43.09367987451376,0.750396631566193,13.684533345516723,0.0,False,1.8209934362675995
constant-control,80,2,0.001,0.8452360108494759,0.8452360108494759,0.0,8.765091763507371e-09,0.0648632717842651,0.09880904108285904,0.0,25.15704670896704,0.750396631566193,13.702347346477783,0.0,False,1.7646995775867254
constant-control,81,2,0.001,1.0192547217011452,1.0192547217011452,0.0,8.33989410864433e-09,0.06327044486542946,0.09633821994066238,0.0,44.83043804587836,0.750396631566193,13.719229141783284,0.0,False,1.7413575237151235
constant-control,82,2,0.001,1.5502050966024399,1.5502050966024399,0.0,8.457964106867166e-09,0.06371673808590222,0.09697677940130234,0.0,21.082974384902872,0.750396631566193,13.735786441292365,0.0,False,1.7563831044826657
constant-control,83,2,0.001,1.957561418414116,1.957561418414116,0.0,8.386551897388017e-09,0.06344718361522754,0.09659454226493835,0.0,104.85965650552164,0.750396631566193,13.751460668838119,0.0,False,1.7679862391669303
constant-control,84,2,0.001,4.779566764831543,4.779566764831543,0.0,9.382896237752902e-09,0.06711028187698365,0.10181882977485657,0.0,50.11608444300396,0.750396631566193,13.766645353990691,0.0,False,1.8537705589551479
constant-control,85,2,0.001,1.7168255746364594,1.7168255746364594,0.0,1.008604222363374e-08,0.0695794511860688,0.10522398352622986,0.0,56.21828549394767,0.7503963949125139,13.782213800762221,0.0,False,1.8638796221930534
constant-control,86,2,0.001,2.2194747924804688,2.2194747924804688,0.0,1.026561946559923e-08,0.07019613482576746,0.10581105947494507,0.0,33.428978726463306,0.750396631566193,13.798469801510302,0.0,False,1.9385559156071395
constant-control,87,2,0.001,2.3158904761075974,2.3158904761075974,0.0,1.0400815320110723e-08,0.07065685749106426,0.10589562356472015,0.0,38.83257423609575,0.750396631566193,13.814662474745182,0.0,False,1.9514379939064384
constant-control,88,2,0.001,0.9841173738241196,0.9841173738241196,0.0,1.0897467817017059e-08,0.07232416000823315,0.10777954757213593,0.0,13.97629827165789,0.750396631566193,13.830956091339615,0.0,False,1.8561782678589225
constant-control,89,2,0.001,2.8044129461050034,2.8044129461050034,0.0,1.1482491402148298e-08,0.07424012335053869,0.11012036353349686,0.0,26.77656172201763,0.750396631566193,13.847220105335344,0.0,False,1.8584940172731876
constant-control,90,2,0.001,2.516598880290985,2.516598880290985,0.0,1.2053374298659492e-08,0.07606326452360927,0.11243343353271484,0.0,14.284235067225728,0.750396631566193,13.863018375571183,0.0,False,1.8830152805894613
constant-control,91,2,0.001,2.6416473984718323,2.6416473984718323,0.0,1.2675701377418136e-08,0.07800215700359567,0.11501546949148178,0.0,16.25135150854318,0.750396631566193,13.878538324145186,0.0,False,1.949705141596496
constant-control,92,2,0.001,1.6748762875795364,1.6748762875795364,0.0,1.3210789795436995e-08,0.07963151808874465,0.11716675758361816,0.0,18.92351663720301,0.750396631566193,13.893283941395204,0.0,False,1.9444086272269487
constant-control,93,2,0.001,1.5582595616579056,1.5582595616579056,0.0,1.3710737434280418e-08,0.08112431129587165,0.11912430822849274,0.0,17.610353369936213,0.750396631566193,13.907556095440059,0.0,False,1.9477057745680213
constant-control,94,2,0.001,1.1575895622372627,1.1575895622372627,0.0,1.4114938551301748e-08,0.08231142560743855,0.1206527054309845,0.0,10.730879898231242,0.750396631566193,13.921424694966444,0.0,False,1.9636397087015212
constant-control,95,2,0.001,2.029517561197281,2.029517561197281,0.0,1.4566752248867942e-08,0.08361842811475455,0.12246865034103394,0.0,28.657432945259764,0.750396631566193,13.934929316464068,0.0,False,1.9856896516866982
constant-control,96,2,0.001,1.9396143555641174,1.9396143555641174,0.0,1.496571400139146e-08,0.08475578222796738,0.12412300705909729,0.0,27.2955518074195,0.750396631566193,13.948331486486365,0.0,False,2.0540882982313633
constant-control,97,2,0.001,1.5482765883207321,1.5482765883207321,0.0,1.506298374920334e-08,0.08503077246509953,0.1242767870426178,0.0,20.71341216361257,0.750396631566193,13.961202288102582,0.0,False,2.0871521648950875
constant-control,98,2,0.001,1.5628295093774796,1.5628295093774796,0.0,1.5187637814051413e-08,0.08538188146496689,0.12470109015703201,0.0,17.545290740045537,0.750396631566193,13.973965450447329,0.0,False,2.0879411906935275
constant-control,99,2,0.001,1.4406723529100418,1.4406723529100418,0.0,1.5143266196560035e-08,0.08525706750791683,0.12430216372013092,0.0,16.382755011434103,0.750396631566193,13.986231340878103,0.0,False,2.055635624099523
constant-control,100,2,0.001,2.2265082597732544,2.2265082597732544,0.0,1.493764401061526e-08,0.08467625755848332,0.12321513146162033,0.0,27.95052915693748,0.750396631566193,13.998260658105112,0.0,False,1.8960694675333798
constant-control,101,2,0.001,0.9968320950865746,0.9968320950865746,0.0,1.4625527455791598e-08,0.08378694836935889,0.12182673066854477,0.0,11.309632794060148,0.750396631566193,14.009886518839465,0.0,False,1.851069875061512
constant-control,102,2,0.001,1.5573687553405762,1.5573687553405762,0.0,1.4384641033871048e-08,0.08309408956896207,0.12074489146471024,0.0,18.70684459897742,0.750396631566193,14.0213533139731,0.0,False,1.8096882477402687
constant-control,103,2,0.001,1.5572478473186493,1.5572478473186493,0.0,1.407112559803636e-08,0.08218357438027143,0.11922784149646759,0.0,31.675399429428236,0.750396631566193,14.032438106095865,0.0,False,1.7622730834409595
constant-control,104,2,0.001,1.3513674437999725,1.3513674437999725,0.0,1.3743438387336937e-08,0.08122099875501593,0.11776261776685715,0.0,22.777663442652116,0.750396631566193,14.043381956226899,0.0,False,1.7852262128144503
constant-control,105,2,0.001,2.498049646615982,2.498049646615982,0.0,1.318003040040594e-08,0.0795387601967705,0.11506923288106918,0.0,15.595338135515403,0.7503963949125139,14.054165200030713,0.0,False,1.7660785065963864
constant-control,106,2,0.001,1.3801761716604233,1.3801761716604233,0.0,1.2647144664867938e-08,0.07791424208674018,0.11242430657148361,0.0,7.687233663411969,0.750396631566193,14.064617066978366,0.0,False,1.6950520873069763
constant-control,107,2,0.001,1.9574944525957108,1.957494456321001,0.0,1.2163801521580808e-08,0.07641089404605118,0.10998613387346268,0.0,13.5070424356819,0.750396631566193,14.074799603637283,0.0,False,1.6522925281897187
constant-control,108,2,0.001,1.3300470113754272,1.3300470113754272,0.0,1.1736724481181682e-08,0.07505749750893699,0.10787374526262283,0.0,33.08938417498249,0.750396631566193,14.084638963391075,0.0,False,1.630740698426962
constant-control,109,3,0.001,1.0837759226560593,1.0837759226560593,0.0,1.1649633258059566e-08,0.07477849506404971,0.10728863626718521,0.0,12.209473796684529,0.750396631566193,14.094306268013499,0.0,False,1.6010854709893465
constant-control,110,3,0.001,0.5453939661383629,0.5453939661383629,0.0,1.156841022975641e-08,0.07451736066351594,0.1065172404050827,0.0,9.345958438639613,0.750396631566193,14.103689989971329,0.0,False,1.5628232462331653
constant-control,111,3,0.001,2.7059746980667114,2.7059746980667114,0.0,1.1608254801842577e-08,0.07464558124566513,0.10636575520038605,0.0,24.71216025856951,0.750396631566193,14.113038569646013,0.0,False,1.6051018172875047
constant-control,112,3,0.001,1.1305284798145294,1.1305284798145294,0.0,1.1585073345088404e-08,0.07457100843179397,0.10610569268465042,0.0,19.66245455814867,0.7503963949125139,14.12216260622372,0.0,False,1.5545339500531554
constant-control,113,3,0.001,2.3617373406887054,2.3617373406887054,0.0,1.1742538497117039e-08,0.07507608427868152,0.10689462721347809,0.0,34.71518931551643,0.750396631566193,14.131563842703079,0.0,False,1.6053752470761538
constant-control,114,3,0.001,1.395611733198166,1.395611733198166,0.0,1.21215881776493e-08,0.07627819206460267,0.10878928005695343,0.0,12.083772442379514,0.750396631566193,14.140931047170715,0.0,False,1.5949241360649467
constant-control,115,3,0.001,0.8032119125127792,0.8032119125127792,0.0,1.2585159581135485e-08,0.07772307637447959,0.11092052608728409,0.0,5.247357893669197,0.750396631566193,14.150061652454688,0.0,False,1.5550828585401177
constant-control,116,3,0.001,1.8188645467162132,1.8188645504415035,0.0,1.3030326151408644e-08,0.07908575006021211,0.1129436120390892,0.0,16.392372788578022,0.750396631566193,14.158828372150523,0.0,False,1.5296051264740527
constant-control,117,3,0.001,1.7078000456094742,1.7078000456094742,0.0,1.3599214199189191e-08,0.08079370685735117,0.11537988483905792,0.0,24.241565629637268,0.750396631566193,14.167254717502688,0.0,False,1.574040623381734
constant-control,118,3,0.001,1.6660152077674866,1.6660152077674866,0.0,1.4489192068367629e-08,0.08339551453252435,0.11910735815763474,0.0,17.338257806192033,0.750396631566193,14.17549366841538,0.0,False,1.5808310266584158
constant-control,119,3,0.001,1.037185713648796,1.0371857210993767,0.0,1.5523353269486506e-08,0.08632039269923229,0.12327317148447037,0.0,18.60992597391562,0.750396631566193,14.183772279040392,0.0,False,1.54832714330405
constant-control,120,3,0.001,1.0888584405183792,1.0888584479689598,0.0,1.656335868460701e-08,0.08916508200162691,0.12760093808174133,0.0,12.023516884848611,0.750396631566193,14.191998017301241,0.0,False,1.5319203305989504
constant-control,121,3,0.001,2.3863252699375153,2.3863252699375153,0.0,1.7523245077200045e-08,0.09171236527840966,0.13154388964176178,0.0,17.048228166739555,0.750396631566193,14.200059973795742,0.0,False,1.5249375570565462
constant-control,122,3,0.001,2.931012585759163,2.931012585759163,0.0,1.837887708688868e-08,0.09392476240867484,0.13504403829574585,0.0,22.013345021027455,0.750396631566193,14.207975198017712,0.0,False,1.6218648329377174
constant-control,123,3,0.001,1.5037213787436485,1.5037213861942291,0.0,1.907324609362604e-08,0.0956825926756214,0.1380481868982315,0.0,18.61306280210062,0.750396631566193,14.215630474796237,0.0,False,1.5935040158219635
constant-control,124,3,0.001,1.8798274099826813,1.8798274099826813,0.0,1.963640983149162e-08,0.09708489368561234,0.1404595524072647,0.0,14.16660490379037,0.750396631566193,14.223513699909978,0.0,False,1.627865290734917
constant-control,125,3,0.001,1.934638649225235,1.934638649225235,0.0,2.0008625867262708e-08,0.0980007165598825,0.1420920044183731,0.0,21.60578272445389,0.750396631566193,14.231429168701359,0.0,False,1.6810442111454904
constant-control,126,3,0.001,1.0160743668675423,1.0160743705928326,0.0,2.034413881801811e-08,0.09881895988918335,0.1434195190668106,0.0,14.574656572736222,0.750396631566193,14.239483783228257,0.0,False,1.7104617361910641
constant-control,127,3,0.001,1.2641997039318085,1.2641997039318085,0.0,2.076318139643263e-08,0.0998314929696642,0.14526236057281494,0.0,13.264207619172156,0.750396631566193,14.247824878736514,0.0,False,1.6203507990576327
constant-control,128,3,0.001,1.913286730647087,1.913286730647087,0.0,2.1008958128732047e-08,0.10042061414466896,0.14632153511047363,0.0,11.183769667840638,0.750396631566193,14.256100079709423,0.0,False,1.6692731897346675
constant-control,129,3,0.001,1.2074200212955475,1.2074200250208378,0.0,2.1108661485413904e-08,0.10065861605592812,0.1468626856803894,0.0,9.575920164064284,0.750396631566193,14.264055833417965,0.0,False,1.5971283572725952
constant-control,130,3,0.001,1.3307228088378906,1.3307228088378906,0.0,2.1217022805331e-08,0.10091665356822477,0.1475241631269455,0.0,15.269661736330471,0.750396631566193,14.2719316112411,0.0,False,1.593072799500078
constant-control,131,3,0.001,2.1006201803684235,2.1006201803684235,0.0,2.1071986822107647e-08,0.10057113843939218,0.14727646112442017,0.0,22.24734719505833,0.750396631566193,14.279300785448854,0.0,False,1.6741608162410557
constant-control,132,3,0.001,1.3534070998430252,1.3534070998430252,0.0,2.1260918359189418e-08,0.1010209889695252,0.14839616417884827,0.0,12.149534350549756,0.7503963949125139,14.28679491953029,0.0,False,1.6450697258114815
constant-control,133,3,0.001,1.3714211285114288,1.3714211285114288,0.0,2.1438362196590788e-08,0.10144167741212212,0.14944152534008026,0.0,16.82759657151858,0.7503963949125139,14.294628290963912,0.0,False,1.6240460434928536
constant-control,134,3,0.001,1.2559674084186554,1.2559674084186554,0.0,2.1527663207621117e-08,0.10165273408583823,0.15031006932258606,0.0,15.220399329718926,0.750396631566193,14.302811841944514,0.0,False,1.5984180560335517
constant-control,135,3,0.001,1.3223525658249855,1.322352573275566,0.0,2.1444911624257657e-08,0.10145717470398001,0.15036965906620026,0.0,14.654104665931472,0.750396631566193,14.310922593444449,0.0,False,1.6162409842945635
constant-control,136,3,0.001,3.0449533462524414,3.0449533462524414,0.0,2.119491959717834e-08,0.10086407228965848,0.1495789736509323,0.0,19.866178222347646,0.750396631566193,14.318891508463777,0.0,False,1.7384969159029424
constant-control,137,3,0.001,1.496977299451828,1.496977299451828,0.0,2.0992635185734798e-08,0.10038159916959088,0.14924173057079315,0.0,9.844542940493309,0.750396631566193,14.326937898846529,0.0,False,1.682912667747587
constant-control,138,3,0.001,1.1129882484674454,1.1129882484674454,0.0,2.0747767948137152e-08,0.09979442748979832,0.1487448364496231,0.0,10.376738695288335,0.7503963949125139,14.335130975513858,0.0,False,1.5692861466668546
constant-control,139,3,0.001,1.9395198374986649,1.9395198374986649,0.0,2.0455749094594466e-08,0.09908965475108407,0.1480507254600525,0.0,17.932251840197566,0.750396631566193,14.342917130492552,0.0,False,1.5965235503390431
constant-control,140,3,0.001,2.026967018842697,2.026967018842697,0.0,2.0471029316126987e-08,0.09912665806042399,0.14853984117507935,0.0,23.317543229235813,0.750396631566193,14.35045407155903,0.0,False,1.6057197758927941
constant-control,141,3,0.001,1.139589101076126,1.139589101076126,0.0,2.0823579305329076e-08,0.09997658755285727,0.15061332285404205,0.0,10.422666123310323,0.750396631566193,14.3580246697217,0.0,False,1.5560291791334748
constant-control,142,3,0.001,1.6687078326940536,1.6687078326940536,0.0,2.116832753529252e-08,0.10080078043069503,0.1524864286184311,0.0,10.729328807519193,0.7503963949125139,14.36558710035899,0.0,False,1.5968187707476318
constant-control,143,3,0.001,1.296555832028389,1.296555832028389,0.0,2.1346931333710017e-08,0.10122513160900885,0.15382927656173706,0.0,14.376326660401594,0.750396631566193,14.372798531309313,0.0,False,1.598841028753668
constant-control,144,3,0.001,1.4268893748521805,1.4268893748521805,0.0,2.1324520815824144e-08,0.1011719843581601,0.15421681106090546,0.0,11.48470592446698,0.750396631566193,14.37994574322657,0.0,False,1.5684411940164864
constant-control,145,4,0.001,1.7349967658519745,1.7349967658519745,0.0,2.131973175778512e-08,0.10116062120394184,0.15445508062839508,0.0,11.579530489446665,0.750396631566193,14.387139242590354,0.0,False,1.601414740551263
constant-control,146,4,0.001,1.5468335896730423,1.546833597123623,0.0,2.1363112168160114e-08,0.10126348596152623,0.15466055274009705,0.0,19.218676776714684,0.750396631566193,14.394117330472714,0.0,False,1.61492166435346
constant-control,147,4,0.001,1.5844706520438194,1.5844706557691097,0.0,2.1314207288014586e-08,0.10114751382159759,0.15451957285404205,0.0,21.44583824363017,0.750396631566193,14.401252582195182,0.0,False,1.5826623188331723
constant-control,148,4,0.001,2.4279655665159225,2.4279655665159225,0.0,2.1118987447721338e-08,0.10068323374753242,0.153767392039299,0.0,23.513266907494234,0.750396631566193,14.408742857562494,0.0,False,1.6498222230002284
constant-control,149,4,0.001,1.8978008925914764,1.8978008925914764,0.0,2.0657848764926712e-08,0.09957794661773134,0.15233689546585083,0.0,20.63200520086789,0.750396631566193,14.417001283503893,0.0,False,1.6827209582552314
constant-control,150,4,0.001,2.0177976936101913,2.0177976973354816,0.0,2.0257893140751548e-08,0.09860926824066162,0.15089130401611328,0.0,39.743411665913236,0.750396631566193,14.426102969703521,0.0,False,1.7303353510797024
constant-control,151,4,0.001,1.2392532527446747,1.2392532527446747,0.0,1.929413429024862e-08,0.09623504514330575,0.1469603180885315,0.0,9.482324113049563,0.750396631566193,14.435888915609896,0.0,False,1.725141644012183
constant-control,152,4,0.001,1.5133500546216965,1.5133500546216965,0.0,1.84181470075373e-08,0.09402504791793141,0.14324697852134705,0.0,28.926235455871044,0.750396631566193,14.445505407912014,0.0,False,1.6294164382852614
constant-control,153,4,0.001,2.2283539474010468,2.2283539474010468,0.0,1.8067447982161866e-08,0.093125591809573,0.14194472134113312,0.0,49.98959053011149,0.750396631566193,14.45563934991171,0.0,False,1.6751274787820876
constant-control,154,4,0.001,1.779246672987938,1.779246672987938,0.0,1.684088779541071e-08,0.08990898788137515,0.136812224984169,0.0,30.13000782734037,0.750396631566193,14.4666553177649,0.0,False,1.7167686303146183
constant-control,155,4,0.001,1.8187259137630463,1.8187259137630463,0.0,1.5311462320255487e-08,0.08572923585033543,0.1300354152917862,0.0,30.473800544297166,0.750396631566193,14.477962730541812,0.0,False,1.7092190100811422
constant-control,156,4,0.001,0.9008970186114311,0.9008970186114311,0.0,1.36772024816878e-08,0.08102503757551223,0.12221300601959229,0.0,21.8694436571287,0.750396631566193,14.489479616723598,0.0,False,1.638839635066688
constant-control,157,4,0.001,1.4390148669481277,1.4390148669481277,0.0,1.2585773312423498e-08,0.07772497434062368,0.11668092012405396,0.0,31.43449870040995,0.750396631566193,14.500981596172672,0.0,False,1.6575537454336882
constant-control,158,4,0.001,1.6643276363611221,1.6643276363611221,0.0,1.1901414076476158e-08,0.07558226412725413,0.11339884251356125,0.0,21.65006662816681,0.750396631566193,14.512482471134676,0.0,False,1.65727998316288
constant-control,159,4,0.001,1.9659448117017746,1.9659448117017746,0.0,1.1215727901969785e-08,0.07337267372234806,0.10975240170955658,0.0,13.392933244906127,0.750396631566193,14.52380776948139,0.0,False,1.6991167943924665
constant-control,160,4,0.001,1.143372118473053,1.143372118473053,0.0,1.0741333156261135e-08,0.07180417644263423,0.1070539802312851,0.0,16.518974889351288,0.750396631566193,14.535113185875682,0.0,False,1.681396965868771
constant-control,161,4,0.001,0.889021098613739,0.889021098613739,0.0,1.0216410828434164e-08,0.07002768888749054,0.10423076897859573,0.0,11.584872714581044,0.750396631566193,14.546146920747237,0.0,False,1.6285234866663814
constant-control,162,4,0.001,2.8706702291965485,2.8706702291965485,0.0,9.66714797101531e-09,0.06811924151192532,0.10122236609458923,0.0,24.975691176128525,0.750396631566193,14.556680721240125,0.0,False,1.7112632766366005
constant-control,163,4,0.001,1.401726558804512,1.401726558804512,0.0,9.00473651199718e-09,0.06574400064576466,0.09738048166036606,0.0,28.074013255987126,0.750396631566193,14.566963154057364,0.0,False,1.6998417708091438
constant-control,164,4,0.001,1.162825420498848,1.162825420498848,0.0,8.630731684888815e-09,0.06436420696443684,0.09527421742677689,0.0,14.816355554927163,0.750396631566193,14.577190722938127,0.0,False,1.6207705116830766
constant-control,165,4,0.001,1.5638790428638458,1.5638790428638458,0.0,8.329782197336044e-09,0.06323207227044819,0.09327427297830582,0.0,17.570259359254567,0.750396631566193,14.586893514808017,0.0,False,1.5999003960750997
constant-control,166,4,0.001,0.8400071337819099,0.8400071337819099,0.0,8.200588652584884e-09,0.06273979845234377,0.09234894812107086,0.0,51.43986180155024,0.750396631566193,14.596931731000357,0.0,False,1.5262884860858321
constant-control,167,4,0.001,1.3879448175430298,1.3879448175430298,0.0,7.566459458985264e-09,0.060265250933976035,0.08814681321382523,0.0,10.56547227977485,0.750396631566193,14.606707645765262,0.0,False,1.5355817088857293
constant-control,168,4,0.001,1.6220753863453865,1.6220753863453865,0.0,7.058856166253236e-09,0.05820868356820067,0.0846961960196495,0.0,43.88534431773876,0.750396631566193,14.616287015140554,0.0,False,1.54237704211846
constant-control,169,4,0.001,0.9676996320486069,0.9676996320486069,0.0,6.235540528365391e-09,0.054708859129545005,0.07895161211490631,0.0,31.427528472161665,0.750396631566193,14.625875506000236,0.0,False,1.4635861474089324
constant-control,170,4,0.001,1.865975171327591,1.865975171327591,0.0,5.477292397415567e-09,0.05127475293636092,0.07270288467407227,0.0,52.44702275635652,0.750396631566193,14.63540738083073,0.0,False,1.4690066785551608
constant-control,171,4,0.001,1.5762888193130493,1.5762888193130493,0.0,5.272574377102046e-09,0.0503074107361062,0.07007141411304474,0.0,34.94282506513503,0.7503963949125139,14.645185261856916,0.0,False,1.453854360152036
constant-control,172,4,0.001,1.4298229366540909,1.4298229366540909,0.0,5.295416993789104e-09,0.05041626917326081,0.06926608085632324,0.0,24.663489645450465,0.750396631566193,14.654997066667175,0.0,False,1.4869122300297022
constant-control,173,4,0.001,1.1632940173149109,1.1632940173149109,0.0,5.30146992971936e-09,0.05044507203094749,0.06791064888238907,0.0,52.64070925581538,0.750396631566193,14.664612364783629,0.0,False,1.4696796769276261
constant-control,174,4,0.001,2.7842968702316284,2.7842968702316284,0.0,5.438161032600419e-09,0.05109126612521746,0.06868519634008408,0.0,244.09778851734814,0.750396631566193,14.673445199870864,0.0,False,1.5396777540445328
constant-control,175,4,0.001,1.3392400369048119,1.3392400369048119,0.0,7.055520612198052e-09,0.058194933035173174,0.08171554654836655,0.0,16.181951658732125,0.750396631566193,14.68287959587001,0.0,False,1.5005087056197226
constant-control,176,4,0.001,2.2216206192970276,2.2216206192970276,0.0,8.889003311196575e-09,0.06532014771159861,0.09449411928653717,0.0,15.86186201722974,0.750396631566193,14.692810848579809,0.0,False,1.567899236921221
constant-control,177,4,0.001,1.9795110821723938,1.9795110821723938,0.0,1.0718135712295407e-08,0.07172660274803944,0.10594518482685089,0.0,40.1889244245128,0.750396631566193,14.703330390752312,0.0,False,1.636054860893637
constant-control,178,4,0.001,0.9934697598218918,0.9934697598218918,0.0,1.2138348104429042e-08,0.07633090463551104,0.11424815654754639,0.0,13.729127707540643,0.750396631566193,14.714370846290931,0.0,False,1.518729831557721
constant-control,179,4,0.001,1.6046529114246368,1.6046529114246368,0.0,1.3446887159318521e-08,0.08033994230756526,0.12137292325496674,0.0,68.59575831134417,0.750396631566193,14.724967844851868,0.0,False,1.5314127285964787
constant-control,180,4,0.001,2.1210707128047943,2.1210707128047943,0.0,1.5506572026424692e-08,0.08627371599252191,0.1320403665304184,0.0,26.997079657852154,0.750396631566193,14.735774155074282,0.0,False,1.5913030593656003
constant-control,181,5,0.001,1.6014414727687836,1.6014414727687836,0.0,1.7249385919626548e-08,0.0909928833574788,0.14042969048023224,0.0,15.655237013594121,0.750396631566193,14.746842603141864,0.0,False,1.593650711234659
constant-control,182,5,0.001,1.3584995828568935,1.3584995865821838,0.0,1.899833712570853e-08,0.09549450927678065,0.14847220480442047,0.0,12.34415759787436,0.750396631566193,14.757827043645815,0.0,False,1.6260564893018454
constant-control,183,5,0.001,1.723568320274353,1.723568320274353,0.0,2.0746107054492313e-08,0.09979044091740086,0.15613879263401031,0.0,18.1748257510559,0.750396631566193,14.769019905420349,0.0,False,1.6470329582225531
constant-control,184,5,0.001,1.093955010175705,1.0939550176262856,0.0,2.2207863992207422e-08,0.10324618462479244,0.16215670108795166,0.0,21.07824974774991,0.750396631566193,14.780262468262563,0.0,False,1.614025434711948
constant-control,185,5,0.001,0.5141520798206329,0.5141521021723747,0.0,2.3195415366217276e-08,0.10551681646215415,0.16620109975337982,0.0,6.18739456108845,0.750396631566193,14.791439205102671,0.0,False,1.5856787126976997
constant-control,186,5,0.001,1.1405664831399918,1.1405664831399918,0.0,2.408566679434898e-08,0.10752264641795438,0.16978393495082855,0.0,20.224367485112353,0.750396631566193,14.802716664003471,0.0,False,1.5403406696859747
constant-control,187,5,0.001,1.572315901517868,1.572315901517868,0.0,2.4879316384840422e-08,0.10927978729928395,0.17259658873081207,0.0,19.47846752978926,0.750396631566193,14.814065633890031,0.0,False,1.5400923623237759
constant-control,188,5,0.001,1.8493837863206863,1.8493837863206863,0.0,2.5792893154630292e-08,0.11126809160974495,0.1758674830198288,0.0,13.982808650599251,0.750396631566193,14.825299681891853,0.0,False,1.566314915427938
constant-control,189,5,0.001,1.0285532921552658,1.0285532921552658,0.0,2.6506443262519497e-08,0.11279669121541888,0.17844673991203308,0.0,12.088493335582228,0.7503963949125139,14.836489197510234,0.0,False,1.5578936201054603
constant-control,190,5,0.001,1.4716605842113495,1.4716605842113495,0.0,2.7333859620171097e-08,0.11454367127616104,0.18140271306037903,0.0,15.515195504060285,0.750396631566193,14.847188799159072,0.0,False,1.4758538522291929
constant-control,191,5,0.001,1.8596868887543678,1.859686903655529,0.0,2.8275570329583388e-08,0.11650010094660052,0.18459783494472504,0.0,21.582174380095115,0.750396631566193,14.857858640619508,0.0,False,1.50838178046979
constant-control,192,5,0.001,2.245025724172592,2.245025724172592,0.0,2.949121835627011e-08,0.11897808957309687,0.18876326084136963,0.0,15.30520681910094,0.750396631566193,14.868540621697974,0.0,False,1.5098445995245129
constant-control,193,5,0.001,0.889049768447876,0.8890497907996178,0.0,3.0381585247596377e-08,0.1207607548778735,0.19180217385292053,0.0,15.157598807308142,0.750396631566193,14.879354638865667,0.0,False,1.4416907674167305
constant-control,194,5,0.001,2.04518461227417,2.0451846420764923,0.0,3.0892980618091315e-08,0.12177286379665474,0.1936955600976944,0.0,23.129969313094303,0.750396631566193,14.890456918434792,0.0,False,1.507422945694998
constant-control,195,5,0.001,1.3930725902318954,1.3930726125836372,0.0,3.154838168484275e-08,0.12305780464295799,0.1960090845823288,0.0,13.92233975911331,0.750396631566193,14.902165864631483,0.0,False,1.4941991756204516
constant-control,196,5,0.001,1.5449577867984772,1.5449578016996384,0.0,3.220174704665624e-08,0.12432553127877667,0.19823555648326874,0.0,21.121772930908286,0.750396631566193,14.914616512592362,0.0,False,1.4581921177450567
constant-control,197,5,0.001,1.4799297899007797,1.4799298197031021,0.0,3.2829010621071575e-08,0.12553057936045378,0.2002902776002884,0.0,13.59880106536795,0.750396631566193,14.927598173464423,0.0,False,1.4505976375658065
constant-control,198,5,0.001,2.1580883264541626,2.1580883264541626,0.0,3.3507507879448895e-08,0.1268211491621718,0.20245367288589478,0.0,22.38485622257918,0.750396631566193,14.940192887975753,0.0,False,1.5005719340406358
constant-control,199,5,0.001,1.333827406167984,1.3338274359703064,0.0,3.383004454349248e-08,0.12743006550112237,0.20363502204418182,0.0,33.32452392584287,0.750396631566193,14.953148937252388,0.0,False,1.4762131269089878
constant-control,200,5,0.001,1.5524145066738129,1.5524145066738129,0.0,3.3140384658736366e-08,0.12612448345498334,0.20164236426353455,0.0,32.42903559521435,0.750396631566193,14.966637247069299,0.0,False,1.5048668454401195
constant-control,201,5,0.001,1.9686498045921326,1.9686498045921326,0.0,3.238373480485279e-08,0.12467635405411313,0.19958029687404633,0.0,42.54849427977118,0.750396631566193,14.98242182025962,0.0,False,1.5957729532383382
constant-control,202,5,0.001,1.3314120173454285,1.3314120396971703,0.0,3.138906379263062e-08,0.12274668963452633,0.1965157389640808,0.0,15.768960869372677,0.750396631566193,15.000650918927224,0.0,False,1.607700799126178
constant-control,203,5,0.001,1.074355337768793,1.074355375021696,0.0,3.0239391435316065e-08,0.12047782575507936,0.19298654794692993,0.0,13.852422836454194,0.750396631566193,15.020844158326918,0.0,False,1.5765782638918608
constant-control,204,5,0.001,2.1075494587421417,2.1075494587421417,0.0,2.9279435764806294e-08,0.11855011620630475,0.1900353580713272,0.0,25.579764701964393,0.750396631566193,15.042029013994421,0.0,False,1.5927136184182018
constant-control,205,5,0.001,1.5332040935754776,1.5332041084766388,0.0,2.840375223911451e-08,0.11676386565411725,0.18720145523548126,0.0,15.887377346245755,0.750396631566193,15.064397920266465,0.0,False,1.624254293506965
constant-control,206,5,0.001,1.347103014588356,1.347103014588356,0.0,2.7708544791948952e-08,0.11532606565613461,0.18494762480258942,0.0,19.7790797191357,0.750396631566193,15.087849104506075,0.0,False,1.616469445405528
constant-control,207,5,0.001,1.6557884812355042,1.6557884812355042,0.0,2.6650749163081855e-08,0.11310331287451701,0.18131791055202484,0.0,15.18127315309614,0.750396631566193,15.11160627717485,0.0,False,1.603725794935599
constant-control,208,5,0.001,1.1134887486696243,1.1134887486696243,0.0,2.5619996790737787e-08,0.11089453833334137,0.17766255140304565,0.0,17.83894308889283,0.7503963949125139,15.135444194090162,0.0,False,1.5330047339666635
constant-control,209,5,0.001,0.6230261847376823,0.6230261921882629,0.0,2.4964910139146923e-08,0.10946760599299084,0.1752740889787674,0.0,16.26684298181439,0.750396631566193,15.159290007325069,0.0,False,1.5163782599847764
constant-control,210,5,0.001,1.187988981604576,1.187988981604576,0.0,2.463058912383076e-08,0.10873216030395842,0.17428728938102722,0.0,93.91877092826572,0.750396631566193,15.184184419836916,0.0,False,1.4628035330679268
constant-control,211,5,0.001,2.5030126720666885,2.5030126720666885,0.0,2.5764304467656984e-08,0.11120641381945652,0.17847861349582672,0.0,20.1633136178789,0.7503963949125139,15.213215006370556,0.0,False,1.5321747881826013
constant-control,212,5,0.001,1.026810348033905,1.026810348033905,0.0,2.69258908502934e-08,0.11368565158418761,0.18272899091243744,0.0,11.878343667684625,0.750396631566193,15.24517807843256,0.0,False,1.4997905732598156
constant-control,213,5,0.001,2.188800811767578,2.188800811767578,0.0,2.7957295145597527e-08,0.115842573430156,0.18654225766658783,0.0,28.11574789521867,0.750396631566193,15.279195463495265,0.0,False,1.5440950121264905
constant-control,214,5,0.001,1.098328910768032,1.0983289182186127,0.0,2.895432338334558e-08,0.11789009675345928,0.19035004079341888,0.0,17.272129751575445,0.750396631566193,15.31490750644979,0.0,False,1.4778600486461073
constant-control,215,5,0.001,1.73978590965271,1.73978590965271,0.0,2.980055135992643e-08,0.11960043650668725,0.1936327964067459,0.0,55.01199463428059,0.750396631566193,15.352523262527187,0.0,False,1.5032324551139027
constant-control,216,5,0.001,2.6580051481723785,2.6580051481723785,0.0,3.045715857297182e-08,0.12091086158601978,0.19567984342575073,0.0,31.101143892871413,0.750396631566193,15.392407436680095,0.0,False,1.572331870207563
constant-control,217,6,0.001,1.539682436734438,1.5396824590861797,0.0,3.122680070077877e-08,0.12242901362937082,0.1981785148382187,0.0,31.389209151546613,0.750396631566193,15.434493450460502,0.0,False,1.5455214097164571
constant-control,218,6,0.001,1.296476125717163,1.2964761406183243,0.0,3.144037563629354e-08,0.12284697583796252,0.19846642017364502,0.0,15.362000021863958,0.750396631566193,15.477570649410548,0.0,False,1.5433379164896905
constant-control,219,6,0.001,2.7706765234470367,2.770676538348198,0.0,3.147127003444439e-08,0.12290732029236258,0.19801324605941772,0.0,26.836537461519296,0.750396631566193,15.520651135016196,0.0,False,1.6493579905945808
constant-control,220,6,0.001,1.4429682530462742,1.4429682679474354,0.0,3.165397188809038e-08,0.12326356539565249,0.1983748823404312,0.0,13.827202606184654,0.750396631566193,15.563978585055546,0.0,False,1.607821665238589
constant-control,221,6,0.001,2.182180568575859,2.1821805834770203,0.0,3.185890662393831e-08,0.12366193687753628,0.19899716973304749,0.0,31.054532591838754,0.750396631566193,15.607373065286572,0.0,False,1.648382694926113
constant-control,222,6,0.001,1.453239656984806,1.4532396867871284,0.0,3.1348179163614986e-08,0.12266673029331455,0.19714167714118958,0.0,15.756157365700503,0.750396631566193,15.650110259871344,0.0,False,1.655016235075891
constant-control,223,6,0.001,1.7250981777906418,1.725098192691803,0.0,3.1058100091740926e-08,0.12209785772576091,0.19610334932804108,0.0,18.485867992108552,0.750396631566193,15.692217571604916,0.0,False,1.6593480911105871
constant-control,224,6,0.001,1.6707571744918823,1.6707571893930435,0.0,3.06809546657405e-08,0.12135427122281911,0.19473618268966675,0.0,18.946835143949336,0.750396631566193,15.733077646785977,0.0,False,1.6941773677244782
constant-control,225,6,0.001,1.3237906992435455,1.323790729045868,0.0,3.004303295028876e-08,0.12008603373813372,0.19270113110542297,0.0,14.012731298142649,0.750396631566193,15.772414092343997,0.0,False,1.7379751498810947
constant-control,226,6,0.001,2.196429282426834,2.196429282426834,0.0,2.9353456554304103e-08,0.11869986699114321,0.19037528336048126,0.0,19.704001575604323,0.750396631566193,15.810065673441281,0.0,False,1.8010026686824858
constant-control,227,6,0.001,1.283509522676468,1.2835095301270485,0.0,2.8664743467743392e-08,0.11729908997572196,0.18799075484275818,0.0,13.656801810929187,0.750396631566193,15.846194499486934,0.0,False,1.724783721845597
constant-control,228,6,0.001,0.992632269859314,0.992632269859314,0.0,2.8315715994153834e-08,0.11658277498073731,0.18688279390335083,0.0,10.800040928630208,0.750396631566193,15.880764736138966,0.0,False,1.722647591959685
constant-control,229,6,0.001,1.526427075266838,1.526427075266838,0.0,2.8196447843242822e-08,0.11633699140189604,0.18668825924396515,0.0,14.196299978415391,0.750396631566193,15.913890671881257,0.0,False,1.6812492334283888
constant-control,230,6,0.001,2.0411978103220463,2.041197817772627,0.0,2.7901492671844608e-08,0.11572690531669662,0.1860341876745224,0.0,14.126537621127342,0.750396631566193,15.945348828672008,0.0,False,1.7401785396505147
constant-control,231,6,0.001,1.4228525049984455,1.4228525198996067,0.0,2.746496896577355e-08,0.11481805242865738,0.18470577895641327,0.0,17.408580406847896,0.750396631566193,15.975478121699764,0.0,False,1.7203702018596232
constant-control,232,6,0.001,2.1420916318893433,2.142091639339924,0.0,2.7242112565772914e-08,0.11435127956908464,0.18391215801239014,0.0,18.549442468633394,0.750396631566193,16.00434414988411,0.0,False,1.6881256070919335
constant-control,233,6,0.001,2.3513934910297394,2.35139349848032,0.0,2.6813026465788425e-08,0.11344712982683959,0.18236622214317322,0.0,15.170482805466461,0.750396631566193,16.032127940320255,0.0,False,1.7388575479853898
constant-control,234,6,0.001,2.158122569322586,2.158122569322586,0.0,2.6326882007765562e-08,0.11241397723359374,0.1807613968849182,0.0,19.157746295326138,0.750396631566193,16.05870799189729,0.0,False,1.7927104507107288
constant-control,235,6,0.001,1.841343030333519,1.841343030333519,0.0,2.574115498532592e-08,0.1111564385560329,0.17863169312477112,0.0,19.21582874310213,0.750396631566193,16.084607661742655,0.0,False,1.734627107391134
constant-control,236,6,0.001,2.3011058270931244,2.301105834543705,0.0,2.5407075554539915e-08,0.11043276844654044,0.17753781378269196,0.0,15.517529611417588,0.750396631566193,16.10972141195437,0.0,False,1.788260705769062
constant-control,237,6,0.001,0.8283949792385101,0.8283949866890907,0.0,2.4989253333274064e-08,0.10952096099460253,0.1759306639432907,0.0,7.877822274848909,0.750396631566193,16.134025540788734,0.0,False,1.7036491064354777
constant-control,238,6,0.001,1.3448837250471115,1.3448837399482727,0.0,2.452807379427213e-08,0.1085056441370056,0.17405621707439423,0.0,14.036223244695694,0.750396631566193,16.157201322869398,0.0,False,1.6968768606893718
constant-control,239,6,0.001,1.1983449757099152,1.1983449757099152,0.0,2.38362805049519e-08,0.10696455240692664,0.17135967314243317,0.0,14.018432428529323,0.750396631566193,16.179433263075584,0.0,False,1.6639547855593264
constant-control,240,6,0.001,2.1327291652560234,2.132729172706604,0.0,2.3452718878047563e-08,0.10610044512645889,0.16986563801765442,0.0,16.383550600317697,0.750396631566193,16.20065515762635,0.0,False,1.6928280349820852
constant-control,241,6,0.001,1.4077876955270767,1.4077876955270767,0.0,2.2836422530758682e-08,0.1046971018943654,0.16727623343467712,0.0,8.694778336019292,0.750396631566193,16.220862752970735,0.0,False,1.698077847249806
constant-control,242,6,0.001,1.4166653454303741,1.4166653454303741,0.0,2.2343066063967854e-08,0.10355998807403816,0.16508369147777557,0.0,24.94080616252735,0.750396631566193,16.24019893782227,0.0,False,1.6493426011875272
constant-control,243,6,0.001,2.042697846889496,2.042697846889496,0.0,2.1558181018122013e-08,0.10172476139441458,0.16164530813694,0.0,21.571465745538873,0.750396631566193,16.259097454131712,0.0,False,1.6967918714508414
constant-control,244,6,0.001,1.1054033786058426,1.1054033786058426,0.0,2.050033920397709e-08,0.09919759476299417,0.15684764087200165,0.0,16.326761875659937,0.750396631566193,16.277285922228806,0.0,False,1.7038400657474995
constant-control,245,6,0.001,1.6759226322174072,1.6759226322174072,0.0,1.9674134321689962e-08,0.0971781072780039,0.15311822295188904,0.0,13.332322887453884,0.750396631566193,16.294682905003338,0.0,False,1.71318353805691
constant-control,246,6,0.001,2.6208705604076385,2.6208705604076385,0.0,1.900236412666345e-08,0.09550463254158185,0.1502828747034073,0.0,16.767324870514418,0.750396631566193,16.311019400679445,0.0,False,1.7494130849372596
constant-control,247,6,0.001,1.5036064982414246,1.5036064982414246,0.0,1.836026797263912e-08,0.09387719834033413,0.14764471352100372,0.0,11.529083651054414,0.750396631566193,16.327022453169107,0.0,False,1.7544602095149457
constant-control,248,6,0.001,1.195602223277092,1.1956022307276726,0.0,1.7631833770792582e-08,0.0919960873791368,0.1445460021495819,0.0,8.312808370933736,0.7503963949125139,16.342480118709428,0.0,False,1.69530462147668
constant-control,249,6,0.001,0.6372000724077225,0.6372000724077225,0.0,1.7057800505426712e-08,0.09048615504175286,0.14206069707870483,0.0,8.604509717243083,0.750396631566193,16.357309058023354,0.0,False,1.588167532812804
constant-control,250,6,0.001,2.2302428036928177,2.2302428036928177,0.0,1.6590320228715427e-08,0.08923762407099163,0.139899343252182,0.0,10.183797985316673,0.750396631566193,16.371376510832647,0.0,False,1.5926750474609435
constant-control,251,6,0.001,1.3528228029608727,1.3528228104114532,0.0,1.624857937088109e-08,0.0883137484856453,0.13834941387176514,0.0,13.854508743084436,0.750396631566193,16.38479355392223,0.0,False,1.562142533250153
constant-control,252,6,0.001,0.86611258238554,0.8661125972867012,0.0,1.5919855655965875e-08,0.08741585140815902,0.13671939074993134,0.0,9.481694444766832,0.750396631566193,16.39765138600768,0.0,False,1.472455455455929
constant-control,253,7,0.001,0.9679160118103027,0.9679160118103027,0.0,1.5758162774659468e-08,0.0869707866487584,0.13573773205280304,0.0,9.351656288443541,0.750396631566193,16.40984535152069,0.0,False,1.481175519991666
constant-control,254,7,0.001,1.3252082914113998,1.3252082914113998,0.0,1.5555412957724002e-08,0.08640948302357053,0.13447274267673492,0.0,7.13508477107874,0.750396631566193,16.42144490592988,0.0,False,1.479945805389434
constant-control,255,7,0.001,1.2241988480091095,1.2241988480091095,0.0,1.5412192411190517e-08,0.08601076621084411,0.13338784873485565,0.0,15.2831281864852,0.750396631566193,16.432599928348946,0.0,False,1.4815616724081337
constant-control,256,7,0.001,3.9544695913791656,3.9544695913791656,0.0,1.5369343131510504e-08,0.0858911228158184,0.1330977976322174,0.0,56.19161182328356,0.750396631566193,16.444338575786695,0.0,False,1.5954204490408301
constant-control,257,7,0.001,1.6805566847324371,1.6805566847324371,0.0,1.4518843904909318e-08,0.08348080508701047,0.12915778160095215,0.0,12.900093146181586,0.750396631566193,16.45666986094682,0.0,False,1.6124685108661652
constant-control,258,7,0.001,0.45610707625746727,0.45610707998275757,0.0,1.3659986031200333e-08,0.08097402533647262,0.12507180869579315,0.0,8.43955244118394,0.750396631566193,16.46917889886078,0.0,False,1.5524336190428585
constant-control,259,7,0.001,2.5039787739515305,2.5039787739515305,0.0,1.286604600636565e-08,0.07858563546389932,0.12137585133314133,0.0,18.925405937765966,0.750396631566193,16.48146438672968,0.0,False,1.5812636769842356
constant-control,260,7,0.001,1.0276844650506973,1.0276844650506973,0.0,1.2334758991983108e-08,0.07694598194537298,0.11935026198625565,0.0,32.99205606140296,0.750396631566193,16.493902429438553,0.0,False,1.576406244887039
constant-control,261,7,0.001,1.476173460483551,1.476173460483551,0.0,1.1469784233497649e-08,0.07419903333829829,0.11480551958084106,0.0,19.163169534877238,0.750396631566193,16.505988631855004,0.0,False,1.563921921653673
constant-control,262,7,0.001,0.9538668394088745,0.9538668394088745,0.0,1.0568028230295567e-08,0.07122256465213599,0.10947676748037338,0.0,42.87440423014752,0.750396631566193,16.517542855997544,0.0,False,1.4597341890912503
constant-control,263,7,0.001,1.0803963243961334,1.0803963243961334,0.0,1.0286353990807129e-08,0.07026699107892283,0.10844644904136658,0.0,14.786553157188138,0.7503963949125139,16.52881199006349,0.0,False,1.4332835532259196
constant-control,264,7,0.001,1.619795922189951,1.6197959259152412,0.0,1.0164605157569895e-08,0.0698499139355352,0.10836483538150787,0.0,62.85787020748991,0.750396631566193,16.540362713682587,0.0,False,1.4597956594079733
constant-control,265,7,0.001,1.1764733344316483,1.1764733344316483,0.0,9.387192356768992e-09,0.06712564671977037,0.10287990421056747,0.0,40.99698093753095,0.750396631566193,16.552057894827065,0.0,False,1.4935002382844687
constant-control,266,7,0.001,1.765496402978897,1.765496402978897,0.0,8.478710178394522e-09,0.06379483281339968,0.09520720690488815,0.0,40.12174547212688,0.750396631566193,16.564916167765578,0.0,False,1.4644535882398486
constant-control,267,7,0.001,1.7800728529691696,1.7800728529691696,0.0,7.512675814780323e-09,0.060050682208293,0.08540406078100204,0.0,24.778239437892026,0.750396631566193,16.578134600387312,0.0,False,1.4911567163653672
constant-control,268,7,0.001,2.167263984680176,2.167263984680176,0.0,6.611372338483079e-09,0.056333459140406945,0.07449221611022949,0.0,73.49758004148057,0.750396631566193,16.591075514009873,0.0,False,1.572478679008782
constant-control,269,7,0.001,2.2989383339881897,2.2989383339881897,0.0,6.131732899206099e-09,0.054251561465798286,0.0705314353108406,0.0,31.698936115291172,0.750396631566193,16.60409892337954,0.0,False,1.6556675741448998
constant-control,270,7,0.001,2.5812266170978546,2.5812266170978546,0.0,5.612915021657727e-09,0.05190567948959051,0.06602341681718826,0.0,45.245238461799346,0.750396631566193,16.6171860471363,0.0,False,1.7341687195003033
constant-control,271,7,0.001,0.9561471045017242,0.9561471045017242,0.0,5.3857358572884095e-09,0.0508444014214954,0.0659622773528099,0.0,34.09634153444941,0.750396631566193,16.63050844267749,0.0,False,1.7174154855310917
constant-control,272,7,0.001,1.6402390897274017,1.6402390897274017,0.0,5.4642184110775815e-09,0.05121352185964843,0.06857488304376602,0.0,26.591093256605767,0.750396631566193,16.644136824143633,0.0,False,1.5727760791778564
constant-control,273,7,0.001,1.6335999071598053,1.6335999071598053,0.0,5.5092947981449925e-09,0.05142432786754664,0.07003330439329147,0.0,39.948325765989864,0.750396631566193,16.658140286134284,0.0,False,1.569841280579567
constant-control,274,7,0.001,3.092110201716423,3.092110201716423,0.0,5.3147499734507164e-09,0.050508215695024054,0.06826392561197281,0.0,49.57943782818768,0.750396631566193,16.671933739536367,0.0,False,1.7345914759207517
constant-control,275,7,0.001,1.028649315237999,1.028649315237999,0.0,5.455624396688563e-09,0.05117323359227736,0.06709249317646027,0.0,17.074900404546785,0.750396631566193,16.6859307325686,0.0,False,1.642383384751156
constant-control,276,7,0.001,1.6329496502876282,1.6329496502876282,0.0,5.588758789087933e-09,0.05179386186898738,0.06549666076898575,0.0,48.820441663612534,0.750396631566193,16.70022504139264,0.0,False,1.6802124588284642
constant-control,277,7,0.001,0.7237984091043472,0.7237984091043472,0.0,5.500029320870681e-09,0.051381068288188544,0.059910330921411514,0.0,24.574855420316897,0.750396631566193,16.714586348300212,0.0,False,1.633189018117264
constant-control,278,7,0.001,1.378046229481697,1.378046229481697,0.0,5.514803280703973e-09,0.05145003029997511,0.05436035245656967,0.0,109.01960312441125,0.750396631566193,16.72862205065288,0.0,False,1.6597002299968153
constant-control,279,7,0.001,2.0323125422000885,2.0323125422000885,0.0,5.902743627217433e-09,0.053228913334131586,0.05885874852538109,0.0,23.93683131740593,0.750396631566193,16.742812450416096,0.0,False,1.7191949936095625
constant-control,280,7,0.001,1.640907645225525,1.640907645225525,0.0,6.314280209807066e-09,0.055053195675309814,0.0621475912630558,0.0,135.53352156921468,0.750396631566193,16.756806352938206,0.0,False,1.7205144762992859
constant-control,281,7,0.001,1.2973055019974709,1.297305503860116,0.0,7.210601005169792e-09,0.05883101682841455,0.07483982294797897,0.0,56.682252227769936,0.750396631566193,16.771633055241487,0.0,False,1.7280664867721498
constant-control,282,7,0.001,1.1571204997599125,1.1571205034852028,0.0,8.277736718298456e-09,0.06303422854026862,0.08886732906103134,0.0,33.73144077264205,0.750396631566193,16.787549448360398,0.0,False,1.6900429928209633
constant-control,283,7,0.001,1.75911146402359,1.75911146402359,0.0,9.226612363022468e-09,0.0665490344113754,0.09918879717588425,0.0,34.078966989409025,0.750396631566193,16.804270124156034,0.0,False,1.6887329060118645
constant-control,284,7,0.001,2.4822910726070404,2.4822910726070404,0.0,9.980964499334277e-09,0.06921606222385349,0.1061970666050911,0.0,73.04635684357085,0.750396631566193,16.821894719438294,0.0,False,1.7084220990072936
constant-control,285,7,0.001,1.7193474471569061,1.7193474471569061,0.0,1.0518414583771118e-08,0.0710551820363115,0.10935147851705551,0.0,28.41383067190887,0.750396631566193,16.840368668305484,0.0,False,1.6721976685803384
constant-control,286,7,0.001,1.2690792381763458,1.2690792381763458,0.0,1.1193162841038884e-08,0.07329882599883009,0.1134691908955574,0.0,25.327226733536644,0.750396631566193,16.85981941233702,0.0,False,1.590188457397744
constant-control,287,7,0.001,1.6053462475538254,1.6053462475538254,0.0,1.1600030269676154e-08,0.07461912742705079,0.11566228419542313,0.0,26.833587192006178,0.750396631566193,16.879490410277324,0.0,False,1.6307634038385004
constant-control,288,7,0.001,1.5611732751131058,1.5611732751131058,0.0,1.205302346818371e-08,0.07606215278866307,0.11851387470960617,0.0,40.38004702926417,0.750396631566193,16.899236772719885,0.0,False,1.6258217904251069
constant-control,289,8,0.001,2.5833259224891663,2.5833259224891663,0.0,1.2155990880557965e-08,0.07638635749605589,0.12004200369119644,0.0,30.095456748794078,0.750396631566193,16.91900336484338,0.0,False,1.685179666383192
constant-control,290,8,0.001,1.1332228481769562,1.1332228481769562,0.0,1.2323769560396158e-08,0.07691169432312556,0.12208409607410431,0.0,21.879404121859274,0.750396631566193,16.939114094814425,0.0,False,1.5627492067869753
constant-control,291,8,0.001,1.7635694444179535,1.7635694444179535,0.0,1.2270098714850519e-08,0.07674403700884448,0.1225668415427208,0.0,15.07104563666811,0.750396631566193,16.959292346634275,0.0,False,1.6086817148607224
constant-control,292,8,0.001,1.002374492585659,1.002374492585659,0.0,1.219856748946313e-08,0.07652001389914719,0.12286969274282455,0.0,12.771465322815837,0.750396631566193,16.979042621113184,0.0,False,1.5692707675043494
constant-control,293,8,0.001,1.5149423405528069,1.5149423405528069,0.0,1.2156133877283537e-08,0.0763868048582556,0.12333976477384567,0.0,22.15369306528623,0.750396631566193,16.998664004517785,0.0,False,1.618717263219878
constant-control,294,8,0.001,1.5651305168867111,1.5651305168867111,0.0,1.2036011298732774e-08,0.07600845554678888,0.1231185644865036,0.0,13.733044937039013,0.750396631566193,17.01776646804474,0.0,False,1.6304100311826915
constant-control,295,8,0.001,1.6878310441970825,1.6878310441970825,0.0,1.1897712148822848e-08,0.07557051024229537,0.12257862836122513,0.0,18.857012033018677,0.750396631566193,17.03623604109752,0.0,False,1.6088799375575036
constant-control,296,8,0.001,1.900206297636032,1.900206297636032,0.0,1.1858674042741768e-08,0.0754464260177621,0.12267399579286575,0.0,10.068534013763887,0.750396631566193,17.054101672233596,0.0,False,1.6250861033331603
constant-control,297,8,0.001,1.8511286824941635,1.8511286824941635,0.0,1.1823739320959703e-08,0.07533521925567077,0.12263157963752747,0.0,34.92175601172285,0.750396631566193,17.071536473892422,0.0,False,1.6597000521142036
constant-control,298,8,0.001,1.005312442779541,1.005312442779541,0.0,1.1391797727355879e-08,0.07394635244679373,0.12030183523893356,0.0,11.383102803337795,0.750396631566193,17.088432897479642,0.0,False,1.6502120485529304
constant-control,299,8,0.001,1.1769292652606964,1.1769292652606964,0.0,1.0979840148195308e-08,0.07259699203889361,0.11812208592891693,0.0,18.017281240823685,0.750396631566193,17.104656577579924,0.0,False,1.6138256611302495
constant-control,300,8,0.001,2.0607492923736572,2.0607492923736572,0.0,1.0478370171540519e-08,0.07091979847151253,0.11516832560300827,0.0,33.44250938394946,0.750396631566193,17.120463421220613,0.0,False,1.587479299865663
constant-control,301,8,0.001,1.5521040260791779,1.5521040260791779,0.0,9.932778155530286e-09,0.06904877506504098,0.11247193813323975,0.0,42.240274661588415,0.750396631566193,17.13574928489974,0.0,False,1.577026586048305
constant-control,302,8,0.001,1.7515373975038528,1.7515373975038528,0.0,9.235540332497294e-09,0.06658122406661329,0.10807531327009201,0.0,18.823909117410327,0.750396631566193,17.150531747083317,0.0,False,1.6071802210062742
constant-control,303,8,0.001,1.8718854635953903,1.8718854635953903,0.0,8.533231010687814e-09,0.06399961800860307,0.10343577712774277,0.0,56.8439009686784,0.750396631566193,17.164593733683038,0.0,False,1.623838922008872
constant-control,304,8,0.001,3.256176695227623,3.256176695227623,0.0,8.396032313839896e-09,0.06348303432564921,0.10290037095546722,0.0,132.30717383444238,0.750396631566193,17.18037821404417,0.0,False,1.7297766357660294
constant-control,305,8,0.001,2.5010011792182922,2.5010011792182922,0.0,7.004161695078892e-09,0.05798273490419326,0.09333692491054535,0.0,62.54430695340342,0.750396631566193,17.196526532221792,0.0,False,1.7246313393115997
constant-control,306,8,0.001,1.904031902551651,1.904031902551651,0.0,5.461139984674901e-09,0.05119909407490021,0.08093646913766861,0.0,32.11487832312641,0.750396631566193,17.21304931797262,0.0,False,1.7728069052100182
constant-control,307,8,0.001,2.020081602036953,2.020081602036953,0.0,4.2474095351963115e-09,0.045152593074191824,0.06960918754339218,0.0,54.17309911646549,0.750396631566193,17.229458612863947,0.0,False,1.7888389150612056
constant-control,308,8,0.001,2.0139066874980927,2.0139066874980927,0.0,3.5109470886141025e-09,0.04105185106961614,0.06264599412679672,0.0,89.24714347763398,0.750396631566193,17.245338000591268,0.0,False,1.8520596772432327
constant-control,309,8,0.001,1.813036322593689,1.813036322593689,0.0,3.2461204835243507e-09,0.03947325298093797,0.06068752706050873,0.0,39.8496336718347,0.7503963949125139,17.261195660577343,0.0,False,1.8706905511207879
constant-control,310,8,0.001,1.1001367419958115,1.1001367419958115,0.0,2.8029627507919486e-09,0.03667999705928194,0.05612083151936531,0.0,36.39915301777814,0.750396631566193,17.276441723703574,0.0,False,1.8416284401901066
constant-control,311,8,0.001,2.4895334243774414,2.4895334243774414,0.0,2.5983979412558256e-09,0.03531615782427615,0.054312556982040405,0.0,92.23583394711822,0.750396631566193,17.291666162375403,0.0,False,1.891734838951379
constant-control,312,8,0.001,0.9658545255661011,0.9658545255661011,0.0,2.8846023347739447e-09,0.03721033672201651,0.05906242877244949,0.0,44.415009674328864,0.750396631566193,17.306897012109175,0.0,False,1.8333378531970084
constant-control,313,8,0.001,1.57952781021595,1.57952781021595,0.0,2.931300979724938e-09,0.03751032490715628,0.06029123067855835,0.0,30.858168418606418,0.750396631566193,17.321830170983667,0.0,False,1.81636279867962
constant-control,314,8,0.001,1.3082399666309357,1.3082399666309357,0.0,3.142046844928359e-09,0.03883532480299108,0.06325509399175644,0.0,45.36713631423963,0.750396631566193,17.3364588442382,0.0,False,1.8352957689203322
constant-control,315,8,0.001,1.6425865590572357,1.6425865590572357,0.0,3.499687428742959e-09,0.040985973509889126,0.06745338439941406,0.0,60.73942415675871,0.750396631566193,17.350579151377296,0.0,False,1.864399349782616
constant-control,316,8,0.001,1.6425645053386688,1.6425645053386688,0.0,4.0195233808049124e-09,0.043924606879937364,0.0722137838602066,0.0,52.26794387842446,0.750396631566193,17.36440660274114,0.0,False,1.8382628005929291
constant-control,317,8,0.001,2.4126250445842743,2.4126250445842743,0.0,4.833054845221341e-09,0.04816499003576945,0.07956504821777344,0.0,54.74952599739464,0.750396631566193,17.37837617255824,0.0,False,1.8920453642494977
constant-control,318,8,0.001,0.7016604021191597,0.7016604021191597,0.0,5.445317086127943e-09,0.05112486881608754,0.08357959240674973,0.0,18.409337463610004,0.750396631566193,17.392301653965188,0.0,False,1.8264280520379543
constant-control,319,8,0.001,1.577894613146782,1.577894613146782,0.0,6.0653282396572195e-09,0.053956998004650036,0.08758588880300522,0.0,61.106931797536035,0.750396631566193,17.406260928970926,0.0,False,1.8080536238849163
constant-control,320,8,0.001,0.933279499411583,0.933279499411583,0.0,6.505673777468246e-09,0.055881331367082114,0.0884656086564064,0.0,47.75904640196194,0.750396631566193,17.42099116394599,0.0,False,1.6628725491464138
constant-control,321,8,0.001,0.9651283249258995,0.9651283249258995,0.0,6.834359300711412e-09,0.05727558342985759,0.0899088978767395,0.0,27.0543855124047,0.750396631566193,17.435631374388898,0.0,False,1.5668804957531393
constant-control,322,8,0.001,2.0808410942554474,2.0808410942554474,0.0,7.332258800119007e-09,0.059325242279362894,0.09269081056118011,0.0,52.01740155428441,0.750396631566193,17.450872691031933,0.0,False,1.5779310702346265
constant-control,323,8,0.001,2.395090103149414,2.395090103149414,0.0,7.514548094889051e-09,0.06005816511721093,0.09270253777503967,0.0,34.516763880169485,0.750396631566193,17.46689082964134,0.0,False,1.6013691015541553
constant-control,324,8,0.001,2.179680660367012,2.179680660367012,0.0,7.78001840728848e-09,0.06110981027915056,0.09402810782194138,0.0,62.232570438783824,0.750396631566193,17.485044092824307,0.0,False,1.6117299748584628
constant-control,325,9,0.001,1.2413386441767216,1.2413386479020119,0.0,7.770385224148413e-09,0.061071963858345825,0.09324824810028076,0.0,40.59787288429357,0.750396631566193,17.504801645442154,0.0,False,1.5759988699574023
constant-control,326,9,0.001,2.7654889971017838,2.7654889971017838,0.0,7.779750177405731e-09,0.06110875523590453,0.09391018003225327,0.0,73.77423501507944,0.750396631566193,17.52592326198367,0.0,False,1.6800833859015256
constant-control,327,9,0.001,2.983401447534561,2.983401447534561,0.0,7.952260183685667e-09,0.06178256442810409,0.0974433422088623,0.0,89.64769211857846,0.750396631566193,17.549135293958045,0.0,False,1.7109501373488456
constant-control,328,9,0.001,1.5280143320560455,1.5280143320560455,0.0,7.951002523043371e-09,0.06177767802860583,0.09706173092126846,0.0,54.80705695946437,0.750396631566193,17.573660035316472,0.0,False,1.7460851252544671
constant-control,329,9,0.001,1.2679087072610855,1.2679087072610855,0.0,8.139977580867708e-09,0.06250751427427662,0.09917888790369034,0.0,16.710363361249648,0.750396631566193,17.598903069259077,0.0,False,1.726608931319788
constant-control,330,9,0.001,1.8274014703929424,1.8274014722555876,0.0,8.270242268793027e-09,0.06300568480002439,0.10060349106788635,0.0,104.76511564755468,0.750396631566193,17.625237915515548,0.0,False,1.7590565253049135
constant-control,331,9,0.001,2.2369630932807922,2.2369630932807922,0.0,8.464815515196733e-09,0.06374253756390509,0.10499648004770279,0.0,40.941506778861246,0.750396631566193,17.651835588028725,0.0,False,1.7962050586938858
constant-control,332,9,0.001,1.0591734871268272,1.0591734908521175,0.0,8.52394244077459e-09,0.0639647746882514,0.107159323990345,0.0,14.481979438325132,0.750396631566193,17.67879119988322,0.0,False,1.7597431200556457
constant-control,333,9,0.001,0.8392093684524298,0.8392093703150749,0.0,8.597831779866283e-09,0.06424141049864292,0.10878576338291168,0.0,14.845562767486559,0.750396631566193,17.705603995037713,0.0,False,1.6614046402974054
constant-control,334,9,0.001,2.6705013066530228,2.6705013066530228,0.0,8.66021832024444e-09,0.06447406282224558,0.10992183536291122,0.0,24.878169045264166,0.750396631566193,17.73278274733953,0.0,False,1.7844571968307719
constant-control,335,9,0.001,1.3777479492127895,1.3777479529380798,0.0,8.661476869065154e-09,0.06447874880596496,0.11041174829006195,0.0,8.683183148097617,0.750396631566193,17.75986404886184,0.0,False,1.7719480303348973
constant-control,336,9,0.001,1.93983593583107,1.93983593583107,0.0,8.701013243239686e-09,0.06462574238437796,0.11099765449762344,0.0,22.91978371232988,0.750396631566193,17.786222877022535,0.0,False,1.8348578076111153
constant-control,337,9,0.001,3.069778323173523,3.069778323173523,0.0,8.725853817281859e-09,0.0647179252754382,0.11146558076143265,0.0,30.955325523056608,0.750396631566193,17.812456570971516,0.0,False,1.9663984325015917
constant-control,338,9,0.001,1.516703486442566,1.516703486442566,0.0,8.894512681933975e-09,0.06534038659562331,0.11275600641965866,0.0,23.815385517596035,0.750396631566193,17.838155472322317,0.0,False,1.9311398320132867
constant-control,339,9,0.001,1.5818796753883362,1.5818796753883362,0.0,9.151785107519572e-09,0.06627862765497965,0.11450688540935516,0.0,28.536811235818295,0.7503963949125139,17.8632926644725,0.0,False,1.8803141802782193
constant-control,340,9,0.001,1.2814688086509705,1.2814688086509705,0.0,9.359968800026763e-09,0.06702824218560338,0.11568693071603775,0.0,13.426762708598298,0.750396631566193,17.88752459174823,0.0,False,1.8241759395459667
constant-control,341,9,0.001,1.197291798889637,1.197291798889637,0.0,9.517410859416486e-09,0.06758962237868897,0.11631973087787628,0.0,21.581573736275296,0.750396631566193,17.910409076889156,0.0,False,1.821423011715524
constant-control,342,9,0.001,1.3708457946777344,1.3708457946777344,0.0,9.787955335127663e-09,0.06854355390286648,0.11742140352725983,0.0,18.938147734178774,0.750396631566193,17.93251420646339,0.0,False,1.7342578115640208
constant-control,343,9,0.001,1.6609773933887482,1.6609773933887482,0.0,9.987846105730114e-09,0.06923991771953285,0.11799321323633194,0.0,21.670603939872198,0.750396631566193,17.9532963631151,0.0,False,1.6516063081799075
constant-control,344,9,0.001,1.4189705401659012,1.4189705401659012,0.0,1.030877250229878e-08,0.07034352047839715,0.11938831210136414,0.0,16.761209124670795,0.750396631566193,17.972888353711767,0.0,False,1.6447910711867735
constant-control,345,9,0.001,1.8660866022109985,1.8660866022109985,0.0,1.0629720215149518e-08,0.07143014381094363,0.12097631394863129,0.0,13.406422870491486,0.750396631566193,17.991621722132617,0.0,False,1.682177189621143
constant-control,346,9,0.001,2.8457947373390198,2.8457947373390198,0.0,1.0844945386168092e-08,0.07214966370943267,0.12202799320220947,0.0,28.54454984533833,0.750396631566193,18.009354385810543,0.0,False,1.7458267688052729
constant-control,347,9,0.001,1.1451678425073624,1.1451678425073624,0.0,1.1063982618964019e-08,0.072874626155546,0.1227860078215599,0.0,14.09476202937224,0.7503963949125139,18.02637229827089,0.0,False,1.6775895656319335
constant-control,348,9,0.001,1.1802094131708145,1.1802094131708145,0.0,1.124145221353956e-08,0.07345677081384122,0.12311586737632751,0.0,9.774866659058398,0.750396631566193,18.04277161218693,0.0,False,1.6851543110096827
constant-control,349,9,0.001,1.7144283652305603,1.7144283652305603,0.0,1.133774052419767e-08,0.07377069662093085,0.12302860617637634,0.0,10.035557522166318,0.750396631566193,18.058371551646907,0.0,False,1.7398554983083159
constant-control,350,9,0.001,1.6275939792394638,1.6275939792394638,0.0,1.1439559521875253e-08,0.07410120611797026,0.12298908084630966,0.0,11.226216400387594,0.750396631566193,18.07343521710361,0.0,False,1.6746737903449684
constant-control,351,9,0.001,0.9574979245662689,0.9574979245662689,0.0,1.153763307115696e-08,0.07441817149530705,0.12296343594789505,0.0,7.172003620598392,0.7503963949125139,18.087879905824654,0.0,False,1.648408163804561
constant-control,352,9,0.001,1.8831780403852463,1.8831780403852463,0.0,1.1581481551559136e-08,0.07455944995376931,0.12271745502948761,0.0,20.951053364409738,0.750396631566193,18.10185375748697,0.0,False,1.644867045339197
constant-control,353,9,0.001,1.1587441191077232,1.1587441191077232,0.0,1.146361938708651e-08,0.07417908919466254,0.12145951390266418,0.0,11.611504165166002,0.750396631566193,18.11497777322094,0.0,False,1.5254274075850844
constant-control,354,9,0.001,1.1612479537725449,1.1612479537725449,0.0,1.1417188083839847e-08,0.07402871176303723,0.12059485912322998,0.0,20.44642321307101,0.750396631566193,18.127474563549573,0.0,False,1.5032114367932081
constant-control,355,9,0.001,0.9635116308927536,0.9635116308927536,0.0,1.1321468207370344e-08,0.07371773871001402,0.1191033199429512,0.0,4.289237408632804,0.750396631566193,18.139438105761503,0.0,False,1.4645634340122342
constant-control,356,9,0.001,2.066805124282837,2.066805124282837,0.0,1.1227397678226225e-08,0.0734108330433728,0.11759214103221893,0.0,15.350227486830468,0.750396631566193,18.15100779216032,0.0,False,1.5136469537392259
constant-control,357,9,0.001,1.469932809472084,1.469932809472084,0.0,1.1097919028202341e-08,0.07298630534447825,0.11625322699546814,0.0,9.887348285327946,0.750396631566193,18.16211591938611,0.0,False,1.5306870169006288
constant-control,358,9,0.001,1.271858349442482,1.271858349442482,0.0,1.0942726724749718e-08,0.07247419382774285,0.11469254642724991,0.0,9.791870516927213,0.750396631566193,18.17285253129782,0.0,False,1.5245003015734255
constant-control,359,9,0.001,2.020996391773224,2.020996391773224,0.0,1.0771326053315988e-08,0.07190435538594715,0.11288417875766754,0.0,29.41547327064785,0.750396631566193,18.18311716668228,0.0,False,1.5470014889724553
constant-control,360,9,0.001,1.3451502472162247,1.3451502472162247,0.0,1.0584218834708281e-08,0.07127710099389097,0.11196999996900558,0.0,12.126413841398348,0.750396631566193,18.192951508272,0.0,False,1.5423877206631005
constant-control,361,10,0.001,1.3132137581706047,1.3132137581706047,0.0,1.0462289701251848e-08,0.07086535821917869,0.11105546355247498,0.0,13.280794043382125,0.750396631566193,18.202279014834808,0.0,False,1.5078331679105759
constant-control,362,10,0.001,1.3290561735630035,1.3290561735630035,0.0,1.0330608368747107e-08,0.07041798114064553,0.1104506403207779,0.0,17.831666939854905,0.750396631566193,18.211435764921127,0.0,False,1.4130370076745749
constant-control,363,10,0.001,1.4795851856470108,1.4795851856470108,0.0,1.0240445824649669e-08,0.07011001282148534,0.10952941328287125,0.0,11.501303507872029,0.7503963949125139,18.22045408522778,0.0,False,1.4339380916208029
constant-control,364,10,0.001,1.3024493604898453,1.3024493604898453,0.0,1.0085858370700862e-08,0.06957881674663176,0.10817477852106094,0.0,12.832037361181644,0.750396631566193,18.22912559971765,0.0,False,1.4415780883282423
constant-control,365,10,0.001,1.4485600367188454,1.4485600367188454,0.0,9.894079333605532e-09,0.06891413989326522,0.10636121034622192,0.0,15.276666346404332,0.750396631566193,18.23759103994567,0.0,False,1.4249613177962601
constant-control,366,10,0.001,1.168161779642105,1.168161779642105,0.0,9.614979923355804e-09,0.06793519277055098,0.10430007427930832,0.0,10.841396151671363,0.750396631566193,18.245536944770507,0.0,False,1.3962468053214252
constant-control,367,10,0.001,2.1323457062244415,2.1323457062244415,0.0,9.415983548421991e-09,0.06722850550439748,0.1024046540260315,0.0,20.24726209527285,0.750396631566193,18.25303054990238,0.0,False,1.469674791675061
constant-control,368,10,0.001,1.3283946216106415,1.3283946216106415,0.0,9.329577110861464e-09,0.06691933360539294,0.10168377310037613,0.0,13.96547212817363,0.750396631566193,18.260253947683836,0.0,False,1.4350008280016482
constant-control,369,10,0.001,1.7587762773036957,1.7587762773036957,0.0,9.210401330506102e-09,0.06649054930846181,0.10111010074615479,0.0,11.663273509918545,0.750396631566193,18.267278201043368,0.0,False,1.4725028378888965
constant-control,370,10,0.001,0.9929132610559464,0.9929132610559464,0.0,9.1072154262406e-09,0.06611704441008584,0.10080613195896149,0.0,19.811871313436647,0.750396631566193,18.274185451487273,0.0,False,1.461981919594109
constant-control,371,10,0.001,1.1677588820457458,1.1677588820457458,0.0,8.933922934772909e-09,0.06548498428692008,0.09984374791383743,0.0,13.317829108781819,0.750396631566193,18.280828342562554,0.0,False,1.474747372791171
constant-control,372,10,0.001,2.072954833507538,2.072954833507538,0.0,8.783226590480808e-09,0.06493033835801065,0.0993809774518013,0.0,16.38391272500058,0.750396631566193,18.287171511559364,0.0,False,1.4751317296177149
constant-control,373,10,0.001,0.9506775140762329,0.9506775140762329,0.0,8.685321795098844e-09,0.06456744217389997,0.09960811585187912,0.0,6.849151959589485,0.7503963949125139,18.293234626920032,0.0,False,1.4426782736554742
constant-control,374,10,0.001,0.9998440146446228,0.9998440146446228,0.0,8.590874678304772e-09,0.06421541607453288,0.09972382336854935,0.0,10.029049613632969,0.750396631566193,18.298888017892835,0.0,False,1.425677377730608
constant-control,375,10,0.001,1.4745146110653877,1.4745146110653877,0.0,8.53783443943712e-09,0.06401687470892957,0.09976629912853241,0.0,16.893099956352078,0.750396631566193,18.304412187137622,0.0,False,1.3915222664363682
constant-control,376,10,0.001,1.978996604681015,1.978996604681015,0.0,8.410805385494768e-09,0.06353885671263565,0.09947337210178375,0.0,13.631144894139982,0.750396631566193,18.30952627724246,0.0,False,1.4311376637779176
constant-control,377,10,0.001,1.9298765808343887,1.9298765808343887,0.0,8.352474267780963e-09,0.06331814590627356,0.0994948148727417,0.0,16.015734285522743,0.750396631566193,18.31427687826735,0.0,False,1.4696790901944041
constant-control,378,10,0.001,2.4075929820537567,2.4075929820537567,0.0,8.285727659540498e-09,0.0630646423529029,0.09977047145366669,0.0,21.240335580321666,0.750396631566193,18.318972612476013,0.0,False,1.5370876407250762
constant-control,379,10,0.001,1.8481087386608124,1.8481087386608124,0.0,8.210601976088583e-09,0.06277809075027997,0.0996166244149208,0.0,11.674445568642886,0.750396631566193,18.3237138294804,0.0,False,1.5601203627884388
constant-control,380,10,0.001,1.6493728160858154,1.6493728160858154,0.0,8.198085765798169e-09,0.06273022649113126,0.09993734955787659,0.0,11.739552019356696,0.750396631566193,18.32835827860448,0.0,False,1.581803078763187
constant-control,381,10,0.001,1.9342633783817291,1.9342633783817291,0.0,8.200622403364832e-09,0.06273992794482108,0.10019084811210632,0.0,22.65430459038699,0.750396631566193,18.33293786974562,0.0,False,1.6121595376171172
constant-control,382,10,0.001,1.3312970101833344,1.3312970101833344,0.0,8.112770011337034e-09,0.06240296144357051,0.09929779171943665,0.0,13.839138715358873,0.750396631566193,18.337306495164874,0.0,False,1.622355489525944
constant-control,383,10,0.001,1.637001320719719,1.637001320719719,0.0,8.097634562886924e-09,0.06234472648253829,0.09908334165811539,0.0,13.204571753005894,0.750396631566193,18.34154811440497,0.0,False,1.5913964654318988
constant-control,384,10,0.001,1.3895088732242584,1.3895088732242584,0.0,8.14965606110718e-09,0.0625446591907649,0.09917203336954117,0.0,11.975592407336483,0.750396631566193,18.34571273069803,0.0,False,1.59521610615775
constant-control,385,10,0.001,1.0207400172948837,1.0207400172948837,0.0,8.19215717484667e-09,0.06270753920908488,0.09898832440376282,0.0,6.623854357627131,0.750396631566193,18.349660281906083,0.0,False,1.5490888399071991
constant-control,386,10,0.001,2.3255121260881424,2.3255121260881424,0.0,8.233254966683035e-09,0.06286463629001951,0.09881705045700073,0.0,16.019876873954185,0.750396631566193,18.353993997939877,0.0,False,1.6323762689717114
constant-control,387,10,0.001,1.3976727202534676,1.3976727202534676,0.0,8.194104061942653e-09,0.06271498853574481,0.09799271821975708,0.0,24.138676891925364,0.750396631566193,18.35833893920156,0.0,False,1.646745883859694
constant-control,388,10,0.001,1.1899172961711884,1.1899172961711884,0.0,8.069942936117513e-09,0.06223803060724185,0.09605610370635986,0.0,16.960461431150886,0.750396631566193,18.362473819968805,0.0,False,1.5915560377761722
constant-control,389,10,0.001,1.800834745168686,1.800834745168686,0.0,8.04149102862084e-09,0.06212822154826514,0.09465710073709488,0.0,45.84564094859156,0.750396631566193,18.36619188599599,0.0,False,1.6446908647194505
constant-control,390,10,0.001,1.3140060305595398,1.3140060305595398,0.0,8.16384204682663e-09,0.06259907624529652,0.09577637910842896,0.0,16.67585562880028,0.750396631566193,18.370024926431622,0.0,False,1.6643259907141328
constant-control,391,10,0.001,1.8316230475902557,1.8316230475902557,0.0,8.18217760212292e-09,0.06266933660280732,0.09639280289411545,0.0,10.418563913779003,0.750396631566193,18.373733990160684,0.0,False,1.686645267996937
constant-control,392,10,0.001,1.1640159785747528,1.1640159785747528,0.0,8.202096779541534e-09,0.06274556846205542,0.09709286689758301,0.0,11.339603369249827,0.750396631566193,18.377258262002705,0.0,False,1.6357089788652956
constant-control,393,10,0.001,1.7533003985881805,1.7533003985881805,0.0,8.23110468672894e-09,0.06285642194007256,0.09795507788658142,0.0,13.965663823069201,0.750396631566193,18.38075727307021,0.0,False,1.6246729674749076
constant-control,394,10,0.001,0.9355438724160194,0.9355438724160194,0.0,8.26028045963767e-09,0.06296772670209316,0.09876929968595505,0.0,21.033834201736315,0.750396631566193,18.384318442055346,0.0,False,1.532669898122549
constant-control,395,10,0.001,0.7395740896463394,0.7395740896463394,0.0,8.226417769208183e-09,0.06283852735677853,0.09866482019424438,0.0,11.638573468974652,0.750396631566193,18.387971226627045,0.0,False,1.4633864825591445
constant-control,396,10,0.001,2.259709119796753,2.259709119796753,0.0,8.149146246694272e-09,0.06254270791257185,0.0979975014925003,0.0,21.706510062136708,0.750396631566193,18.391685961759496,0.0,False,1.501532501541078
constant-control,397,11,0.001,0.576888233423233,0.5768882371485233,0.0,8.185038424812774e-09,0.0626802918786553,0.09809306263923645,0.0,6.337872571269786,0.750396631566193,18.395418356904543,0.0,False,1.416696554981172
constant-control,398,11,0.001,1.525096520781517,1.525096520781517,0.0,8.205804036265363e-09,0.06275974862901917,0.09806911647319794,0.0,15.5105193282764,0.750396631566193,18.39930618730199,0.0,False,1.4288090243935585
constant-control,399,11,0.001,1.4597271084785461,1.4597271084785461,0.0,8.148820285214242e-09,0.06254145491699542,0.09751710295677185,0.0,18.319237353584512,0.750396631566193,18.403048992982498,0.0,False,1.4177293861284852
constant-control,400,11,0.001,1.2726906388998032,1.2726906388998032,0.0,8.115067728908798e-09,0.06241179612158471,0.09681419283151627,0.0,10.64653291312128,0.750396631566193,18.40664759507966,0.0,False,1.4104282464832067
constant-control,401,11,0.001,0.9087208360433578,0.9087208360433578,0.0,8.1265554285892e-09,0.06245595809521113,0.0966145396232605,0.0,17.058549287794012,0.750396631566193,18.410200248045264,0.0,False,1.4034270476549864
constant-control,402,11,0.001,1.4601053670048714,1.4601053670048714,0.0,8.089178216152959e-09,0.06231216219000439,0.0957503616809845,0.0,11.349533596863425,0.750396631566193,18.4136095420511,0.0,False,1.349339125212282
constant-control,403,11,0.001,1.250229798257351,1.250229798257351,0.0,8.03447264274837e-09,0.06210110317336947,0.09485504776239395,0.0,59.095189030284516,0.750396631566193,18.41672313943243,0.0,False,1.3401239425875247
constant-control,404,11,0.001,1.5013009086251259,1.5013009123504162,0.0,8.18700485183399e-09,0.06268781550083596,0.09672078490257263,0.0,42.056253954783735,0.750396631566193,18.42030577997068,0.0,False,1.3595854183658957
constant-control,405,11,0.001,0.9339050203561783,0.9339050203561783,0.0,8.21884604818024e-09,0.06280960351686114,0.09835883975028992,0.0,9.326385166800359,0.750396631566193,18.42390455681257,0.0,False,1.305402310565114
constant-control,406,11,0.001,1.258655734360218,1.258655734360218,0.0,8.32656699145673e-09,0.06321987320979229,0.1000947505235672,0.0,21.554156378501197,0.750396631566193,18.42752429137183,0.0,False,1.3019429170526564
constant-control,407,11,0.001,0.9316905587911606,0.9316905625164509,0.0,8.468578727161002e-09,0.06375670242992507,0.10205540060997009,0.0,11.383167614663906,0.7503963949125139,18.431043676935733,0.0,False,1.245697136502713
constant-control,408,11,0.001,1.2519857287406921,1.2519857287406921,0.0,8.668379791743064e-09,0.06450443966579963,0.104072704911232,0.0,24.8154978609263,0.750396631566193,18.434684787947067,0.0,False,1.2511952458880842
constant-control,409,11,0.001,1.9087002277374268,1.9087002277374268,0.0,8.779672100445168e-09,0.06491719679036222,0.1049540564417839,0.0,25.75179195480795,0.750396631566193,18.438675949721237,0.0,False,1.260907735209912
constant-control,410,11,0.001,1.258531630039215,1.258531630039215,0.0,8.913317195435866e-09,0.0654094168104317,0.10619071125984192,0.0,10.529818649380223,0.750396631566193,18.442901970827187,0.0,False,1.2810944700613618
constant-control,411,11,0.001,1.3494138419628143,1.3494138419628143,0.0,9.069457185262308e-09,0.0659798399457675,0.1075645312666893,0.0,21.540786079561528,0.750396631566193,18.44713188976098,0.0,False,1.3192094545811415
constant-control,412,11,0.001,1.6819552332162857,1.6819552332162857,0.0,9.293509073415862e-09,0.06678984926088712,0.10945314168930054,0.0,26.091496764596446,0.750396631566193,18.451514595773805,0.0,False,1.2830998366698623
constant-control,413,11,0.001,1.4805078357458115,1.4805078357458115,0.0,9.475848550266619e-09,0.06744187825413553,0.11110331863164902,0.0,11.361852656814671,0.7503963949125139,18.45588312910785,0.0,False,1.3395760618150234
constant-control,414,11,0.001,1.9286441951990128,1.9286441951990128,0.0,9.659284039287286e-09,0.06809152692091239,0.11274406313896179,0.0,19.311403763422447,0.750396631566193,18.460355952958924,0.0,False,1.364797791466117
constant-control,415,11,0.001,1.4273015260696411,1.4273015260696411,0.0,9.724867133797943e-09,0.06832229754288735,0.11365198343992233,0.0,6.559920267812902,0.750396631566193,18.46496763422168,0.0,False,1.3627711925655603
constant-control,416,11,0.001,1.717204287648201,1.717204287648201,0.0,9.7756442940522e-09,0.06850043275609134,0.11442510783672333,0.0,5.798234332636413,0.750396631566193,18.46971419145778,0.0,False,1.3905532956123352
constant-control,417,11,0.001,2.3784083425998688,2.3784083425998688,0.0,9.839390635590917e-09,0.06872341406093274,0.11522949486970901,0.0,21.489174945656348,0.750396631566193,18.474416865820647,0.0,False,1.4824087647721171
constant-control,418,11,0.001,0.918321754783392,0.9183217585086823,0.0,9.940334777525095e-09,0.06907503632766818,0.11633151024580002,0.0,5.5540049910707845,0.750396631566193,18.47933474944445,0.0,False,1.4485472890082747
constant-control,419,11,0.001,1.3597811609506607,1.3597811609506607,0.0,1.002591698551214e-08,0.06937175625675976,0.11723582446575165,0.0,8.271418521349972,0.750396631566193,18.483937874432517,0.0,False,1.4553942491766065
constant-control,420,11,0.001,2.209747016429901,2.209747016429901,0.0,1.0151997464902252e-08,0.06980658156319973,0.11826948821544647,0.0,18.442839636385397,0.750396631566193,18.488574562414147,0.0,False,1.499672130914405
constant-control,421,11,0.001,1.9437444508075714,1.9437444508075714,0.0,1.0266709260520201e-08,0.07019985928053357,0.11932902783155441,0.0,10.084239389696817,0.750396631566193,18.49337212928408,0.0,False,1.562787095317617
constant-control,422,11,0.001,1.8090150356292725,1.8090150356292725,0.0,1.0317393162040389e-08,0.07037292560726618,0.11995234340429306,0.0,12.854082140316672,0.750396631566193,18.49792008158434,0.0,False,1.597184551646933
constant-control,423,11,0.001,1.7044474631547928,1.7044474631547928,0.0,1.0369822334155288e-08,0.07055150558078388,0.12057296186685562,0.0,9.946501655956158,0.750396631566193,18.502556638285384,0.0,False,1.64548185816966
constant-control,424,11,0.001,1.3675015717744827,1.3675015717744827,0.0,1.0416742135532786e-08,0.07071093458481621,0.12117715179920197,0.0,9.432732306210967,0.750396631566193,18.507517661292184,0.0,False,1.6527015983592719
constant-control,425,11,0.001,2.0965674221515656,2.0965674221515656,0.0,1.041963315628891e-08,0.07072074419060041,0.12142998725175858,0.0,20.079458121943563,0.750396631566193,18.512586139103227,0.0,False,1.6644432980101556
constant-control,426,11,0.001,1.0965446084737778,1.0965446084737778,0.0,1.0316584031500042e-08,0.07037016686616199,0.12102381139993668,0.0,5.981741285215885,0.7503963949125139,18.51753342952586,0.0,False,1.6543191091623157
constant-control,427,11,0.001,1.6927379369735718,1.6927379369735718,0.0,1.0236914427252941e-08,0.07009792440928515,0.12074331194162369,0.0,13.812826378916895,0.750396631566193,18.522219484327206,0.0,False,1.675776865100488
constant-control,428,11,0.001,0.9495825245976448,0.9495825245976448,0.0,1.0264455063691003e-08,0.070192154726817,0.12107248604297638,0.0,11.754178714312348,0.750396631566193,18.52707417198205,0.0,False,1.630003570811823
constant-control,429,11,0.001,1.8840002119541168,1.8840002119541168,0.0,1.0205246425698533e-08,0.06998941665554298,0.12083882093429565,0.0,10.696638148641112,0.750396631566193,18.531996569860276,0.0,False,1.655221844324842
constant-control,430,11,0.001,1.046500489115715,1.046500489115715,0.0,1.0091850910498579e-08,0.06959948754002013,0.1202780082821846,0.0,3.4933363520599934,0.750396631566193,18.536753389366822,0.0,False,1.600087862694636
constant-control,431,11,0.001,1.877054587006569,1.877054587006569,0.0,1.0004217010362026e-08,0.06929663503547753,0.11984734982252121,0.0,12.519059062167955,0.750396631566193,18.54141611588161,0.0,False,1.628197429003194
constant-control,432,11,0.001,1.7471886724233627,1.7471886724233627,0.0,9.850452897808282e-09,0.06876203548431417,0.11899686604738235,0.0,10.569680970923812,0.750396631566193,18.546103724992573,0.0,False,1.6300714530516416
constant-control,433,12,0.001,1.600705325603485,1.600705325603485,0.0,9.748288398725435e-09,0.06840451724828683,0.1184832826256752,0.0,25.498016632542424,0.750396631566193,18.55080640004248,0.0,False,1.5814650144893676
constant-control,434,12,0.001,0.9109501019120216,0.9109501019120216,0.0,9.474464768288726e-09,0.06743695998684256,0.11683882027864456,0.0,10.12751602926174,0.750396631566193,18.555344825852295,0.0,False,1.581004286184907
constant-control,435,12,0.001,1.0849330127239227,1.0849330127239227,0.0,9.250756605183597e-09,0.06663605096223421,0.11552216112613678,0.0,8.517690128993076,0.750396631566193,18.5598874994096,0.0,False,1.5638262769207358
constant-control,436,12,0.001,1.3572610914707184,1.3572610914707184,0.0,9.032421921517653e-09,0.06584499135970297,0.11424000561237335,0.0,14.593808646371272,0.750396631566193,18.56434036227933,0.0,False,1.510545906610787
constant-control,437,12,0.001,1.409211277961731,1.409211277961731,0.0,8.779652560519935e-09,0.06491712674205825,0.11275140941143036,0.0,4.575660075142874,0.750396631566193,18.56874407750263,0.0,False,1.4771375833079219
constant-control,438,12,0.001,1.0746913999319077,1.0746913999319077,0.0,8.5647853254045e-09,0.06411783984208513,0.11144581437110901,0.0,5.368064987981289,0.750396631566193,18.57306342301646,0.0,False,1.4312423560768366
constant-control,439,12,0.001,0.9221811592578888,0.9221811592578888,0.0,8.365359072115552e-09,0.06336696524315341,0.1101917177438736,0.0,9.256570824706225,0.750396631566193,18.57724184336474,0.0,False,1.38235071208328
constant-control,440,12,0.001,1.3081190884113312,1.3081190884113312,0.0,8.137668316976487e-09,0.06249864296617466,0.10871415585279465,0.0,9.676316132266637,0.750396631566193,18.581162544013747,0.0,False,1.3786393068730831
constant-control,441,12,0.001,1.1434989869594574,1.1434989869594574,0.0,7.975977212026919e-09,0.06187462203239391,0.1076376736164093,0.0,9.95591719601143,0.750396631566193,18.584862284936047,0.0,False,1.3190725296735764
constant-control,442,12,0.001,1.0974819213151932,1.0974819213151932,0.0,7.795787126951836e-09,0.06117170533295299,0.10641929507255554,0.0,9.908308447828013,0.750396631566193,18.58857633113562,0.0,False,1.3191311117261648
constant-control,443,12,0.001,1.8668737411499023,1.8668737411499023,0.0,7.6008879190681e-09,0.06040220384200861,0.10504814982414246,0.0,9.704299830885097,0.750396631566193,18.592166205019655,0.0,False,1.3300145994871855
constant-control,444,12,0.001,1.0087767541408539,1.0087767541408539,0.0,7.380435818049591e-09,0.059519822974101896,0.10348806530237198,0.0,19.151062918794,0.750396631566193,18.595496050749965,0.0,False,1.333714238833636
constant-control,445,12,0.001,1.4239966422319412,1.4239966422319412,0.0,7.2690959918020326e-09,0.05906916142852381,0.10268694907426834,0.0,15.193805967530022,0.750396631566193,18.598518702957488,0.0,False,1.304964015726
constant-control,446,12,0.001,2.0416947677731514,2.0416947677731514,0.0,7.2289605412834135e-09,0.058905867979207424,0.10238070040941238,0.0,16.69303141048579,0.750396631566193,18.60171855460268,0.0,False,1.3671636581420898
constant-control,447,12,0.001,1.556863620877266,1.556863620877266,0.0,7.203101670683054e-09,0.05880041617002359,0.10216619074344635,0.0,10.651811839082924,0.750396631566193,18.60509196868343,0.0,False,1.3471517227590084
constant-control,448,12,0.001,1.2731359004974365,1.2731359004974365,0.0,7.2148123031468e-09,0.05884819213768214,0.10219061374664307,0.0,30.81818277391794,0.750396631566193,18.608730360200944,0.0,False,1.317523424513638
constant-control,449,12,0.001,1.2690530866384506,1.2690530866384506,0.0,7.1324048889209735e-09,0.058511149905870495,0.10146424174308777,0.0,12.056175851002779,0.750396631566193,18.612366827845204,0.0,False,1.2967951595783234
constant-control,450,12,0.001,1.5092545449733734,1.5092545449733734,0.0,7.072731289525791e-09,0.05826586192207823,0.10084979981184006,0.0,9.20650922162284,0.750396631566193,18.616073048325894,0.0,False,1.3341891872696579
constant-control,451,12,0.001,2.0355069786310196,2.0355069786310196,0.0,6.993423173895508e-09,0.05793827419383768,0.1000499352812767,0.0,49.431149141679185,0.750396631566193,18.62047037608552,0.0,False,1.3936000601388514
constant-control,452,12,0.001,1.5288154184818268,1.5288154184818268,0.0,6.7518892699069966e-09,0.05692896055812995,0.0978030115365982,0.0,24.133215275280584,0.750396631566193,18.625360134435308,0.0,False,1.4043222055770457
constant-control,453,12,0.001,1.5202718079090118,1.5202718079090118,0.0,6.498353410933078e-09,0.05584988405262165,0.09517912566661835,0.0,13.513480410365732,0.750396631566193,18.630684723754754,0.0,False,1.4112634886987507
constant-control,454,12,0.001,1.2234307527542114,1.2234307527542114,0.0,6.227464321995058e-09,0.05467342096682936,0.09223940968513489,0.0,19.988848431495736,0.750396631566193,18.636263248114794,0.0,False,1.4205596982501447
constant-control,455,12,0.001,1.802361249923706,1.802361249923706,0.0,5.9243392414032314e-09,0.05332619379225603,0.08881054073572159,0.0,18.605961725430507,0.750396631566193,18.641772901656402,0.0,False,1.4755709539167583
constant-control,456,12,0.001,0.9264970496296883,0.9264970496296883,0.0,5.597191599093776e-09,0.05183292434932841,0.08514101803302765,0.0,12.916292584696452,0.750396631566193,18.6473568350953,0.0,False,1.4517195764929056
constant-control,457,12,0.001,1.6519289910793304,1.6519289910793304,0.0,5.324461316291718e-09,0.05055434122084459,0.0815872848033905,0.0,46.55999767063092,0.750396631566193,18.652484317282653,0.0,False,1.4834964517503977
constant-control,458,12,0.001,1.5366609394550323,1.5366609394550323,0.0,5.296037830504474e-09,0.0504192239472331,0.08050937950611115,0.0,60.25639807820015,0.750396631566193,18.65748115504453,0.0,False,1.5109451403841376
constant-control,459,12,0.001,0.942542240023613,0.942542240023613,0.0,5.58903368030883e-09,0.05179513729265631,0.08219166845083237,0.0,25.291457161976894,0.750396631566193,18.662529977855275,0.0,False,1.4531744215637445
constant-control,460,12,0.001,2.225845903158188,2.225845903158188,0.0,5.840835815007495e-09,0.05294904407321875,0.08410853892564774,0.0,16.835443199944052,0.750396631566193,18.667630777782378,0.0,False,1.529241243377328
constant-control,461,12,0.001,1.2410940527915955,1.2410940527915955,0.0,6.121773754586002e-09,0.05420748204857747,0.08617573976516724,0.0,9.73893507971657,0.750396631566193,18.67316215243966,0.0,False,1.5178098315373063
constant-control,462,12,0.001,0.9140650480985641,0.9140650480985641,0.0,6.358198856304398e-09,0.05524432558290307,0.0878319963812828,0.0,35.27652463459397,0.750396631566193,18.678498547257924,0.0,False,1.4473329740576446
constant-control,463,12,0.001,2.2953412234783173,2.2953412234783173,0.0,6.6576233415105435e-09,0.0565301597755525,0.09059949219226837,0.0,29.647723257844582,0.750396631566193,18.683375009276045,0.0,False,1.4934878242202103
constant-control,464,12,0.001,1.87639681994915,1.87639681994915,0.0,7.102137100645223e-09,0.0583868609565762,0.09445351362228394,0.0,23.867941573088054,0.750396631566193,18.68816578756395,0.0,False,1.5311916316859424
constant-control,465,12,0.001,1.5212279707193375,1.5212279707193375,0.0,7.507900079417595e-09,0.06003159338620353,0.09766791015863419,0.0,14.644138465592214,0.750396631566193,18.69323435318984,0.0,False,1.5469525619409978
constant-control,466,12,0.001,1.892441213130951,1.892441213130951,0.0,7.952344560635538e-09,0.06178289075482207,0.10087765008211136,0.0,20.476336008470962,0.750396631566193,18.698146451234976,0.0,False,1.5709017287008464
constant-control,467,12,0.001,1.8249252438545227,1.8249252438545227,0.0,8.439932308590414e-09,0.06364877964523602,0.10450762510299683,0.0,15.666441899548875,0.750396631566193,18.703514019799844,0.0,False,1.5577403702773154
constant-control,468,12,0.001,1.2475228011608124,1.2475228011608124,0.0,8.792830463733026e-09,0.0649658235429817,0.10707530379295349,0.0,16.293722829901927,0.750396631566193,18.708992708618595,0.0,False,1.540159581694752
constant-control,469,13,0.001,2.891720622777939,2.891720622777939,0.0,9.118965138554813e-09,0.06615968085008088,0.10916224122047424,0.0,44.88449376560279,0.750396631566193,18.713919326153796,0.0,False,1.62587513262406
constant-control,470,13,0.001,1.3017061352729797,1.3017061352729797,0.0,9.769241415824581e-09,0.06847799842886881,0.11328590661287308,0.0,6.545954096813192,0.750396631566193,18.71901964840389,0.0,False,1.630767344031483
constant-control,471,13,0.001,0.6031557098031044,0.6031557098031044,0.0,1.0389201499094725e-08,0.07061739613646027,0.11709271371364594,0.0,9.809182606148585,0.750396631566193,18.7241933038292,0.0,False,1.5558169977739453
constant-control,472,13,0.001,1.2023167461156845,1.2023167461156845,0.0,1.0947358575208455e-08,0.07248953352792693,0.12028194218873978,0.0,5.921918255430034,0.750396631566193,18.729314625538464,0.0,False,1.57305572880432
constant-control,473,13,0.001,1.1634165346622467,1.1634165346622467,0.0,1.146634431847815e-08,0.07418790655357828,0.12324266880750656,0.0,9.991445150491336,0.750396631566193,18.734429018482388,0.0,False,1.5425237002782524
constant-control,474,13,0.001,1.6194432228803635,1.6194432228803635,0.0,1.192868648303147e-08,0.07566881597097173,0.12595227360725403,0.0,16.797573778354447,0.750396631566193,18.739564416619974,0.0,False,1.5476975929923356
constant-control,475,13,0.001,1.1275298744440079,1.1275298744440079,0.0,1.232921498228734e-08,0.07692868713716863,0.1284579187631607,0.0,6.062480513738529,0.750396631566193,18.74478905860583,0.0,False,1.5592593201436102
constant-control,476,13,0.001,1.1418392062187195,1.1418392062187195,0.0,1.2717763731018294e-08,0.07813146991785035,0.13073670864105225,0.0,17.88575759013976,0.750396631566193,18.750062491253285,0.0,False,1.4915089015848935
constant-control,477,13,0.001,1.7117144763469696,1.7117144763469696,0.0,1.2899469048477386e-08,0.07868764279301949,0.13184568285942078,0.0,13.925993289812006,0.750396631566193,18.75512782829085,0.0,False,1.5209226780571043
constant-control,478,13,0.001,1.8709219098091125,1.8709219098091125,0.0,1.3100282636457905e-08,0.07929776286964868,0.13316810131072998,0.0,18.570999119770182,0.750396631566193,18.760670001669617,0.0,False,1.5807262319140136
constant-control,479,13,0.001,0.9932950735092163,0.9932950735092163,0.0,1.3148786948136149e-08,0.07944443023486487,0.13353154063224792,0.0,13.035031327740333,0.750396631566193,18.766291511910012,0.0,False,1.4993483475409448
constant-control,480,13,0.001,1.334683507680893,1.334683507680893,0.0,1.3071966620259445e-08,0.07921201516267916,0.13332325220108032,0.0,15.996449833175056,0.750396631566193,18.77166883044724,0.0,False,1.4654912655241787
constant-control,481,13,0.001,0.9597836434841156,0.9597836434841156,0.0,1.3081914218560087e-08,0.07924215345602034,0.13340483605861664,0.0,9.181454202729535,0.750396631566193,18.7771485927426,0.0,False,1.4304009950719774
constant-control,482,13,0.001,2.419930160045624,2.419930160045624,0.0,1.3146508770489618e-08,0.07943755012409649,0.1338540017604828,0.0,18.74876948914691,0.750396631566193,18.782624504364442,0.0,False,1.4633690542541444
constant-control,483,13,0.001,1.615325540304184,1.615325540304184,0.0,1.3240581075990576e-08,0.07972125703922663,0.13447324931621552,0.0,15.28141692903775,0.750396631566193,18.78837293136834,0.0,False,1.4502690727822483
constant-control,484,13,0.001,1.4588374495506287,1.4588374495506287,0.0,1.3472162940786347e-08,0.08041540758363304,0.13579721748828888,0.0,21.182063589016348,0.750396631566193,18.794549098336123,0.0,False,1.4634762383066118
constant-control,485,13,0.001,0.8726387321949005,0.8726387359201908,0.0,1.3888730165945162e-08,0.08164918986392254,0.1380837857723236,0.0,4.081453104491993,0.750396631566193,18.801390677759084,0.0,False,1.3372836201451719
constant-control,486,13,0.001,1.4289130121469498,1.4289130121469498,0.0,1.4266761105830028e-08,0.08275291681093952,0.140130415558815,0.0,201.48861994466367,0.750396631566193,18.825067887694082,0.0,False,1.345234049949795
constant-control,487,13,0.001,6.9907479882240295,6.9907479882240295,0.0,1.4949774751471523e-08,0.08471063750935504,0.14451059699058533,0.0,80.88189776437213,0.750396631566193,18.890110313471258,0.0,False,1.7444585673511028
constant-control,488,13,0.001,4.077674150466919,4.077674150466919,0.0,1.4820720650732255e-08,0.0843442078838438,0.14513127505779266,0.0,34.785010143658276,0.750396631566193,18.98442581997548,0.0,False,1.924168405123055
constant-control,489,13,0.001,5.286388576030731,5.286388576030731,0.0,1.454605591533209e-08,0.08355900000374285,0.14467816054821014,0.0,43.12613259445619,0.750396631566193,19.09984298028927,0.0,False,2.1818541577085853
constant-control,490,13,0.001,2.877346098423004,2.877346098423004,0.0,1.4128223924103622e-08,0.08235015130320812,0.1433568298816681,0.0,22.680451598159244,0.750396631566193,19.229338344246585,0.0,False,2.2604730874300003
constant-control,491,13,0.001,4.179304897785187,4.179304897785187,0.0,1.3678866928046318e-08,0.08102996815817491,0.14158423244953156,0.0,31.637354835154873,0.750396631566193,19.36763388068931,0.0,False,2.451209026388824
constant-control,492,13,0.001,3.9954577684402466,3.9954577684402466,0.0,1.3221550076991662e-08,0.07966394095845368,0.13944053649902344,0.0,70.73262239187977,0.750396631566193,19.509815337080237,0.0,False,2.6295601865276694
constant-control,493,13,0.001,3.7985803484916687,3.7985803484916687,0.0,1.3455933256523167e-08,0.0803669587738163,0.14082948863506317,0.0,72.40645891344882,0.750396631566193,19.655422318293944,0.0,False,2.759989303536713
constant-control,494,13,0.001,2.776445657014847,2.776445660740137,0.0,1.4306489326543215e-08,0.08286805682130684,0.14526747167110443,0.0,50.09646848325477,0.750396631566193,19.80270612728453,0.0,False,2.8165845377370715
constant-control,495,13,0.001,2.406243085861206,2.406243085861206,0.0,1.5533403896483833e-08,0.0863483270374596,0.15134942531585693,0.0,52.13883664496691,0.750396631566193,19.949893860989306,0.0,False,2.904893788509071
constant-control,496,13,0.001,1.0711827278137207,1.0711827352643013,0.0,1.632475665758193e-08,0.08852053079538286,0.1549762487411499,0.0,13.643907263479718,0.750396631566193,20.094757801372175,0.0,False,2.8884249897673726
constant-control,497,13,0.001,2.5158721804618835,2.5158721804618835,0.0,1.7126660978306063e-08,0.0906686163172846,0.15853844583034515,0.0,25.95237199643089,0.750396631566193,20.23568137229952,0.0,False,2.985680523328483
constant-control,498,13,0.001,1.2803858518600464,1.2803858555853367,0.0,1.7888853065528565e-08,0.09266417217402688,0.16176684200763702,0.0,15.434552307875395,0.750396631566193,20.371465875449747,0.0,False,2.9144590040668845
constant-control,499,13,0.001,1.5795241296291351,1.5795241296291351,0.0,1.8468838902663265e-08,0.09415435552615871,0.1640114188194275,0.0,7.307764943266762,0.750396631566193,20.500753843038137,0.0,False,2.912221415899694
constant-control,500,13,0.001,1.851771891117096,1.851771891117096,0.0,1.9072787793561474e-08,0.09568144192245848,0.1663190722465515,0.0,33.2839672238734,0.750396631566193,20.62359914546241,0.0,False,2.936779818497598
constant-control,501,13,0.001,0.5808010846376419,0.5808010883629322,0.0,1.9475328016937965e-08,0.09668586886424112,0.16751082241535187,0.0,9.460222841281055,0.750396631566193,20.740152066405283,0.0,False,2.9185399655252695
constant-control,502,13,0.001,1.5929200947284698,1.5929200947284698,0.0,1.9748581436829227e-08,0.09736179277224281,0.16815133392810822,0.0,10.954129878369628,0.750396631566193,20.84979151297636,0.0,False,2.9287904081866145
constant-control,503,13,0.001,1.097190860658884,1.0971908643841743,0.0,2.0032928205182543e-08,0.09806021734481696,0.16891232132911682,0.0,12.485847781150662,0.750396631566193,20.952362172196235,0.0,False,2.560443087713793
constant-control,504,13,0.001,1.511126160621643,1.511126160621643,0.0,2.0390624300148374e-08,0.09893179360895407,0.16993014514446259,0.0,11.665604621601105,0.750396631566193,21.048270801142376,0.0,False,2.400033838348463
constant-control,505,14,0.001,1.087698146700859,1.087698146700859,0.0,2.076006921925e-08,0.09982400963268638,0.17102189362049103,0.0,8.395032220243666,0.750396631566193,21.13757189723541,0.0,False,2.137615686515346
constant-control,506,14,0.001,2.142878443002701,2.142878443002701,0.0,2.105965180021485e-08,0.10054169282899397,0.17185242474079132,0.0,19.58420500607765,0.750396631566193,21.220706271129004,0.0,False,2.091711458051577
constant-control,507,14,0.001,2.5463858246803284,2.5463858246803284,0.0,2.108320273919162e-08,0.1005979015205717,0.17148855328559875,0.0,39.00000224365195,0.750396631566193,21.298818786260384,0.0,False,1.9896540159825236
constant-control,508,14,0.001,1.3419483602046967,1.3419483602046967,0.0,2.0521568444564764e-08,0.09924894598086698,0.16851261258125305,0.0,7.595271292696505,0.750396631566193,21.371989670854955,0.0,False,1.8238096779678017
constant-control,509,14,0.001,2.2762183994054794,2.2762183994054794,0.0,1.9961978736660058e-08,0.09788641902159526,0.16555052995681763,0.0,20.243511595077678,0.750396631566193,21.440180881882174,0.0,False,1.7286620561499149
constant-control,510,14,0.001,1.2098421901464462,1.2098421901464462,0.0,1.9628958014550335e-08,0.09706647244409768,0.16344137489795685,0.0,15.772955473675225,0.750396631566193,21.503571376180396,0.0,False,1.6307493394706398
constant-control,511,14,0.001,1.3572414182126522,1.357241429388523,0.0,1.9496271264074494e-08,0.09673784168609341,0.16206996142864227,0.0,13.697438454567518,0.750396631566193,21.56330059796186,0.0,False,1.5651867352426052
constant-control,512,14,0.001,2.0251077115535736,2.025107715278864,0.0,1.9450736132853308e-08,0.09662480640191252,0.16115650534629822,0.0,18.706654009531054,0.750396631566193,21.619261184130472,0.0,False,1.624807046726346
constant-control,513,14,0.001,2.037857800722122,2.037857800722122,0.0,1.9153000963001432e-08,0.0958824308713417,0.15913055837154388,0.0,17.216028833258655,0.750396631566193,21.67165825046875,0.0,False,1.594931147992611
constant-control,514,14,0.001,2.137016147375107,2.137016147375107,0.0,1.895184276179407e-08,0.09537759076899822,0.15769067406654358,0.0,16.522821554483997,0.750396631566193,21.72064547198346,0.0,False,1.6484705414623022
constant-control,515,14,0.001,1.7925234586000443,1.7925234586000443,0.0,1.8655914146847863e-08,0.09463001115872886,0.1557409167289734,0.0,9.947849302676698,0.750396631566193,21.766814531022494,0.0,False,1.661782999522984
constant-control,516,14,0.001,1.5639294385910034,1.5639294385910034,0.0,1.8345087227089607e-08,0.09383838092840716,0.15383876860141754,0.0,11.158394394937165,0.7503963949125139,21.81007613420766,0.0,False,1.6437928462401032
constant-control,517,14,0.001,1.2196680679917336,1.2196680717170238,0.0,1.7988011080660726e-08,0.09292064196907306,0.15183669328689575,0.0,19.34457837698995,0.750396631566193,21.85059449620234,0.0,False,1.683722032699734
constant-control,518,14,0.001,1.436935544013977,1.436935544013977,0.0,1.7468947177690097e-08,0.0915701640629127,0.1490725874900818,0.0,15.420816452982569,0.750396631566193,21.88849265731626,0.0,False,1.6739729982800782
constant-control,519,14,0.001,2.1099440306425095,2.1099440306425095,0.0,1.686179196269677e-08,0.08996477651406468,0.14601916074752808,0.0,14.585756005724704,0.750396631566193,21.924083807494338,0.0,False,1.7372700714040548
constant-control,520,14,0.001,1.3356889635324478,1.3356889635324478,0.0,1.6288421278431997e-08,0.08842195560529531,0.1433376520872116,0.0,11.540893435967984,0.750396631566193,21.957691735755642,0.0,False,1.72630524658598
constant-control,521,14,0.001,1.5186319053173065,1.5186319090425968,0.0,1.575356911587278e-08,0.08695811377723874,0.1410120129585266,0.0,16.467076783029146,0.750396631566193,21.989538017425527,0.0,False,1.753238606499508
constant-control,522,14,0.001,1.637221023440361,1.637221023440361,0.0,1.5092004090888622e-08,0.08511263939694691,0.13788898289203644,0.0,21.482020560499308,0.750396631566193,22.01990346115442,0.0,False,1.7216350177768618
constant-control,523,14,0.001,2.1499763131141663,2.1499763131141663,0.0,1.4287890870434694e-08,0.0828141738744642,0.13373613357543945,0.0,14.47862255167338,0.750396631566193,22.04838682593158,0.0,False,1.6968594233039767
constant-control,524,14,0.001,0.9609920233488083,0.9609920233488083,0.0,1.3692992517633229e-08,0.08107179800830946,0.1305977702140808,0.0,14.242005475554885,0.750396631566193,22.0751596064538,0.0,False,1.6730496522504836
constant-control,525,14,0.001,1.9125021994113922,1.9125021994113922,0.0,1.3010676092051199e-08,0.07902610152086173,0.12688276171684265,0.0,12.72417700187407,0.750396631566193,22.099816293294538,0.0,False,1.6503173897508532
constant-control,526,14,0.001,1.6980548352003098,1.6980548352003098,0.0,1.246149050615486e-08,0.0773402560546536,0.12406747043132782,0.0,26.62529047134675,0.750396631566193,22.12280300421494,0.0,False,1.6808306800667197
constant-control,527,14,0.001,1.643512025475502,1.643512025475502,0.0,1.2260009008002726e-08,0.07671247796514256,0.12328833341598511,0.0,10.839470102097922,0.750396631566193,22.144208241186696,0.0,False,1.6987225930206478
constant-control,528,14,0.001,2.5471590161323547,2.5471590161323547,0.0,1.2161078366546008e-08,0.07640233831171703,0.12314599007368088,0.0,16.42912071212488,0.750396631566193,22.164559956510836,0.0,False,1.7313507995568216
constant-control,529,14,0.001,1.8263989388942719,1.8263989388942719,0.0,1.1951445166857866e-08,0.07574096410906415,0.12237267941236496,0.0,17.6428110232481,0.750396631566193,22.18388928813992,0.0,False,1.718134620692581
constant-control,530,14,0.001,1.5630241185426712,1.5630241185426712,0.0,1.1611312800141604e-08,0.0746554094388064,0.12073516845703125,0.0,18.070403507649004,0.750396631566193,22.20194373964812,0.0,False,1.6822601188905537
constant-control,531,14,0.001,2.288185805082321,2.288185805082321,0.0,1.1386145359892907e-08,0.07392800665228406,0.12004735320806503,0.0,10.253218043549905,0.750396631566193,22.21903483286109,0.0,False,1.713239015545696
constant-control,532,14,0.001,1.7230776995420456,1.7230776995420456,0.0,1.1138896027773626e-08,0.07312092423748241,0.1190730482339859,0.0,14.709535642559798,0.750396631566193,22.23509800967356,0.0,False,1.7231857818551362
constant-control,533,14,0.001,1.6481176614761353,1.6481176614761353,0.0,1.0883154821783592e-08,0.07227664690722242,0.11773547530174255,0.0,12.336273021369713,0.750396631566193,22.250276240334017,0.0,False,1.7499638814479113
constant-control,534,14,0.001,1.3057949915528297,1.3057949915528297,0.0,1.0644813031035483e-08,0.07148083820202172,0.11666890978813171,0.0,7.489450183972392,0.750396631566193,22.264847366780515,0.0,False,1.7417675969190896
constant-control,535,14,0.001,1.2740471214056015,1.2740471214056015,0.0,1.0417414486596499e-08,0.07071321538170203,0.11564267426729202,0.0,7.0386419213464455,0.750396631566193,22.278646002233472,0.0,False,1.6895240400917828
constant-control,536,14,0.001,1.7323182374238968,1.7323182374238968,0.0,1.0188362153940034e-08,0.069931494964485,0.1144656091928482,0.0,37.0171967681912,0.750396631566193,22.291525246043573,0.0,False,1.7143133697099984
constant-control,537,14,0.001,1.0228048712015152,1.0228048712015152,0.0,1.0325656774057279e-08,0.07040110504701565,0.11540532112121582,0.0,9.78072057240203,0.750396631566193,22.303906364999044,0.0,False,1.6833241800777614
constant-control,538,14,0.001,1.0703453868627548,1.0703453868627548,0.0,1.0540984973772538e-08,0.07113137708541001,0.11675087362527847,0.0,13.030149493347096,0.750396631566193,22.315881443876506,0.0,False,1.647894452791661
constant-control,539,14,0.001,2.7617291808128357,2.7617291808128357,0.0,1.0715529796812007e-08,0.07171787809364669,0.11774063855409622,0.0,20.22631927846136,0.750396631566193,22.3272533557684,0.0,False,1.6861290070228279
constant-control,540,14,0.001,1.9087655991315842,1.9087655991315842,0.0,1.1008964406755695e-08,0.07269321103050887,0.11919347941875458,0.0,12.741629754259357,0.750396631566193,22.3385165055606,0.0,False,1.7453648555092514
constant-control,541,15,0.001,1.5634356960654259,1.5634356960654259,0.0,1.1202551775113534e-08,0.07332956088408019,0.11984191089868546,0.0,15.187372775360181,0.750396631566193,22.349549737621164,0.0,False,1.7235481990501285
constant-control,542,15,0.001,1.2953440248966217,1.2953440248966217,0.0,1.1494850404858425e-08,0.0742800684883009,0.12117388099431992,0.0,14.186927844957168,0.750396631566193,22.360114520493674,0.0,False,1.698378773406148
constant-control,543,15,0.001,1.1442280039191246,1.1442280039191246,0.0,1.1824928591863682e-08,0.07533900451689744,0.12303626537322998,0.0,14.787748145988106,0.750396631566193,22.370365433992166,0.0,False,1.6671735220588744
constant-control,544,15,0.001,3.089070498943329,3.089070498943329,0.0,1.215609479743307e-08,0.07638668404389093,0.12517786026000977,0.0,26.94781014575689,0.750396631566193,22.380536917491714,0.0,False,1.7010429897345603
constant-control,545,15,0.001,1.1725716814398766,1.1725716814398766,0.0,1.2666145465800582e-08,0.0779727503993571,0.1284717619419098,0.0,9.249096703527504,0.750396631566193,22.390546821356782,0.0,False,1.6601787861436605
constant-control,546,15,0.001,2.8548302054405212,2.8548302054405212,0.0,1.3139731969147306e-08,0.0794170705015062,0.13130773603916168,0.0,16.887528657325934,0.750396631566193,22.400749565759856,0.0,False,1.7409166665747762
constant-control,547,15,0.001,2.533589631319046,2.533589631319046,0.0,1.3487650107890659e-08,0.08046161979211221,0.13320046663284302,0.0,24.122894113962317,0.750396631566193,22.410925296834876,0.0,False,1.7562544057145715
constant-control,548,15,0.001,1.111628457903862,1.111628457903862,0.0,1.3590167213806126e-08,0.08076682768157936,0.1335400938987732,0.0,19.28538356249413,0.750396631566193,22.421040051844116,0.0,False,1.718038828112185
constant-control,549,15,0.001,2.2670929729938507,2.2670929729938507,0.0,1.349096390157456e-08,0.08047150252152595,0.1326141059398651,0.0,89.1219732253528,0.750396631566193,22.43197942566503,0.0,False,1.7567247850820422
constant-control,550,15,0.001,1.9840738773345947,1.9840738773345947,0.0,1.2940934546179506e-08,0.07881401124081477,0.12745411694049835,0.0,13.161493398055757,0.750396631566193,22.44438433852161,0.0,False,1.7991172154434025
constant-control,551,15,0.001,0.7248570919036865,0.7248570919036865,0.0,1.248106951123873e-08,0.07740099175013675,0.123033307492733,0.0,9.452243198982897,0.7503963949125139,22.45784238088993,0.0,False,1.7647928385995328
constant-control,552,15,0.001,1.4679183885455132,1.4679183885455132,0.0,1.2064078624973718e-08,0.07609703260304089,0.11898110061883926,0.0,39.94681545497211,0.750396631566193,22.471927353078986,0.0,False,1.7482678480446339
constant-control,553,15,0.001,0.9663505107164383,0.9663505107164383,0.0,1.197791377194335e-08,0.07582478928497809,0.11760138720273972,0.0,9.236270564448027,0.750396631566193,22.486548901734558,0.0,False,1.7447394505143166
constant-control,554,15,0.001,2.460884541273117,2.460884541273117,0.0,1.1885363804253757e-08,0.07553128304186257,0.11614775657653809,0.0,60.89714150728987,0.750396631566193,22.502914536173844,0.0,False,1.8316481476649642
constant-control,555,15,0.001,0.9597433507442474,0.9597433507442474,0.0,1.139306871067447e-08,0.07395047770313293,0.11395842581987381,0.0,11.836401963709928,0.750396631566193,22.519901515198875,0.0,False,1.7190240332856774
constant-control,556,15,0.001,2.5376358926296234,2.5376358926296234,0.0,1.0898450142349247e-08,0.07232742355807702,0.11148028075695038,0.0,21.964796282242542,0.750396631566193,22.537035934317174,0.0,False,1.7583284266293049
constant-control,557,15,0.001,1.5798157751560211,1.5798157751560211,0.0,1.0452959386952898e-08,0.07083375084147195,0.10881055146455765,0.0,15.83584657441337,0.750396631566193,22.55425663238381,0.0,False,1.759352181572467
constant-control,558,15,0.001,1.4740804731845856,1.4740804731845856,0.0,1.0157072516392418e-08,0.06982402858029679,0.10722682625055313,0.0,19.265809080615266,0.750396631566193,22.570988228819886,0.0,False,1.7705232095904648
constant-control,559,15,0.001,3.057323604822159,3.057323604822159,0.0,1.0074820089300829e-08,0.06954073649636643,0.10712485760450363,0.0,34.53936733143216,0.750396631566193,22.587422993747495,0.0,False,1.8900916846469045
constant-control,560,15,0.001,1.08815286308527,1.08815286308527,0.0,9.783025056719907e-09,0.06852628711758402,0.10503052175045013,0.0,30.604270349636508,0.750396631566193,22.604072116327103,0.0,False,1.7650343324057758
constant-control,561,15,0.001,1.4100075364112854,1.4100075364112854,0.0,9.355673569189094e-09,0.06701285989113956,0.10120919346809387,0.0,16.231104212126365,0.750396631566193,22.620601036691376,0.0,False,1.7798740733414888
constant-control,562,15,0.001,1.9631607085466385,1.9631607085466385,0.0,9.009334611675968e-09,0.06576078089618338,0.09814872592687607,0.0,15.13869222054825,0.750396631566193,22.63658582976365,0.0,False,1.7241447297856212
constant-control,563,15,0.001,1.5682116448879242,1.5682116448879242,0.0,8.769204917769002e-09,0.06487848940585571,0.09615153819322586,0.0,52.74183992170365,0.750396631566193,22.652175529426714,0.0,False,1.663808605633676
constant-control,564,15,0.001,1.7654888033866882,1.7654888033866882,0.0,8.197771350637595e-09,0.06272901822476708,0.09059132635593414,0.0,33.3424003625723,0.750396631566193,22.667208583043987,0.0,False,1.7046748772263527
constant-control,565,15,0.001,0.7668158076703548,0.7668158151209354,0.0,7.932163370583112e-09,0.061704442273848865,0.08809319883584976,0.0,27.096469528857646,0.750396631566193,22.681842926563583,0.0,False,1.6109075543936342
constant-control,566,15,0.001,1.5934999138116837,1.5934999138116837,0.0,7.494310061417764e-09,0.059977238450356754,0.08405393362045288,0.0,73.39737331116328,0.750396631566193,22.69555817465221,0.0,False,1.5864966816734523
constant-control,567,15,0.001,1.2669580280780792,1.2669580280780792,0.0,7.618322861446813e-09,0.06047143753646127,0.08586291968822479,0.0,34.84720492007709,0.750396631566193,22.709268119834253,0.0,False,1.6203779901843518
constant-control,568,15,0.001,1.2746432423591614,1.2746432423591614,0.0,7.528890400010368e-09,0.06011545120058958,0.08489704132080078,0.0,33.14496664038018,0.750396631566193,22.722651133196248,0.0,False,1.6082982935477048
constant-control,569,15,0.001,1.8322745859622955,1.8322745859622955,0.0,7.521676614885564e-09,0.06008664135552307,0.08607541769742966,0.0,25.65819921262399,0.750396631566193,22.73533837969591,0.0,False,1.662418548250571
constant-control,570,15,0.001,1.5813234001398087,1.5813234001398087,0.0,7.596754336702816e-09,0.060385778719740366,0.08845585584640503,0.0,24.46874051627886,0.750396631566193,22.74769198475151,0.0,False,1.6074459769297391
constant-control,571,15,0.001,1.2398310899734497,1.2398310899734497,0.0,7.520783995573765e-09,0.060083080910027155,0.08923175930976868,0.0,11.116786750761376,0.750396631566193,22.75947839956979,0.0,False,1.6249514606315643
constant-control,572,15,0.001,1.4359696060419083,1.4359696060419083,0.0,7.463036411081703e-09,0.0598519616009985,0.09012502431869507,0.0,36.73755043343641,0.750396631566193,22.77090351367498,0.0,False,1.556097317719832
constant-control,573,15,0.001,2.021039754152298,2.021039754152298,0.0,7.61957696937543e-09,0.060476414126024634,0.09328854084014893,0.0,37.38775859595716,0.750396631566193,22.781804980438313,0.0,False,1.5836738164070994
constant-control,574,15,0.001,1.4883291125297546,1.4883291125297546,0.0,7.598480955550713e-09,0.06039263824409918,0.09391555190086365,0.0,15.626090634353327,0.750396631566193,22.792349689782675,0.0,False,1.5845643563661724
constant-control,575,15,0.001,1.0523984134197235,1.0523984134197235,0.0,7.679559210771458e-09,0.06071398770272622,0.09504130482673645,0.0,5.321835721560042,0.750396631566193,22.80232823398378,0.0,False,1.4592565319035202
constant-control,576,15,0.001,1.3016148656606674,1.3016148656606674,0.0,7.767921417212165e-09,0.06106228007649598,0.09619197994470596,0.0,42.78587223504909,0.750396631566193,22.811841784269898,0.0,False,1.4725979070644826
constant-control,577,16,0.001,1.3409556448459625,1.3409556448459625,0.0,8.053016031794868e-09,0.06217272324312531,0.09930814057588577,0.0,30.17920117272498,0.7503963949125139,22.82149281449218,0.0,False,1.46828216384165
constant-control,578,16,0.001,1.5760606825351715,1.5760606825351715,0.0,8.12231792934881e-09,0.062439672539022925,0.10048720985651016,0.0,43.920520898535685,0.750396631566193,22.831125555391466,0.0,False,1.4440884122159332
constant-control,579,16,0.001,1.5338812172412872,1.5338812172412872,0.0,8.349410052232997e-09,0.06330653233157782,0.10357368737459183,0.0,8.39865109480578,0.750396631566193,22.840384882160624,0.0,False,1.4419427604880184
constant-control,580,16,0.001,1.3209403306245804,1.3209403306245804,0.0,8.56502335722098e-09,0.0641187257116036,0.10622690618038177,0.0,15.439744016595498,0.750396631566193,22.849273692064052,0.0,False,1.4141584809403867
constant-control,581,16,0.001,1.2179980427026749,1.2179980427026749,0.0,8.654541971964136e-09,0.0644529327160552,0.10786612331867218,0.0,6.502014452452252,0.750396631566193,22.857739248546316,0.0,False,1.4423573706299067
constant-control,582,16,0.001,1.133655071258545,1.133655071258545,0.0,8.735797862868822e-09,0.0647547883992224,0.10929065197706223,0.0,6.16216122197624,0.750396631566193,22.865769983141746,0.0,False,1.4136170679703355
constant-control,583,16,0.001,1.1921524107456207,1.1921524107456207,0.0,8.82681927549811e-09,0.06509126767608739,0.11057240515947342,0.0,9.12239032677872,0.750396631566193,22.873304616509987,0.0,False,1.4089417168870568
constant-control,584,16,0.001,1.4981693625450134,1.4981693625450134,0.0,8.886107849548353e-09,0.06530950827163759,0.11141321063041687,0.0,12.204029386555401,0.750396631566193,22.880683957659855,0.0,False,1.4229120993986726
constant-control,585,16,0.001,1.5963363349437714,1.5963363349437714,0.0,8.897560022091966e-09,0.06535157698478855,0.11172117292881012,0.0,9.537273775259653,0.750396631566193,22.88751344184616,0.0,False,1.4081659587100148
constant-control,586,16,0.001,0.8523936718702316,0.8523936718702316,0.0,8.85181794529899e-09,0.06518337737765416,0.11158861964941025,0.0,10.196916544425056,0.750396631566193,22.89398528682016,0.0,False,1.3626078506931663
constant-control,587,16,0.001,1.8517205119132996,1.8517205119132996,0.0,8.813227481141439e-09,0.06504113808685463,0.11160775274038315,0.0,46.48596846492482,0.750396631566193,22.89994144375553,0.0,False,1.4008509395644069
constant-control,588,16,0.001,0.8436388075351715,0.8436388075351715,0.0,9.044313742379018e-09,0.06588831699902666,0.11375492066144943,0.0,12.23641430703395,0.750396631566193,22.905787669935233,0.0,False,1.3638302646577358
constant-control,589,16,0.001,2.8041166067123413,2.8041166067123413,0.0,9.221844621265518e-09,0.06653183847392515,0.11529437452554703,0.0,15.60787965157883,0.750396631566193,22.911449010871987,0.0,False,1.4127725679427385
constant-control,590,16,0.001,1.5634884983301163,1.5634884983301163,0.0,9.408775980546125e-09,0.06720277019442626,0.11682916432619095,0.0,7.676907083912163,0.750396631566193,22.916939873608566,0.0,False,1.4174700295552611
constant-control,591,16,0.001,1.3139312863349915,1.3139312863349915,0.0,9.611802909148537e-09,0.06792396803170062,0.11845529079437256,0.0,25.38413955665085,0.750396631566193,22.922579293406745,0.0,False,1.4338158341124654
constant-control,592,16,0.001,1.6953228265047073,1.6953228265047073,0.0,9.681141222017686e-09,0.06816852878165554,0.11946422606706619,0.0,40.81749606282269,0.750396631566193,22.92815581238368,0.0,False,1.4584225816652179
constant-control,593,16,0.001,1.03641739487648,1.03641739487648,0.0,9.965875236161992e-09,0.06916372076294627,0.12201021611690521,0.0,13.312030131364988,0.750396631566193,22.933691667209622,0.0,False,1.4393889410421252
constant-control,594,16,0.001,0.8982337713241577,0.8982337713241577,0.0,1.03078221513897e-08,0.0703402780184263,0.12481619417667389,0.0,12.30251540799591,0.750396631566193,22.93911398707617,0.0,False,1.3970247590914369
constant-control,595,16,0.001,2.2857512831687927,2.2857512831687927,0.0,1.0619048751436821e-08,0.07139428194002573,0.12739437818527222,0.0,12.206804222240715,0.750396631566193,22.94456698979318,0.0,False,1.444016638211906
constant-control,596,16,0.001,2.0875099301338196,2.0875099301338196,0.0,1.0881141321306131e-08,0.07226996426052658,0.12944458425045013,0.0,18.52418299214228,0.7503963949125139,22.950059674864622,0.0,False,1.4919272381812334
constant-control,597,16,0.001,0.788119800388813,0.788119800388813,0.0,1.1217237805283276e-08,0.07337761577261456,0.1318366974592209,0.0,8.352988895451235,0.750396631566193,22.955466328701526,0.0,False,1.465059848036617
constant-control,598,16,0.001,1.3641941621899605,1.3641941621899605,0.0,1.1507318653514176e-08,0.074320339211887,0.1338152438402176,0.0,28.47447165629504,0.7503963949125139,22.9606742860036,0.0,False,1.4794685412198305
constant-control,599,16,0.001,2.110363870859146,2.110363870859146,0.0,1.19345218152489e-08,0.07568731988526599,0.1366463154554367,0.0,23.298105969119113,0.750396631566193,22.96570231679655,0.0,False,1.5368567574769258
constant-control,600,16,0.001,1.677235908806324,1.677235908806324,0.0,1.2484032474446849e-08,0.0774101763176176,0.1401352733373642,0.0,23.76469182537321,0.750396631566193,22.971580136120977,0.0,False,1.5480484166182578
constant-control,601,16,0.001,2.145438551902771,2.145438551902771,0.0,1.290940865317225e-08,0.0787179521610457,0.14274634420871735,0.0,14.447135543852573,0.750396631566193,22.97757450513974,0.0,False,1.5823673051781952
constant-control,602,16,0.001,1.0452814102172852,1.0452814102172852,0.0,1.3266197917971567e-08,0.07979833852490952,0.14492084085941315,0.0,38.2891367288062,0.750396631566193,22.984187304090945,0.0,False,1.594422788824886
constant-control,603,16,0.001,1.213864803314209,1.213864803314209,0.0,1.3291668210513308e-08,0.07987490770212137,0.14513936638832092,0.0,8.919016615448708,0.750396631566193,22.990951243014248,0.0,False,1.554556807037443
constant-control,604,16,0.001,1.4325580969452858,1.4325580969452858,0.0,1.3306030943738278e-08,0.07991804821120037,0.14523915946483612,0.0,14.689643979345526,0.750396631566193,22.99795771355039,0.0,False,1.591364262625575
constant-control,605,16,0.001,1.312620460987091,1.312620460987091,0.0,1.3386570962836686e-08,0.08015955379744344,0.14570756256580353,0.0,18.16002208507222,0.750396631566193,23.0052639019944,0.0,False,1.498145753517747
constant-control,606,16,0.001,1.6185306757688522,1.6185306757688522,0.0,1.3338122606398883e-08,0.08001436534721737,0.1454094797372818,0.0,14.459008068996354,0.750396631566193,23.012518662936962,0.0,False,1.501585889607668
constant-control,607,16,0.001,1.1828745305538177,1.1828745305538177,0.0,1.3210017080211856e-08,0.07962919304192596,0.1446416825056076,0.0,15.318362113758335,0.750396631566193,23.019970151809595,0.0,False,1.4933948423713446
constant-control,608,16,0.001,1.7603376545011997,1.76033765822649,0.0,1.2989391784401505e-08,0.0789614298777056,0.14332886040210724,0.0,16.36032277453575,0.750396631566193,23.02777674052925,0.0,False,1.4974582691211253
constant-control,609,16,0.001,1.3417870104312897,1.3417870104312897,0.0,1.2711167229895182e-08,0.07811120969422977,0.14162622392177582,0.0,6.407366553597227,0.750396631566193,23.035583218436628,0.0,False,1.516543870093301
constant-control,610,16,0.001,1.2599345743656158,1.2599345743656158,0.0,1.2470535715181086e-08,0.07736831721644777,0.14011593163013458,0.0,10.09235405163913,0.750396631566193,23.0432443055948,0.0,False,1.539150170283392
constant-control,611,16,0.001,1.4772882461547852,1.4772882461547852,0.0,1.2329383736187083e-08,0.0769292156692924,0.13916675746440887,0.0,8.480795381323711,0.750396631566193,23.05073556257979,0.0,False,1.4886212304700166
constant-control,612,16,0.001,2.476098746061325,2.476098746061325,0.0,1.2201804011624517e-08,0.07653016349999031,0.1382783204317093,0.0,11.681785319676093,0.750396631566193,23.058055513954898,0.0,False,1.5129080314654857
constant-control,613,17,0.001,1.7959326654672623,1.7959326654672623,0.0,1.2052010944785252e-08,0.07605896032437565,0.1372869312763214,0.0,13.490402029531486,0.750396631566193,23.065194002561004,0.0,False,1.5758963355328888
constant-control,614,17,0.001,1.2958252876996994,1.2958252876996994,0.0,1.1905954444557665e-08,0.0755966810643041,0.13626880943775177,0.0,9.127058715024493,0.750396631566193,23.07219897105115,0.0,False,1.5716232808772475
constant-control,615,17,0.001,1.0816780179738998,1.0816780179738998,0.0,1.1820569412179793e-08,0.07532511690649894,0.13555216789245605,0.0,9.622862086206826,0.750396631566193,23.079145927883143,0.0,False,1.5073304150719196
constant-control,616,17,0.001,1.2133873254060745,1.2133873254060745,0.0,1.1718666925730759e-08,0.07499973340536942,0.13474401831626892,0.0,8.535515508423162,0.750396631566193,23.086178347262297,0.0,False,1.478339878609404
constant-control,617,17,0.001,1.1001614034175873,1.1001614034175873,0.0,1.1580710612690837e-08,0.07455696809632065,0.13374167680740356,0.0,4.538234346712988,0.750396631566193,23.09281657750893,0.0,False,1.41301005682908
constant-control,618,17,0.001,1.150482565164566,1.150482565164566,0.0,1.1450849157768062e-08,0.07413776210069598,0.13279946148395538,0.0,6.460560054135282,0.750396631566193,23.09917961625119,0.0,False,1.419585129013285
constant-control,619,17,0.001,1.0987260192632675,1.0987260192632675,0.0,1.135160410115077e-08,0.07381578056801148,0.13206793367862701,0.0,4.801064024629835,0.750396631566193,23.10522745902979,0.0,False,1.4123889550101012
constant-control,620,17,0.001,0.9165380299091339,0.9165380299091339,0.0,1.1271324318329334e-08,0.07355430446082072,0.1314564347267151,0.0,4.1333548671874425,0.750396631566193,23.111137251478958,0.0,False,1.3801377008203417
constant-control,621,17,0.001,2.2578261867165565,2.2578261867165565,0.0,1.1182519799035617e-08,0.07326396856565032,0.13079620897769928,0.0,16.814805070984374,0.750396631566193,23.11708270760264,0.0,False,1.4392130586784333
constant-control,622,17,0.001,1.3054728955030441,1.3054728955030441,0.0,1.1097463392673035e-08,0.07298480767072191,0.13010691106319427,0.0,7.727802944884587,0.750396631566193,23.1227154189252,0.0,False,1.4196469474118203
constant-control,623,17,0.001,2.062810570001602,2.062810570001602,0.0,1.1024074986210053e-08,0.07274308369881394,0.12954172492027283,0.0,17.166700571641808,0.750396631566193,23.128283248142132,0.0,False,1.4746429498773068
constant-control,624,17,0.001,1.8703748285770416,1.8703748285770416,0.0,1.1061509930243574e-08,0.07286648691110324,0.12967832386493683,0.0,17.810543376773726,0.750396631566193,23.13357077224699,0.0,False,1.481520273257047
constant-control,625,17,0.001,1.690904676914215,1.690904676914215,0.0,1.1122094356608159e-08,0.0730657608695844,0.13002412021160126,0.0,7.8638544387017655,0.750396631566193,23.1389057552557,0.0,False,1.5033401274122298
constant-control,626,17,0.001,1.4305269792675972,1.4305269792675972,0.0,1.1176790160050132e-08,0.07324520268926873,0.13036848604679108,0.0,14.276344678004033,0.750396631566193,23.143797092156397,0.0,False,1.5140021527186036
constant-control,627,17,0.001,2.341546416282654,2.341546416282654,0.0,1.1246021003330497e-08,0.07347169443795122,0.13082343339920044,0.0,12.657382994809396,0.750396631566193,23.14901444077763,0.0,False,1.5680182883515954
constant-control,628,17,0.001,1.2687240689992905,1.2687240689992905,0.0,1.1269602140373536e-08,0.07354868749971871,0.13094425201416016,0.0,8.675909650590821,0.7503963949125139,23.154354037227236,0.0,False,1.4925573710352182
constant-control,629,17,0.001,1.1198664456605911,1.1198664456605911,0.0,1.131783733399061e-08,0.07370591556046419,0.1311897486448288,0.0,14.143895077158739,0.750396631566193,23.159689977428236,0.0,False,1.4503032322973013
constant-control,630,17,0.001,1.2561897039413452,1.2561897039413452,0.0,1.1293508350718184e-08,0.07362665492665277,0.1309424489736557,0.0,5.309893924308452,0.7503961582588348,23.165088229090077,0.0,False,1.4478260083124042
constant-control,631,17,0.001,1.2374436408281326,1.2374436408281326,0.0,1.128250293191968e-08,0.07359076824080188,0.1307622790336609,0.0,7.988225813229344,0.750396631566193,23.170376507543335,0.0,False,1.4575613597407937
constant-control,632,17,0.001,1.52669095993042,1.52669095993042,0.0,1.127625459673709e-08,0.07357039078219631,0.13065755367279053,0.0,9.371194798917706,0.750396631566193,23.175626671592763,0.0,False,1.4771428368985653
constant-control,633,17,0.001,1.6957313418388367,1.6957313418388367,0.0,1.1242805797451183e-08,0.07346119585798735,0.1303735375404358,0.0,16.951520844283117,0.750396631566193,23.180869894904113,0.0,False,1.5143659580498934
constant-control,634,17,0.001,1.1521568894386292,1.1521568894386292,0.0,1.116299142012167e-08,0.0731999740945213,0.12975111603736877,0.0,9.653875234835317,0.750396631566193,23.1859581763066,0.0,False,1.5144706033170223
constant-control,635,17,0.001,1.0828061997890472,1.0828061997890472,0.0,1.1068456373664048e-08,0.0728893620951491,0.1291106641292572,0.0,10.611383553149786,0.750396631566193,23.19123320364998,0.0,False,1.5134756145998836
constant-control,636,17,0.001,1.3930220901966095,1.3930220901966095,0.0,1.0938324912501685e-08,0.0724596173704468,0.1283421516418457,0.0,5.935008202014999,0.750396631566193,23.196456799370928,0.0,False,1.5432558683678508
constant-control,637,17,0.001,1.8309631943702698,1.8309631943702698,0.0,1.0801845640173724e-08,0.07200615287395372,0.12752746045589447,0.0,15.879043060815702,0.750396631566193,23.202050508114183,0.0,False,1.5165769313462079
constant-control,638,17,0.001,2.0145310163497925,2.0145310163497925,0.0,1.0639255698663419e-08,0.0714621760291779,0.1265435665845871,0.0,22.432547480193865,0.750396631566193,23.208055923696072,0.0,False,1.5608930638991296
constant-control,639,17,0.001,1.3348127901554108,1.3348127901554108,0.0,1.0449027421088886e-08,0.07082042962818272,0.12520915269851685,0.0,17.518167020263427,0.750396631566193,23.214151705975585,0.0,False,1.5153932026587427
constant-control,640,17,0.001,1.4906753897666931,1.4906753897666931,0.0,1.0301000941126404e-08,0.07031700194883708,0.12411412596702576,0.0,9.616364977426617,0.750396631566193,23.220455267911515,0.0,False,1.4916619877330959
constant-control,641,17,0.001,1.6270562708377838,1.6270562708377838,0.0,1.016082684657249e-08,0.06983693035254974,0.12303846329450607,0.0,14.302121917191664,0.750396631566193,23.2265555436359,0.0,False,1.487671462353319
constant-control,642,17,0.001,1.407246671617031,1.4072466753423214,0.0,1.0108408332598628e-08,0.06965655737867688,0.12257958203554153,0.0,15.62524874515267,0.750396631566193,23.232957093812683,0.0,False,1.4862164431251585
constant-control,643,17,0.001,1.761976882815361,1.761976882815361,0.0,9.96265026032006e-09,0.06915252747597898,0.1216001808643341,0.0,12.903230582338509,0.750396631566193,23.23962598059897,0.0,False,1.4499933472834527
constant-control,644,17,0.001,1.0067951679229736,1.0067951679229736,0.0,9.80025660624051e-09,0.06858660877826107,0.12060508131980896,0.0,11.822344444160063,0.750396631566193,23.246327865895914,0.0,False,1.433622790966183
constant-control,645,17,0.001,1.4718768894672394,1.4718768894672394,0.0,9.683154722495146e-09,0.06817561552860442,0.11992771178483963,0.0,7.541701639147447,0.750396631566193,23.25313095416478,0.0,False,1.4556234437040985
constant-control,646,17,0.001,1.3609221875667572,1.3609221875667572,0.0,9.563656533373432e-09,0.06775363365937125,0.11923602223396301,0.0,9.282455258112625,0.750396631566193,23.25985717245093,0.0,False,1.4621692239306867
constant-control,647,17,0.001,1.398214429616928,1.398214429616928,0.0,9.48935330313816e-09,0.06748992354015355,0.11876378208398819,0.0,11.87087182490865,0.750396631566193,23.266519170845466,0.0,False,1.4722173982299864
constant-control,648,17,0.001,1.56102155148983,1.56102155148983,0.0,9.352506324944443e-09,0.06700151107203896,0.11793260276317596,0.0,8.843365255276968,0.750396631566193,23.273011684252232,0.0,False,1.4743630602024496
constant-control,649,18,0.001,1.3487902879714966,1.3487902879714966,0.0,9.206338802414393e-09,0.06647587951234389,0.1170450821518898,0.0,13.52180470999837,0.750396631566193,23.27921666290171,0.0,False,1.4526792443357408
constant-control,650,18,0.001,1.6712325662374496,1.6712325662374496,0.0,8.991065669761156e-09,0.06569407433148831,0.11568456888198853,0.0,10.04242818340509,0.750396631566193,23.2853360910443,0.0,False,1.485121474135667
constant-control,651,18,0.001,1.4235382378101349,1.4235382378101349,0.0,8.763755943164142e-09,0.06485833123339052,0.11427925527095795,0.0,12.858416607556416,0.750396631566193,23.291137575229154,0.0,False,1.506417226511985
constant-control,652,18,0.001,1.8558478653430939,1.8558478653430939,0.0,8.574968290986362e-09,0.06415593752402354,0.11306949704885483,0.0,39.45389050162918,0.750396631566193,23.297126090661482,0.0,False,1.5353438374586403
constant-control,653,18,0.001,1.4287548065185547,1.4287548065185547,0.0,8.619477576132795e-09,0.06432223259907315,0.11357060819864273,0.0,10.739258512232931,0.750396631566193,23.303252883955018,0.0,False,1.5102058132179081
constant-control,654,18,0.001,1.8573141396045685,1.8573141396045685,0.0,8.631947601145384e-09,0.06436874009747706,0.11379359662532806,0.0,14.829147123310673,0.750396631566193,23.30938807744307,0.0,False,1.5003797584213316
constant-control,655,18,0.001,1.2732252031564713,1.2732252031564713,0.0,8.698255449246517e-09,0.06461550020986206,0.11437052488327026,0.0,14.698467504851035,0.750396631566193,23.31566958905613,0.0,False,1.496530534233898
constant-control,656,18,0.001,1.2555220425128937,1.2555220425128937,0.0,8.806984475029367e-09,0.06501809209759879,0.11512639373540878,0.0,10.604445520561535,0.750396631566193,23.32180525817306,0.0,False,1.4818334500305355
constant-control,657,18,0.001,1.0113877356052399,1.0113877356052399,0.0,8.959485597870298e-09,0.06557860468081554,0.11615363508462906,0.0,7.225002583959832,0.750396631566193,23.32799006287169,0.0,False,1.4433541665785015
constant-control,658,18,0.001,1.1698666214942932,1.1698666214942932,0.0,9.117545829440132e-09,0.06615453480262176,0.11718172580003738,0.0,8.648150328640071,0.750396631566193,23.334160932157115,0.0,False,1.4285179134458303
constant-control,659,18,0.001,1.9013905674219131,1.9013905674219131,0.0,9.217028029695484e-09,0.06651446151836528,0.11780350655317307,0.0,11.866341021833927,0.750396631566193,23.340228704233276,0.0,False,1.4372312687337399
constant-control,660,18,0.001,1.2045671343803406,1.2045671343803406,0.0,9.249451871085057e-09,0.06663135322426716,0.11796122044324875,0.0,13.958214636569517,0.750396631566193,23.34646771628353,0.0,False,1.4495920166373253
constant-control,661,18,0.001,1.0114474222064018,1.0114474222064018,0.0,9.206487128210483e-09,0.06647641688815331,0.11767246574163437,0.0,9.023090957343664,0.750396631566193,23.352587948898908,0.0,False,1.420815174933523
constant-control,662,18,0.001,0.9614830911159515,0.9614830911159515,0.0,9.159879965636719e-09,0.06630793437219994,0.117304727435112,0.0,11.454149732961392,0.750396631566193,23.358570410653595,0.0,False,1.3958502314053476
constant-control,663,18,0.001,1.1234353184700012,1.1234353184700012,0.0,9.164990544263674e-09,0.06632643055185933,0.11733227223157883,0.0,26.69600975234751,0.750396631566193,23.364304810288846,0.0,False,1.3786765369586647
constant-control,664,18,0.001,0.5743125006556511,0.5743125043809414,0.0,9.336672768256449e-09,0.06694477470876536,0.11847922205924988,0.0,13.154484880402137,0.750396631566193,23.36988253922796,0.0,False,1.3170072212815285
constant-control,665,18,0.001,1.5363982021808624,1.5363982021808624,0.0,9.416502244619096e-09,0.06723035952860511,0.11897078156471252,0.0,14.86039378434404,0.750396631566193,23.375087634526885,0.0,False,1.3287327159196138
constant-control,666,18,0.001,0.9982608780264854,0.9982608780264854,0.0,9.44039069139535e-09,0.06731557963874756,0.11896852403879166,0.0,8.778790588368809,0.750396631566193,23.380136838910428,0.0,False,1.2866719854064286
constant-control,667,18,0.001,1.285998359322548,1.285998359322548,0.0,9.410132228993007e-09,0.06720761458980253,0.11861862242221832,0.0,6.691025184136969,0.750396631566193,23.38494835705627,0.0,False,1.2780757430009544
constant-control,668,18,0.001,2.1171120181679726,2.1171120181679726,0.0,9.384963028935545e-09,0.06711767275273246,0.11835683882236481,0.0,12.595957365067393,0.750396631566193,23.389748875966447,0.0,False,1.2944047525525093
constant-control,669,18,0.001,1.7467466592788696,1.7467466592788696,0.0,9.292327796117661e-09,0.06678560666674097,0.11769337207078934,0.0,15.538483430445405,0.750396631566193,23.394337364588402,0.0,False,1.314279243350029
constant-control,670,18,0.001,2.0872029960155487,2.0872029960155487,0.0,9.200804562681242e-09,0.06645589408429645,0.1170438751578331,0.0,19.313012854000828,0.750396631566193,23.39919075459356,0.0,False,1.3286472968757153
constant-control,671,18,0.001,1.5115194916725159,1.5115194916725159,0.0,9.030183711900008e-09,0.0658368269894357,0.11581042408943176,0.0,8.841906418858274,0.750396631566193,23.40393801307332,0.0,False,1.343540689907968
constant-control,672,18,0.001,2.1408565640449524,2.1408565640449524,0.0,8.866249068262277e-09,0.06523648915001,0.11456381529569626,0.0,30.569596714607094,0.750396631566193,23.409016960162617,0.0,False,1.3988740975037217
constant-control,673,18,0.001,1.6843691617250443,1.6843691617250443,0.0,8.580298249682983e-09,0.06417587765018967,0.11227630823850632,0.0,8.085391867755154,0.750396631566193,23.41419567116142,0.0,False,1.4409354366362095
constant-control,674,18,0.001,1.929071620106697,1.929071620106697,0.0,8.291183739572716e-09,0.06308540278921515,0.10997969657182693,0.0,8.557184413201464,0.750396631566193,23.419440639358942,0.0,False,1.4883857490494847
constant-control,675,18,0.001,1.2087771594524384,1.2087771594524384,0.0,7.99412891439033e-09,0.06194499087249287,0.10763191431760788,0.0,10.512696117242145,0.750396631566193,23.424610939414784,0.0,False,1.4450974110513926
constant-control,676,18,0.001,1.0335998386144638,1.0335998386144638,0.0,7.781899569181405e-09,0.0611171949200784,0.105906181037426,0.0,10.02117280997682,0.750396631566193,23.429721174182294,0.0,False,1.4344119550660253
constant-control,677,18,0.001,1.5664791464805603,1.5664791464805603,0.0,7.645615696105779e-09,0.060579664809302415,0.10470660775899887,0.0,9.762567095110386,0.750396631566193,23.434719752569823,0.0,False,1.4691014378331602
constant-control,678,18,0.001,2.0515426993370056,2.0515426993370056,0.0,7.548562663828307e-09,0.060193936352287494,0.10380976647138596,0.0,12.281215891662024,0.750396631566193,23.43964071885018,0.0,False,1.537230163346976
constant-control,679,18,0.001,1.5802973806858063,1.5802973806858063,0.0,7.433302862125402e-09,0.059732615344834816,0.10272056609392166,0.0,25.523335586950765,0.750396631566193,23.444765374064495,0.0,False,1.5657840422354639
constant-control,680,18,0.001,1.2356444597244263,1.2356444597244263,0.0,7.2981221066470425e-09,0.05918697951703879,0.1015053391456604,0.0,7.53256278662,0.750396631566193,23.450083626278293,0.0,False,1.6071172896772623
constant-control,681,18,0.001,2.0908755734562874,2.0908755734562874,0.0,7.1476669027958906e-09,0.05857371269513341,0.10015718638896942,0.0,9.63529952840416,0.750396631566193,23.455415174743333,0.0,False,1.6417721253819764
constant-control,682,18,0.001,0.650893472135067,0.650893472135067,0.0,7.004278490541083e-09,0.057983216277101374,0.09886664897203445,0.0,5.444209152874424,0.750396631566193,23.4606627449164,0.0,False,1.6200616625137627
constant-control,683,18,0.001,2.1640096604824066,2.1640096604824066,0.0,6.8881575998602784e-09,0.057500569852197224,0.09771641343832016,0.0,32.08976993512117,0.750396631566193,23.46591766561265,0.0,False,1.6749373688362539
constant-control,684,18,0.001,1.1993088275194168,1.1993088275194168,0.0,6.659126583485886e-09,0.056536542028449634,0.09543506801128387,0.0,6.758680651202416,0.750396631566193,23.47115944557059,0.0,False,1.6175746694207191
constant-control,685,19,0.001,1.3369548618793488,1.3369548618793488,0.0,6.430067589491273e-09,0.055555668487059395,0.09318487346172333,0.0,18.431333002344374,0.750396631566193,23.476302647043607,0.0,False,1.591962682083249
constant-control,686,19,0.001,1.3945715427398682,1.3945715427398682,0.0,6.300073351894753e-09,0.05499122988174328,0.09183723479509354,0.0,30.892205077294484,0.750396631566193,23.48141657164004,0.0,False,1.548673216253519
constant-control,687,19,0.001,0.8469705954194069,0.8469705954194069,0.0,6.034428956525062e-09,0.05381938372456282,0.08932362496852875,0.0,59.1912633148697,0.750396631566193,23.486273119982364,0.0,False,1.5071389102376997
constant-control,688,19,0.001,1.4070270657539368,1.4070270657539368,0.0,6.068404445613851e-09,0.053970677085686494,0.089586041867733,0.0,15.72629907121358,0.750396631566193,23.490838351486097,0.0,False,1.4612745665945113
constant-control,689,19,0.001,1.380250945687294,1.380250945687294,0.0,6.149804221422528e-09,0.054331447778097584,0.09034119546413422,0.0,19.4912305168348,0.750396631566193,23.49549370879293,0.0,False,1.4422671780921519
constant-control,690,19,0.001,1.5148069262504578,1.5148069262504578,0.0,6.12672579336504e-09,0.054229404098024174,0.09031261503696442,0.0,24.18789022749398,0.7503963949125139,23.500021905135984,0.0,False,1.416375634726137
constant-control,691,19,0.001,1.2991084456443787,1.2991084456443787,0.0,6.176385625167313e-09,0.05444873923955273,0.09112995117902756,0.0,10.522872020112391,0.750396631566193,23.50456137583379,0.0,False,1.4220213401131332
constant-control,692,19,0.001,1.8500152826309204,1.8500152826309204,0.0,6.176658295942161e-09,0.054449938891512596,0.09144576638936996,0.0,48.43125393756861,0.750396631566193,23.50888822252161,0.0,False,1.4730473053641617
constant-control,693,19,0.001,1.4603547602891922,1.4603547602891922,0.0,6.393575002761054e-09,0.055397798381569274,0.09374140948057175,0.0,11.116674881089793,0.750396631566193,23.513095288491222,0.0,False,1.4664145312272012
constant-control,694,19,0.001,1.2910209596157074,1.2910209596157074,0.0,6.602657087739772e-09,0.05629631622938553,0.09594134986400604,0.0,10.513347013641328,0.750396631566193,23.517347653850763,0.0,False,1.41888192249462
constant-control,695,19,0.001,1.2307386994361877,1.2307386994361877,0.0,6.75291511598175e-09,0.056933288507203215,0.09756384789943695,0.0,8.25327386292967,0.750396631566193,23.521426117553318,0.0,False,1.397034504916519
constant-control,696,19,0.001,0.8667400777339935,0.8667400777339935,0.0,6.8648979834051715e-09,0.05740340510280033,0.09878246486186981,0.0,5.608755254109086,0.750396631566193,23.525342086840052,0.0,False,1.3739779810421169
constant-control,697,19,0.001,2.1316433399915695,2.1316433399915695,0.0,6.96924873366811e-09,0.05783804452571663,0.09994814544916153,0.0,23.615984457481364,0.750396631566193,23.52949425642794,0.0,False,1.376525966450572
constant-control,698,19,0.001,2.308067724108696,2.308067724108696,0.0,6.955926057372608e-09,0.057782732628451,0.10005060583353043,0.0,36.08526975291037,0.750396631566193,23.533924594621233,0.0,False,1.4800993571989238
constant-control,699,19,0.001,1.6352318227291107,1.6352318227291107,0.0,6.767446603106464e-09,0.05699451365040233,0.09863365441560745,0.0,27.35882907972292,0.750396631566193,23.538755813124325,0.0,False,1.4470507423393428
constant-control,700,19,0.001,1.5468640625476837,1.5468640625476837,0.0,6.479205172382763e-09,0.05576753996812303,0.09624440968036652,0.0,26.91336183259965,0.750396631566193,23.54329387064641,0.0,False,1.4687729445286095
constant-control,701,19,0.001,1.7136057615280151,1.7136057615280151,0.0,6.367933735873521e-09,0.05528659717715528,0.09519118070602417,0.0,15.065804383375184,0.750396631566193,23.547723536981934,0.0,False,1.4923136257566512
constant-control,702,19,0.001,1.476337969303131,1.476337969303131,0.0,6.327175672282692e-09,0.05510938457367402,0.09472449123859406,0.0,22.66811308217111,0.750396631566193,23.551916313374107,0.0,False,1.497424027416855
constant-control,703,19,0.001,0.7655992805957794,0.7655992805957794,0.0,6.3985519105358435e-09,0.05541935370201939,0.095213882625103,0.0,10.862372905280806,0.750396631566193,23.555883037891135,0.0,False,1.4923383202403784
constant-control,704,19,0.001,1.08408685028553,1.08408685028553,0.0,6.504841110199777e-09,0.05587775922346377,0.09598079323768616,0.0,12.338441028543361,0.750396631566193,23.559791656075298,0.0,False,1.472154556773603
constant-control,705,19,0.001,1.4910880625247955,1.4910880625247955,0.0,6.619996550938367e-09,0.056370190229047254,0.09688413888216019,0.0,38.79766883401495,0.750396631566193,23.56325629622073,0.0,False,1.4790818765759468
constant-control,706,19,0.001,1.035607948899269,1.035607948899269,0.0,6.887637571395544e-09,0.057498399212606306,0.09919169545173645,0.0,10.057688049667458,0.750396631566193,23.566689948159034,0.0,False,1.4491319404914975
constant-control,707,19,0.001,1.323345772922039,1.323345772922039,0.0,7.1297034942574555e-09,0.058500065113117596,0.10119731724262238,0.0,18.31742991182108,0.750396631566193,23.569936661401805,0.0,False,1.4506467734463513
constant-control,708,19,0.001,1.3975400179624557,1.3975400179624557,0.0,7.4413151196495164e-09,0.059764800873718535,0.10346999764442444,0.0,8.499857249987842,0.750396631566193,23.573202836999197,0.0,False,1.4223670694045722
constant-control,709,19,0.001,1.2364246547222137,1.2364246547222137,0.0,7.706310256594406e-09,0.06081964031765964,0.10527908802032471,0.0,8.94467298124825,0.750396631566193,23.57647488979258,0.0,False,1.408371437806636
constant-control,710,19,0.001,1.6828786134719849,1.6828786134719849,0.0,7.992555062230622e-09,0.06193889320097373,0.10715799778699875,0.0,37.56698711694127,0.750396631566193,23.579546974930174,0.0,False,1.4328625411726534
constant-control,711,19,0.001,1.3313822746276855,1.3313822746276855,0.0,8.485191216323074e-09,0.06381920915824375,0.11048093438148499,0.0,15.389261073239306,0.750396631566193,23.582678952586985,0.0,False,1.439152764622122
constant-control,712,19,0.001,1.4052395224571228,1.4052395224571228,0.0,8.885206348452357e-09,0.06530619371717131,0.11325107514858246,0.0,20.683955806785168,0.750396631566193,23.58571589043259,0.0,False,1.4728089799173176
constant-control,713,19,0.001,1.9736525416374207,1.9736525416374207,0.0,9.3617558150072e-09,0.06703463669425742,0.11657487601041794,0.0,13.599493188361807,0.750396631566193,23.588649648089717,0.0,False,1.4629345550201833
constant-control,714,19,0.001,1.1225077360868454,1.1225077360868454,0.0,9.887133778363477e-09,0.06888994198684897,0.12006811797618866,0.0,30.548211247040626,0.750396631566193,23.591916598650972,0.0,False,1.3888370557688177
constant-control,715,19,0.001,1.7823730260133743,1.7823730260133743,0.0,1.0194962207776825e-08,0.06995414128296504,0.12196148186922073,0.0,6.915857912188913,0.750396631566193,23.59541054632644,0.0,False,1.3980333809740841
constant-control,716,19,0.001,1.5361623466014862,1.5361623466014862,0.0,1.0466763455951877e-08,0.07088051152227348,0.12362120300531387,0.0,10.008200249488816,0.750396631566193,23.599024813158632,0.0,False,1.3973645237274468
constant-control,717,19,0.001,1.472816288471222,1.472816288471222,0.0,1.0705395681043228e-08,0.07168396051901671,0.12495224177837372,0.0,9.643110909415078,0.750396631566193,23.60252061672821,0.0,False,1.3823151816613972
constant-control,718,19,0.001,1.2132267653942108,1.2132267653942108,0.0,1.0886853196723223e-08,0.07228893064330019,0.12585534155368805,0.0,11.357607128648635,0.750396631566193,23.60609151878135,0.0,False,1.3658707314170897
constant-control,719,19,0.001,1.081180989742279,1.081180989742279,0.0,1.0999328559080368e-08,0.0726613910856067,0.1262541264295578,0.0,8.008714683415228,0.750396631566193,23.609833652717384,0.0,False,1.385594588238746
constant-control,720,19,0.001,1.6362507045269012,1.6362507045269012,0.0,1.115535219753383e-08,0.07317492012337767,0.12693625688552856,0.0,15.379382799370546,0.750396631566193,23.613735979211395,0.0,False,1.4201048291288316
constant-control,721,20,0.001,1.6872605383396149,1.6872605383396149,0.0,1.1340067551657285e-08,0.0737782631868558,0.12785151600837708,0.0,18.97057180594982,0.750396631566193,23.617802798304936,0.0,False,1.4323656088672578
constant-control,722,20,0.001,1.64056396484375,1.64056396484375,0.0,1.1475151495687896e-08,0.07421639285508494,0.12845908105373383,0.0,28.019742507227225,0.750396631566193,23.621514628657437,0.0,False,1.470175359863788
constant-control,723,20,0.001,1.934579610824585,1.934579610824585,0.0,1.145796257873144e-08,0.07416078299136454,0.12809430062770844,0.0,17.851249839445693,0.750396631566193,23.625232197808995,0.0,False,1.508377474732697
constant-control,724,20,0.001,1.357034832239151,1.357034832239151,0.0,1.1354133633290076e-08,0.07382400547979309,0.12714706361293793,0.0,12.97889569297176,0.750396631566193,23.62905277794363,0.0,False,1.5058459006249905
constant-control,725,20,0.001,1.0559334643185139,1.0559334680438042,0.0,1.1293102453180381e-08,0.07362532860390801,0.12658222019672394,0.0,7.337641624857349,0.750396631566193,23.633110684731527,0.0,False,1.4945652012247592
constant-control,726,20,0.001,1.0924459248781204,1.0924459248781204,0.0,1.1196560123494237e-08,0.07330995205596683,0.12582799792289734,0.0,6.00549781419897,0.750396631566193,23.63723957420804,0.0,False,1.4576631581876427
constant-control,727,20,0.001,1.0009247660636902,1.0009247660636902,0.0,1.1149862366721663e-08,0.07315691135723819,0.12537486851215363,0.0,8.870982804434956,0.750396631566193,23.641241884389174,0.0,False,1.437009563902393
constant-control,728,20,0.001,1.45295549929142,1.45295549929142,0.0,1.1164321023215962e-08,0.07320433023404699,0.12531810998916626,0.0,7.618499900082059,0.750396631566193,23.64533177155646,0.0,False,1.4399918124545366
constant-control,729,20,0.001,1.216269314289093,1.216269314289093,0.0,1.1205814942627512e-08,0.07334024257989422,0.12547677755355835,0.0,7.763270641730864,0.750396631566193,23.649191685172955,0.0,False,1.392655360745266
constant-control,730,20,0.001,1.4206397980451584,1.4206397980451584,0.0,1.1270650190908782e-08,0.07355210444781843,0.1256878525018692,0.0,8.533288878297224,0.750396631566193,23.653076651916095,0.0,False,1.4112886146176606
constant-control,731,20,0.001,1.7251597940921783,1.7251597940921783,0.0,1.1335280269975101e-08,0.0737626899198614,0.12585219740867615,0.0,13.523890806228811,0.750396631566193,23.65706002328525,0.0,False,1.407712787622586
constant-control,732,20,0.001,1.2976056039333344,1.2976056039333344,0.0,1.1350143935828783e-08,0.07381103688067991,0.12580431997776031,0.0,17.245805425604004,0.750396631566193,23.661159851107996,0.0,False,1.3928029912058264
constant-control,733,20,0.001,1.0604394674301147,1.0604394674301147,0.0,1.1468054061936073e-08,0.07419343368830113,0.1264793425798416,0.0,8.722082481337619,0.750396631566193,23.665399602243525,0.0,False,1.3670294398907572
constant-control,734,20,0.001,1.9267268925905228,1.9267268925905228,0.0,1.1592502069390775e-08,0.07459491069829353,0.12718552350997925,0.0,12.432002066795249,0.750396631566193,23.67020819693516,0.0,False,1.4116231978405267
constant-control,735,20,0.001,1.5355686992406845,1.5355686992406845,0.0,1.1656144494054388e-08,0.07479939553193944,0.12764185667037964,0.0,11.63943759649033,0.750396631566193,23.675282847591532,0.0,False,1.440022429684177
constant-control,736,20,0.001,2.2830304503440857,2.2830304503440857,0.0,1.1676966948925838e-08,0.07486617446459738,0.12776996195316315,0.0,11.791669743863688,0.750396631566193,23.68057815672372,0.0,False,1.480446163797751
constant-control,737,20,0.001,1.3297685831785202,1.3297685831785202,0.0,1.1640256758482792e-08,0.07474839887355533,0.12751534581184387,0.0,6.755087858868013,0.750396631566193,23.686013067565945,0.0,False,1.4581029166001827
constant-control,738,20,0.001,1.4494920521974564,1.4494920521974564,0.0,1.1575550296072379e-08,0.07454034950446094,0.12705670297145844,0.0,13.33433804442771,0.750396631566193,23.691445276584137,0.0,False,1.4461609220597893
constant-control,739,20,0.001,1.4576473534107208,1.4576473534107208,0.0,1.1421834145153298e-08,0.07404377291066008,0.1260177046060562,0.0,5.6443912678442665,0.750396631566193,23.696609087100132,0.0,False,1.4163526559714228
constant-control,740,20,0.001,0.9878806322813034,0.9878806322813034,0.0,1.1297454527436912e-08,0.07363951650077613,0.12520146369934082,0.0,6.036691208838454,0.750396631566193,23.70155632765618,0.0,False,1.3932805184740573
constant-control,741,20,0.001,1.0632320940494537,1.0632320940494537,0.0,1.1151346512860982e-08,0.073161779816279,0.12424973398447037,0.0,32.93091297178415,0.750396631566193,23.706181341662486,0.0,False,1.393736682832241
constant-control,742,20,0.001,0.9388661682605743,0.9388661682605743,0.0,1.1241549024987307e-08,0.0734570893441471,0.12497726082801819,0.0,5.655487691061949,0.750396631566193,23.710676388741685,0.0,False,1.3841379480436444
constant-control,743,20,0.001,1.6211801171302795,1.6211801171302795,0.0,1.1346052097849224e-08,0.07379773303496201,0.12577182054519653,0.0,12.737458802955423,0.750396631566193,23.71510022255562,0.0,False,1.4229039074853063
constant-control,744,20,0.001,1.314449667930603,1.314449667930603,0.0,1.1504991626054561e-08,0.07431282542952611,0.12680885195732117,0.0,6.525640986395282,0.750396631566193,23.719475442327944,0.0,False,1.4142472930252552
constant-control,745,20,0.001,1.236518234014511,1.236518234014511,0.0,1.1619149198338619e-08,0.07468059809575514,0.12753614783287048,0.0,11.127699111130873,0.750396631566193,23.723861661108565,0.0,False,1.4155128505080938
constant-control,746,20,0.001,1.947360947728157,1.947360947728157,0.0,1.1680149292203623e-08,0.07487637313813739,0.12785762548446655,0.0,18.397709343999686,0.750396631566193,23.72789812591972,0.0,False,1.4484329223632812
constant-control,747,20,0.001,1.4860109686851501,1.4860109686851501,0.0,1.1869378369055994e-08,0.07548047290520131,0.1289718747138977,0.0,10.255384861887132,0.750396631566193,23.731682556737525,0.0,False,1.433486120775342
constant-control,748,20,0.001,0.9974740445613861,0.9974740445613861,0.0,1.2094789170191689e-08,0.07619382387278903,0.13037650287151337,0.0,4.344122879945082,0.750396631566193,23.73535517672524,0.0,False,1.4147278983145952
constant-control,749,20,0.001,1.0874773412942886,1.0874773412942886,0.0,1.2301657470459304e-08,0.07684266906148687,0.13164129853248596,0.0,13.01775445720515,0.750396631566193,23.738785118078027,0.0,False,1.416417765431106
constant-control,750,20,0.001,1.530782788991928,1.530782788991928,0.0,1.2596622411820135e-08,0.077758460936093,0.13337606191635132,0.0,10.02767902224994,0.750396631566193,23.742151167445275,0.0,False,1.391671258956194
constant-control,751,20,0.001,2.1004611551761627,2.1004611551761627,0.0,1.2799460158419151e-08,0.07838201406398197,0.13457149267196655,0.0,14.701633497360852,0.750396631566193,23.745682678657154,0.0,False,1.4269770374521613
constant-control,752,20,0.001,1.9596346616744995,1.9596346616744995,0.0,1.2943265126352799e-08,0.07882110410007105,0.13520431518554688,0.0,14.304430680358225,0.750396631566193,23.74991580797107,0.0,False,1.4067648006603122
constant-control,753,20,0.001,1.8242249935865402,1.8242249935865402,0.0,1.2961022477497863e-08,0.0788751559715182,0.13518878817558289,0.0,9.515662849979789,0.750396631566193,23.75402013962422,0.0,False,1.4376683263108134
constant-control,754,20,0.001,1.82984459400177,1.82984459400177,0.0,1.300960672523388e-08,0.07902285183205172,0.13547247648239136,0.0,8.390902595704995,0.750396631566193,23.75818114710782,0.0,False,1.461440360173583
constant-control,755,20,0.001,1.8201554119586945,1.8201554119586945,0.0,1.303951968623096e-08,0.07911364519893127,0.13555248081684113,0.0,14.069791515875263,0.750396631566193,23.76252343749643,0.0,False,1.4840971138328314
constant-control,756,20,0.001,1.3974778056144714,1.3974778056144714,0.0,1.2947120708872717e-08,0.07883285163495626,0.13492943346500397,0.0,6.3772687024424135,0.750396631566193,23.766780261425108,0.0,False,1.5096969371661544
constant-control,757,21,0.001,0.8817961513996124,0.8817961513996124,0.0,1.2828704321066198e-08,0.07847150933025339,0.13417701423168182,0.0,11.098797914734888,0.750396631566193,23.770740398120303,0.0,False,1.4983571907505393
constant-control,758,21,0.001,0.9036683738231659,0.9036683738231659,0.0,1.2804331817051207e-08,0.07839692960736407,0.1340581327676773,0.0,6.033733890158107,0.750396631566193,23.77463497081106,0.0,False,1.4961573285982013
constant-control,759,21,0.001,1.59293594956398,1.59293594956398,0.0,1.280609662757115e-08,0.07840233561417868,0.13413958251476288,0.0,8.270138924812779,0.750396631566193,23.778544510850946,0.0,False,1.4943920681253076
constant-control,760,21,0.001,1.3287431448698044,1.3287431448698044,0.0,1.2774179936059227e-08,0.07830457182513105,0.13408859074115753,0.0,7.251843650941013,0.750396631566193,23.78239165640289,0.0,False,1.4952854104340076
constant-control,761,21,0.001,1.5877463668584824,1.5877463668584824,0.0,1.2697793927429757e-08,0.0780701041455315,0.13375116884708405,0.0,8.987341851206734,0.750396631566193,23.78622653496226,0.0,False,1.5172371687367558
constant-control,762,21,0.001,1.336333304643631,1.336333304643631,0.0,1.2601261367706229e-08,0.07777278054592858,0.1334092915058136,0.0,13.568200751094553,0.750396631566193,23.78984975122105,0.0,False,1.479047941043973
constant-control,763,21,0.001,1.9864886105060577,1.9864886105060577,0.0,1.2439480556736271e-08,0.0772719241036256,0.13254733383655548,0.0,15.416302651948003,0.750396631566193,23.793715461124055,0.0,False,1.5103277936577797
constant-control,764,21,0.001,1.5284357815980911,1.5284357815980911,0.0,1.2259381065859998e-08,0.07671051211137768,0.13179951906204224,0.0,21.274723033406058,0.750396631566193,23.797578163714352,0.0,False,1.5435129022225738
constant-control,765,21,0.001,0.9634079486131668,0.9634079486131668,0.0,1.2242458602429451e-08,0.07665755061393673,0.13212566077709198,0.0,8.9450665871806,0.750396631566193,23.80152854224714,0.0,False,1.5357585651800036
constant-control,766,21,0.001,0.8245931789278984,0.8245931826531887,0.0,1.2298710494462739e-08,0.07683346767138938,0.1328163743019104,0.0,5.421200544343481,0.750396631566193,23.805472102157545,0.0,False,1.4916217145510018
constant-control,767,21,0.001,0.9094575941562653,0.9094575941562653,0.0,1.2335745758207395e-08,0.07694906255754098,0.1333240419626236,0.0,4.767931553556424,0.750396631566193,23.809685230925982,0.0,False,1.4171839919872582
constant-control,768,21,0.001,1.5799161344766617,1.5799161344766617,0.0,1.2372194824195049e-08,0.077062660932638,0.13383902609348297,0.0,9.49450996748794,0.750396631566193,23.813652748833906,0.0,False,1.3934515840373933
constant-control,769,21,0.001,1.4443272650241852,1.4443272650241852,0.0,1.2457713971514295e-08,0.07732853450386845,0.13462771475315094,0.0,7.146625350388514,0.750396631566193,23.817441524202458,0.0,False,1.3697079760022461
constant-control,770,21,0.001,0.7359237596392632,0.7359237596392632,0.0,1.2539588922777511e-08,0.07758223024371617,0.1354551613330841,0.0,3.345136807371054,0.750396631566193,23.82140261931011,0.0,False,1.3013379238545895
constant-control,771,21,0.001,1.2903269231319427,1.2903269231319427,0.0,1.2607247690255008e-08,0.07779125188499858,0.1361437886953354,0.0,5.144796143618131,0.750396631566193,23.825298694509687,0.0,False,1.2682236433029175
constant-control,772,21,0.001,1.7958431988954544,1.7958431988954544,0.0,1.2647203284643638e-08,0.07791442554861333,0.1366976797580719,0.0,10.08530879216183,0.750396631566193,23.82873067580641,0.0,False,1.293121480382979
constant-control,773,21,0.001,0.9279463291168213,0.9279463291168213,0.0,1.2670576587936466e-08,0.077986383178198,0.1370583325624466,0.0,11.10282479084209,0.750396631566193,23.832104153429313,0.0,False,1.2960058664903045
constant-control,774,21,0.001,1.1372399628162384,1.1372399628162384,0.0,1.2642412450247775e-08,0.07789966707839402,0.13703688979148865,0.0,6.207359479017874,0.750396631566193,23.835320789623893,0.0,False,1.3106040908023715
constant-control,775,21,0.001,1.5456950515508652,1.5456950515508652,0.0,1.2578439623212034e-08,0.07770232417233691,0.1368311643600464,0.0,8.867894901457674,0.750396631566193,23.83867675864074,0.0,False,1.3076515346765518
constant-control,776,21,0.001,1.3543876111507416,1.3543876111507416,0.0,1.2584680852967267e-08,0.0777215958469496,0.13702285289764404,0.0,7.300184256829901,0.750396631566193,23.842061271441985,0.0,False,1.3092543138191104
constant-control,777,21,0.001,1.4728842973709106,1.4728842973709106,0.0,1.2571240937120365e-08,0.07768008319314472,0.13706712424755096,0.0,11.20809307171438,0.750396631566193,23.845567544534596,0.0,False,1.3020754344761372
constant-control,778,21,0.001,1.0858017951250076,1.0858017951250076,0.0,1.2609647548345038e-08,0.07779865533837253,0.13724689185619354,0.0,6.8390931819370175,0.750396631566193,23.84895739496428,0.0,False,1.2864172151312232
constant-control,779,21,0.001,1.657959520816803,1.657959520816803,0.0,1.2663837090087782e-08,0.07796564824129898,0.13757316768169403,0.0,9.854739542671842,0.750396631566193,23.85241996812418,0.0,False,1.2658841470256448
constant-control,780,21,0.001,1.2572081983089447,1.2572081983089447,0.0,1.2713448072076972e-08,0.07811820995548645,0.13798780739307404,0.0,8.270499134868283,0.750396631566193,23.855943583970216,0.0,False,1.2489324230700731
constant-control,781,21,0.001,1.5701821893453598,1.5701821893453598,0.0,1.2736387056122567e-08,0.07818865524837085,0.13827474415302277,0.0,16.76320673670285,0.7503963949125139,23.859668497916463,0.0,False,1.2868558131158352
constant-control,782,21,0.001,1.893288642168045,1.893288642168045,0.0,1.2606816035543034e-08,0.0777899198389735,0.1377367526292801,0.0,8.436178775617355,0.750396631566193,23.86338518799196,0.0,False,1.3536492795683444
constant-control,783,21,0.001,1.5902083814144135,1.5902083814144135,0.0,1.2510490421391296e-08,0.07749216362230762,0.13744835555553436,0.0,8.419523913617985,0.750396631566193,23.867363397382064,0.0,False,1.3961962037719786
constant-control,784,21,0.001,1.4805296510457993,1.4805296510457993,0.0,1.24509469401346e-08,0.07730753359390338,0.13729283213615417,0.0,8.23707195968841,0.750396631566193,23.87139506227749,0.0,False,1.3899845485575497
constant-control,785,21,0.001,1.6274687349796295,1.6274687349796295,0.0,1.245091496571149e-08,0.07730743222747141,0.13739709556102753,0.0,11.014243861150462,0.750396631566193,23.875542524622986,0.0,False,1.401430890429765
constant-control,786,21,0.001,0.8739463537931442,0.8739463537931442,0.0,1.239191771418291e-08,0.07712406005250856,0.13720732927322388,0.0,4.545275788936638,0.750396631566193,23.879508794312404,0.0,False,1.4100573025643826
constant-control,787,21,0.001,1.2186760008335114,1.2186760008335114,0.0,1.23213954594803e-08,0.0769042910495318,0.1369394212961197,0.0,8.251755212552562,0.750396631566193,23.883346102826128,0.0,False,1.4055791199207306
constant-control,788,21,0.001,1.3945484161376953,1.3945484161376953,0.0,1.2210803035372919e-08,0.07655837561179116,0.13645188510417938,0.0,9.882306493958248,0.750396631566193,23.887096368166073,0.0,False,1.3804981959983706
constant-control,789,21,0.001,1.317207157611847,1.317207157611847,0.0,1.2143641647810455e-08,0.07634754647606241,0.13629192113876343,0.0,6.417200373845359,0.750396631566193,23.89066532757302,0.0,False,1.4048269977793097
constant-control,790,21,0.001,3.1753789484500885,3.1753789484500885,0.0,1.2093513745981e-08,0.07618980766533474,0.1362270563840866,0.0,20.42534222012635,0.750396631566193,23.89423837024826,0.0,False,1.5322106843814254
constant-control,791,21,0.001,0.7627298422157764,0.7627298459410667,0.0,1.189898046760618e-08,0.07557453588032645,0.13523894548416138,0.0,3.9363708037411986,0.750396631566193,23.89775532588052,0.0,False,1.4832753587979823
constant-control,792,21,0.001,0.8995788991451263,0.8995788991451263,0.0,1.174324815167438e-08,0.07507835144343183,0.13442780077457428,0.0,5.291251125347345,0.750396631566193,23.90106592420488,0.0,False,1.4548498142976314
constant-control,793,22,0.001,1.4780641794204712,1.4780641794204712,0.0,1.1616839046268979e-08,0.07467317575400934,0.13381342589855194,0.0,8.804359728415518,0.750396631566193,23.904320926274263,0.0,False,1.455173556925729
constant-control,794,22,0.001,1.0197471231222153,1.0197471231222153,0.0,1.1479001749137296e-08,0.0742288413546032,0.13311611115932465,0.0,10.36378767262227,0.750396631566193,23.907628655848953,0.0,False,1.4510451399255544
constant-control,795,22,0.001,0.5799609869718552,0.5799609869718552,0.0,1.1307786706993284e-08,0.07367318534771093,0.13211742043495178,0.0,5.463198861831963,0.750396631566193,23.910816245859134,0.0,False,1.3836702315602452
constant-control,796,22,0.001,1.5253519117832184,1.5253519117832184,0.0,1.1180157244439215e-08,0.07325623139640658,0.1313374936580658,0.0,4.645448055114451,0.750396631566193,23.91381110831376,0.0,False,1.4004292136523873
constant-control,797,22,0.001,1.3851723819971085,1.3851723819971085,0.0,1.1065536931198494e-08,0.07287974851023554,0.13063372671604156,0.0,17.423611426808908,0.750396631566193,23.916789361220584,0.0,False,1.3888661006931216
constant-control,798,22,0.001,1.2127375304698944,1.2127375304698944,0.0,1.0825594642938086e-08,0.07208526570813609,0.12923544645309448,0.0,9.715835646948687,0.750396631566193,23.91972077693429,0.0,False,1.3463316562119871
constant-control,799,22,0.001,1.468708872795105,1.468708872795105,0.0,1.0583921294937682e-08,0.07127609963099557,0.12776271998882294,0.0,11.396186304226092,0.750396631566193,23.922729195918926,0.0,False,1.3387379369232804
constant-control,800,22,0.001,2.1909168660640717,2.1909168660640717,0.0,1.0439307196463687e-08,0.07078748204907355,0.12678880989551544,0.0,17.159517739414017,0.7503961582588348,23.92556922947211,0.0,False,1.3831371378619224
constant-control,801,22,0.001,1.1071191281080246,1.1071191281080246,0.0,1.040926900230943e-08,0.0706855683666424,0.12652745842933655,0.0,4.807374658730703,0.750396631566193,23.92837319119279,0.0,False,1.350615287432447
constant-control,802,22,0.001,1.1802140772342682,1.1802140772342682,0.0,1.0358752966510565e-08,0.07051383688680718,0.1261337250471115,0.0,10.615362110543465,0.7503963949125139,23.930944262631495,0.0,False,1.3697570201475173
constant-control,803,22,0.001,1.4329021275043488,1.4329021275043488,0.0,1.0388636617619795e-08,0.07061547648862461,0.12624765932559967,0.0,11.527953699633379,0.750396631566193,23.933288988601042,0.0,False,1.3831461530644447
constant-control,804,22,0.001,1.3681477755308151,1.3681477755308151,0.0,1.0460468047313043e-08,0.07085918655367308,0.1267126500606537,0.0,5.841670204630321,0.750396631566193,23.93563004671796,0.0,False,1.3814961130265146
constant-control,805,22,0.001,1.3676580786705017,1.3676580786705017,0.0,1.0499316971390726e-08,0.07099064987784126,0.12695176899433136,0.0,9.330857998621568,0.750396631566193,23.93795933273593,0.0,False,1.3846492955926806
constant-control,806,22,0.001,1.254526600241661,1.254526600241661,0.0,1.0497654301389048e-08,0.07098502478447068,0.12691901624202728,0.0,6.341657587012,0.750396631566193,23.940250813354474,0.0,False,1.2645960238296539
constant-control,807,22,0.001,0.9331762567162514,0.9331762567162514,0.0,1.0467003264125196e-08,0.07088132068749062,0.1266947239637375,0.0,10.544689865052181,0.750396631566193,23.94254198668026,0.0,False,1.2752489247359335
constant-control,808,22,0.001,1.6442642211914062,1.6442642211914062,0.0,1.0387029902858558e-08,0.07061001750786282,0.12610436975955963,0.0,12.497629432282668,0.750396631566193,23.944850593992932,0.0,False,1.321791757363826
constant-control,809,22,0.001,1.1024770438671112,1.1024770438671112,0.0,1.0334196609562696e-08,0.07043021207661698,0.1256789118051529,0.0,5.7052198137137005,0.750396631566193,23.947259196806197,0.0,False,1.298317561391741
constant-control,810,22,0.001,0.9366767853498459,0.9366767853498459,0.0,1.0294006536071265e-08,0.07029312305733405,0.1253831684589386,0.0,8.250965453367108,0.750396631566193,23.94970834085809,0.0,False,1.293125665280968
constant-control,811,22,0.001,1.1010733991861343,1.1010733991861343,0.0,1.0206155920400306e-08,0.06999253350221286,0.12478969246149063,0.0,18.185896837723224,0.750396631566193,23.952230296866922,0.0,False,1.3256951910443604
constant-control,812,22,0.001,1.4299672991037369,1.4299672991037369,0.0,1.0027019214930988e-08,0.06937556732554727,0.12352347373962402,0.0,11.994408738091149,0.750396631566193,23.954841740705902,0.0,False,1.3197336527518928
constant-control,813,22,0.001,1.3752909302711487,1.3752909302711487,0.0,9.792944233311118e-09,0.06856102114296315,0.12192685902118683,0.0,8.483571523644217,0.750396631566193,23.957685321664588,0.0,False,1.3191160620190203
constant-control,814,22,0.001,1.9072837233543396,1.9072837233543396,0.0,9.605976458715304e-09,0.06790337767965138,0.12067236751317978,0.0,10.371034056112688,0.750396631566193,23.96107110704031,0.0,False,1.3625251990742981
constant-control,815,22,0.001,1.7419385761022568,1.7419385761022568,0.0,9.420542568250312e-09,0.06724478189769925,0.11931686848402023,0.0,7.9492744826222435,0.750396631566193,23.96490074897084,0.0,False,1.3796020555309951
constant-control,816,22,0.001,1.7010539323091507,1.7010539323091507,0.0,9.230916475644335e-09,0.06656455625214903,0.1179477721452713,0.0,12.247174183218387,0.750396631566193,23.968891764812653,0.0,False,1.3489856221713126
constant-control,817,22,0.001,1.3051368296146393,1.3051368296146393,0.0,9.052016025634657e-09,0.06591636767400173,0.11664082854986191,0.0,5.9549850364392185,0.750396631566193,23.97309392842898,0.0,False,1.361361728515476
constant-control,818,22,0.001,1.2140733450651169,1.2140733450651169,0.0,8.916492433286294e-09,0.0654210661110758,0.11557415127754211,0.0,5.1067217708481865,0.750396631566193,23.97712851920403,0.0,False,1.363477932754904
constant-control,819,22,0.001,1.1434140503406525,1.1434140503406525,0.0,8.779409199632937e-09,0.06491622493024167,0.11449673771858215,0.0,7.116813942617083,0.750396631566193,23.98109337534248,0.0,False,1.345384927932173
constant-control,820,22,0.001,1.2346006780862808,1.2346006780862808,0.0,8.633513459699316e-09,0.06437458121907595,0.11339356005191803,0.0,9.781219309775889,0.750396631566193,23.9851522475213,0.0,False,1.3370382343418896
constant-control,821,22,0.001,1.2981173694133759,1.2981173694133759,0.0,8.474049018047936e-09,0.0637772932689553,0.11212094128131866,0.0,7.28217930759721,0.750396631566193,23.9889962133863,0.0,False,1.3326919400133193
constant-control,822,22,0.001,1.524017609655857,1.524017609655857,0.0,8.302585285946407e-09,0.0631287653452476,0.11082174628973007,0.0,9.659079242527293,0.750396631566193,23.992699885076842,0.0,False,1.3495351281017065
constant-control,823,22,0.001,1.3076167106628418,1.3076167106628418,0.0,8.09956990366345e-09,0.062352170977928605,0.10932307690382004,0.0,12.57810034285849,0.750396631566193,23.996606229898667,0.0,False,1.3729376564733684
constant-control,824,22,0.001,0.9972548857331276,0.9972548857331276,0.0,7.855893713326623e-09,0.0614070729634404,0.1075274795293808,0.0,6.924344600681133,0.750396631566193,24.000521461661954,0.0,False,1.332499573007226
constant-control,825,22,0.001,1.3903825879096985,1.3903825879096985,0.0,7.611274277508073e-09,0.06044346043720492,0.10566196590662003,0.0,6.089604434019907,0.750396631566193,24.00439412251811,0.0,False,1.3504936695098877
constant-control,826,22,0.001,1.3218221813440323,1.3218221813440323,0.0,7.401835144804636e-09,0.05960604773932336,0.1040755957365036,0.0,6.800538699497814,0.750396631566193,24.008025595097955,0.0,False,1.3745652567595243
constant-control,827,22,0.001,1.567073866724968,1.567073866724968,0.0,7.203276641831735e-09,0.05880112684549648,0.10253895074129105,0.0,17.94477785271696,0.750396631566193,24.011791376088365,0.0,False,1.4036902859807014
constant-control,828,22,0.001,1.8068275451660156,1.8068275451660156,0.0,6.969946841905994e-09,0.057840940012813834,0.10051091015338898,0.0,18.140943862758064,0.750396631566193,24.015175375150825,0.0,False,1.4272440513595939
constant-control,829,23,0.001,1.0285236239433289,1.0285236239433289,0.0,6.862701962262463e-09,0.057394222511905214,0.09934156388044357,0.0,12.236845141535762,0.750396631566193,24.01868570934937,0.0,False,1.4055710947141051
constant-control,830,23,0.001,1.9641417488455772,1.9641417488455772,0.0,6.821872844398058e-09,0.05722324070061984,0.09857355058193207,0.0,13.328933870830602,0.750396631566193,24.02200290687029,0.0,False,1.4091247213073075
constant-control,831,23,0.001,1.230881243944168,1.230881243944168,0.0,6.748631875552746e-09,0.05691522692363696,0.09766001999378204,0.0,14.50793014215812,0.750396631566193,24.02535305678122,0.0,False,1.377183638047427
constant-control,832,23,0.001,1.3918060660362244,1.3918060660362244,0.0,6.741931457554529e-09,0.056886965333252625,0.09738191217184067,0.0,13.843946951840202,0.750396631566193,24.028687914500487,0.0,False,1.357855646405369
constant-control,833,23,0.001,1.125668004155159,1.125668004155159,0.0,6.801693874791681e-09,0.05713854083886241,0.09755979478359222,0.0,14.740158786281933,0.750396631566193,24.031695051066233,0.0,False,1.3466388448141515
constant-control,834,23,0.001,1.491263061761856,1.491263061761856,0.0,6.92102908317338e-09,0.05763760686696099,0.098298579454422,0.0,11.34589242662755,0.750396631566193,24.034887181789106,0.0,False,1.3639632021076977
constant-control,835,23,0.001,1.2757324203848839,1.2757324203848839,0.0,6.985559242167483e-09,0.05790568802147799,0.09853743761777878,0.0,10.800246628406496,0.7503963949125139,24.03817437626373,0.0,False,1.3722331002354622
constant-control,836,23,0.001,1.0031352639198303,1.0031352639198303,0.0,6.996309753759533e-09,0.057950224676007175,0.09830517321825027,0.0,8.822500530636143,0.750396631566193,24.04136326594137,0.0,False,1.357766511850059
constant-control,837,23,0.001,1.0178768523037434,1.0178768523037434,0.0,6.999648416439186e-09,0.057964052852817166,0.09799011051654816,0.0,8.317735749471874,0.750396631566193,24.044426820684418,0.0,False,1.340251479530707
constant-control,838,23,0.001,2.062661439180374,2.062661439180374,0.0,7.0329759793708035e-09,0.05810188074606062,0.09796291589736938,0.0,37.762575470517355,0.750396631566193,24.047114048215843,0.0,False,1.3739167188759893
constant-control,839,23,0.001,1.292370617389679,1.292370617389679,0.0,7.174289162747982e-09,0.058682694912492776,0.0992644801735878,0.0,27.851267261542482,0.750396631566193,24.05015046898919,0.0,False,1.3729638380464166
constant-control,840,23,0.001,0.9617392718791962,0.9617392718791962,0.0,7.388992973034192e-09,0.0595543160049126,0.1013510674238205,0.0,20.232587008809276,0.750396631566193,24.053425578089158,0.0,False,1.370744112180546
constant-control,841,23,0.001,1.1309736222028732,1.1309736222028732,0.0,7.483492048265816e-09,0.05993393204064165,0.10233421623706818,0.0,10.157667503350208,0.750396631566193,24.056670170671968,0.0,False,1.3545310518238693
constant-control,842,23,0.001,1.2453202456235886,1.2453202456235886,0.0,7.615098773783302e-09,0.06045864005876638,0.10364294052124023,0.0,6.480069138426535,0.7503963949125139,24.06010460990955,0.0,False,1.3497496808413416
constant-control,843,23,0.001,0.8525344058871269,0.8525344096124172,0.0,7.761258302707574e-09,0.061036085121452144,0.10505175590515137,0.0,10.446601828161054,0.750396631566193,24.063634577468317,0.0,False,1.3050909645389766
constant-control,844,23,0.001,1.0357505679130554,1.0357505679130554,0.0,7.849821237471133e-09,0.06138333932443468,0.10590635240077972,0.0,7.419087114410597,0.750396631566193,24.06703028137598,0.0,False,1.2568986534606665
constant-control,845,23,0.001,1.9098937213420868,1.9098937213420868,0.0,7.951032721109641e-09,0.06177779550582177,0.10680967569351196,0.0,25.186592630685738,0.750396631566193,24.070326333604505,0.0,False,1.311984284548089
constant-control,846,23,0.001,1.72822767496109,1.72822767496109,0.0,8.154831476758773e-09,0.06256451671578357,0.10865894705057144,0.0,52.4824747753853,0.750396631566193,24.073327091997893,0.0,False,1.2972396549303085
constant-control,847,23,0.001,1.3344119042158127,1.3344119042158127,0.0,8.623635139315411e-09,0.06433773819700642,0.11263296008110046,0.0,7.5676544302574085,0.750396631566193,24.076461117455057,0.0,False,1.3037103211972862
constant-control,848,23,0.001,1.5744652897119522,1.5744652897119522,0.0,9.051995597531004e-09,0.06591629417733748,0.11607728898525238,0.0,16.485640206931336,0.750396631566193,24.079808036287723,0.0,False,1.3151265226770192
constant-control,849,23,0.001,1.865018755197525,1.865018755197525,0.0,9.343010809459429e-09,0.06696749271751468,0.11845327168703079,0.0,19.404581358965288,0.750396631566193,24.083024711105203,0.0,False,1.3613359446171671
constant-control,850,23,0.001,1.0407972261309624,1.0407972261309624,0.0,9.752787910599636e-09,0.0684203043255174,0.12148848176002502,0.0,11.282031729777446,0.750396631566193,24.086134127560175,0.0,False,1.3331818298902363
constant-control,851,23,0.001,1.0726598054170609,1.0726598054170609,0.0,1.0125360994095445e-08,0.06971494302724206,0.12425171583890915,0.0,8.700260654360239,0.750396631566193,24.089332838535526,0.0,False,1.3204897914547473
constant-control,852,23,0.001,1.9662448465824127,1.9662448465824127,0.0,1.0412283479865891e-08,0.07069580187035152,0.12635168433189392,0.0,10.599385976312439,0.750396631566193,24.09261302246348,0.0,False,1.3806841403711587
constant-control,853,23,0.001,1.6236666142940521,1.6236666142940521,0.0,1.0632740909954919e-08,0.07144029552500994,0.12800008058547974,0.0,13.223926189548866,0.750396631566193,24.096525318418845,0.0,False,1.418546000495553
constant-control,854,23,0.001,1.1197597831487656,1.1197597831487656,0.0,1.0872598821265456e-08,0.0722415898734533,0.12983450293540955,0.0,7.405299997793838,0.750396631566193,24.10019017360547,0.0,False,1.3596146469935775
constant-control,855,23,0.001,2.0123578161001205,2.0123578161001205,0.0,1.107200464645075e-08,0.07290104787902328,0.13134409487247467,0.0,14.739477958737787,0.750396631566193,24.103982460996235,0.0,False,1.40461384691298
constant-control,856,23,0.001,1.4278418868780136,1.4278418868780136,0.0,1.1328443960678669e-08,0.07374044205773932,0.13315533101558685,0.0,14.69167256098092,0.750396631566193,24.108197365492885,0.0,False,1.4337452603504062
constant-control,857,23,0.001,0.9414109289646149,0.9414109289646149,0.0,1.1446671166481792e-08,0.07412423507583032,0.13408906757831573,0.0,6.9710191243435125,0.750396631566193,24.112317768221224,0.0,False,1.421897592023015
constant-control,858,23,0.001,1.793908417224884,1.793908417224884,0.0,1.1534400989887672e-08,0.07440774521022367,0.13475559651851654,0.0,7.73993140457481,0.750396631566193,24.11660283492843,0.0,False,1.456184352748096
constant-control,859,23,0.001,0.9472785890102386,0.9472785890102386,0.0,1.1599607496748376e-08,0.07461777165488896,0.13531404733657837,0.0,5.030784892046807,0.750396631566193,24.120809455103856,0.0,False,1.4621058641932905
constant-control,860,23,0.001,1.1062084585428238,1.1062084585428238,0.0,1.165080654175199e-08,0.07478226788083535,0.13576485216617584,0.0,9.793812249517188,0.750396631566193,24.124715273593875,0.0,False,1.466509482357651
constant-control,861,23,0.001,1.1730340719223022,1.1730340719223022,0.0,1.1734941907093344e-08,0.07505179691846812,0.13647127151489258,0.0,14.239152142189248,0.750396631566193,24.128536168205667,0.0,False,1.4204557542689145
constant-control,862,23,0.001,1.626337394118309,1.626337394118309,0.0,1.1710562297650995e-08,0.07497379800690697,0.13644632697105408,0.0,10.92399400747093,0.750396631566193,24.132329828933347,0.0,False,1.4140876117162406
constant-control,863,23,0.001,1.5051655620336533,1.5051655620336533,0.0,1.169837382519745e-08,0.07493476910574938,0.1364327222108841,0.0,7.100457249245456,0.750396631566193,24.1364006702847,0.0,False,1.4247597153298557
constant-control,864,23,0.001,1.8856807053089142,1.8856807053089142,0.0,1.1701740909586533e-08,0.0749455528689531,0.13651664555072784,0.0,146.94885526477822,0.750396631566193,24.15527632394755,0.0,False,1.4442106788046658
constant-control,865,24,0.001,0.9329898357391357,0.9329898357391357,0.0,1.093549606423494e-08,0.07245024800551468,0.13241013884544373,0.0,4.822474167355747,0.7503963949125139,24.19595888432726,0.0,False,1.3859588713385165
constant-control,866,24,0.001,1.1194052398204803,1.1194052398204803,0.0,1.026227103295696e-08,0.07018468335208476,0.12859132885932922,0.0,5.84049086848613,0.750396631566193,24.25179581603947,0.0,False,1.3908718721941113
constant-control,867,24,0.001,1.1696055978536606,1.1696055978536606,0.0,9.699617997682708e-09,0.06823354342600041,0.12522432208061218,0.0,10.78002719398447,0.750396631566193,24.317391173621985,0.0,False,1.3969309842213988
constant-control,868,24,0.001,0.9130731374025345,0.9130731374025345,0.0,9.164522474236492e-09,0.06632474037468622,0.12184503674507141,0.0,6.012127629412322,0.750396631566193,24.389039702885555,0.0,False,1.3311077523976564
constant-control,869,24,0.001,1.3667990118265152,1.3667990118265152,0.0,8.67926086556281e-09,0.06454491188313571,0.11862999945878983,0.0,16.994699674848466,0.750396631566193,24.46322062278066,0.0,False,1.3150535272434354
constant-control,870,24,0.001,1.000412106513977,1.000412106513977,0.0,8.33737878735974e-09,0.0632608996711346,0.11623085290193558,0.0,8.83140595647324,0.750396631566193,24.538282604496104,0.0,False,1.307594297453761
constant-control,871,24,0.001,1.7245434820652008,1.7245434820652008,0.0,7.996372453078493e-09,0.061953681083380285,0.11377283930778503,0.0,39.65930671007345,0.750396631566193,24.612746974470138,0.0,False,1.2896059015765786
constant-control,872,24,0.001,0.8708548545837402,0.8708548545837402,0.0,7.860220918587402e-09,0.06142398370656929,0.11260553449392319,0.0,10.117736699612859,0.750396631566193,24.68563422404678,0.0,False,1.2547942120581865
constant-control,873,24,0.001,1.6503792107105255,1.6503792107105255,0.0,7.694881176689705e-09,0.060774524128512475,0.11117369681596756,0.0,22.336963406612,0.750396631566193,24.7566241545086,0.0,False,1.299104729667306
constant-control,874,24,0.001,0.964471410959959,0.964471410959959,0.0,7.444683092217019e-09,0.05977832215677144,0.10903410613536835,0.0,11.245494340491533,0.750396631566193,24.82457667565609,0.0,False,1.2472649167757481
constant-control,875,24,0.001,0.8784443214535713,0.8784443214535713,0.0,7.179787431255136e-09,0.05870517732207241,0.1068168506026268,0.0,5.245576351985749,0.750396631566193,24.88887683168415,0.0,False,1.2429627750534564
constant-control,876,24,0.001,2.224737733602524,2.224737733602524,0.0,6.961540233163532e-09,0.05780604946436422,0.10493302345275879,0.0,19.57208179778797,0.750396631566193,24.94947040297913,0.0,False,1.3128708547446877
constant-control,877,24,0.001,1.2389503568410873,1.2389503568410873,0.0,6.8527103991300464e-09,0.057352427299381135,0.10394886881113052,0.0,12.514136429124687,0.750396631566193,25.00637051878075,0.0,False,1.3169906225521117
constant-control,878,24,0.001,1.689019113779068,1.689019113779068,0.0,6.80341472047985e-09,0.05714576659311788,0.10344332456588745,0.0,13.979340452768426,0.750396631566193,25.05969081424021,0.0,False,1.3209082300309092
constant-control,879,24,0.001,1.9667123556137085,1.9667123556137085,0.0,6.762137960691916e-09,0.05697215207202163,0.10296975821256638,0.0,18.331509077995367,0.750396631566193,25.109560354170334,0.0,False,1.3497549046296626
constant-control,880,24,0.001,1.9031639695167542,1.9031639695167542,0.0,6.690266118880572e-09,0.0566685785538036,0.102154940366745,0.0,25.64898695672372,0.750396631566193,25.1561350604889,0.0,False,1.3508476086426526
constant-control,881,24,0.001,1.4219300746917725,1.4219300746917725,0.0,6.760343840284122e-09,0.05696459452034634,0.1026078313589096,0.0,16.15549058879436,0.750396631566193,25.198814924600082,0.0,False,1.3814063735771924
constant-control,882,24,0.001,0.8876619338989258,0.8876619338989258,0.0,6.855670697802907e-09,0.05736481513876525,0.1031050980091095,0.0,16.35524261265077,0.750396631566193,25.238398708895595,0.0,False,1.3669224169570953
constant-control,883,24,0.001,1.2850814014673233,1.2850814014673233,0.0,6.9992673878971345e-09,0.057962472182659375,0.10410486161708832,0.0,7.539673051593098,0.750396631566193,25.27536205167906,0.0,False,1.3741396546829492
constant-control,884,24,0.001,2.881722331047058,2.881722331047058,0.0,7.124224765675535e-09,0.0584775842681773,0.10490135103464127,0.0,35.38467126403025,0.750396631566193,25.30993702807353,0.0,False,1.497180229285732
constant-control,885,24,0.001,0.5850087031722069,0.5850087031722069,0.0,7.073151842007519e-09,0.05826759721982172,0.1040775403380394,0.0,16.63507298832852,0.750396631566193,25.34197340990889,0.0,False,1.4483183349948376
constant-control,886,24,0.001,2.37371289730072,2.37371289730072,0.0,7.1293158043772564e-09,0.058498475222529385,0.10413475334644318,0.0,33.62766434906046,0.750396631566193,25.371471008863487,0.0,False,1.534149634419009
constant-control,887,24,0.001,1.2522559762001038,1.2522559762001038,0.0,7.3273112022320674e-09,0.05930522018532124,0.10511088371276855,0.0,21.620726831292487,0.750396631566193,25.399468659809227,0.0,False,1.5046316653024405
constant-control,888,24,0.001,1.0775230377912521,1.0775230377912521,0.0,7.401915969040829e-09,0.05960637279780189,0.10503486543893814,0.0,10.169602935073156,0.750396631566193,25.425925290502928,0.0,False,1.51754842675291
constant-control,889,24,0.001,1.4130187183618546,1.4130187183618546,0.0,7.52704742978949e-09,0.060108094375073085,0.10542817413806915,0.0,8.486795890033514,0.750396631566193,25.450933332549642,0.0,False,1.502713395981118
constant-control,890,24,0.001,0.9649863913655281,0.9649863913655281,0.0,7.674982427374744e-09,0.06069589468975052,0.10601748526096344,0.0,10.924373338402498,0.750396631566193,25.474350616636922,0.0,False,1.5027455822564662
constant-control,891,24,0.001,1.700182020664215,1.700182020664215,0.0,7.869871865295863e-09,0.06146168580819375,0.10698892176151276,0.0,23.04618039654937,0.750396631566193,25.49596049552228,0.0,False,1.5541041884571314
constant-control,892,24,0.001,1.6146184206008911,1.6146184206008911,0.0,8.121031846997084e-09,0.062434726530000074,0.10858958959579468,0.0,13.711279675548429,0.750396631566193,25.516499966054415,0.0,False,1.5159717313945293
constant-control,893,24,0.001,1.8695972114801407,1.8695972114801407,0.0,8.285527819396066e-09,0.06306388299970953,0.10944454371929169,0.0,29.30856082231966,0.750396631566193,25.536036697943295,0.0,False,1.5553871598094702
constant-control,894,24,0.001,1.5922446995973587,1.5922446995973587,0.0,8.289294584074014e-09,0.06307821940435546,0.1088523268699646,0.0,93.02688687484905,0.750396631566193,25.555845014055734,0.0,False,1.5493387589231133
constant-control,895,24,0.001,1.5315832197666168,1.5315832197666168,0.0,8.673680440551834e-09,0.06452415366478918,0.11227840930223465,0.0,7.820715160914287,0.750396631566193,25.575489709472706,0.0,False,1.5221431879326701
constant-control,896,24,0.001,0.8827633708715439,0.8827633708715439,0.0,9.03631125481752e-09,0.06585916442043323,0.11534453928470612,0.0,10.44365725753295,0.750396631566193,25.594485669690417,0.0,False,1.4583681505173445
constant-control,897,24,0.001,1.6137984693050385,1.6137984693050385,0.0,9.342611129170564e-09,0.0669660600220669,0.11776266992092133,0.0,12.7942079835521,0.750396631566193,25.61257365959411,0.0,False,1.4703599251806736
constant-control,898,24,0.001,1.8071251213550568,1.8071251213550568,0.0,9.683251533942894e-09,0.06817595431509922,0.1203557476401329,0.0,13.101411239645726,0.750396631566193,25.62975334579411,0.0,False,1.5278263743966818
constant-control,899,24,0.001,1.4376724660396576,1.4376724660396576,0.0,9.961857116991268e-09,0.06914977565590048,0.12256927788257599,0.0,13.748256015532824,0.750396631566193,25.646295441947704,0.0,False,1.5373633159324527
constant-control,900,24,0.001,1.4047316908836365,1.4047316908836365,0.0,1.0161607555403407e-08,0.06983961961550254,0.12422516196966171,0.0,10.791044063951407,0.750396631566193,25.662142874992018,0.0,False,1.4450514009222388
constant-control,901,25,0.001,1.143979623913765,1.143979623913765,0.0,1.0386594695432905e-08,0.07060853664217544,0.12610110640525818,0.0,15.073240153526926,0.750396631566193,25.67729639663582,0.0,False,1.4799870834685862
constant-control,902,25,0.001,1.7442906498908997,1.7442906498908997,0.0,1.0681680429058815e-08,0.07160451497770781,0.12845000624656677,0.0,9.260387589563923,0.750396631566193,25.691523044318462,0.0,False,1.4406481930054724
constant-control,903,25,0.001,0.5614600600674748,0.5614600628614426,0.0,1.0981942466514738e-08,0.07260394300551214,0.13080964982509613,0.0,12.629761985585414,0.750396631566193,25.705064873479596,0.0,False,1.3974734482471831
constant-control,904,25,0.001,2.0322484970092773,2.0322484970092773,0.0,1.1163995061735932e-08,0.07320326285813246,0.1322912871837616,0.0,25.098536058125383,0.750396631566193,25.71802901683028,0.0,False,1.4571437894483097
constant-control,905,25,0.001,1.9366075992584229,1.9366075992584229,0.0,1.154035977890544e-08,0.07442696081061909,0.13488544523715973,0.0,14.103229889343128,0.750396631566193,25.730974147510544,0.0,False,1.4898680945043452
constant-control,906,25,0.001,1.626413881778717,1.626413881778717,0.0,1.1788973353077381e-08,0.07522437723988733,0.13669688999652863,0.0,15.882580421539556,0.750396631566193,25.743530071394904,0.0,False,1.5312073126551695
constant-control,907,25,0.001,1.7905590534210205,1.7905590534210205,0.0,1.1914958797376585e-08,0.07562526138814989,0.1377803087234497,0.0,9.852213150691078,0.750396631566193,25.755302636920696,0.0,False,1.5368558772024699
constant-control,908,25,0.001,1.5454439967870712,1.5454439967870712,0.0,1.195978427404043e-08,0.07576738451308689,0.1382976919412613,0.0,7.018940646516123,0.750396631566193,25.76665314882967,0.0,False,1.5325324757141061
constant-control,909,25,0.001,1.120420403778553,1.120420403778553,0.0,1.1982357328577109e-08,0.07583885142800302,0.1386406421661377,0.0,6.0888789982430565,0.750396631566193,25.77777685595299,0.0,False,1.4857089252327569
constant-control,910,25,0.001,2.0483605563640594,2.0483605563640594,0.0,1.2034352181444774e-08,0.07600321805233934,0.1391453593969345,0.0,10.940360058911958,0.750396631566193,25.788520148490942,0.0,False,1.5142161662806757
constant-control,911,25,0.001,1.1601946875452995,1.1601946875452995,0.0,1.2031921237110055e-08,0.07599554004698421,0.13927492499351501,0.0,9.132487781252156,0.750396631566193,25.798582001479215,0.0,False,1.4910043830168433
constant-control,912,25,0.001,1.6899645030498505,1.6899645030498505,0.0,1.1998707805105369e-08,0.07589057732152181,0.139175683259964,0.0,11.015422334574518,0.750396631566193,25.808050846452076,0.0,False,1.5414544537779875
constant-control,913,25,0.001,1.0627627521753311,1.0627627521753311,0.0,1.1956812429048114e-08,0.07575796659885235,0.1390107274055481,0.0,16.962446095871268,0.750396631566193,25.81701280500333,0.0,False,1.5070147214573808
constant-control,914,25,0.001,1.292159378528595,1.292159378528595,0.0,1.1789798470829282e-08,0.07522701338188408,0.1380477398633957,0.0,11.228990315555428,0.750396631566193,25.825918638637763,0.0,False,1.474829362530727
constant-control,915,25,0.001,0.9031833410263062,0.9031833410263062,0.0,1.1567979463222855e-08,0.07451597141764447,0.1367824822664261,0.0,6.221874643144948,0.750396631566193,25.834480360022983,0.0,False,1.4414237922173925
constant-control,916,25,0.001,1.4735119491815567,1.4735119491815567,0.0,1.142102590279137e-08,0.0740411523438349,0.1359446495771408,0.0,12.204971070921324,0.750396631566193,25.842656181735943,0.0,False,1.4457225583610125
constant-control,917,25,0.001,2.253019332885742,2.253019332885742,0.0,1.1388072707063657e-08,0.07393426048482822,0.13580486178398132,0.0,12.978965794930899,0.750396631566193,25.85018012916154,0.0,False,1.515037540171761
constant-control,918,25,0.001,1.4362587481737137,1.4362587481737137,0.0,1.1405490774052396e-08,0.07399077970604416,0.13596324622631073,0.0,6.822506890996201,0.750396631566193,25.85698438363053,0.0,False,1.495785546314437
constant-control,919,25,0.001,2.077295243740082,2.077295243740082,0.0,1.1420330459088746e-08,0.07403889873897011,0.13608254492282867,0.0,10.007624837424212,0.750396631566193,25.863861622687136,0.0,False,1.5905252452939749
constant-control,920,25,0.001,1.1717903912067413,1.1717903912067413,0.0,1.1414826417421864e-08,0.07402105326849717,0.1361396312713623,0.0,8.636904181437904,0.750396631566193,25.870580858750326,0.0,False,1.5367466136813164
constant-control,921,25,0.001,1.4183335602283478,1.4183335602283478,0.0,1.1341537486941888e-08,0.07378304868492554,0.13575680553913116,0.0,9.720574171845588,0.750396631566193,25.87698113330409,0.0,False,1.5043544862419367
constant-control,922,25,0.001,1.1386066377162933,1.1386066377162933,0.0,1.1298365798495524e-08,0.07364248513647417,0.13551227748394012,0.0,9.613578648688517,0.750396631566193,25.883005300651735,0.0,False,1.4738665334880352
constant-control,923,25,0.001,2.5125805139541626,2.5125805139541626,0.0,1.1316290127183493e-08,0.07370087547041225,0.1355760246515274,0.0,18.11992035848532,0.750396631566193,25.88877319174348,0.0,False,1.5189928747713566
constant-control,924,25,0.001,1.4541496634483337,1.4541496634483337,0.0,1.125238124899397e-08,0.07349246991945547,0.13506853580474854,0.0,8.190019191837001,0.750396631566193,25.894600803273477,0.0,False,1.5132869789376855
constant-control,925,25,0.001,0.895890936255455,0.895890936255455,0.0,1.118822812173903e-08,0.07328266882474836,0.1345767080783844,0.0,2.7567030925456426,0.7503963949125139,25.900379844614175,0.0,False,1.4992538872174919
constant-control,926,25,0.001,1.2067271173000336,1.2067271173000336,0.0,1.1137327504684436e-08,0.07311578222206716,0.13415783643722534,0.0,7.625717499572172,0.750396631566193,25.90621738188697,0.0,False,1.4466517972759902
constant-control,927,25,0.001,1.7374756038188934,1.7374756038188934,0.0,1.1142562428290148e-08,0.07313296120697872,0.13412347435951233,0.0,12.518035478926798,0.750396631566193,25.91103316783694,0.0,False,1.4827318545430899
constant-control,928,25,0.001,1.458974003791809,1.458974003791809,0.0,1.1066481064858635e-08,0.07288285605964567,0.13354386389255524,0.0,5.865907057367986,0.750396631566193,25.915601058756263,0.0,False,1.4682949483394623
constant-control,929,25,0.001,0.8292173407971859,0.8292173445224762,0.0,1.1027338153724031e-08,0.07275385011807221,0.1332208216190338,0.0,8.075204292159368,0.750396631566193,25.920062885353094,0.0,False,1.4536983601283282
constant-control,930,25,0.001,1.1701066344976425,1.1701066344976425,0.0,1.1036860314561636e-08,0.07278525114551747,0.13321971893310547,0.0,6.687746418589252,0.750396631566193,25.92485201330806,0.0,False,1.4460700636263937
constant-control,931,25,0.001,1.4083396792411804,1.4083396792411804,0.0,1.1071662697759166e-08,0.07289991809882061,0.1333608329296112,0.0,11.386285024123168,0.750396631566193,25.92998688791197,0.0,False,1.4776423347648233
constant-control,932,25,0.001,1.5309552103281021,1.5309552103281021,0.0,1.1028218338537954e-08,0.07275675275613343,0.1329563558101654,0.0,7.784860426270001,0.750396631566193,25.9348077514056,0.0,False,1.4812325385864824
constant-control,933,25,0.001,1.042939081788063,1.042939081788063,0.0,1.0988102872033778e-08,0.07262430128942764,0.13258583843708038,0.0,6.2415330292534765,0.750396631566193,25.93945336614299,0.0,False,1.4056025228928775
constant-control,934,25,0.001,1.1109621077775955,1.1109621077775955,0.0,1.093605739299619e-08,0.07245210357106834,0.13220109045505524,0.0,11.496240951542006,0.750396631566193,25.94362540553181,0.0,False,1.38527148286812
constant-control,935,25,0.001,1.3214054703712463,1.3214054703712463,0.0,1.0977569075976135e-08,0.07258948629940705,0.13237372040748596,0.0,18.758002976712184,0.750396631566193,25.948162880946356,0.0,False,1.3380283720325679
constant-control,936,25,0.001,2.2389557659626007,2.2389557659626007,0.0,1.08616857730226e-08,0.07220532769582944,0.13155420124530792,0.0,9.283913780906381,0.750396631566193,25.952705894451515,0.0,False,1.404726207954809
constant-control,937,26,0.001,0.9155930876731873,0.9155930876731873,0.0,1.0716486364970024e-08,0.07172108078979403,0.13058128952980042,0.0,11.291022895513278,0.750396631566193,25.957386995710202,0.0,False,1.3733049284201115
constant-control,938,26,0.001,1.4540069252252579,1.4540069252252579,0.0,1.051743137026051e-08,0.07105186275065536,0.12921404838562012,0.0,10.984176729492994,0.750396631566193,25.962150375913946,0.0,False,1.3930174463894218
constant-control,939,26,0.001,1.0570071265101433,1.0570071265101433,0.0,1.0299961772375354e-08,0.07031345300147987,0.12775298953056335,0.0,6.927614208809354,0.750396631566193,25.96689175697965,0.0,False,1.3020441096741706
constant-control,940,26,0.001,1.7708426117897034,1.7708426117897034,0.0,1.0082331414196233e-08,0.06956665423630495,0.12630005180835724,0.0,13.149816818195031,0.750396631566193,25.97147901124924,0.0,False,1.3218374189455062
constant-control,941,26,0.001,1.0242489725351334,1.0242489725351334,0.0,9.944897350067095e-09,0.06909088673575835,0.12545718252658844,0.0,7.508874339351041,0.750396631566193,25.975842125966825,0.0,False,1.3298597962129861
constant-control,942,26,0.001,1.4300700388848782,1.4300700426101685,0.0,9.821595980952225e-09,0.06866124085688534,0.12472180277109146,0.0,16.004566171300674,0.750396631566193,25.979984589666607,0.0,False,1.343818728812039
constant-control,943,26,0.001,2.419246092438698,2.419246092438698,0.0,9.727753713661969e-09,0.06833243728562537,0.12433787435293198,0.0,19.034784280793193,0.750396631566193,25.984292398932347,0.0,False,1.3864293843507767
constant-control,944,26,0.001,1.4896846488118172,1.4896846488118172,0.0,9.742154638558986e-09,0.0683829987745993,0.1246747151017189,0.0,15.075780937908435,0.750396631566193,25.988921026822222,0.0,False,1.3883487996645272
constant-control,945,26,0.001,1.733834058046341,1.733834058046341,0.0,9.641436982121832e-09,0.06802859497446034,0.12418156117200851,0.0,5.481487116456898,0.750396631566193,25.99353413096388,0.0,False,1.4448873444925994
constant-control,946,26,0.001,1.4016715586185455,1.4016715586185455,0.0,9.538077883064489e-09,0.06766297077728257,0.12362223863601685,0.0,9.415236071112014,0.7503963949125139,25.998202306146798,0.0,False,1.4593601522501558
constant-control,947,26,0.001,1.3280841410160065,1.3280841410160065,0.0,9.407467693733906e-09,0.06719810066047488,0.12279804795980453,0.0,11.328130628119508,0.750396631566193,26.002631073232465,0.0,False,1.4543441811110824
constant-control,948,26,0.001,1.3973698318004608,1.3973698318004608,0.0,9.368545939025807e-09,0.06705894565921296,0.12259701639413834,0.0,12.18271881028588,0.750396631566193,26.00717016148867,0.0,False,1.4459950949531049
constant-control,949,26,0.001,1.4426055997610092,1.4426055997610092,0.0,9.314481630440241e-09,0.06686517454161822,0.1223270371556282,0.0,18.165036051941584,0.750396631566193,26.011703539706517,0.0,False,1.470974252326414
constant-control,950,26,0.001,0.626873180270195,0.626873180270195,0.0,9.126813971249703e-09,0.06618814703973677,0.12113931030035019,0.0,4.036836976836535,0.750396631566193,26.016157040199527,0.0,False,1.4407186943572015
constant-control,951,26,0.001,1.3396602869033813,1.3396602869033813,0.0,8.961208664004516e-09,0.06558490938052071,0.1200818121433258,0.0,16.219967128412407,0.750396631566193,26.020593324879762,0.0,False,1.44185962039046
constant-control,952,26,0.001,1.232335478067398,1.232335478067398,0.0,8.696730446899892e-09,0.06460983663924953,0.11827477067708969,0.0,9.188308801033518,0.750396631566193,26.024828412416472,0.0,False,1.3789458523970097
constant-control,953,26,0.001,1.7808148860931396,1.7808148860931396,0.0,8.48007886133928e-09,0.06379998484178145,0.11682401597499847,0.0,23.79658306262518,0.750396631566193,26.02921631739894,0.0,False,1.4330222147982568
constant-control,954,26,0.001,1.459473878145218,1.459473878145218,0.0,8.12637690472684e-09,0.062455271998440524,0.11434444785118103,0.0,5.506584776045394,0.750396631566193,26.0334531478378,0.0,False,1.4333638993557543
constant-control,955,26,0.001,1.9483981430530548,1.9483981430530548,0.0,7.822126946166463e-09,0.06127496247599113,0.11221222579479218,0.0,14.231843644779984,0.750396631566193,26.037506950024433,0.0,False,1.4890758378896862
constant-control,956,26,0.001,1.0943292677402496,1.0943292677402496,0.0,7.45483941244629e-09,0.05981908657947337,0.10951436311006546,0.0,4.0648168678601175,0.750396631566193,26.041629603321667,0.0,False,1.4467937538865954
constant-control,957,26,0.001,1.351965069770813,1.351965069770813,0.0,7.117128220102131e-09,0.0584484525913193,0.10696429759263992,0.0,7.096306111373728,0.750396631566193,26.04564851313519,0.0,False,1.4672760099638253
constant-control,958,26,0.001,1.2379038780927658,1.2379038780927658,0.0,6.819059983342868e-09,0.05721143896212905,0.10468043386936188,0.0,9.91138838316804,0.750396631566193,26.049567266667328,0.0,False,1.4552656249143183
constant-control,959,26,0.001,0.953406810760498,0.953406810760498,0.0,6.592408841044062e-09,0.05625260748253063,0.10295532643795013,0.0,15.346901561993597,0.750396631566193,26.0530569353182,0.0,False,1.3636506698094308
constant-control,960,26,0.001,1.299274355173111,1.299274355173111,0.0,6.47645848061984e-09,0.05575571646672737,0.10214020311832428,0.0,18.213096520884942,0.750396631566193,26.056573534255897,0.0,False,1.3517500264570117
constant-control,961,26,0.001,1.5429529547691345,1.5429529547691345,0.0,6.2597811378850565e-09,0.054815097571726916,0.10040746629238129,0.0,24.905347446586884,0.7503963949125139,26.059829972876315,0.0,False,1.3398199575021863
constant-control,962,26,0.001,1.575632482767105,1.575632482767105,0.0,6.229048388206593e-09,0.054680372099146925,0.10022522509098053,0.0,6.9033711375001445,0.750396631566193,26.06294270872893,0.0,False,1.3506925152614713
constant-control,963,26,0.001,0.888653963804245,0.888653963804245,0.0,6.199551538799142e-09,0.05455075243861197,0.10000570118427277,0.0,5.735148231603706,0.750396631566193,26.065991038976936,0.0,False,1.3232281291857362
constant-control,964,26,0.001,1.821889877319336,1.821889877319336,0.0,6.15921713631451e-09,0.05437301117433827,0.09967939555644989,0.0,18.532278955890767,0.750396631566193,26.06932537408489,0.0,False,1.3497606320306659
constant-control,965,26,0.001,1.0949446856975555,1.0949446856975555,0.0,5.995946406045505e-09,0.05364749963529121,0.09824256598949432,0.0,8.570254840144813,0.750396631566193,26.072509264017132,0.0,False,1.3280318249017
constant-control,966,26,0.001,1.5624831318855286,1.5624831318855286,0.0,5.907379918568267e-09,0.053249813257158427,0.09743864834308624,0.0,5.502092746089602,0.750396631566193,26.075892761840237,0.0,False,1.3865074468776584
constant-control,967,26,0.001,1.2501718699932098,1.2501718699932098,0.0,5.82544679161856e-09,0.052879245492950804,0.0966954231262207,0.0,12.406340056864794,0.750396631566193,26.078994966400817,0.0,False,1.3809144208207726
constant-control,968,26,0.001,1.4514492452144623,1.4514492452144623,0.0,5.834933869408587e-09,0.05292228415835422,0.09677772969007492,0.0,27.539095271634228,0.750396631566193,26.08219468602342,0.0,False,1.3946090312674642
constant-control,969,26,0.001,1.420921266078949,1.420921266078949,0.0,5.703104655196967e-09,0.05232103099064994,0.09558302164077759,0.0,21.813975464516034,0.750396631566193,26.085133362847547,0.0,False,1.3721156800165772
constant-control,970,26,0.001,1.9228891730308533,1.9228891730308533,0.0,5.724662965889138e-09,0.0524198276074202,0.09584195166826248,0.0,49.40672030553329,0.750396631566193,26.08852067615341,0.0,False,1.4010791359469295
constant-control,971,26,0.001,1.0378569662570953,1.0378569662570953,0.0,5.443920869652175e-09,0.05111831635064036,0.09313294291496277,0.0,26.93455792852145,0.750396631566193,26.091551300050106,0.0,False,1.344170312397182
constant-control,972,26,0.001,1.6316232532262802,1.6316232532262802,0.0,5.375460077061689e-09,0.05079587447832552,0.09238311648368835,0.0,10.14503747412338,0.750396631566193,26.09479058813681,0.0,False,1.377751186490059
constant-control,973,27,0.001,1.2036132216453552,1.2036132216453552,0.0,5.267458469404573e-09,0.05028300163845747,0.0912993848323822,0.0,8.696946792376446,0.750396631566193,26.09790871693942,0.0,False,1.3684791959822178
constant-control,974,27,0.001,1.0654014348983765,1.0654014348983765,0.0,5.15675635526236e-09,0.04975181376335517,0.09012410044670105,0.0,7.0127572204060495,0.750396631566193,26.101023578874823,0.0,False,1.3576977932825685
constant-control,975,27,0.001,2.1514002978801727,2.1514002978801727,0.0,5.065008412685756e-09,0.04930724222614168,0.08910312503576279,0.0,21.227339812068756,0.750396631566193,26.1043869264969,0.0,False,1.4325723862275481
constant-control,976,27,0.001,2.1856223940849304,2.1856223940849304,0.0,5.00108088274942e-09,0.04899509112283147,0.08838195353746414,0.0,17.60774278546918,0.750396631566193,26.10791474933396,0.0,False,1.4879691386595368
constant-control,977,27,0.001,1.1692325472831726,1.1692325472831726,0.0,4.854164625811563e-09,0.04827006457280859,0.08677268028259277,0.0,20.538567609024806,0.750396631566193,26.111218015687488,0.0,False,1.4646116131916642
constant-control,978,27,0.001,1.3201366513967514,1.3201366513967514,0.0,4.8409067865407e-09,0.04820410037755595,0.08627618849277496,0.0,50.18548923002828,0.750396631566193,26.115338802115332,0.0,False,1.4486431237310171
constant-control,979,27,0.001,1.270871490240097,1.270871490240097,0.0,4.494364436169462e-09,0.04644668894929609,0.08226651698350906,0.0,30.642699691333096,0.750396631566193,26.119906623354428,0.0,False,1.4725317191332579
constant-control,980,27,0.001,1.56998910009861,1.56998910009861,0.0,4.178128065746023e-09,0.044782825204938974,0.0786019042134285,0.0,58.01470238865197,0.750396631566193,26.126324489791717,0.0,False,1.4567879205569625
constant-control,981,27,0.001,1.9147570878267288,1.9147570878267288,0.0,3.5154901212308687e-09,0.041078404360094974,0.0707014799118042,0.0,523.3410309844112,0.750396631566193,26.13158018286076,0.0,False,1.5080261956900358
constant-control,982,27,0.001,1.1519218981266022,1.1519218981266022,0.0,5.8710436512399156e-09,0.053085787712876434,0.09612758457660675,0.0,10.800514296900909,0.750396631566193,26.139003728558787,0.0,False,1.482366118580103
constant-control,983,27,0.001,1.348336100578308,1.348336100578308,0.0,8.014543695367138e-09,0.06202403548639165,0.11436767131090164,0.0,17.63275863313052,0.750396631566193,26.14784566150068,0.0,False,1.4885013829916716
constant-control,984,27,0.001,1.2993277609348297,1.2993277609348297,0.0,9.60957269313667e-09,0.067916087034021,0.12616461515426636,0.0,6.483907983950708,0.750396631566193,26.15743793605282,0.0,False,1.4789937902241945
constant-control,985,27,0.001,0.9441360086202621,0.9441360086202621,0.0,1.0711663556151052e-08,0.07170494137923944,0.1334742158651352,0.0,6.119018511483582,0.750396631566193,26.167338690986444,0.0,False,1.4491947116330266
constant-control,986,27,0.001,1.056822657585144,1.056822657585144,0.0,1.1368152641466622e-08,0.07386957090392132,0.13731957972049713,0.0,9.400860263033822,0.750396631566193,26.17732477219376,0.0,False,1.3950655544176698
constant-control,987,27,0.001,0.6428574770689011,0.6428574770689011,0.0,1.1606492655857892e-08,0.07463990954231942,0.13807083666324615,0.0,6.528591697956614,0.750396631566193,26.187369539946623,0.0,False,1.3703780863434076
constant-control,988,27,0.001,1.2177321761846542,1.2177321761846542,0.0,1.1645965969364624e-08,0.074766728797465,0.13724322617053986,0.0,15.537508265805707,0.750396631566193,26.19718491881613,0.0,False,1.344509894028306
constant-control,989,27,0.001,1.6063222587108612,1.6063222587108612,0.0,1.1685203915590137e-08,0.07489257546321067,0.13635143637657166,0.0,14.164859457624015,0.750396631566193,26.206528927753833,0.0,False,1.3696792088449001
constant-control,990,27,0.001,1.1549176126718521,1.1549176126718521,0.0,1.1662396381950657e-08,0.07481945013686032,0.13472416996955872,0.0,28.27622057643596,0.750396631566193,26.215874271963276,0.0,False,1.3752739699557424
constant-control,991,27,0.001,1.3498786091804504,1.3498786091804504,0.0,1.2011804884082267e-08,0.07593198543943697,0.13605725765228271,0.0,13.677425101655578,0.750396631566193,26.22514650585291,0.0,False,1.3251788644120097
constant-control,992,27,0.001,0.5820783078670502,0.5820783115923405,0.0,1.2437365803918965e-08,0.07726535998534995,0.1380539983510971,0.0,14.131372990128652,0.750396631566193,26.234237333526337,0.0,False,1.2249573590233922
constant-control,993,27,0.001,1.179641455411911,1.179641455411911,0.0,1.3047952940326013e-08,0.07913922479587497,0.14136677980422974,0.0,12.172319896264687,0.750396631566193,26.24336961829195,0.0,False,1.2256079157814384
constant-control,994,27,0.001,1.207260251045227,1.207260251045227,0.0,1.349804001904431e-08,0.08049260470683772,0.1435810923576355,0.0,10.831705704070943,0.750396631566193,26.252386693873817,0.0,False,1.218553140759468
constant-control,995,27,0.001,1.4049897342920303,1.4049897342920303,0.0,1.3707528445650041e-08,0.08111481702041717,0.14402852952480316,0.0,9.279896278013412,0.750396631566193,26.261221530356448,0.0,False,1.226935531012714
constant-control,996,27,0.001,0.7238899320363998,0.7238899320363998,0.0,1.3813100885329277e-08,0.08142657921471819,0.14382697641849518,0.0,5.137355303106375,0.750396631566193,26.269815124954825,0.0,False,1.1740543330088258
constant-control,997,27,0.001,1.5408947169780731,1.5408947169780731,0.0,1.3993330938433246e-08,0.08195607634201703,0.1442091166973114,0.0,8.337923943393129,0.750396631566193,26.278054161755357,0.0,False,1.1506879348307848
constant-control,998,27,0.001,1.453625649213791,1.453625649213791,0.0,1.4207502729846055e-08,0.08258088019930325,0.1447070688009262,0.0,6.867692694858723,0.750396631566193,26.286319670767757,0.0,False,1.169544419273734
constant-control,999,27,0.001,1.3149995654821396,1.3149995654821396,0.0,1.4345536314408491e-08,0.0829810691631679,0.14461475610733032,0.0,15.817877426063292,0.750396631566193,26.293754747383815,0.0,False,1.1674608858302236
constant-control,1000,27,0.001,1.123072899878025,1.123072899878025,0.0,1.4742729703698387e-08,0.08412199501930297,0.14689180254936218,0.0,12.478824381772363,0.750396631566193,26.30111245075198,0.0,False,1.1564449570141733
constant-control,1001,27,0.001,0.6829099953174591,0.6829100102186203,0.0,1.531329019144323e-08,0.08573435270582926,0.15039968490600586,0.0,10.549249543178002,0.750396631566193,26.308512295553932,0.0,False,1.140118331182748
constant-control,1002,27,0.001,1.622268721461296,1.622268721461296,0.0,1.6024822357962876e-08,0.08770355815009302,0.15506389737129211,0.0,8.995551604044579,0.750396631566193,26.316145926911556,0.0,False,1.1754587101750076
constant-control,1003,27,0.001,1.4384765326976776,1.4384765401482582,0.0,1.6790632884067236e-08,0.08977473691429495,0.16006983816623688,0.0,6.729091179530748,0.750396631566193,26.323800239170414,0.0,False,1.2251849011518061
constant-control,1004,27,0.001,1.7978992238640785,1.7978992313146591,0.0,1.753709177876317e-08,0.09174859118713666,0.16468116641044617,0.0,8.786779662507051,0.750396631566193,26.33122068065634,0.0,False,1.2614453416317701
constant-control,1005,27,0.001,1.913225680589676,1.913225680589676,0.0,1.8213112795706365e-08,0.09350023807337829,0.16873742640018463,0.0,11.32647693795835,0.750396631566193,26.338759802546264,0.0,False,1.280626805499196
constant-control,1006,27,0.001,1.0792110413312912,1.0792110487818718,0.0,1.894325052376189e-08,0.09535596644677514,0.1730569452047348,0.0,4.856722068831182,0.750396631566193,26.346543008458024,0.0,False,1.275895144790411
constant-control,1007,27,0.001,1.5317795425653458,1.5317795425653458,0.0,1.959656614758387e-08,0.09698634597360586,0.1767595410346985,0.0,8.191835238270782,0.750396631566193,26.35421982852676,0.0,False,1.287263953126967
constant-control,1008,27,0.001,1.9062976986169815,1.9062976986169815,0.0,2.0194262262407392e-08,0.09845428691062703,0.1799440234899521,0.0,10.9834918315704,0.750396631566193,26.3622921075397,0.0,False,1.3700276650488377
constant-control,1009,28,0.001,1.0572449266910553,1.057244934141636,0.0,2.066058080174571e-08,0.09958452666046477,0.1825098991394043,0.0,7.274990919863737,0.750396631566193,26.370501287250097,0.0,False,1.3623778820037842
constant-control,1010,28,0.001,1.0900088995695114,1.0900088995695114,0.0,2.095279505454073e-08,0.10028630407365813,0.184010848402977,0.0,8.227759948056276,0.750396631566193,26.3786586307529,0.0,False,1.355049672536552
constant-control,1011,28,0.001,1.0721791982650757,1.0721792057156563,0.0,2.1363707247701313e-08,0.10126489777661403,0.18623442947864532,0.0,7.21981744417517,0.750396631566193,26.386827465459078,0.0,False,1.3342490140348673
constant-control,1012,28,0.001,1.0297705680131912,1.0297705754637718,0.0,2.1975671060658897e-08,0.10270502506737052,0.18950429558753967,0.0,11.858240389771716,0.750396631566193,26.395005912036165,0.0,False,1.3533665537834167
constant-control,1013,28,0.001,1.3894647136330605,1.3894647173583508,0.0,2.2208453742678103e-08,0.10324755390696452,0.190780371427536,0.0,6.1329047231622065,0.750396631566193,26.402952415018135,0.0,False,1.3439021785743535
constant-control,1014,28,0.001,1.4074182212352753,1.4074182212352753,0.0,2.2494495155456207e-08,0.10391033769803736,0.19231396913528442,0.0,12.055183364545277,0.750396631566193,26.410852851316054,0.0,False,1.3410142143256962
constant-control,1015,28,0.001,1.5372325778007507,1.5372325778007507,0.0,2.2498646501389885e-08,0.10391992528973835,0.1923006922006607,0.0,6.155897232870998,0.750396631566193,26.419017779292968,0.0,False,1.3549037775956094
constant-control,1016,28,0.001,1.412148393690586,1.4121484011411667,0.0,2.2438884528241942e-08,0.103781811990063,0.1919366419315338,0.0,10.859591607028978,0.750396631566193,26.427206958806867,0.0,False,1.3729709959588945
constant-control,1017,28,0.001,2.1230463087558746,2.1230463087558746,0.0,2.2543808597674797e-08,0.1040241723550455,0.19247782230377197,0.0,13.226610175482056,0.750396631566193,26.43597189859842,0.0,False,1.4629795155487955
constant-control,1018,28,0.001,2.2730723917484283,2.2730723917484283,0.0,2.2550592504444467e-08,0.10403981962301725,0.1926814317703247,0.0,10.896342365663164,0.750396631566193,26.444981928968062,0.0,False,1.5036547449417412
constant-control,1019,28,0.001,1.1825638115406036,1.1825638115406036,0.0,2.2444202940619107e-08,0.1037941099696741,0.19229932129383087,0.0,4.9419591079000025,0.750396631566193,26.454426183727808,0.0,False,1.487660199869424
constant-control,1020,28,0.001,1.3942847400903702,1.3942847400903702,0.0,2.2281815503788494e-08,0.10341794449824315,0.1915270984172821,0.0,6.6077344413540935,0.750396631566193,26.464029378637612,0.0,False,1.4624342946335673
constant-control,1021,28,0.001,1.6694988906383514,1.6694988906383514,0.0,2.218062178371838e-08,0.10318284452692124,0.19093473255634308,0.0,28.842871608421223,0.750396631566193,26.474215191935524,0.0,False,1.4472013702616096
constant-control,1022,28,0.001,0.9935202896595001,0.9935202896595001,0.0,2.126159337478839e-08,0.10102259821344255,0.18574361503124237,0.0,6.126125949736288,0.750396631566193,26.4844632113112,0.0,False,1.4418456982821226
constant-control,1023,28,0.001,0.8192386031150818,0.8192386031150818,0.0,2.0529800082158545e-08,0.09926884870879804,0.18152278661727905,0.0,6.323131136683011,0.750396631566193,26.494520070324654,0.0,False,1.3973118895664811
constant-control,1024,28,0.001,1.3135521560907364,1.3135521560907364,0.0,2.0026668323680497e-08,0.09804489417254057,0.17857563495635986,0.0,8.248906441531597,0.750396631566193,26.504477288830802,0.0,False,1.3602652931585908
constant-control,1025,28,0.001,1.228773757815361,1.228773757815361,0.0,1.931495852147691e-08,0.09628696886357618,0.1742696464061737,0.0,6.635885883005801,0.750396631566193,26.5141937950832,0.0,False,1.37098584510386
constant-control,1026,28,0.001,1.3934135735034943,1.3934135735034943,0.0,1.8797896572664285e-08,0.09498942200974732,0.17099130153656006,0.0,5.996127956734454,0.750396631566193,26.523617781593448,0.0,False,1.3899486372247338
constant-control,1027,28,0.001,1.493560791015625,1.493560791015625,0.0,1.844116148674857e-08,0.09408377825058463,0.16854698956012726,0.0,9.378214911130797,0.750396631566193,26.532736527566314,0.0,False,1.4162849867716432
constant-control,1028,28,0.001,1.1185733824968338,1.1185733824968338,0.0,1.8345369667827072e-08,0.09383910158617974,0.1677059531211853,0.0,5.078866603319834,0.750396631566193,26.541678023962167,0.0,False,1.4218351626768708
constant-control,1029,28,0.001,1.2636348232626915,1.263634830713272,0.0,1.8145019708981636e-08,0.09332528781518078,0.16620296239852905,0.0,3.5751051752958394,0.750396631566193,26.55022227850829,0.0,False,1.4139707945287228
constant-control,1030,28,0.001,1.1554842591285706,1.1554842591285706,0.0,1.792523818267e-08,0.09275836221346671,0.1646541953086853,0.0,6.233176113226204,0.750396631566193,26.558511035326756,0.0,False,1.3982249218970537
constant-control,1031,28,0.001,1.4950553178787231,1.4950553178787231,0.0,1.7558663856220846e-08,0.09180499976391034,0.16216200590133667,0.0,162.5719147504076,0.750396631566193,26.58117284776963,0.0,False,1.395588843151927
constant-control,1032,28,0.001,1.7560127824544907,1.7560127899050713,0.0,1.550909090042296e-08,0.08628072367032784,0.1495419144630432,0.0,37.32463180010606,0.750396631566193,26.631389548342256,0.0,False,1.417080367449671
constant-control,1033,28,0.001,2.3734385073184967,2.3734385073184967,0.0,1.2988643049993698e-08,0.07895915767138245,0.12892208993434906,0.0,15.121142186029983,0.750396631566193,26.70034780611769,0.0,False,1.432729879859835
constant-control,1034,28,0.001,1.5137284398078918,1.5137284398078918,0.0,1.1502201857638283e-08,0.07430381404377163,0.11203836649656296,0.0,32.78944594964565,0.750396631566193,26.782134892728145,0.0,False,1.3852708828635514
constant-control,1035,28,0.001,1.139346532523632,1.139346532523632,0.0,1.0161488539495167e-08,0.0698392037065207,0.08679499477148056,0.0,41.56498020203343,0.750396631566193,26.871505065074338,0.0,False,1.3825698029249907
constant-control,1036,28,0.001,0.8315169662237167,0.8315169662237167,0.0,1.004508032309559e-08,0.06943801897471732,0.07672140747308731,0.0,24.850186097037724,0.750396631566193,26.96476759084609,0.0,False,1.3473968170583248
constant-control,1037,28,0.001,2.369910553097725,2.369910553097725,0.0,1.0459877408663942e-08,0.07085719187131946,0.06895004957914352,0.0,1477.5487861180045,0.750396631566193,27.100339677727295,0.0,False,1.3911725459620357
constant-control,1038,28,0.001,15.020643472671509,15.020643472671509,0.0,1.809562988341895e-08,0.09319818796508016,0.06974957883358002,0.0,136.90214291268103,0.7503963949125139,27.30700654012037,0.0,False,2.267867744900286
constant-control,1039,28,0.001,18.15681767463684,18.15681767463684,0.0,6.152965426053925e-08,0.1718552648152603,0.23446713387966156,0.0,87.3158257052989,0.750396631566193,27.574677162760782,0.0,False,3.351466436870396
constant-control,1040,28,0.001,15.941484451293945,15.941484451293945,0.0,1.4490838395886385e-07,0.26373477140628354,0.4051148593425751,0.00018151601155598957,316.34837301129903,0.750396631566193,27.91752303634684,0.0,False,4.265712205320597
constant-control,1041,28,0.001,13.300729990005493,13.300736904144287,7.100569291651482e-06,2.145418847021574e-07,0.32090514696891426,0.5084264874458313,0.0012521743774414062,140.27037370218804,0.750396631566193,28.35871959208484,0.0,False,5.02020946983248
constant-control,1042,28,0.001,9.325262069702148,9.326272964477539,0.001010460895486176,2.9136998591638985e-07,0.37397539330589674,0.6005216836929321,0.0043481190999348955,134.39260512441027,0.750396631566193,28.885369834018274,0.0,False,5.515950000844896
constant-control,1043,28,0.001,8.20115578174591,8.204011291265488,0.002855327446013689,3.577167149160232e-07,0.41437184155078427,0.6689771413803101,0.009195963541666666,81.82606723547555,0.750396631566193,29.478304326078593,0.0,False,5.935174687765539
constant-control,1044,28,0.001,5.654096245765686,5.660084098577499,0.005987535696476698,4.378130142868031e-07,0.4584214691014346,0.7446944117546082,0.01668389638264974,70.67441796433543,0.750396631566193,30.112196440029027,0.0,False,6.218644866719842
constant-control,1045,29,0.001,4.77514910697937,4.785057246685028,0.009907473810017109,5.190184992898139e-07,0.49912812202368145,0.8147614002227783,0.026273727416992188,90.9000052443175,0.750396631566193,30.764755400702445,0.0,False,6.438114509452134
constant-control,1046,29,0.001,8.367210388183594,8.381673634052277,0.014462033286690712,6.009256594552426e-07,0.537070115554196,0.8802897930145264,0.03738816579182942,58.43229939993071,0.750396631566193,31.42431500677457,0.0,False,6.888847392518073
constant-control,1047,29,0.001,2.4805722534656525,2.5002074539661407,0.019634541124105453,6.828201435382653e-07,0.5724977459104515,0.9431087970733643,0.04997189839680989,29.75095980300644,0.750396631566193,32.07973517151351,0.0,False,6.950442200992256
constant-control,1048,29,0.001,3.0926320254802704,3.117540955543518,0.024908175691962242,7.60993827952916e-07,0.6043815359053683,0.9990808963775635,0.06153551737467448,22.93272143069872,0.750396631566193,32.71793091822032,0.0,False,7.033980903681368
constant-control,1049,29,0.001,2.530683010816574,2.560842365026474,0.03015850856900215,8.344184152520029e-07,0.6328671877699164,1.0491676330566406,0.07223383585611978,35.18748682561731,0.750396631566193,33.331381708079235,0.0,False,7.0438086851499975
constant-control,1050,29,0.001,3.6030765175819397,3.637857496738434,0.034779977053403854,8.954092436397332e-07,0.6555886491188796,1.0897455215454102,0.08178043365478516,53.64300969935779,0.750396631566193,33.915585548270656,0.0,False,7.1743929400108755
constant-control,1051,29,0.001,1.6373575925827026,1.6753035932779312,0.03794509172439575,9.337696269540174e-07,0.6694844017108941,1.1159958839416504,0.08833154042561848,23.692766225169567,0.750396631566193,34.470240649671645,0.0,False,7.205518631264567
constant-control,1052,29,0.001,1.1141119599342346,1.1554326117038727,0.04131971672177315,9.740101631905418e-07,0.6837579066070133,1.1428041458129883,0.09531943003336588,19.338864380724406,0.750396631566193,34.99302004440952,0.0,False,7.223180818371475
constant-control,1053,29,0.001,1.2891143709421158,1.3333587944507599,0.04424344375729561,1.008198523777537e-06,0.6956545420808167,1.165157437324524,0.10131804148356119,61.118597286508624,0.750396631566193,35.48180699533128,0.0,False,7.155631056986749
constant-control,1054,29,0.001,2.893794894218445,2.940856285393238,0.04706043377518654,1.039432390825823e-06,0.7063480357190927,1.1860060691833496,0.1072095235188802,35.14050202571249,0.750396631566193,35.93984316712014,0.0,False,6.397703020833433
constant-control,1055,29,0.001,1.0618626922369003,1.111439324915409,0.04957553371787071,1.066534991878143e-06,0.7154975847611214,1.2040989398956299,0.11230023701985677,24.47934984165869,0.750396631566193,36.36829516240123,0.0,False,5.329268334433436
constant-control,1056,29,0.001,3.2857398837804794,3.337677523493767,0.05193650722503662,1.0911031722571352e-06,0.7236915688983654,1.2206698656082153,0.11702537536621094,32.06450466157518,0.750396631566193,36.76850318666124,0.0,False,4.538284298963845
constant-control,1057,29,0.001,4.6537595093250275,4.7074025720357895,0.053642015904188156,1.108625269807817e-06,0.7294793844683697,1.2324070930480957,0.12090524037679036,56.545839140345066,0.750396631566193,37.14098342059574,0.0,False,3.9978486439213157
constant-control,1058,29,0.001,3.316543400287628,3.3724828362464905,0.05593831464648247,1.1324054867145605e-06,0.7372616012865335,1.2479192018508911,0.12547842661539713,99.30696228585025,0.750396631566193,37.4910280367224,0.0,False,3.622303727082908
constant-control,1059,29,0.001,2.967508018016815,3.0282429456710815,0.06073374301195145,1.183864242193522e-06,0.753826766021766,1.2793185710906982,0.1352869669596354,32.08671817965336,0.750396631566193,37.82847528808866,0.0,False,3.2952007418498397
constant-control,1060,29,0.001,1.778485894203186,1.842716097831726,0.06422902643680573,1.2190951110824244e-06,0.764961177805296,1.301430106163025,0.1423641840616862,21.335313812773773,0.750396631566193,38.15166569381236,0.0,False,3.0529750948771834
constant-control,1061,29,0.001,2.29944971203804,2.3666382133960724,0.06718719750642776,1.2474617960833712e-06,0.7738098079882652,1.3196779489517212,0.14795875549316406,42.737784603818206,0.750396631566193,38.4584602727019,0.0,False,2.8982438826933503
constant-control,1062,29,0.001,1.6096235066652298,1.6771482825279236,0.06752359122037888,1.2465081908885622e-06,0.773514019502525,1.3217273950576782,0.14871946970621744,17.156873104152663,0.750396631566193,38.74904349517582,0.0,False,2.4758947025984526
constant-control,1063,29,0.001,2.062729574739933,2.1305291205644608,0.06779827177524567,1.244998543370457e-06,0.7730454289366767,1.3233970403671265,0.14958667755126953,15.240279742727028,0.750396631566193,39.022764316910745,0.0,False,2.449779535178095
constant-control,1064,29,0.001,1.2037594690918922,1.2718112990260124,0.06805061548948288,1.2437041050361586e-06,0.7726434776421504,1.3249279260635376,0.15022023518880206,15.665833271106019,0.750396631566193,39.27875418190039,0.0,False,2.3317250004038215
constant-control,1065,29,0.001,1.7893254160881042,1.8570732772350311,0.06774669140577316,1.2366706414468354e-06,0.7704556358980515,1.323083758354187,0.14989535013834634,33.19794842634833,0.750396631566193,39.51727377219009,0.0,False,2.285390150733292
constant-control,1066,29,0.001,1.824721708893776,1.8920265883207321,0.06730367988348007,1.2285063348826952e-06,0.7679082293075989,1.3203881978988647,0.14956219991048175,22.251969611352802,0.750396631566193,39.73976543668293,0.0,False,2.174242975190282
constant-control,1067,29,0.001,1.4903171807527542,1.5567413121461868,0.06642293930053711,1.2157464652773342e-06,0.7639098620819921,1.315002679824829,0.14826170603434244,11.260107938787673,0.750396631566193,39.94677106212512,0.0,False,2.16505294945091
constant-control,1068,29,0.001,1.4338728338479996,1.499101385474205,0.06522738188505173,1.1996357898169663e-06,0.758831466312085,1.307634711265564,0.14641729990641275,11.814232370219129,0.750396631566193,40.138655587910115,0.0,False,2.1850380040705204
constant-control,1069,29,0.001,0.9049757122993469,0.9691187739372253,0.06414186209440231,1.1848507028844324e-06,0.7541407972094218,1.3008861541748047,0.1447931925455729,10.775262771186256,0.750396631566193,40.315919727426525,0.0,False,2.1610293379053473
constant-control,1070,29,0.001,0.9219041280448437,0.9848276935517788,0.06292235851287842,1.1687249070746475e-06,0.7489912916397731,1.2932361364364624,0.14276885986328125,14.567182927801023,0.750396631566193,40.47946081130126,0.0,False,2.0377861650194973
constant-control,1071,29,0.001,0.9010858815163374,0.9629217498004436,0.06183469295501709,1.1541852700247546e-06,0.7443177079910857,1.2863503694534302,0.14098739624023438,7.8505764633623345,0.750396631566193,40.63012034535693,0.0,False,2.027737614349462
constant-control,1072,29,0.001,1.8872994929552078,1.948253571987152,0.060952913016080856,1.142170958701172e-06,0.7404337167903747,1.2807234525680542,0.13951810201009113,20.34985230487512,0.750396631566193,40.768889660818694,0.0,False,1.9403350899228826
constant-control,1073,29,0.001,1.3633538782596588,1.423562467098236,0.060207486152648926,1.1315389656374464e-06,0.7369794877439049,1.2759348154067993,0.13837401072184244,11.13025832942139,0.750396631566193,40.89704593938301,0.0,False,1.734684737981297
constant-control,1074,29,0.001,1.7555489521473646,1.815234625712037,0.05968456342816353,1.1236281807214255e-06,0.7343987149965349,1.2725578546524048,0.13747469584147134,12.971891236206579,0.750396631566193,41.01521667540348,0.0,False,1.6371225849725306
constant-control,1075,29,0.001,1.7058041840791702,1.7646534442901611,0.05884813144803047,1.112543259296217e-06,0.7307672504783631,1.2671253681182861,0.13617897033691406,32.27264285505941,0.750396631566193,41.12474756272724,0.0,False,1.5582660953514278
constant-control,1076,29,0.001,1.727082148194313,1.7845698148012161,0.05748650059103966,1.0952570619338076e-06,0.7250678639647532,1.2581984996795654,0.13384469350179035,19.481850833944424,0.750396631566193,41.22653225064238,0.0,False,1.5550533612258732
constant-control,1077,29,0.001,1.7150837928056717,1.7724136859178543,0.05732879787683487,1.0919283113253186e-06,0.7239651714272491,1.257157802581787,0.13376553853352863,11.227724383988361,0.750396631566193,41.32120299312797,0.0,False,1.5185304912738502
constant-control,1078,29,0.001,1.6282914876937866,1.6850759387016296,0.05678333714604378,1.0843517657121993e-06,0.7214491327252083,1.253547191619873,0.1329205830891927,14.204216449973538,0.750396631566193,41.40933603131267,0.0,False,1.519697240088135
constant-control,1079,29,0.001,1.3936587423086166,1.4496736638247967,0.0560138039290905,1.0743223128883983e-06,0.7181049097449448,1.24842369556427,0.13159720102945963,22.451990120088713,0.750396631566193,41.49132281564199,0.0,False,1.4778803130611777
constant-control,1080,29,0.001,2.0078663378953934,2.0622687190771103,0.05440136417746544,1.0547227020651917e-06,0.7115243542798754,1.2375727891921997,0.12869135538736978,7.790482642316814,0.750396631566193,41.567512610055026,0.0,False,1.5281369923613966
constant-control,1081,30,0.001,2.345514565706253,2.3985738456249237,0.05305837467312813,1.038218670146307e-06,0.705935487671394,1.2284117937088013,0.12631861368815103,11.365453586345984,0.750396631566193,41.6381246700911,0.0,False,1.5628988142125309
constant-control,1082,30,0.001,1.8029940277338028,1.8548655658960342,0.051870495080947876,1.023409936351527e-06,0.7008828455624837,1.2202117443084717,0.12417984008789062,9.891209721532833,0.750396631566193,41.70355752414936,0.0,False,1.5615408341400325
constant-control,1083,30,0.001,1.0072699934244156,1.058368057012558,0.05109706148505211,1.0133704790860065e-06,0.6974366342044047,1.2148220539093018,0.12284469604492188,7.260801248201092,0.750396631566193,41.764017701590134,0.0,False,1.5313503849320114
constant-control,1084,30,0.001,1.2819673791527748,1.33232019841671,0.050351839512586594,1.0038379514298867e-06,0.6941485453150952,1.2095903158187866,0.12146790822347005,7.461217230485109,0.750396631566193,41.81977003596859,0.0,False,1.5218562940135598
constant-control,1085,30,0.001,2.616559088230133,2.666407346725464,0.049847330898046494,9.970932524083764e-07,0.6918126845478848,1.2060264348983765,0.12054189046223958,9.974035215947005,0.750396631566193,41.871173720147006,0.0,False,1.628830255009234
constant-control,1086,30,0.001,2.0092265605926514,2.0588362216949463,0.049608658999204636,9.934013860402047e-07,0.6905307425657308,1.2043341398239136,0.12017663319905598,9.978585570221039,0.750396631566193,41.91856863234085,0.0,False,1.696787907043472
constant-control,1087,30,0.001,1.7671910524368286,1.8165995925664902,0.049407586455345154,9.903383215714712e-07,0.6894652964414395,1.202905297279358,0.11979866027832031,8.157018933343188,0.750396631566193,41.962340569182196,0.0,False,1.7509194802260026
constant-control,1088,30,0.001,2.054154071956873,2.103400856256485,0.04924578219652176,9.878116316031083e-07,0.6885852104595138,1.2017533779144287,0.11956628163655598,12.905647016404474,0.750396631566193,42.0026093145293,0.0,False,1.7613478914136067
constant-control,1089,30,0.001,1.9228313397616148,1.9715130366384983,0.048680711537599564,9.806441312321112e-07,0.6860824458219,1.1977156400680542,0.11855506896972656,11.874807845332153,0.750396631566193,42.03967129768053,0.0,False,1.796315232757479
constant-control,1090,30,0.001,1.8428621888160706,1.8914569020271301,0.048593733459711075,9.791305046746857e-07,0.6855527902647618,1.197092056274414,0.11861133575439453,7.167284427900081,0.750396631566193,42.074183480091804,0.0,False,1.801772310049273
constant-control,1091,30,0.001,2.2568786442279816,2.3052981197834015,0.04841851815581322,9.7667680165614e-07,0.6846932310305601,1.1958341598510742,0.1183614730834961,16.760549498446885,0.750396631566193,42.10607203875589,0.0,False,1.8362144638085738
constant-control,1092,30,0.001,1.5775619968771935,1.6255725994706154,0.048009660094976425,9.71051349551999e-07,0.6827185953319718,1.1928900480270386,0.1176312764485677,18.845051514218603,0.750396631566193,42.136312975193064,0.0,False,1.8268694543512538
constant-control,1093,30,0.001,2.005465507507324,2.0524919033050537,0.04702538996934891,9.586907481207163e-07,0.6783594560424279,1.1857506036758423,0.11562665303548177,8.97145827337514,0.750396631566193,42.16495044330175,0.0,False,1.845018311520107
constant-control,1094,30,0.001,1.4881767928600311,1.534418299794197,0.04624052718281746,9.487101806371356e-07,0.6748191375232626,1.1800038814544678,0.11394468943277994,7.070383207440954,0.750396631566193,42.191952347666884,0.0,False,1.8362611430929974
constant-control,1095,30,0.001,1.99577796459198,2.0414005517959595,0.04562162607908249,9.406543313161819e-07,0.6719479631105592,1.1754378080368042,0.1127322514851888,9.692814403999291,0.750396631566193,42.21738448706823,0.0,False,1.8738935944857076
constant-control,1096,30,0.001,0.8372867107391357,0.8824486881494522,0.04516104981303215,9.344882982986746e-07,0.6697420427615539,1.1720197200775146,0.11170450846354166,2.7170322916562992,0.750396631566193,42.24122252620475,0.0,False,1.8007323677884415
constant-control,1097,30,0.001,2.8294321298599243,2.874136358499527,0.04470334202051163,9.284495945394156e-07,0.6675745521074357,1.1686055660247803,0.1107947031656901,13.504288192019986,0.750396631566193,42.26349460807225,0.0,False,1.830977215548046
constant-control,1098,30,0.001,3.8002758622169495,3.844083249568939,0.04380641505122185,9.173004400508944e-07,0.6635542333320551,1.161864161491394,0.10883235931396484,15.234070859863223,0.750396631566193,42.28464503320113,0.0,False,1.9558073302032426
constant-control,1099,30,0.001,1.042064592242241,1.0850170999765396,0.04295158013701439,9.066037591765053e-07,0.6596740246755952,1.155374526977539,0.1070404052734375,5.550301098206922,0.750396631566193,42.30482068964874,0.0,False,1.9579819926293567
constant-control,1100,30,0.001,1.6635057628154755,1.7058520317077637,0.04234535992145538,8.988837407741812e-07,0.6568593265495202,1.1507331132888794,0.10576852162679036,8.33497893095115,0.750396631566193,42.323982913094326,0.0,False,1.9818281416082755
constant-control,1101,30,0.001,2.0534287691116333,2.095188945531845,0.041759271174669266,8.915255307329062e-07,0.6541652993223476,1.1462141275405884,0.10455576578776041,10.902175631813066,0.750396631566193,42.34232726542353,0.0,False,1.9466324966633692
constant-control,1102,30,0.001,1.5832260251045227,1.6247876286506653,0.04156070947647095,8.889033438208571e-07,0.6532025493185244,1.1446759700775146,0.10417620340983072,6.9170351834751465,0.750396631566193,42.3596738459184,0.0,False,1.9200074631953612
constant-control,1103,30,0.001,2.0027345716953278,2.0441805571317673,0.04144511744379997,8.872792136571661e-07,0.6526055278814397,1.1437788009643555,0.10399309794108072,12.038380123206368,0.750396631566193,42.37606775507332,0.0,False,1.9347289331490174
constant-control,1104,30,0.001,2.018878012895584,2.059867650270462,0.040988799184560776,8.815372893877793e-07,0.6504905128182923,1.1402249336242676,0.10303688049316406,8.38448342953426,0.750396631566193,42.39193755856589,0.0,False,1.9325241794576868
constant-control,1105,30,0.001,1.5768363922834396,1.617240846157074,0.04040352255105972,8.742369459469046e-07,0.647791433974799,1.135637640953064,0.10181109110514322,9.018702505787495,0.750396631566193,42.40684575408183,0.0,False,1.910899495240301
constant-control,1106,30,0.001,1.461140289902687,1.5008376389741898,0.03969648852944374,8.655345027364092e-07,0.6445591935893754,1.1300514936447144,0.10028998057047525,10.083914959900754,0.750396631566193,42.42089114804167,0.0,False,1.8870418765582144
constant-control,1107,30,0.001,1.7232874035835266,1.7626970708370209,0.039408836513757706,8.618488891443121e-07,0.6431853916468774,1.1277645826339722,0.09974638621012369,8.080311803253677,0.750396631566193,42.434022532703736,0.0,False,1.853692424017936
constant-control,1108,30,0.001,1.3355529457330704,1.374579831957817,0.03902604803442955,8.56986332564702e-07,0.6413684049368538,1.1247082948684692,0.09880352020263672,5.219439333524335,0.750396631566193,42.44647830087404,0.0,False,1.8385668583214283
constant-control,1109,30,0.001,0.8555670753121376,0.8942834213376045,0.03871552646160126,8.529660817657714e-07,0.6398622447824448,1.1222180128097534,0.0981448491414388,3.2962341589603805,0.750396631566193,42.45825373284044,0.0,False,1.7666982063092291
constant-control,1110,30,0.001,1.142853707075119,1.1813702434301376,0.038515739142894745,8.502940431753814e-07,0.6388592382450105,1.1206104755401611,0.09779739379882812,3.3660292961546503,0.750396631566193,42.469342367875896,0.0,False,1.7451155134476721
constant-control,1111,30,0.001,1.1906399726867676,1.2289372682571411,0.03829645738005638,8.474025889881887e-07,0.6377720833421038,1.118841290473938,0.09726365407307942,3.7342784527592103,0.750396631566193,42.47976625238791,0.0,False,1.6947943889535964
constant-control,1112,30,0.001,0.9312648847699165,0.9693479388952255,0.038082197308540344,8.445775847576442e-07,0.6367081253122095,1.1171077489852905,0.09686565399169922,3.94535818749045,0.750396631566193,42.48952673487666,0.0,False,1.7006680248305202
constant-control,1113,30,0.001,1.8927170932292938,1.9306978285312653,0.037979792803525925,8.431031233158137e-07,0.6361520753647816,1.1162774562835693,0.09660275777180989,5.596810845651948,0.750396631566193,42.49869903251102,0.0,False,1.6421233350411057
constant-control,1114,30,0.001,1.1682309657335281,1.2062481194734573,0.03801632672548294,8.433289622189477e-07,0.6362373140692933,1.1165738105773926,0.09674835205078125,5.0441646448267425,0.750396631566193,42.507338652514974,0.0,False,1.477620529010892
constant-control,1115,30,0.001,1.4222448766231537,1.4602276980876923,0.037981968373060226,8.427184070569638e-07,0.6360069689661603,1.1162950992584229,0.09674580891927083,4.442011656015862,0.750396631566193,42.515400085212896,0.0,False,1.501381796784699
constant-control,1116,30,0.001,2.0025404691696167,2.0405606031417847,0.03801926597952843,8.430501452494354e-07,0.6361321090007851,1.1165976524353027,0.09693749745686848,5.942692455989971,0.750396631566193,42.522921528335985,0.0,False,1.5225714659318328
constant-control,1117,31,0.001,1.8816571831703186,1.9195621013641357,0.03790401294827461,8.414581884608197e-07,0.6355312200034794,1.1156623363494873,0.09675057729085286,6.811888382548555,0.750396631566193,42.52995201123493,0.0,False,1.5118357418105006
constant-control,1118,31,0.001,1.10398518294096,1.1415124088525772,0.037526410073041916,8.367100576833764e-07,0.6337355868106961,1.1125880479812622,0.09592024485270181,3.9835720709140827,0.750396631566193,42.53650009349918,0.0,False,1.481883189175278
constant-control,1119,31,0.001,1.0774471908807755,1.1146464347839355,0.03719836845993996,8.325860676450247e-07,0.6321718894484502,1.1099046468734741,0.09518973032633463,3.464829865711945,0.750396631566193,42.54266215461117,0.0,False,1.4240527278743684
constant-control,1120,31,0.001,1.6339688450098038,1.6707920581102371,0.036822427064180374,8.279179724013375e-07,0.6303972000342347,1.1068148612976074,0.09433237711588541,6.750134293167457,0.750396631566193,42.548351461791995,0.0,False,1.3999959048815072
constant-control,1121,31,0.001,1.8498088121414185,1.8861906230449677,0.03638100624084473,8.22516483367508e-07,0.6283374118662242,1.1031666994094849,0.0932785669962565,6.086586922174215,0.750396631566193,42.55387278578228,0.0,False,1.4170566811226308
constant-control,1122,31,0.001,2.0091406106948853,2.0451966524124146,0.03605522960424423,8.185037927432859e-07,0.6268028361739877,1.1004600524902344,0.09263547261555989,8.789438421948288,0.750396631566193,42.55901920123898,0.0,False,1.4513067011721432
constant-control,1123,31,0.001,1.105014368891716,1.140651598572731,0.03563644737005234,8.134322797559435e-07,0.6248579891875626,1.0969626903533936,0.0916140874226888,4.0277706499012105,0.750396631566193,42.563908252862774,0.0,False,1.412664636503905
constant-control,1124,31,0.001,1.7363450825214386,1.771556168794632,0.03521029278635979,8.082556064437085e-07,0.6228665445121326,1.0933825969696045,0.09064356486002603,7.091915996624715,0.750396631566193,42.568500602632454,0.0,False,1.437714145053178
constant-control,1125,31,0.001,1.0702799707651138,1.1050833612680435,0.03480259329080582,8.033245535443712e-07,0.6209635778790604,1.0899372100830078,0.08971563975016275,4.096101477302015,0.750396631566193,42.5728669356831,0.0,False,1.451133701018989
constant-control,1126,31,0.001,1.1512705981731415,1.1857729703187943,0.0345015749335289,7.996986255420779e-07,0.6195606394526462,1.0873804092407227,0.0889749526977539,5.573845989776664,0.750396631566193,42.57704247011021,0.0,False,1.4516597567126155
constant-control,1127,31,0.001,1.9358589947223663,1.9701023995876312,0.03424263373017311,7.965958275235607e-07,0.61835750548898,1.0851720571517944,0.08833916982014973,6.225181632142609,0.750396631566193,42.581117609683545,0.0,False,1.4982359455898404
constant-control,1128,31,0.001,1.7368066608905792,1.7708841562271118,0.03407665714621544,7.94648144619714e-07,0.6176011028420509,1.083752155303955,0.08799966176350911,6.338142861958806,0.750396631566193,42.585222378392274,0.0,False,1.5485823065973818
constant-control,1129,31,0.001,1.6405328512191772,1.6745135337114334,0.0339798741042614,7.935162216199387e-07,0.6171610870707624,1.0829225778579712,0.08776728312174478,4.21046156972399,0.7503963949125139,42.58912848082926,0.0,False,1.5328207914717495
constant-control,1130,31,0.001,1.672180488705635,1.7058996558189392,0.03371845930814743,7.903868208813947e-07,0.6159428759377138,1.0806759595870972,0.087190310160319,6.203456591120662,0.750396631566193,42.592761930656444,0.0,False,1.5643176366575062
constant-control,1131,31,0.001,1.4166649281978607,1.4499472975730896,0.033281583338975906,7.850933343434008e-07,0.6138768566769048,1.076901912689209,0.08616193135579427,4.992271632507247,0.750396631566193,42.596184141584736,0.0,False,1.5639688898809254
constant-control,1132,31,0.001,1.1291055157780647,1.1619855538010597,0.032879237085580826,7.801798460604914e-07,0.6119529018858816,1.0734041929244995,0.08510875701904297,4.6740675966795475,0.750396631566193,42.59945232916762,0.0,False,1.5093792052939534
constant-control,1133,31,0.001,1.7469156235456467,1.7794355154037476,0.03251906856894493,7.75733553837199e-07,0.6102066270723808,1.070254921913147,0.08434867858886719,7.834830689177421,0.750396631566193,42.60251878931161,0.0,False,1.5009578578174114
constant-control,1134,31,0.001,1.3230019733309746,1.3550235331058502,0.03202078491449356,7.69612711337686e-07,0.6077944491847888,1.0658690929412842,0.08300018310546875,3.8092486259312803,0.750396631566193,42.60563229384231,0.0,False,1.5146464072167873
constant-control,1135,31,0.001,2.2977336049079895,2.3293018341064453,0.03156751021742821,7.640488206561713e-07,0.605593472962586,1.0618497133255005,0.08187707265218098,6.223915695374539,0.750396631566193,42.608647332805646,0.0,False,1.5909143080934882
constant-control,1136,31,0.001,1.0674219131469727,1.0986136198043823,0.031190937384963036,7.594344992867263e-07,0.6037620018432373,1.0584884881973267,0.08099365234375,3.430136784839093,0.750396631566193,42.61158567825348,0.0,False,1.5555051248520613
constant-control,1137,31,0.001,1.211376279592514,1.2422154992818832,0.030838510021567345,7.551334419986233e-07,0.6020498865299608,1.0553243160247803,0.08003489176432291,3.7599018213012676,0.750396631566193,42.61450419043431,0.0,False,1.5156030915677547
constant-control,1138,31,0.001,1.2380118370056152,1.2684912011027336,0.03047865629196167,7.506976658078202e-07,0.6002789892754403,1.0520747900009155,0.07912540435791016,4.4398138198011265,0.750396631566193,42.617274223198855,0.0,False,1.4674075432121754
constant-control,1139,31,0.001,1.6785319447517395,1.7087251842021942,0.030192522332072258,7.471825256288867e-07,0.5988719419350559,1.049477219581604,0.0784002939860026,12.924531411588948,0.750396631566193,42.620291238198725,0.0,False,1.5032523917034268
constant-control,1140,31,0.001,1.6078362166881561,1.6382598578929901,0.030422886833548546,7.501579375457368e-07,0.6000631668034849,1.0515694618225098,0.07908153533935547,6.1025341347623705,0.750396631566193,42.62336812405095,0.0,False,1.4952205875888467
constant-control,1141,31,0.001,1.3860498815774918,1.4166718870401382,0.030621269717812538,7.527279421992716e-07,0.6010901830652148,1.053364872932434,0.07961146036783853,4.853840221409856,0.750396631566193,42.626437609522235,0.0,False,1.5149562070146203
constant-control,1142,31,0.001,1.6581257618963718,1.688865713775158,0.030739223584532738,7.542497542090132e-07,0.6016974703431385,1.0544296503067017,0.0800479253133138,7.541320816631738,0.750396631566193,42.629348306416546,0.0,False,1.5466346547473222
constant-control,1143,31,0.001,1.5658309757709503,1.5967625379562378,0.03093084692955017,7.566831072836067e-07,0.602667299686949,1.0561550855636597,0.080535888671875,6.415504778367542,0.750396631566193,42.632466478122836,0.0,False,1.5235079035628587
constant-control,1144,31,0.001,1.7720293998718262,1.8030405044555664,0.031010419130325317,7.577142469017417e-07,0.6030777941501798,1.0568699836730957,0.08082866668701172,11.129704177257068,0.750396631566193,42.635395490673666,0.0,False,1.5257093247491866
constant-control,1145,31,0.001,0.9812455475330353,1.0126784443855286,0.0314321331679821,7.630542881997826e-07,0.6051992105025351,1.0606436729431152,0.08194319407145181,6.2197361137850145,0.750396631566193,42.638463833192986,0.0,False,1.4845038682688028
constant-control,1146,31,0.001,0.9623824059963226,0.9943294525146484,0.031946271657943726,7.695355748182919e-07,0.6077639910117906,1.0652103424072266,0.08335812886555989,3.469542976943056,0.750396631566193,42.64166189605632,0.0,False,1.4401414880994707
constant-control,1147,31,0.001,1.2223442867398262,1.2547213286161423,0.0323762521147728,7.749618475827447e-07,0.6099030059665551,1.069001317024231,0.08439509073893228,5.923653513520328,0.750396631566193,42.645021762208174,0.0,False,1.4279964480083436
constant-control,1148,31,0.001,1.0501353442668915,1.0830551981925964,0.03291904553771019,7.817456548764312e-07,0.6125666560687969,1.0737512111663818,0.08584086100260416,4.933524685248877,0.750396631566193,42.64842540025319,0.0,False,1.4230608122888952
constant-control,1149,31,0.001,1.151066467165947,1.1843921393156052,0.03332488238811493,7.869073783695058e-07,0.6145856612602681,1.0772770643234253,0.08695125579833984,4.104014707915243,0.7503963949125139,42.651788495502764,0.0,False,1.385820240015164
constant-control,1150,31,0.001,1.1871049106121063,1.2208132445812225,0.03370753675699234,7.917804509816051e-07,0.616485672860695,1.0805819034576416,0.08800824483235677,8.10099493015355,0.750396631566193,42.65505471374007,0.0,False,1.3773266735952348
constant-control,1151,31,0.001,1.9454151391983032,1.9793390035629272,0.033923085778951645,7.946594564600673e-07,0.6176054764521582,1.0824352502822876,0.08853530883789062,9.060688133293322,0.750396631566193,42.6583019338949,0.0,False,1.3553067694883794
constant-control,1152,31,0.001,1.845957800745964,1.88011834025383,0.03415975719690323,7.977135396686208e-07,0.6187911777853949,1.0844634771347046,0.08905569712320963,7.976235980340384,0.750396631566193,42.66159356207045,0.0,False,1.4039652624633163
