Loading pipeline components...:   0%|                    | 0/6 [00:00<?, ?it/s]Loading pipeline components...:  17%|██          | 1/6 [00:00<00:01,  2.54it/s]Loading pipeline components...:  67%|████████    | 4/6 [00:19<00:10,  5.11s/it]Loading pipeline components...:  83%|██████████  | 5/6 [00:24<00:05,  5.10s/it]Loading pipeline components...: 100%|████████████| 6/6 [00:24<00:00,  3.86s/it]Loading pipeline components...: 100%|████████████| 6/6 [00:24<00:00,  4.14s/it]
/inspire/ssd/project/exploration-topic/czxs26210936/envs/vlm-r3-ngc2502/lib/python3.12/site-packages/diffusers/loaders/lora_pipeline.py:6850: FutureWarning: `LoraLoaderMixin` is deprecated and will be removed in version 1.0.0. LoraLoaderMixin is deprecated and this will be removed in a future version. Please use `StableDiffusionLoraLoaderMixin`, instead.
  deprecate("LoraLoaderMixin", "1.0.0", deprecation_message)
{"cached": 1, "total": 730, "stage": "write"}
{"cached": 2, "total": 730, "stage": "write"}
{"cached": 3, "total": 730, "stage": "write"}
{"cached": 4, "total": 730, "stage": "write"}
{"cached": 5, "total": 730, "stage": "write"}
{"cached": 6, "total": 730, "stage": "write"}
{"cached": 7, "total": 730, "stage": "write"}
{"cached": 8, "total": 730, "stage": "write"}
{"cached": 9, "total": 730, "stage": "write"}
{"cached": 10, "total": 730, "stage": "write"}
{"cached": 11, "total": 730, "stage": "write"}
{"cached": 12, "total": 730, "stage": "write"}
{"cached": 13, "total": 730, "stage": "write"}
{"cached": 14, "total": 730, "stage": "write"}
{"cached": 15, "total": 730, "stage": "write"}
{"cached": 16, "total": 730, "stage": "write"}
{"cached": 17, "total": 730, "stage": "write"}
{"cached": 18, "total": 730, "stage": "write"}
{"cached": 19, "total": 730, "stage": "write"}
{"cached": 20, "total": 730, "stage": "write"}
{"cached": 21, "total": 730, "stage": "write"}
{"cached": 22, "total": 730, "stage": "write"}
{"cached": 23, "total": 730, "stage": "write"}
{"cached": 24, "total": 730, "stage": "write"}
{"cached": 25, "total": 730, "stage": "write"}
{"cached": 26, "total": 730, "stage": "write"}
{"cached": 27, "total": 730, "stage": "write"}
{"cached": 28, "total": 730, "stage": "write"}
{"cached": 29, "total": 730, "stage": "write"}
{"cached": 30, "total": 730, "stage": "write"}
{"cached": 31, "total": 730, "stage": "write"}
{"cached": 32, "total": 730, "stage": "write"}
{"cached": 33, "total": 730, "stage": "write"}
{"cached": 34, "total": 730, "stage": "write"}
{"cached": 35, "total": 730, "stage": "write"}
{"cached": 36, "total": 730, "stage": "write"}
{"cached": 37, "total": 730, "stage": "write"}
{"cached": 38, "total": 730, "stage": "write"}
{"cached": 39, "total": 730, "stage": "write"}
{"cached": 40, "total": 730, "stage": "write"}
{"cached": 41, "total": 730, "stage": "write"}
{"cached": 42, "total": 730, "stage": "write"}
{"cached": 43, "total": 730, "stage": "write"}
{"cached": 44, "total": 730, "stage": "write"}
{"cached": 45, "total": 730, "stage": "write"}
{"cached": 46, "total": 730, "stage": "write"}
{"cached": 47, "total": 730, "stage": "write"}
{"cached": 48, "total": 730, "stage": "write"}
{"cached": 49, "total": 730, "stage": "write"}
{"cached": 50, "total": 730, "stage": "write"}
{"cached": 51, "total": 730, "stage": "write"}
{"cached": 52, "total": 730, "stage": "write"}
{"cached": 53, "total": 730, "stage": "write"}
{"cached": 54, "total": 730, "stage": "write"}
{"cached": 55, "total": 730, "stage": "write"}
{"cached": 56, "total": 730, "stage": "write"}
{"cached": 57, "total": 730, "stage": "write"}
{"cached": 58, "total": 730, "stage": "write"}
{"cached": 59, "total": 730, "stage": "write"}
{"cached": 60, "total": 730, "stage": "write"}
{"cached": 61, "total": 730, "stage": "write"}
{"cached": 62, "total": 730, "stage": "write"}
{"cached": 63, "total": 730, "stage": "write"}
{"cached": 64, "total": 730, "stage": "write"}
{"cached": 65, "total": 730, "stage": "write"}
{"cached": 66, "total": 730, "stage": "write"}
{"cached": 67, "total": 730, "stage": "write"}
{"cached": 68, "total": 730, "stage": "write"}
{"cached": 69, "total": 730, "stage": "write"}
{"cached": 70, "total": 730, "stage": "write"}
{"cached": 71, "total": 730, "stage": "write"}
{"cached": 72, "total": 730, "stage": "write"}
{"cached": 73, "total": 730, "stage": "write"}
{"cached": 74, "total": 730, "stage": "write"}
{"cached": 75, "total": 730, "stage": "write"}
{"cached": 76, "total": 730, "stage": "write"}
{"cached": 77, "total": 730, "stage": "write"}
{"cached": 78, "total": 730, "stage": "write"}
{"cached": 79, "total": 730, "stage": "write"}
{"cached": 80, "total": 730, "stage": "write"}
{"cached": 81, "total": 730, "stage": "write"}
{"cached": 82, "total": 730, "stage": "write"}
{"cached": 83, "total": 730, "stage": "write"}
{"cached": 84, "total": 730, "stage": "write"}
{"cached": 85, "total": 730, "stage": "write"}
{"cached": 86, "total": 730, "stage": "write"}
{"cached": 87, "total": 730, "stage": "write"}
{"cached": 88, "total": 730, "stage": "write"}
{"cached": 89, "total": 730, "stage": "write"}
{"cached": 90, "total": 730, "stage": "write"}
{"cached": 91, "total": 730, "stage": "write"}
{"cached": 92, "total": 730, "stage": "write"}
{"cached": 93, "total": 730, "stage": "write"}
{"cached": 94, "total": 730, "stage": "write"}
{"cached": 95, "total": 730, "stage": "write"}
{"cached": 96, "total": 730, "stage": "write"}
{"cached": 97, "total": 730, "stage": "write"}
{"cached": 98, "total": 730, "stage": "write"}
{"cached": 99, "total": 730, "stage": "write"}
{"cached": 100, "total": 730, "stage": "write"}
{"cached": 101, "total": 730, "stage": "write"}
{"cached": 102, "total": 730, "stage": "write"}
{"cached": 103, "total": 730, "stage": "write"}
{"cached": 104, "total": 730, "stage": "write"}
{"cached": 105, "total": 730, "stage": "write"}
{"cached": 106, "total": 730, "stage": "write"}
{"cached": 107, "total": 730, "stage": "write"}
{"cached": 108, "total": 730, "stage": "write"}
{"cached": 109, "total": 730, "stage": "write"}
{"cached": 110, "total": 730, "stage": "write"}
{"cached": 111, "total": 730, "stage": "write"}
{"cached": 112, "total": 730, "stage": "write"}
{"cached": 113, "total": 730, "stage": "write"}
{"cached": 114, "total": 730, "stage": "write"}
{"cached": 115, "total": 730, "stage": "write"}
{"cached": 116, "total": 730, "stage": "write"}
{"cached": 117, "total": 730, "stage": "write"}
{"cached": 118, "total": 730, "stage": "write"}
{"cached": 119, "total": 730, "stage": "write"}
{"cached": 120, "total": 730, "stage": "write"}
{"cached": 121, "total": 730, "stage": "write"}
{"cached": 122, "total": 730, "stage": "write"}
{"cached": 123, "total": 730, "stage": "write"}
{"cached": 124, "total": 730, "stage": "write"}
{"cached": 125, "total": 730, "stage": "write"}
{"cached": 126, "total": 730, "stage": "write"}
{"cached": 127, "total": 730, "stage": "write"}
{"cached": 128, "total": 730, "stage": "write"}
{"cached": 129, "total": 730, "stage": "write"}
{"cached": 130, "total": 730, "stage": "write"}
{"cached": 131, "total": 730, "stage": "write"}
{"cached": 132, "total": 730, "stage": "write"}
{"cached": 133, "total": 730, "stage": "write"}
{"cached": 134, "total": 730, "stage": "write"}
{"cached": 135, "total": 730, "stage": "write"}
{"cached": 136, "total": 730, "stage": "write"}
{"cached": 137, "total": 730, "stage": "write"}
{"cached": 138, "total": 730, "stage": "write"}
{"cached": 139, "total": 730, "stage": "write"}
{"cached": 140, "total": 730, "stage": "write"}
{"cached": 141, "total": 730, "stage": "write"}
{"cached": 142, "total": 730, "stage": "write"}
{"cached": 143, "total": 730, "stage": "write"}
{"cached": 144, "total": 730, "stage": "write"}
{"cached": 145, "total": 730, "stage": "write"}
{"cached": 146, "total": 730, "stage": "write"}
{"cached": 147, "total": 730, "stage": "write"}
{"cached": 148, "total": 730, "stage": "write"}
{"cached": 149, "total": 730, "stage": "write"}
{"cached": 150, "total": 730, "stage": "write"}
{"cached": 151, "total": 730, "stage": "write"}
{"cached": 152, "total": 730, "stage": "write"}
{"cached": 153, "total": 730, "stage": "write"}
{"cached": 154, "total": 730, "stage": "write"}
{"cached": 155, "total": 730, "stage": "write"}
{"cached": 156, "total": 730, "stage": "write"}
{"cached": 157, "total": 730, "stage": "write"}
{"cached": 158, "total": 730, "stage": "write"}
{"cached": 159, "total": 730, "stage": "write"}
{"cached": 160, "total": 730, "stage": "write"}
{"cached": 161, "total": 730, "stage": "write"}
{"cached": 162, "total": 730, "stage": "write"}
{"cached": 163, "total": 730, "stage": "write"}
{"cached": 164, "total": 730, "stage": "write"}
{"cached": 165, "total": 730, "stage": "write"}
{"cached": 166, "total": 730, "stage": "write"}
{"cached": 167, "total": 730, "stage": "write"}
{"cached": 168, "total": 730, "stage": "write"}
{"cached": 169, "total": 730, "stage": "write"}
{"cached": 170, "total": 730, "stage": "write"}
{"cached": 171, "total": 730, "stage": "write"}
{"cached": 172, "total": 730, "stage": "write"}
{"cached": 173, "total": 730, "stage": "write"}
{"cached": 174, "total": 730, "stage": "write"}
{"cached": 175, "total": 730, "stage": "write"}
{"cached": 176, "total": 730, "stage": "write"}
{"cached": 177, "total": 730, "stage": "write"}
{"cached": 178, "total": 730, "stage": "write"}
{"cached": 179, "total": 730, "stage": "write"}
{"cached": 180, "total": 730, "stage": "write"}
{"cached": 181, "total": 730, "stage": "write"}
{"cached": 182, "total": 730, "stage": "write"}
{"cached": 183, "total": 730, "stage": "write"}
{"cached": 184, "total": 730, "stage": "write"}
{"cached": 185, "total": 730, "stage": "write"}
{"cached": 186, "total": 730, "stage": "write"}
{"cached": 187, "total": 730, "stage": "write"}
{"cached": 188, "total": 730, "stage": "write"}
{"cached": 189, "total": 730, "stage": "write"}
{"cached": 190, "total": 730, "stage": "write"}
{"cached": 191, "total": 730, "stage": "write"}
{"cached": 192, "total": 730, "stage": "write"}
{"cached": 193, "total": 730, "stage": "write"}
{"cached": 194, "total": 730, "stage": "write"}
{"cached": 195, "total": 730, "stage": "write"}
{"cached": 196, "total": 730, "stage": "write"}
{"cached": 197, "total": 730, "stage": "write"}
{"cached": 198, "total": 730, "stage": "write"}
{"cached": 199, "total": 730, "stage": "write"}
{"cached": 200, "total": 730, "stage": "write"}
{"cached": 201, "total": 730, "stage": "write"}
{"cached": 202, "total": 730, "stage": "write"}
{"cached": 203, "total": 730, "stage": "write"}
{"cached": 204, "total": 730, "stage": "write"}
{"cached": 205, "total": 730, "stage": "write"}
{"cached": 206, "total": 730, "stage": "write"}
{"cached": 207, "total": 730, "stage": "write"}
{"cached": 208, "total": 730, "stage": "write"}
{"cached": 209, "total": 730, "stage": "write"}
{"cached": 210, "total": 730, "stage": "write"}
{"cached": 211, "total": 730, "stage": "write"}
{"cached": 212, "total": 730, "stage": "write"}
{"cached": 213, "total": 730, "stage": "write"}
{"cached": 214, "total": 730, "stage": "write"}
{"cached": 215, "total": 730, "stage": "write"}
{"cached": 216, "total": 730, "stage": "write"}
{"cached": 217, "total": 730, "stage": "write"}
{"cached": 218, "total": 730, "stage": "write"}
{"cached": 219, "total": 730, "stage": "write"}
{"cached": 220, "total": 730, "stage": "write"}
{"cached": 221, "total": 730, "stage": "write"}
{"cached": 222, "total": 730, "stage": "write"}
{"cached": 223, "total": 730, "stage": "write"}
{"cached": 224, "total": 730, "stage": "write"}
{"cached": 225, "total": 730, "stage": "write"}
{"cached": 226, "total": 730, "stage": "write"}
{"cached": 227, "total": 730, "stage": "write"}
{"cached": 228, "total": 730, "stage": "write"}
{"cached": 229, "total": 730, "stage": "write"}
{"cached": 230, "total": 730, "stage": "write"}
{"cached": 231, "total": 730, "stage": "write"}
{"cached": 232, "total": 730, "stage": "write"}
{"cached": 233, "total": 730, "stage": "write"}
{"cached": 234, "total": 730, "stage": "write"}
{"cached": 235, "total": 730, "stage": "write"}
{"cached": 236, "total": 730, "stage": "write"}
{"cached": 237, "total": 730, "stage": "write"}
{"cached": 238, "total": 730, "stage": "write"}
{"cached": 239, "total": 730, "stage": "write"}
{"cached": 240, "total": 730, "stage": "write"}
{"cached": 241, "total": 730, "stage": "write"}
{"cached": 242, "total": 730, "stage": "write"}
{"cached": 243, "total": 730, "stage": "write"}
{"cached": 244, "total": 730, "stage": "write"}
{"cached": 245, "total": 730, "stage": "write"}
{"cached": 246, "total": 730, "stage": "write"}
{"cached": 247, "total": 730, "stage": "write"}
{"cached": 248, "total": 730, "stage": "write"}
{"cached": 249, "total": 730, "stage": "write"}
{"cached": 250, "total": 730, "stage": "write"}
{"cached": 251, "total": 730, "stage": "write"}
{"cached": 252, "total": 730, "stage": "write"}
{"cached": 253, "total": 730, "stage": "write"}
{"cached": 254, "total": 730, "stage": "write"}
{"cached": 255, "total": 730, "stage": "write"}
{"cached": 256, "total": 730, "stage": "write"}
{"cached": 257, "total": 730, "stage": "write"}
{"cached": 258, "total": 730, "stage": "write"}
{"cached": 259, "total": 730, "stage": "write"}
{"cached": 260, "total": 730, "stage": "write"}
{"cached": 261, "total": 730, "stage": "write"}
{"cached": 262, "total": 730, "stage": "write"}
{"cached": 263, "total": 730, "stage": "write"}
{"cached": 264, "total": 730, "stage": "write"}
{"cached": 265, "total": 730, "stage": "write"}
{"cached": 266, "total": 730, "stage": "write"}
{"cached": 267, "total": 730, "stage": "write"}
{"cached": 268, "total": 730, "stage": "write"}
{"cached": 269, "total": 730, "stage": "write"}
{"cached": 270, "total": 730, "stage": "write"}
{"cached": 271, "total": 730, "stage": "write"}
{"cached": 272, "total": 730, "stage": "write"}
{"cached": 273, "total": 730, "stage": "write"}
{"cached": 274, "total": 730, "stage": "write"}
{"cached": 275, "total": 730, "stage": "write"}
{"cached": 276, "total": 730, "stage": "write"}
{"cached": 277, "total": 730, "stage": "write"}
{"cached": 278, "total": 730, "stage": "write"}
{"cached": 279, "total": 730, "stage": "write"}
{"cached": 280, "total": 730, "stage": "write"}
{"cached": 281, "total": 730, "stage": "write"}
{"cached": 282, "total": 730, "stage": "write"}
{"cached": 283, "total": 730, "stage": "write"}
{"cached": 284, "total": 730, "stage": "write"}
{"cached": 285, "total": 730, "stage": "write"}
{"cached": 286, "total": 730, "stage": "write"}
{"cached": 287, "total": 730, "stage": "write"}
{"cached": 288, "total": 730, "stage": "write"}
{"cached": 289, "total": 730, "stage": "write"}
{"cached": 290, "total": 730, "stage": "write"}
{"cached": 291, "total": 730, "stage": "write"}
{"cached": 292, "total": 730, "stage": "write"}
{"cached": 293, "total": 730, "stage": "write"}
{"cached": 294, "total": 730, "stage": "write"}
{"cached": 295, "total": 730, "stage": "write"}
{"cached": 296, "total": 730, "stage": "write"}
{"cached": 297, "total": 730, "stage": "write"}
{"cached": 298, "total": 730, "stage": "write"}
{"cached": 299, "total": 730, "stage": "write"}
{"cached": 300, "total": 730, "stage": "write"}
{"cached": 301, "total": 730, "stage": "write"}
{"cached": 302, "total": 730, "stage": "write"}
{"cached": 303, "total": 730, "stage": "write"}
{"cached": 304, "total": 730, "stage": "write"}
{"cached": 305, "total": 730, "stage": "write"}
{"cached": 306, "total": 730, "stage": "write"}
{"cached": 307, "total": 730, "stage": "write"}
{"cached": 308, "total": 730, "stage": "write"}
{"cached": 309, "total": 730, "stage": "write"}
{"cached": 310, "total": 730, "stage": "write"}
{"cached": 311, "total": 730, "stage": "write"}
{"cached": 312, "total": 730, "stage": "write"}
{"cached": 313, "total": 730, "stage": "write"}
{"cached": 314, "total": 730, "stage": "write"}
{"cached": 315, "total": 730, "stage": "write"}
{"cached": 316, "total": 730, "stage": "write"}
{"cached": 317, "total": 730, "stage": "write"}
{"cached": 318, "total": 730, "stage": "write"}
{"cached": 319, "total": 730, "stage": "write"}
{"cached": 320, "total": 730, "stage": "write"}
{"cached": 321, "total": 730, "stage": "write"}
{"cached": 322, "total": 730, "stage": "write"}
{"cached": 323, "total": 730, "stage": "write"}
{"cached": 324, "total": 730, "stage": "write"}
{"cached": 325, "total": 730, "stage": "write"}
{"cached": 326, "total": 730, "stage": "write"}
{"cached": 327, "total": 730, "stage": "write"}
{"cached": 328, "total": 730, "stage": "write"}
{"cached": 329, "total": 730, "stage": "write"}
{"cached": 330, "total": 730, "stage": "write"}
{"cached": 331, "total": 730, "stage": "write"}
{"cached": 332, "total": 730, "stage": "write"}
{"cached": 333, "total": 730, "stage": "write"}
{"cached": 334, "total": 730, "stage": "write"}
{"cached": 335, "total": 730, "stage": "write"}
{"cached": 336, "total": 730, "stage": "write"}
{"cached": 337, "total": 730, "stage": "write"}
{"cached": 338, "total": 730, "stage": "write"}
{"cached": 339, "total": 730, "stage": "write"}
{"cached": 340, "total": 730, "stage": "write"}
{"cached": 341, "total": 730, "stage": "write"}
{"cached": 342, "total": 730, "stage": "write"}
{"cached": 343, "total": 730, "stage": "write"}
{"cached": 344, "total": 730, "stage": "write"}
{"cached": 345, "total": 730, "stage": "write"}
{"cached": 346, "total": 730, "stage": "write"}
{"cached": 347, "total": 730, "stage": "write"}
{"cached": 348, "total": 730, "stage": "write"}
{"cached": 349, "total": 730, "stage": "write"}
{"cached": 350, "total": 730, "stage": "write"}
{"cached": 351, "total": 730, "stage": "write"}
{"cached": 352, "total": 730, "stage": "write"}
{"cached": 353, "total": 730, "stage": "write"}
{"cached": 354, "total": 730, "stage": "write"}
{"cached": 355, "total": 730, "stage": "write"}
{"cached": 356, "total": 730, "stage": "write"}
{"cached": 357, "total": 730, "stage": "write"}
{"cached": 358, "total": 730, "stage": "write"}
{"cached": 359, "total": 730, "stage": "write"}
{"cached": 360, "total": 730, "stage": "write"}
{"cached": 361, "total": 730, "stage": "write"}
{"cached": 362, "total": 730, "stage": "write"}
{"cached": 363, "total": 730, "stage": "write"}
{"cached": 364, "total": 730, "stage": "write"}
{"cached": 365, "total": 730, "stage": "write"}
{"cached": 366, "total": 730, "stage": "write"}
{"cached": 367, "total": 730, "stage": "write"}
{"cached": 368, "total": 730, "stage": "write"}
{"cached": 369, "total": 730, "stage": "write"}
{"cached": 370, "total": 730, "stage": "write"}
{"cached": 371, "total": 730, "stage": "write"}
{"cached": 372, "total": 730, "stage": "write"}
{"cached": 373, "total": 730, "stage": "write"}
{"cached": 374, "total": 730, "stage": "write"}
{"cached": 375, "total": 730, "stage": "write"}
{"cached": 376, "total": 730, "stage": "write"}
{"cached": 377, "total": 730, "stage": "write"}
{"cached": 378, "total": 730, "stage": "write"}
{"cached": 379, "total": 730, "stage": "write"}
{"cached": 380, "total": 730, "stage": "write"}
{"cached": 381, "total": 730, "stage": "write"}
{"cached": 382, "total": 730, "stage": "write"}
{"cached": 383, "total": 730, "stage": "write"}
{"cached": 384, "total": 730, "stage": "write"}
{"cached": 385, "total": 730, "stage": "write"}
{"cached": 386, "total": 730, "stage": "write"}
{"cached": 387, "total": 730, "stage": "write"}
{"cached": 388, "total": 730, "stage": "write"}
{"cached": 389, "total": 730, "stage": "write"}
{"cached": 390, "total": 730, "stage": "write"}
{"cached": 391, "total": 730, "stage": "write"}
{"cached": 392, "total": 730, "stage": "write"}
{"cached": 393, "total": 730, "stage": "write"}
{"cached": 394, "total": 730, "stage": "write"}
{"cached": 395, "total": 730, "stage": "write"}
{"cached": 396, "total": 730, "stage": "write"}
{"cached": 397, "total": 730, "stage": "write"}
{"cached": 398, "total": 730, "stage": "write"}
{"cached": 399, "total": 730, "stage": "write"}
{"cached": 400, "total": 730, "stage": "write"}
{"cached": 401, "total": 730, "stage": "write"}
{"cached": 402, "total": 730, "stage": "write"}
{"cached": 403, "total": 730, "stage": "write"}
{"cached": 404, "total": 730, "stage": "write"}
{"cached": 405, "total": 730, "stage": "write"}
{"cached": 406, "total": 730, "stage": "write"}
{"cached": 407, "total": 730, "stage": "write"}
{"cached": 408, "total": 730, "stage": "write"}
{"cached": 409, "total": 730, "stage": "write"}
{"cached": 410, "total": 730, "stage": "write"}
{"cached": 411, "total": 730, "stage": "write"}
{"cached": 412, "total": 730, "stage": "write"}
{"cached": 413, "total": 730, "stage": "write"}
{"cached": 414, "total": 730, "stage": "write"}
{"cached": 415, "total": 730, "stage": "write"}
{"cached": 416, "total": 730, "stage": "write"}
{"cached": 417, "total": 730, "stage": "write"}
{"cached": 418, "total": 730, "stage": "write"}
{"cached": 419, "total": 730, "stage": "write"}
{"cached": 420, "total": 730, "stage": "write"}
{"cached": 421, "total": 730, "stage": "write"}
{"cached": 422, "total": 730, "stage": "write"}
{"cached": 423, "total": 730, "stage": "write"}
{"cached": 424, "total": 730, "stage": "write"}
{"cached": 425, "total": 730, "stage": "write"}
{"cached": 426, "total": 730, "stage": "write"}
{"cached": 427, "total": 730, "stage": "write"}
{"cached": 428, "total": 730, "stage": "write"}
{"cached": 429, "total": 730, "stage": "write"}
{"cached": 430, "total": 730, "stage": "write"}
{"cached": 431, "total": 730, "stage": "write"}
{"cached": 432, "total": 730, "stage": "write"}
{"cached": 433, "total": 730, "stage": "write"}
{"cached": 434, "total": 730, "stage": "write"}
{"cached": 435, "total": 730, "stage": "write"}
{"cached": 436, "total": 730, "stage": "write"}
{"cached": 437, "total": 730, "stage": "write"}
{"cached": 438, "total": 730, "stage": "write"}
{"cached": 439, "total": 730, "stage": "write"}
{"cached": 440, "total": 730, "stage": "write"}
{"cached": 441, "total": 730, "stage": "write"}
{"cached": 442, "total": 730, "stage": "write"}
{"cached": 443, "total": 730, "stage": "write"}
{"cached": 444, "total": 730, "stage": "write"}
{"cached": 445, "total": 730, "stage": "write"}
{"cached": 446, "total": 730, "stage": "write"}
{"cached": 447, "total": 730, "stage": "write"}
{"cached": 448, "total": 730, "stage": "write"}
{"cached": 449, "total": 730, "stage": "write"}
{"cached": 450, "total": 730, "stage": "write"}
{"cached": 451, "total": 730, "stage": "write"}
{"cached": 452, "total": 730, "stage": "write"}
{"cached": 453, "total": 730, "stage": "write"}
{"cached": 454, "total": 730, "stage": "write"}
{"cached": 455, "total": 730, "stage": "write"}
{"cached": 456, "total": 730, "stage": "write"}
{"cached": 457, "total": 730, "stage": "write"}
{"cached": 458, "total": 730, "stage": "write"}
{"cached": 459, "total": 730, "stage": "write"}
{"cached": 460, "total": 730, "stage": "write"}
{"cached": 461, "total": 730, "stage": "write"}
{"cached": 462, "total": 730, "stage": "write"}
{"cached": 463, "total": 730, "stage": "write"}
{"cached": 464, "total": 730, "stage": "write"}
{"cached": 465, "total": 730, "stage": "write"}
{"cached": 466, "total": 730, "stage": "write"}
{"cached": 467, "total": 730, "stage": "write"}
{"cached": 468, "total": 730, "stage": "write"}
{"cached": 469, "total": 730, "stage": "write"}
{"cached": 470, "total": 730, "stage": "write"}
{"cached": 471, "total": 730, "stage": "write"}
{"cached": 472, "total": 730, "stage": "write"}
{"cached": 473, "total": 730, "stage": "write"}
{"cached": 474, "total": 730, "stage": "write"}
{"cached": 475, "total": 730, "stage": "write"}
{"cached": 476, "total": 730, "stage": "write"}
{"cached": 477, "total": 730, "stage": "write"}
{"cached": 478, "total": 730, "stage": "write"}
{"cached": 479, "total": 730, "stage": "write"}
{"cached": 480, "total": 730, "stage": "write"}
{"cached": 481, "total": 730, "stage": "write"}
{"cached": 482, "total": 730, "stage": "write"}
{"cached": 483, "total": 730, "stage": "write"}
{"cached": 484, "total": 730, "stage": "write"}
{"cached": 485, "total": 730, "stage": "write"}
{"cached": 486, "total": 730, "stage": "write"}
{"cached": 487, "total": 730, "stage": "write"}
{"cached": 488, "total": 730, "stage": "write"}
{"cached": 489, "total": 730, "stage": "write"}
{"cached": 490, "total": 730, "stage": "write"}
{"cached": 491, "total": 730, "stage": "write"}
{"cached": 492, "total": 730, "stage": "write"}
{"cached": 493, "total": 730, "stage": "write"}
{"cached": 494, "total": 730, "stage": "write"}
{"cached": 495, "total": 730, "stage": "write"}
{"cached": 496, "total": 730, "stage": "write"}
{"cached": 497, "total": 730, "stage": "write"}
{"cached": 498, "total": 730, "stage": "write"}
{"cached": 499, "total": 730, "stage": "write"}
{"cached": 500, "total": 730, "stage": "write"}
{"cached": 501, "total": 730, "stage": "write"}
{"cached": 502, "total": 730, "stage": "write"}
{"cached": 503, "total": 730, "stage": "write"}
{"cached": 504, "total": 730, "stage": "write"}
{"cached": 505, "total": 730, "stage": "write"}
{"cached": 506, "total": 730, "stage": "write"}
{"cached": 507, "total": 730, "stage": "write"}
{"cached": 508, "total": 730, "stage": "write"}
{"cached": 509, "total": 730, "stage": "write"}
{"cached": 510, "total": 730, "stage": "write"}
{"cached": 511, "total": 730, "stage": "write"}
{"cached": 512, "total": 730, "stage": "write"}
{"cached": 513, "total": 730, "stage": "write"}
{"cached": 514, "total": 730, "stage": "write"}
{"cached": 515, "total": 730, "stage": "write"}
{"cached": 516, "total": 730, "stage": "write"}
{"cached": 517, "total": 730, "stage": "write"}
{"cached": 518, "total": 730, "stage": "write"}
{"cached": 519, "total": 730, "stage": "write"}
{"cached": 520, "total": 730, "stage": "write"}
{"cached": 521, "total": 730, "stage": "write"}
{"cached": 522, "total": 730, "stage": "write"}
{"cached": 523, "total": 730, "stage": "write"}
{"cached": 524, "total": 730, "stage": "write"}
{"cached": 525, "total": 730, "stage": "write"}
{"cached": 526, "total": 730, "stage": "write"}
{"cached": 527, "total": 730, "stage": "write"}
{"cached": 528, "total": 730, "stage": "write"}
{"cached": 529, "total": 730, "stage": "write"}
{"cached": 530, "total": 730, "stage": "write"}
{"cached": 531, "total": 730, "stage": "write"}
{"cached": 532, "total": 730, "stage": "write"}
{"cached": 533, "total": 730, "stage": "write"}
{"cached": 534, "total": 730, "stage": "write"}
{"cached": 535, "total": 730, "stage": "write"}
{"cached": 536, "total": 730, "stage": "write"}
{"cached": 537, "total": 730, "stage": "write"}
{"cached": 538, "total": 730, "stage": "write"}
{"cached": 539, "total": 730, "stage": "write"}
{"cached": 540, "total": 730, "stage": "write"}
{"cached": 541, "total": 730, "stage": "write"}
{"cached": 542, "total": 730, "stage": "write"}
{"cached": 543, "total": 730, "stage": "write"}
{"cached": 544, "total": 730, "stage": "write"}
{"cached": 545, "total": 730, "stage": "write"}
{"cached": 546, "total": 730, "stage": "write"}
{"cached": 547, "total": 730, "stage": "write"}
{"cached": 548, "total": 730, "stage": "write"}
{"cached": 549, "total": 730, "stage": "write"}
{"cached": 550, "total": 730, "stage": "write"}
{"cached": 551, "total": 730, "stage": "write"}
{"cached": 552, "total": 730, "stage": "write"}
{"cached": 553, "total": 730, "stage": "write"}
{"cached": 554, "total": 730, "stage": "write"}
{"cached": 555, "total": 730, "stage": "write"}
{"cached": 556, "total": 730, "stage": "write"}
{"cached": 557, "total": 730, "stage": "write"}
{"cached": 558, "total": 730, "stage": "write"}
{"cached": 559, "total": 730, "stage": "write"}
{"cached": 560, "total": 730, "stage": "write"}
{"cached": 561, "total": 730, "stage": "write"}
{"cached": 562, "total": 730, "stage": "write"}
{"cached": 563, "total": 730, "stage": "write"}
{"cached": 564, "total": 730, "stage": "write"}
{"cached": 565, "total": 730, "stage": "write"}
{"cached": 566, "total": 730, "stage": "write"}
{"cached": 567, "total": 730, "stage": "write"}
{"cached": 568, "total": 730, "stage": "write"}
{"cached": 569, "total": 730, "stage": "write"}
{"cached": 570, "total": 730, "stage": "write"}
{"cached": 571, "total": 730, "stage": "write"}
{"cached": 572, "total": 730, "stage": "write"}
{"cached": 573, "total": 730, "stage": "write"}
{"cached": 574, "total": 730, "stage": "write"}
{"cached": 575, "total": 730, "stage": "write"}
{"cached": 576, "total": 730, "stage": "write"}
{"cached": 577, "total": 730, "stage": "write"}
{"cached": 578, "total": 730, "stage": "write"}
{"cached": 579, "total": 730, "stage": "write"}
{"cached": 580, "total": 730, "stage": "write"}
{"cached": 581, "total": 730, "stage": "write"}
{"cached": 582, "total": 730, "stage": "write"}
{"cached": 583, "total": 730, "stage": "write"}
{"cached": 584, "total": 730, "stage": "write"}
{"cached": 585, "total": 730, "stage": "write"}
{"cached": 586, "total": 730, "stage": "write"}
{"cached": 587, "total": 730, "stage": "write"}
{"cached": 588, "total": 730, "stage": "write"}
{"cached": 589, "total": 730, "stage": "write"}
{"cached": 590, "total": 730, "stage": "write"}
{"cached": 591, "total": 730, "stage": "write"}
{"cached": 592, "total": 730, "stage": "write"}
{"cached": 593, "total": 730, "stage": "write"}
{"cached": 594, "total": 730, "stage": "write"}
{"cached": 595, "total": 730, "stage": "write"}
{"cached": 596, "total": 730, "stage": "write"}
{"cached": 597, "total": 730, "stage": "write"}
{"cached": 598, "total": 730, "stage": "write"}
{"cached": 599, "total": 730, "stage": "write"}
{"cached": 600, "total": 730, "stage": "write"}
{"cached": 601, "total": 730, "stage": "write"}
{"cached": 602, "total": 730, "stage": "write"}
{"cached": 603, "total": 730, "stage": "write"}
{"cached": 604, "total": 730, "stage": "write"}
{"cached": 605, "total": 730, "stage": "write"}
{"cached": 606, "total": 730, "stage": "write"}
{"cached": 607, "total": 730, "stage": "write"}
{"cached": 608, "total": 730, "stage": "write"}
{"cached": 609, "total": 730, "stage": "write"}
{"cached": 610, "total": 730, "stage": "write"}
{"cached": 611, "total": 730, "stage": "write"}
{"cached": 612, "total": 730, "stage": "write"}
{"cached": 613, "total": 730, "stage": "write"}
{"cached": 614, "total": 730, "stage": "write"}
{"cached": 615, "total": 730, "stage": "write"}
{"cached": 616, "total": 730, "stage": "write"}
{"cached": 617, "total": 730, "stage": "write"}
{"cached": 618, "total": 730, "stage": "write"}
{"cached": 619, "total": 730, "stage": "write"}
{"cached": 620, "total": 730, "stage": "write"}
{"cached": 621, "total": 730, "stage": "write"}
{"cached": 622, "total": 730, "stage": "write"}
{"cached": 623, "total": 730, "stage": "write"}
{"cached": 624, "total": 730, "stage": "write"}
{"cached": 625, "total": 730, "stage": "write"}
{"cached": 626, "total": 730, "stage": "write"}
{"cached": 627, "total": 730, "stage": "write"}
{"cached": 628, "total": 730, "stage": "write"}
{"cached": 629, "total": 730, "stage": "write"}
{"cached": 630, "total": 730, "stage": "write"}
{"cached": 631, "total": 730, "stage": "write"}
{"cached": 632, "total": 730, "stage": "write"}
{"cached": 633, "total": 730, "stage": "write"}
{"cached": 634, "total": 730, "stage": "write"}
{"cached": 635, "total": 730, "stage": "write"}
{"cached": 636, "total": 730, "stage": "write"}
{"cached": 637, "total": 730, "stage": "write"}
{"cached": 638, "total": 730, "stage": "write"}
{"cached": 639, "total": 730, "stage": "write"}
{"cached": 640, "total": 730, "stage": "write"}
{"cached": 641, "total": 730, "stage": "write"}
{"cached": 642, "total": 730, "stage": "write"}
{"cached": 643, "total": 730, "stage": "write"}
{"cached": 644, "total": 730, "stage": "write"}
{"cached": 645, "total": 730, "stage": "write"}
{"cached": 646, "total": 730, "stage": "write"}
{"cached": 647, "total": 730, "stage": "write"}
{"cached": 648, "total": 730, "stage": "write"}
{"cached": 649, "total": 730, "stage": "write"}
{"cached": 650, "total": 730, "stage": "write"}
{"cached": 651, "total": 730, "stage": "write"}
{"cached": 652, "total": 730, "stage": "write"}
{"cached": 653, "total": 730, "stage": "write"}
{"cached": 654, "total": 730, "stage": "write"}
{"cached": 655, "total": 730, "stage": "write"}
{"cached": 656, "total": 730, "stage": "write"}
{"cached": 657, "total": 730, "stage": "write"}
{"cached": 658, "total": 730, "stage": "write"}
{"cached": 659, "total": 730, "stage": "write"}
{"cached": 660, "total": 730, "stage": "write"}
{"cached": 661, "total": 730, "stage": "write"}
{"cached": 662, "total": 730, "stage": "write"}
{"cached": 663, "total": 730, "stage": "write"}
{"cached": 664, "total": 730, "stage": "write"}
{"cached": 665, "total": 730, "stage": "write"}
{"cached": 666, "total": 730, "stage": "write"}
{"cached": 667, "total": 730, "stage": "write"}
{"cached": 668, "total": 730, "stage": "write"}
{"cached": 669, "total": 730, "stage": "write"}
{"cached": 670, "total": 730, "stage": "write"}
{"cached": 671, "total": 730, "stage": "write"}
{"cached": 672, "total": 730, "stage": "write"}
{"cached": 673, "total": 730, "stage": "write"}
{"cached": 674, "total": 730, "stage": "write"}
{"cached": 675, "total": 730, "stage": "write"}
{"cached": 676, "total": 730, "stage": "write"}
{"cached": 677, "total": 730, "stage": "write"}
{"cached": 678, "total": 730, "stage": "write"}
{"cached": 679, "total": 730, "stage": "write"}
{"cached": 680, "total": 730, "stage": "write"}
{"cached": 681, "total": 730, "stage": "write"}
{"cached": 682, "total": 730, "stage": "write"}
{"cached": 683, "total": 730, "stage": "write"}
{"cached": 684, "total": 730, "stage": "write"}
{"cached": 685, "total": 730, "stage": "write"}
{"cached": 686, "total": 730, "stage": "write"}
{"cached": 687, "total": 730, "stage": "write"}
{"cached": 688, "total": 730, "stage": "write"}
{"cached": 689, "total": 730, "stage": "write"}
{"cached": 690, "total": 730, "stage": "write"}
{"cached": 691, "total": 730, "stage": "write"}
{"cached": 692, "total": 730, "stage": "write"}
{"cached": 693, "total": 730, "stage": "write"}
{"cached": 694, "total": 730, "stage": "write"}
{"cached": 695, "total": 730, "stage": "write"}
{"cached": 696, "total": 730, "stage": "write"}
{"cached": 697, "total": 730, "stage": "write"}
{"cached": 698, "total": 730, "stage": "write"}
{"cached": 699, "total": 730, "stage": "write"}
{"cached": 700, "total": 730, "stage": "write"}
{"cached": 701, "total": 730, "stage": "write"}
{"cached": 702, "total": 730, "stage": "write"}
{"cached": 703, "total": 730, "stage": "write"}
{"cached": 704, "total": 730, "stage": "write"}
{"cached": 705, "total": 730, "stage": "write"}
{"cached": 706, "total": 730, "stage": "write"}
{"cached": 707, "total": 730, "stage": "write"}
{"cached": 708, "total": 730, "stage": "write"}
{"cached": 709, "total": 730, "stage": "write"}
{"cached": 710, "total": 730, "stage": "write"}
{"cached": 711, "total": 730, "stage": "write"}
{"cached": 712, "total": 730, "stage": "write"}
{"cached": 713, "total": 730, "stage": "write"}
{"cached": 714, "total": 730, "stage": "write"}
{"cached": 715, "total": 730, "stage": "write"}
{"cached": 716, "total": 730, "stage": "write"}
{"cached": 717, "total": 730, "stage": "write"}
{"cached": 718, "total": 730, "stage": "write"}
{"cached": 719, "total": 730, "stage": "write"}
{"cached": 720, "total": 730, "stage": "write"}
{"cached": 721, "total": 730, "stage": "write"}
{"cached": 722, "total": 730, "stage": "write"}
{"cached": 723, "total": 730, "stage": "write"}
{"cached": 724, "total": 730, "stage": "write"}
{"cached": 725, "total": 730, "stage": "write"}
{"cached": 726, "total": 730, "stage": "write"}
{"cached": 727, "total": 730, "stage": "write"}
{"cached": 728, "total": 730, "stage": "write"}
{"cached": 729, "total": 730, "stage": "write"}
{"cached": 730, "total": 730, "stage": "write"}
{"resumed_at": 23360, "next_step": 23361, "final_step": 93440, "optimizer_states": 1075}
{"step": 23392, "mse": 0.33744853641837835, "seconds": 49.763300413265824}
{"step": 23424, "mse": 0.07231033314019442, "seconds": 99.12501955917105}
{"step": 23456, "mse": 0.16276134690269828, "seconds": 153.22051797807217}
{"step": 23488, "mse": 0.04395662294700742, "seconds": 202.65026890905574}
{"step": 23520, "mse": 0.06693054549396038, "seconds": 252.07523771515116}
{"step": 23552, "mse": 0.3226295914500952, "seconds": 301.03138028411195}
{"step": 23584, "mse": 0.29169340804219246, "seconds": 353.6552768293768}
{"step": 23616, "mse": 0.29815301205962896, "seconds": 401.653120263014}
{"step": 23648, "mse": 0.29728733096271753, "seconds": 449.6587334731594}
{"step": 23680, "mse": 0.09660158958286047, "seconds": 497.74657076923177}
{"step": 23712, "mse": 0.31452650483697653, "seconds": 550.1656844881363}
{"step": 23744, "mse": 0.10716491844505072, "seconds": 599.0114102982916}
{"step": 23776, "mse": 0.7128462195396423, "seconds": 648.6183078950271}
{"step": 23808, "mse": 0.2953477296978235, "seconds": 698.0082187093794}
{"step": 23840, "mse": 0.20841052010655403, "seconds": 751.7004049019888}
{"step": 23872, "mse": 0.13065742515027523, "seconds": 801.1675038961694}
{"step": 23904, "mse": 0.34771226486191154, "seconds": 850.6241125660017}
{"step": 23936, "mse": 0.08641371317207813, "seconds": 898.9541998310015}
{"step": 23968, "mse": 0.21705601084977388, "seconds": 951.133606065996}
{"step": 24000, "mse": 0.05640204017981887, "seconds": 999.1636924603954}
{"step": 24032, "mse": 0.10623480007052422, "seconds": 1047.202059969306}
{"step": 24064, "mse": 0.23174104327335954, "seconds": 1095.233200263232}
{"step": 24096, "mse": 0.1786350402981043, "seconds": 1148.0124695482664}
{"step": 24128, "mse": 0.18812786927446723, "seconds": 1197.5407414152287}
{"step": 24160, "mse": 0.5944176968187094, "seconds": 1246.9806229961105}
{"step": 24192, "mse": 0.04399052727967501, "seconds": 1296.5769120221958}
{"step": 24224, "mse": 0.29448162391781807, "seconds": 1350.9174624090083}
{"step": 24256, "mse": 0.22067414736375213, "seconds": 1400.7808449850418}
{"step": 24288, "mse": 0.28418445587158203, "seconds": 1450.0218699742109}
{"step": 24320, "mse": 0.38533077761530876, "seconds": 1498.6556069203652}
{"step": 24352, "mse": 0.04754998628050089, "seconds": 1551.7201729570515}
{"step": 24384, "mse": 0.20827077981084585, "seconds": 1600.9846895020455}
{"step": 24416, "mse": 0.12229785835370421, "seconds": 1649.9115941771306}
{"step": 24448, "mse": 0.1634070724248886, "seconds": 1698.7808634899557}
{"step": 24480, "mse": 0.10227532871067524, "seconds": 1753.3494641962461}
{"step": 24512, "mse": 0.1086647231131792, "seconds": 1803.6931795440614}
{"step": 24544, "mse": 0.19163343403488398, "seconds": 1854.742798596155}
{"step": 24576, "mse": 0.27915939409285784, "seconds": 1905.4888928551227}
{"step": 24608, "mse": 0.11831118445843458, "seconds": 1961.2876400272362}
{"step": 24640, "mse": 0.20546375028789043, "seconds": 2011.8610636200756}
{"step": 24672, "mse": 0.10719190072268248, "seconds": 2061.2453949400224}
{"step": 24704, "mse": 0.19381659664213657, "seconds": 2110.522283582948}
{"step": 24736, "mse": 0.05598973669111729, "seconds": 2165.1395974070765}
{"step": 24768, "mse": 0.30554014071822166, "seconds": 2214.283216533251}
{"step": 24800, "mse": 0.04122100258246064, "seconds": 2263.4516758602113}
{"step": 24832, "mse": 0.2546945312060416, "seconds": 2313.0447952803224}
{"step": 24864, "mse": 0.18562437873333693, "seconds": 2369.094427772332}
{"step": 24896, "mse": 0.37892608996480703, "seconds": 2419.6423718580045}
{"step": 24928, "mse": 0.13947357703000307, "seconds": 2470.3299488462508}
{"step": 24960, "mse": 0.3251320756971836, "seconds": 2520.9460934470408}
{"step": 24992, "mse": 0.15733163431286812, "seconds": 2576.725982181262}
{"step": 25024, "mse": 0.6317152604460716, "seconds": 2626.8319172672927}
{"step": 25056, "mse": 0.17655911203473806, "seconds": 2675.8062343802303}
{"step": 25088, "mse": 0.3983044698834419, "seconds": 2724.5733092729934}
{"step": 25120, "mse": 0.1706589311361313, "seconds": 2777.5197343672626}
{"step": 25152, "mse": 0.5000524772331119, "seconds": 2826.0650226632133}
{"step": 25184, "mse": 0.49072953686118126, "seconds": 2874.7379237012938}
{"step": 25216, "mse": 0.1033120471984148, "seconds": 2925.2505491590127}
{"step": 25248, "mse": 0.2006201664917171, "seconds": 2980.3486194820143}
{"step": 25280, "mse": 0.10756888799369335, "seconds": 3030.618264773395}
{"step": 25312, "mse": 0.46831800788640976, "seconds": 3080.7235732800327}
{"step": 25344, "mse": 0.04564948286861181, "seconds": 3131.0465316353366}
{"step": 25376, "mse": 0.17213458102196455, "seconds": 3185.872399679385}
{"step": 25408, "mse": 0.05283997114747763, "seconds": 3234.75632310519}
{"step": 25440, "mse": 0.3222897909581661, "seconds": 3283.9133988381363}
{"step": 25472, "mse": 0.03585382364690304, "seconds": 3332.5708970972337}
{"step": 25504, "mse": 0.05931386910378933, "seconds": 3385.7230254360475}
{"step": 25536, "mse": 0.31287376396358013, "seconds": 3434.387677337043}
{"step": 25568, "mse": 0.08803791739046574, "seconds": 3483.604965564329}
{"step": 25600, "mse": 0.17498578131198883, "seconds": 3533.778011170216}
{"step": 25632, "mse": 0.34829436242580414, "seconds": 3588.6513608051464}
{"step": 25664, "mse": 0.3190184384584427, "seconds": 3638.847834201064}
Loading pipeline components...:   0%|                    | 0/6 [00:00<?, ?it/s]Loading pipeline components...:  17%|██          | 1/6 [00:00<00:02,  1.97it/s]Loading pipeline components...:  67%|████████    | 4/6 [00:21<00:11,  5.74s/it]Loading pipeline components...:  83%|██████████  | 5/6 [00:26<00:05,  5.65s/it]Loading pipeline components...: 100%|████████████| 6/6 [00:27<00:00,  4.32s/it]Loading pipeline components...: 100%|████████████| 6/6 [00:27<00:00,  4.63s/it]
/inspire/ssd/project/exploration-topic/czxs26210936/envs/vlm-r3-ngc2502/lib/python3.12/site-packages/diffusers/loaders/lora_pipeline.py:6850: FutureWarning: `LoraLoaderMixin` is deprecated and will be removed in version 1.0.0. LoraLoaderMixin is deprecated and this will be removed in a future version. Please use `StableDiffusionLoraLoaderMixin`, instead.
  deprecate("LoraLoaderMixin", "1.0.0", deprecation_message)
{"cached": 1, "total": 730, "stage": "write"}
{"cached": 2, "total": 730, "stage": "write"}
{"cached": 3, "total": 730, "stage": "write"}
{"cached": 4, "total": 730, "stage": "write"}
{"cached": 5, "total": 730, "stage": "write"}
{"cached": 6, "total": 730, "stage": "write"}
{"cached": 7, "total": 730, "stage": "write"}
{"cached": 8, "total": 730, "stage": "write"}
{"cached": 9, "total": 730, "stage": "write"}
{"cached": 10, "total": 730, "stage": "write"}
{"cached": 11, "total": 730, "stage": "write"}
{"cached": 12, "total": 730, "stage": "write"}
{"cached": 13, "total": 730, "stage": "write"}
{"cached": 14, "total": 730, "stage": "write"}
{"cached": 15, "total": 730, "stage": "write"}
{"cached": 16, "total": 730, "stage": "write"}
{"cached": 17, "total": 730, "stage": "write"}
{"cached": 18, "total": 730, "stage": "write"}
{"cached": 19, "total": 730, "stage": "write"}
{"cached": 20, "total": 730, "stage": "write"}
{"cached": 21, "total": 730, "stage": "write"}
{"cached": 22, "total": 730, "stage": "write"}
{"cached": 23, "total": 730, "stage": "write"}
{"cached": 24, "total": 730, "stage": "write"}
{"cached": 25, "total": 730, "stage": "write"}
{"cached": 26, "total": 730, "stage": "write"}
{"cached": 27, "total": 730, "stage": "write"}
{"cached": 28, "total": 730, "stage": "write"}
{"cached": 29, "total": 730, "stage": "write"}
{"cached": 30, "total": 730, "stage": "write"}
{"cached": 31, "total": 730, "stage": "write"}
{"cached": 32, "total": 730, "stage": "write"}
{"cached": 33, "total": 730, "stage": "write"}
{"cached": 34, "total": 730, "stage": "write"}
{"cached": 35, "total": 730, "stage": "write"}
{"cached": 36, "total": 730, "stage": "write"}
{"cached": 37, "total": 730, "stage": "write"}
{"cached": 38, "total": 730, "stage": "write"}
{"cached": 39, "total": 730, "stage": "write"}
{"cached": 40, "total": 730, "stage": "write"}
{"cached": 41, "total": 730, "stage": "write"}
{"cached": 42, "total": 730, "stage": "write"}
{"cached": 43, "total": 730, "stage": "write"}
{"cached": 44, "total": 730, "stage": "write"}
{"cached": 45, "total": 730, "stage": "write"}
{"cached": 46, "total": 730, "stage": "write"}
{"cached": 47, "total": 730, "stage": "write"}
{"cached": 48, "total": 730, "stage": "write"}
{"cached": 49, "total": 730, "stage": "write"}
{"cached": 50, "total": 730, "stage": "write"}
{"cached": 51, "total": 730, "stage": "write"}
{"cached": 52, "total": 730, "stage": "write"}
{"cached": 53, "total": 730, "stage": "write"}
{"cached": 54, "total": 730, "stage": "write"}
{"cached": 55, "total": 730, "stage": "write"}
{"cached": 56, "total": 730, "stage": "write"}
{"cached": 57, "total": 730, "stage": "write"}
{"cached": 58, "total": 730, "stage": "write"}
{"cached": 59, "total": 730, "stage": "write"}
{"cached": 60, "total": 730, "stage": "write"}
{"cached": 61, "total": 730, "stage": "write"}
{"cached": 62, "total": 730, "stage": "write"}
{"cached": 63, "total": 730, "stage": "write"}
{"cached": 64, "total": 730, "stage": "write"}
{"cached": 65, "total": 730, "stage": "write"}
{"cached": 66, "total": 730, "stage": "write"}
{"cached": 67, "total": 730, "stage": "write"}
{"cached": 68, "total": 730, "stage": "write"}
{"cached": 69, "total": 730, "stage": "write"}
{"cached": 70, "total": 730, "stage": "write"}
{"cached": 71, "total": 730, "stage": "write"}
{"cached": 72, "total": 730, "stage": "write"}
{"cached": 73, "total": 730, "stage": "write"}
{"cached": 74, "total": 730, "stage": "write"}
{"cached": 75, "total": 730, "stage": "write"}
{"cached": 76, "total": 730, "stage": "write"}
{"cached": 77, "total": 730, "stage": "write"}
{"cached": 78, "total": 730, "stage": "write"}
{"cached": 79, "total": 730, "stage": "write"}
{"cached": 80, "total": 730, "stage": "write"}
{"cached": 81, "total": 730, "stage": "write"}
{"cached": 82, "total": 730, "stage": "write"}
{"cached": 83, "total": 730, "stage": "write"}
{"cached": 84, "total": 730, "stage": "write"}
{"cached": 85, "total": 730, "stage": "write"}
{"cached": 86, "total": 730, "stage": "write"}
{"cached": 87, "total": 730, "stage": "write"}
{"cached": 88, "total": 730, "stage": "write"}
{"cached": 89, "total": 730, "stage": "write"}
{"cached": 90, "total": 730, "stage": "write"}
{"cached": 91, "total": 730, "stage": "write"}
{"cached": 92, "total": 730, "stage": "write"}
{"cached": 93, "total": 730, "stage": "write"}
{"cached": 94, "total": 730, "stage": "write"}
{"cached": 95, "total": 730, "stage": "write"}
{"cached": 96, "total": 730, "stage": "write"}
{"cached": 97, "total": 730, "stage": "write"}
{"cached": 98, "total": 730, "stage": "write"}
{"cached": 99, "total": 730, "stage": "write"}
{"cached": 100, "total": 730, "stage": "write"}
{"cached": 101, "total": 730, "stage": "write"}
{"cached": 102, "total": 730, "stage": "write"}
{"cached": 103, "total": 730, "stage": "write"}
{"cached": 104, "total": 730, "stage": "write"}
{"cached": 105, "total": 730, "stage": "write"}
{"cached": 106, "total": 730, "stage": "write"}
{"cached": 107, "total": 730, "stage": "write"}
{"cached": 108, "total": 730, "stage": "write"}
{"cached": 109, "total": 730, "stage": "write"}
{"cached": 110, "total": 730, "stage": "write"}
{"cached": 111, "total": 730, "stage": "write"}
{"cached": 112, "total": 730, "stage": "write"}
{"cached": 113, "total": 730, "stage": "write"}
{"cached": 114, "total": 730, "stage": "write"}
{"cached": 115, "total": 730, "stage": "write"}
{"cached": 116, "total": 730, "stage": "write"}
{"cached": 117, "total": 730, "stage": "write"}
{"cached": 118, "total": 730, "stage": "write"}
{"cached": 119, "total": 730, "stage": "write"}
{"cached": 120, "total": 730, "stage": "write"}
{"cached": 121, "total": 730, "stage": "write"}
{"cached": 122, "total": 730, "stage": "write"}
{"cached": 123, "total": 730, "stage": "write"}
{"cached": 124, "total": 730, "stage": "write"}
{"cached": 125, "total": 730, "stage": "write"}
{"cached": 126, "total": 730, "stage": "write"}
{"cached": 127, "total": 730, "stage": "write"}
{"cached": 128, "total": 730, "stage": "write"}
{"cached": 129, "total": 730, "stage": "write"}
{"cached": 130, "total": 730, "stage": "write"}
{"cached": 131, "total": 730, "stage": "write"}
{"cached": 132, "total": 730, "stage": "write"}
{"cached": 133, "total": 730, "stage": "write"}
{"cached": 134, "total": 730, "stage": "write"}
{"cached": 135, "total": 730, "stage": "write"}
{"cached": 136, "total": 730, "stage": "write"}
{"cached": 137, "total": 730, "stage": "write"}
{"cached": 138, "total": 730, "stage": "write"}
{"cached": 139, "total": 730, "stage": "write"}
{"cached": 140, "total": 730, "stage": "write"}
{"cached": 141, "total": 730, "stage": "write"}
{"cached": 142, "total": 730, "stage": "write"}
{"cached": 143, "total": 730, "stage": "write"}
{"cached": 144, "total": 730, "stage": "write"}
{"cached": 145, "total": 730, "stage": "write"}
{"cached": 146, "total": 730, "stage": "write"}
{"cached": 147, "total": 730, "stage": "write"}
{"cached": 148, "total": 730, "stage": "write"}
{"cached": 149, "total": 730, "stage": "write"}
{"cached": 150, "total": 730, "stage": "write"}
{"cached": 151, "total": 730, "stage": "write"}
{"cached": 152, "total": 730, "stage": "write"}
{"cached": 153, "total": 730, "stage": "write"}
{"cached": 154, "total": 730, "stage": "write"}
{"cached": 155, "total": 730, "stage": "write"}
{"cached": 156, "total": 730, "stage": "write"}
{"cached": 157, "total": 730, "stage": "write"}
{"cached": 158, "total": 730, "stage": "write"}
{"cached": 159, "total": 730, "stage": "write"}
{"cached": 160, "total": 730, "stage": "write"}
{"cached": 161, "total": 730, "stage": "write"}
{"cached": 162, "total": 730, "stage": "write"}
{"cached": 163, "total": 730, "stage": "write"}
{"cached": 164, "total": 730, "stage": "write"}
{"cached": 165, "total": 730, "stage": "write"}
{"cached": 166, "total": 730, "stage": "write"}
{"cached": 167, "total": 730, "stage": "write"}
{"cached": 168, "total": 730, "stage": "write"}
{"cached": 169, "total": 730, "stage": "write"}
{"cached": 170, "total": 730, "stage": "write"}
{"cached": 171, "total": 730, "stage": "write"}
{"cached": 172, "total": 730, "stage": "write"}
{"cached": 173, "total": 730, "stage": "write"}
{"cached": 174, "total": 730, "stage": "write"}
{"cached": 175, "total": 730, "stage": "write"}
{"cached": 176, "total": 730, "stage": "write"}
{"cached": 177, "total": 730, "stage": "write"}
{"cached": 178, "total": 730, "stage": "write"}
{"cached": 179, "total": 730, "stage": "write"}
{"cached": 180, "total": 730, "stage": "write"}
{"cached": 181, "total": 730, "stage": "write"}
{"cached": 182, "total": 730, "stage": "write"}
{"cached": 183, "total": 730, "stage": "write"}
{"cached": 184, "total": 730, "stage": "write"}
{"cached": 185, "total": 730, "stage": "write"}
{"cached": 186, "total": 730, "stage": "write"}
{"cached": 187, "total": 730, "stage": "write"}
{"cached": 188, "total": 730, "stage": "write"}
{"cached": 189, "total": 730, "stage": "write"}
{"cached": 190, "total": 730, "stage": "write"}
{"cached": 191, "total": 730, "stage": "write"}
{"cached": 192, "total": 730, "stage": "write"}
{"cached": 193, "total": 730, "stage": "write"}
{"cached": 194, "total": 730, "stage": "write"}
{"cached": 195, "total": 730, "stage": "write"}
{"cached": 196, "total": 730, "stage": "write"}
{"cached": 197, "total": 730, "stage": "write"}
{"cached": 198, "total": 730, "stage": "write"}
{"cached": 199, "total": 730, "stage": "write"}
{"cached": 200, "total": 730, "stage": "write"}
{"cached": 201, "total": 730, "stage": "write"}
{"cached": 202, "total": 730, "stage": "write"}
{"cached": 203, "total": 730, "stage": "write"}
{"cached": 204, "total": 730, "stage": "write"}
{"cached": 205, "total": 730, "stage": "write"}
{"cached": 206, "total": 730, "stage": "write"}
{"cached": 207, "total": 730, "stage": "write"}
{"cached": 208, "total": 730, "stage": "write"}
{"cached": 209, "total": 730, "stage": "write"}
{"cached": 210, "total": 730, "stage": "write"}
{"cached": 211, "total": 730, "stage": "write"}
{"cached": 212, "total": 730, "stage": "write"}
{"cached": 213, "total": 730, "stage": "write"}
{"cached": 214, "total": 730, "stage": "write"}
{"cached": 215, "total": 730, "stage": "write"}
{"cached": 216, "total": 730, "stage": "write"}
{"cached": 217, "total": 730, "stage": "write"}
{"cached": 218, "total": 730, "stage": "write"}
{"cached": 219, "total": 730, "stage": "write"}
{"cached": 220, "total": 730, "stage": "write"}
{"cached": 221, "total": 730, "stage": "write"}
{"cached": 222, "total": 730, "stage": "write"}
{"cached": 223, "total": 730, "stage": "write"}
{"cached": 224, "total": 730, "stage": "write"}
{"cached": 225, "total": 730, "stage": "write"}
{"cached": 226, "total": 730, "stage": "write"}
{"cached": 227, "total": 730, "stage": "write"}
{"cached": 228, "total": 730, "stage": "write"}
{"cached": 229, "total": 730, "stage": "write"}
{"cached": 230, "total": 730, "stage": "write"}
{"cached": 231, "total": 730, "stage": "write"}
{"cached": 232, "total": 730, "stage": "write"}
{"cached": 233, "total": 730, "stage": "write"}
{"cached": 234, "total": 730, "stage": "write"}
{"cached": 235, "total": 730, "stage": "write"}
{"cached": 236, "total": 730, "stage": "write"}
{"cached": 237, "total": 730, "stage": "write"}
{"cached": 238, "total": 730, "stage": "write"}
{"cached": 239, "total": 730, "stage": "write"}
{"cached": 240, "total": 730, "stage": "write"}
{"cached": 241, "total": 730, "stage": "write"}
{"cached": 242, "total": 730, "stage": "write"}
{"cached": 243, "total": 730, "stage": "write"}
{"cached": 244, "total": 730, "stage": "write"}
{"cached": 245, "total": 730, "stage": "write"}
{"cached": 246, "total": 730, "stage": "write"}
{"cached": 247, "total": 730, "stage": "write"}
{"cached": 248, "total": 730, "stage": "write"}
{"cached": 249, "total": 730, "stage": "write"}
{"cached": 250, "total": 730, "stage": "write"}
{"cached": 251, "total": 730, "stage": "write"}
{"cached": 252, "total": 730, "stage": "write"}
{"cached": 253, "total": 730, "stage": "write"}
{"cached": 254, "total": 730, "stage": "write"}
{"cached": 255, "total": 730, "stage": "write"}
{"cached": 256, "total": 730, "stage": "write"}
{"cached": 257, "total": 730, "stage": "write"}
{"cached": 258, "total": 730, "stage": "write"}
{"cached": 259, "total": 730, "stage": "write"}
{"cached": 260, "total": 730, "stage": "write"}
{"cached": 261, "total": 730, "stage": "write"}
{"cached": 262, "total": 730, "stage": "write"}
{"cached": 263, "total": 730, "stage": "write"}
{"cached": 264, "total": 730, "stage": "write"}
{"cached": 265, "total": 730, "stage": "write"}
{"cached": 266, "total": 730, "stage": "write"}
{"cached": 267, "total": 730, "stage": "write"}
{"cached": 268, "total": 730, "stage": "write"}
{"cached": 269, "total": 730, "stage": "write"}
{"cached": 270, "total": 730, "stage": "write"}
{"cached": 271, "total": 730, "stage": "write"}
{"cached": 272, "total": 730, "stage": "write"}
{"cached": 273, "total": 730, "stage": "write"}
{"cached": 274, "total": 730, "stage": "write"}
{"cached": 275, "total": 730, "stage": "write"}
{"cached": 276, "total": 730, "stage": "write"}
{"cached": 277, "total": 730, "stage": "write"}
{"cached": 278, "total": 730, "stage": "write"}
{"cached": 279, "total": 730, "stage": "write"}
{"cached": 280, "total": 730, "stage": "write"}
{"cached": 281, "total": 730, "stage": "write"}
{"cached": 282, "total": 730, "stage": "write"}
{"cached": 283, "total": 730, "stage": "write"}
{"cached": 284, "total": 730, "stage": "write"}
{"cached": 285, "total": 730, "stage": "write"}
{"cached": 286, "total": 730, "stage": "write"}
{"cached": 287, "total": 730, "stage": "write"}
{"cached": 288, "total": 730, "stage": "write"}
{"cached": 289, "total": 730, "stage": "write"}
{"cached": 290, "total": 730, "stage": "write"}
{"cached": 291, "total": 730, "stage": "write"}
{"cached": 292, "total": 730, "stage": "write"}
{"cached": 293, "total": 730, "stage": "write"}
{"cached": 294, "total": 730, "stage": "write"}
{"cached": 295, "total": 730, "stage": "write"}
{"cached": 296, "total": 730, "stage": "write"}
{"cached": 297, "total": 730, "stage": "write"}
{"cached": 298, "total": 730, "stage": "write"}
{"cached": 299, "total": 730, "stage": "write"}
{"cached": 300, "total": 730, "stage": "write"}
{"cached": 301, "total": 730, "stage": "write"}
{"cached": 302, "total": 730, "stage": "write"}
{"cached": 303, "total": 730, "stage": "write"}
{"cached": 304, "total": 730, "stage": "write"}
{"cached": 305, "total": 730, "stage": "write"}
{"cached": 306, "total": 730, "stage": "write"}
{"cached": 307, "total": 730, "stage": "write"}
{"cached": 308, "total": 730, "stage": "write"}
{"cached": 309, "total": 730, "stage": "write"}
{"cached": 310, "total": 730, "stage": "write"}
{"cached": 311, "total": 730, "stage": "write"}
{"cached": 312, "total": 730, "stage": "write"}
{"cached": 313, "total": 730, "stage": "write"}
{"cached": 314, "total": 730, "stage": "write"}
{"cached": 315, "total": 730, "stage": "write"}
{"cached": 316, "total": 730, "stage": "write"}
{"cached": 317, "total": 730, "stage": "write"}
{"cached": 318, "total": 730, "stage": "write"}
{"cached": 319, "total": 730, "stage": "write"}
{"cached": 320, "total": 730, "stage": "write"}
{"cached": 321, "total": 730, "stage": "write"}
{"cached": 322, "total": 730, "stage": "write"}
{"cached": 323, "total": 730, "stage": "write"}
{"cached": 324, "total": 730, "stage": "write"}
{"cached": 325, "total": 730, "stage": "write"}
{"cached": 326, "total": 730, "stage": "write"}
{"cached": 327, "total": 730, "stage": "write"}
{"cached": 328, "total": 730, "stage": "write"}
{"cached": 329, "total": 730, "stage": "write"}
{"cached": 330, "total": 730, "stage": "write"}
{"cached": 331, "total": 730, "stage": "write"}
{"cached": 332, "total": 730, "stage": "write"}
{"cached": 333, "total": 730, "stage": "write"}
{"cached": 334, "total": 730, "stage": "write"}
{"cached": 335, "total": 730, "stage": "write"}
{"cached": 336, "total": 730, "stage": "write"}
{"cached": 337, "total": 730, "stage": "write"}
{"cached": 338, "total": 730, "stage": "write"}
{"cached": 339, "total": 730, "stage": "write"}
{"cached": 340, "total": 730, "stage": "write"}
{"cached": 341, "total": 730, "stage": "write"}
{"cached": 342, "total": 730, "stage": "write"}
{"cached": 343, "total": 730, "stage": "write"}
{"cached": 344, "total": 730, "stage": "write"}
{"cached": 345, "total": 730, "stage": "write"}
{"cached": 346, "total": 730, "stage": "write"}
{"cached": 347, "total": 730, "stage": "write"}
{"cached": 348, "total": 730, "stage": "write"}
{"cached": 349, "total": 730, "stage": "write"}
{"cached": 350, "total": 730, "stage": "write"}
{"cached": 351, "total": 730, "stage": "write"}
{"cached": 352, "total": 730, "stage": "write"}
{"cached": 353, "total": 730, "stage": "write"}
{"cached": 354, "total": 730, "stage": "write"}
{"cached": 355, "total": 730, "stage": "write"}
{"cached": 356, "total": 730, "stage": "write"}
{"cached": 357, "total": 730, "stage": "write"}
{"cached": 358, "total": 730, "stage": "write"}
{"cached": 359, "total": 730, "stage": "write"}
{"cached": 360, "total": 730, "stage": "write"}
{"cached": 361, "total": 730, "stage": "write"}
{"cached": 362, "total": 730, "stage": "write"}
{"cached": 363, "total": 730, "stage": "write"}
{"cached": 364, "total": 730, "stage": "write"}
{"cached": 365, "total": 730, "stage": "write"}
{"cached": 366, "total": 730, "stage": "write"}
{"cached": 367, "total": 730, "stage": "write"}
{"cached": 368, "total": 730, "stage": "write"}
{"cached": 369, "total": 730, "stage": "write"}
{"cached": 370, "total": 730, "stage": "write"}
{"cached": 371, "total": 730, "stage": "write"}
{"cached": 372, "total": 730, "stage": "write"}
{"cached": 373, "total": 730, "stage": "write"}
{"cached": 374, "total": 730, "stage": "write"}
{"cached": 375, "total": 730, "stage": "write"}
{"cached": 376, "total": 730, "stage": "write"}
{"cached": 377, "total": 730, "stage": "write"}
{"cached": 378, "total": 730, "stage": "write"}
{"cached": 379, "total": 730, "stage": "write"}
{"cached": 380, "total": 730, "stage": "write"}
{"cached": 381, "total": 730, "stage": "write"}
{"cached": 382, "total": 730, "stage": "write"}
{"cached": 383, "total": 730, "stage": "write"}
{"cached": 384, "total": 730, "stage": "write"}
{"cached": 385, "total": 730, "stage": "write"}
{"cached": 386, "total": 730, "stage": "write"}
{"cached": 387, "total": 730, "stage": "write"}
{"cached": 388, "total": 730, "stage": "write"}
{"cached": 389, "total": 730, "stage": "write"}
{"cached": 390, "total": 730, "stage": "write"}
{"cached": 391, "total": 730, "stage": "write"}
{"cached": 392, "total": 730, "stage": "write"}
{"cached": 393, "total": 730, "stage": "write"}
{"cached": 394, "total": 730, "stage": "write"}
{"cached": 395, "total": 730, "stage": "write"}
{"cached": 396, "total": 730, "stage": "write"}
{"cached": 397, "total": 730, "stage": "write"}
{"cached": 398, "total": 730, "stage": "write"}
{"cached": 399, "total": 730, "stage": "write"}
{"cached": 400, "total": 730, "stage": "write"}
{"cached": 401, "total": 730, "stage": "write"}
{"cached": 402, "total": 730, "stage": "write"}
{"cached": 403, "total": 730, "stage": "write"}
{"cached": 404, "total": 730, "stage": "write"}
{"cached": 405, "total": 730, "stage": "write"}
{"cached": 406, "total": 730, "stage": "write"}
{"cached": 407, "total": 730, "stage": "write"}
{"cached": 408, "total": 730, "stage": "write"}
{"cached": 409, "total": 730, "stage": "write"}
{"cached": 410, "total": 730, "stage": "write"}
{"cached": 411, "total": 730, "stage": "write"}
{"cached": 412, "total": 730, "stage": "write"}
{"cached": 413, "total": 730, "stage": "write"}
{"cached": 414, "total": 730, "stage": "write"}
{"cached": 415, "total": 730, "stage": "write"}
{"cached": 416, "total": 730, "stage": "write"}
{"cached": 417, "total": 730, "stage": "write"}
{"cached": 418, "total": 730, "stage": "write"}
{"cached": 419, "total": 730, "stage": "write"}
{"cached": 420, "total": 730, "stage": "write"}
{"cached": 421, "total": 730, "stage": "write"}
{"cached": 422, "total": 730, "stage": "write"}
{"cached": 423, "total": 730, "stage": "write"}
{"cached": 424, "total": 730, "stage": "write"}
{"cached": 425, "total": 730, "stage": "write"}
{"cached": 426, "total": 730, "stage": "write"}
{"cached": 427, "total": 730, "stage": "write"}
{"cached": 428, "total": 730, "stage": "write"}
{"cached": 429, "total": 730, "stage": "write"}
{"cached": 430, "total": 730, "stage": "write"}
{"cached": 431, "total": 730, "stage": "write"}
{"cached": 432, "total": 730, "stage": "write"}
{"cached": 433, "total": 730, "stage": "write"}
{"cached": 434, "total": 730, "stage": "write"}
{"cached": 435, "total": 730, "stage": "write"}
{"cached": 436, "total": 730, "stage": "write"}
{"cached": 437, "total": 730, "stage": "write"}
{"cached": 438, "total": 730, "stage": "write"}
{"cached": 439, "total": 730, "stage": "write"}
{"cached": 440, "total": 730, "stage": "write"}
{"cached": 441, "total": 730, "stage": "write"}
{"cached": 442, "total": 730, "stage": "write"}
{"cached": 443, "total": 730, "stage": "write"}
{"cached": 444, "total": 730, "stage": "write"}
{"cached": 445, "total": 730, "stage": "write"}
{"cached": 446, "total": 730, "stage": "write"}
{"cached": 447, "total": 730, "stage": "write"}
{"cached": 448, "total": 730, "stage": "write"}
{"cached": 449, "total": 730, "stage": "write"}
{"cached": 450, "total": 730, "stage": "write"}
{"cached": 451, "total": 730, "stage": "write"}
{"cached": 452, "total": 730, "stage": "write"}
{"cached": 453, "total": 730, "stage": "write"}
{"cached": 454, "total": 730, "stage": "write"}
{"cached": 455, "total": 730, "stage": "write"}
{"cached": 456, "total": 730, "stage": "write"}
{"cached": 457, "total": 730, "stage": "write"}
{"cached": 458, "total": 730, "stage": "write"}
{"cached": 459, "total": 730, "stage": "write"}
{"cached": 460, "total": 730, "stage": "write"}
{"cached": 461, "total": 730, "stage": "write"}
{"cached": 462, "total": 730, "stage": "write"}
{"cached": 463, "total": 730, "stage": "write"}
{"cached": 464, "total": 730, "stage": "write"}
{"cached": 465, "total": 730, "stage": "write"}
{"cached": 466, "total": 730, "stage": "write"}
{"cached": 467, "total": 730, "stage": "write"}
{"cached": 468, "total": 730, "stage": "write"}
{"cached": 469, "total": 730, "stage": "write"}
{"cached": 470, "total": 730, "stage": "write"}
{"cached": 471, "total": 730, "stage": "write"}
{"cached": 472, "total": 730, "stage": "write"}
{"cached": 473, "total": 730, "stage": "write"}
{"cached": 474, "total": 730, "stage": "write"}
{"cached": 475, "total": 730, "stage": "write"}
{"cached": 476, "total": 730, "stage": "write"}
{"cached": 477, "total": 730, "stage": "write"}
{"cached": 478, "total": 730, "stage": "write"}
{"cached": 479, "total": 730, "stage": "write"}
{"cached": 480, "total": 730, "stage": "write"}
{"cached": 481, "total": 730, "stage": "write"}
{"cached": 482, "total": 730, "stage": "write"}
{"cached": 483, "total": 730, "stage": "write"}
{"cached": 484, "total": 730, "stage": "write"}
{"cached": 485, "total": 730, "stage": "write"}
{"cached": 486, "total": 730, "stage": "write"}
{"cached": 487, "total": 730, "stage": "write"}
{"cached": 488, "total": 730, "stage": "write"}
{"cached": 489, "total": 730, "stage": "write"}
{"cached": 490, "total": 730, "stage": "write"}
{"cached": 491, "total": 730, "stage": "write"}
{"cached": 492, "total": 730, "stage": "write"}
{"cached": 493, "total": 730, "stage": "write"}
{"cached": 494, "total": 730, "stage": "write"}
{"cached": 495, "total": 730, "stage": "write"}
{"cached": 496, "total": 730, "stage": "write"}
{"cached": 497, "total": 730, "stage": "write"}
{"cached": 498, "total": 730, "stage": "write"}
{"cached": 499, "total": 730, "stage": "write"}
{"cached": 500, "total": 730, "stage": "write"}
{"cached": 501, "total": 730, "stage": "write"}
{"cached": 502, "total": 730, "stage": "write"}
{"cached": 503, "total": 730, "stage": "write"}
{"cached": 504, "total": 730, "stage": "write"}
{"cached": 505, "total": 730, "stage": "write"}
{"cached": 506, "total": 730, "stage": "write"}
{"cached": 507, "total": 730, "stage": "write"}
{"cached": 508, "total": 730, "stage": "write"}
{"cached": 509, "total": 730, "stage": "write"}
{"cached": 510, "total": 730, "stage": "write"}
{"cached": 511, "total": 730, "stage": "write"}
{"cached": 512, "total": 730, "stage": "write"}
{"cached": 513, "total": 730, "stage": "write"}
{"cached": 514, "total": 730, "stage": "write"}
{"cached": 515, "total": 730, "stage": "write"}
{"cached": 516, "total": 730, "stage": "write"}
{"cached": 517, "total": 730, "stage": "write"}
{"cached": 518, "total": 730, "stage": "write"}
{"cached": 519, "total": 730, "stage": "write"}
{"cached": 520, "total": 730, "stage": "write"}
{"cached": 521, "total": 730, "stage": "write"}
{"cached": 522, "total": 730, "stage": "write"}
{"cached": 523, "total": 730, "stage": "write"}
{"cached": 524, "total": 730, "stage": "write"}
{"cached": 525, "total": 730, "stage": "write"}
{"cached": 526, "total": 730, "stage": "write"}
{"cached": 527, "total": 730, "stage": "write"}
{"cached": 528, "total": 730, "stage": "write"}
{"cached": 529, "total": 730, "stage": "write"}
{"cached": 530, "total": 730, "stage": "write"}
{"cached": 531, "total": 730, "stage": "write"}
{"cached": 532, "total": 730, "stage": "write"}
{"cached": 533, "total": 730, "stage": "write"}
{"cached": 534, "total": 730, "stage": "write"}
{"cached": 535, "total": 730, "stage": "write"}
{"cached": 536, "total": 730, "stage": "write"}
{"cached": 537, "total": 730, "stage": "write"}
{"cached": 538, "total": 730, "stage": "write"}
{"cached": 539, "total": 730, "stage": "write"}
{"cached": 540, "total": 730, "stage": "write"}
{"cached": 541, "total": 730, "stage": "write"}
{"cached": 542, "total": 730, "stage": "write"}
{"cached": 543, "total": 730, "stage": "write"}
{"cached": 544, "total": 730, "stage": "write"}
{"cached": 545, "total": 730, "stage": "write"}
{"cached": 546, "total": 730, "stage": "write"}
{"cached": 547, "total": 730, "stage": "write"}
{"cached": 548, "total": 730, "stage": "write"}
{"cached": 549, "total": 730, "stage": "write"}
{"cached": 550, "total": 730, "stage": "write"}
{"cached": 551, "total": 730, "stage": "write"}
{"cached": 552, "total": 730, "stage": "write"}
{"cached": 553, "total": 730, "stage": "write"}
{"cached": 554, "total": 730, "stage": "write"}
{"cached": 555, "total": 730, "stage": "write"}
{"cached": 556, "total": 730, "stage": "write"}
{"cached": 557, "total": 730, "stage": "write"}
{"cached": 558, "total": 730, "stage": "write"}
{"cached": 559, "total": 730, "stage": "write"}
{"cached": 560, "total": 730, "stage": "write"}
{"cached": 561, "total": 730, "stage": "write"}
{"cached": 562, "total": 730, "stage": "write"}
{"cached": 563, "total": 730, "stage": "write"}
{"cached": 564, "total": 730, "stage": "write"}
{"cached": 565, "total": 730, "stage": "write"}
{"cached": 566, "total": 730, "stage": "write"}
{"cached": 567, "total": 730, "stage": "write"}
{"cached": 568, "total": 730, "stage": "write"}
{"cached": 569, "total": 730, "stage": "write"}
{"cached": 570, "total": 730, "stage": "write"}
{"cached": 571, "total": 730, "stage": "write"}
{"cached": 572, "total": 730, "stage": "write"}
{"cached": 573, "total": 730, "stage": "write"}
{"cached": 574, "total": 730, "stage": "write"}
{"cached": 575, "total": 730, "stage": "write"}
{"cached": 576, "total": 730, "stage": "write"}
{"cached": 577, "total": 730, "stage": "write"}
{"cached": 578, "total": 730, "stage": "write"}
{"cached": 579, "total": 730, "stage": "write"}
{"cached": 580, "total": 730, "stage": "write"}
{"cached": 581, "total": 730, "stage": "write"}
{"cached": 582, "total": 730, "stage": "write"}
{"cached": 583, "total": 730, "stage": "write"}
{"cached": 584, "total": 730, "stage": "write"}
{"cached": 585, "total": 730, "stage": "write"}
{"cached": 586, "total": 730, "stage": "write"}
{"cached": 587, "total": 730, "stage": "write"}
{"cached": 588, "total": 730, "stage": "write"}
{"cached": 589, "total": 730, "stage": "write"}
{"cached": 590, "total": 730, "stage": "write"}
{"cached": 591, "total": 730, "stage": "write"}
{"cached": 592, "total": 730, "stage": "write"}
{"cached": 593, "total": 730, "stage": "write"}
{"cached": 594, "total": 730, "stage": "write"}
{"cached": 595, "total": 730, "stage": "write"}
{"cached": 596, "total": 730, "stage": "write"}
{"cached": 597, "total": 730, "stage": "write"}
{"cached": 598, "total": 730, "stage": "write"}
{"cached": 599, "total": 730, "stage": "write"}
{"cached": 600, "total": 730, "stage": "write"}
{"cached": 601, "total": 730, "stage": "write"}
{"cached": 602, "total": 730, "stage": "write"}
{"cached": 603, "total": 730, "stage": "write"}
{"cached": 604, "total": 730, "stage": "write"}
{"cached": 605, "total": 730, "stage": "write"}
{"cached": 606, "total": 730, "stage": "write"}
{"cached": 607, "total": 730, "stage": "write"}
{"cached": 608, "total": 730, "stage": "write"}
{"cached": 609, "total": 730, "stage": "write"}
{"cached": 610, "total": 730, "stage": "write"}
{"cached": 611, "total": 730, "stage": "write"}
{"cached": 612, "total": 730, "stage": "write"}
{"cached": 613, "total": 730, "stage": "write"}
{"cached": 614, "total": 730, "stage": "write"}
{"cached": 615, "total": 730, "stage": "write"}
{"cached": 616, "total": 730, "stage": "write"}
{"cached": 617, "total": 730, "stage": "write"}
{"cached": 618, "total": 730, "stage": "write"}
{"cached": 619, "total": 730, "stage": "write"}
{"cached": 620, "total": 730, "stage": "write"}
{"cached": 621, "total": 730, "stage": "write"}
{"cached": 622, "total": 730, "stage": "write"}
{"cached": 623, "total": 730, "stage": "write"}
{"cached": 624, "total": 730, "stage": "write"}
{"cached": 625, "total": 730, "stage": "write"}
{"cached": 626, "total": 730, "stage": "write"}
{"cached": 627, "total": 730, "stage": "write"}
{"cached": 628, "total": 730, "stage": "write"}
{"cached": 629, "total": 730, "stage": "write"}
{"cached": 630, "total": 730, "stage": "write"}
{"cached": 631, "total": 730, "stage": "write"}
{"cached": 632, "total": 730, "stage": "write"}
{"cached": 633, "total": 730, "stage": "write"}
{"cached": 634, "total": 730, "stage": "write"}
{"cached": 635, "total": 730, "stage": "write"}
{"cached": 636, "total": 730, "stage": "write"}
{"cached": 637, "total": 730, "stage": "write"}
{"cached": 638, "total": 730, "stage": "write"}
{"cached": 639, "total": 730, "stage": "write"}
{"cached": 640, "total": 730, "stage": "write"}
{"cached": 641, "total": 730, "stage": "write"}
{"cached": 642, "total": 730, "stage": "write"}
{"cached": 643, "total": 730, "stage": "write"}
{"cached": 644, "total": 730, "stage": "write"}
{"cached": 645, "total": 730, "stage": "write"}
{"cached": 646, "total": 730, "stage": "write"}
{"cached": 647, "total": 730, "stage": "write"}
{"cached": 648, "total": 730, "stage": "write"}
{"cached": 649, "total": 730, "stage": "write"}
{"cached": 650, "total": 730, "stage": "write"}
{"cached": 651, "total": 730, "stage": "write"}
{"cached": 652, "total": 730, "stage": "write"}
{"cached": 653, "total": 730, "stage": "write"}
{"cached": 654, "total": 730, "stage": "write"}
{"cached": 655, "total": 730, "stage": "write"}
{"cached": 656, "total": 730, "stage": "write"}
{"cached": 657, "total": 730, "stage": "write"}
{"cached": 658, "total": 730, "stage": "write"}
{"cached": 659, "total": 730, "stage": "write"}
{"cached": 660, "total": 730, "stage": "write"}
{"cached": 661, "total": 730, "stage": "write"}
{"cached": 662, "total": 730, "stage": "write"}
{"cached": 663, "total": 730, "stage": "write"}
{"cached": 664, "total": 730, "stage": "write"}
{"cached": 665, "total": 730, "stage": "write"}
{"cached": 666, "total": 730, "stage": "write"}
{"cached": 667, "total": 730, "stage": "write"}
{"cached": 668, "total": 730, "stage": "write"}
{"cached": 669, "total": 730, "stage": "write"}
{"cached": 670, "total": 730, "stage": "write"}
{"cached": 671, "total": 730, "stage": "write"}
{"cached": 672, "total": 730, "stage": "write"}
{"cached": 673, "total": 730, "stage": "write"}
{"cached": 674, "total": 730, "stage": "write"}
{"cached": 675, "total": 730, "stage": "write"}
{"cached": 676, "total": 730, "stage": "write"}
{"cached": 677, "total": 730, "stage": "write"}
{"cached": 678, "total": 730, "stage": "write"}
{"cached": 679, "total": 730, "stage": "write"}
{"cached": 680, "total": 730, "stage": "write"}
{"cached": 681, "total": 730, "stage": "write"}
{"cached": 682, "total": 730, "stage": "write"}
{"cached": 683, "total": 730, "stage": "write"}
{"cached": 684, "total": 730, "stage": "write"}
{"cached": 685, "total": 730, "stage": "write"}
{"cached": 686, "total": 730, "stage": "write"}
{"cached": 687, "total": 730, "stage": "write"}
{"cached": 688, "total": 730, "stage": "write"}
{"cached": 689, "total": 730, "stage": "write"}
{"cached": 690, "total": 730, "stage": "write"}
{"cached": 691, "total": 730, "stage": "write"}
{"cached": 692, "total": 730, "stage": "write"}
{"cached": 693, "total": 730, "stage": "write"}
{"cached": 694, "total": 730, "stage": "write"}
{"cached": 695, "total": 730, "stage": "write"}
{"cached": 696, "total": 730, "stage": "write"}
{"cached": 697, "total": 730, "stage": "write"}
{"cached": 698, "total": 730, "stage": "write"}
{"cached": 699, "total": 730, "stage": "write"}
{"cached": 700, "total": 730, "stage": "write"}
{"cached": 701, "total": 730, "stage": "write"}
{"cached": 702, "total": 730, "stage": "write"}
{"cached": 703, "total": 730, "stage": "write"}
{"cached": 704, "total": 730, "stage": "write"}
{"cached": 705, "total": 730, "stage": "write"}
{"cached": 706, "total": 730, "stage": "write"}
{"cached": 707, "total": 730, "stage": "write"}
{"cached": 708, "total": 730, "stage": "write"}
{"cached": 709, "total": 730, "stage": "write"}
{"cached": 710, "total": 730, "stage": "write"}
{"cached": 711, "total": 730, "stage": "write"}
{"cached": 712, "total": 730, "stage": "write"}
{"cached": 713, "total": 730, "stage": "write"}
{"cached": 714, "total": 730, "stage": "write"}
{"cached": 715, "total": 730, "stage": "write"}
{"cached": 716, "total": 730, "stage": "write"}
{"cached": 717, "total": 730, "stage": "write"}
{"cached": 718, "total": 730, "stage": "write"}
{"cached": 719, "total": 730, "stage": "write"}
{"cached": 720, "total": 730, "stage": "write"}
{"cached": 721, "total": 730, "stage": "write"}
{"cached": 722, "total": 730, "stage": "write"}
{"cached": 723, "total": 730, "stage": "write"}
{"cached": 724, "total": 730, "stage": "write"}
{"cached": 725, "total": 730, "stage": "write"}
{"cached": 726, "total": 730, "stage": "write"}
{"cached": 727, "total": 730, "stage": "write"}
{"cached": 728, "total": 730, "stage": "write"}
{"cached": 729, "total": 730, "stage": "write"}
{"cached": 730, "total": 730, "stage": "write"}
{"resumed_at": 25600, "next_step": 25601, "final_step": 93440, "optimizer_states": 1075}
{"step": 25632, "mse": 0.34829436242580414, "seconds": 50.27180166915059}
{"step": 25664, "mse": 0.3190184384584427, "seconds": 100.09081949200481}
{"step": 25696, "mse": 0.2984536411240697, "seconds": 150.2528405119665}
{"step": 25728, "mse": 0.5903594680130482, "seconds": 200.0951582249254}
{"step": 25760, "mse": 0.2781164478510618, "seconds": 253.6008158940822}
{"step": 25792, "mse": 0.0972940637730062, "seconds": 302.1803934169002}
{"step": 25824, "mse": 0.2932858904823661, "seconds": 350.6951293111779}
{"step": 25856, "mse": 0.1397579200565815, "seconds": 399.5675026830286}
{"step": 25888, "mse": 0.09674083534628153, "seconds": 452.84028515499085}
{"step": 25920, "mse": 0.5261842329055071, "seconds": 501.3018403672613}
{"step": 25952, "mse": 0.5374330189079046, "seconds": 550.9016903103329}
{"step": 25984, "mse": 0.03758881287649274, "seconds": 600.574544952251}
{"step": 26016, "mse": 0.47326477989554405, "seconds": 655.4367907331325}
{"step": 26048, "mse": 0.1193458279594779, "seconds": 705.1919386913069}
{"step": 26080, "mse": 0.2926371432840824, "seconds": 754.8288218593225}
{"step": 26112, "mse": 0.1159371342509985, "seconds": 803.7287310329266}
{"step": 26144, "mse": 0.059163682628422976, "seconds": 856.2378647681326}
{"step": 26176, "mse": 0.2998496205545962, "seconds": 904.6398165761493}
{"step": 26208, "mse": 0.3035009801387787, "seconds": 952.6859691012651}
{"step": 26240, "mse": 0.06996914185583591, "seconds": 1000.7741250023246}
{"step": 26272, "mse": 0.08227791078388691, "seconds": 1053.4623011169024}
{"step": 26304, "mse": 0.06474935729056597, "seconds": 1102.7801293688826}
{"step": 26336, "mse": 0.39555369038134813, "seconds": 1152.6395096839406}
{"step": 26368, "mse": 0.045172012876719236, "seconds": 1202.1596458093263}
{"step": 26400, "mse": 0.3002772554755211, "seconds": 1256.2108533373103}
{"step": 26432, "mse": 0.10108577646315098, "seconds": 1305.7972793290392}
{"step": 26464, "mse": 0.06889739166945219, "seconds": 1355.3305449811742}
{"step": 26496, "mse": 0.22197214979678392, "seconds": 1403.7857327233069}
{"step": 26528, "mse": 0.04958504065871239, "seconds": 1457.0343397050165}
{"step": 26560, "mse": 0.2154722805134952, "seconds": 1505.4810057161376}
{"step": 26592, "mse": 0.08282892778515816, "seconds": 1553.8361745350994}
{"step": 26624, "mse": 0.17144072707742453, "seconds": 1602.2160245650448}
{"step": 26656, "mse": 0.5231662378646433, "seconds": 1656.6117290952243}
{"step": 26688, "mse": 0.3514938922598958, "seconds": 1706.4856826760806}
{"step": 26720, "mse": 0.33614512998610735, "seconds": 1756.403478774242}
{"step": 26752, "mse": 0.2982636447995901, "seconds": 1806.1606264552101}
{"step": 26784, "mse": 0.6616547033190727, "seconds": 1860.812564486172}
{"step": 26816, "mse": 0.5728246234357357, "seconds": 1910.9001469011419}
{"step": 26848, "mse": 0.2548359092324972, "seconds": 1959.834178674966}
{"step": 26880, "mse": 0.1988378670066595, "seconds": 2008.093923619017}
{"step": 26912, "mse": 0.129454605281353, "seconds": 2061.5218519428745}
{"step": 26944, "mse": 0.26287947222590446, "seconds": 2109.919169784058}
{"step": 26976, "mse": 0.2713545933365822, "seconds": 2158.571791522205}
{"step": 27008, "mse": 0.3286695256829262, "seconds": 2206.9129744102247}
{"step": 27040, "mse": 0.031223644502460957, "seconds": 2261.8228410552256}
{"step": 27072, "mse": 0.029668913688510656, "seconds": 2311.563215875067}
{"step": 27104, "mse": 0.044024737784639, "seconds": 2361.362063281238}
{"step": 27136, "mse": 0.5108482129871845, "seconds": 2411.413407270331}
{"step": 27168, "mse": 0.044105975423008204, "seconds": 2465.9604402529076}
{"step": 27200, "mse": 0.08507933281362057, "seconds": 2515.3054186482914}
{"step": 27232, "mse": 0.09303517499938607, "seconds": 2563.680761956144}
{"step": 27264, "mse": 0.33125027921050787, "seconds": 2611.8323275679722}
{"step": 27296, "mse": 0.1428647432476282, "seconds": 2664.687450500205}
{"step": 27328, "mse": 0.08920223265886307, "seconds": 2712.7461783969775}
{"step": 27360, "mse": 0.4986504730768502, "seconds": 2760.8985101762228}
{"step": 27392, "mse": 0.40124458400532603, "seconds": 2809.9707465311512}
{"step": 27424, "mse": 0.038784085772931576, "seconds": 2864.5494669759646}
{"step": 27456, "mse": 0.13158691488206387, "seconds": 2914.5042996350676}
{"step": 27488, "mse": 0.28528058528900146, "seconds": 2964.265954485163}
{"step": 27520, "mse": 0.34913787990808487, "seconds": 3014.090316280257}
{"step": 27552, "mse": 0.2670789463445544, "seconds": 3068.796684599016}
{"step": 27584, "mse": 0.12227859161794186, "seconds": 3117.3374048522674}
{"step": 27616, "mse": 0.47869468107819557, "seconds": 3166.1573531450704}
{"step": 27648, "mse": 0.1894591711461544, "seconds": 3214.7504445961677}
{"step": 27680, "mse": 0.14895183220505714, "seconds": 3267.6880830810405}
{"step": 27712, "mse": 0.26895355246961117, "seconds": 3315.985162905883}
{"step": 27744, "mse": 0.172810735180974, "seconds": 3364.2285632030107}
{"step": 27776, "mse": 0.7109895022585988, "seconds": 3414.025794715155}
{"step": 27808, "mse": 0.32089538499712944, "seconds": 3467.986443186179}
{"step": 27840, "mse": 0.28184979781508446, "seconds": 3517.785591539927}
{"step": 27872, "mse": 0.18950125947594643, "seconds": 3567.4815450711176}
{"step": 27904, "mse": 0.11426454409956932, "seconds": 3617.094306129962}
{"step": 27936, "mse": 0.061170922592282295, "seconds": 3671.137055612169}
{"step": 27968, "mse": 0.208973690867424, "seconds": 3719.2655165442266}
{"step": 28000, "mse": 0.38393630366772413, "seconds": 3767.3745822780766}
{"step": 28032, "mse": 0.1199954655021429, "seconds": 3815.6139642251655}
{"step": 28064, "mse": 0.09377488493919373, "seconds": 3868.930935272947}
{"step": 28096, "mse": 0.2542857713997364, "seconds": 3917.6965465680696}
{"step": 28128, "mse": 0.14229106530547142, "seconds": 3967.4915031152777}
{"step": 28160, "mse": 0.5423665475100279, "seconds": 4017.5745285889134}
{"step": 28192, "mse": 0.29778847750276327, "seconds": 4074.414780729916}
{"step": 28224, "mse": 0.14473168272525072, "seconds": 4125.075795485172}
{"step": 28256, "mse": 0.2041603703983128, "seconds": 4175.720171317924}
{"step": 28288, "mse": 0.14319780515506864, "seconds": 4225.324916355312}
{"step": 28320, "mse": 0.049373564310371876, "seconds": 4280.405214043334}
{"step": 28352, "mse": 0.27237193938344717, "seconds": 4329.392494942062}
{"step": 28384, "mse": 0.10537968575954437, "seconds": 4378.767333120108}
{"step": 28416, "mse": 0.2801824752241373, "seconds": 4428.822626619134}
{"step": 28448, "mse": 0.2135452856309712, "seconds": 4484.188143922947}
{"step": 28480, "mse": 0.3683360666036606, "seconds": 4533.340876826085}
{"step": 28512, "mse": 0.2973103001713753, "seconds": 4583.289979025256}
{"step": 28544, "mse": 0.20725405402481556, "seconds": 4633.225074457936}
{"step": 28576, "mse": 0.26165669597685337, "seconds": 4689.0197326131165}
{"step": 28608, "mse": 0.3630579635500908, "seconds": 4738.870908475947}
{"step": 28640, "mse": 0.29054025560617447, "seconds": 4788.777183959261}
{"step": 28672, "mse": 0.27856949251145124, "seconds": 4837.765678646043}
{"step": 28704, "mse": 0.07164110336452723, "seconds": 4891.916058785282}
{"step": 28736, "mse": 0.1478174924850464, "seconds": 4940.886319020297}
{"step": 28768, "mse": 0.2374622505158186, "seconds": 4989.423889729194}
{"step": 28800, "mse": 0.14267689362168312, "seconds": 5038.0185073208995}
{"step": 28832, "mse": 0.10149820894002914, "seconds": 5091.407352881972}
{"step": 28864, "mse": 0.17062027007341385, "seconds": 5141.295247663278}
{"step": 28896, "mse": 0.11705458769574761, "seconds": 5191.659424806945}
{"step": 28928, "mse": 0.28461112454533577, "seconds": 5241.676469451282}
{"step": 28960, "mse": 0.3993950546719134, "seconds": 5296.98919259198}
{"step": 28992, "mse": 0.07860687654465437, "seconds": 5346.967011475004}
{"step": 29024, "mse": 0.10087197506800294, "seconds": 5396.635513359215}
{"step": 29056, "mse": 0.3366474164649844, "seconds": 5445.526917097159}
{"step": 29088, "mse": 0.617468474432826, "seconds": 5498.630414689891}
{"step": 29120, "mse": 0.30377810541540384, "seconds": 5546.974587935023}
{"step": 29152, "mse": 0.2574843615293503, "seconds": 5595.141252551228}
{"step": 29184, "mse": 0.0936797084286809, "seconds": 5643.427332921885}
{"step": 29216, "mse": 0.33044066838920116, "seconds": 5697.693047182169}
{"step": 29248, "mse": 0.06466198619455099, "seconds": 5747.562058258336}
{"step": 29280, "mse": 0.14846224430948496, "seconds": 5797.463442496955}
{"step": 29312, "mse": 0.20464001735672355, "seconds": 5847.302722021006}
{"step": 29344, "mse": 0.07275569438934326, "seconds": 5902.137690600939}
{"step": 29376, "mse": 0.4030634774826467, "seconds": 5952.288338830229}
{"step": 29408, "mse": 0.17592190857976675, "seconds": 6000.795551474206}
{"step": 29440, "mse": 0.2906096475198865, "seconds": 6048.98272157833}
{"step": 29472, "mse": 0.2993462383747101, "seconds": 6101.863594985101}
{"step": 29504, "mse": 0.2752554379403591, "seconds": 6150.023793828208}
{"step": 29536, "mse": 0.3501614835113287, "seconds": 6198.577486305032}
{"step": 29568, "mse": 0.08572585042566061, "seconds": 6246.909566599876}
{"step": 29600, "mse": 0.4810362011194229, "seconds": 6301.216275617946}
{"step": 29632, "mse": 0.24025260983034968, "seconds": 6350.918940203264}
{"step": 29664, "mse": 0.2006376967765391, "seconds": 6400.858019984327}
{"step": 29696, "mse": 0.15129358880221844, "seconds": 6450.990863055922}
{"step": 29728, "mse": 0.20953719597309828, "seconds": 6505.427558477968}
{"step": 29760, "mse": 0.343185325153172, "seconds": 6554.497166085988}
{"step": 29792, "mse": 0.3000322328880429, "seconds": 6602.761890742928}
{"step": 29824, "mse": 0.2216894030570984, "seconds": 6651.076416756958}
{"step": 29856, "mse": 0.13096448965370655, "seconds": 6704.6573485489935}
{"step": 29888, "mse": 0.312127354554832, "seconds": 6753.139431050979}
{"step": 29920, "mse": 0.32586125936359167, "seconds": 6801.6524049402215}
{"step": 29952, "mse": 0.25110779237002134, "seconds": 6851.082285062876}
{"step": 29984, "mse": 0.3617756087332964, "seconds": 6906.195061761886}
{"step": 30016, "mse": 0.9159556329250336, "seconds": 6956.4138622903265}
{"step": 30048, "mse": 0.49842886812984943, "seconds": 7006.375677437056}
{"step": 30080, "mse": 0.15667206421494484, "seconds": 7056.176247030031}
{"step": 30112, "mse": 0.06704448442906141, "seconds": 7111.427247988991}
{"step": 30144, "mse": 0.0715606864541769, "seconds": 7160.061222637072}
{"step": 30176, "mse": 0.32079643150791526, "seconds": 7209.014969642274}
{"step": 30208, "mse": 0.26804191526025534, "seconds": 7257.464801735245}
{"step": 30240, "mse": 0.36294832872226834, "seconds": 7310.889871154912}
{"step": 30272, "mse": 0.036337628960609436, "seconds": 7359.395536574069}
{"step": 30304, "mse": 0.3888622401282191, "seconds": 7408.402967866976}
{"step": 30336, "mse": 0.27189273620024323, "seconds": 7458.681582805235}
{"step": 30368, "mse": 0.3688455978408456, "seconds": 7513.883362879977}
{"step": 30400, "mse": 0.33964834455400705, "seconds": 7563.9583093281835}
{"step": 30432, "mse": 0.3159615471959114, "seconds": 7613.798085860908}
{"step": 30464, "mse": 0.29093113262206316, "seconds": 7663.669256129302}
{"step": 30496, "mse": 0.32794511318206787, "seconds": 7717.928342401981}
{"step": 30528, "mse": 0.5391804780811071, "seconds": 7766.601411082316}
{"step": 30560, "mse": 0.30340211745351553, "seconds": 7815.066953107249}
{"step": 30592, "mse": 0.05948159517720342, "seconds": 7863.567039093003}
{"step": 30624, "mse": 0.37594764260575175, "seconds": 7917.39379770821}
{"step": 30656, "mse": 0.2710220627486706, "seconds": 7966.124620204326}
{"step": 30688, "mse": 0.158807092346251, "seconds": 8015.750687947031}
{"step": 30720, "mse": 0.2533253291621804, "seconds": 8065.585532478988}
{"step": 30752, "mse": 0.15211758250370622, "seconds": 8120.494761701208}
{"step": 30784, "mse": 0.3905177442356944, "seconds": 8170.423512001056}
{"step": 30816, "mse": 0.26633009128272533, "seconds": 8220.547380682081}
{"step": 30848, "mse": 0.3329199431464076, "seconds": 8270.146364639048}
{"step": 30880, "mse": 0.3443550281226635, "seconds": 8323.927824538201}
{"step": 30912, "mse": 0.2381381280720234, "seconds": 8372.437927057035}
{"step": 30944, "mse": 0.09423512313514948, "seconds": 8420.787776461337}
{"step": 30976, "mse": 0.13620033813640475, "seconds": 8469.314865258988}
{"step": 31008, "mse": 0.7585347276180983, "seconds": 8522.208858087193}
{"step": 31040, "mse": 0.4881851803511381, "seconds": 8571.277712576091}
{"step": 31072, "mse": 0.06886384403333068, "seconds": 8621.081875188276}
{"step": 31104, "mse": 0.39055742509663105, "seconds": 8670.957749692257}
{"step": 31136, "mse": 0.13762945495545864, "seconds": 8725.73659827793}
{"step": 31168, "mse": 0.4752409588545561, "seconds": 8775.617722644936}
{"step": 31200, "mse": 0.20927149429917336, "seconds": 8826.030136015266}
{"step": 31232, "mse": 0.09465928236022592, "seconds": 8875.430674975272}
{"step": 31264, "mse": 0.21420935541391373, "seconds": 8930.2739161863}
{"step": 31296, "mse": 0.5486312508583069, "seconds": 8979.719708724879}
{"step": 31328, "mse": 0.3073896844871342, "seconds": 9028.987621549983}
{"step": 31360, "mse": 0.1292757522314787, "seconds": 9078.001242591068}
{"step": 31392, "mse": 0.20293055661022663, "seconds": 9132.412767412141}
{"step": 31424, "mse": 0.2578845899552107, "seconds": 9182.540680561215}
{"step": 31456, "mse": 0.1542639024555683, "seconds": 9232.793861850165}
{"step": 31488, "mse": 0.049175509717315435, "seconds": 9282.620412943885}
{"step": 31520, "mse": 0.3084650095552206, "seconds": 9338.264094606973}
{"step": 31552, "mse": 0.21216963836923242, "seconds": 9388.898696348071}
{"step": 31584, "mse": 0.128231062553823, "seconds": 9438.864814885892}
{"step": 31616, "mse": 0.12198053440079093, "seconds": 9488.042773180176}
{"step": 31648, "mse": 0.2901342026889324, "seconds": 9541.9576177313}
{"step": 31680, "mse": 0.12270846683532, "seconds": 9590.682545535266}
{"step": 31712, "mse": 0.1001161877065897, "seconds": 9639.417223484255}
{"step": 31744, "mse": 0.37644903850741684, "seconds": 9688.635182200931}
{"step": 31776, "mse": 0.07792865857481956, "seconds": 9744.419040083885}
{"step": 31808, "mse": 0.06016079429537058, "seconds": 9794.870140193962}
{"step": 31840, "mse": 0.3345100861042738, "seconds": 9845.314878065139}
{"step": 31872, "mse": 0.1690948586910963, "seconds": 9895.56991922995}
{"step": 31904, "mse": 0.05959186563268304, "seconds": 9950.819048699923}
{"step": 31936, "mse": 0.10055630654096603, "seconds": 10001.647815811913}
{"step": 31968, "mse": 0.07124730665236712, "seconds": 10050.73493955005}
{"step": 32000, "mse": 0.3357162671163678, "seconds": 10099.83980858419}
{"step": 32032, "mse": 0.19005105830729008, "seconds": 10153.985528687946}
{"step": 32064, "mse": 0.47041627019643784, "seconds": 10203.331581230275}
{"step": 32096, "mse": 0.06520162988454103, "seconds": 10252.541796595324}
{"step": 32128, "mse": 0.26770184002816677, "seconds": 10301.846041307319}
{"step": 32160, "mse": 0.4671051502227783, "seconds": 10356.646737935953}
{"step": 32192, "mse": 0.12901725433766842, "seconds": 10406.829956918955}
{"step": 32224, "mse": 0.09852057322859764, "seconds": 10456.877605272923}
{"step": 32256, "mse": 0.16947715915739536, "seconds": 10507.447571224067}
{"step": 32288, "mse": 0.0966147892177105, "seconds": 10563.283587860875}
{"step": 32320, "mse": 0.033889356069266796, "seconds": 10612.572146235965}
{"step": 32352, "mse": 0.13860186003148556, "seconds": 10661.032739703078}
{"step": 32384, "mse": 0.2335275337100029, "seconds": 10709.367842633277}
{"step": 32416, "mse": 0.17353185452520847, "seconds": 10762.887273405213}
{"step": 32448, "mse": 0.06530057825148106, "seconds": 10811.037620489951}
{"step": 32480, "mse": 0.5324660092592239, "seconds": 10859.175632377155}
{"step": 32512, "mse": 0.15255372412502766, "seconds": 10908.496297099162}
{"step": 32544, "mse": 0.19070407189428806, "seconds": 10962.67527771229}
{"step": 32576, "mse": 0.3763316087424755, "seconds": 11012.491020359099}
{"step": 32608, "mse": 0.31757659651339054, "seconds": 11061.944908487145}
{"step": 32640, "mse": 0.07045921077951789, "seconds": 11111.257886982989}
{"step": 32672, "mse": 0.08093120343983173, "seconds": 11164.825607293285}
{"step": 32704, "mse": 0.1902846246957779, "seconds": 11212.727394341957}
{"step": 32736, "mse": 0.2178672719746828, "seconds": 11260.831318201032}
{"step": 32768, "mse": 0.08658217871561646, "seconds": 11308.802166183013}
{"step": 32800, "mse": 0.1168979019857943, "seconds": 11361.191339760087}
{"step": 32832, "mse": 0.2135035046376288, "seconds": 11409.127766211983}
{"step": 32864, "mse": 0.4250770197249949, "seconds": 11457.595241122879}
{"step": 32896, "mse": 0.09481008257716894, "seconds": 11507.129880013876}
{"step": 32928, "mse": 0.2290903963148594, "seconds": 11560.525884045288}
{"step": 32960, "mse": 0.3248401628807187, "seconds": 11609.39276835788}
{"step": 32992, "mse": 0.0928339883685112, "seconds": 11658.301862580236}
{"step": 33024, "mse": 0.33984735421836376, "seconds": 11707.25239277212}
{"step": 33056, "mse": 0.11972971074283123, "seconds": 11759.627749212086}
{"step": 33088, "mse": 0.048171852715313435, "seconds": 11807.07510671299}
{"step": 33120, "mse": 0.0716985585168004, "seconds": 11854.67130908696}
{"step": 33152, "mse": 0.4936243575066328, "seconds": 11902.332536207978}
{"step": 33184, "mse": 0.17443590238690376, "seconds": 11954.446330853272}
{"step": 33216, "mse": 0.14248985704034567, "seconds": 12002.369445506018}
{"step": 33248, "mse": 0.06570097617805004, "seconds": 12051.417480233125}
{"step": 33280, "mse": 0.2648346540518105, "seconds": 12100.451303994283}
{"step": 33312, "mse": 0.43694507982581854, "seconds": 12153.788642690051}
{"step": 33344, "mse": 0.03489539120346308, "seconds": 12202.90919188317}
{"step": 33376, "mse": 0.09670829586684704, "seconds": 12252.214913268108}
{"step": 33408, "mse": 0.16616388270631433, "seconds": 12300.905573856086}
{"step": 33440, "mse": 0.1900083078071475, "seconds": 12353.012845166959}
{"step": 33472, "mse": 0.09742601588368416, "seconds": 12400.816581143998}
{"step": 33504, "mse": 0.3463990278542042, "seconds": 12448.608547474258}
{"step": 33536, "mse": 0.14925985923036933, "seconds": 12496.659126308281}
{"step": 33568, "mse": 0.2356417067348957, "seconds": 12548.820597661193}
{"step": 33600, "mse": 0.2399212969467044, "seconds": 12597.51063589612}
{"step": 33632, "mse": 0.30445915507152677, "seconds": 12646.7201573723}
{"step": 33664, "mse": 0.43964021978899837, "seconds": 12695.97031473415}
{"step": 33696, "mse": 0.0982491709291935, "seconds": 12749.780892551877}
{"step": 33728, "mse": 0.27447580825537443, "seconds": 12799.101665479131}
{"step": 33760, "mse": 0.4094071830622852, "seconds": 12848.464892712887}
{"step": 33792, "mse": 0.0786395138129592, "seconds": 12896.461919865105}
{"step": 33824, "mse": 0.31165131740272045, "seconds": 12948.633388374932}
{"step": 33856, "mse": 0.06716699083335698, "seconds": 12996.714790242258}
{"step": 33888, "mse": 0.47255226597189903, "seconds": 13044.531855239067}
{"step": 33920, "mse": 0.13960258197039366, "seconds": 13092.362485010177}
{"step": 33952, "mse": 0.18739006854593754, "seconds": 13144.968025574926}
{"step": 33984, "mse": 0.07010915456339717, "seconds": 13193.841738882009}
{"step": 34016, "mse": 0.030806244583800435, "seconds": 13242.932656358927}
{"step": 34048, "mse": 0.11721000587567687, "seconds": 13291.759212260135}
{"step": 34080, "mse": 0.2028867993503809, "seconds": 13344.9906727192}
{"step": 34112, "mse": 0.7498215809464455, "seconds": 13393.865223920904}
{"step": 34144, "mse": 0.30410547368228436, "seconds": 13441.99617456831}
{"step": 34176, "mse": 0.4330448843538761, "seconds": 13489.648202488199}
{"step": 34208, "mse": 0.21652445755898952, "seconds": 13541.415998436045}
{"step": 34240, "mse": 0.3065077681094408, "seconds": 13588.881878218148}
{"step": 34272, "mse": 0.35737411491572857, "seconds": 13636.327116535977}
{"step": 34304, "mse": 0.1090548699721694, "seconds": 13683.808558278251}
{"step": 34336, "mse": 0.031479590106755495, "seconds": 13736.839450425934}
{"step": 34368, "mse": 0.07190490793436766, "seconds": 13785.660938321147}
{"step": 34400, "mse": 0.4136504977941513, "seconds": 13834.538931331132}
{"step": 34432, "mse": 0.11925994325429201, "seconds": 13883.375235502142}
{"step": 34464, "mse": 0.5536949094384909, "seconds": 13936.576845861971}
{"step": 34496, "mse": 0.4576243367046118, "seconds": 13985.530692538247}
{"step": 34528, "mse": 0.27582173328846693, "seconds": 14032.993490084074}
{"step": 34560, "mse": 0.1098817978054285, "seconds": 14080.439298473299}
{"step": 34592, "mse": 0.08677699672989547, "seconds": 14132.226766873151}
{"step": 34624, "mse": 0.06665053451433778, "seconds": 14179.707647228148}
{"step": 34656, "mse": 0.1415489367209375, "seconds": 14227.363612913992}
{"step": 34688, "mse": 0.11179324705153704, "seconds": 14275.392037644982}
{"step": 34720, "mse": 0.2762306444346905, "seconds": 14328.647493427154}
{"step": 34752, "mse": 0.14863648638129234, "seconds": 14377.604165031109}
{"step": 34784, "mse": 0.10701966751366854, "seconds": 14426.454056509305}
{"step": 34816, "mse": 0.07177311321720481, "seconds": 14475.465087593999}
{"step": 34848, "mse": 0.08209597505629063, "seconds": 14528.631115132943}
{"step": 34880, "mse": 0.10202104086056352, "seconds": 14576.499029005878}
{"step": 34912, "mse": 0.3110645548440516, "seconds": 14623.97317370493}
{"step": 34944, "mse": 0.14372143684886396, "seconds": 14671.440323107876}
{"step": 34976, "mse": 0.15143655985593796, "seconds": 14723.407474387903}
{"step": 35008, "mse": 0.7908181250095367, "seconds": 14770.85776660731}
{"step": 35040, "mse": 0.4011196121573448, "seconds": 14818.320573476143}
{"step": 35072, "mse": 0.2614589431323111, "seconds": 14867.17558279913}
{"step": 35104, "mse": 0.10355418361723423, "seconds": 14920.595746804029}
{"step": 35136, "mse": 0.239037424325943, "seconds": 14969.826780111063}
{"step": 35168, "mse": 0.06043911352753639, "seconds": 15018.890122667886}
{"step": 35200, "mse": 0.19293917249888182, "seconds": 15068.00904807821}
{"step": 35232, "mse": 0.19949641777202487, "seconds": 15121.149617066141}
{"step": 35264, "mse": 0.17362763918936253, "seconds": 15168.897716036998}
{"step": 35296, "mse": 0.0248826805036515, "seconds": 15216.841719699092}
{"step": 35328, "mse": 0.26972321048378944, "seconds": 15264.620845481288}
{"step": 35360, "mse": 0.048821670934557915, "seconds": 15316.720470027998}
{"step": 35392, "mse": 0.07448761351406574, "seconds": 15364.199487401173}
{"step": 35424, "mse": 0.06351376743987203, "seconds": 15412.462005283218}
{"step": 35456, "mse": 0.18189983814954758, "seconds": 15461.50003943313}
{"step": 35488, "mse": 0.24570042733103037, "seconds": 15514.731170546263}
{"step": 35520, "mse": 0.2771334443241358, "seconds": 15563.596393686254}
{"step": 35552, "mse": 0.06661333795636892, "seconds": 15612.454546232242}
{"step": 35584, "mse": 0.18893965054303408, "seconds": 15661.36115947133}
{"step": 35616, "mse": 0.10924005787819624, "seconds": 15713.507997461129}
{"step": 35648, "mse": 0.19143391959369183, "seconds": 15760.98319939198}
{"step": 35680, "mse": 0.4601439908146858, "seconds": 15808.4690688611}
{"step": 35712, "mse": 0.10247435886412859, "seconds": 15855.944085377268}
{"step": 35744, "mse": 0.1264303047209978, "seconds": 15907.74530067388}
{"step": 35776, "mse": 0.25488939229398966, "seconds": 15955.701892977115}
{"step": 35808, "mse": 0.4188001547008753, "seconds": 16004.548256324138}
{"step": 35840, "mse": 0.6791711417026818, "seconds": 16053.396424413193}
{"step": 35872, "mse": 0.04681424703449011, "seconds": 16106.753394726198}
{"step": 35904, "mse": 0.44586468301713467, "seconds": 16155.910850420129}
{"step": 35936, "mse": 0.03658931143581867, "seconds": 16205.24635711126}
{"step": 35968, "mse": 0.3778398474678397, "seconds": 16253.636185579002}
{"step": 36000, "mse": 0.5862664580345154, "seconds": 16305.85940458905}
{"step": 36032, "mse": 0.30128288827836514, "seconds": 16353.65938238008}
{"step": 36064, "mse": 0.050853035412728786, "seconds": 16401.509647142142}
{"step": 36096, "mse": 0.5353559255599976, "seconds": 16449.531122948043}
{"step": 36128, "mse": 0.13928957283496857, "seconds": 16501.895394041203}
{"step": 36160, "mse": 0.20332386111840606, "seconds": 16550.940020388924}
{"step": 36192, "mse": 0.11070271488279104, "seconds": 16600.29722684808}
{"step": 36224, "mse": 0.13759425189346075, "seconds": 16649.698645096272}
{"step": 36256, "mse": 0.3254805882461369, "seconds": 16703.935909776017}
{"step": 36288, "mse": 0.06436777347698808, "seconds": 16753.42602442205}
{"step": 36320, "mse": 0.05357914976775646, "seconds": 16802.811872706283}
{"step": 36352, "mse": 0.37847039103507996, "seconds": 16850.892477754038}
{"step": 36384, "mse": 0.11971187964081764, "seconds": 16903.648358323146}
{"step": 36416, "mse": 0.17136063612997532, "seconds": 16952.011487054173}
{"step": 36448, "mse": 0.3096747100353241, "seconds": 17000.073175567202}
{"step": 36480, "mse": 0.27514240657910705, "seconds": 17048.164056635927}
{"step": 36512, "mse": 0.2862941799685359, "seconds": 17101.61832349701}
{"step": 36544, "mse": 0.06148834340274334, "seconds": 17151.06373301288}
{"step": 36576, "mse": 0.0389598049223423, "seconds": 17200.70195556106}
{"step": 36608, "mse": 0.7553053293377161, "seconds": 17250.116882198025}
{"step": 36640, "mse": 0.19025914184749126, "seconds": 17304.30167550128}
{"step": 36672, "mse": 0.09433162584900856, "seconds": 17353.785251137335}
{"step": 36704, "mse": 0.09766866266727448, "seconds": 17402.28063554922}
{"step": 36736, "mse": 0.30386024434119463, "seconds": 17450.532355024945}
{"step": 36768, "mse": 0.3167482130229473, "seconds": 17503.19981434103}
{"step": 36800, "mse": 0.27258204855024815, "seconds": 17551.345877897926}
{"step": 36832, "mse": 0.32182054221630096, "seconds": 17599.37646085117}
{"step": 36864, "mse": 0.29941770154982805, "seconds": 17647.406301361974}
{"step": 36896, "mse": 0.2712137009948492, "seconds": 17702.024223888293}
{"step": 36928, "mse": 0.21590455109253526, "seconds": 17751.552391006146}
{"step": 36960, "mse": 0.06813153997063637, "seconds": 17801.04299709713}
{"step": 36992, "mse": 0.10440332256257534, "seconds": 17850.451820241287}
{"step": 37024, "mse": 0.1756306942552328, "seconds": 17904.710427436046}
{"step": 37056, "mse": 0.33819628320634365, "seconds": 17954.01177042816}
{"step": 37088, "mse": 0.09760330151766539, "seconds": 18002.062127341982}
{"step": 37120, "mse": 0.04157207068055868, "seconds": 18050.063497344032}
{"step": 37152, "mse": 0.37859691586345434, "seconds": 18102.756016118918}
{"step": 37184, "mse": 0.07935279794037342, "seconds": 18150.746120327152}
{"step": 37216, "mse": 0.07762094493955374, "seconds": 18199.032790636178}
{"step": 37248, "mse": 0.22391068004071712, "seconds": 18247.862795371097}
{"step": 37280, "mse": 0.1027170093730092, "seconds": 18302.089372484013}
{"step": 37312, "mse": 0.04080950329080224, "seconds": 18351.58799388213}
{"step": 37344, "mse": 0.24970883154310286, "seconds": 18401.04023000505}
{"step": 37376, "mse": 0.1184766311198473, "seconds": 18450.780913586263}
{"step": 37408, "mse": 0.046046847477555275, "seconds": 18504.97513193218}
{"step": 37440, "mse": 0.10827260883525014, "seconds": 18553.095865752082}
{"step": 37472, "mse": 0.25275590852834284, "seconds": 18601.064686553087}
{"step": 37504, "mse": 0.2318896441720426, "seconds": 18649.05811789725}
{"step": 37536, "mse": 0.06616978626698256, "seconds": 18702.46312940214}
{"step": 37568, "mse": 0.04545467812567949, "seconds": 18750.446236663032}
{"step": 37600, "mse": 0.05089874565601349, "seconds": 18798.693365658168}
{"step": 37632, "mse": 0.03617765661329031, "seconds": 18848.184286592063}
{"step": 37664, "mse": 0.20290462067350745, "seconds": 18902.30466885632}
{"step": 37696, "mse": 0.2841369896195829, "seconds": 18952.04337995127}
{"step": 37728, "mse": 0.15756606892682612, "seconds": 19001.48637696216}
{"step": 37760, "mse": 0.2711770087480545, "seconds": 19050.94401610922}
{"step": 37792, "mse": 0.04958955571055412, "seconds": 19104.554864474107}
{"step": 37824, "mse": 0.26617966033518314, "seconds": 19152.56268746825}
{"step": 37856, "mse": 0.20896879001520574, "seconds": 19200.76171589829}
{"step": 37888, "mse": 0.03520393720827997, "seconds": 19248.7453491739}
{"step": 37920, "mse": 0.2809869199991226, "seconds": 19301.528718421236}
{"step": 37952, "mse": 0.2640584693290293, "seconds": 19349.52870465815}
{"step": 37984, "mse": 0.27089304523542523, "seconds": 19398.64094275795}
{"step": 38016, "mse": 0.06383075658231974, "seconds": 19448.40719786007}
{"step": 38048, "mse": 0.06662520905956626, "seconds": 19502.441479281988}
{"step": 38080, "mse": 0.14293002150952816, "seconds": 19551.93101344118}
{"step": 38112, "mse": 0.06926595512777567, "seconds": 19601.40367428027}
{"step": 38144, "mse": 0.06975660799071193, "seconds": 19650.734227577224}
{"step": 38176, "mse": 0.2289557047188282, "seconds": 19703.754135871306}
{"step": 38208, "mse": 0.03902399027720094, "seconds": 19751.727239144035}
{"step": 38240, "mse": 0.2799473311752081, "seconds": 19799.78512958903}
{"step": 38272, "mse": 0.2980019561946392, "seconds": 19847.87197648594}
{"step": 38304, "mse": 0.12512870877981186, "seconds": 19900.59734230023}
{"step": 38336, "mse": 0.11920280149206519, "seconds": 19949.308003398124}
{"step": 38368, "mse": 0.35240047611296177, "seconds": 19998.789998841938}
{"step": 38400, "mse": 0.10033796448260546, "seconds": 20048.25254146522}
{"step": 38432, "mse": 0.10744947660714388, "seconds": 20102.44255466014}
{"step": 38464, "mse": 0.37592897843569517, "seconds": 20151.868785140105}
{"step": 38496, "mse": 0.30543795321136713, "seconds": 20201.567800151184}
{"step": 38528, "mse": 0.1468135230243206, "seconds": 20250.06442267308}
{"step": 38560, "mse": 0.2662416319362819, "seconds": 20302.884772587102}
{"step": 38592, "mse": 0.5093887108378112, "seconds": 20350.92747253133}
{"step": 38624, "mse": 0.2836189027875662, "seconds": 20398.985397648066}
{"step": 38656, "mse": 0.13371768686920404, "seconds": 20447.264272150118}
{"step": 38688, "mse": 0.10543444519862533, "seconds": 20500.302824063227}
{"step": 38720, "mse": 0.2534572393633425, "seconds": 20549.671231319197}
{"step": 38752, "mse": 0.18700467515736818, "seconds": 20599.14826296596}
{"step": 38784, "mse": 0.1979140304028988, "seconds": 20648.61256412929}
{"step": 38816, "mse": 0.1167644327506423, "seconds": 20702.911258251872}
{"step": 38848, "mse": 0.11792423017323017, "seconds": 20752.337095301133}
{"step": 38880, "mse": 0.04479927197098732, "seconds": 20801.307507033926}
{"step": 38912, "mse": 0.3301900774240494, "seconds": 20849.24725407129}
{"step": 38944, "mse": 0.07021876890212297, "seconds": 20902.03858984122}
{"step": 38976, "mse": 0.18662510719150305, "seconds": 20950.323725603987}
{"step": 39008, "mse": 0.49479325488209724, "seconds": 20998.41439552931}
{"step": 39040, "mse": 0.23987238411791623, "seconds": 21046.373746095225}
{"step": 39072, "mse": 0.06007694127038121, "seconds": 21099.895806067158}
{"step": 39104, "mse": 0.10307408403605223, "seconds": 21149.322317245882}
{"step": 39136, "mse": 0.17103216098621488, "seconds": 21199.040743620135}
{"step": 39168, "mse": 0.03555087046697736, "seconds": 21248.416413384955}
{"step": 39200, "mse": 0.3541251877322793, "seconds": 21302.6092200079}
{"step": 39232, "mse": 0.08653337648138404, "seconds": 21352.03083528625}
{"step": 39264, "mse": 0.03687405493110418, "seconds": 21400.371326178312}
{"step": 39296, "mse": 0.07566822413355112, "seconds": 21448.639106091112}
{"step": 39328, "mse": 0.02886342443525791, "seconds": 21501.309306866024}
{"step": 39360, "mse": 0.06856638379395008, "seconds": 21549.364494251087}
{"step": 39392, "mse": 0.1801661727949977, "seconds": 21597.5257465872}
{"step": 39424, "mse": 0.24481376633048058, "seconds": 21645.805290091317}
{"step": 39456, "mse": 0.1345971035771072, "seconds": 21700.410485134926}
{"step": 39488, "mse": 0.4945918475277722, "seconds": 21749.870426413137}
{"step": 39520, "mse": 0.30103596951812506, "seconds": 21799.307372053154}
{"step": 39552, "mse": 0.07501071086153388, "seconds": 21848.72137007909}
{"step": 39584, "mse": 0.15806890418753028, "seconds": 21903.040695250966}
{"step": 39616, "mse": 0.3210387071594596, "seconds": 21952.17942952225}
{"step": 39648, "mse": 0.04781704326160252, "seconds": 22000.265571296215}
{"step": 39680, "mse": 0.29340140987187624, "seconds": 22048.297159332316}
{"step": 39712, "mse": 0.10281439498066902, "seconds": 22101.15620202711}
{"step": 39744, "mse": 0.12173092225566506, "seconds": 22149.145865269937}
{"step": 39776, "mse": 0.022157997358590364, "seconds": 22197.341608274262}
{"step": 39808, "mse": 0.1124181067571044, "seconds": 22246.271535810083}
{"step": 39840, "mse": 0.058024318888783455, "seconds": 22300.86005584197}
{"step": 39872, "mse": 0.1386446412652731, "seconds": 22350.326358958147}
{"step": 39904, "mse": 0.12382978154346347, "seconds": 22399.7875090912}
{"step": 39936, "mse": 0.12301437789574265, "seconds": 22449.424608831294}
{"step": 39968, "mse": 0.32008251640945673, "seconds": 22503.65963346092}
{"step": 40000, "mse": 0.3303573653101921, "seconds": 22551.73374163313}
{"step": 40032, "mse": 0.2647160440683365, "seconds": 22599.78938434506}
{"step": 40064, "mse": 0.17325870413333178, "seconds": 22647.841702457983}
{"step": 40096, "mse": 0.08779500238597393, "seconds": 22701.088919556234}
{"step": 40128, "mse": 0.292753204703331, "seconds": 22749.164673025254}
{"step": 40160, "mse": 0.0547315264120698, "seconds": 22797.589577267878}
{"step": 40192, "mse": 0.056259009055793285, "seconds": 22847.094052372966}
{"step": 40224, "mse": 0.06466614874079823, "seconds": 22901.46639323095}
{"step": 40256, "mse": 0.04024233389645815, "seconds": 22951.16405649297}
{"step": 40288, "mse": 0.23636960657313466, "seconds": 23000.62689211499}
{"step": 40320, "mse": 0.08616049634292722, "seconds": 23050.086551941}
{"step": 40352, "mse": 0.07643554173409939, "seconds": 23103.729981461074}
{"step": 40384, "mse": 0.3769094096496701, "seconds": 23151.717171483207}
{"step": 40416, "mse": 0.17360666953027248, "seconds": 23200.005361977033}
{"step": 40448, "mse": 0.34931715205311775, "seconds": 23247.98723499989}
{"step": 40480, "mse": 0.2637083726003766, "seconds": 23300.835021266248}
{"step": 40512, "mse": 0.1475250329822302, "seconds": 23348.81707153516}
{"step": 40544, "mse": 0.06015795283019543, "seconds": 23398.118678369094}
{"step": 40576, "mse": 0.4042053557932377, "seconds": 23447.881651893258}
{"step": 40608, "mse": 0.2231696955859661, "seconds": 23502.49479192216}
{"step": 40640, "mse": 0.37012374959886074, "seconds": 23551.888998385053}
{"step": 40672, "mse": 0.299705040641129, "seconds": 23601.324153208174}
{"step": 40704, "mse": 0.08923073951154947, "seconds": 23650.56769375829}
{"step": 40736, "mse": 0.36662777606397867, "seconds": 23703.670984980185}
{"step": 40768, "mse": 0.05348637932911515, "seconds": 23751.749191292096}
{"step": 40800, "mse": 0.06868480844423175, "seconds": 23799.831168128178}
{"step": 40832, "mse": 0.05312739312648773, "seconds": 23847.818797436077}
{"step": 40864, "mse": 0.2795934844762087, "seconds": 23900.745535949245}
{"step": 40896, "mse": 0.15575238037854433, "seconds": 23949.714011156}
{"step": 40928, "mse": 0.13344262167811394, "seconds": 23999.08490954805}
{"step": 40960, "mse": 0.21689926483668387, "seconds": 24048.61199421808}
{"step": 40992, "mse": 0.14781571086496115, "seconds": 24103.14726627618}
{"step": 41024, "mse": 0.11261099111288786, "seconds": 24152.704586010892}
{"step": 41056, "mse": 0.21902759256772697, "seconds": 24202.464170400053}
{"step": 41088, "mse": 0.09272852260619402, "seconds": 24250.81525806198}
{"step": 41120, "mse": 0.08153510000556707, "seconds": 24303.550632432103}
{"step": 41152, "mse": 0.3233519000932574, "seconds": 24351.59193407232}
{"step": 41184, "mse": 0.33578543458133936, "seconds": 24399.675057911314}
{"step": 41216, "mse": 0.17525096703320742, "seconds": 24448.15719919093}
{"step": 41248, "mse": 0.05231484957039356, "seconds": 24500.926051197108}
{"step": 41280, "mse": 0.03999335318803787, "seconds": 24550.393401094247}
{"step": 41312, "mse": 0.09160157572478056, "seconds": 24599.824106707238}
{"step": 41344, "mse": 0.09520475706085563, "seconds": 24649.303811922204}
{"step": 41376, "mse": 0.5545382834970951, "seconds": 24703.549581676256}
{"step": 41408, "mse": 0.08942258963361382, "seconds": 24752.872188183945}
{"step": 41440, "mse": 0.2564084813930094, "seconds": 24801.817496439908}
{"step": 41472, "mse": 0.06888065626844764, "seconds": 24849.85764199216}
{"step": 41504, "mse": 0.3896481078118086, "seconds": 24902.827558421064}
{"step": 41536, "mse": 0.20325548434630036, "seconds": 24951.143604201265}
{"step": 41568, "mse": 0.154589070007205, "seconds": 24999.222386738285}
{"step": 41600, "mse": 0.3286107622552663, "seconds": 25047.259208635893}
{"step": 41632, "mse": 0.0963104572147131, "seconds": 25101.47317914618}
{"step": 41664, "mse": 0.03213782049715519, "seconds": 25150.8811161099}
{"step": 41696, "mse": 0.5364337787032127, "seconds": 25200.707966608927}
{"step": 41728, "mse": 0.06968453153967857, "seconds": 25250.07979611028}
{"step": 41760, "mse": 0.5494770421646535, "seconds": 25304.248810186982}
{"step": 41792, "mse": 0.0728722233325243, "seconds": 25353.719222280197}
{"step": 41824, "mse": 0.37253629183396697, "seconds": 25401.763599178288}
{"step": 41856, "mse": 0.029810535721480846, "seconds": 25450.139295772184}
{"step": 41888, "mse": 0.18516832077875733, "seconds": 25502.877221005037}
{"step": 41920, "mse": 0.15519415959715843, "seconds": 25550.965795590077}
{"step": 41952, "mse": 0.2838539583608508, "seconds": 25599.01425454812}
{"step": 41984, "mse": 0.12757301656529307, "seconds": 25647.544392514974}
{"step": 42016, "mse": 0.22732290998101234, "seconds": 25702.274971893057}
{"step": 42048, "mse": 0.23308381740935147, "seconds": 25751.780915109906}
{"step": 42080, "mse": 0.04889852297492325, "seconds": 25801.26845897315}
{"step": 42112, "mse": 0.1593982046470046, "seconds": 25850.6655173623}
{"step": 42144, "mse": 0.09589017555117607, "seconds": 25904.770165170077}
{"step": 42176, "mse": 0.24873054306954145, "seconds": 25953.52671915712}
{"step": 42208, "mse": 0.13090493436902761, "seconds": 26001.53155414993}
{"step": 42240, "mse": 0.08606397546827793, "seconds": 26049.52032312518}
{"step": 42272, "mse": 0.2326529836282134, "seconds": 26102.270133062266}
{"step": 42304, "mse": 0.33654517121613026, "seconds": 26150.336734069977}
{"step": 42336, "mse": 0.22911189263686538, "seconds": 26198.67311821319}
{"step": 42368, "mse": 0.1552509586326778, "seconds": 26247.976392616052}
{"step": 42400, "mse": 0.019343416206538677, "seconds": 26302.305676469114}
{"step": 42432, "mse": 0.22805525921285152, "seconds": 26351.826839776244}
{"step": 42464, "mse": 0.17943427432328463, "seconds": 26401.395616048016}
{"step": 42496, "mse": 0.07982279546558857, "seconds": 26451.16969732521}
{"step": 42528, "mse": 0.10128489788621664, "seconds": 26505.385871298146}
{"step": 42560, "mse": 0.09531029593199492, "seconds": 26553.43403886212}
{"step": 42592, "mse": 0.09534662635996938, "seconds": 26601.534639946185}
{"step": 42624, "mse": 0.287283796351403, "seconds": 26649.602470101323}
{"step": 42656, "mse": 0.10334295174106956, "seconds": 26702.735381068196}
{"step": 42688, "mse": 0.3895728951320052, "seconds": 26750.91276103817}
{"step": 42720, "mse": 0.05861262045800686, "seconds": 26799.71392502496}
{"step": 42752, "mse": 0.0755432453006506, "seconds": 26849.266022509895}
{"step": 42784, "mse": 0.254393202252686, "seconds": 26904.153075925075}
{"step": 42816, "mse": 0.07416333351284266, "seconds": 26954.034190647304}
{"step": 42848, "mse": 0.046544150449335575, "seconds": 27003.48352320306}
{"step": 42880, "mse": 0.1924804514274001, "seconds": 27052.975173755083}
{"step": 42912, "mse": 0.05174066871404648, "seconds": 27106.197495403234}
{"step": 42944, "mse": 0.07523209555074573, "seconds": 27154.228021487128}
{"step": 42976, "mse": 0.029129695147275925, "seconds": 27202.56933089206}
{"step": 43008, "mse": 0.24803839158266783, "seconds": 27250.67451173626}
{"step": 43040, "mse": 0.05319178197532892, "seconds": 27303.379166398197}
{"step": 43072, "mse": 0.14737307839095592, "seconds": 27351.506906556897}
{"step": 43104, "mse": 0.19164906907826662, "seconds": 27400.97473508306}
{"step": 43136, "mse": 0.2958104219287634, "seconds": 27450.69120091619}
{"step": 43168, "mse": 0.12874203454703093, "seconds": 27504.884673702065}
{"step": 43200, "mse": 0.11023627873510122, "seconds": 27554.26037469087}
{"step": 43232, "mse": 0.03432980692014098, "seconds": 27603.648832289036}
{"step": 43264, "mse": 0.061589783523231745, "seconds": 27652.660547042266}
{"step": 43296, "mse": 0.13733805622905493, "seconds": 27705.697694516275}
{"step": 43328, "mse": 0.09774936735630035, "seconds": 27753.70477845799}
{"step": 43360, "mse": 0.07981209550052881, "seconds": 27801.705340468325}
{"step": 43392, "mse": 0.22922024503350258, "seconds": 27849.675495957956}
{"step": 43424, "mse": 0.2550890576094389, "seconds": 27902.720173436217}
{"step": 43456, "mse": 0.02554407622665167, "seconds": 27951.967615020927}
{"step": 43488, "mse": 0.10754964780062437, "seconds": 28001.343820509966}
{"step": 43520, "mse": 0.0404710341244936, "seconds": 28050.72367880121}
{"step": 43552, "mse": 0.18591507151722908, "seconds": 28104.85698164394}
{"step": 43584, "mse": 0.0848363044206053, "seconds": 28154.294432254042}
{"step": 43616, "mse": 0.148886748123914, "seconds": 28203.980984329246}
{"step": 43648, "mse": 0.20178343541920185, "seconds": 28252.07512637088}
{"step": 43680, "mse": 0.4807199612259865, "seconds": 28304.82289505191}
{"step": 43712, "mse": 0.279532584361732, "seconds": 28352.929966566153}
{"step": 43744, "mse": 0.26906546764075756, "seconds": 28400.985538916197}
{"step": 43776, "mse": 0.18044981081038713, "seconds": 28449.238486931194}
{"step": 43808, "mse": 0.09315631072968245, "seconds": 28502.31262563402}
{"step": 43840, "mse": 0.10334397736005485, "seconds": 28551.84007247025}
{"step": 43872, "mse": 0.52311996743083, "seconds": 28601.376567027066}
{"step": 43904, "mse": 0.05445804726332426, "seconds": 28650.954998753965}
{"step": 43936, "mse": 0.28511813655495644, "seconds": 28705.398007258307}
{"step": 43968, "mse": 0.1329627726227045, "seconds": 28754.953703327104}
{"step": 44000, "mse": 0.10656237555667758, "seconds": 28803.76436940208}
{"step": 44032, "mse": 0.07139643561095, "seconds": 28851.87587853009}
{"step": 44064, "mse": 0.038856901694089174, "seconds": 28904.797191011254}
{"step": 44096, "mse": 0.20977739989757538, "seconds": 28953.088322933298}
{"step": 44128, "mse": 0.2515392852947116, "seconds": 29001.27163992822}
{"step": 44160, "mse": 0.11664995085448027, "seconds": 29049.371955153067}
{"step": 44192, "mse": 0.10989797627553344, "seconds": 29103.650680519175}
{"step": 44224, "mse": 0.1902259774506092, "seconds": 29153.17645648122}
{"step": 44256, "mse": 0.15464393189176917, "seconds": 29202.984929331113}
{"step": 44288, "mse": 0.1330853581894189, "seconds": 29252.47880705027}
{"step": 44320, "mse": 0.5379731543362141, "seconds": 29306.818083921913}
{"step": 44352, "mse": 0.02906296495348215, "seconds": 29356.145605007187}
{"step": 44384, "mse": 0.12573489407077432, "seconds": 29404.373352561146}
{"step": 44416, "mse": 0.16687550023198128, "seconds": 29452.801300682127}
{"step": 44448, "mse": 0.04846134432591498, "seconds": 29505.892933451105}
{"step": 44480, "mse": 0.07196285016834736, "seconds": 29553.864996246994}
{"step": 44512, "mse": 0.20770157035440207, "seconds": 29601.947677928023}
{"step": 44544, "mse": 0.17426206171512604, "seconds": 29650.592606290244}
{"step": 44576, "mse": 0.2943761507049203, "seconds": 29704.997073831037}
{"step": 44608, "mse": 0.07464554719626904, "seconds": 29754.423109534197}
{"step": 44640, "mse": 0.044699063524603844, "seconds": 29803.84659960307}
{"step": 44672, "mse": 0.15954430773854256, "seconds": 29853.283276177943}
{"step": 44704, "mse": 0.09177247248589993, "seconds": 29907.69253362296}
{"step": 44736, "mse": 0.23764821514487267, "seconds": 29956.420465018135}
{"step": 44768, "mse": 0.03205956844612956, "seconds": 30004.446460709907}
{"step": 44800, "mse": 0.029327874071896076, "seconds": 30052.48366356315}
{"step": 44832, "mse": 0.3150428207591176, "seconds": 30105.296282331925}
{"step": 44864, "mse": 0.3106700927019119, "seconds": 30153.374073224142}
{"step": 44896, "mse": 0.1864852150902152, "seconds": 30201.72816060111}
{"step": 44928, "mse": 0.06100587407127023, "seconds": 30251.237151749898}
{"step": 44960, "mse": 0.27307555731385946, "seconds": 30305.455913604237}
{"step": 44992, "mse": 0.03067025262862444, "seconds": 30354.96786224004}
{"step": 45024, "mse": 0.12661604955792427, "seconds": 30404.42262339918}
{"step": 45056, "mse": 0.5823044078424573, "seconds": 30454.173532380257}
{"step": 45088, "mse": 0.08748494368046522, "seconds": 30508.068741129246}
{"step": 45120, "mse": 0.19920087233185768, "seconds": 30556.086731099058}
{"step": 45152, "mse": 0.06409869901835918, "seconds": 30604.129092744086}
{"step": 45184, "mse": 0.26695817336440086, "seconds": 30652.162703112233}
{"step": 45216, "mse": 0.06945035117678344, "seconds": 30705.051212803926}
{"step": 45248, "mse": 0.18412253446877003, "seconds": 30753.081468815915}
{"step": 45280, "mse": 0.18233613017946482, "seconds": 30802.076191237196}
{"step": 45312, "mse": 0.2595394095405936, "seconds": 30851.463494713884}
{"step": 45344, "mse": 0.16423411201685667, "seconds": 30905.581118101254}
{"step": 45376, "mse": 0.17276140116155148, "seconds": 30955.289623274934}
{"step": 45408, "mse": 0.14516924135386944, "seconds": 31004.708376378287}
{"step": 45440, "mse": 0.22405188530683517, "seconds": 31054.32142605912}
{"step": 45472, "mse": 0.11372650228440762, "seconds": 31107.28160009021}
{"step": 45504, "mse": 0.16964946314692497, "seconds": 31155.54824546026}
{"step": 45536, "mse": 0.024655599612742662, "seconds": 31204.43226264417}
{"step": 45568, "mse": 0.05315260495990515, "seconds": 31252.730398158077}
{"step": 45600, "mse": 0.09382271766662598, "seconds": 31305.691556181293}
{"step": 45632, "mse": 0.04361556097865105, "seconds": 31354.0491109523}
{"step": 45664, "mse": 0.3633170942775905, "seconds": 31403.513988677878}
{"step": 45696, "mse": 0.6232409849762917, "seconds": 31453.134572345298}
{"step": 45728, "mse": 0.3764917189255357, "seconds": 31507.98191895429}
{"step": 45760, "mse": 0.024320777971297503, "seconds": 31557.556082218885}
{"step": 45792, "mse": 0.20255111530423164, "seconds": 31607.143502414227}
{"step": 45824, "mse": 0.3009837558493018, "seconds": 31655.94153670827}
{"step": 45856, "mse": 0.2859036265872419, "seconds": 31709.10383482231}
{"step": 45888, "mse": 0.21362558426335454, "seconds": 31757.174980151}
{"step": 45920, "mse": 0.029053241480141878, "seconds": 31805.186481458135}
{"step": 45952, "mse": 0.34095319197513163, "seconds": 31853.25721940119}
{"step": 45984, "mse": 0.030145063530653715, "seconds": 31906.066827332135}
{"step": 46016, "mse": 0.07744900323450565, "seconds": 31955.615687731188}
{"step": 46048, "mse": 0.3194499514065683, "seconds": 32005.086015010253}
{"step": 46080, "mse": 0.3392036594450474, "seconds": 32054.47963068122}
{"step": 46112, "mse": 0.22725681634619832, "seconds": 32108.71071214415}
{"step": 46144, "mse": 0.430528799071908, "seconds": 32158.202494954225}
{"step": 46176, "mse": 0.28557205433025956, "seconds": 32207.749043802265}
{"step": 46208, "mse": 0.05661903228610754, "seconds": 32255.84155562613}
{"step": 46240, "mse": 0.02791052940301597, "seconds": 32308.62792374799}
{"step": 46272, "mse": 0.05634391470812261, "seconds": 32356.6266940739}
{"step": 46304, "mse": 0.27406506706029177, "seconds": 32404.664332323242}
{"step": 46336, "mse": 0.17509234882891178, "seconds": 32453.007332695182}
{"step": 46368, "mse": 0.22948463167995214, "seconds": 32506.383886470925}
{"step": 46400, "mse": 0.2506278562359512, "seconds": 32555.904396839906}
{"step": 46432, "mse": 0.06927005527541041, "seconds": 32605.36584049696}
{"step": 46464, "mse": 0.2430120655335486, "seconds": 32654.836121668108}
{"step": 46496, "mse": 0.55937260389328, "seconds": 32709.545386359096}
{"step": 46528, "mse": 0.3017196557484567, "seconds": 32759.066483150236}
{"step": 46560, "mse": 0.18814975721761584, "seconds": 32807.55478780391}
{"step": 46592, "mse": 0.10895347036421299, "seconds": 32855.66236076318}
{"step": 46624, "mse": 0.07711882423609495, "seconds": 32908.63996273419}
{"step": 46656, "mse": 0.049983805511146784, "seconds": 32956.98427454103}
{"step": 46688, "mse": 0.33196505159139633, "seconds": 33004.98485703999}
{"step": 46720, "mse": 0.038385421968996525, "seconds": 33053.023255270906}
{"step": 46752, "mse": 0.16676811501383781, "seconds": 33109.514937039}
{"step": 46784, "mse": 0.17476810701191425, "seconds": 33159.04052160401}
{"step": 46816, "mse": 0.13880896335467696, "seconds": 33208.8675254439}
{"step": 46848, "mse": 0.2628727499395609, "seconds": 33258.27144895308}
{"step": 46880, "mse": 0.28242563642561436, "seconds": 33312.32138868095}
{"step": 46912, "mse": 0.14829489029943943, "seconds": 33361.35702457093}
{"step": 46944, "mse": 0.11625834926962852, "seconds": 33409.35444012331}
{"step": 46976, "mse": 0.20689766015857458, "seconds": 33457.6267984719}
{"step": 47008, "mse": 0.05970759503543377, "seconds": 33510.46193210315}
{"step": 47040, "mse": 0.1783336577937007, "seconds": 33558.47269041417}
{"step": 47072, "mse": 0.2292582243680954, "seconds": 33606.55832620198}
{"step": 47104, "mse": 0.2903903634287417, "seconds": 33655.3664666852}
{"step": 47136, "mse": 0.11290562804788351, "seconds": 33709.90134796826}
{"step": 47168, "mse": 0.21557708689942956, "seconds": 33759.35892741289}
{"step": 47200, "mse": 0.11721846368163824, "seconds": 33808.834951899946}
{"step": 47232, "mse": 0.022830983623862267, "seconds": 33858.269936466124}
{"step": 47264, "mse": 0.058458288200199604, "seconds": 33912.62573908223}
{"step": 47296, "mse": 0.12061062711291015, "seconds": 33961.054345975164}
{"step": 47328, "mse": 0.09478160692378879, "seconds": 34009.08860716596}
{"step": 47360, "mse": 0.02519999910145998, "seconds": 34057.06084392732}
{"step": 47392, "mse": 0.251137409824878, "seconds": 34110.1808556593}
{"step": 47424, "mse": 0.0858565189410001, "seconds": 34158.853057940956}
{"step": 47456, "mse": 0.2652135933749378, "seconds": 34208.0271385829}
{"step": 47488, "mse": 0.06394172320142388, "seconds": 34257.96272896603}
{"step": 47520, "mse": 0.37678920291364193, "seconds": 34314.419415620156}
{"step": 47552, "mse": 0.34269238030537963, "seconds": 34364.327550041024}
{"step": 47584, "mse": 0.04034609254449606, "seconds": 34414.273922520224}
{"step": 47616, "mse": 0.1896689827553928, "seconds": 34464.57824624516}
{"step": 47648, "mse": 0.2550699454732239, "seconds": 34519.580943326}
{"step": 47680, "mse": 0.3667672285810113, "seconds": 34567.92783049308}
{"step": 47712, "mse": 0.18321935855783522, "seconds": 34616.24080443708}
{"step": 47744, "mse": 0.3682937901467085, "seconds": 34664.53035573801}
{"step": 47776, "mse": 0.2877235431224108, "seconds": 34719.22770872712}
{"step": 47808, "mse": 0.04640518967062235, "seconds": 34767.64952927828}
{"step": 47840, "mse": 0.019355368800461292, "seconds": 34817.17917634919}
{"step": 47872, "mse": 0.24190380796790123, "seconds": 34867.03359810496}
{"step": 47904, "mse": 0.2913919952698052, "seconds": 34921.975852404255}
{"step": 47936, "mse": 0.3613724624738097, "seconds": 34972.01484531816}
{"step": 47968, "mse": 0.25651994068175554, "seconds": 35021.70078178309}
{"step": 48000, "mse": 0.1933142514899373, "seconds": 35071.465676340275}
{"step": 48032, "mse": 0.10451110545545816, "seconds": 35125.27258129418}
{"step": 48064, "mse": 0.2648559808731079, "seconds": 35173.4769426072}
{"step": 48096, "mse": 0.15055464906618, "seconds": 35222.07927255612}
{"step": 48128, "mse": 0.14027879014611244, "seconds": 35270.23097136989}
{"step": 48160, "mse": 0.1564456089399755, "seconds": 35323.370400733314}
{"step": 48192, "mse": 0.281205284409225, "seconds": 35372.14639033517}
{"step": 48224, "mse": 0.2037722123786807, "seconds": 35421.74957384821}
{"step": 48256, "mse": 0.0689746979624033, "seconds": 35471.50323222624}
{"step": 48288, "mse": 0.045454179402440786, "seconds": 35526.13859556429}
{"step": 48320, "mse": 0.19346463633701205, "seconds": 35575.86068273289}
{"step": 48352, "mse": 0.2696805181913078, "seconds": 35625.39413599996}
{"step": 48384, "mse": 0.27357278880663216, "seconds": 35674.10332073504}
{"step": 48416, "mse": 0.35467158490791917, "seconds": 35727.29497398622}
{"step": 48448, "mse": 0.23766187392175198, "seconds": 35775.44075446017}
{"step": 48480, "mse": 0.08468281710520387, "seconds": 35823.566708867904}
{"step": 48512, "mse": 0.04929748270660639, "seconds": 35871.78074157424}
{"step": 48544, "mse": 0.46352935396134853, "seconds": 35924.990277699195}
{"step": 48576, "mse": 0.05497991992160678, "seconds": 35974.73892772989}
{"step": 48608, "mse": 0.10693402355536819, "seconds": 36024.19364378508}
{"step": 48640, "mse": 0.23010696563869715, "seconds": 36073.79392964626}
{"step": 48672, "mse": 0.2735873404890299, "seconds": 36128.536052424926}
{"step": 48704, "mse": 0.0875643901526928, "seconds": 36178.211175377015}
{"step": 48736, "mse": 0.19938737549819052, "seconds": 36227.685078436974}
{"step": 48768, "mse": 0.05848816828802228, "seconds": 36275.846926613245}
{"step": 48800, "mse": 0.09088709251955152, "seconds": 36328.87010260392}
{"step": 48832, "mse": 0.2169857732951641, "seconds": 36377.06704301713}
{"step": 48864, "mse": 0.20984307397156954, "seconds": 36425.20505067706}
{"step": 48896, "mse": 0.16943727899342775, "seconds": 36473.66593139712}
{"step": 48928, "mse": 0.03239468112587929, "seconds": 36527.43471856415}
{"step": 48960, "mse": 0.24630515836179256, "seconds": 36577.01677181898}
{"step": 48992, "mse": 0.05701055843383074, "seconds": 36626.50825730618}
{"step": 49024, "mse": 0.051410943269729614, "seconds": 36676.14294469496}
{"step": 49056, "mse": 0.14090257184579968, "seconds": 36730.90645653615}
{"step": 49088, "mse": 0.05796889867633581, "seconds": 36780.44373557111}
{"step": 49120, "mse": 0.11089110746979713, "seconds": 36828.793701206334}
{"step": 49152, "mse": 0.2259553261101246, "seconds": 36876.98476408422}
{"step": 49184, "mse": 0.06083805882371962, "seconds": 36930.2353717722}
{"step": 49216, "mse": 0.04803129006177187, "seconds": 36978.652060968336}
{"step": 49248, "mse": 0.14257929380983114, "seconds": 37026.83603074495}
{"step": 49280, "mse": 0.036200912203639746, "seconds": 37075.16803695401}
{"step": 49312, "mse": 0.3103925734758377, "seconds": 37129.62845891109}
{"step": 49344, "mse": 0.232271334156394, "seconds": 37179.23410012433}
{"step": 49376, "mse": 0.5049510188400745, "seconds": 37229.04458865989}
{"step": 49408, "mse": 0.09935566317290068, "seconds": 37278.53131249128}
{"step": 49440, "mse": 0.27784106554463506, "seconds": 37333.00799857918}
{"step": 49472, "mse": 0.1551284152083099, "seconds": 37381.980980352964}
{"step": 49504, "mse": 0.20182477869093418, "seconds": 37430.20585448807}
{"step": 49536, "mse": 0.4587252978235483, "seconds": 37478.660807291046}
{"step": 49568, "mse": 0.13315578224137425, "seconds": 37531.80807557516}
{"step": 49600, "mse": 0.13207400497049093, "seconds": 37579.95626080921}
{"step": 49632, "mse": 0.11884770821779966, "seconds": 37628.073704556096}
{"step": 49664, "mse": 0.08552162861451507, "seconds": 37677.376068439335}
{"step": 49696, "mse": 0.05563894333317876, "seconds": 37732.08745544031}
{"step": 49728, "mse": 0.0955511569045484, "seconds": 37781.596856737975}
{"step": 49760, "mse": 0.34134231228381395, "seconds": 37831.2507915101}
{"step": 49792, "mse": 0.08954574540257454, "seconds": 37880.74421262322}
{"step": 49824, "mse": 0.08111368119716644, "seconds": 37935.161633279175}
{"step": 49856, "mse": 0.32819968089461327, "seconds": 37983.604009452276}
{"step": 49888, "mse": 0.19296578085049987, "seconds": 38031.73111248016}
{"step": 49920, "mse": 0.27070529386401176, "seconds": 38079.84849376511}
{"step": 49952, "mse": 0.3740769363939762, "seconds": 38132.890043492895}
{"step": 49984, "mse": 0.1157400831580162, "seconds": 38181.05927747907}
{"step": 50016, "mse": 0.02871544728986919, "seconds": 38230.021118748}
{"step": 50048, "mse": 0.03805994684807956, "seconds": 38279.51146129798}
{"step": 50080, "mse": 0.2461645184084773, "seconds": 38333.88859717408}
{"step": 50112, "mse": 0.1524006580002606, "seconds": 38383.36207108293}
{"step": 50144, "mse": 0.07855341862887144, "seconds": 38432.8580679819}
{"step": 50176, "mse": 0.034720831317827106, "seconds": 38482.76501125889}
{"step": 50208, "mse": 0.04639123799279332, "seconds": 38536.793662565295}
{"step": 50240, "mse": 0.05722512979991734, "seconds": 38585.13399959821}
{"step": 50272, "mse": 0.2674597364384681, "seconds": 38633.29965497507}
{"step": 50304, "mse": 0.557672165799886, "seconds": 38681.50628600316}
{"step": 50336, "mse": 0.04286215780302882, "seconds": 38735.46271559317}
{"step": 50368, "mse": 0.01946513494476676, "seconds": 38783.60517286416}
{"step": 50400, "mse": 0.4223967622965574, "seconds": 38833.09695448307}
{"step": 50432, "mse": 0.0603906805627048, "seconds": 38882.720256689005}
{"step": 50464, "mse": 0.430617680773139, "seconds": 38937.334651717916}
{"step": 50496, "mse": 0.030757347121834755, "seconds": 38987.19084928511}
{"step": 50528, "mse": 0.23496303148567677, "seconds": 39036.76377848815}
{"step": 50560, "mse": 0.09500107634812593, "seconds": 39086.00488079619}
{"step": 50592, "mse": 0.04191156197339296, "seconds": 39139.185330666136}
{"step": 50624, "mse": 0.016662986483424902, "seconds": 39187.43424726231}
{"step": 50656, "mse": 0.03598614316433668, "seconds": 39235.90615903912}
{"step": 50688, "mse": 0.027788051404058933, "seconds": 39284.020127886906}
{"step": 50720, "mse": 0.038430876564234495, "seconds": 39337.49620354222}
{"step": 50752, "mse": 0.042400584323331714, "seconds": 39386.40798183903}
{"step": 50784, "mse": 0.041602546349167824, "seconds": 39435.985771933105}
{"step": 50816, "mse": 0.0710238516330719, "seconds": 39485.791723059025}
{"step": 50848, "mse": 0.04577937163412571, "seconds": 39540.335452940315}
{"step": 50880, "mse": 0.2774376494344324, "seconds": 39589.86104079429}
{"step": 50912, "mse": 0.3366299618501216, "seconds": 39639.395520540886}
{"step": 50944, "mse": 0.061902349814772606, "seconds": 39687.79659421416}
{"step": 50976, "mse": 0.016357390210032463, "seconds": 39741.00796849094}
{"step": 51008, "mse": 0.060351612977683544, "seconds": 39789.115602009}
{"step": 51040, "mse": 0.2301652543246746, "seconds": 39837.18896919489}
{"step": 51072, "mse": 0.26109704887494445, "seconds": 39885.32456696499}
{"step": 51104, "mse": 0.45390237867832184, "seconds": 39938.91555524198}
{"step": 51136, "mse": 0.0338406297378242, "seconds": 39988.775258321315}
{"step": 51168, "mse": 0.27485459158197045, "seconds": 40038.35394479893}
{"step": 51200, "mse": 0.27206786908209324, "seconds": 40087.791586861014}
{"step": 51232, "mse": 0.0780333518050611, "seconds": 40142.33603165019}
{"step": 51264, "mse": 0.2521042563021183, "seconds": 40191.92760540312}
{"step": 51296, "mse": 0.07049419824033976, "seconds": 40241.291277793236}
{"step": 51328, "mse": 0.04482400417327881, "seconds": 40289.39430030016}
{"step": 51360, "mse": 0.021878818981349468, "seconds": 40342.65708423406}
{"step": 51392, "mse": 0.20918668434023857, "seconds": 40390.77607712988}
{"step": 51424, "mse": 0.053822850808501244, "seconds": 40438.922602592036}
{"step": 51456, "mse": 0.29047918878495693, "seconds": 40487.392227225006}
{"step": 51488, "mse": 0.027855575550347567, "seconds": 40541.78385352902}
{"step": 51520, "mse": 0.17432572040706873, "seconds": 40591.32175119128}
{"step": 51552, "mse": 0.06133121019229293, "seconds": 40640.8769609849}
{"step": 51584, "mse": 0.044192541390657425, "seconds": 40690.452799632214}
{"step": 51616, "mse": 0.26494266279041767, "seconds": 40745.291399315}
{"step": 51648, "mse": 0.29251945205032825, "seconds": 40794.91234462522}
{"step": 51680, "mse": 0.38322994112968445, "seconds": 40843.07720103208}
{"step": 51712, "mse": 0.1048567215912044, "seconds": 40891.23785729706}
{"step": 51744, "mse": 0.05657672882080078, "seconds": 40944.35475313198}
{"step": 51776, "mse": 0.031798567390069366, "seconds": 40992.76098175207}
{"step": 51808, "mse": 0.26330408453941345, "seconds": 41040.828203768935}
{"step": 51840, "mse": 0.029522514902055264, "seconds": 41089.4510285561}
{"step": 51872, "mse": 0.13820438971742988, "seconds": 41143.95000180509}
{"step": 51904, "mse": 0.24137848988175392, "seconds": 41193.54230115889}
{"step": 51936, "mse": 0.2791441292501986, "seconds": 41243.271027876996}
{"step": 51968, "mse": 0.32417369866743684, "seconds": 41292.79062153632}
{"step": 52000, "mse": 0.21753370948135853, "seconds": 41347.22070495412}
{"step": 52032, "mse": 0.18001297628507018, "seconds": 41395.953088914044}
{"step": 52064, "mse": 0.22933370154350996, "seconds": 41444.1468979381}
{"step": 52096, "mse": 0.04676163196563721, "seconds": 41492.65157540701}
{"step": 52128, "mse": 0.27661603363230824, "seconds": 41546.12148422096}
{"step": 52160, "mse": 0.2690370222553611, "seconds": 41594.27350689424}
{"step": 52192, "mse": 0.20329611841589212, "seconds": 41642.39740111632}
{"step": 52224, "mse": 0.27303815726190805, "seconds": 41691.78273866}
{"step": 52256, "mse": 0.19144349405542016, "seconds": 41746.37395304488}
{"step": 52288, "mse": 0.14746766909956932, "seconds": 41795.95177757088}
{"step": 52320, "mse": 0.11514379968866706, "seconds": 41845.49920236925}
{"step": 52352, "mse": 0.1186263239942491, "seconds": 41895.11240194924}
{"step": 52384, "mse": 0.13438184512779117, "seconds": 41949.24218705809}
{"step": 52416, "mse": 0.03417256474494934, "seconds": 41997.63693785621}
{"step": 52448, "mse": 0.09277039067819715, "seconds": 42045.68264637096}
{"step": 52480, "mse": 0.032859650906175375, "seconds": 42093.77289967332}
{"step": 52512, "mse": 0.2743012858554721, "seconds": 42146.99127763603}
{"step": 52544, "mse": 0.3327706679701805, "seconds": 42195.24474169407}
{"step": 52576, "mse": 0.4446467603556812, "seconds": 42244.428756698035}
{"step": 52608, "mse": 0.25693283905275166, "seconds": 42293.96026331512}
{"step": 52640, "mse": 0.13658311869949102, "seconds": 42348.7757273633}
{"step": 52672, "mse": 0.10833040066063404, "seconds": 42398.47793277819}
{"step": 52704, "mse": 0.037230785470455885, "seconds": 42448.15158549696}
{"step": 52736, "mse": 0.2553589753806591, "seconds": 42497.961697855964}
{"step": 52768, "mse": 0.38207865227013826, "seconds": 42551.52435503993}
{"step": 52800, "mse": 0.2941409843042493, "seconds": 42599.71159497928}
{"step": 52832, "mse": 0.1352175532374531, "seconds": 42647.94395118533}
{"step": 52864, "mse": 0.06370690790936351, "seconds": 42696.093203801196}
{"step": 52896, "mse": 0.11224482161924243, "seconds": 42749.72404699493}
{"step": 52928, "mse": 0.3962092911824584, "seconds": 42798.0531764552}
{"step": 52960, "mse": 0.13750135526061058, "seconds": 42847.69026110694}
{"step": 52992, "mse": 0.05737139564007521, "seconds": 42897.24840931408}
{"step": 53024, "mse": 0.3675972353667021, "seconds": 42951.69160086801}
{"step": 53056, "mse": 0.10814967844635248, "seconds": 43001.645521159284}
{"step": 53088, "mse": 0.3365378798916936, "seconds": 43051.081905135885}
{"step": 53120, "mse": 0.08502804511226714, "seconds": 43100.07074306812}
{"step": 53152, "mse": 0.2648132445756346, "seconds": 43153.17536257999}
{"step": 53184, "mse": 0.2109941430389881, "seconds": 43201.37450285489}
{"step": 53216, "mse": 0.5147675811313093, "seconds": 43249.80189404916}
{"step": 53248, "mse": 0.47653615567833185, "seconds": 43297.937615156174}
{"step": 53280, "mse": 0.0646259137429297, "seconds": 43351.08178650495}
{"step": 53312, "mse": 0.1566437364090234, "seconds": 43400.16206802521}
{"step": 53344, "mse": 0.12011790461838245, "seconds": 43449.62747502001}
{"step": 53376, "mse": 0.1608803162816912, "seconds": 43499.50703038089}
{"step": 53408, "mse": 0.24259277945384383, "seconds": 43554.02047198126}
{"step": 53440, "mse": 0.04161457810550928, "seconds": 43603.54211943131}
{"step": 53472, "mse": 0.08476705383509398, "seconds": 43653.099740323145}
{"step": 53504, "mse": 0.04424072336405516, "seconds": 43701.165971677285}
{"step": 53536, "mse": 0.23052012640982866, "seconds": 43754.361381846014}
{"step": 53568, "mse": 0.10101910424418747, "seconds": 43802.601188804954}
{"step": 53600, "mse": 0.1464322111569345, "seconds": 43850.77448749915}
{"step": 53632, "mse": 0.2934211199171841, "seconds": 43898.88668078929}
{"step": 53664, "mse": 0.2864702017977834, "seconds": 43952.45533939125}
{"step": 53696, "mse": 0.11690628668293357, "seconds": 44002.352595970966}
{"step": 53728, "mse": 0.13089478388428688, "seconds": 44051.91584867798}
{"step": 53760, "mse": 0.38339758291840553, "seconds": 44101.38497881824}
{"step": 53792, "mse": 0.4533839838113636, "seconds": 44156.1440363531}
{"step": 53824, "mse": 0.03541431250050664, "seconds": 44205.700607584324}
{"step": 53856, "mse": 0.05785880424082279, "seconds": 44254.65627486305}
{"step": 53888, "mse": 0.23572484776377678, "seconds": 44302.668549288064}
{"step": 53920, "mse": 0.05393976508639753, "seconds": 44355.68906689389}
{"step": 53952, "mse": 0.14420856116339564, "seconds": 44403.819232498296}
{"step": 53984, "mse": 0.07856487156823277, "seconds": 44451.95532252593}
{"step": 54016, "mse": 0.051154262851923704, "seconds": 44500.255830250215}
{"step": 54048, "mse": 0.28276118682697415, "seconds": 44554.410798868164}
{"step": 54080, "mse": 0.031934723956510425, "seconds": 44603.90878274711}
{"step": 54112, "mse": 0.15175761794671416, "seconds": 44653.52012257418}
{"step": 54144, "mse": 0.2624620096758008, "seconds": 44702.98106061807}
{"step": 54176, "mse": 0.05792492302134633, "seconds": 44757.5013857591}
{"step": 54208, "mse": 0.07406103145331144, "seconds": 44806.78578524897}
{"step": 54240, "mse": 0.2265539327636361, "seconds": 44854.90199194988}
{"step": 54272, "mse": 0.07242858223617077, "seconds": 44902.96766059706}
{"step": 54304, "mse": 0.19100802391767502, "seconds": 44955.99030102417}
{"step": 54336, "mse": 0.0399507787078619, "seconds": 45004.34923723899}
{"step": 54368, "mse": 0.14794022776186466, "seconds": 45052.386402626056}
{"step": 54400, "mse": 0.11599987000226974, "seconds": 45101.10815901589}
{"step": 54432, "mse": 0.18813338223844767, "seconds": 45155.637118681334}
{"step": 54464, "mse": 0.2932386468164623, "seconds": 45205.21389018791}
{"step": 54496, "mse": 0.02606603503227234, "seconds": 45255.03499416122}
{"step": 54528, "mse": 0.0847178662661463, "seconds": 45304.6192793739}
{"step": 54560, "mse": 0.059051324147731066, "seconds": 45359.30003748322}
{"step": 54592, "mse": 0.5173748657107353, "seconds": 45407.781444109045}
{"step": 54624, "mse": 0.15725768357515335, "seconds": 45455.9536683429}
{"step": 54656, "mse": 0.24458308517932892, "seconds": 45504.33808423299}
{"step": 54688, "mse": 0.1594945127144456, "seconds": 45557.325094297994}
{"step": 54720, "mse": 0.7184419520199299, "seconds": 45605.46579965204}
{"step": 54752, "mse": 0.02810224937275052, "seconds": 45653.63269629516}
{"step": 54784, "mse": 0.07306545367464423, "seconds": 45703.17003749916}
{"step": 54816, "mse": 0.38904490089043975, "seconds": 45758.17939122021}
{"step": 54848, "mse": 0.2955329082906246, "seconds": 45807.738294970244}
{"step": 54880, "mse": 0.17768618557602167, "seconds": 45857.38504378125}
{"step": 54912, "mse": 0.07919772062450647, "seconds": 45906.89298705291}
{"step": 54944, "mse": 0.02950019296258688, "seconds": 45961.01088290615}
{"step": 54976, "mse": 0.03767530061304569, "seconds": 46009.53155730106}
{"step": 55008, "mse": 0.06634099828079343, "seconds": 46057.732641736045}
{"step": 55040, "mse": 0.26391596742905676, "seconds": 46105.90879103728}
{"step": 55072, "mse": 0.20086002768948674, "seconds": 46159.23519403394}
{"step": 55104, "mse": 0.2685415502637625, "seconds": 46207.445021162275}
{"step": 55136, "mse": 0.48360360227525234, "seconds": 46256.88924739696}
{"step": 55168, "mse": 0.05053882114589214, "seconds": 46306.4631590643}
{"step": 55200, "mse": 0.10352391400374472, "seconds": 46361.310439808294}
{"step": 55232, "mse": 0.312757283449173, "seconds": 46411.07383221388}
{"step": 55264, "mse": 0.054455845383927226, "seconds": 46460.729843168054}
{"step": 55296, "mse": 0.13820560788735747, "seconds": 46510.5640241839}
{"step": 55328, "mse": 0.060746246948838234, "seconds": 46563.914420333225}
{"step": 55360, "mse": 0.0877399779856205, "seconds": 46612.04590268526}
{"step": 55392, "mse": 0.5479189953766763, "seconds": 46660.183820720296}
{"step": 55424, "mse": 0.26152159343473613, "seconds": 46708.39346744027}
{"step": 55456, "mse": 0.05725002009421587, "seconds": 46761.71206577215}
{"step": 55488, "mse": 0.08999159000813961, "seconds": 46810.247345465235}
{"step": 55520, "mse": 0.3667386258020997, "seconds": 46859.83886345802}
{"step": 55552, "mse": 0.04575839778408408, "seconds": 46909.50552355824}
{"step": 55584, "mse": 0.02794654294848442, "seconds": 46963.890894134995}
{"step": 55616, "mse": 0.24924934771843255, "seconds": 47013.69791590795}
{"step": 55648, "mse": 0.16968549345619977, "seconds": 47063.188001312315}
{"step": 55680, "mse": 0.4107391042634845, "seconds": 47111.892457637005}
{"step": 55712, "mse": 0.16471625678241253, "seconds": 47164.84184205206}
{"step": 55744, "mse": 0.2685701777227223, "seconds": 47213.01488807006}
{"step": 55776, "mse": 0.04215768212452531, "seconds": 47261.4112627781}
{"step": 55808, "mse": 0.48738572793081403, "seconds": 47309.496387690306}
{"step": 55840, "mse": 0.07120703719556332, "seconds": 47362.5976021993}
{"step": 55872, "mse": 0.25551885506138206, "seconds": 47411.914533542935}
{"step": 55904, "mse": 0.21220622304826975, "seconds": 47461.48543099221}
{"step": 55936, "mse": 0.1254660924896598, "seconds": 47511.26148004411}
{"step": 55968, "mse": 0.04513545078225434, "seconds": 47565.551380625926}
{"step": 56000, "mse": 0.37155209202319384, "seconds": 47615.156840309966}
{"step": 56032, "mse": 0.05111621506512165, "seconds": 47664.48372456618}
{"step": 56064, "mse": 0.2235879427753389, "seconds": 47712.636035528965}
{"step": 56096, "mse": 0.22555254376493394, "seconds": 47766.18514843797}
{"step": 56128, "mse": 0.5475507723167539, "seconds": 47814.290145392995}
{"step": 56160, "mse": 0.14931888785213232, "seconds": 47862.459019408096}
{"step": 56192, "mse": 0.1849141512066126, "seconds": 47910.60865133628}
{"step": 56224, "mse": 0.046916019171476364, "seconds": 47964.56880045496}
{"step": 56256, "mse": 0.10683228028938174, "seconds": 48014.492344565224}
{"step": 56288, "mse": 0.046122871804982424, "seconds": 48063.987376083154}
{"step": 56320, "mse": 0.07152050454169512, "seconds": 48113.508496193215}
{"step": 56352, "mse": 0.27441229950636625, "seconds": 48168.078471055254}
{"step": 56384, "mse": 0.2795754480175674, "seconds": 48217.75244279904}
{"step": 56416, "mse": 0.12254494428634644, "seconds": 48266.580134617165}
{"step": 56448, "mse": 0.19084011483937502, "seconds": 48314.73843688611}
{"step": 56480, "mse": 0.32438347581773996, "seconds": 48368.022572908085}
{"step": 56512, "mse": 0.5000982265919447, "seconds": 48416.21941660624}
{"step": 56544, "mse": 0.2655040305107832, "seconds": 48464.30931876227}
{"step": 56576, "mse": 0.18026926647871733, "seconds": 48512.82042483101}
{"step": 56608, "mse": 0.13762968499213457, "seconds": 48567.222448067274}
{"step": 56640, "mse": 0.5506316665560007, "seconds": 48616.9138278272}
{"step": 56672, "mse": 0.09044848242774606, "seconds": 48666.34050181229}
{"step": 56704, "mse": 0.030864503234624863, "seconds": 48715.865014880896}
{"step": 56736, "mse": 0.038373151794075966, "seconds": 48770.6099333032}
{"step": 56768, "mse": 0.03552625700831413, "seconds": 48819.67348647397}
{"step": 56800, "mse": 0.18537312420085073, "seconds": 48867.807500882074}
{"step": 56832, "mse": 0.34352821251377463, "seconds": 48915.95448864112}
{"step": 56864, "mse": 0.20454738195985556, "seconds": 48969.11144638993}
{"step": 56896, "mse": 0.04405217478051782, "seconds": 49017.508309470955}
{"step": 56928, "mse": 0.42234684620052576, "seconds": 49065.66921923822}
{"step": 56960, "mse": 0.2042926950380206, "seconds": 49114.681532213}
{"step": 56992, "mse": 0.059195151552557945, "seconds": 49169.14760301588}
{"step": 57024, "mse": 0.1333994809538126, "seconds": 49218.671548414975}
{"step": 57056, "mse": 0.15329799661412835, "seconds": 49268.38536637789}
{"step": 57088, "mse": 0.07029897626489401, "seconds": 49317.998527515214}
{"step": 57120, "mse": 0.3735070237889886, "seconds": 49372.47172607016}
{"step": 57152, "mse": 0.11975215189158916, "seconds": 49420.72898116987}
{"step": 57184, "mse": 0.017150137573480606, "seconds": 49468.941605086904}
{"step": 57216, "mse": 0.1879347530193627, "seconds": 49517.40047415532}
{"step": 57248, "mse": 0.24302121717482805, "seconds": 49570.78053812124}
{"step": 57280, "mse": 0.10121993208304048, "seconds": 49618.94536246592}
{"step": 57312, "mse": 0.43591304984875023, "seconds": 49667.38056707196}
{"step": 57344, "mse": 0.26584595162421465, "seconds": 49716.94497607602}
{"step": 57376, "mse": 0.1148393398616463, "seconds": 49771.60366450809}
{"step": 57408, "mse": 0.0901900939643383, "seconds": 49821.0287599233}
{"step": 57440, "mse": 0.0792567990720272, "seconds": 49870.58186586108}
{"step": 57472, "mse": 0.07638778840191662, "seconds": 49920.083972549066}
{"step": 57504, "mse": 0.09981024544686079, "seconds": 49973.97246802319}
{"step": 57536, "mse": 0.03283763793297112, "seconds": 50022.37554064114}
{"step": 57568, "mse": 0.10466660698875785, "seconds": 50070.53803648194}
{"step": 57600, "mse": 0.0824371874332428, "seconds": 50118.700369015336}
{"step": 57632, "mse": 0.17980007827281952, "seconds": 50171.74585685693}
{"step": 57664, "mse": 0.4426513621583581, "seconds": 50219.90741545707}
{"step": 57696, "mse": 0.0967131913639605, "seconds": 50269.455961927306}
{"step": 57728, "mse": 0.36766124051064253, "seconds": 50319.16072847601}
{"step": 57760, "mse": 0.11228501377627254, "seconds": 50373.73381078197}
{"step": 57792, "mse": 0.05733819818124175, "seconds": 50423.27302171895}
{"step": 57824, "mse": 0.10668384423479438, "seconds": 50472.85585116409}
{"step": 57856, "mse": 0.041521266335621476, "seconds": 50522.45128976507}
{"step": 57888, "mse": 0.10812748223543167, "seconds": 50575.83955429029}
{"step": 57920, "mse": 0.6278419885784388, "seconds": 50624.008548772894}
{"step": 57952, "mse": 0.31382243731059134, "seconds": 50672.24971513916}
{"step": 57984, "mse": 0.16862897528335452, "seconds": 50720.48376035225}
{"step": 58016, "mse": 0.5011834092438221, "seconds": 50774.37175538996}
Loading pipeline components...:   0%|                    | 0/6 [00:00<?, ?it/s]Loading pipeline components...:  17%|██          | 1/6 [00:00<00:01,  2.71it/s]Loading pipeline components...:  67%|████████    | 4/6 [00:10<00:05,  2.71s/it]Loading pipeline components...:  83%|██████████  | 5/6 [00:11<00:02,  2.38s/it]Loading pipeline components...: 100%|████████████| 6/6 [00:12<00:00,  1.93s/it]Loading pipeline components...: 100%|████████████| 6/6 [00:12<00:00,  2.08s/it]
/inspire/ssd/project/exploration-topic/czxs26210936/envs/vlm-r3-ngc2502/lib/python3.12/site-packages/diffusers/loaders/lora_pipeline.py:6850: FutureWarning: `LoraLoaderMixin` is deprecated and will be removed in version 1.0.0. LoraLoaderMixin is deprecated and this will be removed in a future version. Please use `StableDiffusionLoraLoaderMixin`, instead.
  deprecate("LoraLoaderMixin", "1.0.0", deprecation_message)
{"cached": 1, "total": 730, "stage": "write"}
{"cached": 2, "total": 730, "stage": "write"}
{"cached": 3, "total": 730, "stage": "write"}
{"cached": 4, "total": 730, "stage": "write"}
{"cached": 5, "total": 730, "stage": "write"}
{"cached": 6, "total": 730, "stage": "write"}
{"cached": 7, "total": 730, "stage": "write"}
{"cached": 8, "total": 730, "stage": "write"}
{"cached": 9, "total": 730, "stage": "write"}
{"cached": 10, "total": 730, "stage": "write"}
{"cached": 11, "total": 730, "stage": "write"}
{"cached": 12, "total": 730, "stage": "write"}
{"cached": 13, "total": 730, "stage": "write"}
{"cached": 14, "total": 730, "stage": "write"}
{"cached": 15, "total": 730, "stage": "write"}
{"cached": 16, "total": 730, "stage": "write"}
{"cached": 17, "total": 730, "stage": "write"}
{"cached": 18, "total": 730, "stage": "write"}
{"cached": 19, "total": 730, "stage": "write"}
{"cached": 20, "total": 730, "stage": "write"}
{"cached": 21, "total": 730, "stage": "write"}
{"cached": 22, "total": 730, "stage": "write"}
{"cached": 23, "total": 730, "stage": "write"}
{"cached": 24, "total": 730, "stage": "write"}
{"cached": 25, "total": 730, "stage": "write"}
{"cached": 26, "total": 730, "stage": "write"}
{"cached": 27, "total": 730, "stage": "write"}
{"cached": 28, "total": 730, "stage": "write"}
{"cached": 29, "total": 730, "stage": "write"}
{"cached": 30, "total": 730, "stage": "write"}
{"cached": 31, "total": 730, "stage": "write"}
{"cached": 32, "total": 730, "stage": "write"}
{"cached": 33, "total": 730, "stage": "write"}
{"cached": 34, "total": 730, "stage": "write"}
{"cached": 35, "total": 730, "stage": "write"}
{"cached": 36, "total": 730, "stage": "write"}
{"cached": 37, "total": 730, "stage": "write"}
{"cached": 38, "total": 730, "stage": "write"}
{"cached": 39, "total": 730, "stage": "write"}
{"cached": 40, "total": 730, "stage": "write"}
{"cached": 41, "total": 730, "stage": "write"}
{"cached": 42, "total": 730, "stage": "write"}
{"cached": 43, "total": 730, "stage": "write"}
{"cached": 44, "total": 730, "stage": "write"}
{"cached": 45, "total": 730, "stage": "write"}
{"cached": 46, "total": 730, "stage": "write"}
{"cached": 47, "total": 730, "stage": "write"}
{"cached": 48, "total": 730, "stage": "write"}
{"cached": 49, "total": 730, "stage": "write"}
{"cached": 50, "total": 730, "stage": "write"}
{"cached": 51, "total": 730, "stage": "write"}
{"cached": 52, "total": 730, "stage": "write"}
{"cached": 53, "total": 730, "stage": "write"}
{"cached": 54, "total": 730, "stage": "write"}
{"cached": 55, "total": 730, "stage": "write"}
{"cached": 56, "total": 730, "stage": "write"}
{"cached": 57, "total": 730, "stage": "write"}
{"cached": 58, "total": 730, "stage": "write"}
{"cached": 59, "total": 730, "stage": "write"}
{"cached": 60, "total": 730, "stage": "write"}
{"cached": 61, "total": 730, "stage": "write"}
{"cached": 62, "total": 730, "stage": "write"}
{"cached": 63, "total": 730, "stage": "write"}
{"cached": 64, "total": 730, "stage": "write"}
{"cached": 65, "total": 730, "stage": "write"}
{"cached": 66, "total": 730, "stage": "write"}
{"cached": 67, "total": 730, "stage": "write"}
{"cached": 68, "total": 730, "stage": "write"}
{"cached": 69, "total": 730, "stage": "write"}
{"cached": 70, "total": 730, "stage": "write"}
{"cached": 71, "total": 730, "stage": "write"}
{"cached": 72, "total": 730, "stage": "write"}
{"cached": 73, "total": 730, "stage": "write"}
{"cached": 74, "total": 730, "stage": "write"}
{"cached": 75, "total": 730, "stage": "write"}
{"cached": 76, "total": 730, "stage": "write"}
{"cached": 77, "total": 730, "stage": "write"}
{"cached": 78, "total": 730, "stage": "write"}
{"cached": 79, "total": 730, "stage": "write"}
{"cached": 80, "total": 730, "stage": "write"}
{"cached": 81, "total": 730, "stage": "write"}
{"cached": 82, "total": 730, "stage": "write"}
{"cached": 83, "total": 730, "stage": "write"}
{"cached": 84, "total": 730, "stage": "write"}
{"cached": 85, "total": 730, "stage": "write"}
{"cached": 86, "total": 730, "stage": "write"}
{"cached": 87, "total": 730, "stage": "write"}
{"cached": 88, "total": 730, "stage": "write"}
{"cached": 89, "total": 730, "stage": "write"}
{"cached": 90, "total": 730, "stage": "write"}
{"cached": 91, "total": 730, "stage": "write"}
{"cached": 92, "total": 730, "stage": "write"}
{"cached": 93, "total": 730, "stage": "write"}
{"cached": 94, "total": 730, "stage": "write"}
{"cached": 95, "total": 730, "stage": "write"}
{"cached": 96, "total": 730, "stage": "write"}
{"cached": 97, "total": 730, "stage": "write"}
{"cached": 98, "total": 730, "stage": "write"}
{"cached": 99, "total": 730, "stage": "write"}
{"cached": 100, "total": 730, "stage": "write"}
{"cached": 101, "total": 730, "stage": "write"}
{"cached": 102, "total": 730, "stage": "write"}
{"cached": 103, "total": 730, "stage": "write"}
{"cached": 104, "total": 730, "stage": "write"}
{"cached": 105, "total": 730, "stage": "write"}
{"cached": 106, "total": 730, "stage": "write"}
{"cached": 107, "total": 730, "stage": "write"}
{"cached": 108, "total": 730, "stage": "write"}
{"cached": 109, "total": 730, "stage": "write"}
{"cached": 110, "total": 730, "stage": "write"}
{"cached": 111, "total": 730, "stage": "write"}
{"cached": 112, "total": 730, "stage": "write"}
{"cached": 113, "total": 730, "stage": "write"}
{"cached": 114, "total": 730, "stage": "write"}
{"cached": 115, "total": 730, "stage": "write"}
{"cached": 116, "total": 730, "stage": "write"}
{"cached": 117, "total": 730, "stage": "write"}
{"cached": 118, "total": 730, "stage": "write"}
{"cached": 119, "total": 730, "stage": "write"}
{"cached": 120, "total": 730, "stage": "write"}
{"cached": 121, "total": 730, "stage": "write"}
{"cached": 122, "total": 730, "stage": "write"}
{"cached": 123, "total": 730, "stage": "write"}
{"cached": 124, "total": 730, "stage": "write"}
{"cached": 125, "total": 730, "stage": "write"}
{"cached": 126, "total": 730, "stage": "write"}
{"cached": 127, "total": 730, "stage": "write"}
{"cached": 128, "total": 730, "stage": "write"}
{"cached": 129, "total": 730, "stage": "write"}
{"cached": 130, "total": 730, "stage": "write"}
{"cached": 131, "total": 730, "stage": "write"}
{"cached": 132, "total": 730, "stage": "write"}
{"cached": 133, "total": 730, "stage": "write"}
{"cached": 134, "total": 730, "stage": "write"}
{"cached": 135, "total": 730, "stage": "write"}
{"cached": 136, "total": 730, "stage": "write"}
{"cached": 137, "total": 730, "stage": "write"}
{"cached": 138, "total": 730, "stage": "write"}
{"cached": 139, "total": 730, "stage": "write"}
{"cached": 140, "total": 730, "stage": "write"}
{"cached": 141, "total": 730, "stage": "write"}
{"cached": 142, "total": 730, "stage": "write"}
{"cached": 143, "total": 730, "stage": "write"}
{"cached": 144, "total": 730, "stage": "write"}
{"cached": 145, "total": 730, "stage": "write"}
{"cached": 146, "total": 730, "stage": "write"}
{"cached": 147, "total": 730, "stage": "write"}
{"cached": 148, "total": 730, "stage": "write"}
{"cached": 149, "total": 730, "stage": "write"}
{"cached": 150, "total": 730, "stage": "write"}
{"cached": 151, "total": 730, "stage": "write"}
{"cached": 152, "total": 730, "stage": "write"}
{"cached": 153, "total": 730, "stage": "write"}
{"cached": 154, "total": 730, "stage": "write"}
{"cached": 155, "total": 730, "stage": "write"}
{"cached": 156, "total": 730, "stage": "write"}
{"cached": 157, "total": 730, "stage": "write"}
{"cached": 158, "total": 730, "stage": "write"}
{"cached": 159, "total": 730, "stage": "write"}
{"cached": 160, "total": 730, "stage": "write"}
{"cached": 161, "total": 730, "stage": "write"}
{"cached": 162, "total": 730, "stage": "write"}
{"cached": 163, "total": 730, "stage": "write"}
{"cached": 164, "total": 730, "stage": "write"}
{"cached": 165, "total": 730, "stage": "write"}
{"cached": 166, "total": 730, "stage": "write"}
{"cached": 167, "total": 730, "stage": "write"}
{"cached": 168, "total": 730, "stage": "write"}
{"cached": 169, "total": 730, "stage": "write"}
{"cached": 170, "total": 730, "stage": "write"}
{"cached": 171, "total": 730, "stage": "write"}
{"cached": 172, "total": 730, "stage": "write"}
{"cached": 173, "total": 730, "stage": "write"}
{"cached": 174, "total": 730, "stage": "write"}
{"cached": 175, "total": 730, "stage": "write"}
{"cached": 176, "total": 730, "stage": "write"}
{"cached": 177, "total": 730, "stage": "write"}
{"cached": 178, "total": 730, "stage": "write"}
{"cached": 179, "total": 730, "stage": "write"}
{"cached": 180, "total": 730, "stage": "write"}
{"cached": 181, "total": 730, "stage": "write"}
{"cached": 182, "total": 730, "stage": "write"}
{"cached": 183, "total": 730, "stage": "write"}
{"cached": 184, "total": 730, "stage": "write"}
{"cached": 185, "total": 730, "stage": "write"}
{"cached": 186, "total": 730, "stage": "write"}
{"cached": 187, "total": 730, "stage": "write"}
{"cached": 188, "total": 730, "stage": "write"}
{"cached": 189, "total": 730, "stage": "write"}
{"cached": 190, "total": 730, "stage": "write"}
{"cached": 191, "total": 730, "stage": "write"}
{"cached": 192, "total": 730, "stage": "write"}
{"cached": 193, "total": 730, "stage": "write"}
{"cached": 194, "total": 730, "stage": "write"}
{"cached": 195, "total": 730, "stage": "write"}
{"cached": 196, "total": 730, "stage": "write"}
{"cached": 197, "total": 730, "stage": "write"}
{"cached": 198, "total": 730, "stage": "write"}
{"cached": 199, "total": 730, "stage": "write"}
{"cached": 200, "total": 730, "stage": "write"}
{"cached": 201, "total": 730, "stage": "write"}
{"cached": 202, "total": 730, "stage": "write"}
{"cached": 203, "total": 730, "stage": "write"}
{"cached": 204, "total": 730, "stage": "write"}
{"cached": 205, "total": 730, "stage": "write"}
{"cached": 206, "total": 730, "stage": "write"}
{"cached": 207, "total": 730, "stage": "write"}
{"cached": 208, "total": 730, "stage": "write"}
{"cached": 209, "total": 730, "stage": "write"}
{"cached": 210, "total": 730, "stage": "write"}
{"cached": 211, "total": 730, "stage": "write"}
{"cached": 212, "total": 730, "stage": "write"}
{"cached": 213, "total": 730, "stage": "write"}
{"cached": 214, "total": 730, "stage": "write"}
{"cached": 215, "total": 730, "stage": "write"}
{"cached": 216, "total": 730, "stage": "write"}
{"cached": 217, "total": 730, "stage": "write"}
{"cached": 218, "total": 730, "stage": "write"}
{"cached": 219, "total": 730, "stage": "write"}
{"cached": 220, "total": 730, "stage": "write"}
{"cached": 221, "total": 730, "stage": "write"}
{"cached": 222, "total": 730, "stage": "write"}
{"cached": 223, "total": 730, "stage": "write"}
{"cached": 224, "total": 730, "stage": "write"}
{"cached": 225, "total": 730, "stage": "write"}
{"cached": 226, "total": 730, "stage": "write"}
{"cached": 227, "total": 730, "stage": "write"}
{"cached": 228, "total": 730, "stage": "write"}
{"cached": 229, "total": 730, "stage": "write"}
{"cached": 230, "total": 730, "stage": "write"}
{"cached": 231, "total": 730, "stage": "write"}
{"cached": 232, "total": 730, "stage": "write"}
{"cached": 233, "total": 730, "stage": "write"}
{"cached": 234, "total": 730, "stage": "write"}
{"cached": 235, "total": 730, "stage": "write"}
{"cached": 236, "total": 730, "stage": "write"}
{"cached": 237, "total": 730, "stage": "write"}
{"cached": 238, "total": 730, "stage": "write"}
{"cached": 239, "total": 730, "stage": "write"}
{"cached": 240, "total": 730, "stage": "write"}
{"cached": 241, "total": 730, "stage": "write"}
{"cached": 242, "total": 730, "stage": "write"}
{"cached": 243, "total": 730, "stage": "write"}
{"cached": 244, "total": 730, "stage": "write"}
{"cached": 245, "total": 730, "stage": "write"}
{"cached": 246, "total": 730, "stage": "write"}
{"cached": 247, "total": 730, "stage": "write"}
{"cached": 248, "total": 730, "stage": "write"}
{"cached": 249, "total": 730, "stage": "write"}
{"cached": 250, "total": 730, "stage": "write"}
{"cached": 251, "total": 730, "stage": "write"}
{"cached": 252, "total": 730, "stage": "write"}
{"cached": 253, "total": 730, "stage": "write"}
{"cached": 254, "total": 730, "stage": "write"}
{"cached": 255, "total": 730, "stage": "write"}
{"cached": 256, "total": 730, "stage": "write"}
{"cached": 257, "total": 730, "stage": "write"}
{"cached": 258, "total": 730, "stage": "write"}
{"cached": 259, "total": 730, "stage": "write"}
{"cached": 260, "total": 730, "stage": "write"}
{"cached": 261, "total": 730, "stage": "write"}
{"cached": 262, "total": 730, "stage": "write"}
{"cached": 263, "total": 730, "stage": "write"}
{"cached": 264, "total": 730, "stage": "write"}
{"cached": 265, "total": 730, "stage": "write"}
{"cached": 266, "total": 730, "stage": "write"}
{"cached": 267, "total": 730, "stage": "write"}
{"cached": 268, "total": 730, "stage": "write"}
{"cached": 269, "total": 730, "stage": "write"}
{"cached": 270, "total": 730, "stage": "write"}
{"cached": 271, "total": 730, "stage": "write"}
{"cached": 272, "total": 730, "stage": "write"}
{"cached": 273, "total": 730, "stage": "write"}
{"cached": 274, "total": 730, "stage": "write"}
{"cached": 275, "total": 730, "stage": "write"}
{"cached": 276, "total": 730, "stage": "write"}
{"cached": 277, "total": 730, "stage": "write"}
{"cached": 278, "total": 730, "stage": "write"}
{"cached": 279, "total": 730, "stage": "write"}
{"cached": 280, "total": 730, "stage": "write"}
{"cached": 281, "total": 730, "stage": "write"}
{"cached": 282, "total": 730, "stage": "write"}
{"cached": 283, "total": 730, "stage": "write"}
{"cached": 284, "total": 730, "stage": "write"}
{"cached": 285, "total": 730, "stage": "write"}
{"cached": 286, "total": 730, "stage": "write"}
{"cached": 287, "total": 730, "stage": "write"}
{"cached": 288, "total": 730, "stage": "write"}
{"cached": 289, "total": 730, "stage": "write"}
{"cached": 290, "total": 730, "stage": "write"}
{"cached": 291, "total": 730, "stage": "write"}
{"cached": 292, "total": 730, "stage": "write"}
{"cached": 293, "total": 730, "stage": "write"}
{"cached": 294, "total": 730, "stage": "write"}
{"cached": 295, "total": 730, "stage": "write"}
{"cached": 296, "total": 730, "stage": "write"}
{"cached": 297, "total": 730, "stage": "write"}
{"cached": 298, "total": 730, "stage": "write"}
{"cached": 299, "total": 730, "stage": "write"}
{"cached": 300, "total": 730, "stage": "write"}
{"cached": 301, "total": 730, "stage": "write"}
{"cached": 302, "total": 730, "stage": "write"}
{"cached": 303, "total": 730, "stage": "write"}
{"cached": 304, "total": 730, "stage": "write"}
{"cached": 305, "total": 730, "stage": "write"}
{"cached": 306, "total": 730, "stage": "write"}
{"cached": 307, "total": 730, "stage": "write"}
{"cached": 308, "total": 730, "stage": "write"}
{"cached": 309, "total": 730, "stage": "write"}
{"cached": 310, "total": 730, "stage": "write"}
{"cached": 311, "total": 730, "stage": "write"}
{"cached": 312, "total": 730, "stage": "write"}
{"cached": 313, "total": 730, "stage": "write"}
{"cached": 314, "total": 730, "stage": "write"}
{"cached": 315, "total": 730, "stage": "write"}
{"cached": 316, "total": 730, "stage": "write"}
{"cached": 317, "total": 730, "stage": "write"}
{"cached": 318, "total": 730, "stage": "write"}
{"cached": 319, "total": 730, "stage": "write"}
{"cached": 320, "total": 730, "stage": "write"}
{"cached": 321, "total": 730, "stage": "write"}
{"cached": 322, "total": 730, "stage": "write"}
{"cached": 323, "total": 730, "stage": "write"}
{"cached": 324, "total": 730, "stage": "write"}
{"cached": 325, "total": 730, "stage": "write"}
{"cached": 326, "total": 730, "stage": "write"}
{"cached": 327, "total": 730, "stage": "write"}
{"cached": 328, "total": 730, "stage": "write"}
{"cached": 329, "total": 730, "stage": "write"}
{"cached": 330, "total": 730, "stage": "write"}
{"cached": 331, "total": 730, "stage": "write"}
{"cached": 332, "total": 730, "stage": "write"}
{"cached": 333, "total": 730, "stage": "write"}
{"cached": 334, "total": 730, "stage": "write"}
{"cached": 335, "total": 730, "stage": "write"}
{"cached": 336, "total": 730, "stage": "write"}
{"cached": 337, "total": 730, "stage": "write"}
{"cached": 338, "total": 730, "stage": "write"}
{"cached": 339, "total": 730, "stage": "write"}
{"cached": 340, "total": 730, "stage": "write"}
{"cached": 341, "total": 730, "stage": "write"}
{"cached": 342, "total": 730, "stage": "write"}
{"cached": 343, "total": 730, "stage": "write"}
{"cached": 344, "total": 730, "stage": "write"}
{"cached": 345, "total": 730, "stage": "write"}
{"cached": 346, "total": 730, "stage": "write"}
{"cached": 347, "total": 730, "stage": "write"}
{"cached": 348, "total": 730, "stage": "write"}
{"cached": 349, "total": 730, "stage": "write"}
{"cached": 350, "total": 730, "stage": "write"}
{"cached": 351, "total": 730, "stage": "write"}
{"cached": 352, "total": 730, "stage": "write"}
{"cached": 353, "total": 730, "stage": "write"}
{"cached": 354, "total": 730, "stage": "write"}
{"cached": 355, "total": 730, "stage": "write"}
{"cached": 356, "total": 730, "stage": "write"}
{"cached": 357, "total": 730, "stage": "write"}
{"cached": 358, "total": 730, "stage": "write"}
{"cached": 359, "total": 730, "stage": "write"}
{"cached": 360, "total": 730, "stage": "write"}
{"cached": 361, "total": 730, "stage": "write"}
{"cached": 362, "total": 730, "stage": "write"}
{"cached": 363, "total": 730, "stage": "write"}
{"cached": 364, "total": 730, "stage": "write"}
{"cached": 365, "total": 730, "stage": "write"}
{"cached": 366, "total": 730, "stage": "write"}
{"cached": 367, "total": 730, "stage": "write"}
{"cached": 368, "total": 730, "stage": "write"}
{"cached": 369, "total": 730, "stage": "write"}
{"cached": 370, "total": 730, "stage": "write"}
{"cached": 371, "total": 730, "stage": "write"}
{"cached": 372, "total": 730, "stage": "write"}
{"cached": 373, "total": 730, "stage": "write"}
{"cached": 374, "total": 730, "stage": "write"}
{"cached": 375, "total": 730, "stage": "write"}
{"cached": 376, "total": 730, "stage": "write"}
{"cached": 377, "total": 730, "stage": "write"}
{"cached": 378, "total": 730, "stage": "write"}
{"cached": 379, "total": 730, "stage": "write"}
{"cached": 380, "total": 730, "stage": "write"}
{"cached": 381, "total": 730, "stage": "write"}
{"cached": 382, "total": 730, "stage": "write"}
{"cached": 383, "total": 730, "stage": "write"}
{"cached": 384, "total": 730, "stage": "write"}
{"cached": 385, "total": 730, "stage": "write"}
{"cached": 386, "total": 730, "stage": "write"}
{"cached": 387, "total": 730, "stage": "write"}
{"cached": 388, "total": 730, "stage": "write"}
{"cached": 389, "total": 730, "stage": "write"}
{"cached": 390, "total": 730, "stage": "write"}
{"cached": 391, "total": 730, "stage": "write"}
{"cached": 392, "total": 730, "stage": "write"}
{"cached": 393, "total": 730, "stage": "write"}
{"cached": 394, "total": 730, "stage": "write"}
{"cached": 395, "total": 730, "stage": "write"}
{"cached": 396, "total": 730, "stage": "write"}
{"cached": 397, "total": 730, "stage": "write"}
{"cached": 398, "total": 730, "stage": "write"}
{"cached": 399, "total": 730, "stage": "write"}
{"cached": 400, "total": 730, "stage": "write"}
{"cached": 401, "total": 730, "stage": "write"}
{"cached": 402, "total": 730, "stage": "write"}
{"cached": 403, "total": 730, "stage": "write"}
{"cached": 404, "total": 730, "stage": "write"}
{"cached": 405, "total": 730, "stage": "write"}
{"cached": 406, "total": 730, "stage": "write"}
{"cached": 407, "total": 730, "stage": "write"}
{"cached": 408, "total": 730, "stage": "write"}
{"cached": 409, "total": 730, "stage": "write"}
{"cached": 410, "total": 730, "stage": "write"}
{"cached": 411, "total": 730, "stage": "write"}
{"cached": 412, "total": 730, "stage": "write"}
{"cached": 413, "total": 730, "stage": "write"}
{"cached": 414, "total": 730, "stage": "write"}
{"cached": 415, "total": 730, "stage": "write"}
{"cached": 416, "total": 730, "stage": "write"}
{"cached": 417, "total": 730, "stage": "write"}
{"cached": 418, "total": 730, "stage": "write"}
{"cached": 419, "total": 730, "stage": "write"}
{"cached": 420, "total": 730, "stage": "write"}
{"cached": 421, "total": 730, "stage": "write"}
{"cached": 422, "total": 730, "stage": "write"}
{"cached": 423, "total": 730, "stage": "write"}
{"cached": 424, "total": 730, "stage": "write"}
{"cached": 425, "total": 730, "stage": "write"}
{"cached": 426, "total": 730, "stage": "write"}
{"cached": 427, "total": 730, "stage": "write"}
{"cached": 428, "total": 730, "stage": "write"}
{"cached": 429, "total": 730, "stage": "write"}
{"cached": 430, "total": 730, "stage": "write"}
{"cached": 431, "total": 730, "stage": "write"}
{"cached": 432, "total": 730, "stage": "write"}
{"cached": 433, "total": 730, "stage": "write"}
{"cached": 434, "total": 730, "stage": "write"}
{"cached": 435, "total": 730, "stage": "write"}
{"cached": 436, "total": 730, "stage": "write"}
{"cached": 437, "total": 730, "stage": "write"}
{"cached": 438, "total": 730, "stage": "write"}
{"cached": 439, "total": 730, "stage": "write"}
{"cached": 440, "total": 730, "stage": "write"}
{"cached": 441, "total": 730, "stage": "write"}
{"cached": 442, "total": 730, "stage": "write"}
{"cached": 443, "total": 730, "stage": "write"}
{"cached": 444, "total": 730, "stage": "write"}
{"cached": 445, "total": 730, "stage": "write"}
{"cached": 446, "total": 730, "stage": "write"}
{"cached": 447, "total": 730, "stage": "write"}
{"cached": 448, "total": 730, "stage": "write"}
{"cached": 449, "total": 730, "stage": "write"}
{"cached": 450, "total": 730, "stage": "write"}
{"cached": 451, "total": 730, "stage": "write"}
{"cached": 452, "total": 730, "stage": "write"}
{"cached": 453, "total": 730, "stage": "write"}
{"cached": 454, "total": 730, "stage": "write"}
{"cached": 455, "total": 730, "stage": "write"}
{"cached": 456, "total": 730, "stage": "write"}
{"cached": 457, "total": 730, "stage": "write"}
{"cached": 458, "total": 730, "stage": "write"}
{"cached": 459, "total": 730, "stage": "write"}
{"cached": 460, "total": 730, "stage": "write"}
{"cached": 461, "total": 730, "stage": "write"}
{"cached": 462, "total": 730, "stage": "write"}
{"cached": 463, "total": 730, "stage": "write"}
{"cached": 464, "total": 730, "stage": "write"}
{"cached": 465, "total": 730, "stage": "write"}
{"cached": 466, "total": 730, "stage": "write"}
{"cached": 467, "total": 730, "stage": "write"}
{"cached": 468, "total": 730, "stage": "write"}
{"cached": 469, "total": 730, "stage": "write"}
{"cached": 470, "total": 730, "stage": "write"}
{"cached": 471, "total": 730, "stage": "write"}
{"cached": 472, "total": 730, "stage": "write"}
{"cached": 473, "total": 730, "stage": "write"}
{"cached": 474, "total": 730, "stage": "write"}
{"cached": 475, "total": 730, "stage": "write"}
{"cached": 476, "total": 730, "stage": "write"}
{"cached": 477, "total": 730, "stage": "write"}
{"cached": 478, "total": 730, "stage": "write"}
{"cached": 479, "total": 730, "stage": "write"}
{"cached": 480, "total": 730, "stage": "write"}
{"cached": 481, "total": 730, "stage": "write"}
{"cached": 482, "total": 730, "stage": "write"}
{"cached": 483, "total": 730, "stage": "write"}
{"cached": 484, "total": 730, "stage": "write"}
{"cached": 485, "total": 730, "stage": "write"}
{"cached": 486, "total": 730, "stage": "write"}
{"cached": 487, "total": 730, "stage": "write"}
{"cached": 488, "total": 730, "stage": "write"}
{"cached": 489, "total": 730, "stage": "write"}
{"cached": 490, "total": 730, "stage": "write"}
{"cached": 491, "total": 730, "stage": "write"}
{"cached": 492, "total": 730, "stage": "write"}
{"cached": 493, "total": 730, "stage": "write"}
{"cached": 494, "total": 730, "stage": "write"}
{"cached": 495, "total": 730, "stage": "write"}
{"cached": 496, "total": 730, "stage": "write"}
{"cached": 497, "total": 730, "stage": "write"}
{"cached": 498, "total": 730, "stage": "write"}
{"cached": 499, "total": 730, "stage": "write"}
{"cached": 500, "total": 730, "stage": "write"}
{"cached": 501, "total": 730, "stage": "write"}
{"cached": 502, "total": 730, "stage": "write"}
{"cached": 503, "total": 730, "stage": "write"}
{"cached": 504, "total": 730, "stage": "write"}
{"cached": 505, "total": 730, "stage": "write"}
{"cached": 506, "total": 730, "stage": "write"}
{"cached": 507, "total": 730, "stage": "write"}
{"cached": 508, "total": 730, "stage": "write"}
{"cached": 509, "total": 730, "stage": "write"}
{"cached": 510, "total": 730, "stage": "write"}
{"cached": 511, "total": 730, "stage": "write"}
{"cached": 512, "total": 730, "stage": "write"}
{"cached": 513, "total": 730, "stage": "write"}
{"cached": 514, "total": 730, "stage": "write"}
{"cached": 515, "total": 730, "stage": "write"}
{"cached": 516, "total": 730, "stage": "write"}
{"cached": 517, "total": 730, "stage": "write"}
{"cached": 518, "total": 730, "stage": "write"}
{"cached": 519, "total": 730, "stage": "write"}
{"cached": 520, "total": 730, "stage": "write"}
{"cached": 521, "total": 730, "stage": "write"}
{"cached": 522, "total": 730, "stage": "write"}
{"cached": 523, "total": 730, "stage": "write"}
{"cached": 524, "total": 730, "stage": "write"}
{"cached": 525, "total": 730, "stage": "write"}
{"cached": 526, "total": 730, "stage": "write"}
{"cached": 527, "total": 730, "stage": "write"}
{"cached": 528, "total": 730, "stage": "write"}
{"cached": 529, "total": 730, "stage": "write"}
{"cached": 530, "total": 730, "stage": "write"}
{"cached": 531, "total": 730, "stage": "write"}
{"cached": 532, "total": 730, "stage": "write"}
{"cached": 533, "total": 730, "stage": "write"}
{"cached": 534, "total": 730, "stage": "write"}
{"cached": 535, "total": 730, "stage": "write"}
{"cached": 536, "total": 730, "stage": "write"}
{"cached": 537, "total": 730, "stage": "write"}
{"cached": 538, "total": 730, "stage": "write"}
{"cached": 539, "total": 730, "stage": "write"}
{"cached": 540, "total": 730, "stage": "write"}
{"cached": 541, "total": 730, "stage": "write"}
{"cached": 542, "total": 730, "stage": "write"}
{"cached": 543, "total": 730, "stage": "write"}
{"cached": 544, "total": 730, "stage": "write"}
{"cached": 545, "total": 730, "stage": "write"}
{"cached": 546, "total": 730, "stage": "write"}
{"cached": 547, "total": 730, "stage": "write"}
{"cached": 548, "total": 730, "stage": "write"}
{"cached": 549, "total": 730, "stage": "write"}
{"cached": 550, "total": 730, "stage": "write"}
{"cached": 551, "total": 730, "stage": "write"}
{"cached": 552, "total": 730, "stage": "write"}
{"cached": 553, "total": 730, "stage": "write"}
{"cached": 554, "total": 730, "stage": "write"}
{"cached": 555, "total": 730, "stage": "write"}
{"cached": 556, "total": 730, "stage": "write"}
{"cached": 557, "total": 730, "stage": "write"}
{"cached": 558, "total": 730, "stage": "write"}
{"cached": 559, "total": 730, "stage": "write"}
{"cached": 560, "total": 730, "stage": "write"}
{"cached": 561, "total": 730, "stage": "write"}
{"cached": 562, "total": 730, "stage": "write"}
{"cached": 563, "total": 730, "stage": "write"}
{"cached": 564, "total": 730, "stage": "write"}
{"cached": 565, "total": 730, "stage": "write"}
{"cached": 566, "total": 730, "stage": "write"}
{"cached": 567, "total": 730, "stage": "write"}
{"cached": 568, "total": 730, "stage": "write"}
{"cached": 569, "total": 730, "stage": "write"}
{"cached": 570, "total": 730, "stage": "write"}
{"cached": 571, "total": 730, "stage": "write"}
{"cached": 572, "total": 730, "stage": "write"}
{"cached": 573, "total": 730, "stage": "write"}
{"cached": 574, "total": 730, "stage": "write"}
{"cached": 575, "total": 730, "stage": "write"}
{"cached": 576, "total": 730, "stage": "write"}
{"cached": 577, "total": 730, "stage": "write"}
{"cached": 578, "total": 730, "stage": "write"}
{"cached": 579, "total": 730, "stage": "write"}
{"cached": 580, "total": 730, "stage": "write"}
{"cached": 581, "total": 730, "stage": "write"}
{"cached": 582, "total": 730, "stage": "write"}
{"cached": 583, "total": 730, "stage": "write"}
{"cached": 584, "total": 730, "stage": "write"}
{"cached": 585, "total": 730, "stage": "write"}
{"cached": 586, "total": 730, "stage": "write"}
{"cached": 587, "total": 730, "stage": "write"}
{"cached": 588, "total": 730, "stage": "write"}
{"cached": 589, "total": 730, "stage": "write"}
{"cached": 590, "total": 730, "stage": "write"}
{"cached": 591, "total": 730, "stage": "write"}
{"cached": 592, "total": 730, "stage": "write"}
{"cached": 593, "total": 730, "stage": "write"}
{"cached": 594, "total": 730, "stage": "write"}
{"cached": 595, "total": 730, "stage": "write"}
{"cached": 596, "total": 730, "stage": "write"}
{"cached": 597, "total": 730, "stage": "write"}
{"cached": 598, "total": 730, "stage": "write"}
{"cached": 599, "total": 730, "stage": "write"}
{"cached": 600, "total": 730, "stage": "write"}
{"cached": 601, "total": 730, "stage": "write"}
{"cached": 602, "total": 730, "stage": "write"}
{"cached": 603, "total": 730, "stage": "write"}
{"cached": 604, "total": 730, "stage": "write"}
{"cached": 605, "total": 730, "stage": "write"}
{"cached": 606, "total": 730, "stage": "write"}
{"cached": 607, "total": 730, "stage": "write"}
{"cached": 608, "total": 730, "stage": "write"}
{"cached": 609, "total": 730, "stage": "write"}
{"cached": 610, "total": 730, "stage": "write"}
{"cached": 611, "total": 730, "stage": "write"}
{"cached": 612, "total": 730, "stage": "write"}
{"cached": 613, "total": 730, "stage": "write"}
{"cached": 614, "total": 730, "stage": "write"}
{"cached": 615, "total": 730, "stage": "write"}
{"cached": 616, "total": 730, "stage": "write"}
{"cached": 617, "total": 730, "stage": "write"}
{"cached": 618, "total": 730, "stage": "write"}
{"cached": 619, "total": 730, "stage": "write"}
{"cached": 620, "total": 730, "stage": "write"}
{"cached": 621, "total": 730, "stage": "write"}
{"cached": 622, "total": 730, "stage": "write"}
{"cached": 623, "total": 730, "stage": "write"}
{"cached": 624, "total": 730, "stage": "write"}
{"cached": 625, "total": 730, "stage": "write"}
{"cached": 626, "total": 730, "stage": "write"}
{"cached": 627, "total": 730, "stage": "write"}
{"cached": 628, "total": 730, "stage": "write"}
{"cached": 629, "total": 730, "stage": "write"}
{"cached": 630, "total": 730, "stage": "write"}
{"cached": 631, "total": 730, "stage": "write"}
{"cached": 632, "total": 730, "stage": "write"}
{"cached": 633, "total": 730, "stage": "write"}
{"cached": 634, "total": 730, "stage": "write"}
{"cached": 635, "total": 730, "stage": "write"}
{"cached": 636, "total": 730, "stage": "write"}
{"cached": 637, "total": 730, "stage": "write"}
{"cached": 638, "total": 730, "stage": "write"}
{"cached": 639, "total": 730, "stage": "write"}
{"cached": 640, "total": 730, "stage": "write"}
{"cached": 641, "total": 730, "stage": "write"}
{"cached": 642, "total": 730, "stage": "write"}
{"cached": 643, "total": 730, "stage": "write"}
{"cached": 644, "total": 730, "stage": "write"}
{"cached": 645, "total": 730, "stage": "write"}
{"cached": 646, "total": 730, "stage": "write"}
{"cached": 647, "total": 730, "stage": "write"}
{"cached": 648, "total": 730, "stage": "write"}
{"cached": 649, "total": 730, "stage": "write"}
{"cached": 650, "total": 730, "stage": "write"}
{"cached": 651, "total": 730, "stage": "write"}
{"cached": 652, "total": 730, "stage": "write"}
{"cached": 653, "total": 730, "stage": "write"}
{"cached": 654, "total": 730, "stage": "write"}
{"cached": 655, "total": 730, "stage": "write"}
{"cached": 656, "total": 730, "stage": "write"}
{"cached": 657, "total": 730, "stage": "write"}
{"cached": 658, "total": 730, "stage": "write"}
{"cached": 659, "total": 730, "stage": "write"}
{"cached": 660, "total": 730, "stage": "write"}
{"cached": 661, "total": 730, "stage": "write"}
{"cached": 662, "total": 730, "stage": "write"}
{"cached": 663, "total": 730, "stage": "write"}
{"cached": 664, "total": 730, "stage": "write"}
{"cached": 665, "total": 730, "stage": "write"}
{"cached": 666, "total": 730, "stage": "write"}
{"cached": 667, "total": 730, "stage": "write"}
{"cached": 668, "total": 730, "stage": "write"}
{"cached": 669, "total": 730, "stage": "write"}
{"cached": 670, "total": 730, "stage": "write"}
{"cached": 671, "total": 730, "stage": "write"}
{"cached": 672, "total": 730, "stage": "write"}
{"cached": 673, "total": 730, "stage": "write"}
{"cached": 674, "total": 730, "stage": "write"}
{"cached": 675, "total": 730, "stage": "write"}
{"cached": 676, "total": 730, "stage": "write"}
{"cached": 677, "total": 730, "stage": "write"}
{"cached": 678, "total": 730, "stage": "write"}
{"cached": 679, "total": 730, "stage": "write"}
{"cached": 680, "total": 730, "stage": "write"}
{"cached": 681, "total": 730, "stage": "write"}
{"cached": 682, "total": 730, "stage": "write"}
{"cached": 683, "total": 730, "stage": "write"}
{"cached": 684, "total": 730, "stage": "write"}
{"cached": 685, "total": 730, "stage": "write"}
{"cached": 686, "total": 730, "stage": "write"}
{"cached": 687, "total": 730, "stage": "write"}
{"cached": 688, "total": 730, "stage": "write"}
{"cached": 689, "total": 730, "stage": "write"}
{"cached": 690, "total": 730, "stage": "write"}
{"cached": 691, "total": 730, "stage": "write"}
{"cached": 692, "total": 730, "stage": "write"}
{"cached": 693, "total": 730, "stage": "write"}
{"cached": 694, "total": 730, "stage": "write"}
{"cached": 695, "total": 730, "stage": "write"}
{"cached": 696, "total": 730, "stage": "write"}
{"cached": 697, "total": 730, "stage": "write"}
{"cached": 698, "total": 730, "stage": "write"}
{"cached": 699, "total": 730, "stage": "write"}
{"cached": 700, "total": 730, "stage": "write"}
{"cached": 701, "total": 730, "stage": "write"}
{"cached": 702, "total": 730, "stage": "write"}
{"cached": 703, "total": 730, "stage": "write"}
{"cached": 704, "total": 730, "stage": "write"}
{"cached": 705, "total": 730, "stage": "write"}
{"cached": 706, "total": 730, "stage": "write"}
{"cached": 707, "total": 730, "stage": "write"}
{"cached": 708, "total": 730, "stage": "write"}
{"cached": 709, "total": 730, "stage": "write"}
{"cached": 710, "total": 730, "stage": "write"}
{"cached": 711, "total": 730, "stage": "write"}
{"cached": 712, "total": 730, "stage": "write"}
{"cached": 713, "total": 730, "stage": "write"}
{"cached": 714, "total": 730, "stage": "write"}
{"cached": 715, "total": 730, "stage": "write"}
{"cached": 716, "total": 730, "stage": "write"}
{"cached": 717, "total": 730, "stage": "write"}
{"cached": 718, "total": 730, "stage": "write"}
{"cached": 719, "total": 730, "stage": "write"}
{"cached": 720, "total": 730, "stage": "write"}
{"cached": 721, "total": 730, "stage": "write"}
{"cached": 722, "total": 730, "stage": "write"}
{"cached": 723, "total": 730, "stage": "write"}
{"cached": 724, "total": 730, "stage": "write"}
{"cached": 725, "total": 730, "stage": "write"}
{"cached": 726, "total": 730, "stage": "write"}
{"cached": 727, "total": 730, "stage": "write"}
{"cached": 728, "total": 730, "stage": "write"}
{"cached": 729, "total": 730, "stage": "write"}
{"cached": 730, "total": 730, "stage": "write"}
{"resumed_at": 57984, "next_step": 57985, "final_step": 93440, "optimizer_states": 1075}
{"step": 58016, "mse": 0.5011834092438221, "seconds": 47.702260283753276}
{"step": 58048, "mse": 0.04569167736917734, "seconds": 95.70799162378535}
{"step": 58080, "mse": 0.06571680121123791, "seconds": 144.7383001470007}
{"step": 58112, "mse": 0.06726462463848293, "seconds": 193.65351482620463}
{"step": 58144, "mse": 0.3848562764469534, "seconds": 246.99232479091734}
{"step": 58176, "mse": 0.03391136438585818, "seconds": 295.9084735461511}
{"step": 58208, "mse": 0.046451923437416553, "seconds": 344.8163404171355}
{"step": 58240, "mse": 0.03239981038495898, "seconds": 392.89821136696264}
{"step": 58272, "mse": 0.04649267625063658, "seconds": 444.65609925519675}
{"step": 58304, "mse": 0.19578721188008785, "seconds": 492.1192771201022}
{"step": 58336, "mse": 0.05029115965589881, "seconds": 539.569491319824}
{"step": 58368, "mse": 0.3136683702468872, "seconds": 587.0254253759049}
{"step": 58400, "mse": 0.1397290718741715, "seconds": 639.0810162918642}
{"step": 58432, "mse": 0.019914738833904266, "seconds": 687.9458914580755}
{"step": 58464, "mse": 0.133822123054415, "seconds": 736.8401378500275}
{"step": 58496, "mse": 0.08532169833779335, "seconds": 785.6282932478935}
{"step": 58528, "mse": 0.07482043281197548, "seconds": 838.8014327180572}
{"step": 58560, "mse": 0.2296522045508027, "seconds": 887.8507303069346}
{"step": 58592, "mse": 0.13799498416483402, "seconds": 936.2275527138263}
{"step": 58624, "mse": 0.3114210283383727, "seconds": 983.6401975429617}
{"step": 58656, "mse": 0.16276273084804416, "seconds": 1035.3838972458616}
{"step": 58688, "mse": 0.03212351119145751, "seconds": 1082.8189427470788}
{"step": 58720, "mse": 0.033131396397948265, "seconds": 1130.45472453814}
{"step": 58752, "mse": 0.0443824278190732, "seconds": 1177.8666379819624}
{"step": 58784, "mse": 0.39760660752654076, "seconds": 1230.4313422301784}
{"step": 58816, "mse": 0.07926265965215862, "seconds": 1279.257206385024}
{"step": 58848, "mse": 0.4242464923299849, "seconds": 1328.0684463609941}
{"step": 58880, "mse": 0.21563592622987926, "seconds": 1377.0999540570192}
{"step": 58912, "mse": 0.27885201177559793, "seconds": 1430.2549918279983}
{"step": 58944, "mse": 0.17039371188730001, "seconds": 1479.1541616139002}
{"step": 58976, "mse": 0.054303274024277925, "seconds": 1526.748942606151}
{"step": 59008, "mse": 0.3500404474325478, "seconds": 1574.1904870187864}
{"step": 59040, "mse": 0.18367143720388412, "seconds": 1626.305604438763}
{"step": 59072, "mse": 0.1632167799398303, "seconds": 1673.7437187568285}
{"step": 59104, "mse": 0.28743802197277546, "seconds": 1721.1739490199834}
{"step": 59136, "mse": 0.22898129047825933, "seconds": 1768.8630498601124}
{"step": 59168, "mse": 0.17842414136976004, "seconds": 1821.991035881918}
{"step": 59200, "mse": 0.29337124712765217, "seconds": 1870.973100909032}
{"step": 59232, "mse": 0.032411832362413406, "seconds": 1919.7621938460506}
{"step": 59264, "mse": 0.2882793468888849, "seconds": 1968.5848871911876}
{"step": 59296, "mse": 0.24991729157045484, "seconds": 2021.773287625052}
{"step": 59328, "mse": 0.16651703836396337, "seconds": 2069.9727355968207}
{"step": 59360, "mse": 0.03848411235958338, "seconds": 2117.597981714178}
{"step": 59392, "mse": 0.029207356739789248, "seconds": 2165.007539550774}
{"step": 59424, "mse": 0.020145057002082467, "seconds": 2216.7752437768504}
{"step": 59456, "mse": 0.4235804451163858, "seconds": 2264.2136984961107}
{"step": 59488, "mse": 0.07831890508532524, "seconds": 2311.66503464384}
{"step": 59520, "mse": 0.13203799910843372, "seconds": 2360.4137710519135}
{"step": 59552, "mse": 0.11409639101475477, "seconds": 2413.619292734191}
{"step": 59584, "mse": 0.5867591379210353, "seconds": 2462.4577088621445}
{"step": 59616, "mse": 0.2989409239962697, "seconds": 2511.3185135759413}
{"step": 59648, "mse": 0.06620175438001752, "seconds": 2560.1656855028123}
{"step": 59680, "mse": 0.2308176199439913, "seconds": 2613.3195999311283}
{"step": 59712, "mse": 0.1636046669445932, "seconds": 2660.7405606359243}
{"step": 59744, "mse": 0.02689226856455207, "seconds": 2708.162423571106}
{"step": 59776, "mse": 0.027552378363907337, "seconds": 2755.5848435577936}
{"step": 59808, "mse": 0.27866559429094195, "seconds": 2807.423869659193}
{"step": 59840, "mse": 0.20593355828896165, "seconds": 2855.0502263628878}
{"step": 59872, "mse": 0.14362741820514202, "seconds": 2902.9558402528055}
{"step": 59904, "mse": 0.2795185958966613, "seconds": 2951.7627599439584}
{"step": 59936, "mse": 0.02153857541270554, "seconds": 3004.878906202968}
{"step": 59968, "mse": 0.18277313746511936, "seconds": 3053.7001105980016}
{"step": 60000, "mse": 0.42281843069940805, "seconds": 3102.798082559835}
{"step": 60032, "mse": 0.050162847619503736, "seconds": 3151.673521710094}
{"step": 60064, "mse": 0.29162186780013144, "seconds": 3203.9691036287695}
{"step": 60096, "mse": 0.1358157442882657, "seconds": 3251.4124031327665}
{"step": 60128, "mse": 0.12773412419483066, "seconds": 3298.877636787016}
{"step": 60160, "mse": 0.22744034742936492, "seconds": 3346.517192551866}
{"step": 60192, "mse": 0.054635056061670184, "seconds": 3398.3415431911126}
{"step": 60224, "mse": 0.07289506355300546, "seconds": 3445.802947001066}
{"step": 60256, "mse": 0.021114149130880833, "seconds": 3494.6090307668783}
{"step": 60288, "mse": 0.11336533538997173, "seconds": 3543.482328167185}
{"step": 60320, "mse": 0.1419302336871624, "seconds": 3596.933504167944}
{"step": 60352, "mse": 0.1461353963240981, "seconds": 3645.7624225658365}
{"step": 60384, "mse": 0.35048052854835987, "seconds": 3694.5969611559995}
{"step": 60416, "mse": 0.024494216311722994, "seconds": 3743.111283807084}
{"step": 60448, "mse": 0.07611716818064451, "seconds": 3794.880976520013}
{"step": 60480, "mse": 0.16017493419349194, "seconds": 3842.510857998859}
{"step": 60512, "mse": 0.041266550309956074, "seconds": 3889.9704515421763}
{"step": 60544, "mse": 0.5801570154726505, "seconds": 3937.4168930971064}
{"step": 60576, "mse": 0.2358055873773992, "seconds": 3989.19096891582}
{"step": 60608, "mse": 0.1454778891056776, "seconds": 4037.455060705077}
{"step": 60640, "mse": 0.12944179004989564, "seconds": 4086.473733357154}
{"step": 60672, "mse": 0.2903513181954622, "seconds": 4135.298590071034}
{"step": 60704, "mse": 0.1322649847716093, "seconds": 4188.455382566899}
{"step": 60736, "mse": 0.08988009998574853, "seconds": 4237.30914659705}
{"step": 60768, "mse": 0.2594301952049136, "seconds": 4286.129891552031}
{"step": 60800, "mse": 0.09390984335914254, "seconds": 4333.978512566071}
{"step": 60832, "mse": 0.3024561796337366, "seconds": 4385.726631700061}
{"step": 60864, "mse": 0.21548809250816703, "seconds": 4433.180544248782}
{"step": 60896, "mse": 0.07541238144040108, "seconds": 4480.638411628082}
{"step": 60928, "mse": 0.2110424404963851, "seconds": 4528.091099856887}
{"step": 60960, "mse": 0.35165406856685877, "seconds": 4580.344496233854}
{"step": 60992, "mse": 0.17715175170451403, "seconds": 4629.1860121991485}
{"step": 61024, "mse": 0.049701612908393145, "seconds": 4678.054474432953}
{"step": 61056, "mse": 0.2920749760232866, "seconds": 4726.85030723596}
{"step": 61088, "mse": 0.11883289972320199, "seconds": 4779.99459231412}
{"step": 61120, "mse": 0.05289603816345334, "seconds": 4829.008256314788}
{"step": 61152, "mse": 0.23627619864419103, "seconds": 4877.191150423139}
{"step": 61184, "mse": 0.25122416857630014, "seconds": 4924.59950056579}
{"step": 61216, "mse": 0.05137777701020241, "seconds": 4976.383049739059}
{"step": 61248, "mse": 0.10123016894795, "seconds": 5023.814435121138}
{"step": 61280, "mse": 0.059709923807531595, "seconds": 5071.425808139145}
{"step": 61312, "mse": 0.03947949002031237, "seconds": 5118.834016548935}
{"step": 61344, "mse": 0.29135256819427013, "seconds": 5171.59170387499}
{"step": 61376, "mse": 0.11903572361916304, "seconds": 5220.442081549205}
{"step": 61408, "mse": 0.027378115337342024, "seconds": 5269.292279484216}
{"step": 61440, "mse": 0.10639808420091867, "seconds": 5318.249772787094}
{"step": 61472, "mse": 0.23561309452634305, "seconds": 5371.483310894109}
{"step": 61504, "mse": 0.141137873288244, "seconds": 5420.336551378947}
{"step": 61536, "mse": 0.28380971355363727, "seconds": 5467.7903827349655}
{"step": 61568, "mse": 0.02553719887509942, "seconds": 5515.251045181882}
{"step": 61600, "mse": 0.2731997277587652, "seconds": 5567.264651487116}
{"step": 61632, "mse": 0.1346508264541626, "seconds": 5614.695671449881}
{"step": 61664, "mse": 0.2075503529049456, "seconds": 5662.142908242997}
{"step": 61696, "mse": 0.06619666516780853, "seconds": 5710.0715608908795}
{"step": 61728, "mse": 0.014370385557413101, "seconds": 5763.302189829759}
{"step": 61760, "mse": 0.07176763564348221, "seconds": 5812.35836854903}
{"step": 61792, "mse": 0.09886353090405464, "seconds": 5861.150766700972}
{"step": 61824, "mse": 0.06313445698469877, "seconds": 5910.012894967105}
{"step": 61856, "mse": 0.051169740967452526, "seconds": 5963.33854936203}
{"step": 61888, "mse": 0.4022128861397505, "seconds": 6011.257693822961}
{"step": 61920, "mse": 0.07396193547174335, "seconds": 6058.914331392851}
{"step": 61952, "mse": 0.07536211516708136, "seconds": 6106.342586431187}
{"step": 61984, "mse": 0.12409274280071259, "seconds": 6158.229103658814}
{"step": 62016, "mse": 0.05929597397334874, "seconds": 6205.699533471838}
{"step": 62048, "mse": 0.1213667462579906, "seconds": 6253.156365645118}
{"step": 62080, "mse": 0.1120966193266213, "seconds": 6302.150579366833}
{"step": 62112, "mse": 0.056473373202607036, "seconds": 6355.435130308848}
{"step": 62144, "mse": 0.03204684751108289, "seconds": 6404.292414913885}
{"step": 62176, "mse": 0.03312751557677984, "seconds": 6453.158507576212}
{"step": 62208, "mse": 0.2230378556996584, "seconds": 6502.016128070187}
{"step": 62240, "mse": 0.028095806948840618, "seconds": 6555.133425817825}
{"step": 62272, "mse": 0.05542174959555268, "seconds": 6602.578692545183}
{"step": 62304, "mse": 0.2083584927022457, "seconds": 6650.021360328887}
{"step": 62336, "mse": 0.029912613797932863, "seconds": 6697.4595010369085}
{"step": 62368, "mse": 0.041530137648805976, "seconds": 6749.224713611882}
{"step": 62400, "mse": 0.2731666648760438, "seconds": 6796.865391999017}
{"step": 62432, "mse": 0.45787477120757103, "seconds": 6844.994544626214}
{"step": 62464, "mse": 0.29500903584994376, "seconds": 6893.860372603871}
{"step": 62496, "mse": 0.35697399638593197, "seconds": 6946.998066479806}
{"step": 62528, "mse": 0.14346503838896751, "seconds": 6995.857935554814}
{"step": 62560, "mse": 0.06296533322893083, "seconds": 7044.915307099931}
{"step": 62592, "mse": 0.2724587554112077, "seconds": 7093.793418862857}
{"step": 62624, "mse": 0.03722560591995716, "seconds": 7145.8315730527975}
{"step": 62656, "mse": 0.26729183341376483, "seconds": 7193.304095576983}
{"step": 62688, "mse": 0.1334458808414638, "seconds": 7240.772586400155}
{"step": 62720, "mse": 0.2272305723745376, "seconds": 7288.419147617184}
{"step": 62752, "mse": 0.18191135581582785, "seconds": 7340.21824557893}
{"step": 62784, "mse": 0.270519417244941, "seconds": 7387.85088802781}
{"step": 62816, "mse": 0.2299424009397626, "seconds": 7436.762457236182}
{"step": 62848, "mse": 0.01761000556871295, "seconds": 7485.559050905984}
{"step": 62880, "mse": 0.2247155741788447, "seconds": 7538.932419138029}
{"step": 62912, "mse": 0.18523000832647085, "seconds": 7587.833401311189}
{"step": 62944, "mse": 0.3307246232870966, "seconds": 7636.632096826099}
{"step": 62976, "mse": 0.13148229522630572, "seconds": 7684.865124864038}
{"step": 63008, "mse": 0.2859098049812019, "seconds": 7736.589770365972}
{"step": 63040, "mse": 0.1251618000678718, "seconds": 7784.2060182602145}
{"step": 63072, "mse": 0.21253232471644878, "seconds": 7831.625502014998}
{"step": 63104, "mse": 0.16850699856877327, "seconds": 7879.046915636864}
{"step": 63136, "mse": 0.047569035086780787, "seconds": 7930.839656277094}
{"step": 63168, "mse": 0.04897817503660917, "seconds": 7979.289696888998}
{"step": 63200, "mse": 0.070035440614447, "seconds": 8028.339583213907}
{"step": 63232, "mse": 0.034857007674872875, "seconds": 8077.178557243198}
{"step": 63264, "mse": 0.3064324213191867, "seconds": 8130.328354301862}
{"step": 63296, "mse": 0.1285413447767496, "seconds": 8179.217101245187}
{"step": 63328, "mse": 0.028821114217862487, "seconds": 8228.075344243087}
{"step": 63360, "mse": 0.04688051622360945, "seconds": 8275.767107882071}
{"step": 63392, "mse": 0.26780146663077176, "seconds": 8327.557113712188}
{"step": 63424, "mse": 0.18717388436198235, "seconds": 8375.034236901905}
{"step": 63456, "mse": 0.29077427880838513, "seconds": 8422.453990844078}
{"step": 63488, "mse": 0.14891040604561567, "seconds": 8469.891054245178}
{"step": 63520, "mse": 0.051300753839313984, "seconds": 8522.234441413078}
{"step": 63552, "mse": 0.09508801880292594, "seconds": 8571.07676481409}
{"step": 63584, "mse": 0.2724063410423696, "seconds": 8619.877996601164}
{"step": 63616, "mse": 0.48944320320151746, "seconds": 8668.719547376037}
{"step": 63648, "mse": 0.20522495615296066, "seconds": 8721.779083199799}
{"step": 63680, "mse": 0.06864143628627062, "seconds": 8770.837846892886}
{"step": 63712, "mse": 0.21712519694119692, "seconds": 8818.826290744822}
{"step": 63744, "mse": 0.15744962310418487, "seconds": 8866.224612270948}
{"step": 63776, "mse": 0.534770056605339, "seconds": 8918.06102375593}
{"step": 63808, "mse": 0.25844525289721787, "seconds": 8965.536421765108}
{"step": 63840, "mse": 0.24615680798888206, "seconds": 9013.192519765813}
{"step": 63872, "mse": 0.18825449887663126, "seconds": 9060.641634128056}
{"step": 63904, "mse": 0.13781045004725456, "seconds": 9113.761435688008}
{"step": 63936, "mse": 0.09358733636327088, "seconds": 9162.680127204861}
{"step": 63968, "mse": 0.2158390562981367, "seconds": 9211.532065677922}
{"step": 64000, "mse": 0.040757056791335344, "seconds": 9260.522703661118}
{"step": 64032, "mse": 0.08674173569306731, "seconds": 9313.754032074008}
{"step": 64064, "mse": 0.12789845140650868, "seconds": 9362.362853810191}
{"step": 64096, "mse": 0.3353616176173091, "seconds": 9409.813348833937}
{"step": 64128, "mse": 0.0981142814271152, "seconds": 9457.275405865163}
{"step": 64160, "mse": 0.1869838647544384, "seconds": 9509.267635302152}
{"step": 64192, "mse": 0.025059232488274574, "seconds": 9556.706719912123}
{"step": 64224, "mse": 0.30199659429490566, "seconds": 9604.164921989199}
{"step": 64256, "mse": 0.05855640070512891, "seconds": 9652.304788136855}
{"step": 64288, "mse": 0.043835969641804695, "seconds": 9705.479455037042}
{"step": 64320, "mse": 0.036708695348352194, "seconds": 9754.500851191115}
{"step": 64352, "mse": 0.046507266350090504, "seconds": 9803.337225387804}
{"step": 64384, "mse": 0.040204440942034125, "seconds": 9852.25392031204}
{"step": 64416, "mse": 0.3465751213952899, "seconds": 9905.492590053007}
{"step": 64448, "mse": 0.27283370215445757, "seconds": 9953.267168667167}
{"step": 64480, "mse": 0.09156775008887053, "seconds": 10001.07683295291}
{"step": 64512, "mse": 0.031072947196662426, "seconds": 10048.642559398897}
{"step": 64544, "mse": 0.11534385872073472, "seconds": 10100.609549454879}
{"step": 64576, "mse": 0.0776517316699028, "seconds": 10148.284860484768}
{"step": 64608, "mse": 0.020680544897913933, "seconds": 10196.765203413088}
{"step": 64640, "mse": 0.06442908872850239, "seconds": 10246.713645211887}
{"step": 64672, "mse": 0.037495918571949005, "seconds": 10301.303670248017}
{"step": 64704, "mse": 0.10417832457460463, "seconds": 10351.179780039005}
{"step": 64736, "mse": 0.062109185848385096, "seconds": 10400.985041858163}
{"step": 64768, "mse": 0.07610218832269311, "seconds": 10450.899008862209}
{"step": 64800, "mse": 0.1719857044517994, "seconds": 10505.402184741106}
{"step": 64832, "mse": 0.031094107311218977, "seconds": 10553.545922427904}
{"step": 64864, "mse": 0.4757850104942918, "seconds": 10601.94847742701}
{"step": 64896, "mse": 0.36206308379769325, "seconds": 10650.312530152965}
{"step": 64928, "mse": 0.031320941634476185, "seconds": 10703.609695320018}
{"step": 64960, "mse": 0.09988251235336065, "seconds": 10752.313088476192}
{"step": 64992, "mse": 0.14506809134036303, "seconds": 10801.690672841854}
{"step": 65024, "mse": 0.02959061390720308, "seconds": 10851.462337772828}
{"step": 65056, "mse": 0.07985465647652745, "seconds": 10905.81789620081}
{"step": 65088, "mse": 0.29909866489470005, "seconds": 10955.650570611004}
{"step": 65120, "mse": 0.42057262174785137, "seconds": 11005.772158072796}
{"step": 65152, "mse": 0.17859843838959932, "seconds": 11055.567864467856}
{"step": 65184, "mse": 0.06859041750431061, "seconds": 11108.956862263847}
{"step": 65216, "mse": 0.41024559922516346, "seconds": 11157.498569156043}
{"step": 65248, "mse": 0.2624027074780315, "seconds": 11205.99336338276}
{"step": 65280, "mse": 0.3185966992750764, "seconds": 11254.79685047688}
{"step": 65312, "mse": 0.016015716129913926, "seconds": 11308.199197717011}
{"step": 65344, "mse": 0.19387076958082616, "seconds": 11357.168648384977}
{"step": 65376, "mse": 0.10785623919218779, "seconds": 11407.075255122036}
{"step": 65408, "mse": 0.31576013192534447, "seconds": 11456.921175498981}
{"step": 65440, "mse": 0.07278887159191072, "seconds": 11512.344583211001}
{"step": 65472, "mse": 0.022523374762386084, "seconds": 11562.231941627804}
{"step": 65504, "mse": 0.2576452426146716, "seconds": 11611.965106674004}
{"step": 65536, "mse": 0.2102492090780288, "seconds": 11661.118688960094}
{"step": 65568, "mse": 0.08125030342489481, "seconds": 11714.644861529116}
{"step": 65600, "mse": 0.4620458169374615, "seconds": 11763.403553190175}
{"step": 65632, "mse": 0.09489204431883991, "seconds": 11811.795390645973}
{"step": 65664, "mse": 0.11782056326046586, "seconds": 11860.270803704858}
{"step": 65696, "mse": 0.1325214863754809, "seconds": 11913.870917746797}
{"step": 65728, "mse": 0.3602371900342405, "seconds": 11963.56714855507}
{"step": 65760, "mse": 0.014900722075253725, "seconds": 12013.944989736192}
{"step": 65792, "mse": 0.027100868173874915, "seconds": 12063.818409800064}
{"step": 65824, "mse": 0.26946631725877523, "seconds": 12118.594332412817}
{"step": 65856, "mse": 0.11929952446371317, "seconds": 12168.30029468704}
{"step": 65888, "mse": 0.05415880121290684, "seconds": 12217.732596184127}
{"step": 65920, "mse": 0.09475482162088156, "seconds": 12266.55095880013}
{"step": 65952, "mse": 0.024371183943003416, "seconds": 12319.841387839988}
{"step": 65984, "mse": 0.07663855771534145, "seconds": 12368.33840042213}
{"step": 66016, "mse": 0.07711789477616549, "seconds": 12416.851355460007}
{"step": 66048, "mse": 0.11465259827673435, "seconds": 12465.319514256902}
{"step": 66080, "mse": 0.275190798798576, "seconds": 12519.731429420877}
{"step": 66112, "mse": 0.03233348624780774, "seconds": 12569.663069284987}
{"step": 66144, "mse": 0.02787065738812089, "seconds": 12619.573586004786}
{"step": 66176, "mse": 0.03469078755006194, "seconds": 12669.525813890155}
{"step": 66208, "mse": 0.010032280581071973, "seconds": 12724.360820012167}
{"step": 66240, "mse": 0.052878583781421185, "seconds": 12774.509709585924}
{"step": 66272, "mse": 0.2662609228864312, "seconds": 12823.36881622905}
{"step": 66304, "mse": 0.1145537095144391, "seconds": 12871.770163430832}
{"step": 66336, "mse": 0.01521340268664062, "seconds": 12925.24777981406}
{"step": 66368, "mse": 0.22634324058890343, "seconds": 12973.71069470793}
{"step": 66400, "mse": 0.08552082907408476, "seconds": 13022.448962533846}
{"step": 66432, "mse": 0.1039562476798892, "seconds": 13071.042522036005}
{"step": 66464, "mse": 0.3222961174324155, "seconds": 13126.073799612}
{"step": 66496, "mse": 0.05931374663487077, "seconds": 13175.950120635796}
{"step": 66528, "mse": 0.05182920955121517, "seconds": 13225.899274801835}
{"step": 66560, "mse": 0.023827367462217808, "seconds": 13276.116787801962}
{"step": 66592, "mse": 0.22749309428036213, "seconds": 13331.021023071837}
{"step": 66624, "mse": 0.14187192101962864, "seconds": 13380.342993191909}
{"step": 66656, "mse": 0.06555137038230896, "seconds": 13428.745549044106}
{"step": 66688, "mse": 0.07155991718173027, "seconds": 13477.144414728973}
{"step": 66720, "mse": 0.12013823981396854, "seconds": 13530.938062785193}
{"step": 66752, "mse": 0.20428632386028767, "seconds": 13579.398326186929}
{"step": 66784, "mse": 0.018589634681120515, "seconds": 13627.949583529029}
{"step": 66816, "mse": 0.15816584276035428, "seconds": 13677.321194088086}
{"step": 66848, "mse": 0.26394339883700013, "seconds": 13732.109609141015}
{"step": 66880, "mse": 0.09404949378222227, "seconds": 13782.318145563826}
{"step": 66912, "mse": 0.07760507357306778, "seconds": 13832.190170745831}
{"step": 66944, "mse": 0.21321488684043288, "seconds": 13882.08107097121}
{"step": 66976, "mse": 0.08287795539945364, "seconds": 13936.849270034116}
{"step": 67008, "mse": 0.09022415790241212, "seconds": 13985.368682201952}
{"step": 67040, "mse": 0.02032875595614314, "seconds": 14034.085049293935}
{"step": 67072, "mse": 0.20938422344624996, "seconds": 14082.590258064214}
{"step": 67104, "mse": 0.15124392346479, "seconds": 14136.213857274037}
{"step": 67136, "mse": 0.17279228195548058, "seconds": 14184.707856643945}
{"step": 67168, "mse": 0.1116301380097866, "seconds": 14233.580931740813}
{"step": 67200, "mse": 0.3989793073851615, "seconds": 14283.683173972182}
{"step": 67232, "mse": 0.12272780388593674, "seconds": 14339.524905045982}
{"step": 67264, "mse": 0.049815003760159016, "seconds": 14390.101236251183}
{"step": 67296, "mse": 0.09711271151900291, "seconds": 14440.1868565958}
{"step": 67328, "mse": 0.10260907793417573, "seconds": 14490.174522055779}
{"step": 67360, "mse": 0.19857473904266953, "seconds": 14544.734779257793}
{"step": 67392, "mse": 0.31763105280697346, "seconds": 14593.156125242822}
{"step": 67424, "mse": 0.04545891913585365, "seconds": 14641.604347805958}
{"step": 67456, "mse": 0.03797553153708577, "seconds": 14689.930037423968}
{"step": 67488, "mse": 0.03835346782580018, "seconds": 14743.354905690998}
{"step": 67520, "mse": 0.1407117722555995, "seconds": 14792.360265849158}
{"step": 67552, "mse": 0.28706067660823464, "seconds": 14842.077271084767}
{"step": 67584, "mse": 0.2599095662590116, "seconds": 14892.056124967989}
{"step": 67616, "mse": 0.027018100954592228, "seconds": 14947.623014033772}
{"step": 67648, "mse": 0.051572608295828104, "seconds": 14997.664468361996}
{"step": 67680, "mse": 0.29208558052778244, "seconds": 15047.786468739156}
{"step": 67712, "mse": 0.3200970906764269, "seconds": 15097.4469153448}
{"step": 67744, "mse": 0.2762177521362901, "seconds": 15150.889835629147}
{"step": 67776, "mse": 0.1418515918776393, "seconds": 15199.381575591862}
{"step": 67808, "mse": 0.09851588262245059, "seconds": 15248.011651595123}
{"step": 67840, "mse": 0.09086016193032265, "seconds": 15296.799799051136}
{"step": 67872, "mse": 0.37308338237926364, "seconds": 15350.491824894212}
{"step": 67904, "mse": 0.0801583114080131, "seconds": 15399.653765767813}
{"step": 67936, "mse": 0.2935727536678314, "seconds": 15449.522839395795}
{"step": 67968, "mse": 0.1628695265389979, "seconds": 15499.498492538929}
{"step": 68000, "mse": 0.08906339458189905, "seconds": 15554.984482769854}
{"step": 68032, "mse": 0.4829639755189419, "seconds": 15604.894135459792}
{"step": 68064, "mse": 0.13697092491202056, "seconds": 15654.873678017873}
{"step": 68096, "mse": 0.13946059066802263, "seconds": 15703.778572055977}
{"step": 68128, "mse": 0.2582391411997378, "seconds": 15757.65908751497}
{"step": 68160, "mse": 0.21680937288329005, "seconds": 15806.763338672929}
{"step": 68192, "mse": 0.14598139468580484, "seconds": 15855.306594229769}
{"step": 68224, "mse": 0.28166754031553864, "seconds": 15904.06324700499}
{"step": 68256, "mse": 0.11425924580544233, "seconds": 15958.451366466004}
{"step": 68288, "mse": 0.3742570255417377, "seconds": 16008.418108677026}
{"step": 68320, "mse": 0.08546975906938314, "seconds": 16058.605388138909}
{"step": 68352, "mse": 0.04478579550050199, "seconds": 16108.360225733835}
{"step": 68384, "mse": 0.2946713166311383, "seconds": 16163.63575376384}
{"step": 68416, "mse": 0.21850016713142395, "seconds": 16213.510363212787}
{"step": 68448, "mse": 0.21397721394896507, "seconds": 16262.934776077047}
{"step": 68480, "mse": 0.043989489786326885, "seconds": 16311.81187489396}
{"step": 68512, "mse": 0.01881540147587657, "seconds": 16365.449444903992}
{"step": 68544, "mse": 0.06848601112142205, "seconds": 16414.043627244886}
{"step": 68576, "mse": 0.37949089612811804, "seconds": 16462.62428227486}
{"step": 68608, "mse": 0.046165304724127054, "seconds": 16511.137923717964}
{"step": 68640, "mse": 0.02038834639824927, "seconds": 16566.05512398621}
{"step": 68672, "mse": 0.049294220516458154, "seconds": 16615.978340397123}
{"step": 68704, "mse": 0.19600422773510218, "seconds": 16665.852835713886}
{"step": 68736, "mse": 0.08089738828130066, "seconds": 16715.747125044}
{"step": 68768, "mse": 0.030782905872911215, "seconds": 16770.892439311836}
{"step": 68800, "mse": 0.06850114976987243, "seconds": 16821.184377817903}
{"step": 68832, "mse": 0.07323382119648159, "seconds": 16869.76293226611}
{"step": 68864, "mse": 0.3608956108801067, "seconds": 16918.24044961389}
{"step": 68896, "mse": 0.03156050690449774, "seconds": 16971.730255773757}
{"step": 68928, "mse": 0.262687322916463, "seconds": 17020.221148277167}
{"step": 68960, "mse": 0.27241016831249, "seconds": 17069.10737712495}
{"step": 68992, "mse": 0.2940444047562778, "seconds": 17117.835041501094}
{"step": 69024, "mse": 0.18879806995391846, "seconds": 17172.856114394963}
{"step": 69056, "mse": 0.038796150125563145, "seconds": 17222.81863771705}
{"step": 69088, "mse": 0.24962706957012415, "seconds": 17272.814136850182}
{"step": 69120, "mse": 0.13794067432172596, "seconds": 17322.99855293287}
{"step": 69152, "mse": 0.05287369713187218, "seconds": 17378.375146699138}
{"step": 69184, "mse": 0.11926863435655832, "seconds": 17427.653678849805}
{"step": 69216, "mse": 0.07244848273694515, "seconds": 17476.182301987894}
{"step": 69248, "mse": 0.05118508730083704, "seconds": 17524.734989189077}
{"step": 69280, "mse": 0.029505979735404253, "seconds": 17578.712988486048}
{"step": 69312, "mse": 0.12035768735222518, "seconds": 17627.32764734002}
{"step": 69344, "mse": 0.05085872649215162, "seconds": 17675.83617765503}
{"step": 69376, "mse": 0.35280211456120014, "seconds": 17725.492748557124}
{"step": 69408, "mse": 0.14205480553209782, "seconds": 17780.480966419913}
{"step": 69440, "mse": 0.08086308743804693, "seconds": 17830.787238228135}
{"step": 69472, "mse": 0.024167182855308056, "seconds": 17880.812959767878}
{"step": 69504, "mse": 0.07940559834241867, "seconds": 17930.70122684585}
{"step": 69536, "mse": 0.10147417453117669, "seconds": 17985.6378215421}
{"step": 69568, "mse": 0.02629826869815588, "seconds": 18034.32087501092}
{"step": 69600, "mse": 0.15948964771814644, "seconds": 18083.35298419604}
{"step": 69632, "mse": 0.03074114373885095, "seconds": 18131.81718856003}
{"step": 69664, "mse": 0.340556554030627, "seconds": 18184.93636643421}
{"step": 69696, "mse": 0.07182271964848042, "seconds": 18233.195964830928}
{"step": 69728, "mse": 0.03562495904043317, "seconds": 18281.888505117968}
{"step": 69760, "mse": 0.19841645611450076, "seconds": 18331.946486658882}
{"step": 69792, "mse": 0.12751649878919125, "seconds": 18386.507187522016}
{"step": 69824, "mse": 0.06679278542287648, "seconds": 18436.546304564923}
{"step": 69856, "mse": 0.12625119369477034, "seconds": 18486.585494300816}
{"step": 69888, "mse": 0.14997035590931773, "seconds": 18536.25257140817}
{"step": 69920, "mse": 0.058416670421138406, "seconds": 18589.741178515833}
{"step": 69952, "mse": 0.25772408582270145, "seconds": 18637.8910837858}
{"step": 69984, "mse": 0.283623393625021, "seconds": 18686.215965619776}
{"step": 70016, "mse": 0.10113688930869102, "seconds": 18734.568543055095}
{"step": 70048, "mse": 0.30444342410191894, "seconds": 18788.036998244934}
{"step": 70080, "mse": 0.2494632424786687, "seconds": 18836.70850220509}
{"step": 70112, "mse": 0.039118058513849974, "seconds": 18888.666622148827}
{"step": 70144, "mse": 0.2037148424424231, "seconds": 18938.447718934156}
{"step": 70176, "mse": 0.4062010513152927, "seconds": 18993.53731584316}
{"step": 70208, "mse": 0.07233125949278474, "seconds": 19043.25533169275}
{"step": 70240, "mse": 0.03881131834350526, "seconds": 19093.224863975774}
{"step": 70272, "mse": 0.42210030485875905, "seconds": 19142.45079887798}
{"step": 70304, "mse": 0.020702469162642956, "seconds": 19195.744379554875}
{"step": 70336, "mse": 0.2613437999971211, "seconds": 19244.010588422883}
{"step": 70368, "mse": 0.10901555884629488, "seconds": 19292.308994291816}
{"step": 70400, "mse": 0.042775101494044065, "seconds": 19340.877954381052}
{"step": 70432, "mse": 0.0642634048126638, "seconds": 19394.212153578177}
{"step": 70464, "mse": 0.17038590647280216, "seconds": 19443.430151557084}
{"step": 70496, "mse": 0.06866810703650117, "seconds": 19493.25962017197}
{"step": 70528, "mse": 0.34588900208473206, "seconds": 19543.004547845107}
{"step": 70560, "mse": 0.04009424615651369, "seconds": 19598.32716584811}
{"step": 70592, "mse": 0.34971211571246386, "seconds": 19647.992394662928}
{"step": 70624, "mse": 0.039898634888231754, "seconds": 19697.667335006874}
{"step": 70656, "mse": 0.2501717929262668, "seconds": 19746.003380570095}
{"step": 70688, "mse": 0.11168628348968923, "seconds": 19799.284286162816}
{"step": 70720, "mse": 0.2017191555351019, "seconds": 19847.60652129911}
{"step": 70752, "mse": 0.08928973600268364, "seconds": 19896.017343765125}
{"step": 70784, "mse": 0.16621563397347927, "seconds": 19944.44665473979}
{"step": 70816, "mse": 0.07505147834308445, "seconds": 19997.937246059068}
{"step": 70848, "mse": 0.11132286814972758, "seconds": 20047.811627970077}
{"step": 70880, "mse": 0.266313336789608, "seconds": 20097.94622981595}
{"step": 70912, "mse": 0.24684980686288327, "seconds": 20147.701690502}
{"step": 70944, "mse": 0.20335072884336114, "seconds": 20202.612936745863}
{"step": 70976, "mse": 0.22320078499615192, "seconds": 20252.436024013907}
{"step": 71008, "mse": 0.12536874716170132, "seconds": 20301.50718849385}
{"step": 71040, "mse": 0.0707711260765791, "seconds": 20350.406742306892}
{"step": 71072, "mse": 0.0329262032173574, "seconds": 20403.98886182485}
{"step": 71104, "mse": 0.5121274879202247, "seconds": 20452.457262502052}
{"step": 71136, "mse": 0.3451868863776326, "seconds": 20500.667984946165}
{"step": 71168, "mse": 0.35393522400408983, "seconds": 20548.996133335866}
{"step": 71200, "mse": 0.26237913803197443, "seconds": 20603.784481821116}
{"step": 71232, "mse": 0.31139236805029213, "seconds": 20653.463752035983}
{"step": 71264, "mse": 0.1607282254844904, "seconds": 20703.075210457202}
{"step": 71296, "mse": 0.04577844822779298, "seconds": 20752.562693641987}
{"step": 71328, "mse": 0.03520726622082293, "seconds": 20806.99236021377}
{"step": 71360, "mse": 0.2581934789195657, "seconds": 20857.09949107608}
{"step": 71392, "mse": 0.23396092746406794, "seconds": 20905.630392961204}
{"step": 71424, "mse": 0.01726097846403718, "seconds": 20953.994058808777}
{"step": 71456, "mse": 0.01917486311867833, "seconds": 21007.741335706785}
{"step": 71488, "mse": 0.30530465487390757, "seconds": 21056.543928964995}
{"step": 71520, "mse": 0.3783361413516104, "seconds": 21105.365173122846}
{"step": 71552, "mse": 0.27356544649228454, "seconds": 21154.16448815912}
{"step": 71584, "mse": 0.1374746486544609, "seconds": 21209.46800997015}
{"step": 71616, "mse": 0.024556013057008386, "seconds": 21259.28285373887}
{"step": 71648, "mse": 0.27174894884228706, "seconds": 21309.102265188005}
{"step": 71680, "mse": 0.030355927301570773, "seconds": 21359.09233512683}
{"step": 71712, "mse": 0.033636502688750625, "seconds": 21413.548474926036}
{"step": 71744, "mse": 0.2097756415605545, "seconds": 21462.32140126312}
{"step": 71776, "mse": 0.2619458604604006, "seconds": 21510.657239422202}
{"step": 71808, "mse": 0.2799572981894016, "seconds": 21559.08421135787}
{"step": 71840, "mse": 0.13531523570418358, "seconds": 21612.714778474998}
{"step": 71872, "mse": 0.028654138557612896, "seconds": 21661.099011270795}
{"step": 71904, "mse": 0.061273729894310236, "seconds": 21709.473176734988}
{"step": 71936, "mse": 0.03523482009768486, "seconds": 21759.34133427078}
{"step": 71968, "mse": 0.10810725390911102, "seconds": 21814.77820406016}
{"step": 72000, "mse": 0.08430093294009566, "seconds": 21864.866504054982}
{"step": 72032, "mse": 0.33957877941429615, "seconds": 21914.69488041196}
{"step": 72064, "mse": 0.49607902811840177, "seconds": 21964.287782140076}
{"step": 72096, "mse": 0.04290660680271685, "seconds": 22017.920464471914}
{"step": 72128, "mse": 0.04594659712165594, "seconds": 22065.929440410808}
{"step": 72160, "mse": 0.18151014717295766, "seconds": 22114.15826488193}
{"step": 72192, "mse": 0.18743639066815376, "seconds": 22162.31478653988}
{"step": 72224, "mse": 0.2748396750539541, "seconds": 22215.42810636619}
{"step": 72256, "mse": 0.40995000675320625, "seconds": 22263.640817333944}
{"step": 72288, "mse": 0.13958067004568875, "seconds": 22312.77889779117}
{"step": 72320, "mse": 0.017929382156580687, "seconds": 22362.855148431845}
{"step": 72352, "mse": 0.21716745011508465, "seconds": 22417.611954346765}
{"step": 72384, "mse": 0.2811357988975942, "seconds": 22467.309088213835}
{"step": 72416, "mse": 0.021979708690196276, "seconds": 22517.061149574816}
{"step": 72448, "mse": 0.03214289154857397, "seconds": 22566.784079260193}
{"step": 72480, "mse": 0.2671911215875298, "seconds": 22621.091429052874}
{"step": 72512, "mse": 0.09359766077250242, "seconds": 22669.436491545755}
{"step": 72544, "mse": 0.12901795888319612, "seconds": 22717.74471020978}
{"step": 72576, "mse": 0.06803501886315644, "seconds": 22766.23850544216}
{"step": 72608, "mse": 0.10719556408002973, "seconds": 22819.81857013097}
{"step": 72640, "mse": 0.18617056193761528, "seconds": 22868.87407448981}
{"step": 72672, "mse": 0.03427635598927736, "seconds": 22918.663899168838}
{"step": 72704, "mse": 0.05901104607619345, "seconds": 22968.405467703007}
{"step": 72736, "mse": 0.022271697409451008, "seconds": 23023.433620485943}
{"step": 72768, "mse": 0.061171952402219176, "seconds": 23073.248807657044}
{"step": 72800, "mse": 0.4063362143933773, "seconds": 23123.389955455903}
{"step": 72832, "mse": 0.5687100738286972, "seconds": 23172.527164204977}
{"step": 72864, "mse": 0.2700033951550722, "seconds": 23226.141521847807}
{"step": 72896, "mse": 0.35412813909351826, "seconds": 23274.579084396828}
{"step": 72928, "mse": 0.05435640551149845, "seconds": 23322.77377193095}
{"step": 72960, "mse": 0.5014029396697879, "seconds": 23371.182987278793}
{"step": 72992, "mse": 0.061015121871605515, "seconds": 23424.49397719791}
{"step": 73024, "mse": 0.018780078971758485, "seconds": 23473.901478786953}
{"step": 73056, "mse": 0.18097875430248678, "seconds": 23523.670905484818}
{"step": 73088, "mse": 0.30878699105232954, "seconds": 23573.299108291976}
{"step": 73120, "mse": 0.1455562636256218, "seconds": 23627.959356938023}
{"step": 73152, "mse": 0.04857877199538052, "seconds": 23677.600238427985}
{"step": 73184, "mse": 0.19601157726719975, "seconds": 23727.15892746579}
{"step": 73216, "mse": 0.09175352519378066, "seconds": 23775.51481200382}
{"step": 73248, "mse": 0.3413815274834633, "seconds": 23828.275775290094}
{"step": 73280, "mse": 0.18476755544543266, "seconds": 23876.713986570016}
{"step": 73312, "mse": 0.43119426467455924, "seconds": 23924.948332583066}
{"step": 73344, "mse": 0.21817464684136212, "seconds": 23973.112080120947}
{"step": 73376, "mse": 0.10294221853837371, "seconds": 24026.565022765193}
{"step": 73408, "mse": 0.029253608314320445, "seconds": 24076.195508501027}
{"step": 73440, "mse": 0.07355154165998101, "seconds": 24126.197607538197}
{"step": 73472, "mse": 0.0653057349845767, "seconds": 24175.790482020937}
{"step": 73504, "mse": 0.3528927396982908, "seconds": 24230.266026384197}
{"step": 73536, "mse": 0.15120942424982786, "seconds": 24280.10582525097}
{"step": 73568, "mse": 0.10106654278934002, "seconds": 24328.98672022391}
{"step": 73600, "mse": 0.26089543476700783, "seconds": 24377.66706600599}
{"step": 73632, "mse": 0.04396910313516855, "seconds": 24430.90387171181}
{"step": 73664, "mse": 0.0987671862822026, "seconds": 24479.175908622798}
{"step": 73696, "mse": 0.28224716801196337, "seconds": 24527.48727040598}
{"step": 73728, "mse": 0.030192796606570482, "seconds": 24575.932630497962}
{"step": 73760, "mse": 0.2576375971548259, "seconds": 24631.0341735268}
{"step": 73792, "mse": 0.02816283656284213, "seconds": 24680.859376670793}
{"step": 73824, "mse": 0.19698792649433017, "seconds": 24730.70232354896}
{"step": 73856, "mse": 0.05513861682265997, "seconds": 24780.610649697017}
{"step": 73888, "mse": 0.2596506089903414, "seconds": 24835.74929459719}
{"step": 73920, "mse": 0.18679513060487807, "seconds": 24885.599462606013}
{"step": 73952, "mse": 0.13342150393873453, "seconds": 24933.989684742875}
{"step": 73984, "mse": 0.030894458992406726, "seconds": 24982.448461236898}
{"step": 74016, "mse": 0.25192332779988647, "seconds": 25036.015169437043}
{"step": 74048, "mse": 0.04504616418853402, "seconds": 25084.38678806601}
{"step": 74080, "mse": 0.02360754692927003, "seconds": 25133.096844436135}
{"step": 74112, "mse": 0.10421249084174633, "seconds": 25182.15110930102}
{"step": 74144, "mse": 0.1281166395638138, "seconds": 25236.849150150083}
{"step": 74176, "mse": 0.08124863216653466, "seconds": 25286.578224172816}
{"step": 74208, "mse": 0.23256911453790963, "seconds": 25336.369829232804}
{"step": 74240, "mse": 0.05541406758129597, "seconds": 25386.49148368882}
{"step": 74272, "mse": 0.32800493529066443, "seconds": 25440.972376075108}
{"step": 74304, "mse": 0.13471913081593812, "seconds": 25489.578566874843}
{"step": 74336, "mse": 0.031879834132269025, "seconds": 25537.881054788828}
{"step": 74368, "mse": 0.023761361371725798, "seconds": 25586.271739666816}
{"step": 74400, "mse": 0.5252953432500362, "seconds": 25639.900337214116}
{"step": 74432, "mse": 0.16633492428809404, "seconds": 25688.28693222301}
{"step": 74464, "mse": 0.22000664984807372, "seconds": 25736.83837386081}
{"step": 74496, "mse": 0.3018645793199539, "seconds": 25786.632871993817}
{"step": 74528, "mse": 0.10762662114575505, "seconds": 25841.387901525944}
{"step": 74560, "mse": 0.03700585663318634, "seconds": 25891.546839841176}
{"step": 74592, "mse": 0.100740319583565, "seconds": 25941.31831735419}
{"step": 74624, "mse": 0.12092223390936852, "seconds": 25990.952370901126}
Loading pipeline components...:   0%|                    | 0/6 [00:00<?, ?it/s]Loading pipeline components...:  17%|██          | 1/6 [00:00<00:02,  2.30it/s]Loading pipeline components...:  67%|████████    | 4/6 [00:21<00:11,  5.77s/it]Loading pipeline components...:  83%|██████████  | 5/6 [00:25<00:05,  5.15s/it]Loading pipeline components...: 100%|████████████| 6/6 [00:26<00:00,  3.99s/it]Loading pipeline components...: 100%|████████████| 6/6 [00:26<00:00,  4.35s/it]
/inspire/ssd/project/exploration-topic/czxs26210936/envs/vlm-r3-ngc2502/lib/python3.12/site-packages/diffusers/loaders/lora_pipeline.py:6850: FutureWarning: `LoraLoaderMixin` is deprecated and will be removed in version 1.0.0. LoraLoaderMixin is deprecated and this will be removed in a future version. Please use `StableDiffusionLoraLoaderMixin`, instead.
  deprecate("LoraLoaderMixin", "1.0.0", deprecation_message)
{"cached": 1, "total": 730, "stage": "write"}
{"cached": 2, "total": 730, "stage": "write"}
{"cached": 3, "total": 730, "stage": "write"}
{"cached": 4, "total": 730, "stage": "write"}
{"cached": 5, "total": 730, "stage": "write"}
{"cached": 6, "total": 730, "stage": "write"}
{"cached": 7, "total": 730, "stage": "write"}
{"cached": 8, "total": 730, "stage": "write"}
{"cached": 9, "total": 730, "stage": "write"}
{"cached": 10, "total": 730, "stage": "write"}
{"cached": 11, "total": 730, "stage": "write"}
{"cached": 12, "total": 730, "stage": "write"}
{"cached": 13, "total": 730, "stage": "write"}
{"cached": 14, "total": 730, "stage": "write"}
{"cached": 15, "total": 730, "stage": "write"}
{"cached": 16, "total": 730, "stage": "write"}
{"cached": 17, "total": 730, "stage": "write"}
{"cached": 18, "total": 730, "stage": "write"}
{"cached": 19, "total": 730, "stage": "write"}
{"cached": 20, "total": 730, "stage": "write"}
{"cached": 21, "total": 730, "stage": "write"}
{"cached": 22, "total": 730, "stage": "write"}
{"cached": 23, "total": 730, "stage": "write"}
{"cached": 24, "total": 730, "stage": "write"}
{"cached": 25, "total": 730, "stage": "write"}
{"cached": 26, "total": 730, "stage": "write"}
{"cached": 27, "total": 730, "stage": "write"}
{"cached": 28, "total": 730, "stage": "write"}
{"cached": 29, "total": 730, "stage": "write"}
{"cached": 30, "total": 730, "stage": "write"}
{"cached": 31, "total": 730, "stage": "write"}
{"cached": 32, "total": 730, "stage": "write"}
{"cached": 33, "total": 730, "stage": "write"}
{"cached": 34, "total": 730, "stage": "write"}
{"cached": 35, "total": 730, "stage": "write"}
{"cached": 36, "total": 730, "stage": "write"}
{"cached": 37, "total": 730, "stage": "write"}
{"cached": 38, "total": 730, "stage": "write"}
{"cached": 39, "total": 730, "stage": "write"}
{"cached": 40, "total": 730, "stage": "write"}
{"cached": 41, "total": 730, "stage": "write"}
{"cached": 42, "total": 730, "stage": "write"}
{"cached": 43, "total": 730, "stage": "write"}
{"cached": 44, "total": 730, "stage": "write"}
{"cached": 45, "total": 730, "stage": "write"}
{"cached": 46, "total": 730, "stage": "write"}
{"cached": 47, "total": 730, "stage": "write"}
{"cached": 48, "total": 730, "stage": "write"}
{"cached": 49, "total": 730, "stage": "write"}
{"cached": 50, "total": 730, "stage": "write"}
{"cached": 51, "total": 730, "stage": "write"}
{"cached": 52, "total": 730, "stage": "write"}
{"cached": 53, "total": 730, "stage": "write"}
{"cached": 54, "total": 730, "stage": "write"}
{"cached": 55, "total": 730, "stage": "write"}
{"cached": 56, "total": 730, "stage": "write"}
{"cached": 57, "total": 730, "stage": "write"}
{"cached": 58, "total": 730, "stage": "write"}
{"cached": 59, "total": 730, "stage": "write"}
{"cached": 60, "total": 730, "stage": "write"}
{"cached": 61, "total": 730, "stage": "write"}
{"cached": 62, "total": 730, "stage": "write"}
{"cached": 63, "total": 730, "stage": "write"}
{"cached": 64, "total": 730, "stage": "write"}
{"cached": 65, "total": 730, "stage": "write"}
{"cached": 66, "total": 730, "stage": "write"}
{"cached": 67, "total": 730, "stage": "write"}
{"cached": 68, "total": 730, "stage": "write"}
{"cached": 69, "total": 730, "stage": "write"}
{"cached": 70, "total": 730, "stage": "write"}
{"cached": 71, "total": 730, "stage": "write"}
{"cached": 72, "total": 730, "stage": "write"}
{"cached": 73, "total": 730, "stage": "write"}
{"cached": 74, "total": 730, "stage": "write"}
{"cached": 75, "total": 730, "stage": "write"}
{"cached": 76, "total": 730, "stage": "write"}
{"cached": 77, "total": 730, "stage": "write"}
{"cached": 78, "total": 730, "stage": "write"}
{"cached": 79, "total": 730, "stage": "write"}
{"cached": 80, "total": 730, "stage": "write"}
{"cached": 81, "total": 730, "stage": "write"}
{"cached": 82, "total": 730, "stage": "write"}
{"cached": 83, "total": 730, "stage": "write"}
{"cached": 84, "total": 730, "stage": "write"}
{"cached": 85, "total": 730, "stage": "write"}
{"cached": 86, "total": 730, "stage": "write"}
{"cached": 87, "total": 730, "stage": "write"}
{"cached": 88, "total": 730, "stage": "write"}
{"cached": 89, "total": 730, "stage": "write"}
{"cached": 90, "total": 730, "stage": "write"}
{"cached": 91, "total": 730, "stage": "write"}
{"cached": 92, "total": 730, "stage": "write"}
{"cached": 93, "total": 730, "stage": "write"}
{"cached": 94, "total": 730, "stage": "write"}
{"cached": 95, "total": 730, "stage": "write"}
{"cached": 96, "total": 730, "stage": "write"}
{"cached": 97, "total": 730, "stage": "write"}
{"cached": 98, "total": 730, "stage": "write"}
{"cached": 99, "total": 730, "stage": "write"}
{"cached": 100, "total": 730, "stage": "write"}
{"cached": 101, "total": 730, "stage": "write"}
{"cached": 102, "total": 730, "stage": "write"}
{"cached": 103, "total": 730, "stage": "write"}
{"cached": 104, "total": 730, "stage": "write"}
{"cached": 105, "total": 730, "stage": "write"}
{"cached": 106, "total": 730, "stage": "write"}
{"cached": 107, "total": 730, "stage": "write"}
{"cached": 108, "total": 730, "stage": "write"}
{"cached": 109, "total": 730, "stage": "write"}
{"cached": 110, "total": 730, "stage": "write"}
{"cached": 111, "total": 730, "stage": "write"}
{"cached": 112, "total": 730, "stage": "write"}
{"cached": 113, "total": 730, "stage": "write"}
{"cached": 114, "total": 730, "stage": "write"}
{"cached": 115, "total": 730, "stage": "write"}
{"cached": 116, "total": 730, "stage": "write"}
{"cached": 117, "total": 730, "stage": "write"}
{"cached": 118, "total": 730, "stage": "write"}
{"cached": 119, "total": 730, "stage": "write"}
{"cached": 120, "total": 730, "stage": "write"}
{"cached": 121, "total": 730, "stage": "write"}
{"cached": 122, "total": 730, "stage": "write"}
{"cached": 123, "total": 730, "stage": "write"}
{"cached": 124, "total": 730, "stage": "write"}
{"cached": 125, "total": 730, "stage": "write"}
{"cached": 126, "total": 730, "stage": "write"}
{"cached": 127, "total": 730, "stage": "write"}
{"cached": 128, "total": 730, "stage": "write"}
{"cached": 129, "total": 730, "stage": "write"}
{"cached": 130, "total": 730, "stage": "write"}
{"cached": 131, "total": 730, "stage": "write"}
{"cached": 132, "total": 730, "stage": "write"}
{"cached": 133, "total": 730, "stage": "write"}
{"cached": 134, "total": 730, "stage": "write"}
{"cached": 135, "total": 730, "stage": "write"}
{"cached": 136, "total": 730, "stage": "write"}
{"cached": 137, "total": 730, "stage": "write"}
{"cached": 138, "total": 730, "stage": "write"}
{"cached": 139, "total": 730, "stage": "write"}
{"cached": 140, "total": 730, "stage": "write"}
{"cached": 141, "total": 730, "stage": "write"}
{"cached": 142, "total": 730, "stage": "write"}
{"cached": 143, "total": 730, "stage": "write"}
{"cached": 144, "total": 730, "stage": "write"}
{"cached": 145, "total": 730, "stage": "write"}
{"cached": 146, "total": 730, "stage": "write"}
{"cached": 147, "total": 730, "stage": "write"}
{"cached": 148, "total": 730, "stage": "write"}
{"cached": 149, "total": 730, "stage": "write"}
{"cached": 150, "total": 730, "stage": "write"}
{"cached": 151, "total": 730, "stage": "write"}
{"cached": 152, "total": 730, "stage": "write"}
{"cached": 153, "total": 730, "stage": "write"}
{"cached": 154, "total": 730, "stage": "write"}
{"cached": 155, "total": 730, "stage": "write"}
{"cached": 156, "total": 730, "stage": "write"}
{"cached": 157, "total": 730, "stage": "write"}
{"cached": 158, "total": 730, "stage": "write"}
{"cached": 159, "total": 730, "stage": "write"}
{"cached": 160, "total": 730, "stage": "write"}
{"cached": 161, "total": 730, "stage": "write"}
{"cached": 162, "total": 730, "stage": "write"}
{"cached": 163, "total": 730, "stage": "write"}
{"cached": 164, "total": 730, "stage": "write"}
{"cached": 165, "total": 730, "stage": "write"}
{"cached": 166, "total": 730, "stage": "write"}
{"cached": 167, "total": 730, "stage": "write"}
{"cached": 168, "total": 730, "stage": "write"}
{"cached": 169, "total": 730, "stage": "write"}
{"cached": 170, "total": 730, "stage": "write"}
{"cached": 171, "total": 730, "stage": "write"}
{"cached": 172, "total": 730, "stage": "write"}
{"cached": 173, "total": 730, "stage": "write"}
{"cached": 174, "total": 730, "stage": "write"}
{"cached": 175, "total": 730, "stage": "write"}
{"cached": 176, "total": 730, "stage": "write"}
{"cached": 177, "total": 730, "stage": "write"}
{"cached": 178, "total": 730, "stage": "write"}
{"cached": 179, "total": 730, "stage": "write"}
{"cached": 180, "total": 730, "stage": "write"}
{"cached": 181, "total": 730, "stage": "write"}
{"cached": 182, "total": 730, "stage": "write"}
{"cached": 183, "total": 730, "stage": "write"}
{"cached": 184, "total": 730, "stage": "write"}
{"cached": 185, "total": 730, "stage": "write"}
{"cached": 186, "total": 730, "stage": "write"}
{"cached": 187, "total": 730, "stage": "write"}
{"cached": 188, "total": 730, "stage": "write"}
{"cached": 189, "total": 730, "stage": "write"}
{"cached": 190, "total": 730, "stage": "write"}
{"cached": 191, "total": 730, "stage": "write"}
{"cached": 192, "total": 730, "stage": "write"}
{"cached": 193, "total": 730, "stage": "write"}
{"cached": 194, "total": 730, "stage": "write"}
{"cached": 195, "total": 730, "stage": "write"}
{"cached": 196, "total": 730, "stage": "write"}
{"cached": 197, "total": 730, "stage": "write"}
{"cached": 198, "total": 730, "stage": "write"}
{"cached": 199, "total": 730, "stage": "write"}
{"cached": 200, "total": 730, "stage": "write"}
{"cached": 201, "total": 730, "stage": "write"}
{"cached": 202, "total": 730, "stage": "write"}
{"cached": 203, "total": 730, "stage": "write"}
{"cached": 204, "total": 730, "stage": "write"}
{"cached": 205, "total": 730, "stage": "write"}
{"cached": 206, "total": 730, "stage": "write"}
{"cached": 207, "total": 730, "stage": "write"}
{"cached": 208, "total": 730, "stage": "write"}
{"cached": 209, "total": 730, "stage": "write"}
{"cached": 210, "total": 730, "stage": "write"}
{"cached": 211, "total": 730, "stage": "write"}
{"cached": 212, "total": 730, "stage": "write"}
{"cached": 213, "total": 730, "stage": "write"}
{"cached": 214, "total": 730, "stage": "write"}
{"cached": 215, "total": 730, "stage": "write"}
{"cached": 216, "total": 730, "stage": "write"}
{"cached": 217, "total": 730, "stage": "write"}
{"cached": 218, "total": 730, "stage": "write"}
{"cached": 219, "total": 730, "stage": "write"}
{"cached": 220, "total": 730, "stage": "write"}
{"cached": 221, "total": 730, "stage": "write"}
{"cached": 222, "total": 730, "stage": "write"}
{"cached": 223, "total": 730, "stage": "write"}
{"cached": 224, "total": 730, "stage": "write"}
{"cached": 225, "total": 730, "stage": "write"}
{"cached": 226, "total": 730, "stage": "write"}
{"cached": 227, "total": 730, "stage": "write"}
{"cached": 228, "total": 730, "stage": "write"}
{"cached": 229, "total": 730, "stage": "write"}
{"cached": 230, "total": 730, "stage": "write"}
{"cached": 231, "total": 730, "stage": "write"}
{"cached": 232, "total": 730, "stage": "write"}
{"cached": 233, "total": 730, "stage": "write"}
{"cached": 234, "total": 730, "stage": "write"}
{"cached": 235, "total": 730, "stage": "write"}
{"cached": 236, "total": 730, "stage": "write"}
{"cached": 237, "total": 730, "stage": "write"}
{"cached": 238, "total": 730, "stage": "write"}
{"cached": 239, "total": 730, "stage": "write"}
{"cached": 240, "total": 730, "stage": "write"}
{"cached": 241, "total": 730, "stage": "write"}
{"cached": 242, "total": 730, "stage": "write"}
{"cached": 243, "total": 730, "stage": "write"}
{"cached": 244, "total": 730, "stage": "write"}
{"cached": 245, "total": 730, "stage": "write"}
{"cached": 246, "total": 730, "stage": "write"}
{"cached": 247, "total": 730, "stage": "write"}
{"cached": 248, "total": 730, "stage": "write"}
{"cached": 249, "total": 730, "stage": "write"}
{"cached": 250, "total": 730, "stage": "write"}
{"cached": 251, "total": 730, "stage": "write"}
{"cached": 252, "total": 730, "stage": "write"}
{"cached": 253, "total": 730, "stage": "write"}
{"cached": 254, "total": 730, "stage": "write"}
{"cached": 255, "total": 730, "stage": "write"}
{"cached": 256, "total": 730, "stage": "write"}
{"cached": 257, "total": 730, "stage": "write"}
{"cached": 258, "total": 730, "stage": "write"}
{"cached": 259, "total": 730, "stage": "write"}
{"cached": 260, "total": 730, "stage": "write"}
{"cached": 261, "total": 730, "stage": "write"}
{"cached": 262, "total": 730, "stage": "write"}
{"cached": 263, "total": 730, "stage": "write"}
{"cached": 264, "total": 730, "stage": "write"}
{"cached": 265, "total": 730, "stage": "write"}
{"cached": 266, "total": 730, "stage": "write"}
{"cached": 267, "total": 730, "stage": "write"}
{"cached": 268, "total": 730, "stage": "write"}
{"cached": 269, "total": 730, "stage": "write"}
{"cached": 270, "total": 730, "stage": "write"}
{"cached": 271, "total": 730, "stage": "write"}
{"cached": 272, "total": 730, "stage": "write"}
{"cached": 273, "total": 730, "stage": "write"}
{"cached": 274, "total": 730, "stage": "write"}
{"cached": 275, "total": 730, "stage": "write"}
{"cached": 276, "total": 730, "stage": "write"}
{"cached": 277, "total": 730, "stage": "write"}
{"cached": 278, "total": 730, "stage": "write"}
{"cached": 279, "total": 730, "stage": "write"}
{"cached": 280, "total": 730, "stage": "write"}
{"cached": 281, "total": 730, "stage": "write"}
{"cached": 282, "total": 730, "stage": "write"}
{"cached": 283, "total": 730, "stage": "write"}
{"cached": 284, "total": 730, "stage": "write"}
{"cached": 285, "total": 730, "stage": "write"}
{"cached": 286, "total": 730, "stage": "write"}
{"cached": 287, "total": 730, "stage": "write"}
{"cached": 288, "total": 730, "stage": "write"}
{"cached": 289, "total": 730, "stage": "write"}
{"cached": 290, "total": 730, "stage": "write"}
{"cached": 291, "total": 730, "stage": "write"}
{"cached": 292, "total": 730, "stage": "write"}
{"cached": 293, "total": 730, "stage": "write"}
{"cached": 294, "total": 730, "stage": "write"}
{"cached": 295, "total": 730, "stage": "write"}
{"cached": 296, "total": 730, "stage": "write"}
{"cached": 297, "total": 730, "stage": "write"}
{"cached": 298, "total": 730, "stage": "write"}
{"cached": 299, "total": 730, "stage": "write"}
{"cached": 300, "total": 730, "stage": "write"}
{"cached": 301, "total": 730, "stage": "write"}
{"cached": 302, "total": 730, "stage": "write"}
{"cached": 303, "total": 730, "stage": "write"}
{"cached": 304, "total": 730, "stage": "write"}
{"cached": 305, "total": 730, "stage": "write"}
{"cached": 306, "total": 730, "stage": "write"}
{"cached": 307, "total": 730, "stage": "write"}
{"cached": 308, "total": 730, "stage": "write"}
{"cached": 309, "total": 730, "stage": "write"}
{"cached": 310, "total": 730, "stage": "write"}
{"cached": 311, "total": 730, "stage": "write"}
{"cached": 312, "total": 730, "stage": "write"}
{"cached": 313, "total": 730, "stage": "write"}
{"cached": 314, "total": 730, "stage": "write"}
{"cached": 315, "total": 730, "stage": "write"}
{"cached": 316, "total": 730, "stage": "write"}
{"cached": 317, "total": 730, "stage": "write"}
{"cached": 318, "total": 730, "stage": "write"}
{"cached": 319, "total": 730, "stage": "write"}
{"cached": 320, "total": 730, "stage": "write"}
{"cached": 321, "total": 730, "stage": "write"}
{"cached": 322, "total": 730, "stage": "write"}
{"cached": 323, "total": 730, "stage": "write"}
{"cached": 324, "total": 730, "stage": "write"}
{"cached": 325, "total": 730, "stage": "write"}
{"cached": 326, "total": 730, "stage": "write"}
{"cached": 327, "total": 730, "stage": "write"}
{"cached": 328, "total": 730, "stage": "write"}
{"cached": 329, "total": 730, "stage": "write"}
{"cached": 330, "total": 730, "stage": "write"}
{"cached": 331, "total": 730, "stage": "write"}
{"cached": 332, "total": 730, "stage": "write"}
{"cached": 333, "total": 730, "stage": "write"}
{"cached": 334, "total": 730, "stage": "write"}
{"cached": 335, "total": 730, "stage": "write"}
{"cached": 336, "total": 730, "stage": "write"}
{"cached": 337, "total": 730, "stage": "write"}
{"cached": 338, "total": 730, "stage": "write"}
{"cached": 339, "total": 730, "stage": "write"}
{"cached": 340, "total": 730, "stage": "write"}
{"cached": 341, "total": 730, "stage": "write"}
{"cached": 342, "total": 730, "stage": "write"}
{"cached": 343, "total": 730, "stage": "write"}
{"cached": 344, "total": 730, "stage": "write"}
{"cached": 345, "total": 730, "stage": "write"}
{"cached": 346, "total": 730, "stage": "write"}
{"cached": 347, "total": 730, "stage": "write"}
{"cached": 348, "total": 730, "stage": "write"}
{"cached": 349, "total": 730, "stage": "write"}
{"cached": 350, "total": 730, "stage": "write"}
{"cached": 351, "total": 730, "stage": "write"}
{"cached": 352, "total": 730, "stage": "write"}
{"cached": 353, "total": 730, "stage": "write"}
{"cached": 354, "total": 730, "stage": "write"}
{"cached": 355, "total": 730, "stage": "write"}
{"cached": 356, "total": 730, "stage": "write"}
{"cached": 357, "total": 730, "stage": "write"}
{"cached": 358, "total": 730, "stage": "write"}
{"cached": 359, "total": 730, "stage": "write"}
{"cached": 360, "total": 730, "stage": "write"}
{"cached": 361, "total": 730, "stage": "write"}
{"cached": 362, "total": 730, "stage": "write"}
{"cached": 363, "total": 730, "stage": "write"}
{"cached": 364, "total": 730, "stage": "write"}
{"cached": 365, "total": 730, "stage": "write"}
{"cached": 366, "total": 730, "stage": "write"}
{"cached": 367, "total": 730, "stage": "write"}
{"cached": 368, "total": 730, "stage": "write"}
{"cached": 369, "total": 730, "stage": "write"}
{"cached": 370, "total": 730, "stage": "write"}
{"cached": 371, "total": 730, "stage": "write"}
{"cached": 372, "total": 730, "stage": "write"}
{"cached": 373, "total": 730, "stage": "write"}
{"cached": 374, "total": 730, "stage": "write"}
{"cached": 375, "total": 730, "stage": "write"}
{"cached": 376, "total": 730, "stage": "write"}
{"cached": 377, "total": 730, "stage": "write"}
{"cached": 378, "total": 730, "stage": "write"}
{"cached": 379, "total": 730, "stage": "write"}
{"cached": 380, "total": 730, "stage": "write"}
{"cached": 381, "total": 730, "stage": "write"}
{"cached": 382, "total": 730, "stage": "write"}
{"cached": 383, "total": 730, "stage": "write"}
{"cached": 384, "total": 730, "stage": "write"}
{"cached": 385, "total": 730, "stage": "write"}
{"cached": 386, "total": 730, "stage": "write"}
{"cached": 387, "total": 730, "stage": "write"}
{"cached": 388, "total": 730, "stage": "write"}
{"cached": 389, "total": 730, "stage": "write"}
{"cached": 390, "total": 730, "stage": "write"}
{"cached": 391, "total": 730, "stage": "write"}
{"cached": 392, "total": 730, "stage": "write"}
{"cached": 393, "total": 730, "stage": "write"}
{"cached": 394, "total": 730, "stage": "write"}
{"cached": 395, "total": 730, "stage": "write"}
{"cached": 396, "total": 730, "stage": "write"}
{"cached": 397, "total": 730, "stage": "write"}
{"cached": 398, "total": 730, "stage": "write"}
{"cached": 399, "total": 730, "stage": "write"}
{"cached": 400, "total": 730, "stage": "write"}
{"cached": 401, "total": 730, "stage": "write"}
{"cached": 402, "total": 730, "stage": "write"}
{"cached": 403, "total": 730, "stage": "write"}
{"cached": 404, "total": 730, "stage": "write"}
{"cached": 405, "total": 730, "stage": "write"}
{"cached": 406, "total": 730, "stage": "write"}
{"cached": 407, "total": 730, "stage": "write"}
{"cached": 408, "total": 730, "stage": "write"}
{"cached": 409, "total": 730, "stage": "write"}
{"cached": 410, "total": 730, "stage": "write"}
{"cached": 411, "total": 730, "stage": "write"}
{"cached": 412, "total": 730, "stage": "write"}
{"cached": 413, "total": 730, "stage": "write"}
{"cached": 414, "total": 730, "stage": "write"}
{"cached": 415, "total": 730, "stage": "write"}
{"cached": 416, "total": 730, "stage": "write"}
{"cached": 417, "total": 730, "stage": "write"}
{"cached": 418, "total": 730, "stage": "write"}
{"cached": 419, "total": 730, "stage": "write"}
{"cached": 420, "total": 730, "stage": "write"}
{"cached": 421, "total": 730, "stage": "write"}
{"cached": 422, "total": 730, "stage": "write"}
{"cached": 423, "total": 730, "stage": "write"}
{"cached": 424, "total": 730, "stage": "write"}
{"cached": 425, "total": 730, "stage": "write"}
{"cached": 426, "total": 730, "stage": "write"}
{"cached": 427, "total": 730, "stage": "write"}
{"cached": 428, "total": 730, "stage": "write"}
{"cached": 429, "total": 730, "stage": "write"}
{"cached": 430, "total": 730, "stage": "write"}
{"cached": 431, "total": 730, "stage": "write"}
{"cached": 432, "total": 730, "stage": "write"}
{"cached": 433, "total": 730, "stage": "write"}
{"cached": 434, "total": 730, "stage": "write"}
{"cached": 435, "total": 730, "stage": "write"}
{"cached": 436, "total": 730, "stage": "write"}
{"cached": 437, "total": 730, "stage": "write"}
{"cached": 438, "total": 730, "stage": "write"}
{"cached": 439, "total": 730, "stage": "write"}
{"cached": 440, "total": 730, "stage": "write"}
{"cached": 441, "total": 730, "stage": "write"}
{"cached": 442, "total": 730, "stage": "write"}
{"cached": 443, "total": 730, "stage": "write"}
{"cached": 444, "total": 730, "stage": "write"}
{"cached": 445, "total": 730, "stage": "write"}
{"cached": 446, "total": 730, "stage": "write"}
{"cached": 447, "total": 730, "stage": "write"}
{"cached": 448, "total": 730, "stage": "write"}
{"cached": 449, "total": 730, "stage": "write"}
{"cached": 450, "total": 730, "stage": "write"}
{"cached": 451, "total": 730, "stage": "write"}
{"cached": 452, "total": 730, "stage": "write"}
{"cached": 453, "total": 730, "stage": "write"}
{"cached": 454, "total": 730, "stage": "write"}
{"cached": 455, "total": 730, "stage": "write"}
{"cached": 456, "total": 730, "stage": "write"}
{"cached": 457, "total": 730, "stage": "write"}
{"cached": 458, "total": 730, "stage": "write"}
{"cached": 459, "total": 730, "stage": "write"}
{"cached": 460, "total": 730, "stage": "write"}
{"cached": 461, "total": 730, "stage": "write"}
{"cached": 462, "total": 730, "stage": "write"}
{"cached": 463, "total": 730, "stage": "write"}
{"cached": 464, "total": 730, "stage": "write"}
{"cached": 465, "total": 730, "stage": "write"}
{"cached": 466, "total": 730, "stage": "write"}
{"cached": 467, "total": 730, "stage": "write"}
{"cached": 468, "total": 730, "stage": "write"}
{"cached": 469, "total": 730, "stage": "write"}
{"cached": 470, "total": 730, "stage": "write"}
{"cached": 471, "total": 730, "stage": "write"}
{"cached": 472, "total": 730, "stage": "write"}
{"cached": 473, "total": 730, "stage": "write"}
{"cached": 474, "total": 730, "stage": "write"}
{"cached": 475, "total": 730, "stage": "write"}
{"cached": 476, "total": 730, "stage": "write"}
{"cached": 477, "total": 730, "stage": "write"}
{"cached": 478, "total": 730, "stage": "write"}
{"cached": 479, "total": 730, "stage": "write"}
{"cached": 480, "total": 730, "stage": "write"}
{"cached": 481, "total": 730, "stage": "write"}
{"cached": 482, "total": 730, "stage": "write"}
{"cached": 483, "total": 730, "stage": "write"}
{"cached": 484, "total": 730, "stage": "write"}
{"cached": 485, "total": 730, "stage": "write"}
{"cached": 486, "total": 730, "stage": "write"}
{"cached": 487, "total": 730, "stage": "write"}
{"cached": 488, "total": 730, "stage": "write"}
{"cached": 489, "total": 730, "stage": "write"}
{"cached": 490, "total": 730, "stage": "write"}
{"cached": 491, "total": 730, "stage": "write"}
{"cached": 492, "total": 730, "stage": "write"}
{"cached": 493, "total": 730, "stage": "write"}
{"cached": 494, "total": 730, "stage": "write"}
{"cached": 495, "total": 730, "stage": "write"}
{"cached": 496, "total": 730, "stage": "write"}
{"cached": 497, "total": 730, "stage": "write"}
{"cached": 498, "total": 730, "stage": "write"}
{"cached": 499, "total": 730, "stage": "write"}
{"cached": 500, "total": 730, "stage": "write"}
{"cached": 501, "total": 730, "stage": "write"}
{"cached": 502, "total": 730, "stage": "write"}
{"cached": 503, "total": 730, "stage": "write"}
{"cached": 504, "total": 730, "stage": "write"}
{"cached": 505, "total": 730, "stage": "write"}
{"cached": 506, "total": 730, "stage": "write"}
{"cached": 507, "total": 730, "stage": "write"}
{"cached": 508, "total": 730, "stage": "write"}
{"cached": 509, "total": 730, "stage": "write"}
{"cached": 510, "total": 730, "stage": "write"}
{"cached": 511, "total": 730, "stage": "write"}
{"cached": 512, "total": 730, "stage": "write"}
{"cached": 513, "total": 730, "stage": "write"}
{"cached": 514, "total": 730, "stage": "write"}
{"cached": 515, "total": 730, "stage": "write"}
{"cached": 516, "total": 730, "stage": "write"}
{"cached": 517, "total": 730, "stage": "write"}
{"cached": 518, "total": 730, "stage": "write"}
{"cached": 519, "total": 730, "stage": "write"}
{"cached": 520, "total": 730, "stage": "write"}
{"cached": 521, "total": 730, "stage": "write"}
{"cached": 522, "total": 730, "stage": "write"}
{"cached": 523, "total": 730, "stage": "write"}
{"cached": 524, "total": 730, "stage": "write"}
{"cached": 525, "total": 730, "stage": "write"}
{"cached": 526, "total": 730, "stage": "write"}
{"cached": 527, "total": 730, "stage": "write"}
{"cached": 528, "total": 730, "stage": "write"}
{"cached": 529, "total": 730, "stage": "write"}
{"cached": 530, "total": 730, "stage": "write"}
{"cached": 531, "total": 730, "stage": "write"}
{"cached": 532, "total": 730, "stage": "write"}
{"cached": 533, "total": 730, "stage": "write"}
{"cached": 534, "total": 730, "stage": "write"}
{"cached": 535, "total": 730, "stage": "write"}
{"cached": 536, "total": 730, "stage": "write"}
{"cached": 537, "total": 730, "stage": "write"}
{"cached": 538, "total": 730, "stage": "write"}
{"cached": 539, "total": 730, "stage": "write"}
{"cached": 540, "total": 730, "stage": "write"}
{"cached": 541, "total": 730, "stage": "write"}
{"cached": 542, "total": 730, "stage": "write"}
{"cached": 543, "total": 730, "stage": "write"}
{"cached": 544, "total": 730, "stage": "write"}
{"cached": 545, "total": 730, "stage": "write"}
{"cached": 546, "total": 730, "stage": "write"}
{"cached": 547, "total": 730, "stage": "write"}
{"cached": 548, "total": 730, "stage": "write"}
{"cached": 549, "total": 730, "stage": "write"}
{"cached": 550, "total": 730, "stage": "write"}
{"cached": 551, "total": 730, "stage": "write"}
{"cached": 552, "total": 730, "stage": "write"}
{"cached": 553, "total": 730, "stage": "write"}
{"cached": 554, "total": 730, "stage": "write"}
{"cached": 555, "total": 730, "stage": "write"}
{"cached": 556, "total": 730, "stage": "write"}
{"cached": 557, "total": 730, "stage": "write"}
{"cached": 558, "total": 730, "stage": "write"}
{"cached": 559, "total": 730, "stage": "write"}
{"cached": 560, "total": 730, "stage": "write"}
{"cached": 561, "total": 730, "stage": "write"}
{"cached": 562, "total": 730, "stage": "write"}
{"cached": 563, "total": 730, "stage": "write"}
{"cached": 564, "total": 730, "stage": "write"}
{"cached": 565, "total": 730, "stage": "write"}
{"cached": 566, "total": 730, "stage": "write"}
{"cached": 567, "total": 730, "stage": "write"}
{"cached": 568, "total": 730, "stage": "write"}
{"cached": 569, "total": 730, "stage": "write"}
{"cached": 570, "total": 730, "stage": "write"}
{"cached": 571, "total": 730, "stage": "write"}
{"cached": 572, "total": 730, "stage": "write"}
{"cached": 573, "total": 730, "stage": "write"}
{"cached": 574, "total": 730, "stage": "write"}
{"cached": 575, "total": 730, "stage": "write"}
{"cached": 576, "total": 730, "stage": "write"}
{"cached": 577, "total": 730, "stage": "write"}
{"cached": 578, "total": 730, "stage": "write"}
{"cached": 579, "total": 730, "stage": "write"}
{"cached": 580, "total": 730, "stage": "write"}
{"cached": 581, "total": 730, "stage": "write"}
{"cached": 582, "total": 730, "stage": "write"}
{"cached": 583, "total": 730, "stage": "write"}
{"cached": 584, "total": 730, "stage": "write"}
{"cached": 585, "total": 730, "stage": "write"}
{"cached": 586, "total": 730, "stage": "write"}
{"cached": 587, "total": 730, "stage": "write"}
{"cached": 588, "total": 730, "stage": "write"}
{"cached": 589, "total": 730, "stage": "write"}
{"cached": 590, "total": 730, "stage": "write"}
{"cached": 591, "total": 730, "stage": "write"}
{"cached": 592, "total": 730, "stage": "write"}
{"cached": 593, "total": 730, "stage": "write"}
{"cached": 594, "total": 730, "stage": "write"}
{"cached": 595, "total": 730, "stage": "write"}
{"cached": 596, "total": 730, "stage": "write"}
{"cached": 597, "total": 730, "stage": "write"}
{"cached": 598, "total": 730, "stage": "write"}
{"cached": 599, "total": 730, "stage": "write"}
{"cached": 600, "total": 730, "stage": "write"}
{"cached": 601, "total": 730, "stage": "write"}
{"cached": 602, "total": 730, "stage": "write"}
{"cached": 603, "total": 730, "stage": "write"}
{"cached": 604, "total": 730, "stage": "write"}
{"cached": 605, "total": 730, "stage": "write"}
{"cached": 606, "total": 730, "stage": "write"}
{"cached": 607, "total": 730, "stage": "write"}
{"cached": 608, "total": 730, "stage": "write"}
{"cached": 609, "total": 730, "stage": "write"}
{"cached": 610, "total": 730, "stage": "write"}
{"cached": 611, "total": 730, "stage": "write"}
{"cached": 612, "total": 730, "stage": "write"}
{"cached": 613, "total": 730, "stage": "write"}
{"cached": 614, "total": 730, "stage": "write"}
{"cached": 615, "total": 730, "stage": "write"}
{"cached": 616, "total": 730, "stage": "write"}
{"cached": 617, "total": 730, "stage": "write"}
{"cached": 618, "total": 730, "stage": "write"}
{"cached": 619, "total": 730, "stage": "write"}
{"cached": 620, "total": 730, "stage": "write"}
{"cached": 621, "total": 730, "stage": "write"}
{"cached": 622, "total": 730, "stage": "write"}
{"cached": 623, "total": 730, "stage": "write"}
{"cached": 624, "total": 730, "stage": "write"}
{"cached": 625, "total": 730, "stage": "write"}
{"cached": 626, "total": 730, "stage": "write"}
{"cached": 627, "total": 730, "stage": "write"}
{"cached": 628, "total": 730, "stage": "write"}
{"cached": 629, "total": 730, "stage": "write"}
{"cached": 630, "total": 730, "stage": "write"}
{"cached": 631, "total": 730, "stage": "write"}
{"cached": 632, "total": 730, "stage": "write"}
{"cached": 633, "total": 730, "stage": "write"}
{"cached": 634, "total": 730, "stage": "write"}
{"cached": 635, "total": 730, "stage": "write"}
{"cached": 636, "total": 730, "stage": "write"}
{"cached": 637, "total": 730, "stage": "write"}
{"cached": 638, "total": 730, "stage": "write"}
{"cached": 639, "total": 730, "stage": "write"}
{"cached": 640, "total": 730, "stage": "write"}
{"cached": 641, "total": 730, "stage": "write"}
{"cached": 642, "total": 730, "stage": "write"}
{"cached": 643, "total": 730, "stage": "write"}
{"cached": 644, "total": 730, "stage": "write"}
{"cached": 645, "total": 730, "stage": "write"}
{"cached": 646, "total": 730, "stage": "write"}
{"cached": 647, "total": 730, "stage": "write"}
{"cached": 648, "total": 730, "stage": "write"}
{"cached": 649, "total": 730, "stage": "write"}
{"cached": 650, "total": 730, "stage": "write"}
{"cached": 651, "total": 730, "stage": "write"}
{"cached": 652, "total": 730, "stage": "write"}
{"cached": 653, "total": 730, "stage": "write"}
{"cached": 654, "total": 730, "stage": "write"}
{"cached": 655, "total": 730, "stage": "write"}
{"cached": 656, "total": 730, "stage": "write"}
{"cached": 657, "total": 730, "stage": "write"}
{"cached": 658, "total": 730, "stage": "write"}
{"cached": 659, "total": 730, "stage": "write"}
{"cached": 660, "total": 730, "stage": "write"}
{"cached": 661, "total": 730, "stage": "write"}
{"cached": 662, "total": 730, "stage": "write"}
{"cached": 663, "total": 730, "stage": "write"}
{"cached": 664, "total": 730, "stage": "write"}
{"cached": 665, "total": 730, "stage": "write"}
{"cached": 666, "total": 730, "stage": "write"}
{"cached": 667, "total": 730, "stage": "write"}
{"cached": 668, "total": 730, "stage": "write"}
{"cached": 669, "total": 730, "stage": "write"}
{"cached": 670, "total": 730, "stage": "write"}
{"cached": 671, "total": 730, "stage": "write"}
{"cached": 672, "total": 730, "stage": "write"}
{"cached": 673, "total": 730, "stage": "write"}
{"cached": 674, "total": 730, "stage": "write"}
{"cached": 675, "total": 730, "stage": "write"}
{"cached": 676, "total": 730, "stage": "write"}
{"cached": 677, "total": 730, "stage": "write"}
{"cached": 678, "total": 730, "stage": "write"}
{"cached": 679, "total": 730, "stage": "write"}
{"cached": 680, "total": 730, "stage": "write"}
{"cached": 681, "total": 730, "stage": "write"}
{"cached": 682, "total": 730, "stage": "write"}
{"cached": 683, "total": 730, "stage": "write"}
{"cached": 684, "total": 730, "stage": "write"}
{"cached": 685, "total": 730, "stage": "write"}
{"cached": 686, "total": 730, "stage": "write"}
{"cached": 687, "total": 730, "stage": "write"}
{"cached": 688, "total": 730, "stage": "write"}
{"cached": 689, "total": 730, "stage": "write"}
{"cached": 690, "total": 730, "stage": "write"}
{"cached": 691, "total": 730, "stage": "write"}
{"cached": 692, "total": 730, "stage": "write"}
{"cached": 693, "total": 730, "stage": "write"}
{"cached": 694, "total": 730, "stage": "write"}
{"cached": 695, "total": 730, "stage": "write"}
{"cached": 696, "total": 730, "stage": "write"}
{"cached": 697, "total": 730, "stage": "write"}
{"cached": 698, "total": 730, "stage": "write"}
{"cached": 699, "total": 730, "stage": "write"}
{"cached": 700, "total": 730, "stage": "write"}
{"cached": 701, "total": 730, "stage": "write"}
{"cached": 702, "total": 730, "stage": "write"}
{"cached": 703, "total": 730, "stage": "write"}
{"cached": 704, "total": 730, "stage": "write"}
{"cached": 705, "total": 730, "stage": "write"}
{"cached": 706, "total": 730, "stage": "write"}
{"cached": 707, "total": 730, "stage": "write"}
{"cached": 708, "total": 730, "stage": "write"}
{"cached": 709, "total": 730, "stage": "write"}
{"cached": 710, "total": 730, "stage": "write"}
{"cached": 711, "total": 730, "stage": "write"}
{"cached": 712, "total": 730, "stage": "write"}
{"cached": 713, "total": 730, "stage": "write"}
{"cached": 714, "total": 730, "stage": "write"}
{"cached": 715, "total": 730, "stage": "write"}
{"cached": 716, "total": 730, "stage": "write"}
{"cached": 717, "total": 730, "stage": "write"}
{"cached": 718, "total": 730, "stage": "write"}
{"cached": 719, "total": 730, "stage": "write"}
{"cached": 720, "total": 730, "stage": "write"}
{"cached": 721, "total": 730, "stage": "write"}
{"cached": 722, "total": 730, "stage": "write"}
{"cached": 723, "total": 730, "stage": "write"}
{"cached": 724, "total": 730, "stage": "write"}
{"cached": 725, "total": 730, "stage": "write"}
{"cached": 726, "total": 730, "stage": "write"}
{"cached": 727, "total": 730, "stage": "write"}
{"cached": 728, "total": 730, "stage": "write"}
{"cached": 729, "total": 730, "stage": "write"}
{"cached": 730, "total": 730, "stage": "write"}
{"resumed_at": 74624, "next_step": 74625, "final_step": 93440, "optimizer_states": 1075}
{"step": 74656, "mse": 0.08190816733986139, "seconds": 49.764464549254626}
{"step": 74688, "mse": 0.5347906490787864, "seconds": 98.42520279018208}
{"step": 74720, "mse": 0.2721974141895771, "seconds": 147.32021462684497}
{"step": 74752, "mse": 0.3527889084070921, "seconds": 196.02454853616655}
{"step": 74784, "mse": 0.06804866064339876, "seconds": 250.68121663713828}
{"step": 74816, "mse": 0.05013403529301286, "seconds": 299.35725491819903}
{"step": 74848, "mse": 0.30768543388694525, "seconds": 349.2387749510817}
{"step": 74880, "mse": 0.08396952459588647, "seconds": 399.74752154387534}
{"step": 74912, "mse": 0.1753229161258787, "seconds": 455.2157929800451}
{"step": 74944, "mse": 0.10589840984903276, "seconds": 505.5016269129701}
{"step": 74976, "mse": 0.019131448585540056, "seconds": 555.705576768145}
{"step": 75008, "mse": 0.5280151460319757, "seconds": 605.8819047398865}
{"step": 75040, "mse": 0.06591098313219845, "seconds": 659.8879389180802}
{"step": 75072, "mse": 0.017427300568670034, "seconds": 708.6455794991925}
{"step": 75104, "mse": 0.07621526205912232, "seconds": 757.1811891281977}
{"step": 75136, "mse": 0.052174351178109646, "seconds": 805.7265141489916}
{"step": 75168, "mse": 0.04700067057274282, "seconds": 859.7244406472892}
{"step": 75200, "mse": 0.12750574224628508, "seconds": 908.9626415269449}
{"step": 75232, "mse": 0.1278998153284192, "seconds": 959.1183471740223}
{"step": 75264, "mse": 0.13851609593257308, "seconds": 1009.3691405002028}
{"step": 75296, "mse": 0.2102521350607276, "seconds": 1065.4480896051973}
{"step": 75328, "mse": 0.383891130797565, "seconds": 1115.7038841350004}
{"step": 75360, "mse": 0.027869735844433308, "seconds": 1166.2585146189667}
{"step": 75392, "mse": 0.2699318388476968, "seconds": 1215.6753902030177}
{"step": 75424, "mse": 0.14244561409577727, "seconds": 1269.8081925781444}
{"step": 75456, "mse": 0.10498512163758278, "seconds": 1318.6449655001052}
{"step": 75488, "mse": 0.06228782143443823, "seconds": 1367.6014422071166}
{"step": 75520, "mse": 0.01563292369246483, "seconds": 1416.9714734381996}
{"step": 75552, "mse": 0.1523049962706864, "seconds": 1471.0716753560118}
{"step": 75584, "mse": 0.11819037212990224, "seconds": 1521.0061564790085}
{"step": 75616, "mse": 0.034680782817304134, "seconds": 1571.1522122099996}
{"step": 75648, "mse": 0.26707077701576054, "seconds": 1621.388467270881}
{"step": 75680, "mse": 0.29693981213495135, "seconds": 1677.1027628001757}
{"step": 75712, "mse": 0.019426958402618766, "seconds": 1727.707163350191}
{"step": 75744, "mse": 0.05603916058316827, "seconds": 1778.4413114152849}
{"step": 75776, "mse": 0.09191076084971428, "seconds": 1827.6714160251431}
{"step": 75808, "mse": 0.05309936264529824, "seconds": 1881.909272753168}
{"step": 75840, "mse": 0.14388735219836235, "seconds": 1932.095255644992}
{"step": 75872, "mse": 0.052794673247262836, "seconds": 1981.404531976208}
{"step": 75904, "mse": 0.028888525441288948, "seconds": 2030.8459491110407}
{"step": 75936, "mse": 0.024233226664364338, "seconds": 2088.3698798459955}
{"step": 75968, "mse": 0.03990432806313038, "seconds": 2139.2102737729438}
{"step": 76000, "mse": 0.33795466739684343, "seconds": 2190.25635531405}
{"step": 76032, "mse": 0.035534183494746685, "seconds": 2240.9039622871205}
{"step": 76064, "mse": 0.036280594766139984, "seconds": 2297.801676735282}
{"step": 76096, "mse": 0.28937020525336266, "seconds": 2348.581400638912}
{"step": 76128, "mse": 0.21975850081071258, "seconds": 2398.0022769891657}
{"step": 76160, "mse": 0.03256549802608788, "seconds": 2447.3751864880323}
{"step": 76192, "mse": 0.13197938026860356, "seconds": 2501.353817631025}
{"step": 76224, "mse": 0.10751125786919147, "seconds": 2550.3101058611646}
{"step": 76256, "mse": 0.06814148323610425, "seconds": 2599.1354582002386}
{"step": 76288, "mse": 0.048940594773739576, "seconds": 2648.1202568742447}
{"step": 76320, "mse": 0.2420007516629994, "seconds": 2705.107929443009}
{"step": 76352, "mse": 0.032578273210674524, "seconds": 2755.0799137069844}
{"step": 76384, "mse": 0.23066762974485755, "seconds": 2804.9618286308832}
{"step": 76416, "mse": 0.1907714914996177, "seconds": 2855.0047538159415}
Loading pipeline components...:   0%|                    | 0/6 [00:00<?, ?it/s]Loading pipeline components...:  17%|██          | 1/6 [00:00<00:02,  2.03it/s]Loading pipeline components...:  67%|████████    | 4/6 [00:25<00:13,  6.86s/it]Loading pipeline components...:  83%|██████████  | 5/6 [00:29<00:06,  6.14s/it]Loading pipeline components...: 100%|████████████| 6/6 [00:31<00:00,  4.75s/it]Loading pipeline components...: 100%|████████████| 6/6 [00:31<00:00,  5.18s/it]
/inspire/ssd/project/exploration-topic/czxs26210936/envs/vlm-r3-ngc2502/lib/python3.12/site-packages/diffusers/loaders/lora_pipeline.py:6850: FutureWarning: `LoraLoaderMixin` is deprecated and will be removed in version 1.0.0. LoraLoaderMixin is deprecated and this will be removed in a future version. Please use `StableDiffusionLoraLoaderMixin`, instead.
  deprecate("LoraLoaderMixin", "1.0.0", deprecation_message)
{"cached": 1, "total": 730, "stage": "write"}
{"cached": 2, "total": 730, "stage": "write"}
{"cached": 3, "total": 730, "stage": "write"}
{"cached": 4, "total": 730, "stage": "write"}
{"cached": 5, "total": 730, "stage": "write"}
{"cached": 6, "total": 730, "stage": "write"}
{"cached": 7, "total": 730, "stage": "write"}
{"cached": 8, "total": 730, "stage": "write"}
{"cached": 9, "total": 730, "stage": "write"}
{"cached": 10, "total": 730, "stage": "write"}
{"cached": 11, "total": 730, "stage": "write"}
{"cached": 12, "total": 730, "stage": "write"}
{"cached": 13, "total": 730, "stage": "write"}
{"cached": 14, "total": 730, "stage": "write"}
{"cached": 15, "total": 730, "stage": "write"}
{"cached": 16, "total": 730, "stage": "write"}
{"cached": 17, "total": 730, "stage": "write"}
{"cached": 18, "total": 730, "stage": "write"}
{"cached": 19, "total": 730, "stage": "write"}
{"cached": 20, "total": 730, "stage": "write"}
{"cached": 21, "total": 730, "stage": "write"}
{"cached": 22, "total": 730, "stage": "write"}
{"cached": 23, "total": 730, "stage": "write"}
{"cached": 24, "total": 730, "stage": "write"}
{"cached": 25, "total": 730, "stage": "write"}
{"cached": 26, "total": 730, "stage": "write"}
{"cached": 27, "total": 730, "stage": "write"}
{"cached": 28, "total": 730, "stage": "write"}
{"cached": 29, "total": 730, "stage": "write"}
{"cached": 30, "total": 730, "stage": "write"}
{"cached": 31, "total": 730, "stage": "write"}
{"cached": 32, "total": 730, "stage": "write"}
{"cached": 33, "total": 730, "stage": "write"}
{"cached": 34, "total": 730, "stage": "write"}
{"cached": 35, "total": 730, "stage": "write"}
{"cached": 36, "total": 730, "stage": "write"}
{"cached": 37, "total": 730, "stage": "write"}
{"cached": 38, "total": 730, "stage": "write"}
{"cached": 39, "total": 730, "stage": "write"}
{"cached": 40, "total": 730, "stage": "write"}
{"cached": 41, "total": 730, "stage": "write"}
{"cached": 42, "total": 730, "stage": "write"}
{"cached": 43, "total": 730, "stage": "write"}
{"cached": 44, "total": 730, "stage": "write"}
{"cached": 45, "total": 730, "stage": "write"}
{"cached": 46, "total": 730, "stage": "write"}
{"cached": 47, "total": 730, "stage": "write"}
{"cached": 48, "total": 730, "stage": "write"}
{"cached": 49, "total": 730, "stage": "write"}
{"cached": 50, "total": 730, "stage": "write"}
{"cached": 51, "total": 730, "stage": "write"}
{"cached": 52, "total": 730, "stage": "write"}
{"cached": 53, "total": 730, "stage": "write"}
{"cached": 54, "total": 730, "stage": "write"}
{"cached": 55, "total": 730, "stage": "write"}
{"cached": 56, "total": 730, "stage": "write"}
{"cached": 57, "total": 730, "stage": "write"}
{"cached": 58, "total": 730, "stage": "write"}
{"cached": 59, "total": 730, "stage": "write"}
{"cached": 60, "total": 730, "stage": "write"}
{"cached": 61, "total": 730, "stage": "write"}
{"cached": 62, "total": 730, "stage": "write"}
{"cached": 63, "total": 730, "stage": "write"}
{"cached": 64, "total": 730, "stage": "write"}
{"cached": 65, "total": 730, "stage": "write"}
{"cached": 66, "total": 730, "stage": "write"}
{"cached": 67, "total": 730, "stage": "write"}
{"cached": 68, "total": 730, "stage": "write"}
{"cached": 69, "total": 730, "stage": "write"}
{"cached": 70, "total": 730, "stage": "write"}
{"cached": 71, "total": 730, "stage": "write"}
{"cached": 72, "total": 730, "stage": "write"}
{"cached": 73, "total": 730, "stage": "write"}
{"cached": 74, "total": 730, "stage": "write"}
{"cached": 75, "total": 730, "stage": "write"}
{"cached": 76, "total": 730, "stage": "write"}
{"cached": 77, "total": 730, "stage": "write"}
{"cached": 78, "total": 730, "stage": "write"}
{"cached": 79, "total": 730, "stage": "write"}
{"cached": 80, "total": 730, "stage": "write"}
{"cached": 81, "total": 730, "stage": "write"}
{"cached": 82, "total": 730, "stage": "write"}
{"cached": 83, "total": 730, "stage": "write"}
{"cached": 84, "total": 730, "stage": "write"}
{"cached": 85, "total": 730, "stage": "write"}
{"cached": 86, "total": 730, "stage": "write"}
{"cached": 87, "total": 730, "stage": "write"}
{"cached": 88, "total": 730, "stage": "write"}
{"cached": 89, "total": 730, "stage": "write"}
{"cached": 90, "total": 730, "stage": "write"}
{"cached": 91, "total": 730, "stage": "write"}
{"cached": 92, "total": 730, "stage": "write"}
{"cached": 93, "total": 730, "stage": "write"}
{"cached": 94, "total": 730, "stage": "write"}
{"cached": 95, "total": 730, "stage": "write"}
{"cached": 96, "total": 730, "stage": "write"}
{"cached": 97, "total": 730, "stage": "write"}
{"cached": 98, "total": 730, "stage": "write"}
{"cached": 99, "total": 730, "stage": "write"}
{"cached": 100, "total": 730, "stage": "write"}
{"cached": 101, "total": 730, "stage": "write"}
{"cached": 102, "total": 730, "stage": "write"}
{"cached": 103, "total": 730, "stage": "write"}
{"cached": 104, "total": 730, "stage": "write"}
{"cached": 105, "total": 730, "stage": "write"}
{"cached": 106, "total": 730, "stage": "write"}
{"cached": 107, "total": 730, "stage": "write"}
{"cached": 108, "total": 730, "stage": "write"}
{"cached": 109, "total": 730, "stage": "write"}
{"cached": 110, "total": 730, "stage": "write"}
{"cached": 111, "total": 730, "stage": "write"}
{"cached": 112, "total": 730, "stage": "write"}
{"cached": 113, "total": 730, "stage": "write"}
{"cached": 114, "total": 730, "stage": "write"}
{"cached": 115, "total": 730, "stage": "write"}
{"cached": 116, "total": 730, "stage": "write"}
{"cached": 117, "total": 730, "stage": "write"}
{"cached": 118, "total": 730, "stage": "write"}
{"cached": 119, "total": 730, "stage": "write"}
{"cached": 120, "total": 730, "stage": "write"}
{"cached": 121, "total": 730, "stage": "write"}
{"cached": 122, "total": 730, "stage": "write"}
{"cached": 123, "total": 730, "stage": "write"}
{"cached": 124, "total": 730, "stage": "write"}
{"cached": 125, "total": 730, "stage": "write"}
{"cached": 126, "total": 730, "stage": "write"}
{"cached": 127, "total": 730, "stage": "write"}
{"cached": 128, "total": 730, "stage": "write"}
{"cached": 129, "total": 730, "stage": "write"}
{"cached": 130, "total": 730, "stage": "write"}
{"cached": 131, "total": 730, "stage": "write"}
{"cached": 132, "total": 730, "stage": "write"}
{"cached": 133, "total": 730, "stage": "write"}
{"cached": 134, "total": 730, "stage": "write"}
{"cached": 135, "total": 730, "stage": "write"}
{"cached": 136, "total": 730, "stage": "write"}
{"cached": 137, "total": 730, "stage": "write"}
{"cached": 138, "total": 730, "stage": "write"}
{"cached": 139, "total": 730, "stage": "write"}
{"cached": 140, "total": 730, "stage": "write"}
{"cached": 141, "total": 730, "stage": "write"}
{"cached": 142, "total": 730, "stage": "write"}
{"cached": 143, "total": 730, "stage": "write"}
{"cached": 144, "total": 730, "stage": "write"}
{"cached": 145, "total": 730, "stage": "write"}
{"cached": 146, "total": 730, "stage": "write"}
{"cached": 147, "total": 730, "stage": "write"}
{"cached": 148, "total": 730, "stage": "write"}
{"cached": 149, "total": 730, "stage": "write"}
{"cached": 150, "total": 730, "stage": "write"}
{"cached": 151, "total": 730, "stage": "write"}
{"cached": 152, "total": 730, "stage": "write"}
{"cached": 153, "total": 730, "stage": "write"}
{"cached": 154, "total": 730, "stage": "write"}
{"cached": 155, "total": 730, "stage": "write"}
{"cached": 156, "total": 730, "stage": "write"}
{"cached": 157, "total": 730, "stage": "write"}
{"cached": 158, "total": 730, "stage": "write"}
{"cached": 159, "total": 730, "stage": "write"}
{"cached": 160, "total": 730, "stage": "write"}
{"cached": 161, "total": 730, "stage": "write"}
{"cached": 162, "total": 730, "stage": "write"}
{"cached": 163, "total": 730, "stage": "write"}
{"cached": 164, "total": 730, "stage": "write"}
{"cached": 165, "total": 730, "stage": "write"}
{"cached": 166, "total": 730, "stage": "write"}
{"cached": 167, "total": 730, "stage": "write"}
{"cached": 168, "total": 730, "stage": "write"}
{"cached": 169, "total": 730, "stage": "write"}
{"cached": 170, "total": 730, "stage": "write"}
{"cached": 171, "total": 730, "stage": "write"}
{"cached": 172, "total": 730, "stage": "write"}
{"cached": 173, "total": 730, "stage": "write"}
{"cached": 174, "total": 730, "stage": "write"}
{"cached": 175, "total": 730, "stage": "write"}
{"cached": 176, "total": 730, "stage": "write"}
{"cached": 177, "total": 730, "stage": "write"}
{"cached": 178, "total": 730, "stage": "write"}
{"cached": 179, "total": 730, "stage": "write"}
{"cached": 180, "total": 730, "stage": "write"}
{"cached": 181, "total": 730, "stage": "write"}
{"cached": 182, "total": 730, "stage": "write"}
{"cached": 183, "total": 730, "stage": "write"}
{"cached": 184, "total": 730, "stage": "write"}
{"cached": 185, "total": 730, "stage": "write"}
{"cached": 186, "total": 730, "stage": "write"}
{"cached": 187, "total": 730, "stage": "write"}
{"cached": 188, "total": 730, "stage": "write"}
{"cached": 189, "total": 730, "stage": "write"}
{"cached": 190, "total": 730, "stage": "write"}
{"cached": 191, "total": 730, "stage": "write"}
{"cached": 192, "total": 730, "stage": "write"}
{"cached": 193, "total": 730, "stage": "write"}
{"cached": 194, "total": 730, "stage": "write"}
{"cached": 195, "total": 730, "stage": "write"}
{"cached": 196, "total": 730, "stage": "write"}
{"cached": 197, "total": 730, "stage": "write"}
{"cached": 198, "total": 730, "stage": "write"}
{"cached": 199, "total": 730, "stage": "write"}
{"cached": 200, "total": 730, "stage": "write"}
{"cached": 201, "total": 730, "stage": "write"}
{"cached": 202, "total": 730, "stage": "write"}
{"cached": 203, "total": 730, "stage": "write"}
{"cached": 204, "total": 730, "stage": "write"}
{"cached": 205, "total": 730, "stage": "write"}
{"cached": 206, "total": 730, "stage": "write"}
{"cached": 207, "total": 730, "stage": "write"}
{"cached": 208, "total": 730, "stage": "write"}
{"cached": 209, "total": 730, "stage": "write"}
{"cached": 210, "total": 730, "stage": "write"}
{"cached": 211, "total": 730, "stage": "write"}
{"cached": 212, "total": 730, "stage": "write"}
{"cached": 213, "total": 730, "stage": "write"}
{"cached": 214, "total": 730, "stage": "write"}
{"cached": 215, "total": 730, "stage": "write"}
{"cached": 216, "total": 730, "stage": "write"}
{"cached": 217, "total": 730, "stage": "write"}
{"cached": 218, "total": 730, "stage": "write"}
{"cached": 219, "total": 730, "stage": "write"}
{"cached": 220, "total": 730, "stage": "write"}
{"cached": 221, "total": 730, "stage": "write"}
{"cached": 222, "total": 730, "stage": "write"}
{"cached": 223, "total": 730, "stage": "write"}
{"cached": 224, "total": 730, "stage": "write"}
{"cached": 225, "total": 730, "stage": "write"}
{"cached": 226, "total": 730, "stage": "write"}
{"cached": 227, "total": 730, "stage": "write"}
{"cached": 228, "total": 730, "stage": "write"}
{"cached": 229, "total": 730, "stage": "write"}
{"cached": 230, "total": 730, "stage": "write"}
{"cached": 231, "total": 730, "stage": "write"}
{"cached": 232, "total": 730, "stage": "write"}
{"cached": 233, "total": 730, "stage": "write"}
{"cached": 234, "total": 730, "stage": "write"}
{"cached": 235, "total": 730, "stage": "write"}
{"cached": 236, "total": 730, "stage": "write"}
{"cached": 237, "total": 730, "stage": "write"}
{"cached": 238, "total": 730, "stage": "write"}
{"cached": 239, "total": 730, "stage": "write"}
{"cached": 240, "total": 730, "stage": "write"}
{"cached": 241, "total": 730, "stage": "write"}
{"cached": 242, "total": 730, "stage": "write"}
{"cached": 243, "total": 730, "stage": "write"}
{"cached": 244, "total": 730, "stage": "write"}
{"cached": 245, "total": 730, "stage": "write"}
{"cached": 246, "total": 730, "stage": "write"}
{"cached": 247, "total": 730, "stage": "write"}
{"cached": 248, "total": 730, "stage": "write"}
{"cached": 249, "total": 730, "stage": "write"}
{"cached": 250, "total": 730, "stage": "write"}
{"cached": 251, "total": 730, "stage": "write"}
{"cached": 252, "total": 730, "stage": "write"}
{"cached": 253, "total": 730, "stage": "write"}
{"cached": 254, "total": 730, "stage": "write"}
{"cached": 255, "total": 730, "stage": "write"}
{"cached": 256, "total": 730, "stage": "write"}
{"cached": 257, "total": 730, "stage": "write"}
{"cached": 258, "total": 730, "stage": "write"}
{"cached": 259, "total": 730, "stage": "write"}
{"cached": 260, "total": 730, "stage": "write"}
{"cached": 261, "total": 730, "stage": "write"}
{"cached": 262, "total": 730, "stage": "write"}
{"cached": 263, "total": 730, "stage": "write"}
{"cached": 264, "total": 730, "stage": "write"}
{"cached": 265, "total": 730, "stage": "write"}
{"cached": 266, "total": 730, "stage": "write"}
{"cached": 267, "total": 730, "stage": "write"}
{"cached": 268, "total": 730, "stage": "write"}
{"cached": 269, "total": 730, "stage": "write"}
{"cached": 270, "total": 730, "stage": "write"}
{"cached": 271, "total": 730, "stage": "write"}
{"cached": 272, "total": 730, "stage": "write"}
{"cached": 273, "total": 730, "stage": "write"}
{"cached": 274, "total": 730, "stage": "write"}
{"cached": 275, "total": 730, "stage": "write"}
{"cached": 276, "total": 730, "stage": "write"}
{"cached": 277, "total": 730, "stage": "write"}
{"cached": 278, "total": 730, "stage": "write"}
{"cached": 279, "total": 730, "stage": "write"}
{"cached": 280, "total": 730, "stage": "write"}
{"cached": 281, "total": 730, "stage": "write"}
{"cached": 282, "total": 730, "stage": "write"}
{"cached": 283, "total": 730, "stage": "write"}
{"cached": 284, "total": 730, "stage": "write"}
{"cached": 285, "total": 730, "stage": "write"}
{"cached": 286, "total": 730, "stage": "write"}
{"cached": 287, "total": 730, "stage": "write"}
{"cached": 288, "total": 730, "stage": "write"}
{"cached": 289, "total": 730, "stage": "write"}
{"cached": 290, "total": 730, "stage": "write"}
{"cached": 291, "total": 730, "stage": "write"}
{"cached": 292, "total": 730, "stage": "write"}
{"cached": 293, "total": 730, "stage": "write"}
{"cached": 294, "total": 730, "stage": "write"}
{"cached": 295, "total": 730, "stage": "write"}
{"cached": 296, "total": 730, "stage": "write"}
{"cached": 297, "total": 730, "stage": "write"}
{"cached": 298, "total": 730, "stage": "write"}
{"cached": 299, "total": 730, "stage": "write"}
{"cached": 300, "total": 730, "stage": "write"}
{"cached": 301, "total": 730, "stage": "write"}
{"cached": 302, "total": 730, "stage": "write"}
{"cached": 303, "total": 730, "stage": "write"}
{"cached": 304, "total": 730, "stage": "write"}
{"cached": 305, "total": 730, "stage": "write"}
{"cached": 306, "total": 730, "stage": "write"}
{"cached": 307, "total": 730, "stage": "write"}
{"cached": 308, "total": 730, "stage": "write"}
{"cached": 309, "total": 730, "stage": "write"}
{"cached": 310, "total": 730, "stage": "write"}
{"cached": 311, "total": 730, "stage": "write"}
{"cached": 312, "total": 730, "stage": "write"}
{"cached": 313, "total": 730, "stage": "write"}
{"cached": 314, "total": 730, "stage": "write"}
{"cached": 315, "total": 730, "stage": "write"}
{"cached": 316, "total": 730, "stage": "write"}
{"cached": 317, "total": 730, "stage": "write"}
{"cached": 318, "total": 730, "stage": "write"}
{"cached": 319, "total": 730, "stage": "write"}
{"cached": 320, "total": 730, "stage": "write"}
{"cached": 321, "total": 730, "stage": "write"}
{"cached": 322, "total": 730, "stage": "write"}
{"cached": 323, "total": 730, "stage": "write"}
{"cached": 324, "total": 730, "stage": "write"}
{"cached": 325, "total": 730, "stage": "write"}
{"cached": 326, "total": 730, "stage": "write"}
{"cached": 327, "total": 730, "stage": "write"}
{"cached": 328, "total": 730, "stage": "write"}
{"cached": 329, "total": 730, "stage": "write"}
{"cached": 330, "total": 730, "stage": "write"}
{"cached": 331, "total": 730, "stage": "write"}
{"cached": 332, "total": 730, "stage": "write"}
{"cached": 333, "total": 730, "stage": "write"}
{"cached": 334, "total": 730, "stage": "write"}
{"cached": 335, "total": 730, "stage": "write"}
{"cached": 336, "total": 730, "stage": "write"}
{"cached": 337, "total": 730, "stage": "write"}
{"cached": 338, "total": 730, "stage": "write"}
{"cached": 339, "total": 730, "stage": "write"}
{"cached": 340, "total": 730, "stage": "write"}
{"cached": 341, "total": 730, "stage": "write"}
{"cached": 342, "total": 730, "stage": "write"}
{"cached": 343, "total": 730, "stage": "write"}
{"cached": 344, "total": 730, "stage": "write"}
{"cached": 345, "total": 730, "stage": "write"}
{"cached": 346, "total": 730, "stage": "write"}
{"cached": 347, "total": 730, "stage": "write"}
{"cached": 348, "total": 730, "stage": "write"}
{"cached": 349, "total": 730, "stage": "write"}
{"cached": 350, "total": 730, "stage": "write"}
{"cached": 351, "total": 730, "stage": "write"}
{"cached": 352, "total": 730, "stage": "write"}
{"cached": 353, "total": 730, "stage": "write"}
{"cached": 354, "total": 730, "stage": "write"}
{"cached": 355, "total": 730, "stage": "write"}
{"cached": 356, "total": 730, "stage": "write"}
{"cached": 357, "total": 730, "stage": "write"}
{"cached": 358, "total": 730, "stage": "write"}
{"cached": 359, "total": 730, "stage": "write"}
{"cached": 360, "total": 730, "stage": "write"}
{"cached": 361, "total": 730, "stage": "write"}
{"cached": 362, "total": 730, "stage": "write"}
{"cached": 363, "total": 730, "stage": "write"}
{"cached": 364, "total": 730, "stage": "write"}
{"cached": 365, "total": 730, "stage": "write"}
{"cached": 366, "total": 730, "stage": "write"}
{"cached": 367, "total": 730, "stage": "write"}
{"cached": 368, "total": 730, "stage": "write"}
{"cached": 369, "total": 730, "stage": "write"}
{"cached": 370, "total": 730, "stage": "write"}
{"cached": 371, "total": 730, "stage": "write"}
{"cached": 372, "total": 730, "stage": "write"}
{"cached": 373, "total": 730, "stage": "write"}
{"cached": 374, "total": 730, "stage": "write"}
{"cached": 375, "total": 730, "stage": "write"}
{"cached": 376, "total": 730, "stage": "write"}
{"cached": 377, "total": 730, "stage": "write"}
{"cached": 378, "total": 730, "stage": "write"}
{"cached": 379, "total": 730, "stage": "write"}
{"cached": 380, "total": 730, "stage": "write"}
{"cached": 381, "total": 730, "stage": "write"}
{"cached": 382, "total": 730, "stage": "write"}
{"cached": 383, "total": 730, "stage": "write"}
{"cached": 384, "total": 730, "stage": "write"}
{"cached": 385, "total": 730, "stage": "write"}
{"cached": 386, "total": 730, "stage": "write"}
{"cached": 387, "total": 730, "stage": "write"}
{"cached": 388, "total": 730, "stage": "write"}
{"cached": 389, "total": 730, "stage": "write"}
{"cached": 390, "total": 730, "stage": "write"}
{"cached": 391, "total": 730, "stage": "write"}
{"cached": 392, "total": 730, "stage": "write"}
{"cached": 393, "total": 730, "stage": "write"}
{"cached": 394, "total": 730, "stage": "write"}
{"cached": 395, "total": 730, "stage": "write"}
{"cached": 396, "total": 730, "stage": "write"}
{"cached": 397, "total": 730, "stage": "write"}
{"cached": 398, "total": 730, "stage": "write"}
{"cached": 399, "total": 730, "stage": "write"}
{"cached": 400, "total": 730, "stage": "write"}
{"cached": 401, "total": 730, "stage": "write"}
{"cached": 402, "total": 730, "stage": "write"}
{"cached": 403, "total": 730, "stage": "write"}
{"cached": 404, "total": 730, "stage": "write"}
{"cached": 405, "total": 730, "stage": "write"}
{"cached": 406, "total": 730, "stage": "write"}
{"cached": 407, "total": 730, "stage": "write"}
{"cached": 408, "total": 730, "stage": "write"}
{"cached": 409, "total": 730, "stage": "write"}
{"cached": 410, "total": 730, "stage": "write"}
{"cached": 411, "total": 730, "stage": "write"}
{"cached": 412, "total": 730, "stage": "write"}
{"cached": 413, "total": 730, "stage": "write"}
{"cached": 414, "total": 730, "stage": "write"}
{"cached": 415, "total": 730, "stage": "write"}
{"cached": 416, "total": 730, "stage": "write"}
{"cached": 417, "total": 730, "stage": "write"}
{"cached": 418, "total": 730, "stage": "write"}
{"cached": 419, "total": 730, "stage": "write"}
{"cached": 420, "total": 730, "stage": "write"}
{"cached": 421, "total": 730, "stage": "write"}
{"cached": 422, "total": 730, "stage": "write"}
{"cached": 423, "total": 730, "stage": "write"}
{"cached": 424, "total": 730, "stage": "write"}
{"cached": 425, "total": 730, "stage": "write"}
{"cached": 426, "total": 730, "stage": "write"}
{"cached": 427, "total": 730, "stage": "write"}
{"cached": 428, "total": 730, "stage": "write"}
{"cached": 429, "total": 730, "stage": "write"}
{"cached": 430, "total": 730, "stage": "write"}
{"cached": 431, "total": 730, "stage": "write"}
{"cached": 432, "total": 730, "stage": "write"}
{"cached": 433, "total": 730, "stage": "write"}
{"cached": 434, "total": 730, "stage": "write"}
{"cached": 435, "total": 730, "stage": "write"}
{"cached": 436, "total": 730, "stage": "write"}
{"cached": 437, "total": 730, "stage": "write"}
{"cached": 438, "total": 730, "stage": "write"}
{"cached": 439, "total": 730, "stage": "write"}
{"cached": 440, "total": 730, "stage": "write"}
{"cached": 441, "total": 730, "stage": "write"}
{"cached": 442, "total": 730, "stage": "write"}
{"cached": 443, "total": 730, "stage": "write"}
{"cached": 444, "total": 730, "stage": "write"}
{"cached": 445, "total": 730, "stage": "write"}
{"cached": 446, "total": 730, "stage": "write"}
{"cached": 447, "total": 730, "stage": "write"}
{"cached": 448, "total": 730, "stage": "write"}
{"cached": 449, "total": 730, "stage": "write"}
{"cached": 450, "total": 730, "stage": "write"}
{"cached": 451, "total": 730, "stage": "write"}
{"cached": 452, "total": 730, "stage": "write"}
{"cached": 453, "total": 730, "stage": "write"}
{"cached": 454, "total": 730, "stage": "write"}
{"cached": 455, "total": 730, "stage": "write"}
{"cached": 456, "total": 730, "stage": "write"}
{"cached": 457, "total": 730, "stage": "write"}
{"cached": 458, "total": 730, "stage": "write"}
{"cached": 459, "total": 730, "stage": "write"}
{"cached": 460, "total": 730, "stage": "write"}
{"cached": 461, "total": 730, "stage": "write"}
{"cached": 462, "total": 730, "stage": "write"}
{"cached": 463, "total": 730, "stage": "write"}
{"cached": 464, "total": 730, "stage": "write"}
{"cached": 465, "total": 730, "stage": "write"}
{"cached": 466, "total": 730, "stage": "write"}
{"cached": 467, "total": 730, "stage": "write"}
{"cached": 468, "total": 730, "stage": "write"}
{"cached": 469, "total": 730, "stage": "write"}
{"cached": 470, "total": 730, "stage": "write"}
{"cached": 471, "total": 730, "stage": "write"}
{"cached": 472, "total": 730, "stage": "write"}
{"cached": 473, "total": 730, "stage": "write"}
{"cached": 474, "total": 730, "stage": "write"}
{"cached": 475, "total": 730, "stage": "write"}
{"cached": 476, "total": 730, "stage": "write"}
{"cached": 477, "total": 730, "stage": "write"}
{"cached": 478, "total": 730, "stage": "write"}
{"cached": 479, "total": 730, "stage": "write"}
{"cached": 480, "total": 730, "stage": "write"}
{"cached": 481, "total": 730, "stage": "write"}
{"cached": 482, "total": 730, "stage": "write"}
{"cached": 483, "total": 730, "stage": "write"}
{"cached": 484, "total": 730, "stage": "write"}
{"cached": 485, "total": 730, "stage": "write"}
{"cached": 486, "total": 730, "stage": "write"}
{"cached": 487, "total": 730, "stage": "write"}
{"cached": 488, "total": 730, "stage": "write"}
{"cached": 489, "total": 730, "stage": "write"}
{"cached": 490, "total": 730, "stage": "write"}
{"cached": 491, "total": 730, "stage": "write"}
{"cached": 492, "total": 730, "stage": "write"}
{"cached": 493, "total": 730, "stage": "write"}
{"cached": 494, "total": 730, "stage": "write"}
{"cached": 495, "total": 730, "stage": "write"}
{"cached": 496, "total": 730, "stage": "write"}
{"cached": 497, "total": 730, "stage": "write"}
{"cached": 498, "total": 730, "stage": "write"}
{"cached": 499, "total": 730, "stage": "write"}
{"cached": 500, "total": 730, "stage": "write"}
{"cached": 501, "total": 730, "stage": "write"}
{"cached": 502, "total": 730, "stage": "write"}
{"cached": 503, "total": 730, "stage": "write"}
{"cached": 504, "total": 730, "stage": "write"}
{"cached": 505, "total": 730, "stage": "write"}
{"cached": 506, "total": 730, "stage": "write"}
{"cached": 507, "total": 730, "stage": "write"}
{"cached": 508, "total": 730, "stage": "write"}
{"cached": 509, "total": 730, "stage": "write"}
{"cached": 510, "total": 730, "stage": "write"}
{"cached": 511, "total": 730, "stage": "write"}
{"cached": 512, "total": 730, "stage": "write"}
{"cached": 513, "total": 730, "stage": "write"}
{"cached": 514, "total": 730, "stage": "write"}
{"cached": 515, "total": 730, "stage": "write"}
{"cached": 516, "total": 730, "stage": "write"}
{"cached": 517, "total": 730, "stage": "write"}
{"cached": 518, "total": 730, "stage": "write"}
{"cached": 519, "total": 730, "stage": "write"}
{"cached": 520, "total": 730, "stage": "write"}
{"cached": 521, "total": 730, "stage": "write"}
{"cached": 522, "total": 730, "stage": "write"}
{"cached": 523, "total": 730, "stage": "write"}
{"cached": 524, "total": 730, "stage": "write"}
{"cached": 525, "total": 730, "stage": "write"}
{"cached": 526, "total": 730, "stage": "write"}
{"cached": 527, "total": 730, "stage": "write"}
{"cached": 528, "total": 730, "stage": "write"}
{"cached": 529, "total": 730, "stage": "write"}
{"cached": 530, "total": 730, "stage": "write"}
{"cached": 531, "total": 730, "stage": "write"}
{"cached": 532, "total": 730, "stage": "write"}
{"cached": 533, "total": 730, "stage": "write"}
{"cached": 534, "total": 730, "stage": "write"}
{"cached": 535, "total": 730, "stage": "write"}
{"cached": 536, "total": 730, "stage": "write"}
{"cached": 537, "total": 730, "stage": "write"}
{"cached": 538, "total": 730, "stage": "write"}
{"cached": 539, "total": 730, "stage": "write"}
{"cached": 540, "total": 730, "stage": "write"}
{"cached": 541, "total": 730, "stage": "write"}
{"cached": 542, "total": 730, "stage": "write"}
{"cached": 543, "total": 730, "stage": "write"}
{"cached": 544, "total": 730, "stage": "write"}
{"cached": 545, "total": 730, "stage": "write"}
{"cached": 546, "total": 730, "stage": "write"}
{"cached": 547, "total": 730, "stage": "write"}
{"cached": 548, "total": 730, "stage": "write"}
{"cached": 549, "total": 730, "stage": "write"}
{"cached": 550, "total": 730, "stage": "write"}
{"cached": 551, "total": 730, "stage": "write"}
{"cached": 552, "total": 730, "stage": "write"}
{"cached": 553, "total": 730, "stage": "write"}
{"cached": 554, "total": 730, "stage": "write"}
{"cached": 555, "total": 730, "stage": "write"}
{"cached": 556, "total": 730, "stage": "write"}
{"cached": 557, "total": 730, "stage": "write"}
{"cached": 558, "total": 730, "stage": "write"}
{"cached": 559, "total": 730, "stage": "write"}
{"cached": 560, "total": 730, "stage": "write"}
{"cached": 561, "total": 730, "stage": "write"}
{"cached": 562, "total": 730, "stage": "write"}
{"cached": 563, "total": 730, "stage": "write"}
{"cached": 564, "total": 730, "stage": "write"}
{"cached": 565, "total": 730, "stage": "write"}
{"cached": 566, "total": 730, "stage": "write"}
{"cached": 567, "total": 730, "stage": "write"}
{"cached": 568, "total": 730, "stage": "write"}
{"cached": 569, "total": 730, "stage": "write"}
{"cached": 570, "total": 730, "stage": "write"}
{"cached": 571, "total": 730, "stage": "write"}
{"cached": 572, "total": 730, "stage": "write"}
{"cached": 573, "total": 730, "stage": "write"}
{"cached": 574, "total": 730, "stage": "write"}
{"cached": 575, "total": 730, "stage": "write"}
{"cached": 576, "total": 730, "stage": "write"}
{"cached": 577, "total": 730, "stage": "write"}
{"cached": 578, "total": 730, "stage": "write"}
{"cached": 579, "total": 730, "stage": "write"}
{"cached": 580, "total": 730, "stage": "write"}
{"cached": 581, "total": 730, "stage": "write"}
{"cached": 582, "total": 730, "stage": "write"}
{"cached": 583, "total": 730, "stage": "write"}
{"cached": 584, "total": 730, "stage": "write"}
{"cached": 585, "total": 730, "stage": "write"}
{"cached": 586, "total": 730, "stage": "write"}
{"cached": 587, "total": 730, "stage": "write"}
{"cached": 588, "total": 730, "stage": "write"}
{"cached": 589, "total": 730, "stage": "write"}
{"cached": 590, "total": 730, "stage": "write"}
{"cached": 591, "total": 730, "stage": "write"}
{"cached": 592, "total": 730, "stage": "write"}
{"cached": 593, "total": 730, "stage": "write"}
{"cached": 594, "total": 730, "stage": "write"}
{"cached": 595, "total": 730, "stage": "write"}
{"cached": 596, "total": 730, "stage": "write"}
{"cached": 597, "total": 730, "stage": "write"}
{"cached": 598, "total": 730, "stage": "write"}
{"cached": 599, "total": 730, "stage": "write"}
{"cached": 600, "total": 730, "stage": "write"}
{"cached": 601, "total": 730, "stage": "write"}
{"cached": 602, "total": 730, "stage": "write"}
{"cached": 603, "total": 730, "stage": "write"}
{"cached": 604, "total": 730, "stage": "write"}
{"cached": 605, "total": 730, "stage": "write"}
{"cached": 606, "total": 730, "stage": "write"}
{"cached": 607, "total": 730, "stage": "write"}
{"cached": 608, "total": 730, "stage": "write"}
{"cached": 609, "total": 730, "stage": "write"}
{"cached": 610, "total": 730, "stage": "write"}
{"cached": 611, "total": 730, "stage": "write"}
{"cached": 612, "total": 730, "stage": "write"}
{"cached": 613, "total": 730, "stage": "write"}
{"cached": 614, "total": 730, "stage": "write"}
{"cached": 615, "total": 730, "stage": "write"}
{"cached": 616, "total": 730, "stage": "write"}
{"cached": 617, "total": 730, "stage": "write"}
{"cached": 618, "total": 730, "stage": "write"}
{"cached": 619, "total": 730, "stage": "write"}
{"cached": 620, "total": 730, "stage": "write"}
{"cached": 621, "total": 730, "stage": "write"}
{"cached": 622, "total": 730, "stage": "write"}
{"cached": 623, "total": 730, "stage": "write"}
{"cached": 624, "total": 730, "stage": "write"}
{"cached": 625, "total": 730, "stage": "write"}
{"cached": 626, "total": 730, "stage": "write"}
{"cached": 627, "total": 730, "stage": "write"}
{"cached": 628, "total": 730, "stage": "write"}
{"cached": 629, "total": 730, "stage": "write"}
{"cached": 630, "total": 730, "stage": "write"}
{"cached": 631, "total": 730, "stage": "write"}
{"cached": 632, "total": 730, "stage": "write"}
{"cached": 633, "total": 730, "stage": "write"}
{"cached": 634, "total": 730, "stage": "write"}
{"cached": 635, "total": 730, "stage": "write"}
{"cached": 636, "total": 730, "stage": "write"}
{"cached": 637, "total": 730, "stage": "write"}
{"cached": 638, "total": 730, "stage": "write"}
{"cached": 639, "total": 730, "stage": "write"}
{"cached": 640, "total": 730, "stage": "write"}
{"cached": 641, "total": 730, "stage": "write"}
{"cached": 642, "total": 730, "stage": "write"}
{"cached": 643, "total": 730, "stage": "write"}
{"cached": 644, "total": 730, "stage": "write"}
{"cached": 645, "total": 730, "stage": "write"}
{"cached": 646, "total": 730, "stage": "write"}
{"cached": 647, "total": 730, "stage": "write"}
{"cached": 648, "total": 730, "stage": "write"}
{"cached": 649, "total": 730, "stage": "write"}
{"cached": 650, "total": 730, "stage": "write"}
{"cached": 651, "total": 730, "stage": "write"}
{"cached": 652, "total": 730, "stage": "write"}
{"cached": 653, "total": 730, "stage": "write"}
{"cached": 654, "total": 730, "stage": "write"}
{"cached": 655, "total": 730, "stage": "write"}
{"cached": 656, "total": 730, "stage": "write"}
{"cached": 657, "total": 730, "stage": "write"}
{"cached": 658, "total": 730, "stage": "write"}
{"cached": 659, "total": 730, "stage": "write"}
{"cached": 660, "total": 730, "stage": "write"}
{"cached": 661, "total": 730, "stage": "write"}
{"cached": 662, "total": 730, "stage": "write"}
{"cached": 663, "total": 730, "stage": "write"}
{"cached": 664, "total": 730, "stage": "write"}
{"cached": 665, "total": 730, "stage": "write"}
{"cached": 666, "total": 730, "stage": "write"}
{"cached": 667, "total": 730, "stage": "write"}
{"cached": 668, "total": 730, "stage": "write"}
{"cached": 669, "total": 730, "stage": "write"}
{"cached": 670, "total": 730, "stage": "write"}
{"cached": 671, "total": 730, "stage": "write"}
{"cached": 672, "total": 730, "stage": "write"}
{"cached": 673, "total": 730, "stage": "write"}
{"cached": 674, "total": 730, "stage": "write"}
{"cached": 675, "total": 730, "stage": "write"}
{"cached": 676, "total": 730, "stage": "write"}
{"cached": 677, "total": 730, "stage": "write"}
{"cached": 678, "total": 730, "stage": "write"}
{"cached": 679, "total": 730, "stage": "write"}
{"cached": 680, "total": 730, "stage": "write"}
{"cached": 681, "total": 730, "stage": "write"}
{"cached": 682, "total": 730, "stage": "write"}
{"cached": 683, "total": 730, "stage": "write"}
{"cached": 684, "total": 730, "stage": "write"}
{"cached": 685, "total": 730, "stage": "write"}
{"cached": 686, "total": 730, "stage": "write"}
{"cached": 687, "total": 730, "stage": "write"}
{"cached": 688, "total": 730, "stage": "write"}
{"cached": 689, "total": 730, "stage": "write"}
{"cached": 690, "total": 730, "stage": "write"}
{"cached": 691, "total": 730, "stage": "write"}
{"cached": 692, "total": 730, "stage": "write"}
{"cached": 693, "total": 730, "stage": "write"}
{"cached": 694, "total": 730, "stage": "write"}
{"cached": 695, "total": 730, "stage": "write"}
{"cached": 696, "total": 730, "stage": "write"}
{"cached": 697, "total": 730, "stage": "write"}
{"cached": 698, "total": 730, "stage": "write"}
{"cached": 699, "total": 730, "stage": "write"}
{"cached": 700, "total": 730, "stage": "write"}
{"cached": 701, "total": 730, "stage": "write"}
{"cached": 702, "total": 730, "stage": "write"}
{"cached": 703, "total": 730, "stage": "write"}
{"cached": 704, "total": 730, "stage": "write"}
{"cached": 705, "total": 730, "stage": "write"}
{"cached": 706, "total": 730, "stage": "write"}
{"cached": 707, "total": 730, "stage": "write"}
{"cached": 708, "total": 730, "stage": "write"}
{"cached": 709, "total": 730, "stage": "write"}
{"cached": 710, "total": 730, "stage": "write"}
{"cached": 711, "total": 730, "stage": "write"}
{"cached": 712, "total": 730, "stage": "write"}
{"cached": 713, "total": 730, "stage": "write"}
{"cached": 714, "total": 730, "stage": "write"}
{"cached": 715, "total": 730, "stage": "write"}
{"cached": 716, "total": 730, "stage": "write"}
{"cached": 717, "total": 730, "stage": "write"}
{"cached": 718, "total": 730, "stage": "write"}
{"cached": 719, "total": 730, "stage": "write"}
{"cached": 720, "total": 730, "stage": "write"}
{"cached": 721, "total": 730, "stage": "write"}
{"cached": 722, "total": 730, "stage": "write"}
{"cached": 723, "total": 730, "stage": "write"}
{"cached": 724, "total": 730, "stage": "write"}
{"cached": 725, "total": 730, "stage": "write"}
{"cached": 726, "total": 730, "stage": "write"}
{"cached": 727, "total": 730, "stage": "write"}
{"cached": 728, "total": 730, "stage": "write"}
{"cached": 729, "total": 730, "stage": "write"}
{"cached": 730, "total": 730, "stage": "write"}
{"resumed_at": 76416, "next_step": 76417, "final_step": 93440, "optimizer_states": 1075}
{"step": 76448, "mse": 0.07970125088468194, "seconds": 49.81378050521016}
{"step": 76480, "mse": 0.039384360890835524, "seconds": 99.17654605209827}
{"step": 76512, "mse": 0.029371030628681183, "seconds": 148.26177041232586}
{"step": 76544, "mse": 0.02125053876079619, "seconds": 197.2219284567982}
{"step": 76576, "mse": 0.08233116753399372, "seconds": 251.38739073090255}
{"step": 76608, "mse": 0.06217939779162407, "seconds": 300.3707666080445}
{"step": 76640, "mse": 0.2620633686892688, "seconds": 349.26256843470037}
{"step": 76672, "mse": 0.0894376146607101, "seconds": 399.51591582782567}
{"step": 76704, "mse": 0.05573695991188288, "seconds": 454.70660248212516}
{"step": 76736, "mse": 0.027878024382516742, "seconds": 504.924783622846}
{"step": 76768, "mse": 0.2623170539736748, "seconds": 555.4278519637883}
{"step": 76800, "mse": 0.24969077645801008, "seconds": 605.5015308633447}
{"step": 76832, "mse": 0.01448918622918427, "seconds": 661.0979694146663}
{"step": 76864, "mse": 0.31277535390108824, "seconds": 709.9141026064754}
{"step": 76896, "mse": 0.2709203886333853, "seconds": 758.7360524535179}
{"step": 76928, "mse": 0.11936927563510835, "seconds": 807.3665479477495}
{"step": 76960, "mse": 0.07123291632160544, "seconds": 860.6005859300494}
{"step": 76992, "mse": 0.029851832892745733, "seconds": 909.5577449351549}
{"step": 77024, "mse": 0.07942097773775458, "seconds": 958.6193147581071}
{"step": 77056, "mse": 0.319556734059006, "seconds": 1008.703740151599}
{"step": 77088, "mse": 0.02616090071387589, "seconds": 1063.7028723731637}
{"step": 77120, "mse": 0.12857041135430336, "seconds": 1113.6824328638613}
{"step": 77152, "mse": 0.15063844388350844, "seconds": 1164.0010411180556}
{"step": 77184, "mse": 0.2910153204575181, "seconds": 1213.9328596387058}
{"step": 77216, "mse": 0.5559780392795801, "seconds": 1267.5320737082511}
{"step": 77248, "mse": 0.22476467490196228, "seconds": 1316.1085678767413}
{"step": 77280, "mse": 0.019870820688083768, "seconds": 1364.791844483465}
{"step": 77312, "mse": 0.029115061974152923, "seconds": 1413.9231267180294}
{"step": 77344, "mse": 0.046669781440868974, "seconds": 1467.1533437110484}
{"step": 77376, "mse": 0.04899559961631894, "seconds": 1515.6422556452453}
{"step": 77408, "mse": 0.06469491450116038, "seconds": 1565.3397461194545}
{"step": 77440, "mse": 0.06339293345808983, "seconds": 1615.2766681481153}
{"step": 77472, "mse": 0.31111718248575926, "seconds": 1669.595773883164}
{"step": 77504, "mse": 0.019634420750662684, "seconds": 1719.0730856508017}
{"step": 77536, "mse": 0.27745210006833076, "seconds": 1768.5433472190052}
{"step": 77568, "mse": 0.33056231401860714, "seconds": 1817.7220581248403}
{"step": 77600, "mse": 0.06452020350843668, "seconds": 1870.1546066477895}
{"step": 77632, "mse": 0.08491590502671897, "seconds": 1918.3564080037177}
{"step": 77664, "mse": 0.29986378364264965, "seconds": 1966.3558504581451}
{"step": 77696, "mse": 0.07017481699585915, "seconds": 2014.3599079307169}
{"step": 77728, "mse": 0.05080017074942589, "seconds": 2066.9050780590624}
{"step": 77760, "mse": 0.08626242447644472, "seconds": 2115.5706681720912}
{"step": 77792, "mse": 0.2038189684972167, "seconds": 2165.2288811430335}
{"step": 77824, "mse": 0.08533784560859203, "seconds": 2214.5914735756814}
{"step": 77856, "mse": 0.17018978809937835, "seconds": 2268.3912161402404}
{"step": 77888, "mse": 0.04757896810770035, "seconds": 2317.836698045954}
{"step": 77920, "mse": 0.020111911464482546, "seconds": 2367.225257752463}
{"step": 77952, "mse": 0.20559386536478996, "seconds": 2415.7987450864166}
{"step": 77984, "mse": 0.2789741992019117, "seconds": 2468.2572478111833}
{"step": 78016, "mse": 0.25956515362486243, "seconds": 2516.274571247399}
{"step": 78048, "mse": 0.42661531502380967, "seconds": 2564.312747787684}
{"step": 78080, "mse": 0.07200673408806324, "seconds": 2612.3241234924644}
{"step": 78112, "mse": 0.27742368169128895, "seconds": 2664.9832665398717}
{"step": 78144, "mse": 0.2369927130639553, "seconds": 2714.608384484425}
{"step": 78176, "mse": 0.5687334083486348, "seconds": 2764.20431509614}
{"step": 78208, "mse": 0.09690609481185675, "seconds": 2814.0089568421245}
{"step": 78240, "mse": 0.12084512086585164, "seconds": 2868.214965933934}
{"step": 78272, "mse": 0.029099409701302648, "seconds": 2918.221992565319}
{"step": 78304, "mse": 0.20984415104612708, "seconds": 2967.4297287855297}
{"step": 78336, "mse": 0.14163944404572248, "seconds": 3015.563115635887}
{"step": 78368, "mse": 0.05175401270389557, "seconds": 3068.2103101834655}
{"step": 78400, "mse": 0.43667592108249664, "seconds": 3116.431976366788}
{"step": 78432, "mse": 0.5124013042077422, "seconds": 3164.651123670861}
{"step": 78464, "mse": 0.4135496970266104, "seconds": 3212.6466507632285}
{"step": 78496, "mse": 0.16511331871151924, "seconds": 3266.2291869297624}
{"step": 78528, "mse": 0.08793410193175077, "seconds": 3315.6489077229053}
{"step": 78560, "mse": 0.3414717623963952, "seconds": 3365.0193125493824}
{"step": 78592, "mse": 0.046421010280027986, "seconds": 3414.680985610932}
{"step": 78624, "mse": 0.012795808492228389, "seconds": 3468.5530503001064}
{"step": 78656, "mse": 0.044118430465459824, "seconds": 3517.9413661640137}
{"step": 78688, "mse": 0.023293941747397184, "seconds": 3566.0199638251215}
{"step": 78720, "mse": 0.10929625597782433, "seconds": 3614.081517431885}
{"step": 78752, "mse": 0.26289913267828524, "seconds": 3666.818160261959}
{"step": 78784, "mse": 0.1761662745848298, "seconds": 3714.813417237252}
{"step": 78816, "mse": 0.36860272008925676, "seconds": 3762.82781554386}
{"step": 78848, "mse": 0.3224390798714012, "seconds": 3811.4093744158745}
{"step": 78880, "mse": 0.07386497873812914, "seconds": 3865.8461349867284}
{"step": 78912, "mse": 0.15416349982842803, "seconds": 3915.845802746713}
{"step": 78944, "mse": 0.2883073170669377, "seconds": 3965.429358892143}
{"step": 78976, "mse": 0.29628289258107543, "seconds": 4015.0969664547592}
{"step": 79008, "mse": 0.043174637481570244, "seconds": 4069.2573554906994}
{"step": 79040, "mse": 0.4637550041079521, "seconds": 4118.250438828021}
Loading pipeline components...:   0%|                    | 0/6 [00:00<?, ?it/s]Loading pipeline components...:  17%|██          | 1/6 [00:00<00:02,  1.92it/s]Loading pipeline components...:  67%|████████    | 4/6 [00:14<00:07,  3.96s/it]Loading pipeline components...:  83%|██████████  | 5/6 [00:16<00:03,  3.41s/it]Loading pipeline components...: 100%|████████████| 6/6 [00:17<00:00,  2.73s/it]Loading pipeline components...: 100%|████████████| 6/6 [00:17<00:00,  2.97s/it]
/inspire/ssd/project/exploration-topic/czxs26210936/envs/vlm-r3-ngc2502/lib/python3.12/site-packages/diffusers/loaders/lora_pipeline.py:6850: FutureWarning: `LoraLoaderMixin` is deprecated and will be removed in version 1.0.0. LoraLoaderMixin is deprecated and this will be removed in a future version. Please use `StableDiffusionLoraLoaderMixin`, instead.
  deprecate("LoraLoaderMixin", "1.0.0", deprecation_message)
{"cached": 1, "total": 730, "stage": "write"}
{"cached": 2, "total": 730, "stage": "write"}
{"cached": 3, "total": 730, "stage": "write"}
{"cached": 4, "total": 730, "stage": "write"}
{"cached": 5, "total": 730, "stage": "write"}
{"cached": 6, "total": 730, "stage": "write"}
{"cached": 7, "total": 730, "stage": "write"}
{"cached": 8, "total": 730, "stage": "write"}
{"cached": 9, "total": 730, "stage": "write"}
{"cached": 10, "total": 730, "stage": "write"}
{"cached": 11, "total": 730, "stage": "write"}
{"cached": 12, "total": 730, "stage": "write"}
{"cached": 13, "total": 730, "stage": "write"}
{"cached": 14, "total": 730, "stage": "write"}
{"cached": 15, "total": 730, "stage": "write"}
{"cached": 16, "total": 730, "stage": "write"}
{"cached": 17, "total": 730, "stage": "write"}
{"cached": 18, "total": 730, "stage": "write"}
{"cached": 19, "total": 730, "stage": "write"}
{"cached": 20, "total": 730, "stage": "write"}
{"cached": 21, "total": 730, "stage": "write"}
{"cached": 22, "total": 730, "stage": "write"}
{"cached": 23, "total": 730, "stage": "write"}
{"cached": 24, "total": 730, "stage": "write"}
{"cached": 25, "total": 730, "stage": "write"}
{"cached": 26, "total": 730, "stage": "write"}
{"cached": 27, "total": 730, "stage": "write"}
{"cached": 28, "total": 730, "stage": "write"}
{"cached": 29, "total": 730, "stage": "write"}
{"cached": 30, "total": 730, "stage": "write"}
{"cached": 31, "total": 730, "stage": "write"}
{"cached": 32, "total": 730, "stage": "write"}
{"cached": 33, "total": 730, "stage": "write"}
{"cached": 34, "total": 730, "stage": "write"}
{"cached": 35, "total": 730, "stage": "write"}
{"cached": 36, "total": 730, "stage": "write"}
{"cached": 37, "total": 730, "stage": "write"}
{"cached": 38, "total": 730, "stage": "write"}
{"cached": 39, "total": 730, "stage": "write"}
{"cached": 40, "total": 730, "stage": "write"}
{"cached": 41, "total": 730, "stage": "write"}
{"cached": 42, "total": 730, "stage": "write"}
{"cached": 43, "total": 730, "stage": "write"}
{"cached": 44, "total": 730, "stage": "write"}
{"cached": 45, "total": 730, "stage": "write"}
{"cached": 46, "total": 730, "stage": "write"}
{"cached": 47, "total": 730, "stage": "write"}
{"cached": 48, "total": 730, "stage": "write"}
{"cached": 49, "total": 730, "stage": "write"}
{"cached": 50, "total": 730, "stage": "write"}
{"cached": 51, "total": 730, "stage": "write"}
{"cached": 52, "total": 730, "stage": "write"}
{"cached": 53, "total": 730, "stage": "write"}
{"cached": 54, "total": 730, "stage": "write"}
{"cached": 55, "total": 730, "stage": "write"}
{"cached": 56, "total": 730, "stage": "write"}
{"cached": 57, "total": 730, "stage": "write"}
{"cached": 58, "total": 730, "stage": "write"}
{"cached": 59, "total": 730, "stage": "write"}
{"cached": 60, "total": 730, "stage": "write"}
{"cached": 61, "total": 730, "stage": "write"}
{"cached": 62, "total": 730, "stage": "write"}
{"cached": 63, "total": 730, "stage": "write"}
{"cached": 64, "total": 730, "stage": "write"}
{"cached": 65, "total": 730, "stage": "write"}
{"cached": 66, "total": 730, "stage": "write"}
{"cached": 67, "total": 730, "stage": "write"}
{"cached": 68, "total": 730, "stage": "write"}
{"cached": 69, "total": 730, "stage": "write"}
{"cached": 70, "total": 730, "stage": "write"}
{"cached": 71, "total": 730, "stage": "write"}
{"cached": 72, "total": 730, "stage": "write"}
{"cached": 73, "total": 730, "stage": "write"}
{"cached": 74, "total": 730, "stage": "write"}
{"cached": 75, "total": 730, "stage": "write"}
{"cached": 76, "total": 730, "stage": "write"}
{"cached": 77, "total": 730, "stage": "write"}
{"cached": 78, "total": 730, "stage": "write"}
{"cached": 79, "total": 730, "stage": "write"}
{"cached": 80, "total": 730, "stage": "write"}
{"cached": 81, "total": 730, "stage": "write"}
{"cached": 82, "total": 730, "stage": "write"}
{"cached": 83, "total": 730, "stage": "write"}
{"cached": 84, "total": 730, "stage": "write"}
{"cached": 85, "total": 730, "stage": "write"}
{"cached": 86, "total": 730, "stage": "write"}
{"cached": 87, "total": 730, "stage": "write"}
{"cached": 88, "total": 730, "stage": "write"}
{"cached": 89, "total": 730, "stage": "write"}
{"cached": 90, "total": 730, "stage": "write"}
{"cached": 91, "total": 730, "stage": "write"}
{"cached": 92, "total": 730, "stage": "write"}
{"cached": 93, "total": 730, "stage": "write"}
{"cached": 94, "total": 730, "stage": "write"}
{"cached": 95, "total": 730, "stage": "write"}
{"cached": 96, "total": 730, "stage": "write"}
{"cached": 97, "total": 730, "stage": "write"}
{"cached": 98, "total": 730, "stage": "write"}
{"cached": 99, "total": 730, "stage": "write"}
{"cached": 100, "total": 730, "stage": "write"}
{"cached": 101, "total": 730, "stage": "write"}
{"cached": 102, "total": 730, "stage": "write"}
{"cached": 103, "total": 730, "stage": "write"}
{"cached": 104, "total": 730, "stage": "write"}
{"cached": 105, "total": 730, "stage": "write"}
{"cached": 106, "total": 730, "stage": "write"}
{"cached": 107, "total": 730, "stage": "write"}
{"cached": 108, "total": 730, "stage": "write"}
{"cached": 109, "total": 730, "stage": "write"}
{"cached": 110, "total": 730, "stage": "write"}
{"cached": 111, "total": 730, "stage": "write"}
{"cached": 112, "total": 730, "stage": "write"}
{"cached": 113, "total": 730, "stage": "write"}
{"cached": 114, "total": 730, "stage": "write"}
{"cached": 115, "total": 730, "stage": "write"}
{"cached": 116, "total": 730, "stage": "write"}
{"cached": 117, "total": 730, "stage": "write"}
{"cached": 118, "total": 730, "stage": "write"}
{"cached": 119, "total": 730, "stage": "write"}
{"cached": 120, "total": 730, "stage": "write"}
{"cached": 121, "total": 730, "stage": "write"}
{"cached": 122, "total": 730, "stage": "write"}
{"cached": 123, "total": 730, "stage": "write"}
{"cached": 124, "total": 730, "stage": "write"}
{"cached": 125, "total": 730, "stage": "write"}
{"cached": 126, "total": 730, "stage": "write"}
{"cached": 127, "total": 730, "stage": "write"}
{"cached": 128, "total": 730, "stage": "write"}
{"cached": 129, "total": 730, "stage": "write"}
{"cached": 130, "total": 730, "stage": "write"}
{"cached": 131, "total": 730, "stage": "write"}
{"cached": 132, "total": 730, "stage": "write"}
{"cached": 133, "total": 730, "stage": "write"}
{"cached": 134, "total": 730, "stage": "write"}
{"cached": 135, "total": 730, "stage": "write"}
{"cached": 136, "total": 730, "stage": "write"}
{"cached": 137, "total": 730, "stage": "write"}
{"cached": 138, "total": 730, "stage": "write"}
{"cached": 139, "total": 730, "stage": "write"}
{"cached": 140, "total": 730, "stage": "write"}
{"cached": 141, "total": 730, "stage": "write"}
{"cached": 142, "total": 730, "stage": "write"}
{"cached": 143, "total": 730, "stage": "write"}
{"cached": 144, "total": 730, "stage": "write"}
{"cached": 145, "total": 730, "stage": "write"}
{"cached": 146, "total": 730, "stage": "write"}
{"cached": 147, "total": 730, "stage": "write"}
{"cached": 148, "total": 730, "stage": "write"}
{"cached": 149, "total": 730, "stage": "write"}
{"cached": 150, "total": 730, "stage": "write"}
{"cached": 151, "total": 730, "stage": "write"}
{"cached": 152, "total": 730, "stage": "write"}
{"cached": 153, "total": 730, "stage": "write"}
{"cached": 154, "total": 730, "stage": "write"}
{"cached": 155, "total": 730, "stage": "write"}
{"cached": 156, "total": 730, "stage": "write"}
{"cached": 157, "total": 730, "stage": "write"}
{"cached": 158, "total": 730, "stage": "write"}
{"cached": 159, "total": 730, "stage": "write"}
{"cached": 160, "total": 730, "stage": "write"}
{"cached": 161, "total": 730, "stage": "write"}
{"cached": 162, "total": 730, "stage": "write"}
{"cached": 163, "total": 730, "stage": "write"}
{"cached": 164, "total": 730, "stage": "write"}
{"cached": 165, "total": 730, "stage": "write"}
{"cached": 166, "total": 730, "stage": "write"}
{"cached": 167, "total": 730, "stage": "write"}
{"cached": 168, "total": 730, "stage": "write"}
{"cached": 169, "total": 730, "stage": "write"}
{"cached": 170, "total": 730, "stage": "write"}
{"cached": 171, "total": 730, "stage": "write"}
{"cached": 172, "total": 730, "stage": "write"}
{"cached": 173, "total": 730, "stage": "write"}
{"cached": 174, "total": 730, "stage": "write"}
{"cached": 175, "total": 730, "stage": "write"}
{"cached": 176, "total": 730, "stage": "write"}
{"cached": 177, "total": 730, "stage": "write"}
{"cached": 178, "total": 730, "stage": "write"}
{"cached": 179, "total": 730, "stage": "write"}
{"cached": 180, "total": 730, "stage": "write"}
{"cached": 181, "total": 730, "stage": "write"}
{"cached": 182, "total": 730, "stage": "write"}
{"cached": 183, "total": 730, "stage": "write"}
{"cached": 184, "total": 730, "stage": "write"}
{"cached": 185, "total": 730, "stage": "write"}
{"cached": 186, "total": 730, "stage": "write"}
{"cached": 187, "total": 730, "stage": "write"}
{"cached": 188, "total": 730, "stage": "write"}
{"cached": 189, "total": 730, "stage": "write"}
{"cached": 190, "total": 730, "stage": "write"}
{"cached": 191, "total": 730, "stage": "write"}
{"cached": 192, "total": 730, "stage": "write"}
{"cached": 193, "total": 730, "stage": "write"}
{"cached": 194, "total": 730, "stage": "write"}
{"cached": 195, "total": 730, "stage": "write"}
{"cached": 196, "total": 730, "stage": "write"}
{"cached": 197, "total": 730, "stage": "write"}
{"cached": 198, "total": 730, "stage": "write"}
{"cached": 199, "total": 730, "stage": "write"}
{"cached": 200, "total": 730, "stage": "write"}
{"cached": 201, "total": 730, "stage": "write"}
{"cached": 202, "total": 730, "stage": "write"}
{"cached": 203, "total": 730, "stage": "write"}
{"cached": 204, "total": 730, "stage": "write"}
{"cached": 205, "total": 730, "stage": "write"}
{"cached": 206, "total": 730, "stage": "write"}
{"cached": 207, "total": 730, "stage": "write"}
{"cached": 208, "total": 730, "stage": "write"}
{"cached": 209, "total": 730, "stage": "write"}
{"cached": 210, "total": 730, "stage": "write"}
{"cached": 211, "total": 730, "stage": "write"}
{"cached": 212, "total": 730, "stage": "write"}
{"cached": 213, "total": 730, "stage": "write"}
{"cached": 214, "total": 730, "stage": "write"}
{"cached": 215, "total": 730, "stage": "write"}
{"cached": 216, "total": 730, "stage": "write"}
{"cached": 217, "total": 730, "stage": "write"}
{"cached": 218, "total": 730, "stage": "write"}
{"cached": 219, "total": 730, "stage": "write"}
{"cached": 220, "total": 730, "stage": "write"}
{"cached": 221, "total": 730, "stage": "write"}
{"cached": 222, "total": 730, "stage": "write"}
{"cached": 223, "total": 730, "stage": "write"}
{"cached": 224, "total": 730, "stage": "write"}
{"cached": 225, "total": 730, "stage": "write"}
{"cached": 226, "total": 730, "stage": "write"}
{"cached": 227, "total": 730, "stage": "write"}
{"cached": 228, "total": 730, "stage": "write"}
{"cached": 229, "total": 730, "stage": "write"}
{"cached": 230, "total": 730, "stage": "write"}
{"cached": 231, "total": 730, "stage": "write"}
{"cached": 232, "total": 730, "stage": "write"}
{"cached": 233, "total": 730, "stage": "write"}
{"cached": 234, "total": 730, "stage": "write"}
{"cached": 235, "total": 730, "stage": "write"}
{"cached": 236, "total": 730, "stage": "write"}
{"cached": 237, "total": 730, "stage": "write"}
{"cached": 238, "total": 730, "stage": "write"}
{"cached": 239, "total": 730, "stage": "write"}
{"cached": 240, "total": 730, "stage": "write"}
{"cached": 241, "total": 730, "stage": "write"}
{"cached": 242, "total": 730, "stage": "write"}
{"cached": 243, "total": 730, "stage": "write"}
{"cached": 244, "total": 730, "stage": "write"}
{"cached": 245, "total": 730, "stage": "write"}
{"cached": 246, "total": 730, "stage": "write"}
{"cached": 247, "total": 730, "stage": "write"}
{"cached": 248, "total": 730, "stage": "write"}
{"cached": 249, "total": 730, "stage": "write"}
{"cached": 250, "total": 730, "stage": "write"}
{"cached": 251, "total": 730, "stage": "write"}
{"cached": 252, "total": 730, "stage": "write"}
{"cached": 253, "total": 730, "stage": "write"}
{"cached": 254, "total": 730, "stage": "write"}
{"cached": 255, "total": 730, "stage": "write"}
{"cached": 256, "total": 730, "stage": "write"}
{"cached": 257, "total": 730, "stage": "write"}
{"cached": 258, "total": 730, "stage": "write"}
{"cached": 259, "total": 730, "stage": "write"}
{"cached": 260, "total": 730, "stage": "write"}
{"cached": 261, "total": 730, "stage": "write"}
{"cached": 262, "total": 730, "stage": "write"}
{"cached": 263, "total": 730, "stage": "write"}
{"cached": 264, "total": 730, "stage": "write"}
{"cached": 265, "total": 730, "stage": "write"}
{"cached": 266, "total": 730, "stage": "write"}
{"cached": 267, "total": 730, "stage": "write"}
{"cached": 268, "total": 730, "stage": "write"}
{"cached": 269, "total": 730, "stage": "write"}
{"cached": 270, "total": 730, "stage": "write"}
{"cached": 271, "total": 730, "stage": "write"}
{"cached": 272, "total": 730, "stage": "write"}
{"cached": 273, "total": 730, "stage": "write"}
{"cached": 274, "total": 730, "stage": "write"}
{"cached": 275, "total": 730, "stage": "write"}
{"cached": 276, "total": 730, "stage": "write"}
{"cached": 277, "total": 730, "stage": "write"}
{"cached": 278, "total": 730, "stage": "write"}
{"cached": 279, "total": 730, "stage": "write"}
{"cached": 280, "total": 730, "stage": "write"}
{"cached": 281, "total": 730, "stage": "write"}
{"cached": 282, "total": 730, "stage": "write"}
{"cached": 283, "total": 730, "stage": "write"}
{"cached": 284, "total": 730, "stage": "write"}
{"cached": 285, "total": 730, "stage": "write"}
{"cached": 286, "total": 730, "stage": "write"}
{"cached": 287, "total": 730, "stage": "write"}
{"cached": 288, "total": 730, "stage": "write"}
{"cached": 289, "total": 730, "stage": "write"}
{"cached": 290, "total": 730, "stage": "write"}
{"cached": 291, "total": 730, "stage": "write"}
{"cached": 292, "total": 730, "stage": "write"}
{"cached": 293, "total": 730, "stage": "write"}
{"cached": 294, "total": 730, "stage": "write"}
{"cached": 295, "total": 730, "stage": "write"}
{"cached": 296, "total": 730, "stage": "write"}
{"cached": 297, "total": 730, "stage": "write"}
{"cached": 298, "total": 730, "stage": "write"}
{"cached": 299, "total": 730, "stage": "write"}
{"cached": 300, "total": 730, "stage": "write"}
{"cached": 301, "total": 730, "stage": "write"}
{"cached": 302, "total": 730, "stage": "write"}
{"cached": 303, "total": 730, "stage": "write"}
{"cached": 304, "total": 730, "stage": "write"}
{"cached": 305, "total": 730, "stage": "write"}
{"cached": 306, "total": 730, "stage": "write"}
{"cached": 307, "total": 730, "stage": "write"}
{"cached": 308, "total": 730, "stage": "write"}
{"cached": 309, "total": 730, "stage": "write"}
{"cached": 310, "total": 730, "stage": "write"}
{"cached": 311, "total": 730, "stage": "write"}
{"cached": 312, "total": 730, "stage": "write"}
{"cached": 313, "total": 730, "stage": "write"}
{"cached": 314, "total": 730, "stage": "write"}
{"cached": 315, "total": 730, "stage": "write"}
{"cached": 316, "total": 730, "stage": "write"}
{"cached": 317, "total": 730, "stage": "write"}
{"cached": 318, "total": 730, "stage": "write"}
{"cached": 319, "total": 730, "stage": "write"}
{"cached": 320, "total": 730, "stage": "write"}
{"cached": 321, "total": 730, "stage": "write"}
{"cached": 322, "total": 730, "stage": "write"}
{"cached": 323, "total": 730, "stage": "write"}
{"cached": 324, "total": 730, "stage": "write"}
{"cached": 325, "total": 730, "stage": "write"}
{"cached": 326, "total": 730, "stage": "write"}
{"cached": 327, "total": 730, "stage": "write"}
{"cached": 328, "total": 730, "stage": "write"}
{"cached": 329, "total": 730, "stage": "write"}
{"cached": 330, "total": 730, "stage": "write"}
{"cached": 331, "total": 730, "stage": "write"}
{"cached": 332, "total": 730, "stage": "write"}
{"cached": 333, "total": 730, "stage": "write"}
{"cached": 334, "total": 730, "stage": "write"}
{"cached": 335, "total": 730, "stage": "write"}
{"cached": 336, "total": 730, "stage": "write"}
{"cached": 337, "total": 730, "stage": "write"}
{"cached": 338, "total": 730, "stage": "write"}
{"cached": 339, "total": 730, "stage": "write"}
{"cached": 340, "total": 730, "stage": "write"}
{"cached": 341, "total": 730, "stage": "write"}
{"cached": 342, "total": 730, "stage": "write"}
{"cached": 343, "total": 730, "stage": "write"}
{"cached": 344, "total": 730, "stage": "write"}
{"cached": 345, "total": 730, "stage": "write"}
{"cached": 346, "total": 730, "stage": "write"}
{"cached": 347, "total": 730, "stage": "write"}
{"cached": 348, "total": 730, "stage": "write"}
{"cached": 349, "total": 730, "stage": "write"}
{"cached": 350, "total": 730, "stage": "write"}
{"cached": 351, "total": 730, "stage": "write"}
{"cached": 352, "total": 730, "stage": "write"}
{"cached": 353, "total": 730, "stage": "write"}
{"cached": 354, "total": 730, "stage": "write"}
{"cached": 355, "total": 730, "stage": "write"}
{"cached": 356, "total": 730, "stage": "write"}
{"cached": 357, "total": 730, "stage": "write"}
{"cached": 358, "total": 730, "stage": "write"}
{"cached": 359, "total": 730, "stage": "write"}
{"cached": 360, "total": 730, "stage": "write"}
{"cached": 361, "total": 730, "stage": "write"}
{"cached": 362, "total": 730, "stage": "write"}
{"cached": 363, "total": 730, "stage": "write"}
{"cached": 364, "total": 730, "stage": "write"}
{"cached": 365, "total": 730, "stage": "write"}
{"cached": 366, "total": 730, "stage": "write"}
{"cached": 367, "total": 730, "stage": "write"}
{"cached": 368, "total": 730, "stage": "write"}
{"cached": 369, "total": 730, "stage": "write"}
{"cached": 370, "total": 730, "stage": "write"}
{"cached": 371, "total": 730, "stage": "write"}
{"cached": 372, "total": 730, "stage": "write"}
{"cached": 373, "total": 730, "stage": "write"}
{"cached": 374, "total": 730, "stage": "write"}
{"cached": 375, "total": 730, "stage": "write"}
{"cached": 376, "total": 730, "stage": "write"}
{"cached": 377, "total": 730, "stage": "write"}
{"cached": 378, "total": 730, "stage": "write"}
{"cached": 379, "total": 730, "stage": "write"}
{"cached": 380, "total": 730, "stage": "write"}
{"cached": 381, "total": 730, "stage": "write"}
{"cached": 382, "total": 730, "stage": "write"}
{"cached": 383, "total": 730, "stage": "write"}
{"cached": 384, "total": 730, "stage": "write"}
{"cached": 385, "total": 730, "stage": "write"}
{"cached": 386, "total": 730, "stage": "write"}
{"cached": 387, "total": 730, "stage": "write"}
{"cached": 388, "total": 730, "stage": "write"}
{"cached": 389, "total": 730, "stage": "write"}
{"cached": 390, "total": 730, "stage": "write"}
{"cached": 391, "total": 730, "stage": "write"}
{"cached": 392, "total": 730, "stage": "write"}
{"cached": 393, "total": 730, "stage": "write"}
{"cached": 394, "total": 730, "stage": "write"}
{"cached": 395, "total": 730, "stage": "write"}
{"cached": 396, "total": 730, "stage": "write"}
{"cached": 397, "total": 730, "stage": "write"}
{"cached": 398, "total": 730, "stage": "write"}
{"cached": 399, "total": 730, "stage": "write"}
{"cached": 400, "total": 730, "stage": "write"}
{"cached": 401, "total": 730, "stage": "write"}
{"cached": 402, "total": 730, "stage": "write"}
{"cached": 403, "total": 730, "stage": "write"}
{"cached": 404, "total": 730, "stage": "write"}
{"cached": 405, "total": 730, "stage": "write"}
{"cached": 406, "total": 730, "stage": "write"}
{"cached": 407, "total": 730, "stage": "write"}
{"cached": 408, "total": 730, "stage": "write"}
{"cached": 409, "total": 730, "stage": "write"}
{"cached": 410, "total": 730, "stage": "write"}
{"cached": 411, "total": 730, "stage": "write"}
{"cached": 412, "total": 730, "stage": "write"}
{"cached": 413, "total": 730, "stage": "write"}
{"cached": 414, "total": 730, "stage": "write"}
{"cached": 415, "total": 730, "stage": "write"}
{"cached": 416, "total": 730, "stage": "write"}
{"cached": 417, "total": 730, "stage": "write"}
{"cached": 418, "total": 730, "stage": "write"}
{"cached": 419, "total": 730, "stage": "write"}
{"cached": 420, "total": 730, "stage": "write"}
{"cached": 421, "total": 730, "stage": "write"}
{"cached": 422, "total": 730, "stage": "write"}
{"cached": 423, "total": 730, "stage": "write"}
{"cached": 424, "total": 730, "stage": "write"}
{"cached": 425, "total": 730, "stage": "write"}
{"cached": 426, "total": 730, "stage": "write"}
{"cached": 427, "total": 730, "stage": "write"}
{"cached": 428, "total": 730, "stage": "write"}
{"cached": 429, "total": 730, "stage": "write"}
{"cached": 430, "total": 730, "stage": "write"}
{"cached": 431, "total": 730, "stage": "write"}
{"cached": 432, "total": 730, "stage": "write"}
{"cached": 433, "total": 730, "stage": "write"}
{"cached": 434, "total": 730, "stage": "write"}
{"cached": 435, "total": 730, "stage": "write"}
{"cached": 436, "total": 730, "stage": "write"}
{"cached": 437, "total": 730, "stage": "write"}
{"cached": 438, "total": 730, "stage": "write"}
{"cached": 439, "total": 730, "stage": "write"}
{"cached": 440, "total": 730, "stage": "write"}
{"cached": 441, "total": 730, "stage": "write"}
{"cached": 442, "total": 730, "stage": "write"}
{"cached": 443, "total": 730, "stage": "write"}
{"cached": 444, "total": 730, "stage": "write"}
{"cached": 445, "total": 730, "stage": "write"}
{"cached": 446, "total": 730, "stage": "write"}
{"cached": 447, "total": 730, "stage": "write"}
{"cached": 448, "total": 730, "stage": "write"}
{"cached": 449, "total": 730, "stage": "write"}
{"cached": 450, "total": 730, "stage": "write"}
{"cached": 451, "total": 730, "stage": "write"}
{"cached": 452, "total": 730, "stage": "write"}
{"cached": 453, "total": 730, "stage": "write"}
{"cached": 454, "total": 730, "stage": "write"}
{"cached": 455, "total": 730, "stage": "write"}
{"cached": 456, "total": 730, "stage": "write"}
{"cached": 457, "total": 730, "stage": "write"}
{"cached": 458, "total": 730, "stage": "write"}
{"cached": 459, "total": 730, "stage": "write"}
{"cached": 460, "total": 730, "stage": "write"}
{"cached": 461, "total": 730, "stage": "write"}
{"cached": 462, "total": 730, "stage": "write"}
{"cached": 463, "total": 730, "stage": "write"}
{"cached": 464, "total": 730, "stage": "write"}
{"cached": 465, "total": 730, "stage": "write"}
{"cached": 466, "total": 730, "stage": "write"}
{"cached": 467, "total": 730, "stage": "write"}
{"cached": 468, "total": 730, "stage": "write"}
{"cached": 469, "total": 730, "stage": "write"}
{"cached": 470, "total": 730, "stage": "write"}
{"cached": 471, "total": 730, "stage": "write"}
{"cached": 472, "total": 730, "stage": "write"}
{"cached": 473, "total": 730, "stage": "write"}
{"cached": 474, "total": 730, "stage": "write"}
{"cached": 475, "total": 730, "stage": "write"}
{"cached": 476, "total": 730, "stage": "write"}
{"cached": 477, "total": 730, "stage": "write"}
{"cached": 478, "total": 730, "stage": "write"}
{"cached": 479, "total": 730, "stage": "write"}
{"cached": 480, "total": 730, "stage": "write"}
{"cached": 481, "total": 730, "stage": "write"}
{"cached": 482, "total": 730, "stage": "write"}
{"cached": 483, "total": 730, "stage": "write"}
{"cached": 484, "total": 730, "stage": "write"}
{"cached": 485, "total": 730, "stage": "write"}
{"cached": 486, "total": 730, "stage": "write"}
{"cached": 487, "total": 730, "stage": "write"}
{"cached": 488, "total": 730, "stage": "write"}
{"cached": 489, "total": 730, "stage": "write"}
{"cached": 490, "total": 730, "stage": "write"}
{"cached": 491, "total": 730, "stage": "write"}
{"cached": 492, "total": 730, "stage": "write"}
{"cached": 493, "total": 730, "stage": "write"}
{"cached": 494, "total": 730, "stage": "write"}
{"cached": 495, "total": 730, "stage": "write"}
{"cached": 496, "total": 730, "stage": "write"}
{"cached": 497, "total": 730, "stage": "write"}
{"cached": 498, "total": 730, "stage": "write"}
{"cached": 499, "total": 730, "stage": "write"}
{"cached": 500, "total": 730, "stage": "write"}
{"cached": 501, "total": 730, "stage": "write"}
{"cached": 502, "total": 730, "stage": "write"}
{"cached": 503, "total": 730, "stage": "write"}
{"cached": 504, "total": 730, "stage": "write"}
{"cached": 505, "total": 730, "stage": "write"}
{"cached": 506, "total": 730, "stage": "write"}
{"cached": 507, "total": 730, "stage": "write"}
{"cached": 508, "total": 730, "stage": "write"}
{"cached": 509, "total": 730, "stage": "write"}
{"cached": 510, "total": 730, "stage": "write"}
{"cached": 511, "total": 730, "stage": "write"}
{"cached": 512, "total": 730, "stage": "write"}
{"cached": 513, "total": 730, "stage": "write"}
{"cached": 514, "total": 730, "stage": "write"}
{"cached": 515, "total": 730, "stage": "write"}
{"cached": 516, "total": 730, "stage": "write"}
{"cached": 517, "total": 730, "stage": "write"}
{"cached": 518, "total": 730, "stage": "write"}
{"cached": 519, "total": 730, "stage": "write"}
{"cached": 520, "total": 730, "stage": "write"}
{"cached": 521, "total": 730, "stage": "write"}
{"cached": 522, "total": 730, "stage": "write"}
{"cached": 523, "total": 730, "stage": "write"}
{"cached": 524, "total": 730, "stage": "write"}
{"cached": 525, "total": 730, "stage": "write"}
{"cached": 526, "total": 730, "stage": "write"}
{"cached": 527, "total": 730, "stage": "write"}
{"cached": 528, "total": 730, "stage": "write"}
{"cached": 529, "total": 730, "stage": "write"}
{"cached": 530, "total": 730, "stage": "write"}
{"cached": 531, "total": 730, "stage": "write"}
{"cached": 532, "total": 730, "stage": "write"}
{"cached": 533, "total": 730, "stage": "write"}
{"cached": 534, "total": 730, "stage": "write"}
{"cached": 535, "total": 730, "stage": "write"}
{"cached": 536, "total": 730, "stage": "write"}
{"cached": 537, "total": 730, "stage": "write"}
{"cached": 538, "total": 730, "stage": "write"}
{"cached": 539, "total": 730, "stage": "write"}
{"cached": 540, "total": 730, "stage": "write"}
{"cached": 541, "total": 730, "stage": "write"}
{"cached": 542, "total": 730, "stage": "write"}
{"cached": 543, "total": 730, "stage": "write"}
{"cached": 544, "total": 730, "stage": "write"}
{"cached": 545, "total": 730, "stage": "write"}
{"cached": 546, "total": 730, "stage": "write"}
{"cached": 547, "total": 730, "stage": "write"}
{"cached": 548, "total": 730, "stage": "write"}
{"cached": 549, "total": 730, "stage": "write"}
{"cached": 550, "total": 730, "stage": "write"}
{"cached": 551, "total": 730, "stage": "write"}
{"cached": 552, "total": 730, "stage": "write"}
{"cached": 553, "total": 730, "stage": "write"}
{"cached": 554, "total": 730, "stage": "write"}
{"cached": 555, "total": 730, "stage": "write"}
{"cached": 556, "total": 730, "stage": "write"}
{"cached": 557, "total": 730, "stage": "write"}
{"cached": 558, "total": 730, "stage": "write"}
{"cached": 559, "total": 730, "stage": "write"}
{"cached": 560, "total": 730, "stage": "write"}
{"cached": 561, "total": 730, "stage": "write"}
{"cached": 562, "total": 730, "stage": "write"}
{"cached": 563, "total": 730, "stage": "write"}
{"cached": 564, "total": 730, "stage": "write"}
{"cached": 565, "total": 730, "stage": "write"}
{"cached": 566, "total": 730, "stage": "write"}
{"cached": 567, "total": 730, "stage": "write"}
{"cached": 568, "total": 730, "stage": "write"}
{"cached": 569, "total": 730, "stage": "write"}
{"cached": 570, "total": 730, "stage": "write"}
{"cached": 571, "total": 730, "stage": "write"}
{"cached": 572, "total": 730, "stage": "write"}
{"cached": 573, "total": 730, "stage": "write"}
{"cached": 574, "total": 730, "stage": "write"}
{"cached": 575, "total": 730, "stage": "write"}
{"cached": 576, "total": 730, "stage": "write"}
{"cached": 577, "total": 730, "stage": "write"}
{"cached": 578, "total": 730, "stage": "write"}
{"cached": 579, "total": 730, "stage": "write"}
{"cached": 580, "total": 730, "stage": "write"}
{"cached": 581, "total": 730, "stage": "write"}
{"cached": 582, "total": 730, "stage": "write"}
{"cached": 583, "total": 730, "stage": "write"}
{"cached": 584, "total": 730, "stage": "write"}
{"cached": 585, "total": 730, "stage": "write"}
{"cached": 586, "total": 730, "stage": "write"}
{"cached": 587, "total": 730, "stage": "write"}
{"cached": 588, "total": 730, "stage": "write"}
{"cached": 589, "total": 730, "stage": "write"}
{"cached": 590, "total": 730, "stage": "write"}
{"cached": 591, "total": 730, "stage": "write"}
{"cached": 592, "total": 730, "stage": "write"}
{"cached": 593, "total": 730, "stage": "write"}
{"cached": 594, "total": 730, "stage": "write"}
{"cached": 595, "total": 730, "stage": "write"}
{"cached": 596, "total": 730, "stage": "write"}
{"cached": 597, "total": 730, "stage": "write"}
{"cached": 598, "total": 730, "stage": "write"}
{"cached": 599, "total": 730, "stage": "write"}
{"cached": 600, "total": 730, "stage": "write"}
{"cached": 601, "total": 730, "stage": "write"}
{"cached": 602, "total": 730, "stage": "write"}
{"cached": 603, "total": 730, "stage": "write"}
{"cached": 604, "total": 730, "stage": "write"}
{"cached": 605, "total": 730, "stage": "write"}
{"cached": 606, "total": 730, "stage": "write"}
{"cached": 607, "total": 730, "stage": "write"}
{"cached": 608, "total": 730, "stage": "write"}
{"cached": 609, "total": 730, "stage": "write"}
{"cached": 610, "total": 730, "stage": "write"}
{"cached": 611, "total": 730, "stage": "write"}
{"cached": 612, "total": 730, "stage": "write"}
{"cached": 613, "total": 730, "stage": "write"}
{"cached": 614, "total": 730, "stage": "write"}
{"cached": 615, "total": 730, "stage": "write"}
{"cached": 616, "total": 730, "stage": "write"}
{"cached": 617, "total": 730, "stage": "write"}
{"cached": 618, "total": 730, "stage": "write"}
{"cached": 619, "total": 730, "stage": "write"}
{"cached": 620, "total": 730, "stage": "write"}
{"cached": 621, "total": 730, "stage": "write"}
{"cached": 622, "total": 730, "stage": "write"}
{"cached": 623, "total": 730, "stage": "write"}
{"cached": 624, "total": 730, "stage": "write"}
{"cached": 625, "total": 730, "stage": "write"}
{"cached": 626, "total": 730, "stage": "write"}
{"cached": 627, "total": 730, "stage": "write"}
{"cached": 628, "total": 730, "stage": "write"}
{"cached": 629, "total": 730, "stage": "write"}
{"cached": 630, "total": 730, "stage": "write"}
{"cached": 631, "total": 730, "stage": "write"}
{"cached": 632, "total": 730, "stage": "write"}
{"cached": 633, "total": 730, "stage": "write"}
{"cached": 634, "total": 730, "stage": "write"}
{"cached": 635, "total": 730, "stage": "write"}
{"cached": 636, "total": 730, "stage": "write"}
{"cached": 637, "total": 730, "stage": "write"}
{"cached": 638, "total": 730, "stage": "write"}
{"cached": 639, "total": 730, "stage": "write"}
{"cached": 640, "total": 730, "stage": "write"}
{"cached": 641, "total": 730, "stage": "write"}
{"cached": 642, "total": 730, "stage": "write"}
{"cached": 643, "total": 730, "stage": "write"}
{"cached": 644, "total": 730, "stage": "write"}
{"cached": 645, "total": 730, "stage": "write"}
{"cached": 646, "total": 730, "stage": "write"}
{"cached": 647, "total": 730, "stage": "write"}
{"cached": 648, "total": 730, "stage": "write"}
{"cached": 649, "total": 730, "stage": "write"}
{"cached": 650, "total": 730, "stage": "write"}
{"cached": 651, "total": 730, "stage": "write"}
{"cached": 652, "total": 730, "stage": "write"}
{"cached": 653, "total": 730, "stage": "write"}
{"cached": 654, "total": 730, "stage": "write"}
{"cached": 655, "total": 730, "stage": "write"}
{"cached": 656, "total": 730, "stage": "write"}
{"cached": 657, "total": 730, "stage": "write"}
{"cached": 658, "total": 730, "stage": "write"}
{"cached": 659, "total": 730, "stage": "write"}
{"cached": 660, "total": 730, "stage": "write"}
{"cached": 661, "total": 730, "stage": "write"}
{"cached": 662, "total": 730, "stage": "write"}
{"cached": 663, "total": 730, "stage": "write"}
{"cached": 664, "total": 730, "stage": "write"}
{"cached": 665, "total": 730, "stage": "write"}
{"cached": 666, "total": 730, "stage": "write"}
{"cached": 667, "total": 730, "stage": "write"}
{"cached": 668, "total": 730, "stage": "write"}
{"cached": 669, "total": 730, "stage": "write"}
{"cached": 670, "total": 730, "stage": "write"}
{"cached": 671, "total": 730, "stage": "write"}
{"cached": 672, "total": 730, "stage": "write"}
{"cached": 673, "total": 730, "stage": "write"}
{"cached": 674, "total": 730, "stage": "write"}
{"cached": 675, "total": 730, "stage": "write"}
{"cached": 676, "total": 730, "stage": "write"}
{"cached": 677, "total": 730, "stage": "write"}
{"cached": 678, "total": 730, "stage": "write"}
{"cached": 679, "total": 730, "stage": "write"}
{"cached": 680, "total": 730, "stage": "write"}
{"cached": 681, "total": 730, "stage": "write"}
{"cached": 682, "total": 730, "stage": "write"}
{"cached": 683, "total": 730, "stage": "write"}
{"cached": 684, "total": 730, "stage": "write"}
{"cached": 685, "total": 730, "stage": "write"}
{"cached": 686, "total": 730, "stage": "write"}
{"cached": 687, "total": 730, "stage": "write"}
{"cached": 688, "total": 730, "stage": "write"}
{"cached": 689, "total": 730, "stage": "write"}
{"cached": 690, "total": 730, "stage": "write"}
{"cached": 691, "total": 730, "stage": "write"}
{"cached": 692, "total": 730, "stage": "write"}
{"cached": 693, "total": 730, "stage": "write"}
{"cached": 694, "total": 730, "stage": "write"}
{"cached": 695, "total": 730, "stage": "write"}
{"cached": 696, "total": 730, "stage": "write"}
{"cached": 697, "total": 730, "stage": "write"}
{"cached": 698, "total": 730, "stage": "write"}
{"cached": 699, "total": 730, "stage": "write"}
{"cached": 700, "total": 730, "stage": "write"}
{"cached": 701, "total": 730, "stage": "write"}
{"cached": 702, "total": 730, "stage": "write"}
{"cached": 703, "total": 730, "stage": "write"}
{"cached": 704, "total": 730, "stage": "write"}
{"cached": 705, "total": 730, "stage": "write"}
{"cached": 706, "total": 730, "stage": "write"}
{"cached": 707, "total": 730, "stage": "write"}
{"cached": 708, "total": 730, "stage": "write"}
{"cached": 709, "total": 730, "stage": "write"}
{"cached": 710, "total": 730, "stage": "write"}
{"cached": 711, "total": 730, "stage": "write"}
{"cached": 712, "total": 730, "stage": "write"}
{"cached": 713, "total": 730, "stage": "write"}
{"cached": 714, "total": 730, "stage": "write"}
{"cached": 715, "total": 730, "stage": "write"}
{"cached": 716, "total": 730, "stage": "write"}
{"cached": 717, "total": 730, "stage": "write"}
{"cached": 718, "total": 730, "stage": "write"}
{"cached": 719, "total": 730, "stage": "write"}
{"cached": 720, "total": 730, "stage": "write"}
{"cached": 721, "total": 730, "stage": "write"}
{"cached": 722, "total": 730, "stage": "write"}
{"cached": 723, "total": 730, "stage": "write"}
{"cached": 724, "total": 730, "stage": "write"}
{"cached": 725, "total": 730, "stage": "write"}
{"cached": 726, "total": 730, "stage": "write"}
{"cached": 727, "total": 730, "stage": "write"}
{"cached": 728, "total": 730, "stage": "write"}
{"cached": 729, "total": 730, "stage": "write"}
{"cached": 730, "total": 730, "stage": "write"}
{"resumed_at": 78976, "next_step": 78977, "final_step": 93440, "optimizer_states": 1075}
{"step": 79008, "mse": 0.043174637481570244, "seconds": 50.531246738508344}
{"step": 79040, "mse": 0.4637550041079521, "seconds": 99.82594806700945}
{"step": 79072, "mse": 0.049846910405904055, "seconds": 148.73207027837634}
{"step": 79104, "mse": 0.07363022421486676, "seconds": 197.40748548693955}
{"step": 79136, "mse": 0.13271458842791617, "seconds": 251.7385127414018}
{"step": 79168, "mse": 0.1594255343079567, "seconds": 300.6340467464179}
{"step": 79200, "mse": 0.26451964769512415, "seconds": 349.47741392068565}
{"step": 79232, "mse": 0.04353777877986431, "seconds": 399.909772625193}
{"step": 79264, "mse": 0.0759676625020802, "seconds": 455.2220119088888}
{"step": 79296, "mse": 0.2188332020305097, "seconds": 505.77973584085703}
{"step": 79328, "mse": 0.08866621926426888, "seconds": 556.3428952097893}
{"step": 79360, "mse": 0.39062803611159325, "seconds": 606.7083004042506}
{"step": 79392, "mse": 0.10394233511760831, "seconds": 662.6588812321424}
{"step": 79424, "mse": 0.040975994896143675, "seconds": 711.7657279688865}
{"step": 79456, "mse": 0.09064513351768255, "seconds": 760.9063151199371}
{"step": 79488, "mse": 0.016658418579027057, "seconds": 809.8535108249635}
{"step": 79520, "mse": 0.09874485689215362, "seconds": 864.360529391095}
{"step": 79552, "mse": 0.20488233002834022, "seconds": 913.567202957347}
{"step": 79584, "mse": 0.03920314973220229, "seconds": 962.9641527235508}
{"step": 79616, "mse": 0.0491941780783236, "seconds": 1013.0346356164664}
{"step": 79648, "mse": 0.021164813544601202, "seconds": 1068.1232081521302}
{"step": 79680, "mse": 0.01798369991593063, "seconds": 1118.4509738981724}
{"step": 79712, "mse": 0.05625187512487173, "seconds": 1168.967153808102}
{"step": 79744, "mse": 0.12966230604797602, "seconds": 1219.1200510561466}
{"step": 79776, "mse": 0.06438432657159865, "seconds": 1273.191963583231}
{"step": 79808, "mse": 0.27369242650456727, "seconds": 1322.0519776884466}
{"step": 79840, "mse": 0.2401302345097065, "seconds": 1370.891242787242}
{"step": 79872, "mse": 0.02187671745195985, "seconds": 1420.072393545881}
{"step": 79904, "mse": 0.0617659967392683, "seconds": 1473.844472663477}
{"step": 79936, "mse": 0.0965796047821641, "seconds": 1522.6535555198789}
{"step": 79968, "mse": 0.33697203919291496, "seconds": 1572.8857315704226}
{"step": 80000, "mse": 0.08407260035164654, "seconds": 1623.1180350314826}
{"step": 80032, "mse": 0.06536836177110672, "seconds": 1678.781488550827}
{"step": 80064, "mse": 0.14813324948772788, "seconds": 1729.152792520821}
{"step": 80096, "mse": 0.08991875918582082, "seconds": 1779.5863724220544}
{"step": 80128, "mse": 0.10539953457191586, "seconds": 1829.419912084937}
{"step": 80160, "mse": 0.19653205201029778, "seconds": 1883.0658108517528}
{"step": 80192, "mse": 0.049294904340058565, "seconds": 1932.3638275880367}
{"step": 80224, "mse": 0.016777419485151768, "seconds": 1981.179706968367}
{"step": 80256, "mse": 0.03512507677078247, "seconds": 2029.9838198646903}
{"step": 80288, "mse": 0.15811470430344343, "seconds": 2083.976012136787}
{"step": 80320, "mse": 0.012657758081331849, "seconds": 2133.9554735515267}
{"step": 80352, "mse": 0.08416950376704335, "seconds": 2184.801355054602}
{"step": 80384, "mse": 0.1110381712205708, "seconds": 2235.0262898877263}
{"step": 80416, "mse": 0.09729001065716147, "seconds": 2290.2760386168957}
{"step": 80448, "mse": 0.03291776485275477, "seconds": 2340.632768632844}
{"step": 80480, "mse": 0.13031026534736156, "seconds": 2391.077478516847}
{"step": 80512, "mse": 0.04565238067880273, "seconds": 2440.462217921391}
{"step": 80544, "mse": 0.3074321886524558, "seconds": 2494.481477899477}
{"step": 80576, "mse": 0.19218874583020806, "seconds": 2543.4123491235077}
{"step": 80608, "mse": 0.16186921717599034, "seconds": 2592.3803137708455}
{"step": 80640, "mse": 0.03410170692950487, "seconds": 2641.4169057160616}
{"step": 80672, "mse": 0.20222607906907797, "seconds": 2696.4590595960617}
{"step": 80704, "mse": 0.07371353730559349, "seconds": 2746.706468116492}
{"step": 80736, "mse": 0.10228615254163742, "seconds": 2797.0528291128576}
{"step": 80768, "mse": 0.21887728851288557, "seconds": 2847.459210989997}
{"step": 80800, "mse": 0.09328957204706967, "seconds": 2902.6562017798424}
{"step": 80832, "mse": 0.16727895429357886, "seconds": 2953.1897699888796}
{"step": 80864, "mse": 0.021064469125121832, "seconds": 3002.6173912454396}
{"step": 80896, "mse": 0.08808515407145023, "seconds": 3051.48174668476}
{"step": 80928, "mse": 0.272339946590364, "seconds": 3105.4595181681216}
{"step": 80960, "mse": 0.04440373135730624, "seconds": 3154.5260814409703}
{"step": 80992, "mse": 0.12764260778203607, "seconds": 3203.838215233758}
{"step": 81024, "mse": 0.023827563738450408, "seconds": 3252.7190612852573}
{"step": 81056, "mse": 0.07932707434520125, "seconds": 3307.7080340292305}
{"step": 81088, "mse": 0.3371351049281657, "seconds": 3357.984296500683}
{"step": 81120, "mse": 0.43271064944565296, "seconds": 3408.247677868232}
{"step": 81152, "mse": 0.0780839566141367, "seconds": 3459.0102357212454}
{"step": 81184, "mse": 0.10405923798680305, "seconds": 3514.2798314243555}
{"step": 81216, "mse": 0.03693065186962485, "seconds": 3564.420214537531}
{"step": 81248, "mse": 0.32714781910181046, "seconds": 3613.3817022349685}
{"step": 81280, "mse": 0.5038774935528636, "seconds": 3662.5476225577295}
{"step": 81312, "mse": 0.01425641612149775, "seconds": 3716.8668096400797}
{"step": 81344, "mse": 0.07818271405994892, "seconds": 3765.9901429023594}
{"step": 81376, "mse": 0.08370351954363286, "seconds": 3814.9243072234094}
{"step": 81408, "mse": 0.29841866716742516, "seconds": 3864.3145500160754}
{"step": 81440, "mse": 0.14548598206602037, "seconds": 3919.342740625143}
{"step": 81472, "mse": 0.037203969433903694, "seconds": 3969.8875642810017}
{"step": 81504, "mse": 0.11815252434462309, "seconds": 4020.3158211037517}
{"step": 81536, "mse": 0.2497791056521237, "seconds": 4070.8308021090925}
{"step": 81568, "mse": 0.025252980180084705, "seconds": 4126.69021213986}
{"step": 81600, "mse": 0.2115238243713975, "seconds": 4176.202968252823}
{"step": 81632, "mse": 0.2863925341516733, "seconds": 4225.513754496351}
{"step": 81664, "mse": 0.018023272277787328, "seconds": 4274.350986819714}
{"step": 81696, "mse": 0.019247896736487746, "seconds": 4327.962216677144}
{"step": 81728, "mse": 0.09249325469136238, "seconds": 4376.943111011758}
{"step": 81760, "mse": 0.09798950445838273, "seconds": 4425.901821181178}
{"step": 81792, "mse": 0.025749170687049627, "seconds": 4476.441854149103}
{"step": 81824, "mse": 0.10144402412697673, "seconds": 4532.110435273498}
{"step": 81856, "mse": 0.15150423906743526, "seconds": 4582.567439520732}
{"step": 81888, "mse": 0.06667077820748091, "seconds": 4633.141228295863}
{"step": 81920, "mse": 0.2244656829861924, "seconds": 4683.593596179038}
{"step": 81952, "mse": 0.0225917249917984, "seconds": 4738.620969664305}
{"step": 81984, "mse": 0.038580239517614245, "seconds": 4787.467539804056}
{"step": 82016, "mse": 0.12292761681601405, "seconds": 4836.1815689038485}
{"step": 82048, "mse": 0.2571070573758334, "seconds": 4884.889843935147}
{"step": 82080, "mse": 0.15274666133336723, "seconds": 4938.364642838016}
{"step": 82112, "mse": 0.26815212867222726, "seconds": 4987.496852884069}
{"step": 82144, "mse": 0.023257402586750686, "seconds": 5037.105255214497}
{"step": 82176, "mse": 0.03539217170327902, "seconds": 5087.154200077057}
{"step": 82208, "mse": 0.14503248501569033, "seconds": 5141.900013849139}
{"step": 82240, "mse": 0.042601001681759953, "seconds": 5192.015452450141}
{"step": 82272, "mse": 0.4900133963674307, "seconds": 5242.533474100754}
{"step": 82304, "mse": 0.05148979555815458, "seconds": 5292.696543456987}
{"step": 82336, "mse": 0.10875869262963533, "seconds": 5346.544596416876}
{"step": 82368, "mse": 0.11464698845520616, "seconds": 5395.2798997517675}
{"step": 82400, "mse": 0.16844472754746675, "seconds": 5444.132410470396}
{"step": 82432, "mse": 0.043347950326278806, "seconds": 5493.203489009291}
{"step": 82464, "mse": 0.049700765404850245, "seconds": 5546.795770838857}
{"step": 82496, "mse": 0.05807105079293251, "seconds": 5595.874903321266}
{"step": 82528, "mse": 0.24492303654551506, "seconds": 5645.941379897296}
{"step": 82560, "mse": 0.33835510443896055, "seconds": 5696.086969643831}
{"step": 82592, "mse": 0.2624020311050117, "seconds": 5751.768391069025}
{"step": 82624, "mse": 0.28631138731725514, "seconds": 5801.998931284994}
{"step": 82656, "mse": 0.20403834548778832, "seconds": 5852.225342256948}
{"step": 82688, "mse": 0.1787615930661559, "seconds": 5901.727692859247}
{"step": 82720, "mse": 0.05645023752003908, "seconds": 5955.512695159763}
{"step": 82752, "mse": 0.03737684711813927, "seconds": 6004.753242701292}
{"step": 82784, "mse": 0.2833697139285505, "seconds": 6053.563310081139}
{"step": 82816, "mse": 0.10285851522348821, "seconds": 6102.458886668086}
{"step": 82848, "mse": 0.027533704647794366, "seconds": 6156.019164612517}
{"step": 82880, "mse": 0.16418661084026098, "seconds": 6205.986004030332}
{"step": 82912, "mse": 0.027920546010136604, "seconds": 6256.487534277141}
{"step": 82944, "mse": 0.027535585686564445, "seconds": 6306.584190744907}
{"step": 82976, "mse": 0.07301368424668908, "seconds": 6361.234755868092}
{"step": 83008, "mse": 0.2695758370682597, "seconds": 6411.3004795033485}
{"step": 83040, "mse": 0.39250024408102036, "seconds": 6461.362618276849}
{"step": 83072, "mse": 0.27646741829812527, "seconds": 6510.482881350443}
{"step": 83104, "mse": 0.015441491268575191, "seconds": 6564.599674563855}
{"step": 83136, "mse": 0.14310225937515497, "seconds": 6613.4312209934}
{"step": 83168, "mse": 0.03319824254140258, "seconds": 6662.189711447805}
{"step": 83200, "mse": 0.15038699097931385, "seconds": 6710.975237837061}
{"step": 83232, "mse": 0.09501414420083165, "seconds": 6765.375173624605}
{"step": 83264, "mse": 0.1035227058455348, "seconds": 6815.369936436415}
{"step": 83296, "mse": 0.06931465398520231, "seconds": 6865.776462022215}
{"step": 83328, "mse": 0.09629330644384027, "seconds": 6916.1870392002165}
{"step": 83360, "mse": 0.26723161269910634, "seconds": 6971.573468577117}
{"step": 83392, "mse": 0.3026949600316584, "seconds": 7022.305574912578}
{"step": 83424, "mse": 0.19574963673949242, "seconds": 7071.970039580017}
{"step": 83456, "mse": 0.2640730505809188, "seconds": 7121.152806593105}
{"step": 83488, "mse": 0.1653104149736464, "seconds": 7176.4612258933485}
{"step": 83520, "mse": 0.2872812822461128, "seconds": 7226.2651439495385}
{"step": 83552, "mse": 0.1320643164217472, "seconds": 7276.187467806041}
{"step": 83584, "mse": 0.06173697765916586, "seconds": 7325.390382800251}
{"step": 83616, "mse": 0.3055097700562328, "seconds": 7382.702916376293}
{"step": 83648, "mse": 0.05338341661263257, "seconds": 7433.445636106655}
{"step": 83680, "mse": 0.30464598746038973, "seconds": 7484.528580848128}
{"step": 83712, "mse": 0.20129351131618023, "seconds": 7536.087132560089}
{"step": 83744, "mse": 0.27592074405401945, "seconds": 7593.043679833412}
{"step": 83776, "mse": 0.0452283393824473, "seconds": 7643.674259301275}
{"step": 83808, "mse": 0.05248371814377606, "seconds": 7693.113994177431}
{"step": 83840, "mse": 0.26039315294474363, "seconds": 7742.444596229121}
{"step": 83872, "mse": 0.0621950002387166, "seconds": 7799.1706342846155}
{"step": 83904, "mse": 0.04306874726898968, "seconds": 7848.378712352365}
{"step": 83936, "mse": 0.08300946839153767, "seconds": 7897.6721674557775}
{"step": 83968, "mse": 0.02597894473001361, "seconds": 7947.745707085356}
{"step": 84000, "mse": 0.5157331889495254, "seconds": 8004.071137828752}
{"step": 84032, "mse": 0.10253964737057686, "seconds": 8055.024016156793}
{"step": 84064, "mse": 0.06346141640096903, "seconds": 8105.693167896941}
{"step": 84096, "mse": 0.43997671408578753, "seconds": 8156.268142037094}
{"step": 84128, "mse": 0.04163327906280756, "seconds": 8212.484090240672}
{"step": 84160, "mse": 0.08586918981745839, "seconds": 8261.99145620875}
{"step": 84192, "mse": 0.027528529055416584, "seconds": 8311.437490664423}
{"step": 84224, "mse": 0.03603433957323432, "seconds": 8360.66160320118}
{"step": 84256, "mse": 0.08541070728097111, "seconds": 8415.467137478292}
{"step": 84288, "mse": 0.0742357422132045, "seconds": 8464.686429629102}
{"step": 84320, "mse": 0.1634735306724906, "seconds": 8514.129314770922}
{"step": 84352, "mse": 0.046704554464668036, "seconds": 8565.01930819638}
{"step": 84384, "mse": 0.30495435558259487, "seconds": 8620.453858152032}
{"step": 84416, "mse": 0.25625860318541527, "seconds": 8670.8549586609}
{"step": 84448, "mse": 0.08568526757881045, "seconds": 8721.221269292757}
{"step": 84480, "mse": 0.12474503740668297, "seconds": 8771.483003912494}
Loading pipeline components...:   0%|                    | 0/6 [00:00<?, ?it/s]Loading pipeline components...:  17%|██          | 1/6 [00:00<00:02,  2.39it/s]Loading pipeline components...:  67%|████████    | 4/6 [00:13<00:06,  3.50s/it]Loading pipeline components...:  83%|██████████  | 5/6 [00:15<00:03,  3.22s/it]Loading pipeline components...: 100%|████████████| 6/6 [00:16<00:00,  2.52s/it]Loading pipeline components...: 100%|████████████| 6/6 [00:16<00:00,  2.72s/it]
/inspire/ssd/project/exploration-topic/czxs26210936/envs/vlm-r3-ngc2502/lib/python3.12/site-packages/diffusers/loaders/lora_pipeline.py:6850: FutureWarning: `LoraLoaderMixin` is deprecated and will be removed in version 1.0.0. LoraLoaderMixin is deprecated and this will be removed in a future version. Please use `StableDiffusionLoraLoaderMixin`, instead.
  deprecate("LoraLoaderMixin", "1.0.0", deprecation_message)
{"cached": 1, "total": 730, "stage": "write"}
{"cached": 2, "total": 730, "stage": "write"}
{"cached": 3, "total": 730, "stage": "write"}
{"cached": 4, "total": 730, "stage": "write"}
{"cached": 5, "total": 730, "stage": "write"}
{"cached": 6, "total": 730, "stage": "write"}
{"cached": 7, "total": 730, "stage": "write"}
{"cached": 8, "total": 730, "stage": "write"}
{"cached": 9, "total": 730, "stage": "write"}
{"cached": 10, "total": 730, "stage": "write"}
{"cached": 11, "total": 730, "stage": "write"}
{"cached": 12, "total": 730, "stage": "write"}
{"cached": 13, "total": 730, "stage": "write"}
{"cached": 14, "total": 730, "stage": "write"}
{"cached": 15, "total": 730, "stage": "write"}
{"cached": 16, "total": 730, "stage": "write"}
{"cached": 17, "total": 730, "stage": "write"}
{"cached": 18, "total": 730, "stage": "write"}
{"cached": 19, "total": 730, "stage": "write"}
{"cached": 20, "total": 730, "stage": "write"}
{"cached": 21, "total": 730, "stage": "write"}
{"cached": 22, "total": 730, "stage": "write"}
{"cached": 23, "total": 730, "stage": "write"}
{"cached": 24, "total": 730, "stage": "write"}
{"cached": 25, "total": 730, "stage": "write"}
{"cached": 26, "total": 730, "stage": "write"}
{"cached": 27, "total": 730, "stage": "write"}
{"cached": 28, "total": 730, "stage": "write"}
{"cached": 29, "total": 730, "stage": "write"}
{"cached": 30, "total": 730, "stage": "write"}
{"cached": 31, "total": 730, "stage": "write"}
{"cached": 32, "total": 730, "stage": "write"}
{"cached": 33, "total": 730, "stage": "write"}
{"cached": 34, "total": 730, "stage": "write"}
{"cached": 35, "total": 730, "stage": "write"}
{"cached": 36, "total": 730, "stage": "write"}
{"cached": 37, "total": 730, "stage": "write"}
{"cached": 38, "total": 730, "stage": "write"}
{"cached": 39, "total": 730, "stage": "write"}
{"cached": 40, "total": 730, "stage": "write"}
{"cached": 41, "total": 730, "stage": "write"}
{"cached": 42, "total": 730, "stage": "write"}
{"cached": 43, "total": 730, "stage": "write"}
{"cached": 44, "total": 730, "stage": "write"}
{"cached": 45, "total": 730, "stage": "write"}
{"cached": 46, "total": 730, "stage": "write"}
{"cached": 47, "total": 730, "stage": "write"}
{"cached": 48, "total": 730, "stage": "write"}
{"cached": 49, "total": 730, "stage": "write"}
{"cached": 50, "total": 730, "stage": "write"}
{"cached": 51, "total": 730, "stage": "write"}
{"cached": 52, "total": 730, "stage": "write"}
{"cached": 53, "total": 730, "stage": "write"}
{"cached": 54, "total": 730, "stage": "write"}
{"cached": 55, "total": 730, "stage": "write"}
{"cached": 56, "total": 730, "stage": "write"}
{"cached": 57, "total": 730, "stage": "write"}
{"cached": 58, "total": 730, "stage": "write"}
{"cached": 59, "total": 730, "stage": "write"}
{"cached": 60, "total": 730, "stage": "write"}
{"cached": 61, "total": 730, "stage": "write"}
{"cached": 62, "total": 730, "stage": "write"}
{"cached": 63, "total": 730, "stage": "write"}
{"cached": 64, "total": 730, "stage": "write"}
{"cached": 65, "total": 730, "stage": "write"}
{"cached": 66, "total": 730, "stage": "write"}
{"cached": 67, "total": 730, "stage": "write"}
{"cached": 68, "total": 730, "stage": "write"}
{"cached": 69, "total": 730, "stage": "write"}
{"cached": 70, "total": 730, "stage": "write"}
{"cached": 71, "total": 730, "stage": "write"}
{"cached": 72, "total": 730, "stage": "write"}
{"cached": 73, "total": 730, "stage": "write"}
{"cached": 74, "total": 730, "stage": "write"}
{"cached": 75, "total": 730, "stage": "write"}
{"cached": 76, "total": 730, "stage": "write"}
{"cached": 77, "total": 730, "stage": "write"}
{"cached": 78, "total": 730, "stage": "write"}
{"cached": 79, "total": 730, "stage": "write"}
{"cached": 80, "total": 730, "stage": "write"}
{"cached": 81, "total": 730, "stage": "write"}
{"cached": 82, "total": 730, "stage": "write"}
{"cached": 83, "total": 730, "stage": "write"}
{"cached": 84, "total": 730, "stage": "write"}
{"cached": 85, "total": 730, "stage": "write"}
{"cached": 86, "total": 730, "stage": "write"}
{"cached": 87, "total": 730, "stage": "write"}
{"cached": 88, "total": 730, "stage": "write"}
{"cached": 89, "total": 730, "stage": "write"}
{"cached": 90, "total": 730, "stage": "write"}
{"cached": 91, "total": 730, "stage": "write"}
{"cached": 92, "total": 730, "stage": "write"}
{"cached": 93, "total": 730, "stage": "write"}
{"cached": 94, "total": 730, "stage": "write"}
{"cached": 95, "total": 730, "stage": "write"}
{"cached": 96, "total": 730, "stage": "write"}
{"cached": 97, "total": 730, "stage": "write"}
{"cached": 98, "total": 730, "stage": "write"}
{"cached": 99, "total": 730, "stage": "write"}
{"cached": 100, "total": 730, "stage": "write"}
{"cached": 101, "total": 730, "stage": "write"}
{"cached": 102, "total": 730, "stage": "write"}
{"cached": 103, "total": 730, "stage": "write"}
{"cached": 104, "total": 730, "stage": "write"}
{"cached": 105, "total": 730, "stage": "write"}
{"cached": 106, "total": 730, "stage": "write"}
{"cached": 107, "total": 730, "stage": "write"}
{"cached": 108, "total": 730, "stage": "write"}
{"cached": 109, "total": 730, "stage": "write"}
{"cached": 110, "total": 730, "stage": "write"}
{"cached": 111, "total": 730, "stage": "write"}
{"cached": 112, "total": 730, "stage": "write"}
{"cached": 113, "total": 730, "stage": "write"}
{"cached": 114, "total": 730, "stage": "write"}
{"cached": 115, "total": 730, "stage": "write"}
{"cached": 116, "total": 730, "stage": "write"}
{"cached": 117, "total": 730, "stage": "write"}
{"cached": 118, "total": 730, "stage": "write"}
{"cached": 119, "total": 730, "stage": "write"}
{"cached": 120, "total": 730, "stage": "write"}
{"cached": 121, "total": 730, "stage": "write"}
{"cached": 122, "total": 730, "stage": "write"}
{"cached": 123, "total": 730, "stage": "write"}
{"cached": 124, "total": 730, "stage": "write"}
{"cached": 125, "total": 730, "stage": "write"}
{"cached": 126, "total": 730, "stage": "write"}
{"cached": 127, "total": 730, "stage": "write"}
{"cached": 128, "total": 730, "stage": "write"}
{"cached": 129, "total": 730, "stage": "write"}
{"cached": 130, "total": 730, "stage": "write"}
{"cached": 131, "total": 730, "stage": "write"}
{"cached": 132, "total": 730, "stage": "write"}
{"cached": 133, "total": 730, "stage": "write"}
{"cached": 134, "total": 730, "stage": "write"}
{"cached": 135, "total": 730, "stage": "write"}
{"cached": 136, "total": 730, "stage": "write"}
{"cached": 137, "total": 730, "stage": "write"}
{"cached": 138, "total": 730, "stage": "write"}
{"cached": 139, "total": 730, "stage": "write"}
{"cached": 140, "total": 730, "stage": "write"}
{"cached": 141, "total": 730, "stage": "write"}
{"cached": 142, "total": 730, "stage": "write"}
{"cached": 143, "total": 730, "stage": "write"}
{"cached": 144, "total": 730, "stage": "write"}
{"cached": 145, "total": 730, "stage": "write"}
{"cached": 146, "total": 730, "stage": "write"}
{"cached": 147, "total": 730, "stage": "write"}
{"cached": 148, "total": 730, "stage": "write"}
{"cached": 149, "total": 730, "stage": "write"}
{"cached": 150, "total": 730, "stage": "write"}
{"cached": 151, "total": 730, "stage": "write"}
{"cached": 152, "total": 730, "stage": "write"}
{"cached": 153, "total": 730, "stage": "write"}
{"cached": 154, "total": 730, "stage": "write"}
{"cached": 155, "total": 730, "stage": "write"}
{"cached": 156, "total": 730, "stage": "write"}
{"cached": 157, "total": 730, "stage": "write"}
{"cached": 158, "total": 730, "stage": "write"}
{"cached": 159, "total": 730, "stage": "write"}
{"cached": 160, "total": 730, "stage": "write"}
{"cached": 161, "total": 730, "stage": "write"}
{"cached": 162, "total": 730, "stage": "write"}
{"cached": 163, "total": 730, "stage": "write"}
{"cached": 164, "total": 730, "stage": "write"}
{"cached": 165, "total": 730, "stage": "write"}
{"cached": 166, "total": 730, "stage": "write"}
{"cached": 167, "total": 730, "stage": "write"}
{"cached": 168, "total": 730, "stage": "write"}
{"cached": 169, "total": 730, "stage": "write"}
{"cached": 170, "total": 730, "stage": "write"}
{"cached": 171, "total": 730, "stage": "write"}
{"cached": 172, "total": 730, "stage": "write"}
{"cached": 173, "total": 730, "stage": "write"}
{"cached": 174, "total": 730, "stage": "write"}
{"cached": 175, "total": 730, "stage": "write"}
{"cached": 176, "total": 730, "stage": "write"}
{"cached": 177, "total": 730, "stage": "write"}
{"cached": 178, "total": 730, "stage": "write"}
{"cached": 179, "total": 730, "stage": "write"}
{"cached": 180, "total": 730, "stage": "write"}
{"cached": 181, "total": 730, "stage": "write"}
{"cached": 182, "total": 730, "stage": "write"}
{"cached": 183, "total": 730, "stage": "write"}
{"cached": 184, "total": 730, "stage": "write"}
{"cached": 185, "total": 730, "stage": "write"}
{"cached": 186, "total": 730, "stage": "write"}
{"cached": 187, "total": 730, "stage": "write"}
{"cached": 188, "total": 730, "stage": "write"}
{"cached": 189, "total": 730, "stage": "write"}
{"cached": 190, "total": 730, "stage": "write"}
{"cached": 191, "total": 730, "stage": "write"}
{"cached": 192, "total": 730, "stage": "write"}
{"cached": 193, "total": 730, "stage": "write"}
{"cached": 194, "total": 730, "stage": "write"}
{"cached": 195, "total": 730, "stage": "write"}
{"cached": 196, "total": 730, "stage": "write"}
{"cached": 197, "total": 730, "stage": "write"}
{"cached": 198, "total": 730, "stage": "write"}
{"cached": 199, "total": 730, "stage": "write"}
{"cached": 200, "total": 730, "stage": "write"}
{"cached": 201, "total": 730, "stage": "write"}
{"cached": 202, "total": 730, "stage": "write"}
{"cached": 203, "total": 730, "stage": "write"}
{"cached": 204, "total": 730, "stage": "write"}
{"cached": 205, "total": 730, "stage": "write"}
{"cached": 206, "total": 730, "stage": "write"}
{"cached": 207, "total": 730, "stage": "write"}
{"cached": 208, "total": 730, "stage": "write"}
{"cached": 209, "total": 730, "stage": "write"}
{"cached": 210, "total": 730, "stage": "write"}
{"cached": 211, "total": 730, "stage": "write"}
{"cached": 212, "total": 730, "stage": "write"}
{"cached": 213, "total": 730, "stage": "write"}
{"cached": 214, "total": 730, "stage": "write"}
{"cached": 215, "total": 730, "stage": "write"}
{"cached": 216, "total": 730, "stage": "write"}
{"cached": 217, "total": 730, "stage": "write"}
{"cached": 218, "total": 730, "stage": "write"}
{"cached": 219, "total": 730, "stage": "write"}
{"cached": 220, "total": 730, "stage": "write"}
{"cached": 221, "total": 730, "stage": "write"}
{"cached": 222, "total": 730, "stage": "write"}
{"cached": 223, "total": 730, "stage": "write"}
{"cached": 224, "total": 730, "stage": "write"}
{"cached": 225, "total": 730, "stage": "write"}
{"cached": 226, "total": 730, "stage": "write"}
{"cached": 227, "total": 730, "stage": "write"}
{"cached": 228, "total": 730, "stage": "write"}
{"cached": 229, "total": 730, "stage": "write"}
{"cached": 230, "total": 730, "stage": "write"}
{"cached": 231, "total": 730, "stage": "write"}
{"cached": 232, "total": 730, "stage": "write"}
{"cached": 233, "total": 730, "stage": "write"}
{"cached": 234, "total": 730, "stage": "write"}
{"cached": 235, "total": 730, "stage": "write"}
{"cached": 236, "total": 730, "stage": "write"}
{"cached": 237, "total": 730, "stage": "write"}
{"cached": 238, "total": 730, "stage": "write"}
{"cached": 239, "total": 730, "stage": "write"}
{"cached": 240, "total": 730, "stage": "write"}
{"cached": 241, "total": 730, "stage": "write"}
{"cached": 242, "total": 730, "stage": "write"}
{"cached": 243, "total": 730, "stage": "write"}
{"cached": 244, "total": 730, "stage": "write"}
{"cached": 245, "total": 730, "stage": "write"}
{"cached": 246, "total": 730, "stage": "write"}
{"cached": 247, "total": 730, "stage": "write"}
{"cached": 248, "total": 730, "stage": "write"}
{"cached": 249, "total": 730, "stage": "write"}
{"cached": 250, "total": 730, "stage": "write"}
{"cached": 251, "total": 730, "stage": "write"}
{"cached": 252, "total": 730, "stage": "write"}
{"cached": 253, "total": 730, "stage": "write"}
{"cached": 254, "total": 730, "stage": "write"}
{"cached": 255, "total": 730, "stage": "write"}
{"cached": 256, "total": 730, "stage": "write"}
{"cached": 257, "total": 730, "stage": "write"}
{"cached": 258, "total": 730, "stage": "write"}
{"cached": 259, "total": 730, "stage": "write"}
{"cached": 260, "total": 730, "stage": "write"}
{"cached": 261, "total": 730, "stage": "write"}
{"cached": 262, "total": 730, "stage": "write"}
{"cached": 263, "total": 730, "stage": "write"}
{"cached": 264, "total": 730, "stage": "write"}
{"cached": 265, "total": 730, "stage": "write"}
{"cached": 266, "total": 730, "stage": "write"}
{"cached": 267, "total": 730, "stage": "write"}
{"cached": 268, "total": 730, "stage": "write"}
{"cached": 269, "total": 730, "stage": "write"}
{"cached": 270, "total": 730, "stage": "write"}
{"cached": 271, "total": 730, "stage": "write"}
{"cached": 272, "total": 730, "stage": "write"}
{"cached": 273, "total": 730, "stage": "write"}
{"cached": 274, "total": 730, "stage": "write"}
{"cached": 275, "total": 730, "stage": "write"}
{"cached": 276, "total": 730, "stage": "write"}
{"cached": 277, "total": 730, "stage": "write"}
{"cached": 278, "total": 730, "stage": "write"}
{"cached": 279, "total": 730, "stage": "write"}
{"cached": 280, "total": 730, "stage": "write"}
{"cached": 281, "total": 730, "stage": "write"}
{"cached": 282, "total": 730, "stage": "write"}
{"cached": 283, "total": 730, "stage": "write"}
{"cached": 284, "total": 730, "stage": "write"}
{"cached": 285, "total": 730, "stage": "write"}
{"cached": 286, "total": 730, "stage": "write"}
{"cached": 287, "total": 730, "stage": "write"}
{"cached": 288, "total": 730, "stage": "write"}
{"cached": 289, "total": 730, "stage": "write"}
{"cached": 290, "total": 730, "stage": "write"}
{"cached": 291, "total": 730, "stage": "write"}
{"cached": 292, "total": 730, "stage": "write"}
{"cached": 293, "total": 730, "stage": "write"}
{"cached": 294, "total": 730, "stage": "write"}
{"cached": 295, "total": 730, "stage": "write"}
{"cached": 296, "total": 730, "stage": "write"}
{"cached": 297, "total": 730, "stage": "write"}
{"cached": 298, "total": 730, "stage": "write"}
{"cached": 299, "total": 730, "stage": "write"}
{"cached": 300, "total": 730, "stage": "write"}
{"cached": 301, "total": 730, "stage": "write"}
{"cached": 302, "total": 730, "stage": "write"}
{"cached": 303, "total": 730, "stage": "write"}
{"cached": 304, "total": 730, "stage": "write"}
{"cached": 305, "total": 730, "stage": "write"}
{"cached": 306, "total": 730, "stage": "write"}
{"cached": 307, "total": 730, "stage": "write"}
{"cached": 308, "total": 730, "stage": "write"}
{"cached": 309, "total": 730, "stage": "write"}
{"cached": 310, "total": 730, "stage": "write"}
{"cached": 311, "total": 730, "stage": "write"}
{"cached": 312, "total": 730, "stage": "write"}
{"cached": 313, "total": 730, "stage": "write"}
{"cached": 314, "total": 730, "stage": "write"}
{"cached": 315, "total": 730, "stage": "write"}
{"cached": 316, "total": 730, "stage": "write"}
{"cached": 317, "total": 730, "stage": "write"}
{"cached": 318, "total": 730, "stage": "write"}
{"cached": 319, "total": 730, "stage": "write"}
{"cached": 320, "total": 730, "stage": "write"}
{"cached": 321, "total": 730, "stage": "write"}
{"cached": 322, "total": 730, "stage": "write"}
{"cached": 323, "total": 730, "stage": "write"}
{"cached": 324, "total": 730, "stage": "write"}
{"cached": 325, "total": 730, "stage": "write"}
{"cached": 326, "total": 730, "stage": "write"}
{"cached": 327, "total": 730, "stage": "write"}
{"cached": 328, "total": 730, "stage": "write"}
{"cached": 329, "total": 730, "stage": "write"}
{"cached": 330, "total": 730, "stage": "write"}
{"cached": 331, "total": 730, "stage": "write"}
{"cached": 332, "total": 730, "stage": "write"}
{"cached": 333, "total": 730, "stage": "write"}
{"cached": 334, "total": 730, "stage": "write"}
{"cached": 335, "total": 730, "stage": "write"}
{"cached": 336, "total": 730, "stage": "write"}
{"cached": 337, "total": 730, "stage": "write"}
{"cached": 338, "total": 730, "stage": "write"}
{"cached": 339, "total": 730, "stage": "write"}
{"cached": 340, "total": 730, "stage": "write"}
{"cached": 341, "total": 730, "stage": "write"}
{"cached": 342, "total": 730, "stage": "write"}
{"cached": 343, "total": 730, "stage": "write"}
{"cached": 344, "total": 730, "stage": "write"}
{"cached": 345, "total": 730, "stage": "write"}
{"cached": 346, "total": 730, "stage": "write"}
{"cached": 347, "total": 730, "stage": "write"}
{"cached": 348, "total": 730, "stage": "write"}
{"cached": 349, "total": 730, "stage": "write"}
{"cached": 350, "total": 730, "stage": "write"}
{"cached": 351, "total": 730, "stage": "write"}
{"cached": 352, "total": 730, "stage": "write"}
{"cached": 353, "total": 730, "stage": "write"}
{"cached": 354, "total": 730, "stage": "write"}
{"cached": 355, "total": 730, "stage": "write"}
{"cached": 356, "total": 730, "stage": "write"}
{"cached": 357, "total": 730, "stage": "write"}
{"cached": 358, "total": 730, "stage": "write"}
{"cached": 359, "total": 730, "stage": "write"}
{"cached": 360, "total": 730, "stage": "write"}
{"cached": 361, "total": 730, "stage": "write"}
{"cached": 362, "total": 730, "stage": "write"}
{"cached": 363, "total": 730, "stage": "write"}
{"cached": 364, "total": 730, "stage": "write"}
{"cached": 365, "total": 730, "stage": "write"}
{"cached": 366, "total": 730, "stage": "write"}
{"cached": 367, "total": 730, "stage": "write"}
{"cached": 368, "total": 730, "stage": "write"}
{"cached": 369, "total": 730, "stage": "write"}
{"cached": 370, "total": 730, "stage": "write"}
{"cached": 371, "total": 730, "stage": "write"}
{"cached": 372, "total": 730, "stage": "write"}
{"cached": 373, "total": 730, "stage": "write"}
{"cached": 374, "total": 730, "stage": "write"}
{"cached": 375, "total": 730, "stage": "write"}
{"cached": 376, "total": 730, "stage": "write"}
{"cached": 377, "total": 730, "stage": "write"}
{"cached": 378, "total": 730, "stage": "write"}
{"cached": 379, "total": 730, "stage": "write"}
{"cached": 380, "total": 730, "stage": "write"}
{"cached": 381, "total": 730, "stage": "write"}
{"cached": 382, "total": 730, "stage": "write"}
{"cached": 383, "total": 730, "stage": "write"}
{"cached": 384, "total": 730, "stage": "write"}
{"cached": 385, "total": 730, "stage": "write"}
{"cached": 386, "total": 730, "stage": "write"}
{"cached": 387, "total": 730, "stage": "write"}
{"cached": 388, "total": 730, "stage": "write"}
{"cached": 389, "total": 730, "stage": "write"}
{"cached": 390, "total": 730, "stage": "write"}
{"cached": 391, "total": 730, "stage": "write"}
{"cached": 392, "total": 730, "stage": "write"}
{"cached": 393, "total": 730, "stage": "write"}
{"cached": 394, "total": 730, "stage": "write"}
{"cached": 395, "total": 730, "stage": "write"}
{"cached": 396, "total": 730, "stage": "write"}
{"cached": 397, "total": 730, "stage": "write"}
{"cached": 398, "total": 730, "stage": "write"}
{"cached": 399, "total": 730, "stage": "write"}
{"cached": 400, "total": 730, "stage": "write"}
{"cached": 401, "total": 730, "stage": "write"}
{"cached": 402, "total": 730, "stage": "write"}
{"cached": 403, "total": 730, "stage": "write"}
{"cached": 404, "total": 730, "stage": "write"}
{"cached": 405, "total": 730, "stage": "write"}
{"cached": 406, "total": 730, "stage": "write"}
{"cached": 407, "total": 730, "stage": "write"}
{"cached": 408, "total": 730, "stage": "write"}
{"cached": 409, "total": 730, "stage": "write"}
{"cached": 410, "total": 730, "stage": "write"}
{"cached": 411, "total": 730, "stage": "write"}
{"cached": 412, "total": 730, "stage": "write"}
{"cached": 413, "total": 730, "stage": "write"}
{"cached": 414, "total": 730, "stage": "write"}
{"cached": 415, "total": 730, "stage": "write"}
{"cached": 416, "total": 730, "stage": "write"}
{"cached": 417, "total": 730, "stage": "write"}
{"cached": 418, "total": 730, "stage": "write"}
{"cached": 419, "total": 730, "stage": "write"}
{"cached": 420, "total": 730, "stage": "write"}
{"cached": 421, "total": 730, "stage": "write"}
{"cached": 422, "total": 730, "stage": "write"}
{"cached": 423, "total": 730, "stage": "write"}
{"cached": 424, "total": 730, "stage": "write"}
{"cached": 425, "total": 730, "stage": "write"}
{"cached": 426, "total": 730, "stage": "write"}
{"cached": 427, "total": 730, "stage": "write"}
{"cached": 428, "total": 730, "stage": "write"}
{"cached": 429, "total": 730, "stage": "write"}
{"cached": 430, "total": 730, "stage": "write"}
{"cached": 431, "total": 730, "stage": "write"}
{"cached": 432, "total": 730, "stage": "write"}
{"cached": 433, "total": 730, "stage": "write"}
{"cached": 434, "total": 730, "stage": "write"}
{"cached": 435, "total": 730, "stage": "write"}
{"cached": 436, "total": 730, "stage": "write"}
{"cached": 437, "total": 730, "stage": "write"}
{"cached": 438, "total": 730, "stage": "write"}
{"cached": 439, "total": 730, "stage": "write"}
{"cached": 440, "total": 730, "stage": "write"}
{"cached": 441, "total": 730, "stage": "write"}
{"cached": 442, "total": 730, "stage": "write"}
{"cached": 443, "total": 730, "stage": "write"}
{"cached": 444, "total": 730, "stage": "write"}
{"cached": 445, "total": 730, "stage": "write"}
{"cached": 446, "total": 730, "stage": "write"}
{"cached": 447, "total": 730, "stage": "write"}
{"cached": 448, "total": 730, "stage": "write"}
{"cached": 449, "total": 730, "stage": "write"}
{"cached": 450, "total": 730, "stage": "write"}
{"cached": 451, "total": 730, "stage": "write"}
{"cached": 452, "total": 730, "stage": "write"}
{"cached": 453, "total": 730, "stage": "write"}
{"cached": 454, "total": 730, "stage": "write"}
{"cached": 455, "total": 730, "stage": "write"}
{"cached": 456, "total": 730, "stage": "write"}
{"cached": 457, "total": 730, "stage": "write"}
{"cached": 458, "total": 730, "stage": "write"}
{"cached": 459, "total": 730, "stage": "write"}
{"cached": 460, "total": 730, "stage": "write"}
{"cached": 461, "total": 730, "stage": "write"}
{"cached": 462, "total": 730, "stage": "write"}
{"cached": 463, "total": 730, "stage": "write"}
{"cached": 464, "total": 730, "stage": "write"}
{"cached": 465, "total": 730, "stage": "write"}
{"cached": 466, "total": 730, "stage": "write"}
{"cached": 467, "total": 730, "stage": "write"}
{"cached": 468, "total": 730, "stage": "write"}
{"cached": 469, "total": 730, "stage": "write"}
{"cached": 470, "total": 730, "stage": "write"}
{"cached": 471, "total": 730, "stage": "write"}
{"cached": 472, "total": 730, "stage": "write"}
{"cached": 473, "total": 730, "stage": "write"}
{"cached": 474, "total": 730, "stage": "write"}
{"cached": 475, "total": 730, "stage": "write"}
{"cached": 476, "total": 730, "stage": "write"}
{"cached": 477, "total": 730, "stage": "write"}
{"cached": 478, "total": 730, "stage": "write"}
{"cached": 479, "total": 730, "stage": "write"}
{"cached": 480, "total": 730, "stage": "write"}
{"cached": 481, "total": 730, "stage": "write"}
{"cached": 482, "total": 730, "stage": "write"}
{"cached": 483, "total": 730, "stage": "write"}
{"cached": 484, "total": 730, "stage": "write"}
{"cached": 485, "total": 730, "stage": "write"}
{"cached": 486, "total": 730, "stage": "write"}
{"cached": 487, "total": 730, "stage": "write"}
{"cached": 488, "total": 730, "stage": "write"}
{"cached": 489, "total": 730, "stage": "write"}
{"cached": 490, "total": 730, "stage": "write"}
{"cached": 491, "total": 730, "stage": "write"}
{"cached": 492, "total": 730, "stage": "write"}
{"cached": 493, "total": 730, "stage": "write"}
{"cached": 494, "total": 730, "stage": "write"}
{"cached": 495, "total": 730, "stage": "write"}
{"cached": 496, "total": 730, "stage": "write"}
{"cached": 497, "total": 730, "stage": "write"}
{"cached": 498, "total": 730, "stage": "write"}
{"cached": 499, "total": 730, "stage": "write"}
{"cached": 500, "total": 730, "stage": "write"}
{"cached": 501, "total": 730, "stage": "write"}
{"cached": 502, "total": 730, "stage": "write"}
{"cached": 503, "total": 730, "stage": "write"}
{"cached": 504, "total": 730, "stage": "write"}
{"cached": 505, "total": 730, "stage": "write"}
{"cached": 506, "total": 730, "stage": "write"}
{"cached": 507, "total": 730, "stage": "write"}
{"cached": 508, "total": 730, "stage": "write"}
{"cached": 509, "total": 730, "stage": "write"}
{"cached": 510, "total": 730, "stage": "write"}
{"cached": 511, "total": 730, "stage": "write"}
{"cached": 512, "total": 730, "stage": "write"}
{"cached": 513, "total": 730, "stage": "write"}
{"cached": 514, "total": 730, "stage": "write"}
{"cached": 515, "total": 730, "stage": "write"}
{"cached": 516, "total": 730, "stage": "write"}
{"cached": 517, "total": 730, "stage": "write"}
{"cached": 518, "total": 730, "stage": "write"}
{"cached": 519, "total": 730, "stage": "write"}
{"cached": 520, "total": 730, "stage": "write"}
{"cached": 521, "total": 730, "stage": "write"}
{"cached": 522, "total": 730, "stage": "write"}
{"cached": 523, "total": 730, "stage": "write"}
{"cached": 524, "total": 730, "stage": "write"}
{"cached": 525, "total": 730, "stage": "write"}
{"cached": 526, "total": 730, "stage": "write"}
{"cached": 527, "total": 730, "stage": "write"}
{"cached": 528, "total": 730, "stage": "write"}
{"cached": 529, "total": 730, "stage": "write"}
{"cached": 530, "total": 730, "stage": "write"}
{"cached": 531, "total": 730, "stage": "write"}
{"cached": 532, "total": 730, "stage": "write"}
{"cached": 533, "total": 730, "stage": "write"}
{"cached": 534, "total": 730, "stage": "write"}
{"cached": 535, "total": 730, "stage": "write"}
{"cached": 536, "total": 730, "stage": "write"}
{"cached": 537, "total": 730, "stage": "write"}
{"cached": 538, "total": 730, "stage": "write"}
{"cached": 539, "total": 730, "stage": "write"}
{"cached": 540, "total": 730, "stage": "write"}
{"cached": 541, "total": 730, "stage": "write"}
{"cached": 542, "total": 730, "stage": "write"}
{"cached": 543, "total": 730, "stage": "write"}
{"cached": 544, "total": 730, "stage": "write"}
{"cached": 545, "total": 730, "stage": "write"}
{"cached": 546, "total": 730, "stage": "write"}
{"cached": 547, "total": 730, "stage": "write"}
{"cached": 548, "total": 730, "stage": "write"}
{"cached": 549, "total": 730, "stage": "write"}
{"cached": 550, "total": 730, "stage": "write"}
{"cached": 551, "total": 730, "stage": "write"}
{"cached": 552, "total": 730, "stage": "write"}
{"cached": 553, "total": 730, "stage": "write"}
{"cached": 554, "total": 730, "stage": "write"}
{"cached": 555, "total": 730, "stage": "write"}
{"cached": 556, "total": 730, "stage": "write"}
{"cached": 557, "total": 730, "stage": "write"}
{"cached": 558, "total": 730, "stage": "write"}
{"cached": 559, "total": 730, "stage": "write"}
{"cached": 560, "total": 730, "stage": "write"}
{"cached": 561, "total": 730, "stage": "write"}
{"cached": 562, "total": 730, "stage": "write"}
{"cached": 563, "total": 730, "stage": "write"}
{"cached": 564, "total": 730, "stage": "write"}
{"cached": 565, "total": 730, "stage": "write"}
{"cached": 566, "total": 730, "stage": "write"}
{"cached": 567, "total": 730, "stage": "write"}
{"cached": 568, "total": 730, "stage": "write"}
{"cached": 569, "total": 730, "stage": "write"}
{"cached": 570, "total": 730, "stage": "write"}
{"cached": 571, "total": 730, "stage": "write"}
{"cached": 572, "total": 730, "stage": "write"}
{"cached": 573, "total": 730, "stage": "write"}
{"cached": 574, "total": 730, "stage": "write"}
{"cached": 575, "total": 730, "stage": "write"}
{"cached": 576, "total": 730, "stage": "write"}
{"cached": 577, "total": 730, "stage": "write"}
{"cached": 578, "total": 730, "stage": "write"}
{"cached": 579, "total": 730, "stage": "write"}
{"cached": 580, "total": 730, "stage": "write"}
{"cached": 581, "total": 730, "stage": "write"}
{"cached": 582, "total": 730, "stage": "write"}
{"cached": 583, "total": 730, "stage": "write"}
{"cached": 584, "total": 730, "stage": "write"}
{"cached": 585, "total": 730, "stage": "write"}
{"cached": 586, "total": 730, "stage": "write"}
{"cached": 587, "total": 730, "stage": "write"}
{"cached": 588, "total": 730, "stage": "write"}
{"cached": 589, "total": 730, "stage": "write"}
{"cached": 590, "total": 730, "stage": "write"}
{"cached": 591, "total": 730, "stage": "write"}
{"cached": 592, "total": 730, "stage": "write"}
{"cached": 593, "total": 730, "stage": "write"}
{"cached": 594, "total": 730, "stage": "write"}
{"cached": 595, "total": 730, "stage": "write"}
{"cached": 596, "total": 730, "stage": "write"}
{"cached": 597, "total": 730, "stage": "write"}
{"cached": 598, "total": 730, "stage": "write"}
{"cached": 599, "total": 730, "stage": "write"}
{"cached": 600, "total": 730, "stage": "write"}
{"cached": 601, "total": 730, "stage": "write"}
{"cached": 602, "total": 730, "stage": "write"}
{"cached": 603, "total": 730, "stage": "write"}
{"cached": 604, "total": 730, "stage": "write"}
{"cached": 605, "total": 730, "stage": "write"}
{"cached": 606, "total": 730, "stage": "write"}
{"cached": 607, "total": 730, "stage": "write"}
{"cached": 608, "total": 730, "stage": "write"}
{"cached": 609, "total": 730, "stage": "write"}
{"cached": 610, "total": 730, "stage": "write"}
{"cached": 611, "total": 730, "stage": "write"}
{"cached": 612, "total": 730, "stage": "write"}
{"cached": 613, "total": 730, "stage": "write"}
{"cached": 614, "total": 730, "stage": "write"}
{"cached": 615, "total": 730, "stage": "write"}
{"cached": 616, "total": 730, "stage": "write"}
{"cached": 617, "total": 730, "stage": "write"}
{"cached": 618, "total": 730, "stage": "write"}
{"cached": 619, "total": 730, "stage": "write"}
{"cached": 620, "total": 730, "stage": "write"}
{"cached": 621, "total": 730, "stage": "write"}
{"cached": 622, "total": 730, "stage": "write"}
{"cached": 623, "total": 730, "stage": "write"}
{"cached": 624, "total": 730, "stage": "write"}
{"cached": 625, "total": 730, "stage": "write"}
{"cached": 626, "total": 730, "stage": "write"}
{"cached": 627, "total": 730, "stage": "write"}
{"cached": 628, "total": 730, "stage": "write"}
{"cached": 629, "total": 730, "stage": "write"}
{"cached": 630, "total": 730, "stage": "write"}
{"cached": 631, "total": 730, "stage": "write"}
{"cached": 632, "total": 730, "stage": "write"}
{"cached": 633, "total": 730, "stage": "write"}
{"cached": 634, "total": 730, "stage": "write"}
{"cached": 635, "total": 730, "stage": "write"}
{"cached": 636, "total": 730, "stage": "write"}
{"cached": 637, "total": 730, "stage": "write"}
{"cached": 638, "total": 730, "stage": "write"}
{"cached": 639, "total": 730, "stage": "write"}
{"cached": 640, "total": 730, "stage": "write"}
{"cached": 641, "total": 730, "stage": "write"}
{"cached": 642, "total": 730, "stage": "write"}
{"cached": 643, "total": 730, "stage": "write"}
{"cached": 644, "total": 730, "stage": "write"}
{"cached": 645, "total": 730, "stage": "write"}
{"cached": 646, "total": 730, "stage": "write"}
{"cached": 647, "total": 730, "stage": "write"}
{"cached": 648, "total": 730, "stage": "write"}
{"cached": 649, "total": 730, "stage": "write"}
{"cached": 650, "total": 730, "stage": "write"}
{"cached": 651, "total": 730, "stage": "write"}
{"cached": 652, "total": 730, "stage": "write"}
{"cached": 653, "total": 730, "stage": "write"}
{"cached": 654, "total": 730, "stage": "write"}
{"cached": 655, "total": 730, "stage": "write"}
{"cached": 656, "total": 730, "stage": "write"}
{"cached": 657, "total": 730, "stage": "write"}
{"cached": 658, "total": 730, "stage": "write"}
{"cached": 659, "total": 730, "stage": "write"}
{"cached": 660, "total": 730, "stage": "write"}
{"cached": 661, "total": 730, "stage": "write"}
{"cached": 662, "total": 730, "stage": "write"}
{"cached": 663, "total": 730, "stage": "write"}
{"cached": 664, "total": 730, "stage": "write"}
{"cached": 665, "total": 730, "stage": "write"}
{"cached": 666, "total": 730, "stage": "write"}
{"cached": 667, "total": 730, "stage": "write"}
{"cached": 668, "total": 730, "stage": "write"}
{"cached": 669, "total": 730, "stage": "write"}
{"cached": 670, "total": 730, "stage": "write"}
{"cached": 671, "total": 730, "stage": "write"}
{"cached": 672, "total": 730, "stage": "write"}
{"cached": 673, "total": 730, "stage": "write"}
{"cached": 674, "total": 730, "stage": "write"}
{"cached": 675, "total": 730, "stage": "write"}
{"cached": 676, "total": 730, "stage": "write"}
{"cached": 677, "total": 730, "stage": "write"}
{"cached": 678, "total": 730, "stage": "write"}
{"cached": 679, "total": 730, "stage": "write"}
{"cached": 680, "total": 730, "stage": "write"}
{"cached": 681, "total": 730, "stage": "write"}
{"cached": 682, "total": 730, "stage": "write"}
{"cached": 683, "total": 730, "stage": "write"}
{"cached": 684, "total": 730, "stage": "write"}
{"cached": 685, "total": 730, "stage": "write"}
{"cached": 686, "total": 730, "stage": "write"}
{"cached": 687, "total": 730, "stage": "write"}
{"cached": 688, "total": 730, "stage": "write"}
{"cached": 689, "total": 730, "stage": "write"}
{"cached": 690, "total": 730, "stage": "write"}
{"cached": 691, "total": 730, "stage": "write"}
{"cached": 692, "total": 730, "stage": "write"}
{"cached": 693, "total": 730, "stage": "write"}
{"cached": 694, "total": 730, "stage": "write"}
{"cached": 695, "total": 730, "stage": "write"}
{"cached": 696, "total": 730, "stage": "write"}
{"cached": 697, "total": 730, "stage": "write"}
{"cached": 698, "total": 730, "stage": "write"}
{"cached": 699, "total": 730, "stage": "write"}
{"cached": 700, "total": 730, "stage": "write"}
{"cached": 701, "total": 730, "stage": "write"}
{"cached": 702, "total": 730, "stage": "write"}
{"cached": 703, "total": 730, "stage": "write"}
{"cached": 704, "total": 730, "stage": "write"}
{"cached": 705, "total": 730, "stage": "write"}
{"cached": 706, "total": 730, "stage": "write"}
{"cached": 707, "total": 730, "stage": "write"}
{"cached": 708, "total": 730, "stage": "write"}
{"cached": 709, "total": 730, "stage": "write"}
{"cached": 710, "total": 730, "stage": "write"}
{"cached": 711, "total": 730, "stage": "write"}
{"cached": 712, "total": 730, "stage": "write"}
{"cached": 713, "total": 730, "stage": "write"}
{"cached": 714, "total": 730, "stage": "write"}
{"cached": 715, "total": 730, "stage": "write"}
{"cached": 716, "total": 730, "stage": "write"}
{"cached": 717, "total": 730, "stage": "write"}
{"cached": 718, "total": 730, "stage": "write"}
{"cached": 719, "total": 730, "stage": "write"}
{"cached": 720, "total": 730, "stage": "write"}
{"cached": 721, "total": 730, "stage": "write"}
{"cached": 722, "total": 730, "stage": "write"}
{"cached": 723, "total": 730, "stage": "write"}
{"cached": 724, "total": 730, "stage": "write"}
{"cached": 725, "total": 730, "stage": "write"}
{"cached": 726, "total": 730, "stage": "write"}
{"cached": 727, "total": 730, "stage": "write"}
{"cached": 728, "total": 730, "stage": "write"}
{"cached": 729, "total": 730, "stage": "write"}
{"cached": 730, "total": 730, "stage": "write"}
{"resumed_at": 84480, "next_step": 84481, "final_step": 93440, "optimizer_states": 1075}
{"step": 84512, "mse": 0.020154346013441682, "seconds": 49.04387485096231}
{"step": 84544, "mse": 0.12109568226151168, "seconds": 96.99235681723803}
{"step": 84576, "mse": 0.2659742939285934, "seconds": 145.13959274301305}
{"step": 84608, "mse": 0.10524430149234831, "seconds": 193.07127305818722}
{"step": 84640, "mse": 0.2286235853098333, "seconds": 245.33453370118514}
{"step": 84672, "mse": 0.6370696388185024, "seconds": 293.29933807533234}
{"step": 84704, "mse": 0.31998934666626155, "seconds": 342.32133692502975}
{"step": 84736, "mse": 0.03764287941157818, "seconds": 391.8476988100447}
{"step": 84768, "mse": 0.0472517148591578, "seconds": 445.48790093231946}
{"step": 84800, "mse": 0.03336627664975822, "seconds": 494.9308391092345}
{"step": 84832, "mse": 0.01714675617404282, "seconds": 544.3589991242625}
{"step": 84864, "mse": 0.23336604610085487, "seconds": 593.6874480568804}
{"step": 84896, "mse": 0.14200632134452462, "seconds": 646.1415245588869}
{"step": 84928, "mse": 0.07291886443272233, "seconds": 694.1403767010197}
{"step": 84960, "mse": 0.06328689004294574, "seconds": 742.14622445032}
{"step": 84992, "mse": 0.03483868599869311, "seconds": 790.1493181642145}
{"step": 85024, "mse": 0.08034340012818575, "seconds": 842.3615890513174}
{"step": 85056, "mse": 0.043448007898405194, "seconds": 891.0399740091525}
{"step": 85088, "mse": 0.21178148314356804, "seconds": 940.4116917089559}
{"step": 85120, "mse": 0.02095926203764975, "seconds": 989.7928284732625}
{"step": 85152, "mse": 0.081691088154912, "seconds": 1043.444974730257}
{"step": 85184, "mse": 0.296936493832618, "seconds": 1092.881710336078}
{"step": 85216, "mse": 0.03672213479876518, "seconds": 1142.5262289401144}
{"step": 85248, "mse": 0.13664639787748456, "seconds": 1191.0460483310744}
{"step": 85280, "mse": 0.24234881694428623, "seconds": 1243.3148994981311}
{"step": 85312, "mse": 0.19684093724936247, "seconds": 1291.2948030713014}
{"step": 85344, "mse": 0.12278159335255623, "seconds": 1339.2717562541366}
{"step": 85376, "mse": 0.09277931740507483, "seconds": 1387.4330256441608}
{"step": 85408, "mse": 0.23184690857306123, "seconds": 1439.664020279888}
{"step": 85440, "mse": 0.2665737590286881, "seconds": 1488.9304797840305}
{"step": 85472, "mse": 0.3190140835940838, "seconds": 1538.3392475969158}
{"step": 85504, "mse": 0.25698067899793386, "seconds": 1587.7510901871137}
{"step": 85536, "mse": 0.04960591718554497, "seconds": 1641.5653862981126}
{"step": 85568, "mse": 0.08984989253804088, "seconds": 1690.9362554410473}
{"step": 85600, "mse": 0.2637209133245051, "seconds": 1739.9958326420747}
{"step": 85632, "mse": 0.11181458923965693, "seconds": 1787.9530827188864}
{"step": 85664, "mse": 0.4510798156261444, "seconds": 1840.2630782090127}
{"step": 85696, "mse": 0.3323853141628206, "seconds": 1888.4228690620512}
{"step": 85728, "mse": 0.031724208733066916, "seconds": 1936.3688149442896}
{"step": 85760, "mse": 0.0152255785651505, "seconds": 1984.302762037143}
{"step": 85792, "mse": 0.12700816104188561, "seconds": 2037.3262928882614}
{"step": 85824, "mse": 0.2512294864282012, "seconds": 2086.6689673261717}
{"step": 85856, "mse": 0.010709692258387804, "seconds": 2136.2716552671045}
{"step": 85888, "mse": 0.02948002889752388, "seconds": 2185.604069394991}
{"step": 85920, "mse": 0.0929577206261456, "seconds": 2239.1786092021503}
{"step": 85952, "mse": 0.12689186888746917, "seconds": 2288.554135371931}
{"step": 85984, "mse": 0.2596692282240838, "seconds": 2336.7920953542925}
{"step": 86016, "mse": 0.25639332737773657, "seconds": 2384.9255319130607}
{"step": 86048, "mse": 0.3074100618250668, "seconds": 2437.124921116978}
{"step": 86080, "mse": 0.013934393646195531, "seconds": 2485.0668870802037}
{"step": 86112, "mse": 0.05895026447251439, "seconds": 2533.006161442958}
Loading pipeline components...:   0%|                    | 0/6 [00:00<?, ?it/s]Loading pipeline components...:  17%|██          | 1/6 [00:00<00:01,  2.76it/s]Loading pipeline components...:  67%|████████    | 4/6 [00:09<00:04,  2.49s/it]Loading pipeline components...:  83%|██████████  | 5/6 [00:10<00:02,  2.18s/it]Loading pipeline components...: 100%|████████████| 6/6 [00:11<00:00,  1.78s/it]Loading pipeline components...: 100%|████████████| 6/6 [00:11<00:00,  1.91s/it]
/inspire/ssd/project/exploration-topic/czxs26210936/envs/vlm-r3-ngc2502/lib/python3.12/site-packages/diffusers/loaders/lora_pipeline.py:6850: FutureWarning: `LoraLoaderMixin` is deprecated and will be removed in version 1.0.0. LoraLoaderMixin is deprecated and this will be removed in a future version. Please use `StableDiffusionLoraLoaderMixin`, instead.
  deprecate("LoraLoaderMixin", "1.0.0", deprecation_message)
{"cached": 1, "total": 730, "stage": "write"}
{"cached": 2, "total": 730, "stage": "write"}
{"cached": 3, "total": 730, "stage": "write"}
{"cached": 4, "total": 730, "stage": "write"}
{"cached": 5, "total": 730, "stage": "write"}
{"cached": 6, "total": 730, "stage": "write"}
{"cached": 7, "total": 730, "stage": "write"}
{"cached": 8, "total": 730, "stage": "write"}
{"cached": 9, "total": 730, "stage": "write"}
{"cached": 10, "total": 730, "stage": "write"}
{"cached": 11, "total": 730, "stage": "write"}
{"cached": 12, "total": 730, "stage": "write"}
{"cached": 13, "total": 730, "stage": "write"}
{"cached": 14, "total": 730, "stage": "write"}
{"cached": 15, "total": 730, "stage": "write"}
{"cached": 16, "total": 730, "stage": "write"}
{"cached": 17, "total": 730, "stage": "write"}
{"cached": 18, "total": 730, "stage": "write"}
{"cached": 19, "total": 730, "stage": "write"}
{"cached": 20, "total": 730, "stage": "write"}
{"cached": 21, "total": 730, "stage": "write"}
{"cached": 22, "total": 730, "stage": "write"}
{"cached": 23, "total": 730, "stage": "write"}
{"cached": 24, "total": 730, "stage": "write"}
{"cached": 25, "total": 730, "stage": "write"}
{"cached": 26, "total": 730, "stage": "write"}
{"cached": 27, "total": 730, "stage": "write"}
{"cached": 28, "total": 730, "stage": "write"}
{"cached": 29, "total": 730, "stage": "write"}
{"cached": 30, "total": 730, "stage": "write"}
{"cached": 31, "total": 730, "stage": "write"}
{"cached": 32, "total": 730, "stage": "write"}
{"cached": 33, "total": 730, "stage": "write"}
{"cached": 34, "total": 730, "stage": "write"}
{"cached": 35, "total": 730, "stage": "write"}
{"cached": 36, "total": 730, "stage": "write"}
{"cached": 37, "total": 730, "stage": "write"}
{"cached": 38, "total": 730, "stage": "write"}
{"cached": 39, "total": 730, "stage": "write"}
{"cached": 40, "total": 730, "stage": "write"}
{"cached": 41, "total": 730, "stage": "write"}
{"cached": 42, "total": 730, "stage": "write"}
{"cached": 43, "total": 730, "stage": "write"}
{"cached": 44, "total": 730, "stage": "write"}
{"cached": 45, "total": 730, "stage": "write"}
{"cached": 46, "total": 730, "stage": "write"}
{"cached": 47, "total": 730, "stage": "write"}
{"cached": 48, "total": 730, "stage": "write"}
{"cached": 49, "total": 730, "stage": "write"}
{"cached": 50, "total": 730, "stage": "write"}
{"cached": 51, "total": 730, "stage": "write"}
{"cached": 52, "total": 730, "stage": "write"}
{"cached": 53, "total": 730, "stage": "write"}
{"cached": 54, "total": 730, "stage": "write"}
{"cached": 55, "total": 730, "stage": "write"}
{"cached": 56, "total": 730, "stage": "write"}
{"cached": 57, "total": 730, "stage": "write"}
{"cached": 58, "total": 730, "stage": "write"}
{"cached": 59, "total": 730, "stage": "write"}
{"cached": 60, "total": 730, "stage": "write"}
{"cached": 61, "total": 730, "stage": "write"}
{"cached": 62, "total": 730, "stage": "write"}
{"cached": 63, "total": 730, "stage": "write"}
{"cached": 64, "total": 730, "stage": "write"}
{"cached": 65, "total": 730, "stage": "write"}
{"cached": 66, "total": 730, "stage": "write"}
{"cached": 67, "total": 730, "stage": "write"}
{"cached": 68, "total": 730, "stage": "write"}
{"cached": 69, "total": 730, "stage": "write"}
{"cached": 70, "total": 730, "stage": "write"}
{"cached": 71, "total": 730, "stage": "write"}
{"cached": 72, "total": 730, "stage": "write"}
{"cached": 73, "total": 730, "stage": "write"}
{"cached": 74, "total": 730, "stage": "write"}
{"cached": 75, "total": 730, "stage": "write"}
{"cached": 76, "total": 730, "stage": "write"}
{"cached": 77, "total": 730, "stage": "write"}
{"cached": 78, "total": 730, "stage": "write"}
{"cached": 79, "total": 730, "stage": "write"}
{"cached": 80, "total": 730, "stage": "write"}
{"cached": 81, "total": 730, "stage": "write"}
{"cached": 82, "total": 730, "stage": "write"}
{"cached": 83, "total": 730, "stage": "write"}
{"cached": 84, "total": 730, "stage": "write"}
{"cached": 85, "total": 730, "stage": "write"}
{"cached": 86, "total": 730, "stage": "write"}
{"cached": 87, "total": 730, "stage": "write"}
{"cached": 88, "total": 730, "stage": "write"}
{"cached": 89, "total": 730, "stage": "write"}
{"cached": 90, "total": 730, "stage": "write"}
{"cached": 91, "total": 730, "stage": "write"}
{"cached": 92, "total": 730, "stage": "write"}
{"cached": 93, "total": 730, "stage": "write"}
{"cached": 94, "total": 730, "stage": "write"}
{"cached": 95, "total": 730, "stage": "write"}
{"cached": 96, "total": 730, "stage": "write"}
{"cached": 97, "total": 730, "stage": "write"}
{"cached": 98, "total": 730, "stage": "write"}
{"cached": 99, "total": 730, "stage": "write"}
{"cached": 100, "total": 730, "stage": "write"}
{"cached": 101, "total": 730, "stage": "write"}
{"cached": 102, "total": 730, "stage": "write"}
{"cached": 103, "total": 730, "stage": "write"}
{"cached": 104, "total": 730, "stage": "write"}
{"cached": 105, "total": 730, "stage": "write"}
{"cached": 106, "total": 730, "stage": "write"}
{"cached": 107, "total": 730, "stage": "write"}
{"cached": 108, "total": 730, "stage": "write"}
{"cached": 109, "total": 730, "stage": "write"}
{"cached": 110, "total": 730, "stage": "write"}
{"cached": 111, "total": 730, "stage": "write"}
{"cached": 112, "total": 730, "stage": "write"}
{"cached": 113, "total": 730, "stage": "write"}
{"cached": 114, "total": 730, "stage": "write"}
{"cached": 115, "total": 730, "stage": "write"}
{"cached": 116, "total": 730, "stage": "write"}
{"cached": 117, "total": 730, "stage": "write"}
{"cached": 118, "total": 730, "stage": "write"}
{"cached": 119, "total": 730, "stage": "write"}
{"cached": 120, "total": 730, "stage": "write"}
{"cached": 121, "total": 730, "stage": "write"}
{"cached": 122, "total": 730, "stage": "write"}
{"cached": 123, "total": 730, "stage": "write"}
{"cached": 124, "total": 730, "stage": "write"}
{"cached": 125, "total": 730, "stage": "write"}
{"cached": 126, "total": 730, "stage": "write"}
{"cached": 127, "total": 730, "stage": "write"}
{"cached": 128, "total": 730, "stage": "write"}
{"cached": 129, "total": 730, "stage": "write"}
{"cached": 130, "total": 730, "stage": "write"}
{"cached": 131, "total": 730, "stage": "write"}
{"cached": 132, "total": 730, "stage": "write"}
{"cached": 133, "total": 730, "stage": "write"}
{"cached": 134, "total": 730, "stage": "write"}
{"cached": 135, "total": 730, "stage": "write"}
{"cached": 136, "total": 730, "stage": "write"}
{"cached": 137, "total": 730, "stage": "write"}
{"cached": 138, "total": 730, "stage": "write"}
{"cached": 139, "total": 730, "stage": "write"}
{"cached": 140, "total": 730, "stage": "write"}
{"cached": 141, "total": 730, "stage": "write"}
{"cached": 142, "total": 730, "stage": "write"}
{"cached": 143, "total": 730, "stage": "write"}
{"cached": 144, "total": 730, "stage": "write"}
{"cached": 145, "total": 730, "stage": "write"}
{"cached": 146, "total": 730, "stage": "write"}
{"cached": 147, "total": 730, "stage": "write"}
{"cached": 148, "total": 730, "stage": "write"}
{"cached": 149, "total": 730, "stage": "write"}
{"cached": 150, "total": 730, "stage": "write"}
{"cached": 151, "total": 730, "stage": "write"}
{"cached": 152, "total": 730, "stage": "write"}
{"cached": 153, "total": 730, "stage": "write"}
{"cached": 154, "total": 730, "stage": "write"}
{"cached": 155, "total": 730, "stage": "write"}
{"cached": 156, "total": 730, "stage": "write"}
{"cached": 157, "total": 730, "stage": "write"}
{"cached": 158, "total": 730, "stage": "write"}
{"cached": 159, "total": 730, "stage": "write"}
{"cached": 160, "total": 730, "stage": "write"}
{"cached": 161, "total": 730, "stage": "write"}
{"cached": 162, "total": 730, "stage": "write"}
{"cached": 163, "total": 730, "stage": "write"}
{"cached": 164, "total": 730, "stage": "write"}
{"cached": 165, "total": 730, "stage": "write"}
{"cached": 166, "total": 730, "stage": "write"}
{"cached": 167, "total": 730, "stage": "write"}
{"cached": 168, "total": 730, "stage": "write"}
{"cached": 169, "total": 730, "stage": "write"}
{"cached": 170, "total": 730, "stage": "write"}
{"cached": 171, "total": 730, "stage": "write"}
{"cached": 172, "total": 730, "stage": "write"}
{"cached": 173, "total": 730, "stage": "write"}
{"cached": 174, "total": 730, "stage": "write"}
{"cached": 175, "total": 730, "stage": "write"}
{"cached": 176, "total": 730, "stage": "write"}
{"cached": 177, "total": 730, "stage": "write"}
{"cached": 178, "total": 730, "stage": "write"}
{"cached": 179, "total": 730, "stage": "write"}
{"cached": 180, "total": 730, "stage": "write"}
{"cached": 181, "total": 730, "stage": "write"}
{"cached": 182, "total": 730, "stage": "write"}
{"cached": 183, "total": 730, "stage": "write"}
{"cached": 184, "total": 730, "stage": "write"}
{"cached": 185, "total": 730, "stage": "write"}
{"cached": 186, "total": 730, "stage": "write"}
{"cached": 187, "total": 730, "stage": "write"}
{"cached": 188, "total": 730, "stage": "write"}
{"cached": 189, "total": 730, "stage": "write"}
{"cached": 190, "total": 730, "stage": "write"}
{"cached": 191, "total": 730, "stage": "write"}
{"cached": 192, "total": 730, "stage": "write"}
{"cached": 193, "total": 730, "stage": "write"}
{"cached": 194, "total": 730, "stage": "write"}
{"cached": 195, "total": 730, "stage": "write"}
{"cached": 196, "total": 730, "stage": "write"}
{"cached": 197, "total": 730, "stage": "write"}
{"cached": 198, "total": 730, "stage": "write"}
{"cached": 199, "total": 730, "stage": "write"}
{"cached": 200, "total": 730, "stage": "write"}
{"cached": 201, "total": 730, "stage": "write"}
{"cached": 202, "total": 730, "stage": "write"}
{"cached": 203, "total": 730, "stage": "write"}
{"cached": 204, "total": 730, "stage": "write"}
{"cached": 205, "total": 730, "stage": "write"}
{"cached": 206, "total": 730, "stage": "write"}
{"cached": 207, "total": 730, "stage": "write"}
{"cached": 208, "total": 730, "stage": "write"}
{"cached": 209, "total": 730, "stage": "write"}
{"cached": 210, "total": 730, "stage": "write"}
{"cached": 211, "total": 730, "stage": "write"}
{"cached": 212, "total": 730, "stage": "write"}
{"cached": 213, "total": 730, "stage": "write"}
{"cached": 214, "total": 730, "stage": "write"}
{"cached": 215, "total": 730, "stage": "write"}
{"cached": 216, "total": 730, "stage": "write"}
{"cached": 217, "total": 730, "stage": "write"}
{"cached": 218, "total": 730, "stage": "write"}
{"cached": 219, "total": 730, "stage": "write"}
{"cached": 220, "total": 730, "stage": "write"}
{"cached": 221, "total": 730, "stage": "write"}
{"cached": 222, "total": 730, "stage": "write"}
{"cached": 223, "total": 730, "stage": "write"}
{"cached": 224, "total": 730, "stage": "write"}
{"cached": 225, "total": 730, "stage": "write"}
{"cached": 226, "total": 730, "stage": "write"}
{"cached": 227, "total": 730, "stage": "write"}
{"cached": 228, "total": 730, "stage": "write"}
{"cached": 229, "total": 730, "stage": "write"}
{"cached": 230, "total": 730, "stage": "write"}
{"cached": 231, "total": 730, "stage": "write"}
{"cached": 232, "total": 730, "stage": "write"}
{"cached": 233, "total": 730, "stage": "write"}
{"cached": 234, "total": 730, "stage": "write"}
{"cached": 235, "total": 730, "stage": "write"}
{"cached": 236, "total": 730, "stage": "write"}
{"cached": 237, "total": 730, "stage": "write"}
{"cached": 238, "total": 730, "stage": "write"}
{"cached": 239, "total": 730, "stage": "write"}
{"cached": 240, "total": 730, "stage": "write"}
{"cached": 241, "total": 730, "stage": "write"}
{"cached": 242, "total": 730, "stage": "write"}
{"cached": 243, "total": 730, "stage": "write"}
{"cached": 244, "total": 730, "stage": "write"}
{"cached": 245, "total": 730, "stage": "write"}
{"cached": 246, "total": 730, "stage": "write"}
{"cached": 247, "total": 730, "stage": "write"}
{"cached": 248, "total": 730, "stage": "write"}
{"cached": 249, "total": 730, "stage": "write"}
{"cached": 250, "total": 730, "stage": "write"}
{"cached": 251, "total": 730, "stage": "write"}
{"cached": 252, "total": 730, "stage": "write"}
{"cached": 253, "total": 730, "stage": "write"}
{"cached": 254, "total": 730, "stage": "write"}
{"cached": 255, "total": 730, "stage": "write"}
{"cached": 256, "total": 730, "stage": "write"}
{"cached": 257, "total": 730, "stage": "write"}
{"cached": 258, "total": 730, "stage": "write"}
{"cached": 259, "total": 730, "stage": "write"}
{"cached": 260, "total": 730, "stage": "write"}
{"cached": 261, "total": 730, "stage": "write"}
{"cached": 262, "total": 730, "stage": "write"}
{"cached": 263, "total": 730, "stage": "write"}
{"cached": 264, "total": 730, "stage": "write"}
{"cached": 265, "total": 730, "stage": "write"}
{"cached": 266, "total": 730, "stage": "write"}
{"cached": 267, "total": 730, "stage": "write"}
{"cached": 268, "total": 730, "stage": "write"}
{"cached": 269, "total": 730, "stage": "write"}
{"cached": 270, "total": 730, "stage": "write"}
{"cached": 271, "total": 730, "stage": "write"}
{"cached": 272, "total": 730, "stage": "write"}
{"cached": 273, "total": 730, "stage": "write"}
{"cached": 274, "total": 730, "stage": "write"}
{"cached": 275, "total": 730, "stage": "write"}
{"cached": 276, "total": 730, "stage": "write"}
{"cached": 277, "total": 730, "stage": "write"}
{"cached": 278, "total": 730, "stage": "write"}
{"cached": 279, "total": 730, "stage": "write"}
{"cached": 280, "total": 730, "stage": "write"}
{"cached": 281, "total": 730, "stage": "write"}
{"cached": 282, "total": 730, "stage": "write"}
{"cached": 283, "total": 730, "stage": "write"}
{"cached": 284, "total": 730, "stage": "write"}
{"cached": 285, "total": 730, "stage": "write"}
{"cached": 286, "total": 730, "stage": "write"}
{"cached": 287, "total": 730, "stage": "write"}
{"cached": 288, "total": 730, "stage": "write"}
{"cached": 289, "total": 730, "stage": "write"}
{"cached": 290, "total": 730, "stage": "write"}
{"cached": 291, "total": 730, "stage": "write"}
{"cached": 292, "total": 730, "stage": "write"}
{"cached": 293, "total": 730, "stage": "write"}
{"cached": 294, "total": 730, "stage": "write"}
{"cached": 295, "total": 730, "stage": "write"}
{"cached": 296, "total": 730, "stage": "write"}
{"cached": 297, "total": 730, "stage": "write"}
{"cached": 298, "total": 730, "stage": "write"}
{"cached": 299, "total": 730, "stage": "write"}
{"cached": 300, "total": 730, "stage": "write"}
{"cached": 301, "total": 730, "stage": "write"}
{"cached": 302, "total": 730, "stage": "write"}
{"cached": 303, "total": 730, "stage": "write"}
{"cached": 304, "total": 730, "stage": "write"}
{"cached": 305, "total": 730, "stage": "write"}
{"cached": 306, "total": 730, "stage": "write"}
{"cached": 307, "total": 730, "stage": "write"}
{"cached": 308, "total": 730, "stage": "write"}
{"cached": 309, "total": 730, "stage": "write"}
{"cached": 310, "total": 730, "stage": "write"}
{"cached": 311, "total": 730, "stage": "write"}
{"cached": 312, "total": 730, "stage": "write"}
{"cached": 313, "total": 730, "stage": "write"}
{"cached": 314, "total": 730, "stage": "write"}
{"cached": 315, "total": 730, "stage": "write"}
{"cached": 316, "total": 730, "stage": "write"}
{"cached": 317, "total": 730, "stage": "write"}
{"cached": 318, "total": 730, "stage": "write"}
{"cached": 319, "total": 730, "stage": "write"}
{"cached": 320, "total": 730, "stage": "write"}
{"cached": 321, "total": 730, "stage": "write"}
{"cached": 322, "total": 730, "stage": "write"}
{"cached": 323, "total": 730, "stage": "write"}
{"cached": 324, "total": 730, "stage": "write"}
{"cached": 325, "total": 730, "stage": "write"}
{"cached": 326, "total": 730, "stage": "write"}
{"cached": 327, "total": 730, "stage": "write"}
{"cached": 328, "total": 730, "stage": "write"}
{"cached": 329, "total": 730, "stage": "write"}
{"cached": 330, "total": 730, "stage": "write"}
{"cached": 331, "total": 730, "stage": "write"}
{"cached": 332, "total": 730, "stage": "write"}
{"cached": 333, "total": 730, "stage": "write"}
{"cached": 334, "total": 730, "stage": "write"}
{"cached": 335, "total": 730, "stage": "write"}
{"cached": 336, "total": 730, "stage": "write"}
{"cached": 337, "total": 730, "stage": "write"}
{"cached": 338, "total": 730, "stage": "write"}
{"cached": 339, "total": 730, "stage": "write"}
{"cached": 340, "total": 730, "stage": "write"}
{"cached": 341, "total": 730, "stage": "write"}
{"cached": 342, "total": 730, "stage": "write"}
{"cached": 343, "total": 730, "stage": "write"}
{"cached": 344, "total": 730, "stage": "write"}
{"cached": 345, "total": 730, "stage": "write"}
{"cached": 346, "total": 730, "stage": "write"}
{"cached": 347, "total": 730, "stage": "write"}
{"cached": 348, "total": 730, "stage": "write"}
{"cached": 349, "total": 730, "stage": "write"}
{"cached": 350, "total": 730, "stage": "write"}
{"cached": 351, "total": 730, "stage": "write"}
{"cached": 352, "total": 730, "stage": "write"}
{"cached": 353, "total": 730, "stage": "write"}
{"cached": 354, "total": 730, "stage": "write"}
{"cached": 355, "total": 730, "stage": "write"}
{"cached": 356, "total": 730, "stage": "write"}
{"cached": 357, "total": 730, "stage": "write"}
{"cached": 358, "total": 730, "stage": "write"}
{"cached": 359, "total": 730, "stage": "write"}
{"cached": 360, "total": 730, "stage": "write"}
{"cached": 361, "total": 730, "stage": "write"}
{"cached": 362, "total": 730, "stage": "write"}
{"cached": 363, "total": 730, "stage": "write"}
{"cached": 364, "total": 730, "stage": "write"}
{"cached": 365, "total": 730, "stage": "write"}
{"cached": 366, "total": 730, "stage": "write"}
{"cached": 367, "total": 730, "stage": "write"}
{"cached": 368, "total": 730, "stage": "write"}
{"cached": 369, "total": 730, "stage": "write"}
{"cached": 370, "total": 730, "stage": "write"}
{"cached": 371, "total": 730, "stage": "write"}
{"cached": 372, "total": 730, "stage": "write"}
{"cached": 373, "total": 730, "stage": "write"}
{"cached": 374, "total": 730, "stage": "write"}
{"cached": 375, "total": 730, "stage": "write"}
{"cached": 376, "total": 730, "stage": "write"}
{"cached": 377, "total": 730, "stage": "write"}
{"cached": 378, "total": 730, "stage": "write"}
{"cached": 379, "total": 730, "stage": "write"}
{"cached": 380, "total": 730, "stage": "write"}
{"cached": 381, "total": 730, "stage": "write"}
{"cached": 382, "total": 730, "stage": "write"}
{"cached": 383, "total": 730, "stage": "write"}
{"cached": 384, "total": 730, "stage": "write"}
{"cached": 385, "total": 730, "stage": "write"}
{"cached": 386, "total": 730, "stage": "write"}
{"cached": 387, "total": 730, "stage": "write"}
{"cached": 388, "total": 730, "stage": "write"}
{"cached": 389, "total": 730, "stage": "write"}
{"cached": 390, "total": 730, "stage": "write"}
{"cached": 391, "total": 730, "stage": "write"}
{"cached": 392, "total": 730, "stage": "write"}
{"cached": 393, "total": 730, "stage": "write"}
{"cached": 394, "total": 730, "stage": "write"}
{"cached": 395, "total": 730, "stage": "write"}
{"cached": 396, "total": 730, "stage": "write"}
{"cached": 397, "total": 730, "stage": "write"}
{"cached": 398, "total": 730, "stage": "write"}
{"cached": 399, "total": 730, "stage": "write"}
{"cached": 400, "total": 730, "stage": "write"}
{"cached": 401, "total": 730, "stage": "write"}
{"cached": 402, "total": 730, "stage": "write"}
{"cached": 403, "total": 730, "stage": "write"}
{"cached": 404, "total": 730, "stage": "write"}
{"cached": 405, "total": 730, "stage": "write"}
{"cached": 406, "total": 730, "stage": "write"}
{"cached": 407, "total": 730, "stage": "write"}
{"cached": 408, "total": 730, "stage": "write"}
{"cached": 409, "total": 730, "stage": "write"}
{"cached": 410, "total": 730, "stage": "write"}
{"cached": 411, "total": 730, "stage": "write"}
{"cached": 412, "total": 730, "stage": "write"}
{"cached": 413, "total": 730, "stage": "write"}
{"cached": 414, "total": 730, "stage": "write"}
{"cached": 415, "total": 730, "stage": "write"}
{"cached": 416, "total": 730, "stage": "write"}
{"cached": 417, "total": 730, "stage": "write"}
{"cached": 418, "total": 730, "stage": "write"}
{"cached": 419, "total": 730, "stage": "write"}
{"cached": 420, "total": 730, "stage": "write"}
{"cached": 421, "total": 730, "stage": "write"}
{"cached": 422, "total": 730, "stage": "write"}
{"cached": 423, "total": 730, "stage": "write"}
{"cached": 424, "total": 730, "stage": "write"}
{"cached": 425, "total": 730, "stage": "write"}
{"cached": 426, "total": 730, "stage": "write"}
{"cached": 427, "total": 730, "stage": "write"}
{"cached": 428, "total": 730, "stage": "write"}
{"cached": 429, "total": 730, "stage": "write"}
{"cached": 430, "total": 730, "stage": "write"}
{"cached": 431, "total": 730, "stage": "write"}
{"cached": 432, "total": 730, "stage": "write"}
{"cached": 433, "total": 730, "stage": "write"}
{"cached": 434, "total": 730, "stage": "write"}
{"cached": 435, "total": 730, "stage": "write"}
{"cached": 436, "total": 730, "stage": "write"}
{"cached": 437, "total": 730, "stage": "write"}
{"cached": 438, "total": 730, "stage": "write"}
{"cached": 439, "total": 730, "stage": "write"}
{"cached": 440, "total": 730, "stage": "write"}
{"cached": 441, "total": 730, "stage": "write"}
{"cached": 442, "total": 730, "stage": "write"}
{"cached": 443, "total": 730, "stage": "write"}
{"cached": 444, "total": 730, "stage": "write"}
{"cached": 445, "total": 730, "stage": "write"}
{"cached": 446, "total": 730, "stage": "write"}
{"cached": 447, "total": 730, "stage": "write"}
{"cached": 448, "total": 730, "stage": "write"}
{"cached": 449, "total": 730, "stage": "write"}
{"cached": 450, "total": 730, "stage": "write"}
{"cached": 451, "total": 730, "stage": "write"}
{"cached": 452, "total": 730, "stage": "write"}
{"cached": 453, "total": 730, "stage": "write"}
{"cached": 454, "total": 730, "stage": "write"}
{"cached": 455, "total": 730, "stage": "write"}
{"cached": 456, "total": 730, "stage": "write"}
{"cached": 457, "total": 730, "stage": "write"}
{"cached": 458, "total": 730, "stage": "write"}
{"cached": 459, "total": 730, "stage": "write"}
{"cached": 460, "total": 730, "stage": "write"}
{"cached": 461, "total": 730, "stage": "write"}
{"cached": 462, "total": 730, "stage": "write"}
{"cached": 463, "total": 730, "stage": "write"}
{"cached": 464, "total": 730, "stage": "write"}
{"cached": 465, "total": 730, "stage": "write"}
{"cached": 466, "total": 730, "stage": "write"}
{"cached": 467, "total": 730, "stage": "write"}
{"cached": 468, "total": 730, "stage": "write"}
{"cached": 469, "total": 730, "stage": "write"}
{"cached": 470, "total": 730, "stage": "write"}
{"cached": 471, "total": 730, "stage": "write"}
{"cached": 472, "total": 730, "stage": "write"}
{"cached": 473, "total": 730, "stage": "write"}
{"cached": 474, "total": 730, "stage": "write"}
{"cached": 475, "total": 730, "stage": "write"}
{"cached": 476, "total": 730, "stage": "write"}
{"cached": 477, "total": 730, "stage": "write"}
{"cached": 478, "total": 730, "stage": "write"}
{"cached": 479, "total": 730, "stage": "write"}
{"cached": 480, "total": 730, "stage": "write"}
{"cached": 481, "total": 730, "stage": "write"}
{"cached": 482, "total": 730, "stage": "write"}
{"cached": 483, "total": 730, "stage": "write"}
{"cached": 484, "total": 730, "stage": "write"}
{"cached": 485, "total": 730, "stage": "write"}
{"cached": 486, "total": 730, "stage": "write"}
{"cached": 487, "total": 730, "stage": "write"}
{"cached": 488, "total": 730, "stage": "write"}
{"cached": 489, "total": 730, "stage": "write"}
{"cached": 490, "total": 730, "stage": "write"}
{"cached": 491, "total": 730, "stage": "write"}
{"cached": 492, "total": 730, "stage": "write"}
{"cached": 493, "total": 730, "stage": "write"}
{"cached": 494, "total": 730, "stage": "write"}
{"cached": 495, "total": 730, "stage": "write"}
{"cached": 496, "total": 730, "stage": "write"}
{"cached": 497, "total": 730, "stage": "write"}
{"cached": 498, "total": 730, "stage": "write"}
{"cached": 499, "total": 730, "stage": "write"}
{"cached": 500, "total": 730, "stage": "write"}
{"cached": 501, "total": 730, "stage": "write"}
{"cached": 502, "total": 730, "stage": "write"}
{"cached": 503, "total": 730, "stage": "write"}
{"cached": 504, "total": 730, "stage": "write"}
{"cached": 505, "total": 730, "stage": "write"}
{"cached": 506, "total": 730, "stage": "write"}
{"cached": 507, "total": 730, "stage": "write"}
{"cached": 508, "total": 730, "stage": "write"}
{"cached": 509, "total": 730, "stage": "write"}
{"cached": 510, "total": 730, "stage": "write"}
{"cached": 511, "total": 730, "stage": "write"}
{"cached": 512, "total": 730, "stage": "write"}
{"cached": 513, "total": 730, "stage": "write"}
{"cached": 514, "total": 730, "stage": "write"}
{"cached": 515, "total": 730, "stage": "write"}
{"cached": 516, "total": 730, "stage": "write"}
{"cached": 517, "total": 730, "stage": "write"}
{"cached": 518, "total": 730, "stage": "write"}
{"cached": 519, "total": 730, "stage": "write"}
{"cached": 520, "total": 730, "stage": "write"}
{"cached": 521, "total": 730, "stage": "write"}
{"cached": 522, "total": 730, "stage": "write"}
{"cached": 523, "total": 730, "stage": "write"}
{"cached": 524, "total": 730, "stage": "write"}
{"cached": 525, "total": 730, "stage": "write"}
{"cached": 526, "total": 730, "stage": "write"}
{"cached": 527, "total": 730, "stage": "write"}
{"cached": 528, "total": 730, "stage": "write"}
{"cached": 529, "total": 730, "stage": "write"}
{"cached": 530, "total": 730, "stage": "write"}
{"cached": 531, "total": 730, "stage": "write"}
{"cached": 532, "total": 730, "stage": "write"}
{"cached": 533, "total": 730, "stage": "write"}
{"cached": 534, "total": 730, "stage": "write"}
{"cached": 535, "total": 730, "stage": "write"}
{"cached": 536, "total": 730, "stage": "write"}
{"cached": 537, "total": 730, "stage": "write"}
{"cached": 538, "total": 730, "stage": "write"}
{"cached": 539, "total": 730, "stage": "write"}
{"cached": 540, "total": 730, "stage": "write"}
{"cached": 541, "total": 730, "stage": "write"}
{"cached": 542, "total": 730, "stage": "write"}
{"cached": 543, "total": 730, "stage": "write"}
{"cached": 544, "total": 730, "stage": "write"}
{"cached": 545, "total": 730, "stage": "write"}
{"cached": 546, "total": 730, "stage": "write"}
{"cached": 547, "total": 730, "stage": "write"}
{"cached": 548, "total": 730, "stage": "write"}
{"cached": 549, "total": 730, "stage": "write"}
{"cached": 550, "total": 730, "stage": "write"}
{"cached": 551, "total": 730, "stage": "write"}
{"cached": 552, "total": 730, "stage": "write"}
{"cached": 553, "total": 730, "stage": "write"}
{"cached": 554, "total": 730, "stage": "write"}
{"cached": 555, "total": 730, "stage": "write"}
{"cached": 556, "total": 730, "stage": "write"}
{"cached": 557, "total": 730, "stage": "write"}
{"cached": 558, "total": 730, "stage": "write"}
{"cached": 559, "total": 730, "stage": "write"}
{"cached": 560, "total": 730, "stage": "write"}
{"cached": 561, "total": 730, "stage": "write"}
{"cached": 562, "total": 730, "stage": "write"}
{"cached": 563, "total": 730, "stage": "write"}
{"cached": 564, "total": 730, "stage": "write"}
{"cached": 565, "total": 730, "stage": "write"}
{"cached": 566, "total": 730, "stage": "write"}
{"cached": 567, "total": 730, "stage": "write"}
{"cached": 568, "total": 730, "stage": "write"}
{"cached": 569, "total": 730, "stage": "write"}
{"cached": 570, "total": 730, "stage": "write"}
{"cached": 571, "total": 730, "stage": "write"}
{"cached": 572, "total": 730, "stage": "write"}
{"cached": 573, "total": 730, "stage": "write"}
{"cached": 574, "total": 730, "stage": "write"}
{"cached": 575, "total": 730, "stage": "write"}
{"cached": 576, "total": 730, "stage": "write"}
{"cached": 577, "total": 730, "stage": "write"}
{"cached": 578, "total": 730, "stage": "write"}
{"cached": 579, "total": 730, "stage": "write"}
{"cached": 580, "total": 730, "stage": "write"}
{"cached": 581, "total": 730, "stage": "write"}
{"cached": 582, "total": 730, "stage": "write"}
{"cached": 583, "total": 730, "stage": "write"}
{"cached": 584, "total": 730, "stage": "write"}
{"cached": 585, "total": 730, "stage": "write"}
{"cached": 586, "total": 730, "stage": "write"}
{"cached": 587, "total": 730, "stage": "write"}
{"cached": 588, "total": 730, "stage": "write"}
{"cached": 589, "total": 730, "stage": "write"}
{"cached": 590, "total": 730, "stage": "write"}
{"cached": 591, "total": 730, "stage": "write"}
{"cached": 592, "total": 730, "stage": "write"}
{"cached": 593, "total": 730, "stage": "write"}
{"cached": 594, "total": 730, "stage": "write"}
{"cached": 595, "total": 730, "stage": "write"}
{"cached": 596, "total": 730, "stage": "write"}
{"cached": 597, "total": 730, "stage": "write"}
{"cached": 598, "total": 730, "stage": "write"}
{"cached": 599, "total": 730, "stage": "write"}
{"cached": 600, "total": 730, "stage": "write"}
{"cached": 601, "total": 730, "stage": "write"}
{"cached": 602, "total": 730, "stage": "write"}
{"cached": 603, "total": 730, "stage": "write"}
{"cached": 604, "total": 730, "stage": "write"}
{"cached": 605, "total": 730, "stage": "write"}
{"cached": 606, "total": 730, "stage": "write"}
{"cached": 607, "total": 730, "stage": "write"}
{"cached": 608, "total": 730, "stage": "write"}
{"cached": 609, "total": 730, "stage": "write"}
{"cached": 610, "total": 730, "stage": "write"}
{"cached": 611, "total": 730, "stage": "write"}
{"cached": 612, "total": 730, "stage": "write"}
{"cached": 613, "total": 730, "stage": "write"}
{"cached": 614, "total": 730, "stage": "write"}
{"cached": 615, "total": 730, "stage": "write"}
{"cached": 616, "total": 730, "stage": "write"}
{"cached": 617, "total": 730, "stage": "write"}
{"cached": 618, "total": 730, "stage": "write"}
{"cached": 619, "total": 730, "stage": "write"}
{"cached": 620, "total": 730, "stage": "write"}
{"cached": 621, "total": 730, "stage": "write"}
{"cached": 622, "total": 730, "stage": "write"}
{"cached": 623, "total": 730, "stage": "write"}
{"cached": 624, "total": 730, "stage": "write"}
{"cached": 625, "total": 730, "stage": "write"}
{"cached": 626, "total": 730, "stage": "write"}
{"cached": 627, "total": 730, "stage": "write"}
{"cached": 628, "total": 730, "stage": "write"}
{"cached": 629, "total": 730, "stage": "write"}
{"cached": 630, "total": 730, "stage": "write"}
{"cached": 631, "total": 730, "stage": "write"}
{"cached": 632, "total": 730, "stage": "write"}
{"cached": 633, "total": 730, "stage": "write"}
{"cached": 634, "total": 730, "stage": "write"}
{"cached": 635, "total": 730, "stage": "write"}
{"cached": 636, "total": 730, "stage": "write"}
{"cached": 637, "total": 730, "stage": "write"}
{"cached": 638, "total": 730, "stage": "write"}
{"cached": 639, "total": 730, "stage": "write"}
{"cached": 640, "total": 730, "stage": "write"}
{"cached": 641, "total": 730, "stage": "write"}
{"cached": 642, "total": 730, "stage": "write"}
{"cached": 643, "total": 730, "stage": "write"}
{"cached": 644, "total": 730, "stage": "write"}
{"cached": 645, "total": 730, "stage": "write"}
{"cached": 646, "total": 730, "stage": "write"}
{"cached": 647, "total": 730, "stage": "write"}
{"cached": 648, "total": 730, "stage": "write"}
{"cached": 649, "total": 730, "stage": "write"}
{"cached": 650, "total": 730, "stage": "write"}
{"cached": 651, "total": 730, "stage": "write"}
{"cached": 652, "total": 730, "stage": "write"}
{"cached": 653, "total": 730, "stage": "write"}
{"cached": 654, "total": 730, "stage": "write"}
{"cached": 655, "total": 730, "stage": "write"}
{"cached": 656, "total": 730, "stage": "write"}
{"cached": 657, "total": 730, "stage": "write"}
{"cached": 658, "total": 730, "stage": "write"}
{"cached": 659, "total": 730, "stage": "write"}
{"cached": 660, "total": 730, "stage": "write"}
{"cached": 661, "total": 730, "stage": "write"}
{"cached": 662, "total": 730, "stage": "write"}
{"cached": 663, "total": 730, "stage": "write"}
{"cached": 664, "total": 730, "stage": "write"}
{"cached": 665, "total": 730, "stage": "write"}
{"cached": 666, "total": 730, "stage": "write"}
{"cached": 667, "total": 730, "stage": "write"}
{"cached": 668, "total": 730, "stage": "write"}
{"cached": 669, "total": 730, "stage": "write"}
{"cached": 670, "total": 730, "stage": "write"}
{"cached": 671, "total": 730, "stage": "write"}
{"cached": 672, "total": 730, "stage": "write"}
{"cached": 673, "total": 730, "stage": "write"}
{"cached": 674, "total": 730, "stage": "write"}
{"cached": 675, "total": 730, "stage": "write"}
{"cached": 676, "total": 730, "stage": "write"}
{"cached": 677, "total": 730, "stage": "write"}
{"cached": 678, "total": 730, "stage": "write"}
{"cached": 679, "total": 730, "stage": "write"}
{"cached": 680, "total": 730, "stage": "write"}
{"cached": 681, "total": 730, "stage": "write"}
{"cached": 682, "total": 730, "stage": "write"}
{"cached": 683, "total": 730, "stage": "write"}
{"cached": 684, "total": 730, "stage": "write"}
{"cached": 685, "total": 730, "stage": "write"}
{"cached": 686, "total": 730, "stage": "write"}
{"cached": 687, "total": 730, "stage": "write"}
{"cached": 688, "total": 730, "stage": "write"}
{"cached": 689, "total": 730, "stage": "write"}
{"cached": 690, "total": 730, "stage": "write"}
{"cached": 691, "total": 730, "stage": "write"}
{"cached": 692, "total": 730, "stage": "write"}
{"cached": 693, "total": 730, "stage": "write"}
{"cached": 694, "total": 730, "stage": "write"}
{"cached": 695, "total": 730, "stage": "write"}
{"cached": 696, "total": 730, "stage": "write"}
{"cached": 697, "total": 730, "stage": "write"}
{"cached": 698, "total": 730, "stage": "write"}
{"cached": 699, "total": 730, "stage": "write"}
{"cached": 700, "total": 730, "stage": "write"}
{"cached": 701, "total": 730, "stage": "write"}
{"cached": 702, "total": 730, "stage": "write"}
{"cached": 703, "total": 730, "stage": "write"}
{"cached": 704, "total": 730, "stage": "write"}
{"cached": 705, "total": 730, "stage": "write"}
{"cached": 706, "total": 730, "stage": "write"}
{"cached": 707, "total": 730, "stage": "write"}
{"cached": 708, "total": 730, "stage": "write"}
{"cached": 709, "total": 730, "stage": "write"}
{"cached": 710, "total": 730, "stage": "write"}
{"cached": 711, "total": 730, "stage": "write"}
{"cached": 712, "total": 730, "stage": "write"}
{"cached": 713, "total": 730, "stage": "write"}
{"cached": 714, "total": 730, "stage": "write"}
{"cached": 715, "total": 730, "stage": "write"}
{"cached": 716, "total": 730, "stage": "write"}
{"cached": 717, "total": 730, "stage": "write"}
{"cached": 718, "total": 730, "stage": "write"}
{"cached": 719, "total": 730, "stage": "write"}
{"cached": 720, "total": 730, "stage": "write"}
{"cached": 721, "total": 730, "stage": "write"}
{"cached": 722, "total": 730, "stage": "write"}
{"cached": 723, "total": 730, "stage": "write"}
{"cached": 724, "total": 730, "stage": "write"}
{"cached": 725, "total": 730, "stage": "write"}
{"cached": 726, "total": 730, "stage": "write"}
{"cached": 727, "total": 730, "stage": "write"}
{"cached": 728, "total": 730, "stage": "write"}
{"cached": 729, "total": 730, "stage": "write"}
{"cached": 730, "total": 730, "stage": "write"}
{"resumed_at": 86016, "next_step": 86017, "final_step": 93440, "optimizer_states": 1075}
{"step": 86048, "mse": 0.3074100618250668, "seconds": 48.04493898013607}
{"step": 86080, "mse": 0.013934393646195531, "seconds": 95.84240448987111}
{"step": 86112, "mse": 0.05895026447251439, "seconds": 143.83893076796085}
{"step": 86144, "mse": 0.021204043179750443, "seconds": 191.82110550813377}
{"step": 86176, "mse": 0.2962605954380706, "seconds": 245.43286333372816}
{"step": 86208, "mse": 0.04196559125557542, "seconds": 294.7256491887383}
{"step": 86240, "mse": 0.10182760143652558, "seconds": 344.03450485598296}
{"step": 86272, "mse": 0.08238293533213437, "seconds": 393.5490644797683}
{"step": 86304, "mse": 0.26604003505781293, "seconds": 447.1295385211706}
{"step": 86336, "mse": 0.1080715199932456, "seconds": 495.7649075319059}
{"step": 86368, "mse": 0.033112538512796164, "seconds": 543.6073475899175}
{"step": 86400, "mse": 0.03023983701132238, "seconds": 591.4595962860622}
{"step": 86432, "mse": 0.010009615682065487, "seconds": 643.844799800776}
{"step": 86464, "mse": 0.16030540014617145, "seconds": 691.6979117919691}
{"step": 86496, "mse": 0.024927541613578796, "seconds": 739.5369779211469}
{"step": 86528, "mse": 0.08121422957628965, "seconds": 788.4072378310375}
{"step": 86560, "mse": 0.020494708442129195, "seconds": 842.0111707607284}
{"step": 86592, "mse": 0.3674806784838438, "seconds": 891.4984677927569}
{"step": 86624, "mse": 0.17398776090703905, "seconds": 940.7172828069888}
{"step": 86656, "mse": 0.11441375687718391, "seconds": 990.0124907861464}
{"step": 86688, "mse": 0.5729703449178487, "seconds": 1043.4146835971624}
{"step": 86720, "mse": 0.2639693855307996, "seconds": 1091.2004450447857}
{"step": 86752, "mse": 0.16528573632240295, "seconds": 1139.2198900980875}
{"step": 86784, "mse": 0.14722338691353798, "seconds": 1187.0342709599063}
{"step": 86816, "mse": 0.25460463762283325, "seconds": 1239.1580662429333}
{"step": 86848, "mse": 0.07576681720092893, "seconds": 1286.9698986709118}
{"step": 86880, "mse": 0.051298948703333735, "seconds": 1335.210969756823}
{"step": 86912, "mse": 0.03430735133588314, "seconds": 1384.688882439863}
{"step": 86944, "mse": 0.26518272841349244, "seconds": 1438.2903500669636}
{"step": 86976, "mse": 0.31409463402815163, "seconds": 1487.5353799359873}
{"step": 87008, "mse": 0.3019515182822943, "seconds": 1536.7187231630087}
{"step": 87040, "mse": 0.16514257807284594, "seconds": 1585.903174528852}
{"step": 87072, "mse": 0.09771253308281302, "seconds": 1638.5992640228942}
{"step": 87104, "mse": 0.20425504306331277, "seconds": 1686.3983468851075}
{"step": 87136, "mse": 0.20936820469796658, "seconds": 1734.1901971478947}
{"step": 87168, "mse": 0.266954708378762, "seconds": 1781.9809796111658}
{"step": 87200, "mse": 0.06011967267841101, "seconds": 1834.073008051142}
{"step": 87232, "mse": 0.08007513452321291, "seconds": 1882.0224732840434}
{"step": 87264, "mse": 0.34878213808406144, "seconds": 1931.0672241249122}
{"step": 87296, "mse": 0.05667460651602596, "seconds": 1980.2202215949073}
{"step": 87328, "mse": 0.15751060098409653, "seconds": 2033.598135562148}
{"step": 87360, "mse": 0.2809944781474769, "seconds": 2082.876312708948}
{"step": 87392, "mse": 0.18024838156998158, "seconds": 2132.2752805170603}
{"step": 87424, "mse": 0.05315399821847677, "seconds": 2181.189732234925}
{"step": 87456, "mse": 0.14699322916567326, "seconds": 2233.3624415481463}
{"step": 87488, "mse": 0.3085545636713505, "seconds": 2281.1933387657627}
{"step": 87520, "mse": 0.1483649101573974, "seconds": 2329.0062317741103}
{"step": 87552, "mse": 0.041706019546836615, "seconds": 2377.014745343942}
{"step": 87584, "mse": 0.04966105008497834, "seconds": 2429.1525237830356}
{"step": 87616, "mse": 0.08890038321260363, "seconds": 2477.7027883441187}
{"step": 87648, "mse": 0.11188884219154716, "seconds": 2526.8657448971644}
{"step": 87680, "mse": 0.06651817634701729, "seconds": 2576.1150014530867}
{"step": 87712, "mse": 0.029418512247502804, "seconds": 2634.15170600079}
{"step": 87744, "mse": 0.14015349885448813, "seconds": 2683.3582612969913}
{"step": 87776, "mse": 0.08020859537646174, "seconds": 2732.511504548136}
{"step": 87808, "mse": 0.079094675835222, "seconds": 2780.5538918999955}
{"step": 87840, "mse": 0.1163489781320095, "seconds": 2832.565889416728}
{"step": 87872, "mse": 0.01806232170201838, "seconds": 2880.5576043599285}
{"step": 87904, "mse": 0.025809191865846515, "seconds": 2928.341707387939}
{"step": 87936, "mse": 0.0480396815109998, "seconds": 2976.1285386229865}
{"step": 87968, "mse": 0.32278217375278473, "seconds": 3028.2663049628027}
{"step": 88000, "mse": 0.023258907720446587, "seconds": 3077.4944980870932}
{"step": 88032, "mse": 0.289749251678586, "seconds": 3126.9467268469743}
{"step": 88064, "mse": 0.10859182686544955, "seconds": 3176.1006711618975}
{"step": 88096, "mse": 0.10279281064867973, "seconds": 3229.603671660181}
{"step": 88128, "mse": 0.1669403831474483, "seconds": 3278.8331910148263}
{"step": 88160, "mse": 0.48816340416669846, "seconds": 3327.581577200908}
{"step": 88192, "mse": 0.03369441069662571, "seconds": 3375.596727238968}
{"step": 88224, "mse": 0.02801491040736437, "seconds": 3427.62332378095}
{"step": 88256, "mse": 0.06184293224941939, "seconds": 3475.438483961858}
{"step": 88288, "mse": 0.03105003386735916, "seconds": 3523.2597322650254}
{"step": 88320, "mse": 0.05128615442663431, "seconds": 3571.0738050509244}
{"step": 88352, "mse": 0.08691562805324793, "seconds": 3624.267449099105}
{"step": 88384, "mse": 0.07360668457113206, "seconds": 3673.4866138109937}
{"step": 88416, "mse": 0.01650409121066332, "seconds": 3722.702998519875}
{"step": 88448, "mse": 0.2171471188776195, "seconds": 3771.908312269952}
{"step": 88480, "mse": 0.5928794909268618, "seconds": 3825.334580644965}
{"step": 88512, "mse": 0.01328473910689354, "seconds": 3874.735253944993}
Loading pipeline components...:   0%|                    | 0/6 [00:00<?, ?it/s]Loading pipeline components...:  17%|██          | 1/6 [00:00<00:02,  2.28it/s]Loading pipeline components...:  67%|████████    | 4/6 [00:14<00:07,  3.83s/it]Loading pipeline components...:  83%|██████████  | 5/6 [00:16<00:03,  3.38s/it]Loading pipeline components...: 100%|████████████| 6/6 [00:17<00:00,  2.69s/it]Loading pipeline components...: 100%|████████████| 6/6 [00:17<00:00,  2.91s/it]
/inspire/ssd/project/exploration-topic/czxs26210936/envs/vlm-r3-ngc2502/lib/python3.12/site-packages/diffusers/loaders/lora_pipeline.py:6850: FutureWarning: `LoraLoaderMixin` is deprecated and will be removed in version 1.0.0. LoraLoaderMixin is deprecated and this will be removed in a future version. Please use `StableDiffusionLoraLoaderMixin`, instead.
  deprecate("LoraLoaderMixin", "1.0.0", deprecation_message)
{"cached": 1, "total": 730, "stage": "write"}
{"cached": 2, "total": 730, "stage": "write"}
{"cached": 3, "total": 730, "stage": "write"}
{"cached": 4, "total": 730, "stage": "write"}
{"cached": 5, "total": 730, "stage": "write"}
{"cached": 6, "total": 730, "stage": "write"}
{"cached": 7, "total": 730, "stage": "write"}
{"cached": 8, "total": 730, "stage": "write"}
{"cached": 9, "total": 730, "stage": "write"}
{"cached": 10, "total": 730, "stage": "write"}
{"cached": 11, "total": 730, "stage": "write"}
{"cached": 12, "total": 730, "stage": "write"}
{"cached": 13, "total": 730, "stage": "write"}
{"cached": 14, "total": 730, "stage": "write"}
{"cached": 15, "total": 730, "stage": "write"}
{"cached": 16, "total": 730, "stage": "write"}
{"cached": 17, "total": 730, "stage": "write"}
{"cached": 18, "total": 730, "stage": "write"}
{"cached": 19, "total": 730, "stage": "write"}
{"cached": 20, "total": 730, "stage": "write"}
{"cached": 21, "total": 730, "stage": "write"}
{"cached": 22, "total": 730, "stage": "write"}
{"cached": 23, "total": 730, "stage": "write"}
{"cached": 24, "total": 730, "stage": "write"}
{"cached": 25, "total": 730, "stage": "write"}
{"cached": 26, "total": 730, "stage": "write"}
{"cached": 27, "total": 730, "stage": "write"}
{"cached": 28, "total": 730, "stage": "write"}
{"cached": 29, "total": 730, "stage": "write"}
{"cached": 30, "total": 730, "stage": "write"}
{"cached": 31, "total": 730, "stage": "write"}
{"cached": 32, "total": 730, "stage": "write"}
{"cached": 33, "total": 730, "stage": "write"}
{"cached": 34, "total": 730, "stage": "write"}
{"cached": 35, "total": 730, "stage": "write"}
{"cached": 36, "total": 730, "stage": "write"}
{"cached": 37, "total": 730, "stage": "write"}
{"cached": 38, "total": 730, "stage": "write"}
{"cached": 39, "total": 730, "stage": "write"}
{"cached": 40, "total": 730, "stage": "write"}
{"cached": 41, "total": 730, "stage": "write"}
{"cached": 42, "total": 730, "stage": "write"}
{"cached": 43, "total": 730, "stage": "write"}
{"cached": 44, "total": 730, "stage": "write"}
{"cached": 45, "total": 730, "stage": "write"}
{"cached": 46, "total": 730, "stage": "write"}
{"cached": 47, "total": 730, "stage": "write"}
{"cached": 48, "total": 730, "stage": "write"}
{"cached": 49, "total": 730, "stage": "write"}
{"cached": 50, "total": 730, "stage": "write"}
{"cached": 51, "total": 730, "stage": "write"}
{"cached": 52, "total": 730, "stage": "write"}
{"cached": 53, "total": 730, "stage": "write"}
{"cached": 54, "total": 730, "stage": "write"}
{"cached": 55, "total": 730, "stage": "write"}
{"cached": 56, "total": 730, "stage": "write"}
{"cached": 57, "total": 730, "stage": "write"}
{"cached": 58, "total": 730, "stage": "write"}
{"cached": 59, "total": 730, "stage": "write"}
{"cached": 60, "total": 730, "stage": "write"}
{"cached": 61, "total": 730, "stage": "write"}
{"cached": 62, "total": 730, "stage": "write"}
{"cached": 63, "total": 730, "stage": "write"}
{"cached": 64, "total": 730, "stage": "write"}
{"cached": 65, "total": 730, "stage": "write"}
{"cached": 66, "total": 730, "stage": "write"}
{"cached": 67, "total": 730, "stage": "write"}
{"cached": 68, "total": 730, "stage": "write"}
{"cached": 69, "total": 730, "stage": "write"}
{"cached": 70, "total": 730, "stage": "write"}
{"cached": 71, "total": 730, "stage": "write"}
{"cached": 72, "total": 730, "stage": "write"}
{"cached": 73, "total": 730, "stage": "write"}
{"cached": 74, "total": 730, "stage": "write"}
{"cached": 75, "total": 730, "stage": "write"}
{"cached": 76, "total": 730, "stage": "write"}
{"cached": 77, "total": 730, "stage": "write"}
{"cached": 78, "total": 730, "stage": "write"}
{"cached": 79, "total": 730, "stage": "write"}
{"cached": 80, "total": 730, "stage": "write"}
{"cached": 81, "total": 730, "stage": "write"}
{"cached": 82, "total": 730, "stage": "write"}
{"cached": 83, "total": 730, "stage": "write"}
{"cached": 84, "total": 730, "stage": "write"}
{"cached": 85, "total": 730, "stage": "write"}
{"cached": 86, "total": 730, "stage": "write"}
{"cached": 87, "total": 730, "stage": "write"}
{"cached": 88, "total": 730, "stage": "write"}
{"cached": 89, "total": 730, "stage": "write"}
{"cached": 90, "total": 730, "stage": "write"}
{"cached": 91, "total": 730, "stage": "write"}
{"cached": 92, "total": 730, "stage": "write"}
{"cached": 93, "total": 730, "stage": "write"}
{"cached": 94, "total": 730, "stage": "write"}
{"cached": 95, "total": 730, "stage": "write"}
{"cached": 96, "total": 730, "stage": "write"}
{"cached": 97, "total": 730, "stage": "write"}
{"cached": 98, "total": 730, "stage": "write"}
{"cached": 99, "total": 730, "stage": "write"}
{"cached": 100, "total": 730, "stage": "write"}
{"cached": 101, "total": 730, "stage": "write"}
{"cached": 102, "total": 730, "stage": "write"}
{"cached": 103, "total": 730, "stage": "write"}
{"cached": 104, "total": 730, "stage": "write"}
{"cached": 105, "total": 730, "stage": "write"}
{"cached": 106, "total": 730, "stage": "write"}
{"cached": 107, "total": 730, "stage": "write"}
{"cached": 108, "total": 730, "stage": "write"}
{"cached": 109, "total": 730, "stage": "write"}
{"cached": 110, "total": 730, "stage": "write"}
{"cached": 111, "total": 730, "stage": "write"}
{"cached": 112, "total": 730, "stage": "write"}
{"cached": 113, "total": 730, "stage": "write"}
{"cached": 114, "total": 730, "stage": "write"}
{"cached": 115, "total": 730, "stage": "write"}
{"cached": 116, "total": 730, "stage": "write"}
{"cached": 117, "total": 730, "stage": "write"}
{"cached": 118, "total": 730, "stage": "write"}
{"cached": 119, "total": 730, "stage": "write"}
{"cached": 120, "total": 730, "stage": "write"}
{"cached": 121, "total": 730, "stage": "write"}
{"cached": 122, "total": 730, "stage": "write"}
{"cached": 123, "total": 730, "stage": "write"}
{"cached": 124, "total": 730, "stage": "write"}
{"cached": 125, "total": 730, "stage": "write"}
{"cached": 126, "total": 730, "stage": "write"}
{"cached": 127, "total": 730, "stage": "write"}
{"cached": 128, "total": 730, "stage": "write"}
{"cached": 129, "total": 730, "stage": "write"}
{"cached": 130, "total": 730, "stage": "write"}
{"cached": 131, "total": 730, "stage": "write"}
{"cached": 132, "total": 730, "stage": "write"}
{"cached": 133, "total": 730, "stage": "write"}
{"cached": 134, "total": 730, "stage": "write"}
{"cached": 135, "total": 730, "stage": "write"}
{"cached": 136, "total": 730, "stage": "write"}
{"cached": 137, "total": 730, "stage": "write"}
{"cached": 138, "total": 730, "stage": "write"}
{"cached": 139, "total": 730, "stage": "write"}
{"cached": 140, "total": 730, "stage": "write"}
{"cached": 141, "total": 730, "stage": "write"}
{"cached": 142, "total": 730, "stage": "write"}
{"cached": 143, "total": 730, "stage": "write"}
{"cached": 144, "total": 730, "stage": "write"}
{"cached": 145, "total": 730, "stage": "write"}
{"cached": 146, "total": 730, "stage": "write"}
{"cached": 147, "total": 730, "stage": "write"}
{"cached": 148, "total": 730, "stage": "write"}
{"cached": 149, "total": 730, "stage": "write"}
{"cached": 150, "total": 730, "stage": "write"}
{"cached": 151, "total": 730, "stage": "write"}
{"cached": 152, "total": 730, "stage": "write"}
{"cached": 153, "total": 730, "stage": "write"}
{"cached": 154, "total": 730, "stage": "write"}
{"cached": 155, "total": 730, "stage": "write"}
{"cached": 156, "total": 730, "stage": "write"}
{"cached": 157, "total": 730, "stage": "write"}
{"cached": 158, "total": 730, "stage": "write"}
{"cached": 159, "total": 730, "stage": "write"}
{"cached": 160, "total": 730, "stage": "write"}
{"cached": 161, "total": 730, "stage": "write"}
{"cached": 162, "total": 730, "stage": "write"}
{"cached": 163, "total": 730, "stage": "write"}
{"cached": 164, "total": 730, "stage": "write"}
{"cached": 165, "total": 730, "stage": "write"}
{"cached": 166, "total": 730, "stage": "write"}
{"cached": 167, "total": 730, "stage": "write"}
{"cached": 168, "total": 730, "stage": "write"}
{"cached": 169, "total": 730, "stage": "write"}
{"cached": 170, "total": 730, "stage": "write"}
{"cached": 171, "total": 730, "stage": "write"}
{"cached": 172, "total": 730, "stage": "write"}
{"cached": 173, "total": 730, "stage": "write"}
{"cached": 174, "total": 730, "stage": "write"}
{"cached": 175, "total": 730, "stage": "write"}
{"cached": 176, "total": 730, "stage": "write"}
{"cached": 177, "total": 730, "stage": "write"}
{"cached": 178, "total": 730, "stage": "write"}
{"cached": 179, "total": 730, "stage": "write"}
{"cached": 180, "total": 730, "stage": "write"}
{"cached": 181, "total": 730, "stage": "write"}
{"cached": 182, "total": 730, "stage": "write"}
{"cached": 183, "total": 730, "stage": "write"}
{"cached": 184, "total": 730, "stage": "write"}
{"cached": 185, "total": 730, "stage": "write"}
{"cached": 186, "total": 730, "stage": "write"}
{"cached": 187, "total": 730, "stage": "write"}
{"cached": 188, "total": 730, "stage": "write"}
{"cached": 189, "total": 730, "stage": "write"}
{"cached": 190, "total": 730, "stage": "write"}
{"cached": 191, "total": 730, "stage": "write"}
{"cached": 192, "total": 730, "stage": "write"}
{"cached": 193, "total": 730, "stage": "write"}
{"cached": 194, "total": 730, "stage": "write"}
{"cached": 195, "total": 730, "stage": "write"}
{"cached": 196, "total": 730, "stage": "write"}
{"cached": 197, "total": 730, "stage": "write"}
{"cached": 198, "total": 730, "stage": "write"}
{"cached": 199, "total": 730, "stage": "write"}
{"cached": 200, "total": 730, "stage": "write"}
{"cached": 201, "total": 730, "stage": "write"}
{"cached": 202, "total": 730, "stage": "write"}
{"cached": 203, "total": 730, "stage": "write"}
{"cached": 204, "total": 730, "stage": "write"}
{"cached": 205, "total": 730, "stage": "write"}
{"cached": 206, "total": 730, "stage": "write"}
{"cached": 207, "total": 730, "stage": "write"}
{"cached": 208, "total": 730, "stage": "write"}
{"cached": 209, "total": 730, "stage": "write"}
{"cached": 210, "total": 730, "stage": "write"}
{"cached": 211, "total": 730, "stage": "write"}
{"cached": 212, "total": 730, "stage": "write"}
{"cached": 213, "total": 730, "stage": "write"}
{"cached": 214, "total": 730, "stage": "write"}
{"cached": 215, "total": 730, "stage": "write"}
{"cached": 216, "total": 730, "stage": "write"}
{"cached": 217, "total": 730, "stage": "write"}
{"cached": 218, "total": 730, "stage": "write"}
{"cached": 219, "total": 730, "stage": "write"}
{"cached": 220, "total": 730, "stage": "write"}
{"cached": 221, "total": 730, "stage": "write"}
{"cached": 222, "total": 730, "stage": "write"}
{"cached": 223, "total": 730, "stage": "write"}
{"cached": 224, "total": 730, "stage": "write"}
{"cached": 225, "total": 730, "stage": "write"}
{"cached": 226, "total": 730, "stage": "write"}
{"cached": 227, "total": 730, "stage": "write"}
{"cached": 228, "total": 730, "stage": "write"}
{"cached": 229, "total": 730, "stage": "write"}
{"cached": 230, "total": 730, "stage": "write"}
{"cached": 231, "total": 730, "stage": "write"}
{"cached": 232, "total": 730, "stage": "write"}
{"cached": 233, "total": 730, "stage": "write"}
{"cached": 234, "total": 730, "stage": "write"}
{"cached": 235, "total": 730, "stage": "write"}
{"cached": 236, "total": 730, "stage": "write"}
{"cached": 237, "total": 730, "stage": "write"}
{"cached": 238, "total": 730, "stage": "write"}
{"cached": 239, "total": 730, "stage": "write"}
{"cached": 240, "total": 730, "stage": "write"}
{"cached": 241, "total": 730, "stage": "write"}
{"cached": 242, "total": 730, "stage": "write"}
{"cached": 243, "total": 730, "stage": "write"}
{"cached": 244, "total": 730, "stage": "write"}
{"cached": 245, "total": 730, "stage": "write"}
{"cached": 246, "total": 730, "stage": "write"}
{"cached": 247, "total": 730, "stage": "write"}
{"cached": 248, "total": 730, "stage": "write"}
{"cached": 249, "total": 730, "stage": "write"}
{"cached": 250, "total": 730, "stage": "write"}
{"cached": 251, "total": 730, "stage": "write"}
{"cached": 252, "total": 730, "stage": "write"}
{"cached": 253, "total": 730, "stage": "write"}
{"cached": 254, "total": 730, "stage": "write"}
{"cached": 255, "total": 730, "stage": "write"}
{"cached": 256, "total": 730, "stage": "write"}
{"cached": 257, "total": 730, "stage": "write"}
{"cached": 258, "total": 730, "stage": "write"}
{"cached": 259, "total": 730, "stage": "write"}
{"cached": 260, "total": 730, "stage": "write"}
{"cached": 261, "total": 730, "stage": "write"}
{"cached": 262, "total": 730, "stage": "write"}
{"cached": 263, "total": 730, "stage": "write"}
{"cached": 264, "total": 730, "stage": "write"}
{"cached": 265, "total": 730, "stage": "write"}
{"cached": 266, "total": 730, "stage": "write"}
{"cached": 267, "total": 730, "stage": "write"}
{"cached": 268, "total": 730, "stage": "write"}
{"cached": 269, "total": 730, "stage": "write"}
{"cached": 270, "total": 730, "stage": "write"}
{"cached": 271, "total": 730, "stage": "write"}
{"cached": 272, "total": 730, "stage": "write"}
{"cached": 273, "total": 730, "stage": "write"}
{"cached": 274, "total": 730, "stage": "write"}
{"cached": 275, "total": 730, "stage": "write"}
{"cached": 276, "total": 730, "stage": "write"}
{"cached": 277, "total": 730, "stage": "write"}
{"cached": 278, "total": 730, "stage": "write"}
{"cached": 279, "total": 730, "stage": "write"}
{"cached": 280, "total": 730, "stage": "write"}
{"cached": 281, "total": 730, "stage": "write"}
{"cached": 282, "total": 730, "stage": "write"}
{"cached": 283, "total": 730, "stage": "write"}
{"cached": 284, "total": 730, "stage": "write"}
{"cached": 285, "total": 730, "stage": "write"}
{"cached": 286, "total": 730, "stage": "write"}
{"cached": 287, "total": 730, "stage": "write"}
{"cached": 288, "total": 730, "stage": "write"}
{"cached": 289, "total": 730, "stage": "write"}
{"cached": 290, "total": 730, "stage": "write"}
{"cached": 291, "total": 730, "stage": "write"}
{"cached": 292, "total": 730, "stage": "write"}
{"cached": 293, "total": 730, "stage": "write"}
{"cached": 294, "total": 730, "stage": "write"}
{"cached": 295, "total": 730, "stage": "write"}
{"cached": 296, "total": 730, "stage": "write"}
{"cached": 297, "total": 730, "stage": "write"}
{"cached": 298, "total": 730, "stage": "write"}
{"cached": 299, "total": 730, "stage": "write"}
{"cached": 300, "total": 730, "stage": "write"}
{"cached": 301, "total": 730, "stage": "write"}
{"cached": 302, "total": 730, "stage": "write"}
{"cached": 303, "total": 730, "stage": "write"}
{"cached": 304, "total": 730, "stage": "write"}
{"cached": 305, "total": 730, "stage": "write"}
{"cached": 306, "total": 730, "stage": "write"}
{"cached": 307, "total": 730, "stage": "write"}
{"cached": 308, "total": 730, "stage": "write"}
{"cached": 309, "total": 730, "stage": "write"}
{"cached": 310, "total": 730, "stage": "write"}
{"cached": 311, "total": 730, "stage": "write"}
{"cached": 312, "total": 730, "stage": "write"}
{"cached": 313, "total": 730, "stage": "write"}
{"cached": 314, "total": 730, "stage": "write"}
{"cached": 315, "total": 730, "stage": "write"}
{"cached": 316, "total": 730, "stage": "write"}
{"cached": 317, "total": 730, "stage": "write"}
{"cached": 318, "total": 730, "stage": "write"}
{"cached": 319, "total": 730, "stage": "write"}
{"cached": 320, "total": 730, "stage": "write"}
{"cached": 321, "total": 730, "stage": "write"}
{"cached": 322, "total": 730, "stage": "write"}
{"cached": 323, "total": 730, "stage": "write"}
{"cached": 324, "total": 730, "stage": "write"}
{"cached": 325, "total": 730, "stage": "write"}
{"cached": 326, "total": 730, "stage": "write"}
{"cached": 327, "total": 730, "stage": "write"}
{"cached": 328, "total": 730, "stage": "write"}
{"cached": 329, "total": 730, "stage": "write"}
{"cached": 330, "total": 730, "stage": "write"}
{"cached": 331, "total": 730, "stage": "write"}
{"cached": 332, "total": 730, "stage": "write"}
{"cached": 333, "total": 730, "stage": "write"}
{"cached": 334, "total": 730, "stage": "write"}
{"cached": 335, "total": 730, "stage": "write"}
{"cached": 336, "total": 730, "stage": "write"}
{"cached": 337, "total": 730, "stage": "write"}
{"cached": 338, "total": 730, "stage": "write"}
{"cached": 339, "total": 730, "stage": "write"}
{"cached": 340, "total": 730, "stage": "write"}
{"cached": 341, "total": 730, "stage": "write"}
{"cached": 342, "total": 730, "stage": "write"}
{"cached": 343, "total": 730, "stage": "write"}
{"cached": 344, "total": 730, "stage": "write"}
{"cached": 345, "total": 730, "stage": "write"}
{"cached": 346, "total": 730, "stage": "write"}
{"cached": 347, "total": 730, "stage": "write"}
{"cached": 348, "total": 730, "stage": "write"}
{"cached": 349, "total": 730, "stage": "write"}
{"cached": 350, "total": 730, "stage": "write"}
{"cached": 351, "total": 730, "stage": "write"}
{"cached": 352, "total": 730, "stage": "write"}
{"cached": 353, "total": 730, "stage": "write"}
{"cached": 354, "total": 730, "stage": "write"}
{"cached": 355, "total": 730, "stage": "write"}
{"cached": 356, "total": 730, "stage": "write"}
{"cached": 357, "total": 730, "stage": "write"}
{"cached": 358, "total": 730, "stage": "write"}
{"cached": 359, "total": 730, "stage": "write"}
{"cached": 360, "total": 730, "stage": "write"}
{"cached": 361, "total": 730, "stage": "write"}
{"cached": 362, "total": 730, "stage": "write"}
{"cached": 363, "total": 730, "stage": "write"}
{"cached": 364, "total": 730, "stage": "write"}
{"cached": 365, "total": 730, "stage": "write"}
{"cached": 366, "total": 730, "stage": "write"}
{"cached": 367, "total": 730, "stage": "write"}
{"cached": 368, "total": 730, "stage": "write"}
{"cached": 369, "total": 730, "stage": "write"}
{"cached": 370, "total": 730, "stage": "write"}
{"cached": 371, "total": 730, "stage": "write"}
{"cached": 372, "total": 730, "stage": "write"}
{"cached": 373, "total": 730, "stage": "write"}
{"cached": 374, "total": 730, "stage": "write"}
{"cached": 375, "total": 730, "stage": "write"}
{"cached": 376, "total": 730, "stage": "write"}
{"cached": 377, "total": 730, "stage": "write"}
{"cached": 378, "total": 730, "stage": "write"}
{"cached": 379, "total": 730, "stage": "write"}
{"cached": 380, "total": 730, "stage": "write"}
{"cached": 381, "total": 730, "stage": "write"}
{"cached": 382, "total": 730, "stage": "write"}
{"cached": 383, "total": 730, "stage": "write"}
{"cached": 384, "total": 730, "stage": "write"}
{"cached": 385, "total": 730, "stage": "write"}
{"cached": 386, "total": 730, "stage": "write"}
{"cached": 387, "total": 730, "stage": "write"}
{"cached": 388, "total": 730, "stage": "write"}
{"cached": 389, "total": 730, "stage": "write"}
{"cached": 390, "total": 730, "stage": "write"}
{"cached": 391, "total": 730, "stage": "write"}
{"cached": 392, "total": 730, "stage": "write"}
{"cached": 393, "total": 730, "stage": "write"}
{"cached": 394, "total": 730, "stage": "write"}
{"cached": 395, "total": 730, "stage": "write"}
{"cached": 396, "total": 730, "stage": "write"}
{"cached": 397, "total": 730, "stage": "write"}
{"cached": 398, "total": 730, "stage": "write"}
{"cached": 399, "total": 730, "stage": "write"}
{"cached": 400, "total": 730, "stage": "write"}
{"cached": 401, "total": 730, "stage": "write"}
{"cached": 402, "total": 730, "stage": "write"}
{"cached": 403, "total": 730, "stage": "write"}
{"cached": 404, "total": 730, "stage": "write"}
{"cached": 405, "total": 730, "stage": "write"}
{"cached": 406, "total": 730, "stage": "write"}
{"cached": 407, "total": 730, "stage": "write"}
{"cached": 408, "total": 730, "stage": "write"}
{"cached": 409, "total": 730, "stage": "write"}
{"cached": 410, "total": 730, "stage": "write"}
{"cached": 411, "total": 730, "stage": "write"}
{"cached": 412, "total": 730, "stage": "write"}
{"cached": 413, "total": 730, "stage": "write"}
{"cached": 414, "total": 730, "stage": "write"}
{"cached": 415, "total": 730, "stage": "write"}
{"cached": 416, "total": 730, "stage": "write"}
{"cached": 417, "total": 730, "stage": "write"}
{"cached": 418, "total": 730, "stage": "write"}
{"cached": 419, "total": 730, "stage": "write"}
{"cached": 420, "total": 730, "stage": "write"}
{"cached": 421, "total": 730, "stage": "write"}
{"cached": 422, "total": 730, "stage": "write"}
{"cached": 423, "total": 730, "stage": "write"}
{"cached": 424, "total": 730, "stage": "write"}
{"cached": 425, "total": 730, "stage": "write"}
{"cached": 426, "total": 730, "stage": "write"}
{"cached": 427, "total": 730, "stage": "write"}
{"cached": 428, "total": 730, "stage": "write"}
{"cached": 429, "total": 730, "stage": "write"}
{"cached": 430, "total": 730, "stage": "write"}
{"cached": 431, "total": 730, "stage": "write"}
{"cached": 432, "total": 730, "stage": "write"}
{"cached": 433, "total": 730, "stage": "write"}
{"cached": 434, "total": 730, "stage": "write"}
{"cached": 435, "total": 730, "stage": "write"}
{"cached": 436, "total": 730, "stage": "write"}
{"cached": 437, "total": 730, "stage": "write"}
{"cached": 438, "total": 730, "stage": "write"}
{"cached": 439, "total": 730, "stage": "write"}
{"cached": 440, "total": 730, "stage": "write"}
{"cached": 441, "total": 730, "stage": "write"}
{"cached": 442, "total": 730, "stage": "write"}
{"cached": 443, "total": 730, "stage": "write"}
{"cached": 444, "total": 730, "stage": "write"}
{"cached": 445, "total": 730, "stage": "write"}
{"cached": 446, "total": 730, "stage": "write"}
{"cached": 447, "total": 730, "stage": "write"}
{"cached": 448, "total": 730, "stage": "write"}
{"cached": 449, "total": 730, "stage": "write"}
{"cached": 450, "total": 730, "stage": "write"}
{"cached": 451, "total": 730, "stage": "write"}
{"cached": 452, "total": 730, "stage": "write"}
{"cached": 453, "total": 730, "stage": "write"}
{"cached": 454, "total": 730, "stage": "write"}
{"cached": 455, "total": 730, "stage": "write"}
{"cached": 456, "total": 730, "stage": "write"}
{"cached": 457, "total": 730, "stage": "write"}
{"cached": 458, "total": 730, "stage": "write"}
{"cached": 459, "total": 730, "stage": "write"}
{"cached": 460, "total": 730, "stage": "write"}
{"cached": 461, "total": 730, "stage": "write"}
{"cached": 462, "total": 730, "stage": "write"}
{"cached": 463, "total": 730, "stage": "write"}
{"cached": 464, "total": 730, "stage": "write"}
{"cached": 465, "total": 730, "stage": "write"}
{"cached": 466, "total": 730, "stage": "write"}
{"cached": 467, "total": 730, "stage": "write"}
{"cached": 468, "total": 730, "stage": "write"}
{"cached": 469, "total": 730, "stage": "write"}
{"cached": 470, "total": 730, "stage": "write"}
{"cached": 471, "total": 730, "stage": "write"}
{"cached": 472, "total": 730, "stage": "write"}
{"cached": 473, "total": 730, "stage": "write"}
{"cached": 474, "total": 730, "stage": "write"}
{"cached": 475, "total": 730, "stage": "write"}
{"cached": 476, "total": 730, "stage": "write"}
{"cached": 477, "total": 730, "stage": "write"}
{"cached": 478, "total": 730, "stage": "write"}
{"cached": 479, "total": 730, "stage": "write"}
{"cached": 480, "total": 730, "stage": "write"}
{"cached": 481, "total": 730, "stage": "write"}
{"cached": 482, "total": 730, "stage": "write"}
{"cached": 483, "total": 730, "stage": "write"}
{"cached": 484, "total": 730, "stage": "write"}
{"cached": 485, "total": 730, "stage": "write"}
{"cached": 486, "total": 730, "stage": "write"}
{"cached": 487, "total": 730, "stage": "write"}
{"cached": 488, "total": 730, "stage": "write"}
{"cached": 489, "total": 730, "stage": "write"}
{"cached": 490, "total": 730, "stage": "write"}
{"cached": 491, "total": 730, "stage": "write"}
{"cached": 492, "total": 730, "stage": "write"}
{"cached": 493, "total": 730, "stage": "write"}
{"cached": 494, "total": 730, "stage": "write"}
{"cached": 495, "total": 730, "stage": "write"}
{"cached": 496, "total": 730, "stage": "write"}
{"cached": 497, "total": 730, "stage": "write"}
{"cached": 498, "total": 730, "stage": "write"}
{"cached": 499, "total": 730, "stage": "write"}
{"cached": 500, "total": 730, "stage": "write"}
{"cached": 501, "total": 730, "stage": "write"}
{"cached": 502, "total": 730, "stage": "write"}
{"cached": 503, "total": 730, "stage": "write"}
{"cached": 504, "total": 730, "stage": "write"}
{"cached": 505, "total": 730, "stage": "write"}
{"cached": 506, "total": 730, "stage": "write"}
{"cached": 507, "total": 730, "stage": "write"}
{"cached": 508, "total": 730, "stage": "write"}
{"cached": 509, "total": 730, "stage": "write"}
{"cached": 510, "total": 730, "stage": "write"}
{"cached": 511, "total": 730, "stage": "write"}
{"cached": 512, "total": 730, "stage": "write"}
{"cached": 513, "total": 730, "stage": "write"}
{"cached": 514, "total": 730, "stage": "write"}
{"cached": 515, "total": 730, "stage": "write"}
{"cached": 516, "total": 730, "stage": "write"}
{"cached": 517, "total": 730, "stage": "write"}
{"cached": 518, "total": 730, "stage": "write"}
{"cached": 519, "total": 730, "stage": "write"}
{"cached": 520, "total": 730, "stage": "write"}
{"cached": 521, "total": 730, "stage": "write"}
{"cached": 522, "total": 730, "stage": "write"}
{"cached": 523, "total": 730, "stage": "write"}
{"cached": 524, "total": 730, "stage": "write"}
{"cached": 525, "total": 730, "stage": "write"}
{"cached": 526, "total": 730, "stage": "write"}
{"cached": 527, "total": 730, "stage": "write"}
{"cached": 528, "total": 730, "stage": "write"}
{"cached": 529, "total": 730, "stage": "write"}
{"cached": 530, "total": 730, "stage": "write"}
{"cached": 531, "total": 730, "stage": "write"}
{"cached": 532, "total": 730, "stage": "write"}
{"cached": 533, "total": 730, "stage": "write"}
{"cached": 534, "total": 730, "stage": "write"}
{"cached": 535, "total": 730, "stage": "write"}
{"cached": 536, "total": 730, "stage": "write"}
{"cached": 537, "total": 730, "stage": "write"}
{"cached": 538, "total": 730, "stage": "write"}
{"cached": 539, "total": 730, "stage": "write"}
{"cached": 540, "total": 730, "stage": "write"}
{"cached": 541, "total": 730, "stage": "write"}
{"cached": 542, "total": 730, "stage": "write"}
{"cached": 543, "total": 730, "stage": "write"}
{"cached": 544, "total": 730, "stage": "write"}
{"cached": 545, "total": 730, "stage": "write"}
{"cached": 546, "total": 730, "stage": "write"}
{"cached": 547, "total": 730, "stage": "write"}
{"cached": 548, "total": 730, "stage": "write"}
{"cached": 549, "total": 730, "stage": "write"}
{"cached": 550, "total": 730, "stage": "write"}
{"cached": 551, "total": 730, "stage": "write"}
{"cached": 552, "total": 730, "stage": "write"}
{"cached": 553, "total": 730, "stage": "write"}
{"cached": 554, "total": 730, "stage": "write"}
{"cached": 555, "total": 730, "stage": "write"}
{"cached": 556, "total": 730, "stage": "write"}
{"cached": 557, "total": 730, "stage": "write"}
{"cached": 558, "total": 730, "stage": "write"}
{"cached": 559, "total": 730, "stage": "write"}
{"cached": 560, "total": 730, "stage": "write"}
{"cached": 561, "total": 730, "stage": "write"}
{"cached": 562, "total": 730, "stage": "write"}
{"cached": 563, "total": 730, "stage": "write"}
{"cached": 564, "total": 730, "stage": "write"}
{"cached": 565, "total": 730, "stage": "write"}
{"cached": 566, "total": 730, "stage": "write"}
{"cached": 567, "total": 730, "stage": "write"}
{"cached": 568, "total": 730, "stage": "write"}
{"cached": 569, "total": 730, "stage": "write"}
{"cached": 570, "total": 730, "stage": "write"}
{"cached": 571, "total": 730, "stage": "write"}
{"cached": 572, "total": 730, "stage": "write"}
{"cached": 573, "total": 730, "stage": "write"}
{"cached": 574, "total": 730, "stage": "write"}
{"cached": 575, "total": 730, "stage": "write"}
{"cached": 576, "total": 730, "stage": "write"}
{"cached": 577, "total": 730, "stage": "write"}
{"cached": 578, "total": 730, "stage": "write"}
{"cached": 579, "total": 730, "stage": "write"}
{"cached": 580, "total": 730, "stage": "write"}
{"cached": 581, "total": 730, "stage": "write"}
{"cached": 582, "total": 730, "stage": "write"}
{"cached": 583, "total": 730, "stage": "write"}
{"cached": 584, "total": 730, "stage": "write"}
{"cached": 585, "total": 730, "stage": "write"}
{"cached": 586, "total": 730, "stage": "write"}
{"cached": 587, "total": 730, "stage": "write"}
{"cached": 588, "total": 730, "stage": "write"}
{"cached": 589, "total": 730, "stage": "write"}
{"cached": 590, "total": 730, "stage": "write"}
{"cached": 591, "total": 730, "stage": "write"}
{"cached": 592, "total": 730, "stage": "write"}
{"cached": 593, "total": 730, "stage": "write"}
{"cached": 594, "total": 730, "stage": "write"}
{"cached": 595, "total": 730, "stage": "write"}
{"cached": 596, "total": 730, "stage": "write"}
{"cached": 597, "total": 730, "stage": "write"}
{"cached": 598, "total": 730, "stage": "write"}
{"cached": 599, "total": 730, "stage": "write"}
{"cached": 600, "total": 730, "stage": "write"}
{"cached": 601, "total": 730, "stage": "write"}
{"cached": 602, "total": 730, "stage": "write"}
{"cached": 603, "total": 730, "stage": "write"}
{"cached": 604, "total": 730, "stage": "write"}
{"cached": 605, "total": 730, "stage": "write"}
{"cached": 606, "total": 730, "stage": "write"}
{"cached": 607, "total": 730, "stage": "write"}
{"cached": 608, "total": 730, "stage": "write"}
{"cached": 609, "total": 730, "stage": "write"}
{"cached": 610, "total": 730, "stage": "write"}
{"cached": 611, "total": 730, "stage": "write"}
{"cached": 612, "total": 730, "stage": "write"}
{"cached": 613, "total": 730, "stage": "write"}
{"cached": 614, "total": 730, "stage": "write"}
{"cached": 615, "total": 730, "stage": "write"}
{"cached": 616, "total": 730, "stage": "write"}
{"cached": 617, "total": 730, "stage": "write"}
{"cached": 618, "total": 730, "stage": "write"}
{"cached": 619, "total": 730, "stage": "write"}
{"cached": 620, "total": 730, "stage": "write"}
{"cached": 621, "total": 730, "stage": "write"}
{"cached": 622, "total": 730, "stage": "write"}
{"cached": 623, "total": 730, "stage": "write"}
{"cached": 624, "total": 730, "stage": "write"}
{"cached": 625, "total": 730, "stage": "write"}
{"cached": 626, "total": 730, "stage": "write"}
{"cached": 627, "total": 730, "stage": "write"}
{"cached": 628, "total": 730, "stage": "write"}
{"cached": 629, "total": 730, "stage": "write"}
{"cached": 630, "total": 730, "stage": "write"}
{"cached": 631, "total": 730, "stage": "write"}
{"cached": 632, "total": 730, "stage": "write"}
{"cached": 633, "total": 730, "stage": "write"}
{"cached": 634, "total": 730, "stage": "write"}
{"cached": 635, "total": 730, "stage": "write"}
{"cached": 636, "total": 730, "stage": "write"}
{"cached": 637, "total": 730, "stage": "write"}
{"cached": 638, "total": 730, "stage": "write"}
{"cached": 639, "total": 730, "stage": "write"}
{"cached": 640, "total": 730, "stage": "write"}
{"cached": 641, "total": 730, "stage": "write"}
{"cached": 642, "total": 730, "stage": "write"}
{"cached": 643, "total": 730, "stage": "write"}
{"cached": 644, "total": 730, "stage": "write"}
{"cached": 645, "total": 730, "stage": "write"}
{"cached": 646, "total": 730, "stage": "write"}
{"cached": 647, "total": 730, "stage": "write"}
{"cached": 648, "total": 730, "stage": "write"}
{"cached": 649, "total": 730, "stage": "write"}
{"cached": 650, "total": 730, "stage": "write"}
{"cached": 651, "total": 730, "stage": "write"}
{"cached": 652, "total": 730, "stage": "write"}
{"cached": 653, "total": 730, "stage": "write"}
{"cached": 654, "total": 730, "stage": "write"}
{"cached": 655, "total": 730, "stage": "write"}
{"cached": 656, "total": 730, "stage": "write"}
{"cached": 657, "total": 730, "stage": "write"}
{"cached": 658, "total": 730, "stage": "write"}
{"cached": 659, "total": 730, "stage": "write"}
{"cached": 660, "total": 730, "stage": "write"}
{"cached": 661, "total": 730, "stage": "write"}
{"cached": 662, "total": 730, "stage": "write"}
{"cached": 663, "total": 730, "stage": "write"}
{"cached": 664, "total": 730, "stage": "write"}
{"cached": 665, "total": 730, "stage": "write"}
{"cached": 666, "total": 730, "stage": "write"}
{"cached": 667, "total": 730, "stage": "write"}
{"cached": 668, "total": 730, "stage": "write"}
{"cached": 669, "total": 730, "stage": "write"}
{"cached": 670, "total": 730, "stage": "write"}
{"cached": 671, "total": 730, "stage": "write"}
{"cached": 672, "total": 730, "stage": "write"}
{"cached": 673, "total": 730, "stage": "write"}
{"cached": 674, "total": 730, "stage": "write"}
{"cached": 675, "total": 730, "stage": "write"}
{"cached": 676, "total": 730, "stage": "write"}
{"cached": 677, "total": 730, "stage": "write"}
{"cached": 678, "total": 730, "stage": "write"}
{"cached": 679, "total": 730, "stage": "write"}
{"cached": 680, "total": 730, "stage": "write"}
{"cached": 681, "total": 730, "stage": "write"}
{"cached": 682, "total": 730, "stage": "write"}
{"cached": 683, "total": 730, "stage": "write"}
{"cached": 684, "total": 730, "stage": "write"}
{"cached": 685, "total": 730, "stage": "write"}
{"cached": 686, "total": 730, "stage": "write"}
{"cached": 687, "total": 730, "stage": "write"}
{"cached": 688, "total": 730, "stage": "write"}
{"cached": 689, "total": 730, "stage": "write"}
{"cached": 690, "total": 730, "stage": "write"}
{"cached": 691, "total": 730, "stage": "write"}
{"cached": 692, "total": 730, "stage": "write"}
{"cached": 693, "total": 730, "stage": "write"}
{"cached": 694, "total": 730, "stage": "write"}
{"cached": 695, "total": 730, "stage": "write"}
{"cached": 696, "total": 730, "stage": "write"}
{"cached": 697, "total": 730, "stage": "write"}
{"cached": 698, "total": 730, "stage": "write"}
{"cached": 699, "total": 730, "stage": "write"}
{"cached": 700, "total": 730, "stage": "write"}
{"cached": 701, "total": 730, "stage": "write"}
{"cached": 702, "total": 730, "stage": "write"}
{"cached": 703, "total": 730, "stage": "write"}
{"cached": 704, "total": 730, "stage": "write"}
{"cached": 705, "total": 730, "stage": "write"}
{"cached": 706, "total": 730, "stage": "write"}
{"cached": 707, "total": 730, "stage": "write"}
{"cached": 708, "total": 730, "stage": "write"}
{"cached": 709, "total": 730, "stage": "write"}
{"cached": 710, "total": 730, "stage": "write"}
{"cached": 711, "total": 730, "stage": "write"}
{"cached": 712, "total": 730, "stage": "write"}
{"cached": 713, "total": 730, "stage": "write"}
{"cached": 714, "total": 730, "stage": "write"}
{"cached": 715, "total": 730, "stage": "write"}
{"cached": 716, "total": 730, "stage": "write"}
{"cached": 717, "total": 730, "stage": "write"}
{"cached": 718, "total": 730, "stage": "write"}
{"cached": 719, "total": 730, "stage": "write"}
{"cached": 720, "total": 730, "stage": "write"}
{"cached": 721, "total": 730, "stage": "write"}
{"cached": 722, "total": 730, "stage": "write"}
{"cached": 723, "total": 730, "stage": "write"}
{"cached": 724, "total": 730, "stage": "write"}
{"cached": 725, "total": 730, "stage": "write"}
{"cached": 726, "total": 730, "stage": "write"}
{"cached": 727, "total": 730, "stage": "write"}
{"cached": 728, "total": 730, "stage": "write"}
{"cached": 729, "total": 730, "stage": "write"}
{"cached": 730, "total": 730, "stage": "write"}
{"resumed_at": 88448, "next_step": 88449, "final_step": 93440, "optimizer_states": 1075}
{"step": 88480, "mse": 0.5928794909268618, "seconds": 49.98861340014264}
{"step": 88512, "mse": 0.01328473910689354, "seconds": 99.49410112202168}
{"step": 88544, "mse": 0.2688570669852197, "seconds": 147.97734034899622}
{"step": 88576, "mse": 0.1000531017780304, "seconds": 196.11377358809114}
{"step": 88608, "mse": 0.027035380946472287, "seconds": 248.9647142039612}
{"step": 88640, "mse": 0.06745172524824739, "seconds": 297.15978645021096}
{"step": 88672, "mse": 0.024753866018727422, "seconds": 345.43940868088976}
{"step": 88704, "mse": 0.016107637900859118, "seconds": 394.7844334789552}
{"step": 88736, "mse": 0.2871704250574112, "seconds": 449.4356424761936}
{"step": 88768, "mse": 0.37499120691791177, "seconds": 499.41186712123454}
Loading pipeline components...:   0%|                    | 0/6 [00:00<?, ?it/s]Loading pipeline components...:  17%|██          | 1/6 [00:00<00:01,  2.60it/s]Loading pipeline components...:  67%|████████    | 4/6 [00:12<00:06,  3.42s/it]Loading pipeline components...:  83%|██████████  | 5/6 [00:15<00:03,  3.11s/it]Loading pipeline components...: 100%|████████████| 6/6 [00:15<00:00,  2.45s/it]Loading pipeline components...: 100%|████████████| 6/6 [00:15<00:00,  2.65s/it]
/inspire/ssd/project/exploration-topic/czxs26210936/envs/vlm-r3-ngc2502/lib/python3.12/site-packages/diffusers/loaders/lora_pipeline.py:6850: FutureWarning: `LoraLoaderMixin` is deprecated and will be removed in version 1.0.0. LoraLoaderMixin is deprecated and this will be removed in a future version. Please use `StableDiffusionLoraLoaderMixin`, instead.
  deprecate("LoraLoaderMixin", "1.0.0", deprecation_message)
{"cached": 1, "total": 730, "stage": "write"}
{"cached": 2, "total": 730, "stage": "write"}
{"cached": 3, "total": 730, "stage": "write"}
{"cached": 4, "total": 730, "stage": "write"}
{"cached": 5, "total": 730, "stage": "write"}
{"cached": 6, "total": 730, "stage": "write"}
{"cached": 7, "total": 730, "stage": "write"}
{"cached": 8, "total": 730, "stage": "write"}
{"cached": 9, "total": 730, "stage": "write"}
{"cached": 10, "total": 730, "stage": "write"}
{"cached": 11, "total": 730, "stage": "write"}
{"cached": 12, "total": 730, "stage": "write"}
{"cached": 13, "total": 730, "stage": "write"}
{"cached": 14, "total": 730, "stage": "write"}
{"cached": 15, "total": 730, "stage": "write"}
{"cached": 16, "total": 730, "stage": "write"}
{"cached": 17, "total": 730, "stage": "write"}
{"cached": 18, "total": 730, "stage": "write"}
{"cached": 19, "total": 730, "stage": "write"}
{"cached": 20, "total": 730, "stage": "write"}
{"cached": 21, "total": 730, "stage": "write"}
{"cached": 22, "total": 730, "stage": "write"}
{"cached": 23, "total": 730, "stage": "write"}
{"cached": 24, "total": 730, "stage": "write"}
{"cached": 25, "total": 730, "stage": "write"}
{"cached": 26, "total": 730, "stage": "write"}
{"cached": 27, "total": 730, "stage": "write"}
{"cached": 28, "total": 730, "stage": "write"}
{"cached": 29, "total": 730, "stage": "write"}
{"cached": 30, "total": 730, "stage": "write"}
{"cached": 31, "total": 730, "stage": "write"}
{"cached": 32, "total": 730, "stage": "write"}
{"cached": 33, "total": 730, "stage": "write"}
{"cached": 34, "total": 730, "stage": "write"}
{"cached": 35, "total": 730, "stage": "write"}
{"cached": 36, "total": 730, "stage": "write"}
{"cached": 37, "total": 730, "stage": "write"}
{"cached": 38, "total": 730, "stage": "write"}
{"cached": 39, "total": 730, "stage": "write"}
{"cached": 40, "total": 730, "stage": "write"}
{"cached": 41, "total": 730, "stage": "write"}
{"cached": 42, "total": 730, "stage": "write"}
{"cached": 43, "total": 730, "stage": "write"}
{"cached": 44, "total": 730, "stage": "write"}
{"cached": 45, "total": 730, "stage": "write"}
{"cached": 46, "total": 730, "stage": "write"}
{"cached": 47, "total": 730, "stage": "write"}
{"cached": 48, "total": 730, "stage": "write"}
{"cached": 49, "total": 730, "stage": "write"}
{"cached": 50, "total": 730, "stage": "write"}
{"cached": 51, "total": 730, "stage": "write"}
{"cached": 52, "total": 730, "stage": "write"}
{"cached": 53, "total": 730, "stage": "write"}
{"cached": 54, "total": 730, "stage": "write"}
{"cached": 55, "total": 730, "stage": "write"}
{"cached": 56, "total": 730, "stage": "write"}
{"cached": 57, "total": 730, "stage": "write"}
{"cached": 58, "total": 730, "stage": "write"}
{"cached": 59, "total": 730, "stage": "write"}
{"cached": 60, "total": 730, "stage": "write"}
{"cached": 61, "total": 730, "stage": "write"}
{"cached": 62, "total": 730, "stage": "write"}
{"cached": 63, "total": 730, "stage": "write"}
{"cached": 64, "total": 730, "stage": "write"}
{"cached": 65, "total": 730, "stage": "write"}
{"cached": 66, "total": 730, "stage": "write"}
{"cached": 67, "total": 730, "stage": "write"}
{"cached": 68, "total": 730, "stage": "write"}
{"cached": 69, "total": 730, "stage": "write"}
{"cached": 70, "total": 730, "stage": "write"}
{"cached": 71, "total": 730, "stage": "write"}
{"cached": 72, "total": 730, "stage": "write"}
{"cached": 73, "total": 730, "stage": "write"}
{"cached": 74, "total": 730, "stage": "write"}
{"cached": 75, "total": 730, "stage": "write"}
{"cached": 76, "total": 730, "stage": "write"}
{"cached": 77, "total": 730, "stage": "write"}
{"cached": 78, "total": 730, "stage": "write"}
{"cached": 79, "total": 730, "stage": "write"}
{"cached": 80, "total": 730, "stage": "write"}
{"cached": 81, "total": 730, "stage": "write"}
{"cached": 82, "total": 730, "stage": "write"}
{"cached": 83, "total": 730, "stage": "write"}
{"cached": 84, "total": 730, "stage": "write"}
{"cached": 85, "total": 730, "stage": "write"}
{"cached": 86, "total": 730, "stage": "write"}
{"cached": 87, "total": 730, "stage": "write"}
{"cached": 88, "total": 730, "stage": "write"}
{"cached": 89, "total": 730, "stage": "write"}
{"cached": 90, "total": 730, "stage": "write"}
{"cached": 91, "total": 730, "stage": "write"}
{"cached": 92, "total": 730, "stage": "write"}
{"cached": 93, "total": 730, "stage": "write"}
{"cached": 94, "total": 730, "stage": "write"}
{"cached": 95, "total": 730, "stage": "write"}
{"cached": 96, "total": 730, "stage": "write"}
{"cached": 97, "total": 730, "stage": "write"}
{"cached": 98, "total": 730, "stage": "write"}
{"cached": 99, "total": 730, "stage": "write"}
{"cached": 100, "total": 730, "stage": "write"}
{"cached": 101, "total": 730, "stage": "write"}
{"cached": 102, "total": 730, "stage": "write"}
{"cached": 103, "total": 730, "stage": "write"}
{"cached": 104, "total": 730, "stage": "write"}
{"cached": 105, "total": 730, "stage": "write"}
{"cached": 106, "total": 730, "stage": "write"}
{"cached": 107, "total": 730, "stage": "write"}
{"cached": 108, "total": 730, "stage": "write"}
{"cached": 109, "total": 730, "stage": "write"}
{"cached": 110, "total": 730, "stage": "write"}
{"cached": 111, "total": 730, "stage": "write"}
{"cached": 112, "total": 730, "stage": "write"}
{"cached": 113, "total": 730, "stage": "write"}
{"cached": 114, "total": 730, "stage": "write"}
{"cached": 115, "total": 730, "stage": "write"}
{"cached": 116, "total": 730, "stage": "write"}
{"cached": 117, "total": 730, "stage": "write"}
{"cached": 118, "total": 730, "stage": "write"}
{"cached": 119, "total": 730, "stage": "write"}
{"cached": 120, "total": 730, "stage": "write"}
{"cached": 121, "total": 730, "stage": "write"}
{"cached": 122, "total": 730, "stage": "write"}
{"cached": 123, "total": 730, "stage": "write"}
{"cached": 124, "total": 730, "stage": "write"}
{"cached": 125, "total": 730, "stage": "write"}
{"cached": 126, "total": 730, "stage": "write"}
{"cached": 127, "total": 730, "stage": "write"}
{"cached": 128, "total": 730, "stage": "write"}
{"cached": 129, "total": 730, "stage": "write"}
{"cached": 130, "total": 730, "stage": "write"}
{"cached": 131, "total": 730, "stage": "write"}
{"cached": 132, "total": 730, "stage": "write"}
{"cached": 133, "total": 730, "stage": "write"}
{"cached": 134, "total": 730, "stage": "write"}
{"cached": 135, "total": 730, "stage": "write"}
{"cached": 136, "total": 730, "stage": "write"}
{"cached": 137, "total": 730, "stage": "write"}
{"cached": 138, "total": 730, "stage": "write"}
{"cached": 139, "total": 730, "stage": "write"}
{"cached": 140, "total": 730, "stage": "write"}
{"cached": 141, "total": 730, "stage": "write"}
{"cached": 142, "total": 730, "stage": "write"}
{"cached": 143, "total": 730, "stage": "write"}
{"cached": 144, "total": 730, "stage": "write"}
{"cached": 145, "total": 730, "stage": "write"}
{"cached": 146, "total": 730, "stage": "write"}
{"cached": 147, "total": 730, "stage": "write"}
{"cached": 148, "total": 730, "stage": "write"}
{"cached": 149, "total": 730, "stage": "write"}
{"cached": 150, "total": 730, "stage": "write"}
{"cached": 151, "total": 730, "stage": "write"}
{"cached": 152, "total": 730, "stage": "write"}
{"cached": 153, "total": 730, "stage": "write"}
{"cached": 154, "total": 730, "stage": "write"}
{"cached": 155, "total": 730, "stage": "write"}
{"cached": 156, "total": 730, "stage": "write"}
{"cached": 157, "total": 730, "stage": "write"}
{"cached": 158, "total": 730, "stage": "write"}
{"cached": 159, "total": 730, "stage": "write"}
{"cached": 160, "total": 730, "stage": "write"}
{"cached": 161, "total": 730, "stage": "write"}
{"cached": 162, "total": 730, "stage": "write"}
{"cached": 163, "total": 730, "stage": "write"}
{"cached": 164, "total": 730, "stage": "write"}
{"cached": 165, "total": 730, "stage": "write"}
{"cached": 166, "total": 730, "stage": "write"}
{"cached": 167, "total": 730, "stage": "write"}
{"cached": 168, "total": 730, "stage": "write"}
{"cached": 169, "total": 730, "stage": "write"}
{"cached": 170, "total": 730, "stage": "write"}
{"cached": 171, "total": 730, "stage": "write"}
{"cached": 172, "total": 730, "stage": "write"}
{"cached": 173, "total": 730, "stage": "write"}
{"cached": 174, "total": 730, "stage": "write"}
{"cached": 175, "total": 730, "stage": "write"}
{"cached": 176, "total": 730, "stage": "write"}
{"cached": 177, "total": 730, "stage": "write"}
{"cached": 178, "total": 730, "stage": "write"}
{"cached": 179, "total": 730, "stage": "write"}
{"cached": 180, "total": 730, "stage": "write"}
{"cached": 181, "total": 730, "stage": "write"}
{"cached": 182, "total": 730, "stage": "write"}
{"cached": 183, "total": 730, "stage": "write"}
{"cached": 184, "total": 730, "stage": "write"}
{"cached": 185, "total": 730, "stage": "write"}
{"cached": 186, "total": 730, "stage": "write"}
{"cached": 187, "total": 730, "stage": "write"}
{"cached": 188, "total": 730, "stage": "write"}
{"cached": 189, "total": 730, "stage": "write"}
{"cached": 190, "total": 730, "stage": "write"}
{"cached": 191, "total": 730, "stage": "write"}
{"cached": 192, "total": 730, "stage": "write"}
{"cached": 193, "total": 730, "stage": "write"}
{"cached": 194, "total": 730, "stage": "write"}
{"cached": 195, "total": 730, "stage": "write"}
{"cached": 196, "total": 730, "stage": "write"}
{"cached": 197, "total": 730, "stage": "write"}
{"cached": 198, "total": 730, "stage": "write"}
{"cached": 199, "total": 730, "stage": "write"}
{"cached": 200, "total": 730, "stage": "write"}
{"cached": 201, "total": 730, "stage": "write"}
{"cached": 202, "total": 730, "stage": "write"}
{"cached": 203, "total": 730, "stage": "write"}
{"cached": 204, "total": 730, "stage": "write"}
{"cached": 205, "total": 730, "stage": "write"}
{"cached": 206, "total": 730, "stage": "write"}
{"cached": 207, "total": 730, "stage": "write"}
{"cached": 208, "total": 730, "stage": "write"}
{"cached": 209, "total": 730, "stage": "write"}
{"cached": 210, "total": 730, "stage": "write"}
{"cached": 211, "total": 730, "stage": "write"}
{"cached": 212, "total": 730, "stage": "write"}
{"cached": 213, "total": 730, "stage": "write"}
{"cached": 214, "total": 730, "stage": "write"}
{"cached": 215, "total": 730, "stage": "write"}
{"cached": 216, "total": 730, "stage": "write"}
{"cached": 217, "total": 730, "stage": "write"}
{"cached": 218, "total": 730, "stage": "write"}
{"cached": 219, "total": 730, "stage": "write"}
{"cached": 220, "total": 730, "stage": "write"}
{"cached": 221, "total": 730, "stage": "write"}
{"cached": 222, "total": 730, "stage": "write"}
{"cached": 223, "total": 730, "stage": "write"}
{"cached": 224, "total": 730, "stage": "write"}
{"cached": 225, "total": 730, "stage": "write"}
{"cached": 226, "total": 730, "stage": "write"}
{"cached": 227, "total": 730, "stage": "write"}
{"cached": 228, "total": 730, "stage": "write"}
{"cached": 229, "total": 730, "stage": "write"}
{"cached": 230, "total": 730, "stage": "write"}
{"cached": 231, "total": 730, "stage": "write"}
{"cached": 232, "total": 730, "stage": "write"}
{"cached": 233, "total": 730, "stage": "write"}
{"cached": 234, "total": 730, "stage": "write"}
{"cached": 235, "total": 730, "stage": "write"}
{"cached": 236, "total": 730, "stage": "write"}
{"cached": 237, "total": 730, "stage": "write"}
{"cached": 238, "total": 730, "stage": "write"}
{"cached": 239, "total": 730, "stage": "write"}
{"cached": 240, "total": 730, "stage": "write"}
{"cached": 241, "total": 730, "stage": "write"}
{"cached": 242, "total": 730, "stage": "write"}
{"cached": 243, "total": 730, "stage": "write"}
{"cached": 244, "total": 730, "stage": "write"}
{"cached": 245, "total": 730, "stage": "write"}
{"cached": 246, "total": 730, "stage": "write"}
{"cached": 247, "total": 730, "stage": "write"}
{"cached": 248, "total": 730, "stage": "write"}
{"cached": 249, "total": 730, "stage": "write"}
{"cached": 250, "total": 730, "stage": "write"}
{"cached": 251, "total": 730, "stage": "write"}
{"cached": 252, "total": 730, "stage": "write"}
{"cached": 253, "total": 730, "stage": "write"}
{"cached": 254, "total": 730, "stage": "write"}
{"cached": 255, "total": 730, "stage": "write"}
{"cached": 256, "total": 730, "stage": "write"}
{"cached": 257, "total": 730, "stage": "write"}
{"cached": 258, "total": 730, "stage": "write"}
{"cached": 259, "total": 730, "stage": "write"}
{"cached": 260, "total": 730, "stage": "write"}
{"cached": 261, "total": 730, "stage": "write"}
{"cached": 262, "total": 730, "stage": "write"}
{"cached": 263, "total": 730, "stage": "write"}
{"cached": 264, "total": 730, "stage": "write"}
{"cached": 265, "total": 730, "stage": "write"}
{"cached": 266, "total": 730, "stage": "write"}
{"cached": 267, "total": 730, "stage": "write"}
{"cached": 268, "total": 730, "stage": "write"}
{"cached": 269, "total": 730, "stage": "write"}
{"cached": 270, "total": 730, "stage": "write"}
{"cached": 271, "total": 730, "stage": "write"}
{"cached": 272, "total": 730, "stage": "write"}
{"cached": 273, "total": 730, "stage": "write"}
{"cached": 274, "total": 730, "stage": "write"}
{"cached": 275, "total": 730, "stage": "write"}
{"cached": 276, "total": 730, "stage": "write"}
{"cached": 277, "total": 730, "stage": "write"}
{"cached": 278, "total": 730, "stage": "write"}
{"cached": 279, "total": 730, "stage": "write"}
{"cached": 280, "total": 730, "stage": "write"}
{"cached": 281, "total": 730, "stage": "write"}
{"cached": 282, "total": 730, "stage": "write"}
{"cached": 283, "total": 730, "stage": "write"}
{"cached": 284, "total": 730, "stage": "write"}
{"cached": 285, "total": 730, "stage": "write"}
{"cached": 286, "total": 730, "stage": "write"}
{"cached": 287, "total": 730, "stage": "write"}
{"cached": 288, "total": 730, "stage": "write"}
{"cached": 289, "total": 730, "stage": "write"}
{"cached": 290, "total": 730, "stage": "write"}
{"cached": 291, "total": 730, "stage": "write"}
{"cached": 292, "total": 730, "stage": "write"}
{"cached": 293, "total": 730, "stage": "write"}
{"cached": 294, "total": 730, "stage": "write"}
{"cached": 295, "total": 730, "stage": "write"}
{"cached": 296, "total": 730, "stage": "write"}
{"cached": 297, "total": 730, "stage": "write"}
{"cached": 298, "total": 730, "stage": "write"}
{"cached": 299, "total": 730, "stage": "write"}
{"cached": 300, "total": 730, "stage": "write"}
{"cached": 301, "total": 730, "stage": "write"}
{"cached": 302, "total": 730, "stage": "write"}
{"cached": 303, "total": 730, "stage": "write"}
{"cached": 304, "total": 730, "stage": "write"}
{"cached": 305, "total": 730, "stage": "write"}
{"cached": 306, "total": 730, "stage": "write"}
{"cached": 307, "total": 730, "stage": "write"}
{"cached": 308, "total": 730, "stage": "write"}
{"cached": 309, "total": 730, "stage": "write"}
{"cached": 310, "total": 730, "stage": "write"}
{"cached": 311, "total": 730, "stage": "write"}
{"cached": 312, "total": 730, "stage": "write"}
{"cached": 313, "total": 730, "stage": "write"}
{"cached": 314, "total": 730, "stage": "write"}
{"cached": 315, "total": 730, "stage": "write"}
{"cached": 316, "total": 730, "stage": "write"}
{"cached": 317, "total": 730, "stage": "write"}
{"cached": 318, "total": 730, "stage": "write"}
{"cached": 319, "total": 730, "stage": "write"}
{"cached": 320, "total": 730, "stage": "write"}
{"cached": 321, "total": 730, "stage": "write"}
{"cached": 322, "total": 730, "stage": "write"}
{"cached": 323, "total": 730, "stage": "write"}
{"cached": 324, "total": 730, "stage": "write"}
{"cached": 325, "total": 730, "stage": "write"}
{"cached": 326, "total": 730, "stage": "write"}
{"cached": 327, "total": 730, "stage": "write"}
{"cached": 328, "total": 730, "stage": "write"}
{"cached": 329, "total": 730, "stage": "write"}
{"cached": 330, "total": 730, "stage": "write"}
{"cached": 331, "total": 730, "stage": "write"}
{"cached": 332, "total": 730, "stage": "write"}
{"cached": 333, "total": 730, "stage": "write"}
{"cached": 334, "total": 730, "stage": "write"}
{"cached": 335, "total": 730, "stage": "write"}
{"cached": 336, "total": 730, "stage": "write"}
{"cached": 337, "total": 730, "stage": "write"}
{"cached": 338, "total": 730, "stage": "write"}
{"cached": 339, "total": 730, "stage": "write"}
{"cached": 340, "total": 730, "stage": "write"}
{"cached": 341, "total": 730, "stage": "write"}
{"cached": 342, "total": 730, "stage": "write"}
{"cached": 343, "total": 730, "stage": "write"}
{"cached": 344, "total": 730, "stage": "write"}
{"cached": 345, "total": 730, "stage": "write"}
{"cached": 346, "total": 730, "stage": "write"}
{"cached": 347, "total": 730, "stage": "write"}
{"cached": 348, "total": 730, "stage": "write"}
{"cached": 349, "total": 730, "stage": "write"}
{"cached": 350, "total": 730, "stage": "write"}
{"cached": 351, "total": 730, "stage": "write"}
{"cached": 352, "total": 730, "stage": "write"}
{"cached": 353, "total": 730, "stage": "write"}
{"cached": 354, "total": 730, "stage": "write"}
{"cached": 355, "total": 730, "stage": "write"}
{"cached": 356, "total": 730, "stage": "write"}
{"cached": 357, "total": 730, "stage": "write"}
{"cached": 358, "total": 730, "stage": "write"}
{"cached": 359, "total": 730, "stage": "write"}
{"cached": 360, "total": 730, "stage": "write"}
{"cached": 361, "total": 730, "stage": "write"}
{"cached": 362, "total": 730, "stage": "write"}
{"cached": 363, "total": 730, "stage": "write"}
{"cached": 364, "total": 730, "stage": "write"}
{"cached": 365, "total": 730, "stage": "write"}
{"cached": 366, "total": 730, "stage": "write"}
{"cached": 367, "total": 730, "stage": "write"}
{"cached": 368, "total": 730, "stage": "write"}
{"cached": 369, "total": 730, "stage": "write"}
{"cached": 370, "total": 730, "stage": "write"}
{"cached": 371, "total": 730, "stage": "write"}
{"cached": 372, "total": 730, "stage": "write"}
{"cached": 373, "total": 730, "stage": "write"}
{"cached": 374, "total": 730, "stage": "write"}
{"cached": 375, "total": 730, "stage": "write"}
{"cached": 376, "total": 730, "stage": "write"}
{"cached": 377, "total": 730, "stage": "write"}
{"cached": 378, "total": 730, "stage": "write"}
{"cached": 379, "total": 730, "stage": "write"}
{"cached": 380, "total": 730, "stage": "write"}
{"cached": 381, "total": 730, "stage": "write"}
{"cached": 382, "total": 730, "stage": "write"}
{"cached": 383, "total": 730, "stage": "write"}
{"cached": 384, "total": 730, "stage": "write"}
{"cached": 385, "total": 730, "stage": "write"}
{"cached": 386, "total": 730, "stage": "write"}
{"cached": 387, "total": 730, "stage": "write"}
{"cached": 388, "total": 730, "stage": "write"}
{"cached": 389, "total": 730, "stage": "write"}
{"cached": 390, "total": 730, "stage": "write"}
{"cached": 391, "total": 730, "stage": "write"}
{"cached": 392, "total": 730, "stage": "write"}
{"cached": 393, "total": 730, "stage": "write"}
{"cached": 394, "total": 730, "stage": "write"}
{"cached": 395, "total": 730, "stage": "write"}
{"cached": 396, "total": 730, "stage": "write"}
{"cached": 397, "total": 730, "stage": "write"}
{"cached": 398, "total": 730, "stage": "write"}
{"cached": 399, "total": 730, "stage": "write"}
{"cached": 400, "total": 730, "stage": "write"}
{"cached": 401, "total": 730, "stage": "write"}
{"cached": 402, "total": 730, "stage": "write"}
{"cached": 403, "total": 730, "stage": "write"}
{"cached": 404, "total": 730, "stage": "write"}
{"cached": 405, "total": 730, "stage": "write"}
{"cached": 406, "total": 730, "stage": "write"}
{"cached": 407, "total": 730, "stage": "write"}
{"cached": 408, "total": 730, "stage": "write"}
{"cached": 409, "total": 730, "stage": "write"}
{"cached": 410, "total": 730, "stage": "write"}
{"cached": 411, "total": 730, "stage": "write"}
{"cached": 412, "total": 730, "stage": "write"}
{"cached": 413, "total": 730, "stage": "write"}
{"cached": 414, "total": 730, "stage": "write"}
{"cached": 415, "total": 730, "stage": "write"}
{"cached": 416, "total": 730, "stage": "write"}
{"cached": 417, "total": 730, "stage": "write"}
{"cached": 418, "total": 730, "stage": "write"}
{"cached": 419, "total": 730, "stage": "write"}
{"cached": 420, "total": 730, "stage": "write"}
{"cached": 421, "total": 730, "stage": "write"}
{"cached": 422, "total": 730, "stage": "write"}
{"cached": 423, "total": 730, "stage": "write"}
{"cached": 424, "total": 730, "stage": "write"}
{"cached": 425, "total": 730, "stage": "write"}
{"cached": 426, "total": 730, "stage": "write"}
{"cached": 427, "total": 730, "stage": "write"}
{"cached": 428, "total": 730, "stage": "write"}
{"cached": 429, "total": 730, "stage": "write"}
{"cached": 430, "total": 730, "stage": "write"}
{"cached": 431, "total": 730, "stage": "write"}
{"cached": 432, "total": 730, "stage": "write"}
{"cached": 433, "total": 730, "stage": "write"}
{"cached": 434, "total": 730, "stage": "write"}
{"cached": 435, "total": 730, "stage": "write"}
{"cached": 436, "total": 730, "stage": "write"}
{"cached": 437, "total": 730, "stage": "write"}
{"cached": 438, "total": 730, "stage": "write"}
{"cached": 439, "total": 730, "stage": "write"}
{"cached": 440, "total": 730, "stage": "write"}
{"cached": 441, "total": 730, "stage": "write"}
{"cached": 442, "total": 730, "stage": "write"}
{"cached": 443, "total": 730, "stage": "write"}
{"cached": 444, "total": 730, "stage": "write"}
{"cached": 445, "total": 730, "stage": "write"}
{"cached": 446, "total": 730, "stage": "write"}
{"cached": 447, "total": 730, "stage": "write"}
{"cached": 448, "total": 730, "stage": "write"}
{"cached": 449, "total": 730, "stage": "write"}
{"cached": 450, "total": 730, "stage": "write"}
{"cached": 451, "total": 730, "stage": "write"}
{"cached": 452, "total": 730, "stage": "write"}
{"cached": 453, "total": 730, "stage": "write"}
{"cached": 454, "total": 730, "stage": "write"}
{"cached": 455, "total": 730, "stage": "write"}
{"cached": 456, "total": 730, "stage": "write"}
{"cached": 457, "total": 730, "stage": "write"}
{"cached": 458, "total": 730, "stage": "write"}
{"cached": 459, "total": 730, "stage": "write"}
{"cached": 460, "total": 730, "stage": "write"}
{"cached": 461, "total": 730, "stage": "write"}
{"cached": 462, "total": 730, "stage": "write"}
{"cached": 463, "total": 730, "stage": "write"}
{"cached": 464, "total": 730, "stage": "write"}
{"cached": 465, "total": 730, "stage": "write"}
{"cached": 466, "total": 730, "stage": "write"}
{"cached": 467, "total": 730, "stage": "write"}
{"cached": 468, "total": 730, "stage": "write"}
{"cached": 469, "total": 730, "stage": "write"}
{"cached": 470, "total": 730, "stage": "write"}
{"cached": 471, "total": 730, "stage": "write"}
{"cached": 472, "total": 730, "stage": "write"}
{"cached": 473, "total": 730, "stage": "write"}
{"cached": 474, "total": 730, "stage": "write"}
{"cached": 475, "total": 730, "stage": "write"}
{"cached": 476, "total": 730, "stage": "write"}
{"cached": 477, "total": 730, "stage": "write"}
{"cached": 478, "total": 730, "stage": "write"}
{"cached": 479, "total": 730, "stage": "write"}
{"cached": 480, "total": 730, "stage": "write"}
{"cached": 481, "total": 730, "stage": "write"}
{"cached": 482, "total": 730, "stage": "write"}
{"cached": 483, "total": 730, "stage": "write"}
{"cached": 484, "total": 730, "stage": "write"}
{"cached": 485, "total": 730, "stage": "write"}
{"cached": 486, "total": 730, "stage": "write"}
{"cached": 487, "total": 730, "stage": "write"}
{"cached": 488, "total": 730, "stage": "write"}
{"cached": 489, "total": 730, "stage": "write"}
{"cached": 490, "total": 730, "stage": "write"}
{"cached": 491, "total": 730, "stage": "write"}
{"cached": 492, "total": 730, "stage": "write"}
{"cached": 493, "total": 730, "stage": "write"}
{"cached": 494, "total": 730, "stage": "write"}
{"cached": 495, "total": 730, "stage": "write"}
{"cached": 496, "total": 730, "stage": "write"}
{"cached": 497, "total": 730, "stage": "write"}
{"cached": 498, "total": 730, "stage": "write"}
{"cached": 499, "total": 730, "stage": "write"}
{"cached": 500, "total": 730, "stage": "write"}
{"cached": 501, "total": 730, "stage": "write"}
{"cached": 502, "total": 730, "stage": "write"}
{"cached": 503, "total": 730, "stage": "write"}
{"cached": 504, "total": 730, "stage": "write"}
{"cached": 505, "total": 730, "stage": "write"}
{"cached": 506, "total": 730, "stage": "write"}
{"cached": 507, "total": 730, "stage": "write"}
{"cached": 508, "total": 730, "stage": "write"}
{"cached": 509, "total": 730, "stage": "write"}
{"cached": 510, "total": 730, "stage": "write"}
{"cached": 511, "total": 730, "stage": "write"}
{"cached": 512, "total": 730, "stage": "write"}
{"cached": 513, "total": 730, "stage": "write"}
{"cached": 514, "total": 730, "stage": "write"}
{"cached": 515, "total": 730, "stage": "write"}
{"cached": 516, "total": 730, "stage": "write"}
{"cached": 517, "total": 730, "stage": "write"}
{"cached": 518, "total": 730, "stage": "write"}
{"cached": 519, "total": 730, "stage": "write"}
{"cached": 520, "total": 730, "stage": "write"}
{"cached": 521, "total": 730, "stage": "write"}
{"cached": 522, "total": 730, "stage": "write"}
{"cached": 523, "total": 730, "stage": "write"}
{"cached": 524, "total": 730, "stage": "write"}
{"cached": 525, "total": 730, "stage": "write"}
{"cached": 526, "total": 730, "stage": "write"}
{"cached": 527, "total": 730, "stage": "write"}
{"cached": 528, "total": 730, "stage": "write"}
{"cached": 529, "total": 730, "stage": "write"}
{"cached": 530, "total": 730, "stage": "write"}
{"cached": 531, "total": 730, "stage": "write"}
{"cached": 532, "total": 730, "stage": "write"}
{"cached": 533, "total": 730, "stage": "write"}
{"cached": 534, "total": 730, "stage": "write"}
{"cached": 535, "total": 730, "stage": "write"}
{"cached": 536, "total": 730, "stage": "write"}
{"cached": 537, "total": 730, "stage": "write"}
{"cached": 538, "total": 730, "stage": "write"}
{"cached": 539, "total": 730, "stage": "write"}
{"cached": 540, "total": 730, "stage": "write"}
{"cached": 541, "total": 730, "stage": "write"}
{"cached": 542, "total": 730, "stage": "write"}
{"cached": 543, "total": 730, "stage": "write"}
{"cached": 544, "total": 730, "stage": "write"}
{"cached": 545, "total": 730, "stage": "write"}
{"cached": 546, "total": 730, "stage": "write"}
{"cached": 547, "total": 730, "stage": "write"}
{"cached": 548, "total": 730, "stage": "write"}
{"cached": 549, "total": 730, "stage": "write"}
{"cached": 550, "total": 730, "stage": "write"}
{"cached": 551, "total": 730, "stage": "write"}
{"cached": 552, "total": 730, "stage": "write"}
{"cached": 553, "total": 730, "stage": "write"}
{"cached": 554, "total": 730, "stage": "write"}
{"cached": 555, "total": 730, "stage": "write"}
{"cached": 556, "total": 730, "stage": "write"}
{"cached": 557, "total": 730, "stage": "write"}
{"cached": 558, "total": 730, "stage": "write"}
{"cached": 559, "total": 730, "stage": "write"}
{"cached": 560, "total": 730, "stage": "write"}
{"cached": 561, "total": 730, "stage": "write"}
{"cached": 562, "total": 730, "stage": "write"}
{"cached": 563, "total": 730, "stage": "write"}
{"cached": 564, "total": 730, "stage": "write"}
{"cached": 565, "total": 730, "stage": "write"}
{"cached": 566, "total": 730, "stage": "write"}
{"cached": 567, "total": 730, "stage": "write"}
{"cached": 568, "total": 730, "stage": "write"}
{"cached": 569, "total": 730, "stage": "write"}
{"cached": 570, "total": 730, "stage": "write"}
{"cached": 571, "total": 730, "stage": "write"}
{"cached": 572, "total": 730, "stage": "write"}
{"cached": 573, "total": 730, "stage": "write"}
{"cached": 574, "total": 730, "stage": "write"}
{"cached": 575, "total": 730, "stage": "write"}
{"cached": 576, "total": 730, "stage": "write"}
{"cached": 577, "total": 730, "stage": "write"}
{"cached": 578, "total": 730, "stage": "write"}
{"cached": 579, "total": 730, "stage": "write"}
{"cached": 580, "total": 730, "stage": "write"}
{"cached": 581, "total": 730, "stage": "write"}
{"cached": 582, "total": 730, "stage": "write"}
{"cached": 583, "total": 730, "stage": "write"}
{"cached": 584, "total": 730, "stage": "write"}
{"cached": 585, "total": 730, "stage": "write"}
{"cached": 586, "total": 730, "stage": "write"}
{"cached": 587, "total": 730, "stage": "write"}
{"cached": 588, "total": 730, "stage": "write"}
{"cached": 589, "total": 730, "stage": "write"}
{"cached": 590, "total": 730, "stage": "write"}
{"cached": 591, "total": 730, "stage": "write"}
{"cached": 592, "total": 730, "stage": "write"}
{"cached": 593, "total": 730, "stage": "write"}
{"cached": 594, "total": 730, "stage": "write"}
{"cached": 595, "total": 730, "stage": "write"}
{"cached": 596, "total": 730, "stage": "write"}
{"cached": 597, "total": 730, "stage": "write"}
{"cached": 598, "total": 730, "stage": "write"}
{"cached": 599, "total": 730, "stage": "write"}
{"cached": 600, "total": 730, "stage": "write"}
{"cached": 601, "total": 730, "stage": "write"}
{"cached": 602, "total": 730, "stage": "write"}
{"cached": 603, "total": 730, "stage": "write"}
{"cached": 604, "total": 730, "stage": "write"}
{"cached": 605, "total": 730, "stage": "write"}
{"cached": 606, "total": 730, "stage": "write"}
{"cached": 607, "total": 730, "stage": "write"}
{"cached": 608, "total": 730, "stage": "write"}
{"cached": 609, "total": 730, "stage": "write"}
{"cached": 610, "total": 730, "stage": "write"}
{"cached": 611, "total": 730, "stage": "write"}
{"cached": 612, "total": 730, "stage": "write"}
{"cached": 613, "total": 730, "stage": "write"}
{"cached": 614, "total": 730, "stage": "write"}
{"cached": 615, "total": 730, "stage": "write"}
{"cached": 616, "total": 730, "stage": "write"}
{"cached": 617, "total": 730, "stage": "write"}
{"cached": 618, "total": 730, "stage": "write"}
{"cached": 619, "total": 730, "stage": "write"}
{"cached": 620, "total": 730, "stage": "write"}
{"cached": 621, "total": 730, "stage": "write"}
{"cached": 622, "total": 730, "stage": "write"}
{"cached": 623, "total": 730, "stage": "write"}
{"cached": 624, "total": 730, "stage": "write"}
{"cached": 625, "total": 730, "stage": "write"}
{"cached": 626, "total": 730, "stage": "write"}
{"cached": 627, "total": 730, "stage": "write"}
{"cached": 628, "total": 730, "stage": "write"}
{"cached": 629, "total": 730, "stage": "write"}
{"cached": 630, "total": 730, "stage": "write"}
{"cached": 631, "total": 730, "stage": "write"}
{"cached": 632, "total": 730, "stage": "write"}
{"cached": 633, "total": 730, "stage": "write"}
{"cached": 634, "total": 730, "stage": "write"}
{"cached": 635, "total": 730, "stage": "write"}
{"cached": 636, "total": 730, "stage": "write"}
{"cached": 637, "total": 730, "stage": "write"}
{"cached": 638, "total": 730, "stage": "write"}
{"cached": 639, "total": 730, "stage": "write"}
{"cached": 640, "total": 730, "stage": "write"}
{"cached": 641, "total": 730, "stage": "write"}
{"cached": 642, "total": 730, "stage": "write"}
{"cached": 643, "total": 730, "stage": "write"}
{"cached": 644, "total": 730, "stage": "write"}
{"cached": 645, "total": 730, "stage": "write"}
{"cached": 646, "total": 730, "stage": "write"}
{"cached": 647, "total": 730, "stage": "write"}
{"cached": 648, "total": 730, "stage": "write"}
{"cached": 649, "total": 730, "stage": "write"}
{"cached": 650, "total": 730, "stage": "write"}
{"cached": 651, "total": 730, "stage": "write"}
{"cached": 652, "total": 730, "stage": "write"}
{"cached": 653, "total": 730, "stage": "write"}
{"cached": 654, "total": 730, "stage": "write"}
{"cached": 655, "total": 730, "stage": "write"}
{"cached": 656, "total": 730, "stage": "write"}
{"cached": 657, "total": 730, "stage": "write"}
{"cached": 658, "total": 730, "stage": "write"}
{"cached": 659, "total": 730, "stage": "write"}
{"cached": 660, "total": 730, "stage": "write"}
{"cached": 661, "total": 730, "stage": "write"}
{"cached": 662, "total": 730, "stage": "write"}
{"cached": 663, "total": 730, "stage": "write"}
{"cached": 664, "total": 730, "stage": "write"}
{"cached": 665, "total": 730, "stage": "write"}
{"cached": 666, "total": 730, "stage": "write"}
{"cached": 667, "total": 730, "stage": "write"}
{"cached": 668, "total": 730, "stage": "write"}
{"cached": 669, "total": 730, "stage": "write"}
{"cached": 670, "total": 730, "stage": "write"}
{"cached": 671, "total": 730, "stage": "write"}
{"cached": 672, "total": 730, "stage": "write"}
{"cached": 673, "total": 730, "stage": "write"}
{"cached": 674, "total": 730, "stage": "write"}
{"cached": 675, "total": 730, "stage": "write"}
{"cached": 676, "total": 730, "stage": "write"}
{"cached": 677, "total": 730, "stage": "write"}
{"cached": 678, "total": 730, "stage": "write"}
{"cached": 679, "total": 730, "stage": "write"}
{"cached": 680, "total": 730, "stage": "write"}
{"cached": 681, "total": 730, "stage": "write"}
{"cached": 682, "total": 730, "stage": "write"}
{"cached": 683, "total": 730, "stage": "write"}
{"cached": 684, "total": 730, "stage": "write"}
{"cached": 685, "total": 730, "stage": "write"}
{"cached": 686, "total": 730, "stage": "write"}
{"cached": 687, "total": 730, "stage": "write"}
{"cached": 688, "total": 730, "stage": "write"}
{"cached": 689, "total": 730, "stage": "write"}
{"cached": 690, "total": 730, "stage": "write"}
{"cached": 691, "total": 730, "stage": "write"}
{"cached": 692, "total": 730, "stage": "write"}
{"cached": 693, "total": 730, "stage": "write"}
{"cached": 694, "total": 730, "stage": "write"}
{"cached": 695, "total": 730, "stage": "write"}
{"cached": 696, "total": 730, "stage": "write"}
{"cached": 697, "total": 730, "stage": "write"}
{"cached": 698, "total": 730, "stage": "write"}
{"cached": 699, "total": 730, "stage": "write"}
{"cached": 700, "total": 730, "stage": "write"}
{"cached": 701, "total": 730, "stage": "write"}
{"cached": 702, "total": 730, "stage": "write"}
{"cached": 703, "total": 730, "stage": "write"}
{"cached": 704, "total": 730, "stage": "write"}
{"cached": 705, "total": 730, "stage": "write"}
{"cached": 706, "total": 730, "stage": "write"}
{"cached": 707, "total": 730, "stage": "write"}
{"cached": 708, "total": 730, "stage": "write"}
{"cached": 709, "total": 730, "stage": "write"}
{"cached": 710, "total": 730, "stage": "write"}
{"cached": 711, "total": 730, "stage": "write"}
{"cached": 712, "total": 730, "stage": "write"}
{"cached": 713, "total": 730, "stage": "write"}
{"cached": 714, "total": 730, "stage": "write"}
{"cached": 715, "total": 730, "stage": "write"}
{"cached": 716, "total": 730, "stage": "write"}
{"cached": 717, "total": 730, "stage": "write"}
{"cached": 718, "total": 730, "stage": "write"}
{"cached": 719, "total": 730, "stage": "write"}
{"cached": 720, "total": 730, "stage": "write"}
{"cached": 721, "total": 730, "stage": "write"}
{"cached": 722, "total": 730, "stage": "write"}
{"cached": 723, "total": 730, "stage": "write"}
{"cached": 724, "total": 730, "stage": "write"}
{"cached": 725, "total": 730, "stage": "write"}
{"cached": 726, "total": 730, "stage": "write"}
{"cached": 727, "total": 730, "stage": "write"}
{"cached": 728, "total": 730, "stage": "write"}
{"cached": 729, "total": 730, "stage": "write"}
{"cached": 730, "total": 730, "stage": "write"}
{"resumed_at": 88704, "next_step": 88705, "final_step": 93440, "optimizer_states": 1075}
{"step": 88736, "mse": 0.2871704250574112, "seconds": 49.25266432808712}
{"step": 88768, "mse": 0.37499120691791177, "seconds": 98.23065272904932}
{"step": 88800, "mse": 0.13104998576454818, "seconds": 147.39992097998038}
{"step": 88832, "mse": 0.38327415892854333, "seconds": 196.38056034082547}
{"step": 88864, "mse": 0.2544347355142236, "seconds": 249.91234466107562}
{"step": 88896, "mse": 0.2375550391152501, "seconds": 298.13039361312985}
{"step": 88928, "mse": 0.08575131930410862, "seconds": 345.69669454777613}
{"step": 88960, "mse": 0.09668548800982535, "seconds": 393.43644973402843}
{"step": 88992, "mse": 0.16243174532428384, "seconds": 445.3742410838604}
{"step": 89024, "mse": 0.1571712668519467, "seconds": 492.93561988091096}
{"step": 89056, "mse": 0.028457717038691044, "seconds": 540.5011839768849}
{"step": 89088, "mse": 0.17052370682358742, "seconds": 589.3320654379204}
{"step": 89120, "mse": 0.07362096523866057, "seconds": 642.895472960081}
{"step": 89152, "mse": 0.026221919804811478, "seconds": 691.849878101144}
{"step": 89184, "mse": 0.1331017753109336, "seconds": 740.8435135171749}
{"step": 89216, "mse": 0.022470878437161446, "seconds": 789.7916839160025}
{"step": 89248, "mse": 0.22697461303323507, "seconds": 842.895997973159}
{"step": 89280, "mse": 0.04835429694503546, "seconds": 890.6392724439502}
{"step": 89312, "mse": 0.27717547165229917, "seconds": 938.1903702691197}
{"step": 89344, "mse": 0.03569479659199715, "seconds": 985.7305748779327}
{"step": 89376, "mse": 0.04254812328144908, "seconds": 1037.6462409840897}
{"step": 89408, "mse": 0.3884422369301319, "seconds": 1085.1946632401086}
{"step": 89440, "mse": 0.12540179560892284, "seconds": 1133.5884341858327}
{"step": 89472, "mse": 0.038278729654848576, "seconds": 1182.4639658089727}
{"step": 89504, "mse": 0.2423758776858449, "seconds": 1235.8595540071838}
{"step": 89536, "mse": 0.10364416497759521, "seconds": 1284.8700582971796}
{"step": 89568, "mse": 0.05734897032380104, "seconds": 1333.8422923758626}
{"step": 89600, "mse": 0.06389838410541415, "seconds": 1383.039971863851}
{"step": 89632, "mse": 0.4823789647780359, "seconds": 1435.2828858429566}
{"step": 89664, "mse": 0.23997509432956576, "seconds": 1482.8172418647446}
{"step": 89696, "mse": 0.12714915862306952, "seconds": 1530.3783749858849}
{"step": 89728, "mse": 0.12335865758359432, "seconds": 1577.9183163219132}
{"step": 89760, "mse": 0.23426078574266285, "seconds": 1629.9645909457467}
{"step": 89792, "mse": 0.21856085304170847, "seconds": 1677.596271082759}
Loading pipeline components...:   0%|                    | 0/6 [00:00<?, ?it/s]Loading pipeline components...:  17%|██          | 1/6 [00:00<00:02,  2.46it/s]Loading pipeline components...:  67%|████████    | 4/6 [00:12<00:06,  3.40s/it]Loading pipeline components...:  83%|██████████  | 5/6 [00:15<00:03,  3.16s/it]Loading pipeline components...: 100%|████████████| 6/6 [00:16<00:00,  2.48s/it]Loading pipeline components...: 100%|████████████| 6/6 [00:16<00:00,  2.67s/it]
/inspire/ssd/project/exploration-topic/czxs26210936/envs/vlm-r3-ngc2502/lib/python3.12/site-packages/diffusers/loaders/lora_pipeline.py:6850: FutureWarning: `LoraLoaderMixin` is deprecated and will be removed in version 1.0.0. LoraLoaderMixin is deprecated and this will be removed in a future version. Please use `StableDiffusionLoraLoaderMixin`, instead.
  deprecate("LoraLoaderMixin", "1.0.0", deprecation_message)
{"cached": 1, "total": 730, "stage": "write"}
{"cached": 2, "total": 730, "stage": "write"}
{"cached": 3, "total": 730, "stage": "write"}
{"cached": 4, "total": 730, "stage": "write"}
{"cached": 5, "total": 730, "stage": "write"}
{"cached": 6, "total": 730, "stage": "write"}
{"cached": 7, "total": 730, "stage": "write"}
{"cached": 8, "total": 730, "stage": "write"}
{"cached": 9, "total": 730, "stage": "write"}
{"cached": 10, "total": 730, "stage": "write"}
{"cached": 11, "total": 730, "stage": "write"}
{"cached": 12, "total": 730, "stage": "write"}
{"cached": 13, "total": 730, "stage": "write"}
{"cached": 14, "total": 730, "stage": "write"}
{"cached": 15, "total": 730, "stage": "write"}
{"cached": 16, "total": 730, "stage": "write"}
{"cached": 17, "total": 730, "stage": "write"}
{"cached": 18, "total": 730, "stage": "write"}
{"cached": 19, "total": 730, "stage": "write"}
{"cached": 20, "total": 730, "stage": "write"}
{"cached": 21, "total": 730, "stage": "write"}
{"cached": 22, "total": 730, "stage": "write"}
{"cached": 23, "total": 730, "stage": "write"}
{"cached": 24, "total": 730, "stage": "write"}
{"cached": 25, "total": 730, "stage": "write"}
{"cached": 26, "total": 730, "stage": "write"}
{"cached": 27, "total": 730, "stage": "write"}
{"cached": 28, "total": 730, "stage": "write"}
{"cached": 29, "total": 730, "stage": "write"}
{"cached": 30, "total": 730, "stage": "write"}
{"cached": 31, "total": 730, "stage": "write"}
{"cached": 32, "total": 730, "stage": "write"}
{"cached": 33, "total": 730, "stage": "write"}
{"cached": 34, "total": 730, "stage": "write"}
{"cached": 35, "total": 730, "stage": "write"}
{"cached": 36, "total": 730, "stage": "write"}
{"cached": 37, "total": 730, "stage": "write"}
{"cached": 38, "total": 730, "stage": "write"}
{"cached": 39, "total": 730, "stage": "write"}
{"cached": 40, "total": 730, "stage": "write"}
{"cached": 41, "total": 730, "stage": "write"}
{"cached": 42, "total": 730, "stage": "write"}
{"cached": 43, "total": 730, "stage": "write"}
{"cached": 44, "total": 730, "stage": "write"}
{"cached": 45, "total": 730, "stage": "write"}
{"cached": 46, "total": 730, "stage": "write"}
{"cached": 47, "total": 730, "stage": "write"}
{"cached": 48, "total": 730, "stage": "write"}
{"cached": 49, "total": 730, "stage": "write"}
{"cached": 50, "total": 730, "stage": "write"}
{"cached": 51, "total": 730, "stage": "write"}
{"cached": 52, "total": 730, "stage": "write"}
{"cached": 53, "total": 730, "stage": "write"}
{"cached": 54, "total": 730, "stage": "write"}
{"cached": 55, "total": 730, "stage": "write"}
{"cached": 56, "total": 730, "stage": "write"}
{"cached": 57, "total": 730, "stage": "write"}
{"cached": 58, "total": 730, "stage": "write"}
{"cached": 59, "total": 730, "stage": "write"}
{"cached": 60, "total": 730, "stage": "write"}
Loading pipeline components...:   0%|                    | 0/6 [00:00<?, ?it/s]Loading pipeline components...:  17%|██          | 1/6 [00:00<00:02,  2.42it/s]Loading pipeline components...:  67%|████████    | 4/6 [00:12<00:06,  3.39s/it]Loading pipeline components...:  83%|██████████  | 5/6 [00:15<00:03,  3.10s/it]Loading pipeline components...: 100%|████████████| 6/6 [00:15<00:00,  2.44s/it]Loading pipeline components...: 100%|████████████| 6/6 [00:15<00:00,  2.63s/it]
/inspire/ssd/project/exploration-topic/czxs26210936/envs/vlm-r3-ngc2502/lib/python3.12/site-packages/diffusers/loaders/lora_pipeline.py:6850: FutureWarning: `LoraLoaderMixin` is deprecated and will be removed in version 1.0.0. LoraLoaderMixin is deprecated and this will be removed in a future version. Please use `StableDiffusionLoraLoaderMixin`, instead.
  deprecate("LoraLoaderMixin", "1.0.0", deprecation_message)
{"cached": 1, "total": 730, "stage": "write"}
{"cached": 2, "total": 730, "stage": "write"}
{"cached": 3, "total": 730, "stage": "write"}
{"cached": 4, "total": 730, "stage": "write"}
{"cached": 5, "total": 730, "stage": "write"}
{"cached": 6, "total": 730, "stage": "write"}
{"cached": 7, "total": 730, "stage": "write"}
{"cached": 8, "total": 730, "stage": "write"}
{"cached": 9, "total": 730, "stage": "write"}
{"cached": 10, "total": 730, "stage": "write"}
{"cached": 11, "total": 730, "stage": "write"}
{"cached": 12, "total": 730, "stage": "write"}
{"cached": 13, "total": 730, "stage": "write"}
{"cached": 14, "total": 730, "stage": "write"}
{"cached": 15, "total": 730, "stage": "write"}
{"cached": 16, "total": 730, "stage": "write"}
{"cached": 17, "total": 730, "stage": "write"}
{"cached": 18, "total": 730, "stage": "write"}
{"cached": 19, "total": 730, "stage": "write"}
{"cached": 20, "total": 730, "stage": "write"}
{"cached": 21, "total": 730, "stage": "write"}
{"cached": 22, "total": 730, "stage": "write"}
{"cached": 23, "total": 730, "stage": "write"}
{"cached": 24, "total": 730, "stage": "write"}
{"cached": 25, "total": 730, "stage": "write"}
{"cached": 26, "total": 730, "stage": "write"}
{"cached": 27, "total": 730, "stage": "write"}
{"cached": 28, "total": 730, "stage": "write"}
{"cached": 29, "total": 730, "stage": "write"}
{"cached": 30, "total": 730, "stage": "write"}
{"cached": 31, "total": 730, "stage": "write"}
{"cached": 32, "total": 730, "stage": "write"}
{"cached": 33, "total": 730, "stage": "write"}
{"cached": 34, "total": 730, "stage": "write"}
{"cached": 35, "total": 730, "stage": "write"}
{"cached": 36, "total": 730, "stage": "write"}
{"cached": 37, "total": 730, "stage": "write"}
{"cached": 38, "total": 730, "stage": "write"}
{"cached": 39, "total": 730, "stage": "write"}
{"cached": 40, "total": 730, "stage": "write"}
{"cached": 41, "total": 730, "stage": "write"}
{"cached": 42, "total": 730, "stage": "write"}
{"cached": 43, "total": 730, "stage": "write"}
{"cached": 44, "total": 730, "stage": "write"}
{"cached": 45, "total": 730, "stage": "write"}
{"cached": 46, "total": 730, "stage": "write"}
{"cached": 47, "total": 730, "stage": "write"}
{"cached": 48, "total": 730, "stage": "write"}
{"cached": 49, "total": 730, "stage": "write"}
{"cached": 50, "total": 730, "stage": "write"}
{"cached": 51, "total": 730, "stage": "write"}
{"cached": 52, "total": 730, "stage": "write"}
{"cached": 53, "total": 730, "stage": "write"}
{"cached": 54, "total": 730, "stage": "write"}
{"cached": 55, "total": 730, "stage": "write"}
{"cached": 56, "total": 730, "stage": "write"}
{"cached": 57, "total": 730, "stage": "write"}
{"cached": 58, "total": 730, "stage": "write"}
{"cached": 59, "total": 730, "stage": "write"}
{"cached": 60, "total": 730, "stage": "write"}
{"cached": 61, "total": 730, "stage": "write"}
{"cached": 62, "total": 730, "stage": "write"}
{"cached": 63, "total": 730, "stage": "write"}
{"cached": 64, "total": 730, "stage": "write"}
{"cached": 65, "total": 730, "stage": "write"}
{"cached": 66, "total": 730, "stage": "write"}
{"cached": 67, "total": 730, "stage": "write"}
{"cached": 68, "total": 730, "stage": "write"}
{"cached": 69, "total": 730, "stage": "write"}
{"cached": 70, "total": 730, "stage": "write"}
{"cached": 71, "total": 730, "stage": "write"}
{"cached": 72, "total": 730, "stage": "write"}
{"cached": 73, "total": 730, "stage": "write"}
{"cached": 74, "total": 730, "stage": "write"}
{"cached": 75, "total": 730, "stage": "write"}
{"cached": 76, "total": 730, "stage": "write"}
{"cached": 77, "total": 730, "stage": "write"}
{"cached": 78, "total": 730, "stage": "write"}
{"cached": 79, "total": 730, "stage": "write"}
{"cached": 80, "total": 730, "stage": "write"}
{"cached": 81, "total": 730, "stage": "write"}
{"cached": 82, "total": 730, "stage": "write"}
{"cached": 83, "total": 730, "stage": "write"}
{"cached": 84, "total": 730, "stage": "write"}
{"cached": 85, "total": 730, "stage": "write"}
{"cached": 86, "total": 730, "stage": "write"}
{"cached": 87, "total": 730, "stage": "write"}
{"cached": 88, "total": 730, "stage": "write"}
{"cached": 89, "total": 730, "stage": "write"}
{"cached": 90, "total": 730, "stage": "write"}
{"cached": 91, "total": 730, "stage": "write"}
{"cached": 92, "total": 730, "stage": "write"}
{"cached": 93, "total": 730, "stage": "write"}
{"cached": 94, "total": 730, "stage": "write"}
{"cached": 95, "total": 730, "stage": "write"}
{"cached": 96, "total": 730, "stage": "write"}
{"cached": 97, "total": 730, "stage": "write"}
{"cached": 98, "total": 730, "stage": "write"}
{"cached": 99, "total": 730, "stage": "write"}
{"cached": 100, "total": 730, "stage": "write"}
{"cached": 101, "total": 730, "stage": "write"}
{"cached": 102, "total": 730, "stage": "write"}
{"cached": 103, "total": 730, "stage": "write"}
{"cached": 104, "total": 730, "stage": "write"}
{"cached": 105, "total": 730, "stage": "write"}
{"cached": 106, "total": 730, "stage": "write"}
{"cached": 107, "total": 730, "stage": "write"}
{"cached": 108, "total": 730, "stage": "write"}
{"cached": 109, "total": 730, "stage": "write"}
{"cached": 110, "total": 730, "stage": "write"}
{"cached": 111, "total": 730, "stage": "write"}
{"cached": 112, "total": 730, "stage": "write"}
{"cached": 113, "total": 730, "stage": "write"}
{"cached": 114, "total": 730, "stage": "write"}
{"cached": 115, "total": 730, "stage": "write"}
{"cached": 116, "total": 730, "stage": "write"}
{"cached": 117, "total": 730, "stage": "write"}
{"cached": 118, "total": 730, "stage": "write"}
{"cached": 119, "total": 730, "stage": "write"}
{"cached": 120, "total": 730, "stage": "write"}
{"cached": 121, "total": 730, "stage": "write"}
{"cached": 122, "total": 730, "stage": "write"}
{"cached": 123, "total": 730, "stage": "write"}
{"cached": 124, "total": 730, "stage": "write"}
{"cached": 125, "total": 730, "stage": "write"}
{"cached": 126, "total": 730, "stage": "write"}
{"cached": 127, "total": 730, "stage": "write"}
{"cached": 128, "total": 730, "stage": "write"}
{"cached": 129, "total": 730, "stage": "write"}
{"cached": 130, "total": 730, "stage": "write"}
{"cached": 131, "total": 730, "stage": "write"}
{"cached": 132, "total": 730, "stage": "write"}
{"cached": 133, "total": 730, "stage": "write"}
{"cached": 134, "total": 730, "stage": "write"}
{"cached": 135, "total": 730, "stage": "write"}
{"cached": 136, "total": 730, "stage": "write"}
{"cached": 137, "total": 730, "stage": "write"}
{"cached": 138, "total": 730, "stage": "write"}
{"cached": 139, "total": 730, "stage": "write"}
{"cached": 140, "total": 730, "stage": "write"}
{"cached": 141, "total": 730, "stage": "write"}
{"cached": 142, "total": 730, "stage": "write"}
{"cached": 143, "total": 730, "stage": "write"}
{"cached": 144, "total": 730, "stage": "write"}
{"cached": 145, "total": 730, "stage": "write"}
{"cached": 146, "total": 730, "stage": "write"}
{"cached": 147, "total": 730, "stage": "write"}
{"cached": 148, "total": 730, "stage": "write"}
{"cached": 149, "total": 730, "stage": "write"}
{"cached": 150, "total": 730, "stage": "write"}
{"cached": 151, "total": 730, "stage": "write"}
{"cached": 152, "total": 730, "stage": "write"}
{"cached": 153, "total": 730, "stage": "write"}
{"cached": 154, "total": 730, "stage": "write"}
{"cached": 155, "total": 730, "stage": "write"}
{"cached": 156, "total": 730, "stage": "write"}
{"cached": 157, "total": 730, "stage": "write"}
{"cached": 158, "total": 730, "stage": "write"}
{"cached": 159, "total": 730, "stage": "write"}
{"cached": 160, "total": 730, "stage": "write"}
{"cached": 161, "total": 730, "stage": "write"}
{"cached": 162, "total": 730, "stage": "write"}
{"cached": 163, "total": 730, "stage": "write"}
{"cached": 164, "total": 730, "stage": "write"}
{"cached": 165, "total": 730, "stage": "write"}
{"cached": 166, "total": 730, "stage": "write"}
{"cached": 167, "total": 730, "stage": "write"}
{"cached": 168, "total": 730, "stage": "write"}
{"cached": 169, "total": 730, "stage": "write"}
{"cached": 170, "total": 730, "stage": "write"}
{"cached": 171, "total": 730, "stage": "write"}
{"cached": 172, "total": 730, "stage": "write"}
{"cached": 173, "total": 730, "stage": "write"}
{"cached": 174, "total": 730, "stage": "write"}
{"cached": 175, "total": 730, "stage": "write"}
{"cached": 176, "total": 730, "stage": "write"}
{"cached": 177, "total": 730, "stage": "write"}
{"cached": 178, "total": 730, "stage": "write"}
{"cached": 179, "total": 730, "stage": "write"}
{"cached": 180, "total": 730, "stage": "write"}
{"cached": 181, "total": 730, "stage": "write"}
{"cached": 182, "total": 730, "stage": "write"}
{"cached": 183, "total": 730, "stage": "write"}
{"cached": 184, "total": 730, "stage": "write"}
{"cached": 185, "total": 730, "stage": "write"}
{"cached": 186, "total": 730, "stage": "write"}
{"cached": 187, "total": 730, "stage": "write"}
{"cached": 188, "total": 730, "stage": "write"}
{"cached": 189, "total": 730, "stage": "write"}
{"cached": 190, "total": 730, "stage": "write"}
{"cached": 191, "total": 730, "stage": "write"}
{"cached": 192, "total": 730, "stage": "write"}
{"cached": 193, "total": 730, "stage": "write"}
{"cached": 194, "total": 730, "stage": "write"}
{"cached": 195, "total": 730, "stage": "write"}
{"cached": 196, "total": 730, "stage": "write"}
{"cached": 197, "total": 730, "stage": "write"}
{"cached": 198, "total": 730, "stage": "write"}
{"cached": 199, "total": 730, "stage": "write"}
{"cached": 200, "total": 730, "stage": "write"}
{"cached": 201, "total": 730, "stage": "write"}
{"cached": 202, "total": 730, "stage": "write"}
{"cached": 203, "total": 730, "stage": "write"}
{"cached": 204, "total": 730, "stage": "write"}
{"cached": 205, "total": 730, "stage": "write"}
{"cached": 206, "total": 730, "stage": "write"}
{"cached": 207, "total": 730, "stage": "write"}
{"cached": 208, "total": 730, "stage": "write"}
{"cached": 209, "total": 730, "stage": "write"}
{"cached": 210, "total": 730, "stage": "write"}
{"cached": 211, "total": 730, "stage": "write"}
{"cached": 212, "total": 730, "stage": "write"}
{"cached": 213, "total": 730, "stage": "write"}
{"cached": 214, "total": 730, "stage": "write"}
{"cached": 215, "total": 730, "stage": "write"}
{"cached": 216, "total": 730, "stage": "write"}
{"cached": 217, "total": 730, "stage": "write"}
{"cached": 218, "total": 730, "stage": "write"}
{"cached": 219, "total": 730, "stage": "write"}
{"cached": 220, "total": 730, "stage": "write"}
{"cached": 221, "total": 730, "stage": "write"}
{"cached": 222, "total": 730, "stage": "write"}
{"cached": 223, "total": 730, "stage": "write"}
{"cached": 224, "total": 730, "stage": "write"}
{"cached": 225, "total": 730, "stage": "write"}
{"cached": 226, "total": 730, "stage": "write"}
{"cached": 227, "total": 730, "stage": "write"}
{"cached": 228, "total": 730, "stage": "write"}
{"cached": 229, "total": 730, "stage": "write"}
{"cached": 230, "total": 730, "stage": "write"}
{"cached": 231, "total": 730, "stage": "write"}
{"cached": 232, "total": 730, "stage": "write"}
{"cached": 233, "total": 730, "stage": "write"}
{"cached": 234, "total": 730, "stage": "write"}
{"cached": 235, "total": 730, "stage": "write"}
{"cached": 236, "total": 730, "stage": "write"}
{"cached": 237, "total": 730, "stage": "write"}
{"cached": 238, "total": 730, "stage": "write"}
{"cached": 239, "total": 730, "stage": "write"}
{"cached": 240, "total": 730, "stage": "write"}
{"cached": 241, "total": 730, "stage": "write"}
{"cached": 242, "total": 730, "stage": "write"}
{"cached": 243, "total": 730, "stage": "write"}
{"cached": 244, "total": 730, "stage": "write"}
{"cached": 245, "total": 730, "stage": "write"}
{"cached": 246, "total": 730, "stage": "write"}
{"cached": 247, "total": 730, "stage": "write"}
{"cached": 248, "total": 730, "stage": "write"}
{"cached": 249, "total": 730, "stage": "write"}
{"cached": 250, "total": 730, "stage": "write"}
{"cached": 251, "total": 730, "stage": "write"}
{"cached": 252, "total": 730, "stage": "write"}
{"cached": 253, "total": 730, "stage": "write"}
{"cached": 254, "total": 730, "stage": "write"}
{"cached": 255, "total": 730, "stage": "write"}
{"cached": 256, "total": 730, "stage": "write"}
{"cached": 257, "total": 730, "stage": "write"}
{"cached": 258, "total": 730, "stage": "write"}
{"cached": 259, "total": 730, "stage": "write"}
{"cached": 260, "total": 730, "stage": "write"}
{"cached": 261, "total": 730, "stage": "write"}
{"cached": 262, "total": 730, "stage": "write"}
{"cached": 263, "total": 730, "stage": "write"}
{"cached": 264, "total": 730, "stage": "write"}
{"cached": 265, "total": 730, "stage": "write"}
{"cached": 266, "total": 730, "stage": "write"}
{"cached": 267, "total": 730, "stage": "write"}
{"cached": 268, "total": 730, "stage": "write"}
{"cached": 269, "total": 730, "stage": "write"}
{"cached": 270, "total": 730, "stage": "write"}
{"cached": 271, "total": 730, "stage": "write"}
{"cached": 272, "total": 730, "stage": "write"}
{"cached": 273, "total": 730, "stage": "write"}
{"cached": 274, "total": 730, "stage": "write"}
{"cached": 275, "total": 730, "stage": "write"}
{"cached": 276, "total": 730, "stage": "write"}
{"cached": 277, "total": 730, "stage": "write"}
{"cached": 278, "total": 730, "stage": "write"}
{"cached": 279, "total": 730, "stage": "write"}
{"cached": 280, "total": 730, "stage": "write"}
{"cached": 281, "total": 730, "stage": "write"}
{"cached": 282, "total": 730, "stage": "write"}
{"cached": 283, "total": 730, "stage": "write"}
{"cached": 284, "total": 730, "stage": "write"}
{"cached": 285, "total": 730, "stage": "write"}
{"cached": 286, "total": 730, "stage": "write"}
{"cached": 287, "total": 730, "stage": "write"}
{"cached": 288, "total": 730, "stage": "write"}
{"cached": 289, "total": 730, "stage": "write"}
{"cached": 290, "total": 730, "stage": "write"}
{"cached": 291, "total": 730, "stage": "write"}
{"cached": 292, "total": 730, "stage": "write"}
{"cached": 293, "total": 730, "stage": "write"}
{"cached": 294, "total": 730, "stage": "write"}
{"cached": 295, "total": 730, "stage": "write"}
{"cached": 296, "total": 730, "stage": "write"}
{"cached": 297, "total": 730, "stage": "write"}
{"cached": 298, "total": 730, "stage": "write"}
{"cached": 299, "total": 730, "stage": "write"}
{"cached": 300, "total": 730, "stage": "write"}
{"cached": 301, "total": 730, "stage": "write"}
{"cached": 302, "total": 730, "stage": "write"}
{"cached": 303, "total": 730, "stage": "write"}
{"cached": 304, "total": 730, "stage": "write"}
{"cached": 305, "total": 730, "stage": "write"}
{"cached": 306, "total": 730, "stage": "write"}
{"cached": 307, "total": 730, "stage": "write"}
{"cached": 308, "total": 730, "stage": "write"}
{"cached": 309, "total": 730, "stage": "write"}
{"cached": 310, "total": 730, "stage": "write"}
{"cached": 311, "total": 730, "stage": "write"}
{"cached": 312, "total": 730, "stage": "write"}
{"cached": 313, "total": 730, "stage": "write"}
{"cached": 314, "total": 730, "stage": "write"}
{"cached": 315, "total": 730, "stage": "write"}
{"cached": 316, "total": 730, "stage": "write"}
{"cached": 317, "total": 730, "stage": "write"}
{"cached": 318, "total": 730, "stage": "write"}
{"cached": 319, "total": 730, "stage": "write"}
{"cached": 320, "total": 730, "stage": "write"}
{"cached": 321, "total": 730, "stage": "write"}
{"cached": 322, "total": 730, "stage": "write"}
{"cached": 323, "total": 730, "stage": "write"}
{"cached": 324, "total": 730, "stage": "write"}
{"cached": 325, "total": 730, "stage": "write"}
{"cached": 326, "total": 730, "stage": "write"}
{"cached": 327, "total": 730, "stage": "write"}
{"cached": 328, "total": 730, "stage": "write"}
{"cached": 329, "total": 730, "stage": "write"}
{"cached": 330, "total": 730, "stage": "write"}
{"cached": 331, "total": 730, "stage": "write"}
{"cached": 332, "total": 730, "stage": "write"}
{"cached": 333, "total": 730, "stage": "write"}
{"cached": 334, "total": 730, "stage": "write"}
{"cached": 335, "total": 730, "stage": "write"}
{"cached": 336, "total": 730, "stage": "write"}
{"cached": 337, "total": 730, "stage": "write"}
{"cached": 338, "total": 730, "stage": "write"}
{"cached": 339, "total": 730, "stage": "write"}
{"cached": 340, "total": 730, "stage": "write"}
{"cached": 341, "total": 730, "stage": "write"}
{"cached": 342, "total": 730, "stage": "write"}
{"cached": 343, "total": 730, "stage": "write"}
{"cached": 344, "total": 730, "stage": "write"}
{"cached": 345, "total": 730, "stage": "write"}
{"cached": 346, "total": 730, "stage": "write"}
{"cached": 347, "total": 730, "stage": "write"}
{"cached": 348, "total": 730, "stage": "write"}
{"cached": 349, "total": 730, "stage": "write"}
{"cached": 350, "total": 730, "stage": "write"}
{"cached": 351, "total": 730, "stage": "write"}
{"cached": 352, "total": 730, "stage": "write"}
{"cached": 353, "total": 730, "stage": "write"}
{"cached": 354, "total": 730, "stage": "write"}
{"cached": 355, "total": 730, "stage": "write"}
{"cached": 356, "total": 730, "stage": "write"}
{"cached": 357, "total": 730, "stage": "write"}
{"cached": 358, "total": 730, "stage": "write"}
{"cached": 359, "total": 730, "stage": "write"}
{"cached": 360, "total": 730, "stage": "write"}
{"cached": 361, "total": 730, "stage": "write"}
{"cached": 362, "total": 730, "stage": "write"}
{"cached": 363, "total": 730, "stage": "write"}
{"cached": 364, "total": 730, "stage": "write"}
{"cached": 365, "total": 730, "stage": "write"}
{"cached": 366, "total": 730, "stage": "write"}
{"cached": 367, "total": 730, "stage": "write"}
{"cached": 368, "total": 730, "stage": "write"}
{"cached": 369, "total": 730, "stage": "write"}
{"cached": 370, "total": 730, "stage": "write"}
{"cached": 371, "total": 730, "stage": "write"}
{"cached": 372, "total": 730, "stage": "write"}
{"cached": 373, "total": 730, "stage": "write"}
{"cached": 374, "total": 730, "stage": "write"}
{"cached": 375, "total": 730, "stage": "write"}
{"cached": 376, "total": 730, "stage": "write"}
{"cached": 377, "total": 730, "stage": "write"}
{"cached": 378, "total": 730, "stage": "write"}
{"cached": 379, "total": 730, "stage": "write"}
{"cached": 380, "total": 730, "stage": "write"}
{"cached": 381, "total": 730, "stage": "write"}
{"cached": 382, "total": 730, "stage": "write"}
{"cached": 383, "total": 730, "stage": "write"}
{"cached": 384, "total": 730, "stage": "write"}
{"cached": 385, "total": 730, "stage": "write"}
{"cached": 386, "total": 730, "stage": "write"}
{"cached": 387, "total": 730, "stage": "write"}
{"cached": 388, "total": 730, "stage": "write"}
{"cached": 389, "total": 730, "stage": "write"}
{"cached": 390, "total": 730, "stage": "write"}
{"cached": 391, "total": 730, "stage": "write"}
{"cached": 392, "total": 730, "stage": "write"}
{"cached": 393, "total": 730, "stage": "write"}
{"cached": 394, "total": 730, "stage": "write"}
{"cached": 395, "total": 730, "stage": "write"}
{"cached": 396, "total": 730, "stage": "write"}
{"cached": 397, "total": 730, "stage": "write"}
{"cached": 398, "total": 730, "stage": "write"}
{"cached": 399, "total": 730, "stage": "write"}
{"cached": 400, "total": 730, "stage": "write"}
{"cached": 401, "total": 730, "stage": "write"}
{"cached": 402, "total": 730, "stage": "write"}
{"cached": 403, "total": 730, "stage": "write"}
{"cached": 404, "total": 730, "stage": "write"}
{"cached": 405, "total": 730, "stage": "write"}
{"cached": 406, "total": 730, "stage": "write"}
{"cached": 407, "total": 730, "stage": "write"}
{"cached": 408, "total": 730, "stage": "write"}
{"cached": 409, "total": 730, "stage": "write"}
{"cached": 410, "total": 730, "stage": "write"}
{"cached": 411, "total": 730, "stage": "write"}
{"cached": 412, "total": 730, "stage": "write"}
{"cached": 413, "total": 730, "stage": "write"}
{"cached": 414, "total": 730, "stage": "write"}
{"cached": 415, "total": 730, "stage": "write"}
{"cached": 416, "total": 730, "stage": "write"}
{"cached": 417, "total": 730, "stage": "write"}
{"cached": 418, "total": 730, "stage": "write"}
{"cached": 419, "total": 730, "stage": "write"}
{"cached": 420, "total": 730, "stage": "write"}
{"cached": 421, "total": 730, "stage": "write"}
{"cached": 422, "total": 730, "stage": "write"}
{"cached": 423, "total": 730, "stage": "write"}
{"cached": 424, "total": 730, "stage": "write"}
{"cached": 425, "total": 730, "stage": "write"}
{"cached": 426, "total": 730, "stage": "write"}
{"cached": 427, "total": 730, "stage": "write"}
{"cached": 428, "total": 730, "stage": "write"}
{"cached": 429, "total": 730, "stage": "write"}
{"cached": 430, "total": 730, "stage": "write"}
{"cached": 431, "total": 730, "stage": "write"}
{"cached": 432, "total": 730, "stage": "write"}
{"cached": 433, "total": 730, "stage": "write"}
{"cached": 434, "total": 730, "stage": "write"}
{"cached": 435, "total": 730, "stage": "write"}
{"cached": 436, "total": 730, "stage": "write"}
{"cached": 437, "total": 730, "stage": "write"}
{"cached": 438, "total": 730, "stage": "write"}
{"cached": 439, "total": 730, "stage": "write"}
{"cached": 440, "total": 730, "stage": "write"}
{"cached": 441, "total": 730, "stage": "write"}
{"cached": 442, "total": 730, "stage": "write"}
{"cached": 443, "total": 730, "stage": "write"}
{"cached": 444, "total": 730, "stage": "write"}
{"cached": 445, "total": 730, "stage": "write"}
{"cached": 446, "total": 730, "stage": "write"}
{"cached": 447, "total": 730, "stage": "write"}
{"cached": 448, "total": 730, "stage": "write"}
{"cached": 449, "total": 730, "stage": "write"}
{"cached": 450, "total": 730, "stage": "write"}
{"cached": 451, "total": 730, "stage": "write"}
{"cached": 452, "total": 730, "stage": "write"}
{"cached": 453, "total": 730, "stage": "write"}
{"cached": 454, "total": 730, "stage": "write"}
{"cached": 455, "total": 730, "stage": "write"}
{"cached": 456, "total": 730, "stage": "write"}
{"cached": 457, "total": 730, "stage": "write"}
{"cached": 458, "total": 730, "stage": "write"}
{"cached": 459, "total": 730, "stage": "write"}
{"cached": 460, "total": 730, "stage": "write"}
{"cached": 461, "total": 730, "stage": "write"}
{"cached": 462, "total": 730, "stage": "write"}
{"cached": 463, "total": 730, "stage": "write"}
{"cached": 464, "total": 730, "stage": "write"}
{"cached": 465, "total": 730, "stage": "write"}
{"cached": 466, "total": 730, "stage": "write"}
{"cached": 467, "total": 730, "stage": "write"}
{"cached": 468, "total": 730, "stage": "write"}
{"cached": 469, "total": 730, "stage": "write"}
{"cached": 470, "total": 730, "stage": "write"}
{"cached": 471, "total": 730, "stage": "write"}
{"cached": 472, "total": 730, "stage": "write"}
{"cached": 473, "total": 730, "stage": "write"}
{"cached": 474, "total": 730, "stage": "write"}
{"cached": 475, "total": 730, "stage": "write"}
{"cached": 476, "total": 730, "stage": "write"}
{"cached": 477, "total": 730, "stage": "write"}
{"cached": 478, "total": 730, "stage": "write"}
{"cached": 479, "total": 730, "stage": "write"}
{"cached": 480, "total": 730, "stage": "write"}
{"cached": 481, "total": 730, "stage": "write"}
{"cached": 482, "total": 730, "stage": "write"}
{"cached": 483, "total": 730, "stage": "write"}
{"cached": 484, "total": 730, "stage": "write"}
{"cached": 485, "total": 730, "stage": "write"}
{"cached": 486, "total": 730, "stage": "write"}
{"cached": 487, "total": 730, "stage": "write"}
{"cached": 488, "total": 730, "stage": "write"}
{"cached": 489, "total": 730, "stage": "write"}
{"cached": 490, "total": 730, "stage": "write"}
{"cached": 491, "total": 730, "stage": "write"}
{"cached": 492, "total": 730, "stage": "write"}
{"cached": 493, "total": 730, "stage": "write"}
{"cached": 494, "total": 730, "stage": "write"}
{"cached": 495, "total": 730, "stage": "write"}
{"cached": 496, "total": 730, "stage": "write"}
{"cached": 497, "total": 730, "stage": "write"}
{"cached": 498, "total": 730, "stage": "write"}
{"cached": 499, "total": 730, "stage": "write"}
{"cached": 500, "total": 730, "stage": "write"}
{"cached": 501, "total": 730, "stage": "write"}
{"cached": 502, "total": 730, "stage": "write"}
{"cached": 503, "total": 730, "stage": "write"}
{"cached": 504, "total": 730, "stage": "write"}
{"cached": 505, "total": 730, "stage": "write"}
{"cached": 506, "total": 730, "stage": "write"}
{"cached": 507, "total": 730, "stage": "write"}
{"cached": 508, "total": 730, "stage": "write"}
{"cached": 509, "total": 730, "stage": "write"}
{"cached": 510, "total": 730, "stage": "write"}
{"cached": 511, "total": 730, "stage": "write"}
{"cached": 512, "total": 730, "stage": "write"}
{"cached": 513, "total": 730, "stage": "write"}
{"cached": 514, "total": 730, "stage": "write"}
{"cached": 515, "total": 730, "stage": "write"}
{"cached": 516, "total": 730, "stage": "write"}
{"cached": 517, "total": 730, "stage": "write"}
{"cached": 518, "total": 730, "stage": "write"}
{"cached": 519, "total": 730, "stage": "write"}
{"cached": 520, "total": 730, "stage": "write"}
{"cached": 521, "total": 730, "stage": "write"}
{"cached": 522, "total": 730, "stage": "write"}
{"cached": 523, "total": 730, "stage": "write"}
{"cached": 524, "total": 730, "stage": "write"}
{"cached": 525, "total": 730, "stage": "write"}
{"cached": 526, "total": 730, "stage": "write"}
{"cached": 527, "total": 730, "stage": "write"}
{"cached": 528, "total": 730, "stage": "write"}
{"cached": 529, "total": 730, "stage": "write"}
{"cached": 530, "total": 730, "stage": "write"}
{"cached": 531, "total": 730, "stage": "write"}
{"cached": 532, "total": 730, "stage": "write"}
{"cached": 533, "total": 730, "stage": "write"}
{"cached": 534, "total": 730, "stage": "write"}
{"cached": 535, "total": 730, "stage": "write"}
{"cached": 536, "total": 730, "stage": "write"}
{"cached": 537, "total": 730, "stage": "write"}
{"cached": 538, "total": 730, "stage": "write"}
{"cached": 539, "total": 730, "stage": "write"}
{"cached": 540, "total": 730, "stage": "write"}
{"cached": 541, "total": 730, "stage": "write"}
{"cached": 542, "total": 730, "stage": "write"}
{"cached": 543, "total": 730, "stage": "write"}
{"cached": 544, "total": 730, "stage": "write"}
{"cached": 545, "total": 730, "stage": "write"}
{"cached": 546, "total": 730, "stage": "write"}
{"cached": 547, "total": 730, "stage": "write"}
{"cached": 548, "total": 730, "stage": "write"}
{"cached": 549, "total": 730, "stage": "write"}
{"cached": 550, "total": 730, "stage": "write"}
{"cached": 551, "total": 730, "stage": "write"}
{"cached": 552, "total": 730, "stage": "write"}
{"cached": 553, "total": 730, "stage": "write"}
{"cached": 554, "total": 730, "stage": "write"}
{"cached": 555, "total": 730, "stage": "write"}
{"cached": 556, "total": 730, "stage": "write"}
{"cached": 557, "total": 730, "stage": "write"}
{"cached": 558, "total": 730, "stage": "write"}
{"cached": 559, "total": 730, "stage": "write"}
{"cached": 560, "total": 730, "stage": "write"}
{"cached": 561, "total": 730, "stage": "write"}
{"cached": 562, "total": 730, "stage": "write"}
{"cached": 563, "total": 730, "stage": "write"}
{"cached": 564, "total": 730, "stage": "write"}
{"cached": 565, "total": 730, "stage": "write"}
{"cached": 566, "total": 730, "stage": "write"}
{"cached": 567, "total": 730, "stage": "write"}
{"cached": 568, "total": 730, "stage": "write"}
{"cached": 569, "total": 730, "stage": "write"}
{"cached": 570, "total": 730, "stage": "write"}
{"cached": 571, "total": 730, "stage": "write"}
{"cached": 572, "total": 730, "stage": "write"}
{"cached": 573, "total": 730, "stage": "write"}
{"cached": 574, "total": 730, "stage": "write"}
{"cached": 575, "total": 730, "stage": "write"}
{"cached": 576, "total": 730, "stage": "write"}
{"cached": 577, "total": 730, "stage": "write"}
{"cached": 578, "total": 730, "stage": "write"}
{"cached": 579, "total": 730, "stage": "write"}
{"cached": 580, "total": 730, "stage": "write"}
{"cached": 581, "total": 730, "stage": "write"}
{"cached": 582, "total": 730, "stage": "write"}
{"cached": 583, "total": 730, "stage": "write"}
{"cached": 584, "total": 730, "stage": "write"}
{"cached": 585, "total": 730, "stage": "write"}
{"cached": 586, "total": 730, "stage": "write"}
{"cached": 587, "total": 730, "stage": "write"}
{"cached": 588, "total": 730, "stage": "write"}
{"cached": 589, "total": 730, "stage": "write"}
{"cached": 590, "total": 730, "stage": "write"}
{"cached": 591, "total": 730, "stage": "write"}
{"cached": 592, "total": 730, "stage": "write"}
{"cached": 593, "total": 730, "stage": "write"}
{"cached": 594, "total": 730, "stage": "write"}
{"cached": 595, "total": 730, "stage": "write"}
{"cached": 596, "total": 730, "stage": "write"}
{"cached": 597, "total": 730, "stage": "write"}
{"cached": 598, "total": 730, "stage": "write"}
{"cached": 599, "total": 730, "stage": "write"}
{"cached": 600, "total": 730, "stage": "write"}
{"cached": 601, "total": 730, "stage": "write"}
{"cached": 602, "total": 730, "stage": "write"}
{"cached": 603, "total": 730, "stage": "write"}
{"cached": 604, "total": 730, "stage": "write"}
{"cached": 605, "total": 730, "stage": "write"}
{"cached": 606, "total": 730, "stage": "write"}
{"cached": 607, "total": 730, "stage": "write"}
{"cached": 608, "total": 730, "stage": "write"}
{"cached": 609, "total": 730, "stage": "write"}
{"cached": 610, "total": 730, "stage": "write"}
{"cached": 611, "total": 730, "stage": "write"}
{"cached": 612, "total": 730, "stage": "write"}
{"cached": 613, "total": 730, "stage": "write"}
{"cached": 614, "total": 730, "stage": "write"}
{"cached": 615, "total": 730, "stage": "write"}
{"cached": 616, "total": 730, "stage": "write"}
{"cached": 617, "total": 730, "stage": "write"}
{"cached": 618, "total": 730, "stage": "write"}
{"cached": 619, "total": 730, "stage": "write"}
{"cached": 620, "total": 730, "stage": "write"}
{"cached": 621, "total": 730, "stage": "write"}
{"cached": 622, "total": 730, "stage": "write"}
{"cached": 623, "total": 730, "stage": "write"}
{"cached": 624, "total": 730, "stage": "write"}
{"cached": 625, "total": 730, "stage": "write"}
{"cached": 626, "total": 730, "stage": "write"}
{"cached": 627, "total": 730, "stage": "write"}
{"cached": 628, "total": 730, "stage": "write"}
{"cached": 629, "total": 730, "stage": "write"}
{"cached": 630, "total": 730, "stage": "write"}
{"cached": 631, "total": 730, "stage": "write"}
{"cached": 632, "total": 730, "stage": "write"}
{"cached": 633, "total": 730, "stage": "write"}
{"cached": 634, "total": 730, "stage": "write"}
{"cached": 635, "total": 730, "stage": "write"}
{"cached": 636, "total": 730, "stage": "write"}
{"cached": 637, "total": 730, "stage": "write"}
{"cached": 638, "total": 730, "stage": "write"}
{"cached": 639, "total": 730, "stage": "write"}
{"cached": 640, "total": 730, "stage": "write"}
{"cached": 641, "total": 730, "stage": "write"}
{"cached": 642, "total": 730, "stage": "write"}
{"cached": 643, "total": 730, "stage": "write"}
{"cached": 644, "total": 730, "stage": "write"}
{"cached": 645, "total": 730, "stage": "write"}
{"cached": 646, "total": 730, "stage": "write"}
{"cached": 647, "total": 730, "stage": "write"}
{"cached": 648, "total": 730, "stage": "write"}
{"cached": 649, "total": 730, "stage": "write"}
{"cached": 650, "total": 730, "stage": "write"}
{"cached": 651, "total": 730, "stage": "write"}
{"cached": 652, "total": 730, "stage": "write"}
{"cached": 653, "total": 730, "stage": "write"}
{"cached": 654, "total": 730, "stage": "write"}
{"cached": 655, "total": 730, "stage": "write"}
{"cached": 656, "total": 730, "stage": "write"}
{"cached": 657, "total": 730, "stage": "write"}
{"cached": 658, "total": 730, "stage": "write"}
{"cached": 659, "total": 730, "stage": "write"}
{"cached": 660, "total": 730, "stage": "write"}
{"cached": 661, "total": 730, "stage": "write"}
{"cached": 662, "total": 730, "stage": "write"}
{"cached": 663, "total": 730, "stage": "write"}
{"cached": 664, "total": 730, "stage": "write"}
{"cached": 665, "total": 730, "stage": "write"}
{"cached": 666, "total": 730, "stage": "write"}
{"cached": 667, "total": 730, "stage": "write"}
{"cached": 668, "total": 730, "stage": "write"}
{"cached": 669, "total": 730, "stage": "write"}
{"cached": 670, "total": 730, "stage": "write"}
{"cached": 671, "total": 730, "stage": "write"}
{"cached": 672, "total": 730, "stage": "write"}
{"cached": 673, "total": 730, "stage": "write"}
{"cached": 674, "total": 730, "stage": "write"}
{"cached": 675, "total": 730, "stage": "write"}
{"cached": 676, "total": 730, "stage": "write"}
{"cached": 677, "total": 730, "stage": "write"}
{"cached": 678, "total": 730, "stage": "write"}
{"cached": 679, "total": 730, "stage": "write"}
{"cached": 680, "total": 730, "stage": "write"}
{"cached": 681, "total": 730, "stage": "write"}
{"cached": 682, "total": 730, "stage": "write"}
{"cached": 683, "total": 730, "stage": "write"}
{"cached": 684, "total": 730, "stage": "write"}
{"cached": 685, "total": 730, "stage": "write"}
{"cached": 686, "total": 730, "stage": "write"}
{"cached": 687, "total": 730, "stage": "write"}
{"cached": 688, "total": 730, "stage": "write"}
{"cached": 689, "total": 730, "stage": "write"}
{"cached": 690, "total": 730, "stage": "write"}
{"cached": 691, "total": 730, "stage": "write"}
{"cached": 692, "total": 730, "stage": "write"}
{"cached": 693, "total": 730, "stage": "write"}
{"cached": 694, "total": 730, "stage": "write"}
{"cached": 695, "total": 730, "stage": "write"}
{"cached": 696, "total": 730, "stage": "write"}
{"cached": 697, "total": 730, "stage": "write"}
{"cached": 698, "total": 730, "stage": "write"}
{"cached": 699, "total": 730, "stage": "write"}
{"cached": 700, "total": 730, "stage": "write"}
{"cached": 701, "total": 730, "stage": "write"}
{"cached": 702, "total": 730, "stage": "write"}
{"cached": 703, "total": 730, "stage": "write"}
{"cached": 704, "total": 730, "stage": "write"}
{"cached": 705, "total": 730, "stage": "write"}
{"cached": 706, "total": 730, "stage": "write"}
{"cached": 707, "total": 730, "stage": "write"}
{"cached": 708, "total": 730, "stage": "write"}
{"cached": 709, "total": 730, "stage": "write"}
{"cached": 710, "total": 730, "stage": "write"}
{"cached": 711, "total": 730, "stage": "write"}
{"cached": 712, "total": 730, "stage": "write"}
{"cached": 713, "total": 730, "stage": "write"}
{"cached": 714, "total": 730, "stage": "write"}
{"cached": 715, "total": 730, "stage": "write"}
{"cached": 716, "total": 730, "stage": "write"}
{"cached": 717, "total": 730, "stage": "write"}
{"cached": 718, "total": 730, "stage": "write"}
{"cached": 719, "total": 730, "stage": "write"}
{"cached": 720, "total": 730, "stage": "write"}
{"cached": 721, "total": 730, "stage": "write"}
{"cached": 722, "total": 730, "stage": "write"}
{"cached": 723, "total": 730, "stage": "write"}
{"cached": 724, "total": 730, "stage": "write"}
{"cached": 725, "total": 730, "stage": "write"}
{"cached": 726, "total": 730, "stage": "write"}
{"cached": 727, "total": 730, "stage": "write"}
{"cached": 728, "total": 730, "stage": "write"}
{"cached": 729, "total": 730, "stage": "write"}
{"cached": 730, "total": 730, "stage": "write"}
{"resumed_at": 89728, "next_step": 89729, "final_step": 93440, "optimizer_states": 1075}
{"step": 89760, "mse": 0.23426078574266285, "seconds": 47.945327032357454}
{"step": 89792, "mse": 0.21856085304170847, "seconds": 95.69836330600083}
