epoch_zero,left_segment_id,right_segment_id,first_optimizer_step_zero,second_optimizer_step_zero,optimizer_step_lag,same_optimizer_update
0,r5-f1-01b355775f2293b3ee1364b8,r5-f1-5c346dd9cec6ff67cc2a65de,30,35,5,False
0,r5-f1-021f03f1caf81b5e7b4e0920,r5-f1-83ac1d4a97bc2845e64596ab,14,15,1,False
0,r5-f1-05c2d8fed07d2996eea98947,r5-f1-fb2fd685d93a8e5350209fe8,27,34,7,False
0,r5-f1-072c39f4b8f288d57977e728,r5-f1-d463ffd94aae21470865802f,2,11,9,False
0,r5-f1-081c8e4b441012fd60db6ffe,r5-f1-9dd1420e88d6e1aa0115e74e,18,32,14,False
0,r5-f1-0d7f93d677ecae4c0ec37117,r5-f1-74bd80f2dff32f9fd1ee2f05,16,25,9,False
0,r5-f1-0e1c4b16ee27b5e02fcf1570,r5-f1-45f9baf8b494b40958de6249,20,22,2,False
0,r5-f1-12ec8264f1d798a20c8472ea,r5-f1-56bd5df46af93b8ef534ad9d,21,25,4,False
0,r5-f1-140b51f700eef3b9720a28c7,r5-f1-8b1ca5fb3df0743f8a5d2031,23,30,7,False
0,r5-f1-14592ad3fb277d902fcca8a4,r5-f1-c4ab86140291c3379237f3c6,15,28,13,False
0,r5-f1-17676cb8c65e947d9311466c,r5-f1-3ce5098afba99ac89b520439,8,22,14,False
0,r5-f1-1bd0b8bb497d87746752f61f,r5-f1-33d8225a9aa06186a07bcb81,28,29,1,False
0,r5-f1-1c05cb63b8fa86864476c790,r5-f1-753ac65796df96e3fa0dcd28,13,20,7,False
0,r5-f1-20081323b12313d0072a7558,r5-f1-68d84a588a2d97d510b9a798,5,24,19,False
0,r5-f1-213f6964c85dc869bfbc8e29,r5-f1-95b980071b480fd75474c504,18,22,4,False
0,r5-f1-2147d221d19787de20e29742,r5-f1-5fd7690662a56145be3a1b69,0,33,33,False
0,r5-f1-2209d0e463a55c60f24d2bfd,r5-f1-e6a3829cabd0249e46ded6fb,27,35,8,False
0,r5-f1-2d7ae5c0099ef1115cf9f49a,r5-f1-631687bae6a2a482c1b3467b,0,34,34,False
0,r5-f1-2f1f5522e8d48066aac367d3,r5-f1-f8c8b2629e7b13eb61c9d81e,13,19,6,False
0,r5-f1-3017647d3ea4dc9401adaf52,r5-f1-8d011739799631b71397985a,17,29,12,False
0,r5-f1-30d977225541ff1a4a549b3a,r5-f1-cca1530b46be3dd4d215ac9c,14,29,15,False
0,r5-f1-346838407cd512cc36b86a9f,r5-f1-384d4e783ac18f38d095fa6e,1,14,13,False
0,r5-f1-34d7dd11544b6dc87eb38bc0,r5-f1-7cc24d6be18b764c0c76a497,20,28,8,False
0,r5-f1-35d192def35747e67a3ea4bb,r5-f1-5b1d1399ad42dbda18fd62f4,13,35,22,False
0,r5-f1-35e06a6dbda44ebe51cadbbe,r5-f1-d8ee7108e6ed2dcfff764999,6,22,16,False
0,r5-f1-36c43a561be78681da35b3dd,r5-f1-883da7d6d35d9501a32a56c0,16,25,9,False
0,r5-f1-3d453f1453f64f70f9e9db5e,r5-f1-c7d613dd83014711dfe30d19,1,7,6,False
0,r5-f1-3d698dcc509fc631398f092d,r5-f1-e29eb97b70aaf293eeff3460,10,28,18,False
0,r5-f1-3e1835364efa0cd70eac8440,r5-f1-e53d27897f2b54b319359276,20,21,1,False
0,r5-f1-4064f2111ade33c872dddebb,r5-f1-8a99660c10ca49b3ea406d3a,31,32,1,False
0,r5-f1-41e9c948500eca6be7d91b52,r5-f1-dfc1a5170b311824b4d300ee,1,7,6,False
0,r5-f1-424ad895f87caef3551f0413,r5-f1-a5956cf71dc55f0b13dc6bcd,9,31,22,False
0,r5-f1-42bcd10207498d81228ee876,r5-f1-c33bda226b9dbfc0e3534b21,3,19,16,False
0,r5-f1-43d80123c368360fd146bbad,r5-f1-93bc6cd81b8e9c116cd78963,26,31,5,False
0,r5-f1-449082cbacc6b0b2df6b852f,r5-f1-ec24766b2964895b1e852dcf,21,32,11,False
0,r5-f1-46ca7e059c993e52aa2b696b,r5-f1-6389741841a6424240f2518f,26,27,1,False
0,r5-f1-484ccb5a8904c06ecb1eac33,r5-f1-abc0d8bc8badced6be8c2145,8,19,11,False
0,r5-f1-4c165001a3383e566579ad5b,r5-f1-aa1db5f9f2f6d628fe566631,6,8,2,False
0,r5-f1-4dc8aa1a120bbc32912d380e,r5-f1-8cb46f3d2238e81eb01d280c,19,26,7,False
0,r5-f1-51b98737a31bc79debbbfa14,r5-f1-c25660d46a0474e9b149d7ea,1,18,17,False
0,r5-f1-533c9a69b6238d710eabce91,r5-f1-ccfe0f67bd23dcb77ca62be7,7,12,5,False
0,r5-f1-54e337479077092c43e9373c,r5-f1-d3e01ada2aa733e5e0d6dfd8,2,27,25,False
0,r5-f1-5b88de40cf368cfe44843a1e,r5-f1-b5b521cbaa21cde776509fcd,11,24,13,False
0,r5-f1-5e4a2f47c8c40a725de2d246,r5-f1-d5a1e49631ce5b003b2e4a38,3,33,30,False
0,r5-f1-5f828a137a622871abcb86c7,r5-f1-c4577184ceeecd7502540cd3,4,24,20,False
0,r5-f1-60cdf979d89056f9382a846b,r5-f1-f048b20b5fd8c992c80f6732,7,23,16,False
0,r5-f1-6326749e86f5b189fc0e8433,r5-f1-f26c34b2d8b52e2cb8fbbbf6,9,12,3,False
0,r5-f1-633a38dfec01bdf942d94a18,r5-f1-7cbccd51bc7fc9dd0ffbc1d9,0,23,23,False
0,r5-f1-64efda09ee23454ef6fc4ea0,r5-f1-9791bc14ea20d25013131014,0,23,23,False
0,r5-f1-6c79a35c4220624067f86b80,r5-f1-da55951d31390d807d7d1725,9,34,25,False
0,r5-f1-720bb6d0cb4b78b9ffeb03a4,r5-f1-9e4eb2e6a343877e7cadf273,8,30,22,False
0,r5-f1-75b0f8cbaa9c3b464b678254,r5-f1-a73cccc1ce0baf4c400e2f82,2,17,15,False
0,r5-f1-7692b4c408bd859d83c37780,r5-f1-8314892e9ca8c8f4ff0220a7,17,31,14,False
0,r5-f1-78188385de6e2de136e13d33,r5-f1-94800f8cbff36e8722e36eb7,10,21,11,False
0,r5-f1-78703e27d1df172502650dc2,r5-f1-a96887b45ab5b4e57e4981ef,16,18,2,False
0,r5-f1-7d9fd9ab713cd0e8b1cce098,r5-f1-ae6f6609b2c760c468328003,9,30,21,False
0,r5-f1-850920fa10f9b9ba8843af7a,r5-f1-e714849831367e291c12986a,2,15,13,False
0,r5-f1-91af04efffefc50ce23cf297,r5-f1-bc613f63abcc1aef8fa11d83,15,16,1,False
0,r5-f1-93bdeada4e43e5a0dbafb6fe,r5-f1-f6518d584b598cd5c753e975,4,10,6,False
0,r5-f1-95baedc4243946fc23378121,r5-f1-ee59008270e04ddeb87f5940,4,24,20,False
0,r5-f1-96464e790b9333aa03c28b88,r5-f1-a28f658e0ad94927973a73dd,26,33,7,False
0,r5-f1-96bcc926cff67fb7265839f7,r5-f1-ecbdbfd182fdb8074ad5ef83,5,29,24,False
0,r5-f1-96dc56f89876a43a90f81ae8,r5-f1-e1ce38eb4734b02d744305a8,5,11,6,False
0,r5-f1-ad8646bcd13cb593285eabf2,r5-f1-e49baae09180e3649c380781,5,32,27,False
0,r5-f1-b502b62b5999cb6f2f46fde2,r5-f1-e233f959cfe5f94e7640a385,3,4,1,False
0,r5-f1-bc1bb47a4293aeda2703a38f,r5-f1-e7aff71e10e7b26122d32b72,17,34,17,False
0,r5-f1-bf42263e35b144aea3a125dd,r5-f1-e5af5cacf6dff47c97228615,3,10,7,False
0,r5-f1-bf9875c83a8844f910b65953,r5-f1-dac7055b419c0ee6030f9b80,6,11,5,False
0,r5-f1-c0187dbd694866e9a30a5a79,r5-f1-fce2c84e8e18a3277fc8a3da,25,35,10,False
0,r5-f1-c8aa69e9e27b9f54b146d2e2,r5-f1-fe2d363ab91f04f8406a2ca7,13,33,20,False
0,r5-f1-e8d6bec744f8d61e31dadcd7,r5-f1-efc5731ec7a8e9343621fbd7,12,12,0,True
0,r5-f1-ecf4946e7096b0f851fa9165,r5-f1-f79bcda9f779fd7ae1e9cad1,6,14,8,False
1,r5-f1-01b355775f2293b3ee1364b8,r5-f1-5c346dd9cec6ff67cc2a65de,43,50,7,False
1,r5-f1-021f03f1caf81b5e7b4e0920,r5-f1-83ac1d4a97bc2845e64596ab,50,55,5,False
1,r5-f1-05c2d8fed07d2996eea98947,r5-f1-fb2fd685d93a8e5350209fe8,56,69,13,False
1,r5-f1-072c39f4b8f288d57977e728,r5-f1-d463ffd94aae21470865802f,46,62,16,False
1,r5-f1-081c8e4b441012fd60db6ffe,r5-f1-9dd1420e88d6e1aa0115e74e,59,69,10,False
1,r5-f1-0d7f93d677ecae4c0ec37117,r5-f1-74bd80f2dff32f9fd1ee2f05,67,71,4,False
1,r5-f1-0e1c4b16ee27b5e02fcf1570,r5-f1-45f9baf8b494b40958de6249,51,70,19,False
1,r5-f1-12ec8264f1d798a20c8472ea,r5-f1-56bd5df46af93b8ef534ad9d,41,68,27,False
1,r5-f1-140b51f700eef3b9720a28c7,r5-f1-8b1ca5fb3df0743f8a5d2031,45,50,5,False
1,r5-f1-14592ad3fb277d902fcca8a4,r5-f1-c4ab86140291c3379237f3c6,46,61,15,False
1,r5-f1-17676cb8c65e947d9311466c,r5-f1-3ce5098afba99ac89b520439,42,43,1,False
1,r5-f1-1bd0b8bb497d87746752f61f,r5-f1-33d8225a9aa06186a07bcb81,56,66,10,False
1,r5-f1-1c05cb63b8fa86864476c790,r5-f1-753ac65796df96e3fa0dcd28,57,64,7,False
1,r5-f1-20081323b12313d0072a7558,r5-f1-68d84a588a2d97d510b9a798,41,66,25,False
1,r5-f1-213f6964c85dc869bfbc8e29,r5-f1-95b980071b480fd75474c504,44,71,27,False
1,r5-f1-2147d221d19787de20e29742,r5-f1-5fd7690662a56145be3a1b69,38,55,17,False
1,r5-f1-2209d0e463a55c60f24d2bfd,r5-f1-e6a3829cabd0249e46ded6fb,54,60,6,False
1,r5-f1-2d7ae5c0099ef1115cf9f49a,r5-f1-631687bae6a2a482c1b3467b,44,47,3,False
1,r5-f1-2f1f5522e8d48066aac367d3,r5-f1-f8c8b2629e7b13eb61c9d81e,39,45,6,False
1,r5-f1-3017647d3ea4dc9401adaf52,r5-f1-8d011739799631b71397985a,36,53,17,False
1,r5-f1-30d977225541ff1a4a549b3a,r5-f1-cca1530b46be3dd4d215ac9c,63,65,2,False
1,r5-f1-346838407cd512cc36b86a9f,r5-f1-384d4e783ac18f38d095fa6e,68,69,1,False
1,r5-f1-34d7dd11544b6dc87eb38bc0,r5-f1-7cc24d6be18b764c0c76a497,60,61,1,False
1,r5-f1-35d192def35747e67a3ea4bb,r5-f1-5b1d1399ad42dbda18fd62f4,53,71,18,False
1,r5-f1-35e06a6dbda44ebe51cadbbe,r5-f1-d8ee7108e6ed2dcfff764999,36,37,1,False
1,r5-f1-36c43a561be78681da35b3dd,r5-f1-883da7d6d35d9501a32a56c0,62,67,5,False
1,r5-f1-3d453f1453f64f70f9e9db5e,r5-f1-c7d613dd83014711dfe30d19,47,67,20,False
1,r5-f1-3d698dcc509fc631398f092d,r5-f1-e29eb97b70aaf293eeff3460,36,70,34,False
1,r5-f1-3e1835364efa0cd70eac8440,r5-f1-e53d27897f2b54b319359276,53,64,11,False
1,r5-f1-4064f2111ade33c872dddebb,r5-f1-8a99660c10ca49b3ea406d3a,45,71,26,False
1,r5-f1-41e9c948500eca6be7d91b52,r5-f1-dfc1a5170b311824b4d300ee,45,64,19,False
1,r5-f1-424ad895f87caef3551f0413,r5-f1-a5956cf71dc55f0b13dc6bcd,53,61,8,False
1,r5-f1-42bcd10207498d81228ee876,r5-f1-c33bda226b9dbfc0e3534b21,40,51,11,False
1,r5-f1-43d80123c368360fd146bbad,r5-f1-93bc6cd81b8e9c116cd78963,42,67,25,False
1,r5-f1-449082cbacc6b0b2df6b852f,r5-f1-ec24766b2964895b1e852dcf,46,68,22,False
1,r5-f1-46ca7e059c993e52aa2b696b,r5-f1-6389741841a6424240f2518f,38,39,1,False
1,r5-f1-484ccb5a8904c06ecb1eac33,r5-f1-abc0d8bc8badced6be8c2145,39,52,13,False
1,r5-f1-4c165001a3383e566579ad5b,r5-f1-aa1db5f9f2f6d628fe566631,48,64,16,False
1,r5-f1-4dc8aa1a120bbc32912d380e,r5-f1-8cb46f3d2238e81eb01d280c,39,48,9,False
1,r5-f1-51b98737a31bc79debbbfa14,r5-f1-c25660d46a0474e9b149d7ea,40,49,9,False
1,r5-f1-533c9a69b6238d710eabce91,r5-f1-ccfe0f67bd23dcb77ca62be7,62,65,3,False
1,r5-f1-54e337479077092c43e9373c,r5-f1-d3e01ada2aa733e5e0d6dfd8,52,56,4,False
1,r5-f1-5b88de40cf368cfe44843a1e,r5-f1-b5b521cbaa21cde776509fcd,43,70,27,False
1,r5-f1-5e4a2f47c8c40a725de2d246,r5-f1-d5a1e49631ce5b003b2e4a38,37,65,28,False
1,r5-f1-5f828a137a622871abcb86c7,r5-f1-c4577184ceeecd7502540cd3,60,66,6,False
1,r5-f1-60cdf979d89056f9382a846b,r5-f1-f048b20b5fd8c992c80f6732,54,55,1,False
1,r5-f1-6326749e86f5b189fc0e8433,r5-f1-f26c34b2d8b52e2cb8fbbbf6,40,41,1,False
1,r5-f1-633a38dfec01bdf942d94a18,r5-f1-7cbccd51bc7fc9dd0ffbc1d9,49,63,14,False
1,r5-f1-64efda09ee23454ef6fc4ea0,r5-f1-9791bc14ea20d25013131014,47,65,18,False
1,r5-f1-6c79a35c4220624067f86b80,r5-f1-da55951d31390d807d7d1725,42,63,21,False
1,r5-f1-720bb6d0cb4b78b9ffeb03a4,r5-f1-9e4eb2e6a343877e7cadf273,48,49,1,False
1,r5-f1-75b0f8cbaa9c3b464b678254,r5-f1-a73cccc1ce0baf4c400e2f82,36,57,21,False
1,r5-f1-7692b4c408bd859d83c37780,r5-f1-8314892e9ca8c8f4ff0220a7,40,58,18,False
1,r5-f1-78188385de6e2de136e13d33,r5-f1-94800f8cbff36e8722e36eb7,52,61,9,False
1,r5-f1-78703e27d1df172502650dc2,r5-f1-a96887b45ab5b4e57e4981ef,51,69,18,False
1,r5-f1-7d9fd9ab713cd0e8b1cce098,r5-f1-ae6f6609b2c760c468328003,57,59,2,False
1,r5-f1-850920fa10f9b9ba8843af7a,r5-f1-e714849831367e291c12986a,50,54,4,False
1,r5-f1-91af04efffefc50ce23cf297,r5-f1-bc613f63abcc1aef8fa11d83,38,70,32,False
1,r5-f1-93bdeada4e43e5a0dbafb6fe,r5-f1-f6518d584b598cd5c753e975,51,59,8,False
1,r5-f1-95baedc4243946fc23378121,r5-f1-ee59008270e04ddeb87f5940,46,59,13,False
1,r5-f1-96464e790b9333aa03c28b88,r5-f1-a28f658e0ad94927973a73dd,52,60,8,False
1,r5-f1-96bcc926cff67fb7265839f7,r5-f1-ecbdbfd182fdb8074ad5ef83,47,62,15,False
1,r5-f1-96dc56f89876a43a90f81ae8,r5-f1-e1ce38eb4734b02d744305a8,54,56,2,False
1,r5-f1-ad8646bcd13cb593285eabf2,r5-f1-e49baae09180e3649c380781,57,66,9,False
1,r5-f1-b502b62b5999cb6f2f46fde2,r5-f1-e233f959cfe5f94e7640a385,58,58,0,True
1,r5-f1-bc1bb47a4293aeda2703a38f,r5-f1-e7aff71e10e7b26122d32b72,37,49,12,False
1,r5-f1-bf42263e35b144aea3a125dd,r5-f1-e5af5cacf6dff47c97228615,48,63,15,False
1,r5-f1-bf9875c83a8844f910b65953,r5-f1-dac7055b419c0ee6030f9b80,37,38,1,False
1,r5-f1-c0187dbd694866e9a30a5a79,r5-f1-fce2c84e8e18a3277fc8a3da,41,58,17,False
1,r5-f1-c8aa69e9e27b9f54b146d2e2,r5-f1-fe2d363ab91f04f8406a2ca7,44,55,11,False
1,r5-f1-e8d6bec744f8d61e31dadcd7,r5-f1-efc5731ec7a8e9343621fbd7,43,44,1,False
1,r5-f1-ecf4946e7096b0f851fa9165,r5-f1-f79bcda9f779fd7ae1e9cad1,42,68,26,False
2,r5-f1-01b355775f2293b3ee1364b8,r5-f1-5c346dd9cec6ff67cc2a65de,86,86,0,True
2,r5-f1-021f03f1caf81b5e7b4e0920,r5-f1-83ac1d4a97bc2845e64596ab,102,107,5,False
2,r5-f1-05c2d8fed07d2996eea98947,r5-f1-fb2fd685d93a8e5350209fe8,90,96,6,False
2,r5-f1-072c39f4b8f288d57977e728,r5-f1-d463ffd94aae21470865802f,84,102,18,False
2,r5-f1-081c8e4b441012fd60db6ffe,r5-f1-9dd1420e88d6e1aa0115e74e,72,79,7,False
2,r5-f1-0d7f93d677ecae4c0ec37117,r5-f1-74bd80f2dff32f9fd1ee2f05,73,104,31,False
2,r5-f1-0e1c4b16ee27b5e02fcf1570,r5-f1-45f9baf8b494b40958de6249,74,88,14,False
2,r5-f1-12ec8264f1d798a20c8472ea,r5-f1-56bd5df46af93b8ef534ad9d,87,98,11,False
2,r5-f1-140b51f700eef3b9720a28c7,r5-f1-8b1ca5fb3df0743f8a5d2031,77,84,7,False
2,r5-f1-14592ad3fb277d902fcca8a4,r5-f1-c4ab86140291c3379237f3c6,76,99,23,False
2,r5-f1-17676cb8c65e947d9311466c,r5-f1-3ce5098afba99ac89b520439,72,97,25,False
2,r5-f1-1bd0b8bb497d87746752f61f,r5-f1-33d8225a9aa06186a07bcb81,83,91,8,False
2,r5-f1-1c05cb63b8fa86864476c790,r5-f1-753ac65796df96e3fa0dcd28,78,98,20,False
2,r5-f1-20081323b12313d0072a7558,r5-f1-68d84a588a2d97d510b9a798,76,101,25,False
2,r5-f1-213f6964c85dc869bfbc8e29,r5-f1-95b980071b480fd75474c504,74,103,29,False
2,r5-f1-2147d221d19787de20e29742,r5-f1-5fd7690662a56145be3a1b69,81,82,1,False
2,r5-f1-2209d0e463a55c60f24d2bfd,r5-f1-e6a3829cabd0249e46ded6fb,102,107,5,False
2,r5-f1-2d7ae5c0099ef1115cf9f49a,r5-f1-631687bae6a2a482c1b3467b,89,94,5,False
2,r5-f1-2f1f5522e8d48066aac367d3,r5-f1-f8c8b2629e7b13eb61c9d81e,80,90,10,False
2,r5-f1-3017647d3ea4dc9401adaf52,r5-f1-8d011739799631b71397985a,81,90,9,False
2,r5-f1-30d977225541ff1a4a549b3a,r5-f1-cca1530b46be3dd4d215ac9c,90,97,7,False
2,r5-f1-346838407cd512cc36b86a9f,r5-f1-384d4e783ac18f38d095fa6e,75,100,25,False
2,r5-f1-34d7dd11544b6dc87eb38bc0,r5-f1-7cc24d6be18b764c0c76a497,93,94,1,False
2,r5-f1-35d192def35747e67a3ea4bb,r5-f1-5b1d1399ad42dbda18fd62f4,88,95,7,False
2,r5-f1-35e06a6dbda44ebe51cadbbe,r5-f1-d8ee7108e6ed2dcfff764999,78,89,11,False
2,r5-f1-36c43a561be78681da35b3dd,r5-f1-883da7d6d35d9501a32a56c0,78,92,14,False
2,r5-f1-3d453f1453f64f70f9e9db5e,r5-f1-c7d613dd83014711dfe30d19,76,96,20,False
2,r5-f1-3d698dcc509fc631398f092d,r5-f1-e29eb97b70aaf293eeff3460,96,104,8,False
2,r5-f1-3e1835364efa0cd70eac8440,r5-f1-e53d27897f2b54b319359276,86,93,7,False
2,r5-f1-4064f2111ade33c872dddebb,r5-f1-8a99660c10ca49b3ea406d3a,84,103,19,False
2,r5-f1-41e9c948500eca6be7d91b52,r5-f1-dfc1a5170b311824b4d300ee,77,95,18,False
2,r5-f1-424ad895f87caef3551f0413,r5-f1-a5956cf71dc55f0b13dc6bcd,74,78,4,False
2,r5-f1-42bcd10207498d81228ee876,r5-f1-c33bda226b9dbfc0e3534b21,72,104,32,False
2,r5-f1-43d80123c368360fd146bbad,r5-f1-93bc6cd81b8e9c116cd78963,82,91,9,False
2,r5-f1-449082cbacc6b0b2df6b852f,r5-f1-ec24766b2964895b1e852dcf,83,99,16,False
2,r5-f1-46ca7e059c993e52aa2b696b,r5-f1-6389741841a6424240f2518f,80,88,8,False
2,r5-f1-484ccb5a8904c06ecb1eac33,r5-f1-abc0d8bc8badced6be8c2145,95,101,6,False
2,r5-f1-4c165001a3383e566579ad5b,r5-f1-aa1db5f9f2f6d628fe566631,75,81,6,False
2,r5-f1-4dc8aa1a120bbc32912d380e,r5-f1-8cb46f3d2238e81eb01d280c,97,99,2,False
2,r5-f1-51b98737a31bc79debbbfa14,r5-f1-c25660d46a0474e9b149d7ea,75,80,5,False
2,r5-f1-533c9a69b6238d710eabce91,r5-f1-ccfe0f67bd23dcb77ca62be7,79,103,24,False
2,r5-f1-54e337479077092c43e9373c,r5-f1-d3e01ada2aa733e5e0d6dfd8,91,100,9,False
2,r5-f1-5b88de40cf368cfe44843a1e,r5-f1-b5b521cbaa21cde776509fcd,99,105,6,False
2,r5-f1-5e4a2f47c8c40a725de2d246,r5-f1-d5a1e49631ce5b003b2e4a38,73,92,19,False
2,r5-f1-5f828a137a622871abcb86c7,r5-f1-c4577184ceeecd7502540cd3,98,105,7,False
2,r5-f1-60cdf979d89056f9382a846b,r5-f1-f048b20b5fd8c992c80f6732,89,105,16,False
2,r5-f1-6326749e86f5b189fc0e8433,r5-f1-f26c34b2d8b52e2cb8fbbbf6,81,100,19,False
2,r5-f1-633a38dfec01bdf942d94a18,r5-f1-7cbccd51bc7fc9dd0ffbc1d9,96,98,2,False
2,r5-f1-64efda09ee23454ef6fc4ea0,r5-f1-9791bc14ea20d25013131014,87,107,20,False
2,r5-f1-6c79a35c4220624067f86b80,r5-f1-da55951d31390d807d7d1725,102,106,4,False
2,r5-f1-720bb6d0cb4b78b9ffeb03a4,r5-f1-9e4eb2e6a343877e7cadf273,93,94,1,False
2,r5-f1-75b0f8cbaa9c3b464b678254,r5-f1-a73cccc1ce0baf4c400e2f82,95,106,11,False
2,r5-f1-7692b4c408bd859d83c37780,r5-f1-8314892e9ca8c8f4ff0220a7,85,107,22,False
2,r5-f1-78188385de6e2de136e13d33,r5-f1-94800f8cbff36e8722e36eb7,83,101,18,False
2,r5-f1-78703e27d1df172502650dc2,r5-f1-a96887b45ab5b4e57e4981ef,82,87,5,False
2,r5-f1-7d9fd9ab713cd0e8b1cce098,r5-f1-ae6f6609b2c760c468328003,77,101,24,False
2,r5-f1-850920fa10f9b9ba8843af7a,r5-f1-e714849831367e291c12986a,77,103,26,False
2,r5-f1-91af04efffefc50ce23cf297,r5-f1-bc613f63abcc1aef8fa11d83,84,106,22,False
2,r5-f1-93bdeada4e43e5a0dbafb6fe,r5-f1-f6518d584b598cd5c753e975,87,97,10,False
2,r5-f1-95baedc4243946fc23378121,r5-f1-ee59008270e04ddeb87f5940,74,89,15,False
2,r5-f1-96464e790b9333aa03c28b88,r5-f1-a28f658e0ad94927973a73dd,82,85,3,False
2,r5-f1-96bcc926cff67fb7265839f7,r5-f1-ecbdbfd182fdb8074ad5ef83,79,92,13,False
2,r5-f1-96dc56f89876a43a90f81ae8,r5-f1-e1ce38eb4734b02d744305a8,85,92,7,False
2,r5-f1-ad8646bcd13cb593285eabf2,r5-f1-e49baae09180e3649c380781,80,88,8,False
2,r5-f1-b502b62b5999cb6f2f46fde2,r5-f1-e233f959cfe5f94e7640a385,73,75,2,False
2,r5-f1-bc1bb47a4293aeda2703a38f,r5-f1-e7aff71e10e7b26122d32b72,73,91,18,False
2,r5-f1-bf42263e35b144aea3a125dd,r5-f1-e5af5cacf6dff47c97228615,72,106,34,False
2,r5-f1-bf9875c83a8844f910b65953,r5-f1-dac7055b419c0ee6030f9b80,94,100,6,False
2,r5-f1-c0187dbd694866e9a30a5a79,r5-f1-fce2c84e8e18a3277fc8a3da,76,83,7,False
2,r5-f1-c8aa69e9e27b9f54b146d2e2,r5-f1-fe2d363ab91f04f8406a2ca7,86,104,18,False
2,r5-f1-e8d6bec744f8d61e31dadcd7,r5-f1-efc5731ec7a8e9343621fbd7,79,105,26,False
2,r5-f1-ecf4946e7096b0f851fa9165,r5-f1-f79bcda9f779fd7ae1e9cad1,85,93,8,False
3,r5-f1-01b355775f2293b3ee1364b8,r5-f1-5c346dd9cec6ff67cc2a65de,136,143,7,False
3,r5-f1-021f03f1caf81b5e7b4e0920,r5-f1-83ac1d4a97bc2845e64596ab,122,143,21,False
3,r5-f1-05c2d8fed07d2996eea98947,r5-f1-fb2fd685d93a8e5350209fe8,121,141,20,False
3,r5-f1-072c39f4b8f288d57977e728,r5-f1-d463ffd94aae21470865802f,132,133,1,False
3,r5-f1-081c8e4b441012fd60db6ffe,r5-f1-9dd1420e88d6e1aa0115e74e,110,113,3,False
3,r5-f1-0d7f93d677ecae4c0ec37117,r5-f1-74bd80f2dff32f9fd1ee2f05,134,138,4,False
3,r5-f1-0e1c4b16ee27b5e02fcf1570,r5-f1-45f9baf8b494b40958de6249,130,139,9,False
3,r5-f1-12ec8264f1d798a20c8472ea,r5-f1-56bd5df46af93b8ef534ad9d,131,141,10,False
3,r5-f1-140b51f700eef3b9720a28c7,r5-f1-8b1ca5fb3df0743f8a5d2031,117,131,14,False
3,r5-f1-14592ad3fb277d902fcca8a4,r5-f1-c4ab86140291c3379237f3c6,114,119,5,False
3,r5-f1-17676cb8c65e947d9311466c,r5-f1-3ce5098afba99ac89b520439,113,120,7,False
3,r5-f1-1bd0b8bb497d87746752f61f,r5-f1-33d8225a9aa06186a07bcb81,108,140,32,False
3,r5-f1-1c05cb63b8fa86864476c790,r5-f1-753ac65796df96e3fa0dcd28,110,117,7,False
3,r5-f1-20081323b12313d0072a7558,r5-f1-68d84a588a2d97d510b9a798,109,120,11,False
3,r5-f1-213f6964c85dc869bfbc8e29,r5-f1-95b980071b480fd75474c504,124,142,18,False
3,r5-f1-2147d221d19787de20e29742,r5-f1-5fd7690662a56145be3a1b69,114,131,17,False
3,r5-f1-2209d0e463a55c60f24d2bfd,r5-f1-e6a3829cabd0249e46ded6fb,128,133,5,False
3,r5-f1-2d7ae5c0099ef1115cf9f49a,r5-f1-631687bae6a2a482c1b3467b,129,138,9,False
3,r5-f1-2f1f5522e8d48066aac367d3,r5-f1-f8c8b2629e7b13eb61c9d81e,109,118,9,False
3,r5-f1-3017647d3ea4dc9401adaf52,r5-f1-8d011739799631b71397985a,129,133,4,False
3,r5-f1-30d977225541ff1a4a549b3a,r5-f1-cca1530b46be3dd4d215ac9c,119,135,16,False
3,r5-f1-346838407cd512cc36b86a9f,r5-f1-384d4e783ac18f38d095fa6e,127,143,16,False
3,r5-f1-34d7dd11544b6dc87eb38bc0,r5-f1-7cc24d6be18b764c0c76a497,110,121,11,False
3,r5-f1-35d192def35747e67a3ea4bb,r5-f1-5b1d1399ad42dbda18fd62f4,136,139,3,False
3,r5-f1-35e06a6dbda44ebe51cadbbe,r5-f1-d8ee7108e6ed2dcfff764999,111,128,17,False
3,r5-f1-36c43a561be78681da35b3dd,r5-f1-883da7d6d35d9501a32a56c0,110,124,14,False
3,r5-f1-3d453f1453f64f70f9e9db5e,r5-f1-c7d613dd83014711dfe30d19,123,131,8,False
3,r5-f1-3d698dcc509fc631398f092d,r5-f1-e29eb97b70aaf293eeff3460,114,140,26,False
3,r5-f1-3e1835364efa0cd70eac8440,r5-f1-e53d27897f2b54b319359276,133,134,1,False
3,r5-f1-4064f2111ade33c872dddebb,r5-f1-8a99660c10ca49b3ea406d3a,127,132,5,False
3,r5-f1-41e9c948500eca6be7d91b52,r5-f1-dfc1a5170b311824b4d300ee,120,139,19,False
3,r5-f1-424ad895f87caef3551f0413,r5-f1-a5956cf71dc55f0b13dc6bcd,132,136,4,False
3,r5-f1-42bcd10207498d81228ee876,r5-f1-c33bda226b9dbfc0e3534b21,112,121,9,False
3,r5-f1-43d80123c368360fd146bbad,r5-f1-93bc6cd81b8e9c116cd78963,118,129,11,False
3,r5-f1-449082cbacc6b0b2df6b852f,r5-f1-ec24766b2964895b1e852dcf,129,135,6,False
3,r5-f1-46ca7e059c993e52aa2b696b,r5-f1-6389741841a6424240f2518f,116,125,9,False
3,r5-f1-484ccb5a8904c06ecb1eac33,r5-f1-abc0d8bc8badced6be8c2145,127,136,9,False
3,r5-f1-4c165001a3383e566579ad5b,r5-f1-aa1db5f9f2f6d628fe566631,111,126,15,False
3,r5-f1-4dc8aa1a120bbc32912d380e,r5-f1-8cb46f3d2238e81eb01d280c,141,142,1,False
3,r5-f1-51b98737a31bc79debbbfa14,r5-f1-c25660d46a0474e9b149d7ea,122,125,3,False
3,r5-f1-533c9a69b6238d710eabce91,r5-f1-ccfe0f67bd23dcb77ca62be7,112,116,4,False
3,r5-f1-54e337479077092c43e9373c,r5-f1-d3e01ada2aa733e5e0d6dfd8,113,115,2,False
3,r5-f1-5b88de40cf368cfe44843a1e,r5-f1-b5b521cbaa21cde776509fcd,108,124,16,False
3,r5-f1-5e4a2f47c8c40a725de2d246,r5-f1-d5a1e49631ce5b003b2e4a38,122,141,19,False
3,r5-f1-5f828a137a622871abcb86c7,r5-f1-c4577184ceeecd7502540cd3,116,128,12,False
3,r5-f1-60cdf979d89056f9382a846b,r5-f1-f048b20b5fd8c992c80f6732,108,116,8,False
3,r5-f1-6326749e86f5b189fc0e8433,r5-f1-f26c34b2d8b52e2cb8fbbbf6,114,132,18,False
3,r5-f1-633a38dfec01bdf942d94a18,r5-f1-7cbccd51bc7fc9dd0ffbc1d9,119,134,15,False
3,r5-f1-64efda09ee23454ef6fc4ea0,r5-f1-9791bc14ea20d25013131014,137,143,6,False
3,r5-f1-6c79a35c4220624067f86b80,r5-f1-da55951d31390d807d7d1725,112,137,25,False
3,r5-f1-720bb6d0cb4b78b9ffeb03a4,r5-f1-9e4eb2e6a343877e7cadf273,117,119,2,False
3,r5-f1-75b0f8cbaa9c3b464b678254,r5-f1-a73cccc1ce0baf4c400e2f82,126,127,1,False
3,r5-f1-7692b4c408bd859d83c37780,r5-f1-8314892e9ca8c8f4ff0220a7,118,137,19,False
3,r5-f1-78188385de6e2de136e13d33,r5-f1-94800f8cbff36e8722e36eb7,115,137,22,False
3,r5-f1-78703e27d1df172502650dc2,r5-f1-a96887b45ab5b4e57e4981ef,121,130,9,False
3,r5-f1-7d9fd9ab713cd0e8b1cce098,r5-f1-ae6f6609b2c760c468328003,109,124,15,False
3,r5-f1-850920fa10f9b9ba8843af7a,r5-f1-e714849831367e291c12986a,108,130,22,False
3,r5-f1-91af04efffefc50ce23cf297,r5-f1-bc613f63abcc1aef8fa11d83,115,123,8,False
3,r5-f1-93bdeada4e43e5a0dbafb6fe,r5-f1-f6518d584b598cd5c753e975,118,126,8,False
3,r5-f1-95baedc4243946fc23378121,r5-f1-ee59008270e04ddeb87f5940,139,142,3,False
3,r5-f1-96464e790b9333aa03c28b88,r5-f1-a28f658e0ad94927973a73dd,117,138,21,False
3,r5-f1-96bcc926cff67fb7265839f7,r5-f1-ecbdbfd182fdb8074ad5ef83,126,134,8,False
3,r5-f1-96dc56f89876a43a90f81ae8,r5-f1-e1ce38eb4734b02d744305a8,111,125,14,False
3,r5-f1-ad8646bcd13cb593285eabf2,r5-f1-e49baae09180e3649c380781,113,122,9,False
3,r5-f1-b502b62b5999cb6f2f46fde2,r5-f1-e233f959cfe5f94e7640a385,123,128,5,False
3,r5-f1-bc1bb47a4293aeda2703a38f,r5-f1-e7aff71e10e7b26122d32b72,109,123,14,False
3,r5-f1-bf42263e35b144aea3a125dd,r5-f1-e5af5cacf6dff47c97228615,120,140,20,False
3,r5-f1-bf9875c83a8844f910b65953,r5-f1-dac7055b419c0ee6030f9b80,112,125,13,False
3,r5-f1-c0187dbd694866e9a30a5a79,r5-f1-fce2c84e8e18a3277fc8a3da,111,142,31,False
3,r5-f1-c8aa69e9e27b9f54b146d2e2,r5-f1-fe2d363ab91f04f8406a2ca7,135,138,3,False
3,r5-f1-e8d6bec744f8d61e31dadcd7,r5-f1-efc5731ec7a8e9343621fbd7,115,140,25,False
3,r5-f1-ecf4946e7096b0f851fa9165,r5-f1-f79bcda9f779fd7ae1e9cad1,130,135,5,False
4,r5-f1-01b355775f2293b3ee1364b8,r5-f1-5c346dd9cec6ff67cc2a65de,153,174,21,False
4,r5-f1-021f03f1caf81b5e7b4e0920,r5-f1-83ac1d4a97bc2845e64596ab,151,152,1,False
4,r5-f1-05c2d8fed07d2996eea98947,r5-f1-fb2fd685d93a8e5350209fe8,146,162,16,False
4,r5-f1-072c39f4b8f288d57977e728,r5-f1-d463ffd94aae21470865802f,154,172,18,False
4,r5-f1-081c8e4b441012fd60db6ffe,r5-f1-9dd1420e88d6e1aa0115e74e,149,152,3,False
4,r5-f1-0d7f93d677ecae4c0ec37117,r5-f1-74bd80f2dff32f9fd1ee2f05,151,176,25,False
4,r5-f1-0e1c4b16ee27b5e02fcf1570,r5-f1-45f9baf8b494b40958de6249,147,153,6,False
4,r5-f1-12ec8264f1d798a20c8472ea,r5-f1-56bd5df46af93b8ef534ad9d,145,171,26,False
4,r5-f1-140b51f700eef3b9720a28c7,r5-f1-8b1ca5fb3df0743f8a5d2031,159,176,17,False
4,r5-f1-14592ad3fb277d902fcca8a4,r5-f1-c4ab86140291c3379237f3c6,149,172,23,False
4,r5-f1-17676cb8c65e947d9311466c,r5-f1-3ce5098afba99ac89b520439,146,168,22,False
4,r5-f1-1bd0b8bb497d87746752f61f,r5-f1-33d8225a9aa06186a07bcb81,157,160,3,False
4,r5-f1-1c05cb63b8fa86864476c790,r5-f1-753ac65796df96e3fa0dcd28,148,158,10,False
4,r5-f1-20081323b12313d0072a7558,r5-f1-68d84a588a2d97d510b9a798,155,172,17,False
4,r5-f1-213f6964c85dc869bfbc8e29,r5-f1-95b980071b480fd75474c504,147,156,9,False
4,r5-f1-2147d221d19787de20e29742,r5-f1-5fd7690662a56145be3a1b69,146,173,27,False
4,r5-f1-2209d0e463a55c60f24d2bfd,r5-f1-e6a3829cabd0249e46ded6fb,178,179,1,False
4,r5-f1-2d7ae5c0099ef1115cf9f49a,r5-f1-631687bae6a2a482c1b3467b,157,164,7,False
4,r5-f1-2f1f5522e8d48066aac367d3,r5-f1-f8c8b2629e7b13eb61c9d81e,157,170,13,False
4,r5-f1-3017647d3ea4dc9401adaf52,r5-f1-8d011739799631b71397985a,177,177,0,True
4,r5-f1-30d977225541ff1a4a549b3a,r5-f1-cca1530b46be3dd4d215ac9c,156,166,10,False
4,r5-f1-346838407cd512cc36b86a9f,r5-f1-384d4e783ac18f38d095fa6e,144,165,21,False
4,r5-f1-34d7dd11544b6dc87eb38bc0,r5-f1-7cc24d6be18b764c0c76a497,163,167,4,False
4,r5-f1-35d192def35747e67a3ea4bb,r5-f1-5b1d1399ad42dbda18fd62f4,161,167,6,False
4,r5-f1-35e06a6dbda44ebe51cadbbe,r5-f1-d8ee7108e6ed2dcfff764999,153,161,8,False
4,r5-f1-36c43a561be78681da35b3dd,r5-f1-883da7d6d35d9501a32a56c0,151,155,4,False
4,r5-f1-3d453f1453f64f70f9e9db5e,r5-f1-c7d613dd83014711dfe30d19,155,172,17,False
4,r5-f1-3d698dcc509fc631398f092d,r5-f1-e29eb97b70aaf293eeff3460,163,170,7,False
4,r5-f1-3e1835364efa0cd70eac8440,r5-f1-e53d27897f2b54b319359276,165,175,10,False
4,r5-f1-4064f2111ade33c872dddebb,r5-f1-8a99660c10ca49b3ea406d3a,151,171,20,False
4,r5-f1-41e9c948500eca6be7d91b52,r5-f1-dfc1a5170b311824b4d300ee,150,157,7,False
4,r5-f1-424ad895f87caef3551f0413,r5-f1-a5956cf71dc55f0b13dc6bcd,147,171,24,False
4,r5-f1-42bcd10207498d81228ee876,r5-f1-c33bda226b9dbfc0e3534b21,169,169,0,True
4,r5-f1-43d80123c368360fd146bbad,r5-f1-93bc6cd81b8e9c116cd78963,165,168,3,False
4,r5-f1-449082cbacc6b0b2df6b852f,r5-f1-ec24766b2964895b1e852dcf,150,162,12,False
4,r5-f1-46ca7e059c993e52aa2b696b,r5-f1-6389741841a6424240f2518f,145,177,32,False
4,r5-f1-484ccb5a8904c06ecb1eac33,r5-f1-abc0d8bc8badced6be8c2145,148,161,13,False
4,r5-f1-4c165001a3383e566579ad5b,r5-f1-aa1db5f9f2f6d628fe566631,154,169,15,False
4,r5-f1-4dc8aa1a120bbc32912d380e,r5-f1-8cb46f3d2238e81eb01d280c,149,154,5,False
4,r5-f1-51b98737a31bc79debbbfa14,r5-f1-c25660d46a0474e9b149d7ea,158,173,15,False
4,r5-f1-533c9a69b6238d710eabce91,r5-f1-ccfe0f67bd23dcb77ca62be7,160,173,13,False
4,r5-f1-54e337479077092c43e9373c,r5-f1-d3e01ada2aa733e5e0d6dfd8,164,175,11,False
4,r5-f1-5b88de40cf368cfe44843a1e,r5-f1-b5b521cbaa21cde776509fcd,166,178,12,False
4,r5-f1-5e4a2f47c8c40a725de2d246,r5-f1-d5a1e49631ce5b003b2e4a38,152,174,22,False
4,r5-f1-5f828a137a622871abcb86c7,r5-f1-c4577184ceeecd7502540cd3,144,174,30,False
4,r5-f1-60cdf979d89056f9382a846b,r5-f1-f048b20b5fd8c992c80f6732,154,167,13,False
4,r5-f1-6326749e86f5b189fc0e8433,r5-f1-f26c34b2d8b52e2cb8fbbbf6,166,176,10,False
4,r5-f1-633a38dfec01bdf942d94a18,r5-f1-7cbccd51bc7fc9dd0ffbc1d9,156,165,9,False
4,r5-f1-64efda09ee23454ef6fc4ea0,r5-f1-9791bc14ea20d25013131014,150,168,18,False
4,r5-f1-6c79a35c4220624067f86b80,r5-f1-da55951d31390d807d7d1725,148,179,31,False
4,r5-f1-720bb6d0cb4b78b9ffeb03a4,r5-f1-9e4eb2e6a343877e7cadf273,152,178,26,False
4,r5-f1-75b0f8cbaa9c3b464b678254,r5-f1-a73cccc1ce0baf4c400e2f82,159,166,7,False
4,r5-f1-7692b4c408bd859d83c37780,r5-f1-8314892e9ca8c8f4ff0220a7,145,149,4,False
4,r5-f1-78188385de6e2de136e13d33,r5-f1-94800f8cbff36e8722e36eb7,167,177,10,False
4,r5-f1-78703e27d1df172502650dc2,r5-f1-a96887b45ab5b4e57e4981ef,171,175,4,False
4,r5-f1-7d9fd9ab713cd0e8b1cce098,r5-f1-ae6f6609b2c760c468328003,144,176,32,False
4,r5-f1-850920fa10f9b9ba8843af7a,r5-f1-e714849831367e291c12986a,168,174,6,False
4,r5-f1-91af04efffefc50ce23cf297,r5-f1-bc613f63abcc1aef8fa11d83,155,169,14,False
4,r5-f1-93bdeada4e43e5a0dbafb6fe,r5-f1-f6518d584b598cd5c753e975,146,163,17,False
4,r5-f1-95baedc4243946fc23378121,r5-f1-ee59008270e04ddeb87f5940,162,164,2,False
4,r5-f1-96464e790b9333aa03c28b88,r5-f1-a28f658e0ad94927973a73dd,159,160,1,False
4,r5-f1-96bcc926cff67fb7265839f7,r5-f1-ecbdbfd182fdb8074ad5ef83,156,158,2,False
4,r5-f1-96dc56f89876a43a90f81ae8,r5-f1-e1ce38eb4734b02d744305a8,147,173,26,False
4,r5-f1-ad8646bcd13cb593285eabf2,r5-f1-e49baae09180e3649c380781,164,179,15,False
4,r5-f1-b502b62b5999cb6f2f46fde2,r5-f1-e233f959cfe5f94e7640a385,148,170,22,False
4,r5-f1-bc1bb47a4293aeda2703a38f,r5-f1-e7aff71e10e7b26122d32b72,162,170,8,False
4,r5-f1-bf42263e35b144aea3a125dd,r5-f1-e5af5cacf6dff47c97228615,150,160,10,False
4,r5-f1-bf9875c83a8844f910b65953,r5-f1-dac7055b419c0ee6030f9b80,158,175,17,False
4,r5-f1-c0187dbd694866e9a30a5a79,r5-f1-fce2c84e8e18a3277fc8a3da,159,178,19,False
4,r5-f1-c8aa69e9e27b9f54b146d2e2,r5-f1-fe2d363ab91f04f8406a2ca7,153,179,26,False
4,r5-f1-e8d6bec744f8d61e31dadcd7,r5-f1-efc5731ec7a8e9343621fbd7,145,161,16,False
4,r5-f1-ecf4946e7096b0f851fa9165,r5-f1-f79bcda9f779fd7ae1e9cad1,144,163,19,False
5,r5-f1-01b355775f2293b3ee1364b8,r5-f1-5c346dd9cec6ff67cc2a65de,202,203,1,False
5,r5-f1-021f03f1caf81b5e7b4e0920,r5-f1-83ac1d4a97bc2845e64596ab,181,195,14,False
5,r5-f1-05c2d8fed07d2996eea98947,r5-f1-fb2fd685d93a8e5350209fe8,180,200,20,False
5,r5-f1-072c39f4b8f288d57977e728,r5-f1-d463ffd94aae21470865802f,183,207,24,False
5,r5-f1-081c8e4b441012fd60db6ffe,r5-f1-9dd1420e88d6e1aa0115e74e,190,205,15,False
5,r5-f1-0d7f93d677ecae4c0ec37117,r5-f1-74bd80f2dff32f9fd1ee2f05,192,200,8,False
5,r5-f1-0e1c4b16ee27b5e02fcf1570,r5-f1-45f9baf8b494b40958de6249,191,203,12,False
5,r5-f1-12ec8264f1d798a20c8472ea,r5-f1-56bd5df46af93b8ef534ad9d,196,198,2,False
5,r5-f1-140b51f700eef3b9720a28c7,r5-f1-8b1ca5fb3df0743f8a5d2031,212,213,1,False
5,r5-f1-14592ad3fb277d902fcca8a4,r5-f1-c4ab86140291c3379237f3c6,203,210,7,False
5,r5-f1-17676cb8c65e947d9311466c,r5-f1-3ce5098afba99ac89b520439,209,215,6,False
5,r5-f1-1bd0b8bb497d87746752f61f,r5-f1-33d8225a9aa06186a07bcb81,198,211,13,False
5,r5-f1-1c05cb63b8fa86864476c790,r5-f1-753ac65796df96e3fa0dcd28,185,206,21,False
5,r5-f1-20081323b12313d0072a7558,r5-f1-68d84a588a2d97d510b9a798,197,213,16,False
5,r5-f1-213f6964c85dc869bfbc8e29,r5-f1-95b980071b480fd75474c504,189,209,20,False
5,r5-f1-2147d221d19787de20e29742,r5-f1-5fd7690662a56145be3a1b69,186,213,27,False
5,r5-f1-2209d0e463a55c60f24d2bfd,r5-f1-e6a3829cabd0249e46ded6fb,208,211,3,False
5,r5-f1-2d7ae5c0099ef1115cf9f49a,r5-f1-631687bae6a2a482c1b3467b,185,209,24,False
5,r5-f1-2f1f5522e8d48066aac367d3,r5-f1-f8c8b2629e7b13eb61c9d81e,180,199,19,False
5,r5-f1-3017647d3ea4dc9401adaf52,r5-f1-8d011739799631b71397985a,200,204,4,False
5,r5-f1-30d977225541ff1a4a549b3a,r5-f1-cca1530b46be3dd4d215ac9c,204,205,1,False
5,r5-f1-346838407cd512cc36b86a9f,r5-f1-384d4e783ac18f38d095fa6e,206,215,9,False
5,r5-f1-34d7dd11544b6dc87eb38bc0,r5-f1-7cc24d6be18b764c0c76a497,182,185,3,False
5,r5-f1-35d192def35747e67a3ea4bb,r5-f1-5b1d1399ad42dbda18fd62f4,197,201,4,False
5,r5-f1-35e06a6dbda44ebe51cadbbe,r5-f1-d8ee7108e6ed2dcfff764999,184,215,31,False
5,r5-f1-36c43a561be78681da35b3dd,r5-f1-883da7d6d35d9501a32a56c0,187,199,12,False
5,r5-f1-3d453f1453f64f70f9e9db5e,r5-f1-c7d613dd83014711dfe30d19,183,193,10,False
5,r5-f1-3d698dcc509fc631398f092d,r5-f1-e29eb97b70aaf293eeff3460,185,201,16,False
5,r5-f1-3e1835364efa0cd70eac8440,r5-f1-e53d27897f2b54b319359276,200,204,4,False
5,r5-f1-4064f2111ade33c872dddebb,r5-f1-8a99660c10ca49b3ea406d3a,194,212,18,False
5,r5-f1-41e9c948500eca6be7d91b52,r5-f1-dfc1a5170b311824b4d300ee,206,209,3,False
5,r5-f1-424ad895f87caef3551f0413,r5-f1-a5956cf71dc55f0b13dc6bcd,202,205,3,False
5,r5-f1-42bcd10207498d81228ee876,r5-f1-c33bda226b9dbfc0e3534b21,181,196,15,False
5,r5-f1-43d80123c368360fd146bbad,r5-f1-93bc6cd81b8e9c116cd78963,197,212,15,False
5,r5-f1-449082cbacc6b0b2df6b852f,r5-f1-ec24766b2964895b1e852dcf,182,208,26,False
5,r5-f1-46ca7e059c993e52aa2b696b,r5-f1-6389741841a6424240f2518f,207,214,7,False
5,r5-f1-484ccb5a8904c06ecb1eac33,r5-f1-abc0d8bc8badced6be8c2145,195,210,15,False
5,r5-f1-4c165001a3383e566579ad5b,r5-f1-aa1db5f9f2f6d628fe566631,201,210,9,False
5,r5-f1-4dc8aa1a120bbc32912d380e,r5-f1-8cb46f3d2238e81eb01d280c,188,189,1,False
5,r5-f1-51b98737a31bc79debbbfa14,r5-f1-c25660d46a0474e9b149d7ea,181,194,13,False
5,r5-f1-533c9a69b6238d710eabce91,r5-f1-ccfe0f67bd23dcb77ca62be7,188,204,16,False
5,r5-f1-54e337479077092c43e9373c,r5-f1-d3e01ada2aa733e5e0d6dfd8,208,211,3,False
5,r5-f1-5b88de40cf368cfe44843a1e,r5-f1-b5b521cbaa21cde776509fcd,207,214,7,False
5,r5-f1-5e4a2f47c8c40a725de2d246,r5-f1-d5a1e49631ce5b003b2e4a38,190,214,24,False
5,r5-f1-5f828a137a622871abcb86c7,r5-f1-c4577184ceeecd7502540cd3,182,183,1,False
5,r5-f1-60cdf979d89056f9382a846b,r5-f1-f048b20b5fd8c992c80f6732,186,191,5,False
5,r5-f1-6326749e86f5b189fc0e8433,r5-f1-f26c34b2d8b52e2cb8fbbbf6,182,188,6,False
5,r5-f1-633a38dfec01bdf942d94a18,r5-f1-7cbccd51bc7fc9dd0ffbc1d9,198,208,10,False
5,r5-f1-64efda09ee23454ef6fc4ea0,r5-f1-9791bc14ea20d25013131014,206,214,8,False
5,r5-f1-6c79a35c4220624067f86b80,r5-f1-da55951d31390d807d7d1725,191,196,5,False
5,r5-f1-720bb6d0cb4b78b9ffeb03a4,r5-f1-9e4eb2e6a343877e7cadf273,181,192,11,False
5,r5-f1-75b0f8cbaa9c3b464b678254,r5-f1-a73cccc1ce0baf4c400e2f82,193,196,3,False
5,r5-f1-7692b4c408bd859d83c37780,r5-f1-8314892e9ca8c8f4ff0220a7,187,193,6,False
5,r5-f1-78188385de6e2de136e13d33,r5-f1-94800f8cbff36e8722e36eb7,197,207,10,False
5,r5-f1-78703e27d1df172502650dc2,r5-f1-a96887b45ab5b4e57e4981ef,212,213,1,False
5,r5-f1-7d9fd9ab713cd0e8b1cce098,r5-f1-ae6f6609b2c760c468328003,186,193,7,False
5,r5-f1-850920fa10f9b9ba8843af7a,r5-f1-e714849831367e291c12986a,192,215,23,False
5,r5-f1-91af04efffefc50ce23cf297,r5-f1-bc613f63abcc1aef8fa11d83,184,198,14,False
5,r5-f1-93bdeada4e43e5a0dbafb6fe,r5-f1-f6518d584b598cd5c753e975,184,201,17,False
5,r5-f1-95baedc4243946fc23378121,r5-f1-ee59008270e04ddeb87f5940,189,202,13,False
5,r5-f1-96464e790b9333aa03c28b88,r5-f1-a28f658e0ad94927973a73dd,190,195,5,False
5,r5-f1-96bcc926cff67fb7265839f7,r5-f1-ecbdbfd182fdb8074ad5ef83,188,191,3,False
5,r5-f1-96dc56f89876a43a90f81ae8,r5-f1-e1ce38eb4734b02d744305a8,192,210,18,False
5,r5-f1-ad8646bcd13cb593285eabf2,r5-f1-e49baae09180e3649c380781,180,183,3,False
5,r5-f1-b502b62b5999cb6f2f46fde2,r5-f1-e233f959cfe5f94e7640a385,180,205,25,False
5,r5-f1-bc1bb47a4293aeda2703a38f,r5-f1-e7aff71e10e7b26122d32b72,186,194,8,False
5,r5-f1-bf42263e35b144aea3a125dd,r5-f1-e5af5cacf6dff47c97228615,187,187,0,True
5,r5-f1-bf9875c83a8844f910b65953,r5-f1-dac7055b419c0ee6030f9b80,190,199,9,False
5,r5-f1-c0187dbd694866e9a30a5a79,r5-f1-fce2c84e8e18a3277fc8a3da,199,211,12,False
5,r5-f1-c8aa69e9e27b9f54b146d2e2,r5-f1-fe2d363ab91f04f8406a2ca7,184,189,5,False
5,r5-f1-e8d6bec744f8d61e31dadcd7,r5-f1-efc5731ec7a8e9343621fbd7,194,195,1,False
5,r5-f1-ecf4946e7096b0f851fa9165,r5-f1-f79bcda9f779fd7ae1e9cad1,202,203,1,False
6,r5-f1-01b355775f2293b3ee1364b8,r5-f1-5c346dd9cec6ff67cc2a65de,219,239,20,False
6,r5-f1-021f03f1caf81b5e7b4e0920,r5-f1-83ac1d4a97bc2845e64596ab,221,250,29,False
6,r5-f1-05c2d8fed07d2996eea98947,r5-f1-fb2fd685d93a8e5350209fe8,216,225,9,False
6,r5-f1-072c39f4b8f288d57977e728,r5-f1-d463ffd94aae21470865802f,243,251,8,False
6,r5-f1-081c8e4b441012fd60db6ffe,r5-f1-9dd1420e88d6e1aa0115e74e,218,244,26,False
6,r5-f1-0d7f93d677ecae4c0ec37117,r5-f1-74bd80f2dff32f9fd1ee2f05,225,233,8,False
6,r5-f1-0e1c4b16ee27b5e02fcf1570,r5-f1-45f9baf8b494b40958de6249,226,249,23,False
6,r5-f1-12ec8264f1d798a20c8472ea,r5-f1-56bd5df46af93b8ef534ad9d,230,246,16,False
6,r5-f1-140b51f700eef3b9720a28c7,r5-f1-8b1ca5fb3df0743f8a5d2031,220,251,31,False
6,r5-f1-14592ad3fb277d902fcca8a4,r5-f1-c4ab86140291c3379237f3c6,238,241,3,False
6,r5-f1-17676cb8c65e947d9311466c,r5-f1-3ce5098afba99ac89b520439,220,224,4,False
6,r5-f1-1bd0b8bb497d87746752f61f,r5-f1-33d8225a9aa06186a07bcb81,248,249,1,False
6,r5-f1-1c05cb63b8fa86864476c790,r5-f1-753ac65796df96e3fa0dcd28,225,230,5,False
6,r5-f1-20081323b12313d0072a7558,r5-f1-68d84a588a2d97d510b9a798,229,230,1,False
6,r5-f1-213f6964c85dc869bfbc8e29,r5-f1-95b980071b480fd75474c504,231,249,18,False
6,r5-f1-2147d221d19787de20e29742,r5-f1-5fd7690662a56145be3a1b69,227,234,7,False
6,r5-f1-2209d0e463a55c60f24d2bfd,r5-f1-e6a3829cabd0249e46ded6fb,239,247,8,False
6,r5-f1-2d7ae5c0099ef1115cf9f49a,r5-f1-631687bae6a2a482c1b3467b,240,243,3,False
6,r5-f1-2f1f5522e8d48066aac367d3,r5-f1-f8c8b2629e7b13eb61c9d81e,226,247,21,False
6,r5-f1-3017647d3ea4dc9401adaf52,r5-f1-8d011739799631b71397985a,219,229,10,False
6,r5-f1-30d977225541ff1a4a549b3a,r5-f1-cca1530b46be3dd4d215ac9c,238,249,11,False
6,r5-f1-346838407cd512cc36b86a9f,r5-f1-384d4e783ac18f38d095fa6e,216,237,21,False
6,r5-f1-34d7dd11544b6dc87eb38bc0,r5-f1-7cc24d6be18b764c0c76a497,234,235,1,False
6,r5-f1-35d192def35747e67a3ea4bb,r5-f1-5b1d1399ad42dbda18fd62f4,220,222,2,False
6,r5-f1-35e06a6dbda44ebe51cadbbe,r5-f1-d8ee7108e6ed2dcfff764999,228,235,7,False
6,r5-f1-36c43a561be78681da35b3dd,r5-f1-883da7d6d35d9501a32a56c0,222,231,9,False
6,r5-f1-3d453f1453f64f70f9e9db5e,r5-f1-c7d613dd83014711dfe30d19,217,242,25,False
6,r5-f1-3d698dcc509fc631398f092d,r5-f1-e29eb97b70aaf293eeff3460,222,226,4,False
6,r5-f1-3e1835364efa0cd70eac8440,r5-f1-e53d27897f2b54b319359276,241,247,6,False
6,r5-f1-4064f2111ade33c872dddebb,r5-f1-8a99660c10ca49b3ea406d3a,223,245,22,False
6,r5-f1-41e9c948500eca6be7d91b52,r5-f1-dfc1a5170b311824b4d300ee,224,236,12,False
6,r5-f1-424ad895f87caef3551f0413,r5-f1-a5956cf71dc55f0b13dc6bcd,229,242,13,False
6,r5-f1-42bcd10207498d81228ee876,r5-f1-c33bda226b9dbfc0e3534b21,244,245,1,False
6,r5-f1-43d80123c368360fd146bbad,r5-f1-93bc6cd81b8e9c116cd78963,246,250,4,False
6,r5-f1-449082cbacc6b0b2df6b852f,r5-f1-ec24766b2964895b1e852dcf,221,223,2,False
6,r5-f1-46ca7e059c993e52aa2b696b,r5-f1-6389741841a6424240f2518f,233,243,10,False
6,r5-f1-484ccb5a8904c06ecb1eac33,r5-f1-abc0d8bc8badced6be8c2145,219,231,12,False
6,r5-f1-4c165001a3383e566579ad5b,r5-f1-aa1db5f9f2f6d628fe566631,223,238,15,False
6,r5-f1-4dc8aa1a120bbc32912d380e,r5-f1-8cb46f3d2238e81eb01d280c,232,238,6,False
6,r5-f1-51b98737a31bc79debbbfa14,r5-f1-c25660d46a0474e9b149d7ea,221,246,25,False
6,r5-f1-533c9a69b6238d710eabce91,r5-f1-ccfe0f67bd23dcb77ca62be7,218,228,10,False
6,r5-f1-54e337479077092c43e9373c,r5-f1-d3e01ada2aa733e5e0d6dfd8,228,248,20,False
6,r5-f1-5b88de40cf368cfe44843a1e,r5-f1-b5b521cbaa21cde776509fcd,225,251,26,False
6,r5-f1-5e4a2f47c8c40a725de2d246,r5-f1-d5a1e49631ce5b003b2e4a38,217,245,28,False
6,r5-f1-5f828a137a622871abcb86c7,r5-f1-c4577184ceeecd7502540cd3,244,248,4,False
6,r5-f1-60cdf979d89056f9382a846b,r5-f1-f048b20b5fd8c992c80f6732,237,245,8,False
6,r5-f1-6326749e86f5b189fc0e8433,r5-f1-f26c34b2d8b52e2cb8fbbbf6,223,229,6,False
6,r5-f1-633a38dfec01bdf942d94a18,r5-f1-7cbccd51bc7fc9dd0ffbc1d9,232,251,19,False
6,r5-f1-64efda09ee23454ef6fc4ea0,r5-f1-9791bc14ea20d25013131014,222,236,14,False
6,r5-f1-6c79a35c4220624067f86b80,r5-f1-da55951d31390d807d7d1725,233,240,7,False
6,r5-f1-720bb6d0cb4b78b9ffeb03a4,r5-f1-9e4eb2e6a343877e7cadf273,236,247,11,False
6,r5-f1-75b0f8cbaa9c3b464b678254,r5-f1-a73cccc1ce0baf4c400e2f82,218,240,22,False
6,r5-f1-7692b4c408bd859d83c37780,r5-f1-8314892e9ca8c8f4ff0220a7,218,227,9,False
6,r5-f1-78188385de6e2de136e13d33,r5-f1-94800f8cbff36e8722e36eb7,231,241,10,False
6,r5-f1-78703e27d1df172502650dc2,r5-f1-a96887b45ab5b4e57e4981ef,217,236,19,False
6,r5-f1-7d9fd9ab713cd0e8b1cce098,r5-f1-ae6f6609b2c760c468328003,227,237,10,False
6,r5-f1-850920fa10f9b9ba8843af7a,r5-f1-e714849831367e291c12986a,216,230,14,False
6,r5-f1-91af04efffefc50ce23cf297,r5-f1-bc613f63abcc1aef8fa11d83,239,246,7,False
6,r5-f1-93bdeada4e43e5a0dbafb6fe,r5-f1-f6518d584b598cd5c753e975,224,227,3,False
6,r5-f1-95baedc4243946fc23378121,r5-f1-ee59008270e04ddeb87f5940,226,233,7,False
6,r5-f1-96464e790b9333aa03c28b88,r5-f1-a28f658e0ad94927973a73dd,219,248,29,False
6,r5-f1-96bcc926cff67fb7265839f7,r5-f1-ecbdbfd182fdb8074ad5ef83,241,243,2,False
6,r5-f1-96dc56f89876a43a90f81ae8,r5-f1-e1ce38eb4734b02d744305a8,221,232,11,False
6,r5-f1-ad8646bcd13cb593285eabf2,r5-f1-e49baae09180e3649c380781,216,217,1,False
6,r5-f1-b502b62b5999cb6f2f46fde2,r5-f1-e233f959cfe5f94e7640a385,234,242,8,False
6,r5-f1-bc1bb47a4293aeda2703a38f,r5-f1-e7aff71e10e7b26122d32b72,234,250,16,False
6,r5-f1-bf42263e35b144aea3a125dd,r5-f1-e5af5cacf6dff47c97228615,224,240,16,False
6,r5-f1-bf9875c83a8844f910b65953,r5-f1-dac7055b419c0ee6030f9b80,228,237,9,False
6,r5-f1-c0187dbd694866e9a30a5a79,r5-f1-fce2c84e8e18a3277fc8a3da,220,239,19,False
6,r5-f1-c8aa69e9e27b9f54b146d2e2,r5-f1-fe2d363ab91f04f8406a2ca7,235,250,15,False
6,r5-f1-e8d6bec744f8d61e31dadcd7,r5-f1-efc5731ec7a8e9343621fbd7,232,244,12,False
6,r5-f1-ecf4946e7096b0f851fa9165,r5-f1-f79bcda9f779fd7ae1e9cad1,235,242,7,False
7,r5-f1-01b355775f2293b3ee1364b8,r5-f1-5c346dd9cec6ff67cc2a65de,265,266,1,False
7,r5-f1-021f03f1caf81b5e7b4e0920,r5-f1-83ac1d4a97bc2845e64596ab,269,281,12,False
7,r5-f1-05c2d8fed07d2996eea98947,r5-f1-fb2fd685d93a8e5350209fe8,267,286,19,False
7,r5-f1-072c39f4b8f288d57977e728,r5-f1-d463ffd94aae21470865802f,262,267,5,False
7,r5-f1-081c8e4b441012fd60db6ffe,r5-f1-9dd1420e88d6e1aa0115e74e,253,256,3,False
7,r5-f1-0d7f93d677ecae4c0ec37117,r5-f1-74bd80f2dff32f9fd1ee2f05,256,263,7,False
7,r5-f1-0e1c4b16ee27b5e02fcf1570,r5-f1-45f9baf8b494b40958de6249,258,260,2,False
7,r5-f1-12ec8264f1d798a20c8472ea,r5-f1-56bd5df46af93b8ef534ad9d,254,285,31,False
7,r5-f1-140b51f700eef3b9720a28c7,r5-f1-8b1ca5fb3df0743f8a5d2031,272,283,11,False
7,r5-f1-14592ad3fb277d902fcca8a4,r5-f1-c4ab86140291c3379237f3c6,277,282,5,False
7,r5-f1-17676cb8c65e947d9311466c,r5-f1-3ce5098afba99ac89b520439,252,287,35,False
7,r5-f1-1bd0b8bb497d87746752f61f,r5-f1-33d8225a9aa06186a07bcb81,257,280,23,False
7,r5-f1-1c05cb63b8fa86864476c790,r5-f1-753ac65796df96e3fa0dcd28,252,278,26,False
7,r5-f1-20081323b12313d0072a7558,r5-f1-68d84a588a2d97d510b9a798,265,274,9,False
7,r5-f1-213f6964c85dc869bfbc8e29,r5-f1-95b980071b480fd75474c504,252,264,12,False
7,r5-f1-2147d221d19787de20e29742,r5-f1-5fd7690662a56145be3a1b69,254,282,28,False
7,r5-f1-2209d0e463a55c60f24d2bfd,r5-f1-e6a3829cabd0249e46ded6fb,274,276,2,False
7,r5-f1-2d7ae5c0099ef1115cf9f49a,r5-f1-631687bae6a2a482c1b3467b,273,284,11,False
7,r5-f1-2f1f5522e8d48066aac367d3,r5-f1-f8c8b2629e7b13eb61c9d81e,252,278,26,False
7,r5-f1-3017647d3ea4dc9401adaf52,r5-f1-8d011739799631b71397985a,263,273,10,False
7,r5-f1-30d977225541ff1a4a549b3a,r5-f1-cca1530b46be3dd4d215ac9c,256,272,16,False
7,r5-f1-346838407cd512cc36b86a9f,r5-f1-384d4e783ac18f38d095fa6e,255,259,4,False
7,r5-f1-34d7dd11544b6dc87eb38bc0,r5-f1-7cc24d6be18b764c0c76a497,271,287,16,False
7,r5-f1-35d192def35747e67a3ea4bb,r5-f1-5b1d1399ad42dbda18fd62f4,269,284,15,False
7,r5-f1-35e06a6dbda44ebe51cadbbe,r5-f1-d8ee7108e6ed2dcfff764999,253,263,10,False
7,r5-f1-36c43a561be78681da35b3dd,r5-f1-883da7d6d35d9501a32a56c0,266,272,6,False
7,r5-f1-3d453f1453f64f70f9e9db5e,r5-f1-c7d613dd83014711dfe30d19,264,269,5,False
7,r5-f1-3d698dcc509fc631398f092d,r5-f1-e29eb97b70aaf293eeff3460,262,282,20,False
7,r5-f1-3e1835364efa0cd70eac8440,r5-f1-e53d27897f2b54b319359276,268,271,3,False
7,r5-f1-4064f2111ade33c872dddebb,r5-f1-8a99660c10ca49b3ea406d3a,253,258,5,False
7,r5-f1-41e9c948500eca6be7d91b52,r5-f1-dfc1a5170b311824b4d300ee,271,287,16,False
7,r5-f1-424ad895f87caef3551f0413,r5-f1-a5956cf71dc55f0b13dc6bcd,255,265,10,False
7,r5-f1-42bcd10207498d81228ee876,r5-f1-c33bda226b9dbfc0e3534b21,264,268,4,False
7,r5-f1-43d80123c368360fd146bbad,r5-f1-93bc6cd81b8e9c116cd78963,270,272,2,False
7,r5-f1-449082cbacc6b0b2df6b852f,r5-f1-ec24766b2964895b1e852dcf,255,258,3,False
7,r5-f1-46ca7e059c993e52aa2b696b,r5-f1-6389741841a6424240f2518f,254,280,26,False
7,r5-f1-484ccb5a8904c06ecb1eac33,r5-f1-abc0d8bc8badced6be8c2145,269,271,2,False
7,r5-f1-4c165001a3383e566579ad5b,r5-f1-aa1db5f9f2f6d628fe566631,276,281,5,False
7,r5-f1-4dc8aa1a120bbc32912d380e,r5-f1-8cb46f3d2238e81eb01d280c,261,266,5,False
7,r5-f1-51b98737a31bc79debbbfa14,r5-f1-c25660d46a0474e9b149d7ea,256,274,18,False
7,r5-f1-533c9a69b6238d710eabce91,r5-f1-ccfe0f67bd23dcb77ca62be7,268,275,7,False
7,r5-f1-54e337479077092c43e9373c,r5-f1-d3e01ada2aa733e5e0d6dfd8,262,270,8,False
7,r5-f1-5b88de40cf368cfe44843a1e,r5-f1-b5b521cbaa21cde776509fcd,265,274,9,False
7,r5-f1-5e4a2f47c8c40a725de2d246,r5-f1-d5a1e49631ce5b003b2e4a38,275,279,4,False
7,r5-f1-5f828a137a622871abcb86c7,r5-f1-c4577184ceeecd7502540cd3,255,270,15,False
7,r5-f1-60cdf979d89056f9382a846b,r5-f1-f048b20b5fd8c992c80f6732,279,282,3,False
7,r5-f1-6326749e86f5b189fc0e8433,r5-f1-f26c34b2d8b52e2cb8fbbbf6,275,286,11,False
7,r5-f1-633a38dfec01bdf942d94a18,r5-f1-7cbccd51bc7fc9dd0ffbc1d9,263,275,12,False
7,r5-f1-64efda09ee23454ef6fc4ea0,r5-f1-9791bc14ea20d25013131014,277,280,3,False
7,r5-f1-6c79a35c4220624067f86b80,r5-f1-da55951d31390d807d7d1725,261,278,17,False
7,r5-f1-720bb6d0cb4b78b9ffeb03a4,r5-f1-9e4eb2e6a343877e7cadf273,270,281,11,False
7,r5-f1-75b0f8cbaa9c3b464b678254,r5-f1-a73cccc1ce0baf4c400e2f82,253,261,8,False
7,r5-f1-7692b4c408bd859d83c37780,r5-f1-8314892e9ca8c8f4ff0220a7,254,264,10,False
7,r5-f1-78188385de6e2de136e13d33,r5-f1-94800f8cbff36e8722e36eb7,262,283,21,False
7,r5-f1-78703e27d1df172502650dc2,r5-f1-a96887b45ab5b4e57e4981ef,283,287,4,False
7,r5-f1-7d9fd9ab713cd0e8b1cce098,r5-f1-ae6f6609b2c760c468328003,259,261,2,False
7,r5-f1-850920fa10f9b9ba8843af7a,r5-f1-e714849831367e291c12986a,267,286,19,False
7,r5-f1-91af04efffefc50ce23cf297,r5-f1-bc613f63abcc1aef8fa11d83,257,281,24,False
7,r5-f1-93bdeada4e43e5a0dbafb6fe,r5-f1-f6518d584b598cd5c753e975,273,278,5,False
7,r5-f1-95baedc4243946fc23378121,r5-f1-ee59008270e04ddeb87f5940,260,279,19,False
7,r5-f1-96464e790b9333aa03c28b88,r5-f1-a28f658e0ad94927973a73dd,260,276,16,False
7,r5-f1-96bcc926cff67fb7265839f7,r5-f1-ecbdbfd182fdb8074ad5ef83,267,285,18,False
7,r5-f1-96dc56f89876a43a90f81ae8,r5-f1-e1ce38eb4734b02d744305a8,257,259,2,False
7,r5-f1-ad8646bcd13cb593285eabf2,r5-f1-e49baae09180e3649c380781,266,268,2,False
7,r5-f1-b502b62b5999cb6f2f46fde2,r5-f1-e233f959cfe5f94e7640a385,284,286,2,False
7,r5-f1-bc1bb47a4293aeda2703a38f,r5-f1-e7aff71e10e7b26122d32b72,276,285,9,False
7,r5-f1-bf42263e35b144aea3a125dd,r5-f1-e5af5cacf6dff47c97228615,277,283,6,False
7,r5-f1-bf9875c83a8844f910b65953,r5-f1-dac7055b419c0ee6030f9b80,277,279,2,False
7,r5-f1-c0187dbd694866e9a30a5a79,r5-f1-fce2c84e8e18a3277fc8a3da,257,285,28,False
7,r5-f1-c8aa69e9e27b9f54b146d2e2,r5-f1-fe2d363ab91f04f8406a2ca7,280,284,4,False
7,r5-f1-e8d6bec744f8d61e31dadcd7,r5-f1-efc5731ec7a8e9343621fbd7,258,259,1,False
7,r5-f1-ecf4946e7096b0f851fa9165,r5-f1-f79bcda9f779fd7ae1e9cad1,260,273,13,False
8,r5-f1-01b355775f2293b3ee1364b8,r5-f1-5c346dd9cec6ff67cc2a65de,294,299,5,False
8,r5-f1-021f03f1caf81b5e7b4e0920,r5-f1-83ac1d4a97bc2845e64596ab,288,312,24,False
8,r5-f1-05c2d8fed07d2996eea98947,r5-f1-fb2fd685d93a8e5350209fe8,308,322,14,False
8,r5-f1-072c39f4b8f288d57977e728,r5-f1-d463ffd94aae21470865802f,306,320,14,False
8,r5-f1-081c8e4b441012fd60db6ffe,r5-f1-9dd1420e88d6e1aa0115e74e,303,317,14,False
8,r5-f1-0d7f93d677ecae4c0ec37117,r5-f1-74bd80f2dff32f9fd1ee2f05,295,313,18,False
8,r5-f1-0e1c4b16ee27b5e02fcf1570,r5-f1-45f9baf8b494b40958de6249,301,310,9,False
8,r5-f1-12ec8264f1d798a20c8472ea,r5-f1-56bd5df46af93b8ef534ad9d,298,315,17,False
8,r5-f1-140b51f700eef3b9720a28c7,r5-f1-8b1ca5fb3df0743f8a5d2031,309,313,4,False
8,r5-f1-14592ad3fb277d902fcca8a4,r5-f1-c4ab86140291c3379237f3c6,289,311,22,False
8,r5-f1-17676cb8c65e947d9311466c,r5-f1-3ce5098afba99ac89b520439,299,306,7,False
8,r5-f1-1bd0b8bb497d87746752f61f,r5-f1-33d8225a9aa06186a07bcb81,292,300,8,False
8,r5-f1-1c05cb63b8fa86864476c790,r5-f1-753ac65796df96e3fa0dcd28,288,322,34,False
8,r5-f1-20081323b12313d0072a7558,r5-f1-68d84a588a2d97d510b9a798,298,316,18,False
8,r5-f1-213f6964c85dc869bfbc8e29,r5-f1-95b980071b480fd75474c504,318,320,2,False
8,r5-f1-2147d221d19787de20e29742,r5-f1-5fd7690662a56145be3a1b69,295,312,17,False
8,r5-f1-2209d0e463a55c60f24d2bfd,r5-f1-e6a3829cabd0249e46ded6fb,298,304,6,False
8,r5-f1-2d7ae5c0099ef1115cf9f49a,r5-f1-631687bae6a2a482c1b3467b,289,292,3,False
8,r5-f1-2f1f5522e8d48066aac367d3,r5-f1-f8c8b2629e7b13eb61c9d81e,293,298,5,False
8,r5-f1-3017647d3ea4dc9401adaf52,r5-f1-8d011739799631b71397985a,312,323,11,False
8,r5-f1-30d977225541ff1a4a549b3a,r5-f1-cca1530b46be3dd4d215ac9c,295,317,22,False
8,r5-f1-346838407cd512cc36b86a9f,r5-f1-384d4e783ac18f38d095fa6e,291,310,19,False
8,r5-f1-34d7dd11544b6dc87eb38bc0,r5-f1-7cc24d6be18b764c0c76a497,299,314,15,False
8,r5-f1-35d192def35747e67a3ea4bb,r5-f1-5b1d1399ad42dbda18fd62f4,288,304,16,False
8,r5-f1-35e06a6dbda44ebe51cadbbe,r5-f1-d8ee7108e6ed2dcfff764999,296,312,16,False
8,r5-f1-36c43a561be78681da35b3dd,r5-f1-883da7d6d35d9501a32a56c0,296,322,26,False
8,r5-f1-3d453f1453f64f70f9e9db5e,r5-f1-c7d613dd83014711dfe30d19,297,300,3,False
8,r5-f1-3d698dcc509fc631398f092d,r5-f1-e29eb97b70aaf293eeff3460,296,308,12,False
8,r5-f1-3e1835364efa0cd70eac8440,r5-f1-e53d27897f2b54b319359276,290,310,20,False
8,r5-f1-4064f2111ade33c872dddebb,r5-f1-8a99660c10ca49b3ea406d3a,289,303,14,False
8,r5-f1-41e9c948500eca6be7d91b52,r5-f1-dfc1a5170b311824b4d300ee,294,318,24,False
8,r5-f1-424ad895f87caef3551f0413,r5-f1-a5956cf71dc55f0b13dc6bcd,292,293,1,False
8,r5-f1-42bcd10207498d81228ee876,r5-f1-c33bda226b9dbfc0e3534b21,293,307,14,False
8,r5-f1-43d80123c368360fd146bbad,r5-f1-93bc6cd81b8e9c116cd78963,316,319,3,False
8,r5-f1-449082cbacc6b0b2df6b852f,r5-f1-ec24766b2964895b1e852dcf,290,307,17,False
8,r5-f1-46ca7e059c993e52aa2b696b,r5-f1-6389741841a6424240f2518f,305,323,18,False
8,r5-f1-484ccb5a8904c06ecb1eac33,r5-f1-abc0d8bc8badced6be8c2145,291,316,25,False
8,r5-f1-4c165001a3383e566579ad5b,r5-f1-aa1db5f9f2f6d628fe566631,322,323,1,False
8,r5-f1-4dc8aa1a120bbc32912d380e,r5-f1-8cb46f3d2238e81eb01d280c,303,321,18,False
8,r5-f1-51b98737a31bc79debbbfa14,r5-f1-c25660d46a0474e9b149d7ea,301,304,3,False
8,r5-f1-533c9a69b6238d710eabce91,r5-f1-ccfe0f67bd23dcb77ca62be7,297,315,18,False
8,r5-f1-54e337479077092c43e9373c,r5-f1-d3e01ada2aa733e5e0d6dfd8,290,318,28,False
8,r5-f1-5b88de40cf368cfe44843a1e,r5-f1-b5b521cbaa21cde776509fcd,305,307,2,False
8,r5-f1-5e4a2f47c8c40a725de2d246,r5-f1-d5a1e49631ce5b003b2e4a38,300,321,21,False
8,r5-f1-5f828a137a622871abcb86c7,r5-f1-c4577184ceeecd7502540cd3,293,297,4,False
8,r5-f1-60cdf979d89056f9382a846b,r5-f1-f048b20b5fd8c992c80f6732,297,323,26,False
8,r5-f1-6326749e86f5b189fc0e8433,r5-f1-f26c34b2d8b52e2cb8fbbbf6,303,321,18,False
8,r5-f1-633a38dfec01bdf942d94a18,r5-f1-7cbccd51bc7fc9dd0ffbc1d9,314,317,3,False
8,r5-f1-64efda09ee23454ef6fc4ea0,r5-f1-9791bc14ea20d25013131014,301,302,1,False
8,r5-f1-6c79a35c4220624067f86b80,r5-f1-da55951d31390d807d7d1725,290,315,25,False
8,r5-f1-720bb6d0cb4b78b9ffeb03a4,r5-f1-9e4eb2e6a343877e7cadf273,291,295,4,False
8,r5-f1-75b0f8cbaa9c3b464b678254,r5-f1-a73cccc1ce0baf4c400e2f82,311,314,3,False
8,r5-f1-7692b4c408bd859d83c37780,r5-f1-8314892e9ca8c8f4ff0220a7,305,313,8,False
8,r5-f1-78188385de6e2de136e13d33,r5-f1-94800f8cbff36e8722e36eb7,301,305,4,False
8,r5-f1-78703e27d1df172502650dc2,r5-f1-a96887b45ab5b4e57e4981ef,310,319,9,False
8,r5-f1-7d9fd9ab713cd0e8b1cce098,r5-f1-ae6f6609b2c760c468328003,294,313,19,False
8,r5-f1-850920fa10f9b9ba8843af7a,r5-f1-e714849831367e291c12986a,292,308,16,False
8,r5-f1-91af04efffefc50ce23cf297,r5-f1-bc613f63abcc1aef8fa11d83,302,320,18,False
8,r5-f1-93bdeada4e43e5a0dbafb6fe,r5-f1-f6518d584b598cd5c753e975,300,311,11,False
8,r5-f1-95baedc4243946fc23378121,r5-f1-ee59008270e04ddeb87f5940,294,299,5,False
8,r5-f1-96464e790b9333aa03c28b88,r5-f1-a28f658e0ad94927973a73dd,307,319,12,False
8,r5-f1-96bcc926cff67fb7265839f7,r5-f1-ecbdbfd182fdb8074ad5ef83,288,318,30,False
8,r5-f1-96dc56f89876a43a90f81ae8,r5-f1-e1ce38eb4734b02d744305a8,302,304,2,False
8,r5-f1-ad8646bcd13cb593285eabf2,r5-f1-e49baae09180e3649c380781,296,319,23,False
8,r5-f1-b502b62b5999cb6f2f46fde2,r5-f1-e233f959cfe5f94e7640a385,291,320,29,False
8,r5-f1-bc1bb47a4293aeda2703a38f,r5-f1-e7aff71e10e7b26122d32b72,302,321,19,False
8,r5-f1-bf42263e35b144aea3a125dd,r5-f1-e5af5cacf6dff47c97228615,309,311,2,False
8,r5-f1-bf9875c83a8844f910b65953,r5-f1-dac7055b419c0ee6030f9b80,315,316,1,False
8,r5-f1-c0187dbd694866e9a30a5a79,r5-f1-fce2c84e8e18a3277fc8a3da,309,309,0,True
8,r5-f1-c8aa69e9e27b9f54b146d2e2,r5-f1-fe2d363ab91f04f8406a2ca7,289,306,17,False
8,r5-f1-e8d6bec744f8d61e31dadcd7,r5-f1-efc5731ec7a8e9343621fbd7,306,317,11,False
8,r5-f1-ecf4946e7096b0f851fa9165,r5-f1-f79bcda9f779fd7ae1e9cad1,308,314,6,False
9,r5-f1-01b355775f2293b3ee1364b8,r5-f1-5c346dd9cec6ff67cc2a65de,332,359,27,False
9,r5-f1-021f03f1caf81b5e7b4e0920,r5-f1-83ac1d4a97bc2845e64596ab,331,338,7,False
9,r5-f1-05c2d8fed07d2996eea98947,r5-f1-fb2fd685d93a8e5350209fe8,333,359,26,False
9,r5-f1-072c39f4b8f288d57977e728,r5-f1-d463ffd94aae21470865802f,331,336,5,False
9,r5-f1-081c8e4b441012fd60db6ffe,r5-f1-9dd1420e88d6e1aa0115e74e,327,354,27,False
9,r5-f1-0d7f93d677ecae4c0ec37117,r5-f1-74bd80f2dff32f9fd1ee2f05,327,330,3,False
9,r5-f1-0e1c4b16ee27b5e02fcf1570,r5-f1-45f9baf8b494b40958de6249,328,341,13,False
9,r5-f1-12ec8264f1d798a20c8472ea,r5-f1-56bd5df46af93b8ef534ad9d,327,330,3,False
9,r5-f1-140b51f700eef3b9720a28c7,r5-f1-8b1ca5fb3df0743f8a5d2031,347,353,6,False
9,r5-f1-14592ad3fb277d902fcca8a4,r5-f1-c4ab86140291c3379237f3c6,345,358,13,False
9,r5-f1-17676cb8c65e947d9311466c,r5-f1-3ce5098afba99ac89b520439,329,335,6,False
9,r5-f1-1bd0b8bb497d87746752f61f,r5-f1-33d8225a9aa06186a07bcb81,339,354,15,False
9,r5-f1-1c05cb63b8fa86864476c790,r5-f1-753ac65796df96e3fa0dcd28,327,336,9,False
9,r5-f1-20081323b12313d0072a7558,r5-f1-68d84a588a2d97d510b9a798,333,357,24,False
9,r5-f1-213f6964c85dc869bfbc8e29,r5-f1-95b980071b480fd75474c504,340,350,10,False
9,r5-f1-2147d221d19787de20e29742,r5-f1-5fd7690662a56145be3a1b69,342,346,4,False
9,r5-f1-2209d0e463a55c60f24d2bfd,r5-f1-e6a3829cabd0249e46ded6fb,324,332,8,False
9,r5-f1-2d7ae5c0099ef1115cf9f49a,r5-f1-631687bae6a2a482c1b3467b,337,356,19,False
9,r5-f1-2f1f5522e8d48066aac367d3,r5-f1-f8c8b2629e7b13eb61c9d81e,342,344,2,False
9,r5-f1-3017647d3ea4dc9401adaf52,r5-f1-8d011739799631b71397985a,331,346,15,False
9,r5-f1-30d977225541ff1a4a549b3a,r5-f1-cca1530b46be3dd4d215ac9c,336,353,17,False
9,r5-f1-346838407cd512cc36b86a9f,r5-f1-384d4e783ac18f38d095fa6e,325,341,16,False
9,r5-f1-34d7dd11544b6dc87eb38bc0,r5-f1-7cc24d6be18b764c0c76a497,330,333,3,False
9,r5-f1-35d192def35747e67a3ea4bb,r5-f1-5b1d1399ad42dbda18fd62f4,344,357,13,False
9,r5-f1-35e06a6dbda44ebe51cadbbe,r5-f1-d8ee7108e6ed2dcfff764999,336,342,6,False
9,r5-f1-36c43a561be78681da35b3dd,r5-f1-883da7d6d35d9501a32a56c0,325,343,18,False
9,r5-f1-3d453f1453f64f70f9e9db5e,r5-f1-c7d613dd83014711dfe30d19,326,349,23,False
9,r5-f1-3d698dcc509fc631398f092d,r5-f1-e29eb97b70aaf293eeff3460,325,343,18,False
9,r5-f1-3e1835364efa0cd70eac8440,r5-f1-e53d27897f2b54b319359276,328,346,18,False
9,r5-f1-4064f2111ade33c872dddebb,r5-f1-8a99660c10ca49b3ea406d3a,330,332,2,False
9,r5-f1-41e9c948500eca6be7d91b52,r5-f1-dfc1a5170b311824b4d300ee,344,345,1,False
9,r5-f1-424ad895f87caef3551f0413,r5-f1-a5956cf71dc55f0b13dc6bcd,352,358,6,False
9,r5-f1-42bcd10207498d81228ee876,r5-f1-c33bda226b9dbfc0e3534b21,334,339,5,False
9,r5-f1-43d80123c368360fd146bbad,r5-f1-93bc6cd81b8e9c116cd78963,326,355,29,False
9,r5-f1-449082cbacc6b0b2df6b852f,r5-f1-ec24766b2964895b1e852dcf,335,351,16,False
9,r5-f1-46ca7e059c993e52aa2b696b,r5-f1-6389741841a6424240f2518f,353,357,4,False
9,r5-f1-484ccb5a8904c06ecb1eac33,r5-f1-abc0d8bc8badced6be8c2145,344,347,3,False
9,r5-f1-4c165001a3383e566579ad5b,r5-f1-aa1db5f9f2f6d628fe566631,324,340,16,False
9,r5-f1-4dc8aa1a120bbc32912d380e,r5-f1-8cb46f3d2238e81eb01d280c,356,359,3,False
9,r5-f1-51b98737a31bc79debbbfa14,r5-f1-c25660d46a0474e9b149d7ea,332,348,16,False
9,r5-f1-533c9a69b6238d710eabce91,r5-f1-ccfe0f67bd23dcb77ca62be7,337,352,15,False
9,r5-f1-54e337479077092c43e9373c,r5-f1-d3e01ada2aa733e5e0d6dfd8,329,338,9,False
9,r5-f1-5b88de40cf368cfe44843a1e,r5-f1-b5b521cbaa21cde776509fcd,341,348,7,False
9,r5-f1-5e4a2f47c8c40a725de2d246,r5-f1-d5a1e49631ce5b003b2e4a38,337,340,3,False
9,r5-f1-5f828a137a622871abcb86c7,r5-f1-c4577184ceeecd7502540cd3,326,354,28,False
9,r5-f1-60cdf979d89056f9382a846b,r5-f1-f048b20b5fd8c992c80f6732,328,337,9,False
9,r5-f1-6326749e86f5b189fc0e8433,r5-f1-f26c34b2d8b52e2cb8fbbbf6,325,339,14,False
9,r5-f1-633a38dfec01bdf942d94a18,r5-f1-7cbccd51bc7fc9dd0ffbc1d9,324,347,23,False
9,r5-f1-64efda09ee23454ef6fc4ea0,r5-f1-9791bc14ea20d25013131014,335,350,15,False
9,r5-f1-6c79a35c4220624067f86b80,r5-f1-da55951d31390d807d7d1725,343,345,2,False
9,r5-f1-720bb6d0cb4b78b9ffeb03a4,r5-f1-9e4eb2e6a343877e7cadf273,343,355,12,False
9,r5-f1-75b0f8cbaa9c3b464b678254,r5-f1-a73cccc1ce0baf4c400e2f82,346,357,11,False
9,r5-f1-7692b4c408bd859d83c37780,r5-f1-8314892e9ca8c8f4ff0220a7,329,347,18,False
9,r5-f1-78188385de6e2de136e13d33,r5-f1-94800f8cbff36e8722e36eb7,342,356,14,False
9,r5-f1-78703e27d1df172502650dc2,r5-f1-a96887b45ab5b4e57e4981ef,348,352,4,False
9,r5-f1-7d9fd9ab713cd0e8b1cce098,r5-f1-ae6f6609b2c760c468328003,333,350,17,False
9,r5-f1-850920fa10f9b9ba8843af7a,r5-f1-e714849831367e291c12986a,341,348,7,False
9,r5-f1-91af04efffefc50ce23cf297,r5-f1-bc613f63abcc1aef8fa11d83,329,335,6,False
9,r5-f1-93bdeada4e43e5a0dbafb6fe,r5-f1-f6518d584b598cd5c753e975,334,358,24,False
9,r5-f1-95baedc4243946fc23378121,r5-f1-ee59008270e04ddeb87f5940,351,352,1,False
9,r5-f1-96464e790b9333aa03c28b88,r5-f1-a28f658e0ad94927973a73dd,334,355,21,False
9,r5-f1-96bcc926cff67fb7265839f7,r5-f1-ecbdbfd182fdb8074ad5ef83,339,349,10,False
9,r5-f1-96dc56f89876a43a90f81ae8,r5-f1-e1ce38eb4734b02d744305a8,331,358,27,False
9,r5-f1-ad8646bcd13cb593285eabf2,r5-f1-e49baae09180e3649c380781,324,340,16,False
9,r5-f1-b502b62b5999cb6f2f46fde2,r5-f1-e233f959cfe5f94e7640a385,338,359,21,False
9,r5-f1-bc1bb47a4293aeda2703a38f,r5-f1-e7aff71e10e7b26122d32b72,326,349,23,False
9,r5-f1-bf42263e35b144aea3a125dd,r5-f1-e5af5cacf6dff47c97228615,334,354,20,False
9,r5-f1-bf9875c83a8844f910b65953,r5-f1-dac7055b419c0ee6030f9b80,351,355,4,False
9,r5-f1-c0187dbd694866e9a30a5a79,r5-f1-fce2c84e8e18a3277fc8a3da,328,338,10,False
9,r5-f1-c8aa69e9e27b9f54b146d2e2,r5-f1-fe2d363ab91f04f8406a2ca7,345,356,11,False
9,r5-f1-e8d6bec744f8d61e31dadcd7,r5-f1-efc5731ec7a8e9343621fbd7,349,350,1,False
9,r5-f1-ecf4946e7096b0f851fa9165,r5-f1-f79bcda9f779fd7ae1e9cad1,351,353,2,False
10,r5-f1-01b355775f2293b3ee1364b8,r5-f1-5c346dd9cec6ff67cc2a65de,360,371,11,False
10,r5-f1-021f03f1caf81b5e7b4e0920,r5-f1-83ac1d4a97bc2845e64596ab,360,386,26,False
10,r5-f1-05c2d8fed07d2996eea98947,r5-f1-fb2fd685d93a8e5350209fe8,362,376,14,False
10,r5-f1-072c39f4b8f288d57977e728,r5-f1-d463ffd94aae21470865802f,360,370,10,False
10,r5-f1-081c8e4b441012fd60db6ffe,r5-f1-9dd1420e88d6e1aa0115e74e,372,395,23,False
10,r5-f1-0d7f93d677ecae4c0ec37117,r5-f1-74bd80f2dff32f9fd1ee2f05,372,386,14,False
10,r5-f1-0e1c4b16ee27b5e02fcf1570,r5-f1-45f9baf8b494b40958de6249,376,390,14,False
10,r5-f1-12ec8264f1d798a20c8472ea,r5-f1-56bd5df46af93b8ef534ad9d,367,384,17,False
10,r5-f1-140b51f700eef3b9720a28c7,r5-f1-8b1ca5fb3df0743f8a5d2031,362,381,19,False
10,r5-f1-14592ad3fb277d902fcca8a4,r5-f1-c4ab86140291c3379237f3c6,386,394,8,False
10,r5-f1-17676cb8c65e947d9311466c,r5-f1-3ce5098afba99ac89b520439,374,383,9,False
10,r5-f1-1bd0b8bb497d87746752f61f,r5-f1-33d8225a9aa06186a07bcb81,364,372,8,False
10,r5-f1-1c05cb63b8fa86864476c790,r5-f1-753ac65796df96e3fa0dcd28,366,387,21,False
10,r5-f1-20081323b12313d0072a7558,r5-f1-68d84a588a2d97d510b9a798,384,394,10,False
10,r5-f1-213f6964c85dc869bfbc8e29,r5-f1-95b980071b480fd75474c504,368,383,15,False
10,r5-f1-2147d221d19787de20e29742,r5-f1-5fd7690662a56145be3a1b69,381,389,8,False
10,r5-f1-2209d0e463a55c60f24d2bfd,r5-f1-e6a3829cabd0249e46ded6fb,391,392,1,False
10,r5-f1-2d7ae5c0099ef1115cf9f49a,r5-f1-631687bae6a2a482c1b3467b,370,395,25,False
10,r5-f1-2f1f5522e8d48066aac367d3,r5-f1-f8c8b2629e7b13eb61c9d81e,364,369,5,False
10,r5-f1-3017647d3ea4dc9401adaf52,r5-f1-8d011739799631b71397985a,385,392,7,False
10,r5-f1-30d977225541ff1a4a549b3a,r5-f1-cca1530b46be3dd4d215ac9c,366,388,22,False
10,r5-f1-346838407cd512cc36b86a9f,r5-f1-384d4e783ac18f38d095fa6e,377,391,14,False
10,r5-f1-34d7dd11544b6dc87eb38bc0,r5-f1-7cc24d6be18b764c0c76a497,370,385,15,False
10,r5-f1-35d192def35747e67a3ea4bb,r5-f1-5b1d1399ad42dbda18fd62f4,360,368,8,False
10,r5-f1-35e06a6dbda44ebe51cadbbe,r5-f1-d8ee7108e6ed2dcfff764999,365,387,22,False
10,r5-f1-36c43a561be78681da35b3dd,r5-f1-883da7d6d35d9501a32a56c0,378,392,14,False
10,r5-f1-3d453f1453f64f70f9e9db5e,r5-f1-c7d613dd83014711dfe30d19,375,388,13,False
10,r5-f1-3d698dcc509fc631398f092d,r5-f1-e29eb97b70aaf293eeff3460,365,380,15,False
10,r5-f1-3e1835364efa0cd70eac8440,r5-f1-e53d27897f2b54b319359276,366,370,4,False
10,r5-f1-4064f2111ade33c872dddebb,r5-f1-8a99660c10ca49b3ea406d3a,373,374,1,False
10,r5-f1-41e9c948500eca6be7d91b52,r5-f1-dfc1a5170b311824b4d300ee,363,392,29,False
10,r5-f1-424ad895f87caef3551f0413,r5-f1-a5956cf71dc55f0b13dc6bcd,369,382,13,False
10,r5-f1-42bcd10207498d81228ee876,r5-f1-c33bda226b9dbfc0e3534b21,363,369,6,False
10,r5-f1-43d80123c368360fd146bbad,r5-f1-93bc6cd81b8e9c116cd78963,378,388,10,False
10,r5-f1-449082cbacc6b0b2df6b852f,r5-f1-ec24766b2964895b1e852dcf,371,379,8,False
10,r5-f1-46ca7e059c993e52aa2b696b,r5-f1-6389741841a6424240f2518f,380,394,14,False
10,r5-f1-484ccb5a8904c06ecb1eac33,r5-f1-abc0d8bc8badced6be8c2145,389,390,1,False
10,r5-f1-4c165001a3383e566579ad5b,r5-f1-aa1db5f9f2f6d628fe566631,368,373,5,False
10,r5-f1-4dc8aa1a120bbc32912d380e,r5-f1-8cb46f3d2238e81eb01d280c,361,365,4,False
10,r5-f1-51b98737a31bc79debbbfa14,r5-f1-c25660d46a0474e9b149d7ea,363,379,16,False
10,r5-f1-533c9a69b6238d710eabce91,r5-f1-ccfe0f67bd23dcb77ca62be7,376,382,6,False
10,r5-f1-54e337479077092c43e9373c,r5-f1-d3e01ada2aa733e5e0d6dfd8,371,393,22,False
10,r5-f1-5b88de40cf368cfe44843a1e,r5-f1-b5b521cbaa21cde776509fcd,362,378,16,False
10,r5-f1-5e4a2f47c8c40a725de2d246,r5-f1-d5a1e49631ce5b003b2e4a38,367,380,13,False
10,r5-f1-5f828a137a622871abcb86c7,r5-f1-c4577184ceeecd7502540cd3,375,383,8,False
10,r5-f1-60cdf979d89056f9382a846b,r5-f1-f048b20b5fd8c992c80f6732,368,385,17,False
10,r5-f1-6326749e86f5b189fc0e8433,r5-f1-f26c34b2d8b52e2cb8fbbbf6,367,383,16,False
10,r5-f1-633a38dfec01bdf942d94a18,r5-f1-7cbccd51bc7fc9dd0ffbc1d9,364,374,10,False
10,r5-f1-64efda09ee23454ef6fc4ea0,r5-f1-9791bc14ea20d25013131014,373,376,3,False
10,r5-f1-6c79a35c4220624067f86b80,r5-f1-da55951d31390d807d7d1725,382,385,3,False
10,r5-f1-720bb6d0cb4b78b9ffeb03a4,r5-f1-9e4eb2e6a343877e7cadf273,379,394,15,False
10,r5-f1-75b0f8cbaa9c3b464b678254,r5-f1-a73cccc1ce0baf4c400e2f82,365,377,12,False
10,r5-f1-7692b4c408bd859d83c37780,r5-f1-8314892e9ca8c8f4ff0220a7,361,389,28,False
10,r5-f1-78188385de6e2de136e13d33,r5-f1-94800f8cbff36e8722e36eb7,380,381,1,False
10,r5-f1-78703e27d1df172502650dc2,r5-f1-a96887b45ab5b4e57e4981ef,377,378,1,False
10,r5-f1-7d9fd9ab713cd0e8b1cce098,r5-f1-ae6f6609b2c760c468328003,363,369,6,False
10,r5-f1-850920fa10f9b9ba8843af7a,r5-f1-e714849831367e291c12986a,384,388,4,False
10,r5-f1-91af04efffefc50ce23cf297,r5-f1-bc613f63abcc1aef8fa11d83,381,393,12,False
10,r5-f1-93bdeada4e43e5a0dbafb6fe,r5-f1-f6518d584b598cd5c753e975,371,387,16,False
10,r5-f1-95baedc4243946fc23378121,r5-f1-ee59008270e04ddeb87f5940,372,375,3,False
10,r5-f1-96464e790b9333aa03c28b88,r5-f1-a28f658e0ad94927973a73dd,379,390,11,False
10,r5-f1-96bcc926cff67fb7265839f7,r5-f1-ecbdbfd182fdb8074ad5ef83,373,384,11,False
10,r5-f1-96dc56f89876a43a90f81ae8,r5-f1-e1ce38eb4734b02d744305a8,364,382,18,False
10,r5-f1-ad8646bcd13cb593285eabf2,r5-f1-e49baae09180e3649c380781,367,377,10,False
10,r5-f1-b502b62b5999cb6f2f46fde2,r5-f1-e233f959cfe5f94e7640a385,389,395,6,False
10,r5-f1-bc1bb47a4293aeda2703a38f,r5-f1-e7aff71e10e7b26122d32b72,361,391,30,False
10,r5-f1-bf42263e35b144aea3a125dd,r5-f1-e5af5cacf6dff47c97228615,366,374,8,False
10,r5-f1-bf9875c83a8844f910b65953,r5-f1-dac7055b419c0ee6030f9b80,387,391,4,False
10,r5-f1-c0187dbd694866e9a30a5a79,r5-f1-fce2c84e8e18a3277fc8a3da,361,393,32,False
10,r5-f1-c8aa69e9e27b9f54b146d2e2,r5-f1-fe2d363ab91f04f8406a2ca7,375,393,18,False
10,r5-f1-e8d6bec744f8d61e31dadcd7,r5-f1-efc5731ec7a8e9343621fbd7,362,390,28,False
10,r5-f1-ecf4946e7096b0f851fa9165,r5-f1-f79bcda9f779fd7ae1e9cad1,386,395,9,False
11,r5-f1-01b355775f2293b3ee1364b8,r5-f1-5c346dd9cec6ff67cc2a65de,401,412,11,False
11,r5-f1-021f03f1caf81b5e7b4e0920,r5-f1-83ac1d4a97bc2845e64596ab,402,431,29,False
11,r5-f1-05c2d8fed07d2996eea98947,r5-f1-fb2fd685d93a8e5350209fe8,407,420,13,False
11,r5-f1-072c39f4b8f288d57977e728,r5-f1-d463ffd94aae21470865802f,424,427,3,False
11,r5-f1-081c8e4b441012fd60db6ffe,r5-f1-9dd1420e88d6e1aa0115e74e,409,413,4,False
11,r5-f1-0d7f93d677ecae4c0ec37117,r5-f1-74bd80f2dff32f9fd1ee2f05,403,412,9,False
11,r5-f1-0e1c4b16ee27b5e02fcf1570,r5-f1-45f9baf8b494b40958de6249,415,428,13,False
11,r5-f1-12ec8264f1d798a20c8472ea,r5-f1-56bd5df46af93b8ef534ad9d,401,410,9,False
11,r5-f1-140b51f700eef3b9720a28c7,r5-f1-8b1ca5fb3df0743f8a5d2031,400,424,24,False
11,r5-f1-14592ad3fb277d902fcca8a4,r5-f1-c4ab86140291c3379237f3c6,398,430,32,False
11,r5-f1-17676cb8c65e947d9311466c,r5-f1-3ce5098afba99ac89b520439,412,423,11,False
11,r5-f1-1bd0b8bb497d87746752f61f,r5-f1-33d8225a9aa06186a07bcb81,414,419,5,False
11,r5-f1-1c05cb63b8fa86864476c790,r5-f1-753ac65796df96e3fa0dcd28,408,419,11,False
11,r5-f1-20081323b12313d0072a7558,r5-f1-68d84a588a2d97d510b9a798,405,412,7,False
11,r5-f1-213f6964c85dc869bfbc8e29,r5-f1-95b980071b480fd75474c504,404,429,25,False
11,r5-f1-2147d221d19787de20e29742,r5-f1-5fd7690662a56145be3a1b69,402,410,8,False
11,r5-f1-2209d0e463a55c60f24d2bfd,r5-f1-e6a3829cabd0249e46ded6fb,416,417,1,False
11,r5-f1-2d7ae5c0099ef1115cf9f49a,r5-f1-631687bae6a2a482c1b3467b,404,426,22,False
11,r5-f1-2f1f5522e8d48066aac367d3,r5-f1-f8c8b2629e7b13eb61c9d81e,407,425,18,False
11,r5-f1-3017647d3ea4dc9401adaf52,r5-f1-8d011739799631b71397985a,404,408,4,False
11,r5-f1-30d977225541ff1a4a549b3a,r5-f1-cca1530b46be3dd4d215ac9c,397,422,25,False
11,r5-f1-346838407cd512cc36b86a9f,r5-f1-384d4e783ac18f38d095fa6e,411,415,4,False
11,r5-f1-34d7dd11544b6dc87eb38bc0,r5-f1-7cc24d6be18b764c0c76a497,406,419,13,False
11,r5-f1-35d192def35747e67a3ea4bb,r5-f1-5b1d1399ad42dbda18fd62f4,399,424,25,False
11,r5-f1-35e06a6dbda44ebe51cadbbe,r5-f1-d8ee7108e6ed2dcfff764999,418,429,11,False
11,r5-f1-36c43a561be78681da35b3dd,r5-f1-883da7d6d35d9501a32a56c0,399,416,17,False
11,r5-f1-3d453f1453f64f70f9e9db5e,r5-f1-c7d613dd83014711dfe30d19,426,431,5,False
11,r5-f1-3d698dcc509fc631398f092d,r5-f1-e29eb97b70aaf293eeff3460,408,414,6,False
11,r5-f1-3e1835364efa0cd70eac8440,r5-f1-e53d27897f2b54b319359276,401,421,20,False
11,r5-f1-4064f2111ade33c872dddebb,r5-f1-8a99660c10ca49b3ea406d3a,399,409,10,False
11,r5-f1-41e9c948500eca6be7d91b52,r5-f1-dfc1a5170b311824b4d300ee,400,421,21,False
11,r5-f1-424ad895f87caef3551f0413,r5-f1-a5956cf71dc55f0b13dc6bcd,402,420,18,False
11,r5-f1-42bcd10207498d81228ee876,r5-f1-c33bda226b9dbfc0e3534b21,396,414,18,False
11,r5-f1-43d80123c368360fd146bbad,r5-f1-93bc6cd81b8e9c116cd78963,409,427,18,False
11,r5-f1-449082cbacc6b0b2df6b852f,r5-f1-ec24766b2964895b1e852dcf,417,428,11,False
11,r5-f1-46ca7e059c993e52aa2b696b,r5-f1-6389741841a6424240f2518f,414,426,12,False
11,r5-f1-484ccb5a8904c06ecb1eac33,r5-f1-abc0d8bc8badced6be8c2145,407,413,6,False
11,r5-f1-4c165001a3383e566579ad5b,r5-f1-aa1db5f9f2f6d628fe566631,403,407,4,False
11,r5-f1-4dc8aa1a120bbc32912d380e,r5-f1-8cb46f3d2238e81eb01d280c,406,418,12,False
11,r5-f1-51b98737a31bc79debbbfa14,r5-f1-c25660d46a0474e9b149d7ea,403,406,3,False
11,r5-f1-533c9a69b6238d710eabce91,r5-f1-ccfe0f67bd23dcb77ca62be7,397,431,34,False
11,r5-f1-54e337479077092c43e9373c,r5-f1-d3e01ada2aa733e5e0d6dfd8,422,427,5,False
11,r5-f1-5b88de40cf368cfe44843a1e,r5-f1-b5b521cbaa21cde776509fcd,398,430,32,False
11,r5-f1-5e4a2f47c8c40a725de2d246,r5-f1-d5a1e49631ce5b003b2e4a38,411,424,13,False
11,r5-f1-5f828a137a622871abcb86c7,r5-f1-c4577184ceeecd7502540cd3,422,427,5,False
11,r5-f1-60cdf979d89056f9382a846b,r5-f1-f048b20b5fd8c992c80f6732,429,430,1,False
11,r5-f1-6326749e86f5b189fc0e8433,r5-f1-f26c34b2d8b52e2cb8fbbbf6,403,418,15,False
11,r5-f1-633a38dfec01bdf942d94a18,r5-f1-7cbccd51bc7fc9dd0ffbc1d9,396,409,13,False
11,r5-f1-64efda09ee23454ef6fc4ea0,r5-f1-9791bc14ea20d25013131014,410,421,11,False
11,r5-f1-6c79a35c4220624067f86b80,r5-f1-da55951d31390d807d7d1725,397,413,16,False
11,r5-f1-720bb6d0cb4b78b9ffeb03a4,r5-f1-9e4eb2e6a343877e7cadf273,397,423,26,False
11,r5-f1-75b0f8cbaa9c3b464b678254,r5-f1-a73cccc1ce0baf4c400e2f82,413,425,12,False
11,r5-f1-7692b4c408bd859d83c37780,r5-f1-8314892e9ca8c8f4ff0220a7,401,425,24,False
11,r5-f1-78188385de6e2de136e13d33,r5-f1-94800f8cbff36e8722e36eb7,396,419,23,False
11,r5-f1-78703e27d1df172502650dc2,r5-f1-a96887b45ab5b4e57e4981ef,411,416,5,False
11,r5-f1-7d9fd9ab713cd0e8b1cce098,r5-f1-ae6f6609b2c760c468328003,400,428,28,False
11,r5-f1-850920fa10f9b9ba8843af7a,r5-f1-e714849831367e291c12986a,422,426,4,False
11,r5-f1-91af04efffefc50ce23cf297,r5-f1-bc613f63abcc1aef8fa11d83,417,423,6,False
11,r5-f1-93bdeada4e43e5a0dbafb6fe,r5-f1-f6518d584b598cd5c753e975,404,406,2,False
11,r5-f1-95baedc4243946fc23378121,r5-f1-ee59008270e04ddeb87f5940,415,415,0,True
11,r5-f1-96464e790b9333aa03c28b88,r5-f1-a28f658e0ad94927973a73dd,398,423,25,False
11,r5-f1-96bcc926cff67fb7265839f7,r5-f1-ecbdbfd182fdb8074ad5ef83,405,417,12,False
11,r5-f1-96dc56f89876a43a90f81ae8,r5-f1-e1ce38eb4734b02d744305a8,398,421,23,False
11,r5-f1-ad8646bcd13cb593285eabf2,r5-f1-e49baae09180e3649c380781,420,429,9,False
11,r5-f1-b502b62b5999cb6f2f46fde2,r5-f1-e233f959cfe5f94e7640a385,418,430,12,False
11,r5-f1-bc1bb47a4293aeda2703a38f,r5-f1-e7aff71e10e7b26122d32b72,400,416,16,False
11,r5-f1-bf42263e35b144aea3a125dd,r5-f1-e5af5cacf6dff47c97228615,402,425,23,False
11,r5-f1-bf9875c83a8844f910b65953,r5-f1-dac7055b419c0ee6030f9b80,399,408,9,False
11,r5-f1-c0187dbd694866e9a30a5a79,r5-f1-fce2c84e8e18a3277fc8a3da,405,420,15,False
11,r5-f1-c8aa69e9e27b9f54b146d2e2,r5-f1-fe2d363ab91f04f8406a2ca7,405,428,23,False
11,r5-f1-e8d6bec744f8d61e31dadcd7,r5-f1-efc5731ec7a8e9343621fbd7,396,431,35,False
11,r5-f1-ecf4946e7096b0f851fa9165,r5-f1-f79bcda9f779fd7ae1e9cad1,410,411,1,False
12,r5-f1-01b355775f2293b3ee1364b8,r5-f1-5c346dd9cec6ff67cc2a65de,437,457,20,False
12,r5-f1-021f03f1caf81b5e7b4e0920,r5-f1-83ac1d4a97bc2845e64596ab,435,453,18,False
12,r5-f1-05c2d8fed07d2996eea98947,r5-f1-fb2fd685d93a8e5350209fe8,436,462,26,False
12,r5-f1-072c39f4b8f288d57977e728,r5-f1-d463ffd94aae21470865802f,450,461,11,False
12,r5-f1-081c8e4b441012fd60db6ffe,r5-f1-9dd1420e88d6e1aa0115e74e,458,459,1,False
12,r5-f1-0d7f93d677ecae4c0ec37117,r5-f1-74bd80f2dff32f9fd1ee2f05,435,465,30,False
12,r5-f1-0e1c4b16ee27b5e02fcf1570,r5-f1-45f9baf8b494b40958de6249,445,459,14,False
12,r5-f1-12ec8264f1d798a20c8472ea,r5-f1-56bd5df46af93b8ef534ad9d,458,467,9,False
12,r5-f1-140b51f700eef3b9720a28c7,r5-f1-8b1ca5fb3df0743f8a5d2031,457,460,3,False
12,r5-f1-14592ad3fb277d902fcca8a4,r5-f1-c4ab86140291c3379237f3c6,433,459,26,False
12,r5-f1-17676cb8c65e947d9311466c,r5-f1-3ce5098afba99ac89b520439,449,460,11,False
12,r5-f1-1bd0b8bb497d87746752f61f,r5-f1-33d8225a9aa06186a07bcb81,438,452,14,False
12,r5-f1-1c05cb63b8fa86864476c790,r5-f1-753ac65796df96e3fa0dcd28,449,463,14,False
12,r5-f1-20081323b12313d0072a7558,r5-f1-68d84a588a2d97d510b9a798,453,457,4,False
12,r5-f1-213f6964c85dc869bfbc8e29,r5-f1-95b980071b480fd75474c504,440,451,11,False
12,r5-f1-2147d221d19787de20e29742,r5-f1-5fd7690662a56145be3a1b69,448,463,15,False
12,r5-f1-2209d0e463a55c60f24d2bfd,r5-f1-e6a3829cabd0249e46ded6fb,442,443,1,False
12,r5-f1-2d7ae5c0099ef1115cf9f49a,r5-f1-631687bae6a2a482c1b3467b,439,455,16,False
12,r5-f1-2f1f5522e8d48066aac367d3,r5-f1-f8c8b2629e7b13eb61c9d81e,434,439,5,False
12,r5-f1-3017647d3ea4dc9401adaf52,r5-f1-8d011739799631b71397985a,456,463,7,False
12,r5-f1-30d977225541ff1a4a549b3a,r5-f1-cca1530b46be3dd4d215ac9c,454,466,12,False
12,r5-f1-346838407cd512cc36b86a9f,r5-f1-384d4e783ac18f38d095fa6e,443,449,6,False
12,r5-f1-34d7dd11544b6dc87eb38bc0,r5-f1-7cc24d6be18b764c0c76a497,432,451,19,False
12,r5-f1-35d192def35747e67a3ea4bb,r5-f1-5b1d1399ad42dbda18fd62f4,441,443,2,False
12,r5-f1-35e06a6dbda44ebe51cadbbe,r5-f1-d8ee7108e6ed2dcfff764999,442,464,22,False
12,r5-f1-36c43a561be78681da35b3dd,r5-f1-883da7d6d35d9501a32a56c0,444,447,3,False
12,r5-f1-3d453f1453f64f70f9e9db5e,r5-f1-c7d613dd83014711dfe30d19,434,454,20,False
12,r5-f1-3d698dcc509fc631398f092d,r5-f1-e29eb97b70aaf293eeff3460,433,439,6,False
12,r5-f1-3e1835364efa0cd70eac8440,r5-f1-e53d27897f2b54b319359276,455,466,11,False
12,r5-f1-4064f2111ade33c872dddebb,r5-f1-8a99660c10ca49b3ea406d3a,438,446,8,False
12,r5-f1-41e9c948500eca6be7d91b52,r5-f1-dfc1a5170b311824b4d300ee,461,462,1,False
12,r5-f1-424ad895f87caef3551f0413,r5-f1-a5956cf71dc55f0b13dc6bcd,445,462,17,False
12,r5-f1-42bcd10207498d81228ee876,r5-f1-c33bda226b9dbfc0e3534b21,438,465,27,False
12,r5-f1-43d80123c368360fd146bbad,r5-f1-93bc6cd81b8e9c116cd78963,445,456,11,False
12,r5-f1-449082cbacc6b0b2df6b852f,r5-f1-ec24766b2964895b1e852dcf,432,452,20,False
12,r5-f1-46ca7e059c993e52aa2b696b,r5-f1-6389741841a6424240f2518f,437,466,29,False
12,r5-f1-484ccb5a8904c06ecb1eac33,r5-f1-abc0d8bc8badced6be8c2145,432,433,1,False
12,r5-f1-4c165001a3383e566579ad5b,r5-f1-aa1db5f9f2f6d628fe566631,441,445,4,False
12,r5-f1-4dc8aa1a120bbc32912d380e,r5-f1-8cb46f3d2238e81eb01d280c,434,446,12,False
12,r5-f1-51b98737a31bc79debbbfa14,r5-f1-c25660d46a0474e9b149d7ea,450,461,11,False
12,r5-f1-533c9a69b6238d710eabce91,r5-f1-ccfe0f67bd23dcb77ca62be7,437,438,1,False
12,r5-f1-54e337479077092c43e9373c,r5-f1-d3e01ada2aa733e5e0d6dfd8,448,450,2,False
12,r5-f1-5b88de40cf368cfe44843a1e,r5-f1-b5b521cbaa21cde776509fcd,454,467,13,False
12,r5-f1-5e4a2f47c8c40a725de2d246,r5-f1-d5a1e49631ce5b003b2e4a38,453,462,9,False
12,r5-f1-5f828a137a622871abcb86c7,r5-f1-c4577184ceeecd7502540cd3,436,442,6,False
12,r5-f1-60cdf979d89056f9382a846b,r5-f1-f048b20b5fd8c992c80f6732,444,458,14,False
12,r5-f1-6326749e86f5b189fc0e8433,r5-f1-f26c34b2d8b52e2cb8fbbbf6,444,454,10,False
12,r5-f1-633a38dfec01bdf942d94a18,r5-f1-7cbccd51bc7fc9dd0ffbc1d9,436,455,19,False
12,r5-f1-64efda09ee23454ef6fc4ea0,r5-f1-9791bc14ea20d25013131014,464,467,3,False
12,r5-f1-6c79a35c4220624067f86b80,r5-f1-da55951d31390d807d7d1725,443,464,21,False
12,r5-f1-720bb6d0cb4b78b9ffeb03a4,r5-f1-9e4eb2e6a343877e7cadf273,440,447,7,False
12,r5-f1-75b0f8cbaa9c3b464b678254,r5-f1-a73cccc1ce0baf4c400e2f82,451,455,4,False
12,r5-f1-7692b4c408bd859d83c37780,r5-f1-8314892e9ca8c8f4ff0220a7,459,464,5,False
12,r5-f1-78188385de6e2de136e13d33,r5-f1-94800f8cbff36e8722e36eb7,447,460,13,False
12,r5-f1-78703e27d1df172502650dc2,r5-f1-a96887b45ab5b4e57e4981ef,446,465,19,False
12,r5-f1-7d9fd9ab713cd0e8b1cce098,r5-f1-ae6f6609b2c760c468328003,460,465,5,False
12,r5-f1-850920fa10f9b9ba8843af7a,r5-f1-e714849831367e291c12986a,449,452,3,False
12,r5-f1-91af04efffefc50ce23cf297,r5-f1-bc613f63abcc1aef8fa11d83,439,440,1,False
12,r5-f1-93bdeada4e43e5a0dbafb6fe,r5-f1-f6518d584b598cd5c753e975,451,466,15,False
12,r5-f1-95baedc4243946fc23378121,r5-f1-ee59008270e04ddeb87f5940,442,456,14,False
12,r5-f1-96464e790b9333aa03c28b88,r5-f1-a28f658e0ad94927973a73dd,441,458,17,False
12,r5-f1-96bcc926cff67fb7265839f7,r5-f1-ecbdbfd182fdb8074ad5ef83,456,467,11,False
12,r5-f1-96dc56f89876a43a90f81ae8,r5-f1-e1ce38eb4734b02d744305a8,440,446,6,False
12,r5-f1-ad8646bcd13cb593285eabf2,r5-f1-e49baae09180e3649c380781,444,457,13,False
12,r5-f1-b502b62b5999cb6f2f46fde2,r5-f1-e233f959cfe5f94e7640a385,436,448,12,False
12,r5-f1-bc1bb47a4293aeda2703a38f,r5-f1-e7aff71e10e7b26122d32b72,432,461,29,False
12,r5-f1-bf42263e35b144aea3a125dd,r5-f1-e5af5cacf6dff47c97228615,452,463,11,False
12,r5-f1-bf9875c83a8844f910b65953,r5-f1-dac7055b419c0ee6030f9b80,434,450,16,False
12,r5-f1-c0187dbd694866e9a30a5a79,r5-f1-fce2c84e8e18a3277fc8a3da,437,447,10,False
12,r5-f1-c8aa69e9e27b9f54b146d2e2,r5-f1-fe2d363ab91f04f8406a2ca7,433,448,15,False
12,r5-f1-e8d6bec744f8d61e31dadcd7,r5-f1-efc5731ec7a8e9343621fbd7,435,453,18,False
12,r5-f1-ecf4946e7096b0f851fa9165,r5-f1-f79bcda9f779fd7ae1e9cad1,435,441,6,False
13,r5-f1-01b355775f2293b3ee1364b8,r5-f1-5c346dd9cec6ff67cc2a65de,475,489,14,False
13,r5-f1-021f03f1caf81b5e7b4e0920,r5-f1-83ac1d4a97bc2845e64596ab,484,501,17,False
13,r5-f1-05c2d8fed07d2996eea98947,r5-f1-fb2fd685d93a8e5350209fe8,474,487,13,False
13,r5-f1-072c39f4b8f288d57977e728,r5-f1-d463ffd94aae21470865802f,471,494,23,False
13,r5-f1-081c8e4b441012fd60db6ffe,r5-f1-9dd1420e88d6e1aa0115e74e,477,496,19,False
13,r5-f1-0d7f93d677ecae4c0ec37117,r5-f1-74bd80f2dff32f9fd1ee2f05,486,503,17,False
13,r5-f1-0e1c4b16ee27b5e02fcf1570,r5-f1-45f9baf8b494b40958de6249,479,481,2,False
13,r5-f1-12ec8264f1d798a20c8472ea,r5-f1-56bd5df46af93b8ef534ad9d,482,499,17,False
13,r5-f1-140b51f700eef3b9720a28c7,r5-f1-8b1ca5fb3df0743f8a5d2031,497,498,1,False
13,r5-f1-14592ad3fb277d902fcca8a4,r5-f1-c4ab86140291c3379237f3c6,474,499,25,False
13,r5-f1-17676cb8c65e947d9311466c,r5-f1-3ce5098afba99ac89b520439,472,481,9,False
13,r5-f1-1bd0b8bb497d87746752f61f,r5-f1-33d8225a9aa06186a07bcb81,477,478,1,False
13,r5-f1-1c05cb63b8fa86864476c790,r5-f1-753ac65796df96e3fa0dcd28,475,489,14,False
13,r5-f1-20081323b12313d0072a7558,r5-f1-68d84a588a2d97d510b9a798,473,491,18,False
13,r5-f1-213f6964c85dc869bfbc8e29,r5-f1-95b980071b480fd75474c504,471,502,31,False
13,r5-f1-2147d221d19787de20e29742,r5-f1-5fd7690662a56145be3a1b69,476,485,9,False
13,r5-f1-2209d0e463a55c60f24d2bfd,r5-f1-e6a3829cabd0249e46ded6fb,473,480,7,False
13,r5-f1-2d7ae5c0099ef1115cf9f49a,r5-f1-631687bae6a2a482c1b3467b,474,483,9,False
13,r5-f1-2f1f5522e8d48066aac367d3,r5-f1-f8c8b2629e7b13eb61c9d81e,486,493,7,False
13,r5-f1-3017647d3ea4dc9401adaf52,r5-f1-8d011739799631b71397985a,488,489,1,False
13,r5-f1-30d977225541ff1a4a549b3a,r5-f1-cca1530b46be3dd4d215ac9c,483,494,11,False
13,r5-f1-346838407cd512cc36b86a9f,r5-f1-384d4e783ac18f38d095fa6e,477,484,7,False
13,r5-f1-34d7dd11544b6dc87eb38bc0,r5-f1-7cc24d6be18b764c0c76a497,496,501,5,False
13,r5-f1-35d192def35747e67a3ea4bb,r5-f1-5b1d1399ad42dbda18fd62f4,488,491,3,False
13,r5-f1-35e06a6dbda44ebe51cadbbe,r5-f1-d8ee7108e6ed2dcfff764999,469,498,29,False
13,r5-f1-36c43a561be78681da35b3dd,r5-f1-883da7d6d35d9501a32a56c0,474,496,22,False
13,r5-f1-3d453f1453f64f70f9e9db5e,r5-f1-c7d613dd83014711dfe30d19,495,497,2,False
13,r5-f1-3d698dcc509fc631398f092d,r5-f1-e29eb97b70aaf293eeff3460,480,485,5,False
13,r5-f1-3e1835364efa0cd70eac8440,r5-f1-e53d27897f2b54b319359276,468,482,14,False
13,r5-f1-4064f2111ade33c872dddebb,r5-f1-8a99660c10ca49b3ea406d3a,483,491,8,False
13,r5-f1-41e9c948500eca6be7d91b52,r5-f1-dfc1a5170b311824b4d300ee,493,502,9,False
13,r5-f1-424ad895f87caef3551f0413,r5-f1-a5956cf71dc55f0b13dc6bcd,481,500,19,False
13,r5-f1-42bcd10207498d81228ee876,r5-f1-c33bda226b9dbfc0e3534b21,471,472,1,False
13,r5-f1-43d80123c368360fd146bbad,r5-f1-93bc6cd81b8e9c116cd78963,469,483,14,False
13,r5-f1-449082cbacc6b0b2df6b852f,r5-f1-ec24766b2964895b1e852dcf,476,479,3,False
13,r5-f1-46ca7e059c993e52aa2b696b,r5-f1-6389741841a6424240f2518f,473,495,22,False
13,r5-f1-484ccb5a8904c06ecb1eac33,r5-f1-abc0d8bc8badced6be8c2145,485,494,9,False
13,r5-f1-4c165001a3383e566579ad5b,r5-f1-aa1db5f9f2f6d628fe566631,492,497,5,False
13,r5-f1-4dc8aa1a120bbc32912d380e,r5-f1-8cb46f3d2238e81eb01d280c,484,493,9,False
13,r5-f1-51b98737a31bc79debbbfa14,r5-f1-c25660d46a0474e9b149d7ea,490,492,2,False
13,r5-f1-533c9a69b6238d710eabce91,r5-f1-ccfe0f67bd23dcb77ca62be7,485,495,10,False
13,r5-f1-54e337479077092c43e9373c,r5-f1-d3e01ada2aa733e5e0d6dfd8,469,487,18,False
13,r5-f1-5b88de40cf368cfe44843a1e,r5-f1-b5b521cbaa21cde776509fcd,480,490,10,False
13,r5-f1-5e4a2f47c8c40a725de2d246,r5-f1-d5a1e49631ce5b003b2e4a38,468,476,8,False
13,r5-f1-5f828a137a622871abcb86c7,r5-f1-c4577184ceeecd7502540cd3,490,503,13,False
13,r5-f1-60cdf979d89056f9382a846b,r5-f1-f048b20b5fd8c992c80f6732,488,500,12,False
13,r5-f1-6326749e86f5b189fc0e8433,r5-f1-f26c34b2d8b52e2cb8fbbbf6,496,502,6,False
13,r5-f1-633a38dfec01bdf942d94a18,r5-f1-7cbccd51bc7fc9dd0ffbc1d9,470,475,5,False
13,r5-f1-64efda09ee23454ef6fc4ea0,r5-f1-9791bc14ea20d25013131014,493,499,6,False
13,r5-f1-6c79a35c4220624067f86b80,r5-f1-da55951d31390d807d7d1725,478,502,24,False
13,r5-f1-720bb6d0cb4b78b9ffeb03a4,r5-f1-9e4eb2e6a343877e7cadf273,472,501,29,False
13,r5-f1-75b0f8cbaa9c3b464b678254,r5-f1-a73cccc1ce0baf4c400e2f82,475,490,15,False
13,r5-f1-7692b4c408bd859d83c37780,r5-f1-8314892e9ca8c8f4ff0220a7,478,500,22,False
13,r5-f1-78188385de6e2de136e13d33,r5-f1-94800f8cbff36e8722e36eb7,469,494,25,False
13,r5-f1-78703e27d1df172502650dc2,r5-f1-a96887b45ab5b4e57e4981ef,498,500,2,False
13,r5-f1-7d9fd9ab713cd0e8b1cce098,r5-f1-ae6f6609b2c760c468328003,471,503,32,False
13,r5-f1-850920fa10f9b9ba8843af7a,r5-f1-e714849831367e291c12986a,482,503,21,False
13,r5-f1-91af04efffefc50ce23cf297,r5-f1-bc613f63abcc1aef8fa11d83,480,484,4,False
13,r5-f1-93bdeada4e43e5a0dbafb6fe,r5-f1-f6518d584b598cd5c753e975,479,487,8,False
13,r5-f1-95baedc4243946fc23378121,r5-f1-ee59008270e04ddeb87f5940,472,499,27,False
13,r5-f1-96464e790b9333aa03c28b88,r5-f1-a28f658e0ad94927973a73dd,470,481,11,False
13,r5-f1-96bcc926cff67fb7265839f7,r5-f1-ecbdbfd182fdb8074ad5ef83,473,495,22,False
13,r5-f1-96dc56f89876a43a90f81ae8,r5-f1-e1ce38eb4734b02d744305a8,470,478,8,False
13,r5-f1-ad8646bcd13cb593285eabf2,r5-f1-e49baae09180e3649c380781,497,501,4,False
13,r5-f1-b502b62b5999cb6f2f46fde2,r5-f1-e233f959cfe5f94e7640a385,482,498,16,False
13,r5-f1-bc1bb47a4293aeda2703a38f,r5-f1-e7aff71e10e7b26122d32b72,488,492,4,False
13,r5-f1-bf42263e35b144aea3a125dd,r5-f1-e5af5cacf6dff47c97228615,477,489,12,False
13,r5-f1-bf9875c83a8844f910b65953,r5-f1-dac7055b419c0ee6030f9b80,487,492,5,False
13,r5-f1-c0187dbd694866e9a30a5a79,r5-f1-fce2c84e8e18a3277fc8a3da,468,476,8,False
13,r5-f1-c8aa69e9e27b9f54b146d2e2,r5-f1-fe2d363ab91f04f8406a2ca7,468,491,23,False
13,r5-f1-e8d6bec744f8d61e31dadcd7,r5-f1-efc5731ec7a8e9343621fbd7,486,486,0,True
13,r5-f1-ecf4946e7096b0f851fa9165,r5-f1-f79bcda9f779fd7ae1e9cad1,470,479,9,False
14,r5-f1-01b355775f2293b3ee1364b8,r5-f1-5c346dd9cec6ff67cc2a65de,518,539,21,False
14,r5-f1-021f03f1caf81b5e7b4e0920,r5-f1-83ac1d4a97bc2845e64596ab,507,523,16,False
14,r5-f1-05c2d8fed07d2996eea98947,r5-f1-fb2fd685d93a8e5350209fe8,512,530,18,False
14,r5-f1-072c39f4b8f288d57977e728,r5-f1-d463ffd94aae21470865802f,504,537,33,False
14,r5-f1-081c8e4b441012fd60db6ffe,r5-f1-9dd1420e88d6e1aa0115e74e,517,527,10,False
14,r5-f1-0d7f93d677ecae4c0ec37117,r5-f1-74bd80f2dff32f9fd1ee2f05,522,529,7,False
14,r5-f1-0e1c4b16ee27b5e02fcf1570,r5-f1-45f9baf8b494b40958de6249,513,513,0,True
14,r5-f1-12ec8264f1d798a20c8472ea,r5-f1-56bd5df46af93b8ef534ad9d,511,537,26,False
14,r5-f1-140b51f700eef3b9720a28c7,r5-f1-8b1ca5fb3df0743f8a5d2031,516,529,13,False
14,r5-f1-14592ad3fb277d902fcca8a4,r5-f1-c4ab86140291c3379237f3c6,523,529,6,False
14,r5-f1-17676cb8c65e947d9311466c,r5-f1-3ce5098afba99ac89b520439,518,539,21,False
14,r5-f1-1bd0b8bb497d87746752f61f,r5-f1-33d8225a9aa06186a07bcb81,507,514,7,False
14,r5-f1-1c05cb63b8fa86864476c790,r5-f1-753ac65796df96e3fa0dcd28,518,538,20,False
14,r5-f1-20081323b12313d0072a7558,r5-f1-68d84a588a2d97d510b9a798,508,511,3,False
14,r5-f1-213f6964c85dc869bfbc8e29,r5-f1-95b980071b480fd75474c504,525,536,11,False
14,r5-f1-2147d221d19787de20e29742,r5-f1-5fd7690662a56145be3a1b69,525,528,3,False
14,r5-f1-2209d0e463a55c60f24d2bfd,r5-f1-e6a3829cabd0249e46ded6fb,514,529,15,False
14,r5-f1-2d7ae5c0099ef1115cf9f49a,r5-f1-631687bae6a2a482c1b3467b,505,513,8,False
14,r5-f1-2f1f5522e8d48066aac367d3,r5-f1-f8c8b2629e7b13eb61c9d81e,508,521,13,False
14,r5-f1-3017647d3ea4dc9401adaf52,r5-f1-8d011739799631b71397985a,509,510,1,False
14,r5-f1-30d977225541ff1a4a549b3a,r5-f1-cca1530b46be3dd4d215ac9c,520,524,4,False
14,r5-f1-346838407cd512cc36b86a9f,r5-f1-384d4e783ac18f38d095fa6e,504,507,3,False
14,r5-f1-34d7dd11544b6dc87eb38bc0,r5-f1-7cc24d6be18b764c0c76a497,512,514,2,False
14,r5-f1-35d192def35747e67a3ea4bb,r5-f1-5b1d1399ad42dbda18fd62f4,512,520,8,False
14,r5-f1-35e06a6dbda44ebe51cadbbe,r5-f1-d8ee7108e6ed2dcfff764999,504,527,23,False
14,r5-f1-36c43a561be78681da35b3dd,r5-f1-883da7d6d35d9501a32a56c0,508,530,22,False
14,r5-f1-3d453f1453f64f70f9e9db5e,r5-f1-c7d613dd83014711dfe30d19,522,532,10,False
14,r5-f1-3d698dcc509fc631398f092d,r5-f1-e29eb97b70aaf293eeff3460,504,517,13,False
14,r5-f1-3e1835364efa0cd70eac8440,r5-f1-e53d27897f2b54b319359276,510,521,11,False
14,r5-f1-4064f2111ade33c872dddebb,r5-f1-8a99660c10ca49b3ea406d3a,509,521,12,False
14,r5-f1-41e9c948500eca6be7d91b52,r5-f1-dfc1a5170b311824b4d300ee,523,535,12,False
14,r5-f1-424ad895f87caef3551f0413,r5-f1-a5956cf71dc55f0b13dc6bcd,535,538,3,False
14,r5-f1-42bcd10207498d81228ee876,r5-f1-c33bda226b9dbfc0e3534b21,506,535,29,False
14,r5-f1-43d80123c368360fd146bbad,r5-f1-93bc6cd81b8e9c116cd78963,528,536,8,False
14,r5-f1-449082cbacc6b0b2df6b852f,r5-f1-ec24766b2964895b1e852dcf,527,539,12,False
14,r5-f1-46ca7e059c993e52aa2b696b,r5-f1-6389741841a6424240f2518f,531,533,2,False
14,r5-f1-484ccb5a8904c06ecb1eac33,r5-f1-abc0d8bc8badced6be8c2145,505,527,22,False
14,r5-f1-4c165001a3383e566579ad5b,r5-f1-aa1db5f9f2f6d628fe566631,525,526,1,False
14,r5-f1-4dc8aa1a120bbc32912d380e,r5-f1-8cb46f3d2238e81eb01d280c,520,533,13,False
14,r5-f1-51b98737a31bc79debbbfa14,r5-f1-c25660d46a0474e9b149d7ea,519,520,1,False
14,r5-f1-533c9a69b6238d710eabce91,r5-f1-ccfe0f67bd23dcb77ca62be7,533,539,6,False
14,r5-f1-54e337479077092c43e9373c,r5-f1-d3e01ada2aa733e5e0d6dfd8,506,507,1,False
14,r5-f1-5b88de40cf368cfe44843a1e,r5-f1-b5b521cbaa21cde776509fcd,505,526,21,False
14,r5-f1-5e4a2f47c8c40a725de2d246,r5-f1-d5a1e49631ce5b003b2e4a38,531,537,6,False
14,r5-f1-5f828a137a622871abcb86c7,r5-f1-c4577184ceeecd7502540cd3,526,538,12,False
14,r5-f1-60cdf979d89056f9382a846b,r5-f1-f048b20b5fd8c992c80f6732,517,530,13,False
14,r5-f1-6326749e86f5b189fc0e8433,r5-f1-f26c34b2d8b52e2cb8fbbbf6,509,519,10,False
14,r5-f1-633a38dfec01bdf942d94a18,r5-f1-7cbccd51bc7fc9dd0ffbc1d9,511,532,21,False
14,r5-f1-64efda09ee23454ef6fc4ea0,r5-f1-9791bc14ea20d25013131014,525,537,12,False
14,r5-f1-6c79a35c4220624067f86b80,r5-f1-da55951d31390d807d7d1725,519,534,15,False
14,r5-f1-720bb6d0cb4b78b9ffeb03a4,r5-f1-9e4eb2e6a343877e7cadf273,508,516,8,False
14,r5-f1-75b0f8cbaa9c3b464b678254,r5-f1-a73cccc1ce0baf4c400e2f82,509,533,24,False
14,r5-f1-7692b4c408bd859d83c37780,r5-f1-8314892e9ca8c8f4ff0220a7,522,536,14,False
14,r5-f1-78188385de6e2de136e13d33,r5-f1-94800f8cbff36e8722e36eb7,506,535,29,False
14,r5-f1-78703e27d1df172502650dc2,r5-f1-a96887b45ab5b4e57e4981ef,522,532,10,False
14,r5-f1-7d9fd9ab713cd0e8b1cce098,r5-f1-ae6f6609b2c760c468328003,513,530,17,False
14,r5-f1-850920fa10f9b9ba8843af7a,r5-f1-e714849831367e291c12986a,516,521,5,False
14,r5-f1-91af04efffefc50ce23cf297,r5-f1-bc613f63abcc1aef8fa11d83,506,510,4,False
14,r5-f1-93bdeada4e43e5a0dbafb6fe,r5-f1-f6518d584b598cd5c753e975,524,528,4,False
14,r5-f1-95baedc4243946fc23378121,r5-f1-ee59008270e04ddeb87f5940,511,518,7,False
14,r5-f1-96464e790b9333aa03c28b88,r5-f1-a28f658e0ad94927973a73dd,510,534,24,False
14,r5-f1-96bcc926cff67fb7265839f7,r5-f1-ecbdbfd182fdb8074ad5ef83,523,524,1,False
14,r5-f1-96dc56f89876a43a90f81ae8,r5-f1-e1ce38eb4734b02d744305a8,532,538,6,False
14,r5-f1-ad8646bcd13cb593285eabf2,r5-f1-e49baae09180e3649c380781,526,536,10,False
14,r5-f1-b502b62b5999cb6f2f46fde2,r5-f1-e233f959cfe5f94e7640a385,516,519,3,False
14,r5-f1-bc1bb47a4293aeda2703a38f,r5-f1-e7aff71e10e7b26122d32b72,515,515,0,True
14,r5-f1-bf42263e35b144aea3a125dd,r5-f1-e5af5cacf6dff47c97228615,514,517,3,False
14,r5-f1-bf9875c83a8844f910b65953,r5-f1-dac7055b419c0ee6030f9b80,528,534,6,False
14,r5-f1-c0187dbd694866e9a30a5a79,r5-f1-fce2c84e8e18a3277fc8a3da,515,531,16,False
14,r5-f1-c8aa69e9e27b9f54b146d2e2,r5-f1-fe2d363ab91f04f8406a2ca7,512,524,12,False
14,r5-f1-e8d6bec744f8d61e31dadcd7,r5-f1-efc5731ec7a8e9343621fbd7,505,531,26,False
14,r5-f1-ecf4946e7096b0f851fa9165,r5-f1-f79bcda9f779fd7ae1e9cad1,515,534,19,False
15,r5-f1-01b355775f2293b3ee1364b8,r5-f1-5c346dd9cec6ff67cc2a65de,544,546,2,False
15,r5-f1-021f03f1caf81b5e7b4e0920,r5-f1-83ac1d4a97bc2845e64596ab,553,562,9,False
15,r5-f1-05c2d8fed07d2996eea98947,r5-f1-fb2fd685d93a8e5350209fe8,545,573,28,False
15,r5-f1-072c39f4b8f288d57977e728,r5-f1-d463ffd94aae21470865802f,542,567,25,False
15,r5-f1-081c8e4b441012fd60db6ffe,r5-f1-9dd1420e88d6e1aa0115e74e,558,561,3,False
15,r5-f1-0d7f93d677ecae4c0ec37117,r5-f1-74bd80f2dff32f9fd1ee2f05,568,569,1,False
15,r5-f1-0e1c4b16ee27b5e02fcf1570,r5-f1-45f9baf8b494b40958de6249,555,557,2,False
15,r5-f1-12ec8264f1d798a20c8472ea,r5-f1-56bd5df46af93b8ef534ad9d,545,565,20,False
15,r5-f1-140b51f700eef3b9720a28c7,r5-f1-8b1ca5fb3df0743f8a5d2031,565,566,1,False
15,r5-f1-14592ad3fb277d902fcca8a4,r5-f1-c4ab86140291c3379237f3c6,557,566,9,False
15,r5-f1-17676cb8c65e947d9311466c,r5-f1-3ce5098afba99ac89b520439,542,563,21,False
15,r5-f1-1bd0b8bb497d87746752f61f,r5-f1-33d8225a9aa06186a07bcb81,541,551,10,False
15,r5-f1-1c05cb63b8fa86864476c790,r5-f1-753ac65796df96e3fa0dcd28,546,547,1,False
15,r5-f1-20081323b12313d0072a7558,r5-f1-68d84a588a2d97d510b9a798,542,551,9,False
15,r5-f1-213f6964c85dc869bfbc8e29,r5-f1-95b980071b480fd75474c504,544,552,8,False
15,r5-f1-2147d221d19787de20e29742,r5-f1-5fd7690662a56145be3a1b69,562,568,6,False
15,r5-f1-2209d0e463a55c60f24d2bfd,r5-f1-e6a3829cabd0249e46ded6fb,550,570,20,False
15,r5-f1-2d7ae5c0099ef1115cf9f49a,r5-f1-631687bae6a2a482c1b3467b,553,571,18,False
15,r5-f1-2f1f5522e8d48066aac367d3,r5-f1-f8c8b2629e7b13eb61c9d81e,541,556,15,False
15,r5-f1-3017647d3ea4dc9401adaf52,r5-f1-8d011739799631b71397985a,565,571,6,False
15,r5-f1-30d977225541ff1a4a549b3a,r5-f1-cca1530b46be3dd4d215ac9c,540,545,5,False
15,r5-f1-346838407cd512cc36b86a9f,r5-f1-384d4e783ac18f38d095fa6e,567,572,5,False
15,r5-f1-34d7dd11544b6dc87eb38bc0,r5-f1-7cc24d6be18b764c0c76a497,549,551,2,False
15,r5-f1-35d192def35747e67a3ea4bb,r5-f1-5b1d1399ad42dbda18fd62f4,549,564,15,False
15,r5-f1-35e06a6dbda44ebe51cadbbe,r5-f1-d8ee7108e6ed2dcfff764999,545,575,30,False
15,r5-f1-36c43a561be78681da35b3dd,r5-f1-883da7d6d35d9501a32a56c0,544,546,2,False
15,r5-f1-3d453f1453f64f70f9e9db5e,r5-f1-c7d613dd83014711dfe30d19,547,556,9,False
15,r5-f1-3d698dcc509fc631398f092d,r5-f1-e29eb97b70aaf293eeff3460,552,571,19,False
15,r5-f1-3e1835364efa0cd70eac8440,r5-f1-e53d27897f2b54b319359276,572,573,1,False
15,r5-f1-4064f2111ade33c872dddebb,r5-f1-8a99660c10ca49b3ea406d3a,554,567,13,False
15,r5-f1-41e9c948500eca6be7d91b52,r5-f1-dfc1a5170b311824b4d300ee,564,564,0,True
15,r5-f1-424ad895f87caef3551f0413,r5-f1-a5956cf71dc55f0b13dc6bcd,543,570,27,False
15,r5-f1-42bcd10207498d81228ee876,r5-f1-c33bda226b9dbfc0e3534b21,556,563,7,False
15,r5-f1-43d80123c368360fd146bbad,r5-f1-93bc6cd81b8e9c116cd78963,554,569,15,False
15,r5-f1-449082cbacc6b0b2df6b852f,r5-f1-ec24766b2964895b1e852dcf,556,559,3,False
15,r5-f1-46ca7e059c993e52aa2b696b,r5-f1-6389741841a6424240f2518f,558,564,6,False
15,r5-f1-484ccb5a8904c06ecb1eac33,r5-f1-abc0d8bc8badced6be8c2145,569,570,1,False
15,r5-f1-4c165001a3383e566579ad5b,r5-f1-aa1db5f9f2f6d628fe566631,560,563,3,False
15,r5-f1-4dc8aa1a120bbc32912d380e,r5-f1-8cb46f3d2238e81eb01d280c,540,546,6,False
15,r5-f1-51b98737a31bc79debbbfa14,r5-f1-c25660d46a0474e9b149d7ea,570,573,3,False
15,r5-f1-533c9a69b6238d710eabce91,r5-f1-ccfe0f67bd23dcb77ca62be7,561,568,7,False
15,r5-f1-54e337479077092c43e9373c,r5-f1-d3e01ada2aa733e5e0d6dfd8,554,572,18,False
15,r5-f1-5b88de40cf368cfe44843a1e,r5-f1-b5b521cbaa21cde776509fcd,552,575,23,False
15,r5-f1-5e4a2f47c8c40a725de2d246,r5-f1-d5a1e49631ce5b003b2e4a38,555,555,0,True
15,r5-f1-5f828a137a622871abcb86c7,r5-f1-c4577184ceeecd7502540cd3,560,574,14,False
15,r5-f1-60cdf979d89056f9382a846b,r5-f1-f048b20b5fd8c992c80f6732,548,562,14,False
15,r5-f1-6326749e86f5b189fc0e8433,r5-f1-f26c34b2d8b52e2cb8fbbbf6,559,565,6,False
15,r5-f1-633a38dfec01bdf942d94a18,r5-f1-7cbccd51bc7fc9dd0ffbc1d9,543,551,8,False
15,r5-f1-64efda09ee23454ef6fc4ea0,r5-f1-9791bc14ea20d25013131014,558,566,8,False
15,r5-f1-6c79a35c4220624067f86b80,r5-f1-da55951d31390d807d7d1725,543,560,17,False
15,r5-f1-720bb6d0cb4b78b9ffeb03a4,r5-f1-9e4eb2e6a343877e7cadf273,552,574,22,False
15,r5-f1-75b0f8cbaa9c3b464b678254,r5-f1-a73cccc1ce0baf4c400e2f82,567,575,8,False
15,r5-f1-7692b4c408bd859d83c37780,r5-f1-8314892e9ca8c8f4ff0220a7,548,557,9,False
15,r5-f1-78188385de6e2de136e13d33,r5-f1-94800f8cbff36e8722e36eb7,555,561,6,False
15,r5-f1-78703e27d1df172502650dc2,r5-f1-a96887b45ab5b4e57e4981ef,547,548,1,False
15,r5-f1-7d9fd9ab713cd0e8b1cce098,r5-f1-ae6f6609b2c760c468328003,550,559,9,False
15,r5-f1-850920fa10f9b9ba8843af7a,r5-f1-e714849831367e291c12986a,568,574,6,False
15,r5-f1-91af04efffefc50ce23cf297,r5-f1-bc613f63abcc1aef8fa11d83,562,573,11,False
15,r5-f1-93bdeada4e43e5a0dbafb6fe,r5-f1-f6518d584b598cd5c753e975,569,571,2,False
15,r5-f1-95baedc4243946fc23378121,r5-f1-ee59008270e04ddeb87f5940,550,553,3,False
15,r5-f1-96464e790b9333aa03c28b88,r5-f1-a28f658e0ad94927973a73dd,542,554,12,False
15,r5-f1-96bcc926cff67fb7265839f7,r5-f1-ecbdbfd182fdb8074ad5ef83,549,550,1,False
15,r5-f1-96dc56f89876a43a90f81ae8,r5-f1-e1ce38eb4734b02d744305a8,540,549,9,False
15,r5-f1-ad8646bcd13cb593285eabf2,r5-f1-e49baae09180e3649c380781,541,559,18,False
15,r5-f1-b502b62b5999cb6f2f46fde2,r5-f1-e233f959cfe5f94e7640a385,557,558,1,False
15,r5-f1-bc1bb47a4293aeda2703a38f,r5-f1-e7aff71e10e7b26122d32b72,553,574,21,False
15,r5-f1-bf42263e35b144aea3a125dd,r5-f1-e5af5cacf6dff47c97228615,547,575,28,False
15,r5-f1-bf9875c83a8844f910b65953,r5-f1-dac7055b419c0ee6030f9b80,548,563,15,False
15,r5-f1-c0187dbd694866e9a30a5a79,r5-f1-fce2c84e8e18a3277fc8a3da,540,566,26,False
15,r5-f1-c8aa69e9e27b9f54b146d2e2,r5-f1-fe2d363ab91f04f8406a2ca7,541,560,19,False
15,r5-f1-e8d6bec744f8d61e31dadcd7,r5-f1-efc5731ec7a8e9343621fbd7,543,572,29,False
15,r5-f1-ecf4946e7096b0f851fa9165,r5-f1-f79bcda9f779fd7ae1e9cad1,544,561,17,False
16,r5-f1-01b355775f2293b3ee1364b8,r5-f1-5c346dd9cec6ff67cc2a65de,595,597,2,False
16,r5-f1-021f03f1caf81b5e7b4e0920,r5-f1-83ac1d4a97bc2845e64596ab,595,602,7,False
16,r5-f1-05c2d8fed07d2996eea98947,r5-f1-fb2fd685d93a8e5350209fe8,590,597,7,False
16,r5-f1-072c39f4b8f288d57977e728,r5-f1-d463ffd94aae21470865802f,586,601,15,False
16,r5-f1-081c8e4b441012fd60db6ffe,r5-f1-9dd1420e88d6e1aa0115e74e,600,608,8,False
16,r5-f1-0d7f93d677ecae4c0ec37117,r5-f1-74bd80f2dff32f9fd1ee2f05,576,593,17,False
16,r5-f1-0e1c4b16ee27b5e02fcf1570,r5-f1-45f9baf8b494b40958de6249,578,606,28,False
16,r5-f1-12ec8264f1d798a20c8472ea,r5-f1-56bd5df46af93b8ef534ad9d,581,610,29,False
16,r5-f1-140b51f700eef3b9720a28c7,r5-f1-8b1ca5fb3df0743f8a5d2031,587,599,12,False
16,r5-f1-14592ad3fb277d902fcca8a4,r5-f1-c4ab86140291c3379237f3c6,591,610,19,False
16,r5-f1-17676cb8c65e947d9311466c,r5-f1-3ce5098afba99ac89b520439,577,586,9,False
16,r5-f1-1bd0b8bb497d87746752f61f,r5-f1-33d8225a9aa06186a07bcb81,585,585,0,True
16,r5-f1-1c05cb63b8fa86864476c790,r5-f1-753ac65796df96e3fa0dcd28,588,594,6,False
16,r5-f1-20081323b12313d0072a7558,r5-f1-68d84a588a2d97d510b9a798,591,611,20,False
16,r5-f1-213f6964c85dc869bfbc8e29,r5-f1-95b980071b480fd75474c504,587,596,9,False
16,r5-f1-2147d221d19787de20e29742,r5-f1-5fd7690662a56145be3a1b69,606,611,5,False
16,r5-f1-2209d0e463a55c60f24d2bfd,r5-f1-e6a3829cabd0249e46ded6fb,584,599,15,False
16,r5-f1-2d7ae5c0099ef1115cf9f49a,r5-f1-631687bae6a2a482c1b3467b,585,605,20,False
16,r5-f1-2f1f5522e8d48066aac367d3,r5-f1-f8c8b2629e7b13eb61c9d81e,605,610,5,False
16,r5-f1-3017647d3ea4dc9401adaf52,r5-f1-8d011739799631b71397985a,578,607,29,False
16,r5-f1-30d977225541ff1a4a549b3a,r5-f1-cca1530b46be3dd4d215ac9c,582,594,12,False
16,r5-f1-346838407cd512cc36b86a9f,r5-f1-384d4e783ac18f38d095fa6e,576,584,8,False
16,r5-f1-34d7dd11544b6dc87eb38bc0,r5-f1-7cc24d6be18b764c0c76a497,595,598,3,False
16,r5-f1-35d192def35747e67a3ea4bb,r5-f1-5b1d1399ad42dbda18fd62f4,584,588,4,False
16,r5-f1-35e06a6dbda44ebe51cadbbe,r5-f1-d8ee7108e6ed2dcfff764999,582,606,24,False
16,r5-f1-36c43a561be78681da35b3dd,r5-f1-883da7d6d35d9501a32a56c0,593,607,14,False
16,r5-f1-3d453f1453f64f70f9e9db5e,r5-f1-c7d613dd83014711dfe30d19,577,600,23,False
16,r5-f1-3d698dcc509fc631398f092d,r5-f1-e29eb97b70aaf293eeff3460,582,609,27,False
16,r5-f1-3e1835364efa0cd70eac8440,r5-f1-e53d27897f2b54b319359276,578,582,4,False
16,r5-f1-4064f2111ade33c872dddebb,r5-f1-8a99660c10ca49b3ea406d3a,599,602,3,False
16,r5-f1-41e9c948500eca6be7d91b52,r5-f1-dfc1a5170b311824b4d300ee,601,606,5,False
16,r5-f1-424ad895f87caef3551f0413,r5-f1-a5956cf71dc55f0b13dc6bcd,583,604,21,False
16,r5-f1-42bcd10207498d81228ee876,r5-f1-c33bda226b9dbfc0e3534b21,602,603,1,False
16,r5-f1-43d80123c368360fd146bbad,r5-f1-93bc6cd81b8e9c116cd78963,580,591,11,False
16,r5-f1-449082cbacc6b0b2df6b852f,r5-f1-ec24766b2964895b1e852dcf,589,592,3,False
16,r5-f1-46ca7e059c993e52aa2b696b,r5-f1-6389741841a6424240f2518f,576,598,22,False
16,r5-f1-484ccb5a8904c06ecb1eac33,r5-f1-abc0d8bc8badced6be8c2145,591,598,7,False
16,r5-f1-4c165001a3383e566579ad5b,r5-f1-aa1db5f9f2f6d628fe566631,576,600,24,False
16,r5-f1-4dc8aa1a120bbc32912d380e,r5-f1-8cb46f3d2238e81eb01d280c,581,596,15,False
16,r5-f1-51b98737a31bc79debbbfa14,r5-f1-c25660d46a0474e9b149d7ea,587,594,7,False
16,r5-f1-533c9a69b6238d710eabce91,r5-f1-ccfe0f67bd23dcb77ca62be7,583,597,14,False
16,r5-f1-54e337479077092c43e9373c,r5-f1-d3e01ada2aa733e5e0d6dfd8,592,592,0,True
16,r5-f1-5b88de40cf368cfe44843a1e,r5-f1-b5b521cbaa21cde776509fcd,587,595,8,False
16,r5-f1-5e4a2f47c8c40a725de2d246,r5-f1-d5a1e49631ce5b003b2e4a38,599,611,12,False
16,r5-f1-5f828a137a622871abcb86c7,r5-f1-c4577184ceeecd7502540cd3,608,609,1,False
16,r5-f1-60cdf979d89056f9382a846b,r5-f1-f048b20b5fd8c992c80f6732,588,605,17,False
16,r5-f1-6326749e86f5b189fc0e8433,r5-f1-f26c34b2d8b52e2cb8fbbbf6,590,590,0,True
16,r5-f1-633a38dfec01bdf942d94a18,r5-f1-7cbccd51bc7fc9dd0ffbc1d9,586,607,21,False
16,r5-f1-64efda09ee23454ef6fc4ea0,r5-f1-9791bc14ea20d25013131014,585,586,1,False
16,r5-f1-6c79a35c4220624067f86b80,r5-f1-da55951d31390d807d7d1725,602,604,2,False
16,r5-f1-720bb6d0cb4b78b9ffeb03a4,r5-f1-9e4eb2e6a343877e7cadf273,581,596,15,False
16,r5-f1-75b0f8cbaa9c3b464b678254,r5-f1-a73cccc1ce0baf4c400e2f82,581,590,9,False
16,r5-f1-7692b4c408bd859d83c37780,r5-f1-8314892e9ca8c8f4ff0220a7,578,596,18,False
16,r5-f1-78188385de6e2de136e13d33,r5-f1-94800f8cbff36e8722e36eb7,577,603,26,False
16,r5-f1-78703e27d1df172502650dc2,r5-f1-a96887b45ab5b4e57e4981ef,589,593,4,False
16,r5-f1-7d9fd9ab713cd0e8b1cce098,r5-f1-ae6f6609b2c760c468328003,583,608,25,False
16,r5-f1-850920fa10f9b9ba8843af7a,r5-f1-e714849831367e291c12986a,580,601,21,False
16,r5-f1-91af04efffefc50ce23cf297,r5-f1-bc613f63abcc1aef8fa11d83,583,589,6,False
16,r5-f1-93bdeada4e43e5a0dbafb6fe,r5-f1-f6518d584b598cd5c753e975,579,579,0,True
16,r5-f1-95baedc4243946fc23378121,r5-f1-ee59008270e04ddeb87f5940,588,600,12,False
16,r5-f1-96464e790b9333aa03c28b88,r5-f1-a28f658e0ad94927973a73dd,604,609,5,False
16,r5-f1-96bcc926cff67fb7265839f7,r5-f1-ecbdbfd182fdb8074ad5ef83,603,610,7,False
16,r5-f1-96dc56f89876a43a90f81ae8,r5-f1-e1ce38eb4734b02d744305a8,594,601,7,False
16,r5-f1-ad8646bcd13cb593285eabf2,r5-f1-e49baae09180e3649c380781,607,611,4,False
16,r5-f1-b502b62b5999cb6f2f46fde2,r5-f1-e233f959cfe5f94e7640a385,580,604,24,False
16,r5-f1-bc1bb47a4293aeda2703a38f,r5-f1-e7aff71e10e7b26122d32b72,579,608,29,False
16,r5-f1-bf42263e35b144aea3a125dd,r5-f1-e5af5cacf6dff47c97228615,580,605,25,False
16,r5-f1-bf9875c83a8844f910b65953,r5-f1-dac7055b419c0ee6030f9b80,577,593,16,False
16,r5-f1-c0187dbd694866e9a30a5a79,r5-f1-fce2c84e8e18a3277fc8a3da,592,609,17,False
16,r5-f1-c8aa69e9e27b9f54b146d2e2,r5-f1-fe2d363ab91f04f8406a2ca7,579,597,18,False
16,r5-f1-e8d6bec744f8d61e31dadcd7,r5-f1-efc5731ec7a8e9343621fbd7,584,598,14,False
16,r5-f1-ecf4946e7096b0f851fa9165,r5-f1-f79bcda9f779fd7ae1e9cad1,589,603,14,False
17,r5-f1-01b355775f2293b3ee1364b8,r5-f1-5c346dd9cec6ff67cc2a65de,616,622,6,False
17,r5-f1-021f03f1caf81b5e7b4e0920,r5-f1-83ac1d4a97bc2845e64596ab,618,627,9,False
17,r5-f1-05c2d8fed07d2996eea98947,r5-f1-fb2fd685d93a8e5350209fe8,626,631,5,False
17,r5-f1-072c39f4b8f288d57977e728,r5-f1-d463ffd94aae21470865802f,635,641,6,False
17,r5-f1-081c8e4b441012fd60db6ffe,r5-f1-9dd1420e88d6e1aa0115e74e,621,642,21,False
17,r5-f1-0d7f93d677ecae4c0ec37117,r5-f1-74bd80f2dff32f9fd1ee2f05,629,633,4,False
17,r5-f1-0e1c4b16ee27b5e02fcf1570,r5-f1-45f9baf8b494b40958de6249,612,631,19,False
17,r5-f1-12ec8264f1d798a20c8472ea,r5-f1-56bd5df46af93b8ef534ad9d,614,646,32,False
17,r5-f1-140b51f700eef3b9720a28c7,r5-f1-8b1ca5fb3df0743f8a5d2031,625,646,21,False
17,r5-f1-14592ad3fb277d902fcca8a4,r5-f1-c4ab86140291c3379237f3c6,631,637,6,False
17,r5-f1-17676cb8c65e947d9311466c,r5-f1-3ce5098afba99ac89b520439,615,640,25,False
17,r5-f1-1bd0b8bb497d87746752f61f,r5-f1-33d8225a9aa06186a07bcb81,633,642,9,False
17,r5-f1-1c05cb63b8fa86864476c790,r5-f1-753ac65796df96e3fa0dcd28,625,634,9,False
17,r5-f1-20081323b12313d0072a7558,r5-f1-68d84a588a2d97d510b9a798,613,628,15,False
17,r5-f1-213f6964c85dc869bfbc8e29,r5-f1-95b980071b480fd75474c504,638,639,1,False
17,r5-f1-2147d221d19787de20e29742,r5-f1-5fd7690662a56145be3a1b69,627,632,5,False
17,r5-f1-2209d0e463a55c60f24d2bfd,r5-f1-e6a3829cabd0249e46ded6fb,615,629,14,False
17,r5-f1-2d7ae5c0099ef1115cf9f49a,r5-f1-631687bae6a2a482c1b3467b,618,635,17,False
17,r5-f1-2f1f5522e8d48066aac367d3,r5-f1-f8c8b2629e7b13eb61c9d81e,623,627,4,False
17,r5-f1-3017647d3ea4dc9401adaf52,r5-f1-8d011739799631b71397985a,632,642,10,False
17,r5-f1-30d977225541ff1a4a549b3a,r5-f1-cca1530b46be3dd4d215ac9c,623,635,12,False
17,r5-f1-346838407cd512cc36b86a9f,r5-f1-384d4e783ac18f38d095fa6e,614,629,15,False
17,r5-f1-34d7dd11544b6dc87eb38bc0,r5-f1-7cc24d6be18b764c0c76a497,644,647,3,False
17,r5-f1-35d192def35747e67a3ea4bb,r5-f1-5b1d1399ad42dbda18fd62f4,614,634,20,False
17,r5-f1-35e06a6dbda44ebe51cadbbe,r5-f1-d8ee7108e6ed2dcfff764999,623,639,16,False
17,r5-f1-36c43a561be78681da35b3dd,r5-f1-883da7d6d35d9501a32a56c0,616,626,10,False
17,r5-f1-3d453f1453f64f70f9e9db5e,r5-f1-c7d613dd83014711dfe30d19,620,630,10,False
17,r5-f1-3d698dcc509fc631398f092d,r5-f1-e29eb97b70aaf293eeff3460,643,645,2,False
17,r5-f1-3e1835364efa0cd70eac8440,r5-f1-e53d27897f2b54b319359276,626,636,10,False
17,r5-f1-4064f2111ade33c872dddebb,r5-f1-8a99660c10ca49b3ea406d3a,616,637,21,False
17,r5-f1-41e9c948500eca6be7d91b52,r5-f1-dfc1a5170b311824b4d300ee,625,639,14,False
17,r5-f1-424ad895f87caef3551f0413,r5-f1-a5956cf71dc55f0b13dc6bcd,620,623,3,False
17,r5-f1-42bcd10207498d81228ee876,r5-f1-c33bda226b9dbfc0e3534b21,639,642,3,False
17,r5-f1-43d80123c368360fd146bbad,r5-f1-93bc6cd81b8e9c116cd78963,620,643,23,False
17,r5-f1-449082cbacc6b0b2df6b852f,r5-f1-ec24766b2964895b1e852dcf,640,643,3,False
17,r5-f1-46ca7e059c993e52aa2b696b,r5-f1-6389741841a6424240f2518f,626,628,2,False
17,r5-f1-484ccb5a8904c06ecb1eac33,r5-f1-abc0d8bc8badced6be8c2145,630,640,10,False
17,r5-f1-4c165001a3383e566579ad5b,r5-f1-aa1db5f9f2f6d628fe566631,625,634,9,False
17,r5-f1-4dc8aa1a120bbc32912d380e,r5-f1-8cb46f3d2238e81eb01d280c,624,630,6,False
17,r5-f1-51b98737a31bc79debbbfa14,r5-f1-c25660d46a0474e9b149d7ea,621,641,20,False
17,r5-f1-533c9a69b6238d710eabce91,r5-f1-ccfe0f67bd23dcb77ca62be7,617,644,27,False
17,r5-f1-54e337479077092c43e9373c,r5-f1-d3e01ada2aa733e5e0d6dfd8,645,647,2,False
17,r5-f1-5b88de40cf368cfe44843a1e,r5-f1-b5b521cbaa21cde776509fcd,612,624,12,False
17,r5-f1-5e4a2f47c8c40a725de2d246,r5-f1-d5a1e49631ce5b003b2e4a38,612,644,32,False
17,r5-f1-5f828a137a622871abcb86c7,r5-f1-c4577184ceeecd7502540cd3,619,646,27,False
17,r5-f1-60cdf979d89056f9382a846b,r5-f1-f048b20b5fd8c992c80f6732,614,635,21,False
17,r5-f1-6326749e86f5b189fc0e8433,r5-f1-f26c34b2d8b52e2cb8fbbbf6,615,638,23,False
17,r5-f1-633a38dfec01bdf942d94a18,r5-f1-7cbccd51bc7fc9dd0ffbc1d9,613,617,4,False
17,r5-f1-64efda09ee23454ef6fc4ea0,r5-f1-9791bc14ea20d25013131014,641,643,2,False
17,r5-f1-6c79a35c4220624067f86b80,r5-f1-da55951d31390d807d7d1725,634,636,2,False
17,r5-f1-720bb6d0cb4b78b9ffeb03a4,r5-f1-9e4eb2e6a343877e7cadf273,620,633,13,False
17,r5-f1-75b0f8cbaa9c3b464b678254,r5-f1-a73cccc1ce0baf4c400e2f82,613,628,15,False
17,r5-f1-7692b4c408bd859d83c37780,r5-f1-8314892e9ca8c8f4ff0220a7,638,641,3,False
17,r5-f1-78188385de6e2de136e13d33,r5-f1-94800f8cbff36e8722e36eb7,621,622,1,False
17,r5-f1-78703e27d1df172502650dc2,r5-f1-a96887b45ab5b4e57e4981ef,637,647,10,False
17,r5-f1-7d9fd9ab713cd0e8b1cce098,r5-f1-ae6f6609b2c760c468328003,619,632,13,False
17,r5-f1-850920fa10f9b9ba8843af7a,r5-f1-e714849831367e291c12986a,621,629,8,False
17,r5-f1-91af04efffefc50ce23cf297,r5-f1-bc613f63abcc1aef8fa11d83,633,636,3,False
17,r5-f1-93bdeada4e43e5a0dbafb6fe,r5-f1-f6518d584b598cd5c753e975,616,645,29,False
17,r5-f1-95baedc4243946fc23378121,r5-f1-ee59008270e04ddeb87f5940,624,632,8,False
17,r5-f1-96464e790b9333aa03c28b88,r5-f1-a28f658e0ad94927973a73dd,631,640,9,False
17,r5-f1-96bcc926cff67fb7265839f7,r5-f1-ecbdbfd182fdb8074ad5ef83,612,636,24,False
17,r5-f1-96dc56f89876a43a90f81ae8,r5-f1-e1ce38eb4734b02d744305a8,630,637,7,False
17,r5-f1-ad8646bcd13cb593285eabf2,r5-f1-e49baae09180e3649c380781,617,624,7,False
17,r5-f1-b502b62b5999cb6f2f46fde2,r5-f1-e233f959cfe5f94e7640a385,622,644,22,False
17,r5-f1-bc1bb47a4293aeda2703a38f,r5-f1-e7aff71e10e7b26122d32b72,645,647,2,False
17,r5-f1-bf42263e35b144aea3a125dd,r5-f1-e5af5cacf6dff47c97228615,619,627,8,False
17,r5-f1-bf9875c83a8844f910b65953,r5-f1-dac7055b419c0ee6030f9b80,628,638,10,False
17,r5-f1-c0187dbd694866e9a30a5a79,r5-f1-fce2c84e8e18a3277fc8a3da,615,619,4,False
17,r5-f1-c8aa69e9e27b9f54b146d2e2,r5-f1-fe2d363ab91f04f8406a2ca7,618,622,4,False
17,r5-f1-e8d6bec744f8d61e31dadcd7,r5-f1-efc5731ec7a8e9343621fbd7,613,618,5,False
17,r5-f1-ecf4946e7096b0f851fa9165,r5-f1-f79bcda9f779fd7ae1e9cad1,617,646,29,False
18,r5-f1-01b355775f2293b3ee1364b8,r5-f1-5c346dd9cec6ff67cc2a65de,678,682,4,False
18,r5-f1-021f03f1caf81b5e7b4e0920,r5-f1-83ac1d4a97bc2845e64596ab,666,668,2,False
18,r5-f1-05c2d8fed07d2996eea98947,r5-f1-fb2fd685d93a8e5350209fe8,670,672,2,False
18,r5-f1-072c39f4b8f288d57977e728,r5-f1-d463ffd94aae21470865802f,648,663,15,False
18,r5-f1-081c8e4b441012fd60db6ffe,r5-f1-9dd1420e88d6e1aa0115e74e,679,680,1,False
18,r5-f1-0d7f93d677ecae4c0ec37117,r5-f1-74bd80f2dff32f9fd1ee2f05,649,661,12,False
18,r5-f1-0e1c4b16ee27b5e02fcf1570,r5-f1-45f9baf8b494b40958de6249,653,664,11,False
18,r5-f1-12ec8264f1d798a20c8472ea,r5-f1-56bd5df46af93b8ef534ad9d,681,683,2,False
18,r5-f1-140b51f700eef3b9720a28c7,r5-f1-8b1ca5fb3df0743f8a5d2031,650,662,12,False
18,r5-f1-14592ad3fb277d902fcca8a4,r5-f1-c4ab86140291c3379237f3c6,655,662,7,False
18,r5-f1-17676cb8c65e947d9311466c,r5-f1-3ce5098afba99ac89b520439,650,671,21,False
18,r5-f1-1bd0b8bb497d87746752f61f,r5-f1-33d8225a9aa06186a07bcb81,657,676,19,False
18,r5-f1-1c05cb63b8fa86864476c790,r5-f1-753ac65796df96e3fa0dcd28,652,669,17,False
18,r5-f1-20081323b12313d0072a7558,r5-f1-68d84a588a2d97d510b9a798,649,680,31,False
18,r5-f1-213f6964c85dc869bfbc8e29,r5-f1-95b980071b480fd75474c504,658,660,2,False
18,r5-f1-2147d221d19787de20e29742,r5-f1-5fd7690662a56145be3a1b69,655,679,24,False
18,r5-f1-2209d0e463a55c60f24d2bfd,r5-f1-e6a3829cabd0249e46ded6fb,676,678,2,False
18,r5-f1-2d7ae5c0099ef1115cf9f49a,r5-f1-631687bae6a2a482c1b3467b,668,683,15,False
18,r5-f1-2f1f5522e8d48066aac367d3,r5-f1-f8c8b2629e7b13eb61c9d81e,655,659,4,False
18,r5-f1-3017647d3ea4dc9401adaf52,r5-f1-8d011739799631b71397985a,649,662,13,False
18,r5-f1-30d977225541ff1a4a549b3a,r5-f1-cca1530b46be3dd4d215ac9c,648,652,4,False
18,r5-f1-346838407cd512cc36b86a9f,r5-f1-384d4e783ac18f38d095fa6e,649,653,4,False
18,r5-f1-34d7dd11544b6dc87eb38bc0,r5-f1-7cc24d6be18b764c0c76a497,655,664,9,False
18,r5-f1-35d192def35747e67a3ea4bb,r5-f1-5b1d1399ad42dbda18fd62f4,648,659,11,False
18,r5-f1-35e06a6dbda44ebe51cadbbe,r5-f1-d8ee7108e6ed2dcfff764999,648,662,14,False
18,r5-f1-36c43a561be78681da35b3dd,r5-f1-883da7d6d35d9501a32a56c0,670,676,6,False
18,r5-f1-3d453f1453f64f70f9e9db5e,r5-f1-c7d613dd83014711dfe30d19,657,659,2,False
18,r5-f1-3d698dcc509fc631398f092d,r5-f1-e29eb97b70aaf293eeff3460,675,675,0,True
18,r5-f1-3e1835364efa0cd70eac8440,r5-f1-e53d27897f2b54b319359276,654,654,0,True
18,r5-f1-4064f2111ade33c872dddebb,r5-f1-8a99660c10ca49b3ea406d3a,671,676,5,False
18,r5-f1-41e9c948500eca6be7d91b52,r5-f1-dfc1a5170b311824b4d300ee,674,679,5,False
18,r5-f1-424ad895f87caef3551f0413,r5-f1-a5956cf71dc55f0b13dc6bcd,652,675,23,False
18,r5-f1-42bcd10207498d81228ee876,r5-f1-c33bda226b9dbfc0e3534b21,660,678,18,False
18,r5-f1-43d80123c368360fd146bbad,r5-f1-93bc6cd81b8e9c116cd78963,657,677,20,False
18,r5-f1-449082cbacc6b0b2df6b852f,r5-f1-ec24766b2964895b1e852dcf,665,680,15,False
18,r5-f1-46ca7e059c993e52aa2b696b,r5-f1-6389741841a6424240f2518f,658,670,12,False
18,r5-f1-484ccb5a8904c06ecb1eac33,r5-f1-abc0d8bc8badced6be8c2145,668,677,9,False
18,r5-f1-4c165001a3383e566579ad5b,r5-f1-aa1db5f9f2f6d628fe566631,673,677,4,False
18,r5-f1-4dc8aa1a120bbc32912d380e,r5-f1-8cb46f3d2238e81eb01d280c,669,681,12,False
18,r5-f1-51b98737a31bc79debbbfa14,r5-f1-c25660d46a0474e9b149d7ea,673,681,8,False
18,r5-f1-533c9a69b6238d710eabce91,r5-f1-ccfe0f67bd23dcb77ca62be7,659,672,13,False
18,r5-f1-54e337479077092c43e9373c,r5-f1-d3e01ada2aa733e5e0d6dfd8,651,661,10,False
18,r5-f1-5b88de40cf368cfe44843a1e,r5-f1-b5b521cbaa21cde776509fcd,664,665,1,False
18,r5-f1-5e4a2f47c8c40a725de2d246,r5-f1-d5a1e49631ce5b003b2e4a38,667,667,0,True
18,r5-f1-5f828a137a622871abcb86c7,r5-f1-c4577184ceeecd7502540cd3,674,683,9,False
18,r5-f1-60cdf979d89056f9382a846b,r5-f1-f048b20b5fd8c992c80f6732,670,671,1,False
18,r5-f1-6326749e86f5b189fc0e8433,r5-f1-f26c34b2d8b52e2cb8fbbbf6,667,678,11,False
18,r5-f1-633a38dfec01bdf942d94a18,r5-f1-7cbccd51bc7fc9dd0ffbc1d9,663,674,11,False
18,r5-f1-64efda09ee23454ef6fc4ea0,r5-f1-9791bc14ea20d25013131014,665,680,15,False
18,r5-f1-6c79a35c4220624067f86b80,r5-f1-da55951d31390d807d7d1725,671,673,2,False
18,r5-f1-720bb6d0cb4b78b9ffeb03a4,r5-f1-9e4eb2e6a343877e7cadf273,664,682,18,False
18,r5-f1-75b0f8cbaa9c3b464b678254,r5-f1-a73cccc1ce0baf4c400e2f82,660,683,23,False
18,r5-f1-7692b4c408bd859d83c37780,r5-f1-8314892e9ca8c8f4ff0220a7,657,674,17,False
18,r5-f1-78188385de6e2de136e13d33,r5-f1-94800f8cbff36e8722e36eb7,651,660,9,False
18,r5-f1-78703e27d1df172502650dc2,r5-f1-a96887b45ab5b4e57e4981ef,651,675,24,False
18,r5-f1-7d9fd9ab713cd0e8b1cce098,r5-f1-ae6f6609b2c760c468328003,652,668,16,False
18,r5-f1-850920fa10f9b9ba8843af7a,r5-f1-e714849831367e291c12986a,656,682,26,False
18,r5-f1-91af04efffefc50ce23cf297,r5-f1-bc613f63abcc1aef8fa11d83,663,682,19,False
18,r5-f1-93bdeada4e43e5a0dbafb6fe,r5-f1-f6518d584b598cd5c753e975,663,666,3,False
18,r5-f1-95baedc4243946fc23378121,r5-f1-ee59008270e04ddeb87f5940,653,673,20,False
18,r5-f1-96464e790b9333aa03c28b88,r5-f1-a28f658e0ad94927973a73dd,658,669,11,False
18,r5-f1-96bcc926cff67fb7265839f7,r5-f1-ecbdbfd182fdb8074ad5ef83,656,665,9,False
18,r5-f1-96dc56f89876a43a90f81ae8,r5-f1-e1ce38eb4734b02d744305a8,650,654,4,False
18,r5-f1-ad8646bcd13cb593285eabf2,r5-f1-e49baae09180e3649c380781,654,681,27,False
18,r5-f1-b502b62b5999cb6f2f46fde2,r5-f1-e233f959cfe5f94e7640a385,661,677,16,False
18,r5-f1-bc1bb47a4293aeda2703a38f,r5-f1-e7aff71e10e7b26122d32b72,661,669,8,False
18,r5-f1-bf42263e35b144aea3a125dd,r5-f1-e5af5cacf6dff47c97228615,666,672,6,False
18,r5-f1-bf9875c83a8844f910b65953,r5-f1-dac7055b419c0ee6030f9b80,656,679,23,False
18,r5-f1-c0187dbd694866e9a30a5a79,r5-f1-fce2c84e8e18a3277fc8a3da,656,666,10,False
18,r5-f1-c8aa69e9e27b9f54b146d2e2,r5-f1-fe2d363ab91f04f8406a2ca7,653,658,5,False
18,r5-f1-e8d6bec744f8d61e31dadcd7,r5-f1-efc5731ec7a8e9343621fbd7,650,651,1,False
18,r5-f1-ecf4946e7096b0f851fa9165,r5-f1-f79bcda9f779fd7ae1e9cad1,667,672,5,False
19,r5-f1-01b355775f2293b3ee1364b8,r5-f1-5c346dd9cec6ff67cc2a65de,692,716,24,False
19,r5-f1-021f03f1caf81b5e7b4e0920,r5-f1-83ac1d4a97bc2845e64596ab,686,719,33,False
19,r5-f1-05c2d8fed07d2996eea98947,r5-f1-fb2fd685d93a8e5350209fe8,691,696,5,False
19,r5-f1-072c39f4b8f288d57977e728,r5-f1-d463ffd94aae21470865802f,685,702,17,False
19,r5-f1-081c8e4b441012fd60db6ffe,r5-f1-9dd1420e88d6e1aa0115e74e,712,719,7,False
19,r5-f1-0d7f93d677ecae4c0ec37117,r5-f1-74bd80f2dff32f9fd1ee2f05,687,709,22,False
19,r5-f1-0e1c4b16ee27b5e02fcf1570,r5-f1-45f9baf8b494b40958de6249,700,714,14,False
19,r5-f1-12ec8264f1d798a20c8472ea,r5-f1-56bd5df46af93b8ef534ad9d,693,695,2,False
19,r5-f1-140b51f700eef3b9720a28c7,r5-f1-8b1ca5fb3df0743f8a5d2031,690,701,11,False
19,r5-f1-14592ad3fb277d902fcca8a4,r5-f1-c4ab86140291c3379237f3c6,698,701,3,False
19,r5-f1-17676cb8c65e947d9311466c,r5-f1-3ce5098afba99ac89b520439,714,715,1,False
19,r5-f1-1bd0b8bb497d87746752f61f,r5-f1-33d8225a9aa06186a07bcb81,688,710,22,False
19,r5-f1-1c05cb63b8fa86864476c790,r5-f1-753ac65796df96e3fa0dcd28,697,713,16,False
19,r5-f1-20081323b12313d0072a7558,r5-f1-68d84a588a2d97d510b9a798,703,716,13,False
19,r5-f1-213f6964c85dc869bfbc8e29,r5-f1-95b980071b480fd75474c504,697,699,2,False
19,r5-f1-2147d221d19787de20e29742,r5-f1-5fd7690662a56145be3a1b69,690,718,28,False
19,r5-f1-2209d0e463a55c60f24d2bfd,r5-f1-e6a3829cabd0249e46ded6fb,696,708,12,False
19,r5-f1-2d7ae5c0099ef1115cf9f49a,r5-f1-631687bae6a2a482c1b3467b,689,695,6,False
19,r5-f1-2f1f5522e8d48066aac367d3,r5-f1-f8c8b2629e7b13eb61c9d81e,702,706,4,False
19,r5-f1-3017647d3ea4dc9401adaf52,r5-f1-8d011739799631b71397985a,691,694,3,False
19,r5-f1-30d977225541ff1a4a549b3a,r5-f1-cca1530b46be3dd4d215ac9c,688,699,11,False
19,r5-f1-346838407cd512cc36b86a9f,r5-f1-384d4e783ac18f38d095fa6e,700,713,13,False
19,r5-f1-34d7dd11544b6dc87eb38bc0,r5-f1-7cc24d6be18b764c0c76a497,689,696,7,False
19,r5-f1-35d192def35747e67a3ea4bb,r5-f1-5b1d1399ad42dbda18fd62f4,685,710,25,False
19,r5-f1-35e06a6dbda44ebe51cadbbe,r5-f1-d8ee7108e6ed2dcfff764999,701,707,6,False
19,r5-f1-36c43a561be78681da35b3dd,r5-f1-883da7d6d35d9501a32a56c0,704,715,11,False
19,r5-f1-3d453f1453f64f70f9e9db5e,r5-f1-c7d613dd83014711dfe30d19,687,708,21,False
19,r5-f1-3d698dcc509fc631398f092d,r5-f1-e29eb97b70aaf293eeff3460,704,711,7,False
19,r5-f1-3e1835364efa0cd70eac8440,r5-f1-e53d27897f2b54b319359276,689,710,21,False
19,r5-f1-4064f2111ade33c872dddebb,r5-f1-8a99660c10ca49b3ea406d3a,705,705,0,True
19,r5-f1-41e9c948500eca6be7d91b52,r5-f1-dfc1a5170b311824b4d300ee,700,712,12,False
19,r5-f1-424ad895f87caef3551f0413,r5-f1-a5956cf71dc55f0b13dc6bcd,685,706,21,False
19,r5-f1-42bcd10207498d81228ee876,r5-f1-c33bda226b9dbfc0e3534b21,690,702,12,False
19,r5-f1-43d80123c368360fd146bbad,r5-f1-93bc6cd81b8e9c116cd78963,706,717,11,False
19,r5-f1-449082cbacc6b0b2df6b852f,r5-f1-ec24766b2964895b1e852dcf,684,691,7,False
19,r5-f1-46ca7e059c993e52aa2b696b,r5-f1-6389741841a6424240f2518f,700,713,13,False
19,r5-f1-484ccb5a8904c06ecb1eac33,r5-f1-abc0d8bc8badced6be8c2145,689,708,19,False
19,r5-f1-4c165001a3383e566579ad5b,r5-f1-aa1db5f9f2f6d628fe566631,687,692,5,False
19,r5-f1-4dc8aa1a120bbc32912d380e,r5-f1-8cb46f3d2238e81eb01d280c,692,719,27,False
19,r5-f1-51b98737a31bc79debbbfa14,r5-f1-c25660d46a0474e9b149d7ea,693,711,18,False
19,r5-f1-533c9a69b6238d710eabce91,r5-f1-ccfe0f67bd23dcb77ca62be7,712,718,6,False
19,r5-f1-54e337479077092c43e9373c,r5-f1-d3e01ada2aa733e5e0d6dfd8,691,698,7,False
19,r5-f1-5b88de40cf368cfe44843a1e,r5-f1-b5b521cbaa21cde776509fcd,694,718,24,False
19,r5-f1-5e4a2f47c8c40a725de2d246,r5-f1-d5a1e49631ce5b003b2e4a38,698,702,4,False
19,r5-f1-5f828a137a622871abcb86c7,r5-f1-c4577184ceeecd7502540cd3,703,706,3,False
19,r5-f1-60cdf979d89056f9382a846b,r5-f1-f048b20b5fd8c992c80f6732,687,717,30,False
19,r5-f1-6326749e86f5b189fc0e8433,r5-f1-f26c34b2d8b52e2cb8fbbbf6,699,709,10,False
19,r5-f1-633a38dfec01bdf942d94a18,r5-f1-7cbccd51bc7fc9dd0ffbc1d9,686,698,12,False
19,r5-f1-64efda09ee23454ef6fc4ea0,r5-f1-9791bc14ea20d25013131014,684,712,28,False
19,r5-f1-6c79a35c4220624067f86b80,r5-f1-da55951d31390d807d7d1725,685,695,10,False
19,r5-f1-720bb6d0cb4b78b9ffeb03a4,r5-f1-9e4eb2e6a343877e7cadf273,693,701,8,False
19,r5-f1-75b0f8cbaa9c3b464b678254,r5-f1-a73cccc1ce0baf4c400e2f82,684,713,29,False
19,r5-f1-7692b4c408bd859d83c37780,r5-f1-8314892e9ca8c8f4ff0220a7,711,714,3,False
19,r5-f1-78188385de6e2de136e13d33,r5-f1-94800f8cbff36e8722e36eb7,694,711,17,False
19,r5-f1-78703e27d1df172502650dc2,r5-f1-a96887b45ab5b4e57e4981ef,697,715,18,False
19,r5-f1-7d9fd9ab713cd0e8b1cce098,r5-f1-ae6f6609b2c760c468328003,708,717,9,False
19,r5-f1-850920fa10f9b9ba8843af7a,r5-f1-e714849831367e291c12986a,694,699,5,False
19,r5-f1-91af04efffefc50ce23cf297,r5-f1-bc613f63abcc1aef8fa11d83,696,703,7,False
19,r5-f1-93bdeada4e43e5a0dbafb6fe,r5-f1-f6518d584b598cd5c753e975,688,705,17,False
19,r5-f1-95baedc4243946fc23378121,r5-f1-ee59008270e04ddeb87f5940,686,707,21,False
19,r5-f1-96464e790b9333aa03c28b88,r5-f1-a28f658e0ad94927973a73dd,690,707,17,False
19,r5-f1-96bcc926cff67fb7265839f7,r5-f1-ecbdbfd182fdb8074ad5ef83,684,695,11,False
19,r5-f1-96dc56f89876a43a90f81ae8,r5-f1-e1ce38eb4734b02d744305a8,688,705,17,False
19,r5-f1-ad8646bcd13cb593285eabf2,r5-f1-e49baae09180e3649c380781,709,710,1,False
19,r5-f1-b502b62b5999cb6f2f46fde2,r5-f1-e233f959cfe5f94e7640a385,716,719,3,False
19,r5-f1-bc1bb47a4293aeda2703a38f,r5-f1-e7aff71e10e7b26122d32b72,707,715,8,False
19,r5-f1-bf42263e35b144aea3a125dd,r5-f1-e5af5cacf6dff47c97228615,693,718,25,False
19,r5-f1-bf9875c83a8844f910b65953,r5-f1-dac7055b419c0ee6030f9b80,686,714,28,False
19,r5-f1-c0187dbd694866e9a30a5a79,r5-f1-fce2c84e8e18a3277fc8a3da,704,709,5,False
19,r5-f1-c8aa69e9e27b9f54b146d2e2,r5-f1-fe2d363ab91f04f8406a2ca7,692,703,11,False
19,r5-f1-e8d6bec744f8d61e31dadcd7,r5-f1-efc5731ec7a8e9343621fbd7,697,716,19,False
19,r5-f1-ecf4946e7096b0f851fa9165,r5-f1-f79bcda9f779fd7ae1e9cad1,704,717,13,False
20,r5-f1-01b355775f2293b3ee1364b8,r5-f1-5c346dd9cec6ff67cc2a65de,721,750,29,False
20,r5-f1-021f03f1caf81b5e7b4e0920,r5-f1-83ac1d4a97bc2845e64596ab,750,754,4,False
20,r5-f1-05c2d8fed07d2996eea98947,r5-f1-fb2fd685d93a8e5350209fe8,751,754,3,False
20,r5-f1-072c39f4b8f288d57977e728,r5-f1-d463ffd94aae21470865802f,742,755,13,False
20,r5-f1-081c8e4b441012fd60db6ffe,r5-f1-9dd1420e88d6e1aa0115e74e,727,735,8,False
20,r5-f1-0d7f93d677ecae4c0ec37117,r5-f1-74bd80f2dff32f9fd1ee2f05,745,746,1,False
20,r5-f1-0e1c4b16ee27b5e02fcf1570,r5-f1-45f9baf8b494b40958de6249,727,753,26,False
20,r5-f1-12ec8264f1d798a20c8472ea,r5-f1-56bd5df46af93b8ef534ad9d,726,738,12,False
20,r5-f1-140b51f700eef3b9720a28c7,r5-f1-8b1ca5fb3df0743f8a5d2031,728,734,6,False
20,r5-f1-14592ad3fb277d902fcca8a4,r5-f1-c4ab86140291c3379237f3c6,730,747,17,False
20,r5-f1-17676cb8c65e947d9311466c,r5-f1-3ce5098afba99ac89b520439,720,723,3,False
20,r5-f1-1bd0b8bb497d87746752f61f,r5-f1-33d8225a9aa06186a07bcb81,731,742,11,False
20,r5-f1-1c05cb63b8fa86864476c790,r5-f1-753ac65796df96e3fa0dcd28,722,729,7,False
20,r5-f1-20081323b12313d0072a7558,r5-f1-68d84a588a2d97d510b9a798,720,724,4,False
20,r5-f1-213f6964c85dc869bfbc8e29,r5-f1-95b980071b480fd75474c504,743,749,6,False
20,r5-f1-2147d221d19787de20e29742,r5-f1-5fd7690662a56145be3a1b69,728,728,0,True
20,r5-f1-2209d0e463a55c60f24d2bfd,r5-f1-e6a3829cabd0249e46ded6fb,729,733,4,False
20,r5-f1-2d7ae5c0099ef1115cf9f49a,r5-f1-631687bae6a2a482c1b3467b,723,741,18,False
20,r5-f1-2f1f5522e8d48066aac367d3,r5-f1-f8c8b2629e7b13eb61c9d81e,726,733,7,False
20,r5-f1-3017647d3ea4dc9401adaf52,r5-f1-8d011739799631b71397985a,737,744,7,False
20,r5-f1-30d977225541ff1a4a549b3a,r5-f1-cca1530b46be3dd4d215ac9c,746,751,5,False
20,r5-f1-346838407cd512cc36b86a9f,r5-f1-384d4e783ac18f38d095fa6e,724,749,25,False
20,r5-f1-34d7dd11544b6dc87eb38bc0,r5-f1-7cc24d6be18b764c0c76a497,722,737,15,False
20,r5-f1-35d192def35747e67a3ea4bb,r5-f1-5b1d1399ad42dbda18fd62f4,743,752,9,False
20,r5-f1-35e06a6dbda44ebe51cadbbe,r5-f1-d8ee7108e6ed2dcfff764999,726,743,17,False
20,r5-f1-36c43a561be78681da35b3dd,r5-f1-883da7d6d35d9501a32a56c0,725,730,5,False
20,r5-f1-3d453f1453f64f70f9e9db5e,r5-f1-c7d613dd83014711dfe30d19,745,746,1,False
20,r5-f1-3d698dcc509fc631398f092d,r5-f1-e29eb97b70aaf293eeff3460,727,746,19,False
20,r5-f1-3e1835364efa0cd70eac8440,r5-f1-e53d27897f2b54b319359276,723,725,2,False
20,r5-f1-4064f2111ade33c872dddebb,r5-f1-8a99660c10ca49b3ea406d3a,744,748,4,False
20,r5-f1-41e9c948500eca6be7d91b52,r5-f1-dfc1a5170b311824b4d300ee,725,753,28,False
20,r5-f1-424ad895f87caef3551f0413,r5-f1-a5956cf71dc55f0b13dc6bcd,722,751,29,False
20,r5-f1-42bcd10207498d81228ee876,r5-f1-c33bda226b9dbfc0e3534b21,740,748,8,False
20,r5-f1-43d80123c368360fd146bbad,r5-f1-93bc6cd81b8e9c116cd78963,734,752,18,False
20,r5-f1-449082cbacc6b0b2df6b852f,r5-f1-ec24766b2964895b1e852dcf,724,741,17,False
20,r5-f1-46ca7e059c993e52aa2b696b,r5-f1-6389741841a6424240f2518f,740,742,2,False
20,r5-f1-484ccb5a8904c06ecb1eac33,r5-f1-abc0d8bc8badced6be8c2145,732,752,20,False
20,r5-f1-4c165001a3383e566579ad5b,r5-f1-aa1db5f9f2f6d628fe566631,730,753,23,False
20,r5-f1-4dc8aa1a120bbc32912d380e,r5-f1-8cb46f3d2238e81eb01d280c,720,731,11,False
20,r5-f1-51b98737a31bc79debbbfa14,r5-f1-c25660d46a0474e9b149d7ea,724,748,24,False
20,r5-f1-533c9a69b6238d710eabce91,r5-f1-ccfe0f67bd23dcb77ca62be7,729,732,3,False
20,r5-f1-54e337479077092c43e9373c,r5-f1-d3e01ada2aa733e5e0d6dfd8,738,747,9,False
20,r5-f1-5b88de40cf368cfe44843a1e,r5-f1-b5b521cbaa21cde776509fcd,721,744,23,False
20,r5-f1-5e4a2f47c8c40a725de2d246,r5-f1-d5a1e49631ce5b003b2e4a38,748,755,7,False
20,r5-f1-5f828a137a622871abcb86c7,r5-f1-c4577184ceeecd7502540cd3,721,747,26,False
20,r5-f1-60cdf979d89056f9382a846b,r5-f1-f048b20b5fd8c992c80f6732,731,753,22,False
20,r5-f1-6326749e86f5b189fc0e8433,r5-f1-f26c34b2d8b52e2cb8fbbbf6,739,752,13,False
20,r5-f1-633a38dfec01bdf942d94a18,r5-f1-7cbccd51bc7fc9dd0ffbc1d9,736,751,15,False
20,r5-f1-64efda09ee23454ef6fc4ea0,r5-f1-9791bc14ea20d25013131014,734,738,4,False
20,r5-f1-6c79a35c4220624067f86b80,r5-f1-da55951d31390d807d7d1725,728,745,17,False
20,r5-f1-720bb6d0cb4b78b9ffeb03a4,r5-f1-9e4eb2e6a343877e7cadf273,737,745,8,False
20,r5-f1-75b0f8cbaa9c3b464b678254,r5-f1-a73cccc1ce0baf4c400e2f82,726,736,10,False
20,r5-f1-7692b4c408bd859d83c37780,r5-f1-8314892e9ca8c8f4ff0220a7,733,740,7,False
20,r5-f1-78188385de6e2de136e13d33,r5-f1-94800f8cbff36e8722e36eb7,730,732,2,False
20,r5-f1-78703e27d1df172502650dc2,r5-f1-a96887b45ab5b4e57e4981ef,722,741,19,False
20,r5-f1-7d9fd9ab713cd0e8b1cce098,r5-f1-ae6f6609b2c760c468328003,729,754,25,False
20,r5-f1-850920fa10f9b9ba8843af7a,r5-f1-e714849831367e291c12986a,739,739,0,True
20,r5-f1-91af04efffefc50ce23cf297,r5-f1-bc613f63abcc1aef8fa11d83,736,743,7,False
20,r5-f1-93bdeada4e43e5a0dbafb6fe,r5-f1-f6518d584b598cd5c753e975,732,734,2,False
20,r5-f1-95baedc4243946fc23378121,r5-f1-ee59008270e04ddeb87f5940,735,736,1,False
20,r5-f1-96464e790b9333aa03c28b88,r5-f1-a28f658e0ad94927973a73dd,725,750,25,False
20,r5-f1-96bcc926cff67fb7265839f7,r5-f1-ecbdbfd182fdb8074ad5ef83,720,737,17,False
20,r5-f1-96dc56f89876a43a90f81ae8,r5-f1-e1ce38eb4734b02d744305a8,721,754,33,False
20,r5-f1-ad8646bcd13cb593285eabf2,r5-f1-e49baae09180e3649c380781,735,735,0,True
20,r5-f1-b502b62b5999cb6f2f46fde2,r5-f1-e233f959cfe5f94e7640a385,739,742,3,False
20,r5-f1-bc1bb47a4293aeda2703a38f,r5-f1-e7aff71e10e7b26122d32b72,731,755,24,False
20,r5-f1-bf42263e35b144aea3a125dd,r5-f1-e5af5cacf6dff47c97228615,723,744,21,False
20,r5-f1-bf9875c83a8844f910b65953,r5-f1-dac7055b419c0ee6030f9b80,727,740,13,False
20,r5-f1-c0187dbd694866e9a30a5a79,r5-f1-fce2c84e8e18a3277fc8a3da,738,749,11,False
20,r5-f1-c8aa69e9e27b9f54b146d2e2,r5-f1-fe2d363ab91f04f8406a2ca7,747,749,2,False
20,r5-f1-e8d6bec744f8d61e31dadcd7,r5-f1-efc5731ec7a8e9343621fbd7,733,741,8,False
20,r5-f1-ecf4946e7096b0f851fa9165,r5-f1-f79bcda9f779fd7ae1e9cad1,750,755,5,False
21,r5-f1-01b355775f2293b3ee1364b8,r5-f1-5c346dd9cec6ff67cc2a65de,762,765,3,False
21,r5-f1-021f03f1caf81b5e7b4e0920,r5-f1-83ac1d4a97bc2845e64596ab,768,788,20,False
21,r5-f1-05c2d8fed07d2996eea98947,r5-f1-fb2fd685d93a8e5350209fe8,757,774,17,False
21,r5-f1-072c39f4b8f288d57977e728,r5-f1-d463ffd94aae21470865802f,770,785,15,False
21,r5-f1-081c8e4b441012fd60db6ffe,r5-f1-9dd1420e88d6e1aa0115e74e,756,760,4,False
21,r5-f1-0d7f93d677ecae4c0ec37117,r5-f1-74bd80f2dff32f9fd1ee2f05,767,776,9,False
21,r5-f1-0e1c4b16ee27b5e02fcf1570,r5-f1-45f9baf8b494b40958de6249,771,789,18,False
21,r5-f1-12ec8264f1d798a20c8472ea,r5-f1-56bd5df46af93b8ef534ad9d,767,791,24,False
21,r5-f1-140b51f700eef3b9720a28c7,r5-f1-8b1ca5fb3df0743f8a5d2031,763,782,19,False
21,r5-f1-14592ad3fb277d902fcca8a4,r5-f1-c4ab86140291c3379237f3c6,760,785,25,False
21,r5-f1-17676cb8c65e947d9311466c,r5-f1-3ce5098afba99ac89b520439,764,767,3,False
21,r5-f1-1bd0b8bb497d87746752f61f,r5-f1-33d8225a9aa06186a07bcb81,766,777,11,False
21,r5-f1-1c05cb63b8fa86864476c790,r5-f1-753ac65796df96e3fa0dcd28,772,774,2,False
21,r5-f1-20081323b12313d0072a7558,r5-f1-68d84a588a2d97d510b9a798,759,772,13,False
21,r5-f1-213f6964c85dc869bfbc8e29,r5-f1-95b980071b480fd75474c504,786,789,3,False
21,r5-f1-2147d221d19787de20e29742,r5-f1-5fd7690662a56145be3a1b69,777,782,5,False
21,r5-f1-2209d0e463a55c60f24d2bfd,r5-f1-e6a3829cabd0249e46ded6fb,757,764,7,False
21,r5-f1-2d7ae5c0099ef1115cf9f49a,r5-f1-631687bae6a2a482c1b3467b,781,787,6,False
21,r5-f1-2f1f5522e8d48066aac367d3,r5-f1-f8c8b2629e7b13eb61c9d81e,757,770,13,False
21,r5-f1-3017647d3ea4dc9401adaf52,r5-f1-8d011739799631b71397985a,762,771,9,False
21,r5-f1-30d977225541ff1a4a549b3a,r5-f1-cca1530b46be3dd4d215ac9c,778,782,4,False
21,r5-f1-346838407cd512cc36b86a9f,r5-f1-384d4e783ac18f38d095fa6e,769,770,1,False
21,r5-f1-34d7dd11544b6dc87eb38bc0,r5-f1-7cc24d6be18b764c0c76a497,761,775,14,False
21,r5-f1-35d192def35747e67a3ea4bb,r5-f1-5b1d1399ad42dbda18fd62f4,765,786,21,False
21,r5-f1-35e06a6dbda44ebe51cadbbe,r5-f1-d8ee7108e6ed2dcfff764999,763,788,25,False
21,r5-f1-36c43a561be78681da35b3dd,r5-f1-883da7d6d35d9501a32a56c0,758,772,14,False
21,r5-f1-3d453f1453f64f70f9e9db5e,r5-f1-c7d613dd83014711dfe30d19,759,763,4,False
21,r5-f1-3d698dcc509fc631398f092d,r5-f1-e29eb97b70aaf293eeff3460,757,781,24,False
21,r5-f1-3e1835364efa0cd70eac8440,r5-f1-e53d27897f2b54b319359276,769,779,10,False
21,r5-f1-4064f2111ade33c872dddebb,r5-f1-8a99660c10ca49b3ea406d3a,775,776,1,False
21,r5-f1-41e9c948500eca6be7d91b52,r5-f1-dfc1a5170b311824b4d300ee,773,774,1,False
21,r5-f1-424ad895f87caef3551f0413,r5-f1-a5956cf71dc55f0b13dc6bcd,761,766,5,False
21,r5-f1-42bcd10207498d81228ee876,r5-f1-c33bda226b9dbfc0e3534b21,780,783,3,False
21,r5-f1-43d80123c368360fd146bbad,r5-f1-93bc6cd81b8e9c116cd78963,759,784,25,False
21,r5-f1-449082cbacc6b0b2df6b852f,r5-f1-ec24766b2964895b1e852dcf,761,773,12,False
21,r5-f1-46ca7e059c993e52aa2b696b,r5-f1-6389741841a6424240f2518f,775,778,3,False
21,r5-f1-484ccb5a8904c06ecb1eac33,r5-f1-abc0d8bc8badced6be8c2145,773,780,7,False
21,r5-f1-4c165001a3383e566579ad5b,r5-f1-aa1db5f9f2f6d628fe566631,760,771,11,False
21,r5-f1-4dc8aa1a120bbc32912d380e,r5-f1-8cb46f3d2238e81eb01d280c,778,785,7,False
21,r5-f1-51b98737a31bc79debbbfa14,r5-f1-c25660d46a0474e9b149d7ea,787,790,3,False
21,r5-f1-533c9a69b6238d710eabce91,r5-f1-ccfe0f67bd23dcb77ca62be7,762,776,14,False
21,r5-f1-54e337479077092c43e9373c,r5-f1-d3e01ada2aa733e5e0d6dfd8,764,784,20,False
21,r5-f1-5b88de40cf368cfe44843a1e,r5-f1-b5b521cbaa21cde776509fcd,771,779,8,False
21,r5-f1-5e4a2f47c8c40a725de2d246,r5-f1-d5a1e49631ce5b003b2e4a38,762,773,11,False
21,r5-f1-5f828a137a622871abcb86c7,r5-f1-c4577184ceeecd7502540cd3,786,791,5,False
21,r5-f1-60cdf979d89056f9382a846b,r5-f1-f048b20b5fd8c992c80f6732,765,774,9,False
21,r5-f1-6326749e86f5b189fc0e8433,r5-f1-f26c34b2d8b52e2cb8fbbbf6,758,761,3,False
21,r5-f1-633a38dfec01bdf942d94a18,r5-f1-7cbccd51bc7fc9dd0ffbc1d9,769,790,21,False
21,r5-f1-64efda09ee23454ef6fc4ea0,r5-f1-9791bc14ea20d25013131014,769,791,22,False
21,r5-f1-6c79a35c4220624067f86b80,r5-f1-da55951d31390d807d7d1725,768,768,0,True
21,r5-f1-720bb6d0cb4b78b9ffeb03a4,r5-f1-9e4eb2e6a343877e7cadf273,783,783,0,True
21,r5-f1-75b0f8cbaa9c3b464b678254,r5-f1-a73cccc1ce0baf4c400e2f82,768,784,16,False
21,r5-f1-7692b4c408bd859d83c37780,r5-f1-8314892e9ca8c8f4ff0220a7,766,787,21,False
21,r5-f1-78188385de6e2de136e13d33,r5-f1-94800f8cbff36e8722e36eb7,779,788,9,False
21,r5-f1-78703e27d1df172502650dc2,r5-f1-a96887b45ab5b4e57e4981ef,766,781,15,False
21,r5-f1-7d9fd9ab713cd0e8b1cce098,r5-f1-ae6f6609b2c760c468328003,756,791,35,False
21,r5-f1-850920fa10f9b9ba8843af7a,r5-f1-e714849831367e291c12986a,756,781,25,False
21,r5-f1-91af04efffefc50ce23cf297,r5-f1-bc613f63abcc1aef8fa11d83,786,787,1,False
21,r5-f1-93bdeada4e43e5a0dbafb6fe,r5-f1-f6518d584b598cd5c753e975,775,788,13,False
21,r5-f1-95baedc4243946fc23378121,r5-f1-ee59008270e04ddeb87f5940,777,785,8,False
21,r5-f1-96464e790b9333aa03c28b88,r5-f1-a28f658e0ad94927973a73dd,763,776,13,False
21,r5-f1-96bcc926cff67fb7265839f7,r5-f1-ecbdbfd182fdb8074ad5ef83,756,784,28,False
21,r5-f1-96dc56f89876a43a90f81ae8,r5-f1-e1ce38eb4734b02d744305a8,758,772,14,False
21,r5-f1-ad8646bcd13cb593285eabf2,r5-f1-e49baae09180e3649c380781,759,790,31,False
21,r5-f1-b502b62b5999cb6f2f46fde2,r5-f1-e233f959cfe5f94e7640a385,767,780,13,False
21,r5-f1-bc1bb47a4293aeda2703a38f,r5-f1-e7aff71e10e7b26122d32b72,764,765,1,False
21,r5-f1-bf42263e35b144aea3a125dd,r5-f1-e5af5cacf6dff47c97228615,770,780,10,False
21,r5-f1-bf9875c83a8844f910b65953,r5-f1-dac7055b419c0ee6030f9b80,760,779,19,False
21,r5-f1-c0187dbd694866e9a30a5a79,r5-f1-fce2c84e8e18a3277fc8a3da,777,778,1,False
21,r5-f1-c8aa69e9e27b9f54b146d2e2,r5-f1-fe2d363ab91f04f8406a2ca7,789,790,1,False
21,r5-f1-e8d6bec744f8d61e31dadcd7,r5-f1-efc5731ec7a8e9343621fbd7,758,782,24,False
21,r5-f1-ecf4946e7096b0f851fa9165,r5-f1-f79bcda9f779fd7ae1e9cad1,783,789,6,False
22,r5-f1-01b355775f2293b3ee1364b8,r5-f1-5c346dd9cec6ff67cc2a65de,795,827,32,False
22,r5-f1-021f03f1caf81b5e7b4e0920,r5-f1-83ac1d4a97bc2845e64596ab,800,801,1,False
22,r5-f1-05c2d8fed07d2996eea98947,r5-f1-fb2fd685d93a8e5350209fe8,800,803,3,False
22,r5-f1-072c39f4b8f288d57977e728,r5-f1-d463ffd94aae21470865802f,800,801,1,False
22,r5-f1-081c8e4b441012fd60db6ffe,r5-f1-9dd1420e88d6e1aa0115e74e,806,814,8,False
22,r5-f1-0d7f93d677ecae4c0ec37117,r5-f1-74bd80f2dff32f9fd1ee2f05,812,818,6,False
22,r5-f1-0e1c4b16ee27b5e02fcf1570,r5-f1-45f9baf8b494b40958de6249,813,814,1,False
22,r5-f1-12ec8264f1d798a20c8472ea,r5-f1-56bd5df46af93b8ef534ad9d,793,802,9,False
22,r5-f1-140b51f700eef3b9720a28c7,r5-f1-8b1ca5fb3df0743f8a5d2031,798,810,12,False
22,r5-f1-14592ad3fb277d902fcca8a4,r5-f1-c4ab86140291c3379237f3c6,817,824,7,False
22,r5-f1-17676cb8c65e947d9311466c,r5-f1-3ce5098afba99ac89b520439,801,824,23,False
22,r5-f1-1bd0b8bb497d87746752f61f,r5-f1-33d8225a9aa06186a07bcb81,795,816,21,False
22,r5-f1-1c05cb63b8fa86864476c790,r5-f1-753ac65796df96e3fa0dcd28,804,815,11,False
22,r5-f1-20081323b12313d0072a7558,r5-f1-68d84a588a2d97d510b9a798,815,816,1,False
22,r5-f1-213f6964c85dc869bfbc8e29,r5-f1-95b980071b480fd75474c504,796,797,1,False
22,r5-f1-2147d221d19787de20e29742,r5-f1-5fd7690662a56145be3a1b69,812,826,14,False
22,r5-f1-2209d0e463a55c60f24d2bfd,r5-f1-e6a3829cabd0249e46ded6fb,803,821,18,False
22,r5-f1-2d7ae5c0099ef1115cf9f49a,r5-f1-631687bae6a2a482c1b3467b,802,820,18,False
22,r5-f1-2f1f5522e8d48066aac367d3,r5-f1-f8c8b2629e7b13eb61c9d81e,794,823,29,False
22,r5-f1-3017647d3ea4dc9401adaf52,r5-f1-8d011739799631b71397985a,804,827,23,False
22,r5-f1-30d977225541ff1a4a549b3a,r5-f1-cca1530b46be3dd4d215ac9c,812,824,12,False
22,r5-f1-346838407cd512cc36b86a9f,r5-f1-384d4e783ac18f38d095fa6e,809,819,10,False
22,r5-f1-34d7dd11544b6dc87eb38bc0,r5-f1-7cc24d6be18b764c0c76a497,792,817,25,False
22,r5-f1-35d192def35747e67a3ea4bb,r5-f1-5b1d1399ad42dbda18fd62f4,810,825,15,False
22,r5-f1-35e06a6dbda44ebe51cadbbe,r5-f1-d8ee7108e6ed2dcfff764999,796,823,27,False
22,r5-f1-36c43a561be78681da35b3dd,r5-f1-883da7d6d35d9501a32a56c0,802,807,5,False
22,r5-f1-3d453f1453f64f70f9e9db5e,r5-f1-c7d613dd83014711dfe30d19,792,827,35,False
22,r5-f1-3d698dcc509fc631398f092d,r5-f1-e29eb97b70aaf293eeff3460,809,825,16,False
22,r5-f1-3e1835364efa0cd70eac8440,r5-f1-e53d27897f2b54b319359276,792,818,26,False
22,r5-f1-4064f2111ade33c872dddebb,r5-f1-8a99660c10ca49b3ea406d3a,807,821,14,False
22,r5-f1-41e9c948500eca6be7d91b52,r5-f1-dfc1a5170b311824b4d300ee,810,821,11,False
22,r5-f1-424ad895f87caef3551f0413,r5-f1-a5956cf71dc55f0b13dc6bcd,798,799,1,False
22,r5-f1-42bcd10207498d81228ee876,r5-f1-c33bda226b9dbfc0e3534b21,811,826,15,False
22,r5-f1-43d80123c368360fd146bbad,r5-f1-93bc6cd81b8e9c116cd78963,804,805,1,False
22,r5-f1-449082cbacc6b0b2df6b852f,r5-f1-ec24766b2964895b1e852dcf,823,827,4,False
22,r5-f1-46ca7e059c993e52aa2b696b,r5-f1-6389741841a6424240f2518f,802,805,3,False
22,r5-f1-484ccb5a8904c06ecb1eac33,r5-f1-abc0d8bc8badced6be8c2145,811,812,1,False
22,r5-f1-4c165001a3383e566579ad5b,r5-f1-aa1db5f9f2f6d628fe566631,818,825,7,False
22,r5-f1-4dc8aa1a120bbc32912d380e,r5-f1-8cb46f3d2238e81eb01d280c,805,824,19,False
22,r5-f1-51b98737a31bc79debbbfa14,r5-f1-c25660d46a0474e9b149d7ea,796,810,14,False
22,r5-f1-533c9a69b6238d710eabce91,r5-f1-ccfe0f67bd23dcb77ca62be7,797,809,12,False
22,r5-f1-54e337479077092c43e9373c,r5-f1-d3e01ada2aa733e5e0d6dfd8,793,819,26,False
22,r5-f1-5b88de40cf368cfe44843a1e,r5-f1-b5b521cbaa21cde776509fcd,811,820,9,False
22,r5-f1-5e4a2f47c8c40a725de2d246,r5-f1-d5a1e49631ce5b003b2e4a38,799,805,6,False
22,r5-f1-5f828a137a622871abcb86c7,r5-f1-c4577184ceeecd7502540cd3,809,814,5,False
22,r5-f1-60cdf979d89056f9382a846b,r5-f1-f048b20b5fd8c992c80f6732,796,801,5,False
22,r5-f1-6326749e86f5b189fc0e8433,r5-f1-f26c34b2d8b52e2cb8fbbbf6,800,816,16,False
22,r5-f1-633a38dfec01bdf942d94a18,r5-f1-7cbccd51bc7fc9dd0ffbc1d9,794,818,24,False
22,r5-f1-64efda09ee23454ef6fc4ea0,r5-f1-9791bc14ea20d25013131014,803,804,1,False
22,r5-f1-6c79a35c4220624067f86b80,r5-f1-da55951d31390d807d7d1725,808,813,5,False
22,r5-f1-720bb6d0cb4b78b9ffeb03a4,r5-f1-9e4eb2e6a343877e7cadf273,819,826,7,False
22,r5-f1-75b0f8cbaa9c3b464b678254,r5-f1-a73cccc1ce0baf4c400e2f82,813,826,13,False
22,r5-f1-7692b4c408bd859d83c37780,r5-f1-8314892e9ca8c8f4ff0220a7,794,808,14,False
22,r5-f1-78188385de6e2de136e13d33,r5-f1-94800f8cbff36e8722e36eb7,815,822,7,False
22,r5-f1-78703e27d1df172502650dc2,r5-f1-a96887b45ab5b4e57e4981ef,798,822,24,False
22,r5-f1-7d9fd9ab713cd0e8b1cce098,r5-f1-ae6f6609b2c760c468328003,820,820,0,True
22,r5-f1-850920fa10f9b9ba8843af7a,r5-f1-e714849831367e291c12986a,792,793,1,False
22,r5-f1-91af04efffefc50ce23cf297,r5-f1-bc613f63abcc1aef8fa11d83,806,814,8,False
22,r5-f1-93bdeada4e43e5a0dbafb6fe,r5-f1-f6518d584b598cd5c753e975,799,817,18,False
22,r5-f1-95baedc4243946fc23378121,r5-f1-ee59008270e04ddeb87f5940,806,815,9,False
22,r5-f1-96464e790b9333aa03c28b88,r5-f1-a28f658e0ad94927973a73dd,817,823,6,False
22,r5-f1-96bcc926cff67fb7265839f7,r5-f1-ecbdbfd182fdb8074ad5ef83,795,822,27,False
22,r5-f1-96dc56f89876a43a90f81ae8,r5-f1-e1ce38eb4734b02d744305a8,811,816,5,False
22,r5-f1-ad8646bcd13cb593285eabf2,r5-f1-e49baae09180e3649c380781,803,822,19,False
22,r5-f1-b502b62b5999cb6f2f46fde2,r5-f1-e233f959cfe5f94e7640a385,793,807,14,False
22,r5-f1-bc1bb47a4293aeda2703a38f,r5-f1-e7aff71e10e7b26122d32b72,799,819,20,False
22,r5-f1-bf42263e35b144aea3a125dd,r5-f1-e5af5cacf6dff47c97228615,798,807,9,False
22,r5-f1-bf9875c83a8844f910b65953,r5-f1-dac7055b419c0ee6030f9b80,808,808,0,True
22,r5-f1-c0187dbd694866e9a30a5a79,r5-f1-fce2c84e8e18a3277fc8a3da,795,797,2,False
22,r5-f1-c8aa69e9e27b9f54b146d2e2,r5-f1-fe2d363ab91f04f8406a2ca7,806,821,15,False
22,r5-f1-e8d6bec744f8d61e31dadcd7,r5-f1-efc5731ec7a8e9343621fbd7,813,825,12,False
22,r5-f1-ecf4946e7096b0f851fa9165,r5-f1-f79bcda9f779fd7ae1e9cad1,794,797,3,False
23,r5-f1-01b355775f2293b3ee1364b8,r5-f1-5c346dd9cec6ff67cc2a65de,835,853,18,False
23,r5-f1-021f03f1caf81b5e7b4e0920,r5-f1-83ac1d4a97bc2845e64596ab,856,859,3,False
23,r5-f1-05c2d8fed07d2996eea98947,r5-f1-fb2fd685d93a8e5350209fe8,828,837,9,False
23,r5-f1-072c39f4b8f288d57977e728,r5-f1-d463ffd94aae21470865802f,839,846,7,False
23,r5-f1-081c8e4b441012fd60db6ffe,r5-f1-9dd1420e88d6e1aa0115e74e,851,852,1,False
23,r5-f1-0d7f93d677ecae4c0ec37117,r5-f1-74bd80f2dff32f9fd1ee2f05,858,862,4,False
23,r5-f1-0e1c4b16ee27b5e02fcf1570,r5-f1-45f9baf8b494b40958de6249,833,863,30,False
23,r5-f1-12ec8264f1d798a20c8472ea,r5-f1-56bd5df46af93b8ef534ad9d,828,846,18,False
23,r5-f1-140b51f700eef3b9720a28c7,r5-f1-8b1ca5fb3df0743f8a5d2031,831,852,21,False
23,r5-f1-14592ad3fb277d902fcca8a4,r5-f1-c4ab86140291c3379237f3c6,835,856,21,False
23,r5-f1-17676cb8c65e947d9311466c,r5-f1-3ce5098afba99ac89b520439,830,863,33,False
23,r5-f1-1bd0b8bb497d87746752f61f,r5-f1-33d8225a9aa06186a07bcb81,828,841,13,False
23,r5-f1-1c05cb63b8fa86864476c790,r5-f1-753ac65796df96e3fa0dcd28,836,845,9,False
23,r5-f1-20081323b12313d0072a7558,r5-f1-68d84a588a2d97d510b9a798,836,859,23,False
23,r5-f1-213f6964c85dc869bfbc8e29,r5-f1-95b980071b480fd75474c504,851,855,4,False
23,r5-f1-2147d221d19787de20e29742,r5-f1-5fd7690662a56145be3a1b69,832,855,23,False
23,r5-f1-2209d0e463a55c60f24d2bfd,r5-f1-e6a3829cabd0249e46ded6fb,829,840,11,False
23,r5-f1-2d7ae5c0099ef1115cf9f49a,r5-f1-631687bae6a2a482c1b3467b,838,840,2,False
23,r5-f1-2f1f5522e8d48066aac367d3,r5-f1-f8c8b2629e7b13eb61c9d81e,856,859,3,False
23,r5-f1-3017647d3ea4dc9401adaf52,r5-f1-8d011739799631b71397985a,861,861,0,True
23,r5-f1-30d977225541ff1a4a549b3a,r5-f1-cca1530b46be3dd4d215ac9c,830,831,1,False
23,r5-f1-346838407cd512cc36b86a9f,r5-f1-384d4e783ac18f38d095fa6e,839,840,1,False
23,r5-f1-34d7dd11544b6dc87eb38bc0,r5-f1-7cc24d6be18b764c0c76a497,831,851,20,False
23,r5-f1-35d192def35747e67a3ea4bb,r5-f1-5b1d1399ad42dbda18fd62f4,836,845,9,False
23,r5-f1-35e06a6dbda44ebe51cadbbe,r5-f1-d8ee7108e6ed2dcfff764999,842,854,12,False
23,r5-f1-36c43a561be78681da35b3dd,r5-f1-883da7d6d35d9501a32a56c0,834,850,16,False
23,r5-f1-3d453f1453f64f70f9e9db5e,r5-f1-c7d613dd83014711dfe30d19,843,854,11,False
23,r5-f1-3d698dcc509fc631398f092d,r5-f1-e29eb97b70aaf293eeff3460,829,847,18,False
23,r5-f1-3e1835364efa0cd70eac8440,r5-f1-e53d27897f2b54b319359276,834,849,15,False
23,r5-f1-4064f2111ade33c872dddebb,r5-f1-8a99660c10ca49b3ea406d3a,840,847,7,False
23,r5-f1-41e9c948500eca6be7d91b52,r5-f1-dfc1a5170b311824b4d300ee,832,856,24,False
23,r5-f1-424ad895f87caef3551f0413,r5-f1-a5956cf71dc55f0b13dc6bcd,829,832,3,False
23,r5-f1-42bcd10207498d81228ee876,r5-f1-c33bda226b9dbfc0e3534b21,834,860,26,False
23,r5-f1-43d80123c368360fd146bbad,r5-f1-93bc6cd81b8e9c116cd78963,830,857,27,False
23,r5-f1-449082cbacc6b0b2df6b852f,r5-f1-ec24766b2964895b1e852dcf,830,844,14,False
23,r5-f1-46ca7e059c993e52aa2b696b,r5-f1-6389741841a6424240f2518f,838,855,17,False
23,r5-f1-484ccb5a8904c06ecb1eac33,r5-f1-abc0d8bc8badced6be8c2145,844,845,1,False
23,r5-f1-4c165001a3383e566579ad5b,r5-f1-aa1db5f9f2f6d628fe566631,858,862,4,False
23,r5-f1-4dc8aa1a120bbc32912d380e,r5-f1-8cb46f3d2238e81eb01d280c,833,852,19,False
23,r5-f1-51b98737a31bc79debbbfa14,r5-f1-c25660d46a0474e9b149d7ea,842,850,8,False
23,r5-f1-533c9a69b6238d710eabce91,r5-f1-ccfe0f67bd23dcb77ca62be7,835,860,25,False
23,r5-f1-54e337479077092c43e9373c,r5-f1-d3e01ada2aa733e5e0d6dfd8,843,851,8,False
23,r5-f1-5b88de40cf368cfe44843a1e,r5-f1-b5b521cbaa21cde776509fcd,832,841,9,False
23,r5-f1-5e4a2f47c8c40a725de2d246,r5-f1-d5a1e49631ce5b003b2e4a38,828,837,9,False
23,r5-f1-5f828a137a622871abcb86c7,r5-f1-c4577184ceeecd7502540cd3,860,860,0,True
23,r5-f1-60cdf979d89056f9382a846b,r5-f1-f048b20b5fd8c992c80f6732,833,844,11,False
23,r5-f1-6326749e86f5b189fc0e8433,r5-f1-f26c34b2d8b52e2cb8fbbbf6,834,843,9,False
23,r5-f1-633a38dfec01bdf942d94a18,r5-f1-7cbccd51bc7fc9dd0ffbc1d9,842,861,19,False
23,r5-f1-64efda09ee23454ef6fc4ea0,r5-f1-9791bc14ea20d25013131014,829,831,2,False
23,r5-f1-6c79a35c4220624067f86b80,r5-f1-da55951d31390d807d7d1725,843,858,15,False
23,r5-f1-720bb6d0cb4b78b9ffeb03a4,r5-f1-9e4eb2e6a343877e7cadf273,857,857,0,True
23,r5-f1-75b0f8cbaa9c3b464b678254,r5-f1-a73cccc1ce0baf4c400e2f82,847,848,1,False
23,r5-f1-7692b4c408bd859d83c37780,r5-f1-8314892e9ca8c8f4ff0220a7,835,848,13,False
23,r5-f1-78188385de6e2de136e13d33,r5-f1-94800f8cbff36e8722e36eb7,838,863,25,False
23,r5-f1-78703e27d1df172502650dc2,r5-f1-a96887b45ab5b4e57e4981ef,842,849,7,False
23,r5-f1-7d9fd9ab713cd0e8b1cce098,r5-f1-ae6f6609b2c760c468328003,847,850,3,False
23,r5-f1-850920fa10f9b9ba8843af7a,r5-f1-e714849831367e291c12986a,848,850,2,False
23,r5-f1-91af04efffefc50ce23cf297,r5-f1-bc613f63abcc1aef8fa11d83,852,854,2,False
23,r5-f1-93bdeada4e43e5a0dbafb6fe,r5-f1-f6518d584b598cd5c753e975,849,862,13,False
23,r5-f1-95baedc4243946fc23378121,r5-f1-ee59008270e04ddeb87f5940,833,855,22,False
23,r5-f1-96464e790b9333aa03c28b88,r5-f1-a28f658e0ad94927973a73dd,853,858,5,False
23,r5-f1-96bcc926cff67fb7265839f7,r5-f1-ecbdbfd182fdb8074ad5ef83,836,839,3,False
23,r5-f1-96dc56f89876a43a90f81ae8,r5-f1-e1ce38eb4734b02d744305a8,846,853,7,False
23,r5-f1-ad8646bcd13cb593285eabf2,r5-f1-e49baae09180e3649c380781,841,859,18,False
23,r5-f1-b502b62b5999cb6f2f46fde2,r5-f1-e233f959cfe5f94e7640a385,848,861,13,False
23,r5-f1-bc1bb47a4293aeda2703a38f,r5-f1-e7aff71e10e7b26122d32b72,853,863,10,False
23,r5-f1-bf42263e35b144aea3a125dd,r5-f1-e5af5cacf6dff47c97228615,837,862,25,False
23,r5-f1-bf9875c83a8844f910b65953,r5-f1-dac7055b419c0ee6030f9b80,837,838,1,False
23,r5-f1-c0187dbd694866e9a30a5a79,r5-f1-fce2c84e8e18a3277fc8a3da,841,845,4,False
23,r5-f1-c8aa69e9e27b9f54b146d2e2,r5-f1-fe2d363ab91f04f8406a2ca7,844,849,5,False
23,r5-f1-e8d6bec744f8d61e31dadcd7,r5-f1-efc5731ec7a8e9343621fbd7,846,857,11,False
23,r5-f1-ecf4946e7096b0f851fa9165,r5-f1-f79bcda9f779fd7ae1e9cad1,839,854,15,False
24,r5-f1-01b355775f2293b3ee1364b8,r5-f1-5c346dd9cec6ff67cc2a65de,868,896,28,False
24,r5-f1-021f03f1caf81b5e7b4e0920,r5-f1-83ac1d4a97bc2845e64596ab,877,883,6,False
24,r5-f1-05c2d8fed07d2996eea98947,r5-f1-fb2fd685d93a8e5350209fe8,897,898,1,False
24,r5-f1-072c39f4b8f288d57977e728,r5-f1-d463ffd94aae21470865802f,867,895,28,False
24,r5-f1-081c8e4b441012fd60db6ffe,r5-f1-9dd1420e88d6e1aa0115e74e,883,891,8,False
24,r5-f1-0d7f93d677ecae4c0ec37117,r5-f1-74bd80f2dff32f9fd1ee2f05,867,887,20,False
24,r5-f1-0e1c4b16ee27b5e02fcf1570,r5-f1-45f9baf8b494b40958de6249,888,889,1,False
24,r5-f1-12ec8264f1d798a20c8472ea,r5-f1-56bd5df46af93b8ef534ad9d,869,886,17,False
24,r5-f1-140b51f700eef3b9720a28c7,r5-f1-8b1ca5fb3df0743f8a5d2031,868,883,15,False
24,r5-f1-14592ad3fb277d902fcca8a4,r5-f1-c4ab86140291c3379237f3c6,887,892,5,False
24,r5-f1-17676cb8c65e947d9311466c,r5-f1-3ce5098afba99ac89b520439,881,885,4,False
24,r5-f1-1bd0b8bb497d87746752f61f,r5-f1-33d8225a9aa06186a07bcb81,864,874,10,False
24,r5-f1-1c05cb63b8fa86864476c790,r5-f1-753ac65796df96e3fa0dcd28,875,875,0,True
24,r5-f1-20081323b12313d0072a7558,r5-f1-68d84a588a2d97d510b9a798,873,888,15,False
24,r5-f1-213f6964c85dc869bfbc8e29,r5-f1-95b980071b480fd75474c504,864,895,31,False
24,r5-f1-2147d221d19787de20e29742,r5-f1-5fd7690662a56145be3a1b69,871,878,7,False
24,r5-f1-2209d0e463a55c60f24d2bfd,r5-f1-e6a3829cabd0249e46ded6fb,884,890,6,False
24,r5-f1-2d7ae5c0099ef1115cf9f49a,r5-f1-631687bae6a2a482c1b3467b,869,885,16,False
24,r5-f1-2f1f5522e8d48066aac367d3,r5-f1-f8c8b2629e7b13eb61c9d81e,884,897,13,False
24,r5-f1-3017647d3ea4dc9401adaf52,r5-f1-8d011739799631b71397985a,874,876,2,False
24,r5-f1-30d977225541ff1a4a549b3a,r5-f1-cca1530b46be3dd4d215ac9c,879,882,3,False
24,r5-f1-346838407cd512cc36b86a9f,r5-f1-384d4e783ac18f38d095fa6e,868,888,20,False
24,r5-f1-34d7dd11544b6dc87eb38bc0,r5-f1-7cc24d6be18b764c0c76a497,876,894,18,False
24,r5-f1-35d192def35747e67a3ea4bb,r5-f1-5b1d1399ad42dbda18fd62f4,865,872,7,False
24,r5-f1-35e06a6dbda44ebe51cadbbe,r5-f1-d8ee7108e6ed2dcfff764999,885,892,7,False
24,r5-f1-36c43a561be78681da35b3dd,r5-f1-883da7d6d35d9501a32a56c0,865,871,6,False
24,r5-f1-3d453f1453f64f70f9e9db5e,r5-f1-c7d613dd83014711dfe30d19,886,890,4,False
24,r5-f1-3d698dcc509fc631398f092d,r5-f1-e29eb97b70aaf293eeff3460,881,888,7,False
24,r5-f1-3e1835364efa0cd70eac8440,r5-f1-e53d27897f2b54b319359276,889,897,8,False
24,r5-f1-4064f2111ade33c872dddebb,r5-f1-8a99660c10ca49b3ea406d3a,872,872,0,True
24,r5-f1-41e9c948500eca6be7d91b52,r5-f1-dfc1a5170b311824b4d300ee,876,879,3,False
24,r5-f1-424ad895f87caef3551f0413,r5-f1-a5956cf71dc55f0b13dc6bcd,866,886,20,False
24,r5-f1-42bcd10207498d81228ee876,r5-f1-c33bda226b9dbfc0e3534b21,887,897,10,False
24,r5-f1-43d80123c368360fd146bbad,r5-f1-93bc6cd81b8e9c116cd78963,880,893,13,False
24,r5-f1-449082cbacc6b0b2df6b852f,r5-f1-ec24766b2964895b1e852dcf,875,882,7,False
24,r5-f1-46ca7e059c993e52aa2b696b,r5-f1-6389741841a6424240f2518f,870,874,4,False
24,r5-f1-484ccb5a8904c06ecb1eac33,r5-f1-abc0d8bc8badced6be8c2145,881,891,10,False
24,r5-f1-4c165001a3383e566579ad5b,r5-f1-aa1db5f9f2f6d628fe566631,872,879,7,False
24,r5-f1-4dc8aa1a120bbc32912d380e,r5-f1-8cb46f3d2238e81eb01d280c,877,896,19,False
24,r5-f1-51b98737a31bc79debbbfa14,r5-f1-c25660d46a0474e9b149d7ea,870,881,11,False
24,r5-f1-533c9a69b6238d710eabce91,r5-f1-ccfe0f67bd23dcb77ca62be7,866,895,29,False
24,r5-f1-54e337479077092c43e9373c,r5-f1-d3e01ada2aa733e5e0d6dfd8,870,875,5,False
24,r5-f1-5b88de40cf368cfe44843a1e,r5-f1-b5b521cbaa21cde776509fcd,873,878,5,False
24,r5-f1-5e4a2f47c8c40a725de2d246,r5-f1-d5a1e49631ce5b003b2e4a38,880,892,12,False
24,r5-f1-5f828a137a622871abcb86c7,r5-f1-c4577184ceeecd7502540cd3,864,898,34,False
24,r5-f1-60cdf979d89056f9382a846b,r5-f1-f048b20b5fd8c992c80f6732,867,886,19,False
24,r5-f1-6326749e86f5b189fc0e8433,r5-f1-f26c34b2d8b52e2cb8fbbbf6,871,882,11,False
24,r5-f1-633a38dfec01bdf942d94a18,r5-f1-7cbccd51bc7fc9dd0ffbc1d9,866,873,7,False
24,r5-f1-64efda09ee23454ef6fc4ea0,r5-f1-9791bc14ea20d25013131014,870,873,3,False
24,r5-f1-6c79a35c4220624067f86b80,r5-f1-da55951d31390d807d7d1725,877,889,12,False
24,r5-f1-720bb6d0cb4b78b9ffeb03a4,r5-f1-9e4eb2e6a343877e7cadf273,871,878,7,False
24,r5-f1-75b0f8cbaa9c3b464b678254,r5-f1-a73cccc1ce0baf4c400e2f82,869,893,24,False
24,r5-f1-7692b4c408bd859d83c37780,r5-f1-8314892e9ca8c8f4ff0220a7,882,887,5,False
24,r5-f1-78188385de6e2de136e13d33,r5-f1-94800f8cbff36e8722e36eb7,879,899,20,False
24,r5-f1-78703e27d1df172502650dc2,r5-f1-a96887b45ab5b4e57e4981ef,890,899,9,False
24,r5-f1-7d9fd9ab713cd0e8b1cce098,r5-f1-ae6f6609b2c760c468328003,869,893,24,False
24,r5-f1-850920fa10f9b9ba8843af7a,r5-f1-e714849831367e291c12986a,866,867,1,False
24,r5-f1-91af04efffefc50ce23cf297,r5-f1-bc613f63abcc1aef8fa11d83,865,884,19,False
24,r5-f1-93bdeada4e43e5a0dbafb6fe,r5-f1-f6518d584b598cd5c753e975,864,880,16,False
24,r5-f1-95baedc4243946fc23378121,r5-f1-ee59008270e04ddeb87f5940,874,878,4,False
24,r5-f1-96464e790b9333aa03c28b88,r5-f1-a28f658e0ad94927973a73dd,876,895,19,False
24,r5-f1-96bcc926cff67fb7265839f7,r5-f1-ecbdbfd182fdb8074ad5ef83,891,894,3,False
24,r5-f1-96dc56f89876a43a90f81ae8,r5-f1-e1ce38eb4734b02d744305a8,884,890,6,False
24,r5-f1-ad8646bcd13cb593285eabf2,r5-f1-e49baae09180e3649c380781,894,898,4,False
24,r5-f1-b502b62b5999cb6f2f46fde2,r5-f1-e233f959cfe5f94e7640a385,894,896,2,False
24,r5-f1-bc1bb47a4293aeda2703a38f,r5-f1-e7aff71e10e7b26122d32b72,893,898,5,False
24,r5-f1-bf42263e35b144aea3a125dd,r5-f1-e5af5cacf6dff47c97228615,877,880,3,False
24,r5-f1-bf9875c83a8844f910b65953,r5-f1-dac7055b419c0ee6030f9b80,885,896,11,False
24,r5-f1-c0187dbd694866e9a30a5a79,r5-f1-fce2c84e8e18a3277fc8a3da,868,899,31,False
24,r5-f1-c8aa69e9e27b9f54b146d2e2,r5-f1-fe2d363ab91f04f8406a2ca7,889,891,2,False
24,r5-f1-e8d6bec744f8d61e31dadcd7,r5-f1-efc5731ec7a8e9343621fbd7,883,899,16,False
24,r5-f1-ecf4946e7096b0f851fa9165,r5-f1-f79bcda9f779fd7ae1e9cad1,865,892,27,False
25,r5-f1-01b355775f2293b3ee1364b8,r5-f1-5c346dd9cec6ff67cc2a65de,904,924,20,False
25,r5-f1-021f03f1caf81b5e7b4e0920,r5-f1-83ac1d4a97bc2845e64596ab,913,928,15,False
25,r5-f1-05c2d8fed07d2996eea98947,r5-f1-fb2fd685d93a8e5350209fe8,930,935,5,False
25,r5-f1-072c39f4b8f288d57977e728,r5-f1-d463ffd94aae21470865802f,908,910,2,False
25,r5-f1-081c8e4b441012fd60db6ffe,r5-f1-9dd1420e88d6e1aa0115e74e,901,930,29,False
25,r5-f1-0d7f93d677ecae4c0ec37117,r5-f1-74bd80f2dff32f9fd1ee2f05,915,934,19,False
25,r5-f1-0e1c4b16ee27b5e02fcf1570,r5-f1-45f9baf8b494b40958de6249,909,926,17,False
25,r5-f1-12ec8264f1d798a20c8472ea,r5-f1-56bd5df46af93b8ef534ad9d,908,920,12,False
25,r5-f1-140b51f700eef3b9720a28c7,r5-f1-8b1ca5fb3df0743f8a5d2031,901,908,7,False
25,r5-f1-14592ad3fb277d902fcca8a4,r5-f1-c4ab86140291c3379237f3c6,907,915,8,False
25,r5-f1-17676cb8c65e947d9311466c,r5-f1-3ce5098afba99ac89b520439,922,932,10,False
25,r5-f1-1bd0b8bb497d87746752f61f,r5-f1-33d8225a9aa06186a07bcb81,924,933,9,False
25,r5-f1-1c05cb63b8fa86864476c790,r5-f1-753ac65796df96e3fa0dcd28,905,923,18,False
25,r5-f1-20081323b12313d0072a7558,r5-f1-68d84a588a2d97d510b9a798,929,933,4,False
25,r5-f1-213f6964c85dc869bfbc8e29,r5-f1-95b980071b480fd75474c504,921,929,8,False
25,r5-f1-2147d221d19787de20e29742,r5-f1-5fd7690662a56145be3a1b69,903,915,12,False
25,r5-f1-2209d0e463a55c60f24d2bfd,r5-f1-e6a3829cabd0249e46ded6fb,911,931,20,False
25,r5-f1-2d7ae5c0099ef1115cf9f49a,r5-f1-631687bae6a2a482c1b3467b,923,924,1,False
25,r5-f1-2f1f5522e8d48066aac367d3,r5-f1-f8c8b2629e7b13eb61c9d81e,909,927,18,False
25,r5-f1-3017647d3ea4dc9401adaf52,r5-f1-8d011739799631b71397985a,907,928,21,False
25,r5-f1-30d977225541ff1a4a549b3a,r5-f1-cca1530b46be3dd4d215ac9c,910,925,15,False
25,r5-f1-346838407cd512cc36b86a9f,r5-f1-384d4e783ac18f38d095fa6e,900,913,13,False
25,r5-f1-34d7dd11544b6dc87eb38bc0,r5-f1-7cc24d6be18b764c0c76a497,918,921,3,False
25,r5-f1-35d192def35747e67a3ea4bb,r5-f1-5b1d1399ad42dbda18fd62f4,910,912,2,False
25,r5-f1-35e06a6dbda44ebe51cadbbe,r5-f1-d8ee7108e6ed2dcfff764999,916,919,3,False
25,r5-f1-36c43a561be78681da35b3dd,r5-f1-883da7d6d35d9501a32a56c0,907,907,0,True
25,r5-f1-3d453f1453f64f70f9e9db5e,r5-f1-c7d613dd83014711dfe30d19,922,926,4,False
25,r5-f1-3d698dcc509fc631398f092d,r5-f1-e29eb97b70aaf293eeff3460,920,932,12,False
25,r5-f1-3e1835364efa0cd70eac8440,r5-f1-e53d27897f2b54b319359276,914,918,4,False
25,r5-f1-4064f2111ade33c872dddebb,r5-f1-8a99660c10ca49b3ea406d3a,904,927,23,False
25,r5-f1-41e9c948500eca6be7d91b52,r5-f1-dfc1a5170b311824b4d300ee,902,916,14,False
25,r5-f1-424ad895f87caef3551f0413,r5-f1-a5956cf71dc55f0b13dc6bcd,902,903,1,False
25,r5-f1-42bcd10207498d81228ee876,r5-f1-c33bda226b9dbfc0e3534b21,906,933,27,False
25,r5-f1-43d80123c368360fd146bbad,r5-f1-93bc6cd81b8e9c116cd78963,922,931,9,False
25,r5-f1-449082cbacc6b0b2df6b852f,r5-f1-ec24766b2964895b1e852dcf,933,935,2,False
25,r5-f1-46ca7e059c993e52aa2b696b,r5-f1-6389741841a6424240f2518f,932,935,3,False
25,r5-f1-484ccb5a8904c06ecb1eac33,r5-f1-abc0d8bc8badced6be8c2145,905,929,24,False
25,r5-f1-4c165001a3383e566579ad5b,r5-f1-aa1db5f9f2f6d628fe566631,917,922,5,False
25,r5-f1-4dc8aa1a120bbc32912d380e,r5-f1-8cb46f3d2238e81eb01d280c,917,928,11,False
25,r5-f1-51b98737a31bc79debbbfa14,r5-f1-c25660d46a0474e9b149d7ea,902,934,32,False
25,r5-f1-533c9a69b6238d710eabce91,r5-f1-ccfe0f67bd23dcb77ca62be7,901,931,30,False
25,r5-f1-54e337479077092c43e9373c,r5-f1-d3e01ada2aa733e5e0d6dfd8,906,913,7,False
25,r5-f1-5b88de40cf368cfe44843a1e,r5-f1-b5b521cbaa21cde776509fcd,909,916,7,False
25,r5-f1-5e4a2f47c8c40a725de2d246,r5-f1-d5a1e49631ce5b003b2e4a38,910,923,13,False
25,r5-f1-5f828a137a622871abcb86c7,r5-f1-c4577184ceeecd7502540cd3,915,923,8,False
25,r5-f1-60cdf979d89056f9382a846b,r5-f1-f048b20b5fd8c992c80f6732,911,931,20,False
25,r5-f1-6326749e86f5b189fc0e8433,r5-f1-f26c34b2d8b52e2cb8fbbbf6,911,930,19,False
25,r5-f1-633a38dfec01bdf942d94a18,r5-f1-7cbccd51bc7fc9dd0ffbc1d9,903,906,3,False
25,r5-f1-64efda09ee23454ef6fc4ea0,r5-f1-9791bc14ea20d25013131014,913,918,5,False
25,r5-f1-6c79a35c4220624067f86b80,r5-f1-da55951d31390d807d7d1725,906,919,13,False
25,r5-f1-720bb6d0cb4b78b9ffeb03a4,r5-f1-9e4eb2e6a343877e7cadf273,914,926,12,False
25,r5-f1-75b0f8cbaa9c3b464b678254,r5-f1-a73cccc1ce0baf4c400e2f82,921,932,11,False
25,r5-f1-7692b4c408bd859d83c37780,r5-f1-8314892e9ca8c8f4ff0220a7,909,911,2,False
25,r5-f1-78188385de6e2de136e13d33,r5-f1-94800f8cbff36e8722e36eb7,900,925,25,False
25,r5-f1-78703e27d1df172502650dc2,r5-f1-a96887b45ab5b4e57e4981ef,912,918,6,False
25,r5-f1-7d9fd9ab713cd0e8b1cce098,r5-f1-ae6f6609b2c760c468328003,904,924,20,False
25,r5-f1-850920fa10f9b9ba8843af7a,r5-f1-e714849831367e291c12986a,900,919,19,False
25,r5-f1-91af04efffefc50ce23cf297,r5-f1-bc613f63abcc1aef8fa11d83,927,928,1,False
25,r5-f1-93bdeada4e43e5a0dbafb6fe,r5-f1-f6518d584b598cd5c753e975,902,905,3,False
25,r5-f1-95baedc4243946fc23378121,r5-f1-ee59008270e04ddeb87f5940,904,912,8,False
25,r5-f1-96464e790b9333aa03c28b88,r5-f1-a28f658e0ad94927973a73dd,914,925,11,False
25,r5-f1-96bcc926cff67fb7265839f7,r5-f1-ecbdbfd182fdb8074ad5ef83,908,921,13,False
25,r5-f1-96dc56f89876a43a90f81ae8,r5-f1-e1ce38eb4734b02d744305a8,919,934,15,False
25,r5-f1-ad8646bcd13cb593285eabf2,r5-f1-e49baae09180e3649c380781,903,934,31,False
25,r5-f1-b502b62b5999cb6f2f46fde2,r5-f1-e233f959cfe5f94e7640a385,925,926,1,False
25,r5-f1-bc1bb47a4293aeda2703a38f,r5-f1-e7aff71e10e7b26122d32b72,917,920,3,False
25,r5-f1-bf42263e35b144aea3a125dd,r5-f1-e5af5cacf6dff47c97228615,901,920,19,False
25,r5-f1-bf9875c83a8844f910b65953,r5-f1-dac7055b419c0ee6030f9b80,905,917,12,False
25,r5-f1-c0187dbd694866e9a30a5a79,r5-f1-fce2c84e8e18a3277fc8a3da,900,935,35,False
25,r5-f1-c8aa69e9e27b9f54b146d2e2,r5-f1-fe2d363ab91f04f8406a2ca7,916,927,11,False
25,r5-f1-e8d6bec744f8d61e31dadcd7,r5-f1-efc5731ec7a8e9343621fbd7,914,930,16,False
25,r5-f1-ecf4946e7096b0f851fa9165,r5-f1-f79bcda9f779fd7ae1e9cad1,912,929,17,False
26,r5-f1-01b355775f2293b3ee1364b8,r5-f1-5c346dd9cec6ff67cc2a65de,948,956,8,False
26,r5-f1-021f03f1caf81b5e7b4e0920,r5-f1-83ac1d4a97bc2845e64596ab,943,966,23,False
26,r5-f1-05c2d8fed07d2996eea98947,r5-f1-fb2fd685d93a8e5350209fe8,943,960,17,False
26,r5-f1-072c39f4b8f288d57977e728,r5-f1-d463ffd94aae21470865802f,961,962,1,False
26,r5-f1-081c8e4b441012fd60db6ffe,r5-f1-9dd1420e88d6e1aa0115e74e,961,970,9,False
26,r5-f1-0d7f93d677ecae4c0ec37117,r5-f1-74bd80f2dff32f9fd1ee2f05,936,943,7,False
26,r5-f1-0e1c4b16ee27b5e02fcf1570,r5-f1-45f9baf8b494b40958de6249,944,945,1,False
26,r5-f1-12ec8264f1d798a20c8472ea,r5-f1-56bd5df46af93b8ef534ad9d,936,968,32,False
26,r5-f1-140b51f700eef3b9720a28c7,r5-f1-8b1ca5fb3df0743f8a5d2031,938,940,2,False
26,r5-f1-14592ad3fb277d902fcca8a4,r5-f1-c4ab86140291c3379237f3c6,942,961,19,False
26,r5-f1-17676cb8c65e947d9311466c,r5-f1-3ce5098afba99ac89b520439,953,971,18,False
26,r5-f1-1bd0b8bb497d87746752f61f,r5-f1-33d8225a9aa06186a07bcb81,937,970,33,False
26,r5-f1-1c05cb63b8fa86864476c790,r5-f1-753ac65796df96e3fa0dcd28,946,952,6,False
26,r5-f1-20081323b12313d0072a7558,r5-f1-68d84a588a2d97d510b9a798,946,957,11,False
26,r5-f1-213f6964c85dc869bfbc8e29,r5-f1-95b980071b480fd75474c504,937,956,19,False
26,r5-f1-2147d221d19787de20e29742,r5-f1-5fd7690662a56145be3a1b69,956,962,6,False
26,r5-f1-2209d0e463a55c60f24d2bfd,r5-f1-e6a3829cabd0249e46ded6fb,938,968,30,False
26,r5-f1-2d7ae5c0099ef1115cf9f49a,r5-f1-631687bae6a2a482c1b3467b,941,941,0,True
26,r5-f1-2f1f5522e8d48066aac367d3,r5-f1-f8c8b2629e7b13eb61c9d81e,939,940,1,False
26,r5-f1-3017647d3ea4dc9401adaf52,r5-f1-8d011739799631b71397985a,937,952,15,False
26,r5-f1-30d977225541ff1a4a549b3a,r5-f1-cca1530b46be3dd4d215ac9c,955,965,10,False
26,r5-f1-346838407cd512cc36b86a9f,r5-f1-384d4e783ac18f38d095fa6e,959,971,12,False
26,r5-f1-34d7dd11544b6dc87eb38bc0,r5-f1-7cc24d6be18b764c0c76a497,959,965,6,False
26,r5-f1-35d192def35747e67a3ea4bb,r5-f1-5b1d1399ad42dbda18fd62f4,960,967,7,False
26,r5-f1-35e06a6dbda44ebe51cadbbe,r5-f1-d8ee7108e6ed2dcfff764999,939,966,27,False
26,r5-f1-36c43a561be78681da35b3dd,r5-f1-883da7d6d35d9501a32a56c0,942,953,11,False
26,r5-f1-3d453f1453f64f70f9e9db5e,r5-f1-c7d613dd83014711dfe30d19,956,965,9,False
26,r5-f1-3d698dcc509fc631398f092d,r5-f1-e29eb97b70aaf293eeff3460,953,954,1,False
26,r5-f1-3e1835364efa0cd70eac8440,r5-f1-e53d27897f2b54b319359276,945,960,15,False
26,r5-f1-4064f2111ade33c872dddebb,r5-f1-8a99660c10ca49b3ea406d3a,954,968,14,False
26,r5-f1-41e9c948500eca6be7d91b52,r5-f1-dfc1a5170b311824b4d300ee,949,966,17,False
26,r5-f1-424ad895f87caef3551f0413,r5-f1-a5956cf71dc55f0b13dc6bcd,967,969,2,False
26,r5-f1-42bcd10207498d81228ee876,r5-f1-c33bda226b9dbfc0e3534b21,961,971,10,False
26,r5-f1-43d80123c368360fd146bbad,r5-f1-93bc6cd81b8e9c116cd78963,942,947,5,False
26,r5-f1-449082cbacc6b0b2df6b852f,r5-f1-ec24766b2964895b1e852dcf,939,953,14,False
26,r5-f1-46ca7e059c993e52aa2b696b,r5-f1-6389741841a6424240f2518f,948,950,2,False
26,r5-f1-484ccb5a8904c06ecb1eac33,r5-f1-abc0d8bc8badced6be8c2145,951,954,3,False
26,r5-f1-4c165001a3383e566579ad5b,r5-f1-aa1db5f9f2f6d628fe566631,947,957,10,False
26,r5-f1-4dc8aa1a120bbc32912d380e,r5-f1-8cb46f3d2238e81eb01d280c,960,964,4,False
26,r5-f1-51b98737a31bc79debbbfa14,r5-f1-c25660d46a0474e9b149d7ea,952,969,17,False
26,r5-f1-533c9a69b6238d710eabce91,r5-f1-ccfe0f67bd23dcb77ca62be7,948,971,23,False
26,r5-f1-54e337479077092c43e9373c,r5-f1-d3e01ada2aa733e5e0d6dfd8,944,955,11,False
26,r5-f1-5b88de40cf368cfe44843a1e,r5-f1-b5b521cbaa21cde776509fcd,946,958,12,False
26,r5-f1-5e4a2f47c8c40a725de2d246,r5-f1-d5a1e49631ce5b003b2e4a38,967,968,1,False
26,r5-f1-5f828a137a622871abcb86c7,r5-f1-c4577184ceeecd7502540cd3,947,950,3,False
26,r5-f1-60cdf979d89056f9382a846b,r5-f1-f048b20b5fd8c992c80f6732,942,958,16,False
26,r5-f1-6326749e86f5b189fc0e8433,r5-f1-f26c34b2d8b52e2cb8fbbbf6,940,950,10,False
26,r5-f1-633a38dfec01bdf942d94a18,r5-f1-7cbccd51bc7fc9dd0ffbc1d9,936,959,23,False
26,r5-f1-64efda09ee23454ef6fc4ea0,r5-f1-9791bc14ea20d25013131014,949,967,18,False
26,r5-f1-6c79a35c4220624067f86b80,r5-f1-da55951d31390d807d7d1725,950,952,2,False
26,r5-f1-720bb6d0cb4b78b9ffeb03a4,r5-f1-9e4eb2e6a343877e7cadf273,945,957,12,False
26,r5-f1-75b0f8cbaa9c3b464b678254,r5-f1-a73cccc1ce0baf4c400e2f82,955,955,0,True
26,r5-f1-7692b4c408bd859d83c37780,r5-f1-8314892e9ca8c8f4ff0220a7,948,951,3,False
26,r5-f1-78188385de6e2de136e13d33,r5-f1-94800f8cbff36e8722e36eb7,937,941,4,False
26,r5-f1-78703e27d1df172502650dc2,r5-f1-a96887b45ab5b4e57e4981ef,938,963,25,False
26,r5-f1-7d9fd9ab713cd0e8b1cce098,r5-f1-ae6f6609b2c760c468328003,947,949,2,False
26,r5-f1-850920fa10f9b9ba8843af7a,r5-f1-e714849831367e291c12986a,936,943,7,False
26,r5-f1-91af04efffefc50ce23cf297,r5-f1-bc613f63abcc1aef8fa11d83,941,958,17,False
26,r5-f1-93bdeada4e43e5a0dbafb6fe,r5-f1-f6518d584b598cd5c753e975,946,969,23,False
26,r5-f1-95baedc4243946fc23378121,r5-f1-ee59008270e04ddeb87f5940,939,954,15,False
26,r5-f1-96464e790b9333aa03c28b88,r5-f1-a28f658e0ad94927973a73dd,962,963,1,False
26,r5-f1-96bcc926cff67fb7265839f7,r5-f1-ecbdbfd182fdb8074ad5ef83,944,951,7,False
26,r5-f1-96dc56f89876a43a90f81ae8,r5-f1-e1ce38eb4734b02d744305a8,945,951,6,False
26,r5-f1-ad8646bcd13cb593285eabf2,r5-f1-e49baae09180e3649c380781,959,964,5,False
26,r5-f1-b502b62b5999cb6f2f46fde2,r5-f1-e233f959cfe5f94e7640a385,940,964,24,False
26,r5-f1-bc1bb47a4293aeda2703a38f,r5-f1-e7aff71e10e7b26122d32b72,938,969,31,False
26,r5-f1-bf42263e35b144aea3a125dd,r5-f1-e5af5cacf6dff47c97228615,962,970,8,False
26,r5-f1-bf9875c83a8844f910b65953,r5-f1-dac7055b419c0ee6030f9b80,944,965,21,False
26,r5-f1-c0187dbd694866e9a30a5a79,r5-f1-fce2c84e8e18a3277fc8a3da,963,966,3,False
26,r5-f1-c8aa69e9e27b9f54b146d2e2,r5-f1-fe2d363ab91f04f8406a2ca7,963,970,7,False
26,r5-f1-e8d6bec744f8d61e31dadcd7,r5-f1-efc5731ec7a8e9343621fbd7,949,958,9,False
26,r5-f1-ecf4946e7096b0f851fa9165,r5-f1-f79bcda9f779fd7ae1e9cad1,957,964,7,False
27,r5-f1-01b355775f2293b3ee1364b8,r5-f1-5c346dd9cec6ff67cc2a65de,973,975,2,False
27,r5-f1-021f03f1caf81b5e7b4e0920,r5-f1-83ac1d4a97bc2845e64596ab,995,996,1,False
27,r5-f1-05c2d8fed07d2996eea98947,r5-f1-fb2fd685d93a8e5350209fe8,978,996,18,False
27,r5-f1-072c39f4b8f288d57977e728,r5-f1-d463ffd94aae21470865802f,976,1006,30,False
27,r5-f1-081c8e4b441012fd60db6ffe,r5-f1-9dd1420e88d6e1aa0115e74e,975,989,14,False
27,r5-f1-0d7f93d677ecae4c0ec37117,r5-f1-74bd80f2dff32f9fd1ee2f05,975,1003,28,False
27,r5-f1-0e1c4b16ee27b5e02fcf1570,r5-f1-45f9baf8b494b40958de6249,990,1003,13,False
27,r5-f1-12ec8264f1d798a20c8472ea,r5-f1-56bd5df46af93b8ef534ad9d,1001,1002,1,False
27,r5-f1-140b51f700eef3b9720a28c7,r5-f1-8b1ca5fb3df0743f8a5d2031,981,987,6,False
27,r5-f1-14592ad3fb277d902fcca8a4,r5-f1-c4ab86140291c3379237f3c6,998,1004,6,False
27,r5-f1-17676cb8c65e947d9311466c,r5-f1-3ce5098afba99ac89b520439,977,1001,24,False
27,r5-f1-1bd0b8bb497d87746752f61f,r5-f1-33d8225a9aa06186a07bcb81,983,997,14,False
27,r5-f1-1c05cb63b8fa86864476c790,r5-f1-753ac65796df96e3fa0dcd28,976,981,5,False
27,r5-f1-20081323b12313d0072a7558,r5-f1-68d84a588a2d97d510b9a798,985,992,7,False
27,r5-f1-213f6964c85dc869bfbc8e29,r5-f1-95b980071b480fd75474c504,991,993,2,False
27,r5-f1-2147d221d19787de20e29742,r5-f1-5fd7690662a56145be3a1b69,972,1001,29,False
27,r5-f1-2209d0e463a55c60f24d2bfd,r5-f1-e6a3829cabd0249e46ded6fb,979,1005,26,False
27,r5-f1-2d7ae5c0099ef1115cf9f49a,r5-f1-631687bae6a2a482c1b3467b,972,999,27,False
27,r5-f1-2f1f5522e8d48066aac367d3,r5-f1-f8c8b2629e7b13eb61c9d81e,978,992,14,False
27,r5-f1-3017647d3ea4dc9401adaf52,r5-f1-8d011739799631b71397985a,977,985,8,False
27,r5-f1-30d977225541ff1a4a549b3a,r5-f1-cca1530b46be3dd4d215ac9c,974,978,4,False
27,r5-f1-346838407cd512cc36b86a9f,r5-f1-384d4e783ac18f38d095fa6e,977,982,5,False
27,r5-f1-34d7dd11544b6dc87eb38bc0,r5-f1-7cc24d6be18b764c0c76a497,984,988,4,False
27,r5-f1-35d192def35747e67a3ea4bb,r5-f1-5b1d1399ad42dbda18fd62f4,991,997,6,False
27,r5-f1-35e06a6dbda44ebe51cadbbe,r5-f1-d8ee7108e6ed2dcfff764999,973,1002,29,False
27,r5-f1-36c43a561be78681da35b3dd,r5-f1-883da7d6d35d9501a32a56c0,979,992,13,False
27,r5-f1-3d453f1453f64f70f9e9db5e,r5-f1-c7d613dd83014711dfe30d19,987,997,10,False
27,r5-f1-3d698dcc509fc631398f092d,r5-f1-e29eb97b70aaf293eeff3460,998,1006,8,False
27,r5-f1-3e1835364efa0cd70eac8440,r5-f1-e53d27897f2b54b319359276,974,987,13,False
27,r5-f1-4064f2111ade33c872dddebb,r5-f1-8a99660c10ca49b3ea406d3a,972,998,26,False
27,r5-f1-41e9c948500eca6be7d91b52,r5-f1-dfc1a5170b311824b4d300ee,985,999,14,False
27,r5-f1-424ad895f87caef3551f0413,r5-f1-a5956cf71dc55f0b13dc6bcd,976,983,7,False
27,r5-f1-42bcd10207498d81228ee876,r5-f1-c33bda226b9dbfc0e3534b21,994,1000,6,False
27,r5-f1-43d80123c368360fd146bbad,r5-f1-93bc6cd81b8e9c116cd78963,990,1007,17,False
27,r5-f1-449082cbacc6b0b2df6b852f,r5-f1-ec24766b2964895b1e852dcf,977,1002,25,False
27,r5-f1-46ca7e059c993e52aa2b696b,r5-f1-6389741841a6424240f2518f,999,1000,1,False
27,r5-f1-484ccb5a8904c06ecb1eac33,r5-f1-abc0d8bc8badced6be8c2145,984,1005,21,False
27,r5-f1-4c165001a3383e566579ad5b,r5-f1-aa1db5f9f2f6d628fe566631,1000,1004,4,False
27,r5-f1-4dc8aa1a120bbc32912d380e,r5-f1-8cb46f3d2238e81eb01d280c,986,991,5,False
27,r5-f1-51b98737a31bc79debbbfa14,r5-f1-c25660d46a0474e9b149d7ea,986,993,7,False
27,r5-f1-533c9a69b6238d710eabce91,r5-f1-ccfe0f67bd23dcb77ca62be7,995,1002,7,False
27,r5-f1-54e337479077092c43e9373c,r5-f1-d3e01ada2aa733e5e0d6dfd8,985,990,5,False
27,r5-f1-5b88de40cf368cfe44843a1e,r5-f1-b5b521cbaa21cde776509fcd,986,988,2,False
27,r5-f1-5e4a2f47c8c40a725de2d246,r5-f1-d5a1e49631ce5b003b2e4a38,980,981,1,False
27,r5-f1-5f828a137a622871abcb86c7,r5-f1-c4577184ceeecd7502540cd3,978,996,18,False
27,r5-f1-60cdf979d89056f9382a846b,r5-f1-f048b20b5fd8c992c80f6732,979,1006,27,False
27,r5-f1-6326749e86f5b189fc0e8433,r5-f1-f26c34b2d8b52e2cb8fbbbf6,982,998,16,False
27,r5-f1-633a38dfec01bdf942d94a18,r5-f1-7cbccd51bc7fc9dd0ffbc1d9,984,988,4,False
27,r5-f1-64efda09ee23454ef6fc4ea0,r5-f1-9791bc14ea20d25013131014,986,1003,17,False
27,r5-f1-6c79a35c4220624067f86b80,r5-f1-da55951d31390d807d7d1725,995,1007,12,False
27,r5-f1-720bb6d0cb4b78b9ffeb03a4,r5-f1-9e4eb2e6a343877e7cadf273,997,999,2,False
27,r5-f1-75b0f8cbaa9c3b464b678254,r5-f1-a73cccc1ce0baf4c400e2f82,974,981,7,False
27,r5-f1-7692b4c408bd859d83c37780,r5-f1-8314892e9ca8c8f4ff0220a7,972,975,3,False
27,r5-f1-78188385de6e2de136e13d33,r5-f1-94800f8cbff36e8722e36eb7,980,991,11,False
27,r5-f1-78703e27d1df172502650dc2,r5-f1-a96887b45ab5b4e57e4981ef,982,1007,25,False
27,r5-f1-7d9fd9ab713cd0e8b1cce098,r5-f1-ae6f6609b2c760c468328003,987,989,2,False
27,r5-f1-850920fa10f9b9ba8843af7a,r5-f1-e714849831367e291c12986a,992,1005,13,False
27,r5-f1-91af04efffefc50ce23cf297,r5-f1-bc613f63abcc1aef8fa11d83,982,1000,18,False
27,r5-f1-93bdeada4e43e5a0dbafb6fe,r5-f1-f6518d584b598cd5c753e975,994,1003,9,False
27,r5-f1-95baedc4243946fc23378121,r5-f1-ee59008270e04ddeb87f5940,973,983,10,False
27,r5-f1-96464e790b9333aa03c28b88,r5-f1-a28f658e0ad94927973a73dd,996,1005,9,False
27,r5-f1-96bcc926cff67fb7265839f7,r5-f1-ecbdbfd182fdb8074ad5ef83,980,983,3,False
27,r5-f1-96dc56f89876a43a90f81ae8,r5-f1-e1ce38eb4734b02d744305a8,984,989,5,False
27,r5-f1-ad8646bcd13cb593285eabf2,r5-f1-e49baae09180e3649c380781,973,979,6,False
27,r5-f1-b502b62b5999cb6f2f46fde2,r5-f1-e233f959cfe5f94e7640a385,989,1006,17,False
27,r5-f1-bc1bb47a4293aeda2703a38f,r5-f1-e7aff71e10e7b26122d32b72,993,994,1,False
27,r5-f1-bf42263e35b144aea3a125dd,r5-f1-e5af5cacf6dff47c97228615,988,1004,16,False
27,r5-f1-bf9875c83a8844f910b65953,r5-f1-dac7055b419c0ee6030f9b80,990,1007,17,False
27,r5-f1-c0187dbd694866e9a30a5a79,r5-f1-fce2c84e8e18a3277fc8a3da,980,1004,24,False
27,r5-f1-c8aa69e9e27b9f54b146d2e2,r5-f1-fe2d363ab91f04f8406a2ca7,993,994,1,False
27,r5-f1-e8d6bec744f8d61e31dadcd7,r5-f1-efc5731ec7a8e9343621fbd7,974,995,21,False
27,r5-f1-ecf4946e7096b0f851fa9165,r5-f1-f79bcda9f779fd7ae1e9cad1,976,1001,25,False
28,r5-f1-01b355775f2293b3ee1364b8,r5-f1-5c346dd9cec6ff67cc2a65de,1027,1040,13,False
28,r5-f1-021f03f1caf81b5e7b4e0920,r5-f1-83ac1d4a97bc2845e64596ab,1021,1041,20,False
28,r5-f1-05c2d8fed07d2996eea98947,r5-f1-fb2fd685d93a8e5350209fe8,1022,1030,8,False
28,r5-f1-072c39f4b8f288d57977e728,r5-f1-d463ffd94aae21470865802f,1008,1014,6,False
28,r5-f1-081c8e4b441012fd60db6ffe,r5-f1-9dd1420e88d6e1aa0115e74e,1015,1032,17,False
28,r5-f1-0d7f93d677ecae4c0ec37117,r5-f1-74bd80f2dff32f9fd1ee2f05,1022,1026,4,False
28,r5-f1-0e1c4b16ee27b5e02fcf1570,r5-f1-45f9baf8b494b40958de6249,1012,1042,30,False
28,r5-f1-12ec8264f1d798a20c8472ea,r5-f1-56bd5df46af93b8ef534ad9d,1025,1028,3,False
28,r5-f1-140b51f700eef3b9720a28c7,r5-f1-8b1ca5fb3df0743f8a5d2031,1032,1043,11,False
28,r5-f1-14592ad3fb277d902fcca8a4,r5-f1-c4ab86140291c3379237f3c6,1023,1023,0,True
28,r5-f1-17676cb8c65e947d9311466c,r5-f1-3ce5098afba99ac89b520439,1010,1014,4,False
28,r5-f1-1bd0b8bb497d87746752f61f,r5-f1-33d8225a9aa06186a07bcb81,1018,1031,13,False
28,r5-f1-1c05cb63b8fa86864476c790,r5-f1-753ac65796df96e3fa0dcd28,1033,1043,10,False
28,r5-f1-20081323b12313d0072a7558,r5-f1-68d84a588a2d97d510b9a798,1013,1032,19,False
28,r5-f1-213f6964c85dc869bfbc8e29,r5-f1-95b980071b480fd75474c504,1017,1031,14,False
28,r5-f1-2147d221d19787de20e29742,r5-f1-5fd7690662a56145be3a1b69,1026,1042,16,False
28,r5-f1-2209d0e463a55c60f24d2bfd,r5-f1-e6a3829cabd0249e46ded6fb,1027,1028,1,False
28,r5-f1-2d7ae5c0099ef1115cf9f49a,r5-f1-631687bae6a2a482c1b3467b,1011,1034,23,False
28,r5-f1-2f1f5522e8d48066aac367d3,r5-f1-f8c8b2629e7b13eb61c9d81e,1024,1038,14,False
28,r5-f1-3017647d3ea4dc9401adaf52,r5-f1-8d011739799631b71397985a,1008,1040,32,False
28,r5-f1-30d977225541ff1a4a549b3a,r5-f1-cca1530b46be3dd4d215ac9c,1018,1026,8,False
28,r5-f1-346838407cd512cc36b86a9f,r5-f1-384d4e783ac18f38d095fa6e,1029,1029,0,True
28,r5-f1-34d7dd11544b6dc87eb38bc0,r5-f1-7cc24d6be18b764c0c76a497,1017,1040,23,False
28,r5-f1-35d192def35747e67a3ea4bb,r5-f1-5b1d1399ad42dbda18fd62f4,1029,1035,6,False
28,r5-f1-35e06a6dbda44ebe51cadbbe,r5-f1-d8ee7108e6ed2dcfff764999,1023,1028,5,False
28,r5-f1-36c43a561be78681da35b3dd,r5-f1-883da7d6d35d9501a32a56c0,1010,1030,20,False
28,r5-f1-3d453f1453f64f70f9e9db5e,r5-f1-c7d613dd83014711dfe30d19,1010,1039,29,False
28,r5-f1-3d698dcc509fc631398f092d,r5-f1-e29eb97b70aaf293eeff3460,1011,1020,9,False
28,r5-f1-3e1835364efa0cd70eac8440,r5-f1-e53d27897f2b54b319359276,1019,1041,22,False
28,r5-f1-4064f2111ade33c872dddebb,r5-f1-8a99660c10ca49b3ea406d3a,1020,1033,13,False
28,r5-f1-41e9c948500eca6be7d91b52,r5-f1-dfc1a5170b311824b4d300ee,1022,1034,12,False
28,r5-f1-424ad895f87caef3551f0413,r5-f1-a5956cf71dc55f0b13dc6bcd,1031,1031,0,True
28,r5-f1-42bcd10207498d81228ee876,r5-f1-c33bda226b9dbfc0e3534b21,1036,1039,3,False
28,r5-f1-43d80123c368360fd146bbad,r5-f1-93bc6cd81b8e9c116cd78963,1024,1030,6,False
28,r5-f1-449082cbacc6b0b2df6b852f,r5-f1-ec24766b2964895b1e852dcf,1014,1015,1,False
28,r5-f1-46ca7e059c993e52aa2b696b,r5-f1-6389741841a6424240f2518f,1013,1038,25,False
28,r5-f1-484ccb5a8904c06ecb1eac33,r5-f1-abc0d8bc8badced6be8c2145,1019,1039,20,False
28,r5-f1-4c165001a3383e566579ad5b,r5-f1-aa1db5f9f2f6d628fe566631,1018,1026,8,False
28,r5-f1-4dc8aa1a120bbc32912d380e,r5-f1-8cb46f3d2238e81eb01d280c,1021,1039,18,False
28,r5-f1-51b98737a31bc79debbbfa14,r5-f1-c25660d46a0474e9b149d7ea,1008,1032,24,False
28,r5-f1-533c9a69b6238d710eabce91,r5-f1-ccfe0f67bd23dcb77ca62be7,1021,1035,14,False
28,r5-f1-54e337479077092c43e9373c,r5-f1-d3e01ada2aa733e5e0d6dfd8,1011,1033,22,False
28,r5-f1-5b88de40cf368cfe44843a1e,r5-f1-b5b521cbaa21cde776509fcd,1025,1035,10,False
28,r5-f1-5e4a2f47c8c40a725de2d246,r5-f1-d5a1e49631ce5b003b2e4a38,1015,1038,23,False
28,r5-f1-5f828a137a622871abcb86c7,r5-f1-c4577184ceeecd7502540cd3,1034,1037,3,False
28,r5-f1-60cdf979d89056f9382a846b,r5-f1-f048b20b5fd8c992c80f6732,1010,1042,32,False
28,r5-f1-6326749e86f5b189fc0e8433,r5-f1-f26c34b2d8b52e2cb8fbbbf6,1028,1034,6,False
28,r5-f1-633a38dfec01bdf942d94a18,r5-f1-7cbccd51bc7fc9dd0ffbc1d9,1012,1025,13,False
28,r5-f1-64efda09ee23454ef6fc4ea0,r5-f1-9791bc14ea20d25013131014,1021,1041,20,False
28,r5-f1-6c79a35c4220624067f86b80,r5-f1-da55951d31390d807d7d1725,1018,1036,18,False
28,r5-f1-720bb6d0cb4b78b9ffeb03a4,r5-f1-9e4eb2e6a343877e7cadf273,1027,1036,9,False
28,r5-f1-75b0f8cbaa9c3b464b678254,r5-f1-a73cccc1ce0baf4c400e2f82,1019,1037,18,False
28,r5-f1-7692b4c408bd859d83c37780,r5-f1-8314892e9ca8c8f4ff0220a7,1011,1033,22,False
28,r5-f1-78188385de6e2de136e13d33,r5-f1-94800f8cbff36e8722e36eb7,1009,1024,15,False
28,r5-f1-78703e27d1df172502650dc2,r5-f1-a96887b45ab5b4e57e4981ef,1029,1043,14,False
28,r5-f1-7d9fd9ab713cd0e8b1cce098,r5-f1-ae6f6609b2c760c468328003,1015,1043,28,False
28,r5-f1-850920fa10f9b9ba8843af7a,r5-f1-e714849831367e291c12986a,1009,1013,4,False
28,r5-f1-91af04efffefc50ce23cf297,r5-f1-bc613f63abcc1aef8fa11d83,1035,1038,3,False
28,r5-f1-93bdeada4e43e5a0dbafb6fe,r5-f1-f6518d584b598cd5c753e975,1024,1040,16,False
28,r5-f1-95baedc4243946fc23378121,r5-f1-ee59008270e04ddeb87f5940,1012,1014,2,False
28,r5-f1-96464e790b9333aa03c28b88,r5-f1-a28f658e0ad94927973a73dd,1020,1037,17,False
28,r5-f1-96bcc926cff67fb7265839f7,r5-f1-ecbdbfd182fdb8074ad5ef83,1013,1022,9,False
28,r5-f1-96dc56f89876a43a90f81ae8,r5-f1-e1ce38eb4734b02d744305a8,1016,1017,1,False
28,r5-f1-ad8646bcd13cb593285eabf2,r5-f1-e49baae09180e3649c380781,1025,1041,16,False
28,r5-f1-b502b62b5999cb6f2f46fde2,r5-f1-e233f959cfe5f94e7640a385,1016,1019,3,False
28,r5-f1-bc1bb47a4293aeda2703a38f,r5-f1-e7aff71e10e7b26122d32b72,1012,1016,4,False
28,r5-f1-bf42263e35b144aea3a125dd,r5-f1-e5af5cacf6dff47c97228615,1008,1023,15,False
28,r5-f1-bf9875c83a8844f910b65953,r5-f1-dac7055b419c0ee6030f9b80,1009,1017,8,False
28,r5-f1-c0187dbd694866e9a30a5a79,r5-f1-fce2c84e8e18a3277fc8a3da,1020,1037,17,False
28,r5-f1-c8aa69e9e27b9f54b146d2e2,r5-f1-fe2d363ab91f04f8406a2ca7,1009,1036,27,False
28,r5-f1-e8d6bec744f8d61e31dadcd7,r5-f1-efc5731ec7a8e9343621fbd7,1016,1030,14,False
28,r5-f1-ecf4946e7096b0f851fa9165,r5-f1-f79bcda9f779fd7ae1e9cad1,1027,1042,15,False
29,r5-f1-01b355775f2293b3ee1364b8,r5-f1-5c346dd9cec6ff67cc2a65de,1046,1055,9,False
29,r5-f1-021f03f1caf81b5e7b4e0920,r5-f1-83ac1d4a97bc2845e64596ab,1049,1062,13,False
29,r5-f1-05c2d8fed07d2996eea98947,r5-f1-fb2fd685d93a8e5350209fe8,1057,1074,17,False
29,r5-f1-072c39f4b8f288d57977e728,r5-f1-d463ffd94aae21470865802f,1060,1074,14,False
29,r5-f1-081c8e4b441012fd60db6ffe,r5-f1-9dd1420e88d6e1aa0115e74e,1048,1076,28,False
29,r5-f1-0d7f93d677ecae4c0ec37117,r5-f1-74bd80f2dff32f9fd1ee2f05,1060,1072,12,False
29,r5-f1-0e1c4b16ee27b5e02fcf1570,r5-f1-45f9baf8b494b40958de6249,1053,1056,3,False
29,r5-f1-12ec8264f1d798a20c8472ea,r5-f1-56bd5df46af93b8ef534ad9d,1047,1048,1,False
29,r5-f1-140b51f700eef3b9720a28c7,r5-f1-8b1ca5fb3df0743f8a5d2031,1063,1079,16,False
29,r5-f1-14592ad3fb277d902fcca8a4,r5-f1-c4ab86140291c3379237f3c6,1050,1075,25,False
29,r5-f1-17676cb8c65e947d9311466c,r5-f1-3ce5098afba99ac89b520439,1052,1066,14,False
29,r5-f1-1bd0b8bb497d87746752f61f,r5-f1-33d8225a9aa06186a07bcb81,1063,1066,3,False
29,r5-f1-1c05cb63b8fa86864476c790,r5-f1-753ac65796df96e3fa0dcd28,1062,1065,3,False
29,r5-f1-20081323b12313d0072a7558,r5-f1-68d84a588a2d97d510b9a798,1057,1076,19,False
29,r5-f1-213f6964c85dc869bfbc8e29,r5-f1-95b980071b480fd75474c504,1066,1069,3,False
29,r5-f1-2147d221d19787de20e29742,r5-f1-5fd7690662a56145be3a1b69,1067,1068,1,False
29,r5-f1-2209d0e463a55c60f24d2bfd,r5-f1-e6a3829cabd0249e46ded6fb,1064,1064,0,True
29,r5-f1-2d7ae5c0099ef1115cf9f49a,r5-f1-631687bae6a2a482c1b3467b,1050,1072,22,False
29,r5-f1-2f1f5522e8d48066aac367d3,r5-f1-f8c8b2629e7b13eb61c9d81e,1053,1059,6,False
29,r5-f1-3017647d3ea4dc9401adaf52,r5-f1-8d011739799631b71397985a,1045,1052,7,False
29,r5-f1-30d977225541ff1a4a549b3a,r5-f1-cca1530b46be3dd4d215ac9c,1059,1070,11,False
29,r5-f1-346838407cd512cc36b86a9f,r5-f1-384d4e783ac18f38d095fa6e,1050,1060,10,False
29,r5-f1-34d7dd11544b6dc87eb38bc0,r5-f1-7cc24d6be18b764c0c76a497,1056,1078,22,False
29,r5-f1-35d192def35747e67a3ea4bb,r5-f1-5b1d1399ad42dbda18fd62f4,1071,1075,4,False
29,r5-f1-35e06a6dbda44ebe51cadbbe,r5-f1-d8ee7108e6ed2dcfff764999,1060,1078,18,False
29,r5-f1-36c43a561be78681da35b3dd,r5-f1-883da7d6d35d9501a32a56c0,1056,1064,8,False
29,r5-f1-3d453f1453f64f70f9e9db5e,r5-f1-c7d613dd83014711dfe30d19,1044,1067,23,False
29,r5-f1-3d698dcc509fc631398f092d,r5-f1-e29eb97b70aaf293eeff3460,1068,1073,5,False
29,r5-f1-3e1835364efa0cd70eac8440,r5-f1-e53d27897f2b54b319359276,1054,1075,21,False
29,r5-f1-4064f2111ade33c872dddebb,r5-f1-8a99660c10ca49b3ea406d3a,1044,1045,1,False
29,r5-f1-41e9c948500eca6be7d91b52,r5-f1-dfc1a5170b311824b4d300ee,1055,1058,3,False
29,r5-f1-424ad895f87caef3551f0413,r5-f1-a5956cf71dc55f0b13dc6bcd,1070,1073,3,False
29,r5-f1-42bcd10207498d81228ee876,r5-f1-c33bda226b9dbfc0e3534b21,1046,1062,16,False
29,r5-f1-43d80123c368360fd146bbad,r5-f1-93bc6cd81b8e9c116cd78963,1045,1071,26,False
29,r5-f1-449082cbacc6b0b2df6b852f,r5-f1-ec24766b2964895b1e852dcf,1050,1053,3,False
29,r5-f1-46ca7e059c993e52aa2b696b,r5-f1-6389741841a6424240f2518f,1051,1077,26,False
29,r5-f1-484ccb5a8904c06ecb1eac33,r5-f1-abc0d8bc8badced6be8c2145,1049,1054,5,False
29,r5-f1-4c165001a3383e566579ad5b,r5-f1-aa1db5f9f2f6d628fe566631,1063,1076,13,False
29,r5-f1-4dc8aa1a120bbc32912d380e,r5-f1-8cb46f3d2238e81eb01d280c,1052,1065,13,False
29,r5-f1-51b98737a31bc79debbbfa14,r5-f1-c25660d46a0474e9b149d7ea,1047,1070,23,False
29,r5-f1-533c9a69b6238d710eabce91,r5-f1-ccfe0f67bd23dcb77ca62be7,1073,1075,2,False
29,r5-f1-54e337479077092c43e9373c,r5-f1-d3e01ada2aa733e5e0d6dfd8,1057,1079,22,False
29,r5-f1-5b88de40cf368cfe44843a1e,r5-f1-b5b521cbaa21cde776509fcd,1049,1051,2,False
29,r5-f1-5e4a2f47c8c40a725de2d246,r5-f1-d5a1e49631ce5b003b2e4a38,1059,1061,2,False
29,r5-f1-5f828a137a622871abcb86c7,r5-f1-c4577184ceeecd7502540cd3,1068,1077,9,False
29,r5-f1-60cdf979d89056f9382a846b,r5-f1-f048b20b5fd8c992c80f6732,1048,1062,14,False
29,r5-f1-6326749e86f5b189fc0e8433,r5-f1-f26c34b2d8b52e2cb8fbbbf6,1046,1058,12,False
29,r5-f1-633a38dfec01bdf942d94a18,r5-f1-7cbccd51bc7fc9dd0ffbc1d9,1051,1058,7,False
29,r5-f1-64efda09ee23454ef6fc4ea0,r5-f1-9791bc14ea20d25013131014,1053,1064,11,False
29,r5-f1-6c79a35c4220624067f86b80,r5-f1-da55951d31390d807d7d1725,1052,1069,17,False
29,r5-f1-720bb6d0cb4b78b9ffeb03a4,r5-f1-9e4eb2e6a343877e7cadf273,1046,1055,9,False
29,r5-f1-75b0f8cbaa9c3b464b678254,r5-f1-a73cccc1ce0baf4c400e2f82,1072,1078,6,False
29,r5-f1-7692b4c408bd859d83c37780,r5-f1-8314892e9ca8c8f4ff0220a7,1044,1067,23,False
29,r5-f1-78188385de6e2de136e13d33,r5-f1-94800f8cbff36e8722e36eb7,1047,1070,23,False
29,r5-f1-78703e27d1df172502650dc2,r5-f1-a96887b45ab5b4e57e4981ef,1079,1079,0,True
29,r5-f1-7d9fd9ab713cd0e8b1cce098,r5-f1-ae6f6609b2c760c468328003,1067,1072,5,False
29,r5-f1-850920fa10f9b9ba8843af7a,r5-f1-e714849831367e291c12986a,1058,1071,13,False
29,r5-f1-91af04efffefc50ce23cf297,r5-f1-bc613f63abcc1aef8fa11d83,1051,1078,27,False
29,r5-f1-93bdeada4e43e5a0dbafb6fe,r5-f1-f6518d584b598cd5c753e975,1073,1074,1,False
29,r5-f1-95baedc4243946fc23378121,r5-f1-ee59008270e04ddeb87f5940,1065,1074,9,False
29,r5-f1-96464e790b9333aa03c28b88,r5-f1-a28f658e0ad94927973a73dd,1061,1061,0,True
29,r5-f1-96bcc926cff67fb7265839f7,r5-f1-ecbdbfd182fdb8074ad5ef83,1057,1069,12,False
29,r5-f1-96dc56f89876a43a90f81ae8,r5-f1-e1ce38eb4734b02d744305a8,1066,1077,11,False
29,r5-f1-ad8646bcd13cb593285eabf2,r5-f1-e49baae09180e3649c380781,1054,1061,7,False
29,r5-f1-b502b62b5999cb6f2f46fde2,r5-f1-e233f959cfe5f94e7640a385,1045,1059,14,False
29,r5-f1-bc1bb47a4293aeda2703a38f,r5-f1-e7aff71e10e7b26122d32b72,1063,1077,14,False
29,r5-f1-bf42263e35b144aea3a125dd,r5-f1-e5af5cacf6dff47c97228615,1055,1069,14,False
29,r5-f1-bf9875c83a8844f910b65953,r5-f1-dac7055b419c0ee6030f9b80,1049,1068,19,False
29,r5-f1-c0187dbd694866e9a30a5a79,r5-f1-fce2c84e8e18a3277fc8a3da,1047,1054,7,False
29,r5-f1-c8aa69e9e27b9f54b146d2e2,r5-f1-fe2d363ab91f04f8406a2ca7,1044,1076,32,False
29,r5-f1-e8d6bec744f8d61e31dadcd7,r5-f1-efc5731ec7a8e9343621fbd7,1048,1065,17,False
29,r5-f1-ecf4946e7096b0f851fa9165,r5-f1-f79bcda9f779fd7ae1e9cad1,1056,1071,15,False
30,r5-f1-01b355775f2293b3ee1364b8,r5-f1-5c346dd9cec6ff67cc2a65de,1087,1112,25,False
30,r5-f1-021f03f1caf81b5e7b4e0920,r5-f1-83ac1d4a97bc2845e64596ab,1107,1108,1,False
30,r5-f1-05c2d8fed07d2996eea98947,r5-f1-fb2fd685d93a8e5350209fe8,1085,1096,11,False
30,r5-f1-072c39f4b8f288d57977e728,r5-f1-d463ffd94aae21470865802f,1080,1087,7,False
30,r5-f1-081c8e4b441012fd60db6ffe,r5-f1-9dd1420e88d6e1aa0115e74e,1097,1104,7,False
30,r5-f1-0d7f93d677ecae4c0ec37117,r5-f1-74bd80f2dff32f9fd1ee2f05,1092,1100,8,False
30,r5-f1-0e1c4b16ee27b5e02fcf1570,r5-f1-45f9baf8b494b40958de6249,1085,1098,13,False
30,r5-f1-12ec8264f1d798a20c8472ea,r5-f1-56bd5df46af93b8ef534ad9d,1096,1110,14,False
30,r5-f1-140b51f700eef3b9720a28c7,r5-f1-8b1ca5fb3df0743f8a5d2031,1102,1112,10,False
30,r5-f1-14592ad3fb277d902fcca8a4,r5-f1-c4ab86140291c3379237f3c6,1087,1089,2,False
30,r5-f1-17676cb8c65e947d9311466c,r5-f1-3ce5098afba99ac89b520439,1080,1091,11,False
30,r5-f1-1bd0b8bb497d87746752f61f,r5-f1-33d8225a9aa06186a07bcb81,1082,1090,8,False
30,r5-f1-1c05cb63b8fa86864476c790,r5-f1-753ac65796df96e3fa0dcd28,1090,1100,10,False
30,r5-f1-20081323b12313d0072a7558,r5-f1-68d84a588a2d97d510b9a798,1092,1103,11,False
30,r5-f1-213f6964c85dc869bfbc8e29,r5-f1-95b980071b480fd75474c504,1099,1115,16,False
30,r5-f1-2147d221d19787de20e29742,r5-f1-5fd7690662a56145be3a1b69,1104,1114,10,False
30,r5-f1-2209d0e463a55c60f24d2bfd,r5-f1-e6a3829cabd0249e46ded6fb,1085,1107,22,False
30,r5-f1-2d7ae5c0099ef1115cf9f49a,r5-f1-631687bae6a2a482c1b3467b,1102,1108,6,False
30,r5-f1-2f1f5522e8d48066aac367d3,r5-f1-f8c8b2629e7b13eb61c9d81e,1089,1109,20,False
30,r5-f1-3017647d3ea4dc9401adaf52,r5-f1-8d011739799631b71397985a,1081,1097,16,False
30,r5-f1-30d977225541ff1a4a549b3a,r5-f1-cca1530b46be3dd4d215ac9c,1080,1106,26,False
30,r5-f1-346838407cd512cc36b86a9f,r5-f1-384d4e783ac18f38d095fa6e,1083,1088,5,False
30,r5-f1-34d7dd11544b6dc87eb38bc0,r5-f1-7cc24d6be18b764c0c76a497,1109,1114,5,False
30,r5-f1-35d192def35747e67a3ea4bb,r5-f1-5b1d1399ad42dbda18fd62f4,1089,1112,23,False
30,r5-f1-35e06a6dbda44ebe51cadbbe,r5-f1-d8ee7108e6ed2dcfff764999,1095,1100,5,False
30,r5-f1-36c43a561be78681da35b3dd,r5-f1-883da7d6d35d9501a32a56c0,1086,1097,11,False
30,r5-f1-3d453f1453f64f70f9e9db5e,r5-f1-c7d613dd83014711dfe30d19,1098,1101,3,False
30,r5-f1-3d698dcc509fc631398f092d,r5-f1-e29eb97b70aaf293eeff3460,1098,1105,7,False
30,r5-f1-3e1835364efa0cd70eac8440,r5-f1-e53d27897f2b54b319359276,1105,1108,3,False
30,r5-f1-4064f2111ade33c872dddebb,r5-f1-8a99660c10ca49b3ea406d3a,1097,1106,9,False
30,r5-f1-41e9c948500eca6be7d91b52,r5-f1-dfc1a5170b311824b4d300ee,1112,1113,1,False
30,r5-f1-424ad895f87caef3551f0413,r5-f1-a5956cf71dc55f0b13dc6bcd,1085,1093,8,False
30,r5-f1-42bcd10207498d81228ee876,r5-f1-c33bda226b9dbfc0e3534b21,1086,1096,10,False
30,r5-f1-43d80123c368360fd146bbad,r5-f1-93bc6cd81b8e9c116cd78963,1081,1110,29,False
30,r5-f1-449082cbacc6b0b2df6b852f,r5-f1-ec24766b2964895b1e852dcf,1080,1107,27,False
30,r5-f1-46ca7e059c993e52aa2b696b,r5-f1-6389741841a6424240f2518f,1101,1111,10,False
30,r5-f1-484ccb5a8904c06ecb1eac33,r5-f1-abc0d8bc8badced6be8c2145,1094,1094,0,True
30,r5-f1-4c165001a3383e566579ad5b,r5-f1-aa1db5f9f2f6d628fe566631,1082,1091,9,False
30,r5-f1-4dc8aa1a120bbc32912d380e,r5-f1-8cb46f3d2238e81eb01d280c,1107,1109,2,False
30,r5-f1-51b98737a31bc79debbbfa14,r5-f1-c25660d46a0474e9b149d7ea,1083,1093,10,False
30,r5-f1-533c9a69b6238d710eabce91,r5-f1-ccfe0f67bd23dcb77ca62be7,1102,1105,3,False
30,r5-f1-54e337479077092c43e9373c,r5-f1-d3e01ada2aa733e5e0d6dfd8,1098,1110,12,False
30,r5-f1-5b88de40cf368cfe44843a1e,r5-f1-b5b521cbaa21cde776509fcd,1100,1113,13,False
30,r5-f1-5e4a2f47c8c40a725de2d246,r5-f1-d5a1e49631ce5b003b2e4a38,1095,1115,20,False
30,r5-f1-5f828a137a622871abcb86c7,r5-f1-c4577184ceeecd7502540cd3,1081,1104,23,False
30,r5-f1-60cdf979d89056f9382a846b,r5-f1-f048b20b5fd8c992c80f6732,1095,1099,4,False
30,r5-f1-6326749e86f5b189fc0e8433,r5-f1-f26c34b2d8b52e2cb8fbbbf6,1093,1106,13,False
30,r5-f1-633a38dfec01bdf942d94a18,r5-f1-7cbccd51bc7fc9dd0ffbc1d9,1082,1092,10,False
30,r5-f1-64efda09ee23454ef6fc4ea0,r5-f1-9791bc14ea20d25013131014,1083,1109,26,False
30,r5-f1-6c79a35c4220624067f86b80,r5-f1-da55951d31390d807d7d1725,1089,1094,5,False
30,r5-f1-720bb6d0cb4b78b9ffeb03a4,r5-f1-9e4eb2e6a343877e7cadf273,1082,1103,21,False
30,r5-f1-75b0f8cbaa9c3b464b678254,r5-f1-a73cccc1ce0baf4c400e2f82,1087,1093,6,False
30,r5-f1-7692b4c408bd859d83c37780,r5-f1-8314892e9ca8c8f4ff0220a7,1084,1114,30,False
30,r5-f1-78188385de6e2de136e13d33,r5-f1-94800f8cbff36e8722e36eb7,1088,1103,15,False
30,r5-f1-78703e27d1df172502650dc2,r5-f1-a96887b45ab5b4e57e4981ef,1088,1108,20,False
30,r5-f1-7d9fd9ab713cd0e8b1cce098,r5-f1-ae6f6609b2c760c468328003,1090,1092,2,False
30,r5-f1-850920fa10f9b9ba8843af7a,r5-f1-e714849831367e291c12986a,1081,1101,20,False
30,r5-f1-91af04efffefc50ce23cf297,r5-f1-bc613f63abcc1aef8fa11d83,1088,1094,6,False
30,r5-f1-93bdeada4e43e5a0dbafb6fe,r5-f1-f6518d584b598cd5c753e975,1090,1103,13,False
30,r5-f1-95baedc4243946fc23378121,r5-f1-ee59008270e04ddeb87f5940,1091,1096,5,False
30,r5-f1-96464e790b9333aa03c28b88,r5-f1-a28f658e0ad94927973a73dd,1086,1099,13,False
30,r5-f1-96bcc926cff67fb7265839f7,r5-f1-ecbdbfd182fdb8074ad5ef83,1095,1106,11,False
30,r5-f1-96dc56f89876a43a90f81ae8,r5-f1-e1ce38eb4734b02d744305a8,1084,1110,26,False
30,r5-f1-ad8646bcd13cb593285eabf2,r5-f1-e49baae09180e3649c380781,1091,1101,10,False
30,r5-f1-b502b62b5999cb6f2f46fde2,r5-f1-e233f959cfe5f94e7640a385,1084,1086,2,False
30,r5-f1-bc1bb47a4293aeda2703a38f,r5-f1-e7aff71e10e7b26122d32b72,1083,1115,32,False
30,r5-f1-bf42263e35b144aea3a125dd,r5-f1-e5af5cacf6dff47c97228615,1105,1111,6,False
30,r5-f1-bf9875c83a8844f910b65953,r5-f1-dac7055b419c0ee6030f9b80,1111,1113,2,False
30,r5-f1-c0187dbd694866e9a30a5a79,r5-f1-fce2c84e8e18a3277fc8a3da,1084,1104,20,False
30,r5-f1-c8aa69e9e27b9f54b146d2e2,r5-f1-fe2d363ab91f04f8406a2ca7,1099,1102,3,False
30,r5-f1-e8d6bec744f8d61e31dadcd7,r5-f1-efc5731ec7a8e9343621fbd7,1113,1115,2,False
30,r5-f1-ecf4946e7096b0f851fa9165,r5-f1-f79bcda9f779fd7ae1e9cad1,1111,1114,3,False
31,r5-f1-01b355775f2293b3ee1364b8,r5-f1-5c346dd9cec6ff67cc2a65de,1119,1142,23,False
31,r5-f1-021f03f1caf81b5e7b4e0920,r5-f1-83ac1d4a97bc2845e64596ab,1134,1141,7,False
31,r5-f1-05c2d8fed07d2996eea98947,r5-f1-fb2fd685d93a8e5350209fe8,1130,1134,4,False
31,r5-f1-072c39f4b8f288d57977e728,r5-f1-d463ffd94aae21470865802f,1119,1140,21,False
31,r5-f1-081c8e4b441012fd60db6ffe,r5-f1-9dd1420e88d6e1aa0115e74e,1120,1134,14,False
31,r5-f1-0d7f93d677ecae4c0ec37117,r5-f1-74bd80f2dff32f9fd1ee2f05,1127,1151,24,False
31,r5-f1-0e1c4b16ee27b5e02fcf1570,r5-f1-45f9baf8b494b40958de6249,1122,1138,16,False
31,r5-f1-12ec8264f1d798a20c8472ea,r5-f1-56bd5df46af93b8ef534ad9d,1131,1138,7,False
31,r5-f1-140b51f700eef3b9720a28c7,r5-f1-8b1ca5fb3df0743f8a5d2031,1123,1141,18,False
31,r5-f1-14592ad3fb277d902fcca8a4,r5-f1-c4ab86140291c3379237f3c6,1124,1135,11,False
31,r5-f1-17676cb8c65e947d9311466c,r5-f1-3ce5098afba99ac89b520439,1126,1150,24,False
31,r5-f1-1bd0b8bb497d87746752f61f,r5-f1-33d8225a9aa06186a07bcb81,1118,1149,31,False
31,r5-f1-1c05cb63b8fa86864476c790,r5-f1-753ac65796df96e3fa0dcd28,1121,1130,9,False
31,r5-f1-20081323b12313d0072a7558,r5-f1-68d84a588a2d97d510b9a798,1121,1144,23,False
31,r5-f1-213f6964c85dc869bfbc8e29,r5-f1-95b980071b480fd75474c504,1125,1139,14,False
31,r5-f1-2147d221d19787de20e29742,r5-f1-5fd7690662a56145be3a1b69,1116,1125,9,False
31,r5-f1-2209d0e463a55c60f24d2bfd,r5-f1-e6a3829cabd0249e46ded6fb,1123,1150,27,False
31,r5-f1-2d7ae5c0099ef1115cf9f49a,r5-f1-631687bae6a2a482c1b3467b,1137,1143,6,False
31,r5-f1-2f1f5522e8d48066aac367d3,r5-f1-f8c8b2629e7b13eb61c9d81e,1122,1151,29,False
31,r5-f1-3017647d3ea4dc9401adaf52,r5-f1-8d011739799631b71397985a,1121,1138,17,False
31,r5-f1-30d977225541ff1a4a549b3a,r5-f1-cca1530b46be3dd4d215ac9c,1129,1145,16,False
31,r5-f1-346838407cd512cc36b86a9f,r5-f1-384d4e783ac18f38d095fa6e,1125,1147,22,False
31,r5-f1-34d7dd11544b6dc87eb38bc0,r5-f1-7cc24d6be18b764c0c76a497,1120,1128,8,False
31,r5-f1-35d192def35747e67a3ea4bb,r5-f1-5b1d1399ad42dbda18fd62f4,1137,1140,3,False
31,r5-f1-35e06a6dbda44ebe51cadbbe,r5-f1-d8ee7108e6ed2dcfff764999,1128,1151,23,False
31,r5-f1-36c43a561be78681da35b3dd,r5-f1-883da7d6d35d9501a32a56c0,1123,1143,20,False
31,r5-f1-3d453f1453f64f70f9e9db5e,r5-f1-c7d613dd83014711dfe30d19,1127,1139,12,False
31,r5-f1-3d698dcc509fc631398f092d,r5-f1-e29eb97b70aaf293eeff3460,1124,1143,19,False
31,r5-f1-3e1835364efa0cd70eac8440,r5-f1-e53d27897f2b54b319359276,1125,1129,4,False
31,r5-f1-4064f2111ade33c872dddebb,r5-f1-8a99660c10ca49b3ea406d3a,1133,1139,6,False
31,r5-f1-41e9c948500eca6be7d91b52,r5-f1-dfc1a5170b311824b4d300ee,1142,1146,4,False
31,r5-f1-424ad895f87caef3551f0413,r5-f1-a5956cf71dc55f0b13dc6bcd,1131,1134,3,False
31,r5-f1-42bcd10207498d81228ee876,r5-f1-c33bda226b9dbfc0e3534b21,1133,1144,11,False
31,r5-f1-43d80123c368360fd146bbad,r5-f1-93bc6cd81b8e9c116cd78963,1118,1146,28,False
31,r5-f1-449082cbacc6b0b2df6b852f,r5-f1-ec24766b2964895b1e852dcf,1132,1132,0,True
31,r5-f1-46ca7e059c993e52aa2b696b,r5-f1-6389741841a6424240f2518f,1141,1148,7,False
31,r5-f1-484ccb5a8904c06ecb1eac33,r5-f1-abc0d8bc8badced6be8c2145,1116,1117,1,False
31,r5-f1-4c165001a3383e566579ad5b,r5-f1-aa1db5f9f2f6d628fe566631,1117,1120,3,False
31,r5-f1-4dc8aa1a120bbc32912d380e,r5-f1-8cb46f3d2238e81eb01d280c,1122,1129,7,False
31,r5-f1-51b98737a31bc79debbbfa14,r5-f1-c25660d46a0474e9b149d7ea,1135,1138,3,False
31,r5-f1-533c9a69b6238d710eabce91,r5-f1-ccfe0f67bd23dcb77ca62be7,1118,1132,14,False
31,r5-f1-54e337479077092c43e9373c,r5-f1-d3e01ada2aa733e5e0d6dfd8,1135,1149,14,False
31,r5-f1-5b88de40cf368cfe44843a1e,r5-f1-b5b521cbaa21cde776509fcd,1116,1147,31,False
31,r5-f1-5e4a2f47c8c40a725de2d246,r5-f1-d5a1e49631ce5b003b2e4a38,1121,1143,22,False
31,r5-f1-5f828a137a622871abcb86c7,r5-f1-c4577184ceeecd7502540cd3,1142,1151,9,False
31,r5-f1-60cdf979d89056f9382a846b,r5-f1-f048b20b5fd8c992c80f6732,1131,1146,15,False
31,r5-f1-6326749e86f5b189fc0e8433,r5-f1-f26c34b2d8b52e2cb8fbbbf6,1131,1136,5,False
31,r5-f1-633a38dfec01bdf942d94a18,r5-f1-7cbccd51bc7fc9dd0ffbc1d9,1118,1145,27,False
31,r5-f1-64efda09ee23454ef6fc4ea0,r5-f1-9791bc14ea20d25013131014,1123,1124,1,False
31,r5-f1-6c79a35c4220624067f86b80,r5-f1-da55951d31390d807d7d1725,1117,1149,32,False
31,r5-f1-720bb6d0cb4b78b9ffeb03a4,r5-f1-9e4eb2e6a343877e7cadf273,1140,1148,8,False
31,r5-f1-75b0f8cbaa9c3b464b678254,r5-f1-a73cccc1ce0baf4c400e2f82,1120,1133,13,False
31,r5-f1-7692b4c408bd859d83c37780,r5-f1-8314892e9ca8c8f4ff0220a7,1117,1137,20,False
31,r5-f1-78188385de6e2de136e13d33,r5-f1-94800f8cbff36e8722e36eb7,1127,1148,21,False
31,r5-f1-78703e27d1df172502650dc2,r5-f1-a96887b45ab5b4e57e4981ef,1126,1135,9,False
31,r5-f1-7d9fd9ab713cd0e8b1cce098,r5-f1-ae6f6609b2c760c468328003,1119,1122,3,False
31,r5-f1-850920fa10f9b9ba8843af7a,r5-f1-e714849831367e291c12986a,1127,1136,9,False
31,r5-f1-91af04efffefc50ce23cf297,r5-f1-bc613f63abcc1aef8fa11d83,1128,1133,5,False
31,r5-f1-93bdeada4e43e5a0dbafb6fe,r5-f1-f6518d584b598cd5c753e975,1126,1145,19,False
31,r5-f1-95baedc4243946fc23378121,r5-f1-ee59008270e04ddeb87f5940,1139,1140,1,False
31,r5-f1-96464e790b9333aa03c28b88,r5-f1-a28f658e0ad94927973a73dd,1126,1148,22,False
31,r5-f1-96bcc926cff67fb7265839f7,r5-f1-ecbdbfd182fdb8074ad5ef83,1136,1147,11,False
31,r5-f1-96dc56f89876a43a90f81ae8,r5-f1-e1ce38eb4734b02d744305a8,1119,1132,13,False
31,r5-f1-ad8646bcd13cb593285eabf2,r5-f1-e49baae09180e3649c380781,1144,1146,2,False
31,r5-f1-b502b62b5999cb6f2f46fde2,r5-f1-e233f959cfe5f94e7640a385,1130,1142,12,False
31,r5-f1-bc1bb47a4293aeda2703a38f,r5-f1-e7aff71e10e7b26122d32b72,1136,1149,13,False
31,r5-f1-bf42263e35b144aea3a125dd,r5-f1-e5af5cacf6dff47c97228615,1130,1145,15,False
31,r5-f1-bf9875c83a8844f910b65953,r5-f1-dac7055b419c0ee6030f9b80,1116,1137,21,False
31,r5-f1-c0187dbd694866e9a30a5a79,r5-f1-fce2c84e8e18a3277fc8a3da,1144,1147,3,False
31,r5-f1-c8aa69e9e27b9f54b146d2e2,r5-f1-fe2d363ab91f04f8406a2ca7,1129,1150,21,False
31,r5-f1-e8d6bec744f8d61e31dadcd7,r5-f1-efc5731ec7a8e9343621fbd7,1124,1141,17,False
31,r5-f1-ecf4946e7096b0f851fa9165,r5-f1-f79bcda9f779fd7ae1e9cad1,1128,1150,22,False
