optimizer_step,epoch_zero,learning_rate,own_ce_mean,donor_ce_mean,ranking_loss_mean,ranking_satisfied_fraction,objective_mean,residual_coefficient_norm_mean,residual_rms_mean,image_saturation_fraction_mean,mean_residual_coefficient_max_abs,mean_residual_delta_max_abs,gradient_norm,gradient_nonzero_fraction,basis_parameter_norm,gradient_clipped,own_ce_mean_moving_mean_16,donor_ce_mean_moving_mean_16,ranking_loss_mean_moving_mean_16,ranking_satisfied_fraction_moving_mean_16
1,0,0.001,0.761210486292839,0.746833398938179,1.4006714820861816,0.0,2.161881923675537,0.0382437642052706,0.05097182048484683,0.10896794001261392,3.063016507098837e-08,8.636296655595288e-08,0.5914949497028353,0.9999203685797168,23.791366732723798,False,0.761210486292839,0.746833398938179,1.4006714820861816,0.0
2,0,0.001,1.1255591213703156,1.2469758093357086,1.2648776471614838,0.0,2.3904367685317993,0.06523933059598352,0.08428539615124464,0.09508212407430013,2.721531622285056e-08,1.2189018150365882e-07,1.8685854690589698,0.9999201315814421,23.865780860634985,False,0.9433848038315773,0.9969046041369438,1.3327745646238327,0.0
3,0,0.001,1.1016112118959427,0.8837824314832687,1.6041231751441956,0.0,2.705734372138977,0.10908566343799359,0.13897850178182125,0.09728765487670898,1.6867286234401035e-08,6.489296566769553e-08,5.688923867269603,0.9998179853250668,23.927064778637558,False,0.9961269398530325,0.9591972132523855,1.4232241014639537,0.0
4,0,0.001,1.1880670189857483,1.0698508471250534,1.5045104920864105,0.0,2.692577540874481,0.07866412128683933,0.10405714996159077,0.11432631810506184,2.566311074758687e-08,7.598640650030575e-08,2.822175313461194,0.9995563392298504,23.998297651024583,False,1.0441119596362114,0.9868606217205524,1.4435456991195679,0.0
5,0,0.001,0.9440713822841644,0.8993319422006607,1.4310338199138641,0.0,2.375105142593384,0.05837592271295923,0.06415360514074564,0.10222975413004556,2.4835268064293814e-08,2.00781329340316e-07,3.1857437671941926,0.9994084523064672,24.081453101593127,False,1.024103844165802,0.9693548858165741,1.4410433232784272,0.0
6,0,0.001,1.2301816046237946,1.2885984480381012,1.327877551317215,0.0,2.5580591559410095,0.0487507557684032,0.04171439120545983,0.09635512034098306,3.011276206166258e-08,1.628811077125647e-07,5.093599329588626,0.9992491894659007,24.159934485973356,False,1.0584501375754674,1.0225621461868286,1.4221823612848918,0.0
7,0,0.001,1.777258649468422,1.2189079225063324,1.94464510679245,0.0,3.7219037413597107,0.11773946895387281,0.139096487313509,0.10197321573893228,3.228585043757448e-08,1.6457184415230586e-07,31.866355318210946,0.9989989192878675,24.23154252500906,False,1.1611370678458894,1.0506115428039007,1.4968198963574,0.0
8,0,0.001,0.8672722578048706,0.9358519613742828,1.3177145719528198,0.0,2.1849868297576904,0.08703600643942727,0.08663101401180029,0.10709055264790852,3.228585043757448e-08,1.5879633963322703e-07,3.5407352817505178,0.9987486491098345,24.309704430777497,False,1.1244039665907621,1.0362665951251984,1.4744317308068275,0.0
9,0,0.001,0.8649171516299248,1.2334620654582977,1.017749398946762,0.0,1.882666528224945,0.0795766642932538,0.0690770479850471,0.11807513236999512,3.973643103449831e-08,1.597917815843175e-07,3.6509578040088537,0.998487003014618,24.391433819083893,False,1.0955720982617803,1.0581772029399872,1.4236892494890425,0.0
10,0,0.001,1.5506805181503296,1.2162601053714752,1.7207147181034088,0.0,3.271395266056061,0.0660678324107625,0.07241876982152462,0.09876449902852376,2.8353598580110884e-08,8.701390896703742e-08,6.770094505982554,0.9983163642568682,24.46965679864213,False,1.141082940250635,1.073985493183136,1.4533917963504792,0.0
11,0,0.001,1.0147526562213898,1.0486305356025696,1.3524165153503418,0.0,2.367169201374054,0.07297862852416907,0.06968773249536753,0.09875241915384927,2.6801394881204033e-08,1.0853994325543681e-07,6.041889018113746,0.9982139810022183,24.55019910546719,False,1.1295983689752491,1.0716804970394482,1.4442122253504666,0.0
12,0,0.001,1.6134383827447891,1.239487960934639,1.7602447867393494,0.0,3.3736831545829773,0.07793957405936705,0.08814839646220207,0.11050105094909668,3.621810051868124e-08,5.1347150531455554e-08,5.959677795014324,0.9980774699960184,24.62999266133236,False,1.169918370122711,1.0856644523640473,1.4705482721328735,0.0
13,0,0.001,1.322004348039627,1.373688966035843,1.334609717130661,0.0,2.656614065170288,0.04224235875820468,0.03780559217557311,0.10658121109008789,3.0423205288343524e-08,4.398595265797667e-08,6.971540072575199,0.9980092144929185,24.711203004769537,False,1.181617291500935,1.1078201841849546,1.4600914602096264,0.0
14,0,0.001,1.606178104877472,1.614416480064392,1.3780560493469238,0.0,2.984234094619751,0.028780566607947276,0.028491324628703296,0.09589322408040364,3.9943390817143154e-08,1.022579780851629e-07,3.5958143536918743,0.9978727034867186,24.791326614454498,False,1.2119430638849735,1.1440056338906288,1.4542317880051476,0.0
15,0,0.001,1.0845383554697037,0.968706339597702,1.5021264255046844,0.0,2.5866647958755493,0.031021785174046128,0.03337862598709762,0.10747186342875162,1.6349885001432085e-08,4.7467864305872354e-08,3.4348035259920513,0.9977930720664353,24.870361860099894,False,1.2034494166572889,1.1323190142711004,1.45742476383845,0.0
16,0,0.001,0.92316734790802,1.0390301123261452,1.2704316079616547,0.0,2.1935989260673523,0.02499620071253353,0.029628657270222902,0.09473093350728352,2.866404003043499e-08,5.3314487047373404e-08,4.796206092765834,0.9977361924805187,24.947444931303895,False,1.1859317873604596,1.1264884578995407,1.4457376915961504,0.0
17,0,0.001,0.9150799065828323,0.9319847673177719,1.3693894743919373,0.0,2.2844693660736084,0.03180129864409312,0.035431775730103254,0.09771641095479329,1.9350814284280204e-08,1.3213266925049538e-07,1.4236263560282865,0.9976793128946021,25.02210377072997,False,1.1955486261285841,1.1380604184232652,1.4437825661152601,0.0
18,0,0.001,1.0004339665174484,1.0788458734750748,1.3078824877738953,0.0,2.308316469192505,0.03201016117625467,0.023562248796224594,0.10270563761393228,3.228585043757448e-08,6.797664298119344e-08,3.1479964013800203,0.9976338092258689,25.093542145703942,False,1.18772830395028,1.1275522974319756,1.4464703686535358,0.0
19,0,0.001,1.2779282070696354,1.2261619791388512,1.4380605816841125,0.0,2.7159887850284576,0.04639881501881302,0.043945402605459094,0.11126311620076497,3.973643103449831e-08,4.854387469777066e-08,5.845723079471795,0.9976108203932276,25.16092099054895,False,1.1987481161486357,1.1489510191604495,1.4360914565622807,0.0
20,0,0.001,1.34517340362072,1.3620828241109848,1.3693848848342896,0.0,2.7145583033561707,0.06155679106341298,0.04756618198007345,0.09893592198689778,2.3800465598355913e-08,6.513360517601541e-08,4.101870178615137,0.9975883055571355,25.225494508438704,False,1.2085672651883215,1.1672155177220702,1.427646106109023,0.0
21,0,0.001,1.5193176865577698,1.4581419825553894,1.4474700689315796,0.0,2.966787815093994,0.04856098555996627,0.04524512216448784,0.10210776329040527,2.4421348499004125e-08,7.074619645663915e-08,4.849736356542071,0.9975541778055855,25.28700913567453,False,1.2445201592054218,1.2021411452442408,1.4286733716726303,0.0
22,0,0.001,0.8285391479730606,0.9842140078544617,1.2306195199489594,0.0,2.059158682823181,0.0733205940933724,0.07835662178695202,0.10179742177327473,3.2906729785509015e-08,9.027001368622223e-08,4.473035987516169,0.9975428018884023,25.34679916036569,False,1.219417505664751,1.1831171177327633,1.4225947447121143,0.0
23,0,0.001,1.2232466340065002,1.4855477809906006,1.1239932179450989,0.0,2.347239851951599,0.05502402693527671,0.06117636803537607,0.09502871831258138,1.9764735625926733e-08,6.529528917553762e-08,4.378250023588779,0.9974972982196689,25.40343048960838,False,1.1847917546983808,1.19978210888803,1.371304001659155,0.0
24,0,0.001,0.9822321385145187,1.0188122987747192,1.3497141599655151,0.0,2.3319462537765503,0.05498498850277926,0.04827875830233097,0.09621755282084146,1.614292521878724e-08,3.74139084158287e-08,6.344475983492624,0.9974404186337523,25.457469342848842,False,1.1919767472427338,1.2049671299755573,1.3733039759099483,0.0
25,0,0.001,1.1779556348919868,1.459961324930191,1.1042886972427368,0.0,2.2822443544864655,0.05953559869362664,0.040558354929089546,0.10228784879048665,3.632158041000366e-08,9.244305942956998e-08,3.689291345892909,0.9974288057182944,25.51040851143578,False,1.2115416524466127,1.2191233336925507,1.3787126820534468,0.0
26,0,0.001,1.3766692280769348,1.5874856412410736,1.1754779517650604,0.0,2.552147150039673,0.05532787323487262,0.0498433718457818,0.10119279225667317,2.2972622915062857e-08,5.3095575935913075e-08,15.34138880588963,0.9974288057182944,25.561279499184927,False,1.2006659468170255,1.2423249296844006,1.3446353841573,0.0
27,0,0.001,1.3061693608760834,1.4916413873434067,1.2008223235607147,0.0,2.506991684436798,0.0693919240408627,0.06610510917380452,0.10247627894083658,3.890858835120525e-08,6.748008729573485e-08,4.5613861743161745,0.9973949149650191,25.612026317990715,False,1.218879490857944,1.2700131079182029,1.3351607471704483,0.0
28,0,0.001,0.9822118878364563,1.4043774902820587,0.964128702878952,0.0,1.9463406205177307,0.06543833242684167,0.06767520541325212,0.11356353759765625,3.456241515209513e-08,7.433855842009507e-08,4.959261526373757,0.9973607872134691,25.662523067227703,False,1.179427834926173,1.2803187035024166,1.2854034919291735,0.0
29,0,0.001,1.367002461105585,1.3666385523974895,1.3866582810878754,0.0,2.7536608576774597,0.05382034050661828,0.04940685583278537,0.10133552551269531,2.8560558362755728e-08,3.820525762421312e-08,6.119089088953548,0.9973494112962857,25.71243483559035,False,1.1822402169927955,1.2798780526500195,1.2886565271764994,0.0
30,0,0.001,0.6332050412893295,1.3829945623874664,0.7469086647033691,0.25,1.3801137059926987,0.05806401660914863,0.05644414387643337,0.09215585390726724,4.108167317440348e-08,8.97500527230477e-08,6.119836783156836,0.9973380353791025,25.76200039032214,False,1.1214294005185366,1.2654141827952117,1.2492098156362772,0.015625
31,0,0.001,1.7110352367162704,1.3082118183374405,1.7891178131103516,0.0,3.5001530051231384,0.06110707083032217,0.057033018209040165,0.10014263788859049,4.6980051848777293e-08,6.8096170480203e-08,7.310698929972502,0.9973494112962857,25.811536959156637,False,1.160585455596447,1.2866332752164453,1.2671467773616314,0.015625
32,0,0.001,0.9330561384558678,0.9002659171819687,1.419084519147873,0.0,2.3521406054496765,0.06153730122523626,0.06286676414310932,0.11746780077616373,4.11851530657259e-08,8.017237718149772e-08,7.329737926416227,0.9973494112962857,25.860847486238878,False,1.1612035050056875,1.2779605130199343,1.27643758431077,0.015625
33,0,0.001,1.3866192996501923,1.1532643735408783,1.6196492612361908,0.0,3.006268560886383,0.10476343886948528,0.11862039007246494,0.10817448298136392,2.8457078471433306e-08,6.182776957075475e-08,6.282141294704619,0.9973380353791025,25.909222543995202,False,1.1906747170723975,1.2917904884088784,1.2920788209885359,0.015625
34,0,0.001,0.8984046280384064,1.2997262328863144,0.9849728047847748,0.0,1.883377492427826,0.05746292845762675,0.06449077278375626,0.08790230751037598,2.8560558362755728e-08,1.766426862559456e-07,3.6089303097282373,0.9973380353791025,25.960304455847414,False,1.1842978834174573,1.305595510872081,1.2718969658017159,0.015625
35,0,0.001,1.4760759472846985,1.5789832919836044,1.2833869457244873,0.0,2.7594628632068634,0.07391138396127986,0.0827110349200666,0.08344610532124837,4.325476155031538e-08,8.723033317892259e-08,6.598731969222924,0.9973380353791025,26.01246096459001,False,1.1966821171808988,1.327646842924878,1.2622298635542393,0.015625
36,0,0.001,1.0929366126656532,1.003651812672615,1.4755791425704956,0.0,2.5685157477855682,0.029477744366598013,0.02897972473874688,0.09589362144470215,1.7746868863355303e-08,7.477053287630042e-08,8.281028307412445,0.9973380353791025,26.06568128599324,False,1.1809173177462071,1.30524490470998,1.2688670046627522,0.015625
37,1,0.001,0.99544657766819,0.9947530180215836,1.3869878947734833,0.0,2.3824344277381897,0.06958017589354681,0.0788874989375472,0.09341057141621907,3.766682610262251e-08,6.219505621629651e-08,7.997100118862891,0.9973266594619191,26.119380897858694,False,1.1481753734406084,1.276283094426617,1.2650868687778711,0.015625
38,1,0.001,1.2152813076972961,1.5593080818653107,1.0422676503658295,0.0,2.2575489580631256,0.03829202623073569,0.03285594517365098,0.09983030954996744,2.773271745581951e-08,1.063360031139382e-07,8.343433617842704,0.9973266594619191,26.17180928884167,False,1.172346758423373,1.312226474052295,1.2533148769289255,0.015625
39,1,0.001,0.7536954283714294,1.4429163038730621,0.7761768102645874,0.25,1.5298722833395004,0.1030360286214316,0.12206767685711384,0.11355034510294595,3.663202008397093e-08,8.632740389202809e-08,4.109196626429883,0.9973266594619191,26.223313296770183,False,1.1429998080711812,1.309562006732449,1.2315763514488935,0.03125
40,1,0.001,0.9855116233229637,1.1785249561071396,1.1932809948921204,0.0,2.178792655467987,0.08095251971283376,0.09425063338130713,0.0803851286570231,4.615220916548424e-08,6.879253078295733e-08,9.21980751061439,0.9973266594619191,26.273982897304162,False,1.143204775871709,1.3195440478157252,1.2217992786318064,0.03125
41,1,0.001,1.2090796083211899,1.456984132528305,1.1383898556232452,0.0,2.347469449043274,0.05256388046921798,0.05750228650867939,0.08961709340413411,3.3527612686157227e-08,1.118045815928781e-07,7.35678863981004,0.9973266594619191,26.324696596651723,False,1.1451500242110342,1.3193579732906073,1.2239306010305882,0.03125
42,1,0.001,1.2428896725177765,1.0798028856515884,1.5493811964988708,0.0,2.792270839214325,0.06695781390177347,0.0713358661159873,0.101228396097819,2.0282136858895683e-08,1.182612550110207e-07,6.959549914454526,0.9973266594619191,26.375523902424344,False,1.1367888019885868,1.2876278010662645,1.2472995538264513,0.03125
43,1,0.001,1.1011443436145782,1.601823776960373,0.8856149017810822,0.0,1.9867592453956604,0.11199480633243838,0.12500602565705776,0.12034130096435547,5.484455201099081e-08,2.266723413413274e-07,26.844465246252614,0.9973039076275525,26.41546517886062,False,1.1239747384097427,1.294514200417325,1.2275990899652243,0.03125
44,1,0.001,1.107302501797676,1.8438050299882889,0.8075607120990753,0.5,1.9148632287979126,0.0882502178153433,0.09093536762520671,0.11382134755452473,3.6011140736036396e-08,8.929441719374154e-08,7.304342089471825,0.9973039076275525,26.46272441700433,False,1.131792901782319,1.3219784216489643,1.217813590541482,0.0625
45,1,0.001,0.6630703955888748,1.0192543491721153,1.0301104485988617,0.0,1.6931808590888977,0.08498777498674943,0.0910393176600337,0.08313234647115071,4.3047798214956856e-08,7.259125567316005e-08,5.342397314754174,0.9973039076275525,26.517417629270486,False,1.0877971476875246,1.3002669089473784,1.1955293510109186,0.0625
46,1,0.001,1.0468544736504555,0.9440975189208984,1.4890513122081757,0.0,2.5359057784080505,0.07246903995363035,0.0623145024292171,0.09502514203389485,3.228585043757448e-08,7.347422581460705e-08,3.0940033716099387,0.9973039076275525,26.577089028518394,False,1.113650237210095,1.272835843730718,1.241913266479969,0.046875
47,1,0.001,1.4662674367427826,1.8598252534866333,1.0701482892036438,0.25,2.5364158153533936,0.13655479825506084,0.1432302873581648,0.10503753026326497,5.8155922744163036e-08,1.9076799162576208e-07,5.50044208212046,0.9973039076275525,26.63909850107552,False,1.098352249711752,1.3073116834275424,1.1969776712357998,0.0625
48,1,0.001,1.2117722481489182,1.2447392344474792,1.3533273935317993,0.0,2.5650996565818787,0.11617006570064656,0.12397917453199625,0.09790484110514322,2.8767519921757412e-08,1.0384792403783649e-07,13.83344430633277,0.9973039076275525,26.702309089797833,False,1.1157720065675676,1.3288412657566369,1.1928678508847952,0.0625
49,1,0.001,1.6618100106716156,1.2127599567174911,1.8353444039821625,0.0,3.497154414653778,0.16143774472858008,0.17427439242601395,0.10584942499796549,2.1316939324833584e-08,1.0266387562296586e-07,24.215577611931284,0.9972925317103691,26.76782037318209,False,1.1329714260064065,1.3325597397051752,1.2063487973064184,0.0625
50,1,0.001,1.7123566027730703,0.9769179001450539,2.1217330992221832,0.0,3.834089607000351,0.1365504686926329,0.1406265627592802,0.11292258898417154,4.635916894812908e-08,1.373277598304412e-07,30.992383530530454,0.9972925317103691,26.843279650642064,False,1.183843424427323,1.3123842189088464,1.2773963157087564,0.0625
51,1,0.001,1.051749736070633,1.4080718457698822,1.0299722254276276,0.0,2.0817219614982605,0.12030947807327215,0.12294016592204571,0.07939140001932779,3.91155481338501e-08,1.0698022379074246e-07,19.637468860946406,0.9972925317103691,26.935775142947342,False,1.157323036226444,1.3017022535204887,1.2615578956902027,0.0625
52,1,0.001,2.6445543337613344,1.834624007344246,2.1962247639894485,0.0,4.84077924489975,0.26911155507059276,0.2916352152824402,0.13949124018351236,4.842877388000488e-08,6.276268749161318e-08,27.73718878779631,0.9972925317103691,27.036892423052542,False,1.254299143794924,1.3536380156874657,1.3065982470288873,0.0625
53,1,0.001,0.932409942150116,1.613290622830391,0.7208824753761292,0.25,1.65329247713089,0.1317534208106646,0.1201246241107583,0.09510795275370279,2.421438694000244e-08,9.879742890461785e-08,5.641433298476202,0.9972811557931859,27.15159570374345,False,1.2503593540750444,1.3922966159880161,1.2649666583165526,0.078125
54,1,0.001,0.9398424103856087,0.9131489396095276,1.4129878282546997,0.0,2.3528302907943726,0.0998829273608337,0.08782107476145029,0.09325496355692545,4.9049656780653095e-08,1.4849219098778121e-07,10.934279078660582,0.9972811557931859,27.275533178107786,False,1.233144422993064,1.3519116695970297,1.288136669434607,0.078125
55,1,0.001,0.8300483040511608,1.0387778282165527,1.230778068304062,0.25,2.060826376080513,0.0777305496164796,0.06668128352612257,0.10247723261515299,5.0084459246590995e-08,1.6538491820483614e-07,10.90407345636066,0.9972811557931859,27.404571895186116,False,1.2379164777230471,1.3266530148684978,1.3165492480620742,0.078125
56,1,0.001,2.2453067749738693,1.8979927599430084,1.7336083948612213,0.0,3.978915214538574,0.09971435314411098,0.0891124913468957,0.09649928410847981,3.2906729785509015e-08,8.448893851209505e-08,16.077877250059043,0.9972811557931859,27.534064006419413,False,1.3166536747012287,1.3716197526082397,1.350319710560143,0.078125
57,1,0.001,1.5518317222595215,1.5601344108581543,1.3779916763305664,0.0,2.929823338985443,0.12718021638237267,0.12320288363844156,0.11289604504903157,3.269977000286417e-08,1.0338696654343948e-07,16.00520837571568,0.9972811557931859,27.66300691567534,False,1.3380756818223745,1.3780666450038552,1.3652948243543506,0.078125
58,1,0.001,0.9071243926882744,0.8516578003764153,1.4417609870433807,0.0,2.3488853871822357,0.14675954886898948,0.15164249390363693,0.11075329780578613,4.3461721332960224e-08,7.576711169576811e-08,6.193220520985895,0.9972811557931859,27.79136176182768,False,1.3170903518330306,1.363807577174157,1.3585685612633824,0.078125
59,1,0.001,1.1415691524744034,0.9386667907238007,1.5891967117786407,0.0,2.7307658195495605,0.10950389854755194,0.11528398282825947,0.11401963233947754,1.966125395824747e-08,7.857570949454384e-08,4.023249318958382,0.9972811557931859,27.91723333361855,False,1.3196169023867697,1.3223602655343711,1.4025424243882298,0.078125
60,1,0.001,0.9441861212253571,1.866847425699234,0.46363306045532227,0.0,1.4078192114830017,0.08745536832669804,0.07676963601261377,0.11595916748046875,3.083712485363321e-08,1.9008911067430745e-07,21.85265813734388,0.9972811557931859,28.03738033366261,False,1.3094221286009997,1.3238004152663052,1.3810469461604953,0.046875
61,1,0.001,1.337599754333496,1.322564110159874,1.4013300836086273,0.0,2.738929867744446,0.14731933657208135,0.14145078416913748,0.11036467552185059,3.725290298461914e-08,9.217827567908898e-08,8.386254092696086,0.9972695428777278,28.155506618773927,False,1.3515802135225385,1.3427572753280401,1.4042481733486056,0.046875
62,1,0.001,1.0251852422952652,2.3239715695381165,1.1301650404930115,0.25,2.1553502827882767,0.13485601336258807,0.14272567071020603,0.10720348358154295,6.643434602437992e-08,1.2037963870170643e-07,6.765238826800993,0.9972697798760025,28.270452586051523,False,1.3502258865628392,1.4289994034916162,1.3818177813664079,0.0625
63,1,0.001,0.7520478963851929,1.0306874811649323,1.1076547801494598,0.0,1.8597026765346527,0.15115886710537418,0.10497463680803776,0.11170800526936848,3.073364496231079e-08,1.1555756174175258e-07,14.363677416855433,0.9972697798760025,28.38111590782217,False,1.3055871652904898,1.37717829272151,1.3841619370505214,0.046875
64,1,0.001,2.4869174510240555,1.4595411866903305,2.413670629262924,0.0,4.900588095188141,0.09390621494407864,0.08860680554062128,0.09677418073018391,5.691415694286661e-08,1.158297990855317e-07,17.481507948682054,0.9972697798760025,28.485398205586534,False,1.3852837404701859,1.3906034147366881,1.4504333892837167,0.046875
65,1,0.001,1.4865942746400833,1.2381595075130463,1.7234738767147064,0.25,3.2100681960582733,0.10980984133091304,0.1112136822193861,0.09259939193725586,4.677308851341877e-08,1.3663650122452964e-07,35.60559818831414,0.9972697798760025,28.58490573931282,False,1.374332756968215,1.3921908866614103,1.4434414813295007,0.0625
66,1,0.001,1.1015240550041199,0.9404128268361092,1.5474056005477905,0.0,2.6489296555519104,0.15031526059749997,0.16306352615356445,0.11371485392252603,5.587935447692871e-08,2.374719940689829e-07,12.374309331145707,0.9972697798760025,28.68903388818756,False,1.3361557227326557,1.3899093195796013,1.4075460126623511,0.0625
67,1,0.001,1.3918110132217407,1.1478793621063232,1.6302259862422943,0.0,3.0220370292663574,0.14165809662196338,0.17978742811828852,0.08735171953837076,3.683898341932945e-08,1.0920692261606746e-07,17.497932351160337,0.9972695428777278,28.795008648218747,False,1.3574095525546,1.3736472893506289,1.4450618727132678,0.0625
68,1,0.001,1.7836893498897552,0.8631389811635017,2.3068447411060333,0.0,4.090534210205078,0.17533703192703382,0.15538883209228516,0.09738055864969888,3.932250791649494e-08,1.3646328511640604e-07,24.33733309167193,0.9972697798760025,28.904026814964734,False,1.3036054910626262,1.3129294752143323,1.4519756212830544,0.0625
69,1,0.001,1.598746508359909,0.8496549651026726,2.1353858709335327,0.0,3.7341323494911194,0.1428424784937517,0.12813817150890827,0.10629884401957193,3.559721761803303e-08,1.2039964758514543e-07,18.051587855043163,0.9972697798760025,29.016654099074227,False,1.3452515264507383,1.26520224660635,1.540382083505392,0.046875
70,1,0.001,0.9814735054969788,0.9354548007249832,1.432313084602356,0.0,2.41378653049469,0.10504903877088359,0.10094406642019749,0.10038010279337564,4.677308851341877e-08,1.4142877091671835e-07,10.438343527312082,0.9972697798760025,29.128973531300293,False,1.347853469895199,1.266596362926066,1.5415899120271206,0.046875
71,1,0.001,1.329311415553093,1.8796891532838345,0.842341810464859,0.25,2.1716532707214355,0.11391627370376226,0.10677882842719555,0.09587391217549641,5.546543491163902e-08,1.2348422728791775e-07,6.23004292832313,0.9972697798760025,29.240503897422954,False,1.3790574143640697,1.319153320742771,1.5173126459121704,0.046875
72,1,0.001,0.8721861392259598,1.9369099736213684,0.6543704867362976,0.25,1.5265566185116768,0.12340575146928914,0.12242605537176132,0.11171579360961914,6.643434602437992e-08,1.2488865763771173e-07,8.919479021830945,0.9972697798760025,29.35038903390548,False,1.2932373746298254,1.3215856465976685,1.4498602766543627,0.0625
73,2,0.001,1.6162184476852417,1.678905040025711,1.3236077725887299,0.0,2.939826190471649,0.15756311081447358,0.15639475174248219,0.13416091601053873,3.6425060301326084e-08,1.4796424352425674e-07,18.461007231940034,0.9972697798760025,29.456689876753494,False,1.2972615449689329,1.3290088109206408,1.446461282670498,0.0625
74,2,0.001,1.5659572184085846,1.284770704805851,1.6674809455871582,0.0,3.2334381341934204,0.09923247518685101,0.07744054310023785,0.09342734018961588,4.2944318323634434e-08,1.3370238605148188e-07,12.369766107525217,0.9972697798760025,29.560200686721185,False,1.3384385965764523,1.3560783674474806,1.460568780079484,0.0625
75,2,0.001,1.066197745501995,1.5682860650122166,0.8842060267925262,0.0,1.9504037499427795,0.0888291514691131,0.08806716743856668,0.10054667790730794,4.5531326264836025e-08,1.3418814148735692e-07,10.872131127373908,0.9972695428777278,29.661288351290516,False,1.3337278836406767,1.3954295720905066,1.4165068622678518,0.0625
76,2,0.001,1.7030269503593445,1.2007039934396744,1.8886173069477081,0.0,3.591644287109375,0.15216456137996923,0.15346046537160873,0.11963709195454915,6.126033014197674e-08,1.4592991703921143e-07,12.7385396689569,0.9972697798760025,29.75855601672159,False,1.381155435461551,1.353795607574284,1.505568377673626,0.0625
77,2,0.001,0.9799114018678665,1.2430238276720047,1.123181939125061,0.0,2.1030932664871216,0.13130846179857836,0.13521002512425184,0.1113759676615397,6.001856434068031e-08,7.75628521409999e-08,8.686505791623372,0.9972697798760025,29.852303330567143,False,1.358799913432449,1.3488243399187922,1.488184118643403,0.0625
78,2,0.001,0.9260927736759186,0.9097493588924408,1.4026377499103546,0.0,2.328730523586273,0.14175222987396552,0.17896421439945698,0.08507180213928223,5.0084459246590995e-08,1.4290334604538657e-07,13.579208777603125,0.9972697798760025,29.9418975749076,False,1.35260663414374,1.2604354517534375,1.505213662981987,0.046875
79,2,0.001,1.461754560470581,1.1128511428833008,1.735197752714157,0.0,3.1969522833824158,0.12558884884043212,0.11383777856826782,0.08419537544250488,4.23234389756999e-08,1.8762972331387573e-07,26.943973630873863,0.9972697798760025,30.028371539535673,False,1.3969633006490767,1.2655706806108356,1.5444350987672806,0.046875
80,2,0.001,0.9208416491746902,1.3599544167518616,0.9471815824508667,0.0,1.8680232465267181,0.166986734270926,0.19932625070214272,0.10436050097147623,3.828770545055704e-08,2.0934182032306126e-07,5.83468413036706,0.9972697798760025,30.113444700192694,False,1.2990835630334914,1.2593465074896812,1.452779533341527,0.046875
81,2,0.001,0.6878984458744526,0.8274174723774195,1.2467753887176514,0.0,1.934673935174942,0.12138877169525474,0.13064668187871575,0.08177526791890462,5.277494707911501e-08,9.115170485074486e-08,7.082264945027979,0.9972697798760025,30.195088353970764,False,1.2491650737356395,1.2336751302937046,1.422985877841711,0.03125
82,2,0.001,1.249417781829834,1.1025056540966034,1.533206433057785,0.0,2.7826243340969086,0.17146756019292195,0.218157846480608,0.15509064992268878,2.5870072306588554e-08,3.939292270160877e-08,7.963179098309058,0.9972697798760025,30.274769756912278,False,1.2584084316622466,1.2438059319974855,1.4220984298735857,0.03125
83,2,0.001,1.3225539028644562,1.3464491963386536,1.3623990416526794,0.0,2.6849530041217804,0.19728609359212573,0.24377422407269478,0.10895570119222005,2.71118345551713e-08,1.1529143506550099e-07,14.190343401057154,0.9972697798760025,30.352398332577632,False,1.2540798622649163,1.256216546637006,1.4053592458367348,0.03125
84,2,0.001,1.3823572397232056,1.5465586930513382,1.2220929265022278,0.0,2.6044501662254333,0.14377427010360458,0.15481519233435392,0.11153999964396158,4.4496523798898124e-08,1.588230418292369e-07,25.882650400939077,0.9972697798760025,30.43164750473965,False,1.228996605379507,1.2989302786299959,1.337562257423997,0.03125
85,2,0.001,0.9463965445756912,1.0653477311134338,1.2673432230949402,0.0,2.2137398719787598,0.16631361746765774,0.20896244794130325,0.10693828264872232,3.1871927319571114e-08,1.3021387701428466e-07,9.419196358822731,0.9972697798760025,30.51056402714729,False,1.1882247326429933,1.3124110765056685,1.283309591934085,0.03125
86,2,0.001,1.5654630213975906,2.3999037742614746,0.8122014403343201,0.25,2.377664476633072,0.11613917007730619,0.11996220983564854,0.1251659393310547,5.194710439582195e-08,1.254452968169062e-07,12.177122324113563,0.9972697798760025,30.587686607412532,False,1.2247240773867816,1.4039391373516992,1.2445526141673326,0.046875
87,2,0.001,1.7353461235761642,3.083929732441902,0.7298643589019775,0.25,2.465210497379303,0.10755980505213503,0.10481253545731306,0.0939942200978597,3.166496753692627e-08,4.86382347730796e-08,24.799328143946532,0.9972697798760025,30.66259181824173,False,1.2501012466382235,1.4792041735490784,1.2375227734446526,0.046875
88,2,0.001,0.9296397715806961,1.1557414084672928,1.1601926982402802,0.0,2.0898324698209763,0.1334590217476463,0.15292412973940372,0.10159103075663248,3.683898341932945e-08,1.989558313653106e-07,8.944778270028428,0.9972697798760025,30.736640292567422,False,1.2536920986603945,1.4303811382269487,1.2691366616636515,0.03125
89,2,0.001,2.013471305370331,1.559445321559906,1.945055514574051,0.25,3.958526849746704,0.20145309077065487,0.2542957700788975,0.11556855837504068,2.7525755896817827e-08,6.547905684328725e-08,14.088369282286843,0.9972697798760025,30.807954279920313,False,1.2785204022657126,1.4229149058228359,1.307977145537734,0.046875
90,2,0.001,1.1744298338890076,1.8162534832954407,0.7444706857204437,0.0,1.9189005196094513,0.12380952381707193,0.15014818124473095,0.10279313723246256,3.373457246880207e-08,2.4893131467251806e-07,11.15233081489797,0.9972697798760025,30.879685811440254,False,1.254049940733239,1.4561325794784352,1.2502890042960644,0.046875
91,2,0.001,1.6182544380426407,2.5937197506427765,0.5149461925029755,0.25,2.133200615644455,0.13465165402983215,0.1687210649251938,0.10850119590759277,4.987749946394615e-08,9.301041359321971e-08,17.891725925640465,0.9972584039588192,30.950918890417096,False,1.2885534840170294,1.5202221848303452,1.2272102646529675,0.0625
92,2,0.001,0.96513582020998,1.4340893030166626,0.9173409044742584,0.0,1.8824767470359802,0.1713633711870217,0.20208102371543646,0.11428006490071614,4.3461721332960224e-08,1.554542166104511e-07,34.2498998441929,0.9972584039588192,31.02362757795749,False,1.2424352883826941,1.534808766678907,1.1665054894983768,0.0625
93,2,0.001,0.6845733616501093,1.4720799773931503,0.7394345253705978,0.25,1.4240079075098038,0.18509205458611375,0.22462887689471245,0.08026035626729329,4.3047798214956856e-08,1.5072535575200163e-07,17.704444771566628,0.9972584039588192,31.095212937389995,False,1.2239766608690843,1.5491247760364786,1.142521276138723,0.078125
94,2,0.001,1.3339219391345978,1.1400254964828491,1.5801907777786255,0.0,2.9141127467155457,0.10529586242083806,0.11211055517196655,0.12245798110961914,6.498562044043865e-08,1.274666203698871e-07,11.215351229458154,0.9972584039588192,31.165720608371867,False,1.2494659837102517,1.563517034635879,1.1536183403804898,0.078125
95,2,0.001,1.6115625202655792,1.5539147406816483,1.443942129611969,0.0,3.0555046051740646,0.1276528139366654,0.14172324491664767,0.1322650909423828,3.518329805274334e-08,1.4834863293344824e-07,17.496829345141997,0.9972584039588192,31.234158731970847,False,1.2588289811974391,1.5910835094982758,1.135414863936603,0.078125
96,2,0.001,1.422988310456276,1.81945039331913,0.9898323118686676,0.0,2.4128206372261047,0.1991152519985923,0.2697923369705677,0.1346909999847412,6.436474109250412e-08,1.1266064348092186e-07,35.38724446281859,0.9972584039588192,31.30206233226642,False,1.2902131475275382,1.61980200803373,1.1380805345252156,0.078125
97,2,0.001,0.73106399923563,0.617813415825367,1.4995449483394623,0.0,2.2306089401245117,0.1584022370958613,0.17942138202488422,0.110505739847819,5.898376187474241e-08,1.5486571669498517e-07,18.69979641545326,0.9972584039588192,31.36882152857954,False,1.2929109946126118,1.6067017544992268,1.1538786320015788,0.078125
98,2,0.001,1.0680685341358185,0.937396626919508,1.5169663429260254,0.0,2.5850349068641663,0.16503831265774396,0.1861339956521988,0.13183903694152832,4.23234389756999e-08,1.0311319442735112e-07,10.527325963665813,0.9972584039588192,31.43553662445878,False,1.2815766666317359,1.5963824403006583,1.1528636263683438,0.078125
99,2,0.001,1.288204975426197,1.408338874578476,1.2661604583263397,0.0,2.5543655157089233,0.1432227832609128,0.17512566223740578,0.07980235417683919,3.766682610262251e-08,1.5505891326483834e-07,21.750564306156868,0.9972584039588192,31.504029588681725,False,1.2794298586668447,1.6002505451906472,1.1468487149104476,0.078125
100,2,0.001,0.7607757300138474,1.3674383163452148,0.7796317636966705,0.0,1.540407583117485,0.17455833331648007,0.18823343329131603,0.10797746976216634,4.0150350599788e-08,9.048879689999012e-08,11.887422245032928,0.9972584039588192,31.572249663149112,False,1.2405810143100098,1.5890555216465145,1.1191948922351003,0.078125
101,2,0.001,0.7437571957707405,0.8086756020784378,1.321375995874405,0.0,2.065133213996887,0.12739457895732464,0.13795892149209976,0.11152219772338867,4.387564089824991e-08,1.6006795533485274e-07,4.7816623491815715,0.9972581669605445,31.639729297727385,False,1.2279160550097004,1.5730135135818273,1.1225719405338168,0.078125
102,2,0.001,1.2657878547906876,1.8308044075965881,0.8857219815254211,0.25,2.1515099108219147,0.09385805868501476,0.07454980723559856,0.10570430755615234,6.2709055725918e-08,1.5644235418221797e-07,11.743993878962927,0.9972584039588192,31.704684291520596,False,1.209186357096769,1.5374448031652719,1.1271669743582606,0.078125
103,2,0.001,1.2820515036582947,1.4222995042800903,1.2460463643074036,0.0,2.5280978679656982,0.134919868571698,0.15174814872443676,0.10361870129903157,5.194710439582195e-08,2.2194731741365104e-07,17.00142531550867,0.9972584039588192,31.767852591131643,False,1.180855443351902,1.4335929139051586,1.1594283496960998,0.0625
104,2,0.001,0.7466674298048019,1.0394748821854591,1.0934869349002838,0.0,1.8401544094085693,0.12612812130682363,0.13051321730017662,0.12759796778361002,5.0498378811880684e-08,1.6399232549701992e-07,8.422664430393693,0.9972584039588192,31.830072674569774,False,1.1694196719909087,1.426326256012544,1.15525923948735,0.0625
105,2,0.001,1.949923798441887,1.8408746719360352,1.4953435063362122,0.0,3.445267379283905,0.18194483598496286,0.1800395157188177,0.10452524820963541,7.491972553452797e-08,1.8387190436897072e-07,17.526871376274215,0.9972584039588192,31.891116766173596,False,1.165447952807881,1.443915590411052,1.127152238972485,0.046875
106,2,0.001,0.7804808840155602,0.955204576253891,1.211570680141449,0.0,1.992051601409912,0.14757933113446237,0.15202219784259796,0.07484332720438638,5.339582642704954e-08,1.1432710778080946e-07,9.557775623066167,0.9972584039588192,31.951302100301834,False,1.1408261434407905,1.3901000337209553,1.156345988623798,0.046875
107,2,0.001,2.079856587573886,2.488909153267741,0.9772417545318604,0.0,3.0570983588695526,0.12117986477454575,0.10571409482508898,0.08758187294006348,3.683898341932945e-08,8.836761367092549e-08,9.431925130387208,0.9972584039588192,32.01020751020588,False,1.1696762777864933,1.3835493713850155,1.1852394612506032,0.03125
108,2,0.001,0.8493242561817169,0.5611054748296738,1.6745131015777588,0.0,2.523837387561798,0.14099430492325696,0.13062503188848495,0.09454790751139322,4.884269699800825e-08,9.89114283811432e-08,9.856065696024812,0.9972584039588192,32.06795922528984,False,1.1624380550347269,1.3289878821233287,1.232562723569572,0.03125
109,3,0.001,1.0024557411670685,1.0816085785627365,1.3071414828300476,0.0,2.309597223997116,0.14020492243469077,0.14799372106790543,0.07823030153910318,4.2944318323634434e-08,9.355468222338459e-08,13.447904016564292,0.9972584039588192,32.12508889576386,False,1.1823057037545368,1.3045834196964279,1.2680444084107876,0.015625
110,3,0.001,0.775115430355072,1.0030802339315414,1.1583295166492462,0.0,1.933445006608963,0.19595231543434832,0.18625393137335777,0.07443865140279134,4.863573366264973e-08,9.400240230661439e-08,9.565935405785792,0.9972584039588192,32.181493837229525,False,1.1473802969558164,1.2960243407869712,1.2416780795902014,0.015625
111,3,0.001,2.4094150364398956,3.173334687948227,0.9432005882263184,0.25,3.3526155948638916,0.19215381366534884,0.19752618297934532,0.12023719151814777,4.822181409736004e-08,1.5872252845383628e-07,25.10425532623849,0.9972584039588192,32.238706562600775,False,1.1972460792167112,1.3972380874911323,1.2103817332535982,0.03125
112,3,0.001,1.4094974771142006,1.0852676965296268,1.7105241119861603,0.0,3.12002170085907,0.15249735827381916,0.1530327219516039,0.11652064323425292,7.347100705601406e-08,3.0452901000899146e-07,27.66187907638607,0.9972584039588192,32.29874253182412,False,1.1964029021328315,1.3513516689417884,1.2554249707609415,0.03125
113,3,0.001,1.2452567890286446,1.9322505351155996,1.152632236480713,0.25,2.3978890478610992,0.16658718209309353,0.18530914187431335,0.10436876614888509,7.409188640394859e-08,1.52877888126568e-07,16.34217999878977,0.9972584039588192,32.36169906847957,False,1.228539951494895,1.433503988897428,1.2337429262697697,0.046875
114,3,0.001,1.1561533510684967,1.5049491375684738,1.0374986231327057,0.0,2.193652033805847,0.14938280290736797,0.1760080549865961,0.08458924293518066,4.5945245830125714e-08,1.716769304493937e-07,8.43017927414512,0.9972584039588192,32.4252796783002,False,1.2340452525531873,1.4689760208129883,1.2037761937826872,0.046875
115,3,0.001,0.7874048948287964,0.8611403256654739,1.3125590085983276,0.0,2.099963963031769,0.14834542599467854,0.14887255616486073,0.09767087300618489,6.767610472024899e-08,1.139555649842805e-07,8.638976804113152,0.9972584039588192,32.48921586233158,False,1.2027452475158498,1.4347761115059257,1.2066761031746864,0.046875
116,3,0.001,1.0642272550612688,1.9203819930553436,0.7391333281993866,0.25,1.803360616788268,0.1824551121734852,0.19198743253946304,0.08882379531860352,4.470348358154297e-08,1.724144027548391e-07,8.104726795636894,0.9972584039588192,32.5525129765565,False,1.2217109678313136,1.4693350913003087,1.2041449509561062,0.0625
117,3,0.001,1.303667202591896,1.2231221348047256,1.4668394029140472,0.0,2.7705066204071045,0.16891869747282587,0.18292529694736004,0.11205474535624185,3.621810051868124e-08,1.0382779436213241e-07,39.09004613484565,0.9972584039588192,32.61314959092997,False,1.2567053432576358,1.4952379995957017,1.2132364138960838,0.0625
118,3,0.001,1.0334659069776535,1.3212633654475212,1.1139126420021057,0.25,2.147378623485565,0.1795871423688688,0.2007833980023861,0.13450980186462402,6.001856434068031e-08,1.7171980459806946e-07,12.970281803345367,0.9972584039588192,32.674384070114726,False,1.2421852215193212,1.463391684461385,1.2274983301758766,0.0625
119,3,0.001,1.4613085687160492,1.1769695635885,1.7348841726779938,0.25,3.19619283080101,0.18410071381917173,0.19891155138611794,0.11470595995585123,4.967053612858763e-08,8.435524279093443e-08,115.86541256161814,0.9972584039588192,32.74408107975824,False,1.2533887880854309,1.4480585631681606,1.2580506931990385,0.078125
120,3,0.001,1.2614867985248566,1.6018913239240646,1.1187894344329834,0.25,2.3802762031555176,0.1311171583963666,0.14682450331747532,0.08739519119262695,7.14013950187109e-08,1.4992042451922316e-07,8.815385938013698,0.9972584039588192,32.82781964094429,False,1.2855649986304343,1.4832095907768235,1.2596320994198322,0.09375
121,3,0.001,1.2741962224245071,2.031246244907379,0.8652207851409912,0.25,2.1394170075654984,0.14969004911257222,0.16536238230764866,0.1257489522298177,4.0978193283081055e-08,1.8819378055923153e-07,8.48100416001427,0.9972584039588192,32.920618206877364,False,1.243332025129348,1.4951078140875325,1.220249429345131,0.109375
122,3,0.001,1.4960284531116486,1.4703322052955627,1.4119905829429626,0.0,2.9080190509557724,0.17850009175626458,0.17174270749092102,0.11566702524820963,6.084641057668705e-08,2.6064043368023704e-07,16.52836309269808,0.9972584039588192,33.019637990229576,False,1.2880537481978536,1.527303290902637,1.2327756732702255,0.109375
123,3,0.001,1.336435629054904,1.0786218494176865,1.6441081017255783,0.0,2.980543866753578,0.1887303766835247,0.21170316636562347,0.12288975715637207,6.891787052154541e-08,1.153642656959164e-07,32.33888959730981,0.9972584039588192,33.1219287314955,False,1.2415899382904172,1.4391603344120085,1.274454819969833,0.109375
124,3,0.001,1.3807342052459717,1.5571189224720001,1.2099096477031708,0.0,2.590643882751465,0.11511319142795334,0.12747330870479345,0.10317508379618326,6.188120948991127e-08,1.7776929439605738e-07,37.193606627382145,0.9972584039588192,33.22777316693468,False,1.2748030601069331,1.501411174889654,1.2454171041026711,0.109375
125,3,0.001,1.4068676233291626,1.5260993391275406,1.26706263422966,0.0,2.6739302575588226,0.12520880528567127,0.13292048498988152,0.11107913653055826,5.277494707911501e-08,1.206664137498592e-07,28.92068087437328,0.9972584039588192,33.33555084454552,False,1.300078802742064,1.5291918474249542,1.242912176065147,0.109375
126,3,0.001,0.9639424048364162,1.263391375541687,1.0868454575538635,0.0,2.05078786611557,0.13227702913259187,0.11427824012935162,0.08204181989034016,3.973643103449831e-08,1.364331438935551e-07,17.023709826541715,0.9972584039588192,33.44295295839961,False,1.311880488647148,1.5454612937755883,1.2384444223716855,0.109375
127,3,0.001,1.0944670215249062,1.0092517733573914,1.4715095907449722,0.0,2.565976619720459,0.11035631187379673,0.1128768203780055,0.11336199442545572,4.842877388000488e-08,2.0668775846388598e-07,14.133432591184446,0.9972584039588192,33.54877172324026,False,1.2296962377149612,1.410206111613661,1.2714637350291014,0.09375
128,3,0.001,1.313402459025383,1.6658680737018585,1.0507373213768005,0.25,2.3641397356987,0.10035294556128505,0.09763768315315247,0.11649250984191895,3.0423205288343524e-08,1.1794943333143237e-07,9.701341499963997,0.9972584039588192,33.651595932747334,False,1.22369029908441,1.4464936351869255,1.2302270606160164,0.109375
129,3,0.001,0.9516042768955231,0.8654302805662155,1.4724683165550232,0.0,2.4240725934505463,0.12369847736884051,0.12544569000601768,0.0973531405131022,6.581345957101803e-08,1.6511141609498736e-07,11.244856099313253,0.9972584039588192,33.75083727490811,False,1.20533701707609,1.379817369277589,1.2502168156206608,0.09375
130,3,0.001,0.836839348077774,0.8321086913347244,1.3910249769687653,0.0,2.2278643250465393,0.09651256156109525,0.08659361023455858,0.10228252410888672,3.80807456679122e-08,1.1694810098106245e-07,12.291165056320798,0.9972584039588192,33.84608493087832,False,1.1853798918891698,1.3377648413879797,1.2723122127354145,0.09375
131,3,0.001,0.8884383738040924,1.8179567456245422,0.5954851508140564,0.5,1.4839235544204712,0.10685515759311874,0.1115440595895052,0.110672394434611,5.236102396111164e-08,1.527849633475853e-07,12.715403392050234,0.9972584039588192,33.93602914734725,False,1.1916944843251258,1.3975658676354215,1.2274950966238976,0.125
132,3,0.001,0.7911873906850815,0.804009422659874,1.3734723031520844,0.0,2.164659768342972,0.16189102194340446,0.19329391792416573,0.1444694995880127,5.629327759493208e-08,1.7299693411132466e-07,8.263736287332154,0.9972584039588192,34.02066218701364,False,1.174629492801614,1.3277925819857046,1.2671412825584412,0.109375
133,3,0.001,1.400735467672348,1.6652987599372864,1.1217311024665833,0.0,2.5224665999412537,0.15935470331758184,0.16985886357724667,0.14092119534810382,4.9049656780653095e-08,1.672164273713861e-07,20.03995112890465,0.9972584039588192,34.10031598297935,False,1.1806962593691424,1.3554286210564896,1.2455720137804747,0.109375
134,3,0.001,1.4193020462989807,1.6263521909713745,1.1792441606521606,0.0,2.5985461473464966,0.13716073122524772,0.14368838537484407,0.12926856676737467,5.6086314259573555e-08,1.373433633489185e-07,17.309286476633662,0.9972584039588192,34.17578582031727,False,1.2048110180767253,1.3744966726517305,1.249655233696103,0.09375
135,3,0.001,0.9780983030796051,1.0057839080691338,1.3586087822914124,0.0,2.336707055568695,0.11652587199568595,0.10525689087808132,0.09176095326741536,5.1533181277818585e-08,1.626783472374882e-07,9.1464783836247,0.9972584039588192,34.246142718432395,False,1.1746103764744475,1.36379756918177,1.2261380217969418,0.078125
136,3,0.001,1.8417339771986008,2.3663403689861298,1.0888509452342987,0.25,2.9305849373340607,0.13285150116255023,0.1049793865531683,0.11199569702148438,4.635916894812908e-08,9.791952493287681e-08,19.251597233642354,0.9972584039588192,34.312316877914704,False,1.2108758251415566,1.4115756344981492,1.224266866222024,0.078125
137,3,0.001,1.2780871167778969,1.850214570760727,0.8829255104064941,0.25,2.1610126458108425,0.10475465858869784,0.11685349512845278,0.08687384923299153,4.0564273717791366e-08,1.3671717624674784e-07,13.36236372286643,0.9972584039588192,34.37421339692314,False,1.2111190060386434,1.4002611548639834,1.225373411551118,0.078125
138,3,0.001,1.4324892163276672,1.4534847736358643,1.3652988076210022,0.0,2.797788053750992,0.13922791311752192,0.16242532804608345,0.07823983828226724,4.428956401625328e-08,1.101184921026288e-07,27.68551636974186,0.9972584039588192,34.43237408908187,False,1.2071478037396446,1.3992081903852522,1.2224551755934954,0.078125
139,3,0.001,1.1862605214118958,1.0263339430093765,1.5462209582328796,0.0,2.7324814200401306,0.0695989394000172,0.06689748214557767,0.10527324676513672,4.5117406699546336e-08,1.6177624218016717e-07,12.722686358849282,0.9972584039588192,34.486751271393466,False,1.1977618595119566,1.3959401962347329,1.2163372291252017,0.078125
140,3,0.001,1.6268762350082397,1.206320732831955,1.8068498969078064,0.0,3.4337260127067566,0.1418107176906823,0.1808954607695341,0.11814355850219727,5.3602789762408065e-08,1.843529275902256e-07,20.82036444636076,0.9972584039588192,34.538144640537055,False,1.2131457363720983,1.37401530938223,1.2536459947004914,0.078125
141,3,0.001,1.0584109425544739,1.1563983857631683,1.28830686211586,0.0,2.3467178344726562,0.10646179973657005,0.08420766424387693,0.09540208180745442,4.987749946394615e-08,1.2610280464286916e-07,18.473245579310586,0.9972584039588192,34.58642445060794,False,1.1913671938236803,1.3509089997969568,1.254973758943379,0.078125
142,3,0.001,1.0966266244649887,1.226886734366417,1.2560342252254486,0.0,2.352660834789276,0.10761179698302237,0.088533622212708,0.08849954605102539,6.395081442178707e-08,1.3442050317280518e-07,8.901652056418403,0.9972584039588192,34.63176338616243,False,1.199659957550466,1.3486274597235024,1.265548056922853,0.078125
143,3,0.001,0.8063845485448837,1.1272599250078201,1.0654189586639404,0.0,1.871803492307663,0.12050593842230047,0.13312792032957077,0.09832882881164551,4.967053612858763e-08,1.9820652141788742e-07,16.074118906316055,0.9972584039588192,34.675480340546926,False,1.1816548029892147,1.3560029692016542,1.2401673924177885,0.078125
144,3,0.001,3.4146804809570312,1.2167890667915344,3.5841857492923737,0.0,6.9988662004470825,0.15395880785104682,0.18148478958755732,0.07866660753885904,6.622738624173508e-08,1.4563288175395428e-07,56.47688205396413,0.9972584039588192,34.727479417598516,False,1.3129846793599427,1.327935531269759,1.3985079191625118,0.0625
145,4,0.001,1.4304613173007965,1.2452453076839447,1.5715103447437286,0.0,3.0019716322422028,0.17090447367011213,0.19378173630684614,0.08666316668192545,9.189049166025143e-08,1.6385803291996126e-07,13.87833855940536,0.9972584039588192,34.78865714946271,False,1.3429132443852723,1.351673970464617,1.404698045924306,0.0625
146,4,0.001,1.0517662465572357,2.077977865934372,0.472926527261734,0.5,1.5246928110718727,0.133717434513903,0.14643911365419626,0.12206021944681802,4.242691886702232e-08,1.493234123017828e-07,11.278041418327089,0.9972584039588192,34.85622810038508,False,1.3563461755402386,1.429540793877095,1.3473168928176165,0.09375
147,4,0.001,0.9704467207193375,2.0380042791366577,0.7213070690631866,0.25,1.691753812134266,0.20172604634601646,0.26405471190810204,0.15828863779703775,3.9943390817143154e-08,1.5114468965293781e-07,16.487307859209455,0.9972584039588192,34.928368764549695,False,1.3614716972224414,1.4432937647216022,1.355180762708187,0.078125
148,4,0.001,0.904978483915329,1.9227691441774368,0.8377324044704437,0.25,1.742710918188095,0.19982818660070514,0.2559812590479851,0.09664114316304524,4.2012995749018955e-08,1.5307612954984506e-07,20.494317794009174,0.9972581669605445,35.00363111765208,False,1.368583640549332,1.5132162473164499,1.3216970190405846,0.09375
149,4,0.001,0.9276787787675858,1.6789031028747559,0.7886282205581665,0.25,1.7163070440292358,0.16718794891163177,0.21280943416059017,0.07284975051879883,5.898376187474241e-08,1.1530097054901489e-07,10.051292483380836,0.9972584039588192,35.079081575383505,False,1.3390175974927843,1.5140665187500417,1.3008780889213085,0.109375
150,4,0.001,0.6729320734739304,0.6946921348571777,1.3645342290401459,0.0,2.037466287612915,0.15479844588137623,0.19959957525134087,0.12194673220316568,5.070534214723921e-08,1.0181871346048865e-07,13.522562186726953,0.9972584039588192,35.15348164621815,False,1.2923694741912186,1.4558377652429044,1.3124587181955576,0.109375
151,4,0.001,0.8359246999025345,1.2953964471817017,0.9268225729465485,0.0,1.762747347354889,0.15381363783628182,0.17015126161277294,0.08992417653401692,4.615220916548424e-08,1.1191009718913847e-07,7.915574760325796,0.9972584039588192,35.225995464340905,False,1.2834836239926517,1.47393854893744,1.2854720801115036,0.109375
152,4,0.001,0.8674536384642124,1.721442088484764,0.7588043957948685,0.25,1.6262580882757902,0.14337320256570435,0.14856834337115288,0.09941093126932779,5.794895940880451e-08,1.2657093861889734e-07,28.180527443764493,0.9972581669605445,35.29624810991421,False,1.2225911028217524,1.4336324064061046,1.2648441707715392,0.109375
153,4,0.001,1.5107517391443253,2.643150717020035,0.7269091904163361,0.25,2.2376608848571777,0.1324857688685264,0.13251140527427197,0.10442471504211426,4.822181409736004e-08,8.30940365403876e-08,19.836483177198215,0.9972584039588192,35.36350610461462,False,1.2371326417196542,1.4831909155473113,1.2550931507721543,0.109375
154,4,0.001,1.1113870367407799,2.3557353019714355,0.30742746591567993,0.25,1.4188145324587822,0.11948878814101568,0.12801249884068966,0.10945669809977213,4.0978193283081055e-08,1.2755026546074077e-07,10.56372670047582,0.9972581669605445,35.42735038249844,False,1.2170637554954737,1.5395815735682845,1.1889761919155717,0.125
155,4,0.001,1.9544785022735596,1.7189322710037231,1.6218405961990356,0.0,3.57631915807724,0.16895104937464836,0.20461862906813622,0.10093633333841959,4.677308851341877e-08,1.2419197048529895e-07,34.444796054963334,0.9972584039588192,35.490525092635046,False,1.2650773792993277,1.5828689690679312,1.1937024192884564,0.125
156,4,0.001,1.1012231260538101,0.9436224214732647,1.5438951253890991,0.0,2.645118236541748,0.11789963330664265,0.1371640209108591,0.1277183691660563,8.568167686462402e-08,1.2977592689367157e-07,8.837420081081424,0.9972581669605445,35.55368752553316,False,1.2322240599896759,1.566450324608013,1.1772677460685372,0.125
157,4,0.001,0.9325670823454857,1.0098125040531158,1.3090489208698273,0.0,2.241616040468216,0.0992239614849646,0.09164810366928577,0.09896310170491536,3.725290298461914e-08,1.5091026739355584e-07,14.269119421495702,0.9972584039588192,35.61672903476842,False,1.2243588187266141,1.5572887070011348,1.1785641247406602,0.125
158,4,0.001,1.408651202917099,1.1484370455145836,1.646508514881134,0.0,3.055159717798233,0.0854548710060529,0.08921398129314184,0.11605485280354816,3.580418095339155e-08,8.515435467870702e-08,8.877953658999003,0.9972584039588192,35.67817340118288,False,1.243860354879871,1.5523856014478952,1.2029687678441405,0.125
159,4,0.001,0.8364212960004807,1.2192258834838867,1.0034897923469543,0.0,1.8399111032485962,0.15147802426477314,0.18831087835133076,0.07616384824117024,3.6425060301326084e-08,1.754999914282962e-07,12.081954220835826,0.9972584039588192,35.73754292432991,False,1.2457376515958458,1.5581334738526493,1.199098194949329,0.125
160,4,0.001,1.49839648604393,1.9431344270706177,0.9713158011436462,0.25,2.469712346792221,0.13082777773830181,0.13914691470563412,0.10027043024698892,4.2012995749018955e-08,1.5483520598991163e-07,23.745209289687747,0.9972584039588192,35.79532966611258,False,1.125969901913777,1.603530058870092,1.0357938231900334,0.140625
161,4,0.001,1.2343081831932068,1.076132670044899,1.544469952583313,0.0,2.7787781357765198,0.0706735728010671,0.05658052582293749,0.10767698287963867,4.242691886702232e-08,1.055283291861997e-07,6.854321906066374,0.9972584039588192,35.85126077594456,False,1.1137103310320526,1.5929605190176517,1.0341037986800075,0.140625
162,4,0.001,1.3211132884025574,1.6926285922527313,1.01477912068367,0.0,2.335892379283905,0.13900336933077767,0.14152794424444437,0.1182562510172526,6.250209594327316e-08,1.0968489760898592e-07,11.73269353739758,0.9972584039588192,35.90508566314043,False,1.1305445211473852,1.5688761894125491,1.0679695857688785,0.109375
163,4,0.001,1.22450502961874,1.1335282251238823,1.4772711992263794,0.0,2.7017762064933777,0.12586060875057672,0.13692766427993774,0.09650643666585286,5.587935447692871e-08,1.2879316102498706e-07,26.915520577856174,0.9972584039588192,35.95624094595434,False,1.146423165453598,1.5123464360367507,1.115217343904078,0.09375
164,4,0.001,1.3923406302928925,1.6434470117092133,1.135187953710556,0.0,2.527528554201126,0.14985549735185383,0.15298862382769585,0.11294078826904297,4.11851530657259e-08,1.035031331753089e-07,8.165474312971782,0.9972584039588192,36.00534404345354,False,1.1768832996021956,1.4948888027574867,1.133808315731585,0.078125
165,4,0.001,1.3073672950267792,1.999119907617569,0.7033120691776276,0.25,2.010679394006729,0.13759458303831903,0.13512778468430042,0.10916535059611002,4.9049656780653095e-08,1.4095604683461715e-07,16.7030395341942,0.9972584039588192,36.05138656039016,False,1.2006138318683952,1.5149023530539125,1.1284760562703013,0.078125
166,4,0.001,1.1350194811820984,1.2020467668771744,1.3192670941352844,0.0,2.454286575317383,0.2006934072047434,0.1967691406607628,0.12058440844217935,6.208816927255612e-08,1.5703331257554964e-07,12.467748427867472,0.9972584039588192,36.09542502967092,False,1.2294942948501557,1.5466120175551623,1.1256468603387475,0.078125
167,4,0.001,2.0567551404237747,1.0971667170524597,2.345882683992386,0.0,4.402637988328934,0.20957250092973095,0.2751830630004406,0.088425079981486,4.3047798214956856e-08,1.829025819688468e-07,36.844201945393415,0.9972584039588192,36.14323657571757,False,1.3057961973827332,1.5342226594220847,1.2143381172791123,0.078125
168,4,0.001,0.774562157690525,1.4064178876578808,1.0354009866714478,0.25,1.8099632114171982,0.16161068554070598,0.16423611622303724,0.10411715507507324,3.932250791649494e-08,1.0821261042792685e-07,10.348952756164865,0.9972584039588192,36.19556206393218,False,1.2999904798343778,1.5145336468704045,1.2316254042088985,0.078125
169,4,0.001,1.2600935250520706,1.3329693377017975,1.313418596982956,0.0,2.5735409557819366,0.2430222220062499,0.30219887383282185,0.08581876754760741,4.180603596637411e-08,1.0943082884296018e-07,21.438651498001477,0.9972584039588192,36.25139839109669,False,1.2843243414536119,1.4326473106630147,1.2682822421193123,0.0625
170,4,0.001,0.7936899587512016,1.5292952060699463,0.9363534152507782,0.25,1.7300434559583664,0.21740344305706938,0.2515601459890604,0.10543767611185709,6.51925802230835e-08,1.5085529980751744e-07,10.276213886574462,0.9972584039588192,36.30966980665563,False,1.2644682740792632,1.3809948046691716,1.307590113952756,0.0625
171,4,0.001,0.8621513843536377,1.4609123393893242,1.027060627937317,0.25,1.8892534971237183,0.16288938251150054,0.1676421109586954,0.11263449986775714,4.284083843231201e-08,1.135712253130805e-07,9.818075018114591,0.9972584039588192,36.36922932298149,False,1.196197829209268,1.3648685589432716,1.2704163659363985,0.078125
172,4,0.001,1.26159106194973,1.8656067252159119,0.9112582802772522,0.25,2.1728493869304657,0.23459629664691745,0.3031251057982445,0.1442764600118001,7.802413648505535e-08,1.1642154618130007e-07,10.295894299124717,0.9972584039588192,36.42984372192663,False,1.206220825202763,1.422492577927187,1.230876563116908,0.09375
173,4,0.001,0.9991220682859421,1.1671402305364609,1.2182762026786804,0.0,2.217398315668106,0.20410006543148887,0.2272954136133194,0.10422722498575845,6.684826558966961e-08,1.4619814692196087e-07,11.141887675416822,0.9972584039588192,36.490076651721104,False,1.2103805118240416,1.4323255608323961,1.2252032682299614,0.09375
174,4,0.001,0.4384062886238098,1.2644844925962389,1.0705349147319794,0.25,1.5089412359520793,0.11025009021169933,0.13192768953740597,0.09551151593526204,3.7459862767263985e-08,1.26612221151845e-07,22.052450795869213,0.9972584039588192,36.549701729609076,False,1.149740204680711,1.4395785262749996,1.1892049182206392,0.109375
175,4,0.001,1.0505326092243195,2.101353406906128,0.5284313559532166,0.25,1.578964039683342,0.2193446596486413,0.2760853096842766,0.10308146476745605,8.982088672837563e-08,2.722468934734934e-07,11.69886297115484,0.9972584039588192,36.60826926653508,False,1.163122161757201,1.4947114964888897,1.1595137659460306,0.125
176,4,0.001,1.663039743900299,1.9804834127426147,1.0688506364822388,0.0,2.7318904399871826,0.206577247923876,0.2583138542249799,0.12349359194437662,5.0084459246590995e-08,1.9614431323589088e-07,25.007042565831526,0.9972584039588192,36.66708708011651,False,1.173412365373224,1.4970458080933895,1.1656096931546926,0.109375
177,4,0.001,1.2645166218280792,1.4409150332212448,1.3885559737682343,0.25,2.6530726104974747,0.14517282019333763,0.15212048776447773,0.09244068463643391,6.767610472024899e-08,2.127650020611327e-07,24.80655405672577,0.9972584039588192,36.72835222407843,False,1.1753003927879035,1.519844705791911,1.1558650694787502,0.125
178,4,0.001,0.9771068692207336,1.598979413509369,0.7644217908382416,0.0,1.74152871966362,0.16140396000274354,0.17857816629111767,0.11428753534952799,7.36779668386589e-08,1.1451565740117076e-07,8.982933861318232,0.9972584039588192,36.7906020501971,False,1.1537999915890396,1.513991632120451,1.140217736363411,0.125
179,4,0.001,0.6160474829375744,1.5369242280721664,0.6289106607437134,0.5,1.2449582070112228,0.16051680213307734,0.18070714082568884,0.1302494208017985,5.9190725210100936e-08,1.7465845303377137e-07,11.716416315111621,0.9972584039588192,36.85285831379186,False,1.1157713949214667,1.5392038823047187,1.0871952027082443,0.15625
180,4,0.001,1.5876107513904572,1.6515993922948837,1.3223057687282562,0.0,2.909933418035507,0.2740459088692891,0.36727674305438995,0.143417755762736,5.0498378811880684e-08,1.503930917579055e-07,28.837377592504183,0.9972584039588192,36.913501624504015,False,1.1279757774900645,1.5397134060913231,1.0988900661468506,0.15625
181,5,0.001,0.798741277307272,1.539980560541153,0.6781752109527588,0.25,1.476941466331482,0.14673465476210146,0.17310943081974983,0.09068719546000162,5.650023737757692e-08,2.535922760671383e-07,11.311049809938032,0.9972584039588192,36.97544782839879,False,1.0961866513825953,1.5110171968990471,1.0973190125077963,0.15625
182,5,0.001,0.5657143518328667,0.9281624937430024,1.023846223950386,0.0,1.5895605683326721,0.1427085431491224,0.14473997242748737,0.09818283716837564,5.877680209209757e-08,2.2397182419808814e-07,13.672181737710925,0.9972584039588192,37.0378960610649,False,1.0606050807982683,1.4938994298281614,1.0788552081212401,0.15625
183,5,0.001,1.913513332605362,1.8812870979309082,1.4185206592082977,0.0,3.3320342302322388,0.18288981602133358,0.20174020901322365,0.10948801040649414,6.022552412332516e-08,1.1232478414058278e-07,12.14222332755012,0.9972584039588192,37.099729260802405,False,1.0516524678096175,1.5429069536330644,1.0208950815722346,0.15625
184,5,0.001,1.1015766523778439,1.4023891389369965,1.0854818671941757,0.0,2.187118321657181,0.27247583855637814,0.35950238816440105,0.17276954650878906,3.373457246880207e-08,1.2571283036777459e-07,5.469327754879599,0.9972584039588192,37.160894993006316,False,1.072090873727575,1.5426551568380091,1.0240251366049051,0.140625
185,5,0.001,2.0897697508335114,0.7978652697056532,2.6781987249851227,0.0,4.767968386411667,0.18371421271310195,0.24971828050911427,0.08423113822937012,3.269977000286417e-08,1.315383286737415e-07,37.5107220271986,0.9972584039588192,37.22442861375953,False,1.123945637838915,1.5092111525882501,1.1093238946050406,0.140625
186,5,0.001,1.3007512763142586,1.3842689990997314,1.3027766346931458,0.0,2.6035279631614685,0.18978441560343437,0.2390544656664133,0.11209297180175781,5.877680209209757e-08,1.7911905558776198e-07,32.27480837197317,0.9972584039588192,37.290633699005234,False,1.155636970186606,1.5001470146526117,1.1322253458201885,0.125
187,5,0.001,0.6111817806959152,1.5140689760446548,0.7245960235595703,0.25,1.3357778489589691,0.17052840569346542,0.1467899065464735,0.09474786122639973,6.705522537231445e-08,2.6063941049869754e-07,19.411948605726213,0.9972584039588192,37.35880411083461,False,1.1399513699579984,1.5034693044435699,1.1133213080465794,0.125
188,5,0.001,1.0333379656076431,2.9778371155261993,0.3878604471683502,0.5,1.4211984723806381,0.11775820735387671,0.1276340689510107,0.09847863515218098,4.3047798214956856e-08,1.443252131139161e-07,8.476593020304547,0.9972584039588192,37.42714164606049,False,1.125685551436618,1.5729837038379628,1.080608943477273,0.140625
189,5,0.001,0.7839173376560211,0.7769478335976601,1.3932639062404633,0.0,2.177181303501129,0.14608901017817288,0.15538873709738255,0.08616550763448079,9.251137811361332e-08,2.78690492905298e-07,11.897919495711935,0.9972584039588192,37.49394085783193,False,1.112235255772248,1.5485966790292878,1.0915456749498844,0.140625
190,5,0.001,1.3813482969999313,2.4127755761146545,0.4490426182746887,0.5,1.8303909301757812,0.15748045553439763,0.1087926821783185,0.11158339182535806,6.167424970726643e-08,1.8243179056298686e-07,18.10092403469168,0.9972584039588192,37.558825941000165,False,1.1711691312957555,1.6203648717491888,1.0527024064213037,0.15625
191,5,0.001,1.1442634761333466,2.074793368577957,0.5755355656147003,0.25,1.7197990715503693,0.11874229582366645,0.13417575135827065,0.09736132621765137,6.043249101139736e-08,2.765631563761417e-07,9.559117610794027,0.9972584039588192,37.621438173386586,False,1.1770273104775697,1.618704869353678,1.0556464195251465,0.15625
192,5,0.001,1.2443558648228645,2.0798534750938416,0.8080493211746216,0.25,2.05240523442626,0.14220850433254156,0.14650997146964073,0.10849372545878092,1.0016891849318199e-07,1.9683061225350684e-07,9.821628005121013,0.9972584039588192,37.68134610129748,False,1.15085956803523,1.6249154982506298,1.0393463373184204,0.171875
193,5,0.001,1.2448279187083244,1.786989614367485,0.844132661819458,0.0,2.088960587978363,0.17757674921933808,0.15259248670190573,0.09555371602376302,7.14013950187109e-08,1.524305872635523e-07,12.36859476159893,0.9972584039588192,37.73809317990106,False,1.1496290240902454,1.6465451595722698,1.005319880321622,0.15625
194,5,0.001,0.9596609771251678,1.0116623938083649,1.3342928886413574,0.0,2.293953835964203,0.11843333136546995,0.1207562917843461,0.10806258519490558,8.092158765293789e-08,2.668320746579411e-07,23.773148710125344,0.9972584039588192,37.792243425271714,False,1.1485386558342725,1.609837845840957,1.0409368239343166,0.15625
195,5,0.001,0.9467202723026276,1.3292225301265717,1.0037921369075775,0.0,1.9505124390125275,0.12954266611226734,0.12918585538864136,0.08414181073506673,5.774199962615967e-08,1.5822752175154164e-07,25.22912716333354,0.9972584039588192,37.844179297277364,False,1.1692057051695883,1.5968564897193573,1.0643669161945581,0.125
196,5,0.001,1.047608032822609,1.7371235489845276,0.970335066318512,0.25,2.017943114042282,0.12709736450782266,0.09559343289583921,0.10378805796305338,7.491972553452797e-08,1.8692028902478341e-07,43.432679793737,0.9972584039588192,37.89411133734731,False,1.1354555352590978,1.60220174951246,1.0423687472939491,0.140625
197,5,0.001,0.9577642977237701,0.9893371537327766,1.354721486568451,0.0,2.312485784292221,0.13084889312664114,0.12056572921574116,0.10277104377746582,1.0741253930746097e-07,4.687342993747734e-07,28.575582348210403,0.9972584039588192,37.94256584157252,False,1.145394474035129,1.5677865365869366,1.0846528895199299,0.125
198,5,0.001,1.046359807252884,1.5113212913274765,0.9655967652797699,0.25,2.0119566321372986,0.19992791988528763,0.13305487856268883,0.11270650227864583,1.3618006278193207e-07,1.445706772074118e-07,9.72579790666713,0.9972584039588192,37.98931623876882,False,1.17543481499888,1.6042339614359662,1.0810122983530164,0.140625
199,5,0.001,0.9485602974891663,0.8199705854058266,1.5148840248584747,0.0,2.4634443521499634,0.16778364794867623,0.14102839305996895,0.10122537612915039,5.380974954505291e-08,1.2880482813670824e-07,19.593250046665574,0.9972584039588192,38.03566428011626,False,1.1151252503041178,1.5379016794031486,1.0870350087061524,0.140625
200,5,0.001,1.4009569138288498,2.703600987792015,0.6239171028137207,0.25,2.0248740315437317,0.16792357665118998,0.1396162137389183,0.12239034970601398,6.022552412332516e-08,1.4017885519024276e-07,37.783096468327415,0.9972584039588192,38.08151691077004,False,1.1338365166448057,1.6192274199565873,1.058187210932374,0.15625
201,5,0.001,0.6971960887312889,2.181584060192108,0.25262898206710815,0.5,0.9498251415789127,0.11281527802351612,0.09415735676884651,0.10217634836832681,6.871091073890057e-08,2.6979552103512106e-07,5.6729743075274675,0.9972584039588192,38.126983143928605,False,1.0468006627634168,1.7057098443619907,0.9065891019999981,0.1875
202,5,0.001,0.8728296719491482,1.770111858844757,0.6020434200763702,0.25,1.4748731553554535,0.18848155326095836,0.17071484867483377,0.13104534149169922,6.167424970726643e-08,1.8312204019821365e-07,15.76123998445751,0.9972584039588192,38.17155324019344,False,1.0200555624905974,1.7298250230960548,0.8627932760864496,0.203125
203,5,0.001,0.9566902816295624,2.284471459686756,0.9276433885097504,0.5,1.884333685040474,0.10589077866345298,0.10358262620866299,0.10611756642659505,7.098747545342121e-08,1.9006594698112167e-07,55.03475171128382,0.9972470280416359,38.216345085387935,False,1.0416498437989503,1.7779751783236861,0.8754837363958359,0.21875
204,5,0.001,1.5943172872066498,1.2662194520235062,1.7143921852111816,0.0,3.308709502220154,0.1347433909315089,0.10509890411049128,0.09346199035644531,7.078051567077637e-08,2.8103642080168356e-07,26.259857668728074,0.9972470280416359,38.26064868621077,False,1.0767110513988882,1.6709990743547678,0.9583919700235128,0.1875
205,5,0.001,0.8801436349749565,1.1489466056227684,1.117491364479065,0.0,1.9976349771022797,0.12967521411070443,0.09843812137842178,0.11294976870218912,4.9463576345942784e-08,1.8001306045789534e-07,19.942357812137903,0.9972470280416359,38.30536837616216,False,1.0827251949813217,1.694248997606337,0.9411561861634254,0.1875
206,5,0.001,1.440662756562233,1.1387782245874405,1.6881788671016693,0.0,3.1288416981697083,0.1346780033589031,0.12492989376187325,0.09575565656026204,5.7121116725511456e-08,2.2015325384927564e-07,32.619195526032016,0.9972470280416359,38.34955863290745,False,1.0864323487039655,1.6146241631358862,1.0186022017151117,0.15625
207,5,0.001,1.412761628627777,1.80614073574543,1.2816584706306458,0.25,2.6944200545549393,0.1156139814909014,0.08474594494327903,0.0987714131673177,7.243620103736248e-08,1.507284110857654e-07,22.826770341851088,0.9972470280416359,38.39244774364643,False,1.1032134832348675,1.5978333735838532,1.0627348832786083,0.15625
208,5,0.001,0.929519809782505,1.3082744479179382,1.0075397193431854,0.0,1.937059536576271,0.15321607188574898,0.1591415349394083,0.1236127217610677,6.891787052154541e-08,1.1886437789598858e-07,75.82769649055287,0.9972467910433612,38.43645060214277,False,1.083536229794845,1.5496096843853593,1.0752030331641436,0.140625
209,5,0.001,0.9142621979117393,1.144645169377327,1.1559113711118698,0.0,2.0701735615730286,0.13264701188274575,0.10699289105832577,0.10167781511942545,8.982088672837563e-08,2.3196886900223035e-07,12.588082500311984,0.9972470280416359,38.484373482143695,False,1.0628758722450584,1.5094631565734744,1.0946892024949193,0.140625
210,5,0.001,1.427091434597969,1.2487130612134933,1.5646727085113525,0.0,2.9917640686035156,0.10438889090981515,0.08200567029416561,0.10789831479390462,9.002784651102047e-08,2.79909102118836e-07,8.942058268589173,0.9972470280416359,38.534197478992596,False,1.0920902758371085,1.524278823286295,1.109087941236794,0.140625
211,5,0.001,0.7995967082679272,1.3753930479288101,0.928349107503891,0.25,1.72794583812356,0.19470825045686707,0.1322808638215065,0.09961358706156412,7.926590228635177e-08,2.0085472840492002e-07,11.52976294914879,0.9972470280416359,38.58488638867266,False,1.0828950530849397,1.5271644806489348,1.1043727518990636,0.15625
212,5,0.001,0.6913749948143959,1.144842490553856,0.9328269362449646,0.0,1.6242019534111023,0.10074831757000764,0.08074639923870564,0.11170601844787598,7.57475717705347e-08,1.9347879742781515e-07,7.423851256590655,0.9972470280416359,38.635001645680184,False,1.0606304882094264,1.4901469144970179,1.1020284937694669,0.140625
213,5,0.001,1.7391227185726166,2.001123696565628,1.1242933571338654,0.0,2.863416165113449,0.21639380601087277,0.16325905732810497,0.11286234855651855,5.670719716022177e-08,2.0748257156810723e-07,18.510039259654324,0.9972242762072692,38.68424859115951,False,1.1094653895124793,1.553383573424071,1.0876267356798053,0.140625
214,5,0.001,0.8083098530769348,1.157422497868538,1.037181705236435,0.0,1.845491647720337,0.15393483500007657,0.09932507760822773,0.10934988657633463,7.947286206899662e-08,4.889657247986179e-07,13.895333778542689,0.9972129002900859,38.733423975633855,False,1.0945872673764825,1.5312648988328874,1.0921007944270968,0.125
215,5,0.001,0.5053016059100628,1.023899182677269,0.8711478412151337,0.25,1.3764494992792606,0.1866085916191405,0.133436419069767,0.0831458568572998,7.078051567077637e-08,2.2995409665327315e-07,10.189246459411885,0.9972126632918112,38.78148691465494,False,1.0668835991527885,1.5440104361623526,1.051867282949388,0.140625
216,5,0.001,0.9284653961658478,1.7112877666950226,0.6100926101207733,0.25,1.538558006286621,0.16009324087805032,0.11872745677828789,0.1236567497253418,8.940696716308594e-08,2.62456921973353e-07,10.30306101033944,0.9972129002900859,38.82804545828533,False,1.037352879298851,1.4819908598437905,1.0510032521560788,0.140625
217,6,0.001,1.078759804368019,1.2882537096738815,1.1768005192279816,0.0,2.2555603682994843,0.20309865368921978,0.1583241205662489,0.10835822423299153,6.891787052154541e-08,1.853019568898162e-07,18.743043013415356,0.9972129002900859,38.872865918070644,False,1.0612006115261465,1.4261577129364014,1.1087639732286334,0.109375
218,6,0.001,0.7151308059692383,1.16038079559803,0.9410444498062134,0.0,1.656175285577774,0.1833604169397048,0.1544852964580059,0.1147458553314209,8.112854743558273e-08,2.7072141506323533e-07,7.087475800342954,0.9972129002900859,38.9163853301654,False,1.0513444324024022,1.388049521483481,1.1299515375867486,0.09375
219,6,0.001,1.310957059264183,1.8718308508396149,1.0073745548725128,0.25,2.3183315992355347,0.16248649977505117,0.1252208948135376,0.11298123995463052,5.774199962615967e-08,2.0552025148390385e-07,11.184099785890105,0.9972129002900859,38.9580281339122,False,1.073486106004566,1.3622594834305346,1.1349347354844213,0.078125
220,6,0.001,1.0937501788139343,1.1680147647857666,1.312029778957367,0.0,2.4057799875736237,0.20551277493652526,0.1469239667057991,0.10031477610270181,1.038942087916439e-07,2.22673335770196e-07,16.52378046209991,0.9972015243729025,38.99813212627408,False,1.0422006617300212,1.3561216904781759,1.1097870850935578,0.078125
221,6,0.001,0.9031027257442474,2.320854067802429,0.4543291926383972,0.5,1.3574320077896118,0.16872004914817973,0.12725693825632334,0.10831562678019205,4.5117406699546336e-08,2.4784077368167345e-07,12.78748236463837,0.9972015243729025,39.035950210149714,False,1.043635604903102,1.4293659068644047,1.068339449353516,0.109375
222,6,0.001,0.49216631799936295,1.2425050549209118,0.7802672386169434,0.25,1.2724336348474026,0.17547258892934928,0.149772297590971,0.09189875920613606,6.746914493760414e-08,1.917710648058346e-07,12.45866466180331,0.9972015243729025,39.07228929540829,False,0.9843545774929225,1.4358488337602466,1.0115949725732207,0.125
223,6,0.001,0.8174105323851109,1.3777786791324615,0.9890891313552856,0.25,1.8064997121691704,0.21408513987161715,0.1562223955988884,0.10447470347086588,7.78171767024105e-08,3.1774959552421933e-07,9.381837750943442,0.9972015243729025,39.10725051584298,False,0.9471451339777559,1.409076205221936,0.9933093888685107,0.125
224,6,0.001,1.1987903863191605,1.9210000187158585,0.8268227577209473,0.25,2.0256132185459137,0.2311518225774601,0.24306736141443253,0.12926546732584634,1.2086498202279472e-07,2.0729616778680793e-07,19.43373997549506,0.9972015243729025,39.14136405412969,False,0.9639745450112969,1.4473715533968061,0.9820145787671208,0.140625
225,6,0.001,1.0443733483552933,1.95930814743042,0.5725868344306946,0.25,1.6169602274894714,0.19522180751259116,0.1620433609932661,0.09071604410807291,1.0554989415823002e-07,2.4921837393776514e-07,43.8446404307337,0.9972015243729025,39.17475520782644,False,0.972106491914019,1.4982879895251244,0.9455567952245474,0.15625
226,6,0.001,0.4110754020512104,2.449345886707306,0.15379315614700317,0.75,0.5648686443455517,0.2063838262690026,0.1586791705340147,0.1070268154144287,6.912483030419025e-08,3.0602728884332464e-07,21.380488000417593,0.9972015243729025,39.210555176918426,False,0.9086054898798466,1.5733275411184877,0.8573768232017756,0.203125
227,6,0.001,1.3930419385433197,2.0142418891191483,1.0555635392665863,0.25,2.4486055076122284,0.168008508303192,0.1549745537340641,0.10670113563537598,5.836288252680788e-08,3.8219417319851345e-07,12.7423095102269,0.9972015243729025,39.247611074573335,False,0.9456958167720586,1.6132555936928838,0.865327725186944,0.203125
228,6,0.001,0.7220067977905273,1.8045272827148438,0.7013673782348633,0.5,1.4233742281794548,0.2180618485642214,0.16603084560483694,0.11148214340209961,7.491972553452797e-08,2.2991349624135182e-07,13.64576436937636,0.9972015243729025,39.284938253571724,False,0.9476103044580668,1.6544858932029456,0.8508615028113127,0.234375
229,6,0.001,0.7177256755530834,0.9928858652710915,1.1111341714859009,0.0,1.8288599699735641,0.18084188882929522,0.1702556237578392,0.10005386670430501,7.057355588813152e-08,4.845916805606976e-07,12.419268219689743,0.9972015243729025,39.32325280629524,False,0.883772989269346,1.591471028747037,0.8500390537083149,0.234375
230,6,0.001,2.461135722696781,1.5048549473285675,2.342575281858444,0.0,4.803711071610451,0.23276298297115128,0.17492789588868618,0.11086503664652506,5.5051511793635655e-08,2.553203444222163e-07,147.12833537249006,0.9972015243729025,39.37400429600408,False,0.9870746061205864,1.613185556838289,0.9316261522471905,0.234375
231,6,0.001,0.7474503219127655,1.3803187757730484,0.7534259557723999,0.0,1.5008763670921326,0.1752097627066234,0.132469292730093,0.12063550949096678,8.630255621255856e-08,2.2048044456823845e-07,30.450700820045093,0.9972015243729025,39.43777292097437,False,1.0022089008707553,1.6354617814067751,0.9242685344070196,0.21875
232,6,0.001,1.7706194519996643,2.256836414337158,1.0831198692321777,0.25,2.8537393510341644,0.15769398133328547,0.11942146718502045,0.09882728258768717,7.16083619067831e-08,2.2856235659673985e-07,21.398135973943425,0.9972015243729025,39.51096798636381,False,1.0548435293603688,1.6695585718844086,0.9538327381014824,0.21875
233,6,0.001,0.7843588553369045,2.068045198917389,0.5496957898139954,0.25,1.3340547382831573,0.2122272469330239,0.16368564032018185,0.08806475003560384,7.243620103736248e-08,3.060715414449078e-07,9.474057764310665,0.9972015243729025,39.58972323046979,False,1.0364434700459242,1.7182955399621278,0.9146386925131083,0.234375
234,6,0.001,1.26532281935215,1.5706387162208557,1.0809784829616547,0.0,2.346301406621933,0.197893443210596,0.1616713386029005,0.0814682642618815,5.0084459246590995e-08,1.5229473149247497e-07,16.377891812208887,0.9972015243729025,39.67160748802896,False,1.0708304708823562,1.7439366600010544,0.9233845695853233,0.234375
235,6,0.001,1.0224491581320763,1.5044211447238922,0.9043223261833191,0.0,1.9267715215682983,0.20903842625615518,0.17764220014214516,0.10068798065185547,1.0906822467404709e-07,1.8252384847983194e-07,17.318080726859083,0.9972015243729025,39.754605953716315,False,1.0527987270615995,1.7209735533688217,0.9169438052922487,0.21875
236,6,0.001,1.6561123877763748,2.1578210443258286,0.9389142394065857,0.25,2.5950266122817993,0.19678761896347458,0.16337140649557114,0.1347653071085612,5.629327759493208e-08,1.2511621605426626e-07,18.75104502593913,0.9972015243729025,39.83782504136075,False,1.087946365121752,1.7828364458400756,0.8936240840703249,0.234375
237,6,0.001,1.300855666399002,1.1609357297420502,1.5262143015861511,0.0,2.8270699977874756,0.14084349805717256,0.137127879075706,0.12712971369425455,7.057355588813152e-08,2.4076442173281976e-07,12.128938591545086,0.9972015243729025,39.91976437910768,False,1.1128059239126742,1.710341549711302,0.9606169033795595,0.203125
238,6,0.001,0.44732367619872093,0.9006686732172966,0.9329493343830109,0.0,1.380273088812828,0.1986780604206249,0.17029360309243202,0.09733955065409342,1.1920928955078125e-07,3.6332642139313975e-07,15.001376542940859,0.9972015243729025,39.99912138078661,False,1.110003258800134,1.688976775854826,0.9701595343649387,0.1875
239,6,0.001,1.1373381614685059,1.1178864873945713,1.405746042728424,0.0,2.5430843234062195,0.23237256926563166,0.21853620372712612,0.10866848627726236,7.285012060265217e-08,2.5773067591217114e-07,11.773086989442271,0.9971901484557193,40.07634433053294,False,1.1299987356178463,1.6727335138712078,0.9962005913257599,0.171875
240,6,0.001,1.2882915399968624,2.2527345903217793,1.0986734628677368,0.25,2.386965125799179,0.19128845482207052,0.20674073323607445,0.141084353129069,8.568167686462402e-08,2.3323420350607194e-07,11.578232379469855,0.9971787725385359,40.15071373607091,False,1.1355925577227026,1.6934669245965779,1.0131912603974342,0.171875
241,6,0.001,1.7618623301386833,1.5156485885381699,1.6325081288814545,0.0,3.3943706154823303,0.21206331168337772,0.22252453304827213,0.1094985802968343,4.718701163142214e-08,1.3759508021848887e-07,20.82171399886967,0.9971787725385359,40.224200729859696,False,1.1804356190841645,1.6657382021658123,1.0794363413006067,0.15625
242,6,0.001,0.6552586853504181,0.7190088629722595,1.322544202208519,0.0,1.977802962064743,0.15650596575417675,0.13082478567957878,0.10854331652323404,9.106265252967205e-08,4.784493512488552e-07,12.367462339225698,0.9971787725385359,40.29843619915794,False,1.195697074290365,1.5575921381823719,1.1524832816794515,0.109375
243,6,0.001,1.4511302709579468,2.2914876341819763,0.7238008975982666,0.25,2.174931287765503,0.20403856257442868,0.17819423973560333,0.12709418932596842,1.5729003166597977e-07,3.7908398553554434e-07,19.45570080469664,0.9971787725385359,40.37213628651152,False,1.1993275950662792,1.5749199972487986,1.1317481165751815,0.109375
244,6,0.001,1.08771251142025,1.2086192071437836,1.2653876543045044,0.0,2.353100299835205,0.23398270960970413,0.19680596515536308,0.12731568018595377,8.319815236745853e-08,2.3155766371019126e-07,13.950993545114462,0.9971787725385359,40.44429595332994,False,1.2221842021681368,1.5376757425256073,1.166999383829534,0.078125
245,6,0.001,1.2763693779706955,1.1380700543522835,1.586201161146164,0.25,2.862570583820343,0.25293573285178195,0.24020883813500404,0.0753031571706136,1.0141068429447841e-07,2.927577611444576e-07,28.942562061976066,0.9971787725385359,40.51463629146389,False,1.2570994335692376,1.5467497543431818,1.1966910706833005,0.09375
246,6,0.001,1.2408221811056137,2.5653493627905846,0.7064551413059235,0.25,1.9472774118185043,0.1914417906607221,0.17416603490710258,0.12716174125671387,9.313225746154785e-08,2.581712124083424e-07,23.80778533708582,0.9971787725385359,40.58370227431429,False,1.1808298372197896,1.613030655309558,1.094433561898768,0.109375
247,6,0.001,1.4193573594093323,1.43885038793087,1.3668013215065002,0.0,2.7861587703227997,0.23456786818966024,0.23724479973316193,0.08080744743347168,1.0472204792222328e-07,2.43230118712745e-07,24.98695036397039,0.9971787725385359,40.65217659331875,False,1.222824027063325,1.6166888810694218,1.1327695222571492,0.109375
248,6,0.001,1.4621147960424423,1.6282172799110413,1.2541598081588745,0.25,2.7162746489048004,0.2100542413152312,0.213808324187994,0.13970621426900226,1.647406122629036e-07,4.768822918777005e-07,26.73321784427866,0.9971787725385359,40.719373569634804,False,1.2035424860659987,1.5774001851677895,1.1434595184400678,0.109375
249,6,0.001,1.2266352325677872,1.8109674006700516,0.8019621670246124,0.0,2.028597518801689,0.22604824521098194,0.194728696718812,0.09403594334920247,1.2396938586789474e-07,4.538291591416055e-07,33.53195093993807,0.9971787725385359,40.78638924785522,False,1.2311847596429288,1.5613328227773309,1.1592261670157313,0.09375
250,6,0.001,1.4456060826778412,1.553724318742752,1.2781761586666107,0.0,2.7237822711467743,0.1750977368302371,0.15926716849207878,0.09139736493428548,9.892715269188557e-08,2.9059111739115906e-07,14.702432901982657,0.9971787725385359,40.85283763814021,False,1.2424524636007845,1.5602756729349494,1.171551021747291,0.09375
251,6,0.001,0.47292114794254303,1.982598900794983,0.11530911922454834,0.5,0.5882303714752197,0.19208643800059066,0.14143886230885983,0.09664432207743326,8.526775729933433e-08,3.6034936101714266e-07,12.380432186612223,0.9971787725385359,40.9169418530768,False,1.2081069629639387,1.5901617826893926,1.122237696312368,0.125
252,6,0.001,1.108219638466835,1.499864038079977,1.0247852504253387,0.25,2.1330049633979797,0.25628069003186205,0.2198692187666893,0.13028685251871744,8.775128179649982e-08,2.6173330525125493e-07,17.872435124524927,0.9971787725385359,40.97856552232938,False,1.1738636661320925,1.5490394697990268,1.12760463450104,0.125
253,7,0.001,0.6782854795455933,1.6388171538710594,0.5897484123706818,0.5,1.2680339142680168,0.1340103549771673,0.11568544991314411,0.0942081610361735,1.2748770927828446e-07,3.3524796094752674e-07,10.180486404547633,0.9971787725385359,41.03747475632511,False,1.1349530294537544,1.57890705880709,1.0690755164250731,0.15625
254,7,0.001,0.9503050372004509,1.7575942277908325,0.6536390781402588,0.25,1.603944182395935,0.12376913038383137,0.10936030931770802,0.1068425973256429,9.106265252967205e-08,2.808494912187598e-07,26.00298000269073,0.9971787725385359,41.09345283042565,False,1.1663893645163625,1.632464905967936,1.0516186254099011,0.171875
255,7,0.001,1.0337764024734497,1.5122283697128296,0.9078423976898193,0.0,1.9416188895702362,0.1394411668856387,0.10101314075291157,0.10475405057271321,1.7881393432617188e-07,3.5484055160850403e-07,20.755307706837094,0.9971787725385359,41.14736996198955,False,1.1599167545791715,1.657111273612827,1.0204996475949883,0.171875
256,7,0.001,1.1744506359100342,2.953096568584442,0.47775691747665405,0.5,1.6522076725959778,0.21074140430821842,0.18022919073700905,0.10951066017150879,9.189049166025143e-08,3.8396638046833687e-07,18.996949025916777,0.9971787725385359,41.19855271906621,False,1.1528016980737448,1.7008838972542435,0.9816923635080457,0.1875
257,7,0.001,1.4152242094278336,1.963179886341095,0.8383386731147766,0.0,2.253562957048416,0.2218363364603607,0.23956168070435524,0.08402403195699056,9.147657209496174e-08,1.9803653117378417e-07,18.788461652005275,0.9971787725385359,41.24755661716847,False,1.1311368155293167,1.7288546033669263,0.9320567725226283,0.1875
258,7,0.001,0.36388229951262474,1.174228485673666,0.8190087527036667,0.25,1.182891109958291,0.1447130294616988,0.13106884248554707,0.10883951187133789,7.285012060265217e-08,2.5140320758509915e-07,5.677364019782567,0.9971787725385359,41.29372471162001,False,1.1129257914144546,1.7573058297857642,0.900585806928575,0.203125
259,7,0.001,0.6117447540163994,1.7705338448286057,0.5217896699905396,0.5,1.1335344761610031,0.19008507302013664,0.16791117191314697,0.13007259368896484,1.3079908001145668e-07,3.3412891298212344e-07,10.106887137222069,0.9971787725385359,41.337212795213205,False,1.0604641966056079,1.7247462179511786,0.8879601052030921,0.21875
260,7,0.001,1.2382435500621796,1.167090356349945,1.4574475586414337,0.0,2.695691227912903,0.2406327570657768,0.24777517281472683,0.10118881861368814,8.857912803250656e-08,3.253641693845566e-07,19.46743389033033,0.9971787725385359,41.379698167110696,False,1.0698723865207285,1.7221506647765636,0.8999638492241502,0.21875
261,7,0.001,0.9311364591121674,1.8530010282993317,0.5420831739902496,0.25,1.4732197523117065,0.23818823601965516,0.21709302812814713,0.09363929430643717,1.4570024120530434e-07,3.6735025332745863e-07,19.350194018972022,0.9971787725385359,41.42087650169418,False,1.0482953290920705,1.7668338506482542,0.8347064750269055,0.21875
262,7,0.001,1.0541695803403854,1.4329477846622467,1.0075161755084991,0.0,2.06168594956398,0.2937677212334554,0.2794518396258354,0.10646533966064453,9.851323312659588e-08,2.2089500362199033e-07,21.248174666542656,0.9971787725385359,41.46131097353455,False,1.0366295415442437,1.696058752015233,0.8535227896645665,0.203125
263,7,0.001,1.8457237482070923,1.2347463369369507,1.9972717761993408,0.0,3.842995524406433,0.17964466105835178,0.1322994101792574,0.1052414576212565,1.0761949909010582e-07,2.679973647445877e-07,18.68806450058092,0.9971787725385359,41.501605239079666,False,1.0632774408441037,1.683302248828113,0.892927193082869,0.203125
264,7,0.001,1.2196567952632904,1.9660360515117645,1.3792432844638824,0.25,2.598900116980076,0.17710452652380354,0.13261572644114494,0.1128713289896647,1.0513597459294033e-07,2.2197586702077388e-07,14.279192919843373,0.9971787725385359,41.541592575920276,False,1.0481238157954067,1.7044159220531583,0.900744910351932,0.203125
265,7,0.001,0.6204133629798889,1.0577465146780014,0.9489612132310867,0.0,1.569374680519104,0.1799873710467218,0.1714581660926342,0.1283588409423828,7.864501583298988e-08,1.7424622456019279e-07,16.13489455359751,0.9971787725385359,41.58036613163132,False,1.010234948946163,1.6573396166786551,0.9099323507398367,0.203125
266,7,0.001,1.065721109509468,3.402324140071869,0.08066850900650024,0.75,1.146389752626419,0.19384496496594428,0.17979824170470238,0.11610404650370279,1.10516943152561e-07,2.407296904038958e-07,9.580709885045497,0.9971787725385359,41.61782938042421,False,0.9864921381231397,1.772877105511725,0.8350881226360798,0.25
267,7,0.001,0.5144277364015579,1.3631964474916458,0.6146568655967712,0.5,1.1290847398340702,0.21355949913211583,0.22364532016217709,0.10893615086873372,1.1713968461890545e-07,4.680717040628224e-07,4.673383186103428,0.9971787725385359,41.65403069445552,False,0.9890862999018282,1.7341644521802664,0.8662973567843437,0.25
268,7,0.001,0.971588671207428,1.7736176401376724,0.7683392465114594,0.25,1.7399280220270157,0.201592774474831,0.23394878953695297,0.11632617314656574,1.6225709487116546e-07,2.497628770470328e-07,10.981020017291192,0.9971787725385359,41.68839017432324,False,0.9805468644481152,1.7512740523088723,0.8502694815397263,0.25
269,7,0.001,0.9216753840446472,1.517367608845234,1.0019010305404663,0.25,1.9235765933990479,0.266682485572634,0.26160312816500664,0.12174661954243977,1.477698532426075e-07,8.574305638830992e-07,33.087625177657664,0.9971787725385359,41.72315078947356,False,0.9957587334793061,1.7436834557447582,0.8760290201753378,0.234375
270,7,0.001,0.8884827103465796,2.3101547062397003,0.3533822298049927,0.5,1.2418650593608618,0.18217284670950623,0.16569370031356812,0.13045946756998697,8.940696716308594e-08,2.1189362087170593e-07,49.29672881298686,0.9971787725385359,41.75740848260492,False,0.9918948380509391,1.7782184856478125,0.8572629671543837,0.25
271,7,0.001,1.4053037613630295,1.462746500968933,1.3288516402244568,0.0,2.7341555655002594,0.25975782748660947,0.24367263913154602,0.09030000368754068,1.258320310171257e-07,5.180397693038685e-07,45.15414964655663,0.9971787725385359,41.79227503771881,False,1.0151152979815379,1.775125868851319,0.8835760448127985,0.25
272,7,0.001,1.365954577922821,2.328911632299423,0.5540981590747833,0.25,1.920052856206894,0.28894087827098114,0.2774938829243183,0.09744358062744139,5.877680209209757e-08,1.575319004132325e-07,93.03993252369274,0.9971787725385359,41.826311216019334,False,1.027084294357337,1.7361143103335053,0.8883473724126816,0.234375
273,7,0.001,1.4832670912146568,1.4019000232219696,1.5470466613769531,0.25,3.0303139314055443,0.19096034969867648,0.17132179997861385,0.09256410598754883,9.520186239342365e-08,2.3590344255808304e-07,38.3008564665439,0.9971787725385359,41.861505964725986,False,1.0313369744690135,1.70103431888856,0.9326416216790676,0.25
274,7,0.001,1.5673862099647522,2.3128574043512344,0.7390496134757996,0.5,2.306435853242874,0.22307225525773955,0.2539231162518263,0.13915467262268066,1.4818377280789718e-07,3.4266878401467693e-07,23.814186074048422,0.9971787725385359,41.8993751443158,False,1.1065559688722715,1.772198626305908,0.9276441754773259,0.265625
275,7,0.001,0.6730433600023389,1.8299552854150534,0.6431264281272888,0.25,1.3161699920892715,0.26213331972322124,0.21977633237838745,0.11017362276713052,1.523229826716488e-07,1.8348531227729836e-07,26.480255222628085,0.9971785355402613,41.93939003283703,False,1.1103871317463927,1.775912466342561,0.9352277228608727,0.25
276,7,0.001,1.3054234385490417,1.736246019601822,1.0256545841693878,0.25,2.3310780823230743,0.15209411463347974,0.15585432574152946,0.10304141044616699,1.2500419188654632e-07,2.3706621732344502e-07,8.03715898466877,0.9971787725385359,41.98023547071968,False,1.1145858747768216,1.8114846952958032,0.9082406619563699,0.265625
277,7,0.001,0.763174707069993,1.5548480153083801,0.9892086386680603,0.25,1.7523834528401494,0.229285976182886,0.2089749202132225,0.1207439104715983,1.043081283569336e-07,1.4747027421435632e-07,13.873622712904059,0.9971787725385359,42.02109632236665,False,1.1040882652741857,1.7928501319838688,0.936186003498733,0.265625
278,7,0.001,0.9805978238582611,1.39142207801342,1.0402459502220154,0.5,2.020859472453594,0.20953735268878615,0.24843480996787548,0.0972449779510498,7.61614913358244e-08,1.6722441387173603e-07,17.75051885835728,0.9971787725385359,42.061103454124705,False,1.099490030494053,1.7902547753183171,0.9382316144183278,0.296875
279,7,0.001,1.2636662870645523,1.729093611240387,0.9208670258522034,0.0,2.1845334470272064,0.22117263529477946,0.23019453138113022,0.10677790641784667,9.809931356130619e-08,1.478682918332197e-07,21.78253156286604,0.9971787725385359,42.10169121989689,False,1.0631114391726442,1.8211514799622819,0.8709563175216317,0.296875
280,7,0.001,0.4827308841049671,2.527501106262207,0.0,1.0,0.4827783964574337,0.2781885234183975,0.32164089754223824,0.10558509826660156,1.9288725638944015e-07,7.192827524704626e-07,4.520333603717312,0.9971787725385359,42.14251385934806,False,1.017053569725249,1.8562430458841845,0.7847536122426391,0.34375
281,7,0.001,1.2862518765032291,2.210858404636383,0.9190430045127869,0.5,2.2052967734634876,0.21439703100088703,0.2074874434620142,0.1307708422342936,4.0564273717791366e-08,2.0383687626690516e-07,24.603322507062483,0.9971787725385359,42.18366628191934,False,1.0586684768204577,1.9283125390065834,0.7828837241977453,0.375
282,7,0.001,1.7345974743366241,1.3467416167259216,1.852002114057541,0.25,3.586758404970169,0.31992664458862696,0.4059752747416496,0.10888608296712239,6.891787052154541e-08,1.908409359430152e-07,30.839508958475395,0.9971787725385359,42.22763891862478,False,1.100473249622155,1.7998386312974617,0.8935920745134354,0.34375
283,7,0.001,1.0784501358866692,0.7521238029003143,1.712620735168457,0.0,2.791183352470398,0.194719052568953,0.20310844387859106,0.09538022677103677,7.967982185164146e-08,2.5906371092787595e-07,25.849339091403017,0.9971787725385359,42.279542887435994,False,1.1357246495899744,1.7616465910105035,0.9622148163616657,0.3125
284,7,0.001,1.9308319985866547,2.0919190645217896,1.2445005774497986,0.25,3.1754341274499893,0.26078621438830146,0.28158952482044697,0.10634096463521321,1.423888704721321e-07,3.5141721355103073e-07,64.08138910190853,0.9971787725385359,42.33587037346631,False,1.195677357551176,1.7815404300345108,0.9919748995453119,0.3125
285,7,0.001,2.9918865859508514,1.9636011123657227,2.4145798087120056,0.0,5.406796336174011,0.33680208161019815,0.4118403345346451,0.11057583491007486,1.2045104824665032e-07,3.183361343417346e-07,45.09348378017874,0.9971787725385359,42.40293290767438,False,1.3250655576703139,1.8094300240045413,1.0802673231810331,0.296875
286,7,0.001,0.8590768724679947,2.2545264810323715,0.5778470188379288,0.25,1.436924010515213,0.2101803237612282,0.19541722163558006,0.12381958961486816,8.506079751668949e-08,2.594194370431069e-07,14.619952681068867,0.9971787725385359,42.47958524139754,False,1.3232276928029023,1.8059532599290833,1.0942963724955916,0.28125
287,7,0.001,3.3646320328116417,2.251268059015274,2.6739751994609833,0.25,6.038914829492569,0.32267027660446335,0.3359071724116802,0.1027845541636149,8.195638656616211e-08,1.7934459606294695e-07,265.09555928714656,0.9971787725385359,42.54606802735072,False,1.4456857097684406,1.8552358573069796,1.1783665949478745,0.296875
288,7,0.001,1.3744408190250397,2.0434084683656693,0.9211205244064331,0.25,2.2965493500232697,0.2786453133452765,0.34136876836419106,0.15877779324849445,1.3493828987520828e-07,2.6125823637812573e-07,29.589010419233908,0.9971787725385359,42.633369548174315,False,1.4462160998373292,1.83739190956112,1.2013054927811027,0.296875
289,8,0.001,1.2301946431398392,8.040474385023117,0.7316587269306183,0.5,1.9664664790034294,0.22316596056902666,0.22477568686008453,0.11841479937235513,5.960464477539063e-08,2.1071440414743847e-07,14.90013335046517,0.9971787725385359,42.73499599903234,False,1.4303990718326531,2.2523028071736917,1.1503437468782067,0.3125
290,8,0.001,1.9569611549377441,2.2920809984207153,1.75168377161026,0.25,3.7109087631106377,0.43504008901533675,0.5625008717179298,0.14751172065734863,1.1258655518986416e-07,3.952301881327003e-07,123.26929195860383,0.9971787725385359,42.855832439264205,False,1.4547475058934651,2.2510042818030342,1.2136333817616105,0.296875
291,8,0.001,1.4058323502540588,2.465256482362747,0.7252533733844757,0.25,2.1374635696411133,0.320054072508286,0.3785209320485592,0.13519716262817383,4.967053612858763e-08,1.3153558597878146e-07,14.11519516186612,0.9971787725385359,42.99238240393149,False,1.5005468177841976,2.290710606612265,1.2187663158401847,0.296875
292,8,0.001,0.9208909571170807,2.420192614197731,0.5719959735870361,0.25,1.4980389177799225,0.29971058461958056,0.3562171459197998,0.15333008766174314,1.3783574104309082e-07,1.263758093728029e-07,15.636406431682252,0.9971787725385359,43.139191006782056,False,1.4765135376947,2.3334572687745094,1.1904126526787877,0.296875
293,8,0.001,0.9169801026582718,2.210375964641571,0.9581854343414307,0.25,1.8761985301971436,0.2852840492248573,0.3597376383841038,0.15585176150004068,1.0244548320770264e-07,3.119876339496841e-07,11.986086418096864,0.9971787725385359,43.29100241189203,False,1.4861263749189675,2.374427765607834,1.1884737024083734,0.296875
294,8,0.001,5.313255310058594,6.31553116440773,2.869204729795456,0.25,8.201703608036041,0.629075435920778,0.8486476540565491,0.14481314023335773,2.3345153010723152e-07,3.1063962069310946e-07,89.25039111280529,0.9971787725385359,43.447502611770624,False,1.7569174678064883,2.6821845835074782,1.3027836261317134,0.28125
295,8,0.001,2.945403665304184,2.7281103879213333,2.007395401597023,0.25,4.972061023116112,0.6436321618418835,0.8288584798574448,0.1055465539296468,1.0927518445669193e-07,4.361161813903891e-07,62.20601810027338,0.9971787725385359,43.62311051080494,False,1.8620260539464653,2.7446231320500374,1.3706916496157646,0.296875
296,8,0.001,1.0829200446605682,1.3179204910993576,1.1512938439846039,0.0,2.2342235147953033,0.23972272887311175,0.2518331930041313,0.11602632204691568,8.506079751668949e-08,2.8222297032698407e-07,12.57785983615655,0.9971787725385359,43.81887381030909,False,1.8995378764811903,2.6690243436023593,1.4426475148648024,0.234375
297,8,0.001,1.8371359929442406,1.6715179979801178,1.6780412793159485,0.25,3.5151773393154144,0.30402570055791783,0.343564935028553,0.14389610290527344,8.44399110633276e-08,1.8904859189206036e-07,25.955301982545116,0.9971787725385359,44.026411978882194,False,1.9339681337587535,2.6353155681863427,1.49008490704,0.21875
298,8,0.001,1.5439201146364212,1.407923810184002,1.522290676832199,0.0,3.072349429130554,0.4169154731309596,0.499670147895813,0.10166279474894205,1.1424223345102291e-07,2.5390988867002307e-07,43.26252961963239,0.9971787725385359,44.23965406921544,False,1.9220507987774909,2.6391394552774727,1.469477942213416,0.203125
299,8,0.001,0.9992420263588428,2.7845942676067352,0.5072690546512604,0.5,1.5068076401948929,0.23922383460029495,0.2514794934540987,0.1479970614115397,9.271833789625816e-08,1.9188442479389778e-07,22.19327175708143,0.9971787725385359,44.457611226049984,False,1.9171002919320017,2.766168859321624,1.3941434621810913,0.234375
300,8,0.001,1.8426026701927185,2.281478226184845,0.9589297771453857,0.25,2.8079696893692017,0.275650443453998,0.3084180913865566,0.13709847132364908,2.3676290084040374e-07,4.806327638107177e-07,26.380121828442167,0.9971787725385359,44.67675688082944,False,1.9115859589073807,2.778016306925565,1.3762952871620655,0.234375
301,8,0.001,1.1192738115787506,1.4130206853151321,1.092547446489334,0.0,2.2160770297050476,0.17204196939679167,0.17197607085108757,0.11455345153808594,1.601874828338623e-07,3.02649624472906e-07,13.741947297829409,0.9971787725385359,44.892559279784685,False,1.7945476605091244,2.743605030234903,1.2936682645231485,0.234375
302,8,0.001,1.3291486967355013,1.669728398323059,1.0457146763801575,0.0,2.3811166286468506,0.18054522967703585,0.17624681629240513,0.11246474583943684,1.0968910402198162e-07,3.7258357110658835e-07,22.10706973744761,0.9971787725385359,45.101567679333236,False,1.8239271495258436,2.707055150065571,1.3229099931195378,0.21875
303,8,0.001,1.2971524745225906,1.8353364616632462,0.8923639059066772,0.25,2.1903202682733536,0.30333555636556575,0.38584649562835693,0.10210537910461426,9.602970862943039e-08,2.786752304473339e-07,29.712905387343696,0.9971787725385359,45.30202733577676,False,1.6947096771327779,2.6810594252310693,1.2115592872723937,0.21875
304,8,0.001,1.893717460334301,2.4634093046188354,1.074364721775055,0.25,2.9691685140132904,0.3483627226164711,0.41364250145852566,0.12456901868184407,1.2252066028395348e-07,2.9822746228092e-07,19.265269327556442,0.9971787725385359,45.49479791008167,False,1.7271644672146067,2.707309477496892,1.2211370496079326,0.21875
305,8,0.001,1.9026348292827606,1.7582057118415833,1.827772855758667,0.25,3.7309407591819763,0.3704979192313721,0.4518161974847317,0.09885287284851074,1.2748770927828446e-07,3.9828657349971763e-07,16.706372069688264,0.9971787725385359,45.67989699269092,False,1.7691919788485393,2.3146676854230464,1.2896441826596856,0.203125
306,8,0.001,0.9007872343063354,2.261021241545677,0.6820479035377502,0.25,1.58283531665802,0.1882246898328647,0.18020824156701565,0.09431958198547363,1.212789015880844e-07,2.0868662886641687e-07,12.273437447035045,0.9971787725385359,45.85647537969672,False,1.7031811088090762,2.3127264506183565,1.2227919409051538,0.203125
307,8,0.001,0.9210578091442585,2.0347688496112823,0.6639681160449982,0.5,1.585043366998434,0.24818901578116023,0.2751358011737466,0.13928667704264322,1.734329657665512e-07,4.0642635212861933e-07,10.895400815243992,0.9971787725385359,46.02362994300054,False,1.6728826999897137,2.28582097357139,1.2189616123214364,0.21875
308,8,0.001,1.159891039133072,2.372845023870468,0.49879756569862366,0.5,1.6603689640760422,0.28279575503784127,0.3250251244753599,0.12442406018575032,1.0099675762376137e-07,3.87108002541936e-07,13.471007425063016,0.9971787725385359,46.18094753992467,False,1.6878202051157132,2.282861749175936,1.2143867118284106,0.234375
309,8,0.001,1.6368314325809479,2.258699417114258,0.9165921211242676,0.25,2.5600321292877197,0.31432923519082484,0.3960115313529968,0.1552306016286214,9.437402326284428e-08,2.3957861117196444e-07,22.25771842424793,0.9971787725385359,46.32915966823626,False,1.7328109132358804,2.285881964955479,1.211787129752338,0.234375
310,8,0.001,1.4727235538884997,2.0459044594317675,0.8987554609775543,0.25,2.373849183320999,0.32077250475836266,0.32861421816051006,0.11470985412597656,6.208816927255612e-08,1.5236727790579607e-07,14.468861193618787,0.9971787725385359,46.46837403140851,False,1.4927776784752496,2.0190302958944812,1.088634050451219,0.234375
311,8,0.001,3.4657920002937317,1.7478552907705307,3.1042309999465942,0.0,6.57370525598526,0.46167125197346937,0.6224349103868008,0.16312662760416666,2.0033783698636398e-07,6.222342676664994e-07,60.21573072475871,0.9971787725385359,46.59945029377156,False,1.5253019494120963,1.957764352322556,1.1571862753480673,0.21875
312,8,0.001,1.0543035492300987,1.679923415184021,0.7606745064258575,0.0,1.8149782195687294,0.17510011714133067,0.16624349541962147,0.11963287989298502,1.299712408808773e-07,2.5396522573828406e-07,34.63554773052046,0.9971787725385359,46.732750683073206,False,1.523513418447692,1.9803895350778475,1.1327725667506456,0.21875
313,8,0.001,0.6214756853878498,0.8675055578351021,1.1402645260095596,0.0,1.7652343660593033,0.3317695728630965,0.38517362624406815,0.12358872095743814,1.5397866093280754e-07,3.472333673926187e-07,15.60610308156234,0.9971787725385359,46.86735184162432,False,1.4475346492254175,1.930138757568784,1.0991615196689963,0.203125
314,8,0.001,0.9142898619174957,1.3217689096927643,0.9788152873516083,0.0,1.895180344581604,0.37738765732068547,0.47727835178375244,0.12408995628356934,1.6225709487116546e-07,3.167240834045515e-07,23.017279228421952,0.9971787725385359,46.99991218523893,False,1.4081827584304847,1.9247540762880817,1.0651943078264594,0.203125
315,8,0.001,0.850285179913044,1.1674771010875702,1.0691024661064148,0.0,1.919388771057129,0.16591727068921713,0.177061652764678,0.09941800435384114,1.601874828338623e-07,4.3159130314052163e-07,14.376508462274726,0.9971787725385359,47.129860537691386,False,1.3988729555276223,1.823684253380634,1.1003088960424066,0.171875
316,8,0.001,0.935536578297615,2.246470123529434,0.7159809172153473,0.25,1.6515800654888153,0.2979194548563957,0.37450478598475456,0.14096975326538086,1.4031927264568367e-07,3.2271228178615274e-07,6.096282453147969,0.9971787725385359,47.25558598846508,False,1.3421813247841783,1.8214962469646707,1.0851245922967792,0.171875
317,8,0.001,0.9526412039995193,3.363621950149536,0.2006741762161255,0.5,1.1533155739307404,0.28537465061637446,0.2764131911098957,0.13117877642313638,1.0306636255563717e-07,2.0045099802246114e-07,15.180887349698795,0.9971787725385359,47.376078806084514,False,1.3317667868104763,1.943408826016821,1.0293825129047036,0.203125
318,8,0.001,1.149852380156517,1.2676593139767647,1.2684873938560486,0.0,2.418339788913727,0.2563854596584942,0.30380693078041077,0.10583615303039551,1.0513597459294033e-07,3.6405882042345183e-07,13.076623877523673,0.9971787725385359,47.49041324794134,False,1.3205607670242898,1.9182795082451776,1.0433058077469468,0.203125
319,8,0.001,0.9103930592536926,1.0285448245704174,1.268142580986023,0.0,2.178539916872978,0.25202721564955816,0.28744030371308327,0.10257760683695474,7.450580596923828e-08,2.2428301349464164e-07,13.525650456013398,0.9971787725385359,47.598386198262276,False,1.2963883035699837,1.8678550309268758,1.066791974939406,0.1875
320,8,0.001,0.917511910200119,1.5691161155700684,0.7346901297569275,0.0,1.6524441093206406,0.27772551034366477,0.2856893986463547,0.11942783991495767,8.44399110633276e-08,3.503244272451411e-07,16.134843215755534,0.9971785355402613,47.70008650842001,False,1.2353754566865973,1.8119617066113278,1.045562312938273,0.171875
321,8,0.001,1.0250803604722023,1.0554086975753307,1.3559660613536835,0.0,2.3812149465084076,0.22492792148779725,0.25756144151091576,0.11221623420715332,1.4983945106905594e-07,4.1277104401160614e-07,10.041142825106649,0.9971787725385359,47.79580626856846,False,1.1805283023859374,1.768036893219687,1.0160743882879615,0.15625
322,8,0.001,0.9493182599544525,2.242271825671196,0.8217615187168121,0.25,1.7719630748033524,0.31898119846893025,0.3270558509975672,0.11157894134521484,1.1507007968702965e-07,2.473714744155586e-07,17.134055204540612,0.9971787725385359,47.885685567613265,False,1.1835614914889447,1.766865054727532,1.0248064892366529,0.15625
323,8,0.001,1.881827723234892,1.9598328967113048,1.514521986246109,0.25,3.3995088040828705,0.3486745077715207,0.4176434129476547,0.12090961138407388,9.023481339909267e-08,2.801989467116073e-07,57.10750267044273,0.9971787725385359,47.97278234171469,False,1.2436096111196093,1.7621815576712834,1.0779661061242223,0.140625
324,8,0.001,1.649158090353012,2.1073269844055176,0.9281255006790161,0.0,2.5772976130247116,0.3496196921840687,0.4016113393008709,0.15184418360392252,5.0498378811880684e-08,1.1564256396923156e-07,25.438541258935746,0.9971787725385359,48.060022071043555,False,1.2741888018208556,1.745586680204724,1.1047991020604968,0.109375
325,9,0.001,0.7955832481384277,2.2806517481803894,0.2617071270942688,0.5,1.057393750641495,0.33402683715237197,0.37081439793109894,0.14115667343139648,1.3493828987520828e-07,3.834360029486561e-07,15.220988558562535,0.9971787725385359,48.14671527525981,False,1.221610790293198,1.7469587008963572,1.0638687899336219,0.125
326,9,0.001,2.522310823202133,2.2922966331243515,1.7707100212574005,0.25,4.2930209040641785,0.27244585655329234,0.2660676706582308,0.12529571851094562,1.216928211533741e-07,2.838085890743969e-07,46.02399338431196,0.9971787725385359,48.232414470218664,False,1.2872099946253002,1.7623582117521437,1.1183659499511123,0.125
327,9,0.001,1.2365145655348897,1.9321443736553192,1.0972916781902313,0.25,2.3338063526898623,0.3453758130860428,0.32110211439430714,0.11119794845581055,1.9205941725886078e-07,2.922102169122809e-07,24.04356131709294,0.9971787725385359,48.31720964911379,False,1.1478801549528725,1.773876279432443,0.9929322423413396,0.140625
328,9,0.001,0.8576708119362593,2.715171903371811,0.3208487331867218,0.5,1.1785196773707867,0.22583000392646765,0.15067201294004917,0.11377271016438802,1.473559336773178e-07,4.2767152308442746e-07,7.887693895790732,0.9971787725385359,48.400448680538254,False,1.1355906088720076,1.8385793099441798,0.9654431315138936,0.171875
329,9,0.001,0.8259327039122581,1.5387106388807297,0.7166100144386292,0.25,1.5426598191261292,0.25631226995383005,0.2108316421508789,0.1090548038482666,1.4570024120530434e-07,4.455047530882439e-07,19.790430001837212,0.9971787725385359,48.48081414412601,False,1.148369172529783,1.8805296275095316,0.9389647245407104,0.1875
330,9,0.001,0.5690890587866306,1.347154226154089,0.9043368995189667,0.25,1.473443552851677,0.2220611812287291,0.2417593952268362,0.11706336339314777,9.313225746154785e-08,1.75359389231744e-07,16.91295037083436,0.9971787725385359,48.55763862063023,False,1.126794122334104,1.8821162097883644,0.9343098253011703,0.203125
331,9,0.001,0.715736098587513,3.3628722429275513,0.23865395784378052,0.5,0.9543902203440666,0.3069791337620833,0.26574601978063583,0.12368019421895345,1.6805198299607582e-07,4.062474943111738e-07,12.668732835571918,0.9971787725385359,48.630618499049746,False,1.1183848047512583,2.019328406153363,0.8824067935347557,0.234375
332,9,0.001,1.2559173870831728,2.9417531490325928,0.9349809885025024,0.5,2.191277388483286,0.40936569721006233,0.4242046885192394,0.13913408915201822,1.0761949909010582e-07,4.5405732862491277e-07,57.53655339333782,0.9971787725385359,48.69914070372882,False,1.1384086053003557,2.0627835952473106,0.8960942979902029,0.25
333,9,0.001,0.7897284179925919,2.18312743678689,1.0348223745822906,0.25,1.8245516009628773,0.28496579368198294,0.2444073036313057,0.11039861043294269,1.043081283569336e-07,4.4040854163540644e-07,17.111880136480107,0.9971787725385359,48.76621687262509,False,1.1282265561749227,1.9890026881621452,0.9482285603880882,0.234375
334,9,0.001,2.8295800238847733,5.011057451367378,2.049363434314728,0.5,4.879598885774612,0.3028798847583887,0.32494197227060795,0.12023806571960449,1.6722414386549644e-07,2.598115997898276e-07,51.61882151892061,0.9971787725385359,48.831451569278045,False,1.2332095339079387,2.2229650717490586,0.9970333129167557,0.265625
335,9,0.001,1.5966373831033707,2.849230021238327,1.0189757347106934,0.25,2.6157998144626617,0.27186251872496636,0.2785659693181515,0.10702459017435709,1.0223852342505779e-07,3.0733696121387766e-07,98.6944197517474,0.9971787725385359,48.898762824453016,False,1.2760998041485436,2.336757896540803,0.9814603850245476,0.28125
336,9,0.001,1.0006547421216965,2.0488032698631287,0.38898587226867676,0.25,1.3903115540742874,0.3054353057505257,0.33653217926621437,0.11659971872965494,1.3742182147780113e-07,7.601792049172218e-07,20.832025786571933,0.9971787725385359,48.967021107482495,False,1.2812962311436422,2.366738343684119,0.9598538689315319,0.296875
337,9,0.001,1.3835617005825043,2.174774408340454,0.6571811437606812,0.25,2.042054533958435,0.35508420136484964,0.40558119118213654,0.1370697021484375,1.1258655518986416e-07,2.0182170601401594e-07,13.710645615369842,0.9971787725385359,49.03524542856545,False,1.303701314900536,2.4366987006069394,0.9161798115819693,0.3125
338,9,0.001,1.3780725598335266,1.4809500873088837,1.2834168672561646,0.0,2.661489576101303,0.2171567003411756,0.247698325663805,0.0987866719563802,1.0927518445669193e-07,4.416736487655726e-07,24.312885636830128,0.9971787725385359,49.10244575015061,False,1.3304984586429782,2.389116091959295,0.9450332708656788,0.296875
339,9,0.001,0.8986995220184326,2.579523965716362,0.9994522333145142,0.25,1.8983359634876251,0.3020728178186362,0.32411207631230354,0.09101120630900064,1.432167238135662e-07,5.041238750891353e-07,10.67679454107833,0.9971787725385359,49.167524502691826,False,1.2690529460669495,2.427846783772111,0.9128414113074541,0.296875
340,9,0.001,1.7604079358279705,1.5936291478574276,1.553073137998581,0.0,3.313496232032776,0.3366063239013731,0.3275242894887924,0.116883913675944,1.212789015880844e-07,2.4637930096105265e-07,18.28719924208581,0.9971787725385359,49.23046976005919,False,1.2760060614091344,2.3957406689878553,0.9519006386399269,0.296875
341,9,0.001,0.41680633649230003,1.1350734811276197,0.6680272221565247,0.0,1.0866922736167908,0.296108027372587,0.28231067955493927,0.11085049311319986,1.4901161193847656e-07,2.2798650434197043e-07,12.905147632925955,0.9971787725385359,49.291000841299635,False,1.2523325044312514,2.324142027297057,0.9772956445813179,0.265625
342,9,0.001,1.6002711653709412,2.078257381916046,1.0058411955833435,0.25,2.6067833304405212,0.23773163291656957,0.22438467480242252,0.09705066680908203,1.0720557952481613e-07,2.718524001465994e-07,28.409392601112106,0.9971787725385359,49.34946905661884,False,1.194705025816802,2.310764574096538,0.9294913429766893,0.265625
343,9,0.001,1.5162181854248047,2.521140366792679,0.5494446456432343,0.5,2.0656629502773285,0.23291583028832022,0.21507708355784416,0.0913559595743815,1.216928211533741e-07,3.422891268201056e-07,9.834043883725105,0.9971787725385359,49.404797752004754,False,1.2121865020599216,2.347576823667623,0.895250903442502,0.28125
344,9,0.001,0.7260770201683044,0.5050309738144279,1.6073404252529144,0.0,2.333590716123581,0.29832953066701323,0.3554636165499687,0.08336949348449707,1.6142924152973137e-07,4.573206524582929e-07,8.25175368033011,0.9971787725385359,49.457606862437025,False,1.2039618900744244,2.2094430155702867,0.9756566341966391,0.25
345,9,0.001,1.9212219417095184,1.7720873355865479,1.5354290008544922,0.0,3.4566510915756226,0.24064053946016403,0.21659285575151443,0.09873326619466145,2.036492077195362e-07,4.3424606133157795e-07,20.225288252629667,0.9971787725385359,49.50756187386676,False,1.2724174674367532,2.2240290591144003,1.0268328208476305,0.234375
346,9,0.001,2.1144542396068573,2.8297872245311737,0.8637715280056,0.25,2.978225827217102,0.2403074193457814,0.20563630387187004,0.10713410377502441,1.4156103134155273e-07,3.9282181774069613e-07,31.7497669076594,0.9971787725385359,49.55460408783592,False,1.3690027912380174,2.316693621512968,1.024297485128045,0.234375
347,9,0.001,1.376276602037251,2.70550699532032,0.7768624126911163,0.25,2.1531391628086567,0.23005177151073805,0.16399060375988483,0.11004050572713216,1.4404456294414558e-07,4.2008963418993517e-07,24.95929432343676,0.9971787725385359,49.598599826804396,False,1.410286572703626,2.275608293537516,1.0579355135560036,0.21875
348,9,0.001,1.2024588100612164,1.4344263821840286,1.3438907861709595,0.25,2.5463497042655945,0.2850530452225549,0.2784848492592573,0.1118467648824056,1.7550256359299965e-07,4.5156801320445084e-07,51.35933027843929,0.9971787725385359,49.64151284345835,False,1.4069454116397537,2.181400370609481,1.0834923759102821,0.203125
349,9,0.001,1.1917236223816872,1.06647327542305,1.5355579257011414,0.25,2.7279589772224426,0.30440277718798686,0.2916479501873255,0.11620521545410156,9.396010369755459e-08,2.755079719918285e-07,18.004265802536434,0.9971787725385359,49.6826391992491,False,1.4320701119140722,2.111609485524241,1.1147883478552103,0.203125
350,9,0.001,0.7632469460368156,1.3496364429593086,0.8050320148468018,0.25,1.5682791769504547,0.24825005253102542,0.28948927484452724,0.11271723111470539,1.7508864402770996e-07,4.931276862407685e-07,25.530031192816836,0.9971785355402613,49.72198861670941,False,1.3029242945485748,1.8827706724987365,1.037017634138465,0.1875
351,9,0.001,0.7767449170351028,1.7520375400781631,0.6366451680660248,0.25,1.4139436930418015,0.28302020574872117,0.23393728211522102,0.1032884915669759,1.1920928955078125e-07,2.86693136786198e-07,13.27460345020696,0.9971787725385359,49.75975956420501,False,1.251681015419308,1.8141961424262263,1.0131219737231731,0.1875
352,9,0.001,1.7698630690574646,1.9853861629962921,1.1707712709903717,0.0,2.9406343325972557,0.23655231446322597,0.19656469859182835,0.12209558486938477,1.2252066028395348e-07,3.407494091334229e-07,40.08387900004329,0.9971787725385359,49.79587694197653,False,1.2997565358527936,1.810232573247049,1.061983561143279,0.171875
353,9,0.001,0.8947202004492283,1.393740102648735,1.1780143976211548,0.25,2.0727366022765636,0.2788381979729735,0.2585317064076662,0.11826173464457193,1.436306433788559e-07,4.008314249404066e-07,13.143802958317734,0.9971787725385359,49.830633192727284,False,1.2692039420944639,1.7614179291413166,1.0945356395095587,0.171875
354,9,0.001,0.8195197135210037,1.2830784916877747,0.9227356016635895,0.0,1.742255449295044,0.17829599073368604,0.10436812788248062,0.1111768086751302,1.8792020739510917e-07,5.898494919165387e-07,13.293472405026336,0.9971787725385359,49.86376489726621,False,1.2342943891999312,1.7490509544149972,1.0719930604100227,0.171875
355,9,0.001,0.8121483027935028,0.937242180109024,1.2612005472183228,0.0,2.0733489096164703,0.19028638792335664,0.14195957407355309,0.10184590021769205,1.7177727329453774e-07,6.224444746294466e-07,11.047754682160866,0.9971787725385359,49.89526642083533,False,1.228884937998373,1.6464083428145386,1.0883523300290108,0.15625
356,9,0.001,1.2541336417198181,2.5608070492744446,0.6060692071914673,0.5,1.8602030277252197,0.23407624966854274,0.19353687390685081,0.11686078707377115,1.0803341865539551e-07,2.758048367468291e-07,17.987379170365827,0.9971787725385359,49.92542182644651,False,1.1972427946166135,1.7068569616531022,1.0291645843535662,0.1875
357,9,0.001,0.7684037685394287,1.2073651924729347,0.9896014332771301,0.25,1.7580052763223648,0.214968538188494,0.1626747865229845,0.09533333778381348,1.2665987014770508e-07,3.9788778849469963e-07,18.209729617247294,0.9971787725385359,49.95389221546793,False,1.219217634119559,1.7113751936121844,1.049262972548604,0.203125
358,9,0.001,0.710942167788744,1.7276922687888145,0.6728886067867279,0.5,1.3838308937847614,0.3052288972705224,0.24634945578873158,0.11728254954020181,1.6391277313232422e-07,2.7138898417433666e-07,19.684768203212943,0.9971787725385359,49.98070020744978,False,1.1636345717706718,1.6894648740417324,1.0284534357488155,0.21875
359,9,0.001,0.7400625646114349,2.9493963718414307,0.3914189338684082,0.75,1.1314816400408745,0.2932862090778702,0.22259615920484066,0.11446245511372884,1.1382831388573322e-07,3.94623043575848e-07,9.744162189399221,0.9971787725385359,50.005854823788546,False,1.1151248454698361,1.7162308743572794,1.018576828762889,0.234375
360,9,0.001,1.2180145680904388,1.221590742468834,1.3827181458473206,0.0,2.6007405817508698,0.31275264424766075,0.30509908497333527,0.09089930852254231,1.2086498202279472e-07,2.936322687219217e-07,37.66332871295354,0.9971787725385359,50.030436072123784,False,1.1458709422149695,1.7610158598981798,1.0045379363000393,0.234375
361,10,0.001,0.9292953088879585,1.5182512551546097,0.7973384261131287,0.0,1.7266829013824463,0.28430857170087076,0.2642354629933834,0.12267049153645831,1.8088354636347503e-07,7.213917001536174e-07,26.15535114543789,0.9971787725385359,50.054367204094916,False,1.083875527663622,1.7451511048711836,0.9584072753787041,0.234375
362,10,0.001,0.5146955959498882,3.4147554337978363,0.21297034621238708,0.75,0.7276660576462746,0.19779175388568795,0.1689812671393156,0.10342168807983398,1.8295314418992348e-07,4.7574806671946135e-07,7.63490139157705,0.9971785355402613,50.077409806064516,False,0.9838906124350615,1.78171161795035,0.9177322015166283,0.265625
363,10,0.001,0.9998944029211998,2.079302191734314,0.4733813405036926,0.5,1.4732760936021805,0.28516430227537626,0.22497308440506458,0.09842038154602051,1.8916196609097824e-07,5.990546014800202e-07,10.64372469012329,0.9971787725385359,50.099576302371325,False,0.9603667249903083,1.7425738177262247,0.8987646345049143,0.28125
364,10,0.001,0.8268067422322929,1.210516832768917,1.0025842785835266,0.0,1.829586684703827,0.3456389650632277,0.3512254487723112,0.10313916206359863,2.6159816002291336e-07,7.708156317676185e-07,19.151053711874383,0.9971787725385359,50.12106048657534,False,0.9368884707510006,1.7285794708877802,0.8774329777806997,0.265625
365,10,0.001,0.5543184047564864,2.119386076927185,0.5577338933944702,0.5,1.1120524555444717,0.18570075187877572,0.13834341242909431,0.10102502504984537,1.5894572413799324e-07,5.245141210252768e-07,8.401512175187431,0.9971787725385359,50.141960889533564,False,0.8970506446494255,1.7943865209817886,0.8163189757615328,0.28125
366,10,0.001,0.9728943929076195,0.8898096233606339,1.4693791568279266,0.0,2.4422736167907715,0.19224969532610986,0.15263768285512924,0.09769773483276367,1.7922785389146156e-07,5.202467718845583e-07,11.695595524398936,0.9971787725385359,50.162051768756925,False,0.9101536100788508,1.7656473447568715,0.8578406721353531,0.265625
367,10,0.001,0.6148975100368261,1.978215515613556,0.310871958732605,0.5,0.9257695898413658,0.17554207165234464,0.16292513348162174,0.12483867009480794,1.6101532196444168e-07,5.909186029384728e-07,15.577726810871722,0.9971787725385359,50.181325591475975,False,0.9000381471414585,1.7797834682278335,0.8374798465520144,0.28125
368,10,0.001,0.8091901242733002,1.68085777759552,0.5725183486938477,0.25,1.381708636879921,0.2665497811700333,0.20900804921984673,0.10134514172871907,1.386635801736702e-07,3.6505326761471224e-07,12.475156768438975,0.9971787725385359,50.199819131773445,False,0.8399960880924482,1.7607504441402853,0.8000890389084816,0.296875
369,10,0.001,0.6928590759634972,0.9743523746728897,1.1084639132022858,0.25,1.8013230860233307,0.2555205376108386,0.19131972454488277,0.09717098871866861,8.526775729933433e-08,2.756828507699538e-07,8.90486086200192,0.9971787725385359,50.217206957969275,False,0.82737976781209,1.734538711141795,0.7957421336323023,0.296875
370,10,0.001,0.6386857614852488,1.1492598354816437,0.8877155482769012,0.25,1.5264136060141027,0.29462689369369754,0.21097341366112232,0.11849125226338704,1.3742182147780113e-07,3.747922789898439e-07,64.52920009226062,0.9971787725385359,50.2326225687913,False,0.8160776458098553,1.7261750451289117,0.7935533802956343,0.3125
371,10,0.001,0.8330521285533905,1.8789047449827194,0.4864965081214905,0.5,1.3195504918694496,0.289105650493469,0.2588343396782875,0.11802665392557779,1.4487240207472496e-07,3.266937369517109e-07,6.637880729266821,0.9971787725385359,50.247892495214614,False,0.8173841349198483,1.7850289554335177,0.7451343778520823,0.34375
372,10,0.001,1.5706299394369125,3.169488787651062,0.41541457176208496,0.5,1.986044779419899,0.28875820761339976,0.2552950493991375,0.10946122805277506,1.647406122629036e-07,4.985176929039881e-07,21.291544141642728,0.9971787725385359,50.262993880343,False,0.8371651535271667,1.8230715640820563,0.7332184631377459,0.34375
373,10,0.001,1.1360158920288086,2.161740094423294,0.45384839177131653,0.5,1.589864358305931,0.2210080416742206,0.17231199704110622,0.0962371826171875,1.2914340175029793e-07,2.391964244452538e-07,20.542431505803357,0.9971787725385359,50.27766204402013,False,0.8601409112452529,1.8827199954539537,0.6997338980436325,0.359375
374,10,0.001,0.8657927066087723,2.610929995775223,0.21862271428108215,0.25,1.0844165161252022,0.3059928711159218,0.3070310167968273,0.12132581075032552,1.2252066028395348e-07,3.2028106033976655e-07,10.429105085361476,0.9971787725385359,50.29216840459791,False,0.8698190699215047,1.9379223533906043,0.6713422797620296,0.34375
375,10,0.001,0.7706391215324402,1.231287982314825,0.9310095310211182,0.25,1.7016488313674927,0.30492477627307935,0.24040229991078377,0.1139535903930664,8.361207193274822e-08,2.5495421596133383e-07,15.315690263322955,0.9971787725385359,50.306656375678216,False,0.8717301047290675,1.8305405790451914,0.705066692084074,0.3125
376,10,0.001,1.3076955787837505,2.0218677297234535,0.8267548382282257,0.25,2.1344504952430725,0.2550211213841648,0.16895435005426407,0.11116941769917806,1.3328261161404953e-07,4.832899094253662e-07,9.160373920546123,0.9971787725385359,50.32075987418546,False,0.8773351678973995,1.8805578907486051,0.6703189853578806,0.328125
377,10,0.001,0.7783091217279434,2.3842608630657196,0.352141797542572,0.75,1.1304606199264526,0.2999375224819664,0.27032893896102905,0.10193443298339844,1.3576614321664238e-07,3.6140073689239216e-07,10.990126642084832,0.9971787725385359,50.334560507914325,False,0.8678985311998986,1.9346834912430495,0.6424941960722208,0.375
378,10,0.001,2.3725214302539825,1.394168496131897,2.364647328853607,0.0,4.737316697835922,0.3853393232455821,0.37488212436437607,0.14303175608317056,2.0033783698636398e-07,6.663652811766951e-07,26.990751851683473,0.9971787725385359,50.348847518979085,False,0.9840126458439045,1.8083968076389283,0.7769740074872971,0.328125
379,10,0.001,1.4519561231136322,1.7757190763950348,1.062531441450119,0.0,2.5145225524902344,0.3375963203044737,0.2980221640318632,0.13436047236124674,1.5977356326857262e-07,4.914875262329588e-07,14.79817567267621,0.9971787725385359,50.36408723195364,False,1.0122665033559315,1.7894228629302233,0.8137958887964487,0.296875
380,10,0.001,1.2786822468042374,4.375313758850098,0.17629945278167725,0.75,1.4549819231033325,0.33665582893662216,0.34588248282670975,0.12074995040893553,1.6225709487116546e-07,2.57506741263569e-07,11.622471845455628,0.9971787725385359,50.38033879121303,False,1.040508722391678,1.9872226708102971,0.7621530871838331,0.34375
381,10,0.001,1.28565364331007,2.3728107810020447,0.8190405368804932,0.5,2.104694291949272,0.2166427754291076,0.1393503751605749,0.1075596809387207,1.5315082180222817e-07,3.3696724699439073e-07,7.439904109276689,0.9971787725385359,50.396944433098554,False,1.086217174801277,2.003061714814976,0.7784847524017096,0.34375
382,10,0.001,1.165763258934021,2.1055594086647034,0.5105883479118347,0.25,1.6763517409563065,0.19840900671698802,0.18127574771642685,0.08814072608947754,1.2334849941453285e-07,5.478340767695045e-07,23.334999938484245,0.9971787725385359,50.41347099098457,False,1.098271478927927,2.07904607639648,0.7185603268444538,0.359375
383,10,0.001,0.7475180774927139,2.469231992959976,0.19798544049263,0.5,0.9455036148428917,0.23055408697273014,0.18802084773778915,0.10610008239746094,1.1300047475515385e-07,1.5247832152454066e-07,8.13830024878522,0.9971787725385359,50.42975866483793,False,1.10656026439392,2.1097346062306315,0.7115049194544554,0.359375
384,10,0.001,1.1348516643047333,1.0352626144886017,1.4858834445476532,0.0,2.620735242962837,0.2707897974042307,0.264935702085495,0.11017894744873047,1.1258655518986416e-07,4.882930966232379e-07,17.582734173220977,0.9971787725385359,50.445923156769496,False,1.1269141106458846,2.069384908536449,0.7685902379453182,0.34375
385,10,0.001,0.358265183866024,1.72001551091671,0.5524440258741379,0.25,0.9107093214988708,0.27506958930043807,0.2624611221253872,0.10148509343465167,1.3907749973895989e-07,3.626432203418517e-07,14.911840100296278,0.9971787725385359,50.46185391782639,False,1.1060019923897926,2.115988854551688,0.733838994987309,0.34375
386,10,0.001,1.5330101177096367,2.653353601694107,0.6414712965488434,0.5,2.174481511116028,0.2253445734094548,0.2087423810735345,0.12851762771606445,1.063777332888094e-07,3.8803011648269603e-07,12.042445752360361,0.9971787725385359,50.47704115801694,False,1.1618972646538168,2.209994714939967,0.7184487292543054,0.359375
387,10,0.001,1.6243905797600746,1.9099176079034805,1.3162140399217606,0.25,2.9406049102544785,0.30431317791516427,0.28703213669359684,0.1033787727355957,2.466969988290657e-07,3.449104042374529e-07,19.284836000826974,0.9971787725385359,50.492266623680095,False,1.2113559178542346,2.2119330188725144,0.7703060749918222,0.34375
388,10,0.001,0.5106079913675785,2.755532443523407,0.02810928225517273,0.75,0.5387173779308796,0.2606961329329668,0.1963436510413885,0.1128387451171875,1.0720557952481613e-07,3.005987423421175e-07,7.443013471930431,0.9971787725385359,50.50752231636906,False,1.1451045460999012,2.186060747364536,0.7460994943976402,0.359375
389,10,0.001,0.803836777806282,2.206605911254883,0.33456331491470337,0.5,1.1384002715349197,0.29827106664707337,0.26689498499035835,0.12797943751017252,1.5480651427424164e-07,3.109908561782504e-07,11.119974869690243,0.9971787725385359,50.52261821464979,False,1.1243433514609933,2.1888648609165102,0.7386441770941019,0.359375
390,10,0.001,1.0976828336715698,1.7506528496742249,0.9305357933044434,0.25,2.028218775987625,0.23828418031327314,0.2115071564912796,0.09984326362609863,1.5811788500741386e-07,4.809754159396107e-07,17.667966327391156,0.9971787725385359,50.537536465658405,False,1.1388364844024181,2.135097539285198,0.783138744533062,0.359375
391,10,0.001,1.3668245822191238,1.7997262924909592,0.9533926248550415,0.0,2.3202173709869385,0.2087205013171232,0.17479974031448364,0.11072103182474771,1.5480651427424164e-07,4.2068828065566777e-07,16.004334266678654,0.9971787725385359,50.552448626971476,False,1.1760980756953359,2.1706249336712062,0.7845376878976822,0.34375
392,10,0.001,0.7151703657582402,2.5991311967372894,0.38549068570137024,0.75,1.1006611650809646,0.23828378358114227,0.1889697853475809,0.11850349108378092,2.0447704685011558e-07,5.725062806050119e-07,20.412047760924267,0.9971787725385359,50.567089400324335,False,1.1390652498812415,2.206703900359571,0.7569586783647537,0.375
393,10,0.001,0.889158682897687,2.9811512231826782,0.7774925231933594,0.5,1.6666513290256262,0.24664233516314615,0.19107729755342007,0.09651883443196614,1.212789015880844e-07,5.154223572390038e-07,8.436529925037814,0.9971787725385359,50.58159956269763,False,1.1459933474543504,2.244009547866881,0.7835430987179279,0.359375
394,10,0.001,0.380043129902333,2.0075167566537857,0.3370216488838196,0.5,0.7170648952014744,0.21336557460771127,0.14860159158706665,0.10560448964436848,1.0679165285409908e-07,2.807286136885523e-07,8.897794242686592,0.9971787725385359,50.59545031719591,False,1.0214634536823723,2.282343814149499,0.6568164937198162,0.390625
395,10,0.001,0.8771382514387369,1.6949331760406494,0.8398171663284302,0.5,1.7169554438441992,0.30033568624192575,0.22340865060687065,0.11793096860249835,1.216928211533741e-07,3.285093157501251e-07,19.232432907432525,0.9971787725385359,50.609060311630124,False,0.9855373367026914,2.27729469537735,0.6428968515247107,0.421875
396,10,0.001,1.7532015591859818,3.35608971118927,0.3970821499824524,0.25,2.15028378367424,0.20988022051126198,0.16187649592757225,0.11419328053792317,1.7964177345675125e-07,8.404063578382193e-07,39.16439090590775,0.9971787725385359,50.62272119593625,False,1.0151947937265504,2.213593192398548,0.6566957700997591,0.390625
397,11,0.001,0.8213902972638607,1.0013869404792786,1.206297755241394,0.0,2.027688078582287,0.19623714261597147,0.1568438522517681,0.10518829027811685,1.5025337063434563e-07,4.251270127042517e-07,11.207461449670644,0.9971787725385359,50.63643817387013,False,0.9861783345986623,2.1278792023658752,0.6808993462473154,0.359375
398,11,0.001,0.655699297785759,1.2428974993526936,0.7990961372852325,0.0,1.4547955691814423,0.21267338068874853,0.16065265610814095,0.10744976997375488,1.1755360418419514e-07,4.3148230588485603e-07,14.460717783319884,0.9971787725385359,50.6498956503813,False,0.954299337026896,2.0739628330338746,0.6989310830831528,0.34375
399,11,0.001,0.6320678326301277,1.91232430934906,0.4625391960144043,0.5,1.094607125967741,0.26409132330702223,0.21831815503537655,0.10280100504557291,2.0944409584444657e-07,4.501238208831637e-07,15.725166529010911,0.9971787725385359,50.66288033715841,False,0.9470836967229843,2.0391561028081924,0.7154656928032637,0.34375
400,11,0.001,0.8325949758291245,2.0711714923381805,0.5282326638698578,0.5,1.3608276844024658,0.19100119106115782,0.11176697723567486,0.10056074460347493,1.0554989415823002e-07,2.948611381725641e-07,4.316117457283679,0.9971787725385359,50.67547729448736,False,0.9281926536932588,2.103900407673791,0.6556125190109015,0.375
401,11,0.001,0.7879844307899475,1.2903802394866943,0.9257119596004486,0.25,1.713696539402008,0.26446260551726875,0.1918803583830595,0.10302456219991048,1.523229826716488e-07,8.295976385852555e-07,21.448261819510716,0.9971787725385359,50.6877147727988,False,0.955050106626004,2.077048203209415,0.6789417648687959,0.375
402,11,0.001,1.2587518244981766,3.4885929822921753,0.38098806142807007,0.5,1.6397399604320526,0.18237309769525842,0.16903403960168362,0.12176243464152017,1.5729003166597977e-07,6.582727110071573e-07,29.439059336806828,0.9971787725385359,50.6996557249253,False,0.9379089633002877,2.1292506644967943,0.6626615626737475,0.375
403,11,0.001,0.6443934044800699,2.720535308122635,0.3223574459552765,0.75,0.9667509561404586,0.1532046601057454,0.11467504873871803,0.11313231786092122,1.3535220944049797e-07,2.5529880076646805e-07,10.656126657710379,0.9971787725385359,50.71113982183276,False,0.8766591398452874,2.1799142707604915,0.6005455255508423,0.40625
404,11,0.001,0.8272425197064877,1.2113600317388773,1.2209307253360748,0.25,2.04817333817482,0.22490636199694292,0.20334341004490852,0.10256807009379068,1.738468853318409e-07,6.028303118910117e-07,9.616003685727662,0.9971787725385359,50.72184489245482,False,0.8964487978664692,2.0834034950239584,0.6750968657433987,0.375
405,11,0.001,0.43677388224750757,2.090865835547447,0.37340353429317474,0.5,0.8101775220129639,0.17716345987840754,0.1200859323143959,0.10651842753092447,1.7053551459866867e-07,4.3480656586325495e-07,6.262719763686995,0.9971787725385359,50.73195942763088,False,0.8735073668940458,2.0761697402922437,0.6775243794545531,0.375
406,11,0.001,0.5469662367831916,3.621395766735077,0.1247330904006958,0.75,0.6716994072776288,0.15569713420190837,0.10945716686546803,0.10554965337117513,1.341104507446289e-07,2.622376769068069e-07,7.759113817451753,0.9971787725385359,50.74159099876423,False,0.8390875795885222,2.193091172608547,0.6271617105230689,0.40625
407,11,0.001,0.9265341460704803,2.0868559032678604,0.9724650979042053,0.25,1.8989994078874588,0.23291516504779183,0.21279756352305412,0.09932549794514973,1.4983945106905594e-07,3.0203102596715325e-07,16.104184680218935,0.9971787725385359,50.75084437360016,False,0.811569427329232,2.2110367732821032,0.6283537400886416,0.421875
408,11,0.001,1.0112321376800537,1.8357373476028442,0.8320407271385193,0.25,1.8432730585336685,0.2808331943814967,0.2724904455244541,0.1185484727223714,2.2765662777146645e-07,3.5511689588929585e-07,15.718670971466297,0.9971787725385359,50.759837446705035,False,0.8300732880743453,2.1633246577112004,0.6562631176784635,0.390625
409,11,0.001,0.526548677822575,3.4541867673397064,0.2021045982837677,0.75,0.7286533717997372,0.21494318494485992,0.13968206942081451,0.1135725180308024,1.647406122629036e-07,5.451616971186013e-07,6.934556133143914,0.9971787725385359,50.76869429796095,False,0.8074101627571508,2.1928893792210147,0.620301372371614,0.40625
410,11,0.001,1.0002488791942596,1.4529461115598679,0.9335971921682358,0.0,1.9338461756706238,0.1917791508294031,0.1582929603755474,0.10295629501342772,1.423888704721321e-07,3.938488646326732e-07,26.824859939665426,0.9971787725385359,50.77718609746627,False,0.8461730220878962,2.158228713902645,0.65758734382689,0.375
411,11,0.001,0.8829838931560516,1.308724731206894,0.9605534970760345,0.0,1.8435374647378922,0.28468432763852136,0.23420580849051476,0.11354454358418782,1.5315082180222817e-07,5.428836402643356e-07,14.022937826622202,0.9971787725385359,50.7857606874504,False,0.8465383746952284,2.134090686100535,0.6651333644986153,0.34375
412,11,0.001,0.7239799648523331,2.327285572886467,0.35751260817050934,0.5,1.0814926773309708,0.20309537132527514,0.12670493684709072,0.109101931254069,1.8129746592876472e-07,6.721911063323205e-07,13.910871002964107,0.9971787725385359,50.793992265038746,False,0.7822120250493754,2.06979042745661,0.6626602681353688,0.359375
413,11,0.001,0.7818018571706489,1.9541226029396057,0.49957287311553955,0.5,1.2813748590415344,0.2347056086442824,0.1551186740398407,0.1047525405883789,1.423888704721321e-07,4.197640919301193e-07,15.734385425746195,0.9971787725385359,50.80182493649075,False,0.7797377475435496,2.1293364063603804,0.6184899630025029,0.390625
414,11,0.001,1.4245526865124702,2.6818399876356125,0.3386356234550476,0.5,1.7631883919239044,0.23115438984239312,0.1613970398902893,0.11074177424112955,1.55634353404821e-07,4.741843895317288e-07,13.73460068001898,0.9971787725385359,50.80939517864394,False,0.8277910843389691,2.219270311878063,0.5897111808881164,0.421875
415,11,0.001,0.856187604367733,1.4404630814678967,0.802018940448761,0.0,1.6582066416740417,0.249666992434751,0.2118874080479145,0.1059585412343343,1.1755360418419514e-07,5.557351983043191e-07,31.906095051474754,0.9971787725385359,50.81689074289234,False,0.8417985700725694,2.18977898513549,0.6109286649152637,0.390625
416,11,0.001,0.9085898585617542,1.4514037072658539,0.8725181221961975,0.25,1.7811080142855644,0.1727734371795425,0.10839982889592648,0.11356854438781738,1.5066730441049003e-07,3.502937602206657e-07,14.78636413970553,0.9971787725385359,50.824397547762686,False,0.8465482502433588,2.1510434985684697,0.6324465060606599,0.375
417,11,0.001,0.8113006995990872,3.8695922791957855,0.2685793936252594,0.75,1.0798802627250552,0.2803865995664644,0.2710658088326454,0.12429348627726236,2.1606683731079102e-07,4.674646447710984e-07,6.8788007545201575,0.9971787725385359,50.831779890068226,False,0.84800551704393,2.312244251050288,0.5913757206872106,0.40625
418,11,0.001,0.16373895108699799,2.2005367428064346,0.3123302459716797,0.75,0.4760693563730456,0.2578845490432144,0.23691724427044392,0.09601696332295735,1.7964177345675125e-07,3.697980730521522e-07,3.5107407750471586,0.9971787725385359,50.83901989698143,False,0.7795672124557314,2.231740736082429,0.5870846072211862,0.421875
419,11,0.001,0.8965009301900864,1.5560570061206818,0.726738303899765,0.0,1.6232393682003021,0.2221251020594059,0.17455708421766758,0.09145347277323404,1.2500419188654632e-07,6.47623892291449e-07,7.474847629628077,0.9971787725385359,50.84612501300895,False,0.7953239328126074,2.158960842207307,0.6123584108427167,0.375
420,11,0.001,1.0463938526809216,2.1839680671691895,0.4989197254180908,0.25,1.5453136824071407,0.2993390241046766,0.2319643199443817,0.11087926228841145,1.5397866093280754e-07,3.4781845670295297e-07,24.602186863735046,0.9971787725385359,50.85305245540505,False,0.8090208911235095,2.2197488444217015,0.5672327233478427,0.375
421,11,0.001,0.9053824990987778,4.2871880531311035,0.06620138883590698,0.5,0.9715840592980385,0.2709070360057436,0.2610878571867943,0.12821833292643228,2.3262369097665214e-07,4.295779092444718e-07,41.96626199237521,0.9971787725385359,50.85993542058594,False,0.8383089296767139,2.35701898302068,0.5480325892567635,0.375
422,11,0.001,1.269223477691412,2.5422074794769287,0.17329007387161255,0.25,1.4425136111676693,0.2413974550993695,0.18102301843464375,0.09140650431315103,1.7136335372924805e-07,5.607583943856298e-07,52.75562300538611,0.9971787725385359,50.86716716216533,False,0.8834500072334777,2.2895697150670458,0.5510674007236958,0.34375
423,11,0.001,0.8301159664988518,1.893757775425911,0.9336757659912109,0.5,1.7637917436659336,0.20104005132758962,0.1536915134638548,0.10950263341267903,1.688798221266552e-07,2.824996272465796e-07,7.581631218180468,0.9971787725385359,50.87487958347124,False,0.8774238710102509,2.277501082076924,0.5486430674791336,0.359375
424,11,0.001,0.8443781286478043,3.614284247159958,0.11875197291374207,0.75,0.9631302058696747,0.2360592776945091,0.25980160757899284,0.11171555519104004,1.995099978557846e-07,7.452571253452334e-07,5.090356261761288,0.9971787725385359,50.88281901479432,False,0.8669954954457353,2.3886602632992435,0.504062520340085,0.390625
425,11,0.001,1.288448553532362,2.616799682378769,0.6281577348709106,0.25,1.9166064821183681,0.19478475464896228,0.16440009884536266,0.11568840344746907,2.0447704685011558e-07,6.404841315088561e-07,13.651797318755227,0.9971787725385359,50.89073965158211,False,0.914614237677597,2.336323570489185,0.5306908413767815,0.359375
426,11,0.001,0.7463252926245332,1.169362798333168,0.9632568955421448,0.0,1.7095821872353554,0.19559166683297247,0.1671916451305151,0.10048874219258626,1.043081283569336e-07,5.04997899497539e-07,14.991315693140377,0.9971787725385359,50.89854834785011,False,0.8987440135169891,2.318599613412516,0.5325445728376508,0.359375
427,11,0.001,0.9100529327988625,0.9914168417453766,1.304930418729782,0.0,2.2149834483861923,0.26366971186708,0.22917120903730392,0.09928854306538899,1.564621925354004e-07,5.594641834250069e-07,9.603618955260913,0.9971787725385359,50.90626497406564,False,0.9004358284946647,2.2987678703211714,0.55406813044101,0.359375
428,11,0.001,1.5068363919854164,2.473186194896698,0.497636079788208,0.5,2.0044725984334946,0.27094844013004166,0.2318886686116457,0.11931840578715006,1.862645149230957e-07,3.4423945294292935e-07,22.94525894218829,0.9971787725385359,50.91420066428009,False,0.9493643551904825,2.307886659196811,0.5628258474171162,0.359375
429,11,0.001,1.5316834151744843,1.7398282513022423,1.1781495213508606,0.0,2.709833115339279,0.28117180131659697,0.2679591551423073,0.10178581873575845,1.514951435410694e-07,6.22557024598791e-07,35.49358813492097,0.9971787725385359,50.92207536411435,False,0.9962319525657222,2.2944932622194756,0.6052368879318237,0.328125
430,11,0.001,0.557912414893508,2.2098009884357452,0.5600845515727997,0.25,1.117997083812952,0.21593026568435375,0.18195765651762486,0.08955740928649902,1.216928211533741e-07,3.2196714983001584e-07,8.13675166163885,0.9971787725385359,50.93046969159798,False,0.942066935589537,2.264990824769484,0.6190774459391832,0.3125
431,11,0.001,0.8736035972833633,1.9598466455936432,0.6817749440670013,0.5,1.5553786605596542,0.20555145565058863,0.13171208277344704,0.09789522488911946,1.8129746592876472e-07,5.320162017596886e-07,9.602004819155646,0.9971787725385359,50.939037010519066,False,0.9431554351467639,2.297452297527343,0.6115621961653233,0.34375
432,11,0.001,0.695557489991188,1.0830219443887472,1.0302481949329376,0.25,1.7258058115839958,0.2374434855277325,0.20667577162384987,0.10999043782552083,1.4818377280789718e-07,2.8945589747308986e-07,9.113979981969278,0.9971787725385359,50.94770011979211,False,0.9298409121111035,2.274428437347524,0.6214203257113695,0.34375
433,12,0.001,0.4171394892036915,1.4395317882299423,0.45518968999385834,0.5,0.8723292723298073,0.21375208620827013,0.1821629498153925,0.11497163772583008,1.6142924152973137e-07,3.3157982670672936e-07,19.85353032478064,0.9971787725385359,50.957244055521514,False,0.9052058364613913,2.1225496566621587,0.633083469234407,0.328125
434,12,0.001,0.6165444999933243,1.7915568612515926,0.6129502654075623,0.5,1.2294948399066925,0.17319998648075657,0.14691070094704628,0.08966326713562012,1.55634353404821e-07,3.657705747173168e-07,5.442264954986006,0.9971787725385359,50.96670242039502,False,0.9335061832680367,2.096988414064981,0.6518722204491496,0.3125
435,12,0.001,0.8692824393510818,1.5143072307109833,0.7715507447719574,0.25,1.6408333033323288,0.22304046932835,0.16445380821824074,0.1053632895151774,1.697076754680893e-07,4.837074811803177e-07,14.394476575595714,0.9971787725385359,50.97588978613302,False,0.9318050275905989,2.094379053101875,0.6546729980036616,0.328125
436,12,0.001,0.8102695941925049,2.2528009563684464,0.3844321072101593,0.5,1.1947018206119537,0.16628640341682302,0.12296833470463753,0.10869137446085611,1.1258655518986416e-07,4.3101380242660525e-07,6.1757911497061,0.9971787725385359,50.984729850428366,False,0.9170472614350729,2.0986811086768284,0.6475175218656659,0.34375
437,12,0.001,0.7868058010935783,2.1523218154907227,0.490711510181427,0.5,1.277517408132553,0.14758837504131386,0.11488102469593287,0.10247739156087239,2.5000838377309265e-07,4.529058799107588e-07,20.703312283514208,0.9971787725385359,50.99302632654956,False,0.9096362178097479,1.9652519688243046,0.6740494044497609,0.34375
438,12,0.001,0.5430411510169506,4.207117184996605,0.3586776852607727,0.75,0.9017189238220453,0.1892061816407632,0.14956877380609512,0.11365381876627603,1.6391277313232422e-07,2.5132317205134314e-07,4.535741376974124,0.9971787725385359,51.001078016054464,False,0.8642498223925941,2.0693088254192844,0.6856361301615834,0.375
439,12,0.001,0.8461005091667175,1.954656258225441,0.7180181741714478,0.25,1.564118817448616,0.20028142039101973,0.13654321990907192,0.11465573310852051,1.817113854940544e-07,5.492477157531539e-07,25.385783330132817,0.9971787725385359,51.008949841582606,False,0.8652488563093357,2.073114980594255,0.6721575306728482,0.359375
440,12,0.001,0.7179499454796314,0.9208506010472775,1.1833936870098114,0.0,1.9013436436653137,0.2143046581208738,0.17986307851970196,0.1196307341257731,1.5066730441049003e-07,3.481177088815457e-07,7.452458271026496,0.9971787725385359,51.01669360289262,False,0.8573470948613249,1.9047753777122125,0.7386976378038526,0.3125
441,12,0.001,0.3884217608720064,1.330249845981598,0.7343790680170059,0.25,1.1228009164333344,0.20947165959780883,0.17901995405554771,0.09434556961059569,1.2748770927828446e-07,3.024574368737376e-07,8.58330282740469,0.9971787725385359,51.02429468692138,False,0.8010954203200527,1.8243660129373893,0.7453364711254835,0.3125
442,12,0.001,0.8947975737974048,0.9974595829844475,1.2836323082447052,0.0,2.1784299314022064,0.19563695728277145,0.147285470739007,0.1038215160369873,1.3742182147780113e-07,4.4855534042653744e-07,11.630829401442833,0.9971787725385359,51.031614857700106,False,0.8103749378933571,1.8136220619780943,0.7653599344193935,0.3125
443,12,0.001,0.7557067982852459,1.8988550007343292,0.5439772605895996,0.5,1.2996841110289097,0.20300280169102417,0.18214947544038296,0.10732022921244302,1.6805198299607582e-07,2.704983614876255e-07,4.4693342014455695,0.9971787725385359,51.03884055012395,False,0.8007283044862561,1.8703369469149038,0.7178003620356321,0.34375
444,12,0.001,0.8998066782951355,3.206522613763809,0.3300052583217621,0.5,1.2298120763152838,0.21096386499491057,0.18861348554491997,0.11734724044799805,1.8543667579251633e-07,4.360160801297752e-07,23.994797357059095,0.9971787725385359,51.04558684191403,False,0.7627889473806135,1.9161704730940983,0.7073234356939793,0.34375
445,12,0.001,0.4247437221929431,2.6729647517204285,0.5063509941101074,0.5,0.9310948401689529,0.22871375600196436,0.20146119222044945,0.09946751594543456,1.3907749973895989e-07,3.117387166184926e-07,4.628076272651582,0.9971787725385359,51.05261297477715,False,0.6936052165692672,1.974491504370235,0.6653360277414322,0.375
446,12,0.001,0.674038402736187,3.4793171286582947,0.0,1.0,0.6740385740995407,0.31826260929652805,0.32320186123251915,0.10299173990885416,2.0447704685011558e-07,6.668510650342796e-07,9.6253423469431,0.9971785355402613,51.05947074183166,False,0.7008630908094347,2.0538362631341442,0.6303307432681322,0.421875
447,12,0.001,1.1165579743683338,2.527920216321945,0.3941267430782318,0.25,1.5106849018484354,0.2879210807821671,0.29278548061847687,0.10496687889099121,2.6739306235867843e-07,4.1062099853661493e-07,17.95115098703154,0.9971787725385359,51.06646268951691,False,0.7160477393772453,2.089340861304663,0.6123527307063341,0.40625
448,12,0.001,1.0226000547409058,1.5784315466880798,0.8304629325866699,0.0,1.853063041344285,0.18583121403160113,0.11965751089155674,0.11131882667541504,1.0554989415823002e-07,3.252228566452686e-07,15.859017430707116,0.9971787725385359,51.07367486589115,False,0.7364878996741027,2.1203039614483714,0.5998661518096924,0.390625
449,12,0.001,0.5473909266293049,1.687323421239853,0.6981377005577087,0.25,1.2455287473276258,0.28610995664471617,0.27823247760534286,0.0982374350229899,1.4901161193847656e-07,5.704869749934005e-07,15.00715026376008,0.9971787725385359,51.08120496692802,False,0.7446286145132035,2.135790938511491,0.615050402469933,0.375
450,12,0.001,0.6854290962219238,1.9777776002883911,0.8128769099712372,0.25,1.4983061254024506,0.21594865731510476,0.21297281607985497,0.10372058550516763,1.5729003166597977e-07,6.854982643744734e-07,5.891673766345958,0.9971787725385359,51.089443318368524,False,0.748933901777491,2.1474297347012907,0.6275458177551627,0.359375
451,12,0.001,1.2111337184906006,2.3244151771068573,0.6712339818477631,0.5,1.8823678493499756,0.28115292064194597,0.29174842312932014,0.11395096778869629,1.5687611210069008e-07,3.336269855935825e-07,22.254386640431584,0.9971787725385359,51.0989686516987,False,0.7702996067237109,2.198061481351033,0.6212760200724006,0.375
452,12,0.001,0.8726274371147156,1.2158013135194778,1.0431205034255981,0.0,1.9157480895519257,0.22184244174850568,0.19725736416876316,0.10580801963806152,1.6805198299607582e-07,2.78836694178608e-07,19.286201782181386,0.9971787725385359,51.10866038227794,False,0.7741969719063491,2.1332490036729723,0.6624440448358655,0.34375
453,12,0.001,0.982843890786171,2.2607508301734924,0.45704084634780884,0.5,1.4398848116397858,0.2004306435237043,0.16064822487533092,0.12560526529947916,1.4901161193847656e-07,3.6319769947112945e-07,18.58126984714583,0.9971787725385359,51.11843505276164,False,0.7864493525121361,2.1400258170906454,0.6603396283462644,0.34375
454,12,0.001,1.1103594154119492,3.8919597268104553,0.8678135573863983,0.25,1.9781731516122818,0.28334746823029466,0.29771419800817966,0.0856631596883138,1.7633040272357903e-07,6.34926891507348e-07,26.95368735859522,0.9971787725385359,51.128438511504406,False,0.8219067440368235,2.120328475954011,0.692160620354116,0.3125
455,12,0.001,0.5841935575008392,1.2529308581724763,0.7226854264736176,0.25,1.30687914788723,0.19043829717237343,0.1568143405020237,0.09940497080485025,7.78171767024105e-08,4.951511414219567e-07,7.2990120552196975,0.9971787725385359,51.138539847608385,False,0.8055375595577061,2.076470638450701,0.6924523236230016,0.3125
456,12,0.001,1.028699353337288,2.222379557788372,0.9284643530845642,0.25,1.9571638107299805,0.2645721758924687,0.23112670704722404,0.13183069229125977,2.3096799850463867e-07,5.070133397566678e-07,17.85896336068966,0.9971787725385359,51.14855347238453,False,0.8249593975488096,2.157816198247019,0.6765192402526736,0.328125
457,12,0.001,0.891542624682188,2.1779002845287323,0.2578279674053192,0.5,1.1493707410991192,0.22435661536190782,0.19520677626132965,0.1023259162902832,1.3369653117933922e-07,3.3851677017082693e-07,17.547158115171374,0.9971787725385359,51.15855142837648,False,0.856404451536946,2.210794350656215,0.6467347964644432,0.34375
458,12,0.001,0.7796604227623902,1.8302869349718094,0.668952465057373,0.5,1.4486130203586072,0.3016342675123464,0.3043660633265972,0.11549599965413411,1.2831556261971855e-07,3.2340207667402865e-07,10.078585914818925,0.9971673966213526,51.16861755378191,False,0.8492083795972576,2.262846060155425,0.608317306265235,0.375
459,12,0.001,0.6726348102092743,2.127713307738304,0.5223673731088638,0.25,1.19500233232975,0.28472016409604284,0.2482735551893711,0.08195416132609049,1.2417633854511223e-07,3.917398601060995e-07,14.385914176576925,0.9971673966213526,51.17868194145753,False,0.8440163803425094,2.2771497043431737,0.606966688297689,0.359375
460,12,0.001,1.3639623001217842,2.948117807507515,0.639042317867279,0.25,2.00300469994545,0.19871103248151406,0.1701293233782053,0.12865392367045084,1.386635801736702e-07,2.1298566821315035e-07,32.89844642552509,0.9971673966213526,51.187675476149366,False,0.8730261067066749,2.2609994039521553,0.6262815045192838,0.34375
461,12,0.001,0.7894189283251762,1.3052980974316597,0.9531244039535522,0.25,1.7425435185432434,0.32530848600953577,0.24027583003044128,0.10467783610026041,1.2086498202279472e-07,3.300685875728959e-07,20.903436634024107,0.9971673966213526,51.197236545927154,False,0.8958183070899395,2.175520238059107,0.6542048426344991,0.328125
462,12,0.001,0.6714501092210412,1.4700566232204437,0.5876878798007965,0.0,1.2591381967067719,0.31472939349041557,0.29406508430838585,0.09598128000895181,1.2748770927828446e-07,1.9399320194679603e-07,17.735591835696642,0.9971673966213526,51.20723857683677,False,0.8956565387452429,2.0499414564692415,0.6909353351220489,0.265625
463,12,0.001,1.798717886209488,3.333293080329895,0.48845571279525757,0.5,2.2871738374233246,0.33227546918940787,0.31513043493032455,0.12358887990315755,1.904037247868473e-07,7.256478511408204e-07,37.89300234820809,0.9971673966213526,51.21800457277709,False,0.938291533235315,2.1002772604697384,0.696830895729363,0.28125
464,12,0.001,0.5031983922235668,2.2624700367450714,0.21208730340003967,0.5,0.7152858171612024,0.19391665660234833,0.16370919533073902,0.10023037592569986,1.3493828987520828e-07,2.7492541221363354e-07,11.307935720198774,0.9971673966213526,51.229619576304955,False,0.9058289293279813,2.1430296660983004,0.6581824189051986,0.3125
465,12,0.001,1.6187924393452704,3.6398868560791016,0.6543332934379578,0.5,2.2731259227730334,0.35292727073411984,0.2928130775690079,0.1081550121307373,1.7964177345675125e-07,3.1360806929114915e-07,59.007933164022965,0.9971673966213526,51.243333344368914,False,0.9727915238727292,2.2650648807757534,0.6554446434602141,0.328125
466,12,0.001,0.7970799263566732,2.7072763442993164,0.6915308833122253,0.5,1.4886112748645246,0.36033158794759673,0.36545734852552414,0.1159075895945231,1.2665987014770508e-07,3.2810012839945557e-07,13.038196012462466,0.9971673966213526,51.26031605817259,False,0.979769700756151,2.3106585522764362,0.6478605167940259,0.34375
467,12,0.001,0.585031121969223,2.622071474790573,0.20780077576637268,0.75,0.7928321398794651,0.3176096786164214,0.23687034100294113,0.12148197491963703,1.8957588565626793e-07,3.5287047239762614e-07,31.946836984956562,0.9971673966213526,51.27961300802482,False,0.9406382884735649,2.3292620708816685,0.618895941413939,0.359375
468,12,0.001,0.882648728787899,1.9219647943973541,0.46976351737976074,0.25,1.3524586409330368,0.41624653015368274,0.35248513892292976,0.1369822820027669,1.1838145042020187e-07,4.0538199641559913e-07,18.170524767290832,0.9971673966213526,51.30083679459221,False,0.9412646192031389,2.3733972884365357,0.5830611297860742,0.375
469,13,0.001,1.078787511214614,4.460642009973526,0.19132265448570251,0.75,1.2701103957369924,0.28918842471272455,0.31130244955420494,0.11202319463094074,1.4818377280789718e-07,7.525702017119329e-07,6.783957704127111,0.9971673966213526,51.32299664952605,False,0.9472610954799165,2.510890487174038,0.5664537427946925,0.390625
470,13,0.001,1.0770800560712814,2.4331934452056885,0.31466495990753174,0.75,1.3917452245950699,0.3059452661457231,0.2226745616644621,0.10854776700337727,9.189049166025143e-08,4.410618430483737e-07,12.92248320908061,0.9971673966213526,51.34578135525246,False,0.9451811355211248,2.41971759457374,0.5318819554522634,0.421875
471,13,0.001,0.3868748750537634,2.3141507506370544,0.1843082308769226,0.75,0.5711833015084267,0.23021496268393382,0.19924765825271606,0.10218707720438638,9.064873296438236e-08,2.3440554741682718e-07,2.5399443341486396,0.9971673966213526,51.368598718073216,False,0.9328487178681826,2.486043837852776,0.4982333807274699,0.453125
472,13,0.001,0.891471428796649,2.4854718446731567,0.21380957961082458,0.75,1.105395868420601,0.3318618696767446,0.3193129636347294,0.11003684997558594,1.688798221266552e-07,3.7507518868551415e-07,7.604445516121398,0.9971673966213526,51.39118136715581,False,0.9242719725843926,2.502487105783075,0.4535674573853612,0.484375
473,13,0.001,0.772706339135766,2.6548202633857727,0.12198996543884277,0.75,0.894696518778801,0.3426400010487118,0.28692253306508064,0.13108674685160318,1.4031927264568367e-07,3.274710138612136e-07,9.242408502741709,0.9971673966213526,51.41314946723494,False,0.9168447047377413,2.53229460446164,0.4450775822624564,0.5
474,13,0.001,0.7226922865957022,4.151005268096924,0.0,1.0,0.7226925026625395,0.27983797655614373,0.19868697598576546,0.11001253128051758,2.3759073997098312e-07,5.95856249674398e-07,4.6453040134688335,0.9971673966213526,51.4342939895401,False,0.9132841962273233,2.6773395002819598,0.4032680531963706,0.53125
475,13,0.001,0.6662432365119457,1.7246530205011368,0.7755169570446014,0.25,1.4427003609016538,0.33696787566154635,0.37577242963016033,0.09548068046569824,1.6225709487116546e-07,3.463846667273174e-07,6.638064270568325,0.9971673966213526,51.454428674533716,False,0.9128847228712402,2.652148232329637,0.4190899021923542,0.53125
476,13,0.001,0.6563448922242969,1.54789549857378,1.0345573723316193,0.5,1.6909024256747216,0.3114582510306571,0.2922813110053539,0.10943182309468587,8.0300701199576e-08,1.0821711526887157e-07,10.868320199627005,0.9971673966213526,51.47365719981179,False,0.8686586348776473,2.5646343380212784,0.44380959309637547,0.546875
477,13,0.001,0.6430639997124672,2.75167715549469,0.2427586317062378,0.75,0.8858568780124187,0.2608979720596977,0.19227691181004047,0.11666758855183919,9.478794282813396e-08,3.462322410996421e-07,10.344619301873943,0.9971673966213526,51.492298755957655,False,0.859511451839353,2.6550330291502178,0.3994117323309183,0.578125
478,13,0.001,1.7247504889965057,4.99029415845871,0.1662805676460266,0.75,1.891031190752983,0.2427006531782274,0.2747713401913643,0.14023709297180176,1.5811788500741386e-07,3.774820527269185e-07,18.10500724008403,0.9971673966213526,51.510043582419314,False,0.9253427255753195,2.8750478751026094,0.3730737753212452,0.625
479,13,0.001,0.9517586603760719,3.9081509485840797,0.5281668901443481,0.75,1.47992742061615,0.30701383200308263,0.3299129456281662,0.13913536071777344,1.8295314418992348e-07,5.010125505577889e-07,6.72174245392834,0.9971673966213526,51.52695807713804,False,0.872407773960731,2.910976491868496,0.37555572390556335,0.640625
480,13,0.001,0.7649287097156048,4.716451048851013,0.1702478528022766,0.75,0.935526892542839,0.3882041144828865,0.41851332038640976,0.12125269571940103,1.1755360418419514e-07,4.288612558411842e-07,10.685734206783641,0.9971673966213526,51.54324400279478,False,0.8887659188039834,3.0643503051251173,0.37294075824320316,0.65625
481,13,0.001,0.38222698494791985,1.301936399191618,0.7490923404693604,0.5,1.1313195060938597,0.2535761739248205,0.22330383211374283,0.09352445602416992,1.475628863545353e-07,3.0626679858869466e-07,7.336967180111424,0.9971673966213526,51.558569249508274,False,0.811480577904149,2.9182284015696496,0.3788631986826658,0.65625
482,13,0.001,0.8929880633950233,4.289969861507416,0.13965719938278198,0.75,1.0331372283399105,0.29624780532602596,0.2811451070010662,0.12026325861612955,1.6308493400174484e-07,9.111560075325542e-07,8.178674556268167,0.9971673966213526,51.573253594971106,False,0.8174748364690458,3.017146746395156,0.3443710934370756,0.671875
483,13,0.001,0.6900685578584671,1.4233141243457794,0.790194183588028,0.25,1.4804255962371826,0.3387332876230177,0.33531006053090096,0.11817312240600586,1.341104507446289e-07,6.81818505654519e-07,10.627506098070105,0.9971673966213526,51.58744655992571,False,0.8240396762121236,2.942224411992356,0.38077068142592907,0.640625
484,13,0.001,0.7098167072981596,1.6319809406995773,0.7360904216766357,0.25,1.44590725004673,0.1842925626798941,0.11749276891350746,0.09923799832661946,1.0099675762376137e-07,1.5797803598616156e-07,5.536458549465132,0.9971673966213526,51.601019106399086,False,0.8132376748690149,2.924100421136245,0.39741611294448376,0.640625
485,13,0.001,0.9900732059031725,0.7585143726319075,1.6178531348705292,0.0,2.6086238771677017,0.29255534148270396,0.332902230322361,0.12116432189941406,1.8295314418992348e-07,4.554306656245899e-07,31.723961050422314,0.9971673966213526,51.61424660757255,False,0.8076930307870498,2.692717443802394,0.4865742679685354,0.59375
486,13,0.001,0.810226246714592,1.7697321996092796,0.7093877345323563,0.25,1.5196141302585602,0.24296251533085803,0.1825343854725361,0.11101245880126953,1.986821445143505e-07,2.7693346282831044e-07,7.669131990574381,0.9971673966213526,51.62828523266206,False,0.7910146677022567,2.6512511159526184,0.511244441382587,0.5625
487,13,0.001,0.7144464310258627,2.694046437740326,0.39393317699432373,0.75,1.1085855029523373,0.24848328294636532,0.23504435271024704,0.12100362777709961,1.7301904620126152e-07,6.57715020224714e-07,22.86016456352379,0.9971673966213526,51.64317777789263,False,0.8114878899505129,2.674994596396573,0.5243460005149245,0.5625
488,13,0.001,1.106335423886776,3.0444916486740112,0.026410937309265137,0.75,1.134723924100399,0.2793079633784077,0.31973709538578987,0.09736752510070801,1.55634353404821e-07,2.646890209234698e-07,24.001352127292748,0.9971673966213526,51.65895121029318,False,0.8249168896436458,2.7099333341466263,0.5126335853710771,0.5625
489,13,0.001,0.42205357179045677,3.382565438747406,0.0,1.0,0.4220537133514881,0.23753023271049814,0.22647609375417233,0.12329371770222981,1.3245477248347015e-07,2.982461637657252e-07,9.548521149922628,0.9971673966213526,51.67577523089124,False,0.803001091684564,2.7554174076067284,0.5050092125311494,0.578125
490,13,0.001,0.6365848165005445,2.9341330230236053,0.44152551889419556,0.5,1.0781104564666748,0.2425669837341256,0.21459834650158882,0.09466091791788736,1.825392246246338e-07,3.234579253330594e-07,10.198478097773549,0.9971673966213526,51.69319233703609,False,0.7976193748036167,2.679362892289646,0.5326045574620366,0.546875
491,13,0.001,0.6182490005157888,1.7247475162148476,0.5814878046512604,0.5,1.2001768350601196,0.3086906304343334,0.34834664314985275,0.12113499641418457,1.1672576505361576e-07,3.5039474255427194e-07,11.707383967441691,0.9971673966213526,51.7105205253368,False,0.7946197350538569,2.679368798271753,0.5204777354374528,0.5625
492,13,0.001,0.7300799638032913,2.1773931980133057,0.2834616005420685,0.5,1.0135416369885206,0.23678153986530026,0.21988634765148163,0.12272858619689941,1.5811788500741386e-07,4.301557225971919e-07,16.514609861318977,0.9971673966213526,51.72787569028635,False,0.799228177027544,2.7187124044867232,0.47353424970060587,0.5625
493,13,0.001,0.584149275906384,2.3368621468544006,0.2421140968799591,0.25,0.8268797695636749,0.3437027711089071,0.37962544336915016,0.10804168383280435,1.5397866093280754e-07,3.5986960256195744e-07,23.332568469345034,0.9971673966213526,51.74469023785236,False,0.7955460067896638,2.692786466446705,0.47349396627396345,0.53125
494,13,0.001,1.570554569363594,2.9251433312892914,0.7203415930271149,0.5,2.293549507856369,0.3833889881125666,0.48832767829298973,0.11830910046895345,1.038942087916439e-07,2.6513401962802163e-07,24.8587107355771,0.9971673966213526,51.76087653635534,False,0.7859087618126068,2.5637145397486165,0.5081227803602815,0.515625
495,13,0.001,1.3838002756237984,2.2294565588235855,0.7793095111846924,0.25,2.1631764322519302,0.3343410659839115,0.3678932636976242,0.15840729077657062,1.3659398234722175e-07,7.270181185958791e-07,16.748764872934135,0.9971673966213526,51.77877000414442,False,0.8129113627655897,2.4587961403885856,0.523819194175303,0.484375
496,13,0.001,0.8015955090522766,2.5378194451332092,0.584640383720398,0.5,1.386236034333706,0.2954492740158172,0.26471446827054024,0.10819625854492188,2.0696057845270843e-07,5.489111458700791e-07,6.409712870548107,0.9971673966213526,51.79781052182887,False,0.8152030377241317,2.322631665156223,0.5497187273576856,0.46875
497,13,0.001,1.6040707156062126,1.9238518476486206,1.2914785742759705,0.25,2.8957801023498178,0.38581869870600843,0.37967517599463463,0.11261757214864095,9.97549989278923e-08,3.9089698589123145e-07,40.06185419219518,0.9971673966213526,51.81957300242483,False,0.891568270890275,2.3615013806847855,0.5836178669705987,0.453125
498,13,0.001,0.6948193011339754,1.4579520393162966,0.6803502142429352,0.25,1.375971871893853,0.4090728260186608,0.46509307995438576,0.13613382975260416,1.821253050593441e-07,4.246990670253581e-07,43.599947288915445,0.9971673966213526,51.84438925907852,False,0.8791827232489595,2.1845002667978406,0.6174111803993583,0.421875
499,13,0.001,1.5463570207357407,1.5978818833827972,1.334769457578659,0.0,2.8822413980960846,0.3573969887447395,0.4381365403532982,0.09729226430257161,1.1424223345102291e-07,2.0122757860008278e-07,27.48978670044238,0.9971673966213526,51.87331022751668,False,0.9327007521787891,2.195410751737654,0.6514471350237727,0.40625
500,13,0.001,0.8788512870669365,2.1287010312080383,0.4783157706260681,0.5,1.3591465279459953,0.35504041576356143,0.4000062458217144,0.10846773783365884,1.4073319221097336e-07,5.838517722622782e-07,48.94317844898175,0.9971673966213526,51.906434623978164,False,0.9432654134143377,2.226455757394433,0.6353362193331122,0.421875
501,13,0.001,0.577552180737257,2.5527270436286926,0.12893202900886536,0.5,0.7067523966543376,0.3711691349911735,0.44355579651892185,0.1458580493927002,8.692344266592045e-08,3.749494226212846e-07,17.098668698045874,0.9971673966213526,51.94120014711269,False,0.917482849341468,2.338594049331732,0.5422786502167583,0.453125
502,13,0.001,1.1683724289759994,2.4870671927928925,0.6012198030948639,0.5,1.770551934838295,0.30450361550657257,0.31991949677467346,0.1484847068786621,1.3204085291818046e-07,4.00926808197255e-07,42.38002132554841,0.9971673966213526,51.97790105792317,False,0.9398669857328059,2.383427486405708,0.535518154501915,0.46875
503,13,0.001,0.8494006022810936,1.2543631792068481,0.9813317954540253,0.0,1.8308107554912567,0.19007714979290444,0.16124803014099598,0.10400811831156412,1.432167238135662e-07,4.6559799216083775e-07,11.45801143662653,0.9971671596230779,52.01486576728948,False,0.9483016214362578,2.2934472827473655,0.5722305681556463,0.421875
504,13,0.001,1.4790301322937012,2.129042863845825,1.1865879893302917,0.5,2.665806606411934,0.38291508071149827,0.4432462081313133,0.10415816307067871,1.1175870895385742e-07,3.78245715637604e-07,353.2029151802547,0.9971673966213526,52.07255930080797,False,0.9715950407116907,2.236231733695604,0.6447416339069605,0.40625
505,14,0.001,0.6377300024032593,1.9800826609134674,0.5973783433437347,0.5,1.2351085096597672,0.25659720562765204,0.2526911795139313,0.12015922864278156,1.3493828987520828e-07,3.0968021746957675e-07,6.217295642552851,0.9971673966213526,52.13013675715795,False,0.9850748176249908,2.1485765600809827,0.6820777803659439,0.375
506,14,0.001,0.6258750930428505,3.061105377972126,0.3185960650444031,0.75,0.9444712474942207,0.15430402814488567,0.11377943307161331,0.09687336285909016,2.3510720836839027e-07,3.6610154552363383e-07,13.830095698290714,0.9971673966213526,52.18648631480729,False,0.984405459908885,2.1565123322652653,0.6743946895003319,0.390625
507,14,0.001,0.7788539715111256,3.4946610629558563,0.0,1.0,0.7788540832698345,0.18710286366957232,0.12709693796932697,0.1001902421315511,1.7715825606501312e-07,5.25686118635349e-07,7.122863715342021,0.9971673966213526,52.24086184307589,False,0.9944432705960935,2.2671319289365783,0.6380517017096281,0.421875
508,14,0.001,1.1474867016077042,1.9212028682231903,0.9990657269954681,0.25,2.1465524435043335,0.18053541695511774,0.10837841033935547,0.10930482546488443,1.5977356326857262e-07,3.275949040926207e-07,11.380667416357761,0.9971673966213526,52.29295396943343,False,1.0205311917088693,2.251120033324696,0.6827769596129656,0.40625
509,14,0.001,0.2408937681466341,1.5186853855848312,0.3125045448541641,0.25,0.5533984617795795,0.28768197911008947,0.19439049437642097,0.12001395225524902,3.079573218656151e-07,6.170268989080796e-07,16.823570539484212,0.9971673966213526,52.34222956935729,False,0.9990777224738849,2.199983985745348,0.6871763626113534,0.40625
510,14,0.001,1.024330373853445,1.0551610738039017,1.3554636538028717,0.0,2.379794120788574,0.2091899362684034,0.12679699808359146,0.10437631607055664,1.8460883666193695e-07,3.379201416464639e-07,19.01476307966853,0.9971673966213526,52.38855390105128,False,0.9649387102545006,2.083110094652511,0.7268714914098382,0.375
511,14,0.001,0.31844043731689453,2.5099099688231945,0.41203567385673523,0.5,0.7304762061685324,0.1774353955276386,0.10753118991851807,0.106292724609375,2.4007425736272126e-07,3.7504645433728e-07,5.658559469927819,0.9971673966213526,52.432025787513645,False,0.8983537203603191,2.1006384327774867,0.7039168765768409,0.390625
512,14,0.001,1.424833983182907,4.771874338388443,1.1678790152072906,0.5,2.592713162302971,0.2546841261065556,0.19651227816939354,0.10538570086161295,1.8460883666193695e-07,6.793730449317081e-07,20.321475709704966,0.9971673966213526,52.47277474084255,False,0.9373061249934835,2.240266863605939,0.7403692910447717,0.390625
513,14,0.001,1.181634577922523,1.7981470301747322,1.1296224892139435,0.5,2.3112571153324097,0.15343331893392123,0.08820637222379446,0.10068170229593912,1.9123156391742668e-07,5.390105570768355e-07,30.623658511640006,0.9971673966213526,52.51111711033001,False,0.9109038663882529,2.232410312513821,0.730253285728395,0.40625
514,14,0.001,1.3889160454273224,2.0620287656784058,0.7768426537513733,0.25,2.165758728981018,0.20544005793214665,0.12401548959314823,0.11074256896972656,2.872612867577118e-07,8.710388215149578e-07,15.729391695069964,0.9971673966213526,52.546658569178845,False,0.9542849129065871,2.2701651079114527,0.7362840631976724,0.40625
515,14,0.001,0.6604575146920979,1.8521146923303604,0.8003593683242798,0.25,1.4608169929124415,0.25395417117352603,0.16632398590445518,0.10750277837117513,2.4007425736272126e-07,4.742435635307629e-07,14.457195010012379,0.9971673966213526,52.57987561048743,False,0.8989161937788595,2.2860546584706753,0.7028834326192737,0.421875
516,14,0.001,0.7530688912374899,3.4454422891139984,0.15938341617584229,0.75,0.9124524593353271,0.25118551848627635,0.1740547250956297,0.10143534342447916,2.1855036891338386e-07,9.614325335860485e-07,24.75511511646168,0.9971673966213526,52.61065425630014,False,0.891054794039519,2.368350987089798,0.6829501604661345,0.4375
517,14,0.001,0.9523969031870365,0.9834717959165573,1.355219453573227,0.0,2.3076164424419403,0.20702878999268481,0.15998971462249756,0.09898980458577473,1.738468853318409e-07,6.037622597432346e-07,28.058977718053512,0.9971673966213526,52.639825560702576,False,0.9144825891926303,2.2702725341077894,0.7595931245014071,0.40625
518,14,0.001,0.9539229664951563,1.3147809281945229,1.0254364013671875,0.0,1.9793593883514404,0.19898847846621656,0.1474075522273779,0.09313853581746419,1.7964177345675125e-07,5.373883595893858e-07,8.12098001793321,0.9971673966213526,52.6670060979336,False,0.9010794977875776,2.1970046425703913,0.7861066618934274,0.375
519,14,0.001,0.8402463719248772,1.6803991496562958,0.623188704252243,0.25,1.463435111567378,0.16681282292961538,0.11348354071378708,0.10543282826741536,1.9702646625319176e-07,5.247694048193807e-07,12.84948048175034,0.9971673966213526,52.69259887120084,False,0.900507358390314,2.2236318907234818,0.763722718693316,0.390625
520,14,0.001,1.124472513794899,1.334188461303711,1.176578402519226,0.0,2.3010509312152863,0.18847696825490118,0.15381759032607079,0.09191521008809407,1.9371509552001953e-07,1.0050509899883764e-06,7.810197530940805,0.9971673966213526,52.7165374862564,False,0.8783475072341389,2.1739534905645996,0.7630971195176244,0.359375
521,14,0.001,0.7210789239034057,0.9353541843593121,1.1720190644264221,0.0,1.8930981159210205,0.258094773195458,0.17537736892700195,0.11196597417195638,2.3096799850463867e-07,6.184100698192196e-07,6.776090176808081,0.9971673966213526,52.73882769748222,False,0.883556814827898,2.108657960779965,0.7990121645852923,0.328125
522,14,0.001,1.3388268947601318,1.7231328040361404,1.342360645532608,0.25,2.681187614798546,0.2341077279994895,0.17594526521861553,0.10364508628845215,1.2955732131558761e-07,5.522747414943296e-07,18.33464081444047,0.9971673966213526,52.7597546105816,False,0.9281163024352281,2.025034674908966,0.8629974508658051,0.296875
523,14,0.001,1.2170648872852325,2.1298197209835052,0.6663411557674408,0.5,1.8834062218666077,0.25831040003836403,0.20700985938310623,0.09891923268636067,2.0944409584444657e-07,4.5126412828722096e-07,9.655838362335915,0.9971673966213526,52.77949082164549,False,0.9555044846711098,1.9397320910356939,0.9046437731012702,0.265625
524,14,0.001,1.0127486735582352,1.0416545048356056,1.3573885262012482,0.0,2.3701372742652893,0.2040809945018976,0.17440977692604065,0.10136214892069498,2.773271603473404e-07,9.12461700863787e-07,28.99602142817365,0.9971673966213526,52.79827317606275,False,0.947083357918018,1.8847603183239698,0.9270389480516315,0.25
525,14,0.001,1.422383040189743,2.700515255331993,0.5320038795471191,0.5,1.9543870091438293,0.18776625299923472,0.10785458795726299,0.09982538223266602,2.60770320892334e-07,7.177700354077388e-07,13.146182608666942,0.9971673966213526,52.81572779295671,False,1.0209264374207123,1.9586246851831675,0.9407576564699411,0.265625
526,14,0.001,0.8741895705461502,1.6287412345409393,0.7525904476642609,0.25,1.6267801225185394,0.2092030048644957,0.12667487747967243,0.1039579709370931,1.6722414386549644e-07,6.560178462677868e-07,23.19103276977348,0.9971673966213526,52.832176398051296,False,1.0115426372140064,1.9944734452292323,0.903078081086278,0.28125
527,14,0.001,0.8640991263091564,1.0472669899463654,1.2031264901161194,0.0,2.0672258138656616,0.27077419403496167,0.18008187040686607,0.10874525705973306,2.5911464263117523e-07,6.780988996979431e-07,12.197406758781755,0.9971673966213526,52.84769266653586,False,1.0456463052760228,1.9030582590494305,0.9525212571024895,0.25
528,14,0.001,1.452265352010727,1.4422992544714361,1.3962604403495789,0.0,2.8485257625579834,0.17910123286302396,0.11121785175055265,0.1036984920501709,1.7219119285982742e-07,3.2921792580964393e-07,14.601270925628839,0.9971673966213526,52.862556392824715,False,1.0473607658277615,1.6949598163046176,0.9667950961738825,0.21875
529,14,0.001,0.8961425200104713,2.796315371990204,0.30606716871261597,0.5,1.2022098153829575,0.21663074217141906,0.13564445823431015,0.10644904772440592,1.9247333682415046e-07,5.032662215853634e-07,27.513255927404625,0.9971673966213526,52.87678191793179,False,1.0295175122082583,1.7573453376680845,0.9153228886425495,0.21875
530,14,0.001,0.6105803828686476,1.5043408125638962,0.7494673132896423,0.5,1.360047833994031,0.24244862638656564,0.1406267136335373,0.10959871610005696,2.558032576871483e-07,6.937528951311833e-07,11.19169891463709,0.9971673966213526,52.89036531543422,False,0.9808715332983411,1.7224898405984277,0.9136119298636913,0.234375
531,14,0.001,1.238656111061573,1.767544001340866,0.9342868626117706,0.25,2.1729430481791496,0.16941651550608505,0.08887883555144072,0.10882488886515299,2.1937820804396324e-07,1.103699332816177e-06,28.56215262428009,0.9971673966213526,52.90371219693888,False,1.0170089455714333,1.7172041724115843,0.9219823982566595,0.234375
532,14,0.001,1.7053777575492859,1.5086248368024826,1.5830472707748413,0.0,3.288425087928772,0.19435206734240051,0.10832798294723034,0.1004035472869873,3.1375222420138016e-07,1.1264166914770612e-06,32.546760943476094,0.9971673966213526,52.91632075884017,False,1.0765282497159205,1.5961530816421146,1.010961389169097,0.1875
533,14,0.001,0.47522680554538965,1.2796874940395355,0.5818336606025696,0.0,1.0570605099201202,0.16415416244350958,0.09023199789226055,0.10456228256225586,1.9619862712261238e-07,5.406928380580212e-07,13.913951130098914,0.9971673966213526,52.92826780412349,False,1.0467051186133176,1.6146665627748007,0.9626247771084309,0.1875
534,14,0.001,0.8140169084072113,1.113256812095642,1.0870543718338013,0.0,1.9010713696479797,0.16813364010080303,0.09482815768569708,0.10658804575602213,3.2782554626464844e-07,7.614924015797442e-07,25.79269890908599,0.9971673966213526,52.93982682059761,False,1.037960989982821,1.6020713055186206,0.9664759002625942,0.1875
535,14,0.001,1.4951902199536562,2.0041251480579376,0.8773594200611115,0.0,2.372549705207348,0.1680510643850005,0.08900189399719238,0.10210601488749185,2.2682878864088707e-07,6.74113948662125e-07,20.25443025257869,0.9971673966213526,52.95072474528679,False,1.0788949804846197,1.6223041804187233,0.9823615700006485,0.171875
536,14,0.001,0.9807596802711487,2.484712317585945,0.6379395723342896,0.5,1.6186993271112442,0.21517428048271214,0.14020155742764473,0.10548877716064453,2.814663844219467e-07,9.354899930258398e-07,20.09755034335042,0.9971673966213526,52.96121081569833,False,1.0699129283893853,1.694211921436363,0.94869664311409,0.203125
537,14,0.001,0.819653183221817,2.254849910736084,0.5077953636646271,0.25,1.3274486511945724,0.19468176001898058,0.1089478237554431,0.11524009704589842,2.8891696501887054e-07,1.216806708725926e-06,75.99437860268415,0.9971673966213526,52.9710324459957,False,1.076073819596786,1.7766804043349111,0.9071826618164778,0.21875
538,14,0.001,0.34189612604677677,0.9334374666213989,0.7947530001401901,0.0,1.1366491913795471,0.21244960063172802,0.12893543019890785,0.10815938313802083,2.1441115904963226e-07,3.8000681001904013e-07,11.160154892338413,0.9971673966213526,52.98064894136953,False,1.0137656465522014,1.7273244457464898,0.8729571839794517,0.203125
539,14,0.001,0.5445088285487145,2.3272100389003754,0.415435254573822,0.5,0.9599441438913345,0.17281786187871565,0.09421855211257935,0.10070474942525227,2.5911464263117523e-07,6.811110893067962e-07,8.23241114482086,0.9971673966213526,52.990065521255374,False,0.971730892881169,1.7396613406162942,0.8572755651548505,0.203125
540,14,0.001,1.2414919398725033,2.2039726190268993,0.5016801357269287,0.5,1.743172138929367,0.19950448702775248,0.10662042163312435,0.10925928751627603,2.566311252394371e-07,9.541271310808952e-07,20.151802117882465,0.9971673966213526,52.999031045822576,False,0.9860273470258107,1.81230622275325,0.8037937907502055,0.234375
541,15,0.001,0.4492620434612036,1.508156642317772,0.3991977423429489,0.5,0.8484598807990551,0.1831453584987201,0.11249031499028206,0.10502401987711588,2.773271603473404e-07,7.20689058653079e-07,10.6365877321512,0.9971673966213526,53.0076599709558,False,0.925207284730277,1.7377838094398612,0.7954934071749449,0.234375
542,15,0.001,0.934951538220048,2.0380512475967407,0.4692416191101074,0.5,1.4041931387037039,0.18806594678685504,0.10898186825215816,0.11160103480021158,3.4107102919733734e-07,9.55050154516357e-07,28.09759674778099,0.9971673966213526,53.016154865261335,False,0.9290049077098956,1.7633656852558488,0.7777841053903103,0.25
543,15,0.001,0.7927325824275613,2.1732944548130035,0.08785492181777954,0.5,0.8805875983089209,0.1946767482143648,0.10903338342905045,0.11055676142374674,1.697076754680893e-07,4.0608367157801695e-07,8.942533145541875,0.9971673966213526,53.02425052156057,False,0.9245444987172959,1.8337424018100137,0.708079632371664,0.28125
544,15,0.001,1.3890438377857208,2.4491052329540253,0.762914627790451,0.25,2.1519584953784943,0.1601301985201268,0.09959351550787687,0.11000585556030273,2.2848446690204582e-07,5.143423322806484e-07,25.339079474505652,0.9971673966213526,53.032059640017394,False,0.9205931540782331,1.8966677754651755,0.6684955190867186,0.296875
545,15,0.001,0.5682012513279915,1.0710546970367432,0.8834409415721893,0.0,1.451642245054245,0.1753420483165079,0.11545964051038027,0.10335278511047363,2.2848446690204582e-07,6.430760208786523e-07,8.934596134425806,0.9971673966213526,53.03958335391031,False,0.9000968247855781,1.7888389832805842,0.7045813798904419,0.265625
546,15,0.001,1.0885563790798187,2.6967005729675293,0.6208167374134064,0.25,1.709373190999031,0.13346042688750037,0.08338773157447577,0.10081044832865396,2.218617396465561e-07,3.680576128317625e-07,9.99695168895996,0.9971673966213526,53.046719681637455,False,0.9299703245487763,1.8633614683058113,0.6965407188981771,0.25
547,15,0.001,1.4252641201019287,1.8787956237792969,0.932762861251831,0.0,2.358027011156082,0.18725138816766812,0.11198237724602222,0.1064005692799886,2.7567148208618164e-07,6.949313728910056e-07,28.422627690485253,0.9971673966213526,53.05323100833869,False,0.9416333251137985,1.8703146947082132,0.6964454688131809,0.234375
548,15,0.001,0.38381688110530376,1.370101660490036,0.5009144842624664,0.5,0.8847314454615116,0.1914300415566696,0.11354746110737324,0.10832071304321289,2.3510720836839027e-07,6.090430133554037e-07,5.853459469227608,0.9971673966213526,53.05937207707724,False,0.8590357703360496,1.8616569961886853,0.6288121696561575,0.265625
549,15,0.001,1.8643300421535969,2.796791523694992,0.8527894914150238,0.25,2.7171196043491364,0.18361357310545487,0.12276091612875462,0.10803643862406412,1.688798221266552e-07,6.737730586792168e-07,27.365171103115227,0.9971673966213526,53.06528843394675,False,0.9458547226240626,1.9564759980421513,0.6457469090819359,0.28125
550,15,0.001,1.6584312915802002,2.647484213113785,0.5126927196979523,0.5,2.171124115586281,0.22637553348626863,0.13554273173213005,0.09954802195231119,2.1606683731079102e-07,4.1888532109624066e-07,11.167162998735948,0.9971673966213526,53.07099090758472,False,0.9986306215723744,2.0523652106057853,0.6098493058234453,0.3125
551,15,0.001,0.5091075707459822,1.5906887352466583,0.7274055927991867,0.5,1.2365132773993537,0.21288482082508794,0.13575546443462372,0.10350282986958821,2.077884175832878e-07,5.332866521712276e-07,18.310790227718865,0.9971673966213526,53.07661385441734,False,0.9370004559968947,2.0265254348050803,0.600477191619575,0.34375
552,15,0.001,0.858566403388977,2.689351350069046,0.9345578253269196,0.25,1.7931242287158966,0.1624563698521345,0.1017684293910861,0.10167996088663736,1.5894572413799324e-07,9.419330808668747e-07,15.922116396493736,0.9971673966213526,53.08189769384072,False,0.929363376191759,2.039315374335274,0.6190158324316144,0.328125
553,15,0.001,0.5441702380776405,1.1459502577781677,0.7845143973827362,0.0,1.3286847621202469,0.26897519403972286,0.16380326449871063,0.1058807373046875,1.8129746592876472e-07,6.493405635410454e-07,8.126703884661046,0.9971673966213526,53.08683890926962,False,0.912145692120248,1.9700091460254043,0.6363107720389962,0.3125
554,15,0.001,0.6487514711916447,1.9528508484363556,0.5635697245597839,0.25,1.2123212367296219,0.1774675544282553,0.10201132111251354,0.10601067543029785,1.8460883666193695e-07,1.0388534974481445e-06,10.140048314209839,0.9971673966213526,53.09147697420651,False,0.9313241511918022,2.033722482388839,0.6218618173152208,0.328125
555,15,0.001,0.637418469414115,2.2523935735225677,0.29685884714126587,0.25,0.9342774376273155,0.2169699327813147,0.1393762044608593,0.10196193059285481,2.814663844219467e-07,1.2291021675991942e-06,22.56219339570521,0.9971673966213526,53.09575699737191,False,0.9371310037458898,2.029046453302726,0.6144507918506861,0.3125
556,15,0.001,1.0637693852186203,2.562799870967865,0.3635561466217041,0.5,1.4273256361484528,0.1921447281878052,0.1227568481117487,0.09856939315795898,2.1523899818021164e-07,9.396557061336352e-07,8.953620409912407,0.9971673966213526,53.09984744979998,False,0.9260233440800221,2.0514731565490365,0.6058180425316095,0.3125
557,15,0.001,0.5943257194012403,1.291979968547821,0.7343302965164185,0.25,1.3286560587584972,0.23045284864149396,0.1417916938662529,0.11663786570231119,2.218617396465561e-07,8.144193088810425e-07,12.699270293892887,0.9971673966213526,53.10367451870482,False,0.9350898238262744,2.0379621144384146,0.6267638271674514,0.296875
558,15,0.001,1.0019431412220001,1.6091611981391907,0.7790763080120087,0.0,1.7810195237398148,0.18279926699974797,0.13077938184142113,0.10284280776977539,2.3262369097665214e-07,6.429944505725871e-07,19.12292032436463,0.9971673966213526,53.107575969318994,False,0.9392767990138964,2.0111564863473177,0.6461284952238202,0.265625
559,15,0.001,0.8121798280626535,1.1874896585941315,1.0225117206573486,0.25,1.8346915729343891,0.1778749715299413,0.12729358300566673,0.10740200678507486,2.558032576871483e-07,8.259708010882605e-07,25.175931272153537,0.9971673966213526,53.11147745198574,False,0.9404922518660896,1.9495436865836382,0.7045445451512933,0.25
560,15,0.001,0.5485467612743378,1.9907571440562606,0.8076530694961548,0.5,1.3561999052762985,0.24644484209490972,0.14968603290617466,0.10824545224507649,2.342793692378109e-07,7.271462436619913e-07,8.029129541533505,0.9971673966213526,53.11534298194563,False,0.8879611845841282,1.920896931027528,0.7073406977578998,0.265625
561,15,0.001,0.8764887256547809,1.8856923878192902,0.44480830430984497,0.5,1.3212971379980445,0.22477500499570077,0.1387250181287527,0.10736640294392903,1.9702646625319176e-07,1.0899329936364666e-06,17.617866767851364,0.9971673966213526,53.11891792793619,False,0.9072291517295525,1.971811786701437,0.6799261579290032,0.296875
562,15,0.001,1.4739670604467392,2.818857491016388,0.5937952995300293,0.25,2.067762389779091,0.18572948881733628,0.09786504693329334,0.10066088040669759,2.3759073997098312e-07,8.185684237105306e-07,19.478662684235438,0.9971673966213526,53.1225196083803,False,0.9313173193149851,1.9794465940794908,0.6782373180612922,0.296875
563,15,0.001,0.773393452167511,1.4818350672721863,0.7487316727638245,0.25,1.5221252143383026,0.14034614196321538,0.08323314413428307,0.10094841321309407,1.60601402399152e-07,3.9729371792418533e-07,17.603007198943573,0.9971673966213526,53.1259036090624,False,0.890575402569084,1.9546365592977963,0.6667353687807918,0.3125
564,15,0.001,0.9996348991990089,3.465503975749016,0.39632171392440796,0.75,1.395956702530384,0.21585054144218274,0.14966462552547455,0.10730417569478352,2.2268957877713547e-07,9.348840421807836e-07,5.997954805501483,0.9971673966213526,53.1292672112726,False,0.9290640286999405,2.0855992040014826,0.6601983206346631,0.328125
565,15,0.001,1.0055769328027964,3.19072824716568,0.3866395354270935,0.75,1.3922166754491627,0.2611640908636707,0.20286785438656807,0.09928528467814127,2.3179583763521805e-07,1.1037988087991835e-06,12.823367218987837,0.9971673966213526,53.1325905115338,False,0.8753919593655155,2.1102202492184006,0.6310639483854175,0.359375
566,15,0.001,0.5994980505201966,1.6114655435085297,0.5297919511795044,0.5,1.1292901879642159,0.31676418365970344,0.23635968938469887,0.10715572039286295,1.9205941725886078e-07,5.105661671223061e-07,20.563265799856094,0.9971671596230779,53.13584716879993,False,0.8092086317992653,2.045469082368072,0.6321326503530145,0.359375
567,15,0.001,1.2234640344977379,1.6880518198013306,0.9857030510902405,0.25,2.2091672718524933,0.32130493279281647,0.29374008625745773,0.09125169118245442,2.2434525703829422e-07,3.9606211998943763e-07,30.668034101490843,0.9971673966213526,53.13946610558747,False,0.85385591078375,2.051554275152739,0.6482762414962053,0.34375
568,15,0.001,0.8860403739381582,1.6817925423383713,0.6251000910997391,0.25,1.5111405700445175,0.26423216659028825,0.20719146355986595,0.12122829755147298,2.2848446690204582e-07,3.9564633880218025e-07,13.680678919846004,0.9971673966213526,53.14355477288173,False,0.8555730339430738,1.988581849669572,0.6289351331070065,0.34375
569,15,0.001,0.6158994846045971,1.4687028229236603,0.7802457213401794,0.25,1.3961453139781952,0.2737109357246991,0.19178316742181778,0.12336246172587076,1.95370787992033e-07,5.977386763333925e-07,8.21980775804851,0.9971673966213526,53.148057652226534,False,0.8600561118510086,2.0087538849911653,0.6286683408543468,0.359375
570,15,0.001,1.2840608060359955,2.7740036249160767,0.5655457377433777,0.75,1.8496068269014359,0.2585040106570909,0.18873773328959942,0.09455569585164388,1.9205941725886078e-07,7.372910886260797e-07,12.131309114728822,0.9971673966213526,53.152974983478025,False,0.8997629452787805,2.060075933521148,0.6287918416783214,0.390625
571,15,0.001,0.751602242467925,2.3576988223940134,0.6461207270622253,0.5,1.3977231442695484,0.28341152442770007,0.2222529798746109,0.12569308280944824,1.9371509552001953e-07,8.257616173068527e-07,46.67925477816013,0.9971673966213526,53.1582427861514,False,0.9068994310946437,2.066657511575613,0.6506207091733813,0.40625
572,15,0.001,0.8299052342772484,2.511344440281391,0.9046267867088318,0.25,1.734532155096531,0.21257355019232907,0.13269821926951408,0.09620221455891927,2.649095449669403e-07,1.5833832094358513e-06,8.94321736812495,0.9971673966213526,53.16372835995621,False,0.8922829216608079,2.0634415471577086,0.6844376241788268,0.390625
573,15,0.001,0.5987986475229263,2.0742414444684982,0.7018444538116455,0.5,1.3006432801485062,0.21437312650487655,0.13231507316231728,0.11386386553446451,2.2931232024347992e-07,1.0586604730633553e-06,6.529705413206436,0.9971673966213526,53.16929303203205,False,0.8925624796684133,2.112332889402751,0.6824072590097785,0.40625
574,15,0.001,0.7272617407143116,1.2411341816186905,0.8724219352006912,0.0,1.5996837615966797,0.23565085845379208,0.22538286447525024,0.09799806276957193,1.514951435410694e-07,8.74542251949606e-07,12.018352137601697,0.9971673966213526,53.175126168411325,False,0.8753948921366828,2.0893312008702196,0.6882413607090712,0.40625
575,15,0.001,0.943925641477108,1.555823266506195,0.7743967473506927,0.0,1.7183225452899933,0.2296754654061238,0.2080296352505684,0.10545667012532552,1.7301904620126152e-07,8.245524441008456e-07,40.784467245016934,0.9971673966213526,53.18136394670439,False,0.8836290054750862,2.1123520513647236,0.6727341748774052,0.390625
576,15,0.001,1.029741257429123,0.6768150106072426,1.739220678806305,0.0,2.7689620554447174,0.2611977942687705,0.22490489948540926,0.09293850262959798,2.9305616067176743e-07,6.938628303032601e-07,20.78762465686495,0.9971673966213526,53.18847456738341,False,0.9137036614847602,2.03023066802416,0.7309571504592896,0.359375
577,16,0.001,0.5745831802487373,2.614411309361458,0.2908670902252197,0.75,0.8654503896832466,0.24521686521823402,0.15502388030290604,0.10167646408081055,2.6739306235867843e-07,1.1065442322433228e-06,4.202996103474422,0.9971673966213526,53.19628551404145,False,0.8948345648968825,2.0757756006205454,0.7213358245790005,0.375
578,16,0.001,0.9806233197450638,3.634208858013153,0.3747382164001465,0.5,1.3553616255521774,0.22631228000672615,0.1375528872013092,0.11160874366760254,1.8460883666193695e-07,7.516973710153252e-07,7.060110164442261,0.9971673966213526,53.20451827731219,False,0.8640005811030278,2.1267350610578433,0.7076447568833828,0.390625
579,16,0.001,0.5709040984511375,3.2058926224708557,0.1643792688846588,0.5,0.7352834790945053,0.1948701042499376,0.1457066535949707,0.10581207275390625,2.4504132056790695e-07,7.305127951440227e-07,9.246810847151524,0.9971673966213526,53.21290757662158,False,0.8513449964957545,2.23448865825776,0.6711227316409349,0.40625
580,16,0.001,0.8187555745244026,3.76735258102417,0.0,1.0,0.8187557011842728,0.23029395053095242,0.14577056095004082,0.10326266288757324,1.564621925354004e-07,1.1415811513870722e-06,6.082688317948073,0.9971671596230779,53.22139620097323,False,0.8400400387035916,2.2533541960874572,0.6463526245206594,0.421875
581,16,0.001,0.945374920964241,1.7408526241779327,0.5908166468143463,0.0,1.5361917093396187,0.22307083735627806,0.18030591774731874,0.09817425409952799,2.4586915969848633e-07,1.0435971944389166e-06,36.008207378467084,0.9971673966213526,53.22987608134473,False,0.8362774129636819,2.162736969650723,0.6591136939823627,0.375
582,16,0.001,0.8893731571733952,3.3835299611091614,0.2776585519313812,0.25,1.1670319139957428,0.23139522393389736,0.1746279876679182,0.08952498435974121,2.036492077195362e-07,5.607475372926274e-07,66.46841726124161,0.9971673966213526,53.23851691225772,False,0.8543946071295068,2.2734909957507625,0.643355356529355,0.359375
583,16,0.001,0.6916807815432549,2.123277049511671,0.35258913040161133,0.75,1.0442700237035751,0.23725168962590898,0.14056899771094322,0.10285162925720215,1.6722414386549644e-07,5.264894866741088e-07,7.333144113439546,0.9971673966213526,53.2477202750684,False,0.8211581538198516,2.300692572607659,0.6037857364863157,0.390625
584,16,0.001,1.3998748660087585,4.5449299812316895,0.10430985689163208,0.75,1.504184901714325,0.18864047788959493,0.11835011281073093,0.1056076685587565,1.8295314418992348e-07,4.464289986572112e-07,25.266086095797743,0.9971673966213526,53.25751495686158,False,0.8532728095742641,2.479638662538491,0.571236346848309,0.421875
585,16,0.001,0.7466384880244732,1.7425168007612228,1.052125483751297,0.25,1.798764037899673,0.22253984909271213,0.13329587504267693,0.10443886121114095,2.2351741790771484e-07,4.823709787160624e-07,14.507834789433492,0.9971673966213526,53.267716474361606,False,0.8614439972880064,2.496752036153339,0.5882288319990039,0.421875
586,16,0.001,0.9464140525087714,1.521588310599327,0.8111200779676437,0.0,1.7575341910123825,0.25216160782105057,0.16953258402645588,0.09766467412312825,2.4504132056790695e-07,6.053627430446795e-07,18.107530008138376,0.9971673966213526,53.27816760110256,False,0.8403410751925549,2.418476079008542,0.6035772282630205,0.375
587,16,0.001,0.6608538804575801,1.384741224348545,0.8076569736003876,0.25,1.4685110487043858,0.337596054699043,0.2768227905035019,0.12269242604573566,1.5811788500741386e-07,8.223283884944976e-07,13.927139827327217,0.9971673966213526,53.288797800807274,False,0.8346693025669083,2.3576662291307002,0.6136732436716557,0.359375
588,16,0.001,0.643018533475697,0.6313428431749344,1.397970050573349,0.0,2.040988862514496,0.3733057830805016,0.27488982677459717,0.11649243036905924,2.4090209649330063e-07,1.291400394620723e-06,10.25886906046249,0.9971673966213526,53.299569105898584,False,0.8229888837668113,2.2401661293115467,0.644507197663188,0.34375
589,16,0.001,1.559400336467661,1.3667698809877038,1.9110726714134216,0.25,3.470473002525978,0.16253873591275284,0.10332492552697659,0.10738444328308105,1.60601402399152e-07,7.406415534205735e-07,28.30905121935659,0.9971673966213526,53.310671267343395,False,0.8830264893258573,2.195949156593997,0.720083961263299,0.328125
590,16,0.001,0.3268582187592983,1.8285565041005611,0.45278695225715637,0.5,0.7796454196795821,0.3727275245947631,0.281693410128355,0.11615435282389322,1.7136335372924805e-07,4.7070454911590787e-07,5.310599149997675,0.9971673966213526,53.32201429342409,False,0.8580012692036689,2.232663051749114,0.6938567748293281,0.359375
591,16,0.001,2.287251725792885,1.4351560473442078,2.238390028476715,0.0,4.525642037391663,0.24128138436331523,0.18327097222208977,0.10653424263000488,2.3593504749896965e-07,6.626012236665701e-07,28.680417393212384,0.9971673966213526,53.33342943031473,False,0.941959149473405,2.2251213505514897,0.7853563548997045,0.359375
592,16,0.001,1.849397644167766,1.4190603531897068,2.0212648510932922,0.25,3.87066277267877,0.3138346513362616,0.22761393710970879,0.11314050356547037,1.8957588565626793e-07,6.715609970342484e-07,19.320279178835943,0.9971673966213526,53.344960523767476,False,0.9931876736445702,2.2715116844628938,0.8029841156676412,0.375
593,16,0.001,0.6220074221491814,3.677881609648466,0.7556546330451965,0.5,1.3776624128222466,0.4089580431656746,0.3086966723203659,0.11478654543558756,3.038181262127182e-07,5.820974138259771e-07,6.95284332936119,0.9971673966213526,53.35716422027104,False,0.9961516887633479,2.3379785782308318,0.8320333370938897,0.359375
594,16,0.001,0.1936209489358589,3.1556875109672546,0.1238638162612915,0.75,0.31748495309147984,0.23819525427742788,0.16827531903982162,0.10370723406473795,2.524919011648308e-07,5.205760089666001e-07,5.501606679861488,0.9971673966213526,53.369700013280635,False,0.9469640405877726,2.308070994040463,0.8163536870852113,0.375
595,16,0.001,1.066841959953308,2.2219203114509583,0.49056047201156616,0.75,1.557402566075325,0.2486820150366631,0.18480215594172478,0.10400787989298502,1.8295314418992348e-07,6.675008989986964e-07,15.51348907551437,0.9971673966213526,53.38235430047704,False,0.9779601569316583,2.2465727246017195,0.836740012280643,0.390625
596,16,0.001,1.352910753339529,2.1198089122772217,1.216452717781067,0.25,2.5693636164069176,0.2675289905270381,0.18707816489040852,0.11128966013590494,2.2351741790771484e-07,6.353945423143159e-07,22.74719096069751,0.9971673966213526,53.39505051484171,False,1.0113448556076037,2.1436012453050353,0.9127683071419597,0.34375
597,16,0.001,1.0602491199970245,2.3891774117946625,0.5211826264858246,0.5,1.5814320296049118,0.3685493853052651,0.25888628140091896,0.10010417302449544,1.862645149230957e-07,8.833517313178163e-07,49.814059204118166,0.9971673966213526,53.40840215015685,False,1.0185244930471526,2.184121544531081,0.9084161808714271,0.375
598,16,0.001,0.7499781084188726,1.992864452302456,0.5089348554611206,0.5,1.2589130444976036,0.2640015200725846,0.18200895935297012,0.09629440307617188,2.640817058363609e-07,3.801174841555621e-07,4.78053099661641,0.9971673966213526,53.42155948480982,False,1.009812302499995,2.097204950230662,0.9228709498420358,0.390625
599,16,0.001,1.2813594341278076,2.3434954285621643,0.32415828108787537,0.0,1.6055178344249725,0.1666125669995322,0.1226391103118658,0.09742267926534016,1.8502275622722664e-07,1.0441312952025328e-06,51.90844793884485,0.9971673966213526,53.436855806315144,False,1.0466672182865295,2.1109685989213176,0.9210940217599273,0.34375
600,16,0.001,0.8465230576694012,1.6429725289344788,0.8339572548866272,0.5,1.6804804056882858,0.30608999294287403,0.20872892066836357,0.1110545794169108,2.392464182321419e-07,6.419650731004367e-07,10.31261463681877,0.9971673966213526,53.45494472290957,False,1.0120827302653197,1.929596258152742,0.9666969841346145,0.328125
601,16,0.001,1.904658854007721,1.807740144431591,1.8972179293632507,0.5,3.8018769174814224,0.21144944368036,0.17609288729727268,0.12356940905253092,3.6176709272695007e-07,8.552093504476943e-07,31.48207040720012,0.9971673966213526,53.47514298972003,False,1.0844590031392727,1.93367271713214,1.0195152619853616,0.34375
602,16,0.001,0.3812147390563041,1.4544219225645065,0.5646606087684631,0.5,0.9458754914812744,0.2900619663888143,0.20776038616895676,0.10154279073079427,1.9371509552001953e-07,5.288620172905212e-07,10.657197195014,0.9971673966213526,53.49633528922849,False,1.0491340460484935,1.9294748178799637,1.0041115451604128,0.375
603,16,0.001,0.6261296777520329,1.7394103705883026,0.5516229569911957,0.25,1.1777527639642358,0.2689326745064915,0.1452662032097578,0.11108986536661783,1.655684656043377e-07,7.341210448430502e-07,9.203115817151417,0.9971673966213526,53.51799535569926,False,1.0469637833793968,1.9516416395199485,0.9881094191223383,0.375
604,16,0.001,1.070323683321476,2.873763471841812,0.2694772779941559,0.75,1.3398010581731796,0.23840255102542335,0.15598213858902454,0.10398681958516438,2.3096799850463867e-07,5.602307169283449e-07,22.24665389261591,0.9971673966213526,53.53982167807456,False,1.073670355244758,2.0917929288116284,0.9175786208361387,0.421875
605,16,0.001,0.9074455845402554,2.1816379129886627,1.077612429857254,0.25,1.9850581444334239,0.23587452322315874,0.15070541203022003,0.10684490203857422,2.599424817617546e-07,1.135981051447743e-06,19.19244358549635,0.9971673966213526,53.56134473750322,False,1.032923183249295,2.1427221808116883,0.8654873557388783,0.421875
606,16,0.001,0.852028526365757,1.3976241946220398,1.0247054696083069,0.25,1.8767340779304504,0.2328754427604208,0.1388069223612547,0.09189152717590332,3.4438238571965485e-07,7.137134616641561e-07,13.9832460552941,0.9971673966213526,53.58248998983696,False,1.0657463274746988,2.1157889114692807,0.9012322630733252,0.40625
607,16,0.001,1.491924874484539,1.8837096393108368,0.9945095777511597,0.0,2.4864346385002136,0.3683479162980451,0.22435259819030762,0.1160289446512858,2.3096799850463867e-07,8.181095267900673e-07,19.023339635767105,0.9971673966213526,53.60250941571566,False,1.0160383992679272,2.143823510967195,0.8234897349029779,0.40625
608,16,0.001,0.6659947000443935,1.348948985338211,0.7160910665988922,0.25,1.382085919380188,0.3054307052551618,0.19308818317949772,0.11272048950195312,4.627638361398567e-07,5.949539172434015e-07,14.878582869380445,0.9971673966213526,53.622523583454615,False,0.9420757152602164,2.1394415504764766,0.7419163733720779,0.40625
609,16,0.001,1.6804341524839401,1.7793723493814468,1.3385403156280518,0.5,3.018974646925926,0.2863177166964534,0.16491634771227837,0.0958572228749593,1.9205941725886078e-07,1.1829579307232052e-06,41.70760235548298,0.9971673966213526,53.64359350249177,False,1.0082273859061388,2.020784721709788,0.7783467285335064,0.40625
610,16,0.001,0.8991760909557343,1.6243029534816742,0.9190488159656525,0.25,1.8182251453399658,0.3519404434378458,0.18546631187200546,0.10260279973347981,2.864334476271324e-07,6.638580316575826e-07,63.034609284621574,0.9971673966213526,53.6680503877934,False,1.052324582282381,1.925073186866939,0.828045791015029,0.375
611,16,0.001,1.3543550670146942,1.5531319379806519,1.187517523765564,0.0,2.541872650384903,0.23549282753278708,0.15967464074492455,0.10865314801534016,2.0696057845270843e-07,7.996637236828974e-07,16.86357740180783,0.9971673966213526,53.69618217872434,False,1.0702941514737176,1.883273913525045,0.8716056067496538,0.328125
612,16,0.001,1.3895479440689087,3.1717287600040436,0.538910448551178,0.5,1.9284586012363434,0.22985990122454406,0.145072840154171,0.10683584213256836,1.8378098332050286e-07,5.65234188343311e-07,17.203268239233935,0.9971673966213526,53.72700858207397,False,1.0725839758943039,1.9490189040079713,0.8292592149227858,0.34375
613,17,0.001,1.3058203607797623,2.5485184490680695,0.9384742677211761,0.25,2.2442948669195175,0.2001310176210972,0.1260183546692133,0.10219001770019531,1.9288725638944015e-07,8.61524256379198e-07,17.447797778209797,0.9971673966213526,53.759326719796874,False,1.087932178443225,1.9589777188375592,0.8553399424999952,0.328125
614,17,0.001,0.7123392280191183,1.1467886120080948,0.9518449753522873,0.0,1.6641843542456627,0.2694141511532977,0.16447337251156569,0.11064346631368001,2.1109978831646004e-07,4.0586905925010797e-07,14.710338668484338,0.9971673966213526,53.79231839139467,False,1.0855797484182403,1.9060979788191617,0.8830218249931931,0.296875
615,17,0.001,0.7784932181239128,1.9769691973924637,0.9279013872146606,0.5,1.7063948474824429,0.34042722967930455,0.21455468237400055,0.10895903905232747,2.640817058363609e-07,4.813524583369144e-07,120.20816445595734,0.9971673966213526,53.83550490372963,False,1.054150609917997,1.8831900893710554,0.9207557691261172,0.328125
616,17,0.001,0.6644289419054985,2.28299817442894,0.39987775683403015,0.5,1.064306866377592,0.271432291304195,0.17120839469134808,0.10616985956827799,2.475248379596451e-07,6.635847853431187e-07,14.419797769052257,0.9971673966213526,53.88520310381518,False,1.042769727682753,1.9231916922144592,0.8936258004978299,0.328125
617,17,0.001,0.25250423117540777,1.887382134795189,0.3236909955739975,0.5,0.576195425586775,0.2883261575282514,0.19781429693102837,0.10714713732401529,1.6639630473491707e-07,8.143198328980361e-07,6.140199475301987,0.9971673966213526,53.938875398015526,False,0.9395100637557334,1.928169316612184,0.7952803671360016,0.328125
618,17,0.001,0.7121850401163101,1.5993151813745499,0.8456788063049316,0.25,1.5578639656305313,0.20981566569818422,0.12783711962401867,0.11193569501241048,2.21033886305122e-07,7.747762538201641e-07,9.774857045791627,0.9971673966213526,53.99451378433285,False,0.9601957075719838,1.9372251452878118,0.8128440044820309,0.3125
619,17,0.001,0.8415276631712914,0.8920101299881935,1.3358119428157806,0.0,2.1773397028446198,0.21075824432962212,0.12860760372132063,0.09685325622558594,2.1772252978280449e-07,1.0721296348492615e-06,20.597595090746335,0.9971673966213526,54.05090329601441,False,0.9736580816606875,1.884262630250305,0.8618558160960674,0.296875
620,17,0.001,0.7557201292365789,1.1865210235118866,1.0052689015865326,0.25,1.7609892096370459,0.26554513396431545,0.1643583532422781,0.1026617685953776,1.779860951955925e-07,6.057459813746391e-07,15.466754582475177,0.9971671596230779,54.106643146696776,False,0.9539953595303814,1.7788099772296846,0.907842792570591,0.265625
621,17,0.001,0.5595554858446121,2.7132825404405594,0.4894111752510071,0.5,1.048966832458973,0.24630818260692627,0.17555188946425915,0.11684346199035645,1.6805198299607582e-07,5.043193596065976e-07,5.026526355508929,0.9971673966213526,54.16102870447613,False,0.9322522283619037,1.8120377664454281,0.8710802141577005,0.28125
622,17,0.001,1.239565223455429,1.6711845397949219,0.9546750485897064,0.0,2.1942404210567474,0.2247267591063532,0.1710718274116516,0.0939323902130127,1.862645149230957e-07,9.976964747693273e-07,42.018616001138135,0.9971673966213526,54.21336009914136,False,0.9564732719300082,1.8291352880187333,0.866703312844038,0.265625
623,17,0.001,1.2488720566034317,2.9584909826517105,0.3861965984106064,0.5,1.635068729519844,0.21042507580780634,0.14810793288052082,0.11190621058146158,1.7633040272357903e-07,9.779079164218274e-07,9.643850733761534,0.9971673966213526,54.26363332041072,False,0.941282470812439,1.8963091219775379,0.8286837516352534,0.296875
624,17,0.001,0.9783092665020376,2.058391436934471,0.7709780931472778,0.25,1.7492874441668391,0.19080378362510517,0.14969265460968018,0.1111148993174235,1.8874804652568855e-07,8.240741067311319e-07,30.882578627613654,0.9971673966213526,54.31165702035275,False,0.9608021312160417,1.9406492752023041,0.8321141907945275,0.296875
625,17,0.001,0.7242990471422672,1.7816262245178223,0.5168919861316681,0.5,1.2411912307143211,0.3242665762150344,0.23471109941601753,0.11072921752929688,2.260009495103077e-07,7.617770734213991e-07,14.540290471039619,0.9971673966213526,54.35727520808916,False,0.9010436871321872,1.9407901423983276,0.7807611702010036,0.296875
626,17,0.001,1.2815682291984558,2.260627120733261,1.1976385414600372,0.25,2.4792069643735886,0.2478607338064536,0.16152581200003624,0.10770956675211588,3.4438238571965485e-07,6.238235528144287e-07,21.95964637370297,0.9971671596230779,54.40074222568196,False,0.9249431957723573,1.9805604028515518,0.7981730280444026,0.296875
627,17,0.001,0.5444123595952988,2.134562700986862,0.18566620349884033,0.75,0.730078674852848,0.21511446814575724,0.15954575315117836,0.1184998353322347,2.1523899818021164e-07,4.1646558202046435e-07,6.226154709931458,0.9971673966213526,54.441822446215085,False,0.8743217765586451,2.01689982553944,0.7355573205277324,0.34375
628,17,0.001,0.9395972490310669,2.0603878498077393,0.8610370755195618,0.25,1.8006343841552734,0.1965595948850349,0.12917990423738956,0.11048356691996256,2.433856423067482e-07,6.877886562506319e-07,5.6389634953199765,0.9971673966213526,54.48043410959218,False,0.84619985811878,1.947441018652171,0.7556902347132564,0.328125
629,17,0.001,0.43358805030584335,2.052838683128357,0.4549046456813812,0.5,0.8884928226470947,0.2238211736211961,0.17183968424797058,0.10097273190816243,1.821253050593441e-07,5.964247975498438e-07,19.64668938039461,0.9971673966213526,54.51680962126776,False,0.79168533871416,1.9164610332809389,0.7254671333357692,0.34375
630,17,0.001,0.4957253709435463,1.8621208369731903,0.5377226322889328,0.5,1.0334481596946716,0.265799163912654,0.17240924388170242,0.10161701838175455,2.3096799850463867e-07,3.6877969478155137e-07,5.088108409268792,0.9971673966213526,54.55086521264954,False,0.7781469726469368,1.9611692973412573,0.6995844868943095,0.375
631,17,0.001,0.39729923754930496,1.1387331113219261,0.7892143428325653,0.25,1.1865136907435954,0.22769567331188714,0.16520297899842262,0.11604078610738118,2.392464182321419e-07,8.689181640875177e-07,7.440245041152057,0.9971673966213526,54.58271532670663,False,0.7543223488610238,1.9087795419618487,0.6909165466204286,0.359375
632,17,0.001,1.1228280067443848,1.6811845004558563,0.8759885132312775,0.25,1.9988166689872742,0.33228114987251445,0.2740994244813919,0.09794513384501138,2.872612867577118e-07,8.386939498450374e-07,25.24802762520111,0.9971673966213526,54.611924973902944,False,0.7829722904134542,1.871166187338531,0.7206734688952565,0.34375
633,17,0.001,0.6839610189199448,1.6721187233924866,0.5869506597518921,0.5,1.2709118723869324,0.2431483765922475,0.18340528942644596,0.10603872934977213,3.5431651213002624e-07,1.5187936242000433e-06,16.349407581902195,0.9971673966213526,54.63917739772724,False,0.8099383396474877,1.8577122241258621,0.7371271979063749,0.34375
634,17,0.001,0.886682104319334,2.256264016032219,0.6814387440681458,0.5,1.568120937794447,0.1697188703020612,0.1131552504375577,0.10950636863708496,2.1523899818021164e-07,5.473509645526065e-07,7.682319506566199,0.9971673966213526,54.66471271904205,False,0.8208444061601767,1.8987715262919664,0.7268621940165758,0.359375
635,17,0.001,1.100214198231697,1.538410633802414,0.9480980336666107,0.0,2.048312447965145,0.31592038840827863,0.21567751839756966,0.10966992378234863,2.3759073997098312e-07,5.338491746442742e-07,16.634958075420695,0.9971673966213526,54.68849045880511,False,0.8370123146014521,1.9391715577803552,0.7026300746947527,0.359375
636,17,0.001,0.8957812041044235,2.0748095512390137,0.4862116575241089,0.5,1.3819929361343384,0.21793646726008312,0.15775349363684654,0.11583423614501953,1.986821445143505e-07,5.42360339750303e-07,22.304253027106505,0.9971673966213526,54.71116144933417,False,0.8457661317806924,1.9946895907633007,0.6701889969408512,0.375
637,17,0.001,0.8419167473912239,1.8856250941753387,0.7636996507644653,0.25,1.6056165397167206,0.2477779042307455,0.20966481789946556,0.104141632715861,1.7633040272357903e-07,7.595446049890597e-07,18.306630754979018,0.9971673966213526,54.73297217716785,False,0.8634137106273556,1.9429610003717244,0.6873320266604424,0.359375
638,17,0.001,0.8373958021402359,2.785700887441635,0.35661372542381287,0.5,1.1940185129642487,0.22889225759225523,0.16287535801529884,0.1103378931681315,2.60770320892334e-07,6.78971673551132e-07,16.37258559609198,0.9971673966213526,54.75346597477033,False,0.838278121795156,2.012618272099644,0.649953193962574,0.390625
639,17,0.001,0.7692018896341324,2.7866021394729614,0.2564579248428345,0.5,1.0256599709391594,0.21601178310116018,0.15882869064807892,0.11413772900899251,1.862645149230957e-07,1.0152170943911187e-06,6.582028491800564,0.9971673966213526,54.77270763890073,False,0.8082987363595748,2.001875219400972,0.6418445268645883,0.390625
640,17,0.001,0.9570628702640533,1.8759770691394806,0.4754708707332611,0.25,1.432549923658371,0.40005413147391455,0.3307660035789013,0.10378607114156087,1.945429346505989e-07,5.401317366704461e-07,20.379767783420974,0.9971673966213526,54.79130513375209,False,0.8069708365947008,1.9904743214137852,0.6233753254637122,0.390625
641,17,0.001,1.2175948917865753,2.376766175031662,0.3339768052101135,0.25,1.5515718162059784,0.22672210873013346,0.14183215610682964,0.10434309641520181,1.8046962679818535e-07,5.543239467442618e-07,13.73239394833891,0.9971673966213526,54.80888185290144,False,0.8378018268849701,2.0276705683209,0.611943126656115,0.375
642,17,0.001,0.8608946111053228,1.6412119893357158,0.6059769988059998,0.0,1.466871827840805,0.2886180686410655,0.21699256636202335,0.11462823549906412,2.2931232024347992e-07,8.313619446198572e-07,20.522235964512127,0.9971673966213526,54.82567177649389,False,0.8115097257541493,1.9889571226085536,0.5749642802402377,0.359375
643,17,0.001,1.2165086716413498,2.5361203998327255,0.7270456105470657,0.25,1.9435543864965439,0.27652589545370726,0.18990415520966053,0.11117871602376302,2.5331974029541016e-07,2.887544781060569e-07,15.971198368152141,0.9971673966213526,54.84218098500359,False,0.8535157452570274,2.01405447878642,0.6088004931807518,0.328125
644,17,0.001,0.7332448810338974,0.96426772326231,1.2540822923183441,0.25,1.9873274117708206,0.32218438726002774,0.23633477464318275,0.09452311197916666,2.1772252978280449e-07,4.2288618828933977e-07,16.26902513030144,0.9971673966213526,54.8584178048861,False,0.8406187222572044,1.9455469708773308,0.6333658192306757,0.328125
645,17,0.001,1.2000952363014221,1.2150281220674515,1.3713615536689758,0.0,2.57145693898201,0.2771272351120182,0.22788146696984768,0.09460775057474771,2.3759073997098312e-07,6.458810162257578e-07,19.291087947506366,0.9971673966213526,54.874063093240466,False,0.888525421381928,1.8931838108110242,0.6906443759799004,0.296875
646,17,0.001,0.6942834742367268,1.8940118551254272,0.3312451243400574,0.75,1.0255288407206535,0.3302742228262248,0.21230203658342361,0.09655237197875977,2.4504132056790695e-07,9.285842565986968e-07,4.3743703581112054,0.9971673966213526,54.88922911163091,False,0.9009353028377518,1.895176999445539,0.6777395317330956,0.3125
647,17,0.001,1.057003453373909,2.8531546592712402,0.6588649749755859,0.5,1.7158687859773636,0.29201062840378134,0.16838810220360756,0.10471097628275552,2.425578031761688e-07,7.989132200236782e-07,10.760537092457637,0.9971673966213526,54.90384343926673,False,0.9421668163267896,2.002328346192371,0.6695926962420344,0.328125
648,17,0.001,0.706994753330946,2.0214169025421143,0.6028332114219666,0.5,1.3098282031714916,0.29858934968451056,0.2260502092540264,0.1142295996348063,2.0530488598069496e-07,6.375000793923391e-07,10.884704030906105,0.9971673966213526,54.9178654616578,False,0.9161772379884496,2.023592871322762,0.6525204898789525,0.34375
649,18,0.001,1.0345901846885681,3.1551209688186646,0.06081575155258179,0.75,1.0954061895608902,0.32486342372224,0.21585842967033386,0.10844659805297852,2.640817058363609e-07,1.0240128176519647e-06,20.19493893043977,0.9971673966213526,54.93143522449647,False,0.9380915608489886,2.1162805116618983,0.6196370581164956,0.359375
650,18,0.001,0.3356528468430042,2.3637834191322327,0.054835766553878784,0.75,0.39048876240849495,0.2571140148797262,0.1685793176293373,0.11212881406148274,2.3676290084040374e-07,1.214979647556902e-06,3.8877544965582578,0.9971673966213526,54.94468685690358,False,0.903652232256718,2.123000474355649,0.5804743720218539,0.375
651,18,0.001,0.4686797857284546,2.2855237126350403,0.4732942581176758,0.5,0.9419742822647095,0.35824706702812187,0.219605702906847,0.10677242279052734,2.640817058363609e-07,7.302153335331241e-07,7.34835317633541,0.9971673966213526,54.95748938975076,False,0.8641813314752653,2.1696950417826883,0.5507991360500455,0.40625
652,18,0.001,1.0555839985609055,2.164026215672493,0.7578270733356476,0.5,1.8134113103151321,0.2849473457436297,0.17764564882963896,0.10665249824523926,1.341104507446289e-07,6.450236469390802e-07,11.739024841503719,0.9971673966213526,54.969672016385296,False,0.8741690061287954,2.175271083309781,0.5677750995382667,0.40625
653,18,0.001,0.4979987293481827,2.85506272315979,0.0,1.0,0.4979989165440202,0.23467847631170952,0.15877547301352024,0.10957034428914388,1.9785430538377113e-07,7.721178008068819e-07,4.478837797780929,0.9971673966213526,54.98129473447085,False,0.8526741300011054,2.235860935121309,0.5200438713654876,0.453125
654,18,0.001,0.8192256949841976,4.158007740974426,0.052710890769958496,0.75,0.8719367773737758,0.26078953454968684,0.16967606358230114,0.11483550071716309,1.7674433649972343e-07,3.538116857271234e-07,21.64099261085069,0.9971673966213526,54.992419674179985,False,0.851538498303853,2.3216301134671085,0.5010499441996217,0.46875
655,18,0.001,0.3577066455036402,3.480506271123886,0.04035648703575134,0.75,0.39806331042200327,0.2879027110271922,0.1885085329413414,0.11628667513529459,2.5828680350059585e-07,9.642338909543469e-07,6.8372663671092555,0.9971673966213526,55.00302125118817,False,0.8258200455456972,2.3649991216952913,0.487543604336679,0.484375
656,18,0.001,0.6192239485681057,2.2073948979377747,0.32340967655181885,0.5,0.9426338244229555,0.28870429221382726,0.19552985578775406,0.10508640607198079,1.9288725638944015e-07,6.115958512964426e-07,11.378918904966504,0.9971673966213526,55.01298648920847,False,0.8047051129397005,2.3857127359951846,0.47803977970033884,0.5
657,18,0.001,0.519437518902123,1.9557645916938782,0.40090301632881165,0.5,0.9203407438471913,0.33088547863753776,0.21964940056204796,0.10793733596801758,1.9619862712261238e-07,7.461286486432073e-07,15.58064420837832,0.9971673966213526,55.022993663901644,False,0.7610702771344222,2.359400137036573,0.4822226678952575,0.515625
658,18,0.001,0.9281730577349663,1.3327681422233582,1.038261890411377,0.25,1.9664352908730507,0.27661314134859316,0.16140383668243885,0.11384948094685872,2.119276274470394e-07,4.935039896736271e-07,14.116282817899808,0.9971673966213526,55.0329269397078,False,0.7652751800487749,2.340122396592051,0.5092404736205935,0.53125
659,18,0.001,1.1824564598500729,3.0246305763721466,0.22938594222068787,0.5,1.4118426106870174,0.2689206640701093,0.1670258529484272,0.10658685366312662,2.425578031761688e-07,6.146014470687078e-07,8.424790054970002,0.9971673966213526,55.042717226401365,False,0.7631469168118201,2.3706542826257646,0.47813674435019493,0.546875
660,18,0.001,0.5086167529225349,1.1285706162452698,0.9318357110023499,0.25,1.4404527246952057,0.3505585567095394,0.21618714183568954,0.12078595161437988,2.914004824106087e-07,9.658815542934462e-07,13.060443691050219,0.9971673966213526,55.05251493527274,False,0.74910765880486,2.3809232134371996,0.4579963330179453,0.546875
661,18,0.001,0.6375722549855709,1.53649140894413,0.5120527148246765,0.25,1.1496252194046974,0.3602330717484531,0.21737178787589073,0.09329557418823242,2.4421348143732757e-07,1.020572540255671e-06,13.847159632030056,0.9971673966213526,55.06235352978631,False,0.7139499724726193,2.401014668866992,0.4042895305901766,0.5625
662,18,0.001,0.20012123207561672,2.501632332801819,0.1569194495677948,0.75,0.3570409900858067,0.38225880334025975,0.2632591426372528,0.10297966003417967,2.6242599915349274e-07,9.835406444835826e-07,7.044085864006056,0.9971673966213526,55.07216255673241,False,0.6830648323375499,2.4389909487217665,0.39339417591691017,0.5625
663,18,0.001,0.7685773521661758,2.1607143580913544,0.4755837023258209,0.5,1.2441613152623177,0.39032807963633587,0.25523945689201355,0.10651890436808267,2.682209014892578e-07,7.726419539721974e-07,15.889595909175291,0.9971673966213526,55.08166557903341,False,0.6650382010120666,2.3957134298980236,0.38193909637629986,0.5625
664,18,0.001,0.16125944629311562,1.699004476889968,0.6311350613832474,0.5,0.7923947032541037,0.27910264859786493,0.17692308872938156,0.10905321439107259,3.129243850708008e-07,5.928536666033324e-07,2.7251236893794184,0.9971673966213526,55.09088561048271,False,0.6309297443222022,2.3755626532947645,0.3837079619988799,0.5625
665,18,0.001,1.006750725209713,1.8458128571510315,0.6162496209144592,0.25,1.6230006217956543,0.3770374048869663,0.2403229270130396,0.11426250139872232,2.0613272511127434e-07,3.8810958358226344e-07,16.294876160591148,0.9971673966213526,55.10002612345931,False,0.6291897781047737,2.2937308963155374,0.41842257883399725,0.53125
666,18,0.001,0.3300296291708946,1.9948259592056274,0.07413718104362488,0.75,0.4041670113801956,0.3293180662828105,0.24298983439803123,0.0891876220703125,1.6391277313232422e-07,5.884454026272579e-07,18.07958276277882,0.9971673966213526,55.10911807558242,False,0.6288383270002669,2.2706710550701246,0.4196289172396064,0.53125
667,18,0.001,0.3959515653550625,3.3372625410556793,0.5270197689533234,0.5,0.9229715503752232,0.28046566273647766,0.1884729191660881,0.10935171445210774,1.7964177345675125e-07,6.444878977163171e-07,8.25990015683447,0.9971673966213526,55.118001686983284,False,0.6242928132269299,2.3364047318464145,0.42298676166683435,0.53125
668,18,0.001,1.2358587384223938,2.923945650458336,1.025264024734497,0.25,2.2611229717731476,0.28219177160267345,0.16898316517472267,0.10384003321329752,2.6739306235867843e-07,6.205882527865469e-07,11.616202654703315,0.9971673966213526,55.12656619455655,False,0.6355599844682729,2.3838996965205297,0.43970157112926245,0.515625
669,18,0.001,0.47121378034353256,1.5496414005756378,0.4643458425998688,0.5,0.9355598166584969,0.3264463402405066,0.23125894367694855,0.09666283925374348,1.904037247868473e-07,6.925575348759594e-07,10.026480975986509,0.9971673966213526,55.134754352550374,False,0.6338859251554823,2.30231086385902,0.46872318629175425,0.484375
670,18,0.001,0.6758377850055695,3.2754424810409546,0.2514808177947998,0.5,0.9273187816143036,0.3127040060368959,0.19783638790249825,0.09994920094807942,2.4172996404558944e-07,1.1423758223827463e-06,12.954502791181886,0.9971673966213526,55.14294203673616,False,0.624924180781818,2.247150535113178,0.4811463067308068,0.46875
671,18,0.001,1.125286616384983,2.688589721918106,0.10181796550750732,0.5,1.2271047458052635,0.23093762769222578,0.15018082596361637,0.10264356931050618,2.0033783698636398e-07,6.458999450842384e-07,24.313576846056044,0.9971673966213526,55.15100575260751,False,0.6728979289619019,2.197655750787817,0.4849876491352916,0.453125
672,18,0.001,0.7890891171991825,1.6973188817501068,0.7450517117977142,0.25,1.5341409891843796,0.25324065825852554,0.1918443813920021,0.1062932014465332,2.0199351524752274e-07,6.238594210117299e-07,18.49371241546455,0.9971673966213526,55.15907192058741,False,0.6835145020013442,2.1657759997760877,0.51134027633816,0.4375
673,18,0.001,0.7390565015375614,3.1946858912706375,0.16349507868289948,0.75,0.9025517106056213,0.1809120832045482,0.12969528883695602,0.11339616775512695,3.1044086767906265e-07,9.616926490707556e-07,6.019338695731771,0.9971671596230779,55.16690007373615,False,0.6972406884160591,2.243208580999635,0.4965022802352905,0.453125
674,18,0.001,1.5123343020677567,2.651622921228409,0.7919693291187286,0.25,2.3043038323521614,0.33036124582415155,0.21903540194034576,0.11420893669128418,3.4852160979426117e-07,5.163370815353119e-07,82.69207252400315,0.9971673966213526,55.17629802908358,False,0.7337507661868585,2.325637004687451,0.4811089951545,0.453125
675,18,0.001,0.7151173315942287,1.997499704360962,0.5779539346694946,0.25,1.2930715093389153,0.32471336639725173,0.18308989703655243,0.11434356371561685,3.154079024625389e-07,4.5620970468007727e-07,14.859276339349346,0.9971673966213526,55.18620453632731,False,0.7045420706708683,2.261441325186752,0.5028944946825504,0.4375
676,18,0.001,0.5249636210501194,2.211833167821169,0.5403030812740326,0.5,1.0652668662369251,0.2580923937589466,0.16927142813801765,0.10596855481465657,2.0696057845270843e-07,5.426509233075194e-07,5.094263351709324,0.9971673966213526,55.196317330889556,False,0.7055637499288423,2.3291452346602455,0.4784237053245306,0.453125
677,18,0.001,0.13285969523712993,1.7192207127809525,0.3628210574388504,0.5,0.49568089842796326,0.29123738862455917,0.18410076200962067,0.10859235127766927,2.218617396465561e-07,7.197103286671336e-07,6.77141624115975,0.9971673966213526,55.20653858171657,False,0.6740192149445647,2.340565816150047,0.46909672673791647,0.46875
678,18,0.001,1.029624566435814,2.0386523008346558,0.47214001417160034,0.25,1.5017647370696068,0.23172264098611012,0.16835013404488564,0.1159205436706543,2.5000838377309265e-07,6.422650358217652e-07,10.570287382671676,0.9971673966213526,55.216648745692446,False,0.7258631733420771,2.311629564152099,0.4887980120256543,0.4375
679,18,0.001,0.6779539845883846,2.737846076488495,0.0,1.0,0.6779541857540607,0.27514653546752654,0.16272991709411144,0.10099124908447266,2.9719538474637375e-07,1.8115596276402357e-06,18.711771842927135,0.9971673966213526,55.226789101052944,False,0.7201992128684651,2.3477002965519205,0.4590740306302905,0.46875
680,18,0.001,0.7348320037126541,2.5683586597442627,0.7751649022102356,0.25,1.509997058659792,0.3032016015486571,0.19999657198786736,0.1020658810933431,2.9222832154118805e-07,7.191727036115481e-07,11.155014470858086,0.9971673966213526,55.23706420632567,False,0.7560474977071863,2.402034932980314,0.46807589568197727,0.453125
681,18,0.001,1.0932590961456299,1.9320364445447922,0.5558691918849945,0.25,1.6491283774375916,0.15444647593022293,0.11040566395968199,0.10387992858886719,2.649095449669403e-07,6.978875717322808e-07,22.608687324086382,0.9971673966213526,55.24697391951154,False,0.7614542708906811,2.407423907192424,0.4643021188676357,0.453125
682,18,0.001,0.3293768656440079,0.8331791162490845,0.8824920952320099,0.0,1.2118690460920334,0.28202307753035855,0.1763226669281721,0.10714499155680338,2.475248379596451e-07,5.738344270866946e-07,16.80139970456169,0.9971673966213526,55.256632783185566,False,0.7614134731702507,2.33482097950764,0.5148243010044098,0.40625
683,18,0.001,1.3627773448824883,4.598113656044006,0.2571899890899658,0.75,1.6199675425887108,0.1831335020775946,0.1080037746578455,0.10578584671020508,2.425578031761688e-07,8.105815823000739e-07,9.240707438459719,0.9971673966213526,55.26598726094179,False,0.8218400843907148,2.4136241741944104,0.49795993976294994,0.421875
684,18,0.001,1.191573552787304,2.7701051086187363,1.1430269479751587,0.25,2.3346005976200104,0.18208274620872988,0.1035355906933546,0.10447986920674641,3.0216244795155944e-07,9.507521099294536e-07,10.282643606929948,0.9971673966213526,55.274965104030926,False,0.8190722602885216,2.4040091403294355,0.5053201224654913,0.421875
685,19,0.001,0.8876960389316082,1.7203620672225952,0.5536282658576965,0.0,1.4413243681192398,0.18197874206016923,0.10698375850915909,0.10152236620585123,2.5000838377309265e-07,7.923848670543521e-07,21.506059709562965,0.9971673966213526,55.28353036861119,False,0.8451024014502764,2.4146791819948703,0.5109002739191055,0.390625
686,19,0.001,0.4399123853072524,1.8423647433519363,0.16771845519542694,0.75,0.6076309317722917,0.18851971509402002,0.10823877900838852,0.10887336730957031,2.3179583763521805e-07,5.239644451648928e-07,5.50074632101637,0.9971673966213526,55.29167327211354,False,0.8303570639691316,2.3251118233893067,0.5056651262566447,0.40625
687,19,0.001,0.7351375296711922,1.6032788306474686,1.168519377708435,0.25,1.903656966984272,0.15983963250903244,0.10006211139261723,0.10615404446919759,2.574589643700165e-07,8.420028621003439e-07,17.575900456547764,0.9971673966213526,55.29955245605638,False,0.8059727460495196,2.257279892684892,0.5723339645192027,0.390625
688,19,0.001,0.6738536804914474,2.4086198210716248,0.3556565046310425,0.75,1.0295103080570698,0.21490691427529923,0.13361956737935543,0.11048316955566406,2.5414757942598953e-07,1.1267256923019886e-06,6.823595739033269,0.9971673966213526,55.306978042880985,False,0.7987705312552862,2.3017362013924867,0.5479967640712857,0.421875
689,19,0.001,0.3142844943795353,2.029805600643158,0.17922550439834595,0.5,0.49351006117649376,0.17065428211512157,0.10891381930559874,0.10117753346761067,3.1375222420138016e-07,8.732687319934485e-07,3.6403855169046024,0.9971673966213526,55.313919211036946,False,0.7722222808079096,2.228931183228269,0.5489799156785011,0.40625
690,19,0.001,0.7208941727876663,1.1961188316345215,0.9110696911811829,0.0,1.6319639682769775,0.12591572953463748,0.0762260165065527,0.09894386927286783,4.2716661141639634e-07,1.0085364010592457e-06,10.286142286215215,0.9971673966213526,55.32025234692513,False,0.7227572727279039,2.1379621776286513,0.5564236883074045,0.390625
691,19,0.001,0.6851194873452187,2.3505712747573853,0.5980941653251648,0.5,1.2832138016819954,0.2180806732316853,0.13060011714696884,0.10746264457702637,2.4918054464251327e-07,5.500191946339328e-07,11.615449175349175,0.9971673966213526,55.325914449399754,False,0.7208824074623408,2.1600291507784277,0.5576824527233839,0.40625
692,19,0.001,0.5274073556065559,3.024772524833679,0.14373373985290527,0.75,0.6711411848664284,0.21784930116725523,0.14211473241448402,0.11017386118570963,2.1855036891338386e-07,1.0460485100338701e-06,7.121513669972388,0.9971673966213526,55.33120333066124,False,0.7210351408721181,2.2108378605917096,0.5328968688845634,0.421875
693,19,0.001,1.0499821305274963,2.0840855687856674,0.7611066401004791,0.25,1.8110888004302979,0.1719258030498005,0.10996382869780064,0.10717550913492838,1.9123156391742668e-07,7.990316817085841e-07,10.47361777900461,0.9971673966213526,55.336028036442194,False,0.778355293077766,2.2336419140920043,0.5577897178009152,0.40625
694,19,0.001,0.7797691943123937,5.00650430470705,0.30878040194511414,0.75,1.088549718260765,0.20310056075753036,0.15397854894399643,0.10588534673055013,2.9388402822405624e-07,9.326179224444786e-07,4.140567224108556,0.9971673966213526,55.34065317064595,False,0.7627393323200522,2.419132664334029,0.5475797420367599,0.4375
695,19,0.001,0.5775925051420927,1.2098215967416763,0.8562598526477814,0.25,1.4338524788618088,0.2127925358745379,0.13116592168807983,0.09915804862976074,2.5000838377309265e-07,1.062866090251191e-06,6.119223992015694,0.9971673966213526,55.34498924036021,False,0.756466739854659,2.323631134349853,0.6010959828272462,0.390625
696,19,0.001,0.5537591688334942,1.3009168654680252,0.6391367018222809,0.0,1.1928959637880325,0.21007529928206214,0.14633616991341114,0.1001140276590983,2.21033886305122e-07,6.105011038926023e-07,13.128002379654525,0.9971673966213526,55.34892020310057,False,0.7451496876747115,2.244416022207588,0.592594220302999,0.375
697,19,0.001,0.5588255003094673,2.610027462244034,0.5333759486675262,0.5,1.0922015346586704,0.2138350479153681,0.1432134434580803,0.1075615088144938,3.21202804798304e-07,6.004555643812637e-07,12.724359275619896,0.9971673966213526,55.352324838578134,False,0.7117475879349513,2.2867904608137906,0.5911883926019073,0.390625
698,19,0.001,0.510903388261795,2.0210670828819275,0.25150203704833984,0.5,0.7624055296182632,0.21764989072994634,0.14172778651118279,0.1039581298828125,2.0199351524752274e-07,1.2725053011308773e-06,5.171631003703171,0.9971673966213526,55.35560296698518,False,0.723092995598563,2.3610334587283432,0.5517515139654279,0.421875
699,19,0.001,1.1990228369832039,1.2416911870241165,1.3436259925365448,0.0,2.542648881673813,0.24997601371349,0.17262289486825466,0.10150559743245442,3.452102248502342e-07,6.557248752869782e-07,8.89500566743925,0.9971671596230779,55.35867350591994,False,0.7128583388548577,2.1512570544146,0.6196537641808391,0.375
700,19,0.001,0.5450806319713593,2.14605775475502,0.4053448736667633,0.5,0.9504256248474121,0.1864060019725269,0.11462237127125263,0.10344386100769043,2.4007425736272126e-07,1.167256186818122e-06,8.076059934593983,0.9971673966213526,55.36156732046198,False,0.6724525313038612,2.112254094798118,0.5735486345365644,0.390625
701,19,0.001,0.8281981498003006,3.901326835155487,0.5385380983352661,0.5,1.366736413910985,0.2167293971074001,0.1481329295784235,0.1041272481282552,2.649095449669403e-07,1.1858262496389216e-06,7.26207587850008,0.9971673966213526,55.36416609534267,False,0.6687339132331545,2.2485643927939236,0.5726054990664124,0.421875
702,19,0.001,0.7831257805228233,1.2951864004135132,0.9877962172031403,0.25,1.7709221988916397,0.32497985580560806,0.21465261466801167,0.10722955067952473,2.384185791015625e-07,9.313562259194441e-07,10.270817957600942,0.9971673966213526,55.366541970648306,False,0.6901847504341276,2.214365746360272,0.6238603591918945,0.390625
703,19,0.001,0.7479490786790848,1.4504315853118896,0.730611264705658,0.25,1.4785604923963547,0.26180429261667815,0.1703948862850666,0.11002381642659505,4.2633877228581696e-07,8.790859737928258e-07,18.946965566343994,0.9971673966213526,55.36898976033307,False,0.6909854722471209,2.2048127935267985,0.596491102129221,0.390625
704,19,0.001,0.49224257399328053,5.255955278873444,0.37222179770469666,0.5,0.864464558660984,0.2977425535304714,0.20173405297100544,0.1035931905110677,2.0530488598069496e-07,7.259492349476204e-07,7.019209401586824,0.9971673966213526,55.37159300827456,False,0.6796347780909855,2.382771259639412,0.5975264329463243,0.375
705,19,0.001,1.1126227863132954,4.406680256128311,0.45529165863990784,0.5,1.5679146088659763,0.23882298186334996,0.15535009652376175,0.10576375325520833,1.9702646625319176e-07,7.45371607990819e-07,12.695636031632056,0.9971673966213526,55.374531033055106,False,0.7295309213368455,2.5313259256072342,0.614780567586422,0.375
706,19,0.001,0.5540328957140446,2.617823839187622,0.19290700554847717,0.5,0.746940016746521,0.24592854264646963,0.16280236653983593,0.10467267036437988,2.0447704685011558e-07,1.4782938251300948e-06,10.007554204956282,0.9971673966213526,55.37759618487702,False,0.7191020915197441,2.620182488579303,0.5698953997343779,0.40625
707,19,0.001,1.347563974559307,2.132563352584839,0.6012949645519257,0.0,1.9488591849803925,0.3632299497992731,0.22641705349087715,0.12034845352172852,3.675619666410057e-07,7.608751388943347e-07,52.90484210057322,0.9971673966213526,55.38123897657786,False,0.7605048719706247,2.606556993443519,0.5700954496860504,0.375
708,19,0.001,0.46629949333146214,2.8375265896320343,0.2611183524131775,0.5,0.7274179756641388,0.29058493745551733,0.17780350893735886,0.10805853207906087,1.95370787992033e-07,7.046311338854139e-07,9.72674537807293,0.9971673966213526,55.385265553711534,False,0.7566856305784313,2.594854122493416,0.5774319879710674,0.359375
709,19,0.001,0.7022960227914155,2.1415809988975525,0.2985253632068634,0.5,1.0008215613197535,0.28920765990574443,0.18934050761163235,0.11450759569803873,2.1772252978280449e-07,9.716791282698978e-07,15.353904445723769,0.9971673966213526,55.38964414899973,False,0.7349552488449262,2.598447586875409,0.5485206581652164,0.375
710,19,0.001,0.3294656714424491,2.726568788290024,0.03974834084510803,0.75,0.369214178994298,0.30547074660666057,0.19222809746861458,0.11171770095825195,2.0530488598069496e-07,8.997960776468972e-07,12.549992361720337,0.9971673966213526,55.394219992781515,False,0.7068112786655547,2.4559516170993447,0.5317061543464661,0.375
711,19,0.001,0.8667942453175783,3.2206377387046814,0.24229967594146729,0.5,1.1090940712019801,0.29983072160057567,0.16734237596392632,0.10694098472595215,2.657373840975197e-07,5.913374820920581e-07,22.018836298960267,0.9971673966213526,55.39874254676659,False,0.7248863874265226,2.5816276259720325,0.49333364330232143,0.390625
712,19,0.001,1.3321852385997772,2.132891297340393,0.5855883359909058,0.0,1.917773649096489,0.19036018458607898,0.1207629032433033,0.09853569666544595,2.260009495103077e-07,6.961735721233708e-07,30.23662985193626,0.9971673966213526,55.40311101612812,False,0.7735380167869153,2.6336260279640555,0.4899868704378605,0.390625
713,19,0.001,0.9101276844739914,2.0121328830718994,0.31810954213142395,0.25,1.228237345814705,0.15230169476898298,0.100559220649302,0.10514386494954427,2.1523899818021164e-07,1.5779817204020219e-06,13.867514979447154,0.9971673966213526,55.40761176288805,False,0.795494403297198,2.596257616765797,0.4765327200293541,0.375
714,19,0.001,0.5354144343873486,1.5480481386184692,0.5869085788726807,0.5,1.1223230696632527,0.24679861951212084,0.15601340308785439,0.1082914670308431,3.783239321819565e-07,1.0519340776227182e-06,8.870461061756288,0.9971673966213526,55.41234247564873,False,0.7970263436800451,2.566693932749331,0.4974956288933754,0.375
715,19,0.001,0.7675735843367875,5.909146964550018,0.10695803165435791,0.75,0.8745317333377898,0.24899007878378643,0.16259776800870895,0.11017950375874837,2.119276274470394e-07,7.01497583577293e-07,7.353729449466291,0.9971673966213526,55.41704867881152,False,0.7700607653896441,2.8584099188447,0.4202038813382387,0.421875
716,19,0.001,0.9446253478527069,1.9169735610485077,0.41503602266311646,0.25,1.3596614748239517,0.1884383156864107,0.1093839779496193,0.10712464650472005,2.2682878864088707e-07,8.79256617736246e-07,11.230283912465662,0.9971673966213526,55.42183720178006,False,0.7950323101322283,2.844092156738043,0.4208095781505108,0.40625
717,19,0.001,1.0526524856686592,2.391877830028534,0.6571061611175537,0.5,1.709758698940277,0.2135777092958232,0.14817800000309944,0.1043399175008138,2.1855036891338386e-07,7.78315325078438e-07,15.590990484492018,0.9971673966213526,55.4266876876321,False,0.8090607061240007,2.7497515939176083,0.42822008207440376,0.40625
718,19,0.001,0.7294339258223772,2.2327270060777664,0.5933612585067749,0.5,1.3227953724563122,0.3045101481851904,0.18503080494701862,0.10146506627400716,2.7484364295560226e-07,1.4075378658162663e-06,27.61877899070948,0.9971673966213526,55.431575966968005,False,0.8057049652052228,2.808347881771624,0.40356789715588093,0.421875
719,19,0.001,0.8733641877770424,1.0910987928509712,1.1685598194599152,0.0,2.0419242084026337,0.2591044399590043,0.15545940212905407,0.10980176925659178,1.9123156391742668e-07,8.361178629456845e-07,17.087164825299237,0.9971673966213526,55.436512299673446,False,0.8135434095238452,2.7858895822428167,0.430939681828022,0.40625
720,19,0.001,0.8564145416021347,1.2088616788387299,1.0338472723960876,0.0,1.8902618885040283,0.25492691223758635,0.1449520979076624,0.10007150967915852,2.95539706485215e-07,1.637874106563686e-06,10.96052440931017,0.9971673966213526,55.44167809667515,False,0.8363041574993986,2.532946232240647,0.47229127399623394,0.375
721,20,0.001,0.7661282867193222,3.625722646713257,0.0,1.0,0.7661283984780312,0.22494771987103712,0.12404903769493103,0.10562539100646973,2.2848446690204582e-07,8.661709216539748e-07,3.871700903801645,0.9971673966213526,55.44690616946092,False,0.8146482512747752,2.484136381652206,0.4438355453312397,0.40625
722,20,0.001,0.47642678197007626,2.2757385969161987,0.391523540019989,0.5,0.8679504953324795,0.31493019833925695,0.19660590216517448,0.10876305898030598,1.8874804652568855e-07,1.3367694009502884e-06,15.605120905267299,0.9971673966213526,55.45204935018608,False,0.8097978691657772,2.4627560540102422,0.4562490787357092,0.40625
723,20,0.001,0.7655768170952797,4.703394114971161,0.23362219333648682,0.75,0.9991991817951202,0.2513433457579401,0.17825114727020264,0.1100626786549886,2.5331974029541016e-07,7.955385967761686e-07,11.423127470618672,0.9971673966213526,55.45709797790305,False,0.7734236718242755,2.6234329766593874,0.43326953053474426,0.453125
724,20,0.001,0.9213416799902916,2.477246791124344,0.11579161882400513,0.5,1.0371333807706833,0.21742235927828174,0.1471801307052374,0.10830497741699219,2.4504132056790695e-07,6.199674089657492e-07,11.537044930600224,0.9971673966213526,55.46220432449171,False,0.8018638084904524,2.6009154892526567,0.424186609685421,0.453125
725,20,0.001,0.6696727983653545,2.5210641026496887,0.010623306035995483,0.75,0.6802961905486882,0.1975640964029285,0.1355791725218296,0.10602807998657227,1.7467472446242027e-07,6.325066692625114e-07,8.152347053792544,0.9971673966213526,55.46715776132978,False,0.7998248569638235,2.624633183237165,0.40619273111224174,0.46875
726,20,0.001,0.5992485955357552,1.8958342969417572,0.14929574728012085,0.5,0.7485445067286491,0.2053632177306366,0.12765061482787132,0.1080027421315511,2.2351741790771484e-07,8.31236263820756e-07,11.039805061405955,0.9971673966213526,55.47180595195426,False,0.8166862897196552,2.5727122775278986,0.41303944401443005,0.453125
727,20,0.001,1.07740131393075,2.1194069385528564,0.6381009519100189,0.25,1.7155024111270905,0.3390941541535005,0.22523943707346916,0.11582684516906738,2.7981070616078796e-07,4.281315000298491e-07,26.114806104552446,0.9971673966213526,55.476191513732374,False,0.8298492315079784,2.5038853525184095,0.4377770237624645,0.4375
728,20,0.001,0.49078916758298874,4.101061027497053,0.7570865452289581,0.5,1.2478758841753006,0.25211064959630947,0.16974709555506706,0.09941196441650389,2.4918054464251327e-07,7.242609854074544e-07,9.517288299462374,0.9971673966213526,55.48077401253163,False,0.7772619770694291,2.6268959606532007,0.4484956618398428,0.46875
729,20,0.001,0.8123878687620163,2.8929020166397095,0.4565082788467407,0.5,1.2688963562250137,0.28181265768243136,0.17251568846404552,0.11525654792785645,2.682209014892578e-07,9.737366326589836e-07,20.692959627583466,0.9971673966213526,55.48525827459496,False,0.7711532385874307,2.681944031501189,0.4571455828845501,0.484375
730,20,0.001,0.554751155897975,2.9872103333473206,0.0,1.0,0.5547513766214252,0.34058018207781754,0.2301654927432537,0.10502767562866211,2.4504132056790695e-07,7.596977411594708e-07,13.541195671652133,0.9971673966213526,55.49002444067825,False,0.7723617836818448,2.771891668671742,0.42046379670500755,0.515625
731,20,0.001,0.41327608563005924,2.219501480460167,0.3155745267868042,0.5,0.728850781917572,0.29839032759195705,0.1989978328347206,0.11547327041625977,2.260009495103077e-07,6.899247750880022e-07,13.687534133840076,0.9971673966213526,55.49496156809622,False,0.7502181900126743,2.5412888259161264,0.43350232765078545,0.5
732,20,0.001,0.5652536731213331,3.322600483894348,0.3467690944671631,0.5,0.9120229333639145,0.2909905602756347,0.17680663987994194,0.09522366523742676,1.5729003166597977e-07,7.790497988935385e-07,12.031954938362013,0.9971673966213526,55.50001751894254,False,0.7265074603419635,2.6291405085939914,0.42923564463853836,0.515625
733,20,0.001,0.5298724845051765,1.9379948899149895,0.4239037036895752,0.25,0.9537763074040413,0.25414398758887796,0.15635640546679497,0.09328850110371907,2.6739306235867843e-07,5.306799835125275e-07,18.989721044521556,0.9971673966213526,55.50517849176718,False,0.6938337102692458,2.600772824836895,0.4146604910492897,0.5
734,20,0.001,0.13142586965113878,1.8682795763015747,0.10227486491203308,0.75,0.23370089568197727,0.30165935303917846,0.19246137887239456,0.10382469495137532,2.690487406198372e-07,1.1703992868206115e-06,3.7380811536587446,0.9971673966213526,55.510244063848894,False,0.6564582067585434,2.577994860475883,0.38396759144961834,0.515625
735,20,0.001,0.5047545619308949,2.4534441232681274,0.35586029291152954,0.75,0.860615149140358,0.3701608632780612,0.24522333219647408,0.10395018259684244,2.2931232024347992e-07,6.41129020095832e-07,15.47652590443637,0.9971673966213526,55.51508814799402,False,0.6334201051431592,2.663141443626955,0.33317387104034424,0.5625
736,20,0.001,0.7626833338290453,4.411139965057373,0.0,1.0,0.7626835163682699,0.2961732140152251,0.19724553730338812,0.12124395370483398,2.2517311037972831e-07,1.6210821058848524e-06,2.4535594076142715,0.9971673966213526,55.519959986570896,False,0.6275619046573411,2.8632838365156204,0.26855841651558876,0.625
737,20,0.001,0.8721801862120628,2.052781328558922,0.7673788964748383,0.5,1.6395593136548996,0.20291873128228893,0.12667462602257729,0.10678696632385254,2.168946764413704e-07,3.6572333783624345e-07,6.83769407271143,0.9971673966213526,55.524861599609565,False,0.6341901483756374,2.7649750041309744,0.31651959754526615,0.59375
738,20,0.001,0.16045601479709148,3.0572057366371155,0.20091915130615234,0.75,0.3613753480021842,0.36033891126526485,0.2695710062980652,0.11626489957173665,1.688798221266552e-07,4.733486775876372e-07,1.662153253323093,0.9971673966213526,55.5296228061837,False,0.6144419754273258,2.8138167003635317,0.30460682325065136,0.609375
739,20,0.001,0.3704940527677536,3.81700336933136,0.259683221578598,0.5,0.6301775202155113,0.2810265143264052,0.1979253552854061,0.10056638717651367,1.8874804652568855e-07,9.958963573808433e-07,8.58782168437276,0.9971673966213526,55.53418216620687,False,0.5897493026568554,2.758417278761044,0.3062356375157833,0.59375
740,20,0.001,0.7207834422588348,1.7780808508396149,0.7137506008148193,0.25,1.4345342069864273,0.2997993390118797,0.221525888890028,0.09228150049845377,2.2351741790771484e-07,4.037106577925442e-07,7.759874451754934,0.9971673966213526,55.5384631838189,False,0.5772144127986394,2.7147194074932486,0.3436080738902092,0.578125
741,20,0.001,0.37033592257648706,3.82401642203331,0.07851061224937439,0.75,0.4488467280752957,0.24768371648760312,0.17253253236413002,0.11243128776550293,1.8957588565626793e-07,7.838523856662505e-07,10.14626650532629,0.9971673966213526,55.54252762928269,False,0.5585058580618352,2.796153927454725,0.3478510305285454,0.578125
742,20,0.001,0.646648958325386,2.557816654443741,0.6418136060237885,0.5,1.2884626239538193,0.1860108196676642,0.1297967303544283,0.11173860232035318,2.2931232024347992e-07,6.205966656125383e-07,4.661270188529577,0.9971673966213526,55.54649514859904,False,0.5614683807361871,2.837527824798599,0.3786333967000246,0.578125
743,20,0.001,0.6106244586408138,2.682896852493286,0.3178218901157379,0.5,0.9284465089440346,0.23573078128396285,0.1832643523812294,0.1131138801574707,1.945429346505989e-07,8.020550694709527e-07,11.744941713477637,0.9971673966213526,55.55059574177041,False,0.5322948272805661,2.8727459444198757,0.35861595533788204,0.59375
744,20,0.001,0.7416243422776461,2.7101453840732574,0.22758004069328308,0.75,0.9692045822739601,0.2778274531810451,0.172185767441988,0.09796953201293945,1.8460883666193695e-07,4.205257653211447e-07,5.413099577580513,0.9971673966213526,55.554596151236424,False,0.5479720256989822,2.7858137167058885,0.32552179880440235,0.609375
745,20,0.001,0.27162796910852194,2.728681206703186,0.0,1.0,0.2716281192842871,0.2688560078821644,0.19304433837532997,0.10782480239868164,1.8046962679818535e-07,8.396748398808995e-07,2.126067727986457,0.9971673966213526,55.5584985800089,False,0.5141745319706388,2.775549916084856,0.29699003137648106,0.640625
746,20,0.001,0.4091319516301155,2.3957270085811615,0.2435598373413086,0.5,0.652692012488842,0.25383248770681915,0.19289609231054783,0.11839413642883301,2.0199351524752274e-07,7.543338824689272e-07,11.90001811584002,0.9971673966213526,55.561983275690025,False,0.5050733317038976,2.738582208286971,0.31221252121031284,0.609375
747,20,0.001,0.7800710424780846,2.290152460336685,0.32773837447166443,0.5,1.107809565961361,0.2723380064010468,0.17813189700245857,0.10499827067057291,1.6639630473491707e-07,4.0477195284438494e-07,12.545100323420435,0.9971673966213526,55.565215742028336,False,0.5279980165068991,2.7429978945292532,0.3129727616906166,0.609375
748,20,0.001,0.9006505092838779,2.085389733314514,0.6428731083869934,0.5,1.543523931875825,0.405187629506224,0.27474018186330795,0.09552756945292154,1.9371509552001953e-07,6.976564463911927e-07,12.453097853872682,0.9971673966213526,55.56842790303321,False,0.5489603187670582,2.6656722226180136,0.331479262560606,0.609375
749,20,0.001,0.3889090372249484,2.871739586815238,0.3384188413619995,0.5,0.7273280625231564,0.33623634493807275,0.23158128559589386,0.10018738110860188,2.947118673546356e-07,8.107454050332308e-07,12.902432555324234,0.9971673966213526,55.5718241618342,False,0.5401501033120439,2.724031266174279,0.3261364586651325,0.625
750,20,0.001,0.4566602478735149,4.25878669321537,0.2884639501571655,0.75,0.7451243456453085,0.26366240761314763,0.17189473286271095,0.10773650805155435,1.9288725638944015e-07,4.329357921051269e-07,3.8235212111681474,0.9971673966213526,55.575450634119434,False,0.5604772519509424,2.8734379609813914,0.3377732764929533,0.625
751,20,0.001,0.844239704310894,2.3162564039230347,0.6745684742927551,0.5,1.5188083350658417,0.2696421072442095,0.1710565034300089,0.10972420374552408,2.0033783698636398e-07,4.109927544959646e-07,49.535833949956974,0.9971673966213526,55.57804975195712,False,0.5816950733496924,2.864863728522323,0.3576925378292799,0.609375
752,20,0.001,0.42300759968929924,3.773411899805069,0.026459187269210815,0.75,0.4494669481355231,0.26293800234051357,0.18389277160167694,0.10103742281595865,2.036492077195362e-07,1.0666290108929388e-06,45.886876627129745,0.9971673966213526,55.58056764431247,False,0.5604653399659583,2.825005724444054,0.3593462370336056,0.59375
753,20,0.001,0.8409981881268322,2.943219482898712,0.1760900616645813,0.75,1.0170885541010648,0.3682384501697175,0.2415202148258686,0.11196438471476236,1.779860951955925e-07,6.142004167486448e-07,10.020899688027374,0.9971673966213526,55.5835811366187,False,0.5585164650856314,2.880658109090291,0.3223906848579645,0.609375
754,20,0.001,0.6689066514372826,2.015819787979126,0.29900047183036804,0.25,0.9679073914885521,0.34186252225546016,0.25666968151926994,0.11160866419474283,1.8378098332050286e-07,7.956112995088915e-07,18.6688733155549,0.9971673966213526,55.58692560410058,False,0.5902946298756433,2.8155714872991666,0.328520767390728,0.578125
755,20,0.001,0.8957023769617081,2.351714849472046,0.5519721508026123,0.5,1.4476747550070286,0.27704661929145236,0.19720715284347534,0.10040879249572754,1.7715825606501312e-07,7.261803602887085e-07,27.316840046633885,0.9971673966213526,55.59067090143389,False,0.6231201501377654,2.7239909548079595,0.3467888254672289,0.578125
756,20,0.001,0.4454371267929673,1.24257443100214,0.8592823445796967,0.5,1.304719659499824,0.2801463301004269,0.17966734990477562,0.12154603004455566,1.432167238135662e-07,5.677468948306341e-07,7.946521741671222,0.9971673966213526,55.59490809813312,False,0.6059110054211487,2.6905218035681173,0.3558845594525337,0.59375
757,21,0.001,0.5341721326112747,2.998336762189865,0.23297572135925293,0.75,0.767148070037365,0.31705774680758164,0.22298431396484375,0.10576128959655762,2.2682878864088707e-07,4.828327746508876e-07,4.445729737065591,0.9971671596230779,55.599631468113515,False,0.616150768548323,2.638916824827902,0.36553862877190113,0.59375
758,21,0.001,0.34746408089995384,2.7672700453549623,0.5126785337924957,0.5,0.8601428978145123,0.37167602313685577,0.25376830622553825,0.09778769810994466,1.4818377280789718e-07,6.87255692355393e-07,7.704905607979948,0.9971673966213526,55.60459457605549,False,0.5974517137092334,2.6520076617598534,0.35746768675744534,0.59375
759,21,0.001,0.3864176291972399,3.282589189708233,0.2798406481742859,0.75,0.6662584617733955,0.3179877973290834,0.2281138300895691,0.10783171653747559,2.077884175832878e-07,5.6722217323113e-07,7.932115820458035,0.9971673966213526,55.609952272247696,False,0.5834387868690101,2.6894884328357875,0.3550938591361046,0.609375
760,21,0.001,0.8022469989955425,4.2530403435230255,0.11757609248161316,0.75,0.9198234006762505,0.3761886380596604,0.24217074736952782,0.10900092124938965,1.8792020739510917e-07,5.14155885866785e-07,8.262808294648115,0.9971673966213526,55.61547206638138,False,0.5872277029138786,2.785919367801398,0.3482186123728752,0.609375
761,21,0.001,0.6415482889860868,4.095579504966736,0.15957456827163696,0.75,0.8011231329292059,0.3286722928275526,0.2611018707975745,0.10682559013366698,2.9719538474637375e-07,1.104463876799855e-06,3.686888371543329,0.9971673966213526,55.62101048199803,False,0.6103477229062264,2.87135051144287,0.3581920228898525,0.59375
762,21,0.001,0.5760073851561174,2.807043433189392,0.05647200345993042,0.75,0.6324796071276069,0.28745968760979757,0.19604827836155891,0.1040792465209961,2.425578031761688e-07,7.528012702096021e-07,6.059396016591865,0.9971673966213526,55.62634988650584,False,0.6207774375016015,2.8970577879808843,0.3464990332722664,0.609375
763,21,0.001,0.5259508825838566,5.190515235066414,0.17359082400798798,0.75,0.6995419859886169,0.3208454065218185,0.24176010116934776,0.12222139040629068,2.0530488598069496e-07,5.36448169441428e-07,7.170175244658286,0.9971673966213526,55.631673343314965,False,0.6048949275082123,3.0783304614014924,0.3368648113682866,0.625
764,21,0.001,0.28941796347498894,1.8212286829948425,0.058762192726135254,0.75,0.34818052500486374,0.4660556174796432,0.3312021866440773,0.11721237500508626,1.945429346505989e-07,7.323782256207778e-07,14.883795895300574,0.9971673966213526,55.63732362171877,False,0.5666928933951567,3.061820395756513,0.300357879139483,0.640625
765,21,0.001,0.3342652227729559,2.3817704617977142,0.11727067828178406,0.5,0.45153623819351196,0.380473541883909,0.26452748104929924,0.11196756362915039,3.261698680034897e-07,8.616650006842974e-07,13.98466045276001,0.9971673966213526,55.64340736557348,False,0.5632776549919072,3.0311973254429176,0.2865361189469695,0.640625
766,21,0.001,0.1888410598039627,3.518341064453125,0.0,1.0,0.18884138390421867,0.3453413355378709,0.24785218760371208,0.0979469617207845,2.1855036891338386e-07,7.132341579563217e-07,2.237710475493867,0.9971673966213526,55.649829331847215,False,0.5465389557375602,2.9849194736452773,0.26850712206214666,0.65625
767,21,0.001,0.7208252120763063,4.184950694441795,0.19756914675235748,0.5,0.9183945283293724,0.29432219680667915,0.22307299077510834,0.1272920767466227,2.2020604717454262e-07,5.672692964253656e-07,9.941122980926016,0.9971673966213526,55.65637871342452,False,0.5388255499728984,3.1017128668027,0.2386946640908718,0.65625
768,21,0.001,0.41279609501361847,2.836943507194519,0.1705007255077362,0.75,0.5832971036434174,0.443758505279891,0.34854787588119507,0.12731329600016275,2.8891696501887054e-07,3.9178399902084493e-07,9.687349100106692,0.9971673966213526,55.66316374109879,False,0.5381873309306684,3.0431835922645405,0.24769726023077965,0.65625
769,21,0.001,0.6137196402996778,1.1769185662269592,0.8230954110622406,0.0,1.4368151426315308,0.2641140870280236,0.18385866843163967,0.09756739934285481,1.8874804652568855e-07,4.67072766241472e-07,10.11815437500464,0.9971673966213526,55.67020515584398,False,0.5239824216914712,2.932789784972556,0.28813509456813335,0.609375
770,21,0.001,0.9186350256204605,5.90316504240036,0.0,1.0,0.9186352342367172,0.2847141754932278,0.20436890795826912,0.10456196467081705,1.9371509552001953e-07,4.2149062551288807e-07,8.876129655735552,0.9971673966213526,55.67741034612846,False,0.5395904450779199,3.175748863373883,0.26944756507873535,0.65625
771,21,0.001,0.8685473762452602,4.45287898182869,0.033359020948410034,0.75,0.9019065797328949,0.2899201686601847,0.2483626753091812,0.1386439005533854,1.5977356326857262e-07,8.818271339805506e-07,5.00521429506931,0.9971673966213526,55.68455469707148,False,0.5378932575331419,3.3070716216461733,0.2370342444628477,0.671875
772,21,0.001,0.6354835429228842,4.417423963546753,0.015187740325927734,0.75,0.6506715300492942,0.32915708793566706,0.25874385982751846,0.10337050755818684,2.4918054464251327e-07,1.5987995993782533e-06,8.797897220549155,0.9971673966213526,55.69167071915327,False,0.5497711585412617,3.5054997174302116,0.18427833169698715,0.6875
773,21,0.001,0.15574135904898867,2.1392018795013428,0.0,1.0,0.15574157988885418,0.33189151993698635,0.2413480579853058,0.11176617940266927,1.6391277313232422e-07,5.18583135544759e-07,1.9109745591264014,0.9971673966213526,55.69866077536056,False,0.5261192351936188,3.451803787262179,0.16971734911203384,0.703125
774,21,0.001,0.5690663084387779,3.1042513847351074,0.19238793849945068,0.75,0.7614544276148081,0.3288616020667832,0.2646917924284935,0.12484018007914224,1.7964177345675125e-07,5.4180861752684e-07,8.210774433116384,0.9971673966213526,55.705465089486296,False,0.5399693744147953,3.472865120973438,0.14969918690621853,0.71875
775,21,0.001,0.3532996454741806,3.456607401371002,0.0146484375,0.75,0.36794832337182015,0.32211785783446933,0.2623601630330086,0.10059618949890137,1.8957588565626793e-07,5.393322339841689e-07,11.453000788059764,0.9971673966213526,55.71207401454773,False,0.5378995004321041,3.483741259202361,0.13312467373907566,0.71875
776,21,0.001,0.06299188360571861,2.911088466644287,0.0,1.0,0.0629920840729028,0.32628847006319145,0.2562244087457657,0.10893003145853677,2.2517311037972831e-07,7.472466450053616e-07,0.8214885667535412,0.9971673966213526,55.71869786786217,False,0.4916960557202401,3.39986926689744,0.12577616795897484,0.734375
777,21,0.001,0.34657653607428074,3.1167520880699158,0.2885916829109192,0.75,0.6351684425026178,0.3067208734002482,0.20666389539837837,0.11292862892150878,1.8295314418992348e-07,7.091464340192033e-07,5.872281118098739,0.9971671596230779,55.72536710172515,False,0.47326032116325223,3.3386925533413887,0.13383973762392998,0.734375
778,21,0.001,0.336666218820028,2.9812603443861008,0.2400415986776352,0.75,0.5767080534715205,0.37989438515849533,0.2607738673686981,0.11515776316324869,1.7053551459866867e-07,5.948925263510318e-07,3.5348506390005703,0.9971671596230779,55.73191345050211,False,0.45830149826724664,3.349581110291183,0.14531283732503653,0.734375
779,21,0.001,0.16185724269598722,2.5765716657042503,0.29522812366485596,0.75,0.45708562061190605,0.34560377630084366,0.23858225345611572,0.1123362382253011,1.7219119285982742e-07,5.134152729624475e-07,2.739603494660996,0.9971673966213526,55.738240325474095,False,0.4355456457742548,3.1862096372060478,0.15291516855359077,0.734375
780,21,0.001,0.80927824229002,3.8909009397029877,0.24909991025924683,0.5,1.058378379791975,0.3150449559568094,0.25037336722016335,0.12456591924031575,1.7219119285982742e-07,4.921828349324642e-07,23.494751038520825,0.9971673966213526,55.74424864766564,False,0.46803691320019425,3.315564153250307,0.16481127589941025,0.71875
781,21,0.001,0.4523494206368923,4.296186715364456,0.32425880432128906,0.5,0.7766084764152765,0.2698069821714524,0.2125273495912552,0.10779968897501627,2.1772252978280449e-07,1.2114568335164222e-06,11.474983201535881,0.9971673966213526,55.75036446191162,False,0.4754171755666903,3.435215169098228,0.1777480337768793,0.71875
782,21,0.001,0.6794177740812302,1.7232665419578552,0.5612578690052032,0.5,1.2406757771968842,0.3280604392227847,0.2412673570215702,0.10097821553548177,1.60601402399152e-07,4.2381796561130614e-07,6.458482445915487,0.9971673966213526,55.756458665516845,False,0.5060782202090195,3.323023011442274,0.2128266505897045,0.6875
783,21,0.001,0.6654497906565666,2.827614262700081,0.7633458971977234,0.5,1.428795948624611,0.24799238752708444,0.17596151307225227,0.10347453753153482,1.2831556261971855e-07,6.881697345306748e-07,13.223965305596707,0.9971673966213526,55.762600421119096,False,0.5026172563702858,3.2381894844584167,0.24818769749253988,0.6875
784,21,0.001,0.6641470370814204,2.7895044088363647,0.3812570869922638,0.5,1.0454044342041016,0.37716079926730595,0.2535382863134146,0.11514544486999512,2.2931232024347992e-07,1.4194478126228205e-06,9.809896611542868,0.9971673966213526,55.768463614173,False,0.5183266902495234,3.235224540811032,0.26135997008532286,0.671875
785,21,0.001,0.5703765600919724,2.4684298038482666,0.28946685791015625,0.5,0.8598437495529652,0.346663945389159,0.2982556000351906,0.10664089520772298,2.433856423067482e-07,6.67047743263538e-07,13.984764898225588,0.9971673966213526,55.77459688495602,False,0.5156177477365418,3.3159439931623638,0.22800818551331758,0.703125
786,21,0.001,0.7254838459193707,2.6376001238822937,0.34592151641845703,0.5,1.0714056268334389,0.2691643878117985,0.1888711992651224,0.11357339223225911,1.9288725638944015e-07,4.5336565790421446e-07,16.748187947449857,0.9971673966213526,55.780761097118045,False,0.5035457990052237,3.1118461857549846,0.24962828028947115,0.671875
787,21,0.001,1.0513294991105795,3.38834610581398,0.2766089141368866,0.75,1.3279388034716249,0.4236195321628035,0.25871365144848824,0.10920023918151855,2.119276274470394e-07,6.884447998345422e-07,10.172685644179973,0.9971673966213526,55.78689480592082,False,0.5149696816843061,3.0453128810040653,0.26483139861375093,0.671875
788,21,0.001,0.6280132681131363,2.5680578649044037,0.05924805998802185,0.75,0.6872614733874798,0.24651240712804667,0.1725664958357811,0.09741083780924478,1.60601402399152e-07,6.180040372782969e-07,5.884305363623771,0.9971673966213526,55.79315515966831,False,0.5145027895086969,2.9297274998389184,0.2675851685926318,0.671875
789,21,0.001,0.5605574063956738,3.251310959458351,0.2991701513528824,0.5,0.8597277887165546,0.3105263078288893,0.2227517105638981,0.10917290051778157,2.1027194918588066e-07,3.7737993352493504e-07,11.846725938414435,0.9971673966213526,55.79962086639976,False,0.5398037924678647,2.9992343173362315,0.28628330305218697,0.640625
790,21,0.001,1.537325106561184,4.84164035320282,0.0,1.0,1.537325344979763,0.3243472243800779,0.21370328590273857,0.11572901407877603,1.9785430538377113e-07,8.088732101896312e-07,11.127699770095164,0.9971673966213526,55.80599727329957,False,0.6003199673505151,3.1078211278654635,0.2742590568959713,0.65625
791,21,0.001,0.12028190307319164,1.8986074700951576,0.6337664723396301,0.5,0.7540486408397555,0.41779331448867196,0.3272637724876404,0.11563626925150552,1.4404456294414558e-07,5.300920520312502e-07,4.963769604301002,0.9971673966213526,55.812241001459604,False,0.5857563584504533,3.010446132160723,0.3129539340734482,0.640625
792,21,0.001,0.5214403457939625,2.9284903705120087,0.22869271039962769,0.75,0.7501335125416517,0.4340142310942503,0.2997347414493561,0.09656461079915364,1.7467472446242027e-07,4.816735099666403e-07,4.742860206657102,0.9971673966213526,55.81837322061036,False,0.6144093873372185,3.011533751152456,0.3272472284734249,0.625
793,22,0.001,0.49024163372814655,2.8791207037866116,0.5760164111852646,0.5,1.0662583112716675,0.34699299150236135,0.2623717933893204,0.10842887560526529,2.5000838377309265e-07,1.1547604117367882e-06,5.992487459103897,0.9971673966213526,55.82449110787886,False,0.6233884559405851,2.9966817896347493,0.3452112739905715,0.609375
794,22,0.001,0.3856849726289511,2.7771082520484924,0.04107367992401123,0.75,0.4267590269446373,0.4112928632314039,0.29785584658384323,0.11214907964070638,2.3593504749896965e-07,2.990230427712959e-07,11.136297103074233,0.9971673966213526,55.83062089012236,False,0.6264521280536428,2.9839222838636488,0.33277577906847,0.609375
795,22,0.001,0.4836430288851261,4.015810608863831,0.17622104287147522,0.75,0.6598643064498901,0.27967184967573944,0.18598808720707893,0.11706010500590006,1.55634353404821e-07,4.5492220124287996e-07,8.602932139310125,0.9971673966213526,55.83672951802232,False,0.646563739690464,3.0738747178111225,0.3253378365188837,0.609375
796,22,0.001,0.8811063710600138,6.091271102428436,0.0,1.0,0.8811065871268511,0.29528331609712444,0.21577060595154762,0.09842109680175781,1.4652808033588371e-07,5.658240525008296e-07,13.459164082304133,0.9971673966213526,55.84264865793646,False,0.6510529977385886,3.211397852981463,0.3097690921276808,0.640625
797,22,0.001,0.35123541683424264,2.6597719192504883,0.019512593746185303,0.75,0.370748229441233,0.257654409385413,0.20902902260422707,0.09546971321105957,2.1606683731079102e-07,7.272562925209058e-07,5.156028144379895,0.9971673966213526,55.848261062626925,False,0.644733372500923,3.10912192822434,0.2907224539667368,0.65625
798,22,0.001,0.7677082263398916,4.996661484241486,0.0,1.0,0.7677084926981479,0.3624591264173548,0.26343342289328575,0.10460162162780762,1.8709235405367508e-07,7.610222496623464e-07,7.313482396489481,0.9971673966213526,55.85376081366114,False,0.6502515257670893,3.313709112117067,0.2556438371539116,0.6875
799,22,0.001,0.17826806189259514,3.8006774187088013,0.0,1.0,0.17826831233105622,0.34535810580469395,0.23029422760009766,0.10899575551350911,3.915694151146454e-07,7.192317639237444e-07,4.2223731891522815,0.9971673966213526,55.859006708354755,False,0.6198026677193411,3.374525559367612,0.20793471857905388,0.71875
800,22,0.001,0.8608713299036026,5.964507460594177,0.26715612411499023,0.75,1.1280276738107204,0.314228137305546,0.22347507625818253,0.11319454511006673,2.077884175832878e-07,6.232478995116253e-07,14.946445233337966,0.9971673966213526,55.86401703475605,False,0.6320979360207275,3.5729632501024753,0.20080340839922428,0.734375
801,22,0.001,0.6884629428386688,2.487330734729767,0.4698781967163086,0.5,1.1583413276821375,0.2829037335336375,0.21259506791830063,0.11439752578735352,2.1358330570819817e-07,3.898999523244129e-07,64.91760654434249,0.9971673966213526,55.86873194325371,False,0.639478334942396,3.574144558282569,0.2120791170746088,0.734375
802,22,0.001,0.37277403846383095,2.1474404633045197,0.30226799845695496,0.5,0.6750422343611717,0.3465865327058862,0.2377302497625351,0.11651182174682617,1.904037247868473e-07,5.543889756154385e-07,7.461958306328709,0.9971673966213526,55.873848606604675,False,0.6174339719764248,3.543509579496458,0.20935077220201492,0.734375
803,22,0.001,0.6773681361228228,2.614183261990547,0.43080300092697144,0.5,1.108171384781599,0.23349056434960858,0.16722418926656246,0.09494789441426595,2.392464182321419e-07,7.787365348121966e-07,11.992682177863312,0.9971673966213526,55.87912144996958,False,0.59406138678969,3.4951244017574936,0.21898790262639523,0.71875
804,22,0.001,0.3242501290515065,5.129849016666412,0.0,1.0,0.32425041124224663,0.38889302279085214,0.2784910090267658,0.10114328066507974,2.2765662777146645e-07,4.956901875630138e-07,3.449638781693241,0.9971673966213526,55.88459032603706,False,0.5750761905983381,3.655236348742619,0.21528489887714386,0.734375
805,22,0.001,0.18937475816346705,3.105841964483261,0.008431971073150635,0.75,0.1978070483310148,0.37303824601861324,0.30014200508594513,0.11648170153299967,1.9205941725886078e-07,6.015976055095962e-07,6.001846900773096,0.9971673966213526,55.89016712712708,False,0.5518772750838252,3.646144536556676,0.19711376260966063,0.75
806,22,0.001,1.1144264917820692,2.3911551237106323,0.6584532558917999,0.25,1.7728800401091576,0.4077056380584718,0.24813061207532883,0.1128855546315511,1.647406122629036e-07,8.994375093607232e-07,27.702596510365645,0.9971673966213526,55.89734984533326,False,0.5254461116601306,3.4929892097134143,0.23826709110289812,0.703125
807,22,0.001,0.5167662079911679,3.582764744758606,0.11018022894859314,0.75,0.6269466646481305,0.284350029500222,0.1886868616566062,0.09374666213989258,1.995099978557846e-07,7.040604259600514e-07,5.1339292435492165,0.9971673966213526,55.905440225891816,False,0.5502263807175041,3.59824903937988,0.2055429508909583,0.71875
808,22,0.001,0.7874907031655312,4.17353481054306,0.15674543380737305,0.75,0.9442362934350967,0.27929961769615785,0.23630990087985992,0.1267561117808024,1.6308493400174484e-07,5.635077400256705e-07,16.30372597341572,0.9971673966213526,55.91439402735063,False,0.5668545280532271,3.6760643168818206,0.2010462461039424,0.71875
809,22,0.001,0.9549394492059946,7.002054691314697,0.0,1.0,0.9549395721405745,0.21153780237843697,0.1667282385751605,0.1167913277943929,1.738468853318409e-07,1.0191131423198385e-06,5.085576261814478,0.9971673966213526,55.92365021620235,False,0.5958981415205926,3.933747691102326,0.16504522040486336,0.75
810,22,0.001,0.27774134650826454,0.630757077713497,1.033278614282608,0.0,1.3110202699899673,0.33239409887639604,0.20146866515278816,0.1054832935333252,2.1937820804396324e-07,8.537521125617786e-07,6.39482944300139,0.9971673966213526,55.932959422637644,False,0.5891516648880497,3.7996007427063887,0.22705802880227566,0.703125
811,22,0.001,0.6374427350237966,1.665080027654767,0.7391121983528137,0.25,1.3765553683042526,0.4906731893154556,0.33897262811660767,0.11017767588297525,2.1855036891338386e-07,5.351194545255566e-07,11.137144467043612,0.9971673966213526,55.94204149061012,False,0.5987641465217166,3.6526800813808222,0.2622387260198593,0.671875
812,22,0.001,0.2948862964985892,3.2357933819293976,0.0,1.0,0.29488652979489416,0.3267648296318292,0.20857528783380985,0.11374886830647786,2.1358330570819817e-07,3.454931629676139e-07,7.943958721884673,0.9971673966213526,55.95109518894925,False,0.5621253918616276,3.4742127238496323,0.2622387260198593,0.671875
813,22,0.001,0.17025531572289765,3.6329693347215652,0.23735059797763824,0.5,0.40760612045414746,0.37343520514561446,0.2544907480478287,0.11078921953837076,1.4404456294414558e-07,6.427882226489601e-07,6.840887603218194,0.9971673966213526,55.95980615204915,False,0.5508141355421685,3.5350375623165746,0.2758536012843251,0.65625
814,22,0.001,1.2656233310699463,1.625395081937313,1.070931226015091,0.25,2.3365545570850372,0.2897983603239117,0.19073648564517498,0.1056226889292399,1.6308493400174484e-07,9.797820439416682e-07,19.234023282156453,0.9971673966213526,55.96834988420192,False,0.5819338295877969,3.324333412172564,0.3427868029102683,0.609375
815,22,0.001,0.6751080006361008,3.0299991369247437,0.5065106004476547,0.5,1.1816189140081406,0.321537259430231,0.19943695049732924,0.111863374710083,2.21033886305122e-07,5.758702741331945e-07,9.802832640764066,0.9971673966213526,55.97762707480253,False,0.612986325759266,3.2761660195610602,0.3744437154382467,0.578125
816,22,0.001,0.48217540606856346,4.9994078278541565,0.11678457260131836,0.75,0.5989601984620094,0.3737153472909153,0.22775748744606972,0.11086368560791016,2.475248379596451e-07,6.92689184234041e-07,10.389401229488623,0.9971673966213526,55.9876596833163,False,0.5893178305195761,3.215847292514809,0.36504549346864223,0.578125
817,22,0.001,0.4458336755633354,3.826963245868683,0.08881795406341553,0.75,0.5346518084406853,0.28290984115557954,0.17819452099502087,0.09160399436950684,2.1027194918588066e-07,1.0596944548524334e-06,4.797567717854736,0.9971673966213526,55.998038693806954,False,0.5741535013148678,3.299574324460991,0.3412292283028364,0.59375
818,22,0.001,0.1604203600436449,2.3077898025512695,0.15430310368537903,0.75,0.31472370005212724,0.3337997120933439,0.22451616078615189,0.11508297920227051,1.7633040272357903e-07,5.881751690139936e-07,6.063136654537269,0.9971673966213526,56.008421199370666,False,0.5608813964136061,3.309596158163913,0.3319814223796129,0.609375
819,22,0.001,0.561487490311265,1.7672657519578934,0.5534902215003967,0.75,1.1149779617553577,0.30323832566628534,0.2286224626004696,0.11854958534240723,1.7715825606501312e-07,6.118554551903799e-07,22.376523922449206,0.9971673966213526,56.018872131632676,False,0.5536388560503838,3.256663813786872,0.339649373665452,0.625
820,22,0.001,0.4928371701389551,1.7572942674160004,0.5567962527275085,0.5,1.0496336966753006,0.39072101911599366,0.27118075266480446,0.10822383562723795,2.1855036891338386e-07,7.93351546235499e-07,11.27035835638348,0.9971673966213526,56.029362858032094,False,0.5641755461183493,3.0458791419587214,0.3744491394609213,0.59375
821,22,0.001,0.49433613289147615,1.7542325854301453,0.3783716559410095,0.25,0.8727080672979355,0.34706189953131206,0.23740018531680107,0.10661109288533528,1.6308493400174484e-07,3.055239403693122e-07,13.528538778844675,0.9971673966213526,56.03995181379099,False,0.5832356320388499,2.9614035557679017,0.39757036976516247,0.5625
822,22,0.001,0.4984020199626684,3.786009728908539,0.0,1.0,0.49840226117521524,0.32406357392887636,0.2220229171216488,0.11480832099914551,2.558032576871483e-07,5.758087127105682e-07,5.770228878102127,0.9971673966213526,56.050484068293706,False,0.5447341025501373,3.048581968592771,0.356417041271925,0.609375
823,22,0.001,0.787665378767997,2.6984927654266357,0.09589332342147827,0.75,0.8835589238442481,0.29328508444584195,0.18322651460766792,0.11396535237630208,2.0199351524752274e-07,4.1400227246413124e-07,7.7456804206433185,0.9971673966213526,56.0610722692299,False,0.5616653007236891,2.9933149698845227,0.3555241096764803,0.609375
824,22,0.001,0.40322019904851913,2.0229492485523224,0.16194018721580505,0.5,0.5651606097817421,0.35453870107753394,0.21614984050393105,0.10636305809020996,1.697076754680893e-07,3.5224331895733485e-07,16.111733401541393,0.9971673966213526,56.07137296453146,False,0.5376483942163759,2.8589033722601016,0.3558487817645073,0.59375
825,22,0.001,0.9299972802400589,3.3499344289302826,0.1298792064189911,0.5,1.059876710176468,0.30550529425164336,0.20639748685061932,0.10407471656799316,1.7219119285982742e-07,5.484681651068968e-07,30.03787943367224,0.9971673966213526,56.08088854621507,False,0.5360895086560049,2.6306458558610757,0.36396623216569424,0.5625
826,22,0.001,0.19903405802324414,1.8194162882864475,0.3203531801700592,0.75,0.519387528533116,0.35173644415525096,0.22034676373004913,0.11375363667805989,2.168946764413704e-07,4.4885103989145136e-07,4.716000112038308,0.9971673966213526,56.09033546961263,False,0.5311703031256911,2.704937056521885,0.31940839253365993,0.609375
827,22,0.001,1.0457446430809796,5.407960206270218,0.38032999634742737,0.75,1.4260750049725175,0.2012966545458806,0.13902243319898844,0.10892907778422037,1.8046962679818535e-07,5.896865786780836e-07,10.143653452541734,0.9971673966213526,56.099712526480566,False,0.5566891723792651,2.9388670676853508,0.2969845049083233,0.640625
828,22,0.001,0.2707331199198961,2.9712855219841003,0.02074679732322693,0.75,0.29148010164499283,0.26431182277828935,0.17866581678390503,0.10643935203552246,2.1772252978280449e-07,8.620374956080923e-07,5.511780650179288,0.9971673966213526,56.10891211406644,False,0.5551795988430968,2.9223353264387697,0.29828117974102497,0.625
829,23,0.001,0.31000002939254045,3.524914175271988,0.0,1.0,0.31000027526170015,0.4284761191964218,0.2729176729917526,0.10749443372090657,2.0530488598069496e-07,4.825379846806754e-07,4.847540055234051,0.9971673966213526,56.1178356488393,False,0.5639136434474494,2.915581878973171,0.2834467673674226,0.65625
830,23,0.001,0.3974964407971129,5.968133270740509,0.01981675624847412,0.75,0.41731347935274243,0.3736844953523937,0.2681821212172508,0.11684433619181314,2.4007425736272126e-07,3.88344176371902e-07,4.874903096940082,0.9971673966213526,56.126375666532525,False,0.5096557128053973,3.187003015773371,0.21775211300700903,0.6875
831,23,0.001,0.39698727801442146,2.3555503487586975,0.0,1.0,0.39698752015829086,0.3340930259383166,0.22077395766973495,0.11547605196634927,2.1109978831646004e-07,4.7044716211530613e-07,4.591777848113769,0.9971673966213526,56.13439481907555,False,0.4922731676415424,3.144849966512993,0.1860952004790306,0.71875
832,23,0.001,0.8167822659015656,2.3111466951668262,0.5848117470741272,0.5,1.4015943259000778,0.3573370603164657,0.22737389616668224,0.09932645161946614,2.8312206268310547e-07,1.2399131037454936e-06,32.87694767809841,0.9971673966213526,56.143221335105544,False,0.513186096381105,2.976833645720035,0.21534689888358116,0.703125
833,23,0.001,0.3029866616707295,3.4897865653038025,0.1623605191707611,0.5,0.4653474735096097,0.38995832336239244,0.2640988640487194,0.12454088528951007,1.9288725638944015e-07,8.58228247579973e-07,8.803470335731058,0.9971671596230779,56.15415444109715,False,0.5042581580128171,2.95576010318473,0.21994330920279026,0.6875
834,23,0.001,0.3348630324471742,1.860072761774063,0.12468761205673218,0.5,0.45955091097857803,0.29000759084560196,0.19359374791383743,0.11410776774088541,2.864334476271324e-07,1.143197550845798e-06,11.054295673264463,0.9971673966213526,56.16655161851961,False,0.5151608250380377,2.9277777881361544,0.21809234097599983,0.671875
835,23,0.001,0.8147471807897091,2.9312102794647217,0.5950852632522583,0.75,1.409832681529224,0.2781922045678329,0.19271353632211685,0.11505548159281412,2.1606683731079102e-07,4.646339846203773e-07,13.460295633846846,0.9971673966213526,56.180261337866824,False,0.5309895556929405,3.000524321105331,0.22069203108549118,0.671875
836,23,0.001,0.5942501127719879,5.19767427444458,0.0,1.0,0.5942503623664379,0.30671388702914065,0.23283887654542923,0.1058204174041748,1.9619862712261238e-07,1.276518219128775e-06,8.745858888089165,0.9971673966213526,56.19465572345154,False,0.537327864607505,3.2155480715446174,0.1858922652900219,0.703125
837,23,0.001,0.5408206712454557,3.824462890625,0.0,1.0,0.5408209597226232,0.307304579927958,0.18952283263206482,0.09851066271464029,1.647406122629036e-07,1.0433202533022268e-06,6.629486932814437,0.9971673966213526,56.20933610307478,False,0.5402331482546288,3.344937465619296,0.1622440367937088,0.75
838,23,0.001,0.5837666653096676,5.926490366458893,0.1931687593460083,0.5,0.776935625821352,0.23592047577656933,0.17891480028629303,0.12583597501118976,2.2517311037972831e-07,4.7395201363542583e-07,21.133262449332516,0.9971671596230779,56.223877683497506,False,0.5455684385888162,3.478717505466193,0.17431708425283432,0.71875
839,23,0.001,0.5014329254627228,2.917457401752472,0.2955780029296875,0.75,0.797011062502861,0.24852084957862441,0.16331465914845467,0.10243066151936848,2.7567148208618164e-07,3.89777596865315e-07,6.798701759826245,0.9971673966213526,56.23836818847272,False,0.5276789102572366,3.4924027952365577,0.1867973767220974,0.71875
840,23,0.001,0.7393756881356239,3.423751652240753,0.2903474271297455,0.75,1.0297232493758202,0.25265842682611267,0.19927967339754105,0.11220836639404297,1.8378098332050286e-07,4.5178992991168343e-07,6.112807976379334,0.9971673966213526,56.252633651222126,False,0.5486886283251806,3.5799529454670846,0.19482282921671867,0.734375
841,23,0.001,0.1941729101818055,3.0719796419143677,0.04741048812866211,0.75,0.2415835631545633,0.2888568185495483,0.19196046516299248,0.10277366638183594,2.5000838377309265e-07,6.019168949933373e-07,7.516359031339156,0.9971673966213526,56.266522012463554,False,0.5026996051965398,3.56258077127859,0.1896685343235731,0.75
842,23,0.001,0.4588100053369999,4.305277645587921,0.12190020084381104,0.75,0.580710468813777,0.3110410122199158,0.21116083301603794,0.1044484774271647,1.862645149230957e-07,5.584279278991744e-07,11.853909280083387,0.9971673966213526,56.28010813420739,False,0.5189356019036495,3.717947106109932,0.1772652231156826,0.75
843,23,0.001,0.3217017622664571,1.5191920353099704,0.5776671767234802,0.5,0.8993691839277744,0.33521437911999963,0.2233127299696207,0.10983530680338541,1.8460883666193695e-07,3.735334530574619e-07,15.209640993265193,0.9971673966213526,56.293352839270035,False,0.47368292185274186,3.4748990954249166,0.1895987968891859,0.734375
844,23,0.001,0.581646017730236,3.459628164768219,0.08218511939048767,0.75,0.6638313606381416,0.30106757425809516,0.19609447941184044,0.10693558057149251,2.2020604717454262e-07,8.008254326341557e-07,4.691055940188054,0.9971673966213526,56.306014567693325,False,0.4931149779658881,3.505420510598924,0.1934386920183897,0.734375
845,23,0.001,0.16422637924551964,4.391305506229401,0.0,1.0,0.1642265459522605,0.2933680582185247,0.21222730726003647,0.1086881955464681,1.8460883666193695e-07,5.182177460483217e-07,4.512144942337672,0.9971673966213526,56.317972255514,False,0.4840041248316993,3.5595699687837623,0.1934386920183897,0.734375
846,23,0.001,0.47945233178325,5.145853936672211,0.0,1.0,0.4794526432524435,0.39517617168559194,0.2545371651649475,0.10814412434895833,2.1937820804396324e-07,5.993750846755574e-07,2.415068070420148,0.9971673966213526,56.32921330650897,False,0.48912636801833287,3.5081775104044937,0.19220014475286007,0.75
847,23,0.001,0.6374578475952148,3.537210762500763,0.13701093196868896,0.75,0.7744690254330635,0.23902839956108013,0.159345512278378,0.10545706748962402,1.945429346505989e-07,4.6937225306464825e-07,9.065148059055943,0.9971673966213526,56.33986676993321,False,0.5041557786171325,3.5820312862633727,0.20076332800090313,0.734375
848,23,0.001,0.6788032092154026,1.8041549734771252,0.9793795049190521,0.5,1.6581829227507114,0.3814782257096514,0.2782640904188156,0.10308575630187987,1.7964177345675125e-07,5.136340064382239e-07,55.93446371253889,0.9971673966213526,56.35192824358373,False,0.49553208757424727,3.5503443036577664,0.22542381286621094,0.734375
849,23,0.001,0.7458401466719806,3.010311543941498,0.30877017974853516,0.75,1.0546105792745948,0.23842235394798886,0.17138501815497875,0.11200737953186035,1.4156103134155273e-07,8.108791007543914e-07,4.35917534149111,0.9971673966213526,56.36554427217592,False,0.5232104303868255,3.5203771148226224,0.23457441665232182,0.75
850,23,0.001,0.575032519758679,3.238804876804352,0.024836719036102295,0.75,0.5998694188892841,0.30976693624006346,0.21865568682551384,0.10267885526021321,2.1441115904963226e-07,7.886084176789154e-07,6.8327515748827645,0.9971673966213526,56.3800028535854,False,0.5382210233437945,3.6065478720120154,0.22833373583853245,0.765625
851,23,0.001,0.7046628594398499,3.0565531253814697,0.39905983209609985,0.5,1.1037229001522064,0.3023062679680716,0.22226165607571602,0.08481979370117188,2.466969988290657e-07,8.592854783273651e-07,7.982414936294733,0.9971673966213526,56.395125061921156,False,0.5313407532594283,3.614381799881812,0.21608214639127254,0.75
852,23,0.001,0.47518979012966156,1.9378573596477509,0.2878496050834656,0.25,0.7630396466702223,0.3999721785352161,0.2855220288038254,0.10407352447509766,1.697076754680893e-07,5.677092076439294e-07,10.320956365067524,0.9971673966213526,56.41043517868016,False,0.5238994830942829,3.4106432427070104,0.23407274670898914,0.703125
853,23,0.001,0.7913143802434206,1.4203383848071098,0.7945887744426727,0.25,1.585903450846672,0.28806550453724133,0.16898870840668678,0.1078656514485677,2.4172996404558944e-07,5.021285574002832e-07,15.923666790417647,0.9971673966213526,56.426075474779076,False,0.5395553399066557,3.2603854610933922,0.2837345451116562,0.65625
854,23,0.001,0.24042091907176655,3.8841174095869064,0.103154256939888,0.75,0.3435754105448723,0.3233690963254455,0.21951060742139816,0.10673244794209798,2.4172996404558944e-07,6.400240977200156e-07,4.5783554525306185,0.9971673966213526,56.4414784460925,False,0.5180962307667869,3.132737151288893,0.27810863871127367,0.671875
855,23,0.001,0.7057277718558908,2.2693029642105103,0.43714118003845215,0.5,1.1428691446781158,0.26378273220070053,0.20718863978981972,0.1126260757446289,2.4835267709022446e-07,9.275764227822947e-07,8.816331830039472,0.9971673966213526,56.45672162748426,False,0.5308646586663599,3.0922274989425205,0.28695633728057146,0.65625
856,23,0.001,0.15443084063008428,2.6960961371660233,0.29755179584026337,0.5,0.45198284089565277,0.303620098767317,0.20502896420657635,0.11173613866170247,2.947118673546356e-07,1.0959034852930927e-06,4.027053871656524,0.9971671596230779,56.471383167679484,False,0.4943056056972637,3.04674902925035,0.28740661032497883,0.640625
857,23,0.001,0.4610615558922291,2.0646954476833344,0.32892897725105286,0.75,0.7899907734245062,0.3352224412544978,0.24939235299825668,0.10853799184163411,2.433856423067482e-07,4.5043708496450563e-07,5.497705822458372,0.9971673966213526,56.48530730701346,False,0.5109861460541651,2.9837937671109103,0.30500151589512825,0.640625
858,23,0.001,0.6752308011054993,3.6732576489448547,0.18241500854492188,0.5,0.8576461300253868,0.38651753586338466,0.24360373988747597,0.11656530698140462,1.8874804652568855e-07,9.854087466010242e-07,17.914856443288517,0.9971673966213526,56.49844097743205,False,0.5245124457896964,2.9442925173207186,0.3087836913764477,0.625
859,23,0.001,0.2793808621354401,1.960765302181244,0.2088048756122589,0.25,0.48818592727184296,0.28168310301814026,0.20759721845388412,0.10220011075337727,2.4421348143732757e-07,1.1269925153101212e-06,7.321107114871033,0.9971673966213526,56.51133517234396,False,0.5218673895315078,2.971890846500173,0.28572979755699635,0.609375
860,23,0.001,0.3553054165095091,2.2857022881507874,0.07613784074783325,0.5,0.43144347332417965,0.3491330606593699,0.23291807994246483,0.11713767051696777,2.682209014892578e-07,5.35424362624326e-07,14.369849222861202,0.9971673966213526,56.52376437666377,False,0.5077211019552124,2.8985204792115837,0.28535184264183044,0.59375
861,23,0.001,0.40822466975077987,1.9166636019945145,0.7004679441452026,0.25,1.1086930958554149,0.4926759670069654,0.2798382453620434,0.11989808082580566,2.1855036891338386e-07,5.678070920112077e-07,13.834022456810025,0.9971673966213526,56.53573209912776,False,0.5229709951117911,2.7438553601969033,0.3291310891509056,0.546875
862,23,0.001,0.4786733165383339,3.315317392349243,0.538552314043045,0.5,1.017225794494152,0.2944093952413349,0.23989848420023918,0.11421481768290201,1.60601402399152e-07,9.035214816321968e-07,7.578047073070477,0.9971673966213526,56.54721044159065,False,0.5229223066589839,2.629446826176718,0.3627906087785959,0.515625
863,23,0.001,0.5163568949792534,3.5044528245925903,0.0,1.0,0.5163570803124458,0.3267494287286218,0.23665840178728104,0.124941349029541,3.4934944892484054e-07,9.421601134818047e-07,11.378083956972446,0.9971673966213526,56.5583076520028,False,0.5153534971204863,2.627399455057457,0.35422742553055286,0.53125
864,23,0.001,0.8395562246441841,4.060943365097046,0.0,1.0,0.8395564407110214,0.3078236686970461,0.20412207022309303,0.10943380991617838,2.0199351524752274e-07,9.59439830694464e-07,7.093962270338636,0.9971673966213526,56.5689896938134,False,0.5254005605847851,2.768448729533702,0.2930162064731121,0.5625
865,24,0.001,0.3665249366313219,2.0506524443626404,0.4764263927936554,0.5,0.8429516274482012,0.302680058476322,0.19237121380865574,0.09746265411376953,1.9288725638944015e-07,7.234756935758924e-07,6.880458329857604,0.9971673966213526,56.579178352049375,False,0.501693359957244,2.7084700358100235,0.3034947197884321,0.546875
866,24,0.001,0.878050085157156,2.1559645533561707,0.451577365398407,0.5,1.3296276703476906,0.30408608482537214,0.17885908856987953,0.1040354569753011,2.5000838377309265e-07,7.2141801865655e-07,8.10700421993849,0.9971673966213526,56.58892954547127,False,0.5206319577946488,2.6407925155945122,0.33016601018607616,0.53125
867,24,0.001,0.2204683612799272,3.410635694861412,0.29199790954589844,0.75,0.5124664630857296,0.24905724381969774,0.1576504111289978,0.10453240076700845,2.0033783698636398e-07,9.202929049934028e-07,3.854672400076928,0.9971673966213526,56.59816126516615,False,0.4903698016596536,2.6629226761870086,0.3234746400266886,0.546875
868,24,0.001,0.2186048695584759,2.3132432103157043,0.19318699836730957,0.5,0.41179207991808653,0.3705160456853924,0.2658371478319168,0.10532959302266438,2.1772252978280449e-07,5.262080549073289e-07,22.714027109073225,0.9971671596230779,56.607322502271735,False,0.4743332441239545,2.6863842918537557,0.3175582271069288,0.5625
869,24,0.001,0.5538251181133091,2.8656596019864082,0.4165945053100586,0.5,0.9704199708066881,0.36934016566894645,0.2431383952498436,0.11356997489929199,2.4172996404558944e-07,5.270683232083684e-07,12.31268275747795,0.9971673966213526,56.615984391122865,False,0.45949016524082253,2.776716867927462,0.29393358528614044,0.578125
870,24,0.001,0.3255650009959936,2.814460664987564,0.3196979761123657,0.75,0.6452632322907448,0.3517918254943787,0.25188709050416946,0.10279369354248047,2.1027194918588066e-07,9.707470098874182e-07,5.049436831118574,0.9971673966213526,56.62419753921657,False,0.4648116703610867,2.709863321390003,0.3074675677344203,0.578125
871,24,0.001,0.4297230578958988,4.011074542999268,0.0,1.0,0.4297233819961548,0.38240963200635647,0.2551250085234642,0.10122267405192056,1.3742182147780113e-07,9.873680255623185e-07,5.366493012664541,0.9971673966213526,56.632049426030285,False,0.44756137573858723,2.8187240450643003,0.28014624398201704,0.609375
872,24,0.001,0.8374487273395061,1.9312021881341934,0.6541407853364944,0.5,1.4915897734463215,0.41975889283276413,0.3147962652146816,0.12145646413167317,2.4918054464251327e-07,6.071007874197676e-07,32.97549707321175,0.9971673966213526,56.640036320341196,False,0.4902499936579261,2.770918173249811,0.3024330558255315,0.609375
873,24,0.001,0.23990398761816323,3.554477334022522,0.0,1.0,0.2399042909964919,0.33020468651266816,0.23231206834316254,0.11944031715393066,2.549754185565689e-07,6.003634780427092e-07,5.646910342343012,0.9971673966213526,56.6478131080952,False,0.476427645640797,2.86402954114601,0.2818749947473407,0.625
874,24,0.001,0.5869946368038654,2.8271370083093643,0.23680154979228973,0.75,0.8237964231520891,0.3095404698437937,0.22430667281150818,0.10780946413675943,2.6242599915349274e-07,4.0701789316699433e-07,4.002178526714277,0.9971673966213526,56.65535039522353,False,0.47091288537194487,2.811147001106292,0.28527415357530117,0.640625
875,24,0.001,0.09218143043108284,2.7653090208768845,0.11732529103755951,0.75,0.2095069324132055,0.346184300625189,0.22775313258171082,0.11105879147847493,2.384185791015625e-07,6.362961357808672e-07,2.385092193858082,0.9971673966213526,56.6625913049455,False,0.45921292089042254,2.8614309835247695,0.27955667953938246,0.671875
876,24,0.001,0.2399568931432441,4.464130997657776,0.10018607974052429,0.75,0.34014325571479276,0.33755049212935007,0.24240776896476746,0.11023918787638345,2.1441115904963226e-07,4.3307625219313195e-07,4.8394811265425375,0.9971673966213526,56.669512953573395,False,0.452003638180031,2.9975827778689563,0.28105969447642565,0.6875
877,24,0.001,0.5709741860628128,3.3523428440093994,0.1073148250579834,0.75,0.6782892346382141,0.279584363760668,0.19759766198694706,0.11658183733622232,1.8295314418992348e-07,5.701448344552773e-07,7.615687274012887,0.9971673966213526,56.67601166631781,False,0.46217548294953303,3.0873127304948866,0.24398762453347445,0.71875
878,24,0.001,0.5865494888275862,1.5980139337480068,0.5838662981987,0.5,1.170415936037898,0.2647349277396508,0.17867755144834518,0.10009932518005371,2.2020604717454262e-07,4.0272223600368307e-07,10.183393475825293,0.9971673966213526,56.6821310964923,False,0.4689177437176113,2.9799812643323094,0.24681974854320288,0.71875
879,24,0.001,0.4980774074792862,5.694208472967148,0.10956913232803345,0.75,0.6076468285173178,0.21778845769814176,0.15699723735451698,0.11046425501505533,2.1027194918588066e-07,1.0203112879025866e-06,9.562381533713848,0.9971673966213526,56.68809466332183,False,0.46777527574886335,3.116840992355719,0.25366781931370497,0.703125
880,24,0.001,0.24143261276185513,1.9680410623550415,0.04871886968612671,0.75,0.2901517115533352,0.32404068190610047,0.22917483560740948,0.11273527145385742,1.95370787992033e-07,1.255642928299494e-06,9.900382765445212,0.9971673966213526,56.69362594244084,False,0.4303925500062178,2.986034598434344,0.2567127486690879,0.6875
881,24,0.001,0.624543309211731,5.103348433971405,0.07872644066810608,0.75,0.7032700031995773,0.3558352431179371,0.21641219407320023,0.11622937520345052,2.433856423067482e-07,5.288160309646628e-07,14.72464543988897,0.9971673966213526,56.698724168631124,False,0.44651869829249335,3.1768280977848917,0.23185650166124105,0.703125
882,24,0.001,0.24013375537469983,2.9510543532669544,0.7102836966514587,0.5,0.9504176005721092,0.3229768782636098,0.22251492366194725,0.09663899739583333,1.7053551459866867e-07,5.50432389445632e-07,4.633839330250115,0.9971673966213526,56.70369967378744,False,0.40664892768108984,3.2265212102793157,0.2480256473645568,0.703125
883,24,0.001,0.4457333907485008,3.6030982732772827,0.0,1.0,0.4457335192710161,0.1964762740041331,0.13403582060709596,0.10239211718241373,2.4007425736272126e-07,9.055024179360771e-07,3.1428713448953496,0.9971673966213526,56.70854324375634,False,0.4207279920228757,3.2385501214303076,0.22977577801793814,0.71875
884,24,0.001,0.7046189638786018,2.892404370009899,0.52467080950737,0.25,1.2292900867760181,0.3594246392176432,0.21046676766127348,0.11063432693481445,2.2848446690204582e-07,6.011293862684397e-07,14.168417179503559,0.9971673966213526,56.713161863854566,False,0.45110387291788356,3.274747693911195,0.2504935162141919,0.703125
885,24,0.001,0.24261421081610024,2.6122263073921204,0.03282591700553894,0.75,0.27544036239851266,0.3371527760550651,0.23289962857961655,0.11102239290873209,2.95539706485215e-07,9.111004146689083e-07,10.553509955593299,0.9971673966213526,56.71754777686878,False,0.431653191211808,3.258908112999052,0.22650797944515944,0.71875
886,24,0.001,0.5525434128940105,4.846286565065384,0.32907477021217346,0.75,0.8816183656454086,0.2977076547041287,0.21942614577710629,0.11817876497904459,2.0944409584444657e-07,9.199996497954999e-07,6.409785222072139,0.9971673966213526,56.721863840411025,False,0.44583934195543407,3.3858972317539155,0.22709402907639742,0.71875
887,24,0.001,0.8482477747602388,4.8135111927986145,0.18820279836654663,0.75,1.0364507792983204,0.332936594114822,0.23685137182474136,0.1221779982248942,1.9205941725886078e-07,6.09791015904193e-07,20.483343695707763,0.9971673966213526,56.72542545425034,False,0.4719971367594553,3.4360495223663747,0.23885670397430658,0.703125
888,24,0.001,0.22594757075421512,2.9262073934078217,0.0,1.0,0.22594784875400364,0.39204825893965856,0.24353954941034317,0.09705559412638345,1.9619862712261238e-07,1.4090867352933856e-06,4.117907469849821,0.9971673966213526,56.72928431469321,False,0.4337783144728746,3.4982373476959765,0.19797290489077568,0.734375
889,24,0.001,0.36959519516676664,2.170184373855591,0.0,1.0,0.3695953693240881,0.3050547831094832,0.18506598845124245,0.11457657814025879,2.3262369097665214e-07,8.504459856339963e-07,4.240896980157039,0.9971673966213526,56.73327092544992,False,0.44188401494466234,3.4117190376855433,0.19797290489077568,0.734375
890,24,0.001,0.7862376545090228,4.2401474714279175,0.0,1.0,0.7862378461286426,0.29559198602775283,0.19291030801832676,0.10045560201009114,2.524919011648308e-07,7.144447522478004e-07,8.24893122165091,0.9971673966213526,56.73739441027558,False,0.4543367035512347,3.500032191630453,0.18317280802875757,0.75
891,24,0.001,0.08701050374656916,3.9180686473846436,0.0,1.0,0.08701073983684182,0.33320004653528373,0.25186580047011375,0.11705470085144043,2.76499321216761e-07,5.575596446760755e-07,1.478402515822187,0.9971673966213526,56.7414841579716,False,0.45401352063345257,3.572079668287188,0.1758399773389101,0.765625
892,24,0.001,0.12801509723067284,3.065503478050232,0.07141989469528198,0.75,0.19943515211343765,0.3208540082213141,0.22713851183652878,0.10149780909220377,2.0696057845270843e-07,8.330629270858481e-07,7.066151697264084,0.9971673966213526,56.7456504747369,False,0.44701715838891687,3.4846654483117163,0.17404209077358246,0.765625
893,24,0.001,0.627852026373148,3.241948902606964,0.0,1.0,0.6278522610664368,0.2871139128514946,0.18764504045248032,0.11012164751688638,1.5977356326857262e-07,8.982676718005678e-07,6.931068102811028,0.9971673966213526,56.74962583305939,False,0.4505720234083128,3.477765826974064,0.1673349142074585,0.78125
894,24,0.001,0.7292011715471745,1.7497301995754242,0.5067119300365448,0.5,1.2359133996069431,0.28508714066282964,0.1889585591852665,0.10238114992777506,1.738468853318409e-07,3.5030296885452117e-07,14.934665636388303,0.9971673966213526,56.75365921015927,False,0.4594877535782871,3.4872480935882777,0.1625127661973238,0.78125
895,24,0.001,0.2937846649438143,2.8378038704395294,0.0,1.0,0.29378488985821605,0.32857546140127974,0.26009499840438366,0.126757542292277,1.7550256359299965e-07,3.2374765623899293e-07,1.2667659921084549,0.9971673966213526,56.757575987882966,False,0.4467194571698201,3.3087228059303015,0.1556646954268217,0.796875
896,24,0.001,0.2658627228811383,3.4296621680259705,0.12435033917427063,0.75,0.39021329348906875,0.2959546748928108,0.2039327397942543,0.1127922534942627,2.0944409584444657e-07,9.71945269157004e-07,7.8241424044531795,0.9971673966213526,56.761334743585294,False,0.4482463390522753,3.4000741250347346,0.1603916622698307,0.796875
897,24,0.001,0.14448224287480116,2.6436724066734314,0.107388436794281,0.75,0.2518708910793066,0.28842969564417603,0.22314292937517166,0.09319011370340982,1.8957588565626793e-07,7.602722007504781e-07,6.0058705776613355,0.9971673966213526,56.76499729237766,False,0.4182425224062172,3.2463443733286113,0.16218303702771664,0.796875
898,24,0.001,0.21578552946448326,2.974652647972107,0.05219423770904541,0.75,0.2679799972102046,0.2785120891214884,0.19928264617919922,0.11278128623962402,1.60601402399152e-07,8.667136626172578e-07,12.464975312369045,0.9971673966213526,56.768669362988,False,0.41672075828682864,3.2478192667476833,0.1210524458438158,0.8125
899,24,0.001,0.4525108002126217,6.191277861595154,0.0,1.0,0.45251112431287766,0.4125820254713513,0.28385982662439346,0.11739563941955565,1.60601402399152e-07,2.9192162287472456e-07,12.145498940452956,0.9971673966213526,56.77228714105844,False,0.4171443463783362,3.4095804910175502,0.1210524458438158,0.8125
900,24,0.001,0.670147450058721,4.306028127670288,0.09693306684494019,0.75,0.7670806889655069,0.28776845740407353,0.2078181803226471,0.10337495803833008,1.6225709487116546e-07,5.777082492386398e-07,8.360612462915292,0.9971673966213526,56.77579267381894,False,0.41498987676459365,3.4979319758713245,0.09431883692741394,0.84375
901,25,0.001,0.3780783712863922,2.8568058013916016,0.24579092860221863,0.75,0.6238694838248193,0.3332227710186997,0.21409597992897034,0.09240404764811197,1.655684656043377e-07,9.853931715042563e-07,5.328955796865091,0.9971673966213526,56.77936313473197,False,0.4234563867939869,3.513218194246292,0.10762915015220642,0.84375
902,25,0.001,0.4281017661560327,4.01882341504097,0.28123989701271057,0.5,0.709341935813427,0.36223705979175885,0.2540081664919853,0.10480157534281412,2.4918054464251327e-07,6.174891495902557e-07,8.516693734775096,0.9971673966213526,56.78282263938254,False,0.4156787838728633,3.4615017473697662,0.10463947057723999,0.828125
903,25,0.001,0.13346149446442723,3.5905627831816673,0.3198598623275757,0.75,0.45332155749201775,0.3471012899967605,0.28613588213920593,0.0992894967397054,1.9205941725886078e-07,4.916356033390912e-07,2.6422898974268194,0.9971673966213526,56.78623689189031,False,0.37100464135437505,3.385067471768707,0.1128680370748043,0.828125
904,25,0.001,0.11139905446907505,4.584429860115051,0.07035213708877563,0.75,0.18175142959808,0.31381408637778796,0.24515369534492493,0.10877362887064615,2.392464182321419e-07,4.218577487336006e-07,3.500617016113157,0.9971673966213526,56.78952870503709,False,0.3638453590865538,3.488706375937909,0.11726504564285278,0.8125
905,25,0.001,0.18324877880513668,2.991586685180664,0.0,1.0,0.18324906565248966,0.43302657661033467,0.33161575347185135,0.11463046073913574,1.432167238135662e-07,5.332948944669624e-07,3.4681552213801856,0.9971673966213526,56.79275538457551,False,0.3521987080639519,3.540044020395726,0.11726504564285278,0.8125
906,25,0.001,0.12264407705515623,5.042015850543976,0.0,1.0,0.1226442800834775,0.3014577094115692,0.21418877318501472,0.11062184969584146,1.647406122629036e-07,3.9107271732063964e-07,1.340953857877864,0.9971673966213526,56.79590377103375,False,0.31072410947308526,3.5901607940904796,0.11726504564285278,0.8125
907,25,0.001,0.2443011738359928,2.4346310794353485,0.05107372999191284,0.75,0.29537517204880714,0.3567401996202785,0.26113937981426716,0.10248279571533203,1.4197495090684242e-07,4.190370646028896e-07,11.717862121667046,0.9971673966213526,56.79876285461399,False,0.32055477635367424,3.4974459460936487,0.12045715376734734,0.796875
908,25,0.001,0.27030396088957787,3.960156202316284,0.09541946649551392,0.75,0.3657236658036709,0.34529399729719606,0.2970735412091017,0.11543726921081543,2.342793692378109e-07,1.030732619256014e-06,4.502599446727167,0.9971673966213526,56.801474418523824,False,0.3294478303323558,3.553361741360277,0.12195712700486183,0.796875
909,25,0.001,0.537385880947113,3.3192083835601807,0.2211529016494751,0.75,0.7585390955209732,0.3323648787230671,0.2504051588475704,0.11327433586120605,2.2517311037972831e-07,8.367802024622506e-07,13.243491754401983,0.9971673966213526,56.80385703523472,False,0.3237936962432286,3.558190458919853,0.13577918335795403,0.78125
910,25,0.001,0.4271473288536072,4.327877193689346,0.12178367376327515,0.75,0.5489312261343002,0.30993420613251876,0.22738810628652573,0.13193631172180176,1.8295314418992348e-07,6.034318857928156e-07,4.567255862411767,0.9971673966213526,56.8061687533176,False,0.30491533107488067,3.719324646051973,0.11172116734087467,0.796875
911,25,0.001,0.3111139666289091,4.6627243757247925,0.0,1.0,0.3111142374109477,0.31733171946736705,0.21585628017783165,0.11093052228291828,1.6391277313232422e-07,4.5812743110218435e-07,4.945029535971242,0.9971673966213526,56.808476134158745,False,0.3059984124301991,3.833382177632302,0.11172116734087467,0.796875
912,25,0.001,0.03817083337344229,3.5247802734375,0.0009140968322753906,0.75,0.039085124153643847,0.32862760587043477,0.21026285365223885,0.09870362281799316,2.4586915969848633e-07,7.30513477265049e-07,7.199662659643746,0.9971673966213526,56.810800672207854,False,0.2917676693359681,3.8393270592205226,0.10400640219449997,0.796875
913,25,0.001,0.9439465180039406,4.895154416561127,0.0,1.0,0.9439467787742615,0.30567102417649533,0.19462921284139156,0.11807028452555338,1.688798221266552e-07,4.5062208187118813e-07,9.196759673006639,0.9971671596230779,56.812991509866436,False,0.3417341865315393,3.9800446848385036,0.0972946248948574,0.8125
914,25,0.001,0.38804781809449196,4.3062849044799805,0.11511164903640747,0.75,0.5031597493216395,0.3431551334152927,0.22734424099326134,0.09902342160542806,1.779860951955925e-07,6.886417622808949e-07,5.877698550839569,0.9971673966213526,56.8151263240258,False,0.35250057957091485,4.063271700870246,0.10122696310281754,0.8125
915,25,0.001,0.08449635654687881,2.7693879306316376,0.17008492350578308,0.75,0.25458152033388615,0.3614467001302004,0.23946985229849815,0.11305562655131021,1.8295314418992348e-07,7.05856621152634e-07,2.392564140801267,0.9971673966213526,56.81717767898087,False,0.3294996768418059,3.849403580185026,0.11185727082192898,0.796875
916,25,0.001,0.12453472474589944,4.077884092926979,0.23980705440044403,0.75,0.36434220941737294,0.48297408506445105,0.297121062874794,0.128315528233846,2.0944409584444657e-07,3.5044513424509205e-07,5.027161126988395,0.9971673966213526,56.81906752735504,False,0.2953988815097546,3.835144578013569,0.12078689504414797,0.796875
917,25,0.001,0.6177585539408028,4.473212480545044,0.0,1.0,0.6177588291466236,0.3401581925371112,0.2409815825521946,0.1171728769938151,3.2368635061175155e-07,6.661991847067839e-07,5.3795589617432205,0.9971673966213526,56.8208690742936,False,0.31037889292565524,3.9361699954606593,0.1054249620065093,0.8125
918,25,0.001,0.0649184538051486,3.6374824047088623,0.15994670987129211,0.75,0.22486542724072933,0.3480942788619,0.264542393386364,0.12641779581705728,2.0282136858895683e-07,6.820863518441911e-07,2.045520835631231,0.9971673966213526,56.82272376660975,False,0.287679935903725,3.9123361823149025,0.09784413781017065,0.828125
919,25,0.001,0.500433299690485,4.452047288417816,0.0,1.0,0.5004335343837738,0.29091330819512684,0.22998647391796112,0.10908182462056477,2.1358330570819817e-07,4.5418192939905566e-07,2.381315797190358,0.9971673966213526,56.82456709447806,False,0.3106156737303536,3.966178963892162,0.07785289641469717,0.84375
920,25,0.001,0.6266388893127441,6.71258807182312,0.0,1.0,0.6266391482204199,0.2474886836363887,0.19115737825632095,0.1063397725423177,2.218617396465561e-07,6.213598453541636e-07,6.35961415065583,0.9971673966213526,56.82648768466435,False,0.3428181634080829,4.099188852123916,0.0734558878466487,0.859375
921,25,0.001,0.38287811167538166,2.461587816476822,0.11307749152183533,0.75,0.49595584673807025,0.384928762002675,0.25936349108815193,0.11289397875467935,2.260009495103077e-07,9.817640602705069e-07,9.618923960800045,0.9971673966213526,56.828296916808554,False,0.3552949967124732,4.066063922829926,0.0805232310667634,0.84375
922,25,0.001,0.38758621364831924,2.5881473422050476,0.1103174090385437,0.75,0.4979038106976077,0.28248610853909445,0.20846192725002766,0.11902960141499837,2.682209014892578e-07,4.159628872457688e-07,4.250536996125046,0.9971673966213526,56.830233905615174,False,0.3718538802495459,3.912697141058743,0.08741806913167238,0.828125
923,25,0.001,0.4964008033275604,3.6661362051963806,0.0,1.0,0.49640117958188057,0.3874960088434648,0.27076394855976105,0.13175121943155924,1.9205941725886078e-07,8.234521260419569e-07,6.123803102093437,0.9971673966213526,56.832343597497896,False,0.3876101070927689,3.9896662114188075,0.08422596100717783,0.84375
924,25,0.001,0.16060429043136537,1.3629202842712402,0.22490042448043823,0.25,0.3855050572019536,0.3544381355821379,0.23268332332372665,0.10835623741149902,2.301401593740593e-07,7.385455091935e-07,11.950059628063102,0.9971673966213526,56.834586339020326,False,0.3807538776891306,3.8273389665409923,0.0923185208812356,0.8125
925,25,0.001,0.40847476990893483,2.6534661650657654,0.19689956307411194,0.5,0.6053745578974485,0.31795339364897446,0.20648551732301712,0.10366233189900716,2.3593504749896965e-07,8.80052539287135e-07,5.304682144821435,0.9971673966213526,56.836897893246714,False,0.37269693324924447,3.7857300778850913,0.0908026872202754,0.796875
926,25,0.001,0.10066852066665888,3.0178698897361755,0.08248728513717651,0.75,0.1831559855490923,0.31217519619295897,0.23248155415058136,0.0997629960378011,2.036492077195362e-07,6.566937145180418e-07,10.190077285195514,0.9971673966213526,56.83929995555056,False,0.3522920077375602,3.703854621388018,0.08834666293114424,0.796875
927,25,0.001,0.5077736526727676,5.588151335716248,0.0,1.0,0.5077739659463987,0.3238606182146622,0.2589707560837269,0.12040162086486815,1.4983945106905594e-07,7.484484854103357e-07,4.712745304326458,0.9971673966213526,56.84182300804875,False,0.36458323811530136,3.761693806387484,0.08834666293114424,0.796875
928,25,0.001,0.1138685685582459,1.7313944399356842,0.10561487078666687,0.5,0.21948366751894355,0.31703576179178306,0.22486045211553574,0.09999076525370279,1.9288725638944015e-07,5.652896675201191e-07,10.650497301042284,0.9971673966213526,56.84448012746263,False,0.3693143465643516,3.6496071917936206,0.0948904613032937,0.78125
929,25,0.001,0.21040905104018748,3.1835783421993256,0.05880144238471985,0.75,0.2692107013426721,0.30035945498667943,0.18715871311724186,0.10272653897603352,2.3510720836839027e-07,7.48770162317669e-07,5.383682542794289,0.9971673966213526,56.8472397314749,False,0.323468254879117,3.542633687146008,0.0985655514523387,0.765625
930,25,0.001,0.6293664015829563,4.621078193187714,0.42183858156204224,0.75,1.0512051619589329,0.2718818614657561,0.17833499982953072,0.10582605997721353,1.9123156391742668e-07,4.1690725538501283e-07,30.852686042241544,0.9971673966213526,56.85031823876148,False,0.33855066634714603,3.5623082676902413,0.11773598473519087,0.765625
931,25,0.001,0.9671743740327656,4.414014577865601,0.08284640312194824,0.75,1.0500209308229387,0.22624021020359025,0.1660498045384884,0.09471980730692545,2.3262369097665214e-07,3.1837191727390746e-07,21.296818501823086,0.9971673966213526,56.853070009199506,False,0.39371804244001396,3.665097433142364,0.11228357721120119,0.765625
932,25,0.001,0.0930746259400621,3.7038772106170654,0.18568795919418335,0.75,0.2787629164522514,0.3847439150638413,0.27350036799907684,0.10615762074788411,1.8792020739510917e-07,8.76437127317331e-07,3.3095773755367914,0.9971673966213526,56.855951572344836,False,0.3917517862646491,3.6417220029979944,0.1089011337608099,0.765625
933,25,0.001,0.1967465216293931,2.146202548407018,0.633696585893631,0.5,0.8304433338344097,0.35128508572448486,0.24516912177205086,0.11201127370198567,1.7053551459866867e-07,6.318923624348827e-07,4.763473952841025,0.9971673966213526,56.85890658395558,False,0.365438534245186,3.496283882239368,0.14850717037916183,0.734375
934,25,0.001,0.38806996354833245,4.805487275123596,0.2028578519821167,0.75,0.5909280120395124,0.25344861857186873,0.18479399010539055,0.10894250869750977,1.8295314418992348e-07,7.756697755212372e-07,9.148620380764195,0.9971673966213526,56.861798750881086,False,0.385635503604135,3.5692841866402887,0.15118911676108837,0.734375
935,25,0.001,0.3743250649422407,3.3644141852855682,0.019098013639450073,0.75,0.39342334028333426,0.31852459150268253,0.24505504220724106,0.10868795712788898,1.862645149230957e-07,6.843883966212161e-07,7.3196844757650785,0.9971673966213526,56.86469453771275,False,0.37775373893236974,3.501307117694523,0.152382742613554,0.71875
936,25,0.001,0.21775383927160874,3.1992347836494446,0.0,1.0,0.21775408240500838,0.33923140122091294,0.2607964351773262,0.10743355751037598,1.655684656043377e-07,7.74637442191306e-07,3.5555454642651716,0.9971673966213526,56.867527641579066,False,0.3521984233047988,3.2817225371836685,0.152382742613554,0.71875
937,26,0.001,0.0760497119044885,2.078454539179802,0.24485771358013153,0.5,0.3209077087813057,0.441495488721274,0.3046036809682846,0.11688478787740071,1.60601402399152e-07,6.98978681157314e-07,7.127523660199187,0.9971673966213526,56.870208728219964,False,0.33302164831911796,3.2577767073526047,0.1606190064921975,0.703125
938,26,0.001,0.3151259049773216,3.885124623775482,0.0,1.0,0.3151260777376592,0.29890122128596847,0.21432280540466309,0.11625186602274576,2.127554665776188e-07,7.341570267271891e-07,3.2432261641970923,0.9971673966213526,56.87285155230533,False,0.3284928790271806,3.338837787450757,0.15372416842728853,0.71875
939,26,0.001,0.03281092643737793,4.171309113502502,0.06772047281265259,0.75,0.10053182393312454,0.43933622263361927,0.2808987461030483,0.10934034983317056,1.986821445143505e-07,3.61859008535248e-07,34.442998119922024,0.9971673966213526,56.87614755955761,False,0.2995185117215442,3.3704110942198895,0.15795669797807932,0.703125
940,26,0.001,0.3159780274145305,3.042044997215271,0.0,1.0,0.31597830541431904,0.3616994296071153,0.2621573768556118,0.10271350542704263,3.0547380447387695e-07,5.732184717999189e-07,3.202101116677866,0.9971673966213526,56.87995170387147,False,0.309229370282992,3.4753563887788914,0.14390042144805193,0.75
941,26,0.001,0.4802210610359907,3.9025140404701233,0.0,1.0,0.48022136464715004,0.29986812675264923,0.2187709603458643,0.11344186464945474,1.8543667579251633e-07,6.982015747780679e-07,4.162434207754946,0.9971673966213526,56.88401308925111,False,0.313713513478433,3.553421880991664,0.13159419875591993,0.78125
942,26,0.001,0.3350583082064986,2.7315651327371597,0.2862427979707718,0.5,0.6213012523949146,0.24642942733080028,0.17689599469304085,0.09121314684549967,2.4172996404558944e-07,7.270931519087753e-07,8.785754400921359,0.9971673966213526,56.888162194496964,False,0.328362875199673,3.5355278336792253,0.14432891830801964,0.765625
943,26,0.001,0.07508863601833582,2.3256216049194336,0.0,1.0,0.07508894629427232,0.34657099263536334,0.2801707871258259,0.11584035555521646,1.8792020739510917e-07,1.0250996638205834e-06,1.5621415785635007,0.9971673966213526,56.892391751581066,False,0.301320061658771,3.3316197255044244,0.14432891830801964,0.765625
944,26,0.001,0.1490784091874957,3.439661920070648,0.09210070967674255,0.75,0.24117938615381718,0.2692959229024168,0.1865055374801159,0.11013642946879068,1.821253050593441e-07,8.342436217390059e-07,4.698932797187731,0.9971673966213526,56.89666567707254,False,0.3035206766980991,3.4383864430128597,0.14348428323864937,0.78125
945,26,0.001,0.4075521007180214,4.1833149790763855,0.1175946593284607,0.75,0.5251470357179642,0.3719320437115135,0.28747062757611275,0.1265108585357666,2.4835267709022446e-07,1.0314140581613174e-06,9.550523318207773,0.9971673966213526,56.900975904738615,False,0.31584211730296374,3.500869982817676,0.14715885929763317,0.78125
946,26,0.001,0.13106519356369972,4.093926548957825,0.09473741054534912,0.75,0.22580292588099837,0.42725049961866124,0.29852865263819695,0.10616644223531087,2.077884175832878e-07,7.634291705471696e-07,2.9665053172173432,0.9971673966213526,56.90533286656303,False,0.2846982918017602,3.467923005053308,0.12671503610908985,0.78125
947,26,0.001,0.2922331830486655,5.400459468364716,0.0,1.0,0.292233420885168,0.29312354595567486,0.20195292681455612,0.1143514315287272,2.814663844219467e-07,4.1257857219534344e-07,5.7247226974808285,0.9971673966213526,56.90946943043031,False,0.24251446736525395,3.5295758107095025,0.12153713591396809,0.796875
948,26,0.001,0.1336117759346962,2.4840123057365417,0.10154035687446594,0.75,0.23515269090421498,0.5866475444781731,0.4048972576856613,0.13475982348124185,1.5894572413799324e-07,7.711801686127728e-07,25.878749430327797,0.9971673966213526,56.91315369990643,False,0.24504803923991858,3.45333425415447,0.11627791076898575,0.796875
949,26,0.001,0.836276839254424,4.060027852654457,0.23627011477947235,0.75,1.0725471882615238,0.37991763777327253,0.24570400267839432,0.11079247792561848,2.516640620342514e-07,6.208039735611237e-07,15.038873621952712,0.9971673966213526,56.917125740019756,False,0.285018684091483,3.5729483356699347,0.09143875632435083,0.8125
950,26,0.001,0.3207672545686364,2.800350248813629,0.0,1.0,0.3207675376906991,0.3441187298556225,0.22748475521802902,0.10386395454406738,2.4090209649330063e-07,4.73207876439119e-07,2.842389589173206,0.9971673966213526,56.92164959006425,False,0.280812264780252,3.447627271525562,0.07876014057546854,0.828125
951,26,0.001,0.6484610810875893,3.761183738708496,0.0,1.0,0.648461380507797,0.347477165177735,0.22933318093419075,0.10650404294331868,2.0530488598069496e-07,1.0434754358357168e-06,5.782010530971191,0.9971673966213526,56.926504527780786,False,0.2979457657893363,3.472425368614495,0.07756651472300291,0.84375
952,26,0.001,0.254862317815423,5.18180575966835,0.0,1.0,0.2548624910414219,0.2606082563319774,0.19158383458852768,0.08836325009663899,1.7964177345675125e-07,7.46686623642745e-07,3.357458438882703,0.9971673966213526,56.93157607932161,False,0.3002650456983247,3.5963360546156764,0.07756651472300291,0.84375
953,26,0.001,0.3716498662251979,4.823182402178645,0.3281634449958801,0.75,0.6998135591857135,0.3370017784036301,0.25420405715703964,0.09445357322692871,2.2517311037972831e-07,7.46859768696595e-07,5.757729687167997,0.9971673966213526,56.93685774468274,False,0.318740055343369,3.767881546053104,0.0827731229364872,0.859375
954,26,0.001,0.403227960690856,3.9301730394363403,0.19314104318618774,0.75,0.5963692106306553,0.31121055049273405,0.21075520850718021,0.11305530865987141,1.821253050593441e-07,5.271127747619175e-07,10.419243435481997,0.9971673966213526,56.942460760387746,False,0.3242464338254649,3.7706970720319077,0.09484443813562393,0.84375
955,26,0.001,1.0249694734811783,4.543952584266663,0.5120812058448792,0.5,1.537050947546959,0.25522883335027713,0.18184588011354208,0.11250027020772298,2.0199351524752274e-07,5.18199271937192e-07,26.908013683269438,0.9971673966213526,56.94816234713319,False,0.38625634301570244,3.7939872889546677,0.12261698395013809,0.828125
956,26,0.001,0.43751844577491283,2.519199922680855,0.36973564326763153,0.5,0.8072544075548649,0.37356522198382414,0.2424309840425849,0.1089343229929606,2.3759073997098312e-07,8.942461704464222e-07,4.342960636261661,0.9971673966213526,56.95397452385833,False,0.39385261916322634,3.7613094717962667,0.14572546165436506,0.796875
957,26,0.001,0.22429900523275137,3.353922337293625,0.0,1.0,0.22429932095110416,0.38500406645245266,0.2623976059257984,0.11557300885518391,2.0944409584444657e-07,5.880298203919665e-07,4.136313591439205,0.9971673966213526,56.95995212825572,False,0.3778574906755239,3.7270224903477356,0.14572546165436506,0.796875
958,26,0.001,0.26264370419085026,3.6961421370506287,0.08603861927986145,0.75,0.34868268854916096,0.33532196674003834,0.22832059115171432,0.12592864036560059,2.847777409442642e-07,9.562713785271626e-07,5.495096031687461,0.9971673966213526,56.96589704653825,False,0.37333157792454585,3.7873085531173274,0.13321270048618317,0.8125
959,26,0.001,0.3267585448920727,2.2199617326259613,0.07869160175323486,0.5,0.40545034781098366,0.3369161538355749,0.22857820242643356,0.1004781723022461,1.5811788500741386e-07,5.968270215817029e-07,4.832632019485634,0.9971673966213526,56.97172314138842,False,0.3890609472291544,3.7807048110989854,0.13813092559576035,0.78125
960,26,0.001,0.37134790420532227,3.5634724497795105,0.0,1.0,0.3713481444865465,0.36823099939078513,0.27910835295915604,0.1288805802663167,2.4007425736272126e-07,3.6988936358284263e-07,5.323915017734562,0.9971673966213526,56.97740081051161,False,0.40295279066776857,3.7884429692057893,0.13237463124096394,0.796875
961,26,0.001,0.1535918489098549,2.8844051361083984,0.07330954074859619,0.75,0.22690178453922272,0.37246287390729793,0.25097040832042694,0.10491077105204263,1.945429346505989e-07,4.3856354636773176e-07,4.0572446136650955,0.9971673966213526,56.98296804533473,False,0.38708027492975816,3.70726110402029,0.1296068113297224,0.796875
962,26,0.001,0.7018098765984178,6.4148858189582825,0.1716577410697937,0.75,0.8734680255874991,0.30799640140376183,0.21498753502964973,0.11965910593668619,2.127554665776188e-07,5.20934577252774e-07,15.168799779716426,0.9971673966213526,56.98846390795488,False,0.42275181761942804,3.8523210583953187,0.1344143319875002,0.796875
963,26,0.001,0.02388521283864975,3.651425004005432,0.0,1.0,0.02388547209557146,0.3175451965127254,0.22426075115799904,0.11161231994628906,1.5480651427424164e-07,3.946402671317628e-07,0.7204770762406335,0.9971673966213526,56.99419835470972,False,0.40598006948130205,3.7430064043728635,0.1344143319875002,0.796875
964,26,0.001,0.4893955737352371,4.7358987629413605,0.0,1.0,0.4893958568572998,0.39241241784311176,0.26424678415060043,0.1140445073445638,2.5331974029541016e-07,6.260415830183774e-07,17.621995163973413,0.9971673966213526,57.00022966919894,False,0.42821655684383586,3.8837493079481646,0.12806805968284607,0.8125
965,26,0.001,0.8533569434657693,3.8408114910125732,0.0,1.0,0.8533571739681065,0.32829016685067763,0.2237752042710781,0.1132502555847168,2.086162567138672e-07,6.211751610862848e-07,6.954440126739063,0.9971673966213526,57.00673334846745,False,0.42928406335704494,3.870048285345547,0.11330117750912905,0.828125
966,26,0.001,0.3765196157619357,3.6510305255651474,0.11438862979412079,0.75,0.4909084467217326,0.26281187056376826,0.20723191276192665,0.11639348665873209,2.1937820804396324e-07,7.96385393186938e-07,2.86270225846656,0.9971673966213526,57.01333492609537,False,0.43276858593162615,3.923215802642517,0.1204504668712616,0.8125
967,26,0.001,0.34486807708162814,3.0253273248672485,0.08735346794128418,0.75,0.4322218861198053,0.4695255801967789,0.3198234513401985,0.1045072873433431,2.3510720836839027e-07,6.428103915823158e-07,15.1699834485831,0.9971673966213526,57.02032215791242,False,0.4137940231812536,3.877224776777439,0.12591005861759186,0.796875
968,26,0.001,0.21485986615880392,3.7486817240715027,0.14154961705207825,0.75,0.35640984613564797,0.4057637984680572,0.281681876629591,0.09970919291178384,1.8792020739510917e-07,4.529633770289365e-07,10.408137120021145,0.9971673966213526,57.027093299466884,False,0.4112938699527149,3.787654524552636,0.13475690968334675,0.78125
969,26,0.001,0.514885121025145,5.62424910068512,0.04110252857208252,0.75,0.5559879504144192,0.2997494135053286,0.19137868657708168,0.10952289899190266,2.6242599915349274e-07,6.035115802660584e-07,18.529041839127,0.9971673966213526,57.03404755078669,False,0.4202460733777116,3.8377211932092905,0.1168156024068594,0.78125
970,26,0.001,0.37285514920949936,5.877460956573486,0.0,1.0,0.37285538017749786,0.3345546029035966,0.24719213321805,0.10561649004618326,2.0613272511127434e-07,9.23875120406592e-07,3.1711791507584945,0.9971673966213526,57.041137858579525,False,0.4183477726601268,3.959426688030362,0.10474428720772266,0.796875
971,26,0.001,0.3005128425429575,4.005578905344009,0.005038946866989136,0.75,0.3055519597255625,0.2804520883625897,0.2028974238783121,0.10150734583536783,1.5397866093280754e-07,5.413268127085757e-07,14.824478886751274,0.9971673966213526,57.048226843706765,False,0.373069233226488,3.9257783330976963,0.07305414602160454,0.8125
972,26,0.001,0.2915704771876335,3.851295381784439,0.0,1.0,0.2915707482025027,0.3452778505943094,0.24422810226678848,0.11385401089986165,2.7567148208618164e-07,8.914444151741918e-07,4.5725885506248725,0.9971673966213526,57.05530821471732,False,0.36394748518978304,4.00903429929167,0.04994566831737757,0.84375
973,27,0.001,0.18177292915061116,2.715868443250656,0.09124812483787537,0.75,0.27302121254615486,0.3408714246123041,0.22899920493364334,0.1126569906870524,2.1523899818021164e-07,9.541423651171499e-07,5.783813182698747,0.9971673966213526,57.06224790905208,False,0.3612896054346493,3.9691559309139848,0.05564867611974478,0.828125
974,27,0.001,0.13662107661366463,4.5842307806015015,0.0,1.0,0.13662141747772694,0.3512868806816304,0.25646081008017063,0.11842735608418782,2.4504132056790695e-07,9.928937743097777e-07,1.4854674668035008,0.9971673966213526,57.068992373619324,False,0.3534131912110752,4.024661471135914,0.05027126241475344,0.84375
975,27,0.001,0.45167727768421173,3.928499937057495,0.06470167636871338,0.75,0.5163791598752141,0.2767200997276359,0.186844814568758,0.10947211583455403,1.8129746592876472e-07,6.045291911505046e-07,5.69782286226837,0.9971673966213526,57.07541401321711,False,0.36122061201058386,4.131445108912885,0.049396892078220844,0.859375
976,27,0.001,0.2814875226467848,5.315612077713013,0.0,1.0,0.2814877778291702,0.3181067498881943,0.20877299085259438,0.12473694483439127,1.4901161193847656e-07,8.340437034348724e-07,3.623683017247642,0.9971671596230779,57.08154729937517,False,0.35560433816317527,4.240953835658729,0.049396892078220844,0.859375
977,27,0.001,0.5260453447699547,6.2793640196323395,0.11096811294555664,0.75,0.6370136812329292,0.3366172406961397,0.24986658617854118,0.12425231933593749,1.5397866093280754e-07,9.279357300329139e-07,12.810251860495711,0.9971673966213526,57.08717414643788,False,0.3788826816544315,4.453138765878975,0.05175055284053087,0.859375
978,27,0.001,0.12935937498696148,4.816189408302307,0.0,1.0,0.12935957009904087,0.28859820718747764,0.22006919607520103,0.12572256724039713,2.2351741790771484e-07,1.0320462706658873e-06,2.1794422056788445,0.9971673966213526,57.09262553729697,False,0.3431045253037155,4.353220240212977,0.041021944023668766,0.875
979,27,0.001,0.07667143363505602,2.4593503177165985,0.17104801535606384,0.75,0.24771979730576277,0.3677321927642682,0.25445813313126564,0.10124731063842773,1.8543667579251633e-07,6.618268457714294e-07,8.633568885719448,0.9971673966213526,57.09793754646442,False,0.3464036641034909,4.278715572319925,0.051712444983422756,0.859375
980,27,0.001,0.04570486629381776,4.785878777503967,0.0,1.0,0.045705134980380535,0.3436967101686849,0.24884525313973427,0.11296590169270833,2.040631272848259e-07,4.4446298375078186e-07,4.871869483685857,0.9971673966213526,57.102890388411254,False,0.3186729948884022,4.281839323230088,0.051712444983422756,0.859375
981,27,0.001,0.6439819124934729,3.333992660045624,0.0,1.0,0.6439821149688214,0.283750631209901,0.17824903689324856,0.11192607879638672,2.8808912588829116e-07,1.1833398048111121e-06,13.515181796690182,0.9971673966213526,57.107331769216756,False,0.30558705545263365,4.250163146294653,0.051712444983422756,0.859375
982,27,0.001,0.1766864144592546,3.750827267765999,0.220746710896492,0.75,0.39743348717456684,0.428348099523779,0.27850061655044556,0.11180400848388672,2.6739306235867843e-07,5.585621920545236e-07,2.906531486935182,0.9971673966213526,57.111621169442465,False,0.2930974803712161,4.256400442682207,0.05835982505232096,0.859375
983,27,0.001,0.45298750698566437,4.934615075588226,0.0,1.0,0.4529876448214054,0.26112412075015734,0.18914425745606422,0.10792112350463867,2.3179583763521805e-07,6.207248475220695e-07,4.337014052293585,0.9971673966213526,57.115729655422356,False,0.29985494474021834,4.375730927102268,0.052900233305990696,0.875
984,27,0.001,0.2899763825116679,2.9651371240615845,0.19239628314971924,0.75,0.48237287160009146,0.3223402396253013,0.23994921520352364,0.10328038533528645,1.738468853318409e-07,7.997221587174863e-07,5.533970130073228,0.9971673966213526,57.119693685215694,False,0.30454972701227234,4.326759389601648,0.05607814993709326,0.875
985,27,0.001,0.6548686791793443,4.929962515830994,0.0,1.0,0.6548689026094507,0.2747039913141878,0.2080092579126358,0.10489885012308756,1.986821445143505e-07,5.431854219750676e-07,5.744485975861525,0.9971673966213526,57.12352520010881,False,0.3132986993969098,4.283366478048265,0.0535092419013381,0.890625
986,27,0.001,0.11749107018113136,3.1253162026405334,0.0,1.0,0.11749146692454815,0.42539624979851215,0.31706367805600166,0.10599732398986816,2.077884175832878e-07,1.0467513220646651e-06,3.9325798759704957,0.9971673966213526,57.12724207197441,False,0.2973384444576368,4.111357430927455,0.0535092419013381,0.890625
987,27,0.001,0.18024536746088415,1.7471539750695229,0.324000746011734,0.75,0.5042463783174753,0.4269972503393373,0.30552465096116066,0.10129213333129881,2.119276274470394e-07,5.242251290837885e-07,2.0469445496770433,0.9971673966213526,57.13077743874264,False,0.2898217272650072,3.9702058727853,0.07344435434788465,0.890625
988,27,0.001,0.04427500767633319,2.5870148986577988,0.15370474755764008,0.75,0.19798017456196249,0.4321871579057819,0.3047836907207966,0.12419867515563963,2.76499321216761e-07,7.909256396487763e-07,3.8959472311164003,0.9971673966213526,57.13415020248016,False,0.27436576042055094,3.891188342589885,0.08305090107023716,0.875
989,27,0.001,0.32225575018674135,4.919302344322205,0.0,1.0,0.322255993145518,0.3225503536324421,0.24152103625237942,0.11845008532206217,1.9205941725886078e-07,4.5403186277326313e-07,3.036411474291612,0.9971673966213526,57.137317812183795,False,0.2831459367353091,4.028902961406857,0.07734789326786995,0.890625
990,27,0.001,0.4161161482334137,4.675229370594025,0.0,1.0,0.4161164197139442,0.4035571567571406,0.2946655787527561,0.09633755683898926,2.3759073997098312e-07,8.894900247469195e-07,5.645967983093686,0.9971673966213526,57.14047615558632,False,0.3006143787115434,4.0345903732813895,0.07734789326786995,0.890625
991,27,0.001,0.3110257782973349,3.689229726791382,0.0,1.0,0.31102620251476765,0.4292466989789637,0.2646552845835686,0.11778950691223145,1.9785430538377113e-07,4.487596356739232e-07,4.602747143957136,0.9971673966213526,57.1434609808933,False,0.2918236599998636,4.019635985139757,0.07330403849482536,0.90625
992,27,0.001,0.20924806594848633,2.175817981362343,0.18672318756580353,0.75,0.39597155153751373,0.3193262246562098,0.2013745717704296,0.09638865788777669,1.779860951955925e-07,4.1056341615330894e-07,3.317196611320057,0.9971673966213526,57.14632130003823,False,0.28730869395621994,3.8233988541178405,0.08497423771768808,0.890625
993,27,0.001,0.3543824292719364,3.5781263411045074,0.2652827501296997,0.5,0.6196654587984085,0.3579889312382321,0.25858242996037006,0.10532665252685545,2.1441115904963226e-07,5.607890898318146e-07,5.669882348114764,0.9971673966213526,57.149134236066814,False,0.2765797617375938,3.654571499209851,0.09461890254169703,0.875
994,27,0.001,0.3204362392425537,3.008512854576111,0.0,1.0,0.3204365111887455,0.3124752402553117,0.2032480239868164,0.09937739372253418,2.1027194918588066e-07,3.9330296885964344e-07,4.061865584932966,0.9971673966213526,57.1518901761767,False,0.2885220657535683,3.5415917146019638,0.09461890254169703,0.875
995,27,0.001,0.10857725027017295,3.875115752220154,0.0,1.0,0.10857753979507834,0.4113871492688375,0.27793752029538155,0.10406080881754556,2.127554665776188e-07,1.232936142514518e-06,1.1176459878395009,0.9971671596230779,57.154482869591284,False,0.2905161792932631,3.630077054258436,0.08392840158194304,0.890625
996,27,0.001,0.8807976767420769,3.4056851267814636,0.17156291007995605,0.75,1.0523607432842255,0.29467171350139704,0.21397773548960686,0.09844756126403809,1.821253050593441e-07,5.933958391324268e-07,32.811131706990324,0.9971673966213526,57.15767820792936,False,0.3427094799462793,3.5438149510882795,0.09465108346194029,0.875
997,27,0.001,0.3900615400634706,2.7764483094215393,0.1315474510192871,0.75,0.5216093314811587,0.37362788150609727,0.22924235090613365,0.11592078208923338,1.9619862712261238e-07,7.34873367491673e-07,8.0806184029348,0.9971673966213526,57.160734408391384,False,0.32683945666940417,3.508968429174274,0.10287279915064573,0.859375
998,27,0.001,0.8344247872009873,3.278367578983307,0.027083873748779297,0.75,0.8615089938975871,0.3454439067221535,0.21666250750422478,0.11562482515970865,2.425578031761688e-07,9.526896747047431e-07,16.59781195016196,0.9971673966213526,57.16409587951738,False,0.36794810496576247,3.479439698625356,0.09076887182891369,0.859375
999,27,0.001,0.06997882970608771,3.4349748492240906,0.0,1.0,0.0699790958315134,0.34557695276743117,0.24472825601696968,0.0908956527709961,1.2003712868136063e-07,4.3213174194534076e-07,0.8787041918925121,0.9971673966213526,57.16771778063554,False,0.3440100626357889,3.3857121844775975,0.09076887182891369,0.859375
1000,27,0.001,0.44886263087391853,3.751634031534195,0.2388172447681427,0.75,0.6876801140606403,0.33198590239992637,0.2277143970131874,0.11603363355000813,2.3510720836839027e-07,6.048967975402775e-07,6.569421099239751,0.9971673966213526,57.17148493666742,False,0.3539404531584296,3.4348682411946356,0.09367018193006516,0.859375
1001,27,0.001,0.1447532046586275,3.531800091266632,0.0,1.0,0.14475347683764994,0.27159341601446957,0.19678782485425472,0.11736973126729329,2.773271603473404e-07,4.2438671243871795e-07,6.576067773067794,0.9971673966213526,57.17534272128796,False,0.3220582360008848,3.347483089659363,0.09367018193006516,0.859375
1002,27,0.001,0.7173899076879025,3.045160412788391,0.1183667778968811,0.75,0.8357569249346852,0.3053444103020827,0.2071150541305542,0.10772180557250977,2.640817058363609e-07,9.867628705251263e-07,25.205924123215,0.9971673966213526,57.179555317692355,False,0.359551913345058,3.342473352793604,0.10106810554862022,0.84375
1003,27,0.001,0.5128274131566286,2.725672036409378,0.23448657989501953,0.75,0.7473142631351948,0.3346661094184397,0.21337705478072166,0.10956462224324544,1.5811788500741386e-07,6.326016546154278e-07,5.704387086599237,0.9971673966213526,57.18422488140695,False,0.380338291201042,3.403630731627345,0.09547347016632557,0.84375
1004,27,0.001,0.242453807964921,5.151011943817139,0.0,1.0,0.24245410971343517,0.32146750737850793,0.2241341881453991,0.0962542692820231,1.6639630473491707e-07,8.186419790945365e-07,2.632419630476287,0.9971673966213526,57.18918447482106,False,0.39272446621907875,3.563880546949804,0.08586692344397306,0.859375
1005,27,0.001,0.21274066530168056,5.115292638540268,0.0,1.0,0.21274099964648485,0.40925999887706455,0.2623983584344387,0.11695305506388345,1.6308493400174484e-07,7.917001312307548e-07,3.4125391871044353,0.9971673966213526,57.1944369086686,False,0.38587977341376245,3.576129940338433,0.08586692344397306,0.859375
1006,27,0.001,0.04561507308972068,4.872308373451233,0.0,1.0,0.045615425100550056,0.35867728829302614,0.24288159981369972,0.12107221285502115,2.3345153010723152e-07,4.885142743660253e-07,0.7268715284979116,0.9971673966213526,57.19974646925214,False,0.36272345621728164,3.5884473780170083,0.08586692344397306,0.859375
1007,27,0.001,0.22722319513559341,1.9262264370918274,0.2266152799129486,0.25,0.453838755376637,0.4147727960668429,0.300070084631443,0.10193816820780435,3.1375222420138016e-07,9.037727295435616e-07,10.333989823297264,0.9971673966213526,57.20544809847798,False,0.3574857947696728,3.478259672410786,0.10003037843853235,0.8125
1008,27,0.001,0.12158100306987762,6.042982876300812,0.0,1.0,0.12158124521374702,0.3016255838445785,0.22655565664172173,0.12547047932942706,2.5828680350059585e-07,9.183106612908887e-07,1.811450613079919,0.9971673966213526,57.21119120993802,False,0.35200660333975975,3.7199574783444405,0.08836017921566963,0.828125
1009,28,0.001,0.25395408109761775,4.207242406904697,0.2983420193195343,0.75,0.5522963043185882,0.29704531555168984,0.24554133787751198,0.11423357327779134,1.8792020739510917e-07,9.837597190198721e-07,6.70302590064869,0.9971673966213526,57.216890014464305,False,0.34572983157886483,3.7592772324569523,0.0904263835400343,0.84375
1010,28,0.001,0.2858065855689347,3.8145405054092407,0.0,1.0,0.2858068802161142,0.3242558307809945,0.22750025242567062,0.11017465591430664,1.821253050593441e-07,3.860904485009087e-07,2.704625707564203,0.9971673966213526,57.222495208547926,False,0.34356547822426364,3.809653960634023,0.0904263835400343,0.84375
1011,28,0.001,0.4414994865655899,3.4675971269607544,0.004570722579956055,0.75,0.44607046619057655,0.33296977693290775,0.21481643989682198,0.10584139823913573,1.8129746592876472e-07,8.105820370474248e-07,7.095879891845729,0.9971673966213526,57.22794535785,False,0.3643731179927272,3.7841840465553105,0.09071205370128155,0.828125
1012,28,0.001,0.12653543008491397,2.775072902441025,0.04704231023788452,0.75,0.173577971290797,0.32900178131551644,0.20107941702008247,0.09703962008158365,2.6159816002291336e-07,8.93899141374277e-07,5.000347180073618,0.9971673966213526,57.23316173159581,False,0.3172317275766545,3.744770782534033,0.08292951621115208,0.828125
1013,28,0.001,0.17812261264771223,2.131638377904892,0.0,1.0,0.1781229004263878,0.43728610095883336,0.27518927305936813,0.12374170621236165,2.996789021381119e-07,4.810049176739994e-07,3.1801343461628266,0.9971673966213526,57.2383451400556,False,0.3039855446131696,3.7044701618142426,0.07470780052244663,0.84375
1014,28,0.001,0.09970289375633001,3.061910182237625,0.11538025736808777,0.75,0.21508341562002897,0.39727198772593353,0.2831905819475651,0.09872825940450032,1.9785430538377113e-07,5.540536562875786e-07,3.5467140930443204,0.9971673966213526,57.24354684424765,False,0.25806542627287854,3.6909415745176375,0.08022632449865341,0.84375
1015,28,0.001,0.28975255601108074,3.721901297569275,0.09351915121078491,0.75,0.3832719773054123,0.2708942067938047,0.19973061606287956,0.12301437060038248,1.7467472446242027e-07,7.022977683845966e-07,11.531906153319106,0.9971673966213526,57.24887012987919,False,0.2718012841669406,3.7088744775392115,0.08607127144932747,0.828125
1016,28,0.001,0.21343891229480505,4.695214211940765,0.0,1.0,0.21343916188925505,0.339261428323956,0.21764201670885086,0.09784921010335286,1.6391277313232422e-07,9.945633792085573e-07,3.8326760380204106,0.9971673966213526,57.2541635869288,False,0.257087301755746,3.767848238814622,0.07114519365131855,0.84375
1017,28,0.001,0.12040067149791867,3.72470685839653,0.3531820476055145,0.5,0.47358295135200024,0.3626777999188282,0.26554691419005394,0.09025160471598306,3.0216244795155944e-07,9.754711527421023e-07,2.440486225034526,0.9971673966213526,57.25940612424529,False,0.2555652684332017,3.779904911760241,0.09321907162666321,0.8125
1018,28,0.001,0.06894722278229892,5.002996504306793,0.14377278089523315,0.75,0.2127202715491876,0.3464537243927099,0.2682117708027363,0.12118395169576009,1.8874804652568855e-07,2.707342900976073e-07,4.773529677872316,0.9971673966213526,57.26461690807566,False,0.2150376006266015,3.902269667480141,0.09480694681406021,0.8125
1019,28,0.001,0.385058993473649,2.7205259203910828,0.13633161783218384,0.75,0.5213908068835735,0.23309845717469982,0.17072827648371458,0.11966784795125325,2.342793692378109e-07,6.784188144592918e-07,4.276144695853376,0.9971673966213526,57.26980022070796,False,0.20705207439641526,3.9019480352289975,0.08867226168513298,0.8125
1020,28,0.001,0.07795886392705142,2.3457147777080536,0.142561137676239,0.75,0.22052025375887752,0.3577803392925865,0.2445436678826809,0.12203025817871094,2.0944409584444657e-07,9.253116104446235e-07,2.6542581623652706,0.9971673966213526,57.27489846606897,False,0.19677114039404842,3.7266169623471797,0.09758233278989792,0.796875
1021,28,0.001,0.21018309355713427,6.322620391845703,0.0,1.0,0.2101833545602858,0.3616527783911605,0.22691772878170013,0.10475643475850423,1.7219119285982742e-07,5.073135866950906e-07,4.8930629925833244,0.9971673966213526,57.27985450764354,False,0.19661129216001427,3.8020749469287694,0.09758233278989792,0.796875
1022,28,0.001,0.3286264017224312,3.6276249289512634,0.0,1.0,0.3286266401410103,0.33611275505066057,0.2153313048183918,0.09352048238118489,2.127554665776188e-07,6.490296300398768e-07,3.962251442496896,0.9971673966213526,57.28458831803179,False,0.21429950019955868,3.7242822316475213,0.09758233278989792,0.796875
1023,28,0.001,0.41229830123484135,5.82701963186264,0.0,1.0,0.41229859087616205,0.32227520170225094,0.2221280261874199,0.10291202863057454,2.2351741790771484e-07,4.879959192294336e-07,2.3873686660478337,0.9971673966213526,57.28916468662165,False,0.22586669433076167,3.968081806320697,0.08341887779533863,0.84375
1024,28,0.001,0.28141746763139963,4.564051330089569,0.0,1.0,0.28141780477017164,0.42868466443284237,0.3024560920894146,0.10342423121134439,2.1441115904963226e-07,7.689429253332491e-07,4.943230832913894,0.9971673966213526,57.29354003453375,False,0.2358564733658568,3.8756485846824944,0.08341887779533863,0.84375
1025,28,0.001,0.09810515865683556,2.8028674721717834,0.0,1.0,0.09810543898493052,0.3434455092453235,0.23316345363855362,0.1041259765625,2.301401593740593e-07,8.985732051769446e-07,1.3421048974380374,0.9971673966213526,57.29787723012142,False,0.2261159157133079,3.7878751512616873,0.06477250158786774,0.859375
1026,28,0.001,0.12110342923551798,4.127113461494446,0.0,1.0,0.12110370770096779,0.37819613533291824,0.26363238878548145,0.1327387491861979,1.8543667579251633e-07,6.999182460276643e-07,1.9632889780891447,0.9971673966213526,57.30208094050177,False,0.21582196844246937,3.8074109610170126,0.06477250158786774,0.859375
1027,28,0.001,0.11487274477258325,4.136754930019379,0.0,1.0,0.11487303720787168,0.36715009604196747,0.26163892820477486,0.12174280484517415,2.1523899818021164e-07,9.783157111087348e-07,2.3258718873168926,0.9971673966213526,57.30617737320903,False,0.19540779708040645,3.8492333237081766,0.06448683142662048,0.875
1028,28,0.001,0.10239258388173766,2.519024506211281,0.2698216885328293,0.5,0.37221458586282097,0.4392007078593178,0.3024689368903637,0.12313540776570638,1.8336706375521317e-07,8.420690846833168e-07,6.2484532763802205,0.9971673966213526,57.31006451958239,False,0.19389886919270793,3.8332302989438176,0.07841054257005453,0.859375
1029,28,0.001,0.2871222160756588,4.222673773765564,0.0,1.0,0.2871225271373987,0.29414585834527834,0.18872973322868347,0.09453376134236653,2.0944409584444657e-07,6.756553716513736e-07,1.9084104546474823,0.9971673966213526,57.3137502597604,False,0.2007113444069546,3.9639200111851096,0.07841054257005453,0.859375
1030,28,0.001,0.4759265426546335,2.883448600769043,0.0,1.0,0.4759267456829548,0.32242958088491774,0.2078412789851427,0.11899224917093912,1.4652808033588371e-07,5.399832048169628e-07,5.6602092338345225,0.9971673966213526,57.31721716431665,False,0.22422532246309856,3.9527661623433232,0.07119927648454905,0.875
1031,28,0.001,0.35474564507603645,3.1226704716682434,0.0,1.0,0.35474588442593813,0.3225401772232265,0.21700000576674938,0.12368035316467284,2.947118673546356e-07,8.32832199648692e-07,4.6775406470212495,0.9971673966213526,57.32041532611007,False,0.2282873905296583,3.9153142357245088,0.06535432953387499,0.890625
1032,28,0.001,0.3628396040003281,5.75859859585762,0.1540951430797577,0.5,0.5169349612988299,0.34366310680305834,0.24645822122693062,0.11020843187967935,1.8543667579251633e-07,4.5528861392085673e-07,33.9601220114131,0.9971673966213526,57.325646275398995,False,0.2376249337612535,3.981775759719312,0.07498527597635984,0.859375
1033,28,0.001,0.7379980536643416,5.330439209938049,0.0,1.0,0.7379983863793314,0.35621115309628426,0.235295619815588,0.10210116704305013,2.3262369097665214e-07,6.915243488947453e-07,7.3721564708973135,0.9971673966213526,57.3357783482833,False,0.2762247701466549,4.082134031690657,0.052911398001015186,0.890625
1034,28,0.001,0.1923485156148672,3.7138593792915344,0.0786588191986084,0.75,0.2710076179355383,0.3541759272993014,0.2564259599894285,0.11006379127502441,1.7136335372924805e-07,8.513172815582948e-07,8.154463637640532,0.9971673966213526,57.34924039821682,False,0.28393735094869044,4.0015629613772035,0.04884177539497614,0.890625
1035,28,0.001,0.46915962640196085,1.9569838047027588,0.1978571116924286,0.5,0.6670170337310992,0.35034979029995705,0.2474037054926157,0.09601537386576334,2.8312206268310547e-07,5.337897164281458e-07,18.698597217539078,0.9971673966213526,57.36480429761233,False,0.2891936405067099,3.953841579146683,0.052687118761241436,0.875
1036,28,0.001,0.11973559251055121,3.102560982108116,0.16492338478565216,0.75,0.2846592168789357,0.29616813745770343,0.1848076805472374,0.09682377179463704,1.3742182147780113e-07,5.335404011930223e-07,5.10997572640587,0.9971673966213526,57.381996554560516,False,0.29180468604317866,4.001144466921687,0.05408475920557976,0.875
1037,28,0.001,0.27337589184753597,2.7309531569480896,0.0,1.0,0.2733761759882327,0.3513900669950878,0.2523237466812134,0.10575572649637857,2.036492077195362e-07,6.733595228070044e-07,5.278576543003759,0.9971673966213526,57.40011601270616,False,0.29575423593632877,3.7766652647405863,0.05408475920557976,0.875
1038,28,0.001,0.45558327122125775,4.097526907920837,0.012134850025177002,0.75,0.46771845693001524,0.3485868594094429,0.2219957523047924,0.10932882626851399,2.0447704685011558e-07,7.608160217387194e-07,4.510919068136603,0.9971673966213526,57.41868034206385,False,0.30368904028000543,3.8060341384261847,0.05484318733215332,0.859375
1039,28,0.001,0.1346121656242758,2.9746547639369965,0.12329110503196716,0.75,0.2579034906812012,0.3025930667994122,0.21976829320192337,0.12334879239400227,1.95370787992033e-07,4.60118627643169e-07,9.36364327881549,0.9971673966213526,57.43714064325184,False,0.2863336568043451,3.627761334180832,0.06254888139665127,0.84375
1040,28,0.001,0.32508426113054156,4.694002211093903,0.14461416006088257,0.75,0.46969865856226534,0.29694295072811544,0.2269052378833294,0.11314892768859863,1.9702646625319176e-07,1.0666449270502198e-06,12.819012343831929,0.9971673966213526,57.455464477191754,False,0.28906283139804145,3.6358832642436028,0.07158726640045643,0.828125
1041,28,0.001,0.4112183712422848,5.22336220741272,0.0,1.0,0.411218611523509,0.28388635075639723,0.21579844690859318,0.11536884307861328,1.8378098332050286e-07,6.495535558315169e-07,5.81354378597898,0.9971673966213526,57.47326571675857,False,0.30863240718463203,3.7871641851961613,0.07158726640045643,0.828125
1042,28,0.001,0.34998336154967546,4.15397247672081,0.18004634976387024,0.75,0.5300300305243582,0.36265345086983686,0.25424474105238914,0.10589003562927246,2.206199667398323e-07,1.1530116807989543e-06,7.905212789561804,0.9971673966213526,57.49041700850589,False,0.3229374029542669,3.788842873647809,0.08284016326069832,0.8125
1043,28,0.001,0.1683087730780244,3.8423469364643097,0.0,1.0,0.16830901091452688,0.35465845744255553,0.2529055327177048,0.11291241645812988,1.7219119285982742e-07,4.882106736658898e-07,1.7361315215559856,0.9971673966213526,57.50676085775376,False,0.32627715472335694,3.770442374050617,0.08284016326069832,0.8125
1044,28,0.001,0.2496852154727094,3.775189697742462,0.0,1.0,0.24968562583671883,0.44214010448421853,0.3224075734615326,0.1245739459991455,1.5315082180222817e-07,6.7430181616146e-07,5.484820608263624,0.9971673966213526,57.5222109649712,False,0.3354829441977927,3.848952698521316,0.06597630772739649,0.84375
1045,29,0.001,0.2979028094559908,3.996392548084259,0.0,1.0,0.2979030243586749,0.2871421981335855,0.220902007073164,0.12178675333658853,2.3345153010723152e-07,8.663416792842327e-07,3.4438249923669084,0.9971673966213526,57.53670118970719,False,0.3361567312840634,3.8348101219162345,0.06597630772739649,0.84375
1046,29,0.001,0.17228507716208696,4.674453973770142,0.0,1.0,0.17228537797927856,0.4020426101207259,0.2801640033721924,0.12907695770263672,1.7219119285982742e-07,4.897913754575711e-07,1.5403435457145727,0.9971673966213526,57.5502625075161,False,0.31717913969077927,3.946747957728803,0.06597630772739649,0.84375
1047,29,0.001,0.2995299641042948,4.110619157552719,0.05142435431480408,0.75,0.3509546276181936,0.27067633208495384,0.18702120333909988,0.11467846234639485,3.029902870821388e-07,9.786116379473242e-07,6.242203375145761,0.9971673966213526,57.56277030298306,False,0.3137281596300454,4.008494750596583,0.06919032987207174,0.828125
1048,29,0.001,0.49659773614257574,3.8632590770721436,0.13387268781661987,0.75,0.6304707350209355,0.3470357354684993,0.22766553238034248,0.10084374745686848,2.2682878864088707e-07,1.0537262369325617e-06,6.597086706489282,0.9971673966213526,57.57428402242399,False,0.3220880428889359,3.8900360306724906,0.06792642641812563,0.84375
1049,29,0.001,0.3139652442187071,3.3714793622493744,0.0,1.0,0.3139654831029475,0.3149032286985691,0.21216915920376778,0.11367646853129068,2.8312206268310547e-07,8.575078709327499e-07,4.615991679817025,0.9971673966213526,57.58500428216277,False,0.29558599229858373,3.7676010401919484,0.06792642641812563,0.84375
1050,29,0.001,0.052372136851772666,5.540344059467316,0.0,1.0,0.05237236339598894,0.33661893343852883,0.25006280094385147,0.11822223663330077,2.301401593740593e-07,1.7202305571117904e-06,0.6476320057868273,0.9971673966213526,57.594973714693296,False,0.2868374686258903,3.8817563327029347,0.0630102502182126,0.859375
1051,29,0.001,0.2662879657000303,4.187688231468201,0.0,1.0,0.26628820039331913,0.27281994801149445,0.18168680369853973,0.10914603869120279,1.5729003166597977e-07,4.1244049953093054e-07,2.8122930223159224,0.9971673966213526,57.6041923320222,False,0.27415798983201967,4.021175359375775,0.05064418073743582,0.890625
1052,29,0.001,0.10371478740125895,3.157751977443695,0.0,1.0,0.10371502488851547,0.36707336088807,0.2598212696611881,0.10646613438924153,1.8874804652568855e-07,8.733393315196736e-07,1.385036991981778,0.9971673966213526,57.612718289493316,False,0.2731566895126889,4.0246247965842485,0.04033646918833256,0.90625
1053,29,0.001,0.14375615492463112,3.3701449036598206,0.01737821102142334,0.75,0.16113456431776285,0.2693192800326987,0.1911115124821663,0.11345982551574707,2.2434525703829422e-07,5.12058818458172e-07,6.063845597942414,0.9971673966213526,57.620786273984784,False,0.26505545595500735,4.064574280753732,0.041422607377171516,0.890625
1054,29,0.001,0.1495263788383454,5.8987849950790405,0.0,1.0,0.14952670386992395,0.41579903453206574,0.3040679916739464,0.1119255224863688,1.9205941725886078e-07,7.781728754707729e-07,1.8609948143607955,0.9971673966213526,57.6283021294213,False,0.24592690018107533,4.177152911201119,0.040664179250597954,0.90625
1055,29,0.001,0.0194090630102437,4.060754597187042,0.0,1.0,0.019409418397117406,0.3962549253827592,0.2785649001598358,0.12557856241861978,1.2003712868136063e-07,6.49684182008059e-07,0.42602563852014697,0.9971673966213526,57.635285237540025,False,0.23872670626769832,4.245034150779247,0.032958485186100006,0.921875
1056,29,0.001,0.14677279442548752,4.880234971642494,0.11234013736248016,0.75,0.25911331875249743,0.46761906652115,0.36074643954634666,0.1087181568145752,1.7136335372924805e-07,4.846934871238773e-07,2.9852296106167677,0.9971673966213526,57.641755022025755,False,0.22758223959863244,4.256673698313534,0.030941358767449856,0.921875
1057,29,0.001,0.6112364046275616,3.2893054485321045,0.2538929581642151,0.75,0.8651296272873878,0.3129471780483168,0.22140174359083176,0.1259615421295166,1.7136335372924805e-07,7.695705903643102e-07,15.534167226245973,0.9971673966213526,57.64786517064071,False,0.24008336668521224,4.135795150883496,0.0468096686527133,0.90625
1058,29,0.001,0.26965404918882996,5.038471817970276,0.0,1.0,0.2696543992497027,0.3730625775011312,0.2401435747742653,0.11447572708129883,1.8460883666193695e-07,4.282111376596731e-07,2.2125613613572637,0.9971673966213526,57.65362230214066,False,0.2350627846626594,4.191076359711587,0.03555677179247141,0.921875
1059,29,0.001,0.33242314122617245,3.0942014306783676,0.20155476033687592,0.75,0.5339782238006592,0.3458530068564668,0.23377246037125587,0.10108065605163574,2.558032576871483e-07,7.045165375529905e-07,9.25492439489326,0.9971673966213526,57.658944464125554,False,0.24531993267191865,4.144317265599966,0.048153944313526154,0.90625
1060,29,0.001,0.11230040527880192,3.8406746089458466,0.0,1.0,0.11230066418647766,0.3933403321511011,0.29859674721956253,0.0941942532857259,2.3510720836839027e-07,7.329161917368765e-07,1.0157966570043317,0.9971673966213526,57.66387480869816,False,0.23673338203479943,4.148410072550178,0.048153944313526154,0.90625
1061,29,0.001,0.3856194280087948,5.340676188468933,0.0,1.0,0.38561973348259926,0.4068399652887362,0.2988882511854172,0.11736639340718587,1.8543667579251633e-07,6.801450354032568e-07,4.4717268859730375,0.9971673966213526,57.66855513225227,False,0.24221567069434968,4.23242780007422,0.048153944313526154,0.90625
1062,29,0.001,0.061643254943192005,3.6741070449352264,0.0,1.0,0.06164352083578706,0.34297887505276947,0.23098859190940857,0.11531233787536621,2.789828670302086e-07,5.475263833432109e-07,0.8106834207075252,0.9971673966213526,57.67293661793239,False,0.23530055680566875,4.1699061170220375,0.048153944313526154,0.90625
1063,29,0.001,0.10164753161370754,4.042322278022766,0.0,1.0,0.10164780169725418,0.41894584821277475,0.2605499438941479,0.10453446706136067,2.0199351524752274e-07,6.236257377167931e-07,1.5055505062429564,0.9971673966213526,57.6770277008749,False,0.22293290477500705,4.165637562051415,0.0449399221688509,0.921875
1064,29,0.001,0.0719844187842682,3.5045509338378906,0.0,1.0,0.07198481517843902,0.44992444873163734,0.28755997493863106,0.11645094553629556,2.0282136858895683e-07,9.445446949030156e-07,2.3491082295735435,0.9971673966213526,57.680850122672894,False,0.19639457244011282,4.143218303099275,0.03657287918031216,0.9375
1065,29,0.001,0.12706809815426823,5.491826117038727,0.0,1.0,0.12706847733352333,0.3529659906247693,0.25056994892656803,0.09780542055765787,1.5811788500741386e-07,6.568504886672599e-07,1.1228250956572197,0.9971673966213526,57.68439633401031,False,0.1847135008110854,4.275739975273609,0.03657287918031216,0.9375
1066,29,0.001,0.37092919027782045,2.1803477853536606,0.11370711028575897,0.75,0.4846365572884679,0.37087008856792175,0.23066998459398746,0.11263235410054524,1.688798221266552e-07,5.031374712416437e-07,5.7067670128432715,0.9971673966213526,57.687861480844255,False,0.20462331665021338,4.065740208141506,0.04367957357317209,0.921875
1067,29,0.001,0.45108682417776436,2.684671700000763,0.0,1.0,0.4510870364611037,0.25955933847527785,0.18073487095534801,0.1097104549407959,1.904037247868473e-07,5.691972546628676e-07,3.0921518862117203,0.9971673966213526,57.69111344211866,False,0.21617324530507176,3.971801674924791,0.04367957357317209,0.921875
1068,29,0.001,0.21997111476957798,4.935881078243256,0.0,1.0,0.21997142606414855,0.34992992907755016,0.24889180809259415,0.10423731803894043,1.8792020739510917e-07,3.6831627880928863e-07,2.373737278187062,0.9971673966213526,57.69411346295065,False,0.2234392657655917,4.082934743724763,0.04367957357317209,0.921875
1069,29,0.001,0.058868277352303267,2.77860826253891,0.1303088665008545,0.5,0.18917751824483275,0.4026393380842847,0.27577371522784233,0.10898113250732422,2.218617396465561e-07,5.874799740013259e-07,13.950492235008193,0.9971673966213526,57.696782087474986,False,0.2181337734173212,4.0459637036547065,0.05073773954063654,0.90625
1070,29,0.001,0.11438094638288021,1.9560538828372955,0.0,1.0,0.1143811154179275,0.3140749500996926,0.23979969322681427,0.08835315704345703,1.2831556261971855e-07,3.680178508602694e-07,1.9864678188234293,0.9971673966213526,57.69947789159529,False,0.21593718388885463,3.7995430091395974,0.05073773954063654,0.90625
1071,29,0.001,0.46833048859843984,3.3383117895573378,0.37489965558052063,0.5,0.8432303675363073,0.273991767349399,0.20516196638345718,0.09799814224243164,1.986821445143505e-07,5.932995463808766e-07,12.098129599783634,0.9971673966213526,57.70218678727813,False,0.2439947729881169,3.754390333662741,0.07416896801441908,0.875
1072,29,0.001,0.23599517217371613,3.7483848929405212,0.0,1.0,0.23599558568093926,0.3562017904173378,0.25451819598674774,0.11853019396464029,2.21033886305122e-07,7.854434898035834e-07,1.549542148105382,0.9971673966213526,57.70495416605533,False,0.24957117159738118,3.6836497037438676,0.06714770942926407,0.890625
1073,29,0.001,0.07416510325856507,2.4870279729366302,0.18653035163879395,0.75,0.26069575920701027,0.39595192504212984,0.26110897213220596,0.10488367080688477,1.862645149230957e-07,8.909981943361345e-07,2.4175992090746767,0.9971673966213526,57.70765855286593,False,0.2160042152618189,3.6335073615191504,0.06293754652142525,0.890625
1074,29,0.001,0.235108925960958,5.740912735462189,0.0,1.0,0.23510913597419858,0.3355635365332531,0.2453329600393772,0.11869096755981445,1.7633040272357903e-07,6.903219400555827e-07,2.334228046227713,0.9971673966213526,57.710309348066815,False,0.2138451450600769,3.677409918862395,0.06293754652142525,0.890625
1075,29,0.001,0.14429807057604194,3.87286639213562,0.0,1.0,0.1442983322776854,0.29429486246526826,0.21232575923204422,0.10600034395853677,2.0282136858895683e-07,5.259838644633419e-07,1.629967329971866,0.9971673966213526,57.71286477521234,False,0.20208732814444375,3.7260764789534733,0.0503403740003705,0.90625
1076,29,0.001,0.17423826828598976,4.005030304193497,0.23003315925598145,0.75,0.4042718131095171,0.48372786858778377,0.32332269847393036,0.10893519719441731,2.5331974029541016e-07,5.435831553768367e-07,6.351926240270846,0.9971673966213526,57.71530263581694,False,0.20595844458239299,3.7363487099064514,0.06471744645386934,0.890625
1077,29,0.001,0.037090628407895565,1.9946486353874207,0.0,1.0,0.03709093760699034,0.4176864802734711,0.2903389111161232,0.11460638046264648,2.3593504749896965e-07,9.91666070149222e-07,0.5143327266265072,0.9971673966213526,57.71767386269587,False,0.18417539460733678,3.527221987838857,0.06471744645386934,0.890625
1078,29,0.001,0.06587464734911919,6.58086359500885,0.0,1.0,0.06587505247443914,0.4420004704502443,0.283324658870697,0.1105957825978597,1.8460883666193695e-07,9.664801154940506e-07,1.3909977860671074,0.9971673966213526,57.719942406755024,False,0.18443985663270723,3.7088942722184584,0.06471744645386934,0.890625
1079,29,0.001,0.5352325718849897,4.552656769752502,0.0,1.0,0.5352328598964959,0.2453274504097399,0.19099918752908707,0.11142746607462564,1.2417633854511223e-07,3.5869493331119884e-07,4.872887510077551,0.9971673966213526,57.722155729472824,False,0.21153892164966237,3.740790177951567,0.06471744645386934,0.890625
1080,29,0.001,0.09250971861183643,2.886801600456238,0.0,1.0,0.09251014143228531,0.41302470874135844,0.2889390252530575,0.1264642874399821,2.558032576871483e-07,1.1261222425673623e-06,3.0780536927106543,0.9971673966213526,57.72424239449193,False,0.21282175288888538,3.7021808446152136,0.06471744645386934,0.890625
1081,30,0.001,0.1293820410501212,4.296246409416199,0.0,1.0,0.12938227434642613,0.3373363434682779,0.25282780453562737,0.12364610036214192,2.7153228643328475e-07,6.945447239559144e-07,2.003289534197835,0.9971673966213526,57.72622895070947,False,0.2129663743198762,3.6274571128888056,0.06471744645386934,0.890625
1082,30,0.001,0.04034630139358342,2.775398075580597,0.10357734560966492,0.75,0.14392412023153156,0.4728623377218997,0.3217521533370018,0.10892375310262044,1.5315082180222817e-07,6.516868324979441e-07,7.617585903794504,0.9971673966213526,57.72817092107894,False,0.19230494376461138,3.664647756027989,0.06408433616161346,0.890625
1083,30,0.001,0.06950519746169448,2.1482898890972137,0.11458250880241394,0.5,0.18408802733756602,0.4656377512551441,0.32206248864531517,0.12840064366658527,2.0944409584444657e-07,6.153971980893402e-07,11.169464328596932,0.9971673966213526,57.7302636256395,False,0.168456092094857,3.6311238928465173,0.07124574296176434,0.859375
1084,30,0.001,0.057806083699688315,2.1026674453169107,0.3239246904850006,0.75,0.38173106871545315,0.3917548153233687,0.27053122222423553,0.0953384240468343,3.311369312086754e-07,9.221678283211077e-07,0.9643899233925423,0.9971673966213526,57.73228501790464,False,0.1583207776529889,3.4540480407886207,0.09149103611707687,0.84375
1085,30,0.001,0.2647469516377896,6.09533166885376,0.0,1.0,0.2647472225362435,0.30808305647991985,0.21024175360798836,0.10883394877115884,2.0944409584444657e-07,5.845403734383581e-07,2.3986074240200197,0.9971673966213526,57.73419077908832,False,0.1711881947958318,3.661343253683299,0.08334673196077347,0.875
1086,30,0.001,0.04241720598656684,4.051701307296753,0.0,1.0,0.04241749446373433,0.36921071992152193,0.269160158932209,0.1070554256439209,1.7715825606501312e-07,6.223385753401089e-07,1.547594430801577,0.9971673966213526,57.735970178854046,False,0.16669046102106222,3.792321217712015,0.08334673196077347,0.875
1087,30,0.001,0.3061167374253273,3.169173091650009,0.06461873650550842,0.5,0.37073572468943894,0.298559851186122,0.22545299492776394,0.09213972091674805,2.2765662777146645e-07,4.3467889554449357e-07,4.60901381702818,0.9971673966213526,57.73774335065107,False,0.15655210157274269,3.781750049092807,0.0639541745185852,0.875
1088,30,0.001,0.13367944676429033,5.1656669825315475,0.22162501513957977,0.75,0.3553048111498356,0.4354555341490042,0.2963874489068985,0.12579727172851562,2.301401593740593e-07,7.783270348227234e-07,3.4247860424403624,0.9971673966213526,57.73957640802127,False,0.15015736873465357,3.870330179692246,0.07780573796480894,0.859375
1089,30,0.001,0.28443407267332077,4.703256249427795,0.0,1.0,0.2844342514872551,0.28809046791656606,0.2054176814854145,0.11663603782653809,1.9371509552001953e-07,9.104197147280502e-07,7.281962285321363,0.9971673966213526,57.741460583014,False,0.1632991793230758,4.008844446972944,0.06614759098738432,0.875
1090,30,0.001,0.30019738618284464,5.201753735542297,0.0,1.0,0.30019771959632635,0.4124536497819403,0.297384150326252,0.10748751958211263,1.9785430538377113e-07,7.14843054083758e-07,3.777366775480771,0.9971673966213526,57.74337305367806,False,0.16736720808694372,3.9751470094779506,0.06614759098738432,0.875
1091,30,0.001,0.285373130813241,5.016090095043182,0.18018555641174316,0.75,0.4655589614994824,0.34533750977685534,0.2418106570839882,0.09562969207763672,2.2848446690204582e-07,1.0596749007163453e-06,7.283831678296473,0.9971673966213526,57.7452653099037,False,0.17618439935176866,4.046598490909673,0.07740918826311827,0.859375
1092,30,0.001,0.09350775671191514,4.6919456124305725,0.0,1.0,0.09350811794865876,0.3491936116694482,0.25185258127748966,0.12490963935852051,1.7964177345675125e-07,1.11816711978463e-06,3.086668469665215,0.9971673966213526,57.74715005537709,False,0.171138742378389,4.0895306976744905,0.06303211580961943,0.875
1093,30,0.001,0.27016737475059927,3.8108707666397095,0.0,1.0,0.270167708164081,0.3648462293438154,0.24398476630449295,0.11609927813212076,1.9205941725886078e-07,4.6612689175162814e-07,7.967329555852401,0.9971673966213526,57.749251211805266,False,0.18570603902480798,4.203044580877759,0.06303211580961943,0.875
1094,30,0.001,0.478304635733366,4.97706463932991,0.0,1.0,0.4783048601821065,0.2700491120998034,0.21365954168140888,0.10812862714131673,2.2434525703829422e-07,6.313034646154847e-07,3.8835634238808714,0.9971673966213526,57.751349424349975,False,0.2114829132988234,4.102807146147825,0.06303211580961943,0.875
1095,30,0.001,0.41710024047642946,4.342643916606903,0.0,1.0,0.4171004225499928,0.3279754541373319,0.22546137869358063,0.09946441650390625,1.9205941725886078e-07,5.31565149231028e-07,11.779363769928786,0.9971673966213526,57.753770885891846,False,0.2040996425857884,4.089681342826225,0.06303211580961943,0.875
1096,30,0.001,0.3182480186223984,4.644162118434906,0.04538697004318237,0.5,0.3636352624744177,0.305072730300854,0.21073485910892487,0.09302592277526855,1.7053551459866867e-07,4.5642460122508055e-07,8.531408031699382,0.9971673966213526,57.756566608142435,False,0.2182082863364485,4.199516375199892,0.06586880143731833,0.84375
1097,30,0.001,0.09256572974845767,3.191210091114044,0.0,1.0,0.09256606851704419,0.41692155591569846,0.26329856738448143,0.1226209004720052,1.7467472446242027e-07,5.564423304349475e-07,2.500408683178361,0.9971673966213526,57.759417585428665,False,0.21590726688009454,4.130451605306007,0.06586880143731833,0.84375
1098,30,0.001,0.06131631805328652,6.301659345626831,0.0,1.0,0.061316519510000944,0.2682685139430093,0.20423689670860767,0.11774230003356934,2.0696057845270843e-07,5.585580993283656e-07,1.9528041238264704,0.9971673966213526,57.762275200967856,False,0.21721789292132598,4.350842934683897,0.05939521733671427,0.859375
1099,30,0.001,0.10056380275636911,3.165916681289673,0.03611072897911072,0.75,0.13667486933991313,0.412645590062552,0.28722914308309555,0.10890587170918782,2.773271603473404e-07,7.565923851871048e-07,8.002655457669844,0.9971673966213526,57.76510983210121,False,0.21915905575224315,4.414444609195925,0.054490731097757816,0.875
1100,30,0.001,0.1922556845820509,3.68225634098053,0.0,1.0,0.1922559231170453,0.28782224750619434,0.19871561601758003,0.10672163963317871,2.8063854529136734e-07,1.2003259826087742e-06,1.9652833167565322,0.9971673966213526,57.767948434261974,False,0.2275621558073908,4.5131689151749015,0.03424543794244528,0.890625
1101,30,0.001,0.1082710106857121,3.48431795835495,0.0,1.0,0.10827134910505265,0.4056822840704457,0.2754487991333008,0.10436534881591797,2.7236012556386413e-07,7.660587471036706e-07,2.0741740410795235,0.9971673966213526,57.77073756888678,False,0.21778240949788596,4.349980558268726,0.03424543794244528,0.890625
1102,30,0.001,0.15186234842985868,4.86385440826416,0.0,1.0,0.15186269930563867,0.3361638579086323,0.24082239717245102,0.12996776898701984,1.5729003166597977e-07,6.906053613420227e-07,2.7494133362010245,0.9971673966213526,57.773451591743544,False,0.2246227309005917,4.400740127079189,0.03424543794244528,0.890625
1103,30,0.001,0.07834528712555766,2.399263858795166,0.06079748272895813,0.75,0.13914309797110036,0.40279685333341453,0.2619544453918934,0.11026891072591145,1.8792020739510917e-07,5.748448188569455e-07,3.844194716716186,0.9971673966213526,57.77610046596757,False,0.2103870152568561,4.352620800025761,0.034006609581410885,0.90625
1104,30,0.001,0.19100800156593323,7.331185221672058,0.0,1.0,0.1910082958638668,0.2970761867549064,0.21472882106900215,0.11092201868693033,2.0613272511127434e-07,5.665958155987028e-07,3.125781170092401,0.9971673966213526,57.77866926843092,False,0.21397004993195878,4.487965689972043,0.02015504613518715,0.921875
1105,30,0.001,0.04675833380315453,4.66575762629509,0.020956754684448242,0.75,0.06771549198310822,0.47812639148339825,0.30416999757289886,0.11472527186075845,1.564621925354004e-07,5.683805284206755e-07,6.0882897985682956,0.9971673966213526,57.78111822024264,False,0.1991153162525734,4.485622026026249,0.021464843302965164,0.90625
1106,30,0.001,0.35460435366258025,6.991933107376099,0.20880985260009766,0.75,0.5634144195355475,0.33806808789126264,0.24070390313863754,0.109787384668986,2.0530488598069496e-07,7.114450113476778e-07,3.9791302726662674,0.9971673966213526,57.78345756088943,False,0.20251575172005687,4.5975082367658615,0.03451545909047127,0.890625
1107,30,0.001,0.18767349980771542,4.366434156894684,0.0,1.0,0.18767367489635944,0.3080218330134079,0.242446169257164,0.10673228899637857,1.655684656043377e-07,3.7261452234815806e-07,2.108052098195866,0.9971673966213526,57.78571896998318,False,0.19640952478221152,4.55690474063158,0.02325386181473732,0.90625
1108,30,0.001,0.06300414411816746,6.815398871898651,0.0,1.0,0.06300440744962543,0.3561873126449423,0.2187950573861599,0.11035029093424478,2.1027194918588066e-07,8.546384719920752e-07,0.8572741165824963,0.9971673966213526,57.787868906826375,False,0.1945030489951023,4.689620569348335,0.02325386181473732,0.90625
1109,30,0.001,0.04563511675223708,2.3482270389795303,0.1507151573896408,0.75,0.19635051116347313,0.3287827914508791,0.22403625026345253,0.1095133622487386,2.632538382840721e-07,7.299810249605798e-07,3.7050776953657083,0.9971673966213526,57.78990507307037,False,0.18046978287020465,4.598205336369574,0.03267355915158987,0.890625
1110,30,0.001,0.45226448215544224,3.463772237300873,0.040776342153549194,0.5,0.49304111674427986,0.28386539182923604,0.22115975432097912,0.11048452059427896,1.7219119285982742e-07,5.838745096298226e-07,42.34431045417171,0.9971673966213526,57.79131730881909,False,0.17884227327158442,4.503624561242759,0.035222080536186695,0.859375
1111,30,0.001,0.03622937714681029,3.717606484889984,0.06722542643547058,0.75,0.10345525806769729,0.5008830370006163,0.3315959796309471,0.11678417523701984,2.2765662777146645e-07,5.126809696776036e-07,4.037066257742071,0.9971673966213526,57.79309041656981,False,0.15503784431348322,4.464559721760452,0.039423669688403606,0.84375
1112,30,0.001,0.0689022964797914,2.6692135334014893,0.0,1.0,0.06890250369906425,0.2920963531974847,0.20875389873981476,0.10340714454650879,1.995099978557846e-07,4.5940174686620594e-07,0.5906952674399132,0.9971673966213526,57.79517589360258,False,0.13945373667957028,4.341125435195863,0.03658698406070471,0.875
1113,30,0.001,0.15821266651619226,4.037512272596359,0.16233155131340027,0.75,0.3205447307555005,0.4709276958739985,0.3341781832277775,0.10400732358296712,1.6308493400174484e-07,5.56666350348678e-07,45.18404703887582,0.9971673966213526,57.79739213656566,False,0.1435566702275537,4.394019321538508,0.046732706017792225,0.859375
1114,30,0.001,0.40106609929353,4.8960413336753845,0.0774836540222168,0.75,0.47855004761368036,0.3240018783647878,0.23885857500135899,0.12968095143636066,2.425578031761688e-07,6.103439318394521e-07,5.757823838535666,0.9971673966213526,57.80025180332736,False,0.1647910315550689,4.3061681957915425,0.051575434394180775,0.84375
1115,30,0.001,0.17101433337666094,4.477830104529858,0.23302584886550903,0.75,0.4040404218249023,0.3835025593119665,0.28361761197447777,0.1171255111694336,1.9288725638944015e-07,7.530001084887772e-07,6.406846966936098,0.9971673966213526,57.80358641809175,False,0.16919418971883715,4.388162784744054,0.06388262938708067,0.84375
1116,30,0.001,0.14922641089651734,3.94072225689888,0.08473992347717285,0.75,0.2339666198240593,0.3539604397860884,0.23428736627101898,0.10526688893636067,1.7881393432617188e-07,4.101506760889606e-07,24.02349830620905,0.9971673966213526,57.807846723217864,False,0.1665048601134913,4.404316904488951,0.06917887460440397,0.828125
1117,31,0.001,0.07588983094319701,6.13501501083374,0.0,1.0,0.07589012244716287,0.42826854094455735,0.3098529353737831,0.14055434862772623,1.8874804652568855e-07,5.905753823753912e-07,4.792897998632816,0.9971673966213526,57.81245263812478,False,0.1644810363795841,4.569985470268875,0.06917887460440397,0.828125
1118,31,0.001,0.26744482945650816,6.692966014146805,0.0,1.0,0.26744508725823835,0.2785584716712269,0.20686272159218788,0.11679784456888834,1.9785430538377113e-07,7.92277887740056e-07,2.506432314174294,0.9971673966213526,57.81711104983247,False,0.1717049414437497,4.684304945636541,0.06917887460440397,0.828125
1119,31,0.001,0.2655482259579003,3.8511857986450195,0.0,1.0,0.2655485896393657,0.39983955320795217,0.24681172519922256,0.10654942194620767,2.682209014892578e-07,8.884842372935964e-07,6.0393748034122705,0.9971673966213526,57.821696718884574,False,0.18340512512077112,4.7750500668771565,0.06537903193384409,0.84375
1120,31,0.001,0.21507511011441238,4.4633509516716,0.0,1.0,0.21507552736147773,0.4354675222543966,0.3135058730840683,0.12138772010803223,2.0613272511127434e-07,2.7765833010562346e-07,4.658571941069409,0.9971673966213526,57.82618608526467,False,0.18490931940505106,4.595810425002128,0.06537903193384409,0.84375
1121,31,0.001,0.3413954460993409,3.633573889732361,0.22003480792045593,0.75,0.5614305604249239,0.32856968866291203,0.2169055324047804,0.1190349260965983,2.0944409584444657e-07,7.600153253406461e-07,4.559304471744601,0.9971673966213526,57.830624842485726,False,0.20332413892356271,4.531298941466957,0.07782141026109457,0.84375
1122,31,0.001,0.14554125908762217,7.993395507335663,0.0,1.0,0.14554158225655556,0.45005129317992176,0.3049946129322052,0.11585172017415364,2.2020604717454262e-07,1.1569167099878541e-06,4.740782500031226,0.9971673966213526,57.83501905212982,False,0.19025769551262783,4.59389034146443,0.06477079447358847,0.859375
1123,31,0.001,0.1842883788049221,5.156025290489197,0.0,1.0,0.18428879976272583,0.41363625482928046,0.2879832684993744,0.09844191869099934,1.60601402399152e-07,4.3413268713266007e-07,3.7367337492563495,0.9971673966213526,57.839375551336786,False,0.19004612544995325,4.643239787314087,0.06477079447358847,0.859375
1124,31,0.001,0.13821624172851443,3.6409712061285973,0.2643579840660095,0.75,0.40257477620616555,0.461868596246652,0.309024753049016,0.1023566722869873,2.599424817617546e-07,4.894570224678318e-07,5.999321706945118,0.9971673966213526,57.84349644627215,False,0.19474688155059994,4.444838058203459,0.08129316847771406,0.84375
1125,31,0.001,0.37253471929579973,3.835547924041748,0.0,1.0,0.37253737077116966,0.40367284232836464,0.29679651744663715,0.08417169253031412,1.473559336773178e-07,3.6831687566518667e-07,3.287698423803805,0.9971673966213526,57.84745709388387,False,0.2151781067095726,4.537795613519847,0.07187347114086151,0.859375
1126,31,0.001,0.3709747791290283,4.863059043884277,0.0,1.0,0.3709750846028328,0.3449381766283529,0.25314130261540413,0.10580722490946451,2.504222891275276e-07,4.75522995202482e-07,11.37141097735961,0.9971673966213526,57.85144294717397,False,0.21009750027042173,4.62525103893131,0.06932494975626469,0.890625
1127,31,0.001,0.18195254355669022,4.940284430980682,0.0,1.0,0.1819527829065919,0.3059356824080453,0.22286796942353249,0.11696370442708333,2.1027194918588066e-07,9.927562132361345e-07,6.3761145550823395,0.9971673966213526,57.855298998403434,False,0.21920519817103923,4.701668410561979,0.06512336060404778,0.90625
1128,31,0.001,0.16831793868914247,3.297079026699066,0.22425299882888794,0.75,0.392571272328496,0.35536696935918255,0.2391686588525772,0.10141698519388834,1.7467472446242027e-07,5.876301543139562e-07,4.214394002577118,0.9971673966213526,57.85908022047779,False,0.22541867580912367,4.740910003893077,0.07913917303085327,0.890625
1129,31,0.001,0.13984870677813888,4.719500184059143,0.0,1.0,0.13984897651243955,0.3239282853873208,0.23338522762060165,0.10791730880737305,1.8957588565626793e-07,5.397770905801735e-07,2.5590019954298104,0.9971673966213526,57.86276142875692,False,0.22427092832549533,4.783534248359501,0.06899345107376575,0.90625
1130,31,0.001,0.2753418004140258,5.225158631801605,0.0,1.0,0.27534214640036225,0.45461048254927217,0.2946421280503273,0.1112531820933024,2.2931232024347992e-07,1.0439991910971003e-06,4.523895133635683,0.9971673966213526,57.86631177253883,False,0.21641315964552632,4.80410407949239,0.0641507226973772,0.921875
1131,31,0.001,0.18883812142303213,3.1114401519298553,0.04230296611785889,0.75,0.23114135349169374,0.33531009148684704,0.24097829684615135,0.10588725407918294,2.119276274470394e-07,9.066461075235566e-07,6.341482656880189,0.9971673966213526,57.86975344941229,False,0.21752714639842452,4.71870470745489,0.05223054252564907,0.921875
1132,31,0.001,0.9255760770756751,4.935752779245377,0.7401400208473206,0.75,1.6657162882620469,0.3799846052382693,0.27751168608665466,0.12172842025756835,2.2517311037972831e-07,7.259212679855409e-07,101.09916325878766,0.9971673966213526,57.87556712829464,False,0.2660490005346219,4.780894115101546,0.0931930486112833,0.921875
1133,31,0.001,0.08457828988321126,4.8228321969509125,0.0,1.0,0.08457853749860078,0.3561662195373922,0.24231648817658424,0.10916598637898763,1.6308493400174484e-07,7.097295906532963e-07,2.680885605075575,0.9971673966213526,57.886498413328724,False,0.2665920292183728,4.698882689233869,0.0931930486112833,0.921875
1134,31,0.001,0.8715164612513036,5.163054585456848,0.05735045671463013,0.75,0.92886725848075,0.3203174969667951,0.2030790727585554,0.11002016067504883,2.384185791015625e-07,1.2319953839323716e-06,19.98356528525308,0.9971673966213526,57.90126590769466,False,0.3043465062055475,4.603263224940747,0.09677745215594769,0.90625
1135,31,0.001,0.9422785721253604,3.4926402866840363,0.3582814335823059,0.75,1.300560250529088,0.38640099907391806,0.26279377192258835,0.11265500386555988,2.897448041494499e-07,8.584379429521505e-07,58.32645082635499,0.9971673966213526,57.92042212429068,False,0.34664215284101374,4.580854130443186,0.1191700417548418,0.890625
1136,31,0.001,0.4958201586268842,3.2270623445510864,0.014754503965377808,0.75,0.5105751473456621,0.37834157520552797,0.2624971866607666,0.10334436098734537,1.945429346505989e-07,6.018916565153631e-07,14.226745941949968,0.9971673966213526,57.94205409479137,False,0.36418871837304323,4.5035860924981534,0.12009219825267792,0.875
1137,31,0.001,0.26815186627209187,4.4596651792526245,0.0,1.0,0.26815214939415455,0.3429650556675795,0.24442997947335243,0.09839383761088052,2.1937820804396324e-07,5.989907094772207e-07,4.658554329413497,0.9971673966213526,57.96552978280905,False,0.35961099463384016,4.55521679809317,0.10634002275764942,0.890625
1138,31,0.001,0.972726771607995,5.055152058601379,0.0,1.0,0.9727271031588316,0.42770645930549017,0.2769615203142166,0.10952043533325195,2.2931232024347992e-07,6.471390179285663e-07,12.840272075751926,0.9971673966213526,57.98956427221492,False,0.41131008916636347,4.371576582547277,0.10634002275764942,0.890625
1139,31,0.001,0.18491335096769035,1.6739778742194176,0.4416947066783905,0.5,0.6266083992086351,0.3398037508508758,0.24627894163131714,0.1098503271738688,2.0530488598069496e-07,5.380550760492042e-07,14.277080576955019,0.9971673966213526,58.01400340174671,False,0.4113491499265365,4.153948619030416,0.13394594192504883,0.859375
1140,31,0.001,0.1057790108025074,2.174475595355034,0.19713999330997467,0.75,0.3029196983552538,0.4518237124191862,0.34286458045244217,0.1471705436706543,1.7136335372924805e-07,1.2119209031880018e-06,6.408500883904383,0.9971673966213526,58.03864265643933,False,0.40932182299366104,4.062292643357068,0.12974481750279665,0.859375
1141,31,0.001,0.30277434177696705,1.7304961681365967,0.42263326048851013,0.25,0.7255915813148022,0.3305396826835348,0.24310847371816635,0.11823622385660806,1.8295314418992348e-07,3.471578509106621e-07,33.25720843321766,0.9971673966213526,58.06413741362685,False,0.404961799398734,3.9307269086129963,0.15615939628332853,0.8125
1142,31,0.001,0.2769309813156724,2.3257145285606384,0.3859992027282715,0.5,0.663095991127193,0.4241848958040523,0.3054606169462204,0.12475943565368652,2.0613272511127434e-07,9.731760428621783e-07,11.297727831173669,0.9971673966213526,58.09015588168786,False,0.39908406203539926,3.772142876405269,0.1802843464538455,0.78125
1143,31,0.001,0.7441201694309711,4.054223358631134,0.28058093786239624,0.5,1.0249130316078663,0.4488243434413229,0.31926678493618965,0.1359721024831136,1.779860951955925e-07,6.015424105498823e-07,17.821180957252086,0.9971673966213526,58.116275240423725,False,0.4342195386525418,3.716764059383422,0.19782065507024527,0.75
1144,31,0.001,1.201786001212895,1.8011138439178467,1.4015877544879913,0.25,2.603374063037336,0.36373777494688303,0.27753889188170433,0.11734827359517415,2.549754185565689e-07,1.0954175877486705e-06,43.85701090476557,0.9971673966213526,58.14267656841871,False,0.49881129256027634,3.623266235459596,0.27140407729893923,0.71875
1145,31,0.001,2.1931514777243137,5.20612233877182,1.0917527675628662,0.75,3.284904551692307,0.3967235613897385,0.28046026825904846,0.0982076327006022,2.3345153010723152e-07,7.007973295003467e-07,42.14913079674111,0.9971673966213526,58.17096930176762,False,0.6271427157444123,3.6536801201291382,0.33963862527161837,0.703125
1146,31,0.001,0.4762639435939491,4.117390692234039,0.0,1.0,0.47626418666914105,0.3528356832477888,0.26424457877874374,0.1367205778757731,2.342793692378109e-07,4.3400197569098964e-07,9.317796591080333,0.9971673966213526,58.20070038243807,False,0.6397003496931575,3.5844446239061654,0.33963862527161837,0.703125
1147,31,0.001,0.4171356330625713,3.3267706632614136,0.1312636137008667,0.5,0.5483997364062816,0.39717429885586614,0.29215360805392265,0.1199050744374593,2.086162567138672e-07,9.515591727904393e-07,30.605075378366905,0.9971673966213526,58.231368839645164,False,0.6539689441706287,3.5979027808643878,0.34519866574555635,0.6875
1148,31,0.001,0.4920718427747488,2.959802806377411,0.028927862644195557,0.75,0.5209999876096845,0.2660118762169846,0.18706968985497952,0.10544538497924805,2.4007425736272126e-07,5.374447482608957e-07,11.191123723960358,0.9971673966213526,58.262870202117,False,0.6268749295268208,3.47440590756014,0.30074790585786104,0.6875
1149,31,0.001,0.6967678554356098,2.4921311140060425,0.011144042015075684,0.75,0.7079233396798372,0.43960214446485246,0.31713635846972466,0.09330240885416666,2.077884175832878e-07,7.77817945163406e-07,17.444945494078322,0.9971673966213526,58.29485517297163,False,0.6651367773738457,3.3287370898760855,0.3014444084838033,0.671875
1150,31,0.001,0.7917529046535492,2.780297130346298,0.26668044924736023,0.5,1.058433622121811,0.3462085267538823,0.24452274292707443,0.10833613077799478,1.8792020739510917e-07,4.140835585531022e-07,18.52869844490729,0.9971673966213526,58.32684807321251,False,0.660151555086486,3.179814748931676,0.3145275330170989,0.65625
1151,31,0.001,0.42851695232093334,1.8683448731899261,0.17940554022789001,0.5,0.6079228058224544,0.3717142766558234,0.2974056676030159,0.10470390319824219,2.0282136858895683e-07,5.549945285565627e-07,50.317593022640665,0.9971673966213526,58.35753762389817,False,0.6280414538487094,3.0782962855882943,0.3033477896824479,0.640625
1152,31,0.001,0.29190803738310933,1.7075981348752975,0.5398034453392029,0.25,0.8317466890439391,0.48483158074439836,0.32799480482935905,0.12101340293884276,2.566311252394371e-07,1.0738999662862625e-06,16.236895781268434,0.9971673966213526,58.388850853738184,False,0.6152969462709734,2.9833297724835575,0.336163348518312,0.609375
