target_index,family,segment_id,optimizer_step,learning_rate,loss,loss_moving_mean_16,gradient_norm_before_clip,gradient_clipped,update_weight_ratio,state_gradient_nonzero_fraction
0,F2,r5-f2-d1803aae745ed83f142b0bae,1,1e-05,18.02083396911621,18.02083396911621,0.1437685638666153,False,0.00036146807302940077,1.0
0,F2,r5-f2-d1803aae745ed83f142b0bae,2,1.1333333333333334e-05,17.229167938232422,17.625000953674316,0.37300771474838257,False,0.0005062075816297532,1.0
0,F2,r5-f2-d1803aae745ed83f142b0bae,3,1.2666666666666667e-05,16.96875,17.40625063578288,0.7441039085388184,False,0.0004292583955565022,1.0
0,F2,r5-f2-d1803aae745ed83f142b0bae,4,1.4000000000000001e-05,17.36458396911621,17.39583396911621,0.271989107131958,False,0.0004428382891109656,1.0
0,F2,r5-f2-d1803aae745ed83f142b0bae,5,1.5333333333333334e-05,17.27083396911621,17.370833969116212,0.30944326519966125,False,0.0004735850981242706,1.0
0,F2,r5-f2-d1803aae745ed83f142b0bae,6,1.6666666666666667e-05,17.375,17.371528307596844,0.2161816954612732,False,0.0005077744945031543,1.0
0,F2,r5-f2-d1803aae745ed83f142b0bae,7,1.8e-05,16.14583396911621,17.196429116385325,0.2415628433227539,False,0.00039745546388180385,1.0
0,F2,r5-f2-d1803aae745ed83f142b0bae,8,1.9333333333333333e-05,17.05208396911621,17.178385972976685,0.20268204808235168,False,0.0004389393639406864,1.0
0,F2,r5-f2-d1803aae745ed83f142b0bae,9,2.0666666666666666e-05,16.98958396911621,17.157407972547745,0.15559597313404083,False,0.00041421138949787714,1.0
0,F2,r5-f2-d1803aae745ed83f142b0bae,10,2.2e-05,16.96875,17.13854217529297,0.24216105043888092,False,0.00041192295081823144,1.0
0,F2,r5-f2-d1803aae745ed83f142b0bae,11,2.3333333333333332e-05,16.90625,17.11742470481179,0.23092100024223328,False,0.0004922295529353729,1.0
0,F2,r5-f2-d1803aae745ed83f142b0bae,12,2.4666666666666665e-05,17.27083396911621,17.13020881017049,0.19001029431819916,False,0.00041078284005744006,1.0
0,F2,r5-f2-d1803aae745ed83f142b0bae,13,2.6000000000000002e-05,18.041667938232422,17.20032105079064,0.20007744431495667,False,0.00047821761160933926,1.0
0,F2,r5-f2-d1803aae745ed83f142b0bae,14,2.733333333333333e-05,16.125,17.123512404305593,0.18220898509025574,False,0.00043477982548487955,1.0
0,F2,r5-f2-d1803aae745ed83f142b0bae,15,2.8666666666666668e-05,17.260417938232422,17.132639439900718,0.23299875855445862,False,0.00052403222594128,1.0
0,F2,r5-f2-d1803aae745ed83f142b0bae,16,2.9999999999999997e-05,16.9375,17.12044322490692,0.42885324358940125,False,0.0007700786204383019,1.0
0,F2,r5-f2-d1803aae745ed83f142b0bae,17,2.9999999999999997e-05,17.8125,17.107422351837158,0.2781933546066284,False,0.0006677850178099292,1.0
0,F2,r5-f2-d1803aae745ed83f142b0bae,18,2.9999872856917585e-05,16.072917938232422,17.035156726837158,0.2773241698741913,False,0.0006880120197997801,1.0
0,F2,r5-f2-d1803aae745ed83f142b0bae,19,2.999949143090342e-05,15.989583969116211,16.97395884990692,0.19312211871147156,False,0.0005941368449448783,1.0
0,F2,r5-f2-d1803aae745ed83f142b0bae,20,2.9998855731656623e-05,17.42708396911621,16.97786509990692,0.22610720992088318,False,0.0006299311849059801,1.0
0,F2,r5-f2-d1803aae745ed83f142b0bae,21,2.999796577534217e-05,17.291667938232422,16.979167222976685,0.14629408717155457,False,0.000621185100350134,1.0
0,F2,r5-f2-d1803aae745ed83f142b0bae,22,2.99968215845904e-05,17.98958396911621,17.017578721046448,1.1743218898773193,False,0.0008541458719763523,1.0
0,F2,r5-f2-d1803aae745ed83f142b0bae,23,2.9995423188496514e-05,16.03125,17.010417222976685,0.1908496618270874,False,0.0007454900357600924,1.0
0,F2,r5-f2-d1803aae745ed83f142b0bae,24,2.9993770622619783e-05,17.11458396911621,17.014323472976685,0.2293187379837036,False,0.0007294915713907591,1.0
0,F2,r5-f2-d1803aae745ed83f142b0bae,25,2.9991863928982672e-05,16.947917938232422,17.011719346046448,0.3737126290798187,False,0.0007661925924105648,1.0
0,F2,r5-f2-d1803aae745ed83f142b0bae,26,2.998970315606976e-05,17.86458396911621,17.06770896911621,0.3243701457977295,False,0.0006798546018044337,1.0
0,F2,r5-f2-d1803aae745ed83f142b0bae,27,2.998728835882651e-05,17.30208396911621,17.092448592185974,0.2886451780796051,False,0.0006482531491542917,1.0
0,F2,r5-f2-d1803aae745ed83f142b0bae,28,2.9984619598657892e-05,16.25,17.02864646911621,0.2462148219347,False,0.000535617435044638,1.0
0,F2,r5-f2-d1803aae745ed83f142b0bae,29,2.9981696943426767e-05,16.86458396911621,16.955078721046448,0.15277224779129028,False,0.0005601230718921584,1.0
0,F2,r5-f2-d1803aae745ed83f142b0bae,30,2.997852046745222e-05,17.86458396911621,17.06380271911621,0.271738737821579,False,0.0005258099945072944,1.0
0,F2,r5-f2-d1803aae745ed83f142b0bae,31,2.9975090251507633e-05,16.83333396911621,17.037109971046448,0.15262869000434875,False,0.0005280507425049057,1.0
0,F2,r5-f2-d1803aae745ed83f142b0bae,32,2.9971406382818667e-05,17.322917938232422,17.061198592185974,0.38275080919265747,False,0.0005326273411411489,1.0
0,F2,r5-f2-d1803aae745ed83f142b0bae,33,2.9967468955060995e-05,16.1875,16.959636092185974,0.2577219605445862,False,0.0005340078184984556,1.0
0,F2,r5-f2-d1803aae745ed83f142b0bae,34,2.996327806835797e-05,16.125,16.962891221046448,0.23573550581932068,False,0.0005426847265607087,1.0
0,F2,r5-f2-d1803aae745ed83f142b0bae,35,2.9958833829278017e-05,16.95833396911621,17.023438096046448,0.20040194690227509,False,0.0005707922210670771,1.0
0,F2,r5-f2-d1803aae745ed83f142b0bae,36,2.995413635083201e-05,18.02083396911621,17.060547471046448,0.33502882719039917,False,0.0006880278594061225,1.0
0,F2,r5-f2-d1803aae745ed83f142b0bae,37,2.9949185752470325e-05,18.02083396911621,17.106120347976685,0.24235306680202484,False,0.0007243772451958828,1.0
0,F2,r5-f2-d1803aae745ed83f142b0bae,38,2.9943982160079822e-05,16.166667938232422,16.992188096046448,0.6792341470718384,False,0.0009355176918897253,1.0
0,F2,r5-f2-d1803aae745ed83f142b0bae,39,2.993852570598065e-05,17.34375,17.074219346046448,0.27348604798316956,False,0.0009625158082467175,1.0
0,F2,r5-f2-d1803aae745ed83f142b0bae,40,2.9932816528922903e-05,17.947917938232422,17.12630271911621,0.12346348166465759,False,0.0008999471112745112,1.0
0,F2,r5-f2-d1803aae745ed83f142b0bae,41,2.992685477408305e-05,16.05208396911621,17.070313096046448,0.25663745403289795,False,0.0007972034571352293,1.0
0,F2,r5-f2-d1803aae745ed83f142b0bae,42,2.9920640593060258e-05,16.197917938232422,16.96614646911621,0.29236507415771484,False,0.0005653004821399128,1.0
0,F2,r5-f2-d1803aae745ed83f142b0bae,43,2.9914174143872566e-05,17.260417938232422,16.963542342185974,0.15831921994686127,False,0.0005841305483024581,1.0
0,F2,r5-f2-d1803aae745ed83f142b0bae,44,2.9907455590952825e-05,17.125,17.018229842185974,0.251753568649292,False,0.0005381644697667286,1.0
0,F2,r5-f2-d1803aae745ed83f142b0bae,45,2.990048510514454e-05,17.125,17.03450584411621,0.3141466975212097,False,0.0006340872450550774,1.0
0,F2,r5-f2-d1803aae745ed83f142b0bae,46,2.9893262863697524e-05,17.39583396911621,17.00520896911621,0.15571223199367523,False,0.0006168511878893635,1.0
0,F2,r5-f2-d1803aae745ed83f142b0bae,47,2.9885789050263383e-05,17.072917938232422,17.020182967185974,0.518679141998291,False,0.0006033805524607385,1.0
0,F2,r5-f2-d1803aae745ed83f142b0bae,48,2.987806385489085e-05,16.0625,16.941406846046448,0.2970018982887268,False,0.00046664867525604575,1.0
0,F2,r5-f2-d1803aae745ed83f142b0bae,49,2.9870087474020964e-05,16.947917938232422,16.988932967185974,0.18753106892108917,False,0.00043902434291881253,1.0
0,F2,r5-f2-d1803aae745ed83f142b0bae,50,2.9861860110482048e-05,16.03125,16.983073592185974,1.0944970846176147,False,0.0008121024489743119,1.0
0,F2,r5-f2-d1803aae745ed83f142b0bae,51,2.9853381973484574e-05,17.92708396911621,17.043620467185974,0.43314963579177856,False,0.0008747507723964999,1.0
0,F2,r5-f2-d1803aae745ed83f142b0bae,52,2.9844653278615835e-05,17.041667938232422,16.982422590255737,0.19117972254753113,False,0.0008753090446597715,1.0
0,F2,r5-f2-d1803aae745ed83f142b0bae,53,2.9835674247834466e-05,17.385417938232422,16.9427090883255,0.2248726487159729,False,0.0008643096683130411,1.0
0,F2,r5-f2-d1803aae745ed83f142b0bae,54,2.9826445109464805e-05,16.125,16.940104842185974,0.2892987132072449,False,0.0009248750116692256,1.0
0,F2,r5-f2-d1803aae745ed83f142b0bae,55,2.9816966098191057e-05,17.375,16.942057967185974,0.12777772545814514,False,0.0008881146066846554,1.0
0,F2,r5-f2-d1803aae745ed83f142b0bae,56,2.9807237455051384e-05,17.21875,16.896484971046448,0.12451077252626419,False,0.0008771507040589611,1.0
0,F2,r5-f2-d1803aae745ed83f142b0bae,57,2.9797259427431705e-05,16.072917938232422,16.89778709411621,0.41764765977859497,False,0.0009178252981862186,1.0
0,F2,r5-f2-d1803aae745ed83f142b0bae,58,2.978703226905946e-05,17.885417938232422,17.00325584411621,0.32682058215141296,False,0.0009141864838811365,1.0
0,F2,r5-f2-d1803aae745ed83f142b0bae,59,2.9776556239997145e-05,17.95833396911621,17.046875596046448,0.24951931834220886,False,0.000998456352263195,1.0
0,F2,r5-f2-d1803aae745ed83f142b0bae,60,2.9765831606635676e-05,16.28125,16.994141221046448,0.2347424179315567,False,0.001067499774280441,1.0
0,F2,r5-f2-d1803aae745ed83f142b0bae,61,2.975485864168765e-05,17.375,17.009766221046448,0.5020047426223755,False,0.0012828186000507762,1.0
0,F2,r5-f2-d1803aae745ed83f142b0bae,62,2.974363762418038e-05,17.416667938232422,17.01106834411621,0.37365877628326416,False,0.0014091188783473276,1.0
0,F2,r5-f2-d1803aae745ed83f142b0bae,63,2.973216883944881e-05,18.25,17.084635972976685,0.34391501545906067,False,0.0015365287046501612,1.0
0,F2,r5-f2-d1803aae745ed83f142b0bae,64,2.972045257912828e-05,16.95833396911621,17.140625596046448,0.14005021750926971,False,0.0015203356100785723,1.0
0,F2,r5-f2-d1803aae745ed83f142b0bae,65,2.9708489141147082e-05,16.05208396911621,17.084635972976685,0.21865436434745789,False,0.001439706498213103,1.0
0,F2,r5-f2-d1803aae745ed83f142b0bae,66,2.9696278829718878e-05,18.135417938232422,17.21614646911621,0.17266304790973663,False,0.0012970487799176976,1.0
0,F2,r5-f2-d1803aae745ed83f142b0bae,67,2.9683821955335006e-05,17.041667938232422,17.160807967185974,0.12576083838939667,False,0.0012751322159880716,1.0
0,F2,r5-f2-d1803aae745ed83f142b0bae,68,2.9671118834756543e-05,17.1875,17.169922471046448,0.15790292620658875,False,0.0013151796534935896,1.0
0,F2,r5-f2-d1803aae745ed83f142b0bae,69,2.9658169791006273e-05,16.125,17.09114634990692,0.13107475638389587,False,0.0012794702603758966,1.0
0,F2,r5-f2-d1803aae745ed83f142b0bae,70,2.964497515336046e-05,17.229167938232422,17.160156846046448,0.2443891018629074,False,0.001303103805988987,1.0
0,F2,r5-f2-d1803aae745ed83f142b0bae,71,2.9631535257340486e-05,17.291667938232422,17.154948592185974,0.18648071587085724,False,0.0013078039642802682,1.0
0,F2,r5-f2-d1803aae745ed83f142b0bae,72,2.9617850444704315e-05,17.36458396911621,17.164063215255737,0.23647040128707886,False,0.0013240816944110176,1.0
0,F2,r5-f2-d1803aae745ed83f142b0bae,73,2.9603921063437794e-05,16.98958396911621,17.221354842185974,0.2534627616405487,False,0.0014386085813873704,1.0
0,F2,r5-f2-d1803aae745ed83f142b0bae,74,2.9589747467745818e-05,18.010417938232422,17.229167342185974,0.42772600054740906,False,0.0009856464249198968,1.0
0,F2,r5-f2-d1803aae745ed83f142b0bae,75,2.9575330018043316e-05,17.39583396911621,17.194011092185974,0.21162502467632294,False,0.0010240230197763327,1.0
0,F2,r5-f2-d1803aae745ed83f142b0bae,76,2.9560669080946092e-05,16.80208396911621,17.226563215255737,0.38082826137542725,False,0.0013389783675337769,1.0
0,F2,r5-f2-d1803aae745ed83f142b0bae,77,2.9545765029261487e-05,16.09375,17.146485090255737,0.21091704070568085,False,0.001380328442552608,1.0
0,F2,r5-f2-d1803aae745ed83f142b0bae,78,2.9530618241978923e-05,16.05208396911621,17.061198592185974,0.24644005298614502,False,0.0010865071427633023,1.0
0,F2,r5-f2-d1803aae745ed83f142b0bae,79,2.9515229104260233e-05,16.11458396911621,16.927735090255737,0.15388283133506775,False,0.000980540083172229,1.0
0,F2,r5-f2-d1803aae745ed83f142b0bae,80,2.9499598007429908e-05,17.3125,16.949870467185974,0.6443747878074646,False,0.000820729642820474,1.0
0,F2,r5-f2-d1803aae745ed83f142b0bae,81,2.948372534896511e-05,16.11458396911621,16.953776717185974,0.2704257071018219,False,0.0008886412534303457,1.0
0,F2,r5-f2-d1803aae745ed83f142b0bae,82,2.9467611532485588e-05,16.92708396911621,16.87825584411621,0.9300090074539185,False,0.0008653065779132543,1.0
0,F2,r5-f2-d1803aae745ed83f142b0bae,83,2.945125696774339e-05,17.89583396911621,16.931641221046448,0.1760844588279724,False,0.0008103199996694776,1.0
0,F2,r5-f2-d1803aae745ed83f142b0bae,84,2.9434662070612482e-05,17.010417938232422,16.920573592185974,0.15513458847999573,False,0.0007414755689682319,1.0
0,F2,r5-f2-d1803aae745ed83f142b0bae,85,2.9417827263078142e-05,17.979167938232422,17.0364590883255,0.9545332789421082,False,0.000998100357429309,1.0
0,F2,r5-f2-d1803aae745ed83f142b0bae,86,2.940075297322622e-05,17.98958396911621,17.083985090255737,0.2346915751695633,False,0.0009614705255874555,1.0
0,F2,r5-f2-d1803aae745ed83f142b0bae,87,2.938343963523229e-05,17.947917938232422,17.125000715255737,0.2313953936100006,False,0.0009009919061617382,1.0
0,F2,r5-f2-d1803aae745ed83f142b0bae,88,2.9365887689350595e-05,16.979167938232422,17.1009122133255,0.308732271194458,False,0.0006965896060050008,1.0
0,F2,r5-f2-d1803aae745ed83f142b0bae,89,2.9348097581902822e-05,18.104167938232422,17.170573711395264,0.2273823469877243,False,0.0006858161371525921,1.0
0,F2,r5-f2-d1803aae745ed83f142b0bae,90,2.933006976526679e-05,17.90625,17.164063215255737,0.2802218794822693,False,0.0007565820047002354,1.0
0,F2,r5-f2-d1803aae745ed83f142b0bae,91,2.9311804697864947e-05,16.875,17.131511092185974,0.31450968980789185,False,0.0007925398159384878,1.0
0,F2,r5-f2-d1803aae745ed83f142b0bae,92,2.9293302844152674e-05,16.0,17.08138084411621,0.21003004908561707,False,0.0008166516873331937,1.0
0,F2,r5-f2-d1803aae745ed83f142b0bae,93,2.9274564674606523e-05,17.791667938232422,17.187500715255737,1.564403772354126,False,0.0013040196865324,1.0
0,F2,r5-f2-d1803aae745ed83f142b0bae,94,2.9255590665712213e-05,17.0,17.246745467185974,0.34109264612197876,False,0.001262132673239282,1.0
0,F2,r5-f2-d1803aae745ed83f142b0bae,95,2.923638129995254e-05,18.072917938232422,17.369141340255737,0.46454522013664246,False,0.0011215767109067475,1.0
0,F2,r5-f2-d1803aae745ed83f142b0bae,96,2.9216937065795103e-05,15.968750953674316,17.285157024860382,0.547756552696228,False,0.0010965178342430269,1.0
0,F2,r5-f2-d1803aae745ed83f142b0bae,97,2.919725845767987e-05,17.3125,17.36002677679062,0.322915643453598,False,0.0010297121499788509,1.0
0,F2,r5-f2-d1803aae745ed83f142b0bae,98,2.9177345976006628e-05,17.39583396911621,17.38932365179062,0.39071762561798096,False,0.0008426220315817206,1.0
0,F2,r5-f2-d1803aae745ed83f142b0bae,99,2.9157200127122236e-05,17.83333396911621,17.38541740179062,0.4673459231853485,False,0.0006933672586606152,1.0
0,F2,r5-f2-d1803aae745ed83f142b0bae,100,2.913682142330775e-05,16.96875,17.382813155651093,0.9919259548187256,False,0.0009508085387896367,1.0
0,F2,r5-f2-d1803aae745ed83f142b0bae,101,2.911621038276542e-05,16.98958396911621,17.32096415758133,0.2297634333372116,False,0.000895629236932365,1.0
0,F2,r5-f2-d1803aae745ed83f142b0bae,102,2.909536752960549e-05,16.90625,17.253255784511566,0.42211174964904785,False,0.0007446948201432455,1.0
0,F2,r5-f2-d1803aae745ed83f142b0bae,103,2.9074293393832876e-05,17.05208396911621,17.197266161441803,0.4593406319618225,False,0.0008847981563381731,1.0
0,F2,r5-f2-d1803aae745ed83f142b0bae,104,2.90529885113337e-05,16.072917938232422,17.140625536441803,0.32078659534454346,False,0.0009127929678606328,1.0
0,F2,r5-f2-d1803aae745ed83f142b0bae,105,2.9031453423861642e-05,15.906250953674316,17.00325572490692,0.42450472712516785,False,0.0010366714159014876,1.0
0,F2,r5-f2-d1803aae745ed83f142b0bae,106,2.9009688679024187e-05,17.885417938232422,17.001953721046448,0.94791579246521,False,0.0007487471063300266,1.0
0,F2,r5-f2-d1803aae745ed83f142b0bae,107,2.8987694830268685e-05,16.03125,16.949219346046448,0.36999931931495667,False,0.0006793707005409181,1.0
0,F2,r5-f2-d1803aae745ed83f142b0bae,108,2.8965472436868284e-05,17.33333396911621,17.03255271911621,0.3866937458515167,False,0.0007376834337427683,1.0
0,F2,r5-f2-d1803aae745ed83f142b0bae,109,2.894302206390769e-05,17.760417938232422,17.03059959411621,0.36362960934638977,False,0.0008721905909590605,1.0
0,F2,r5-f2-d1803aae745ed83f142b0bae,110,2.8920344282268846e-05,16.96875,17.02864646911621,0.19107918441295624,False,0.0008195051782803358,1.0
0,F2,r5-f2-d1803aae745ed83f142b0bae,111,2.8897439668616345e-05,17.291667938232422,16.97981834411621,1.6402111053466797,False,0.0008638155861708163,1.0
0,F2,r5-f2-d1803aae745ed83f142b0bae,112,2.8874308805382837e-05,16.854167938232422,17.035156905651093,0.15650035440921783,False,0.0007644528452186996,1.0
0,F2,r5-f2-d1803aae745ed83f142b0bae,113,2.8850952280754167e-05,16.8125,17.003906905651093,6.488853454589844,False,0.001624539634490186,1.0
0,F2,r5-f2-d1803aae745ed83f142b0bae,114,2.8827370688654434e-05,17.77083396911621,17.027344405651093,0.28434091806411743,False,0.0014863116496397887,1.0
0,F2,r5-f2-d1803aae745ed83f142b0bae,115,2.880356462873091e-05,15.968750953674316,16.910807967185974,0.36543819308280945,False,0.0014091924314447455,1.0
0,F2,r5-f2-d1803aae745ed83f142b0bae,116,2.8779534706338766e-05,17.3125,16.932292342185974,0.3855321705341339,False,0.0013344423648892461,1.0
0,F2,r5-f2-d1803aae745ed83f142b0bae,117,2.875528153252567e-05,16.08333396911621,16.875651717185974,0.337104469537735,False,0.0012553526276420524,1.0
0,F2,r5-f2-d1803aae745ed83f142b0bae,118,2.8730805724016292e-05,15.947917938232422,16.8157559633255,1.263604760169983,False,0.0014584696668912172,1.0
0,F2,r5-f2-d1803aae745ed83f142b0bae,119,2.8706107903196563e-05,16.95833396911621,16.8098965883255,0.23763664066791534,False,0.0012659622199789635,1.0
0,F2,r5-f2-d1803aae745ed83f142b0bae,120,2.868118869809791e-05,15.958333969116211,16.802735090255737,14.904699325561523,True,0.0018656389572303202,1.0
0,F2,r5-f2-d1803aae745ed83f142b0bae,121,2.8656048742381237e-05,17.260417938232422,16.88737052679062,0.31896641850471497,False,0.0017156939783767216,1.0
0,F2,r5-f2-d1803aae745ed83f142b0bae,122,2.863068867532084e-05,16.11458396911621,16.776693403720856,0.4697364270687103,False,0.0015609680577868277,1.0
0,F2,r5-f2-d1803aae745ed83f142b0bae,123,2.8605109141788138e-05,16.92708396911621,16.83268302679062,0.9428343772888184,False,0.0014169929253793298,1.0
0,F2,r5-f2-d1803aae745ed83f142b0bae,124,2.857931079223527e-05,17.9375,16.870443403720856,0.3476755917072296,False,0.0012921928962981034,1.0
0,F2,r5-f2-d1803aae745ed83f142b0bae,125,2.8553294282678578e-05,16.104167938232422,16.766927778720856,0.33113694190979004,False,0.0011204626681425875,1.0
0,F2,r5-f2-d1803aae745ed83f142b0bae,126,2.8527060274681913e-05,16.010417938232422,16.707032024860382,0.4609554409980774,False,0.0009900482269939593,1.0
0,F2,r5-f2-d1803aae745ed83f142b0bae,127,2.8500609435339794e-05,17.28125,16.706380903720856,0.3022308349609375,False,0.0008754394245036312,1.0
0,F2,r5-f2-d1803aae745ed83f142b0bae,128,2.847394243726047e-05,16.02083396911621,16.654297530651093,0.39543500542640686,False,0.0007584808172022944,1.0
1,F2,r5-f2-6db739261bbb0fc74169dc1f,1,1e-05,9.65080451965332,9.65080451965332,0.2136848270893097,False,0.0003617496347814199,1.0
1,F2,r5-f2-6db739261bbb0fc74169dc1f,2,1.1333333333333334e-05,10.211360931396484,9.931082725524902,0.10242507606744766,False,0.00041320017579325426,1.0
1,F2,r5-f2-6db739261bbb0fc74169dc1f,3,1.2666666666666667e-05,6.8815741539001465,8.91457986831665,0.28147146105766296,False,0.0004326763445899413,1.0
1,F2,r5-f2-6db739261bbb0fc74169dc1f,4,1.4000000000000001e-05,9.337770462036133,9.020377516746521,0.32599306106567383,False,0.0004337008468056335,1.0
1,F2,r5-f2-6db739261bbb0fc74169dc1f,5,1.5333333333333334e-05,9.650806427001953,9.146463298797608,0.22627928853034973,False,0.00044271014922257735,1.0
1,F2,r5-f2-6db739261bbb0fc74169dc1f,6,1.6666666666666667e-05,9.588958740234375,9.22021253903707,0.3441494107246399,False,0.0005018300063953134,1.0
1,F2,r5-f2-6db739261bbb0fc74169dc1f,7,1.8e-05,9.585742950439453,9.272431169237409,0.26366037130355835,False,0.0004947859133284648,1.0
1,F2,r5-f2-6db739261bbb0fc74169dc1f,8,1.9333333333333333e-05,9.502416610717773,9.301179349422455,0.1384078413248062,False,0.0005093505128048796,1.0
1,F2,r5-f2-6db739261bbb0fc74169dc1f,9,2.0666666666666666e-05,9.440576553344727,9.31666792763604,0.26021918654441833,False,0.0005461744513112726,1.0
1,F2,r5-f2-6db739261bbb0fc74169dc1f,10,2.2e-05,9.524738311767578,9.337474966049195,0.339928537607193,False,0.0005676379330348967,1.0
1,F2,r5-f2-6db739261bbb0fc74169dc1f,11,2.3333333333333332e-05,9.37742805480957,9.34110706502741,0.30370032787323,False,0.0006905173928497758,1.0
1,F2,r5-f2-6db739261bbb0fc74169dc1f,12,2.4666666666666665e-05,9.671064376831055,9.368603507677713,0.17829297482967377,False,0.0007887670675322564,1.0
1,F2,r5-f2-6db739261bbb0fc74169dc1f,13,2.6000000000000002e-05,6.407787799835205,9.14084845322829,0.6079873442649841,False,0.0009000983896385866,1.0
1,F2,r5-f2-6db739261bbb0fc74169dc1f,14,2.733333333333333e-05,9.62890625,9.17570972442627,0.42239436507225037,False,0.0009906625305525186,1.0
1,F2,r5-f2-6db739261bbb0fc74169dc1f,15,2.8666666666666668e-05,6.4077863693237305,8.991181500752766,0.1896173506975174,False,0.0009502810578043544,1.0
1,F2,r5-f2-6db739261bbb0fc74169dc1f,16,2.9999999999999997e-05,9.398260116577148,9.01662391424179,0.5088066458702087,False,0.0011149552430744455,1.0
1,F2,r5-f2-6db739261bbb0fc74169dc1f,17,2.9999999999999997e-05,9.62889289855957,9.015254437923431,0.23651207983493805,False,0.0011184660745365044,1.0
1,F2,r5-f2-6db739261bbb0fc74169dc1f,18,2.9999872856917585e-05,6.613554000854492,8.790391504764557,0.704809308052063,False,0.000559889794068284,1.0
1,F2,r5-f2-6db739261bbb0fc74169dc1f,19,2.999949143090342e-05,6.366191387176514,8.75818008184433,0.2705017030239105,False,0.0005628475861982139,1.0
1,F2,r5-f2-6db739261bbb0fc74169dc1f,20,2.9998855731656623e-05,9.419744491577148,8.763303458690643,0.48744192719459534,False,0.000624403204657148,1.0
1,F2,r5-f2-6db739261bbb0fc74169dc1f,21,2.999796577534217e-05,9.503070831298828,8.754069983959198,0.17321673035621643,False,0.0006190305050622373,1.0
1,F2,r5-f2-6db739261bbb0fc74169dc1f,22,2.99968215845904e-05,6.468989849090576,8.55907192826271,0.21379399299621582,False,0.0007053194160344462,1.0
1,F2,r5-f2-6db739261bbb0fc74169dc1f,23,2.9995423188496514e-05,10.252368927001953,8.600736051797867,0.23946572840213776,False,0.0005892484416548938,1.0
1,F2,r5-f2-6db739261bbb0fc74169dc1f,24,2.9993770622619783e-05,6.429935455322266,8.408705979585648,0.19664449989795685,False,0.0006311923034702473,1.0
1,F2,r5-f2-6db739261bbb0fc74169dc1f,25,2.9991863928982672e-05,9.54513168334961,8.415240675210953,0.2623281478881836,False,0.0005991503087806349,1.0
1,F2,r5-f2-6db739261bbb0fc74169dc1f,26,2.998970315606976e-05,9.693117141723633,8.425764352083206,0.21686750650405884,False,0.0007312995211762268,1.0
1,F2,r5-f2-6db739261bbb0fc74169dc1f,27,2.998728835882651e-05,9.419400215148926,8.428387612104416,0.46655499935150146,False,0.0007006369465621903,1.0
1,F2,r5-f2-6db739261bbb0fc74169dc1f,28,2.9984619598657892e-05,6.488734722137451,8.229492008686066,0.31071487069129944,False,0.0007746221395731757,1.0
1,F2,r5-f2-6db739261bbb0fc74169dc1f,29,2.9981696943426767e-05,6.449385643005371,8.232091873884201,0.49772608280181885,False,0.0008539182461342829,1.0
1,F2,r5-f2-6db739261bbb0fc74169dc1f,30,2.997852046745222e-05,9.776445388793945,8.241313070058823,0.25658681988716125,False,0.0008150995912099823,1.0
1,F2,r5-f2-6db739261bbb0fc74169dc1f,31,2.9975090251507633e-05,10.335700988769531,8.486807733774185,0.9543020725250244,False,0.000907113910333886,1.0
1,F2,r5-f2-6db739261bbb0fc74169dc1f,32,2.9971406382818667e-05,9.461065292358398,8.490733057260513,0.3485727906227112,False,0.0008332761462441243,1.0
1,F2,r5-f2-6db739261bbb0fc74169dc1f,33,2.9967468955060995e-05,6.407787322998047,8.289413958787918,0.17875441908836365,False,0.0007435356384989112,1.0
1,F2,r5-f2-6db739261bbb0fc74169dc1f,34,2.996327806835797e-05,6.366189479827881,8.273953676223755,0.24613972008228302,False,0.0006287223966070347,1.0
1,F2,r5-f2-6db739261bbb0fc74169dc1f,35,2.9958833829278017e-05,10.127374649047852,8.509027630090714,0.32121455669403076,False,0.000509210471091819,1.0
1,F2,r5-f2-6db739261bbb0fc74169dc1f,36,2.995413635083201e-05,6.468987464904785,8.32460531592369,0.2637488543987274,False,0.0005471051088077106,1.0
1,F2,r5-f2-6db739261bbb0fc74169dc1f,37,2.9949185752470325e-05,6.183639049530029,8.11714082956314,0.13767820596694946,False,0.0006057024405361116,1.0
1,F2,r5-f2-6db739261bbb0fc74169dc1f,38,2.9943982160079822e-05,6.407785892486572,8.11331558227539,0.23113955557346344,False,0.0006871359490749865,1.0
1,F2,r5-f2-6db739261bbb0fc74169dc1f,39,2.993852570598065e-05,10.336004257202148,8.118542790412903,0.19928348064422607,False,0.0006275071165808444,1.0
1,F2,r5-f2-6db739261bbb0fc74169dc1f,40,2.9932816528922903e-05,9.670108795166016,8.321053624153137,0.3369385302066803,False,0.0007716555996346516,1.0
1,F2,r5-f2-6db739261bbb0fc74169dc1f,41,2.992685477408305e-05,10.169042587280273,8.360048055648804,0.4815079867839813,False,0.0010050617749793151,1.0
1,F2,r5-f2-6db739261bbb0fc74169dc1f,42,2.9920640593060258e-05,9.35765266418457,8.339081525802612,0.3061272203922272,False,0.0010691024355912212,1.0
1,F2,r5-f2-6db739261bbb0fc74169dc1f,43,2.9914174143872566e-05,9.649724960327148,8.353476822376251,0.246120423078537,False,0.0010768559176426132,1.0
1,F2,r5-f2-6db739261bbb0fc74169dc1f,44,2.9907455590952825e-05,9.546642303466797,8.544596046209335,0.6767139434814453,False,0.0013190245507090617,1.0
1,F2,r5-f2-6db739261bbb0fc74169dc1f,45,2.990048510514454e-05,9.523555755615234,8.736731678247452,0.2672284245491028,False,0.001299008757675663,1.0
1,F2,r5-f2-6db739261bbb0fc74169dc1f,46,2.9893262863697524e-05,9.755609512329102,8.735429435968399,0.3206292986869812,False,0.001213930700901468,1.0
1,F2,r5-f2-6db739261bbb0fc74169dc1f,47,2.9885789050263383e-05,9.672285079956055,8.693965941667557,0.34174829721450806,False,0.0012100858812449232,1.0
1,F2,r5-f2-6db739261bbb0fc74169dc1f,48,2.987806385489085e-05,10.294032096862793,8.746026366949081,0.26071697473526,False,0.0011234675398315037,1.0
1,F2,r5-f2-6db739261bbb0fc74169dc1f,49,2.9870087474020964e-05,10.336357116699219,8.991561979055405,0.26851123571395874,False,0.001246293188018132,1.0
1,F2,r5-f2-6db739261bbb0fc74169dc1f,50,2.9861860110482048e-05,9.504413604736328,9.187700986862183,0.5389744639396667,False,0.0014664102491588355,1.0
1,F2,r5-f2-6db739261bbb0fc74169dc1f,51,2.9853381973484574e-05,10.272692680358887,9.196783363819122,1.0119519233703613,False,0.001346578086186913,1.0
1,F2,r5-f2-6db739261bbb0fc74169dc1f,52,2.9844653278615835e-05,6.305148601531982,9.186543434858322,0.38771334290504456,False,0.0014356512592169704,1.0
1,F2,r5-f2-6db739261bbb0fc74169dc1f,53,2.9835674247834466e-05,6.591814041137695,9.212054371833801,0.145355224609375,False,0.0013309983132758798,1.0
1,F2,r5-f2-6db739261bbb0fc74169dc1f,54,2.9826445109464805e-05,10.210433959960938,9.449719876050949,0.3470666706562042,False,0.001294553530543305,1.0
1,F2,r5-f2-6db739261bbb0fc74169dc1f,55,2.9816966098191057e-05,9.39826488494873,9.39111116528511,0.3216666281223297,False,0.0012722889180152791,1.0
1,F2,r5-f2-6db739261bbb0fc74169dc1f,56,2.9807237455051384e-05,9.62713623046875,9.388425379991531,0.277053564786911,False,0.0010692389579938127,1.0
1,F2,r5-f2-6db739261bbb0fc74169dc1f,57,2.9797259427431705e-05,10.064366340637207,9.38188311457634,0.176716610789299,False,0.0010968986318952746,1.0
1,F2,r5-f2-6db739261bbb0fc74169dc1f,58,2.978703226905946e-05,9.69094467163086,9.402713865041733,0.35546982288360596,False,0.0012760024210288882,1.0
1,F2,r5-f2-6db739261bbb0fc74169dc1f,59,2.9776556239997145e-05,9.837213516235352,9.414431899785995,0.7454608082771301,False,0.0016155180765449256,1.0
1,F2,r5-f2-6db739261bbb0fc74169dc1f,60,2.9765831606635676e-05,9.755609512329102,9.42749235033989,0.6188308000564575,False,0.001693792286610171,1.0
1,F2,r5-f2-6db739261bbb0fc74169dc1f,61,2.975485864168765e-05,9.627715110778809,9.434002310037613,0.23874618113040924,False,0.0014769078911198409,1.0
1,F2,r5-f2-6db739261bbb0fc74169dc1f,62,2.974363762418038e-05,6.346741676330566,9.220948070287704,0.3096276819705963,False,0.0013098183720131238,1.0
1,F2,r5-f2-6db739261bbb0fc74169dc1f,63,2.973216883944881e-05,9.482240676879883,9.209070295095444,0.6512611508369446,False,0.0013679185583268393,1.0
1,F2,r5-f2-6db739261bbb0fc74169dc1f,64,2.972045257912828e-05,9.629400253295898,9.167530804872513,0.5659254193305969,False,0.0015897333631665841,1.0
1,F2,r5-f2-6db739261bbb0fc74169dc1f,65,2.9708489141147082e-05,6.305150032043457,8.915580362081528,0.33662325143814087,False,0.0016412024297734105,1.0
1,F2,r5-f2-6db739261bbb0fc74169dc1f,66,2.9696278829718878e-05,9.586786270141602,8.920728653669357,0.4144222140312195,False,0.0017838265815100427,1.0
1,F2,r5-f2-6db739261bbb0fc74169dc1f,67,2.9683821955335006e-05,9.461396217346191,8.870022624731064,0.8346512913703918,False,0.0013464811583923026,1.0
1,F2,r5-f2-6db739261bbb0fc74169dc1f,68,2.9671118834756543e-05,10.169042587280273,9.111515998840332,0.4477768540382385,False,0.0011147817132330813,1.0
1,F2,r5-f2-6db739261bbb0fc74169dc1f,69,2.9658169791006273e-05,9.671073913574219,9.303969740867615,0.43787410855293274,False,0.0012024579399920491,1.0
1,F2,r5-f2-6db739261bbb0fc74169dc1f,70,2.964497515336046e-05,9.711380958557129,9.272778928279877,0.4747296869754791,False,0.0011791376273072468,1.0
1,F2,r5-f2-6db739261bbb0fc74169dc1f,71,2.9631535257340486e-05,9.60856819152832,9.285922884941101,0.8816553950309753,False,0.0015043597474375177,1.0
1,F2,r5-f2-6db739261bbb0fc74169dc1f,72,2.9617850444704315e-05,9.587244033813477,9.283429622650146,0.7715519070625305,False,0.0016960055368390973,1.0
1,F2,r5-f2-6db739261bbb0fc74169dc1f,73,2.9603921063437794e-05,10.21101188659668,9.292594969272614,0.34598174691200256,False,0.0015276730375028645,1.0
1,F2,r5-f2-6db739261bbb0fc74169dc1f,74,2.9589747467745818e-05,9.441913604736328,9.277030527591705,0.7159774899482727,False,0.0009951662128548906,1.0
1,F2,r5-f2-6db739261bbb0fc74169dc1f,75,2.9575330018043316e-05,9.523249626159668,9.257407784461975,1.2202744483947754,False,0.0009480069735445643,1.0
1,F2,r5-f2-6db739261bbb0fc74169dc1f,76,2.9560669080946092e-05,9.587736129760742,9.246915698051453,0.3332173228263855,False,0.0009352102574093742,1.0
1,F2,r5-f2-6db739261bbb0fc74169dc1f,77,2.9545765029261487e-05,6.266814708709717,9.036859422922134,0.18543101847171783,False,0.000848947469701468,1.0
1,F2,r5-f2-6db739261bbb0fc74169dc1f,78,2.9530618241978923e-05,10.231264114379883,9.279642075300217,1.0820502042770386,False,0.000728688803338567,1.0
1,F2,r5-f2-6db739261bbb0fc74169dc1f,79,2.9515229104260233e-05,9.525250434875488,9.282330185174942,0.3594484329223633,False,0.0006463603850734809,1.0
1,F2,r5-f2-6db739261bbb0fc74169dc1f,80,2.9499598007429908e-05,9.398914337158203,9.267924815416336,0.572836697101593,False,0.0007576303069895999,1.0
1,F2,r5-f2-6db739261bbb0fc74169dc1f,81,2.948372534896511e-05,6.388333320617676,9.273123770952225,0.4241813123226166,False,0.0007524657759332397,1.0
1,F2,r5-f2-6db739261bbb0fc74169dc1f,82,2.9467611532485588e-05,9.461801528930664,9.265312224626541,0.32990142703056335,False,0.0007669011810221168,1.0
1,F2,r5-f2-6db739261bbb0fc74169dc1f,83,2.945125696774339e-05,6.20637845993042,9.061873614788055,0.41526520252227783,False,0.0008019269900570356,1.0
1,F2,r5-f2-6db739261bbb0fc74169dc1f,84,2.9434662070612482e-05,6.346742153167725,8.822979837656021,0.30468446016311646,False,0.0007534942291320226,1.0
1,F2,r5-f2-6db739261bbb0fc74169dc1f,85,2.9417827263078142e-05,10.377092361450195,8.86710599064827,0.3564927279949188,False,0.000767879777925452,1.0
1,F2,r5-f2-6db739261bbb0fc74169dc1f,86,2.940075297322622e-05,9.627408981323242,8.861857742071152,0.25344017148017883,False,0.0006990429109364516,1.0
1,F2,r5-f2-6db739261bbb0fc74169dc1f,87,2.938343963523229e-05,9.482240676879883,8.853962272405624,0.1782364845275879,False,0.000615561948332924,1.0
1,F2,r5-f2-6db739261bbb0fc74169dc1f,88,2.9365887689350595e-05,10.314865112304688,8.899438589811325,0.5750920176506042,False,0.0007428648108293591,1.0
1,F2,r5-f2-6db739261bbb0fc74169dc1f,89,2.9348097581902822e-05,9.586783409118652,8.860424309968948,0.5664228200912476,False,0.0006100527934459574,1.0
1,F2,r5-f2-6db739261bbb0fc74169dc1f,90,2.933006976526679e-05,9.567479133605957,8.8682721555233,0.6955552697181702,False,0.0006032801298381208,1.0
1,F2,r5-f2-6db739261bbb0fc74169dc1f,91,2.9311804697864947e-05,10.272929191589355,8.915127128362656,0.36369332671165466,False,0.000640399548050065,1.0
1,F2,r5-f2-6db739261bbb0fc74169dc1f,92,2.9293302844152674e-05,9.440971374511719,8.905954331159592,0.24661745131015778,False,0.0006747299438671719,1.0
1,F2,r5-f2-6db739261bbb0fc74169dc1f,93,2.9274564674606523e-05,6.429932117462158,8.91614916920662,0.19397073984146118,False,0.0006514299612102201,1.0
1,F2,r5-f2-6db739261bbb0fc74169dc1f,94,2.9255590665712213e-05,10.273512840270996,8.918789714574814,0.5337512493133545,False,0.000725354742306538,1.0
1,F2,r5-f2-6db739261bbb0fc74169dc1f,95,2.923638129995254e-05,9.669376373291016,8.927797585725784,0.2659817039966583,False,0.000783634552799833,1.0
1,F2,r5-f2-6db739261bbb0fc74169dc1f,96,2.9216937065795103e-05,6.349992752075195,8.737239986658096,0.3573838472366333,False,0.0008037439314058187,1.0
1,F2,r5-f2-6db739261bbb0fc74169dc1f,97,2.919725845767987e-05,9.483587265014648,8.930693358182907,0.3169223964214325,False,0.0008818227250856807,1.0
1,F2,r5-f2-6db739261bbb0fc74169dc1f,98,2.9177345976006628e-05,9.482627868652344,8.931995004415512,1.2129086256027222,False,0.0007733558063746872,1.0
1,F2,r5-f2-6db739261bbb0fc74169dc1f,99,2.9157200127122236e-05,9.337250709533691,9.127674520015717,0.2928384840488434,False,0.000742110275091141,1.0
1,F2,r5-f2-6db739261bbb0fc74169dc1f,100,2.913682142330775e-05,6.308403491973877,9.125278353691101,0.5951179265975952,False,0.0009029000831213852,1.0
1,F2,r5-f2-6db739261bbb0fc74169dc1f,101,2.911621038276542e-05,9.462240219116211,9.068100094795227,0.34162867069244385,False,0.0009886974393717226,1.0
1,F2,r5-f2-6db739261bbb0fc74169dc1f,102,2.909536752960549e-05,10.293766021728516,9.109747409820557,0.707237184047699,False,0.0006878847416975731,1.0
1,F2,r5-f2-6db739261bbb0fc74169dc1f,103,2.9074293393832876e-05,9.399300575256348,9.104563653469086,0.5058069825172424,False,0.0007326642704884308,1.0
1,F2,r5-f2-6db739261bbb0fc74169dc1f,104,2.90529885113337e-05,10.147695541381836,9.094115555286407,0.673565685749054,False,0.0007117314240746415,1.0
1,F2,r5-f2-6db739261bbb0fc74169dc1f,105,2.9031453423861642e-05,9.462745666503906,9.086363196372986,0.37631112337112427,False,0.0006887352264019776,1.0
1,F2,r5-f2-6db739261bbb0fc74169dc1f,106,2.9009688679024187e-05,6.391585826873779,8.887869864702225,1.1041054725646973,False,0.0008024528826696968,1.0
1,F2,r5-f2-6db739261bbb0fc74169dc1f,107,2.8987694830268685e-05,9.357644081115723,8.830664545297623,0.6689702868461609,False,0.0009071123824158425,1.0
1,F2,r5-f2-6db739261bbb0fc74169dc1f,108,2.8965472436868284e-05,9.524290084838867,8.83587196469307,1.0276849269866943,False,0.0010749257162438928,1.0
1,F2,r5-f2-6db739261bbb0fc74169dc1f,109,2.894302206390769e-05,9.294759750366211,9.014923691749573,0.42528024315834045,False,0.0009665623316144071,1.0
1,F2,r5-f2-6db739261bbb0fc74169dc1f,110,2.8920344282268846e-05,6.187778949737549,8.759565323591232,0.3383015990257263,False,0.0009229451010471715,1.0
1,F2,r5-f2-6db739261bbb0fc74169dc1f,111,2.8897439668616345e-05,9.294758796691895,8.736151725053787,0.7218745350837708,False,0.0008481149351845537,1.0
1,F2,r5-f2-6db739261bbb0fc74169dc1f,112,2.8874308805382837e-05,9.46139907836914,8.930614620447159,0.33693209290504456,False,0.0008036752452889336,1.0
1,F2,r5-f2-6db739261bbb0fc74169dc1f,113,2.8850952280754167e-05,10.293523788452148,8.981235653162003,0.348361611366272,False,0.0007749811815680829,1.0
1,F2,r5-f2-6db739261bbb0fc74169dc1f,114,2.8827370688654434e-05,6.414329528808594,8.789467006921768,0.631314754486084,False,0.0006834427555617653,1.0
1,F2,r5-f2-6db739261bbb0fc74169dc1f,115,2.880356462873091e-05,10.022940635681152,8.832322627305984,0.347068190574646,False,0.0005777341802065864,1.0
1,F2,r5-f2-6db739261bbb0fc74169dc1f,116,2.8779534706338766e-05,9.462242126464844,9.02943754196167,0.7181253433227539,False,0.0006300711543666731,1.0
1,F2,r5-f2-6db739261bbb0fc74169dc1f,117,2.875528153252567e-05,9.358078002929688,9.022927403450012,0.7584331631660461,False,0.0007786320945902297,1.0
1,F2,r5-f2-6db739261bbb0fc74169dc1f,118,2.8730805724016292e-05,10.12686538696289,9.01249611377716,0.20267288386821747,False,0.0006998997185006358,1.0
1,F2,r5-f2-6db739261bbb0fc74169dc1f,119,2.8706107903196563e-05,6.410656929016113,8.825705885887146,0.7016955018043518,False,0.0006044193912600321,1.0
1,F2,r5-f2-6db739261bbb0fc74169dc1f,120,2.868118869809791e-05,9.212276458740234,8.767242193222046,0.4872065484523773,False,0.000684200827221077,1.0
1,F2,r5-f2-6db739261bbb0fc74169dc1f,121,2.8656048742381237e-05,9.37773323059082,8.761928915977478,0.7461894750595093,False,0.0008838750581315376,1.0
1,F2,r5-f2-6db739261bbb0fc74169dc1f,122,2.863068867532084e-05,9.461410522460938,8.953792959451675,0.588694155216217,False,0.0008968493673561264,1.0
1,F2,r5-f2-6db739261bbb0fc74169dc1f,123,2.8605109141788138e-05,10.189873695373535,9.005807310342789,0.45220309495925903,False,0.0008491777931533029,1.0
1,F2,r5-f2-6db739261bbb0fc74169dc1f,124,2.857931079223527e-05,9.441404342651367,9.00062695145607,0.3985215425491333,False,0.0009148602304075847,1.0
1,F2,r5-f2-6db739261bbb0fc74169dc1f,125,2.8553294282678578e-05,6.4106597900390625,8.820370703935623,0.5957370400428772,False,0.0008272918878891657,1.0
1,F2,r5-f2-6db739261bbb0fc74169dc1f,126,2.8527060274681913e-05,10.14748477935791,9.067852318286896,0.7173280119895935,False,0.0007622526781680074,1.0
1,F2,r5-f2-6db739261bbb0fc74169dc1f,127,2.8500609435339794e-05,9.441913604736328,9.077049493789673,1.0243281126022339,False,0.000763049286818369,1.0
1,F2,r5-f2-6db739261bbb0fc74169dc1f,128,2.847394243726047e-05,9.337757110595703,9.069321870803833,0.3582760691642761,False,0.0007917632864393773,1.0
2,F3,r5-f3-dbc9791cf4ba3569afc7a3d0,1,1e-05,13.781255722045898,13.781255722045898,1.4615017175674438,False,0.0003621923287525021,1.0
2,F3,r5-f3-dbc9791cf4ba3569afc7a3d0,2,1.1333333333333334e-05,13.125003814697266,13.453129768371582,2.6861438751220703,False,0.0005904207629027929,1.0
2,F3,r5-f3-dbc9791cf4ba3569afc7a3d0,3,1.2666666666666667e-05,15.593753814697266,14.16667111714681,1.2892982959747314,False,0.0006596900474395229,1.0
2,F3,r5-f3-dbc9791cf4ba3569afc7a3d0,4,1.4000000000000001e-05,13.87500286102295,14.093754053115845,1.2635891437530518,False,0.000741956956674364,1.0
2,F3,r5-f3-dbc9791cf4ba3569afc7a3d0,5,1.5333333333333334e-05,13.187503814697266,13.91250400543213,3.430001735687256,False,0.0007543958142902259,1.0
2,F3,r5-f3-dbc9791cf4ba3569afc7a3d0,6,1.6666666666666667e-05,14.218754768371582,13.963545799255371,2.2243881225585938,False,0.0008298651537705541,1.0
2,F3,r5-f3-dbc9791cf4ba3569afc7a3d0,7,1.8e-05,14.958337783813477,14.10565893990653,3.613572120666504,False,0.0008590144743177566,1.0
2,F3,r5-f3-dbc9791cf4ba3569afc7a3d0,8,1.9333333333333333e-05,13.979171752929688,14.089848041534424,1.8038595914840698,False,0.0009721736542345766,1.0
2,F3,r5-f3-dbc9791cf4ba3569afc7a3d0,9,2.0666666666666666e-05,15.479168891906738,14.244217024909126,0.8065847754478455,False,0.0009169461227028615,1.0
2,F3,r5-f3-dbc9791cf4ba3569afc7a3d0,10,2.2e-05,14.031254768371582,14.222920799255371,4.035347938537598,False,0.0010364326798453696,1.0
2,F3,r5-f3-dbc9791cf4ba3569afc7a3d0,11,2.3333333333333332e-05,13.375003814697266,14.145837437022816,3.4350249767303467,False,0.0011007546198162589,1.0
2,F3,r5-f3-dbc9791cf4ba3569afc7a3d0,12,2.4666666666666665e-05,14.093753814697266,14.141497135162354,1.3227593898773193,False,0.0012007355019270673,1.0
2,F3,r5-f3-dbc9791cf4ba3569afc7a3d0,13,2.6000000000000002e-05,13.458335876464844,14.0889462691087,4.6978759765625,False,0.0010882707241851239,1.0
2,F3,r5-f3-dbc9791cf4ba3569afc7a3d0,14,2.733333333333333e-05,14.062505722045898,14.087057658604213,1.8255410194396973,False,0.0012048877770545353,1.0
2,F3,r5-f3-dbc9791cf4ba3569afc7a3d0,15,2.8666666666666668e-05,15.125004768371582,14.156254132588705,1.1417362689971924,False,0.001286835866911825,1.0
2,F3,r5-f3-dbc9791cf4ba3569afc7a3d0,16,2.9999999999999997e-05,15.37500286102295,14.232425928115845,1.1991277933120728,False,0.0013807755405266936,1.0
2,F3,r5-f3-dbc9791cf4ba3569afc7a3d0,17,2.9999999999999997e-05,13.979171752929688,14.244795680046082,2.59533953666687,False,0.0015094411758126006,1.0
2,F3,r5-f3-dbc9791cf4ba3569afc7a3d0,18,2.9999872856917585e-05,15.572920799255371,14.397790491580963,0.66266930103302,False,0.0014771401380025205,1.0
2,F3,r5-f3-dbc9791cf4ba3569afc7a3d0,19,2.999949143090342e-05,13.875005722045898,14.290368735790253,2.1196370124816895,False,0.0015979284838818953,1.0
2,F3,r5-f3-dbc9791cf4ba3569afc7a3d0,20,2.9998855731656623e-05,13.145837783813477,14.24479591846466,1.535984992980957,False,0.0016198293580709053,1.0
2,F3,r5-f3-dbc9791cf4ba3569afc7a3d0,21,2.999796577534217e-05,14.229170799255371,14.309900104999542,1.8538753986358643,False,0.0017035062668413405,1.0
2,F3,r5-f3-dbc9791cf4ba3569afc7a3d0,22,2.99968215845904e-05,13.906255722045898,14.290368914604187,2.337183952331543,False,0.0017670136010140595,1.0
2,F3,r5-f3-dbc9791cf4ba3569afc7a3d0,23,2.9995423188496514e-05,13.614588737487793,14.206384599208832,3.8880603313446045,False,0.0018423077250033482,1.0
2,F3,r5-f3-dbc9791cf4ba3569afc7a3d0,24,2.9993770622619783e-05,15.31250286102295,14.28971779346466,1.206236720085144,False,0.0018281370664450752,1.0
2,F3,r5-f3-dbc9791cf4ba3569afc7a3d0,25,2.9991863928982672e-05,13.979169845581055,14.195967853069305,4.181469917297363,False,0.0019346772700556414,1.0
2,F3,r5-f3-dbc9791cf4ba3569afc7a3d0,26,2.998970315606976e-05,14.104168891906738,14.200524985790253,1.6091700792312622,False,0.0018934131427874687,1.0
2,F3,r5-f3-dbc9791cf4ba3569afc7a3d0,27,2.998728835882651e-05,14.052088737487793,14.24284279346466,2.061127185821533,False,0.0019299873808659238,1.0
2,F3,r5-f3-dbc9791cf4ba3569afc7a3d0,28,2.9984619598657892e-05,14.343755722045898,14.25846791267395,2.3255650997161865,False,0.0019902912031759014,1.0
2,F3,r5-f3-dbc9791cf4ba3569afc7a3d0,29,2.9981696943426767e-05,13.65625286102295,14.270837724208832,3.4276041984558105,False,0.002086996681245192,1.0
2,F3,r5-f3-dbc9791cf4ba3569afc7a3d0,30,2.997852046745222e-05,15.18750286102295,14.341150045394897,1.3934780359268188,False,0.002050376506510907,1.0
2,F3,r5-f3-dbc9791cf4ba3569afc7a3d0,31,2.9975090251507633e-05,14.093751907348633,14.276696741580963,0.7481359243392944,False,0.0019562670931958025,1.0
2,F3,r5-f3-dbc9791cf4ba3569afc7a3d0,32,2.9971406382818667e-05,14.250003814697266,14.206384301185608,1.633610486984253,False,0.001976395573582169,1.0
2,F3,r5-f3-dbc9791cf4ba3569afc7a3d0,33,2.9967468955060995e-05,14.072921752929688,14.212243676185608,1.3529560565948486,False,0.001959646469787512,1.0
2,F3,r5-f3-dbc9791cf4ba3569afc7a3d0,34,2.996327806835797e-05,13.906255722045898,14.108077108860016,1.0207388401031494,False,0.0018708848425953348,1.0
2,F3,r5-f3-dbc9791cf4ba3569afc7a3d0,35,2.9958833829278017e-05,14.677087783813477,14.15820723772049,0.8841758966445923,False,0.0017372486499992392,1.0
2,F3,r5-f3-dbc9791cf4ba3569afc7a3d0,36,2.995413635083201e-05,13.572919845581055,14.184899866580963,0.9975950717926025,False,0.0017138230451638758,1.0
2,F3,r5-f3-dbc9791cf4ba3569afc7a3d0,37,2.9949185752470325e-05,13.750005722045898,14.154952049255371,1.6864620447158813,False,0.0017476224980953422,1.0
2,F3,r5-f3-dbc9791cf4ba3569afc7a3d0,38,2.9943982160079822e-05,14.697921752929688,14.204431176185608,1.166404366493225,False,0.0016582718459053124,1.0
2,F3,r5-f3-dbc9791cf4ba3569afc7a3d0,39,2.993852570598065e-05,12.937504768371582,14.162113428115845,1.1957956552505493,False,0.001672725523072812,1.0
2,F3,r5-f3-dbc9791cf4ba3569afc7a3d0,40,2.9932816528922903e-05,13.406253814697266,14.04297286272049,0.6609773635864258,False,0.0016348189034681591,1.0
2,F3,r5-f3-dbc9791cf4ba3569afc7a3d0,41,2.992685477408305e-05,13.156256675720215,13.991540789604187,1.53263258934021,False,0.0016928313067048656,1.0
2,F3,r5-f3-dbc9791cf4ba3569afc7a3d0,42,2.9920640593060258e-05,12.375006675720215,13.88346815109253,1.328760027885437,False,0.0015654388631047842,1.0
2,F3,r5-f3-dbc9791cf4ba3569afc7a3d0,43,2.9914174143872566e-05,13.062503814697266,13.821619093418121,1.0566563606262207,False,0.0014031556702928578,1.0
2,F3,r5-f3-dbc9791cf4ba3569afc7a3d0,44,2.9907455590952825e-05,13.062507629394531,13.741541087627411,1.0997555255889893,False,0.001311020925920738,1.0
2,F3,r5-f3-dbc9791cf4ba3569afc7a3d0,45,2.990048510514454e-05,12.166675567626953,13.648442506790161,1.1175974607467651,False,0.0013277199124696608,1.0
2,F3,r5-f3-dbc9791cf4ba3569afc7a3d0,46,2.9893262863697524e-05,13.885428428649902,13.567062854766846,1.034062147140503,False,0.0013410749281503502,1.0
2,F3,r5-f3-dbc9791cf4ba3569afc7a3d0,47,2.9885789050263383e-05,12.125007629394531,13.444016337394714,0.9894652962684631,False,0.001362671358795622,1.0
2,F3,r5-f3-dbc9791cf4ba3569afc7a3d0,48,2.987806385489085e-05,14.218757629394531,13.442063450813293,1.4773058891296387,False,0.0014595419978307297,1.0
2,F3,r5-f3-dbc9791cf4ba3569afc7a3d0,49,2.9870087474020964e-05,12.35417366027832,13.334641695022583,1.1491433382034302,False,0.0014089249517529629,1.0
2,F3,r5-f3-dbc9791cf4ba3569afc7a3d0,50,2.9861860110482048e-05,12.989592552185059,13.27735024690628,0.7103983163833618,False,0.0014019258775794358,1.0
2,F3,r5-f3-dbc9791cf4ba3569afc7a3d0,51,2.9853381973484574e-05,12.875003814697266,13.164719998836517,0.7430897951126099,False,0.0012909598534799104,1.0
2,F3,r5-f3-dbc9791cf4ba3569afc7a3d0,52,2.9844653278615835e-05,12.739592552185059,13.112637042999268,4.82434606552124,False,0.001557561458853137,1.0
2,F3,r5-f3-dbc9791cf4ba3569afc7a3d0,53,2.9835674247834466e-05,14.062507629394531,13.132168412208557,0.8791590929031372,False,0.0014857708220873157,1.0
2,F3,r5-f3-dbc9791cf4ba3569afc7a3d0,54,2.9826445109464805e-05,13.000003814697266,13.02604854106903,0.6295702457427979,False,0.0014309899346308121,1.0
2,F3,r5-f3-dbc9791cf4ba3569afc7a3d0,55,2.9816966098191057e-05,12.250007629394531,12.983079969882965,1.430404782295227,False,0.0014601357131430622,1.0
2,F3,r5-f3-dbc9791cf4ba3569afc7a3d0,56,2.9807237455051384e-05,14.20833969116211,13.033210337162018,1.113324522972107,False,0.0013407606352024847,1.0
2,F3,r5-f3-dbc9791cf4ba3569afc7a3d0,57,2.9797259427431705e-05,12.854170799255371,13.014329969882965,0.7003023028373718,False,0.0012242264796608053,1.0
2,F3,r5-f3-dbc9791cf4ba3569afc7a3d0,58,2.978703226905946e-05,12.35417366027832,13.013027906417847,3.8651299476623535,False,0.0015019382597970192,1.0
2,F3,r5-f3-dbc9791cf4ba3569afc7a3d0,59,2.9776556239997145e-05,12.041675567626953,12.949226140975952,1.264310598373413,False,0.0013611130208617767,1.0
2,F3,r5-f3-dbc9791cf4ba3569afc7a3d0,60,2.9765831606635676e-05,13.864593505859375,12.999356508255005,0.9693088531494141,False,0.0013444872803170232,1.0
2,F3,r5-f3-dbc9791cf4ba3569afc7a3d0,61,2.975485864168765e-05,12.270841598510742,13.005866885185242,1.931697964668274,False,0.001250391032034354,1.0
2,F3,r5-f3-dbc9791cf4ba3569afc7a3d0,62,2.974363762418038e-05,12.854170799255371,12.941413283348083,0.7689164876937866,False,0.00106519510432279,1.0
2,F3,r5-f3-dbc9791cf4ba3569afc7a3d0,63,2.973216883944881e-05,12.687511444091797,12.976569771766663,1.4077709913253784,False,0.0011095809527936994,1.0
2,F3,r5-f3-dbc9791cf4ba3569afc7a3d0,64,2.972045257912828e-05,13.718759536743164,12.945319890975952,15.5572509765625,True,0.0016695160018740962,1.0
2,F3,r5-f3-dbc9791cf4ba3569afc7a3d0,65,2.9708489141147082e-05,12.604171752929688,12.960944771766663,0.5084713101387024,False,0.0015290423018212945,1.0
2,F3,r5-f3-dbc9791cf4ba3569afc7a3d0,66,2.9696278829718878e-05,11.979175567626953,12.897793710231781,0.6416401863098145,False,0.0014136342901340767,1.0
2,F3,r5-f3-dbc9791cf4ba3569afc7a3d0,67,2.9683821955335006e-05,13.885425567626953,12.960945069789886,2.091583013534546,False,0.0012892538853659966,1.0
2,F3,r5-f3-dbc9791cf4ba3569afc7a3d0,68,2.9671118834756543e-05,13.437519073486328,13.004565477371216,1.4005783796310425,False,0.001076781774871509,1.0
2,F3,r5-f3-dbc9791cf4ba3569afc7a3d0,69,2.9658169791006273e-05,11.770844459533691,12.861336529254913,1.860006332397461,False,0.0011286677121642062,1.0
2,F3,r5-f3-dbc9791cf4ba3569afc7a3d0,70,2.964497515336046e-05,13.56251335144043,12.896493375301361,5.6689677238464355,False,0.0006089329270782316,1.0
2,F3,r5-f3-dbc9791cf4ba3569afc7a3d0,71,2.9631535257340486e-05,12.770837783813477,12.929045259952545,2.118342638015747,False,0.000665586561362213,1.0
2,F3,r5-f3-dbc9791cf4ba3569afc7a3d0,72,2.9617850444704315e-05,13.68751335144043,12.89649361371994,1.6367568969726562,False,0.0005914135201552006,1.0
2,F3,r5-f3-dbc9791cf4ba3569afc7a3d0,73,2.9603921063437794e-05,11.91667652130127,12.837900221347809,2.796077013015747,False,0.0005075899064946377,1.0
2,F3,r5-f3-dbc9791cf4ba3569afc7a3d0,74,2.9589747467745818e-05,12.604171752929688,12.85352510213852,2.882617712020874,False,0.0005545722869553772,1.0
2,F3,r5-f3-dbc9791cf4ba3569afc7a3d0,75,2.9575330018043316e-05,11.958343505859375,12.848316848278046,1.0746564865112305,False,0.0005082106865389404,1.0
2,F3,r5-f3-dbc9791cf4ba3569afc7a3d0,76,2.9560669080946092e-05,12.822925567626953,12.78321260213852,2.8010780811309814,False,0.00048200908872184946,1.0
2,F3,r5-f3-dbc9791cf4ba3569afc7a3d0,77,2.9545765029261487e-05,12.437511444091797,12.793629467487335,1.3009464740753174,False,0.0004975077360650397,1.0
2,F3,r5-f3-dbc9791cf4ba3569afc7a3d0,78,2.9530618241978923e-05,12.406261444091797,12.765635132789612,2.0150680541992188,False,0.0005507158132065791,1.0
2,F3,r5-f3-dbc9791cf4ba3569afc7a3d0,79,2.9515229104260233e-05,12.479177474975586,12.752614259719849,2.1855924129486084,False,0.0006413383992294845,1.0
2,F3,r5-f3-dbc9791cf4ba3569afc7a3d0,80,2.9499598007429908e-05,12.312512397766113,12.664723813533783,6.670365333557129,False,0.0004895523835848735,1.0
2,F3,r5-f3-dbc9791cf4ba3569afc7a3d0,81,2.948372534896511e-05,13.750011444091797,12.736338794231415,1.0051040649414062,False,0.0005139816049785387,1.0
2,F3,r5-f3-dbc9791cf4ba3569afc7a3d0,82,2.9467611532485588e-05,12.281262397766113,12.755219221115112,4.842448711395264,False,0.0005002302655039046,1.0
2,F3,r5-f3-dbc9791cf4ba3569afc7a3d0,83,2.945125696774339e-05,12.708343505859375,12.681651592254639,0.8294571042060852,False,0.0004691745992821358,1.0
2,F3,r5-f3-dbc9791cf4ba3569afc7a3d0,84,2.9434662070612482e-05,12.625009536743164,12.630869746208191,2.096343517303467,False,0.0005643096524310832,1.0
2,F3,r5-f3-dbc9791cf4ba3569afc7a3d0,85,2.9417827263078142e-05,12.750009536743164,12.692067563533783,2.8923609256744385,False,0.0004699391757784972,1.0
2,F3,r5-f3-dbc9791cf4ba3569afc7a3d0,86,2.940075297322622e-05,12.104175567626953,12.60092145204544,2.8153133392333984,False,0.0005739589225401382,1.0
2,F3,r5-f3-dbc9791cf4ba3569afc7a3d0,87,2.938343963523229e-05,12.31251335144043,12.572276175022125,2.5892741680145264,False,0.0004949262430628869,1.0
2,F3,r5-f3-dbc9791cf4ba3569afc7a3d0,88,2.9365887689350595e-05,12.177101135253906,12.477875411510468,1.3511860370635986,False,0.0004740831884706548,1.0
2,F3,r5-f3-dbc9791cf4ba3569afc7a3d0,89,2.9348097581902822e-05,11.791677474975586,12.470062971115112,1.4195574522018433,False,0.0005019567741335281,1.0
2,F3,r5-f3-dbc9791cf4ba3569afc7a3d0,90,2.933006976526679e-05,11.770844459533691,12.417980015277863,1.758865475654602,False,0.0005185402825171461,1.0
2,F3,r5-f3-dbc9791cf4ba3569afc7a3d0,91,2.9311804697864947e-05,11.87501049041748,12.412771701812744,1.9628119468688965,False,0.0005282672881875648,1.0
2,F3,r5-f3-dbc9791cf4ba3569afc7a3d0,92,2.9293302844152674e-05,13.541685104370117,12.457694172859192,0.603225827217102,False,0.0005190714760154073,1.0
2,F3,r5-f3-dbc9791cf4ba3569afc7a3d0,93,2.9274564674606523e-05,12.458338737487793,12.458995878696442,2.258237600326538,False,0.00048740740475921955,1.0
2,F3,r5-f3-dbc9791cf4ba3569afc7a3d0,94,2.9255590665712213e-05,12.395846366882324,12.45834493637085,4.2658610343933105,False,0.0006092543234883882,1.0
2,F3,r5-f3-dbc9791cf4ba3569afc7a3d0,95,2.923638129995254e-05,13.864594459533691,12.544933497905731,6.1893134117126465,False,0.0005017640122540619,1.0
2,F3,r5-f3-dbc9791cf4ba3569afc7a3d0,96,2.9216937065795103e-05,12.375015258789062,12.548839926719666,3.1077966690063477,False,0.0005277708746943339,1.0
2,F3,r5-f3-dbc9791cf4ba3569afc7a3d0,97,2.919725845767987e-05,11.58334732055664,12.413423418998718,2.423774480819702,False,0.0005971429048242405,1.0
2,F3,r5-f3-dbc9791cf4ba3569afc7a3d0,98,2.9177345976006628e-05,13.583345413208008,12.494803607463837,4.315093994140625,False,0.0007783943487904622,1.0
2,F3,r5-f3-dbc9791cf4ba3569afc7a3d0,99,2.9157200127122236e-05,12.145841598510742,12.459647238254547,2.9714105129241943,False,0.0005384306842813752,1.0
2,F3,r5-f3-dbc9791cf4ba3569afc7a3d0,100,2.913682142330775e-05,13.81251049041748,12.533866047859192,1.0435736179351807,False,0.0005615277347124898,1.0
2,F3,r5-f3-dbc9791cf4ba3569afc7a3d0,101,2.911621038276542e-05,13.520849227905273,12.582043528556824,1.872886300086975,False,0.0005681897888831103,1.0
2,F3,r5-f3-dbc9791cf4ba3569afc7a3d0,102,2.909536752960549e-05,11.500015258789062,12.544283509254456,1.6601086854934692,False,0.00048378027248341767,1.0
2,F3,r5-f3-dbc9791cf4ba3569afc7a3d0,103,2.9074293393832876e-05,13.437515258789062,12.614596128463745,2.0036733150482178,False,0.0005543365166380365,1.0
2,F3,r5-f3-dbc9791cf4ba3569afc7a3d0,104,2.90529885113337e-05,12.697927474975586,12.64714777469635,5.7871994972229,False,0.0005273078608356224,1.0
2,F3,r5-f3-dbc9791cf4ba3569afc7a3d0,105,2.9031453423861642e-05,12.583337783813477,12.696626543998718,10.358963966369629,True,0.0008193310888453449,1.0
2,F3,r5-f3-dbc9791cf4ba3569afc7a3d0,106,2.9009688679024187e-05,12.447928428649902,12.738944292068481,4.048238277435303,False,0.0005644039363555685,1.0
2,F3,r5-f3-dbc9791cf4ba3569afc7a3d0,107,2.8987694830268685e-05,12.291680335998535,12.764986157417297,2.62434983253479,False,0.0006395947373029324,1.0
2,F3,r5-f3-dbc9791cf4ba3569afc7a3d0,108,2.8965472436868284e-05,12.729171752929688,12.71420407295227,1.8152629137039185,False,0.0005426756120762642,1.0
2,F3,r5-f3-dbc9791cf4ba3569afc7a3d0,109,2.894302206390769e-05,13.437515258789062,12.7754026055336,1.5129640102386475,False,0.0005073661858284315,1.0
2,F3,r5-f3-dbc9791cf4ba3569afc7a3d0,110,2.8920344282268846e-05,13.760425567626953,12.86068880558014,1.6465367078781128,False,0.0005499056206206609,1.0
2,F3,r5-f3-dbc9791cf4ba3569afc7a3d0,111,2.8897439668616345e-05,12.604171752929688,12.781912386417389,2.072037696838379,False,0.0004453579812624289,1.0
2,F3,r5-f3-dbc9791cf4ba3569afc7a3d0,112,2.8874308805382837e-05,13.40626335144043,12.8463653922081,1.604530930519104,False,0.0004060271558702461,1.0
2,F3,r5-f3-dbc9791cf4ba3569afc7a3d0,113,2.8850952280754167e-05,12.25001335144043,12.888032019138336,1.546641230583191,False,0.0003482234372582999,1.0
2,F3,r5-f3-dbc9791cf4ba3569afc7a3d0,114,2.8827370688654434e-05,12.729171752929688,12.834646165370941,0.9565151929855347,False,0.00036627956569751526,1.0
2,F3,r5-f3-dbc9791cf4ba3569afc7a3d0,115,2.880356462873091e-05,12.729171752929688,12.871104300022125,3.3584976196289062,False,0.0004389072343354157,1.0
2,F3,r5-f3-dbc9791cf4ba3569afc7a3d0,116,2.8779534706338766e-05,12.687504768371582,12.800791442394257,1.792602300643921,False,0.0004916627168284818,1.0
2,F3,r5-f3-dbc9791cf4ba3569afc7a3d0,117,2.875528153252567e-05,12.177099227905273,12.716807067394257,1.3615305423736572,False,0.0004945307550756806,1.0
2,F3,r5-f3-dbc9791cf4ba3569afc7a3d0,118,2.8730805724016292e-05,12.708337783813477,12.792327225208282,1.6017367839813232,False,0.0005261273365841036,1.0
2,F3,r5-f3-dbc9791cf4ba3569afc7a3d0,119,2.8706107903196563e-05,11.541680335998535,12.673837542533875,5.4223456382751465,False,0.0008047500792870391,1.0
2,F3,r5-f3-dbc9791cf4ba3569afc7a3d0,120,2.868118869809791e-05,12.322931289672852,12.650400280952454,2.135251760482788,False,0.0006159858739256657,1.0
2,F3,r5-f3-dbc9791cf4ba3569afc7a3d0,121,2.8656048742381237e-05,11.895843505859375,12.607431888580322,1.507909893989563,False,0.0006451012281152661,1.0
2,F3,r5-f3-dbc9791cf4ba3569afc7a3d0,122,2.863068867532084e-05,12.510428428649902,12.611338138580322,3.9698755741119385,False,0.0008208371995242643,1.0
2,F3,r5-f3-dbc9791cf4ba3569afc7a3d0,123,2.8605109141788138e-05,12.34376335144043,12.61459332704544,1.4224830865859985,False,0.0007492913658931714,1.0
2,F3,r5-f3-dbc9791cf4ba3569afc7a3d0,124,2.857931079223527e-05,13.593761444091797,12.668630182743073,5.393904209136963,False,0.00037796671303784034,1.0
2,F3,r5-f3-dbc9791cf4ba3569afc7a3d0,125,2.8553294282678578e-05,12.416671752929688,12.604827463626862,2.4672584533691406,False,0.00032106906509059724,1.0
2,F3,r5-f3-dbc9791cf4ba3569afc7a3d0,126,2.8527060274681913e-05,12.71876049041748,12.53972339630127,1.1770027875900269,False,0.00032733627315636527,1.0
2,F3,r5-f3-dbc9791cf4ba3569afc7a3d0,127,2.8500609435339794e-05,11.687511444091797,12.482432126998901,1.9539594650268555,False,0.00036655077351334083,1.0
2,F3,r5-f3-dbc9791cf4ba3569afc7a3d0,128,2.847394243726047e-05,12.437511444091797,12.421885132789612,2.8596343994140625,False,0.000447484630657789,1.0
3,F3,r5-f3-913c95f41d8e72f9b0aabac4,1,1e-05,11.166687965393066,11.166687965393066,0.48937585949897766,False,0.00036192673334357547,1.0
3,F3,r5-f3-913c95f41d8e72f9b0aabac4,2,1.1333333333333334e-05,13.270833969116211,12.218760967254639,0.3697454631328583,False,0.0005007262708677099,1.0
3,F3,r5-f3-913c95f41d8e72f9b0aabac4,3,1.2666666666666667e-05,11.00002670288086,11.812516212463379,0.6536600589752197,False,0.0005484497154381856,1.0
3,F3,r5-f3-913c95f41d8e72f9b0aabac4,4,1.4000000000000001e-05,15.91667652130127,12.838556289672852,0.23055453598499298,False,0.0006108378430123869,1.0
3,F3,r5-f3-913c95f41d8e72f9b0aabac4,5,1.5333333333333334e-05,15.822922706604004,13.435429573059082,0.5171486139297485,False,0.0005736433193819648,1.0
3,F3,r5-f3-913c95f41d8e72f9b0aabac4,6,1.6666666666666667e-05,15.875007629394531,13.842025915781656,0.3049549460411072,False,0.0006587943492695893,1.0
3,F3,r5-f3-913c95f41d8e72f9b0aabac4,7,1.8e-05,13.270833969116211,13.760427066258021,0.26642659306526184,False,0.0007341335147604424,1.0
3,F3,r5-f3-913c95f41d8e72f9b0aabac4,8,1.9333333333333333e-05,11.270854949951172,13.449230551719666,0.6003873348236084,False,0.0008195854708290454,1.0
3,F3,r5-f3-913c95f41d8e72f9b0aabac4,9,2.0666666666666666e-05,10.875020027160645,13.163207160101997,0.30654633045196533,False,0.0009235420466092105,1.0
3,F3,r5-f3-913c95f41d8e72f9b0aabac4,10,2.2e-05,10.645858764648438,12.91147232055664,0.3596455752849579,False,0.001048040824324769,1.0
3,F3,r5-f3-913c95f41d8e72f9b0aabac4,11,2.3333333333333332e-05,10.812520980834961,12.720658562400125,0.42738065123558044,False,0.0011331688339870313,1.0
3,F3,r5-f3-913c95f41d8e72f9b0aabac4,12,2.4666666666666665e-05,13.302083969116211,12.769110679626465,0.299817830324173,False,0.001131997656082022,1.0
3,F3,r5-f3-913c95f41d8e72f9b0aabac4,13,2.6000000000000002e-05,13.239584922790527,12.8053010060237,0.4706369936466217,False,0.0012362559497351702,1.0
3,F3,r5-f3-913c95f41d8e72f9b0aabac4,14,2.733333333333333e-05,16.0625057220459,13.037958485739571,0.39523574709892273,False,0.0013708293501265014,1.0
3,F3,r5-f3-913c95f41d8e72f9b0aabac4,15,2.8666666666666668e-05,13.250001907348633,13.052094713846843,0.1426505744457245,False,0.0014258206451387152,1.0
3,F3,r5-f3-913c95f41d8e72f9b0aabac4,16,2.9999999999999997e-05,10.68752384185791,12.904309034347534,1.0791430473327637,False,0.0011219142203465068,1.0
3,F3,r5-f3-913c95f41d8e72f9b0aabac4,17,2.9999999999999997e-05,13.156251907348633,13.028656780719757,0.4946998357772827,False,0.0010605037680430438,1.0
3,F3,r5-f3-913c95f41d8e72f9b0aabac4,18,2.9999872856917585e-05,13.177084922790527,13.022797465324402,0.43999308347702026,False,0.0011363760344216252,1.0
3,F3,r5-f3-913c95f41d8e72f9b0aabac4,19,2.999949143090342e-05,13.187501907348633,13.159514665603638,0.5824112892150879,False,0.0012279522406496732,1.0
3,F3,r5-f3-913c95f41d8e72f9b0aabac4,20,2.9998855731656623e-05,13.291667938232422,12.995451629161835,0.299351304769516,False,0.0012552327659096827,1.0
3,F3,r5-f3-913c95f41d8e72f9b0aabac4,21,2.999796577534217e-05,11.145852088928223,12.703134715557098,0.44987592101097107,False,0.0013763482076227028,1.0
3,F3,r5-f3-913c95f41d8e72f9b0aabac4,22,2.99968215845904e-05,10.916695594787598,12.393240213394165,0.6332200765609741,False,0.0014967545090880303,1.0
3,F3,r5-f3-913c95f41d8e72f9b0aabac4,23,2.9995423188496514e-05,10.750022888183594,12.235689520835876,0.4649009108543396,False,0.0014789190094334536,1.0
3,F3,r5-f3-913c95f41d8e72f9b0aabac4,24,2.9993770622619783e-05,13.135417938232422,12.352224707603455,1.6846481561660767,False,0.0010308934075651543,1.0
3,F3,r5-f3-913c95f41d8e72f9b0aabac4,25,2.9991863928982672e-05,15.94792366027832,12.66928118467331,0.3851569592952728,False,0.0010685827200905835,1.0
3,F3,r5-f3-913c95f41d8e72f9b0aabac4,26,2.998970315606976e-05,10.95836067199707,12.688812553882599,0.9082127213478088,False,0.0012387848250955868,1.0
3,F3,r5-f3-913c95f41d8e72f9b0aabac4,27,2.998728835882651e-05,15.864590644836426,13.00456690788269,0.49103084206581116,False,0.0013223092272591054,1.0
3,F3,r5-f3-913c95f41d8e72f9b0aabac4,28,2.9984619598657892e-05,10.916692733764648,12.855479955673218,1.0037535429000854,False,0.0013783454192387527,1.0
3,F3,r5-f3-913c95f41d8e72f9b0aabac4,29,2.9981696943426767e-05,10.812520980834961,12.703788459300995,0.5346398949623108,False,0.0014496773902752428,1.0
3,F3,r5-f3-913c95f41d8e72f9b0aabac4,30,2.997852046745222e-05,11.02086067199707,12.388685643672943,0.6212189197540283,False,0.001463258688807055,1.0
3,F3,r5-f3-913c95f41d8e72f9b0aabac4,31,2.9975090251507633e-05,10.916698455810547,12.242854177951813,0.6347737908363342,False,0.0015671368027943946,1.0
3,F3,r5-f3-913c95f41d8e72f9b0aabac4,32,2.9971406382818667e-05,15.979172706604004,12.573582231998444,0.5343090891838074,False,0.0015826827021553553,1.0
3,F3,r5-f3-913c95f41d8e72f9b0aabac4,33,2.9967468955060995e-05,13.208334922790527,12.576837420463562,0.5955227017402649,False,0.0015376788084874085,1.0
3,F3,r5-f3-913c95f41d8e72f9b0aabac4,34,2.996327806835797e-05,13.218751907348633,12.579441606998444,0.35097187757492065,False,0.0014167121089518628,1.0
3,F3,r5-f3-913c95f41d8e72f9b0aabac4,35,2.9958833829278017e-05,10.89586067199707,12.436214029788971,0.5355682373046875,False,0.0014554577244400067,1.0
3,F3,r5-f3-913c95f41d8e72f9b0aabac4,36,2.995413635083201e-05,10.666690826416016,12.272152960300446,0.5923351645469666,False,0.0014453059252912208,1.0
3,F3,r5-f3-913c95f41d8e72f9b0aabac4,37,2.9949185752470325e-05,10.770867347717285,12.248716413974762,0.9100580215454102,False,0.0014428883691217892,1.0
3,F3,r5-f3-913c95f41d8e72f9b0aabac4,38,2.9943982160079822e-05,15.781257629394531,12.552751541137695,0.3122861981391907,False,0.0013860805530861334,1.0
3,F3,r5-f3-913c95f41d8e72f9b0aabac4,39,2.993852570598065e-05,10.75003433227539,12.552752256393433,1.0706250667572021,False,0.001562331690203373,1.0
3,F3,r5-f3-913c95f41d8e72f9b0aabac4,40,2.9932816528922903e-05,13.218751907348633,12.557960629463196,0.533569872379303,False,0.0014128135551486386,1.0
3,F3,r5-f3-913c95f41d8e72f9b0aabac4,41,2.992685477408305e-05,10.85418701171875,12.239602088928223,0.4893823564052582,False,0.0013094155677604558,1.0
3,F3,r5-f3-913c95f41d8e72f9b0aabac4,42,2.9920640593060258e-05,10.562527656555176,12.214862525463104,0.6521574854850769,False,0.0013043775429564097,1.0
3,F3,r5-f3-913c95f41d8e72f9b0aabac4,43,2.9914174143872566e-05,10.583359718322754,11.884785592556,0.3789604902267456,False,0.0013420501576585052,1.0
3,F3,r5-f3-913c95f41d8e72f9b0aabac4,44,2.9907455590952825e-05,15.562516212463379,12.17514955997467,0.44301432371139526,False,0.0013507805533294558,1.0
3,F3,r5-f3-913c95f41d8e72f9b0aabac4,45,2.990048510514454e-05,10.708356857299805,12.168639302253723,1.1268755197525024,False,0.0013700665542652848,1.0
3,F3,r5-f3-913c95f41d8e72f9b0aabac4,46,2.9893262863697524e-05,15.718762397766113,12.462258160114288,2.0112881660461426,False,0.0016273491268257738,1.0
3,F3,r5-f3-913c95f41d8e72f9b0aabac4,47,2.9885789050263383e-05,15.572937965393066,12.753273129463196,0.5726772546768188,False,0.001408612039616323,1.0
3,F3,r5-f3-913c95f41d8e72f9b0aabac4,48,2.987806385489085e-05,10.479196548461914,12.409524619579315,0.9963732361793518,False,0.001486693522744166,1.0
3,F3,r5-f3-913c95f41d8e72f9b0aabac4,49,2.9870087474020964e-05,10.520861625671387,12.241557538509369,0.5043617486953735,False,0.001525761760857423,1.0
3,F3,r5-f3-913c95f41d8e72f9b0aabac4,50,2.9861860110482048e-05,15.82292652130127,12.404318451881409,0.3035697340965271,False,0.0013715884140098362,1.0
3,F3,r5-f3-913c95f41d8e72f9b0aabac4,51,2.9853381973484574e-05,10.583375930786133,12.384788155555725,0.8078533411026001,False,0.001413855407122517,1.0
3,F3,r5-f3-913c95f41d8e72f9b0aabac4,52,2.9844653278615835e-05,10.666706085205078,12.384789109230042,1.0086190700531006,False,0.0013806166069262693,1.0
3,F3,r5-f3-913c95f41d8e72f9b0aabac4,53,2.9835674247834466e-05,10.479217529296875,12.366560995578766,0.5817734599113464,False,0.0014436372325251265,1.0
3,F3,r5-f3-913c95f41d8e72f9b0aabac4,54,2.9826445109464805e-05,10.833366394042969,12.057317793369293,0.45847252011299133,False,0.0014970353368341986,1.0
3,F3,r5-f3-913c95f41d8e72f9b0aabac4,55,2.9816966098191057e-05,15.354183197021484,12.345077097415924,0.3997408151626587,False,0.0014364126580632209,1.0
3,F3,r5-f3-913c95f41d8e72f9b0aabac4,56,2.9807237455051384e-05,15.468770980834961,12.48570328950882,3.18151593208313,False,0.0016577480945857595,1.0
3,F3,r5-f3-913c95f41d8e72f9b0aabac4,57,2.9797259427431705e-05,10.562527656555176,12.467474579811096,0.7307479381561279,False,0.0016526443775795442,1.0
3,F3,r5-f3-913c95f41d8e72f9b0aabac4,58,2.978703226905946e-05,10.375032424926758,12.45575612783432,0.7607840299606323,False,0.0016963694723519944,1.0
3,F3,r5-f3-913c95f41d8e72f9b0aabac4,59,2.9776556239997145e-05,10.62502670288086,12.458360314369202,0.7104586362838745,False,0.0015042236381959367,1.0
3,F3,r5-f3-913c95f41d8e72f9b0aabac4,60,2.9765831606635676e-05,12.979168891906738,12.296901106834412,0.37657684087753296,False,0.0013796941196231676,1.0
3,F3,r5-f3-913c95f41d8e72f9b0aabac4,61,2.975485864168765e-05,12.864585876464844,12.431665420532227,0.4890275001525879,False,0.00138104650430681,1.0
3,F3,r5-f3-913c95f41d8e72f9b0aabac4,62,2.974363762418038e-05,15.333377838134766,12.407578885555267,0.3993445336818695,False,0.001286575637157112,1.0
3,F3,r5-f3-913c95f41d8e72f9b0aabac4,63,2.973216883944881e-05,10.250062942504883,12.074899196624756,1.1007965803146362,False,0.0014537957489077291,1.0
3,F3,r5-f3-913c95f41d8e72f9b0aabac4,64,2.972045257912828e-05,10.520881652832031,12.077504515647888,0.644936740398407,False,0.001437536370277089,1.0
3,F3,r5-f3-913c95f41d8e72f9b0aabac4,65,2.9708489141147082e-05,10.375053405761719,12.068391501903534,0.8353896737098694,False,0.0013543063249869302,1.0
3,F3,r5-f3-913c95f41d8e72f9b0aabac4,66,2.9696278829718878e-05,10.333368301391602,11.72529411315918,0.5244179368019104,False,0.001395784325511819,1.0
3,F3,r5-f3-913c95f41d8e72f9b0aabac4,67,2.9683821955335006e-05,12.739585876464844,11.8600572347641,0.4599951207637787,False,0.0013449409000826863,1.0
3,F3,r5-f3-913c95f41d8e72f9b0aabac4,68,2.9671118834756543e-05,13.031251907348633,12.007841348648071,0.39950963854789734,False,0.0013034243126437836,1.0
3,F3,r5-f3-913c95f41d8e72f9b0aabac4,69,2.9658169791006273e-05,15.354201316833496,12.31252783536911,1.7847980260849,False,0.0015827389138595273,1.0
3,F3,r5-f3-913c95f41d8e72f9b0aabac4,70,2.964497515336046e-05,12.875001907348633,12.440130054950714,1.1413512229919434,False,0.001286309843492492,1.0
3,F3,r5-f3-913c95f41d8e72f9b0aabac4,71,2.9631535257340486e-05,12.937501907348633,12.289087474346161,0.38734742999076843,False,0.001183720972759242,1.0
3,F3,r5-f3-913c95f41d8e72f9b0aabac4,72,2.9617850444704315e-05,12.833335876464844,12.124372780323029,0.48782071471214294,False,0.0011548153122135888,1.0
3,F3,r5-f3-913c95f41d8e72f9b0aabac4,73,2.9603921063437794e-05,10.375033378601074,12.112654387950897,0.4988825023174286,False,0.0012248296608074324,1.0
3,F3,r5-f3-913c95f41d8e72f9b0aabac4,74,2.9589747467745818e-05,10.500049591064453,12.120467960834503,2.270742654800415,False,0.0015211363772335135,1.0
3,F3,r5-f3-913c95f41d8e72f9b0aabac4,75,2.9575330018043316e-05,15.34378433227539,12.415390312671661,0.385531485080719,False,0.0014659890174704105,1.0
3,F3,r5-f3-913c95f41d8e72f9b0aabac4,76,2.9560669080946092e-05,10.312536239624023,12.248725771903992,0.6338908076286316,False,0.0014669147092588011,1.0
3,F3,r5-f3-913c95f41d8e72f9b0aabac4,77,2.9545765029261487e-05,15.270877838134766,12.399119019508362,1.2422778606414795,False,0.0013169129096523534,1.0
3,F3,r5-f3-913c95f41d8e72f9b0aabac4,78,2.9530618241978923e-05,12.822919845581055,12.242215394973755,0.44686344265937805,False,0.0012726229468559944,1.0
3,F3,r5-f3-913c95f41d8e72f9b0aabac4,79,2.9515229104260233e-05,15.270877838134766,12.556016325950623,0.48737633228302,False,0.0012721545915310305,1.0
3,F3,r5-f3-913c95f41d8e72f9b0aabac4,80,2.9499598007429908e-05,12.843751907348633,12.70119571685791,0.38685205578804016,False,0.0011812574125766738,1.0
3,F3,r5-f3-913c95f41d8e72f9b0aabac4,81,2.948372534896511e-05,12.822919845581055,12.854187369346619,0.7965196371078491,False,0.0011372987339216315,1.0
3,F3,r5-f3-913c95f41d8e72f9b0aabac4,82,2.9467611532485588e-05,10.06258773803711,12.837263584136963,1.9300707578659058,False,0.0014477835466636443,1.0
3,F3,r5-f3-913c95f41d8e72f9b0aabac4,83,2.945125696774339e-05,12.593753814697266,12.82814908027649,0.9005270600318909,False,0.0011555833312714584,1.0
3,F3,r5-f3-913c95f41d8e72f9b0aabac4,84,2.9434662070612482e-05,10.208404541015625,12.651721119880676,1.9585787057876587,False,0.0008021408155066257,1.0
3,F3,r5-f3-913c95f41d8e72f9b0aabac4,85,2.9417827263078142e-05,10.166749954223633,12.32750540971756,0.5295007228851318,False,0.0008663882962765096,1.0
3,F3,r5-f3-913c95f41d8e72f9b0aabac4,86,2.940075297322622e-05,12.906251907348633,12.32945853471756,0.23374468088150024,False,0.0008128638040970227,1.0
3,F3,r5-f3-913c95f41d8e72f9b0aabac4,87,2.938343963523229e-05,10.000102996826172,12.145871102809906,0.6913373470306396,False,0.0008190488361498009,1.0
3,F3,r5-f3-913c95f41d8e72f9b0aabac4,88,2.9365887689350595e-05,10.208372116088867,11.981810867786407,0.24039176106452942,False,0.0007905572107580807,1.0
3,F3,r5-f3-913c95f41d8e72f9b0aabac4,89,2.9348097581902822e-05,10.312535285949707,11.977904736995697,5.603277206420898,False,0.0013739239521190897,1.0
3,F3,r5-f3-913c95f41d8e72f9b0aabac4,90,2.933006976526679e-05,15.177127838134766,12.270222127437592,0.7389158010482788,False,0.0013812857455724596,1.0
3,F3,r5-f3-913c95f41d8e72f9b0aabac4,91,2.9311804697864947e-05,12.75000286102295,12.108110785484314,0.2357712835073471,False,0.0012833197776540876,1.0
3,F3,r5-f3-913c95f41d8e72f9b0aabac4,92,2.9293302844152674e-05,10.145917892456055,12.097697138786316,0.5711046457290649,False,0.001251970794795446,1.0
3,F3,r5-f3-913c95f41d8e72f9b0aabac4,93,2.9274564674606523e-05,10.333367347717285,11.789102733135223,0.34098538756370544,False,0.001152145047633822,1.0
3,F3,r5-f3-913c95f41d8e72f9b0aabac4,94,2.9255590665712213e-05,10.104252815246582,11.619186043739319,0.5287840366363525,False,0.00116455259626183,1.0
3,F3,r5-f3-913c95f41d8e72f9b0aabac4,95,2.923638129995254e-05,10.187540054321289,11.301477432250977,0.5411741733551025,False,0.0010031479026939715,1.0
3,F3,r5-f3-913c95f41d8e72f9b0aabac4,96,2.9216937065795103e-05,15.208389282226562,11.449267268180847,0.32371294498443604,False,0.0009207691712253946,1.0
3,F3,r5-f3-913c95f41d8e72f9b0aabac4,97,2.919725845767987e-05,15.22921085357666,11.599660456180573,0.49391305446624756,False,0.0009237078712770172,1.0
3,F3,r5-f3-913c95f41d8e72f9b0aabac4,98,2.9177345976006628e-05,15.177140235900879,11.919319987297058,0.3309449851512909,False,0.0008908474783500771,1.0
3,F3,r5-f3-913c95f41d8e72f9b0aabac4,99,2.9157200127122236e-05,10.00004768371582,11.757213354110718,1.8766727447509766,False,0.0005611867712767614,1.0
3,F3,r5-f3-913c95f41d8e72f9b0aabac4,100,2.913682142330775e-05,15.145877838134766,12.065805435180664,0.3833482563495636,False,0.0005683666223479983,1.0
3,F3,r5-f3-913c95f41d8e72f9b0aabac4,101,2.911621038276542e-05,15.21878433227539,12.381557583808899,1.5509583950042725,False,0.0005679856758021,1.0
3,F3,r5-f3-913c95f41d8e72f9b0aabac4,102,2.909536752960549e-05,10.10421085357666,12.20643001794815,0.8617907166481018,False,0.0005641497391619774,1.0
3,F3,r5-f3-913c95f41d8e72f9b0aabac4,103,2.9074293393832876e-05,10.291702270507812,12.224654972553253,0.464059978723526,False,0.0005734167848138226,1.0
3,F3,r5-f3-913c95f41d8e72f9b0aabac4,104,2.90529885113337e-05,15.312543869018555,12.543665707111359,0.49824365973472595,False,0.0005455029673327126,1.0
3,F3,r5-f3-913c95f41d8e72f9b0aabac4,105,2.9031453423861642e-05,10.083377838134766,12.529343366622925,0.5702978372573853,False,0.0005523208283357986,1.0
3,F3,r5-f3-913c95f41d8e72f9b0aabac4,106,2.9009688679024187e-05,13.000001907348633,12.393272995948792,0.4738014042377472,False,0.0005687127412094952,1.0
3,F3,r5-f3-913c95f41d8e72f9b0aabac4,107,2.8987694830268685e-05,9.937583923339844,12.217496812343597,0.6104185581207275,False,0.0005854402474705085,1.0
3,F3,r5-f3-913c95f41d8e72f9b0aabac4,108,2.8965472436868284e-05,10.125075340270996,12.216194152832031,0.5381137132644653,False,0.0006076653943309562,1.0
3,F3,r5-f3-913c95f41d8e72f9b0aabac4,109,2.894302206390769e-05,12.80208683013916,12.370489120483398,0.9324394464492798,False,0.0006202006376678888,1.0
3,F3,r5-f3-913c95f41d8e72f9b0aabac4,110,2.8920344282268846e-05,12.760419845581055,12.536499559879303,0.3660096228122711,False,0.000611537475792838,1.0
3,F3,r5-f3-913c95f41d8e72f9b0aabac4,111,2.8897439668616345e-05,15.28128433227539,12.854858577251434,0.6205545663833618,False,0.000531027374588771,1.0
3,F3,r5-f3-913c95f41d8e72f9b0aabac4,112,2.8874308805382837e-05,15.364618301391602,12.86462289094925,1.0372745990753174,False,0.0004544181865462486,1.0
3,F3,r5-f3-913c95f41d8e72f9b0aabac4,113,2.8850952280754167e-05,15.22921085357666,12.86462289094925,0.7041565775871277,False,0.0004654221510074291,1.0
3,F3,r5-f3-913c95f41d8e72f9b0aabac4,114,2.8827370688654434e-05,10.187540054321289,12.552772879600525,0.47498470544815063,False,0.0004260850165508784,1.0
3,F3,r5-f3-913c95f41d8e72f9b0aabac4,115,2.880356462873091e-05,15.052127838134766,12.868527889251709,0.6911889314651489,False,0.0004620845768266535,1.0
3,F3,r5-f3-913c95f41d8e72f9b0aabac4,116,2.8779534706338766e-05,15.31252670288086,12.87894344329834,0.27538761496543884,False,0.0004511641683895746,1.0
3,F3,r5-f3-913c95f41d8e72f9b0aabac4,117,2.875528153252567e-05,10.208372116088867,12.565792679786682,0.5953760743141174,False,0.0004869451763267607,1.0
3,F3,r5-f3-913c95f41d8e72f9b0aabac4,118,2.8730805724016292e-05,15.145877838134766,12.880896866321564,0.31058162450790405,False,0.0004893926324202329,1.0
3,F3,r5-f3-913c95f41d8e72f9b0aabac4,119,2.8706107903196563e-05,10.020936012268066,12.86397397518158,0.5691754221916199,False,0.0005186376053619976,1.0
3,F3,r5-f3-913c95f41d8e72f9b0aabac4,120,2.868118869809791e-05,15.395868301391602,12.869181752204895,0.7216278314590454,False,0.0004882075321766377,1.0
3,F3,r5-f3-913c95f41d8e72f9b0aabac4,121,2.8656048742381237e-05,12.80208683013916,13.03910106420517,0.9163962602615356,False,0.0005230731628256358,1.0
3,F3,r5-f3-913c95f41d8e72f9b0aabac4,122,2.863068867532084e-05,15.32296085357666,13.184285998344421,0.5841104388237,False,0.0005306427977185349,1.0
3,F3,r5-f3-913c95f41d8e72f9b0aabac4,123,2.8605109141788138e-05,9.708452224731445,13.169965267181396,0.7265833616256714,False,0.000617128051318014,1.0
3,F3,r5-f3-913c95f41d8e72f9b0aabac4,124,2.857931079223527e-05,12.645837783813477,13.327512919902802,1.000612497329712,False,0.0006001294066833555,1.0
3,F3,r5-f3-913c95f41d8e72f9b0aabac4,125,2.8553294282678578e-05,10.000089645385742,13.152388095855713,1.4394443035125732,False,0.0006702188303555239,1.0
3,F3,r5-f3-913c95f41d8e72f9b0aabac4,126,2.8527060274681913e-05,10.10421085357666,12.986375033855438,0.6641305088996887,False,0.0006814551244065072,1.0
3,F3,r5-f3-913c95f41d8e72f9b0aabac4,127,2.8500609435339794e-05,15.416693687438965,12.994838118553162,0.6670472621917725,False,0.0007394790865730802,1.0
3,F3,r5-f3-913c95f41d8e72f9b0aabac4,128,2.847394243726047e-05,12.718753814697266,12.829471588134766,1.0058159828186035,False,0.0006220455865438952,1.0
4,F5,r5-f5-9fec14ebb444f5f1fe201087,1,1e-05,33.166690826416016,33.166690826416016,2.228752613067627,False,0.0003622390462313849,1.0
4,F5,r5-f5-9fec14ebb444f5f1fe201087,2,1.1333333333333334e-05,34.583335876464844,33.87501335144043,0.7331213355064392,False,0.0005000138868870661,1.0
4,F5,r5-f5-9fec14ebb444f5f1fe201087,3,1.2666666666666667e-05,37.584529876708984,35.11151885986328,12.305479049682617,True,0.0005353547457922434,1.0
4,F5,r5-f5-9fec14ebb444f5f1fe201087,4,1.4000000000000001e-05,38.00107955932617,35.833909034729004,0.735313355922699,False,0.00046235978673175843,1.0
4,F5,r5-f5-9fec14ebb444f5f1fe201087,5,1.5333333333333334e-05,32.58335876464844,35.18379898071289,1.5767934322357178,False,0.0004386058525291451,1.0
4,F5,r5-f5-9fec14ebb444f5f1fe201087,6,1.6666666666666667e-05,31.916685104370117,34.639280001322426,0.9762089252471924,False,0.0004210601064553489,1.0
4,F5,r5-f5-9fec14ebb444f5f1fe201087,7,1.8e-05,32.41668701171875,34.32176671709333,0.6101940870285034,False,0.00036922043315979587,1.0
4,F5,r5-f5-9fec14ebb444f5f1fe201087,8,1.9333333333333333e-05,32.458351135253906,34.0888397693634,0.571063220500946,False,0.0003861454081194381,1.0
4,F5,r5-f5-9fec14ebb444f5f1fe201087,9,2.0666666666666666e-05,35.22916793823242,34.21554289923774,1.8829481601715088,False,0.0005214752569766069,1.0
4,F5,r5-f5-9fec14ebb444f5f1fe201087,10,2.2e-05,34.833335876464844,34.27732219696045,0.9195337295532227,False,0.00045785524274837046,1.0
4,F5,r5-f5-9fec14ebb444f5f1fe201087,11,2.3333333333333332e-05,32.08335494995117,34.077870629050516,0.45911648869514465,False,0.00043563766531545535,1.0
4,F5,r5-f5-9fec14ebb444f5f1fe201087,12,2.4666666666666665e-05,32.29168701171875,33.929021994272865,0.7357119917869568,False,0.0004322206018747981,1.0
4,F5,r5-f5-9fec14ebb444f5f1fe201087,13,2.6000000000000002e-05,32.583351135253906,33.82550885127141,0.5708819031715393,False,0.0004778620013801172,1.0
4,F5,r5-f5-9fec14ebb444f5f1fe201087,14,2.733333333333333e-05,34.708335876464844,33.88856792449951,1.0379680395126343,False,0.0005150268256261155,1.0
4,F5,r5-f5-9fec14ebb444f5f1fe201087,15,2.8666666666666668e-05,34.833335876464844,33.95155245463054,0.5636483430862427,False,0.00043373140745428074,1.0
4,F5,r5-f5-9fec14ebb444f5f1fe201087,16,2.9999999999999997e-05,37.39719009399414,34.16690480709076,0.5780896544456482,False,0.0004894936026556274,1.0
4,F5,r5-f5-9fec14ebb444f5f1fe201087,17,2.9999999999999997e-05,34.625003814697266,34.25804936885834,0.637534499168396,False,0.000587308453737254,1.0
4,F5,r5-f5-9fec14ebb444f5f1fe201087,18,2.9999872856917585e-05,34.79166793823242,34.27107012271881,0.5389915108680725,False,0.0004897077928453057,1.0
4,F5,r5-f5-9fec14ebb444f5f1fe201087,19,2.999949143090342e-05,34.79166793823242,34.096516251564026,0.6207315325737,False,0.0005661723122139419,1.0
4,F5,r5-f5-9fec14ebb444f5f1fe201087,20,2.9998855731656623e-05,32.333351135253906,33.74228322505951,0.7634785771369934,False,0.0007247754568087154,1.0
4,F5,r5-f5-9fec14ebb444f5f1fe201087,21,2.999796577534217e-05,31.958354949951172,33.70322048664093,0.47680047154426575,False,0.0006700075149366175,1.0
4,F5,r5-f5-9fec14ebb444f5f1fe201087,22,2.99968215845904e-05,32.875022888183594,33.76311659812927,0.6302922368049622,False,0.0007862101326999462,1.0
4,F5,r5-f5-9fec14ebb444f5f1fe201087,23,2.9995423188496514e-05,32.25001907348633,33.752699851989746,0.9025859832763672,False,0.0009443397710132241,1.0
4,F5,r5-f5-9fec14ebb444f5f1fe201087,24,2.9993770622619783e-05,34.750003814697266,33.895928144454956,0.5249210000038147,False,0.0009577142479735114,1.0
4,F5,r5-f5-9fec14ebb444f5f1fe201087,25,2.9991863928982672e-05,37.31358337402344,34.026204109191895,2.231656312942505,False,0.0011741551021282018,1.0
4,F5,r5-f5-9fec14ebb444f5f1fe201087,26,2.998970315606976e-05,37.522029876708984,34.19424748420715,3.594876289367676,False,0.001362083141699706,1.0
4,F5,r5-f5-9fec14ebb444f5f1fe201087,27,2.998728835882651e-05,32.666683197021484,34.23070549964905,1.5174567699432373,False,0.001199015884150262,1.0
4,F5,r5-f5-9fec14ebb444f5f1fe201087,28,2.9984619598657892e-05,32.708351135253906,34.256747007369995,1.7637746334075928,False,0.0009831565847757094,1.0
4,F5,r5-f5-9fec14ebb444f5f1fe201087,29,2.9981696943426767e-05,32.58335876464844,34.25674748420715,0.8208969831466675,False,0.0007888046457519345,1.0
4,F5,r5-f5-9fec14ebb444f5f1fe201087,30,2.997852046745222e-05,32.750022888183594,34.134352922439575,0.4825686514377594,False,0.0007745681428960895,1.0
4,F5,r5-f5-9fec14ebb444f5f1fe201087,31,2.9975090251507633e-05,32.62501907348633,33.99633312225342,0.48393121361732483,False,0.0008221944911712272,1.0
4,F5,r5-f5-9fec14ebb444f5f1fe201087,32,2.9971406382818667e-05,32.541690826416016,33.692864418029785,1.5814311504364014,False,0.0010574983308917216,1.0
4,F5,r5-f5-9fec14ebb444f5f1fe201087,33,2.9967468955060995e-05,31.70835304260254,33.510573744773865,0.35822418332099915,False,0.0009371724517200632,1.0
4,F5,r5-f5-9fec14ebb444f5f1fe201087,34,2.996327806835797e-05,32.541690826416016,33.36995017528534,0.8786922693252563,False,0.001067127369536038,1.0
4,F5,r5-f5-9fec14ebb444f5f1fe201087,35,2.9958833829278017e-05,32.58335876464844,33.23193085193634,0.9816685914993286,False,0.0008958330679853562,1.0
4,F5,r5-f5-9fec14ebb444f5f1fe201087,36,2.995413635083201e-05,34.583335876464844,33.372554898262024,0.559207022190094,False,0.0008938836959752736,1.0
4,F5,r5-f5-9fec14ebb444f5f1fe201087,37,2.9949185752470325e-05,32.291690826416016,33.39338839054108,0.3936863839626312,False,0.0008346532847012062,1.0
4,F5,r5-f5-9fec14ebb444f5f1fe201087,38,2.9943982160079822e-05,34.79166793823242,33.51317870616913,0.8809210658073425,False,0.0009721287436903945,1.0
4,F5,r5-f5-9fec14ebb444f5f1fe201087,39,2.993852570598065e-05,32.83335876464844,33.54963743686676,0.3876553475856781,False,0.0008856235553584459,1.0
4,F5,r5-f5-9fec14ebb444f5f1fe201087,40,2.9932816528922903e-05,31.833356857299805,33.36734700202942,0.48131993412971497,False,0.0008255434296940799,1.0
4,F5,r5-f5-9fec14ebb444f5f1fe201087,41,2.992685477408305e-05,32.29168701171875,33.053478479385376,0.7849435806274414,False,0.0009928491513816978,1.0
4,F5,r5-f5-9fec14ebb444f5f1fe201087,42,2.9920640593060258e-05,37.45939254760742,33.04956364631653,0.637915313243866,False,0.0008440559824317198,1.0
4,F5,r5-f5-9fec14ebb444f5f1fe201087,43,2.9914174143872566e-05,32.54168701171875,33.04175138473511,0.47498905658721924,False,0.0008468357640383434,1.0
4,F5,r5-f5-9fec14ebb444f5f1fe201087,44,2.9907455590952825e-05,32.25001907348633,33.013105630874634,0.7458318471908569,False,0.0007051332040659748,1.0
4,F5,r5-f5-9fec14ebb444f5f1fe201087,45,2.990048510514454e-05,35.187503814697266,33.175864696502686,0.5118602514266968,False,0.000726172996148849,1.0
4,F5,r5-f5-9fec14ebb444f5f1fe201087,46,2.9893262863697524e-05,32.75002670288086,33.175864934921265,0.6404556035995483,False,0.0007658889540289578,1.0
4,F5,r5-f5-9fec14ebb444f5f1fe201087,47,2.9885789050263383e-05,32.08335494995117,33.14201092720032,0.59260493516922,False,0.0007849541155301237,1.0
4,F5,r5-f5-9fec14ebb444f5f1fe201087,48,2.987806385489085e-05,34.958335876464844,33.29305124282837,0.4455532729625702,False,0.0008530371902401081,1.0
4,F5,r5-f5-9fec14ebb444f5f1fe201087,49,2.9870087474020964e-05,35.16666793823242,33.50919592380524,0.7869739532470703,False,0.0007435493824971343,1.0
4,F5,r5-f5-9fec14ebb444f5f1fe201087,50,2.9861860110482048e-05,37.75108337402344,33.8347829580307,0.6969156265258789,False,0.0007113557036468073,1.0
4,F5,r5-f5-9fec14ebb444f5f1fe201087,51,2.9853381973484574e-05,37.93834686279297,34.169469714164734,0.3693011999130249,False,0.0005955060419876089,1.0
4,F5,r5-f5-9fec14ebb444f5f1fe201087,52,2.9844653278615835e-05,34.41667175292969,34.15905320644379,0.7031806111335754,False,0.0006839420804959479,1.0
4,F5,r5-f5-9fec14ebb444f5f1fe201087,53,2.9835674247834466e-05,31.958356857299805,34.13821983337402,1.0406835079193115,False,0.0005275981666317916,1.0
4,F5,r5-f5-9fec14ebb444f5f1fe201087,54,2.9826445109464805e-05,37.1055793762207,34.28283929824829,0.7244886159896851,False,0.0005446818770859015,1.0
4,F5,r5-f5-9fec14ebb444f5f1fe201087,55,2.9816966098191057e-05,37.58453369140625,34.579787731170654,0.5585394501686096,False,0.0006063254456871905,1.0
4,F5,r5-f5-9fec14ebb444f5f1fe201087,56,2.9807237455051384e-05,32.916690826416016,34.64749610424042,1.1947927474975586,False,0.0005762405429419831,1.0
4,F5,r5-f5-9fec14ebb444f5f1fe201087,57,2.9797259427431705e-05,34.91666793823242,34.81155741214752,0.36474594473838806,False,0.0005897438852540515,1.0
4,F5,r5-f5-9fec14ebb444f5f1fe201087,58,2.978703226905946e-05,38.04253005981445,34.84800350666046,1.2400109767913818,False,0.000667174245412031,1.0
4,F5,r5-f5-9fec14ebb444f5f1fe201087,59,2.9776556239997145e-05,33.16668701171875,34.88706600666046,0.9986969828605652,False,0.0007941501538556325,1.0
4,F5,r5-f5-9fec14ebb444f5f1fe201087,60,2.9765831606635676e-05,32.416690826416016,34.89748299121857,0.965162456035614,False,0.000666708790752276,1.0
4,F5,r5-f5-9fec14ebb444f5f1fe201087,61,2.975485864168765e-05,37.83460235595703,35.0629266500473,0.7807271480560303,False,0.0007159123575908778,1.0
4,F5,r5-f5-9fec14ebb444f5f1fe201087,62,2.974363762418038e-05,34.750003814697266,35.18792521953583,1.014045238494873,False,0.0008612706043484319,1.0
4,F5,r5-f5-9fec14ebb444f5f1fe201087,63,2.973216883944881e-05,32.583351135253906,35.21917498111725,6.81123685836792,False,0.001283227658825947,1.0
4,F5,r5-f5-9fec14ebb444f5f1fe201087,64,2.972045257912828e-05,37.91753387451172,35.40412485599518,1.0352028608322144,False,0.0012461373730690481,1.0
4,F5,r5-f5-9fec14ebb444f5f1fe201087,65,2.9708489141147082e-05,32.41668701171875,35.232251048088074,6.279201030731201,False,0.0015294958052023194,1.0
4,F5,r5-f5-9fec14ebb444f5f1fe201087,66,2.9696278829718878e-05,32.500022888183594,34.90405976772308,1.8223283290863037,False,0.0015930974682072687,1.0
4,F5,r5-f5-9fec14ebb444f5f1fe201087,67,2.9683821955335006e-05,34.500003814697266,34.6891633272171,0.5304464101791382,False,0.0015183726351121656,1.0
4,F5,r5-f5-9fec14ebb444f5f1fe201087,68,2.9671118834756543e-05,34.750003814697266,34.709996581077576,0.739872395992279,False,0.0014448702292640602,1.0
4,F5,r5-f5-9fec14ebb444f5f1fe201087,69,2.9658169791006273e-05,37.56364822387695,35.06032729148865,1.1641530990600586,False,0.0014418494975295714,1.0
4,F5,r5-f5-9fec14ebb444f5f1fe201087,70,2.964497515336046e-05,32.29169464111328,34.759459495544434,1.0581482648849487,False,0.001145996820332087,1.0
4,F5,r5-f5-9fec14ebb444f5f1fe201087,71,2.9631535257340486e-05,31.916685104370117,34.405218958854675,2.2931764125823975,False,0.0013632214174056365,1.0
4,F5,r5-f5-9fec14ebb444f5f1fe201087,72,2.9617850444704315e-05,34.54166793823242,34.5067800283432,0.706313967704773,False,0.0011576975165181638,1.0
4,F5,r5-f5-9fec14ebb444f5f1fe201087,73,2.9603921063437794e-05,34.79167175292969,34.49896776676178,0.9759306907653809,False,0.0009552756712630732,1.0
4,F5,r5-f5-9fec14ebb444f5f1fe201087,74,2.9589747467745818e-05,37.58433151245117,34.470330357551575,1.643069863319397,False,0.0010776510511874063,1.0
4,F5,r5-f5-9fec14ebb444f5f1fe201087,75,2.9575330018043316e-05,37.56357955932617,34.74513614177704,0.673966109752655,False,0.001035057679477077,1.0
4,F5,r5-f5-9fec14ebb444f5f1fe201087,76,2.9560669080946092e-05,34.875003814697266,34.89878070354462,0.71586674451828,False,0.0009924205501176237,1.0
4,F5,r5-f5-9fec14ebb444f5f1fe201087,77,2.9545765029261487e-05,32.62501907348633,34.5731817483902,1.6718533039093018,False,0.0011346631056885247,1.0
4,F5,r5-f5-9fec14ebb444f5f1fe201087,78,2.9530618241978923e-05,32.66668701171875,34.44297444820404,0.7019476294517517,False,0.0011564830164242695,1.0
4,F5,r5-f5-9fec14ebb444f5f1fe201087,79,2.9515229104260233e-05,37.93845748901367,34.777668595314026,1.7586349248886108,False,0.0009846797142040655,1.0
4,F5,r5-f5-9fec14ebb444f5f1fe201087,80,2.9499598007429908e-05,34.500003814697266,34.56407296657562,2.6401383876800537,False,0.00110511594043056,1.0
4,F5,r5-f5-9fec14ebb444f5f1fe201087,81,2.948372534896511e-05,34.625003814697266,34.70209276676178,1.7853260040283203,False,0.0012839423999945953,1.0
4,F5,r5-f5-9fec14ebb444f5f1fe201087,82,2.9467611532485588e-05,32.33335494995117,34.69167602062225,0.4278949201107025,False,0.0012383854534833393,1.0
4,F5,r5-f5-9fec14ebb444f5f1fe201087,83,2.945125696774339e-05,32.16668701171875,34.545843720436096,2.8707892894744873,False,0.001559210516814955,1.0
4,F5,r5-f5-9fec14ebb444f5f1fe201087,84,2.9434662070612482e-05,31.833354949951172,34.363553166389465,2.6156399250030518,False,0.0017453083147013024,1.0
4,F5,r5-f5-9fec14ebb444f5f1fe201087,85,2.9417827263078142e-05,37.60498046875,34.36613643169403,0.30554771423339844,False,0.0016032955931841867,1.0
4,F5,r5-f5-9fec14ebb444f5f1fe201087,86,2.940075297322622e-05,37.4594612121582,34.68912184238434,1.3032411336898804,False,0.0016757312040147937,1.0
4,F5,r5-f5-9fec14ebb444f5f1fe201087,87,2.938343963523229e-05,34.500003814697266,34.850579261779785,1.4643771648406982,False,0.0017126204036667777,1.0
4,F5,r5-f5-9fec14ebb444f5f1fe201087,88,2.9365887689350595e-05,32.3333625793457,34.712560176849365,3.0556890964508057,False,0.0018018857299807913,1.0
4,F5,r5-f5-9fec14ebb444f5f1fe201087,89,2.9348097581902822e-05,32.25001907348633,34.553706884384155,1.3184070587158203,False,0.0017165995477160928,1.0
4,F5,r5-f5-9fec14ebb444f5f1fe201087,90,2.933006976526679e-05,32.70835876464844,34.248958587646484,1.3439500331878662,False,0.0016371260643809615,1.0
4,F5,r5-f5-9fec14ebb444f5f1fe201087,91,2.9311804697864947e-05,31.79168701171875,33.88821530342102,1.0080626010894775,False,0.0015882472737397857,1.0
4,F5,r5-f5-9fec14ebb444f5f1fe201087,92,2.9293302844152674e-05,32.416683197021484,33.734570264816284,1.5466526746749878,False,0.0015070211433925202,1.0
4,F5,r5-f5-9fec14ebb444f5f1fe201087,93,2.9274564674606523e-05,34.208335876464844,33.83352756500244,1.6704821586608887,False,0.0016567259866633673,1.0
4,F5,r5-f5-9fec14ebb444f5f1fe201087,94,2.9255590665712213e-05,32.70835876464844,33.83613204956055,1.1084803342819214,False,0.0014355488338338043,1.0
4,F5,r5-f5-9fec14ebb444f5f1fe201087,95,2.923638129995254e-05,37.085052490234375,33.78279423713684,1.431958556175232,False,0.0015300002796887482,1.0
4,F5,r5-f5-9fec14ebb444f5f1fe201087,96,2.9216937065795103e-05,34.54166793823242,33.78539824485779,0.7683581709861755,False,0.0015057345669864538,1.0
4,F5,r5-f5-9fec14ebb444f5f1fe201087,97,2.919725845767987e-05,37.31379318237305,33.953447580337524,1.1102206707000732,False,0.0011936811634540303,1.0
4,F5,r5-f5-9fec14ebb444f5f1fe201087,98,2.9177345976006628e-05,32.29169464111328,33.950843811035156,0.8652561902999878,False,0.0011387000360198447,1.0
4,F5,r5-f5-9fec14ebb444f5f1fe201087,99,2.9157200127122236e-05,31.791683197021484,33.92740607261658,1.1022597551345825,False,0.0011316226024235911,1.0
4,F5,r5-f5-9fec14ebb444f5f1fe201087,100,2.913682142330775e-05,32.70835876464844,33.982093811035156,1.4940309524536133,False,0.0010630605649984283,1.0
4,F5,r5-f5-9fec14ebb444f5f1fe201087,101,2.911621038276542e-05,32.29169464111328,33.65001344680786,1.584260106086731,False,0.0010525302872953588,1.0
4,F5,r5-f5-9fec14ebb444f5f1fe201087,102,2.909536752960549e-05,33.91667175292969,33.42858910560608,1.4787907600402832,False,0.0007940338907352361,1.0
4,F5,r5-f5-9fec14ebb444f5f1fe201087,103,2.9074293393832876e-05,36.9809455871582,33.58364796638489,4.326382160186768,False,0.0007503418089144755,1.0
4,F5,r5-f5-9fec14ebb444f5f1fe201087,104,2.90529885113337e-05,32.58335876464844,33.59927272796631,20.676179885864258,True,0.0014957393252959354,1.0
4,F5,r5-f5-9fec14ebb444f5f1fe201087,105,2.9031453423861642e-05,36.87645721435547,33.88842511177063,0.884761393070221,False,0.0013702878425072814,1.0
4,F5,r5-f5-9fec14ebb444f5f1fe201087,106,2.9009688679024187e-05,33.625003814697266,33.94571542739868,0.9922216534614563,False,0.001297208563319035,1.0
4,F5,r5-f5-9fec14ebb444f5f1fe201087,107,2.8987694830268685e-05,32.041683197021484,33.9613401889801,0.8200460076332092,False,0.0012337906544330859,1.0
4,F5,r5-f5-9fec14ebb444f5f1fe201087,108,2.8965472436868284e-05,32.125030517578125,33.94311189651489,1.8859968185424805,False,0.00124400495773431,1.0
4,F5,r5-f5-9fec14ebb444f5f1fe201087,109,2.894302206390769e-05,33.625003814697266,33.90665364265442,4.965742588043213,False,0.0011104177020674637,1.0
4,F5,r5-f5-9fec14ebb444f5f1fe201087,110,2.8920344282268846e-05,33.54167175292969,33.958735704422,1.0906404256820679,False,0.0009908692151048973,1.0
4,F5,r5-f5-9fec14ebb444f5f1fe201087,111,2.8897439668616345e-05,34.333335876464844,33.7867534160614,1.1358098983764648,False,0.000900030077778087,1.0
4,F5,r5-f5-9fec14ebb444f5f1fe201087,112,2.8874308805382837e-05,32.45835876464844,33.6565465927124,1.2794203758239746,False,0.0008588207699217604,1.0
4,F5,r5-f5-9fec14ebb444f5f1fe201087,113,2.8850952280754167e-05,32.70835876464844,33.368706941604614,0.761620283126831,False,0.0007430824060546964,1.0
4,F5,r5-f5-9fec14ebb444f5f1fe201087,114,2.8827370688654434e-05,31.708351135253906,33.3322479724884,1.672478437423706,False,0.0008041212612451807,1.0
4,F5,r5-f5-9fec14ebb444f5f1fe201087,115,2.880356462873091e-05,34.333335876464844,33.49110126495361,1.657679796218872,False,0.0007486377318429026,1.0
4,F5,r5-f5-9fec14ebb444f5f1fe201087,116,2.8779534706338766e-05,33.875003814697266,33.564016580581665,0.9122058749198914,False,0.000708904094626465,1.0
4,F5,r5-f5-9fec14ebb444f5f1fe201087,117,2.875528153252567e-05,32.16669464111328,33.556204080581665,1.7693949937820435,False,0.0007335047851702297,1.0
4,F5,r5-f5-9fec14ebb444f5f1fe201087,118,2.8730805724016292e-05,32.29169464111328,33.45464301109314,2.0231919288635254,False,0.0008492888632535479,1.0
4,F5,r5-f5-9fec14ebb444f5f1fe201087,119,2.8706107903196563e-05,36.31396484375,33.41295671463013,1.0446758270263672,False,0.0007358039493037873,1.0
4,F5,r5-f5-9fec14ebb444f5f1fe201087,120,2.868118869809791e-05,32.04169464111328,33.37910270690918,0.8316521048545837,False,0.0007468911343586004,1.0
4,F5,r5-f5-9fec14ebb444f5f1fe201087,121,2.8656048742381237e-05,37.064151763916016,33.390833616256714,3.199620485305786,False,0.0009251521119768139,1.0
4,F5,r5-f5-9fec14ebb444f5f1fe201087,122,2.863068867532084e-05,34.04167175292969,33.41687536239624,1.1299231052398682,False,0.0007571647866865898,1.0
4,F5,r5-f5-9fec14ebb444f5f1fe201087,123,2.8605109141788138e-05,34.54166793823242,33.573124408721924,1.1652737855911255,False,0.0006484537400479263,1.0
4,F5,r5-f5-9fec14ebb444f5f1fe201087,124,2.857931079223527e-05,36.33494186401367,33.836243867874146,1.5234801769256592,False,0.0006464092279453517,1.0
4,F5,r5-f5-9fec14ebb444f5f1fe201087,125,2.8553294282678578e-05,36.855342864990234,34.038140058517456,0.9296468496322632,False,0.0006432361027737819,1.0
4,F5,r5-f5-9fec14ebb444f5f1fe201087,126,2.8527060274681913e-05,32.00002670288086,33.941787242889404,0.9036093950271606,False,0.0006080081502695587,1.0
4,F5,r5-f5-9fec14ebb444f5f1fe201087,127,2.8500609435339794e-05,31.25002098083496,33.74908006191254,2.0160160064697266,False,0.0005400506837698523,1.0
4,F5,r5-f5-9fec14ebb444f5f1fe201087,128,2.847394243726047e-05,32.00002670288086,33.72043430805206,1.1109358072280884,False,0.0005218251344636031,1.0
5,F5,r5-f5-56ef217cc7251269d003b5c8,1,1e-05,33.35418701171875,33.35418701171875,2.476785182952881,False,0.0003622393131710942,1.0
5,F5,r5-f5-56ef217cc7251269d003b5c8,2,1.1333333333333334e-05,33.62503433227539,33.48961067199707,1.8023895025253296,False,0.000521429049984725,1.0
5,F5,r5-f5-56ef217cc7251269d003b5c8,3,1.2666666666666667e-05,40.85418701171875,35.9444694519043,1.7453961372375488,False,0.0004918689428242527,1.0
5,F5,r5-f5-56ef217cc7251269d003b5c8,4,1.4000000000000001e-05,41.000022888183594,37.20835781097412,1.2001965045928955,False,0.00041447409541709384,1.0
5,F5,r5-f5-56ef217cc7251269d003b5c8,5,1.5333333333333334e-05,38.0854377746582,37.38377380371094,1.110175371170044,False,0.00044715309581138594,1.0
5,F5,r5-f5-56ef217cc7251269d003b5c8,6,1.6666666666666667e-05,33.812530517578125,36.78856658935547,3.2938969135284424,False,0.0005866925739611518,1.0
5,F5,r5-f5-56ef217cc7251269d003b5c8,7,1.8e-05,37.981361389160156,36.95896584647043,0.9401848912239075,False,0.0005087532359684723,1.0
5,F5,r5-f5-56ef217cc7251269d003b5c8,8,1.9333333333333333e-05,38.37702178955078,37.13622283935547,0.861487865447998,False,0.00048370781112810766,1.0
5,F5,r5-f5-56ef217cc7251269d003b5c8,9,2.0666666666666666e-05,41.104183197021484,37.57710732354058,0.5878908634185791,False,0.0005456182900060309,1.0
5,F5,r5-f5-56ef217cc7251269d003b5c8,10,2.2e-05,33.35418701171875,37.1548152923584,1.3932435512542725,False,0.0005805261865901167,1.0
5,F5,r5-f5-56ef217cc7251269d003b5c8,11,2.3333333333333332e-05,38.1479377746582,37.245099154385656,0.8761429190635681,False,0.0007206580248946587,1.0
5,F5,r5-f5-56ef217cc7251269d003b5c8,12,2.4666666666666665e-05,41.208351135253906,37.57537015279134,1.8974977731704712,False,0.0008492955516238635,1.0
5,F5,r5-f5-56ef217cc7251269d003b5c8,13,2.6000000000000002e-05,33.583370208740234,37.26829323401818,1.2962279319763184,False,0.0009596869269285886,1.0
5,F5,r5-f5-56ef217cc7251269d003b5c8,14,2.733333333333333e-05,34.14585876464844,37.04526220049177,1.251785159111023,False,0.0009085663694669292,1.0
5,F5,r5-f5-56ef217cc7251269d003b5c8,15,2.8666666666666668e-05,33.64586639404297,36.81863581339518,1.4028815031051636,False,0.0008664274240081161,1.0
5,F5,r5-f5-56ef217cc7251269d003b5c8,16,2.9999999999999997e-05,41.29168701171875,37.098201513290405,2.022921085357666,False,0.0008375558802406374,1.0
5,F5,r5-f5-56ef217cc7251269d003b5c8,17,2.9999999999999997e-05,33.81251907348633,37.12684726715088,1.1398165225982666,False,0.0008778506562155063,1.0
5,F5,r5-f5-56ef217cc7251269d003b5c8,18,2.9999872856917585e-05,33.60420227050781,37.125545263290405,1.7766510248184204,False,0.0010134258505746017,1.0
5,F5,r5-f5-56ef217cc7251269d003b5c8,19,2.999949143090342e-05,34.0833625793457,36.70236873626709,1.8721448183059692,False,0.0006799149503300091,1.0
5,F5,r5-f5-56ef217cc7251269d003b5c8,20,2.9998855731656623e-05,33.562522888183594,36.23752498626709,1.2095588445663452,False,0.0007133808328129971,1.0
5,F5,r5-f5-56ef217cc7251269d003b5c8,21,2.999796577534217e-05,37.77350616455078,36.218029260635376,2.1769790649414062,False,0.000872983451688643,1.0
5,F5,r5-f5-56ef217cc7251269d003b5c8,22,2.99968215845904e-05,33.95835876464844,36.22714352607727,0.768190860748291,False,0.0008722293739297388,1.0
5,F5,r5-f5-56ef217cc7251269d003b5c8,23,2.9995423188496514e-05,33.812538146972656,35.96659207344055,0.9438929557800293,False,0.0009611629074042799,1.0
5,F5,r5-f5-56ef217cc7251269d003b5c8,24,2.9993770622619783e-05,38.606101989746094,35.98090958595276,1.0205341577529907,False,0.0009607048720813934,1.0
5,F5,r5-f5-56ef217cc7251269d003b5c8,25,2.9991863928982672e-05,33.812522888183594,35.52518081665039,2.4820241928100586,False,0.0010076134203634256,1.0
5,F5,r5-f5-56ef217cc7251269d003b5c8,26,2.998970315606976e-05,33.58335494995117,35.53950381278992,2.0400426387786865,False,0.001049631722830206,1.0
5,F5,r5-f5-56ef217cc7251269d003b5c8,27,2.998728835882651e-05,41.458351135253906,35.74640464782715,1.0756590366363525,False,0.0010832120342145213,1.0
5,F5,r5-f5-56ef217cc7251269d003b5c8,28,2.9984619598657892e-05,33.79169845581055,35.28286385536194,1.2454220056533813,False,0.001126801742471332,1.0
5,F5,r5-f5-56ef217cc7251269d003b5c8,29,2.9981696943426767e-05,33.687522888183594,35.28937339782715,2.3924777507781982,False,0.0011657565518014925,1.0
5,F5,r5-f5-56ef217cc7251269d003b5c8,30,2.997852046745222e-05,38.543601989746094,35.56423234939575,2.874577045440674,False,0.0013275628826727873,1.0
5,F5,r5-f5-56ef217cc7251269d003b5c8,31,2.9975090251507633e-05,38.543731689453125,35.87034893035889,1.2216235399246216,False,0.0012255372798817123,1.0
5,F5,r5-f5-56ef217cc7251269d003b5c8,32,2.9971406382818667e-05,41.208351135253906,35.865140438079834,1.8168240785598755,False,0.0010629004376250394,1.0
5,F5,r5-f5-56ef217cc7251269d003b5c8,33,2.9967468955060995e-05,40.58335494995117,36.28831768035889,1.1480777263641357,False,0.0011126944683781627,1.0
5,F5,r5-f5-56ef217cc7251269d003b5c8,34,2.996327806835797e-05,41.000022888183594,36.75055646896362,1.1083670854568481,False,0.0010045949572064633,1.0
5,F5,r5-f5-56ef217cc7251269d003b5c8,35,2.9958833829278017e-05,38.377418518066406,37.01893496513367,3.8312418460845947,False,0.0007451210795364604,1.0
5,F5,r5-f5-56ef217cc7251269d003b5c8,36,2.995413635083201e-05,40.89585494995117,37.47726821899414,0.7565457224845886,False,0.0007421658585288353,1.0
5,F5,r5-f5-56ef217cc7251269d003b5c8,37,2.9949185752470325e-05,33.95836639404297,37.2388219833374,1.0196911096572876,False,0.0008159908016645838,1.0
5,F5,r5-f5-56ef217cc7251269d003b5c8,38,2.9943982160079822e-05,34.1458625793457,37.25054097175598,1.4913139343261719,False,0.0008737463630535795,1.0
5,F5,r5-f5-56ef217cc7251269d003b5c8,39,2.993852570598065e-05,38.77248001098633,37.560537338256836,1.5422642230987549,False,0.0008028814330420771,1.0
5,F5,r5-f5-56ef217cc7251269d003b5c8,40,2.9932816528922903e-05,41.35418701171875,37.73229265213013,0.8870511054992676,False,0.0008278066138771615,1.0
5,F5,r5-f5-56ef217cc7251269d003b5c8,41,2.992685477408305e-05,34.0208625793457,37.74531388282776,1.2937397956848145,False,0.0009509168685754215,1.0
5,F5,r5-f5-56ef217cc7251269d003b5c8,42,2.9920640593060258e-05,33.72918701171875,37.75442838668823,2.750032663345337,False,0.000775486642113271,1.0
5,F5,r5-f5-56ef217cc7251269d003b5c8,43,2.9914174143872566e-05,41.56251525878906,37.76093864440918,1.5424224138259888,False,0.000874646749444923,1.0
5,F5,r5-f5-56ef217cc7251269d003b5c8,44,2.9907455590952825e-05,33.93753433227539,37.77005338668823,0.9291083216667175,False,0.0008436570308705712,1.0
5,F5,r5-f5-56ef217cc7251269d003b5c8,45,2.990048510514454e-05,38.16886901855469,38.050137519836426,11.421050071716309,True,0.0011078735155115374,1.0
5,F5,r5-f5-56ef217cc7251269d003b5c8,46,2.9893262863697524e-05,38.293861389160156,38.034528732299805,1.6609303951263428,False,0.0009942843066507634,1.0
5,F5,r5-f5-56ef217cc7251269d003b5c8,47,2.9885789050263383e-05,34.16669845581055,37.760964155197144,2.374804735183716,False,0.0009939563196764013,1.0
5,F5,r5-f5-56ef217cc7251269d003b5c8,48,2.987806385489085e-05,34.47919845581055,37.340392112731934,1.4631612300872803,False,0.0009496969773266383,1.0
5,F5,r5-f5-56ef217cc7251269d003b5c8,49,2.9870087474020964e-05,33.562522888183594,36.90159010887146,1.8681318759918213,False,0.0009594419729377781,1.0
5,F5,r5-f5-56ef217cc7251269d003b5c8,50,2.9861860110482048e-05,33.833351135253906,36.453673124313354,1.7748851776123047,False,0.0010728711003723463,1.0
5,F5,r5-f5-56ef217cc7251269d003b5c8,51,2.9853381973484574e-05,40.97918701171875,36.616283655166626,1.5820040702819824,False,0.0008461820055278272,1.0
5,F5,r5-f5-56ef217cc7251269d003b5c8,52,2.9844653278615835e-05,34.35419464111328,36.20742988586426,0.9279842376708984,False,0.0007108554475897556,1.0
5,F5,r5-f5-56ef217cc7251269d003b5c8,53,2.9835674247834466e-05,40.895851135253906,36.64102268218994,1.5258052349090576,False,0.0007369729731222954,1.0
5,F5,r5-f5-56ef217cc7251269d003b5c8,54,2.9826445109464805e-05,38.85588455200195,36.93539905548096,1.7667841911315918,False,0.0008195943107533058,1.0
5,F5,r5-f5-56ef217cc7251269d003b5c8,55,2.9816966098191057e-05,33.750022888183594,36.621495485305786,1.5410040616989136,False,0.0009537127550076086,1.0
5,F5,r5-f5-56ef217cc7251269d003b5c8,56,2.9807237455051384e-05,41.083351135253906,36.60456824302673,0.9852241277694702,False,0.0007693806631147999,1.0
5,F5,r5-f5-56ef217cc7251269d003b5c8,57,2.9797259427431705e-05,38.251583099365234,36.868988275527954,4.123097896575928,False,0.0007998052672746015,1.0
5,F5,r5-f5-56ef217cc7251269d003b5c8,58,2.978703226905946e-05,34.29169845581055,36.90414524078369,3.3918111324310303,False,0.0008801277063451126,1.0
5,F5,r5-f5-56ef217cc7251269d003b5c8,59,2.9776556239997145e-05,38.23078155517578,36.69591188430786,1.4183133840560913,False,0.0008108224974316686,1.0
5,F5,r5-f5-56ef217cc7251269d003b5c8,60,2.9765831606635676e-05,33.52085494995117,36.6698694229126,0.7179304361343384,False,0.0006457228480366081,1.0
5,F5,r5-f5-56ef217cc7251269d003b5c8,61,2.975485864168765e-05,33.812522888183594,36.397597789764404,0.7261886596679688,False,0.0005776686292402563,1.0
5,F5,r5-f5-56ef217cc7251269d003b5c8,62,2.974363762418038e-05,41.37501525878906,36.59016990661621,1.8844331502914429,False,0.0005302402169622483,1.0
5,F5,r5-f5-56ef217cc7251269d003b5c8,63,2.973216883944881e-05,38.105995178222656,36.83637595176697,1.4112814664840698,False,0.000471701969274796,1.0
5,F5,r5-f5-56ef217cc7251269d003b5c8,64,2.972045257912828e-05,33.60418701171875,36.78168773651123,0.4904221296310425,False,0.0004285471699262522,1.0
5,F5,r5-f5-56ef217cc7251269d003b5c8,65,2.9708489141147082e-05,34.06253433227539,36.81293845176697,1.9847230911254883,False,0.000480751582082473,1.0
5,F5,r5-f5-56ef217cc7251269d003b5c8,66,2.9696278829718878e-05,34.2083625793457,36.836376667022705,1.9101221561431885,False,0.0004941211961694783,1.0
5,F5,r5-f5-56ef217cc7251269d003b5c8,67,2.9683821955335006e-05,38.48099136352539,36.68023943901062,0.7145359516143799,False,0.00044893856845874586,1.0
5,F5,r5-f5-56ef217cc7251269d003b5c8,68,2.9671118834756543e-05,41.229183197021484,37.10992622375488,0.9676623344421387,False,0.0004448043009306481,1.0
5,F5,r5-f5-56ef217cc7251269d003b5c8,69,2.9658169791006273e-05,33.750022888183594,36.66331195831299,1.9699146747589111,False,0.0005367291496494352,1.0
5,F5,r5-f5-56ef217cc7251269d003b5c8,70,2.964497515336046e-05,41.43751525878906,36.82466387748718,0.5672273635864258,False,0.0005185598482455059,1.0
5,F5,r5-f5-56ef217cc7251269d003b5c8,71,2.9631535257340486e-05,38.77268981933594,37.138580560684204,1.4703104496002197,False,0.0004975966452451824,1.0
5,F5,r5-f5-56ef217cc7251269d003b5c8,72,2.9617850444704315e-05,41.208351135253906,37.146393060684204,1.0538331270217896,False,0.00048743961951569644,1.0
5,F5,r5-f5-56ef217cc7251269d003b5c8,73,2.9603921063437794e-05,38.0853157043457,37.13600134849548,4.521124839782715,False,0.0008760844927546601,1.0
5,F5,r5-f5-56ef217cc7251269d003b5c8,74,2.9589747467745818e-05,33.72918701171875,37.100844383239746,1.5563080310821533,False,0.0008333323986871818,1.0
5,F5,r5-f5-56ef217cc7251269d003b5c8,75,2.9575330018043316e-05,33.41668701171875,36.79996347427368,1.2883589267730713,False,0.0008260589096410754,1.0
5,F5,r5-f5-56ef217cc7251269d003b5c8,76,2.9560669080946092e-05,34.041690826416016,36.832515716552734,0.8692792654037476,False,0.000801239868974964,1.0
5,F5,r5-f5-56ef217cc7251269d003b5c8,77,2.9545765029261487e-05,33.93753433227539,36.84032893180847,2.721686363220215,False,0.0009658945905452935,1.0
5,F5,r5-f5-56ef217cc7251269d003b5c8,78,2.9530618241978923e-05,38.00215530395508,36.62952518463135,1.9534605741500854,False,0.0008849827535184068,1.0
5,F5,r5-f5-56ef217cc7251269d003b5c8,79,2.9515229104260233e-05,33.56253433227539,36.345558881759644,3.708732843399048,False,0.0012088697218043956,1.0
5,F5,r5-f5-56ef217cc7251269d003b5c8,80,2.9499598007429908e-05,33.77085494995117,36.35597562789917,2.2313690185546875,False,0.0011643596882706117,1.0
5,F5,r5-f5-56ef217cc7251269d003b5c8,81,2.948372534896511e-05,38.376487731933594,36.62559771537781,0.6559522747993469,False,0.0010926195378112716,1.0
5,F5,r5-f5-56ef217cc7251269d003b5c8,82,2.9467611532485588e-05,38.31439971923828,36.882225036621094,3.2644855976104736,False,0.0012085395645253436,1.0
5,F5,r5-f5-56ef217cc7251269d003b5c8,83,2.945125696774339e-05,40.70835494995117,37.021435260772705,1.4678860902786255,False,0.0010424492538474628,1.0
5,F5,r5-f5-56ef217cc7251269d003b5c8,84,2.9434662070612482e-05,33.416690826416016,36.53315448760986,3.782668113708496,False,0.001048067925647732,1.0
5,F5,r5-f5-56ef217cc7251269d003b5c8,85,2.9417827263078142e-05,33.70836639404297,36.530550956726074,0.9379248023033142,False,0.001022408689177812,1.0
5,F5,r5-f5-56ef217cc7251269d003b5c8,86,2.940075297322622e-05,40.64585494995117,36.481072187423706,0.9488322138786316,False,0.0008769345026300316,1.0
5,F5,r5-f5-56ef217cc7251269d003b5c8,87,2.938343963523229e-05,38.81428909301758,36.48367214202881,1.054282784461975,False,0.0008910921598160119,1.0
5,F5,r5-f5-56ef217cc7251269d003b5c8,88,2.9365887689350595e-05,41.29168701171875,36.48888063430786,1.25709068775177,False,0.000972980332848942,1.0
5,F5,r5-f5-56ef217cc7251269d003b5c8,89,2.9348097581902822e-05,37.58509063720703,36.457616567611694,1.1861572265625,False,0.0010037302109533494,1.0
5,F5,r5-f5-56ef217cc7251269d003b5c8,90,2.933006976526679e-05,34.0833625793457,36.47975254058838,1.1136685609817505,False,0.0010886330888007563,1.0
5,F5,r5-f5-56ef217cc7251269d003b5c8,91,2.9311804697864947e-05,38.18940734863281,36.77804756164551,0.9870156049728394,False,0.0010355066447804819,1.0
5,F5,r5-f5-56ef217cc7251269d003b5c8,92,2.9293302844152674e-05,38.12657928466797,37.033353090286255,1.3222380876541138,False,0.000930010651586581,1.0
5,F5,r5-f5-56ef217cc7251269d003b5c8,93,2.9274564674606523e-05,33.541690826416016,37.008612871170044,1.1420890092849731,False,0.0008073116648177304,1.0
5,F5,r5-f5-56ef217cc7251269d003b5c8,94,2.9255590665712213e-05,33.937522888183594,36.754573345184326,0.9639565348625183,False,0.000710209997648364,1.0
5,F5,r5-f5-56ef217cc7251269d003b5c8,95,2.923638129995254e-05,33.52086639404297,36.7519690990448,1.096528172492981,False,0.0007217433461661769,1.0
5,F5,r5-f5-56ef217cc7251269d003b5c8,96,2.9216937065795103e-05,33.66668701171875,36.74545860290527,0.8185522556304932,False,0.0006860112434787502,1.0
5,F5,r5-f5-56ef217cc7251269d003b5c8,97,2.919725845767987e-05,41.08335494995117,36.91463780403137,0.8320513367652893,False,0.0006326461910738315,1.0
5,F5,r5-f5-56ef217cc7251269d003b5c8,98,2.9177345976006628e-05,33.54170227050781,36.61634421348572,2.3434994220733643,False,0.0006423673153279197,1.0
5,F5,r5-f5-56ef217cc7251269d003b5c8,99,2.9157200127122236e-05,38.522823333740234,36.479748487472534,0.7678272128105164,False,0.0006796208200834569,1.0
5,F5,r5-f5-56ef217cc7251269d003b5c8,100,2.913682142330775e-05,40.812522888183594,36.94198799133301,1.0101609230041504,False,0.0006818186151690911,1.0
5,F5,r5-f5-56ef217cc7251269d003b5c8,101,2.911621038276542e-05,38.14769744873047,37.21944618225098,1.4406129121780396,False,0.0006382850639108924,1.0
5,F5,r5-f5-56ef217cc7251269d003b5c8,102,2.909536752960549e-05,34.14585494995117,36.81319618225098,1.8995468616485596,False,0.0008249946927175928,1.0
5,F5,r5-f5-56ef217cc7251269d003b5c8,103,2.9074293393832876e-05,33.83335494995117,36.501887798309326,2.033709764480591,False,0.0008893894352838113,1.0
5,F5,r5-f5-56ef217cc7251269d003b5c8,104,2.90529885113337e-05,41.06251907348633,36.4875648021698,1.5106652975082397,False,0.0008280300114543589,1.0
5,F5,r5-f5-56ef217cc7251269d003b5c8,105,2.9031453423861642e-05,33.70835494995117,36.24526882171631,2.071080207824707,False,0.0009544164352896596,1.0
5,F5,r5-f5-56ef217cc7251269d003b5c8,106,2.9009688679024187e-05,34.062530517578125,36.243966817855835,4.338452339172363,False,0.001241138532910086,1.0
5,F5,r5-f5-56ef217cc7251269d003b5c8,107,2.8987694830268685e-05,34.000022888183594,35.98213028907776,2.6432254314422607,False,0.001455103129598453,1.0
5,F5,r5-f5-56ef217cc7251269d003b5c8,108,2.8965472436868284e-05,33.95835494995117,35.72161626815796,1.1030853986740112,False,0.0013444323529594494,1.0
5,F5,r5-f5-56ef217cc7251269d003b5c8,109,2.894302206390769e-05,37.93952178955078,35.99648070335388,1.8898688554763794,False,0.0013542547332991608,1.0
5,F5,r5-f5-56ef217cc7251269d003b5c8,110,2.8920344282268846e-05,33.95835494995117,35.997782707214355,2.192168712615967,False,0.0015487917826478223,1.0
5,F5,r5-f5-56ef217cc7251269d003b5c8,111,2.8897439668616345e-05,38.106231689453125,36.28436803817749,5.673003196716309,False,0.002011129718806837,1.0
5,F5,r5-f5-56ef217cc7251269d003b5c8,112,2.8874308805382837e-05,41.541683197021484,36.77655529975891,2.3396363258361816,False,0.0020339225390086954,1.0
5,F5,r5-f5-56ef217cc7251269d003b5c8,113,2.8850952280754167e-05,38.605995178222656,36.62172031402588,1.4893245697021484,False,0.001988541499215234,1.0
5,F5,r5-f5-56ef217cc7251269d003b5c8,114,2.8827370688654434e-05,41.56251525878906,37.12302112579346,3.2011499404907227,False,0.0019329506349963527,1.0
5,F5,r5-f5-56ef217cc7251269d003b5c8,115,2.880356462873091e-05,37.856224060058594,37.081358671188354,2.1730411052703857,False,0.0015675974463187064,1.0
5,F5,r5-f5-56ef217cc7251269d003b5c8,116,2.8779534706338766e-05,34.10418701171875,36.6620876789093,1.2793487310409546,False,0.001535692874866513,1.0
5,F5,r5-f5-56ef217cc7251269d003b5c8,117,2.875528153252567e-05,33.66669845581055,36.38202524185181,3.3770511150360107,False,0.0017615383127763291,1.0
5,F5,r5-f5-56ef217cc7251269d003b5c8,118,2.8730805724016292e-05,41.33335494995117,36.83124399185181,4.062963485717773,False,0.0010593448608472728,1.0
5,F5,r5-f5-56ef217cc7251269d003b5c8,119,2.8706107903196563e-05,33.75003433227539,36.82603645324707,3.453063488006592,False,0.001102366906279825,1.0
5,F5,r5-f5-56ef217cc7251269d003b5c8,120,2.868118869809791e-05,38.0847053527832,36.639923095703125,1.2744903564453125,False,0.000991056928068953,1.0
5,F5,r5-f5-56ef217cc7251269d003b5c8,121,2.8656048742381237e-05,41.083351135253906,37.100860357284546,7.559769153594971,False,0.000648427828130834,1.0
5,F5,r5-f5-56ef217cc7251269d003b5c8,122,2.863068867532084e-05,34.00001907348633,37.09695339202881,5.016664028167725,False,0.0005875888014075048,1.0
5,F5,r5-f5-56ef217cc7251269d003b5c8,123,2.8605109141788138e-05,33.54169845581055,37.06830811500549,2.4452266693115234,False,0.0004965695300428731,1.0
5,F5,r5-f5-56ef217cc7251269d003b5c8,124,2.857931079223527e-05,41.020851135253906,37.509714126586914,0.8386474847793579,False,0.00047599561331826087,1.0
5,F5,r5-f5-56ef217cc7251269d003b5c8,125,2.8553294282678578e-05,33.562522888183594,37.236151695251465,3.151668071746826,False,0.0005368642973884652,1.0
5,F5,r5-f5-56ef217cc7251269d003b5c8,126,2.8527060274681913e-05,33.89586639404297,37.2322461605072,1.879741907119751,False,0.0005642407430727558,1.0
5,F5,r5-f5-56ef217cc7251269d003b5c8,127,2.8500609435339794e-05,38.168724060058594,37.236151933670044,2.0058395862579346,False,0.0006190416367307928,1.0
5,F5,r5-f5-56ef217cc7251269d003b5c8,128,2.847394243726047e-05,37.60610580444336,36.99017834663391,2.765615701675415,False,0.0007963757138472542,1.0
6,F6,r5-f6-b6302052a821cfd9e9d9261e,1,1e-05,16.3437557220459,16.3437557220459,0.5960098505020142,False,0.00036204723845375403,1.0
6,F6,r5-f6-b6302052a821cfd9e9d9261e,2,1.1333333333333334e-05,15.802094459533691,16.072925090789795,0.5047089457511902,False,0.0005038202188616846,1.0
6,F6,r5-f6-b6302052a821cfd9e9d9261e,3,1.2666666666666667e-05,15.895844459533691,16.013898213704426,1.2386906147003174,False,0.0005479080987326305,1.0
6,F6,r5-f6-b6302052a821cfd9e9d9261e,4,1.4000000000000001e-05,16.250003814697266,16.072924613952637,1.2452110052108765,False,0.000583668665265078,1.0
6,F6,r5-f6-b6302052a821cfd9e9d9261e,5,1.5333333333333334e-05,16.20833969116211,16.100007629394533,0.45715945959091187,False,0.000561730103520965,1.0
6,F6,r5-f6-b6302052a821cfd9e9d9261e,6,1.6666666666666667e-05,16.062503814697266,16.093756993611652,0.635935366153717,False,0.0006484650294366376,1.0
6,F6,r5-f6-b6302052a821cfd9e9d9261e,7,1.8e-05,14.21875,15.825898851667132,0.8558338284492493,False,0.0006662084822465725,1.0
6,F6,r5-f6-b6302052a821cfd9e9d9261e,8,1.9333333333333333e-05,15.406257629394531,15.773443698883057,0.5799704194068909,False,0.0006441928307699622,1.0
6,F6,r5-f6-b6302052a821cfd9e9d9261e,9,2.0666666666666666e-05,15.854175567626953,15.782413906521267,0.33577650785446167,False,0.0007608646151373164,1.0
6,F6,r5-f6-b6302052a821cfd9e9d9261e,10,2.2e-05,16.3125057220459,15.83542308807373,0.3957825303077698,False,0.0008653431878690843,1.0
6,F6,r5-f6-b6302052a821cfd9e9d9261e,11,2.3333333333333332e-05,16.333337783813477,15.880688060413707,0.5890746116638184,False,0.001017359123450221,1.0
6,F6,r5-f6-b6302052a821cfd9e9d9261e,12,2.4666666666666665e-05,15.520842552185059,15.850700934727987,0.43971338868141174,False,0.0010726212912548722,1.0
6,F6,r5-f6-b6302052a821cfd9e9d9261e,13,2.6000000000000002e-05,14.437501907348633,15.741993317237267,0.36929187178611755,False,0.0011006351909463462,1.0
6,F6,r5-f6-b6302052a821cfd9e9d9261e,14,2.733333333333333e-05,15.489595413208008,15.723964895520892,0.27243149280548096,False,0.0012031430715284195,1.0
6,F6,r5-f6-b6302052a821cfd9e9d9261e,15,2.8666666666666668e-05,15.656259536743164,15.71945120493571,0.6722104549407959,False,0.0009371018568471968,1.0
6,F6,r5-f6-b6302052a821cfd9e9d9261e,16,2.9999999999999997e-05,15.427093505859375,15.701178848743439,1.6559768915176392,False,0.001152121669653808,1.0
6,F6,r5-f6-b6302052a821cfd9e9d9261e,17,2.9999999999999997e-05,16.197925567626953,15.692064464092255,0.48444369435310364,False,0.0009986390363854122,1.0
6,F6,r5-f6-b6302052a821cfd9e9d9261e,18,2.9999872856917585e-05,14.46875,15.608730435371399,0.6432918310165405,False,0.0011249092678966535,1.0
6,F6,r5-f6-b6302052a821cfd9e9d9261e,19,2.999949143090342e-05,15.458343505859375,15.581386625766754,0.42258358001708984,False,0.0011505510970986571,1.0
6,F6,r5-f6-b6302052a821cfd9e9d9261e,20,2.9998855731656623e-05,14.552085876464844,15.475266754627228,0.22475038468837738,False,0.0011061450201411082,1.0
6,F6,r5-f6-b6302052a821cfd9e9d9261e,21,2.999796577534217e-05,16.416669845581055,15.488287389278412,0.5856167674064636,False,0.0011802617937791834,1.0
6,F6,r5-f6-b6302052a821cfd9e9d9261e,22,2.99968215845904e-05,16.135421752929688,15.492844760417938,1.2091281414031982,False,0.0013670799299890543,1.0
6,F6,r5-f6-b6302052a821cfd9e9d9261e,23,2.9995423188496514e-05,16.020837783813477,15.60547524690628,0.4129268229007721,False,0.0014086511997843726,1.0
6,F6,r5-f6-b6302052a821cfd9e9d9261e,24,2.9993770622619783e-05,15.50001049041748,15.611334800720215,0.6335872411727905,False,0.0013683202230753216,1.0
6,F6,r5-f6-b6302052a821cfd9e9d9261e,25,2.9991863928982672e-05,14.333335876464844,15.516282320022583,0.7377625703811646,False,0.0011906756633308945,1.0
6,F6,r5-f6-b6302052a821cfd9e9d9261e,26,2.998970315606976e-05,14.520835876464844,15.404302954673767,0.5837703347206116,False,0.001263507061621745,1.0
6,F6,r5-f6-b6302052a821cfd9e9d9261e,27,2.998728835882651e-05,16.20833969116211,15.396490573883057,0.4145658314228058,False,0.0013155811371388896,1.0
6,F6,r5-f6-b6302052a821cfd9e9d9261e,28,2.9984619598657892e-05,15.458343505859375,15.392584383487701,0.5116606950759888,False,0.001271913082466619,1.0
6,F6,r5-f6-b6302052a821cfd9e9d9261e,29,2.9981696943426767e-05,15.635425567626953,15.467454612255096,0.8181502819061279,False,0.0013745003377569126,1.0
6,F6,r5-f6-b6302052a821cfd9e9d9261e,30,2.997852046745222e-05,14.510416984558105,15.406255960464478,0.3605071008205414,False,0.0013968819807605563,1.0
6,F6,r5-f6-b6302052a821cfd9e9d9261e,31,2.9975090251507633e-05,16.135417938232422,15.436203360557556,0.8766306042671204,False,0.0015378028605188183,1.0
6,F6,r5-f6-b6302052a821cfd9e9d9261e,32,2.9971406382818667e-05,15.635429382324219,15.449224352836609,0.44283798336982727,False,0.0015203479038734264,1.0
6,F6,r5-f6-b6302052a821cfd9e9d9261e,33,2.9967468955060995e-05,16.08333969116211,15.442062735557556,0.48637473583221436,False,0.0015894448173791006,1.0
6,F6,r5-f6-b6302052a821cfd9e9d9261e,34,2.996327806835797e-05,15.510429382324219,15.50716769695282,0.42414262890815735,False,0.0015726093811320244,1.0
6,F6,r5-f6-b6302052a821cfd9e9d9261e,35,2.9958833829278017e-05,16.177087783813477,15.552089214324951,0.5963538289070129,False,0.0016779691841899544,1.0
6,F6,r5-f6-b6302052a821cfd9e9d9261e,36,2.995413635083201e-05,16.0937557220459,15.648443579673767,0.6301309466362,False,0.0015545975230763646,1.0
6,F6,r5-f6-b6302052a821cfd9e9d9261e,37,2.9949185752470325e-05,15.468759536743164,15.589199185371399,0.6955973505973816,False,0.0016640408050709599,1.0
6,F6,r5-f6-b6302052a821cfd9e9d9261e,38,2.9943982160079822e-05,14.218751907348633,15.469407320022583,0.8440431952476501,False,0.0016495809128651993,1.0
6,F6,r5-f6-b6302052a821cfd9e9d9261e,39,2.993852570598065e-05,16.2812557220459,15.48568344116211,0.6546951532363892,False,0.001694290747985918,1.0
6,F6,r5-f6-b6302052a821cfd9e9d9261e,40,2.9932816528922903e-05,14.291668891906738,15.410162091255188,0.5333523750305176,False,0.0017356244858757616,1.0
6,F6,r5-f6-b6302052a821cfd9e9d9261e,41,2.992685477408305e-05,16.1250057220459,15.522141456604004,1.3923152685165405,False,0.0017653545020851413,1.0
6,F6,r5-f6-b6302052a821cfd9e9d9261e,42,2.9920640593060258e-05,15.489594459533691,15.582688868045807,0.36053740978240967,False,0.0017116366739431035,1.0
6,F6,r5-f6-b6302052a821cfd9e9d9261e,43,2.9914174143872566e-05,16.15625762939453,15.579433739185333,0.6888848543167114,False,0.001744463345543813,1.0
6,F6,r5-f6-b6302052a821cfd9e9d9261e,44,2.9907455590952825e-05,16.1562557220459,15.623053252696991,0.5227136015892029,False,0.0017223388479930591,1.0
6,F6,r5-f6-b6302052a821cfd9e9d9261e,45,2.990048510514454e-05,15.43751049041748,15.610683560371399,0.5811418294906616,False,0.0016916367850488424,1.0
6,F6,r5-f6-b6302052a821cfd9e9d9261e,46,2.9893262863697524e-05,15.885424613952637,15.696621537208557,0.9477956891059875,False,0.0014622312200542598,1.0
6,F6,r5-f6-b6302052a821cfd9e9d9261e,47,2.9885789050263383e-05,14.291668891906738,15.581387221813202,0.7953850030899048,False,0.001566241435970881,1.0
6,F6,r5-f6-b6302052a821cfd9e9d9261e,48,2.987806385489085e-05,14.250001907348633,15.494798004627228,0.5362878441810608,False,0.0014955222920994622,1.0
6,F6,r5-f6-b6302052a821cfd9e9d9261e,49,2.9870087474020964e-05,14.229166984558105,15.378912210464478,0.46391165256500244,False,0.0015369854812329502,1.0
6,F6,r5-f6-b6302052a821cfd9e9d9261e,50,2.9861860110482048e-05,15.55208683013916,15.381515800952911,2.6239864826202393,False,0.0017881149082355824,1.0
6,F6,r5-f6-b6302052a821cfd9e9d9261e,51,2.9853381973484574e-05,14.010417938232422,15.246098935604095,0.48381203413009644,False,0.0017754900400335847,1.0
6,F6,r5-f6-b6302052a821cfd9e9d9261e,52,2.9844653278615835e-05,15.250015258789062,15.193365156650543,1.1565206050872803,False,0.0019658270514051833,1.0
6,F6,r5-f6-b6302052a821cfd9e9d9261e,53,2.9835674247834466e-05,15.531253814697266,15.197271049022675,0.6423435211181641,False,0.001999673403880763,1.0
6,F6,r5-f6-b6302052a821cfd9e9d9261e,54,2.9826445109464805e-05,15.73958969116211,15.292323410511017,0.8289932012557983,False,0.0019293706429607742,1.0
6,F6,r5-f6-b6302052a821cfd9e9d9261e,55,2.9816966098191057e-05,15.77083969116211,15.26042240858078,0.8031277656555176,False,0.0018425721129298118,1.0
6,F6,r5-f6-b6302052a821cfd9e9d9261e,56,2.9807237455051384e-05,15.572921752929688,15.340500712394714,0.9696221351623535,False,0.0018848496807617133,1.0
6,F6,r5-f6-b6302052a821cfd9e9d9261e,57,2.9797259427431705e-05,15.052095413208008,15.273443818092346,1.0097050666809082,False,0.0018732562339898976,1.0
6,F6,r5-f6-b6302052a821cfd9e9d9261e,58,2.978703226905946e-05,15.437503814697266,15.27018815279007,0.609870195388794,False,0.001760267514096317,1.0
6,F6,r5-f6-b6302052a821cfd9e9d9261e,59,2.9776556239997145e-05,15.458337783813477,15.226568162441254,0.4309391379356384,False,0.0016405829617050177,1.0
6,F6,r5-f6-b6302052a821cfd9e9d9261e,60,2.9765831606635676e-05,13.968750953674316,15.08984911441803,0.8859367370605469,False,0.0017636067795327001,1.0
6,F6,r5-f6-b6302052a821cfd9e9d9261e,61,2.975485864168765e-05,15.000017166137695,15.062505781650543,0.8983944058418274,False,0.0017896723591196385,1.0
6,F6,r5-f6-b6302052a821cfd9e9d9261e,62,2.974363762418038e-05,15.500005722045898,15.038417100906372,0.6559967994689941,False,0.0017583298224811657,1.0
6,F6,r5-f6-b6302052a821cfd9e9d9261e,63,2.973216883944881e-05,15.604172706604004,15.120448589324951,1.1443027257919312,False,0.0016931576787579106,1.0
6,F6,r5-f6-b6302052a821cfd9e9d9261e,64,2.972045257912828e-05,15.468753814697266,15.19662058353424,0.35621377825737,False,0.001572861699888415,1.0
6,F6,r5-f6-b6302052a821cfd9e9d9261e,65,2.9708489141147082e-05,13.937500953674316,15.178391456604004,1.5546401739120483,False,0.0016408587626810026,1.0
6,F6,r5-f6-b6302052a821cfd9e9d9261e,66,2.9696278829718878e-05,15.697922706604004,15.187506198883057,0.7500631213188171,False,0.0016540723603644444,1.0
6,F6,r5-f6-b6302052a821cfd9e9d9261e,67,2.9683821955335006e-05,13.937500953674316,15.182948887348175,0.3964659869670868,False,0.0015995804272652793,1.0
6,F6,r5-f6-b6302052a821cfd9e9d9261e,68,2.9671118834756543e-05,15.635422706604004,15.207036852836609,0.9266145825386047,False,0.0017207022571868156,1.0
6,F6,r5-f6-b6302052a821cfd9e9d9261e,69,2.9658169791006273e-05,13.958333969116211,15.108729362487793,1.3858873844146729,False,0.0018084380078755241,1.0
6,F6,r5-f6-b6302052a821cfd9e9d9261e,70,2.964497515336046e-05,14.864603996276855,15.054042756557465,0.5957421660423279,False,0.001712566611537477,1.0
6,F6,r5-f6-b6302052a821cfd9e9d9261e,71,2.9631535257340486e-05,15.072930335998535,15.010423421859741,1.3398199081420898,False,0.0014935062380206907,1.0
6,F6,r5-f6-b6302052a821cfd9e9d9261e,72,2.9617850444704315e-05,14.031250953674316,14.91406899690628,1.1347076892852783,False,0.0014566239745489261,1.0
6,F6,r5-f6-b6302052a821cfd9e9d9261e,73,2.9603921063437794e-05,15.510422706604004,14.94271445274353,1.404025673866272,False,0.00152025500805309,1.0
6,F6,r5-f6-b6302052a821cfd9e9d9261e,74,2.9589747467745818e-05,15.447922706604004,14.943365633487701,1.2580147981643677,False,0.0015846128798882612,1.0
6,F6,r5-f6-b6302052a821cfd9e9d9261e,75,2.9575330018043316e-05,15.541670799255371,14.94857394695282,0.7607539296150208,False,0.001626503386181277,1.0
6,F6,r5-f6-b6302052a821cfd9e9d9261e,76,2.9560669080946092e-05,14.958355903625488,15.010424256324768,0.739895224571228,False,0.0015170195728904325,1.0
6,F6,r5-f6-b6302052a821cfd9e9d9261e,77,2.9545765029261487e-05,15.135424613952637,15.018887221813202,0.606843888759613,False,0.0014467130346457531,1.0
6,F6,r5-f6-b6302052a821cfd9e9d9261e,78,2.9530618241978923e-05,15.61458969116211,15.026048719882965,0.7631685137748718,False,0.0013236244674369511,1.0
6,F6,r5-f6-b6302052a821cfd9e9d9261e,79,2.9515229104260233e-05,14.979181289672852,14.986986756324768,0.44363734126091003,False,0.001328821609668474,1.0
6,F6,r5-f6-b6302052a821cfd9e9d9261e,80,2.9499598007429908e-05,15.30208969116211,14.97657024860382,1.227152705192566,False,0.0013200755594434683,1.0
6,F6,r5-f6-b6302052a821cfd9e9d9261e,81,2.948372534896511e-05,14.729182243347168,15.026050329208374,0.48330655694007874,False,0.0013291306019160153,1.0
6,F6,r5-f6-b6302052a821cfd9e9d9261e,82,2.9467611532485588e-05,14.666686058044434,14.9615980386734,1.2843124866485596,False,0.0014322055793444387,1.0
6,F6,r5-f6-b6302052a821cfd9e9d9261e,83,2.945125696774339e-05,15.458337783813477,15.056650340557098,0.8411431312561035,False,0.0014161259616311684,1.0
6,F6,r5-f6-b6302052a821cfd9e9d9261e,84,2.9434662070612482e-05,15.302091598510742,15.03581714630127,0.7878658771514893,False,0.0014170494658720374,1.0
6,F6,r5-f6-b6302052a821cfd9e9d9261e,85,2.9417827263078142e-05,15.187509536743164,15.112640619277954,0.8122606873512268,False,0.0013878492500235928,1.0
6,F6,r5-f6-b6302052a821cfd9e9d9261e,86,2.940075297322622e-05,13.541667938232422,15.029957115650177,1.2159100770950317,False,0.001328882309812923,1.0
6,F6,r5-f6-b6302052a821cfd9e9d9261e,87,2.938343963523229e-05,14.562520027160645,14.998056471347809,3.7646543979644775,False,0.0011985191402320685,1.0
6,F6,r5-f6-b6302052a821cfd9e9d9261e,88,2.9365887689350595e-05,14.958345413208008,15.055999875068665,0.5429784655570984,False,0.0011191941811710974,1.0
6,F6,r5-f6-b6302052a821cfd9e9d9261e,89,2.9348097581902822e-05,15.48958969116211,15.054697811603546,0.6245496869087219,False,0.001083103777487313,1.0
6,F6,r5-f6-b6302052a821cfd9e9d9261e,90,2.933006976526679e-05,13.604167938232422,14.939463138580322,1.5839189291000366,False,0.0011649059361233949,1.0
6,F6,r5-f6-b6302052a821cfd9e9d9261e,91,2.9311804697864947e-05,15.260424613952637,14.921885251998901,1.9317197799682617,False,0.0012610161430933766,1.0
6,F6,r5-f6-b6302052a821cfd9e9d9261e,92,2.9293302844152674e-05,15.395837783813477,14.94922786951065,0.5682289004325867,False,0.001195360624154637,1.0
6,F6,r5-f6-b6302052a821cfd9e9d9261e,93,2.9274564674606523e-05,15.229172706604004,14.955087125301361,1.1862455606460571,False,0.0011730628433225293,1.0
6,F6,r5-f6-b6302052a821cfd9e9d9261e,94,2.9255590665712213e-05,15.281255722045898,14.934253752231598,0.8030035495758057,False,0.0011109631927039517,1.0
6,F6,r5-f6-b6302052a821cfd9e9d9261e,95,2.923638129995254e-05,15.489588737487793,14.966154217720032,0.4542471766471863,False,0.0010854349631469243,1.0
6,F6,r5-f6-b6302052a821cfd9e9d9261e,96,2.9216937065795103e-05,15.45833969116211,14.975919842720032,1.5481808185577393,False,0.0010623879930519592,1.0
6,F6,r5-f6-b6302052a821cfd9e9d9261e,97,2.919725845767987e-05,14.61459732055664,14.968758285045624,0.7126213312149048,False,0.0011090402124429076,1.0
6,F6,r5-f6-b6302052a821cfd9e9d9261e,98,2.9177345976006628e-05,15.083343505859375,14.994799375534058,1.0085893869400024,False,0.0011010873480110596,1.0
6,F6,r5-f6-b6302052a821cfd9e9d9261e,99,2.9157200127122236e-05,15.39583969116211,14.990893244743347,1.050498127937317,False,0.0010677742136082928,1.0
6,F6,r5-f6-b6302052a821cfd9e9d9261e,100,2.913682142330775e-05,13.354167938232422,14.869148015975952,2.929936408996582,False,0.0009664698338043975,1.0
6,F6,r5-f6-b6302052a821cfd9e9d9261e,101,2.911621038276542e-05,13.531251907348633,14.765631914138794,2.121312141418457,False,0.0009919775340535048,1.0
6,F6,r5-f6-b6302052a821cfd9e9d9261e,102,2.909536752960549e-05,15.052087783813477,14.86003315448761,0.732171893119812,False,0.00102439630450224,1.0
6,F6,r5-f6-b6302052a821cfd9e9d9261e,103,2.9074293393832876e-05,15.01042366027832,14.888027131557465,0.7620589733123779,False,0.0010951544999450661,1.0
6,F6,r5-f6-b6302052a821cfd9e9d9261e,104,2.90529885113337e-05,15.041670799255371,14.893234968185425,1.0167016983032227,False,0.001085083215257258,1.0
6,F6,r5-f6-b6302052a821cfd9e9d9261e,105,2.9031453423861642e-05,14.302107810974121,14.819017350673676,1.1872456073760986,False,0.0011013952370088485,1.0
6,F6,r5-f6-b6302052a821cfd9e9d9261e,106,2.9009688679024187e-05,15.520838737487793,14.938809275627136,0.6830728054046631,False,0.001117146660223091,1.0
6,F6,r5-f6-b6302052a821cfd9e9d9261e,107,2.8987694830268685e-05,15.197920799255371,14.934902787208557,0.6665887832641602,False,0.0011191003638520878,1.0
6,F6,r5-f6-b6302052a821cfd9e9d9261e,108,2.8965472436868284e-05,13.697917938232422,14.828782796859741,2.2868659496307373,False,0.0011967991790523594,1.0
6,F6,r5-f6-b6302052a821cfd9e9d9261e,109,2.894302206390769e-05,13.687500953674316,14.732428312301636,0.5308030247688293,False,0.001180863514674911,1.0
6,F6,r5-f6-b6302052a821cfd9e9d9261e,110,2.8920344282268846e-05,13.572917938232422,14.625657200813293,0.9105879664421082,False,0.001211148900643845,1.0
6,F6,r5-f6-b6302052a821cfd9e9d9261e,111,2.8897439668616345e-05,15.01042652130127,14.595709562301636,0.5785524249076843,False,0.0012050469252261864,1.0
6,F6,r5-f6-b6302052a821cfd9e9d9261e,112,2.8874308805382837e-05,13.406251907348633,14.467454075813293,1.392919659614563,False,0.001262786027941248,1.0
6,F6,r5-f6-b6302052a821cfd9e9d9261e,113,2.8850952280754167e-05,14.718772888183594,14.473965048789978,1.8318190574645996,False,0.00125734928344423,1.0
6,F6,r5-f6-b6302052a821cfd9e9d9261e,114,2.8827370688654434e-05,15.312507629394531,14.488287806510925,0.6474961042404175,False,0.0012073246157034722,1.0
6,F6,r5-f6-b6302052a821cfd9e9d9261e,115,2.880356462873091e-05,15.302087783813477,14.482428312301636,1.2118655443191528,False,0.0012138008302948991,1.0
6,F6,r5-f6-b6302052a821cfd9e9d9261e,116,2.8779534706338766e-05,13.364583969116211,14.483079314231873,0.6811909079551697,False,0.0012018988830155182,1.0
6,F6,r5-f6-b6302052a821cfd9e9d9261e,117,2.875528153252567e-05,14.083367347717285,14.517586529254913,1.6424568891525269,False,0.0011366977469433866,1.0
6,F6,r5-f6-b6302052a821cfd9e9d9261e,118,2.8730805724016292e-05,13.583333969116211,14.425789415836334,0.988789975643158,False,0.0011333890460633622,1.0
6,F6,r5-f6-b6302052a821cfd9e9d9261e,119,2.8706107903196563e-05,14.541686058044434,14.396493315696716,3.5082709789276123,False,0.001074628870987804,1.0
6,F6,r5-f6-b6302052a821cfd9e9d9261e,120,2.868118869809791e-05,14.541686058044434,14.365244269371033,0.9045476317405701,False,0.0010504268489926623,1.0
6,F6,r5-f6-b6302052a821cfd9e9d9261e,121,2.8656048742381237e-05,14.30211067199707,14.365244448184967,1.0635260343551636,False,0.0010844108579344462,1.0
6,F6,r5-f6-b6302052a821cfd9e9d9261e,122,2.863068867532084e-05,13.437501907348633,14.23503589630127,1.8704763650894165,False,0.0010946794667258165,1.0
6,F6,r5-f6-b6302052a821cfd9e9d9261e,123,2.8605109141788138e-05,13.479167938232422,14.127613842487335,0.7065154910087585,False,0.001042307350668476,1.0
6,F6,r5-f6-b6302052a821cfd9e9d9261e,124,2.857931079223527e-05,13.437501907348633,14.111337840557098,0.48557227849960327,False,0.0009921584097638506,1.0
6,F6,r5-f6-b6302052a821cfd9e9d9261e,125,2.8553294282678578e-05,14.18752670288086,14.142589449882507,0.8673339486122131,False,0.0010178059648742544,1.0
6,F6,r5-f6-b6302052a821cfd9e9d9261e,126,2.8527060274681913e-05,14.822931289672852,14.220715284347534,0.83815598487854,False,0.0009331434152298624,1.0
6,F6,r5-f6-b6302052a821cfd9e9d9261e,127,2.8500609435339794e-05,15.01042366027832,14.2207151055336,1.321947455406189,False,0.0008381205198951669,1.0
6,F6,r5-f6-b6302052a821cfd9e9d9261e,128,2.847394243726047e-05,14.18752670288086,14.269544780254364,2.785156488418579,False,0.0007106409209256932,1.0
7,F6,r5-f6-1ccc652bfea4b3e698683232,1,1e-05,32.70833206176758,32.70833206176758,0.9139418005943298,False,0.00036209794891449865,1.0
7,F6,r5-f6-1ccc652bfea4b3e698683232,2,1.1333333333333334e-05,32.29166793823242,32.5,0.5463922023773193,False,0.0005027205041008203,1.0
7,F6,r5-f6-1ccc652bfea4b3e698683232,3,1.2666666666666667e-05,28.083335876464844,31.02777862548828,1.3168110847473145,False,0.0005354372847823963,1.0
7,F6,r5-f6-1ccc652bfea4b3e698683232,4,1.4000000000000001e-05,30.708337783813477,30.94791841506958,1.1629152297973633,False,0.0005947870909634464,1.0
7,F6,r5-f6-1ccc652bfea4b3e698683232,5,1.5333333333333334e-05,30.125003814697266,30.783335494995118,1.4963915348052979,False,0.0007098089842564153,1.0
7,F6,r5-f6-1ccc652bfea4b3e698683232,6,1.6666666666666667e-05,28.750001907348633,30.444446563720703,0.6561800837516785,False,0.0007518382052129074,1.0
7,F6,r5-f6-1ccc652bfea4b3e698683232,7,1.8e-05,35.395835876464844,31.151787894112722,0.4863947331905365,False,0.000682627577740869,1.0
7,F6,r5-f6-1ccc652bfea4b3e698683232,8,1.9333333333333333e-05,35.333335876464844,31.67448139190674,1.0581562519073486,False,0.0008224375206344186,1.0
7,F6,r5-f6-1ccc652bfea4b3e698683232,9,2.0666666666666666e-05,33.16666793823242,31.840279897054035,1.4705032110214233,False,0.0009545054669811969,1.0
7,F6,r5-f6-1ccc652bfea4b3e698683232,10,2.2e-05,30.125003814697266,31.66875228881836,0.7959889769554138,False,0.0006894241929954505,1.0
7,F6,r5-f6-1ccc652bfea4b3e698683232,11,2.3333333333333332e-05,29.875003814697266,31.50568424571644,1.087977647781372,False,0.000851834955274023,1.0
7,F6,r5-f6-1ccc652bfea4b3e698683232,12,2.4666666666666665e-05,32.25,31.567710558573406,4.629195690155029,False,0.0010101399421161182,1.0
7,F6,r5-f6-1ccc652bfea4b3e698683232,13,2.6000000000000002e-05,34.91666793823242,31.825322664701023,1.4271281957626343,False,0.001140500533841814,1.0
7,F6,r5-f6-1ccc652bfea4b3e698683232,14,2.733333333333333e-05,31.875,31.828871045793807,1.7514842748641968,False,0.0013120662153346407,1.0
7,F6,r5-f6-1ccc652bfea4b3e698683232,15,2.8666666666666668e-05,35.187503814697266,32.05277989705404,1.2285932302474976,False,0.0014457054428772128,1.0
7,F6,r5-f6-1ccc652bfea4b3e698683232,16,2.9999999999999997e-05,35.458335876464844,32.26562714576721,0.6098652482032776,False,0.00149747354604157,1.0
7,F6,r5-f6-1ccc652bfea4b3e698683232,17,2.9999999999999997e-05,32.91666793823242,32.278648138046265,1.0246121883392334,False,0.0015492008180436072,1.0
7,F6,r5-f6-1ccc652bfea4b3e698683232,18,2.9999872856917585e-05,29.708341598510742,32.11719024181366,1.2585355043411255,False,0.0016294254510696806,1.0
7,F6,r5-f6-1ccc652bfea4b3e698683232,19,2.999949143090342e-05,29.958341598510742,32.23437809944153,1.027619481086731,False,0.0016598203790270077,1.0
7,F6,r5-f6-1ccc652bfea4b3e698683232,20,2.9998855731656623e-05,35.395835876464844,32.52734673023224,1.0238618850708008,False,0.0016579790409281731,1.0
7,F6,r5-f6-1ccc652bfea4b3e698683232,21,2.999796577534217e-05,30.166671752929688,32.529950976371765,1.2525362968444824,False,0.0016183479155921442,1.0
7,F6,r5-f6-1ccc652bfea4b3e698683232,22,2.99968215845904e-05,35.250003814697266,32.936201095581055,1.0481706857681274,False,0.001638874010038093,1.0
7,F6,r5-f6-1ccc652bfea4b3e698683232,23,2.9995423188496514e-05,29.041667938232422,32.53906559944153,3.9666244983673096,False,0.0016399548160499005,1.0
7,F6,r5-f6-1ccc652bfea4b3e698683232,24,2.9993770622619783e-05,35.54166793823242,32.552086353302,1.016466736793518,False,0.0016266805235003092,1.0
7,F6,r5-f6-1ccc652bfea4b3e698683232,25,2.9991863928982672e-05,35.458335876464844,32.69531559944153,1.1802473068237305,False,0.0015025284446462852,1.0
7,F6,r5-f6-1ccc652bfea4b3e698683232,26,2.998970315606976e-05,28.416667938232422,32.588544607162476,1.3848967552185059,False,0.00154157773372076,1.0
7,F6,r5-f6-1ccc652bfea4b3e698683232,27,2.998728835882651e-05,35.250003814697266,32.924482107162476,1.0888839960098267,False,0.0015938410515872743,1.0
7,F6,r5-f6-1ccc652bfea4b3e698683232,28,2.9984619598657892e-05,28.250001907348633,32.674482226371765,1.0894907712936401,False,0.001548640903174064,1.0
7,F6,r5-f6-1ccc652bfea4b3e698683232,29,2.9981696943426767e-05,35.208335876464844,32.69271147251129,1.3106739521026611,False,0.0016017201457759168,1.0
7,F6,r5-f6-1ccc652bfea4b3e698683232,30,2.997852046745222e-05,27.833332061767578,32.440107226371765,1.0622687339782715,False,0.001412879538076873,1.0
7,F6,r5-f6-1ccc652bfea4b3e698683232,31,2.9975090251507633e-05,32.54166793823242,32.27474248409271,1.0207459926605225,False,0.0012909545712588375,1.0
7,F6,r5-f6-1ccc652bfea4b3e698683232,32,2.9971406382818667e-05,35.000003814697266,32.24609673023224,1.3294119834899902,False,0.0013828918479814206,1.0
7,F6,r5-f6-1ccc652bfea4b3e698683232,33,2.9967468955060995e-05,28.958343505859375,31.998701453208923,1.383952260017395,False,0.001467372631798771,1.0
7,F6,r5-f6-1ccc652bfea4b3e698683232,34,2.996327806835797e-05,29.333341598510742,31.975263953208923,1.1676768064498901,False,0.0013427302769637125,1.0
7,F6,r5-f6-1ccc652bfea4b3e698683232,35,2.9958833829278017e-05,32.95833206176758,32.162763357162476,0.8958052396774292,False,0.0014096764777412924,1.0
7,F6,r5-f6-1ccc652bfea4b3e698683232,36,2.995413635083201e-05,29.041677474975586,31.765628457069397,0.7486609816551208,False,0.001374350065559039,1.0
7,F6,r5-f6-1ccc652bfea4b3e698683232,37,2.9949185752470325e-05,35.04166793823242,32.07031571865082,1.0602549314498901,False,0.0013546877283712347,1.0
7,F6,r5-f6-1ccc652bfea4b3e698683232,38,2.9943982160079822e-05,28.083335876464844,31.62239897251129,1.076125979423523,False,0.0010394567286101234,1.0
7,F6,r5-f6-1ccc652bfea4b3e698683232,39,2.993852570598065e-05,29.041677474975586,31.62239956855774,1.6566218137741089,False,0.0012073994051096913,1.0
7,F6,r5-f6-1ccc652bfea4b3e698683232,40,2.9932816528922903e-05,32.29166793823242,31.41927456855774,1.3843134641647339,False,0.0012552562594457194,1.0
7,F6,r5-f6-1ccc652bfea4b3e698683232,41,2.992685477408305e-05,34.895835876464844,31.38411831855774,1.0350223779678345,False,0.0012342995585213673,1.0
7,F6,r5-f6-1ccc652bfea4b3e698683232,42,2.9920640593060258e-05,27.791667938232422,31.34505581855774,2.735856533050537,False,0.0015263771701794855,1.0
7,F6,r5-f6-1ccc652bfea4b3e698683232,43,2.9914174143872566e-05,29.41667366027832,30.980472683906555,0.5175479054450989,False,0.0013917906818038228,1.0
7,F6,r5-f6-1ccc652bfea4b3e698683232,44,2.9907455590952825e-05,34.79166793823242,31.389326810836792,3.876805543899536,False,0.0016551994230901356,1.0
7,F6,r5-f6-1ccc652bfea4b3e698683232,45,2.990048510514454e-05,29.25001335144043,31.016931653022766,1.9205986261367798,False,0.0014811559553167292,1.0
7,F6,r5-f6-1ccc652bfea4b3e698683232,46,2.9893262863697524e-05,34.91666793823242,31.45964014530182,1.0582923889160156,False,0.0014820978981612144,1.0
7,F6,r5-f6-1ccc652bfea4b3e698683232,47,2.9885789050263383e-05,32.16666793823242,31.43620264530182,1.0700645446777344,False,0.0013373291151071813,1.0
7,F6,r5-f6-1ccc652bfea4b3e698683232,48,2.987806385489085e-05,27.041667938232422,30.938806653022766,1.3395569324493408,False,0.0013320384413862234,1.0
7,F6,r5-f6-1ccc652bfea4b3e698683232,49,2.9870087474020964e-05,27.208335876464844,30.829431176185608,3.962529182434082,False,0.0011901656423816316,1.0
7,F6,r5-f6-1ccc652bfea4b3e698683232,50,2.9861860110482048e-05,27.750001907348633,30.730472445487976,0.9663824439048767,False,0.0011750094892596999,1.0
7,F6,r5-f6-1ccc652bfea4b3e698683232,51,2.9853381973484574e-05,27.250003814697266,30.37370193004608,1.6872495412826538,False,0.0010569483928006282,1.0
7,F6,r5-f6-1ccc652bfea4b3e698683232,52,2.9844653278615835e-05,28.916677474975586,30.36588943004608,1.268574595451355,False,0.001072674056955556,1.0
7,F6,r5-f6-1ccc652bfea4b3e698683232,53,2.9835674247834466e-05,27.708335876464844,29.907556176185608,1.7666292190551758,False,0.0010882541674111124,1.0
7,F6,r5-f6-1ccc652bfea4b3e698683232,54,2.9826445109464805e-05,28.916677474975586,29.95964002609253,1.643633484840393,False,0.001122156172181018,1.0
7,F6,r5-f6-1ccc652bfea4b3e698683232,55,2.9816966098191057e-05,34.750003814697266,30.316410422325134,2.726984739303589,False,0.0010691989881472627,1.0
7,F6,r5-f6-1ccc652bfea4b3e698683232,56,2.9807237455051384e-05,31.875,30.290368676185608,3.04833984375,False,0.0011004325486894289,1.0
7,F6,r5-f6-1ccc652bfea4b3e698683232,57,2.9797259427431705e-05,27.708335876464844,29.841149926185608,4.366347789764404,False,0.0010227323997119735,1.0
7,F6,r5-f6-1ccc652bfea4b3e698683232,58,2.978703226905946e-05,28.750009536743164,29.90104627609253,2.0434811115264893,False,0.001056082312794593,1.0
7,F6,r5-f6-1ccc652bfea4b3e698683232,59,2.9776556239997145e-05,28.791677474975586,29.86198401451111,2.129678964614868,False,0.001038803852896813,1.0
7,F6,r5-f6-1ccc652bfea4b3e698683232,60,2.9765831606635676e-05,31.29166603088379,29.64323389530182,2.1844096183776855,False,0.0010530915418736425,1.0
7,F6,r5-f6-1ccc652bfea4b3e698683232,61,2.975485864168765e-05,35.10416793823242,30.00911855697632,1.7250113487243652,False,0.0009903396414378818,1.0
7,F6,r5-f6-1ccc652bfea4b3e698683232,62,2.974363762418038e-05,28.958341598510742,29.636723160743713,10.96490478515625,True,0.0013737445770293513,1.0
7,F6,r5-f6-1ccc652bfea4b3e698683232,63,2.973216883944881e-05,27.333335876464844,29.33463990688324,1.117698073387146,False,0.0012811181958925686,1.0
7,F6,r5-f6-1ccc652bfea4b3e698683232,64,2.972045257912828e-05,31.625,29.621098160743713,1.012738823890686,False,0.0011962445882230126,1.0
7,F6,r5-f6-1ccc652bfea4b3e698683232,65,2.9708489141147082e-05,28.708341598510742,29.714848518371582,1.4719996452331543,False,0.001194232084904645,1.0
7,F6,r5-f6-1ccc652bfea4b3e698683232,66,2.9696278829718878e-05,31.54166603088379,29.95182752609253,1.8896969556808472,False,0.0011242736839673138,1.0
7,F6,r5-f6-1ccc652bfea4b3e698683232,67,2.9683821955335006e-05,28.62501335144043,30.037765622138977,2.8816113471984863,False,0.0009462619821424414,1.0
7,F6,r5-f6-1ccc652bfea4b3e698683232,68,2.9671118834756543e-05,31.833332061767578,30.220056533813477,2.1902482509613037,False,0.000834821841571801,1.0
7,F6,r5-f6-1ccc652bfea4b3e698683232,69,2.9658169791006273e-05,28.041667938232422,30.24088978767395,1.4136302471160889,False,0.0007382040197875594,1.0
7,F6,r5-f6-1ccc652bfea4b3e698683232,70,2.964497515336046e-05,31.708332061767578,30.41536819934845,1.3924736976623535,False,0.0007225664238819043,1.0
7,F6,r5-f6-1ccc652bfea4b3e698683232,71,2.9631535257340486e-05,34.66666793823242,30.410159707069397,5.902904510498047,False,0.0007639020490948202,1.0
7,F6,r5-f6-1ccc652bfea4b3e698683232,72,2.9617850444704315e-05,28.958341598510742,30.22786855697632,1.5743647813796997,False,0.0007172893618466222,1.0
7,F6,r5-f6-1ccc652bfea4b3e698683232,73,2.9603921063437794e-05,29.000009536743164,30.308598160743713,2.5230343341827393,False,0.0007381741326599188,1.0
7,F6,r5-f6-1ccc652bfea4b3e698683232,74,2.9589747467745818e-05,31.5,30.480472564697266,2.0474581718444824,False,0.0007603479731388311,1.0
7,F6,r5-f6-1ccc652bfea4b3e698683232,75,2.9575330018043316e-05,27.333335876464844,30.389326214790344,1.6735644340515137,False,0.0007307993152121977,1.0
7,F6,r5-f6-1ccc652bfea4b3e698683232,76,2.9560669080946092e-05,27.458335876464844,30.14974308013916,2.6666159629821777,False,0.0006701805269703655,1.0
7,F6,r5-f6-1ccc652bfea4b3e698683232,77,2.9545765029261487e-05,27.291667938232422,29.66146183013916,5.874265193939209,False,0.000831144611016718,1.0
7,F6,r5-f6-1ccc652bfea4b3e698683232,78,2.9530618241978923e-05,34.79166793823242,30.026044726371765,6.056131839752197,False,0.0009492231924228032,1.0
7,F6,r5-f6-1ccc652bfea4b3e698683232,79,2.9515229104260233e-05,34.770835876464844,30.490888476371765,3.121741533279419,False,0.0006858264534101762,1.0
7,F6,r5-f6-1ccc652bfea4b3e698683232,80,2.9499598007429908e-05,28.833349227905273,30.316410303115845,0.9303325414657593,False,0.0006432793653676592,1.0
7,F6,r5-f6-1ccc652bfea4b3e698683232,81,2.948372534896511e-05,28.000001907348633,30.272139072418213,1.6778584718704224,False,0.0006465701933881932,1.0
7,F6,r5-f6-1ccc652bfea4b3e698683232,82,2.9467611532485588e-05,34.625003814697266,30.464847683906555,1.3308773040771484,False,0.0006093581860225864,1.0
7,F6,r5-f6-1ccc652bfea4b3e698683232,83,2.945125696774339e-05,34.54166793823242,30.834638595581055,1.9349868297576904,False,0.0005318742908739561,1.0
7,F6,r5-f6-1ccc652bfea4b3e698683232,84,2.9434662070612482e-05,27.041667938232422,30.535159587860107,4.767755508422852,False,0.0004670708991137066,1.0
7,F6,r5-f6-1ccc652bfea4b3e698683232,85,2.9417827263078142e-05,27.291667938232422,30.488284587860107,1.6250447034835815,False,0.00047346004050114024,1.0
7,F6,r5-f6-1ccc652bfea4b3e698683232,86,2.940075297322622e-05,28.416677474975586,30.282556176185608,0.8753575086593628,False,0.0004495048984616049,1.0
7,F6,r5-f6-1ccc652bfea4b3e698683232,87,2.938343963523229e-05,27.291667938232422,29.821618676185608,0.8035785555839539,False,0.0003898522713159505,1.0
7,F6,r5-f6-1ccc652bfea4b3e698683232,88,2.9365887689350595e-05,29.041677474975586,29.82682716846466,2.429260730743408,False,0.0003850457145936022,1.0
7,F6,r5-f6-1ccc652bfea4b3e698683232,89,2.9348097581902822e-05,27.500003814697266,29.733076810836792,1.7090038061141968,False,0.0004020205392442068,1.0
7,F6,r5-f6-1ccc652bfea4b3e698683232,90,2.933006976526679e-05,31.833332061767578,29.753910064697266,1.4727734327316284,False,0.00035006838975667435,1.0
7,F6,r5-f6-1ccc652bfea4b3e698683232,91,2.9311804697864947e-05,31.625,30.022139072418213,5.5412917137146,False,0.0005659502736879394,1.0
7,F6,r5-f6-1ccc652bfea4b3e698683232,92,2.9293302844152674e-05,31.208332061767578,30.256513833999634,1.6645702123641968,False,0.0004702346174288579,1.0
7,F6,r5-f6-1ccc652bfea4b3e698683232,93,2.9274564674606523e-05,34.66666793823242,30.717451333999634,1.4413431882858276,False,0.0003987834855437648,1.0
7,F6,r5-f6-1ccc652bfea4b3e698683232,94,2.9255590665712213e-05,31.75,30.527347087860107,2.040475368499756,False,0.0004721569886098167,1.0
7,F6,r5-f6-1ccc652bfea4b3e698683232,95,2.923638129995254e-05,34.583335876464844,30.515628337860107,1.3713641166687012,False,0.0004930310675800103,1.0
7,F6,r5-f6-1ccc652bfea4b3e698683232,96,2.9216937065795103e-05,27.583335876464844,30.43750250339508,5.9146270751953125,False,0.0007689522658781913,1.0
7,F6,r5-f6-1ccc652bfea4b3e698683232,97,2.919725845767987e-05,27.458335876464844,30.403648376464844,1.4885401725769043,False,0.00064328959115215,1.0
7,F6,r5-f6-1ccc652bfea4b3e698683232,98,2.9177345976006628e-05,31.79166603088379,30.2265647649765,1.3983888626098633,False,0.0005481488525128244,1.0
7,F6,r5-f6-1ccc652bfea4b3e698683232,99,2.9157200127122236e-05,27.291667938232422,29.7734397649765,1.290510892868042,False,0.0005782251994184549,1.0
7,F6,r5-f6-1ccc652bfea4b3e698683232,100,2.913682142330775e-05,34.062503814697266,30.212242007255554,3.41487717628479,False,0.000540187595960888,1.0
7,F6,r5-f6-1ccc652bfea4b3e698683232,101,2.911621038276542e-05,34.41667175292969,30.657554745674133,0.9902133345603943,False,0.0005061483061472786,1.0
7,F6,r5-f6-1ccc652bfea4b3e698683232,102,2.909536752960549e-05,31.25,30.83463740348816,0.9897077679634094,False,0.00044593451612073306,1.0
7,F6,r5-f6-1ccc652bfea4b3e698683232,103,2.9074293393832876e-05,34.16667175292969,31.26432514190674,1.3572824001312256,False,0.0004431265854746178,1.0
7,F6,r5-f6-1ccc652bfea4b3e698683232,104,2.90529885113337e-05,31.625,31.425782799720764,1.6805540323257446,False,0.00048010326035020934,1.0
7,F6,r5-f6-1ccc652bfea4b3e698683232,105,2.9031453423861642e-05,27.291667938232422,31.41276180744171,1.1185448169708252,False,0.00043801983465590846,1.0
7,F6,r5-f6-1ccc652bfea4b3e698683232,106,2.9009688679024187e-05,29.291677474975586,31.253908395767212,2.09525465965271,False,0.0005132659946518124,1.0
7,F6,r5-f6-1ccc652bfea4b3e698683232,107,2.8987694830268685e-05,31.66666603088379,31.25651252269745,1.5253727436065674,False,0.0005339310677073063,1.0
7,F6,r5-f6-1ccc652bfea4b3e698683232,108,2.8965472436868284e-05,28.791677474975586,31.10547161102295,0.8381296992301941,False,0.0005257092024614345,1.0
7,F6,r5-f6-1ccc652bfea4b3e698683232,109,2.894302206390769e-05,34.60416793823242,31.10156536102295,2.052337169647217,False,0.00043189863048724103,1.0
7,F6,r5-f6-1ccc652bfea4b3e698683232,110,2.8920344282268846e-05,34.250003814697266,31.25781559944153,0.9671270847320557,False,0.0003899233374062047,1.0
7,F6,r5-f6-1ccc652bfea4b3e698683232,111,2.8897439668616345e-05,28.833341598510742,30.898440957069397,1.1396257877349854,False,0.00038771147378731976,1.0
7,F6,r5-f6-1ccc652bfea4b3e698683232,112,2.8874308805382837e-05,32.04166793823242,31.17708671092987,1.3401741981506348,False,0.0003971187674745805,1.0
7,F6,r5-f6-1ccc652bfea4b3e698683232,113,2.8850952280754167e-05,34.54166793823242,31.619794964790344,2.1007637977600098,False,0.000406898365851942,1.0
7,F6,r5-f6-1ccc652bfea4b3e698683232,114,2.8827370688654434e-05,27.458335876464844,31.34896183013916,2.5072221755981445,False,0.0004793543685846051,1.0
7,F6,r5-f6-1ccc652bfea4b3e698683232,115,2.880356462873091e-05,31.75,31.627607583999634,1.8186414241790771,False,0.0004147702345788076,1.0
7,F6,r5-f6-1ccc652bfea4b3e698683232,116,2.8779534706338766e-05,27.708335876464844,31.230472087860107,2.2716968059539795,False,0.0005046963569433009,1.0
7,F6,r5-f6-1ccc652bfea4b3e698683232,117,2.875528153252567e-05,28.833341598510742,30.881513953208923,1.494004249572754,False,0.0005106662888753477,1.0
7,F6,r5-f6-1ccc652bfea4b3e698683232,118,2.8730805724016292e-05,31.29166603088379,30.88411808013916,1.794102430343628,False,0.0005533080454202745,1.0
7,F6,r5-f6-1ccc652bfea4b3e698683232,119,2.8706107903196563e-05,28.416677474975586,30.52474343776703,1.08315110206604,False,0.0005627395170092556,1.0
7,F6,r5-f6-1ccc652bfea4b3e698683232,120,2.868118869809791e-05,34.72916793823242,30.718753933906555,1.3865803480148315,False,0.0005819173064181167,1.0
7,F6,r5-f6-1ccc652bfea4b3e698683232,121,2.8656048742381237e-05,28.166677474975586,30.773442029953003,2.173722982406616,False,0.00048574999392151074,1.0
7,F6,r5-f6-1ccc652bfea4b3e698683232,122,2.863068867532084e-05,27.916667938232422,30.687503933906555,1.1552979946136475,False,0.0004977057096603212,1.0
7,F6,r5-f6-1ccc652bfea4b3e698683232,123,2.8605109141788138e-05,29.041677474975586,30.523442149162292,0.9304200410842896,False,0.0004491435066059996,1.0
7,F6,r5-f6-1ccc652bfea4b3e698683232,124,2.857931079223527e-05,27.333335876464844,30.43229579925537,1.4253158569335938,False,0.0004154652980652867,1.0
7,F6,r5-f6-1ccc652bfea4b3e698683232,125,2.8553294282678578e-05,27.291667938232422,29.97526454925537,2.9609813690185547,False,0.00047030895480958254,1.0
7,F6,r5-f6-1ccc652bfea4b3e698683232,126,2.8527060274681913e-05,28.87500762939453,29.63932728767395,1.9597275257110596,False,0.0005049669125082638,1.0
7,F6,r5-f6-1ccc652bfea4b3e698683232,127,2.8500609435339794e-05,27.333335876464844,29.54557693004608,0.7145968079566956,False,0.0005023094334431525,1.0
7,F6,r5-f6-1ccc652bfea4b3e698683232,128,2.847394243726047e-05,28.50001335144043,29.324223518371582,0.8430917263031006,False,0.0005088143322182229,1.0
