arm,step,seed_i,seed_j,rmse,rmse_over_initial
mcq,0,0,1,0.08022652455429298,1.0
mcq,0,0,2,0.08018091669530274,1.0
mcq,0,0,3,0.08002264663462927,1.0
mcq,0,0,4,0.08018631784196184,1.0
mcq,0,0,5,0.0801008308494373,1.0
mcq,0,0,6,0.08027064878373555,1.0
mcq,0,0,7,0.08026985345197064,1.0
mcq,0,1,2,0.08001807576802397,1.0
mcq,0,1,3,0.0802292138946345,1.0
mcq,0,1,4,0.08027059122712105,1.0
mcq,0,1,5,0.08034290984923896,1.0
mcq,0,1,6,0.08032276952438172,1.0
mcq,0,1,7,0.07998597173295992,1.0
mcq,0,2,3,0.08016722001159234,1.0
mcq,0,2,4,0.0804267257599461,1.0
mcq,0,2,5,0.08019457383366278,1.0
mcq,0,2,6,0.08022969746540216,1.0
mcq,0,2,7,0.07999944406015015,1.0
mcq,0,3,4,0.08035676156723309,1.0
mcq,0,3,5,0.08008882878474001,1.0
mcq,0,3,6,0.08041206300569033,1.0
mcq,0,3,7,0.08024445063966584,1.0
mcq,0,4,5,0.08012313424702448,1.0
mcq,0,4,6,0.08052720780948176,1.0
mcq,0,4,7,0.0802538098980455,1.0
mcq,0,5,6,0.08034950741841014,1.0
mcq,0,5,7,0.08034435076228248,1.0
mcq,0,6,7,0.08013401900829026,1.0
mcq,1,0,1,0.10643090983071178,1.3266299446722896
mcq,1,0,2,0.10665153467520702,1.3301361355158343
mcq,1,0,3,0.10621281690560064,1.3272844797367367
mcq,1,0,4,0.10724609032946633,1.3374612180202143
mcq,1,0,5,0.10693855656938532,1.3350492802052696
mcq,1,0,6,0.10677128446526235,1.3301410426234945
mcq,1,0,7,0.10653953721299612,1.3272671199872554
mcq,1,1,2,0.10664453798451067,1.3327555925448398
mcq,1,1,3,0.10650896534184093,1.3275583814359664
mcq,1,1,4,0.10713387606586265,1.3346591127344942
mcq,1,1,5,0.10725303099271863,1.334940832912023
mcq,1,1,6,0.10677482368122507,1.329321988191828
mcq,1,1,7,0.10657461327892319,1.3324163096340411
mcq,1,2,3,0.10678375559343867,1.3320127051679918
mcq,1,2,4,0.10684563797030587,1.3284842440212437
mcq,1,2,5,0.10710506107998191,1.3355649386221076
mcq,1,2,6,0.10677030174776024,1.3308077323088912
mcq,1,2,7,0.10665576603778304,1.3332063402539458
mcq,1,3,4,0.10689185302602304,1.3302160383428159
mcq,1,3,5,0.10649378395304618,1.3296958585731913
mcq,1,3,6,0.10640338141353445,1.3232266085003297
mcq,1,3,7,0.10608704351188301,1.3220483493402204
mcq,1,4,5,0.10732421384676318,1.3394909579532437
mcq,1,4,6,0.10723718732506277,1.3316888818344947
mcq,1,4,7,0.10630751048313457,1.3246412926462645
mcq,1,5,6,0.10674552981610111,1.3285150493858904
mcq,1,5,7,0.10696122730884798,1.331284978894381
mcq,1,6,7,0.10655889309064157,1.3297585021864124
mcq,2,0,1,0.13234578082620915,1.6496511791015536
mcq,2,0,2,0.13167823779024831,1.642264060046129
mcq,2,0,3,0.13158123045510844,1.644299907448544
mcq,2,0,4,0.13354136906667144,1.66538846851487
mcq,2,0,5,0.1338534434690024,1.671061861026161
mcq,2,0,6,0.13213998892600728,1.646180651685246
mcq,2,0,7,0.13390390172562025,1.6681717477625826
mcq,2,1,2,0.13245376369628387,1.6552980364120893
mcq,2,1,3,0.1324804546786767,1.6512744952563547
mcq,2,1,4,0.13374443673492267,1.666169822475836
mcq,2,1,5,0.13444056075724978,1.673334473564916
mcq,2,1,6,0.13208541858084163,1.6444330712569308
mcq,2,1,7,0.13421983523581713,1.678042190747168
mcq,2,2,3,0.13242240572399996,1.651827339214849
mcq,2,2,4,0.13247783477102745,1.647186722066009
mcq,2,2,5,0.1331891058955806,1.6608244115348443
mcq,2,2,6,0.1316098129079293,1.6404126784185373
mcq,2,2,7,0.13411055599153837,1.6763935995693051
mcq,2,3,4,0.1327657725567039,1.6522041203168836
mcq,2,3,5,0.13289447658081918,1.659338494486021
mcq,2,3,6,0.13105325303827373,1.6297710584666854
mcq,2,3,7,0.13351622047031866,1.6638685841325944
mcq,2,4,5,0.13438376458664125,1.6772155239500237
mcq,2,4,6,0.13258783991313944,1.6464974201865687
mcq,2,4,7,0.13348960864597093,1.6633429467779315
mcq,2,5,6,0.13260170023228626,1.6503113023677827
mcq,2,5,7,0.13531042619097847,1.6841311791954852
mcq,2,6,7,0.13327333163602437,1.6631305066857633
mcq,3,0,1,0.15590895382417191,1.9433591906210663
mcq,3,0,2,0.15438557688985144,1.9254653507708757
mcq,3,0,3,0.15513425388584776,1.9386293806822734
mcq,3,0,4,0.15838370594054116,1.9751961457152518
mcq,3,0,5,0.15829242608982563,1.976164596686423
mcq,3,0,6,0.15664399079187916,1.9514479223147676
mcq,3,0,7,0.15863603705860851,1.9762841245689848
mcq,3,1,2,0.15509468213661293,1.9382455857378955
mcq,3,1,3,0.15593752084295298,1.9436501153775063
mcq,3,1,4,0.15839267268767085,1.9732341604350196
mcq,3,1,5,0.15846382368782844,1.9723435955354494
mcq,3,1,6,0.15624547807217842,1.9452202532029303
mcq,3,1,7,0.15885695742013128,1.9860602300424501
mcq,3,2,3,0.15517212673571684,1.9356056841347205
mcq,3,2,4,0.15598494032453536,1.9394665001048514
mcq,3,2,5,0.15604278599330065,1.9458022972596625
mcq,3,2,6,0.15506877296701954,1.9328101422031485
mcq,3,2,7,0.1581599138294813,1.9770126616200443
mcq,3,3,4,0.15694292074142094,1.9530767253494847
mcq,3,3,5,0.15683730389302858,1.9582918900533615
mcq,3,3,6,0.15498997710561843,1.9274468445692112
mcq,3,3,7,0.15827059349260061,1.9723556237341286
mcq,3,4,5,0.15951381863846506,1.990858447282832
mcq,3,4,6,0.1575952328040763,1.9570433036363157
mcq,3,4,7,0.15868641003077524,1.9773068746813465
mcq,3,5,6,0.1572807127241131,1.9574570868878287
mcq,3,5,7,0.16045771613933785,1.9971250575424955
mcq,3,6,7,0.15829699741096617,1.975403197917598
mcq,4,0,1,0.17754879009399047,2.213093376291466
mcq,4,0,2,0.17577622371041451,2.1922451245897525
mcq,4,0,3,0.17709207517272085,2.213024470201482
mcq,4,0,4,0.1809857621333612,2.257065382277107
mcq,4,0,5,0.17713996582450633,2.2114622775570214
mcq,4,0,6,0.17846293441025488,2.2232651300859434
mcq,4,0,7,0.17983570534188945,2.2403891075931
mcq,4,1,2,0.17617243649269262,2.2016579979181765
mcq,4,1,3,0.17747961913630086,2.2121570251128957
mcq,4,1,4,0.18064463280667648,2.250446023196127
mcq,4,1,5,0.17652464270504112,2.197140270825195
mcq,4,1,6,0.1775280577710375,2.2101834737801145
mcq,4,1,7,0.17972095119958867,2.2469058924432725
mcq,4,2,3,0.1766884162505985,2.2039982953762025
mcq,4,2,4,0.1777656182120554,2.2102804326840535
mcq,4,2,5,0.17390888275857683,2.168586656739314
mcq,4,2,6,0.17608750525955386,2.1947920884967678
mcq,4,2,7,0.1789636908874795,2.2370616819901885
mcq,4,3,4,0.17908903678293406,2.228674143781832
mcq,4,3,5,0.17561425444796003,2.192743446404616
mcq,4,3,6,0.1764382250023478,2.194176077659669
mcq,4,3,7,0.17956202131999138,2.2376877140863822
mcq,4,4,5,0.17888992404730397,2.2326875468422824
mcq,4,4,6,0.17958837870480002,2.230157776359088
mcq,4,4,7,0.18006470239076017,2.2436903945060616
mcq,4,5,6,0.17570357995055186,2.186741220896317
mcq,4,5,7,0.17837941646461997,2.2201861708036836
mcq,4,6,7,0.17885269729959674,2.231919720401064
mcq,5,0,1,0.19712725959131486,2.4571332322629753
mcq,5,0,2,0.1956147557863389,2.4396672406440407
mcq,5,0,3,0.19704297767271903,2.4623401744306967
mcq,5,0,4,0.20166077892356166,2.5149025962385783
mcq,5,0,5,0.195880523278301,2.4454243632814583
mcq,5,0,6,0.19856745873073495,2.473724353041092
mcq,5,0,7,0.19915678311728607,2.4810906529990273
mcq,5,1,2,0.19499337336456787,2.4368665641231178
mcq,5,1,3,0.1964639680076337,2.4487834103129935
mcq,5,1,4,0.2005233356570645,2.498092172881787
mcq,5,1,5,0.19389986301117715,2.4134035395907913
mcq,5,1,6,0.19663390008373025,2.448046814720982
mcq,5,1,7,0.19815741448940422,2.477402101845682
mcq,5,2,3,0.19630166275633773,2.4486524882358665
mcq,5,2,4,0.19787006164801535,2.460252606062922
mcq,5,2,5,0.19189045466698001,2.392810953331999
mcq,5,2,6,0.19567170912750526,2.4388937676336835
mcq,5,2,7,0.19797043812858892,2.4746476735480623
mcq,5,3,4,0.19907478278169202,2.477386829671199
mcq,5,3,5,0.19393290186585818,2.421472567505068
mcq,5,3,6,0.19609982609038426,2.4386866691444955
mcq,5,3,7,0.1986886413305764,2.4760421405684356
mcq,5,4,5,0.1978901004530656,2.4698247555189043
mcq,5,4,6,0.19986033297574832,2.4818982107090464
mcq,5,4,7,0.19934178038974812,2.483891800812847
mcq,5,5,6,0.19404585968870394,2.4150223930836825
mcq,5,5,7,0.19592064250565228,2.438511739118152
mcq,5,6,7,0.1978330703574507,2.468777590413678
mcq,6,0,1,0.21571287832697023,2.6887974959078202
mcq,6,0,2,0.21413639188967712,2.6706652993681965
mcq,6,0,3,0.21594267201372183,2.698519495358381
mcq,6,0,4,0.21939596778835632,2.7360773470202355
mcq,6,0,5,0.21176780152360122,2.6437653552140263
mcq,6,0,6,0.21785486834348988,2.7140040805006134
mcq,6,0,7,0.21715018743676837,2.705252072830803
mcq,6,1,2,0.21251918181212637,2.655889682079198
mcq,6,1,3,0.21441175605317594,2.6724898032126325
mcq,6,1,4,0.2174471732924384,2.7089270175821185
mcq,6,1,5,0.20868323325961563,2.5974069603802428
mcq,6,1,6,0.2149956925013237,2.676646905658083
mcq,6,1,7,0.2153850197634753,2.6927849358704647
mcq,6,2,3,0.21438730223662741,2.674251423532294
mcq,6,2,4,0.2147017014990616,2.6695317939448775
mcq,6,2,5,0.20675541367423594,2.578172110535582
mcq,6,2,6,0.21404673357880422,2.6679239775409673
mcq,6,2,7,0.21522657417822458,2.690350873143563
mcq,6,3,4,0.216061409883974,2.688776969977806
mcq,6,3,5,0.20924123712112683,2.612614521851958
mcq,6,3,6,0.21490689592693335,2.67257035690933
mcq,6,3,7,0.21641667557326683,2.6969675017787376
mcq,6,4,5,0.21202415533723734,2.646228924140112
mcq,6,4,6,0.2173395546841597,2.69895803662236
mcq,6,4,7,0.21537344148627702,2.6836537948776216
mcq,6,5,6,0.20967053810015232,2.6094813127891237
mcq,6,5,7,0.2102307291021781,2.61662117009564
mcq,6,6,7,0.21568368919429362,2.6915371506822847
mcq,7,0,1,0.233143585080856,2.90606612184823
mcq,7,0,2,0.2313080320289023,2.8848264844352056
mcq,7,0,3,0.23335150956165523,2.916068380331149
mcq,7,0,4,0.2355063039566683,2.9369886321607206
mcq,7,0,5,0.22787317228256118,2.8448290718842397
mcq,7,0,6,0.23574996212785387,2.936938541047666
mcq,7,0,7,0.23193205625541538,2.8894042567823
mcq,7,1,2,0.22883086820793136,2.8597397027057037
mcq,7,1,3,0.23107722708174516,2.8802130279528884
mcq,7,1,4,0.23286189594673756,2.9009615151315895
mcq,7,1,5,0.22380350667889892,2.785603696690342
mcq,7,1,6,0.232088387248247,2.8894470225880013
mcq,7,1,7,0.22967275271563303,2.871412920785852
mcq,7,2,3,0.2309640050960665,2.881027994517817
mcq,7,2,4,0.229788885985866,2.857120985774418
mcq,7,2,5,0.22180490292655675,2.7658342992958342
mcq,7,2,6,0.23087867108585317,2.877720823831052
mcq,7,2,7,0.22931333562580972,2.8664366149018874
mcq,7,3,4,0.2312652988428913,2.87798181923242
mcq,7,3,5,0.22457602464853588,2.8040867628635646
mcq,7,3,6,0.23210227821388246,2.886411186807355
mcq,7,3,7,0.23067497573362197,2.8746533111611385
mcq,7,4,5,0.22605763697520947,2.8213778592117986
mcq,7,4,6,0.23326685592434604,2.8967458610539305
mcq,7,4,7,0.2281660327344147,2.8430554639621097
mcq,7,5,6,0.2253572386631638,2.804712137059457
mcq,7,5,7,0.22281132548174126,2.7732046294204378
mcq,7,6,7,0.23038033988989914,2.87493804430382
mcq,8,0,1,0.2491817261702389,3.1059768269234467
mcq,8,0,2,0.24717543067852255,3.0827214362966107
mcq,8,0,3,0.24902819544169005,3.111971497002759
mcq,8,0,4,0.2504220217981045,3.1230018853298387
mcq,8,0,5,0.24324978668068,3.036794801016584
mcq,8,0,6,0.25170549122258395,3.135710188424247
mcq,8,0,7,0.24638096790734257,3.0694084679594473
mcq,8,1,2,0.2445545177879465,3.0562409235748325
mcq,8,1,3,0.24671474267383597,3.075123520440421
mcq,8,1,4,0.24777934900823834,3.086801096396074
mcq,8,1,5,0.23887844624843044,2.9732361784839334
mcq,8,1,6,0.24798057280694827,3.0873010763364497
mcq,8,1,7,0.24432923588424554,3.054651091818448
mcq,8,2,3,0.2466189343070566,3.076306428879472
mcq,8,2,4,0.2445393774608755,3.0405238451552177
mcq,8,2,5,0.23690929387353316,2.954181094158857
mcq,8,2,6,0.24661932549077664,3.073915685611646
mcq,8,2,7,0.2438775368578702,3.0484903954395364
mcq,8,3,4,0.245716035861521,3.057814066535455
mcq,8,3,5,0.239585189444732,2.9914932342022484
mcq,8,3,6,0.24778307572649458,3.0814167236196925
mcq,8,3,7,0.24500492083843417,3.0532319541773414
mcq,8,4,5,0.2402737408253698,2.998806063734243
mcq,8,4,6,0.24812407330502145,3.0812452095949343
mcq,8,4,7,0.2415942403644949,3.010377210395574
mcq,8,5,6,0.24046621900353657,2.992752870921018
mcq,8,5,7,0.23649044310742431,2.943460751921893
mcq,8,6,7,0.24491779185969287,3.056352281973464
mcq,9,0,1,0.2615997195456955,3.2607634569619046
mcq,9,0,2,0.26086383513530903,3.2534404180813175
mcq,9,0,3,0.26224480615455,3.2771323766872924
mcq,9,0,4,0.26332285181636045,3.283887562156676
mcq,9,0,5,0.2566381616764866,3.2039388225433054
mcq,9,0,6,0.26503160888150434,3.3017250127820703
mcq,9,0,7,0.25901081256122915,3.2267507840438245
mcq,9,1,2,0.2581685597760818,3.2263780064459953
mcq,9,1,3,0.2599967120865559,3.240673807772953
mcq,9,1,4,0.26075247292356357,3.24841849221939
mcq,9,1,5,0.2519814024747984,3.1363240757352933
mcq,9,1,6,0.261306886200458,3.25321061198144
mcq,9,1,7,0.2572932687450951,3.2167299236432476
mcq,9,2,3,0.2614212066767333,3.2609488845806465
mcq,9,2,4,0.25888724148576614,3.2189205645208108
mcq,9,2,5,0.2517208244947262,3.13887601693399
mcq,9,2,6,0.2613575069383582,3.2576155114016805
mcq,9,2,7,0.2582394114863037,3.2280150758565034
mcq,9,3,4,0.2595590533542101,3.230083546075231
mcq,9,3,5,0.2540082034658384,3.171580947307307
mcq,9,3,6,0.26224962927420037,3.2613219891602876
mcq,9,3,7,0.2589317088371649,3.2267864852098778
mcq,9,4,5,0.25436956797450616,3.1747331200283475
mcq,9,4,6,0.2622052660276316,3.256107757367914
mcq,9,4,7,0.25510574733081404,3.178736905511409
mcq,9,5,6,0.254823539286149,3.1714387240631963
mcq,9,5,7,0.25034606478533317,3.1159137190123105
mcq,9,6,7,0.258861479245959,3.2303568752639062
mcq,10,0,1,0.2742554994329086,3.418514025835773
mcq,10,0,2,0.2742506964635979,3.4203986156180277
mcq,10,0,3,0.2751819568714825,3.4388009950223184
mcq,10,0,4,0.276133474454604,3.443648266763313
mcq,10,0,5,0.2699319745258752,3.3699023051740475
mcq,10,0,6,0.2781181644108607,3.4647554071745965
mcq,10,0,7,0.27177005902585694,3.3857051849293605
mcq,10,1,2,0.2715296737424747,3.3933542032384225
mcq,10,1,3,0.2730467018534139,3.4033326340702743
mcq,10,1,4,0.27365399454738554,3.4091438765300386
mcq,10,1,5,0.2650810157658472,3.2993703646440453
mcq,10,1,6,0.2744318340846148,3.416613193364951
mcq,10,1,7,0.27038621820999587,3.3804204956427064
mcq,10,2,3,0.2753999056314409,3.4353181461402498
mcq,10,2,4,0.2726083245488326,3.3895240913138887
mcq,10,2,5,0.2659023814219732,3.3157153746274663
mcq,10,2,6,0.27534006968180386,3.431897145075738
mcq,10,2,7,0.2721705972199096,3.402156107675816
mcq,10,3,4,0.27283120520233767,3.395248886107295
mcq,10,3,5,0.26783086173710824,3.3441725369336437
mcq,10,3,6,0.2760001362282358,3.432322538581118
mcq,10,3,7,0.272461458801688,3.3953931596486853
mcq,10,4,5,0.26804751130631804,3.345444656220154
mcq,10,4,6,0.2757312510404709,3.424075645250482
mcq,10,4,7,0.2684160220961433,3.3445891533017464
mcq,10,5,6,0.26864872887829916,3.3435018771097633
mcq,10,5,7,0.26399971779931747,3.2858528981137987
mcq,10,6,7,0.2724545227272012,3.3999857501096313
mcq,11,0,1,0.286332911155435,3.5690554058796398
mcq,11,0,2,0.286091296552057,3.5680721591053746
mcq,11,0,3,0.28717307705371664,3.5886475782899736
mcq,11,0,4,0.2880089357124602,3.5917466154275
mcq,11,0,5,0.2827520291314335,3.5299512643372264
mcq,11,0,6,0.29066173335258205,3.6210213540902134
mcq,11,0,7,0.2837355549426148,3.534771059628103
mcq,11,1,2,0.2830956596497254,3.5378963681960127
mcq,11,1,3,0.284863357829406,3.550618833228489
mcq,11,1,4,0.2852624294270221,3.553760163792595
mcq,11,1,5,0.2773859927172296,3.452526093935806
mcq,11,1,6,0.28669397026376936,3.5692739675359966
mcq,11,1,7,0.28232420471953035,3.5296714986734687
mcq,11,2,3,0.2871363568396847,3.581717774399115
mcq,11,2,4,0.2839664473795122,3.53074733176484
mcq,11,2,5,0.2783273898288192,3.4706511491178653
mcq,11,2,6,0.28745017485107005,3.5828400696017653
mcq,11,2,7,0.2838634793255035,3.5483181497120357
mcq,11,3,4,0.28450184392712197,3.54048419048202
mcq,11,3,5,0.28052003523441343,3.502611281635614
mcq,11,3,6,0.28846534600452894,3.5873392028770086
mcq,11,3,7,0.28449418218615113,3.5453440071969546
mcq,11,4,5,0.2805166174845904,3.5010689499457253
mcq,11,4,6,0.28799067518535804,3.5763151737076404
mcq,11,4,7,0.2801950081179877,3.4913608272796974
mcq,11,5,6,0.28170749479754265,3.506026406989475
mcq,11,5,7,0.2766248924565805,3.442991197664162
mcq,11,6,7,0.2849425088618076,3.555824509841805
mcq,12,0,1,0.29787013894098696,3.712863552245798
mcq,12,0,2,0.2975140233867185,3.7105340728057286
mcq,12,0,3,0.29850579246736036,3.7302664310803233
mcq,12,0,4,0.2992750968906354,3.7322464099233583
mcq,12,0,5,0.2947274767716735,3.6794559263144513
mcq,12,0,6,0.30235386078993703,3.7666801672992087
mcq,12,0,7,0.29521655567287025,3.6778011043649492
mcq,12,1,2,0.2945877775961952,3.6815153922248585
mcq,12,1,3,0.29633473770183727,3.6936014117128884
mcq,12,1,4,0.2966109380316508,3.695138325223083
mcq,12,1,5,0.2892321198338866,3.599970680382649
mcq,12,1,6,0.298418110749982,3.715236819111399
mcq,12,1,7,0.2941039529890711,3.676944176798434
mcq,12,2,3,0.29860494889394934,3.7247761472927525
mcq,12,2,4,0.29516492116831133,3.669985547457268
mcq,12,2,5,0.29036987443255585,3.62081697740339
mcq,12,2,6,0.2991248537418511,3.7283557484539207
mcq,12,2,7,0.2955174936284711,3.693994340839128
mcq,12,3,4,0.29578883470138306,3.6809451865964227
mcq,12,3,5,0.29257315900701997,3.653108223038047
mcq,12,3,6,0.30023728101141944,3.733734340209295
mcq,12,3,7,0.2961998852641273,3.691219553538971
mcq,12,4,5,0.2924183951201886,3.6496125353589504
mcq,12,4,6,0.2996540731517247,3.7211531518722496
mcq,12,4,7,0.29174811939380524,3.635317996297525
mcq,12,5,6,0.2939490619291221,3.6583803855625234
mcq,12,5,7,0.2888192491787322,3.5947673537529896
mcq,12,6,7,0.29691584195263293,3.705240865579393
mcq,13,0,1,0.30890603339366707,3.8504227262719843
mcq,13,0,2,0.308524267386376,3.8478515849202104
mcq,13,0,3,0.3093101006776016,3.8652820630872475
mcq,13,0,4,0.310065274777953,3.866810237989186
mcq,13,0,5,0.3060130490288758,3.820348001184629
mcq,13,0,6,0.31331746658049076,3.903263164405558
mcq,13,0,7,0.30625546955616995,3.8153236412648677
mcq,13,1,2,0.30572122496477083,3.820652046808405
mcq,13,1,3,0.30729860975138396,3.8302582667076988
mcq,13,1,4,0.30752681287247624,3.831126794648201
mcq,13,1,5,0.3004271316493896,3.7393110632056024
mcq,13,1,6,0.30947831674486853,3.852933839027144
mcq,13,1,7,0.3054309125906308,3.818556003924517
mcq,13,2,3,0.30963142899549906,3.86231964823934
mcq,13,2,4,0.3060321068062928,3.8051046330012612
mcq,13,2,5,0.30184381805313487,3.763893286336435
mcq,13,2,6,0.31022626107034,3.8667260487193085
mcq,13,2,7,0.3068185727455948,3.8352588114850326
mcq,13,3,4,0.3065892138889279,3.8153505431202586
mcq,13,3,5,0.30389809119754807,3.7945128653879414
mcq,13,3,6,0.3112948257736604,3.8712453596872867
mcq,13,3,7,0.30736504786560515,3.830358927196278
mcq,13,4,5,0.3036701136169357,3.790042869275462
mcq,13,4,6,0.3106616818360582,3.8578474317779463
mcq,13,4,7,0.30286601990083584,3.7738522356209265
mcq,13,5,6,0.30534309189176595,3.8001862326514275
mcq,13,5,7,0.3003746168852471,3.7385903804733642
mcq,13,6,7,0.30823318688093165,3.846471083012115
mcq,14,0,1,0.3194533523160187,3.9818919502094334
mcq,14,0,2,0.31908057114183364,3.979507647117315
mcq,14,0,3,0.3196169440643524,3.9940811445998876
mcq,14,0,4,0.3203764796897005,3.9954008154000324
mcq,14,0,5,0.3166771752621934,3.95348177920202
mcq,14,0,6,0.32362651098356443,4.031691731500464
mcq,14,0,7,0.31683913474320025,3.9471747003098803
mcq,14,1,2,0.31637763088959275,3.9538270303673118
mcq,14,1,3,0.3177257108267913,3.9602246538781043
mcq,14,1,4,0.31793484488945395,3.960788627928197
mcq,14,1,5,0.31102052270592523,3.8711632835995835
mcq,14,1,6,0.3198598075149089,3.98218101055164
mcq,14,1,7,0.31626224293882804,3.953971378814986
mcq,14,2,3,0.3201482759258923,3.9935060225313816
mcq,14,2,4,0.31643113321675603,3.9344027775198107
mcq,14,2,5,0.31270826429811643,3.8993693631532564
mcq,14,2,6,0.3206769769025419,3.9969859918869686
mcq,14,2,7,0.3176636446381178,3.97082315221181
mcq,14,3,4,0.3168614928296161,3.943183954277496
mcq,14,3,5,0.3145393423394967,3.9273809732553926
mcq,14,3,6,0.3216406504372035,3.999905467099417
mcq,14,3,7,0.3180098307903263,3.963013370461409
mcq,14,4,5,0.3142732924516785,3.9223789159664535
mcq,14,4,6,0.3209823563699033,3.986011251368744
mcq,14,4,7,0.31349294166336367,3.9062686501939954
mcq,14,5,6,0.3159361718223476,3.9320237543853134
mcq,14,5,7,0.3113230324838835,3.8748590228204765
mcq,14,6,7,0.3188801716103564,3.9793358121394946
mcq,15,0,1,0.32937624424787304,4.105577875618543
mcq,15,0,2,0.3290339173291706,4.10364374579976
mcq,15,0,3,0.32932730464246623,4.115426301083524
mcq,15,0,4,0.33011196902632206,4.1168116695037105
mcq,15,0,5,0.32665396180424794,4.078034626360466
mcq,15,0,6,0.33320911479576054,4.151070407982991
mcq,15,0,7,0.3268421450893158,4.071791974615742
mcq,15,1,2,0.32646593922488254,4.079902398194654
mcq,15,1,3,0.32754535751978975,4.082619554891277
mcq,15,1,4,0.32775912425161263,4.083178150815371
mcq,15,1,5,0.3209809863767857,3.9951376789700146
mcq,15,1,6,0.32953983604551834,4.102695138586918
mcq,15,1,7,0.32648626597071934,4.081794080851102
mcq,15,2,3,0.33006846552478736,4.117249737200053
mcq,15,2,4,0.3262720225669623,4.0567612256254675
mcq,15,2,5,0.32291280582903453,4.026616644896833
mcq,15,2,6,0.3304466718511164,4.118757546027349
mcq,15,2,7,0.32795851606822507,4.099509939364565
mcq,15,3,4,0.3265351857572414,4.0635682597043825
mcq,15,3,5,0.32449726411321056,4.051716937768975
mcq,15,3,6,0.3312657363849237,4.119602507418343
mcq,15,3,7,0.32807137544270565,4.088399544485583
mcq,15,4,5,0.32421872181596434,4.046505729748144
mcq,15,4,6,0.3306012135031554,4.105459788017491
mcq,15,4,7,0.3235482479497588,4.031562468632888
mcq,15,5,6,0.3257475893987316,4.054132998008828
mcq,15,5,7,0.32161602519019505,4.002969992772375
mcq,15,6,7,0.3288134579378834,4.103294231428303
mcq,16,0,1,0.3386851503524321,4.22161064852346
mcq,16,0,2,0.33840241754373723,4.22048576508183
mcq,16,0,3,0.33844639755392736,4.2293827033642115
mcq,16,0,4,0.33922283942588916,4.230432928650733
mcq,16,0,5,0.3359827439009397,4.194497614294097
mcq,16,0,6,0.34211842294562367,4.262061265598538
mcq,16,0,7,0.3357542255688538,4.1828184695734105
mcq,16,1,2,0.3359317192341782,4.198197919780769
mcq,16,1,3,0.3367202449065203,4.196977990445438
mcq,16,1,4,0.33692739768940044,4.197395242001939
mcq,16,1,5,0.33027003054821547,4.11075515148701
mcq,16,1,6,0.3385221964466,4.214523458928326
mcq,16,1,7,0.3355702299006587,4.195363544759935
mcq,16,2,3,0.33934629995196425,4.232980760751016
mcq,16,2,4,0.3354650299478028,4.171064118028167
mcq,16,2,5,0.33244803900242986,4.145517871221359
mcq,16,2,6,0.33952505569190966,4.231912451599667
mcq,16,2,7,0.33703450437851706,4.212960581639878
mcq,16,3,4,0.33554916678427543,4.175742778080067
mcq,16,3,5,0.33376852793093975,4.167479197729702
mcq,16,3,6,0.340186153848733,4.230536329165686
mcq,16,3,7,0.3369921382720008,4.19956938561707
mcq,16,4,5,0.33343957193316026,4.161589222223207
mcq,16,4,6,0.3394891485251295,4.215831614680125
mcq,16,4,7,0.3325184120112113,4.143334907509599
mcq,16,5,6,0.33481688305004076,4.167006044063508
mcq,16,5,7,0.3307139443977124,4.116206569099137
mcq,16,6,7,0.33751117706852846,4.21183389084243
mcq,17,0,1,0.3473874829312392,4.330082661079829
mcq,17,0,2,0.34717435298210675,4.329887550443101
mcq,17,0,3,0.34697868467791726,4.336006109147664
mcq,17,0,4,0.34774772710633867,4.33674642339495
mcq,17,0,5,0.34466962357650355,4.302946922290567
mcq,17,0,6,0.3503916191426111,4.365127533560031
mcq,17,0,7,0.34439816423381675,4.290504459932606
mcq,17,1,2,0.3447722972275276,4.3086801815509554
mcq,17,1,3,0.3452683168807357,4.303523618393902
mcq,17,1,4,0.34548513605494735,4.304006371118121
mcq,17,1,5,0.3389173062107322,4.218384756622585
mcq,17,1,6,0.34683695087002264,4.318040238449963
mcq,17,1,7,0.3443409552710403,4.305016839961041
mcq,17,2,3,0.34800455078304515,4.340983144141995
mcq,17,2,4,0.3440658937624266,4.278004488077486
mcq,17,2,5,0.34133905747854476,4.256385951829361
mcq,17,2,6,0.3479467314011584,4.336882007453725
mcq,17,2,7,0.3458371641646754,4.322994593620509
mcq,17,3,4,0.3439559618411129,4.2803611685288105
mcq,17,3,5,0.34238213151467417,4.275029822635028
mcq,17,3,6,0.34843235154267554,4.333085590877315
mcq,17,3,7,0.3456192948095399,4.307080328352275
mcq,17,4,5,0.3420255715088773,4.268749278509147
mcq,17,4,6,0.3477235515606705,4.318087774548758
mcq,17,4,7,0.34120505243537463,4.251574509283008
mcq,17,5,6,0.3431967296173086,4.271298488865078
mcq,17,5,7,0.3395137175767326,4.225732293005431
mcq,17,6,7,0.3458711363834479,4.316158613580405
mcq,18,0,1,0.35550848406634916,4.4313085484060855
mcq,18,0,2,0.3553728217476972,4.432137176706987
mcq,18,0,3,0.35493798169016905,4.435469165507105
mcq,18,0,4,0.35571155684024175,4.436062989465472
mcq,18,0,5,0.3527793836173661,4.40419131582384
mcq,18,0,6,0.3580695426932593,4.460777981974046
mcq,18,0,7,0.3527115736001834,4.3940727238430535
mcq,18,1,2,0.35299717929272806,4.411467982760331
mcq,18,1,3,0.353203365886499,4.402428351726879
mcq,18,1,4,0.3534440716671477,4.40315769778122
mcq,18,1,5,0.34695370957635707,4.318411048683763
mcq,18,1,6,0.35451769746985534,4.413663766439759
mcq,18,1,7,0.3527289657468301,4.409885359953446
mcq,18,2,3,0.3560522874914189,4.441370019316287
mcq,18,2,4,0.3520768602942464,4.377610265337779
mcq,18,2,5,0.34961178422045486,4.359544137557353
mcq,18,2,6,0.35573670704073884,4.433977919387579
mcq,18,2,7,0.35426770000558916,4.428377023960587
mcq,18,3,4,0.35176761806775314,4.377573351726418
mcq,18,3,5,0.3503809721363123,4.374904433651467
mcq,18,3,6,0.3560406926581087,4.4277025032041974
mcq,18,3,7,0.3538673668899256,4.409867150551648
mcq,18,4,5,0.35001562371365397,4.368471440901632
mcq,18,4,6,0.35533449453053084,4.412601705639812
mcq,18,4,7,0.34952327865818955,4.355223497828006
mcq,18,5,6,0.3509383311438608,4.367647573947066
mcq,18,5,7,0.347934506372301,4.330541015904733
mcq,18,6,7,0.3538326926943503,4.41551162756163
mcq,19,0,1,0.3630567338294763,4.525395258569117
mcq,19,0,2,0.3630021233697796,4.527288266723514
mcq,19,0,3,0.3623339277895464,4.527892328329325
mcq,19,0,4,0.36312055204842053,4.5284602388663115
mcq,19,0,5,0.36029582168789226,4.498028520642034
mcq,19,0,6,0.36517572451657293,4.549305755587277
mcq,19,0,7,0.3606104315915295,4.492476516196709
mcq,19,1,2,0.36062098058603315,4.50674397159324
mcq,19,1,3,0.3605445832624952,4.493931396810152
mcq,19,1,4,0.3608210390439481,4.495058944103521
mcq,19,1,5,0.35438133638389074,4.410860112595829
mcq,19,1,6,0.36159677116477756,4.5017966051956915
mcq,19,1,7,0.3606531606935063,4.508955169008611
mcq,19,2,3,0.36350519175377405,4.534336998354321
mcq,19,2,4,0.35951108779006097,4.470045055211035
mcq,19,2,5,0.3572450355777966,4.454728275241959
mcq,19,2,6,0.3629246650528376,4.523570155668895
mcq,19,2,7,0.3622422993175374,4.52806020808312
mcq,19,3,4,0.3590009423832366,4.467588481435589
mcq,19,3,5,0.3577461843116348,4.4668674737793035
mcq,19,3,6,0.3630471592308934,4.514834536768476
mcq,19,3,7,0.3616728214103348,4.507138107710533
mcq,19,4,5,0.3573974158449217,4.46060203714752
mcq,19,4,6,0.36235479303257256,4.499780917399532
mcq,19,4,7,0.3573947935944187,4.4533062548488775
mcq,19,5,6,0.3580470773975834,4.456120378350267
mcq,19,5,7,0.35587559494119814,4.429379185527793
mcq,19,6,7,0.3613337112801253,4.509117547726436
mcq,20,0,1,0.370046890117672,4.612525497938581
mcq,20,0,2,0.37006971549351136,4.615433830718366
mcq,20,0,3,0.36917955986811457,4.613438512646676
mcq,20,0,4,0.3699841227396027,4.61405552339739
mcq,20,0,5,0.36727865931929454,4.585204116167724
mcq,20,0,6,0.37173056100680096,4.6309649496955485
mcq,20,0,7,0.3680662605123282,4.585361062513464
mcq,20,1,2,0.367669775691815,4.59483400672751
mcq,20,1,3,0.3673224224348943,4.57841233390746
mcq,20,1,4,0.3676414128508721,4.580026224182799
mcq,20,1,5,0.3612486397851992,4.496335027733889
mcq,20,1,6,0.3681122552745287,4.582912883286344
mcq,20,1,7,0.36810930843977485,4.602173361958265
mcq,20,2,3,0.3703918930272927,4.620241202997102
mcq,20,2,4,0.3663899958465539,4.5555751820624595
mcq,20,2,5,0.3643024821393651,4.542732316216189
mcq,20,2,6,0.3695450177696456,4.606087638919569
mcq,20,2,7,0.3697442263257326,4.621834947349491
mcq,20,3,4,0.365683514931876,4.55074977885856
mcq,20,3,5,0.3645374142819628,4.55166369409339
mcq,20,3,6,0.36949052627178264,4.5949638954746845
mcq,20,3,7,0.3690085962822807,4.598555954221651
mcq,20,4,5,0.3642335637216414,4.545922562124033
mcq,20,4,6,0.36881867819791986,4.580050497597073
mcq,20,4,7,0.3648006842708971,4.5455871158558105
mcq,20,5,6,0.36458895129886926,4.537538100891115
mcq,20,5,7,0.3633479604508064,4.522383428373902
mcq,20,6,7,0.36837904307970476,4.597036909400415
mcq,21,0,1,0.3765242792616846,4.6932642458776
mcq,21,0,2,0.3766236306628756,4.697172920759828
mcq,21,0,3,0.37552146417147625,4.692689881728703
mcq,21,0,4,0.3763348532102003,4.693255200368643
mcq,21,0,5,0.37376762248171197,4.666214051939983
mcq,21,0,6,0.37778649370285655,4.706408873319131
mcq,21,0,7,0.3751009538701695,4.6729991116105705
mcq,21,1,2,0.37417339472088157,4.676110880316933
mcq,21,1,3,0.3735698330901947,4.656281857389332
mcq,21,1,4,0.37392307731658603,4.658282337283303
mcq,21,1,5,0.3675962281583918,4.57534123232747
mcq,21,1,6,0.3741011257392151,4.657472942658655
mcq,21,1,7,0.37511023850834524,4.689700335962451
mcq,21,2,3,0.37674381615527847,4.6994746244263
mcq,21,2,4,0.37273081413522047,4.63441487407718
mcq,21,2,5,0.3708431976932395,4.624292891217697
mcq,21,2,6,0.3756339540920743,4.681981435291598
mcq,21,2,7,0.37679335671883274,4.70994968959445
mcq,21,3,4,0.3718326776610534,4.6272730559200985
mcq,21,3,5,0.37080116844915834,4.629873779847435
mcq,21,3,6,0.37541014056432165,4.668579893762406
mcq,21,3,7,0.37589643602965933,4.684391668622739
mcq,21,4,5,0.37055581291718726,4.624829225660859
mcq,21,4,6,0.3747480641922159,4.653682579915441
mcq,21,4,7,0.37174821854180434,4.632156641710513
mcq,21,5,6,0.37060375146643165,4.612396060333741
mcq,21,5,7,0.37038697236807416,4.609993967888925
mcq,21,6,7,0.3749867476406731,4.6794950793854335
mcq,22,0,1,0.38251228011995403,4.767902912971014
mcq,22,0,2,0.38268609519027974,4.772782738872063
mcq,22,0,3,0.3813837556652586,4.765947787338208
mcq,22,0,4,0.3822102177595563,4.766526610098863
mcq,22,0,5,0.3797894883495858,4.741392621300804
mcq,22,0,6,0.3833717672555119,4.775989394185522
mcq,22,0,7,0.38170693163660113,4.755296231666786
mcq,22,1,2,0.38016479207757053,4.750986429362355
mcq,22,1,3,0.3793201117670456,4.727954984891276
mcq,22,1,4,0.3797108823064269,4.730386016867083
mcq,22,1,5,0.3734685855253642,4.648432403384029
mcq,22,1,6,0.3796006652679769,4.725940944463455
mcq,22,1,7,0.38165884204430783,4.7715722366730615
mcq,22,2,3,0.38259421775280605,4.772452103209793
mcq,22,2,4,0.37857747283789256,4.707110344984735
mcq,22,2,5,0.3768931040790051,4.699733237073442
mcq,22,2,6,0.3812293316143096,4.751723409884588
mcq,22,2,7,0.3833906472549069,4.79241639437697
mcq,22,3,4,0.37749698265431053,4.697762519193428
mcq,22,3,5,0.3765876377492844,4.702124421889895
mcq,22,3,6,0.38084345481290055,4.736148291406854
mcq,22,3,7,0.3823394014586633,4.7646833944385945
mcq,22,4,5,0.3764061271052893,4.69784576755081
mcq,22,4,6,0.380195978576773,4.721335669259433
mcq,22,4,7,0.3782522169842789,4.713199503734599
mcq,22,5,6,0.3761546250383132,4.681480162405158
mcq,22,5,7,0.37699961290967277,4.692297707714562
mcq,22,6,7,0.3811600443515904,4.756532232735731
mcq,23,0,1,0.38803531174655104,4.836745875535836
mcq,23,0,2,0.38828241300223554,4.842578870453129
mcq,23,0,3,0.38679226935520566,4.833535075654744
mcq,23,0,4,0.3876346017991853,4.834173861969435
mcq,23,0,5,0.3853345252342261,4.81061833126957
mcq,23,0,6,0.3885146799714313,4.8400590484594685
mcq,23,0,7,0.3878709507198685,4.832087440547659
mcq,23,1,2,0.38567757616276144,4.819880663974702
mcq,23,1,3,0.38460397525076107,4.793814579261162
mcq,23,1,4,0.3850343019766035,4.796704447923785
mcq,23,1,5,0.3788700666497485,4.715662743118051
mcq,23,1,6,0.3846438742503845,4.788727735958196
mcq,23,1,7,0.38775806799436,4.847825932388792
mcq,23,2,3,0.38797521366920695,4.8395742500875665
mcq,23,2,4,0.38396007538842364,4.774035891184351
mcq,23,2,5,0.3824503797824595,4.7690306400995
mcq,23,2,6,0.38636565814215035,4.815743675323775
mcq,23,2,7,0.38953764503307575,4.869254400570451
mcq,23,3,4,0.3827073455853782,4.762602898888274
mcq,23,3,5,0.38190089156236295,4.768466431052738
mcq,23,3,6,0.38582639628479465,4.798115877931049
mcq,23,3,7,0.3883326611985459,4.839370923508923
mcq,23,4,5,0.3817916405014168,4.765061228437844
mcq,23,4,6,0.3851964244889174,4.78343202213404
mcq,23,4,7,0.3843164349914558,4.788762495882646
mcq,23,5,6,0.3812528859937987,4.744931216671577
mcq,23,5,7,0.38316391850916787,4.769021279950942
mcq,23,6,7,0.3869012847845558,4.828177714941877
mcq,24,0,1,0.3931161560168223,4.900077102938474
mcq,24,0,2,0.3934330194610315,4.906816181163467
mcq,24,0,3,0.39175817732635965,4.895591358219698
mcq,24,0,4,0.3926203718171672,4.896351177902663
mcq,24,0,5,0.3904741399879222,4.874782643913927
mcq,24,0,6,0.3932252000679792,4.89874201873468
mcq,24,0,7,0.39359124299606885,4.903350711006015
mcq,24,1,2,0.39074211509939544,4.88317309994025
mcq,24,1,3,0.38945609621787697,4.854292810712965
mcq,24,1,4,0.3899266106533263,4.857652157438971
mcq,24,1,5,0.3838554317858967,4.777713833195609
mcq,24,1,6,0.3892675078929027,4.84629091100677
mcq,24,1,7,0.39341943451716593,4.918605425344218
mcq,24,2,3,0.3929185936901135,4.901237608505031
mcq,24,2,4,0.38890761576637545,4.83555201447798
mcq,24,2,5,0.3875818645572958,4.833018570074413
mcq,24,2,6,0.3910758714469981,4.874452774991999
mcq,24,2,7,0.3952504776149446,4.940665304095899
mcq,24,3,4,0.38749424834831936,4.822173527041775
mcq,24,3,5,0.38680549380326373,4.8297059611510385
mcq,24,3,6,0.39039291192199504,4.854904815641516
mcq,24,3,7,0.39388551182684645,4.908570109048062
mcq,24,4,5,0.3867557189669216,4.827016848523802
mcq,24,4,6,0.3897823806723375,4.8403811739569855
mcq,24,4,7,0.38995455368103304,4.859016091278802
mcq,24,5,6,0.38595491784824965,4.80345095133486
mcq,24,5,7,0.3889197826670315,4.8406612160914895
mcq,24,6,7,0.39223879151853047,4.894784966144671
mcq,25,0,1,0.3977944311752273,4.958390424927624
mcq,25,0,2,0.3981789343416453,4.96600626125009
mcq,25,0,3,0.39633296118260963,4.952759972963693
mcq,25,0,4,0.3972149593309564,4.953650074241121
mcq,25,0,5,0.3952411671985046,4.93429547492991
mcq,25,0,6,0.3975583620773523,4.952723917162429
mcq,25,0,7,0.39891323061186945,4.969651911107059
mcq,25,1,2,0.3953909912658777,4.941270924986175
mcq,25,1,3,0.39390782246797346,4.909780407237879
mcq,25,1,4,0.39441793485839477,4.913604457483212
mcq,25,1,5,0.3884607011021283,4.835034004009353
mcq,25,1,6,0.3935032844437816,4.899025354502187
mcq,25,1,7,0.3986704373042884,4.984254471962711
mcq,25,2,3,0.3974559846514913,4.957836689285451
mcq,25,2,4,0.3934514726348594,4.892048867054651
mcq,25,2,5,0.3923272968901121,4.892192552876031
mcq,25,2,6,0.3953929043375465,4.928261190415851
mcq,25,2,7,0.4005522265473127,5.006937626293311
mcq,25,3,4,0.39188797567610145,4.876851282119124
mcq,25,3,5,0.3913364957125267,4.886280666737522
mcq,25,3,6,0.39457528911234846,4.906916628720575
mcq,25,3,7,0.39903886041155967,4.97279073170338
mcq,25,4,5,0.39134248668441934,4.884263332458847
mcq,25,4,6,0.39398493393877954,4.892569165826576
mcq,25,4,7,0.39518723250917803,4.924217716407784
mcq,25,5,6,0.3902954156857894,4.857471168471192
mcq,25,5,7,0.3942883467026344,4.907480649999009
mcq,25,6,7,0.3971878568687558,4.956544820591923
mcq,26,0,1,0.4020980197550655,5.012033389068814
mcq,26,0,2,0.4025459647105664,5.0204709711699875
mcq,26,0,3,0.400541337301577,5.00534978717194
mcq,26,0,4,0.4014434605242863,5.006383524374893
mcq,26,0,5,0.3996571771464027,4.989426113414781
mcq,26,0,6,0.40154009223816906,5.002327729030753
mcq,26,0,7,0.4038503743625797,5.031158735131154
mcq,26,1,2,0.3996551811102024,4.994561257244186
mcq,26,1,3,0.3979892505670061,4.960652501091283
mcq,26,1,4,0.39853775770080435,4.964928644578742
mcq,26,1,5,0.3927195546664463,4.888042459544628
mcq,26,1,6,0.3973817785381341,4.947311713617023
mcq,26,1,7,0.40352893889553115,5.044996393151882
mcq,26,2,3,0.4016174698019654,5.009746748657253
mcq,26,2,4,0.3976212916255905,4.94389505314927
mcq,26,2,5,0.39671750407876827,4.946936994785059
mcq,26,2,6,0.39934737216686456,4.977550517862504
mcq,26,2,7,0.40545891506913173,5.068271659041461
mcq,26,3,4,0.39591795751240205,4.927002405157212
mcq,26,3,5,0.395526180099186,4.938593635352911
mcq,26,3,6,0.3984039587498725,4.954529754095224
mcq,26,3,7,0.40381150824998135,5.032267091755405
mcq,26,4,5,0.39558378993683485,4.937198147007405
mcq,26,4,6,0.3978342069111373,4.940370065386694
mcq,26,4,7,0.40003222069328503,4.9845885348183
mcq,26,5,6,0.39431074897588564,4.907444508932222
mcq,26,5,7,0.39929166905940316,4.969754130452816
mcq,26,6,7,0.40176610537915625,5.0136772166336945
mcq,27,0,1,0.40605169933132595,5.061314840536712
mcq,27,0,2,0.40655952497456527,5.0705272742084135
mcq,27,0,3,0.4044080927907875,5.053670552003244
mcq,27,0,4,0.4053302889425677,5.0548559885419335
mcq,27,0,5,0.4037261109215491,5.040223760979694
mcq,27,0,6,0.4051946452056203,5.047855615285882
mcq,27,0,7,0.4084227468884754,5.088121247572161
mcq,27,1,2,0.40356251541062743,5.043391902856718
mcq,27,1,3,0.4017279924783399,5.007253255727168
mcq,27,1,4,0.40231382146204675,5.011970328257865
mcq,27,1,5,0.3966609164313786,4.93709920608677
mcq,27,1,6,0.4009307128898229,4.991495129760455
mcq,27,1,7,0.4080172624125097,5.101110276870932
mcq,27,2,3,0.40543108341263123,5.05731748405402
mcq,27,2,4,0.40144452152200094,4.9914318620928775
mcq,27,2,5,0.400780695296601,4.997603654929178
mcq,27,2,6,0.4029667689083004,5.022663448058915
mcq,27,2,7,0.4099931655608505,5.124950184061079
mcq,27,3,4,0.3996111583863379,4.972962456332816
mcq,27,3,5,0.3993887791332648,4.986822571806215
mcq,27,3,6,0.40190681841228043,4.998091124510008
mcq,27,3,7,0.40822254620204823,5.087237097991405
mcq,27,4,5,0.3994668185879795,4.985661411551863
mcq,27,4,6,0.4013573845141835,4.984121459466837
mcq,27,4,7,0.40451078403931795,5.040393528397079
mcq,27,5,6,0.39800355414507543,4.953403784699277
mcq,27,5,7,0.40393446219369095,5.027540310691231
mcq,27,6,7,0.40599501420895584,5.06645016977064
mcq,28,0,1,0.40968035520345236,5.106544967259586
mcq,28,0,2,0.41024085843019087,5.116440112416726
mcq,28,0,3,0.40795688931942337,5.0980179546183955
mcq,28,0,4,0.4088949891813193,5.099311206522851
mcq,28,0,5,0.40753189718198657,5.08773620523375
mcq,28,0,6,0.4085448549162619,5.08959203776912
mcq,28,0,7,0.412648837008497,5.1407697817139395
mcq,28,1,2,0.4071408536615474,5.088111026836826
mcq,28,1,3,0.40515050057931656,5.049912381185775
mcq,28,1,4,0.4057707933662386,5.055036809410477
mcq,28,1,5,0.4003327009461607,4.982800619212982
mcq,28,1,6,0.40417645068482977,5.031903818532344
mcq,28,1,7,0.4121563496025293,5.152857940871793
mcq,28,2,3,0.4089233387287442,5.100879619744991
mcq,28,2,4,0.40494533098570507,5.034959799238463
mcq,28,2,5,0.40456242022317246,5.0447605228541255
mcq,28,2,6,0.40627765181037234,5.063930996194687
mcq,28,2,7,0.41417691493338205,5.177247414644155
mcq,28,3,4,0.4029911992639158,5.0150253868399135
mcq,28,3,5,0.40298470027541694,5.031721731860324
mcq,28,3,6,0.40510965731269116,5.037921453203156
mcq,28,3,7,0.4122898698537454,5.13792376378916
mcq,28,4,5,0.4030940789212833,5.030932485473169
mcq,28,4,6,0.4045790438522572,5.02412855055704
mcq,28,4,7,0.40864067357684175,5.09185388327332
mcq,28,5,6,0.4014574139880591,4.996389236059895
mcq,28,5,7,0.4082858939633517,5.081700083324598
mcq,28,6,7,0.4098930262888078,5.115093831078188
mcq,29,0,1,0.4130065812748934,5.148005395589496
mcq,29,0,2,0.41361680194584843,5.158544189730865
mcq,29,0,3,0.4112118703241229,5.138693702567114
mcq,29,0,4,0.412164104345688,5.140080196200265
mcq,29,0,5,0.4110901258207894,5.132158074533597
mcq,29,0,6,0.4116145474734553,5.127833818590696
mcq,29,0,7,0.41654777953709915,5.1893427186377
mcq,29,1,2,0.4104153685655788,5.129033216887039
mcq,29,1,3,0.40828136724513114,5.088936403905558
mcq,29,1,4,0.4089332714840521,5.094434527422363
mcq,29,1,5,0.40376202480218526,5.0254842096189005
mcq,29,1,6,0.40714124603164037,5.068814838463132
mcq,29,1,7,0.4159682991496767,5.200515667152521
mcq,29,2,3,0.412119848520541,5.1407526475403245
mcq,29,2,4,0.40815039368047773,5.074810516328935
mcq,29,2,5,0.4080927128869757,5.088782113032106
mcq,29,2,6,0.4093053900988375,5.101669369691244
mcq,29,2,7,0.4180308162388875,5.2254215157367545
mcq,29,3,4,0.40608483758381564,5.053524179717615
mcq,29,3,5,0.4063438726775412,5.073664814973112
mcq,29,3,6,0.40803739572519393,5.074330647334833
mcq,29,3,7,0.4160362383367494,5.184610711648357
mcq,29,4,5,0.4064828081498569,5.073226502805616
mcq,29,4,6,0.4075247275977599,5.060708531729017
mcq,29,4,7,0.4124447420015826,5.139254354722259
mcq,29,5,6,0.4046858120561791,5.036568674264893
mcq,29,5,7,0.4123554414983682,5.132351404748021
mcq,29,6,7,0.4134822288170379,5.159883828792627
mcq,30,0,1,0.41605546890261225,5.186008881901002
mcq,30,0,2,0.4167114375832806,5.197139852701297
mcq,30,0,3,0.41419523162639715,5.175975165099787
mcq,30,0,4,0.4151612285477402,5.177457198695368
mcq,30,0,5,0.4144061888171541,5.173556683776461
mcq,30,0,6,0.41442636581190384,5.162863040118781
mcq,30,0,7,0.42013979376279353,5.234091949777678
mcq,30,1,2,0.41341163906609046,5.166478137572184
mcq,30,1,3,0.41114549874639633,5.124635762807749
mcq,30,1,4,0.41182723776538205,5.130487161856581
mcq,30,1,5,0.4069552131621687,5.0652287043848405
mcq,30,1,6,0.4098514464273067,5.102556209829115
mcq,30,1,7,0.4194749143194951,5.244356044331727
mcq,30,2,3,0.41504418237083784,5.177230572680725
mcq,30,2,4,0.4110835658548115,5.111280634273169
mcq,30,2,5,0.41137807414241084,5.129749488982623
mcq,30,2,6,0.41207330310913537,5.1361692257014395
mcq,30,2,7,0.4215761082534291,5.269737973884588
mcq,30,3,4,0.4089152455856713,5.088747201982986
mcq,30,3,5,0.409472872970201,5.112733937847538
mcq,30,3,6,0.4107128886961062,5.107602931006039
mcq,30,3,7,0.41948254157577936,5.2275582701593555
mcq,30,4,5,0.40964017304398426,5.112632910502961
mcq,30,4,6,0.41021754092904944,5.0941483268559065
mcq,30,4,7,0.4159444886360669,5.1828628343561896
mcq,30,5,6,0.4076930572031106,5.073995725699964
mcq,30,5,7,0.4161536418119264,5.179625423114241
mcq,30,6,7,0.41678325363857416,5.201077629657585
mcq,31,0,1,0.4188464277763086,5.22079736225961
mcq,31,0,2,0.41954607729744975,5.2324928996730735
mcq,31,0,3,0.41692756174681594,5.21011962589092
mcq,31,0,4,0.41790690771020217,5.211698441295801
mcq,31,0,5,0.41749032647516277,5.212059875632309
mcq,31,0,6,0.41700009659640164,5.194926201728848
mcq,31,0,7,0.4234444171127843,5.275260871955518
mcq,31,1,2,0.41615171799605993,5.200721387033883
mcq,31,1,3,0.41376439568875373,5.157278447625736
mcq,31,1,4,0.4144738598139504,5.163458415812839
mcq,31,1,5,0.4099089181802805,5.101992434048782
mcq,31,1,6,0.4123280600732131,5.13338947990398
mcq,31,1,7,0.4226962718269425,5.284630075360597
mcq,31,2,3,0.41771808559522616,5.21058464463185
mcq,31,2,4,0.41376633129975804,5.144637275608463
mcq,31,2,5,0.4144327577980482,5.167840391017632
mcq,31,2,6,0.41460219292844774,5.167689845860862
mcq,31,2,7,0.4248329583071688,5.310448882466539
mcq,31,3,4,0.4115033807889452,5.120955259560175
mcq,31,3,5,0.41237373484809164,5.148954493471937
mcq,31,3,6,0.4131566477581826,5.1379933845117955
mcq,31,3,7,0.42264850524150926,5.267012259070645
mcq,31,4,5,0.4125697422115659,5.149196247610439
mcq,31,4,6,0.4126778020853553,5.124700251146224
mcq,31,4,7,0.4191600546319948,5.222930290343799
mcq,31,5,6,0.41049396789241327,5.108854815435477
mcq,31,5,7,0.41968145188640094,5.2235340494333755
mcq,31,6,7,0.4198158627135905,5.238921845042596
mcq,32,0,1,0.4214004274573523,5.252632216071771
mcq,32,0,2,0.42213986140092186,5.264842044711273
mcq,32,0,3,0.419428263002283,5.24136954526543
mcq,32,0,4,0.4204187765652333,5.2430238459612415
mcq,32,0,5,0.42035563380838126,5.2478311317208295
mcq,32,0,6,0.4193540506120781,5.224251416503409
mcq,32,0,7,0.4264802330493095,5.313080997519116
mcq,32,1,2,0.4186562849851997,5.232021402250452
mcq,32,1,3,0.41615782606147506,5.187110852264084
mcq,32,1,4,0.41689279106327326,5.193593129066397
mcq,32,1,5,0.4126504696012763,5.136115562351456
mcq,32,1,6,0.41458959409161295,5.161545058101683
mcq,32,1,7,0.42565305958796285,5.321596404542566
mcq,32,2,3,0.42016170774214223,5.241066207377355
mcq,32,2,4,0.416217774050349,5.1751177250788025
mcq,32,2,5,0.4172679526351366,5.203194339564937
mcq,32,2,6,0.4169112745789113,5.196470730289092
mcq,32,2,7,0.42782200324077485,5.347812203783605
mcq,32,3,4,0.4138675996076393,5.150376788907347
mcq,32,3,5,0.41506785584898737,5.18259365441081
mcq,32,3,6,0.4153872837052849,5.165733450662622
mcq,32,3,7,0.425553809348231,5.303217929164492
mcq,32,4,5,0.415292322003299,5.183176193818475
mcq,32,4,6,0.41492320619182044,5.1525840455499425
mcq,32,4,7,0.4221109523397723,5.259699855695604
mcq,32,5,6,0.41309411690129694,5.141215300178013
mcq,32,5,7,0.4229603312581555,5.264344378232421
mcq,32,6,7,0.42259821891593097,5.273643131167689
mcq,33,0,1,0.42373640789282896,5.281749524199656
mcq,33,0,2,0.42451239834430876,5.294431840402968
mcq,33,0,3,0.42171587140996925,5.26995655786614
mcq,33,0,4,0.4227164765620104,5.271678360329959
mcq,33,0,5,0.42300584959601073,5.280917127952391
mcq,33,0,6,0.42150625283187065,5.251063236918503
mcq,33,0,7,0.4292667795619217,5.347795730295844
mcq,33,1,2,0.42094464601115916,5.260619453428207
mcq,33,1,3,0.4183443774267875,5.214364657445125
mcq,33,1,4,0.41910304864756476,5.22112821446321
mcq,33,1,5,0.41519092400346186,5.167735706642379
mcq,33,1,6,0.4166541986827484,5.187248910239261
mcq,33,1,7,0.42836438116260794,5.3554938682590425
mcq,33,2,3,0.4223941164476373,5.268913109205462
mcq,33,2,4,0.4184577600427559,5.202968989335075
mcq,33,2,5,0.4198924279521841,5.235920684897118
mcq,33,2,6,0.41901954404316005,5.222748648950794
mcq,33,2,7,0.430563013014512,5.382075064056437
mcq,33,3,4,0.416027543940552,5.177256223702707
mcq,33,3,5,0.41755788539533045,5.213684501712819
mcq,33,3,6,0.4174234109292864,5.191054617013713
mcq,33,3,7,0.4282180046594493,5.336418920510072
mcq,33,4,5,0.4178102655512258,5.2146021180735564
mcq,33,4,6,0.4169731910867811,5.178041092313698
mcq,33,4,7,0.4248170258710019,5.2934187973217695
mcq,33,5,6,0.4154958626933692,5.171106532485952
mcq,33,5,7,0.4259899105319748,5.30205181186124
mcq,33,6,7,0.4251490640408108,5.3054753686674205
mcq,34,0,1,0.42587236635081205,5.308373617289187
mcq,34,0,2,0.4266817375016153,5.321487394850547
mcq,34,0,3,0.42380740049626686,5.296093272587001
mcq,34,0,4,0.4248176039368709,5.297881426281954
mcq,34,0,5,0.4254607441532543,5.31156468218136
mcq,34,0,6,0.42347328132940815,5.27556819019024
mcq,34,0,7,0.4318221996329763,5.379631095145284
mcq,34,1,2,0.42303470063212784,5.286739234501522
mcq,34,1,3,0.42034118384441566,5.239253427017896
mcq,34,1,4,0.42112191387873904,5.246278960213444
mcq,34,1,5,0.41754407804846383,5.197024589126442
mcq,34,1,6,0.4185387614266204,5.210711282802248
mcq,34,1,7,0.4308486965160933,5.386553256545022
mcq,34,2,3,0.42443280760642516,5.294343592618671
mcq,34,2,4,0.4205038230253608,5.22840907735646
mcq,34,2,5,0.4223215986294239,5.266211645508472
mcq,34,2,6,0.4209440202458818,5.246735729340217
mcq,34,2,7,0.4330744901670963,5.413468746626231
mcq,34,3,4,0.4180001729456455,5.20180461224675
mcq,34,3,5,0.4198643711898899,5.242483596787098
mcq,34,3,6,0.4192816116004373,5.21416309852375
mcq,34,3,7,0.43065910463750456,5.366839715450982
mcq,34,4,5,0.4201424801581301,5.243709998448206
mcq,34,4,6,0.41884444284499844,5.201278601835257
mcq,34,4,7,0.4272966280743986,5.324315800299532
mcq,34,5,6,0.41772116873540177,5.198801861474649
mcq,34,5,7,0.4287965177692051,5.336984040581767
mcq,34,6,7,0.42748604635401577,5.3346387919192
mcq,35,0,1,0.4278242606372354,5.3327034046913875
mcq,35,0,2,0.42866423965419076,5.346212756374028
mcq,35,0,3,0.4257186246175986,5.319976813080957
mcq,35,0,4,0.4267379604779983,5.321830107214183
mcq,35,0,5,0.42772950931085485,5.339888547658674
mcq,35,0,6,0.42526998153499823,5.297951218517702
mcq,35,0,7,0.4341637278270072,5.408801799878561
mcq,35,1,2,0.4249426531881353,5.310583253964558
mcq,35,1,3,0.4221638125639031,5.261971195658646
mcq,35,1,4,0.4229651063908215,5.269241199358628
mcq,35,1,5,0.4197187304218717,5.224091723954997
mcq,35,1,6,0.4202580338112008,5.232115828421888
mcq,35,1,7,0.4331233846534363,5.414991845063234
mcq,35,2,3,0.4262937882072108,5.3175573276155506
mcq,35,2,4,0.4223719191640647,5.2516363829697665
mcq,35,2,5,0.42456483051551946,5.29418401045611
mcq,35,2,6,0.4226998317895629,5.2686205375739545
mcq,35,2,7,0.43537377737166755,5.442210036413726
mcq,35,3,4,0.41980097866962524,5.2242147453688155
mcq,35,3,5,0.4219957380362584,5.269096132876209
mcq,35,3,6,0.42097665429305237,5.235242556371948
mcq,35,3,7,0.4328939110896385,5.394689696780771
mcq,35,4,5,0.42229814152185025,5.270614354898792
mcq,35,4,6,0.4205517061025782,5.222479675410525
mcq,35,4,7,0.42956695483189156,5.352605133358949
mcq,35,5,6,0.4197783328187503,5.224404558360345
mcq,35,5,7,0.4313911794339141,5.369278304460828
mcq,35,6,7,0.42962544121708296,5.361336502698512
mcq,36,0,1,0.4296067476460186,5.35492158027217
mcq,36,0,2,0.43047503201226983,5.368796588446693
mcq,36,0,3,0.4274641516353257,5.3417897259392
mcq,36,0,4,0.4284912789416711,5.343695663718827
mcq,36,0,5,0.42982304728472487,5.366024830537002
mcq,36,0,6,0.42691056226962587,5.318389333314154
mcq,36,0,7,0.43630766213840744,5.435510884537388
mcq,36,1,2,0.42668389204201673,5.332343822900624
mcq,36,1,3,0.42382688424195547,5.282700199438198
mcq,36,1,4,0.42464673784423823,5.290190733026054
mcq,36,1,5,0.42172591214446087,5.249074410371952
mcq,36,1,6,0.4218262299431882,5.25163950945621
mcq,36,1,7,0.435205026067406,5.441016926322726
mcq,36,2,3,0.42799187298318386,5.338739112087152
mcq,36,2,4,0.4240760839521567,5.2728254189772565
mcq,36,2,5,0.4266325076524789,5.31996726533378
mcq,36,2,6,0.42430125863806173,5.288581062156381
mcq,36,2,7,0.43747758168302087,5.468507773055139
mcq,36,3,4,0.4214430269980856,5.244649221527819
mcq,36,3,5,0.4239618080700084,5.293644750499702
mcq,36,3,6,0.4225222238424554,5.25446317441894
mcq,36,3,7,0.434938551697061,5.420169846387676
mcq,36,4,5,0.4242858081110565,5.295422003874157
mcq,36,4,6,0.4221079497682,5.241805363062625
mcq,36,4,7,0.43164349994510004,5.378479856513483
mcq,36,5,6,0.42167644261982923,5.248027724974109
mcq,36,5,7,0.43378472177409866,5.3990693515907795
mcq,36,6,7,0.4315827338671746,5.385761742744055
mcq,37,0,1,0.43123414255488324,5.375206578505682
mcq,37,0,2,0.43212843940101137,5.389417547359207
mcq,37,0,3,0.42905791260191467,5.3617061000359705
mcq,37,0,4,0.43009222244187034,5.363660958837559
mcq,37,0,5,0.4317513727621826,5.390098556826838
mcq,37,0,6,0.4284080517264638,5.337044837904286
mcq,37,0,7,0.43826935405351003,5.45994959758769
mcq,37,1,2,0.4282724074987047,5.352195780616943
mcq,37,1,3,0.42534393608903165,5.301609170041705
mcq,37,1,4,0.42618087394456916,5.309302789843851
mcq,37,1,5,0.4235746072809444,5.272084469877545
mcq,37,1,6,0.42325614391290145,5.269441609386034
mcq,37,1,7,0.43710846709742074,5.464814112113873
mcq,37,2,3,0.4295409042450617,5.358061613998206
mcq,37,2,4,0.4256307807313952,5.292156017911234
mcq,37,2,5,0.4285364745879739,5.343709107761226
mcq,37,2,6,0.42576165588958975,5.306783763869894
mcq,37,2,7,0.4394012716903965,5.492554065250985
mcq,37,3,4,0.42294083546730854,5.26328870425473
mcq,37,3,5,0.425772938451752,5.316258770572483
mcq,37,3,6,0.42393140207878643,5.271987637586006
mcq,37,3,7,0.43680811642025835,5.443468214166309
mcq,37,4,5,0.4261166376542998,5.318272202639457
mcq,37,4,6,0.42352696346964835,5.259426906638376
mcq,37,4,7,0.43354218555459456,5.402138367080228
mcq,37,5,6,0.42342438048907627,5.269781907736485
mcq,37,5,7,0.43598918774597595,5.4265070737325605
mcq,37,6,7,0.43337221459023034,5.4080928418852405
mcq,38,0,1,0.43271946305881054,5.393720661125852
mcq,38,0,2,0.43363748544301006,5.408238061069885
mcq,38,0,3,0.4305124499354419,5.379882671227978
mcq,38,0,4,0.4315534977442192,5.381884458078775
mcq,38,0,5,0.4335253122845794,5.412244887939573
mcq,38,0,6,0.4297744433635841,5.354067145034277
mcq,38,0,7,0.44006303971116045,5.482295292521887
mcq,38,1,2,0.4297210883863188,5.3703002010708145
mcq,38,1,3,0.42672737530494487,5.318852754376585
mcq,38,1,4,0.42758006288558575,5.326733693486478
mcq,38,1,5,0.42527528052859404,5.293252152885802
mcq,38,1,6,0.4245597530246525,5.285671242894317
mcq,38,1,7,0.43884792502572456,5.486561149633292
mcq,38,2,3,0.4309535601391132,5.375682979611822
mcq,38,2,4,0.4270488204568528,5.30978746706024
mcq,38,2,5,0.4302872036350461,5.365540124042995
mcq,38,2,6,0.42709312645934466,5.323379496021683
mcq,38,2,7,0.44115925871519557,5.514529055770635
mcq,38,3,4,0.4243068484576071,5.28028805768382
mcq,38,3,5,0.4274391061711892,5.337062767143783
mcq,38,3,6,0.4252159860857712,5.287962653758566
mcq,38,3,7,0.4385166526557434,5.464759857661473
mcq,38,4,5,0.42780092449260276,5.339293432701553
mcq,38,4,6,0.42482070084024226,5.275492748305887
mcq,38,4,7,0.43527740113035945,5.423759964584065
mcq,38,5,6,0.42503267803314376,5.289798179095717
mcq,38,5,7,0.4380170770668372,5.451747047689923
mcq,38,6,7,0.4350074694518417,5.428499341919167
mcq,39,0,1,0.43407460032456974,5.410612048024236
mcq,39,0,2,0.43501421997840806,5.425408412721385
mcq,39,0,3,0.4318393401985026,5.396464105595165
mcq,39,0,4,0.43288675204565613,5.398511413116973
mcq,39,0,5,0.4351551169509458,5.432591801312167
mcq,39,0,6,0.4310205775215911,5.369591302081572
mcq,39,0,7,0.44170218688464813,5.502715750551856
mcq,39,1,2,0.4310416944591706,5.386804047985108
mcq,39,1,3,0.4279881956092733,5.334567981326013
mcq,39,1,4,0.42885609452021994,5.342630320322373
mcq,39,1,5,0.4268380454370139,5.312703339198974
mcq,39,1,6,0.4257478027512069,5.300462188644684
mcq,39,1,7,0.44043684491887536,5.50642613168859
mcq,39,2,3,0.4322413539275601,5.391746824513276
mcq,39,2,4,0.4283417138648989,5.325862887212306
mcq,39,2,5,0.4318949250761386,5.385587882441551
mcq,39,2,6,0.42830649460383907,5.338503174445345
mcq,39,2,7,0.442765051225575,5.53460160163948
mcq,39,3,4,0.42555219874291755,5.295785823659227
mcq,39,3,5,0.42897004983715614,5.356178337806975
mcq,39,3,6,0.4263864567055291,5.302518562113697
mcq,39,3,7,0.4400771824480684,5.484207056562896
mcq,39,4,5,0.42934870378912826,5.358610940822911
mcq,39,4,6,0.42599967223730734,5.290133407396594
mcq,39,4,7,0.4368624553374449,5.443510481214977
mcq,39,5,6,0.4265106114265484,5.308191986859945
mcq,39,5,7,0.4398800182617049,5.474934007036694
mcq,39,6,7,0.43650098793286757,5.447137100258374
mcq,40,0,1,0.4353104035153893,5.426015970825144
mcq,40,0,2,0.4362697158822982,5.441066700948011
mcq,40,0,3,0.43304899345562325,5.4115804921181425
mcq,40,0,4,0.4341024430969839,5.413672242096847
mcq,40,0,5,0.4366511269153307,5.451268386168033
mcq,40,0,6,0.4321566466435042,5.3837442850102875
mcq,40,0,7,0.4431990105671877,5.52136314578393
mcq,40,1,2,0.4322453293288126,5.401846085150953
mcq,40,1,3,0.4291369896739915,5.348886881000475
mcq,40,1,4,0.43001900693225376,5.357117723420519
mcq,40,1,5,0.42827232687690775,5.330555336874751
mcq,40,1,6,0.4268303378919454,5.3139395020783295
mcq,40,1,7,0.4418875392048239,5.524562990621701
mcq,40,2,3,0.4334148696054144,5.406385172677084
mcq,40,2,4,0.4295198887099671,5.340511933706935
mcq,40,2,5,0.43336972371340904,5.403978137127977
mcq,40,2,6,0.4294120303188318,5.352282806550644
mcq,40,2,7,0.44423100776325963,5.552926185702619
mcq,40,3,4,0.4266865553846455,5.309902328849382
mcq,40,3,5,0.43037501387942884,5.373720909768527
mcq,40,3,6,0.4274523719387891,5.315774225423623
mcq,40,3,7,0.44150144467974095,5.501956099896349
mcq,40,4,5,0.43076904515819614,5.376337922953801
mcq,40,4,6,0.42707355570013034,5.303469067380778
mcq,40,4,7,0.4383090391585511,5.461535592084403
mcq,40,5,6,0.4278666815492027,5.325069129809842
mcq,40,5,7,0.4415890973701248,5.496205933341464
mcq,40,6,7,0.43786406758678614,5.464147100140915
mcq,41,0,1,0.43643703749394974,5.440059131548105
mcq,41,0,2,0.4374143604660179,5.455342474173073
mcq,41,0,3,0.43415175111782833,5.425361061851609
mcq,41,0,4,0.43521061582430287,5.427492214844604
mcq,41,0,5,0.43802179082650655,5.468380117677439
mcq,41,0,6,0.4331920778466375,5.396643535468857
mcq,41,0,7,0.4445653779229804,5.538385319078544
mcq,41,1,2,0.43334205609672394,5.415552072921651
mcq,41,1,3,0.43018367838334554,5.361933110154966
mcq,41,1,4,0.43107857565633606,5.37031768504886
mcq,41,1,5,0.42958682775912427,5.346916467989907
mcq,41,1,6,0.42781646784671923,5.326216593127518
mcq,41,1,7,0.4432114038319092,5.541114200770215
mcq,41,2,3,0.4344841039832498,5.419722723582314
mcq,41,2,4,0.4305933698268876,5.353859252111076
mcq,41,2,5,0.4347206491070318,5.4208237331457925
mcq,41,2,6,0.4304191442136012,5.364835688171614
mcq,41,2,7,0.4455687577885297,5.569648177223764
mcq,41,3,4,0.4277200215047505,5.322763301590802
mcq,41,3,5,0.4316631934553397,5.389805295012481
mcq,41,3,6,0.42842326667563563,5.327848219057859
mcq,41,3,7,0.44280111181120896,5.518152448941145
mcq,41,4,5,0.4320704454376566,5.392580426341751
mcq,41,4,6,0.4280516948302791,5.315615758626586
mcq,41,4,7,0.43962897312340893,5.477982586520365
mcq,41,5,6,0.4291083378982182,5.3405223216078905
mcq,41,5,7,0.4431551197939896,5.515697315237103
mcq,41,6,7,0.4391078009789788,5.479667766739004
mcq,42,0,1,0.43746391850549166,5.452858900916738
mcq,42,0,2,0.4384575956447463,5.468353490032281
mcq,42,0,3,0.4351567776409122,5.43792033807341
mcq,42,0,4,0.4362206638284488,5.440088478538077
mcq,42,0,5,0.4392773414207958,5.484054744032429
mcq,42,0,6,0.43413562217023355,5.408398072624002
mcq,42,0,7,0.4458121445676455,5.553917509447013
mcq,42,1,2,0.43434110533308895,5.4280373673601385
mcq,42,1,3,0.43113713061365727,5.373817213015102
mcq,42,1,4,0.43204383001573904,5.382342691276507
mcq,42,1,5,0.43079092842326855,5.361903486339177
mcq,42,1,6,0.4287146085746221,5.3373982385466325
mcq,42,1,7,0.4444190058597362,5.55621187354537
mcq,42,2,3,0.4354580955518245,5.431872222697213
mcq,42,2,4,0.43157133279616877,5.366018928637012
mcq,42,2,5,0.4359577835855001,5.436250393820296
mcq,42,2,6,0.4313363948140099,5.3762684945935035
mcq,42,2,7,0.44678899050848836,5.584901192220232
mcq,42,3,4,0.4286614682650547,5.334479139087769
mcq,42,3,5,0.4328432063560994,5.404539096451022
mcq,42,3,6,0.42930744800032944,5.33884384946012
mcq,42,3,7,0.4439866175844952,5.532926128165516
mcq,42,4,5,0.43326257090652964,5.407459093783761
mcq,42,4,6,0.4289425588266215,5.326678653026825
mcq,42,4,7,0.44083299298978557,5.4929852370849455
mcq,42,5,6,0.4302458818853874,5.35467976978297
mcq,42,5,7,0.44458951045183287,5.533550352124379
mcq,42,6,7,0.44024224452347865,5.493824594994211
mcq,43,0,1,0.43839976469803116,5.464523948078368
mcq,43,0,2,0.4394081022979005,5.480208014678915
mcq,43,0,3,0.43607239801129094,5.449362353663813
mcq,43,0,4,0.437140971461801,5.451565594062523
mcq,43,0,5,0.4404263579244867,5.4983993705675855
mcq,43,0,6,0.43499508906507034,5.4191051854710945
mcq,43,0,7,0.4469492357134144,5.568083364956507
mcq,43,1,2,0.4352508325075826,5.439406388244008
mcq,43,1,3,0.43200537333986655,5.3846392401055025
mcq,43,1,4,0.4329229544566852,5.393294702810329
mcq,43,1,5,0.4318929956152247,5.3756205298720054
mcq,43,1,6,0.4295324586939119,5.347580284361692
mcq,43,1,7,0.44552024617776187,5.569979791771109
mcq,43,2,3,0.4363450246102394,5.442935710470477
mcq,43,2,4,0.4324619719488244,5.377092848956907
mcq,43,2,5,0.4370895822657885,5.450363551683519
mcq,43,2,6,0.43217151861951614,5.386677655189757
mcq,43,2,7,0.4479015711203754,5.5988085465144755
mcq,43,3,4,0.42951880333723075,5.345148248388033
mcq,43,3,5,0.4339231122485718,5.418022948179893
mcq,43,3,6,0.4301124029609388,5.348854225149055
mcq,43,3,7,0.44506745555587646,5.54639544551725
mcq,43,4,5,0.43435367230619115,5.421076901048983
mcq,43,4,6,0.4297536191670092,5.336750532612003
mcq,43,4,7,0.44193080827245906,5.506664528872689
mcq,43,5,6,0.43128691808390973,5.3676361180167085
mcq,43,5,7,0.445902247335152,5.5498892343340716
mcq,43,6,7,0.4412765110629426,5.506731304931684
mcq,44,0,1,0.43925208404151533,5.475147857667114
mcq,44,0,2,0.4402737751256322,5.491004509199193
mcq,44,0,3,0.43690610363066645,5.459780724642994
mcq,44,0,4,0.4379781235247202,5.462005680170095
mcq,44,0,5,0.4414770684993152,5.51151671983458
mcq,44,0,6,0.43577764972771194,5.428854211727877
mcq,44,0,7,0.4479853875972374,5.580991721447315
mcq,44,1,2,0.43607910601678523,5.449757468312514
mcq,44,1,3,0.43279571395178107,5.394490272834709
mcq,44,1,4,0.4337224834081837,5.403255124669392
mcq,44,1,5,0.43290075070448103,5.388163703764355
mcq,44,1,6,0.4302769841165979,5.356849454574506
mcq,44,1,7,0.44652391109624595,5.582527803587917
mcq,44,2,3,0.43715242284801964,5.453007136642714
mcq,44,2,4,0.43327184746650105,5.387162580256101
mcq,44,2,5,0.4381242033974603,5.4632649374283675
mcq,44,2,6,0.4329316961141113,5.396152669038875
mcq,44,2,7,0.4489153759543513,5.611481195004554
mcq,44,3,4,0.43029882097135347,5.3548551805603815
mcq,44,3,5,0.4349106871620389,5.430353942757446
mcq,44,3,6,0.4308448910957496,5.357963407371615
mcq,44,3,7,0.4460521706112353,5.558666886688687
mcq,44,4,5,0.4353508197801194,5.433522089112321
mcq,44,4,6,0.43049107095975264,5.345908329247497
mcq,44,4,7,0.4429304773955637,5.519120873616629
mcq,44,5,6,0.4322392743080663,5.379488788365978
mcq,44,5,7,0.44710199873082707,5.5648218510556235
mcq,44,6,7,0.44221869834065874,5.51848894905557
mcq,45,0,1,0.44002812582277784,5.484820989908276
mcq,45,0,2,0.44106201612391926,5.500835289773609
mcq,45,0,3,0.4376651673254377,5.469266335613061
mcq,45,0,4,0.43874029572017914,5.4715106956885915
mcq,45,0,5,0.4424377329789833,5.523509909786303
mcq,45,0,6,0.43649008628611,5.4377296421522345
mcq,45,0,7,0.44892968277299483,5.592755729168128
mcq,45,1,2,0.4368330371484815,5.459179478582818
mcq,45,1,3,0.43351504789186557,5.403456257981082
mcq,45,1,4,0.4344502542707091,5.412321594112306
mcq,45,1,5,0.43382175770493603,5.3996271546423875
mcq,45,1,6,0.4309545856605334,5.3652854378946495
mcq,45,1,7,0.4474384272163221,5.593961259983613
mcq,45,2,3,0.4378873055323212,5.462174009139918
mcq,45,2,4,0.43400903097097343,5.396328482479607
mcq,45,2,5,0.43906953876060667,5.475052958960936
mcq,45,2,6,0.4336235496316313,5.4047760783171945
mcq,45,2,7,0.44983908808040673,5.623027676819613
mcq,45,3,4,0.4310087902589892,5.363690395840202
mcq,45,3,5,0.435813285873968,5.441623912934623
mcq,45,3,6,0.43151148543083323,5.366253137919089
mcq,45,3,7,0.44694934634807787,5.569847419793353
mcq,45,4,5,0.4362620288603715,5.444894698144848
mcq,45,4,6,0.43116220197477967,5.354242543648856
mcq,45,4,7,0.4438412636645013,5.530469696433821
mcq,45,5,6,0.4331099160243324,5.390324470428499
mcq,45,5,7,0.4481983117001906,5.578467029079492
mcq,45,6,7,0.44307706754320003,5.529200619494219
mcq,46,0,1,0.4407346312464113,5.49362737193166
mcq,46,0,2,0.4417796042239085,5.509784901845471
mcq,46,0,3,0.43835617509428976,5.477901488259375
mcq,46,0,4,0.4394341924323786,5.480164250694909
mcq,46,0,5,0.443315164262858,5.534463994463951
mcq,46,0,6,0.43713859779944336,5.445808703716575
mcq,46,0,7,0.449789996789472,5.603473501525741
mcq,46,1,2,0.4375191549040755,5.467754013136524
mcq,46,1,3,0.4341696773536249,5.411615747897299
mcq,46,1,4,0.43511261135990964,5.420573147752
mcq,46,1,5,0.43466296808978555,5.410097405053134
mcq,46,1,6,0.4315711751626043,5.372961835331166
mcq,46,1,7,0.44827142745139453,5.604375589109393
mcq,46,2,3,0.4385560829332678,5.470516289199647
mcq,46,2,4,0.43467997077672327,5.404670731892475
mcq,46,2,5,0.43993280064351803,5.485817551147708
mcq,46,2,6,0.4342531043384943,5.412622981979451
mcq,46,2,7,0.450680460836428,5.633544909356738
mcq,46,3,4,0.4316549344800331,5.371731339855888
mcq,46,3,5,0.4366376926117078,5.451917567496055
mcq,46,3,6,0.43211802127675086,5.3737959843931895
mcq,46,3,7,0.4477665566764567,5.580031430299556
mcq,46,4,5,0.43709431005240407,5.455282224791853
mcq,46,4,6,0.4317729171039259,5.361826503725941
mcq,46,4,7,0.4446709005355142,5.540807359805403
mcq,46,5,6,0.43390520556067647,5.400222347365101
mcq,46,5,7,0.4491995900265613,5.5909293654711725
mcq,46,6,7,0.4438589093417057,5.538957297222123
mcq,47,0,1,0.4413777056127702,5.50164310450803
mcq,47,0,2,0.4424326857750815,5.51793000142889
mcq,47,0,3,0.4389850313096141,5.485759966349904
mcq,47,0,4,0.4400657676473947,5.488040597084337
mcq,47,0,5,0.44411609900516563,5.544463076044179
mcq,47,0,6,0.4377286953500263,5.453160052678171
mcq,47,0,7,0.45057348974515904,5.613234238863524
mcq,47,1,2,0.4381433671239758,5.475554903296766
mcq,47,1,3,0.43476518261413266,5.419038296761979
mcq,47,1,4,0.435715385423569,5.428082424243485
mcq,47,1,5,0.435430781581172,5.419654110091913
mcq,47,1,6,0.43213208759146926,5.379945066016392
mcq,47,1,7,0.44902995415620806,5.613858835838531
mcq,47,2,3,0.43916447611124243,5.478105340907897
mcq,47,2,4,0.4352904160275079,5.412260811496196
mcq,47,2,5,0.44072057612684445,5.495640852721208
mcq,47,2,6,0.4348257942858171,5.419761111193633
mcq,47,2,7,0.4514465526813165,5.643121123965336
mcq,47,3,4,0.4322428185978535,5.3790472658135124
mcq,47,3,5,0.4373901432698006,5.461312768668433
mcq,47,3,6,0.43266973995012104,5.380657127519578
mcq,47,3,7,0.44851060047367736,5.589303645278779
mcq,47,4,5,0.43785402530177825,5.4647640711588705
mcq,47,4,6,0.4323284778156703,5.368725547252432
mcq,47,4,7,0.44542634551104504,5.55022055746531
mcq,47,5,6,0.4346311603214735,5.409257309546223
mcq,47,5,7,0.4501134427517157,5.602303565604524
mcq,47,6,7,0.44457075685875336,5.547840509693646
mcq,48,0,1,0.441962548383032,5.508932997389605
mcq,48,0,2,0.4430264746238221,5.52533561454999
mcq,48,0,3,0.4395568930530089,5.492906215161266
mcq,48,0,4,0.44063993117462896,5.495200964871344
mcq,48,0,5,0.4448464929919377,5.55358150813816
mcq,48,0,6,0.4382651753391748,5.459843441902966
mcq,48,0,7,0.45128649578869134,5.622116851860431
mcq,48,1,2,0.43871112928772227,5.482650327153151
mcq,48,1,3,0.43530677918351707,5.425788912193606
mcq,48,1,4,0.4362636021585937,5.43491203302852
mcq,48,1,5,0.4361311609883453,5.428371486752623
mcq,48,1,6,0.43264225442037957,5.386296525657676
mcq,48,1,7,0.4497204243049818,5.622491226416707
mcq,48,2,3,0.4397177611937284,5.485006978290433
mcq,48,2,4,0.43584546432790144,5.419162103263938
mcq,48,2,5,0.44143898632543743,5.504599191973476
mcq,48,2,6,0.4353465912088523,5.426252434724547
mcq,48,2,7,0.45214367356358975,5.651835195549997
mcq,48,3,4,0.43277729010876115,5.385698498397848
mcq,48,3,5,0.4380765088747799,5.469882822886907
mcq,48,3,6,0.4331713560318564,5.386895197567599
mcq,48,3,7,0.4491875173017192,5.597739329274941
mcq,48,4,5,0.43854703985919935,5.473413440207322
mcq,48,4,6,0.43283354686427833,5.37499757707126
mcq,48,4,7,0.44611368949153873,5.55878518488134
mcq,48,5,6,0.43529335720367934,5.417498764951263
mcq,48,5,7,0.45094665886887475,5.61267412817991
mcq,48,6,7,0.44521849739921954,5.5559237251429945
mcq,49,0,1,0.4424944511841141,5.515563009147402
mcq,49,0,2,0.44356661153324217,5.532072091653047
mcq,49,0,3,0.4400770412245604,5.4994062272631705
mcq,49,0,4,0.4411621403418141,5.501713412147129
mcq,49,0,5,0.4455125763441093,5.5618970692267045
mcq,49,0,6,0.43875310335351136,5.465921977728073
mcq,49,0,7,0.45193546408572544,5.630201684074836
mcq,49,1,2,0.43922746406840424,5.48910305393677
mcq,49,1,3,0.4357992701386908,5.43192746112443
mcq,49,1,4,0.43676210923657116,5.441122365733893
mcq,49,1,5,0.4367697297032843,5.436319527421517
mcq,49,1,6,0.4331061406878506,5.392071802957225
mcq,49,1,7,0.4503487645947762,5.630346857550277
mcq,49,2,3,0.4402209212070248,5.491283359250427
mcq,49,2,4,0.43635023610833795,5.425438272978258
mcq,49,2,5,0.4420937753305889,5.512764195836576
mcq,49,2,6,0.43582019168100505,5.43215549166125
mcq,49,2,7,0.4527780851966014,5.659765396071573
mcq,49,3,4,0.4332633222414073,5.391746926970215
mcq,49,3,5,0.4387021038232124,5.477694086429217
mcq,49,3,6,0.43362747958074616,5.3925675249752105
mcq,49,3,7,0.4498035091505139,5.605415770996261
mcq,49,4,5,0.4391786329051465,5.481296220279304
mcq,49,4,6,0.4332927975998227,5.380700627605819
mcq,49,4,7,0.4467391683104167,5.566578943453956
mcq,49,5,6,0.4358968406192385,5.425009494449785
mcq,49,5,7,0.45170631058352334,5.622129076878124
mcq,49,6,7,0.4458079236778086,5.563279231404675
mcq,50,0,1,0.4429782319678024,5.521593194131433
mcq,50,0,2,0.44405787761366733,5.538199061768543
mcq,50,0,3,0.44055011599619365,5.505317988389908
mcq,50,0,4,0.4416371203920148,5.50763686720759
mcq,50,0,5,0.4461197115019463,5.5694767054352
mcq,50,0,6,0.43919685753971627,5.4714502024643705
mcq,50,0,7,0.45252601697586325,5.637558778485021
mcq,50,1,2,0.4396969396721056,5.4949701733244245
mcq,50,1,3,0.436247077087818,5.437509055750488
mcq,50,1,4,0.43721541154345084,5.4467695436099985
mcq,50,1,5,0.43735176414830956,5.4435639058752905
mcq,50,1,6,0.43352791324143286,5.397322774208337
mcq,50,1,7,0.45092043519415653,5.637493993316645
mcq,50,2,3,0.4406784360253266,5.49699036540875
mcq,50,2,4,0.43680925389552855,5.431145552279428
mcq,50,2,5,0.4426905426077828,5.52020568780624
mcq,50,2,6,0.43625080514668174,5.437522749413436
mcq,50,2,7,0.45335529808914504,5.666980607368663
mcq,50,3,4,0.4337052858140974,5.397246944194283
mcq,50,3,5,0.4392723358357656,5.484814080830507
mcq,50,3,6,0.434042186432358,5.397724796609722
mcq,50,3,7,0.45036396718162236,5.612400154671902
mcq,50,4,5,0.4397543442896317,5.488481553078571
mcq,50,4,6,0.4337103711011379,5.385886123448455
mcq,50,4,7,0.44730827265760614,5.573670249747233
mcq,50,5,6,0.4364469494330065,5.431855943562453
mcq,50,5,7,0.45239870013235023,5.630746852020466
mcq,50,6,7,0.4463442018444575,5.569971497352217
mcq,51,0,1,0.44341815766383563,5.527076738364182
mcq,51,0,2,0.44450458891589045,5.543770353799547
mcq,51,0,3,0.44098024180119816,5.510693039367269
mcq,51,0,4,0.44206905447333084,5.51302349790645
mcq,51,0,5,0.4466728288731102,5.576381969279511
mcq,51,0,6,0.4396002886026798,5.476476087630074
mcq,51,0,7,0.453063239270394,5.6442514815538285
mcq,51,1,2,0.44012371849596577,5.500303703526993
mcq,51,1,3,0.4366540747054517,5.442581991129965
mcq,51,1,4,0.43762755342631443,5.451903950577271
mcq,51,1,5,0.43788196526448714,5.450163133077448
mcq,51,1,6,0.4339112940743332,5.402095777370087
mcq,51,1,7,0.4514403948789895,5.643994629285274
mcq,51,2,3,0.4410942732022939,5.502177487737641
mcq,51,2,4,0.43722653203415623,5.436333854236083
mcq,51,2,5,0.44323410676811803,5.526983754380454
mcq,51,2,6,0.43664219967769746,5.4424011740290155
mcq,51,2,7,0.4538802691885388,5.673542791713332
mcq,51,3,4,0.43410704699596697,5.4022466626253625
mcq,51,3,5,0.4397917906605308,5.491300064364632
mcq,51,3,6,0.4344191285899932,5.402412428583653
mcq,51,3,7,0.45087368618381923,5.618752232580513
mcq,51,4,5,0.44027886755623413,5.495028017736147
mcq,51,4,6,0.434089919939469,5.3905994228246
mcq,51,4,7,0.4478259219887547,5.580120402478999
mcq,51,5,6,0.4369480683215075,5.438092682337857
mcq,51,5,7,0.45302941100079236,5.638596948044121
mcq,51,6,7,0.44683191616303247,5.576057730447857
mcq,52,0,1,0.4438179871747803,5.532060495459058
mcq,52,0,2,0.4449105506167343,5.548833425133422
mcq,52,0,3,0.4413710755939553,5.515577079188416
mcq,52,0,4,0.44246157432067723,5.517918595448153
mcq,52,0,5,0.4471764927992201,5.582669843210016
mcq,52,0,6,0.4399669425051899,5.481043808310867
mcq,52,0,7,0.45355164098031675,5.6503359788952245
mcq,52,1,2,0.4405116218516197,5.505151400149671
mcq,52,1,3,0.43702388322118724,5.447191390845899
mcq,52,1,4,0.43800211654666904,5.456570206482809
mcq,52,1,5,0.4383647674447569,5.4561724023605205
mcq,52,1,6,0.43425972720954276,5.406433689736316
mcq,52,1,7,0.45191313620934853,5.649904932306125
mcq,52,2,3,0.44147215360807873,5.506891140097424
mcq,52,2,4,0.43760570226498396,5.441048334742967
mcq,52,2,5,0.44372901510224866,5.533155098780353
mcq,52,2,6,0.43699789029017344,5.4468345774159515
mcq,52,2,7,0.45435747602891186,5.679507918671142
mcq,52,3,4,0.43447199454022933,5.406788253614653
mcq,52,3,5,0.4402647643829775,5.497205678538588
mcq,52,3,6,0.4347615510620628,5.4066707756434145
mcq,52,3,7,0.45133679030908436,5.624523399578025
mcq,52,4,5,0.44075649312020865,5.5009891620231635
mcq,52,4,6,0.4344347478794816,5.3948815524226905
mcq,52,4,7,0.44829635229780845,5.5859821841146795
mcq,52,5,6,0.4374044194283438,5.443772258000466
mcq,52,5,7,0.45360335476095515,5.645740496466846
mcq,52,6,7,0.44727509725366416,5.581588229181309
mcq,53,0,1,0.444181311421019,5.53658922518102
mcq,53,0,2,0.44527950240320163,5.553434916381887
mcq,53,0,3,0.44172629082565523,5.520016012998265
mcq,53,0,4,0.4428182823733408,5.522367085692668
mcq,53,0,5,0.4476349211949515,5.588392984791319
mcq,53,0,6,0.4403001629710293,5.485195020128491
mcq,53,0,7,0.4539957524833767,5.655868709851631
mcq,53,1,2,0.4408641171700408,5.509556596288642
mcq,53,1,3,0.43735990260563934,5.4513796331100375
mcq,53,1,4,0.4383424221555398,5.460809687015697
mcq,53,1,5,0.43880416917595455,5.461641481486758
mcq,53,1,6,0.4345763024024993,5.410374978051336
mcq,53,1,7,0.4523429153782891,5.6552781141232495
mcq,53,2,3,0.44181553821008923,5.511174494340727
mcq,53,2,4,0.4379502311773011,5.4453320962545995
mcq,53,2,5,0.4441793221154923,5.538770279355758
mcq,53,2,6,0.43732110370905103,5.450863178159672
mcq,53,2,7,0.45479133811915134,5.684931232487089
mcq,53,3,4,0.4348035943635875,5.410914848774673
mcq,53,3,5,0.4406951476228857,5.502579502159669
mcq,53,3,6,0.4350726833215581,5.41053999933779
mcq,53,3,7,0.45175779052064874,5.6297698709316
mcq,53,4,5,0.4411911213981475,5.5064136662194025
mcq,53,4,6,0.4347480366905917,5.39877202397426
mcq,53,4,7,0.4487239925110245,5.591310781146513
mcq,53,5,6,0.4378196841907225,5.4489404883446335
mcq,53,5,7,0.4541256926319437,5.652241736019257
mcq,53,6,7,0.4476779855686921,5.5866159105582565
mcq,54,0,1,0.44451150063585215,5.540704936495545
mcq,54,0,2,0.44561481912478995,5.557616917977885
mcq,54,0,3,0.44204910990713503,5.524050109532883
mcq,54,0,4,0.4431424728641289,5.52641005087068
mcq,54,0,5,0.44805216397748243,5.59360195426275
mcq,54,0,6,0.4406029850506777,5.488967533297834
mcq,54,0,7,0.45439950378393235,5.660898634327539
mcq,54,1,2,0.44118438688280026,5.513559063352308
mcq,54,1,3,0.437665202859565,5.455184983294904
mcq,54,1,4,0.4386516333658682,5.464661797802492
mcq,54,1,5,0.4392040576910186,5.466618753480198
mcq,54,1,6,0.4348639277861012,5.413955847900634
mcq,54,1,7,0.4527335766519904,5.660162236491676
mcq,54,2,3,0.44212754746875566,5.515066474861211
mcq,54,2,4,0.43826330212769665,5.449224719601347
mcq,54,2,5,0.44458913014361456,5.543880450886467
mcq,54,2,6,0.43761477643743724,5.454523577458982
mcq,54,2,7,0.4551857288445934,5.68986115081434
mcq,54,3,4,0.43510490862613915,5.414664555167452
mcq,54,3,5,0.44108685390998886,5.507470400091964
mcq,54,3,6,0.43535536955489973,5.41405546981293
mcq,54,3,7,0.4521404894475955,5.6345390347042486
mcq,54,4,5,0.44158669868634304,5.511350783219544
mcq,54,4,6,0.43503269454058396,5.40230695158116
mcq,54,4,7,0.44911273376931604,5.596154679009872
mcq,54,5,6,0.4381976474740416,5.453644478393395
mcq,54,5,7,0.4546010723196638,5.658158514028039
mcq,54,6,7,0.4480442144684605,5.591186115625975
mcq,55,0,1,0.444811541103231,5.544444852552557
mcq,55,0,2,0.4459194846195748,5.561416643739847
mcq,55,0,3,0.4423423954063979,5.527715140765879
mcq,55,0,4,0.4434370560109295,5.5300837841799115
mcq,55,0,5,0.44843175662726864,5.598340889499261
mcq,55,0,6,0.4408780747171363,5.492394560120549
mcq,55,0,7,0.4547664566767589,5.665470125080866
mcq,55,1,2,0.4414753126223772,5.517194813609792
mcq,55,1,3,0.437942470990426,5.458640933034424
mcq,55,1,4,0.43893257213860887,5.4681616944451585
mcq,55,1,5,0.4395678211224238,5.47114638923658
mcq,55,1,6,0.4351251763608063,5.417208332547913
mcq,55,1,7,0.4530885900005004,5.664600681644224
mcq,55,2,3,0.4424109134862568,5.518601161700297
mcq,55,2,4,0.43854769254199427,5.452760738401198
mcq,55,2,5,0.4449618864009481,5.548528599003156
mcq,55,2,6,0.4378815046040972,5.457848134014552
mcq,55,2,7,0.4555441310054088,5.694341208957569
mcq,55,3,4,0.4353786324476449,5.418070912220265
mcq,55,3,5,0.44144318618095724,5.511919613251593
mcq,55,3,6,0.43561210445177473,5.417248210892796
mcq,55,3,7,0.45248823200509836,5.638872574964426
mcq,55,4,5,0.4419465938988677,5.515842559732119
mcq,55,4,6,0.4352912555270032,5.405517804079994
mcq,55,4,7,0.4494660319521489,5.600556939578955
mcq,55,5,6,0.43854146863613586,5.457923548335963
mcq,55,5,7,0.45503349061620335,5.66354057626934
mcq,55,6,7,0.4483769917836703,5.595338875207089
mcq,56,0,1,0.44508407606120376,5.547841920535831
mcq,56,0,2,0.4461961792090833,5.564867522089866
mcq,56,0,3,0.4426086757621468,5.531042703236596
mcq,56,0,4,0.44370456659397417,5.533419896751783
mcq,56,0,5,0.4487770381678644,5.602651475755786
mcq,56,0,6,0.44112793657707505,5.495507302620139
mcq,56,0,7,0.45509982949241484,5.669623276000164
mcq,56,1,2,0.4417395540897082,5.5204970858126
mcq,56,1,3,0.43819420976344037,5.461778677514196
mcq,56,1,4,0.43918773419164514,5.471340468254289
mcq,56,1,5,0.43989863884616587,5.47526396133302
mcq,56,1,6,0.43536248888005113,5.420162818811897
mcq,56,1,7,0.45341117770169775,5.66863373511858
mcq,56,2,3,0.4426682233091858,5.521810825486716
mcq,56,2,4,0.43880594908246556,5.455971817032474
mcq,56,2,5,0.44530088241131094,5.552755767926904
mcq,56,2,6,0.43812371857919996,5.460867140476681
mcq,56,2,7,0.455869763581811,5.698411644449063
mcq,56,3,4,0.43562710012004563,5.421162969037323
mcq,56,3,5,0.44176716457647697,5.515964851525592
mcq,56,3,6,0.4358451242829651,5.420146032718035
mcq,56,3,7,0.45280390732189885,5.642806495806106
mcq,56,4,5,0.44227389289850527,5.519927509762012
mcq,56,4,6,0.43552598906401874,5.408432763426044
mcq,56,4,7,0.44978690897002477,5.6045552172717334
mcq,56,5,6,0.43885422151552045,5.461815954019995
mcq,56,5,7,0.45542660698243614,5.668433469951386
mcq,56,6,7,0.4486792121704438,5.599110311989041
mcq,57,0,1,0.4453315481711601,5.55092658750017
mcq,57,0,2,0.4464474846781977,5.5680017525211465
mcq,57,0,3,0.44285048944030947,5.53406451878922
mcq,57,0,4,0.4439474781202721,5.536449235582089
mcq,57,0,5,0.4490909503280785,5.606570438354365
mcq,57,0,6,0.44135484549205295,5.498334100689122
mcq,57,0,7,0.4554026861381035,5.673396257171356
mcq,57,1,2,0.4419795115261383,5.523495876199984
mcq,57,1,3,0.43842277741000735,5.464627610408729
mcq,57,1,4,0.43941938598122526,5.474226354430519
mcq,57,1,5,0.4401993307551359,5.4790065679866045
mcq,57,1,6,0.435577969190599,5.422845499100734
mcq,57,1,7,0.4537042110692651,5.672297294630561
mcq,57,2,3,0.4429018949727914,5.524725628614126
mcq,57,2,4,0.4390404522838509,5.458887554297289
mcq,57,2,5,0.4456090375611615,5.556598361448128
mcq,57,2,6,0.4383436767563481,5.463608745943199
mcq,57,2,7,0.4561656024127776,5.702109655534541
mcq,57,3,4,0.4358527103920522,5.423970576855339
mcq,57,3,5,0.4420616274312826,5.519641554747174
mcq,57,3,6,0.43605671602091023,5.422777375952323
mcq,57,3,7,0.4530906521119893,5.64637988671108
mcq,57,4,5,0.4425714023021896,5.523640662105343
mcq,57,4,6,0.4357391210185098,5.4110794707972385
mcq,57,4,7,0.4500783619601424,5.60818685781924
mcq,57,5,6,0.4391385531614186,5.465354639632808
mcq,57,5,7,0.45578393355298646,5.6728809085971665
mcq,57,6,7,0.4489537270488633,5.602536009112645
mcq,58,0,1,0.4455563027476319,5.553728087100463
mcq,58,0,2,0.4466757208519227,5.570848267416858
mcq,58,0,3,0.44307009945611747,5.5368088671086495
mcq,58,0,4,0.4441680873479966,5.539200443439761
mcq,58,0,5,0.44937631859204824,5.610133051387757
mcq,58,0,6,0.4415609119863686,5.500901246930469
mcq,58,0,7,0.4556777979005196,5.676823593220758
mcq,58,1,2,0.44219739120506935,5.526218756959611
mcq,58,1,3,0.4386303190480161,5.467214469084439
mcq,58,1,4,0.4396297310948861,5.476846804964709
mcq,58,1,5,0.4404726733914181,5.482408767842138
mcq,58,1,6,0.4357736232785872,5.4252813474803
mcq,58,1,7,0.4539703631275545,5.675624778844643
mcq,58,2,3,0.44311408215705517,5.527372435928052
mcq,58,2,4,0.4392534050753308,5.461535340707437
mcq,58,2,5,0.44588916323495836,5.560091436607775
mcq,58,2,6,0.4385434088594747,5.4660982493245704
mcq,58,2,7,0.4564343246161705,5.705468706419831
mcq,58,3,4,0.4360575843271324,5.426520131256044
mcq,58,3,5,0.4423293194277992,5.522983993394093
mcq,58,3,6,0.4362488485454805,5.425166725477613
mcq,58,3,7,0.45335111343430756,5.6496257351185655
mcq,58,4,5,0.44284186649355356,5.527016268837477
mcq,58,4,6,0.4359326552614839,5.4134828105905655
mcq,58,4,7,0.45034310098070257,5.611485629813947
mcq,58,5,6,0.43939704169840593,5.468571691551263
mcq,58,5,7,0.4561087648996308,5.676923897849832
mcq,58,6,7,0.4492030747408124,5.605647642536687
mcq,59,0,1,0.4457604057886636,5.556272171393852
mcq,59,0,2,0.44688296544354017,5.573432979592263
mcq,59,0,3,0.4432694846429986,5.539300476612538
mcq,59,0,4,0.44436842743597565,5.5416988757580254
mcq,59,0,5,0.449635619819563,5.61337023662997
mcq,59,0,6,0.44174797228207835,5.503231616729942
mcq,59,0,7,0.4559276409822351,5.679936132623423
mcq,59,1,2,0.44239519244160574,5.528690713884816
mcq,59,1,3,0.4388186566838151,5.4695619635525565
mcq,59,1,4,0.43982071978892984,5.479226115881995
mcq,59,1,5,0.44072102190255324,5.4854998745944465
mcq,59,1,6,0.43595122758331245,5.427492480211117
mcq,59,1,7,0.4542120370372589,5.678646232537939
mcq,59,2,3,0.4433066664011136,5.52977471760915
mcq,59,2,4,0.43944673286113684,5.4639391161188975
mcq,59,2,5,0.44614365729744304,5.563264893991719
mcq,59,2,6,0.4387246959418221,5.468357850046929
mcq,59,2,7,0.45667835246108934,5.70851907567909
mcq,59,3,4,0.4362435690229035,5.42883461845219
mcq,59,3,5,0.44257256160732894,5.526021148303469
mcq,59,3,6,0.4364232402222549,5.427335450793889
mcq,59,3,7,0.45358759813483357,5.652572788760791
mcq,59,4,5,0.4430876506962622,5.530083849817908
mcq,59,4,6,0.4361083306646638,5.415664376398678
mcq,59,4,7,0.4505835225356575,5.614481394815762
mcq,59,5,6,0.4396318681681521,5.471494254206481
mcq,59,5,7,0.4564039002860931,5.680597278537611
mcq,59,6,7,0.4494294743566824,5.608472904749563
mcq,60,0,1,0.44594558023236175,5.558580316296387
mcq,60,0,2,0.4470710442622464,5.57577866016637
mcq,60,0,3,0.44345019828201104,5.541558757819326
mcq,60,0,4,0.4445503358939412,5.5439674480389485
mcq,60,0,5,0.44987127373224867,5.616312202527035
mcq,60,0,6,0.4419177337188707,5.50534647987562
mcq,60,0,7,0.4561545310297674,5.682762723650752
mcq,60,1,2,0.4425747332501698,5.530934467022352
mcq,60,1,3,0.4389895262094838,5.471691730471289
mcq,60,1,4,0.4399940785613194,5.481385795656859
mcq,60,1,5,0.44094669054684815,5.488308693004414
mcq,60,1,6,0.4361123528101406,5.429498452213604
mcq,60,1,7,0.45443142440472484,5.681389055594441
mcq,60,2,3,0.44348142934935,5.531954697758282
mcq,60,2,4,0.43962217576974694,5.466120516728612
mcq,60,2,5,0.446374904228743,5.5661484672840915
mcq,60,2,6,0.4388891990392324,5.470408251614019
mcq,60,2,7,0.456899888040083,5.711288289660465
mcq,60,3,4,0.43641227663964544,5.4309341009780105
mcq,60,3,5,0.44279354103344837,5.528780327448334
mcq,60,3,6,0.43658138691075915,5.429302154328072
mcq,60,3,7,0.45380210256997705,5.655245926073509
mcq,60,4,5,0.44331096405464226,5.532870976912706
mcq,60,4,6,0.43626770032400164,5.417643454820407
mcq,60,4,7,0.4508017039374119,5.617200037108653
mcq,60,5,6,0.4398451667580923,5.474148888899255
mcq,60,5,7,0.4566718938710416,5.683932840806842
mcq,60,6,7,0.4496348200624687,5.611035433227825
mcq,61,0,1,0.44611362073100674,5.560674891620179
mcq,61,0,2,0.44724177924087627,5.577908031913
mcq,61,0,3,0.443614253337813,5.543608865666308
mcq,61,0,4,0.4447154258613557,5.54602627767295
mcq,61,0,5,0.4500852407882733,5.6189834239582686
mcq,61,0,6,0.4420718101740687,5.507265941815103
mcq,61,0,7,0.4563605161775678,5.685328881914933
mcq,61,1,2,0.4427376914280152,5.532970984100291
mcq,61,1,3,0.43914457827917014,5.4736243440687495
mcq,61,1,4,0.440151390227332,5.483345562784617
mcq,61,1,5,0.4411516081624439,5.490859230643395
mcq,61,1,6,0.43625857205704277,5.431318848195565
mcq,61,1,7,0.4546305792687763,5.683878928002523
mcq,61,2,3,0.4436400493116195,5.5339333114890135
mcq,61,2,4,0.4397814078704146,5.468100357374406
mcq,61,2,5,0.446584896387936,5.5687670005483065
mcq,61,2,6,0.43903849931007854,5.472269161919839
mcq,61,2,7,0.4571010251396664,5.713802520877274
mcq,61,3,4,0.4365653875233531,5.432839489905109
mcq,61,3,5,0.44299419268404705,5.531285691225571
mcq,61,3,6,0.43672490926131186,5.431086990398533
mcq,61,3,7,0.45399683296818427,5.6576726409012
mcq,61,4,5,0.4435137383374436,5.535401760121663
mcq,61,4,6,0.4364123256853495,5.419439436145005
mcq,61,4,7,0.45099975624654987,5.61966786149468
mcq,61,5,6,0.44003881660689426,5.476558982688549
mcq,61,5,7,0.45691523027573466,5.686961509311651
mcq,61,6,7,0.4498212155499847,5.61336148014052
mcq,62,0,1,0.4462661410572873,5.562576012566498
mcq,62,0,2,0.44739675232514814,5.579840824535723
mcq,62,0,3,0.44376315855572623,5.545469654132767
mcq,62,0,4,0.444865274182743,5.547895029417888
mcq,62,0,5,0.45027957534352253,5.621409548046976
mcq,62,0,6,0.44221165506674154,5.509008109030539
mcq,62,0,7,0.45654751247487463,5.687658477513594
mcq,62,1,2,0.4428855724697207,5.534819079549801
mcq,62,1,3,0.43928527633566533,5.475378045116848
mcq,62,1,4,0.44029415311676084,5.485124083252031
mcq,62,1,5,0.44133770921307436,5.493175565102524
mcq,62,1,6,0.43639126205465667,5.432970808136683
mcq,62,1,7,0.45481134585570016,5.686138906633868
mcq,62,2,3,0.4437840073520808,5.535729033486614
mcq,62,2,4,0.43992592562647803,5.469897244599366
mcq,62,2,5,0.44677561215613715,5.571145163547174
mcq,62,2,6,0.4391739975501408,5.473958040780696
mcq,62,2,7,0.45728361003072365,5.716084847875946
mcq,62,3,4,0.4367043472894282,5.4345687751994
mcq,62,3,5,0.4431764345406127,5.533561187812685
mcq,62,3,6,0.4368551638436889,5.432706829232512
mcq,62,3,7,0.45417360057955414,5.659875504899405
mcq,62,4,5,0.44369790845201873,5.5377003486168075
mcq,62,4,6,0.4365435801211103,5.421069375134959
mcq,62,4,7,0.4511795393997594,5.621908043654728
mcq,62,5,6,0.44021469962376586,5.478747957114437
mcq,62,5,7,0.45713623604496084,5.689712241219113
mcq,62,6,7,0.44999041194139544,5.615472897906715
mcq,63,0,1,0.44640458304561137,5.564301651176586
mcq,63,0,2,0.44753739623358324,5.581594906607016
mcq,63,0,3,0.44389826347080574,5.547157987632862
mcq,63,0,4,0.4450012850502189,5.549591214891125
mcq,63,0,5,0.4504560100734267,5.623612205972408
mcq,63,0,6,0.4423385250783299,5.510588637075481
mcq,63,0,7,0.4567172460211258,5.6897730141540865
mcq,63,1,2,0.4430197545006446,5.536495976046449
mcq,63,1,3,0.43941286314877753,5.476968323855959
mcq,63,1,4,0.4404237109187983,5.486738096554498
mcq,63,1,5,0.4415066612626139,5.49527845196406
mcq,63,1,6,0.4365116510680059,5.434469623653903
mcq,63,1,7,0.45497538194305615,5.688189717342321
mcq,63,2,3,0.44391458312057047,5.53735782600893
mcq,63,2,4,0.44005705922307664,5.47152771749702
mcq,63,2,5,0.446948736607822,5.573303968606028
mcq,63,2,6,0.43929692551941735,5.475490241114987
mcq,63,2,7,0.4574493442643363,5.718156540192808
mcq,63,3,4,0.4368304270894347,5.4361377757109635
mcq,63,3,5,0.44334188901177984,5.535627074824366
mcq,63,3,6,0.4369733413483419,5.434176478191085
mcq,63,3,7,0.45433400081968056,5.661874400011127
mcq,63,4,5,0.4438651322987833,5.539787434304807
mcq,63,4,6,0.43666265483797373,5.422548064389219
mcq,63,4,7,0.4513427266013861,5.623941432497376
mcq,63,5,6,0.4403743459169296,5.480734855333146
mcq,63,5,7,0.4573368699050045,5.692209415670585
mcq,63,6,7,0.4501439330861552,5.617388702787833
mcq,64,0,1,0.44653009143087596,5.5658660762337835
mcq,64,0,2,0.44766496036875963,5.583185860420393
mcq,64,0,3,0.44402075105362687,5.548688649113985
mcq,64,0,4,0.445124625356709,5.551129386362388
mcq,64,0,5,0.4506161229553859,5.625611097622609
mcq,64,0,6,0.44245357362898236,5.512021895089409
mcq,64,0,7,0.45687116862022203,5.69169057837623
mcq,64,1,2,0.4431414823386498,5.538017230298527
mcq,64,1,3,0.439528551752609,5.4784102998920625
mcq,64,1,4,0.44054122850823974,5.488202114542218
mcq,64,1,5,0.4416600477429819,5.497187599649348
mcq,64,1,6,0.4366208609456626,5.435829261503835
mcq,64,1,7,0.4551242211494635,5.6900505337227765
mcq,64,2,3,0.4440330222438905,5.538835226912976
mcq,64,2,4,0.4401759742295739,5.473006268381364
mcq,64,2,5,0.4471059368134895,5.575264203546532
mcq,64,2,6,0.43940841394117647,5.476879856497835
mcq,64,2,7,0.45759976391038365,5.720036798834784
mcq,64,3,4,0.4369447016151435,5.4375598654452935
mcq,64,3,5,0.44349206599162944,5.537502205003299
mcq,64,3,6,0.4370804888243548,5.435508958319164
mcq,64,3,7,0.4544794461552643,5.663686928284726
mcq,64,4,5,0.44401690836772817,5.541681719524315
mcq,64,4,6,0.43677059765221693,5.423888515861206
mcq,64,4,7,0.451490686601809,5.625785083292409
mcq,64,5,6,0.44051925366212935,5.482538323081182
mcq,64,5,7,0.45751893467842963,5.694475471363335
mcq,64,6,7,0.450283130140122,5.619125755985582
mcq,65,0,1,0.44664388516356535,5.567284481596867
mcq,65,0,2,0.4477806821374791,5.584629118660495
mcq,65,0,3,0.4441318513774056,5.5500770101399075
mcq,65,0,4,0.44523650913384544,5.552524683966113
mcq,65,0,5,0.45076131054298396,5.627423657942626
mcq,65,0,6,0.4425579308978742,5.513321962679157
mcq,65,0,7,0.45701079417781165,5.693430030381997
mcq,65,1,2,0.44325190317465285,5.539397178953168
mcq,65,1,3,0.4396334585444369,5.479717888321954
mcq,65,1,4,0.4406478086030079,5.48952987472361
mcq,65,1,5,0.44179925643400664,5.498920281366826
mcq,65,1,6,0.43671991485659445,5.437062459904716
mcq,65,1,7,0.4552592559868244,5.691738765226817
mcq,65,2,3,0.44414045724001955,5.540175363144637
mcq,65,2,4,0.44028384513991603,5.474347500531782
mcq,65,2,5,0.4472486212263267,5.577043431317393
mcq,65,2,6,0.43950954609132364,5.478140389110347
mcq,65,2,7,0.45773626535515305,5.721743078751764
mcq,65,3,4,0.43704834798147546,5.438849693013136
mcq,65,3,5,0.4436282741876951,5.539202919049595
mcq,65,3,6,0.43717767881128405,5.436717607659778
mcq,65,3,7,0.45461139792788186,5.665331300843397
mcq,65,4,5,0.44415456484721044,5.543399781115089
mcq,65,4,6,0.4368685026464611,5.425104316047347
mcq,65,4,7,0.4516249139820635,5.627457619218429
mcq,65,5,6,0.44065063900671986,5.484173496074917
mcq,65,5,7,0.4576841496060368,5.696531806700414
mcq,65,6,7,0.45040940663138684,5.620701572259714
mcq,66,0,1,0.4467471180984933,5.568571249726255
mcq,66,0,2,0.44788566819595066,5.585938483317307
mcq,66,0,3,0.4442326405288203,5.551336517987417
mcq,66,0,4,0.4453380108758369,5.553790507671742
mcq,66,0,5,0.4508930782062133,5.629068680370383
mcq,66,0,6,0.4426526003864079,5.5145013413184
mcq,66,0,7,0.4571374774018164,5.695008247091717
mcq,66,1,2,0.44335205511349807,5.540648795389629
mcq,66,1,3,0.439728602581118,5.480903790963429
mcq,66,1,4,0.44074448155580903,5.490734213091165
mcq,66,1,5,0.4419255945953376,5.500492768118526
mcq,66,1,6,0.43680976030109386,5.4381810150171885
mcq,66,1,7,0.455381757867762,5.693270307299552
mcq,66,2,3,0.44423791044104743,5.541390987199129
mcq,66,2,4,0.4403816984955525,5.4755641776339745
mcq,66,2,5,0.4473781142240622,5.578658166473964
mcq,66,2,6,0.43960128423877726,5.47928383287683
mcq,66,2,7,0.4578601104363911,5.723291153025191
mcq,66,3,4,0.4371423683837522,5.440019730237671
mcq,66,3,5,0.44375189706870594,5.5407464911418165
mcq,66,3,6,0.4372658426587804,5.4378140084260425
mcq,66,3,7,0.45473111329360416,5.666823184266712
mcq,66,4,5,0.44427950251289405,5.544959101863807
mcq,66,4,6,0.43695731300064633,5.426207177509964
mcq,66,4,7,0.45174669338236045,5.628975047493195
mcq,66,5,6,0.44076988330159445,5.4856575660923435
mcq,66,5,7,0.4578340953271997,5.6983980949925
mcq,66,6,7,0.4505239680563276,5.62213119511351
mcq,67,0,1,0.44684076954408186,5.5697385874129965
mcq,67,0,2,0.44798089595448476,5.5871261444523865
mcq,67,0,3,0.4443240430476777,5.5524787261335025
mcq,67,0,4,0.4454300875296878,5.554938791522765
mcq,67,0,5,0.4510126317365917,5.630561218326739
mcq,67,0,6,0.442738385451082,5.515570039104875
mcq,67,0,7,0.457252401882477,5.696439973645565
mcq,67,1,2,0.44344287650689257,5.541783806354624
mcq,67,1,3,0.4398148020234168,5.4819782056076
mcq,67,1,4,0.4408321689153762,5.49182661017242
mcq,67,1,5,0.4420402212469012,5.501919485818678
mcq,67,1,6,0.4368910710094359,5.439193314628164
mcq,67,1,7,0.4554928849817682,5.69465963984873
mcq,67,2,3,0.4443262462302481,5.542492881329771
mcq,67,2,4,0.4404704434428819,5.476667603721396
mcq,67,2,5,0.44749557766676634,5.5801228970297725
mcq,67,2,6,0.43968447607014594,5.480320753543327
mcq,67,2,7,0.4579724664701796,5.724695613207491
mcq,67,3,4,0.4372276264013416,5.441080723935358
mcq,67,3,5,0.4438640559397263,5.542146922047378
mcq,67,3,6,0.43734579091801096,5.438808240587763
mcq,67,3,7,0.4548396831305548,5.668176172991604
mcq,67,4,5,0.4443928784720706,5.546374123383396
mcq,67,4,6,0.43703786161550956,5.427207443346249
mcq,67,4,7,0.4518571778075383,5.630351735096166
mcq,67,5,6,0.44087789869356125,5.487001885372415
mcq,67,5,7,0.45797012273971166,5.7000911500887375
mcq,67,6,7,0.4506276947446156,5.623425610264174
mcq,68,0,1,0.4469256188135931,5.57079620856738
mcq,68,0,2,0.4480672059777388,5.588202585416289
mcq,68,0,3,0.444406859325326,5.553513636638605
mcq,68,0,4,0.4455135334878456,5.555979442352028
mcq,68,0,5,0.45112107365416876,5.631915035964172
mcq,68,0,6,0.4428161238023288,5.516538492112603
mcq,68,0,7,0.4573565810324415,5.697737835115149
mcq,68,1,2,0.443525229860763,5.542812990736777
mcq,68,1,3,0.43989289419112915,5.482951568849261
mcq,68,1,4,0.4409116623174202,5.492816928056327
mcq,68,1,5,0.4421442182793674,5.503213900380726
mcq,68,1,6,0.43696478063451794,5.440110982501403
mcq,68,1,7,0.4555936521183928,5.695919449968447
mcq,68,2,3,0.4444063095952077,5.543491585849499
mcq,68,2,4,0.4405508864785145,5.477667806513099
mcq,68,2,5,0.44760215213063154,5.581451845595373
mcq,68,2,6,0.4397598974036202,5.481260821072645
mcq,68,2,7,0.4580743789924645,5.725969528588806
mcq,68,3,4,0.437304846692248,5.442041692115264
mcq,68,3,5,0.4439657847826414,5.5434171222046125
mcq,68,3,6,0.4374182149587225,5.439708901981146
mcq,68,3,7,0.45493805733352405,5.669402104531854
mcq,68,4,5,0.4444957095021563,5.547657535859107
mcq,68,4,6,0.4371108458808162,5.428113773856047
mcq,68,4,7,0.4519572976533133,5.631599275193043
mcq,68,5,6,0.44097585271951684,5.48822098464387
mcq,68,5,7,0.4580934702708346,5.701626385982147
mcq,68,6,7,0.45072167870124413,5.624598444945271
mcq,69,0,1,0.4470024967738178,5.571754469699241
mcq,69,0,2,0.44814546727270993,5.589178644286612
mcq,69,0,3,0.44448196171941357,5.554452150887333
mcq,69,0,4,0.4455892002673218,5.556923079390273
mcq,69,0,5,0.45121918152746954,5.633139840654216
mcq,69,0,6,0.4428865954630708,5.517416417753043
mcq,69,0,7,0.4574510475568608,5.698914696917641
mcq,69,1,2,0.44359988619282403,5.5437459840804
mcq,69,1,3,0.43996366197789744,5.483833638899969
mcq,69,1,4,0.44098370782866997,5.493714461139719
mcq,69,1,5,0.4422384298783633,5.504386519086879
mcq,69,1,6,0.43703160154123294,5.44094288741592
mcq,69,1,7,0.4556850237750646,5.697061795991033
mcq,69,2,3,0.4444788984397577,5.544397053751959
mcq,69,2,4,0.440623824717202,5.478574697077129
mcq,69,2,5,0.4476987428393049,5.582656300012372
mcq,69,2,6,0.43982828313022243,5.482113195302671
mcq,69,2,7,0.45816681822412836,5.727125027014449
mcq,69,3,4,0.4373748562350106,5.442912926114708
mcq,69,3,5,0.4440579694094001,5.544568151981893
mcq,69,3,6,0.4374838800243807,5.440525509131911
mcq,69,3,7,0.4550272694389177,5.670513858736444
mcq,69,4,5,0.44458885166590817,5.548820023630301
mcq,69,4,6,0.43717701650707885,5.428935491484941
mcq,69,4,7,0.45204808666038937,5.632730548676401
mcq,69,5,6,0.44106454564302916,5.489324823688588
mcq,69,5,7,0.4582052229432956,5.703017307327589
mcq,69,6,7,0.45080690057071426,5.625661936712248
mcq,70,0,1,0.4470722022034602,5.57262332734987
mcq,70,0,2,0.44821643747063733,5.590063770085274
mcq,70,0,3,0.4445500635700955,5.555303183108161
mcq,70,0,4,0.44565781570949137,5.557778779514885
mcq,70,0,5,0.45130816853,5.6342507779764235
mcq,70,0,6,0.44295049698752337,5.518212493596714
mcq,70,0,7,0.4575367169177135,5.699981963857453
mcq,70,1,2,0.4436675583118263,5.544591694482115
mcq,70,1,3,0.4400278046594495,5.484633131733544
mcq,70,1,4,0.44104901592828794,5.494528060474415
mcq,70,1,5,0.4423238723419007,5.505449991441784
mcq,70,1,6,0.4370921816226626,5.441697095491517
mcq,70,1,7,0.4557678682557674,5.698097533619869
mcq,70,2,3,0.4445447143458301,5.545218036518518
mcq,70,2,4,0.44068996304115604,5.47939703969184
mcq,70,2,5,0.44778635190095434,5.583748756240535
mcq,70,2,6,0.4398902917897705,5.482886084413649
mcq,70,2,7,0.45825064841923036,5.728172911735236
mcq,70,3,4,0.43743833426001394,5.443702878618583
mcq,70,3,5,0.4441415856615111,5.545612195868908
mcq,70,3,6,0.43754342229990123,5.441265973600735
mcq,70,3,7,0.45510816949567273,5.671522028848024
mcq,70,4,5,0.4446733371224143,5.549874468857639
mcq,70,4,6,0.43723701503243173,5.429680562958111
mcq,70,4,7,0.45213041650136127,5.633756416994385
mcq,70,5,6,0.44114499720822264,5.490326093861591
mcq,70,5,7,0.45830658529169443,5.704278906275582
mcq,70,6,7,0.45088418161952865,5.626626334227446
mcq,71,0,1,0.4471354201613875,5.573411320576281
mcq,71,0,2,0.448280767526919,5.5908660813949105
mcq,71,0,3,0.4446117922548371,5.556074573300033
mcq,71,0,4,0.44572004016982,5.558554777989479
mcq,71,0,5,0.45138884823258973,5.635258004764637
mcq,71,0,6,0.4430084024955481,5.518933871944866
mcq,71,0,7,0.4576144010208302,5.7009497506388636
mcq,71,1,2,0.4437288701944088,5.545357919887988
mcq,71,1,3,0.44008586080812395,5.485356760270533
mcq,71,1,4,0.44110822614863876,5.495265693266769
mcq,71,1,5,0.442401342211628,5.506414231719772
mcq,71,1,6,0.4371471053984156,5.442380883862838
mcq,71,1,7,0.455842999015626,5.699036832827352
mcq,71,2,3,0.44460430624687663,5.545961381504635
mcq,71,2,4,0.4407498805650124,5.48014203488206
mcq,71,2,5,0.44786571559689686,5.584738395466091
mcq,71,2,6,0.439946473242779,5.483586341983893
mcq,71,2,7,0.45832664791530187,5.729122912037917
mcq,71,3,4,0.43749586739905366,5.4444188499683195
mcq,71,3,5,0.44421739832915486,5.546558803139787
mcq,71,3,6,0.4375973929089338,5.441937149131062
mcq,71,3,7,0.45518149668269353,5.672435826455662
mcq,71,4,5,0.44474995628529784,5.550830736527439
mcq,71,4,6,0.4372913979680788,5.430355899122451
mcq,71,4,7,0.4522050719656375,5.634686658990011
mcq,71,5,6,0.4412179229448119,5.491233700378822
mcq,71,5,7,0.4583984719919236,5.705422567271748
mcq,71,6,7,0.45095422117735817,5.627500364491949
mcq,72,0,1,0.44719263979605134,5.574124546469859
mcq,72,0,2,0.44833904433463645,5.591592897826044
mcq,72,0,3,0.44466765735747055,5.556772689458181
mcq,72,0,4,0.4457764070567877,5.559257726927461
mcq,72,0,5,0.4514619331475846,5.636170416211807
mcq,72,0,6,0.44306084245868416,5.519587161334333
mcq,72,0,7,0.4576847836507476,5.70182657583401
mcq,72,1,2,0.4437844378877308,5.546052359147976
mcq,72,1,3,0.4401384143725267,5.486011803014337
mcq,72,1,4,0.4411618744711453,5.49593403669973
mcq,72,1,5,0.44247156403368815,5.507288258092378
mcq,72,1,6,0.4371968806858249,5.4430005747388375
mcq,72,1,7,0.4559110798314384,5.699887992278658
mcq,72,2,3,0.44465828105417077,5.546634659276851
mcq,72,2,4,0.4408041592355653,5.4808169183867665
mcq,72,2,5,0.4479376683780478,5.5856356230179225
mcq,72,2,6,0.43999738608514355,5.48422093047136
mcq,72,2,7,0.4583955812522794,5.729984584738114
mcq,72,3,4,0.43754793566036143,5.445066813628032
mcq,72,3,5,0.44428610491254006,5.5474166828769205
mcq,72,3,6,0.43764624988485573,5.442544731800822
mcq,72,3,7,0.45524788998428295,5.673263214531226
mcq,72,4,5,0.4448193918881278,5.551697347693896
mcq,72,4,6,0.43734064828956676,5.43096749764707
mcq,72,4,7,0.45227267439966656,5.635529016930588
mcq,72,5,6,0.44128401167180165,5.492056216024694
mcq,72,5,7,0.45848172709680746,5.706458795756937
mcq,72,6,7,0.4510176273034368,5.628291615534431
mcq,73,0,1,0.4472444646419996,5.574770527910986
mcq,73,0,2,0.4483918754030025,5.5922517961093705
mcq,73,0,3,0.44471828438143285,5.5574053481628285
mcq,73,0,4,0.4458275072564615,5.559894995242668
mcq,73,0,5,0.4515281030907534,5.636996499318151
mcq,73,0,6,0.4431083736564576,5.520179298043002
mcq,73,0,7,0.45774861881778667,5.70262183288624
mcq,73,1,2,0.4438347844299217,5.546681548761793
mcq,73,1,3,0.44018600329087093,5.486604964981582
mcq,73,1,4,0.44121046720480883,5.496539398301291
mcq,73,1,5,0.44253519596453544,5.508080262401989
mcq,73,1,6,0.4372419804898906,5.44356205692294
mcq,73,1,7,0.45597278263592095,5.70065941260582
mcq,73,2,3,0.4447071888851084,5.547244731959059
mcq,73,2,4,0.4408533532228599,5.4814285805777825
mcq,73,2,5,0.44800284946825825,5.586448409807533
mcq,73,2,6,0.44004353188775186,5.484796101562192
mcq,73,2,7,0.45845808196690707,5.730765849100159
mcq,73,3,4,0.4375951153472504,5.445653941406315
mcq,73,3,5,0.4443483585931275,5.548193990792794
mcq,73,3,6,0.43769053222625304,5.443095424566835
mcq,73,3,7,0.4553080689521278,5.674013160070951
mcq,73,4,5,0.44488226196101915,5.552482015860989
mcq,73,4,6,0.4373852803877142,5.431521746321046
mcq,73,4,7,0.4523339469531605,5.636292501599686
mcq,73,5,6,0.4413438501778342,5.492800943751784
mcq,73,5,7,0.45855713450782903,5.707397348502789
mcq,73,6,7,0.4510750952299671,5.629008763223284
mcq,74,0,1,0.4472914366252749,5.575356019848176
mcq,74,0,2,0.44843976767858557,5.592849098778845
mcq,74,0,3,0.4447641729948538,5.557978793498003
mcq,74,0,4,0.44587382626071226,5.560472637482608
mcq,74,0,5,0.45158809685728457,5.63774547739859
mcq,74,0,6,0.44315145829461644,5.520716040162464
mcq,74,0,7,0.4578064878391624,5.703342763832131
mcq,74,1,2,0.4438804011764271,5.547251629285069
mcq,74,1,3,0.440229116464631,5.487142339980876
mcq,74,1,4,0.4412544972586348,5.49708791866414
mcq,74,1,5,0.4425928769471403,5.5087981973475
mcq,74,1,6,0.43728285023411784,5.444070875835301
mcq,74,1,7,0.45602870581803084,5.70135857498265
mcq,74,2,3,0.44475151531037765,5.5477976565242715
mcq,74,2,4,0.44089794309881875,5.481982996731586
mcq,74,2,5,0.4480619453067367,5.587185315506428
mcq,74,2,6,0.4400853592536037,5.485317446739517
mcq,74,2,7,0.4585147388602252,5.7314740651882055
mcq,74,3,4,0.43763787570154433,5.446186072784683
mcq,74,3,5,0.44440480038925184,5.548898730729447
mcq,74,3,6,0.43773067167491225,5.443594596546247
mcq,74,3,7,0.45536261924386173,5.674692961493966
mcq,74,4,5,0.44493926304025033,5.553193434351627
mcq,74,4,6,0.4374257350995933,5.43202411953104
mcq,74,4,7,0.45238948793791317,5.636984568242045
mcq,74,5,6,0.4413981013247992,5.493476133291932
mcq,74,5,7,0.45862550000557517,5.708248254597586
mcq,74,6,7,0.4511271866532087,5.629658817019242
mcq,75,0,1,0.4473340201331589,5.575886810732122
mcq,75,0,2,0.44848317622488043,5.593390481293338
mcq,75,0,3,0.44480575339887746,5.558498401456154
mcq,75,0,4,0.4459158181601066,5.560996316590521
mcq,75,0,5,0.45164246977501354,5.6384242833129905
mcq,75,0,6,0.4431904904319135,5.521202296819019
mcq,75,0,7,0.4578589532845051,5.7039963771512845
mcq,75,1,2,0.443921706321172,5.547767826961013
mcq,75,1,3,0.44026809895233615,5.487628228920987
mcq,75,1,4,0.4412943769585812,5.497584734488425
mcq,75,1,5,0.4426451542515472,5.509448874607075
mcq,75,1,6,0.4373198779580758,5.444531862479278
mcq,75,1,7,0.45607939410294634,5.701992289668079
mcq,75,2,3,0.4447916355514454,5.548298113457442
mcq,75,2,4,0.4409383367034715,5.482485237799727
mcq,75,2,5,0.44811547949819314,5.587852869293389
mcq,75,2,6,0.44012324983788087,5.485789723034633
mcq,75,2,7,0.45856609216572414,5.732115985967809
mcq,75,3,4,0.4376766141941171,5.446668154090813
mcq,75,3,5,0.4444559682337915,5.549537619389902
mcq,75,3,6,0.4377670490863353,5.444046984037169
mcq,75,3,7,0.455412040432706,5.675308844442261
mcq,75,4,5,0.4449909315349735,5.553838297975706
mcq,75,4,6,0.43746238814957206,5.432479283083532
mcq,75,4,7,0.4524398389178762,5.637611964997751
mcq,75,5,6,0.44144725017567865,5.494087821558091
mcq,75,5,7,0.4586874469737179,5.709019272939946
mcq,75,6,7,0.4511743861220107,5.630247823653204
mcq,76,0,1,0.44737258080786785,5.576367458185357
mcq,76,0,2,0.4485225039452677,5.593880968581439
mcq,76,0,3,0.44484339271871715,5.558968759803729
mcq,76,0,4,0.445953784529098,5.561469793487992
mcq,76,0,5,0.45169175264111877,5.639039543673995
mcq,76,0,6,0.4432258454175448,5.521642744058041
mcq,76,0,7,0.45790649355522334,5.704588632757515
mcq,76,1,2,0.4439591167381291,5.548235351537154
mcq,76,1,3,0.4403033732861645,5.488067898364522
mcq,76,1,4,0.4413304398249137,5.498034000723807
mcq,76,1,5,0.44269253578646917,5.510038615942195
mcq,76,1,6,0.43735342223251417,5.444949480978204
mcq,76,1,7,0.4561253025604919,5.702566246032562
mcq,76,2,3,0.4448279513319057,5.548751113829103
mcq,76,2,4,0.4409748303017657,5.482938987445126
mcq,76,2,5,0.4481640154120681,5.588458096200332
mcq,76,2,6,0.44015756852096943,5.486217478394216
mcq,76,2,7,0.4586126351441732,5.732697777241434
mcq,76,3,4,0.4377115728443971,5.44710319713633
mcq,76,3,5,0.44450232154827957,5.550116393173854
mcq,76,3,6,0.4377999719775034,5.444456411303895
mcq,76,3,7,0.4554567528890443,5.675866047538324
mcq,76,4,5,0.44503770780977653,5.554422102831103
mcq,76,4,6,0.4374954849192469,5.432890284167204
mcq,76,4,7,0.4524853527159313,5.638179088204898
mcq,76,5,6,0.44149177619807006,5.494641975825143
mcq,76,5,7,0.4587435687885815,5.709717788944259
mcq,76,6,7,0.4512171091888092,5.630780968843315
mcq,77,0,1,0.4474074911143709,5.576802604874024
mcq,77,0,2,0.4485581247998618,5.594325224597236
mcq,77,0,3,0.44487748092421164,5.559394741784183
mcq,77,0,4,0.4459881694840185,5.561898606730025
mcq,77,0,5,0.45173633590683915,5.639596132978346
mcq,77,0,6,0.4432578629659564,5.522041613992403
mcq,77,0,7,0.45794956695983785,5.705125240247901
mcq,77,1,2,0.44399298717206803,5.548658636321421
mcq,77,1,3,0.4403352918459522,5.488465740475124
mcq,77,1,4,0.44136307466711006,5.4984405611053555
mcq,77,1,5,0.4427354346387699,5.510572562900069
mcq,77,1,6,0.43738379420040246,5.445327604990463
mcq,77,1,7,0.4561668924950386,5.7030862113920575
mcq,77,2,3,0.4448608448520788,5.54916142517791
mcq,77,2,4,0.4410078881067175,5.483350017542888
mcq,77,2,5,0.4482079824280416,5.589006350450859
mcq,77,2,6,0.4401886589470618,5.486604996072513
mcq,77,2,7,0.4586548224280007,5.733225121953927
mcq,77,3,4,0.43774323412616684,5.447497206067902
mcq,77,3,5,0.4445443028872869,5.550640577877818
mcq,77,3,6,0.4378297975727495,5.444827320768609
mcq,77,3,7,0.45549726016301056,5.676370845984115
mcq,77,4,5,0.44508004745829055,5.5549505350861805
mcq,77,4,6,0.437525463777655,5.433262566520257
mcq,77,4,7,0.452526585081104,5.6386928627562245
mcq,77,5,6,0.4415320619236853,5.495143356940095
mcq,77,5,7,0.4587943734079782,5.710350124869743
mcq,77,6,7,0.45125581443203405,5.631263975233158
mcq,78,0,1,0.44743912211218684,5.577196875945738
mcq,78,0,2,0.4485904042843121,5.594727807727746
mcq,78,0,3,0.4449083701709208,5.559780748096247
mcq,78,0,4,0.44601932597668337,5.562287157962995
mcq,78,0,5,0.4517767379265035,5.6401005224988525
mcq,78,0,6,0.4432868767823192,5.522403063872309
mcq,78,0,7,0.45798860193644025,5.705611537094398
mcq,78,1,2,0.44402366301882923,5.549041997786524
mcq,78,1,3,0.4403641945390435,5.488825991955704
mcq,78,1,4,0.44139263228742776,5.498808785879408
mcq,78,1,5,0.44277430085477076,5.5110563170493
mcq,78,1,6,0.4374113033544771,5.445670087629415
mcq,78,1,7,0.45620457331823566,5.703557304289733
mcq,78,2,3,0.4448906467916299,5.54953317237766
mcq,78,2,4,0.4410378410887576,5.4837224432727325
mcq,78,2,5,0.44824782584867306,5.58950318482165
mcq,78,2,6,0.44021682997337425,5.486956125731511
mcq,78,2,7,0.4586930519338161,5.733702994097471
mcq,78,3,4,0.4377719205649566,5.44785419455562
mcq,78,3,5,0.4445823521695178,5.551115666386519
mcq,78,3,6,0.43785682704589846,5.4451634578124635
mcq,78,3,7,0.45553396749400243,5.67682828984097
mcq,78,4,5,0.44511841784697165,5.555429427843456
mcq,78,4,6,0.4375526287291916,5.433599905318852
mcq,78,4,7,0.45256394771829495,5.639158418687319
mcq,78,5,6,0.44156856876292694,5.495597707444715
mcq,78,5,7,0.45884041464078923,5.7109231736575445
mcq,78,6,7,0.4512908854261689,5.631701629484984
mcq,79,0,1,0.44746779293348216,5.577554249288963
mcq,79,0,2,0.44861965766943124,5.595092649966085
mcq,79,0,3,0.44493635161803885,5.5601304171998684
mcq,79,0,4,0.4460475612520694,5.562639278825332
mcq,79,0,5,0.4518133432604123,5.64055751318822
mcq,79,0,6,0.4433131500311619,5.5227303721629575
mcq,79,0,7,0.45802398007280937,5.7060522771088324
mcq,79,1,2,0.44405144739206615,5.54938922399723
mcq,79,1,3,0.44039031355532443,5.489151546887792
mcq,79,1,4,0.44141940170504046,5.4991422756071335
mcq,79,1,5,0.4428094991156355,5.511494417448336
mcq,79,1,6,0.4374362153132026,5.44598023578383
mcq,79,1,7,0.45623871687852224,5.7039841736462815
mcq,79,2,3,0.444917619559314,5.549869628695845
mcq,79,2,4,0.4410649709828949,5.484059767637002
mcq,79,2,5,0.44828391573278714,5.589953213824721
mcq,79,2,6,0.4402423423266365,5.487274117124576
mcq,79,2,7,0.45872771174461996,5.7341362447432855
mcq,79,3,4,0.43779790237075333,5.448177525228608
mcq,79,3,5,0.4446168366893949,5.55154624478803
mcq,79,3,6,0.43788131708471756,5.4454680145904355
mcq,79,3,7,0.45556720326066985,5.6772424713376655
mcq,79,4,5,0.44515319279040677,5.555863446604229
mcq,79,4,6,0.43757722949243094,5.433905401608969
mcq,79,4,7,0.45259780539336986,5.63958030115144
mcq,79,5,6,0.44160163332782215,5.496009216686746
mcq,79,5,7,0.4588821168309107,5.711442216872479
mcq,79,6,7,0.45132264914574566,5.6320980119448905
mcq,80,0,1,0.44749369615601703,5.577877125328762
mcq,80,0,2,0.4486461212777251,5.595422698678228
mcq,80,0,3,0.4449616361097863,5.5604463839019305
mcq,80,0,4,0.4460730856369201,5.562957592292487
mcq,80,0,5,0.4518464802396371,5.640971204018557
mcq,80,0,6,0.4433368985503804,5.523026227741283
mcq,80,0,7,0.4580559676543867,5.7064507776691515
mcq,80,1,2,0.4440766139078418,5.549703734381717
mcq,80,1,3,0.4404139352380185,5.489445974335691
mcq,80,1,4,0.44144361696272216,5.499443945961263
mcq,80,1,5,0.44284138458260724,5.511891284664517
mcq,80,1,6,0.43745877298702107,5.446261073632824
mcq,80,1,7,0.45626957866551987,5.704370013642084
mcq,80,2,3,0.44494203082871087,5.550174133072987
mcq,80,2,4,0.44108950364542154,5.48436479886008
mcq,80,2,5,0.44831662289756125,5.590361061428499
mcq,80,2,6,0.4402654410023639,5.4875620239278815
mcq,80,2,7,0.4587591032559976,5.734528641362368
mcq,80,3,4,0.4378213640813452,5.448469494568018
mcq,80,3,5,0.4446480645385801,5.551936159956712
mcq,80,3,6,0.4379034655711982,5.445743451952104
mcq,80,3,7,0.4555972141755424,5.677616464986239
mcq,80,4,5,0.4451846627811417,5.556256216944914
mcq,80,4,6,0.43759945611602347,5.434181415445748
mcq,80,4,7,0.4526283641623427,5.63996107770288
mcq,80,5,6,0.441631571541188,5.496381816523729
mcq,80,5,7,0.45891985846865674,5.711911965366156
mcq,80,6,7,0.45135134012650635,5.6324560494065805
mcq,81,0,1,0.4475171417254844,5.578169367446909
mcq,81,0,2,0.4486701012141807,5.595721771542995
mcq,81,0,3,0.4449845327962671,5.560732511485105
mcq,81,0,4,0.4460961920443696,5.5632457512711175
mcq,81,0,5,0.451876473258552,5.641345644815199
mcq,81,0,6,0.44335842221877775,5.523294366453546
mcq,81,0,7,0.45808496238532836,5.706811993364643
mcq,81,1,2,0.444099390350473,5.549988375600749
mcq,81,1,3,0.440435297736446,5.489712242661037
mcq,81,1,4,0.44146551775012594,5.499716782962573
mcq,81,1,5,0.4428702482356763,5.512250540423652
mcq,81,1,6,0.43747916547307275,5.446514955392286
mcq,81,1,7,0.45629751821879855,5.704719319309982
mcq,81,2,3,0.4449641301282152,5.550449798107911
mcq,81,2,4,0.4411117114707876,5.484640923806809
mcq,81,2,5,0.44834627752764605,5.590730844927148
mcq,81,2,6,0.44028635827689633,5.4878227412830904
mcq,81,2,7,0.4587875457748812,5.734884175319106
mcq,81,3,4,0.43784260172950723,5.448733786554751
mcq,81,3,5,0.4446763202604851,5.552288964740273
mcq,81,3,6,0.43792352802156376,5.445992947483194
mcq,81,3,7,0.4556243897014924,5.677955124242218
mcq,81,4,5,0.44521314728409994,5.5566117260400825
mcq,81,4,6,0.43761958726226247,5.434431407302992
mcq,81,4,7,0.4526560324178599,5.640305837104986
mcq,81,5,6,0.4416586345096312,5.496718632134836
mcq,81,5,7,0.45895402783984934,5.712337251909247
mcq,81,6,7,0.4513773179772856,5.6327802294627
mcq,82,0,1,0.44753837925915946,5.5784340870492235
mcq,82,0,2,0.4486918308378342,5.59599277896657
mcq,82,0,3,0.4450052756997898,5.560991724400386
mcq,82,0,4,0.44611712541031756,5.563506810345924
mcq,82,0,5,0.45190364464910165,5.641684859655563
mcq,82,0,6,0.44337792376639806,5.523537313880978
mcq,82,0,7,0.4581112353267917,5.707139301069011
mcq,82,1,2,0.4441200075390588,5.5502460322413
mcq,82,1,3,0.44045462944510294,5.489953198638523
mcq,82,1,4,0.4414853430247378,5.4999637635106025
mcq,82,1,5,0.44289638520732444,5.512575858136158
mcq,82,1,6,0.437497627145187,5.446744798962466
mcq,82,1,7,0.45632281926911644,5.7050356379064775
mcq,82,2,3,0.44498414453355906,5.550699456326582
mcq,82,2,4,0.4411318270086724,5.48489103392499
mcq,82,2,5,0.44837313999754363,5.591065811105199
mcq,82,2,6,0.4403053046837962,5.488058893325269
mcq,82,2,7,0.4588133113668325,5.735206247456657
mcq,82,3,4,0.4378618364346953,5.448973152910648
mcq,82,3,5,0.44470192045152,5.552608612204512
mcq,82,3,6,0.43794170306085106,5.446218971273754
mcq,82,3,7,0.45564900669724084,5.678261899297094
mcq,82,4,5,0.4452389510891785,5.556933777908386
mcq,82,4,6,0.43763782281105523,5.43465785932199
mcq,82,4,7,0.45268109483824764,5.640618126582826
mcq,82,5,6,0.4416831487198486,5.497023726851717
mcq,82,5,7,0.4589849800573342,5.712722496387436
mcq,82,6,7,0.451400847620672,5.6330738581072834
mcq,83,0,1,0.44755762804601096,5.5786740175081135
mcq,83,0,2,0.4487115156130263,5.596238283458205
mcq,83,0,3,0.44502405229962355,5.561226365475425
mcq,83,0,4,0.44613609279426525,5.563743351746728
mcq,83,0,5,0.45192824743681576,5.641992007377418
mcq,83,0,6,0.4433955841092624,5.523757323848904
mcq,83,0,7,0.4581350393246489,5.707435850730354
mcq,83,1,2,0.444138655508569,5.5504790792038925
mcq,83,1,3,0.44047206887967816,5.490170568767541
mcq,83,1,4,0.4415032904124624,5.500187349601725
mcq,83,1,5,0.44292003744416814,5.512870249226649
mcq,83,1,6,0.43751431246390265,5.446952527341535
mcq,83,1,7,0.4563457272360702,5.705322037714562
mcq,83,2,3,0.44500222680706186,5.550925013274923
mcq,83,2,4,0.44115002443804413,5.485117294899807
mcq,83,2,5,0.4483974490187415,5.591368936616513
mcq,83,2,6,0.4403224471166889,5.488272560252034
mcq,83,2,7,0.4588366548365965,5.735498042856466
mcq,83,3,4,0.43787924728472094,5.449189822294606
mcq,83,3,5,0.44472511774781864,5.552898256798529
mcq,83,3,6,0.43795815115188624,5.44642351883068
mcq,83,3,7,0.45567128320473316,5.678539507372353
mcq,83,4,5,0.44526233392261266,5.557225614138382
mcq,83,4,6,0.43765434537975656,5.4348630392748385
mcq,83,4,7,0.4527037985404,5.640901025328458
mcq,83,5,6,0.4417053118244619,5.497299560585182
mcq,83,5,7,0.4590130019500047,5.713071268795262
mcq,83,6,7,0.4514221481236888,5.633339669098426
mcq,84,0,1,0.44757500998344346,5.578890678238827
mcq,84,0,2,0.4487293060993388,5.596460162766221
mcq,84,0,3,0.4450410091120517,5.561438265645455
mcq,84,0,4,0.4461531913287729,5.563956586809365
mcq,84,0,5,0.45195051154008975,5.642269958342943
mcq,84,0,6,0.4434115462649345,5.523956178049213
mcq,84,0,7,0.45815655519451765,5.707703894945504
mcq,84,1,2,0.44415553128872964,5.550689978803748
mcq,84,1,3,0.44048781663120534,5.490366853272433
mcq,84,1,4,0.44151949784728406,5.500389259598573
mcq,84,1,5,0.44294145354937736,5.513136807971526
mcq,84,1,6,0.4375294057331159,5.4471404350705965
mcq,84,1,7,0.4563664403958871,5.705580997621757
mcq,84,2,3,0.44501857840731024,5.551128981932512
mcq,84,2,4,0.44116643004827594,5.485321276972641
mcq,84,2,5,0.4484194719167042,5.591643554921841
mcq,84,2,6,0.4403379637254897,5.48846596256179
mcq,84,2,7,0.45885778167332875,5.735762130150827
mcq,84,3,4,0.4378948915244325,5.449384507090341
mcq,84,3,5,0.4447461130932755,5.553160407535097
mcq,84,3,6,0.4379730123781401,5.446608332224322
mcq,84,3,7,0.45569138945050147,5.678790069817581
mcq,84,4,5,0.4452834645881735,5.557489341534463
mcq,84,4,6,0.43766921771271206,5.435047726331053
mcq,84,4,7,0.4527242693204011,5.6411561008199165
mcq,84,5,6,0.4417253674176373,5.497549165017365
mcq,84,5,7,0.45903836019974664,5.713386888369025
mcq,84,6,7,0.45144139099178027,5.633579802668782
mcq,85,0,1,0.4475907198831073,5.5790864975112076
mcq,85,0,2,0.448745416708514,5.596661090990033
mcq,85,0,3,0.4450563577814808,5.561630069716859
mcq,85,0,4,0.44616865220305857,5.564149398684281
mcq,85,0,5,0.4519706247224416,5.642521056641657
mcq,85,0,6,0.4434260063550282,5.524136319736278
mcq,85,0,7,0.4581760491075136,5.707946749668138
mcq,85,1,2,0.4441707975154606,5.550880763530629
mcq,85,1,3,0.44050203848315006,5.490544118526002
mcq,85,1,4,0.4415341376029354,5.5005716396636455
mcq,85,1,5,0.4429607941086282,5.513377533124339
mcq,85,1,6,0.4375430324443949,5.447310084490801
mcq,85,1,7,0.4563851814590458,5.705815301997295
mcq,85,2,3,0.4450333740934408,5.551313542231951
mcq,85,2,4,0.44118127793443945,5.485505890806205
mcq,85,2,5,0.44843940338288496,5.591892093759669
mcq,85,2,6,0.44035201689011316,5.488641124192301
mcq,85,2,7,0.45887692007718633,5.736001361861527
mcq,85,3,4,0.43790904179627094,5.449560600197659
mcq,85,3,5,0.4447651030686108,5.553397518947806
mcq,85,3,6,0.43798647316156875,5.44677572978789
mcq,85,3,7,0.45570958523365007,5.679016824228679
mcq,85,4,5,0.44530254250970375,5.5577274490637
mcq,85,4,6,0.43768268740800964,5.4352149952040705
mcq,85,4,7,0.4527427917729571,5.641386899240322
mcq,85,5,6,0.4417434539074188,5.497774262723159
mcq,85,5,7,0.4590612788055462,5.713672143095488
mcq,85,6,7,0.4514588058278539,5.633797124054745
mcq,86,0,1,0.4476049414121162,5.579263764681734
mcq,86,0,2,0.4487600101377626,5.596843097255989
mcq,86,0,3,0.4450702577517979,5.561803770174189
mcq,86,0,4,0.44618265489853765,5.564324025676215
mcq,86,0,5,0.4519888388858677,5.6427484470848395
mcq,86,0,6,0.44343910391879987,5.524299487269743
mcq,86,0,7,0.4581937060260761,5.7081667191560985
mcq,86,1,2,0.4441846066399986,5.551053338594518
mcq,86,1,3,0.44051490175783403,5.490704450081798
mcq,86,1,4,0.4415473811201375,5.5007366255818955
mcq,86,1,5,0.44297829848041725,5.513595403896282
mcq,86,1,6,0.43755536088701813,5.447463570764945
mcq,86,1,7,0.4564021441665054,5.7060273730279025
mcq,86,2,3,0.4450467683137998,5.5514806207505405
mcq,86,2,4,0.4411947231237039,5.48567306395838
mcq,86,2,5,0.4484574547145028,5.59211718793693
mcq,86,2,6,0.44036474397658826,5.488799757302947
mcq,86,2,7,0.45889425314823457,5.736218026755288
mcq,86,3,4,0.43792185479822593,5.449720051645242
mcq,86,3,5,0.4447823037225778,5.553612288650747
mcq,86,3,6,0.4379986652640313,5.446927350104629
mcq,86,3,7,0.45572606343851363,5.679222174314973
mcq,86,4,5,0.445319821157236,5.5579431002323
mcq,86,4,6,0.4376948867232515,5.435366488290367
mcq,86,4,7,0.4527595654984745,5.641595907704079
mcq,86,5,6,0.4417598320980252,5.497978099574593
mcq,86,5,7,0.4590820353614638,5.7139304880285255
mcq,86,6,7,0.45147457659006895,5.633993928887576
mcq,87,0,1,0.44761782861346316,5.579424399850945
mcq,87,0,2,0.44877323355637494,5.597008017029388
mcq,87,0,3,0.4450828378296179,5.561960976644469
mcq,87,0,4,0.44619533909057385,5.5644822096704125
mcq,87,0,5,0.45200531829073637,5.642954180342459
mcq,87,0,6,0.44345095071480717,5.52444707292137
mcq,87,0,7,0.4582097038675579,5.7083660198997
mcq,87,1,2,0.44419709528482115,5.551209411390604
mcq,87,1,3,0.4405264933357048,5.490848930842708
mcq,87,1,4,0.44155936481973945,5.500885916865524
mcq,87,1,5,0.4429941226343427,5.513792361586202
mcq,87,1,6,0.43756649927612673,5.447602241146638
mcq,87,1,7,0.4564174864911721,5.706219185721233
mcq,87,2,3,0.4450588590976411,5.551631440297976
mcq,87,2,4,0.4412068792716603,5.485824209586174
mcq,87,2,5,0.4484737770042237,5.592320721529548
mcq,87,2,6,0.44037624822903526,5.488943148750384
mcq,87,2,7,0.4589099501386406,5.736414240498902
mcq,87,3,4,0.43793344721466076,5.449864313512056
mcq,87,3,5,0.44479788673349996,5.553806860242799
mcq,87,3,6,0.43800968976589555,5.447064450204442
mcq,87,3,7,0.4557409609038702,5.6794078253505
mcq,87,4,5,0.44533546675800517,5.558138369687447
mcq,87,4,6,0.4377059185240843,5.435503482992318
mcq,87,4,7,0.45277474337078244,5.641785031090584
mcq,87,5,6,0.44177463799138744,5.498162368200972
mcq,87,5,7,0.4591008153194539,5.714164231382127
mcq,87,6,7,0.4514888402673722,5.634171926665296
mcq,88,0,1,0.44762947042644663,5.579569511621
mcq,88,0,2,0.44878520085125956,5.5971572706844706
mcq,88,0,3,0.4450941822716905,5.562102742039014
mcq,88,0,4,0.44620680013776304,5.564625139879675
mcq,88,0,5,0.4520202144827607,5.643140148351359
mcq,88,0,6,0.4434616604326994,5.52458049302018
mcq,88,0,7,0.45822414900395175,5.708545977078799
mcq,88,1,2,0.44420839654566163,5.551350645239732
mcq,88,1,3,0.44053693777135616,5.49097911329302
mcq,88,1,4,0.4415701937100723,5.5010208216938965
mcq,88,1,5,0.443008442561832,5.51397059669763
mcq,88,1,6,0.4375765662194805,5.4477275722752
mcq,88,1,7,0.4564313468706938,5.70639247085138
mcq,88,2,3,0.44506977889962396,5.551767653103925
mcq,88,2,4,0.4412178544627104,5.485960671576221
mcq,88,2,5,0.44848856250917696,5.592505091920791
mcq,88,2,6,0.44038664815892614,5.489072775686786
mcq,88,2,7,0.4589241535827836,5.736591784784489
mcq,88,3,4,0.4379438732488123,5.4499940603304715
mcq,88,3,5,0.444811986520489,5.553982912099255
mcq,88,3,6,0.4380196210529052,5.447187955144353
mcq,88,3,7,0.45575437509623,5.679574991955206
mcq,88,4,5,0.44534960748106706,5.558314857080194
mcq,88,4,6,0.43771586210508767,5.435626964002946
mcq,88,4,7,0.4527884227087539,5.641955482038506
mcq,88,5,6,0.4417880231601097,5.498328955018393
mcq,88,5,7,0.4591177769613394,5.714375343199256
mcq,88,6,7,0.4515016970623309,5.634332367825216
mcq,89,0,1,0.44763999449054226,5.5797006909803715
mcq,89,0,2,0.4487960537571761,5.597292625908181
mcq,89,0,3,0.44510445045657804,5.562231058026042
mcq,89,0,4,0.4462171702913318,5.564754465603164
mcq,89,0,5,0.45203368865562094,5.643308363496163
mcq,89,0,6,0.44347137693761357,5.524701539817002
mcq,89,0,7,0.45823723479795186,5.708708999601419
mcq,89,1,2,0.4442186130499959,5.5514783226955595
mcq,89,1,3,0.44054635567841094,5.491096500795622
mcq,89,1,4,0.4415799645607859,5.501142545610019
mcq,89,1,5,0.44302137354236004,5.514131544073724
mcq,89,1,6,0.43758564007849515,5.447840539732229
mcq,89,1,7,0.45644388097998106,5.706549174696013
mcq,89,2,3,0.4450796557669461,5.5518908564197025
mcq,89,2,4,0.44122778035810534,5.486084086962103
mcq,89,2,5,0.4485019656788025,5.592672225044453
mcq,89,2,6,0.4403960609712831,5.489190098980457
mcq,89,2,7,0.458937016038491,5.736752566598144
mcq,89,3,4,0.43795329466349464,5.450111305158394
mcq,89,3,5,0.444824734147283,5.554142080699764
mcq,89,3,6,0.43802860281509903,5.447299651845794
mcq,89,3,7,0.4557665070133009,5.679726178946632
mcq,89,4,5,0.44536239027393904,5.5584743964316194
mcq,89,4,6,0.43772486396858806,5.4357387506120345
mcq,89,4,7,0.45280079029232695,5.642109587913215
mcq,89,5,6,0.44180009946447263,5.498479252198189
mcq,89,5,7,0.4591331077282838,5.714566156452447
mcq,89,6,7,0.45151332947302514,5.634477529778132
mcq,90,0,1,0.4476495202542136,5.579819426818977
mcq,90,0,2,0.4488058856437272,5.597415247187112
mcq,90,0,3,0.44511374840898493,5.562347249539294
mcq,90,0,4,0.4462265628494267,5.564871599777018
mcq,90,0,5,0.45204588904771104,5.643460676424265
mcq,90,0,6,0.44348017784621147,5.524811180248857
mcq,90,0,7,0.45824908689807603,5.7088566527939255
mcq,90,1,2,0.4442278503700786,5.551593763113166
mcq,90,1,3,0.4405548658697866,5.491202574268893
mcq,90,1,4,0.4415887989545657,5.501252603274286
mcq,90,1,5,0.4430330697380588,5.514277122516435
mcq,90,1,6,0.4375938497655362,5.447942748447014
mcq,90,1,7,0.4564552234365709,5.706690980269467
mcq,90,2,3,0.44508859468856743,5.552002359869866
mcq,90,2,4,0.44123676688631225,5.486195822558971
mcq,90,2,5,0.4485141014907482,5.592823554634045
mcq,90,2,6,0.44040458298267066,5.4892963191415305
mcq,90,2,7,0.45894866291896685,5.736898153615813
mcq,90,3,4,0.43796182234352216,5.450217427902283
mcq,90,3,5,0.44483627913467405,5.554286232981252
mcq,90,3,6,0.43803673648022917,5.4474008016587225
mcq,90,3,7,0.4557774908765252,5.679863058981784
mcq,90,4,5,0.44537396357586617,5.558618840380747
mcq,90,4,6,0.43773301365616557,5.435839954761529
mcq,90,4,7,0.4528119869830201,5.642249103915102
mcq,90,5,6,0.44181103190167365,5.498615313233935
mcq,90,5,7,0.45914698731883186,5.714738907746301
mcq,90,6,7,0.4515238603140404,5.634608945138869
mcq,91,0,1,0.44765815517867885,5.57992705860925
mcq,91,0,2,0.4488147826361758,5.5975262086579365
mcq,91,0,3,0.44512216305000807,5.562452402784993
mcq,91,0,4,0.4462350708147753,5.564977702234116
mcq,91,0,5,0.4520569291696156,5.6435985042318855
mcq,91,0,6,0.44348813597144016,5.524910321408786
mcq,91,0,7,0.4582598178488232,5.708990338733113
mcq,91,1,2,0.4442361835368435,5.551697904167358
mcq,91,1,3,0.4405625224778096,5.491298008433723
mcq,91,1,4,0.44159678852719914,5.501352136272751
mcq,91,1,5,0.44304363622352155,5.514408639852347
mcq,91,1,6,0.437601273981819,5.448035178231579
mcq,91,1,7,0.4564654810326845,5.706819222708626
mcq,91,2,3,0.44509662983820947,5.552102589734902
mcq,91,2,4,0.4412448594755788,5.486296443207022
mcq,91,2,5,0.4485250470858033,5.5929600426098744
mcq,91,2,6,0.4404122636490045,5.4893920525990465
mcq,91,2,7,0.4589591919869896,5.737029767880717
mcq,91,3,4,0.4379695365842317,5.450313427797738
mcq,91,3,5,0.4448467436719774,5.554416894616116
mcq,91,3,6,0.4380440895312516,5.447492243797471
mcq,91,3,7,0.45578741418819,5.679986722507246
mcq,91,4,5,0.4453844439469908,5.558749643690217
mcq,91,4,6,0.43774038357541334,5.4359314756207295
mcq,91,4,7,0.4528221150096829,5.642375303863436
mcq,91,5,6,0.44182090602329666,5.498738202868735
mcq,91,5,7,0.45915954127297026,5.714895159604948
mcq,91,6,7,0.4515333755547282,5.634727686727093
mcq,92,0,1,0.44766594813306504,5.580024195490469
mcq,92,0,2,0.4488228299192759,5.597626572727491
mcq,92,0,3,0.4451297568717848,5.562547298693791
mcq,92,0,4,0.4462427558223101,5.565073541620954
mcq,92,0,5,0.4520669209800005,5.64372324464068
mcq,92,0,6,0.44349532055126273,5.524999825853206
mcq,92,0,7,0.45826948516564187,5.709110773945125
mcq,92,1,2,0.44424371803434615,5.551792064110974
mcq,92,1,3,0.44056942397558374,5.491384030687203
mcq,92,1,4,0.44160400039224873,5.501441980696959
mcq,92,1,5,0.44305319536836196,5.514527619173091
mcq,92,1,6,0.43760797278880254,5.4481185768372695
mcq,92,1,7,0.45647472149465573,5.706934748741142
mcq,92,2,3,0.4451038863956505,5.552193107498147
mcq,92,2,4,0.4412521583686952,5.486387195292816
mcq,92,2,5,0.448534952380088,5.59308355837673
mcq,92,2,6,0.4404191977807586,5.489478481090904
mcq,92,2,7,0.458968704948212,5.737148680722352
mcq,92,3,4,0.4379764757100023,5.450399781772628
mcq,92,3,5,0.44485619267390364,5.554534876138254
mcq,92,3,6,0.438050714169611,5.44757462743634
mcq,92,3,7,0.4557963103024456,5.6800975851798
mcq,92,4,5,0.44539391272387385,5.5588678215045535
mcq,92,4,6,0.4377470171799367,5.436013852803595
mcq,92,4,7,0.4528312130463209,5.642488669654413
mcq,92,5,6,0.4418298148951976,5.49884907936552
mcq,92,5,7,0.4591708523438962,5.715035942009917
mcq,92,6,7,0.4515419163283591,5.634834267848776
mcq,93,0,1,0.4476729782532604,5.5801118238681715
mcq,93,0,2,0.44883012132692024,5.5977175096729
mcq,93,0,3,0.4451366201388497,5.562633065253053
mcq,93,0,4,0.44624971086061593,5.565160277594035
mcq,93,0,5,0.4520759544560026,5.643836020949069
mcq,93,0,6,0.44350182676709626,5.525080879338285
mcq,93,0,7,0.45827823682724694,5.709219801945411
mcq,93,1,2,0.44425052486719924,5.551877130301179
mcq,93,1,3,0.44057563434661295,5.49146143853813
mcq,93,1,4,0.44161050390596174,5.50152300057751
mcq,93,1,5,0.4430618084173123,5.514634822770352
mcq,93,1,6,0.4376140229459464,5.448193899901697
mcq,93,1,7,0.45648307666395954,5.707039206674487
mcq,93,2,3,0.4451104408111128,5.552274866794046
mcq,93,2,4,0.44125875876591214,5.486469262505607
mcq,93,2,5,0.44854396313760525,5.5931959195638585
mcq,93,2,6,0.44042547312069613,5.489556698261549
mcq,93,2,7,0.4589773215273745,5.737256388710373
mcq,93,3,4,0.4379827417404301,5.450477759410173
mcq,93,3,5,0.44486471730978633,5.554641315900353
mcq,93,3,6,0.4380567019009211,5.447649090534118
mcq,93,3,7,0.4558043535146147,5.68019781905398
mcq,93,4,5,0.4454024607329003,5.558974507408778
mcq,93,4,6,0.43775301425452123,5.436088325453866
mcq,93,4,7,0.4528394391739475,5.642591171051381
mcq,93,5,6,0.44183783319210485,5.498948872098106
mcq,93,5,7,0.45918107306130945,5.7151631534107965
mcq,93,6,7,0.45154964390039365,5.634930700950848
mcq,94,0,1,0.44767933944108496,5.580191114200887
mcq,94,0,2,0.44883672646455886,5.597799887599105
mcq,94,0,3,0.4451428337067705,5.562710712871347
mcq,94,0,4,0.4462560083004626,5.565238812686008
mcq,94,0,5,0.45208413169245365,5.6439381077359885
mcq,94,0,6,0.4435077177645386,5.5251542685226465
mcq,94,0,7,0.458286161352542,5.709318525500447
mcq,94,1,2,0.4442566734581747,5.551953970326592
mcq,94,1,3,0.44058124047148567,5.4915313148911515
mcq,94,1,4,0.4416163790876198,5.501596192783625
mcq,94,1,5,0.44306959382278477,5.514731724979733
mcq,94,1,6,0.4376194918122903,5.448261986029407
mcq,94,1,7,0.4564906319168999,5.707133663899632
mcq,94,2,3,0.4451163699208912,5.552348826072882
mcq,94,2,4,0.441264732993775,5.486543544130358
mcq,94,2,5,0.44855212005729606,5.59329763367369
mcq,94,2,6,0.4404311531831161,5.4896274957667055
mcq,94,2,7,0.4589851223193807,5.737353899288075
mcq,94,3,4,0.4379884113009097,5.450548314275364
mcq,94,3,5,0.4448724359905835,5.554737692397729
mcq,94,3,6,0.43806212302844355,5.447716507378305
mcq,94,3,7,0.4558116344243425,5.680288553175403
mcq,94,4,5,0.4454101986926945,5.5590710832587735
mcq,94,4,6,0.43775844177182377,5.436155725248919
mcq,94,4,7,0.4528468847542466,5.642683946463647
mcq,94,5,6,0.44184509003666234,5.4990391880787595
mcq,94,5,7,0.45919032454210057,5.715278301279978
mcq,94,6,7,0.45155663697114,5.635017968141898
mcq,95,0,1,0.4476850935819654,5.580262837872234
mcq,95,0,2,0.44884271286105987,5.597874548712344
mcq,95,0,3,0.4451484516399908,5.562780917162964
mcq,95,0,4,0.4462617110745117,5.565309931727293
mcq,95,0,5,0.4520915321656573,5.644030497204676
mcq,95,0,6,0.4435130327617326,5.525220481980174
mcq,95,0,7,0.45829333654501214,5.709407913884275
mcq,95,1,2,0.44426222907040697,5.552023399792108
mcq,95,1,3,0.44058626804513723,5.491593980015332
mcq,95,1,4,0.4416216790570624,5.5016622190749676
mcq,95,1,5,0.44307660826162165,5.514819031237996
mcq,95,1,6,0.4376244327583528,5.448323499671077
mcq,95,1,7,0.4564974542625975,5.707218958177489
mcq,95,2,3,0.4451217010086817,5.552415325669473
mcq,95,2,4,0.4412701336793893,5.486610694515547
mcq,95,2,5,0.44855949121060135,5.593389549534738
mcq,95,2,6,0.44043628118192185,5.489691412233647
mcq,95,2,7,0.45899218210802994,5.737442147259448
mcq,95,3,4,0.43799353751455317,5.450612107458955
mcq,95,3,5,0.4448794172223804,5.5548248610066695
mcq,95,3,6,0.43806701964568084,5.447777401441388
mcq,95,3,7,0.4558182148416127,5.6803705578151975
mcq,95,4,5,0.4454172069745864,5.559158552152218
mcq,95,4,6,0.4377633405044312,5.436216558509387
mcq,95,4,7,0.4528536191396518,5.642767860054961
mcq,95,5,6,0.44185164127836635,5.4991207223894785
mcq,95,5,7,0.4591986983540786,5.715382525309404
mcq,95,6,7,0.4515629564700689,5.63509682976655
mcq,96,0,1,0.44769027268530076,5.580327393869943
mcq,96,0,2,0.44884811911476824,5.597941974403284
mcq,96,0,3,0.4451534915002297,5.562843897587268
mcq,96,0,4,0.4462668409838612,5.565373906598413
mcq,96,0,5,0.45209821665666294,5.644113948161861
mcq,96,0,6,0.44351781654538563,5.5252800776571185
mcq,96,0,7,0.45829979680241456,5.7094883956233655
mcq,96,1,2,0.4442672540949893,5.552086198410222
mcq,96,1,3,0.44059076924578233,5.491650084274948
mcq,96,1,4,0.4416264490335732,5.501721642787162
mcq,96,1,5,0.4430829127144888,5.514897500550085
mcq,96,1,6,0.4376288934076255,5.448379033728221
mcq,96,1,7,0.45650358943260033,5.7072956612526635
mcq,96,2,3,0.44512649914536634,5.552475177273207
mcq,96,2,4,0.4412749966238721,5.486671158800732
mcq,96,2,5,0.44856611807219954,5.593472184322621
mcq,96,2,6,0.4404409129688835,5.489749143810706
mcq,96,2,7,0.45899855921627775,5.7375218616665
mcq,96,3,4,0.4379981012623517,5.450668901034375
mcq,96,3,5,0.4448857011666041,5.554903323188213
mcq,96,3,6,0.4380714065391297,5.447831956607428
mcq,96,3,7,0.4558240865057404,5.680443730029362
mcq,96,4,5,0.44542341753136594,5.559236064806184
mcq,96,4,6,0.4377677228977831,5.436270979784768
mcq,96,4,7,0.4528596436000228,5.6428429276483705
mcq,96,5,6,0.44185751942820284,5.499193879649869
mcq,96,5,7,0.4592061168249949,5.715474858757194
mcq,96,6,7,0.45156862240793694,5.635167535540929
mcq,97,0,1,0.44769493554754997,5.580385515074559
mcq,97,0,2,0.4488530113919397,5.5980029898839385
mcq,97,0,3,0.4451580431511824,5.56290077712255
mcq,97,0,4,0.44627147917242577,5.565431749241514
mcq,97,0,5,0.4521042416765195,5.644189166106453
mcq,97,0,6,0.44352213712283833,5.52533390277898
mcq,97,0,7,0.4583056410339963,5.70956120292686
mcq,97,1,2,0.44427178592221916,5.552142833454071
mcq,97,1,3,0.4405948111572337,5.491700463821937
mcq,97,1,4,0.4416307406213245,5.501775106797901
mcq,97,1,5,0.44308858859350975,5.514968146224129
mcq,97,1,6,0.43763291915100067,5.4484291533070035
mcq,97,1,7,0.45650913046948904,5.707364936361394
mcq,97,2,3,0.44513083251704993,5.552529231432538
mcq,97,2,4,0.4412793911229967,5.4867257985872335
mcq,97,2,5,0.44857215486429686,5.593547461137607
mcq,97,2,6,0.4404450979427029,5.489801306213802
mcq,97,2,7,0.4590043368331251,5.737594082378972
mcq,97,3,4,0.438002220239688,5.4507201596622235
mcq,97,3,5,0.4448913552148284,5.554973920402707
mcq,97,3,6,0.43807536706574945,5.447881209498993
mcq,97,3,7,0.4558293905539929,5.680509828659363
mcq,97,4,5,0.4454290028326937,5.5593057737782585
mcq,97,4,6,0.437771678114457,5.436320096310493
mcq,97,4,7,0.45286507981950147,5.642910665485186
mcq,97,5,6,0.4418627906137576,5.4992594828592
mcq,97,5,7,0.45921280961645716,5.715558160089506
mcq,97,6,7,0.4515737457744613,5.635231470516208
mcq,98,0,1,0.44769915254799886,5.58043807874315
mcq,98,0,2,0.44885744290624285,5.598058258824302
mcq,98,0,3,0.4451621632569366,5.562952263869458
mcq,98,0,4,0.4462756784534921,5.565484118288746
mcq,98,0,5,0.45210969377167737,5.644257231507273
mcq,98,0,6,0.44352604782300187,5.525382621709533
mcq,98,0,7,0.458310931768921,5.70962711478165
mcq,98,1,2,0.4442758715491764,5.552193892254449
mcq,98,1,3,0.4405984541690988,5.491745871369741
mcq,98,1,4,0.44163461262051806,5.501823343632018
mcq,98,1,5,0.44309371554222615,5.515031959555337
mcq,98,1,6,0.43763655703530235,5.448474444129559
mcq,98,1,7,0.4565141398309812,5.707427564362075
mcq,98,2,3,0.44513475227483235,5.552578126202517
mcq,98,2,4,0.44128336813999586,5.486775247535473
mcq,98,2,5,0.44857761915876215,5.593615599095128
mcq,98,2,6,0.44044888500989543,5.489848509024134
mcq,98,2,7,0.45900956708259183,5.737659460951638
mcq,98,3,4,0.43800594710545887,5.450766538656326
mcq,98,3,5,0.4448964755992368,5.555037854218273
mcq,98,3,6,0.43807895428168603,5.447925819919401
mcq,98,3,7,0.4558341926037629,5.680569671423962
mcq,98,4,5,0.4454340585754238,5.559368873440766
mcq,98,4,6,0.43777525692805475,5.436364538601429
mcq,98,4,7,0.4528699988149712,5.642971958468983
mcq,98,5,6,0.4418675603473883,5.499318845184918
mcq,98,5,7,0.4592188666495421,5.71563354850235
mcq,98,6,7,0.45157838109137816,5.63528931507429
mcq,99,0,1,0.4477029780058437,5.5804857619485
mcq,99,0,2,0.4488614724839381,5.598108514893468
mcq,99,0,3,0.4451658873112731,5.562998801374691
mcq,99,0,4,0.4462794797870497,5.565531524550311
mcq,99,0,5,0.452114622927644,5.644318768396646
mcq,99,0,6,0.44352957057692644,5.525426507662592
mcq,99,0,7,0.45831572121402103,5.709686781579259
mcq,99,1,2,0.4442795664411741,5.552240067971151
mcq,99,1,3,0.44060170766776013,5.491786423912927
mcq,99,1,4,0.4416381059243589,5.501866862731448
mcq,99,1,5,0.44309833628183576,5.515089472279463
mcq,99,1,6,0.4376398475045467,5.448515409714584
mcq,99,1,7,0.4565186652828727,5.7074841424318725
mcq,99,2,3,0.44513828823807733,5.552622233547695
mcq,99,2,4,0.4412869729917725,5.486820069101222
mcq,99,2,5,0.44858257540115193,5.593677401810111
mcq,99,2,6,0.44045230698571713,5.48989116125803
mcq,99,2,7,0.4590143095429352,5.73771874211789
mcq,99,3,4,0.4380093174726641,5.450808481202785
mcq,99,3,5,0.4449011333275561,5.555096011247037
mcq,99,3,6,0.4380821914742389,5.447966077468229
mcq,99,3,7,0.4558385264194193,5.6806236790920535
mcq,99,4,5,0.4454386434494225,5.559426096289595
mcq,99,4,6,0.4377784745812736,5.4364044959438775
mcq,99,4,7,0.45287444028262275,5.643027301232861
mcq,99,5,6,0.4418718678584588,5.499372454861056
mcq,99,5,7,0.4592243432138286,5.715701712153367
mcq,99,6,7,0.4515825627361449,5.635341498214715
mcq,100,0,1,0.4477064045940686,5.580528473361514
mcq,100,0,2,0.4488650957511989,5.598153703541966
mcq,100,0,3,0.44516920075564625,5.56304020770793
mcq,100,0,4,0.4462828830900196,5.565573966990137
mcq,100,0,5,0.452119065482632,5.644374230430446
mcq,100,0,6,0.4435327272398792,5.525465832907879
mcq,100,0,7,0.4583200079639184,5.709740185811521
mcq,100,1,2,0.4442829010994339,5.552281741783322
mcq,100,1,3,0.4406045955396019,5.491822419178263
mcq,100,1,4,0.4416412293108571,5.501905773451431
mcq,100,1,5,0.4431025191480261,5.5151415349468245
mcq,100,1,6,0.43764281635749663,5.448552371250739
mcq,100,1,7,0.456522730523162,5.707534966847719
mcq,100,2,3,0.4451414526482781,5.552661706167555
mcq,100,2,4,0.44129018918805274,5.486860058249728
mcq,100,2,5,0.4485870601115934,5.593733324676547
mcq,100,2,6,0.44045539168644593,5.489929609623489
mcq,100,2,7,0.4590185925454007,5.7377722800207565
mcq,100,3,4,0.4380122702398436,5.4508452269242635
mcq,100,3,5,0.44490532510462244,5.555148350345135
mcq,100,3,6,0.4380850658250824,5.448001822737485
mcq,100,3,7,0.4558423631071104,5.680671491590744
mcq,100,4,5,0.44544275309094866,5.559477387861809
mcq,100,4,6,0.4377813270805252,5.4364399187448065
mcq,100,4,7,0.4528783813421313,5.643076408677275
mcq,100,5,6,0.44187575456989103,5.499420827421848
mcq,100,5,7,0.4592292564473425,5.715762864349722
mcq,100,6,7,0.4515862971622693,5.635388100471417
mcq,101,0,1,0.4477094869483182,5.58056689399941
mcq,101,0,2,0.4488683758288127,5.598194611999353
mcq,101,0,3,0.44517218714089896,5.5630775269591455
mcq,101,0,4,0.44628595552730355,5.565612283218724
mcq,101,0,5,0.45212304378022333,5.6444238965518725
mcq,101,0,6,0.44353558231128587,5.525501400969804
mcq,101,0,7,0.458323886381084,5.709788503043941
mcq,101,1,2,0.4442859067231832,5.5523193035932055
mcq,101,1,3,0.44060718298509843,5.491854669843213
mcq,101,1,4,0.441644031273312,5.501940679914833
mcq,101,1,5,0.4431062817877943,5.515188367203401
mcq,101,1,6,0.4376454851673953,5.448585597319941
mcq,101,1,7,0.4565263979888775,5.707580818209353
mcq,101,2,3,0.4451443037357903,5.552697270423267
mcq,101,2,4,0.44129309740171463,5.486896218041569
mcq,101,2,5,0.44859108914475415,5.593783565396937
mcq,101,2,6,0.4404581822643451,5.48996439197949
mcq,101,2,7,0.4590224736012914,5.737820793556523
mcq,101,3,4,0.43801493473502245,5.450878385243824
mcq,101,3,5,0.4449090878362764,5.555195332323909
mcq,101,3,6,0.43808766161524937,5.448034103841463
mcq,101,3,7,0.45584582667849183,5.680714654343481
mcq,101,4,5,0.44544643403305256,5.559523328926627
mcq,101,4,6,0.43778390363358094,5.436471914800871
mcq,101,4,7,0.4528819375292366,5.643120720431568
mcq,101,5,6,0.44187923456460965,5.499464138138123
mcq,101,5,7,0.45923367110006375,5.715817810997239
mcq,101,6,7,0.4515896702758737,5.63543019387502
mcq,102,0,1,0.4477122727173679,5.580601617790141
mcq,102,0,2,0.44887134714526056,5.598231669650603
mcq,102,0,3,0.44517488941536004,5.5631112958305176
mcq,102,0,4,0.44628873750192033,5.56564697710032
mcq,102,0,5,0.45212664316313866,5.644468832202067
mcq,102,0,6,0.443538166624902,5.525533595970782
mcq,102,0,7,0.4583273972998855,5.7098322419901395
mcq,102,1,2,0.4442886145292292,5.552353143522747
mcq,102,1,3,0.4406095117177491,5.491883695836833
mcq,102,1,4,0.4416465566294547,5.50197214045479
mcq,102,1,5,0.44310967680436825,5.515230623783109
mcq,102,1,6,0.4376478932969393,5.448615577978703
mcq,102,1,7,0.45652970887667604,5.7076222115652975
mcq,102,2,3,0.4451468789483718,5.552729393435405
mcq,102,2,4,0.44129572912856674,5.486928940085481
mcq,102,2,5,0.4485947357530722,5.593829037405126
mcq,102,2,6,0.440460707365192,5.489995865373093
mcq,102,2,7,0.4590259871498164,5.737864713218294
mcq,102,3,4,0.43801734604946413,5.450908392854815
mcq,102,3,5,0.44491249305454933,5.555237850342022
mcq,102,3,6,0.43809001377553847,5.448063355177657
mcq,102,3,7,0.45584896239667827,5.68075373141562
mcq,102,4,5,0.44544976526814806,5.559564905371767
mcq,102,4,6,0.43778623542905165,5.4365008714173255
mcq,102,4,7,0.4528851547464168,5.643160808462084
mcq,102,5,6,0.441882382195274,5.499503312375346
mcq,102,5,7,0.4592376647693101,5.715867517905172
mcq,102,6,7,0.45159272146499324,5.635468269952537
mcq,103,0,1,0.44771480154721854,5.58063313890943
mcq,103,0,2,0.44887402594066755,5.598265079039238
mcq,103,0,3,0.4451773236057158,5.563141714598931
mcq,103,0,4,0.44629125629900673,5.56567838890665
mcq,103,0,5,0.4521298812733846,5.644509257628515
mcq,103,0,6,0.44354048395323603,5.525562464908173
mcq,103,0,7,0.4583305707483029,5.709871776738005
mcq,103,1,2,0.44429103482314175,5.5523833903624675
mcq,103,1,3,0.440611571659432,5.491909371542513
mcq,103,1,4,0.4416488365377657,5.502000543239374
mcq,103,1,5,0.4431127307343343,5.515268634977523
mcq,103,1,6,0.4376500684244482,5.448642657815738
mcq,103,1,7,0.4565327030259668,5.707659644995509
mcq,103,2,3,0.4451491665303009,5.552757928563962
mcq,103,2,4,0.441298077177301,5.48695813496706
mcq,103,2,5,0.44859799069539735,5.593869625467006
mcq,103,2,6,0.4404629630733303,5.490023980998723
mcq,103,2,7,0.4590291564131716,5.737904329285536
mcq,103,3,4,0.4380195194598832,5.450935439868367
mcq,103,3,5,0.4449155753023593,5.555276335707044
mcq,103,3,6,0.43809212906865286,5.448089660846675
mcq,103,3,7,0.45585178282155875,5.6807888793275065
mcq,103,4,5,0.4454527819671181,5.559602556157628
mcq,103,4,6,0.43778833289419006,5.436526918081496
mcq,103,4,7,0.45288805826309403,5.643196987637639
mcq,103,5,6,0.44188520221646643,5.499538409307275
mcq,103,5,7,0.45924125948729694,5.715912259295858
mcq,103,6,7,0.4515954728605391,5.635502604877702
mcq,104,0,1,0.4477170527921669,5.580661200014668
mcq,104,0,2,0.44887643146725303,5.598295080275001
mcq,104,0,3,0.44517946441542894,5.563168467147155
mcq,104,0,4,0.4462934944216703,5.565706300434749
mcq,104,0,5,0.45213280606092177,5.644545771451233
mcq,104,0,6,0.44354254252328407,5.52558811027269
mcq,104,0,7,0.4583334111532497,5.709907162437924
mcq,104,1,2,0.4442932191346678,5.552410688088701
mcq,104,1,3,0.44061338175178455,5.49193193305427
mcq,104,1,4,0.44165087196566666,5.502025900320589
mcq,104,1,5,0.44311552022395995,5.515303354775833
mcq,104,1,6,0.4376520244090452,5.44866700937394
mcq,104,1,7,0.4565353940117445,5.707693288217181
mcq,104,2,3,0.4451512059742947,5.552783368438184
mcq,104,2,4,0.44130016620809104,5.486984109302957
mcq,104,2,5,0.44860096941124566,5.5939067690754305
mcq,104,2,6,0.44046499333080896,5.490049286559416
mcq,104,2,7,0.45903203119872166,5.737940264354633
mcq,104,3,4,0.43802139598195217,5.450958792253808
mcq,104,3,5,0.44491834600388114,5.555310931062774
mcq,104,3,6,0.43809398810982153,5.4481127797805655
mcq,104,3,7,0.45585427520229505,5.6808199391792025
mcq,104,4,5,0.44545548447550287,5.559636285596824
mcq,104,4,6,0.43779017375777907,5.436549778225777
mcq,104,4,7,0.4528906222437901,5.643228936036093
mcq,104,5,6,0.441887753687085,5.4995701639589285
mcq,104,5,7,0.45924450291370744,5.715952628362006
mcq,104,6,7,0.4515979242615695,5.635533196142945
mcq,105,0,1,0.44771907802944466,5.580686444000857
mcq,105,0,2,0.44887861860411404,5.598322357798771
mcq,105,0,3,0.4451813967370482,5.56319261433174
mcq,105,0,4,0.44629552112384746,5.565731575347374
mcq,105,0,5,0.4521354383771529,5.644578633984658
mcq,105,0,6,0.44354440846333765,5.525611355880915
mcq,105,0,7,0.4583359877633467,5.709939261787633
mcq,105,1,2,0.4442951816381709,5.552435213840967
mcq,105,1,3,0.44061498806489685,5.49195195460296
mcq,105,1,4,0.4416526906871504,5.5020485577030245
mcq,105,1,5,0.44311801742106915,5.515334436511781
mcq,105,1,6,0.4376537855979807,5.448688935770974
mcq,105,1,7,0.4565378203116313,5.707723622284947
mcq,105,2,3,0.44515304343290857,5.552806288761648
mcq,105,2,4,0.4413020525385645,5.487007563328415
mcq,105,2,5,0.448603665049537,5.5939403827996825
mcq,105,2,6,0.4404668298909247,5.490072177835014
mcq,105,2,7,0.4590346382669885,5.737972852934434
mcq,105,3,4,0.43802308269867146,5.450979782605914
mcq,105,3,5,0.4449208448535122,5.555342132038852
mcq,105,3,6,0.4380956641506152,5.448133622931842
mcq,105,3,7,0.45585652250470843,5.6808479448842135
mcq,105,4,5,0.4454578938374051,5.559666356336378
mcq,105,4,6,0.43779183023565493,5.436570348638199
mcq,105,4,7,0.45289293102397515,5.643257704516841
mcq,105,5,6,0.4418900309313199,5.499598505691293
mcq,105,5,7,0.45924740832353633,5.715988790329852
mcq,105,6,7,0.451600140146191,5.6355608483766515
mcq,106,0,1,0.44772090783900287,5.580709252038078
mcq,106,0,2,0.44888060155887916,5.598347088805185
mcq,106,0,3,0.445183146778803,5.563214483662841
mcq,106,0,4,0.44629735733125336,5.565754474608187
mcq,106,0,5,0.45213781765729066,5.644608337548435
mcq,106,0,6,0.44354609852078924,5.525632410369413
mcq,106,0,7,0.45833832063786195,5.7099683246850335
mcq,106,1,2,0.4442969445380106,5.552457245111062
mcq,106,1,3,0.440616428937892,5.49196991405844
mcq,106,1,4,0.44165432672744054,5.502068939268242
mcq,106,1,5,0.44312026827171586,5.515362452059772
mcq,106,1,6,0.43765537269077986,5.448708694711168
mcq,106,1,7,0.4565400085542868,5.707750980115427
mcq,106,2,3,0.4451547036034212,5.55282699760639
mcq,106,2,4,0.44130375955910855,5.487028787871973
mcq,106,2,5,0.4486061020449751,5.593970771332492
mcq,106,2,6,0.4404684919857189,5.4900928945377645
mcq,106,2,7,0.45903699840709244,5.73800235489075
mcq,106,3,4,0.43802460861938336,5.450998771931543
mcq,106,3,5,0.44492310679827723,5.55537037498858
mcq,106,3,6,0.4380971837743398,5.448152520889037
mcq,106,3,7,0.4558585569955747,5.680873298548549
mcq,106,4,5,0.4454600729387717,5.559693553242579
mcq,106,4,6,0.4377933292026256,5.436588963054511
mcq,106,4,7,0.4528950188623513,5.643283719959332
mcq,106,5,6,0.44189209108790445,5.499624145631733
mcq,106,5,7,0.4592500343979405,5.716021475570061
mcq,106,6,7,0.4516021436596226,5.6355858504102
mcq,107,0,1,0.4477225756158675,5.580730040385497
mcq,107,0,2,0.44888239860408324,5.598369501185564
mcq,107,0,3,0.4451847235711803,5.563234187989598
mcq,107,0,4,0.44629902374239927,5.565775256347401
mcq,107,0,5,0.452139954721731,5.644635017227256
mcq,107,0,6,0.44354760770679214,5.525651211587863
mcq,107,0,7,0.4583404323542316,5.70999463239931
mcq,107,1,2,0.4442985268200449,5.5524770191686
mcq,107,1,3,0.44061769699664965,5.491985719507554
mcq,107,1,4,0.441655807932685,5.502087391919727
mcq,107,1,5,0.44312228013145755,5.515387492971851
mcq,107,1,6,0.4376568009794336,5.4487264765762875
mcq,107,1,7,0.4565419846078713,5.707775685117338
mcq,107,2,3,0.44515616881472786,5.552845274544351
mcq,107,2,4,0.44130529453128875,5.487047873221596
mcq,107,2,5,0.4486082745867726,5.593997862215249
mcq,107,2,6,0.4404699817641585,5.490111463452851
mcq,107,2,7,0.4590391356907791,5.738029071122491
mcq,107,3,4,0.4380259904341386,5.451015967930091
mcq,107,3,5,0.44492514116983506,5.555395776428314
mcq,107,3,6,0.4380985524757903,5.448169541985118
mcq,107,3,7,0.4558603914027969,5.68089615878633
mcq,107,4,5,0.4454620439362026,5.559718152847292
mcq,107,4,6,0.43779467561036683,5.436605682965432
mcq,107,4,7,0.4528969001687723,5.643307161917084
mcq,107,5,6,0.4418939272025215,5.4996469972294095
mcq,107,5,7,0.45925238295730747,5.716050706739953
mcq,107,6,7,0.4516039434017757,5.635608309562697
mcq,108,0,1,0.4477240604794646,5.580748548772908
mcq,108,0,2,0.44888402005228945,5.598389723556086
mcq,108,0,3,0.44518610567468103,5.563251459394118
mcq,108,0,4,0.44630051279722155,5.565793826283798
mcq,108,0,5,0.4521418758203114,5.644659000731048
mcq,108,0,6,0.44354895694212815,5.525668020164304
mcq,108,0,7,0.45834231396959435,5.710018073520501
mcq,108,1,2,0.44429995396387123,5.552494854436602
mcq,108,1,3,0.4406187960558742,5.4919994184978735
mcq,108,1,4,0.441657129690598,5.502103858198259
mcq,108,1,5,0.4431240954694669,5.515410087846903
mcq,108,1,6,0.4376580820020571,5.448742425013213
mcq,108,1,7,0.4565437585456072,5.707797863228042
mcq,108,2,3,0.4451574712658076,5.5528615212232255
mcq,108,2,4,0.44130665915156136,5.4870648404704765
mcq,108,2,5,0.44861025007791505,5.59402249594105
mcq,108,2,6,0.44047132401254124,5.4901281935219535
mcq,108,2,7,0.4590410789147442,5.738053361590856
mcq,108,3,4,0.438027168613768,5.451030629790604
mcq,108,3,5,0.44492696024931555,5.555418489701914
mcq,108,3,6,0.4380997513064976,5.448184450577964
mcq,108,3,7,0.45586199331034283,5.680916121631525
mcq,108,4,5,0.4454638001797299,5.559740072153668
mcq,108,4,6,0.4377958544083959,5.436620321471611
mcq,108,4,7,0.45289854320769213,5.643327634950351
mcq,108,5,6,0.441895573929111,5.499667491774335
mcq,108,5,7,0.4592544754544724,5.716076750850648
mcq,108,6,7,0.45160553367108114,5.635628154683722
mcq,109,0,1,0.4477253849439683,5.580765057832861
mcq,109,0,2,0.44888549135364786,5.59840807332582
mcq,109,0,3,0.4451873491773838,5.563266998778967
mcq,109,0,4,0.4463018579647693,5.5658106018084
mcq,109,0,5,0.4521435946609311,5.644680459192857
mcq,109,0,6,0.4435501784381387,5.525683237382914
mcq,109,0,7,0.458344018530197,5.710039308897537
mcq,109,1,2,0.4443012298460155,5.552510799360696
mcq,109,1,3,0.4406197603728824,5.492011438022451
mcq,109,1,4,0.44165829592152694,5.502118386942985
mcq,109,1,5,0.44312570771359255,5.515430154883667
mcq,109,1,6,0.43765922625532533,5.448756670703134
mcq,109,1,7,0.45654535645142114,5.707817840553807
mcq,109,2,3,0.44515863966847813,5.552876095792112
mcq,109,2,4,0.4413078856964007,5.487080090933898
mcq,109,2,5,0.4486120293027036,5.594044682289869
mcq,109,2,6,0.44047253711747,5.4901433139196
mcq,109,2,7,0.4590428433622392,5.738075417337814
mcq,109,3,4,0.4380282229293827,5.451043750224954
mcq,109,3,5,0.44492858944620506,5.555438832075679
mcq,109,3,6,0.4381008344145682,5.448197920050455
mcq,109,3,7,0.45586343801351176,5.680934125408203
mcq,109,4,5,0.44546536250092966,5.559759571156227
mcq,109,4,6,0.43779691105961804,5.4366334431388195
mcq,109,4,7,0.4529000162138574,5.643345989295984
mcq,109,5,6,0.44189704016683945,5.499685740022215
mcq,109,5,7,0.4592563439846112,5.71610000737237
mcq,109,6,7,0.4516069689622203,5.635646065817557
mcq,110,0,1,0.4477265807025194,5.580779962611022
mcq,110,0,2,0.44888682451308254,5.598424700217724
mcq,110,0,3,0.4451884739808756,5.563281054843583
mcq,110,0,4,0.4463030768821228,5.5658258028724505
mcq,110,0,5,0.4521451484698281,5.644699857354905
mcq,110,0,6,0.443551284635034,5.525697018222013
mcq,110,0,7,0.4583455618192849,5.710058535157726
mcq,110,1,2,0.44430237295907443,5.552525085046123
mcq,110,1,3,0.44062062254710727,5.492022184409994
mcq,110,1,4,0.44165934267926626,5.502131427307124
mcq,110,1,5,0.4431271576863498,5.515448202185663
mcq,110,1,6,0.43766025586081747,5.448769489054621
mcq,110,1,7,0.45654679709052387,5.7078358517009065
mcq,110,2,3,0.4451596937673746,5.5528892445441365
mcq,110,2,4,0.4413089951981805,5.487093886121621
mcq,110,2,5,0.4486136385731115,5.594064749363375
mcq,110,2,6,0.44047363449387855,5.490156991852376
mcq,110,2,7,0.4590444410153018,5.738095388139879
mcq,110,3,4,0.4380291785318712,5.4510556422234595
mcq,110,3,5,0.444930063627552,5.555457238904313
mcq,110,3,6,0.43810181771997586,5.44821014838251
mcq,110,3,7,0.45586474733264726,5.680950442039759
mcq,110,4,5,0.4454667763464445,5.559777217064966
mcq,110,4,6,0.4377978671437982,5.436645315948099
mcq,110,4,7,0.452901349000454,5.643362596440221
mcq,110,5,6,0.44189836561897156,5.499702236105075
mcq,110,5,7,0.45925803365594664,5.716121037741269
mcq,110,6,7,0.4516082660841432,5.635662252724677
mcq,111,0,1,0.4477276623096861,5.5807934445257965
mcq,111,0,2,0.4488880289835417,5.598439722127036
mcq,111,0,3,0.445189483897816,5.563293675232721
mcq,111,0,4,0.44630418429356744,5.565839613351276
mcq,111,0,5,0.4521465471472521,5.644717318814533
mcq,111,0,6,0.44355227245828444,5.525709324379561
mcq,111,0,7,0.4583469578765301,5.710075927206986
mcq,111,1,2,0.4443033864480996,5.552537750797148
mcq,111,1,3,0.4406213608778258,5.492031387176452
mcq,111,1,4,0.4416602783327483,5.502143083549687
mcq,111,1,5,0.4431284497486425,5.5154642840315296
mcq,111,1,6,0.43766117357270745,5.448780914356505
mcq,111,1,7,0.45654808659860113,5.707851973378862
mcq,111,2,3,0.4451606124596865,5.552900704244396
mcq,111,2,4,0.4413099806096369,5.487106138410236
mcq,111,2,5,0.4486150647896483,5.594082533815223
mcq,111,2,6,0.4404746071783585,5.490169115598454
mcq,111,2,7,0.459045885337134,5.738113442288244
mcq,111,3,4,0.4380300403429091,5.451066367033931
mcq,111,3,5,0.44493138844742197,5.555473780785248
mcq,111,3,6,0.43810269466618385,5.448221054037398
mcq,111,3,7,0.4558659176155387,5.6809650260126325
mcq,111,4,5,0.44546805495666175,5.559793175130378
mcq,111,4,6,0.4377987282183925,5.436656008912846
mcq,111,4,7,0.4529025445142599,5.643377493101295
mcq,111,5,6,0.44189954027250755,5.499716855404853
mcq,111,5,7,0.4592595458355075,5.716139858971965
mcq,111,6,7,0.45160942745991833,5.635676745642785
mcq,112,0,1,0.44772862063075536,5.580805389715677
mcq,112,0,2,0.44888910926060155,5.598453195121664
mcq,112,0,3,0.4451903640948248,5.5633046745816035
mcq,112,0,4,0.4463051643362267,5.565851835419649
mcq,112,0,5,0.4521478010026881,5.644732972278082
mcq,112,0,6,0.4435531494851053,5.525720250251399
mcq,112,0,7,0.45834820182583935,5.710091424299054
mcq,112,1,2,0.4443042979629734,5.552549142159225
mcq,112,1,3,0.44062198901762495,5.492039216491594
mcq,112,1,4,0.44166110525771185,5.5021533852673015
mcq,112,1,5,0.4431296189593104,5.515478836786341
mcq,112,1,6,0.4376619810557816,5.448790967334993
mcq,112,1,7,0.4565492154975069,5.70786608709007
mcq,112,2,3,0.4451614225240723,5.552910808927902
mcq,112,2,4,0.4413108525201969,5.487116979465268
mcq,112,2,5,0.4486163600839549,5.594098685709855
mcq,112,2,6,0.4404754767688812,5.490179954359538
mcq,112,2,7,0.4590471802000049,5.73812962818661
mcq,112,3,4,0.43803076692060605,5.451075408932619
mcq,112,3,5,0.4449325707378699,5.55548854302445
mcq,112,3,6,0.43810344819474695,5.448230424877232
mcq,112,3,7,0.4558669053882132,5.680977335557612
mcq,112,4,5,0.4454691924558727,5.559807372018975
mcq,112,4,6,0.4377994758215094,5.4366652927702805
mcq,112,4,7,0.45290356659710274,5.643390228731469
mcq,112,5,6,0.4419005817138258,5.499729816795056
mcq,112,5,7,0.4592608738308501,5.716156387767456
mcq,112,6,7,0.4516104243339894,5.635689185728574
mcq,113,0,1,0.44772946840030625,5.580815956913441
mcq,113,0,2,0.4488900892897568,5.5984654178449205
mcq,113,0,3,0.44519115478818533,5.563314555451504
mcq,113,0,4,0.44630604679454533,5.565862840518055
mcq,113,0,5,0.45214890252998885,5.644746724036823
mcq,113,0,6,0.4435539467540646,5.525730182511463
mcq,113,0,7,0.45834932703948483,5.710105442184936
mcq,113,1,2,0.4443051091697054,5.55255927995277
mcq,113,1,3,0.4406225296740701,5.492045955389047
mcq,113,1,4,0.441661833340012,5.502162455616592
mcq,113,1,5,0.4431306590073543,5.515491781899306
mcq,113,1,6,0.43766268575375145,5.448799740662582
mcq,113,1,7,0.4565502302227101,5.707878773379694
mcq,113,2,3,0.4451621465764487,5.552919840703936
mcq,113,2,4,0.4413116328531005,5.48712668187322
mcq,113,2,5,0.44861752680646283,5.59411323435638
mcq,113,2,6,0.440476259916645,5.490189715679705
mcq,113,2,7,0.45904835808812516,5.738144351890432
mcq,113,3,4,0.438031414020711,5.451083461772135
mcq,113,3,5,0.44493363036837696,5.555501773714961
mcq,113,3,6,0.43810412477886407,5.44823883884016
mcq,113,3,7,0.4558677958613971,5.680988432564032
mcq,113,4,5,0.44547019831584245,5.559819925945868
mcq,113,4,6,0.43780014948488966,5.436673658432007
mcq,113,4,7,0.45290447881260776,5.643401595363235
mcq,113,5,6,0.4419014924546861,5.499741151536108
mcq,113,5,7,0.4592620442215243,5.7161709549481365
mcq,113,6,7,0.451611321685366,5.6357003838612485
mcq,114,0,1,0.4477302336210734,5.5808254951649285
mcq,114,0,2,0.44889097841160464,5.598476506790825
mcq,114,0,3,0.4451918692610805,5.56332348383522
mcq,114,0,4,0.44630684675829263,5.565872816830334
mcq,114,0,5,0.45214989519008036,5.644759116668472
mcq,114,0,6,0.4435546690556197,5.525739180838573
mcq,114,0,7,0.45835034613985676,5.7101181381140815
mcq,114,1,2,0.4443058339242786,5.552568337338445
mcq,114,1,3,0.4406230045238257,5.492051874052991
mcq,114,1,4,0.44166248504844574,5.502170574510744
mcq,114,1,5,0.44313159029341476,5.515503373290036
mcq,114,1,6,0.43766331891466426,5.44880762337027
mcq,114,1,7,0.456551142023387,5.7078901728870965
mcq,114,2,3,0.44516279931159775,5.5529279828741265
mcq,114,2,4,0.4413123391725384,5.487135464021583
mcq,114,2,5,0.4486185792812025,5.594126358370754
mcq,114,2,6,0.4404769694960459,5.49019856002816
mcq,114,2,7,0.4590494255849324,5.738157695693252
mcq,114,3,4,0.4380319981215394,5.451090730616934
mcq,114,3,5,0.44493458813530223,5.555513732522948
mcq,114,3,6,0.4381047374779796,5.448246458332717
mcq,114,3,7,0.45586860193209566,5.680998477753352
mcq,114,4,5,0.4454711065927757,5.559831261959389
mcq,114,4,6,0.43780075992406153,5.4366812389652015
mcq,114,4,7,0.45290530389389394,5.64341187626189
mcq,114,5,6,0.4419023147111644,5.499751385033547
mcq,114,5,7,0.45926310002695503,5.716184095952086
mcq,114,6,7,0.45161213282360374,5.635710506132011
mcq,115,0,1,0.44773094532641217,5.580834366362362
mcq,115,0,2,0.4488917780936947,5.598486480262357
mcq,115,0,3,0.4451925071703433,5.563331455444379
mcq,115,0,4,0.44630757113166786,5.565881850458449
mcq,115,0,5,0.4521507888173997,5.644770272948748
mcq,115,0,6,0.44355530924326203,5.525747156202571
mcq,115,0,7,0.4583512708055761,5.710129657578483
mcq,115,1,2,0.4443064468339874,5.552575996979131
mcq,115,1,3,0.4406233867443162,5.492056638159132
mcq,115,1,4,0.441663071879874,5.502177885176074
mcq,115,1,5,0.44313239712859376,5.515513415684325
mcq,115,1,6,0.43766388353670843,5.448814652784812
mcq,115,1,7,0.45655196540496984,5.707900466961982
mcq,115,2,3,0.44516332898797445,5.552934590018252
mcq,115,2,4,0.4413129449904621,5.487142996566492
mcq,115,2,5,0.4486194884171402,5.594137694997339
mcq,115,2,6,0.4404775876846183,5.490206265261907
mcq,115,2,7,0.45905038785223473,5.738169724118119
mcq,115,3,4,0.4380325205328558,5.4510972317663855
mcq,115,3,5,0.4449354427212268,5.555524402998937
mcq,115,3,6,0.43810528797729126,5.448253304311928
mcq,115,3,7,0.45586932358327187,5.681007470913259
mcq,115,4,5,0.44547192389075563,5.559841462483715
mcq,115,4,6,0.4378013018024167,5.436687968098992
mcq,115,4,7,0.4529060416575695,5.643421069142284
mcq,115,5,6,0.44190303124652786,5.499760302765422
mcq,115,5,7,0.4592640454013992,5.716195862484957
mcq,115,6,7,0.45161285777435295,5.635719552860956
mcq,116,0,1,0.4477315608335988,5.5808420384781625
mcq,116,0,2,0.44889249046660845,5.598495364831693
mcq,116,0,3,0.4451930548399217,5.563338299376709
mcq,116,0,4,0.4463081960248201,5.56588964347313
mcq,116,0,5,0.45215158837154407,5.644780254794578
mcq,116,0,6,0.44355586796939594,5.5257541167310125
mcq,116,0,7,0.45835208261094024,5.710139771031158
mcq,116,1,2,0.4443069979812571,5.552582884763728
mcq,116,1,3,0.4406236995630334,5.4920605372216045
mcq,116,1,4,0.4416635811499378,5.5021842295925785
mcq,116,1,5,0.4431331206197891,5.515522420725301
mcq,116,1,6,0.43766438662960866,5.448820916175668
mcq,116,1,7,0.45655268960462736,5.707909521045365
mcq,116,2,3,0.44516379696863057,5.5529404275745
mcq,116,2,4,0.44131346511631975,5.487149463643856
mcq,116,2,5,0.44862031398110164,5.594147989508825
mcq,116,2,6,0.4404781386439936,5.490213132536653
mcq,116,2,7,0.4590512624901604,5.738180657168167
mcq,116,3,4,0.4380329356442713,5.451102397621846
mcq,116,3,5,0.44493620323184285,5.555533898837839
mcq,116,3,6,0.4381057627787878,5.448259208917267
mcq,116,3,7,0.4558699297938283,5.681015025461288
mcq,116,4,5,0.4454726388559425,5.559850385813957
mcq,116,4,6,0.43780174437664926,5.436693464057993
mcq,116,4,7,0.45290666273090197,5.643428808006435
mcq,116,5,6,0.4419036667605695,5.4997682121361455
mcq,116,5,7,0.45926487235256247,5.716206155071248
mcq,116,6,7,0.45161348353249975,5.635727361756037
mcq,117,0,1,0.4477321131239828,5.580848922615137
mcq,117,0,2,0.44889314541448455,5.598503533207699
mcq,117,0,3,0.44519354571524844,5.563344433581804
mcq,117,0,4,0.44630875120994984,5.565896567162167
mcq,117,0,5,0.4521522995989934,5.6447891339465395
mcq,117,0,6,0.4435563804783767,5.525760501492921
mcq,117,0,7,0.45835282063869137,5.7101489653640165
mcq,117,1,2,0.44430747981841867,5.552588906367683
mcq,117,1,3,0.44062395307624896,5.492063697083247
mcq,117,1,4,0.4416640153795356,5.502189639165264
mcq,117,1,5,0.4431337608397103,5.515530389317955
mcq,117,1,6,0.437664824344735,5.448826365628283
mcq,117,1,7,0.4565533387191963,5.7079176364005315
mcq,117,2,3,0.44516421336346895,5.552945621653056
mcq,117,2,4,0.44131392878187786,5.4871552287120435
mcq,117,2,5,0.44862106882098624,5.5941574021142975
mcq,117,2,6,0.4404786371968913,5.490219346605925
mcq,117,2,7,0.45905206048425046,5.738190632163612
mcq,117,3,4,0.4380332972720638,5.451106897900173
mcq,117,3,5,0.4449368744056196,5.5555422792048255
mcq,117,3,6,0.4381061906276446,5.448264529622156
mcq,117,3,7,0.45587047400801145,5.681021807415414
mcq,117,4,5,0.44547326233969464,5.559858167383637
mcq,117,4,6,0.43780213802593543,5.43669835245903
mcq,117,4,7,0.4529072095730486,5.643435621915299
mcq,117,5,6,0.4419042260364431,5.499775172675066
mcq,117,5,7,0.45926558967077363,5.7162150831191365
mcq,117,6,7,0.4516140471490884,5.635734395180737
mcq,118,0,1,0.44773261053376673,5.580855122681595
mcq,118,0,2,0.44889373957016915,5.5985109433959215
mcq,118,0,3,0.44519399216017835,5.563350012564113
mcq,118,0,4,0.44630925620047873,5.565902864876572
mcq,118,0,5,0.45215294257942057,5.64479716108459
mcq,118,0,6,0.4435568465240859,5.52576630742219
mcq,118,0,7,0.4583534920553286,5.7101573298571395
mcq,118,1,2,0.44430790699482064,5.55259424486649
mcq,118,1,3,0.4406241715134689,5.49206641974759
mcq,118,1,4,0.44166440102734017,5.502194443512644
mcq,118,1,5,0.4431343332788347,5.51553751426682
mcq,118,1,6,0.43766521352482807,5.448831210830899
mcq,118,1,7,0.45655392277893625,5.707924938427715
mcq,118,2,3,0.44516458778207235,5.552950292123148
mcq,118,2,4,0.44131434835105954,5.487160445500092
mcq,118,2,5,0.448621750545593,5.594165902996267
mcq,118,2,6,0.4404790884377383,5.490224970967742
mcq,118,2,7,0.4590527844442472,5.738199681726458
mcq,118,3,4,0.43803362471468515,5.451110972761017
mcq,118,3,5,0.44493748226686897,5.555549869042992
mcq,118,3,6,0.4381065812580059,5.448269387479879
mcq,118,3,7,0.45587096799948024,5.681027963498045
mcq,118,4,5,0.44547382620332004,5.5598652048470445
mcq,118,4,6,0.43780249538717086,5.436702790229135
mcq,118,4,7,0.45290770416064785,5.643441784708068
mcq,118,5,6,0.44190473029834276,5.499781448530586
mcq,118,5,7,0.45926623815850487,5.716223154473564
mcq,118,6,7,0.45161455594875366,5.635740744539868
mcq,119,0,1,0.4477330645230001,5.580860781523678
mcq,119,0,2,0.4488942867459544,5.598517767660445
mcq,119,0,3,0.44519439017783835,5.563354986376862
mcq,119,0,4,0.44630971609114145,5.565908600152552
mcq,119,0,5,0.4521535127838743,5.644804279668101
mcq,119,0,6,0.4435572544763427,5.5257713896317275
mcq,119,0,7,0.4583541015987727,5.710164923535437
mcq,119,1,2,0.4443082893445524,5.552599023158495
mcq,119,1,3,0.44062432286424386,5.492068306227186
mcq,119,1,4,0.44166474298608255,5.502198703587687
mcq,119,1,5,0.44313482351140737,5.51554361601959
mcq,119,1,6,0.4376655587172076,5.448835508396602
mcq,119,1,7,0.4565544410125737,5.707931417484308
mcq,119,2,3,0.4451649067575575,5.552954270999865
mcq,119,2,4,0.4413147261260745,5.487165142632934
mcq,119,2,5,0.4486223412409733,5.594173268773677
mcq,119,2,6,0.4404794937529281,5.490230022902407
mcq,119,2,7,0.45905344316170665,5.7382079157519215
mcq,119,3,4,0.4380339138427077,5.451114570815704
mcq,119,3,5,0.44493802616797457,5.55555666026611
mcq,119,3,6,0.4381069358622939,5.448273797319333
mcq,119,3,7,0.45587140241892743,5.681033377198852
mcq,119,4,5,0.44547432658731856,5.559871450034571
mcq,119,4,6,0.4378028112014058,5.436706712061811
mcq,119,4,7,0.4529081378250803,5.643447188369689
mcq,119,5,6,0.4419051683577049,5.4997869004540165
mcq,119,5,7,0.4592668101023977,5.716230273130787
mcq,119,6,7,0.45161500590218684,5.635746359551304
mcq,120,0,1,0.447733453961335,5.580865635757824
mcq,120,0,2,0.4488947680213174,5.598523770028375
mcq,120,0,3,0.445194717083971,5.563359071547079
mcq,120,0,4,0.4463101111047716,5.565913526349948
mcq,120,0,5,0.452154016607187,5.644810569531856
mcq,120,0,6,0.4435576105504377,5.5257758255507134
mcq,120,0,7,0.45835464309349183,5.710171669464274
mcq,120,1,2,0.4443086266225378,5.552603238180941
mcq,120,1,3,0.4406244236652088,5.492069562639408
mcq,120,1,4,0.4416650346745157,5.502202337402122
mcq,120,1,5,0.4431352428604186,5.5155488355095486
mcq,120,1,6,0.4376658669617999,5.448839345970856
mcq,120,1,7,0.45655490049325703,5.70793716200017
mcq,120,2,3,0.445165173769736,5.552957601690121
mcq,120,2,4,0.44131504290748025,5.4871690813908875
mcq,120,2,5,0.44862288615349477,5.594180063653871
mcq,120,2,6,0.4404798534458804,5.4902345061918085
mcq,120,2,7,0.4590540480495597,5.738215476902629
mcq,120,3,4,0.438034125272186,5.451117201950585
mcq,120,3,5,0.4449385083215384,5.555562680501032
mcq,120,3,6,0.43810723392294526,5.448277503985226
mcq,120,3,7,0.4558717586802322,5.681037816899067
mcq,120,4,5,0.4454747516538111,5.559876755200133
mcq,120,4,6,0.43780306464986707,5.436709859426139
mcq,120,4,7,0.45290850075342154,5.643451710626534
mcq,120,5,6,0.44190556425584443,5.499791827654596
mcq,120,5,7,0.4592673135175941,5.716236538850674
mcq,120,6,7,0.45161539668370515,5.635751236150821
mcq,121,0,1,0.4477337917053091,5.580869845636988
mcq,121,0,2,0.4488952054306328,5.598529225307929
mcq,121,0,3,0.44519500743164364,5.563362699865871
mcq,121,0,4,0.4463104617523777,5.565917899260634
mcq,121,0,5,0.4521544768987736,5.644816315934006
mcq,121,0,6,0.44355792942167943,5.525779798001997
mcq,121,0,7,0.4583551318368995,5.710177758218478
mcq,121,1,2,0.44430891857465543,5.552606886758026
mcq,121,1,3,0.44062448880014926,5.492070374500042
mcq,121,1,4,0.4416652762859447,5.502205347364118
mcq,121,1,5,0.44313560173439337,5.515553302287954
mcq,121,1,6,0.43766613668721444,5.448842703990209
mcq,121,1,7,0.45655531036965946,5.707942286353773
mcq,121,2,3,0.4451654032576365,5.552960464305294
mcq,121,2,4,0.44131531909259314,5.487172515387613
mcq,121,2,5,0.4486233884471147,5.59418632709036
mcq,121,2,6,0.44048017612318374,5.490238528110294
mcq,121,2,7,0.45905459658433995,5.738222333635031
mcq,121,3,4,0.4380343072243943,5.451119466255477
mcq,121,3,5,0.4449389371010517,5.555568034300305
mcq,121,3,6,0.43810750002610127,5.448280813229462
mcq,121,3,7,0.4558720766072593,5.6810417788805445
mcq,121,4,5,0.4454751238232606,5.559881400168817
mcq,121,4,6,0.4378032838157002,5.436712581063199
mcq,121,4,7,0.45290881823873963,5.643455666642062
mcq,121,5,6,0.44190591217567454,5.499796157735032
mcq,121,5,7,0.45926776475976683,5.7162421552028935
mcq,121,6,7,0.4516157484196759,5.635755625497256
mcq,122,0,1,0.4477340974208741,5.580873656291466
mcq,122,0,2,0.4488956040647026,5.598534196990546
mcq,122,0,3,0.44519527131375025,5.563365997458711
mcq,122,0,4,0.4463107812908963,5.565921884211273
mcq,122,0,5,0.45215489195293906,5.644821497580201
mcq,122,0,6,0.4435582211769759,5.5257834326468
mcq,122,0,7,0.45835557628809875,5.710183295181362
mcq,122,1,2,0.4443091730630251,5.552610067144048
mcq,122,1,3,0.4406245358098584,5.492070960442579
mcq,122,1,4,0.44166548784544024,5.502207982943255
mcq,122,1,5,0.4431359192266963,5.515557254003215
mcq,122,1,6,0.4376663750240838,5.448845671229396
mcq,122,1,7,0.45655567627497223,5.707946860972357
mcq,122,2,3,0.4451656079028374,5.552963017034464
mcq,122,2,4,0.44131556832780366,5.487175614297934
mcq,122,2,5,0.4486238407061265,5.594191966611716
mcq,122,2,6,0.44048046965001375,5.490242186691085
mcq,122,2,7,0.4590550938467709,5.738228549458613
mcq,122,3,4,0.43803447179856175,5.451121514299279
mcq,122,3,5,0.44493932616446613,5.5555728921989695
mcq,122,3,6,0.4381077440129187,5.448283847436126
mcq,122,3,7,0.4558723642903179,5.681045363964078
mcq,122,4,5,0.4454754595416778,5.559885590199828
mcq,122,4,6,0.43780348438714506,5.436715071792113
mcq,122,4,7,0.4529091048671278,5.643459238165813
mcq,122,5,6,0.4419062267243936,5.499800072491067
mcq,122,5,7,0.4592681712625585,5.716247214709726
mcq,122,6,7,0.45161606602837856,5.6357595889662875
mcq,123,0,1,0.4477343632568587,5.580876969858719
mcq,123,0,2,0.4488959691829213,5.598538750670321
mcq,123,0,3,0.44519550645765577,5.5633689359257
mcq,123,0,4,0.4463110743018194,5.56592553833745
mcq,123,0,5,0.45215526008388857,5.644826093424535
mcq,123,0,6,0.44355847392602854,5.525786581357524
mcq,123,0,7,0.45835598326351595,5.71018836527181
mcq,123,1,2,0.44430939547566983,5.55261284667408
mcq,123,1,3,0.4406245509002461,5.492071148533512
mcq,123,1,4,0.44166566942219626,5.5022102450015415
mcq,123,1,5,0.4431361795674902,5.515560494373702
mcq,123,1,6,0.4376665849752712,5.448848285073375
mcq,123,1,7,0.4565559928603902,5.707950818984132
mcq,123,2,3,0.4451657738913534,5.552965087562991
mcq,123,2,4,0.44131578614484307,5.487178322564835
mcq,123,2,5,0.4486242212875215,5.59419671233673
mcq,123,2,6,0.440480731710575,5.4902454530696145
mcq,123,2,7,0.45905554991388875,5.738234250337204
mcq,123,3,4,0.4380346221005908,5.451123384733404
mcq,123,3,5,0.444939675225406,5.555577250621301
mcq,123,3,6,0.4381079692760509,5.448286648796069
mcq,123,3,7,0.4558726179944027,5.681048525604325
mcq,123,4,5,0.44547575642504694,5.559889295538766
mcq,123,4,6,0.43780365952469247,5.43671724667874
mcq,123,4,7,0.45290936257292735,5.643462449300585
mcq,123,5,6,0.441906497137039,5.4998034379459915
mcq,123,5,7,0.4592685269210486,5.716251641386732
mcq,123,6,7,0.4516163486401419,5.6357631157052035
mcq,124,0,1,0.44773457047403786,5.580879552759827
mcq,124,0,2,0.44889628192245296,5.598542651093821
mcq,124,0,3,0.4451956867264115,5.56337118864744
mcq,124,0,4,0.44631132327885514,5.56592864331898
mcq,124,0,5,0.45215558357712515,5.6448301319998295
mcq,124,0,6,0.44355868250647235,5.52578917982218
mcq,124,0,7,0.45835633077918325,5.710192694614051
mcq,124,1,2,0.4443095936690581,5.5526153235317945
mcq,124,1,3,0.44062453667473,5.492070971222588
mcq,124,1,4,0.44166582171489144,5.50221214224302
mcq,124,1,5,0.4431364138350349,5.515563410219607
mcq,124,1,6,0.43766676346971256,5.448850507288101
mcq,124,1,7,0.4565562574651564,5.707954127123803
mcq,124,2,3,0.4451659070318507,5.552966748347752
mcq,124,2,4,0.44131597341696516,5.487180651046075
mcq,124,2,5,0.4486245753287309,5.594201127114345
mcq,124,2,6,0.44048096189256847,5.4902483221069005
mcq,124,2,7,0.45905595984959147,5.738239374569097
mcq,124,3,4,0.43803472563021356,5.451124673108157
mcq,124,3,5,0.44493998097266846,5.555581068223169
mcq,124,3,6,0.43810814963251193,5.448288891699114
mcq,124,3,7,0.45587280372495353,5.681050840163767
mcq,124,4,5,0.44547601434616857,5.559892514598081
mcq,124,4,6,0.43780379902949157,5.436718979072088
mcq,124,4,7,0.4529095748026964,5.643465093782751
mcq,124,5,6,0.4419067349734777,5.499806397969597
mcq,124,5,7,0.4592688390949824,5.716255526836435
mcq,124,6,7,0.451616577585618,5.635765972737447
mcq,125,0,1,0.44773474560485377,5.5808817357138665
mcq,125,0,2,0.44889656755991353,5.59854621350583
mcq,125,0,3,0.4451958419798843,5.563373128766636
mcq,125,0,4,0.4463115385328457,5.565931327741913
mcq,125,0,5,0.452155865875745,5.644833656290612
mcq,125,0,6,0.44355886959962176,5.525791510601266
mcq,125,0,7,0.4583566424982836,5.7101965780034805
mcq,125,1,2,0.4443097625674726,5.552617434285057
mcq,125,1,3,0.4406245007158287,5.492070523020498
mcq,125,1,4,0.4416659403793989,5.5022136205491545
mcq,125,1,5,0.44313659786522785,5.5155657007788275
mcq,125,1,6,0.43766691634742316,5.448852410580424
mcq,125,1,7,0.4565564909914084,5.707957046713912
mcq,125,2,3,0.44516602038251274,5.5529681622755644
mcq,125,2,4,0.44131613708553336,5.487182686048329
mcq,125,2,5,0.44862489483113455,5.594205111204395
mcq,125,2,6,0.44048116975867224,5.4902509129941945
mcq,125,2,7,0.459056334552531,5.73824405838839
mcq,125,3,4,0.4380348094032365,5.451125715621833
mcq,125,3,5,0.4449402449371758,5.5555843641198805
mcq,125,3,6,0.43810830978981846,5.448290883406584
mcq,125,3,7,0.4558729641845173,5.6810528397981646
mcq,125,4,5,0.4454762257683954,5.559895153314462
mcq,125,4,6,0.4378039176200238,5.436720451748658
mcq,125,4,7,0.45290975705212483,5.643467364695853
mcq,125,5,6,0.4419069197051885,5.4998086970715665
mcq,125,5,7,0.4592690956652984,5.716258720219835
mcq,125,6,7,0.4516167842975198,5.635768552314814
mcq,126,0,1,0.4477349036323814,5.580883705480456
mcq,126,0,2,0.44889682906543726,5.598549474949257
mcq,126,0,3,0.4451959843917788,5.56337490841153
mcq,126,0,4,0.44631173590911477,5.565933789212577
mcq,126,0,5,0.45215611957119284,5.644836823491816
mcq,126,0,6,0.44355904183038497,5.525793656226919
mcq,126,0,7,0.45835692735084643,5.710200126690198
mcq,126,1,2,0.4443099071864357,5.552619241613735
mcq,126,1,3,0.44062446013989653,5.492070017270408
mcq,126,1,4,0.4416660408454053,5.502214872140863
mcq,126,1,5,0.4431367567058242,5.51556767781198
mcq,126,1,6,0.43766704947973417,5.448854068047066
mcq,126,1,7,0.4565566984748166,5.7079596407113815
mcq,126,2,3,0.4451661196325653,5.552969400313413
mcq,126,2,4,0.4413162849916524,5.487184525065367
mcq,126,2,5,0.4486251813998123,5.594208684621697
mcq,126,2,6,0.4404813587434971,5.490253268541215
mcq,126,2,7,0.45905667531926386,5.738248318002152
mcq,126,3,4,0.43803488608808355,5.45112666992668
mcq,126,3,5,0.4449404842849665,5.555587352648922
mcq,126,3,6,0.43810845887839134,5.448292737463889
mcq,126,3,7,0.45587311084805177,5.681054667507537
mcq,126,4,5,0.4454764167241375,5.559897536592948
mcq,126,4,6,0.437804027132115,5.4367218116876685
mcq,126,4,7,0.4529099222578477,5.643469423236415
mcq,126,5,6,0.441907085900919,5.49981076548164
mcq,126,5,7,0.4592693263441184,5.716261591346651
mcq,126,6,7,0.4516169709458876,5.635770881517444
mcq,127,0,1,0.4477350531058145,5.580885568622777
mcq,127,0,2,0.4488970504163189,5.598552235592197
mcq,127,0,3,0.4451961055828685,5.563376422871433
mcq,127,0,4,0.44631191590729347,5.565936033961851
mcq,127,0,5,0.45215634011780853,5.6448395768542134
mcq,127,0,6,0.4435591866988858,5.52579546097751
mcq,127,0,7,0.45835718233855754,5.7102033033212765
mcq,127,1,2,0.4443099968578276,5.552620362252929
mcq,127,1,3,0.44062438262777215,5.492069051136993
mcq,127,1,4,0.44166613312539355,5.5022160217522815
mcq,127,1,5,0.4431368714936038,5.515569106535184
mcq,127,1,6,0.43766716840347614,5.4488555486202905
mcq,127,1,7,0.4565568726928579,5.707961818818836
mcq,127,2,3,0.44516616544710297,5.552969971800582
mcq,127,2,4,0.44131638135875956,5.487185723262935
mcq,127,2,5,0.4486253854984453,5.594211229664626
mcq,127,2,6,0.44048150623325777,5.490255106884938
mcq,127,2,7,0.4590569714266748,5.738252019370511
mcq,127,3,4,0.4380349526007085,5.451127497643274
mcq,127,3,5,0.44494069310413603,5.55558995999345
mcq,127,3,6,0.4381085873982029,5.4482943357292095
mcq,127,3,7,0.45587323324025764,5.68105619274953
mcq,127,4,5,0.4454765820579641,5.559899600089691
mcq,127,4,6,0.4378041194479531,5.436722958080802
mcq,127,4,7,0.4529100670504647,5.6434712274201315
mcq,127,5,6,0.4419072207980504,5.499812444361023
mcq,127,5,7,0.45926952573553864,5.716264073057168
mcq,127,6,7,0.45161713251168595,5.635772897712318
mcq,128,0,1,0.44773516801535734,5.580887000936384
mcq,128,0,2,0.44889724301334905,5.598554637622981
mcq,128,0,3,0.4451961934370193,5.563377520737531
mcq,128,0,4,0.4463120576907531,5.565937802137063
mcq,128,0,5,0.45215653595045935,5.644842021680924
mcq,128,0,6,0.4435593024248522,5.525796902674671
mcq,128,0,7,0.45835740412129994,5.710206066285613
mcq,128,1,2,0.44431007346804696,5.552621319664347
mcq,128,1,3,0.4406242868622301,5.49206785748773
mcq,128,1,4,0.4416661936011542,5.502216775151001
mcq,128,1,5,0.4431369643155946,5.515570261857925
mcq,128,1,6,0.43766726728912286,5.448856779723841
mcq,128,1,7,0.45655701302419216,5.707963573268163
mcq,128,2,3,0.44516619547443553,5.552970346359318
mcq,128,2,4,0.44131644490631117,5.487186513392721
mcq,128,2,5,0.44862558641594025,5.594213735039807
mcq,128,2,6,0.44048163017962627,5.490256651778816
mcq,128,2,7,0.4590572481197108,5.738255478057496
mcq,128,3,4,0.4380349673556736,5.451127681261489
mcq,128,3,5,0.4449408774729071,5.555592262046981
mcq,128,3,6,0.43810868384902085,5.4482955351862845
mcq,128,3,7,0.455873310336645,5.681057153518615
mcq,128,4,5,0.44547670744963375,5.559901165076768
mcq,128,4,6,0.4378041634994247,5.4367235051191605
mcq,128,4,7,0.4529101674258003,5.643472478143751
mcq,128,5,6,0.44190733502528984,5.49981386599064
mcq,128,5,7,0.4592696971808839,5.716266206938936
mcq,128,6,7,0.45161725557493376,5.635774433430223
mcq,129,0,1,0.44773525606392534,5.580888098435852
mcq,129,0,2,0.44889741793283267,5.598556819183019
mcq,129,0,3,0.4451962667755762,5.563378437210055
mcq,129,0,4,0.44631217685337926,5.565939288208869
mcq,129,0,5,0.45215671104399585,5.644844207595035
mcq,129,0,6,0.4435594045502573,5.525798174938028
mcq,129,0,7,0.4583576038312276,5.710208554267328
mcq,129,1,2,0.444310133717973,5.552622072618295
mcq,129,1,3,0.4406241769779036,5.492066487857876
mcq,129,1,4,0.4416662292673257,5.502217219475266
mcq,129,1,5,0.4431370247341189,5.515571013866092
mcq,129,1,6,0.4376673474710296,5.448857777970131
mcq,129,1,7,0.45655713503090667,5.70796509861957
mcq,129,2,3,0.4451662152173966,5.55297059263156
mcq,129,2,4,0.4413164954579768,5.487187141935848
mcq,129,2,5,0.44862577713348717,5.594216113224986
mcq,129,2,6,0.44048174267405216,5.490258053933249
mcq,129,2,7,0.4590575041283154,5.738258678187292
mcq,129,3,4,0.4380349704130137,5.451127719308568
mcq,129,3,5,0.4449410409347727,5.555594303054049
mcq,129,3,6,0.4381087693440592,5.448296598397887
mcq,129,3,7,0.45587337646598675,5.681057977617243
mcq,129,4,5,0.44547680659613326,5.5599024025033925
mcq,129,4,6,0.43780419703769186,5.436723921602832
mcq,129,4,7,0.45291024739328095,5.643473474575955
mcq,129,5,6,0.44190741592206056,5.499814872801674
mcq,129,5,7,0.4592698473427945,5.7162680759180144
mcq,129,6,7,0.45161736520487883,5.635775801512673
mcq,130,0,1,0.44773533454562436,5.580889076687115
mcq,130,0,2,0.4488975782354758,5.59855881844481
mcq,130,0,3,0.44519633452641033,5.56337928385581
mcq,130,0,4,0.44631228613660145,5.565940651075068
mcq,130,0,5,0.45215686912871716,5.64484618116659
mcq,130,0,6,0.4435594981615086,5.525799341133302
mcq,130,0,7,0.4583577851374226,5.710210812975762
mcq,130,1,2,0.4443101787275488,5.5526226351108985
mcq,130,1,3,0.4406240694365615,5.492065147431654
mcq,130,1,4,0.4416662552009875,5.502217542553264
mcq,130,1,5,0.4431370716899443,5.515571598308769
mcq,130,1,6,0.4376674139418592,5.448858605516667
mcq,130,1,7,0.4565572407871029,5.7079664208038725
mcq,130,2,3,0.4451662298029532,5.55297077457072
mcq,130,2,4,0.4413165412949132,5.487187711857549
mcq,130,2,5,0.4486259492044694,5.594218258893627
mcq,130,2,6,0.4404818454185324,5.490259334562286
mcq,130,2,7,0.4590577367503363,5.73826158598276
mcq,130,3,4,0.4380349731981616,5.4511277539683505
mcq,130,3,5,0.4449411897011189,5.555596160570864
mcq,130,3,6,0.43810885116723847,5.448297615946451
mcq,130,3,7,0.45587343820222626,5.68105874696938
mcq,130,4,5,0.44547689713189165,5.559903532461166
mcq,130,4,6,0.43780422928803,5.4367243220927906
mcq,130,4,7,0.4529103192135704,5.643474369490346
mcq,130,5,6,0.4419074882221862,5.499815772622071
mcq,130,5,7,0.45926998304368327,5.716269764909057
mcq,130,6,7,0.45161746302584466,5.635777022229755
mcq,131,0,1,0.44773540509589604,5.580889956075474
mcq,131,0,2,0.4488977279437173,5.598560685575389
mcq,131,0,3,0.4451963880910855,5.563379953224763
mcq,131,0,4,0.4463123870190392,5.565941909175458
mcq,131,0,5,0.4521570051382989,5.644847879146253
mcq,131,0,6,0.44355958175947235,5.525800382584506
mcq,131,0,7,0.4583579476749243,5.710212837864245
mcq,131,1,2,0.44431020846172,5.552623006704078
mcq,131,1,3,0.4406239306499502,5.492063417555408
mcq,131,1,4,0.44166627268640424,5.502217760384183
mcq,131,1,5,0.4431370966691335,5.51557190921597
mcq,131,1,6,0.43766745340440777,5.448859096816317
mcq,131,1,7,0.4565573290695397,5.707967524527874
mcq,131,2,3,0.4451662251216807,5.552970716176871
mcq,131,2,4,0.44131658126608003,5.487188208846161
mcq,131,2,5,0.4486260810784465,5.594219903318813
mcq,131,2,6,0.4404819368438952,5.490260474107438
mcq,131,2,7,0.45905795302479097,5.73826428943223
mcq,131,3,4,0.4380349708867377,5.451127725203828
mcq,131,3,5,0.44494132037152534,5.5555977921393165
mcq,131,3,6,0.43810892482435965,5.448298531942366
mcq,131,3,7,0.45587348613705836,5.6810593443294675
mcq,131,4,5,0.445476972803214,5.559904476899038
mcq,131,4,6,0.43780426749044343,5.436724796496591
mcq,131,4,7,0.4529103768183036,5.643475087272259
mcq,131,5,6,0.44190754690180994,5.499816502926781
mcq,131,5,7,0.45927010222328063,5.716271248269072
mcq,131,6,7,0.45161754211650396,5.63577800920957
mcq,132,0,1,0.44773545155591743,5.580890535185956
mcq,132,0,2,0.44889785493933504,5.59856226943877
mcq,132,0,3,0.4451964177161722,5.563380323433546
mcq,132,0,4,0.44631246064962793,5.565942827419252
mcq,132,0,5,0.4521571208223896,5.6448493233771
mcq,132,0,6,0.4435596457657384,5.525801179965205
mcq,132,0,7,0.45835808015149443,5.710214488254327
mcq,132,1,2,0.44431023378031975,5.552623323115083
mcq,132,1,3,0.4406237821254029,5.492061566302727
mcq,132,1,4,0.4416662737026413,5.5022177730443245
mcq,132,1,5,0.4431371200815432,5.5155722006220165
mcq,132,1,6,0.43766747569209047,5.448859374292838
mcq,132,1,7,0.4565574015197243,5.707968430314014
mcq,132,2,3,0.4451662091143152,5.552970516502173
mcq,132,2,4,0.4413166032592778,5.487188482302497
mcq,132,2,5,0.44862620357382466,5.594221430795953
mcq,132,2,6,0.44048201410062016,5.490261437051677
mcq,132,2,7,0.4590581653072413,5.7382669429813
mcq,132,3,4,0.4380349370831516,5.451127304534983
mcq,132,3,5,0.444941433429858,5.555599203801022
mcq,132,3,6,0.4381089732757224,5.448299134480853
mcq,132,3,7,0.4558735004327788,5.681059522481606
mcq,132,4,5,0.4454770246067182,5.559905123447686
mcq,132,4,6,0.4378042813297472,5.436724968355322
mcq,132,4,7,0.45291040181436926,5.643475398734926
mcq,132,5,6,0.4419075908035859,5.49981704931191
mcq,132,5,7,0.4592702051334434,5.716272529132777
mcq,132,6,7,0.4516175899765654,5.6357786064598026
mcq,133,0,1,0.4477354921967483,5.5808910417619435
mcq,133,0,2,0.4488979788699112,5.598563815075578
mcq,133,0,3,0.44519644785355933,5.563380700044274
mcq,133,0,4,0.44631252857036746,5.565943674455771
mcq,133,0,5,0.4521572225383488,5.6448505932260895
mcq,133,0,6,0.44355971301880337,5.5258020177940494
mcq,133,0,7,0.458358211387161,5.710216123185263
mcq,133,1,2,0.4443102462802113,5.552623479328432
mcq,133,1,3,0.4406236275435911,5.492059639550559
mcq,133,1,4,0.4416662589516534,5.502217589278544
mcq,133,1,5,0.44313711665533695,5.515572157977229
mcq,133,1,6,0.4376674873831517,5.448859519843861
mcq,133,1,7,0.4565574633175191,5.707969202921928
mcq,133,2,3,0.44516618909386335,5.55297026676853
mcq,133,2,4,0.44131662037848907,5.487188695157256
mcq,133,2,5,0.4486263275503082,5.594222976741988
mcq,133,2,6,0.4404820812263712,5.490262273721304
mcq,133,2,7,0.45905836410225553,5.738269427936246
mcq,133,3,4,0.4380348997875286,5.451126840409471
mcq,133,3,5,0.4449415305632916,5.5556004166222746
mcq,133,3,6,0.438109012973851,5.4482996281646
mcq,133,3,7,0.4558735114992833,5.68105966039151
mcq,133,4,5,0.4454770590653699,5.559905553518877
mcq,133,4,6,0.4378042873915047,5.436725043631215
mcq,133,4,7,0.4529104144622514,5.643475556333452
mcq,133,5,6,0.44190759791192047,5.499817137779591
mcq,133,5,7,0.4592702884185145,5.716273565734234
mcq,133,6,7,0.45161763138538086,5.635779123204326
mcq,134,0,1,0.4477355293997247,5.580891505486088
mcq,134,0,2,0.44889809511481155,5.598565264858209
mcq,134,0,3,0.4451964790644151,5.563381090069561
mcq,134,0,4,0.44631259339996787,5.5659444829428315
mcq,134,0,5,0.4521573146884232,5.64485174365204
mcq,134,0,6,0.44355977822794357,5.525802830159979
mcq,134,0,7,0.45835833354474964,5.710217645021711
mcq,134,1,2,0.4443102494500892,5.552623518942954
mcq,134,1,3,0.4406234799319668,5.492057799676814
mcq,134,1,4,0.44166623954535544,5.50221734751755
mcq,134,1,5,0.4431371071030504,5.515572039083271
mcq,134,1,6,0.4376674933305888,5.448859593888084
mcq,134,1,7,0.4565575155294321,5.707969855685304
mcq,134,2,3,0.4451661695979327,5.552970023577727
mcq,134,2,4,0.4413166359794132,5.487188889134121
mcq,134,2,5,0.4486264388113085,5.594224364130124
mcq,134,2,6,0.4404821430375871,5.490263044149435
mcq,134,2,7,0.45905854608105895,5.738271702687096
mcq,134,3,4,0.43803486681909165,5.451126430133643
mcq,134,3,5,0.44494161977482677,5.555601530529626
mcq,134,3,6,0.43810905291522256,5.448300124873303
mcq,134,3,7,0.45587352443496515,5.681059821594954
mcq,134,4,5,0.4454770906443933,5.559905947650031
mcq,134,4,6,0.4378042945730927,5.436725132813347
mcq,134,4,7,0.4529104255999568,5.64347569511447
mcq,134,5,6,0.44190760452900296,5.499817220133331
mcq,134,5,7,0.4592703635620201,5.7162745010023
mcq,134,6,7,0.4516176688680322,5.6357795909538755
mcq,135,0,1,0.44773556922776103,5.58089200193083
mcq,135,0,2,0.4488982055505551,5.598566642190224
mcq,135,0,3,0.4451965081846483,5.563381453969463
mcq,135,0,4,0.4463126531700947,5.5659452283334225
mcq,135,0,5,0.45215739583533776,5.644852756711626
mcq,135,0,6,0.4435598246141587,5.525803408032662
mcq,135,0,7,0.45835844190492475,5.710218994970296
mcq,135,1,2,0.44431024963796534,5.552623521290875
mcq,135,1,3,0.4406233249678886,5.492055868159968
mcq,135,1,4,0.44166622406187817,5.502217154626516
mcq,135,1,5,0.44313707321149504,5.5155716172469775
mcq,135,1,6,0.4376674963666595,5.448859631686466
mcq,135,1,7,0.45655755848161783,5.707970392681791
mcq,135,2,3,0.4451661230655367,5.552969443136045
mcq,135,2,4,0.4413166484766121,5.4871890445202665
mcq,135,2,5,0.44862652048902324,5.594225382624405
mcq,135,2,6,0.44048219555055307,5.490263698682203
mcq,135,2,7,0.45905871654528924,5.738273833504783
mcq,135,3,4,0.4380348361371214,5.451126048311757
mcq,135,3,5,0.4449416877549696,5.555602379338928
mcq,135,3,6,0.43810909263687015,5.448300618849531
mcq,135,3,7,0.45587353436410216,5.681059945331075
mcq,135,4,5,0.44547711441610444,5.5599062443397615
mcq,135,4,6,0.4378042900214517,5.436725076290326
mcq,135,4,7,0.4529104248579076,5.643475685868189
mcq,135,5,6,0.4419075997305339,5.499817160413375
mcq,135,5,7,0.45927041733958646,5.71627517034079
mcq,135,6,7,0.45161769115354305,5.635779869056873
mcq,136,0,1,0.4477355857616776,5.58089220802123
mcq,136,0,2,0.4488982964178616,5.598567775468693
mcq,136,0,3,0.44519651610448363,5.563381552939387
mcq,136,0,4,0.44631267240524247,5.565945468214094
mcq,136,0,5,0.45215745946951036,5.6448535511375
mcq,136,0,6,0.4435598546813098,5.525803782604831
mcq,136,0,7,0.45835852993959725,5.710220091704234
mcq,136,1,2,0.44431024723698337,5.552623491285381
mcq,136,1,3,0.44062316424656395,5.492053864883145
mcq,136,1,4,0.4416661809137027,5.502216617092473
mcq,136,1,5,0.44313704124917713,5.515571219423225
mcq,136,1,6,0.4376674918848993,5.448859575889583
mcq,136,1,7,0.4565575822254783,5.7079706895321
mcq,136,2,3,0.44516607041113865,5.552968786328961
mcq,136,2,4,0.44131662750750433,5.487188783797135
mcq,136,2,5,0.4486265969811886,5.594226336456587
mcq,136,2,6,0.4404822387770891,5.490264237466935
mcq,136,2,7,0.4590588802122218,5.7382758793556565
mcq,136,3,4,0.43803475852329105,5.451125082446174
mcq,136,3,5,0.4449417419051611,5.5556030554655775
mcq,136,3,6,0.43810911344356857,5.448300877600491
mcq,136,3,7,0.45587351827601297,5.681059744842579
mcq,136,4,5,0.44547710345802927,5.559906107574329
mcq,136,4,6,0.4378042378200074,5.436724428044277
mcq,136,4,7,0.4529103731397228,5.643475041435423
mcq,136,5,6,0.4419075860028553,5.499816989563808
mcq,136,5,7,0.45927044449027704,5.716275508269845
mcq,136,6,7,0.45161768750603426,5.635779823539266
mcq,137,0,1,0.4477355922638094,5.580892289068388
mcq,137,0,2,0.448898379506019,5.598568811727205
mcq,137,0,3,0.4451965204345808,5.563381607050284
mcq,137,0,4,0.44631268789702705,5.56594566141145
mcq,137,0,5,0.4521575044330565,5.644854112474326
mcq,137,0,6,0.44355988768290605,5.525804193733889
mcq,137,0,7,0.45835860888714025,5.710221075230921
mcq,137,1,2,0.4443102338504699,5.552623323991762
mcq,137,1,3,0.44062300104043495,5.492051830635007
mcq,137,1,4,0.44166612838770436,5.5022159627308005
mcq,137,1,5,0.44313700069721035,5.515570714687127
mcq,137,1,6,0.4376674695998705,5.448859298446102
mcq,137,1,7,0.45655760013583385,5.70797091345081
mcq,137,2,3,0.44516601656131805,5.552968114610263
mcq,137,2,4,0.4413166050748976,5.487188504877329
mcq,137,2,5,0.44862665978681,5.59422711962206
mcq,137,2,6,0.4404822771175711,5.490264715350851
mcq,137,2,7,0.4590590334711598,5.738277795105695
mcq,137,3,4,0.4380346827491396,5.451124139474482
mcq,137,3,5,0.44494178214914426,5.55560355795742
mcq,137,3,6,0.4381091313612457,5.448301100423739
mcq,137,3,7,0.4558735006750714,5.681059525501037
mcq,137,4,5,0.445477080112892,5.559905816208577
mcq,137,4,6,0.4378041920741213,5.4367238599644025
mcq,137,4,7,0.4529103180220752,5.643474354643759
mcq,137,5,6,0.44190755626613487,5.499816619471677
mcq,137,5,7,0.45927045457052285,5.716275633732877
mcq,137,6,7,0.45161768162753707,5.6357797501809435
mcq,138,0,1,0.4477355964646228,5.58089234143029
mcq,138,0,2,0.4488984566013361,5.598569773244237
mcq,138,0,3,0.445196524441223,5.563381657119138
mcq,138,0,4,0.446312704333744,5.565945866393015
mcq,138,0,5,0.452157543760175,5.644854603444496
mcq,138,0,6,0.4435599191455817,5.5258045856913
mcq,138,0,7,0.4583586813995052,5.710221978588306
mcq,138,1,2,0.44431021395648224,5.5526230753730905
mcq,138,1,3,0.4406228441433978,5.492049875025205
mcq,138,1,4,0.4416660748546595,5.50221529582348
mcq,138,1,5,0.44313695842436696,5.515570188531882
mcq,138,1,6,0.43766744677866903,5.448859014327394
mcq,138,1,7,0.4565576134531428,5.7079710799463665
mcq,138,2,3,0.4451659661912352,5.552967486297558
mcq,138,2,4,0.441316585063834,5.487188256066211
mcq,138,2,5,0.44862671524609965,5.59422781118119
mcq,138,2,6,0.4404823131529467,5.490265164503431
mcq,138,2,7,0.45905917357512177,5.73827954641739
mcq,138,3,4,0.4380346144176636,5.45112328912319
mcq,138,3,5,0.44494181960070023,5.555604025582638
mcq,138,3,6,0.4381091499080879,5.448301331071251
mcq,138,3,7,0.45587348591002186,5.6810593415001565
mcq,138,4,5,0.44547705955377936,5.559905559614612
mcq,138,4,6,0.43780415267577455,5.4367233707093074
mcq,138,4,7,0.4529102683203105,5.643473735336529
mcq,138,5,6,0.4419075314983165,5.4998163112206475
mcq,138,5,7,0.45927046309480474,5.716275739829719
mcq,138,6,7,0.451617677119605,5.635779693926033
mcq,139,0,1,0.44773561086571506,5.580892520935664
mcq,139,0,2,0.4488985199770627,5.598570563653342
mcq,139,0,3,0.445196521524333,5.5633816206683315
mcq,139,0,4,0.44631271866278216,5.565946045089812
mcq,139,0,5,0.452157570068595,5.644854931885783
mcq,139,0,6,0.4435599349488585,5.525804782566211
mcq,139,0,7,0.45835874649619673,5.710222789561402
mcq,139,1,2,0.4443101708385811,5.552622536521079
mcq,139,1,3,0.44062266342671,5.492047622520425
mcq,139,1,4,0.44166602589768245,5.5022146859241845
mcq,139,1,5,0.443136896323607,5.515569415585519
mcq,139,1,6,0.43766742618712134,5.448858757967363
mcq,139,1,7,0.4565576182759094,5.707971140241522
mcq,139,2,3,0.4451658886133151,5.552966518596294
mcq,139,2,4,0.44131654041448704,5.487187700910614
mcq,139,2,5,0.44862673009382426,5.594227996327439
mcq,139,2,6,0.44048232258677916,5.490265282088724
mcq,139,2,7,0.45905929842398346,5.738281107039006
mcq,139,3,4,0.438034549149071,5.451122476887961
mcq,139,3,5,0.44494185037366035,5.555604409818
mcq,139,3,6,0.43810916061025335,5.4483014641627925
mcq,139,3,7,0.4558734636911101,5.681059064609835
mcq,139,4,5,0.4454770364691087,5.559905271499689
mcq,139,4,6,0.43780410840382605,5.4367228209330305
mcq,139,4,7,0.4529102171094089,5.6434730972247475
mcq,139,5,6,0.44190749861574324,5.4998159019764055
mcq,139,5,7,0.4592704610348622,5.716275714190797
mcq,139,6,7,0.45161766576681706,5.635779552253519
mcq,140,0,1,0.4477355960625307,5.580892336418331
mcq,140,0,2,0.4488985591390258,5.598571052073339
mcq,140,0,3,0.44519649609646356,5.5633813029099155
mcq,140,0,4,0.44631270445387833,5.565945867891205
mcq,140,0,5,0.4521575800685855,5.644855056728314
mcq,140,0,6,0.44355992923126714,5.525804711337294
mcq,140,0,7,0.45835879073961966,5.710223340744954
mcq,140,1,2,0.44431012562320904,5.5526219714566025
mcq,140,1,3,0.44062247718288716,5.492045301123843
mcq,140,1,4,0.4416659607627655,5.502213874482336
mcq,140,1,5,0.44313684118213736,5.515568729259001
mcq,140,1,6,0.4376673937212746,5.448858353775041
mcq,140,1,7,0.4565576155956874,5.707971106732872
mcq,140,2,3,0.4451658066800091,5.5529654965662685
mcq,140,2,4,0.44131647093731274,5.487186837053809
mcq,140,2,5,0.448626741991435,5.594228144686738
mcq,140,2,6,0.440482321606656,5.4902652698722605
mcq,140,2,7,0.45905941177129356,5.738282523890229
mcq,140,3,4,0.438034449739879,5.4511212397899245
mcq,140,3,5,0.44494187535248064,5.555604721706945
mcq,140,3,6,0.43810915104122516,5.448301345162884
mcq,140,3,7,0.45587341176867685,5.681058417556576
mcq,140,4,5,0.44547699450091904,5.559904747703534
mcq,140,4,6,0.4378040295761364,5.436721842037924
mcq,140,4,7,0.45291014250127937,5.643472167572565
mcq,140,5,6,0.44190745530925035,5.499815362999947
mcq,140,5,7,0.45927044568141395,5.716275523095242
mcq,140,6,7,0.45161762970955366,5.63577910229152
mcq,141,0,1,0.4477355752429148,5.58089207690795
mcq,141,0,2,0.44889860572182416,5.598571633044476
mcq,141,0,3,0.4451964729795215,5.5633810140299165
mcq,141,0,4,0.44631269816405983,5.565945789451159
mcq,141,0,5,0.45215758607663104,5.644855131734348
mcq,141,0,6,0.44355993580317893,5.52580479320921
mcq,141,0,7,0.4583588339750529,5.710223879370993
mcq,141,1,2,0.4443100738579409,5.55262132453692
mcq,141,1,3,0.4406222901957707,5.492042970462637
mcq,141,1,4,0.4416658863601081,5.502212947584249
mcq,141,1,5,0.4431367828599939,5.515568003343751
mcq,141,1,6,0.43766735647775473,5.448857890101787
mcq,141,1,7,0.4565576099113721,5.707971035666469
mcq,141,2,3,0.4451657235602241,5.55296445973619
mcq,141,2,4,0.44131640136710415,5.487185972040247
mcq,141,2,5,0.44862675752379283,5.594228338370139
mcq,141,2,6,0.44048232021827444,5.490265252567177
mcq,141,2,7,0.459059517481338,5.7382838452749665
mcq,141,3,4,0.4380343537991164,5.451120045854769
mcq,141,3,5,0.44494189620330554,5.555604982053178
mcq,141,3,6,0.4381091404128288,5.44830121298873
mcq,141,3,7,0.45587336273247236,5.681057806471273
mcq,141,4,5,0.4454769502910589,5.55990419592956
mcq,141,4,6,0.4378039548141708,5.436720913631642
mcq,141,4,7,0.45291006590277677,5.643471213119403
mcq,141,5,6,0.44190740489404695,5.49981473555113
mcq,141,5,7,0.4592704218291053,5.7162752262192535
mcq,141,6,7,0.4516175969258248,5.635778693180268
mcq,142,0,1,0.4477355562833506,5.5808918405825665
mcq,142,0,2,0.448898651008003,5.59857219784444
mcq,142,0,3,0.44519645369937255,5.5633807730962594
mcq,142,0,4,0.446312694591767,5.565945744901254
mcq,142,0,5,0.45215759169963654,5.644855201933439
mcq,142,0,6,0.4435599441138944,5.525804896742887
mcq,142,0,7,0.4583588759307108,5.71022440205362
mcq,142,1,2,0.44431001765029315,5.5526206221000365
mcq,142,1,3,0.4406221109649849,5.492040736478566
mcq,142,1,4,0.4416658093996155,5.502211988821004
mcq,142,1,5,0.4431367244528264,5.515567276370237
mcq,142,1,6,0.4376673172848862,5.448857402159592
mcq,142,1,7,0.4565576014204244,5.707970929511007
mcq,142,2,3,0.44516564703322997,5.552963505144099
mcq,142,2,4,0.44131633926260366,5.4871851998528935
mcq,142,2,5,0.4486267718992862,5.594228517627821
mcq,142,2,6,0.4404823204251958,5.490265255146289
mcq,142,2,7,0.45905961531137174,5.738285068158887
mcq,142,3,4,0.438034266778378,5.451118962924886
mcq,142,3,5,0.44494191603495653,5.555605229673867
mcq,142,3,6,0.43810913362778575,5.448301128610307
mcq,142,3,7,0.4558733201961292,5.681057276386727
mcq,142,4,5,0.44547691105090237,5.559903706181414
mcq,142,4,6,0.4378038881730223,5.436720086070991
mcq,142,4,7,0.45290999678632565,5.643470351896101
mcq,142,5,6,0.4419073603337716,5.499814180970564
mcq,142,5,7,0.45927040001787056,5.716274954747338
mcq,142,6,7,0.4516175676401075,5.635778327721033
mcq,143,0,1,0.447735544883284,5.580891698484094
mcq,143,0,2,0.4488986973844486,5.598572776241988
mcq,143,0,3,0.44519643374368156,5.563380523720716
mcq,143,0,4,0.4463126971653226,5.565945776995951
mcq,143,0,5,0.4521575910446027,5.644855193755822
mcq,143,0,6,0.4435599391845805,5.525804835334216
mcq,143,0,7,0.45835891424366054,5.710224879355473
mcq,143,1,2,0.4443099596998728,5.552619897883417
mcq,143,1,3,0.4406219205997943,5.492038363712073
mcq,143,1,4,0.4416657352971414,5.50221106566256
mcq,143,1,5,0.44313665099079513,5.515566362014117
mcq,143,1,6,0.43766728660488596,5.448857020200648
mcq,143,1,7,0.45655758747638064,5.7079707551798915
mcq,143,2,3,0.4451655631105345,5.552962458298575
mcq,143,2,4,0.44131627853267086,5.487184444756472
mcq,143,2,5,0.4486267678606491,5.594228467267342
mcq,143,2,6,0.4404823151618343,5.490265189542632
mcq,143,2,7,0.4590597046239744,5.738286184574178
mcq,143,3,4,0.438034187047535,5.451117970714132
mcq,143,3,5,0.44494192616442196,5.555605356151749
mcq,143,3,6,0.43810912369495403,5.448301005086157
mcq,143,3,7,0.4558732768680147,5.68105673643519
mcq,143,4,5,0.44547687149584925,5.559903212503109
mcq,143,4,6,0.4378038185976265,5.436719222072379
mcq,143,4,7,0.45290992622823606,5.64346947270931
mcq,143,5,6,0.4419073158981887,5.499813627941873
mcq,143,5,7,0.459270374686763,5.7162746394655874
mcq,143,6,7,0.45161753885390293,5.635777968495264
mcq,144,0,1,0.44773551349641305,5.580891307255992
mcq,144,0,2,0.4488987253639602,5.598573125196736
mcq,144,0,3,0.4451963931590776,5.563380016556736
mcq,144,0,4,0.44631267994678686,5.565945562264359
mcq,144,0,5,0.452157591951876,5.644855205082463
mcq,144,0,6,0.44355991662342226,5.525804554270607
mcq,144,0,7,0.4583589314981672,5.710225094311722
mcq,144,1,2,0.44430990509222246,5.552619215441983
mcq,144,1,3,0.4406217247867561,5.492035923042038
mcq,144,1,4,0.44166565197189267,5.502210027608056
mcq,144,1,5,0.44313659136982547,5.515565619932834
mcq,144,1,6,0.4376672524639261,5.448856595153552
mcq,144,1,7,0.4565575623642594,5.707970441223321
mcq,144,2,3,0.44516547637424386,5.552961376356472
mcq,144,2,4,0.441316204838403,5.4871835284656845
mcq,144,2,5,0.4486267793916702,5.59422861105539
mcq,144,2,6,0.44048230652674686,5.490265081913067
mcq,144,2,7,0.45905978759189625,5.738287221680408
mcq,144,3,4,0.4380340801920506,5.451116640950683
mcq,144,3,5,0.44494193173297175,5.555605425681418
mcq,144,3,6,0.43810909870223635,5.4483006942780925
mcq,144,3,7,0.45587321037435,5.681055907796397
mcq,144,4,5,0.4454768243119126,5.559902623610311
mcq,144,4,6,0.4378037314304131,5.436718139615707
mcq,144,4,7,0.4529098387128748,5.6434683822269855
mcq,144,5,6,0.44190727524699863,5.499813122012323
mcq,144,5,7,0.4592703353768866,5.716274150198128
mcq,144,6,7,0.45161749064029877,5.635777366833139
mcq,145,0,1,0.44773547434431044,5.580890819236564
mcq,145,0,2,0.4488987475390249,5.59857340175961
mcq,145,0,3,0.445196353471601,5.563379520603674
mcq,145,0,4,0.4463126572622976,5.565945279367103
mcq,145,0,5,0.45215758881478474,5.644855165918184
mcq,145,0,6,0.44355989450253563,5.5258042786918375
mcq,145,0,7,0.45835894800253296,5.710225299922734
mcq,145,1,2,0.44430984171132304,5.55261842335971
mcq,145,1,3,0.4406215231322507,5.492033409562277
mcq,145,1,4,0.4416655586225336,5.502208864674563
mcq,145,1,5,0.4431365336349475,5.515564901327071
mcq,145,1,6,0.4376672132627996,5.448856107108547
mcq,145,1,7,0.4565575342243695,5.707970089413007
mcq,145,2,3,0.44516539090191143,5.55296031018089
mcq,145,2,4,0.4413161287681953,5.487182582633227
mcq,145,2,5,0.4486267972824594,5.594228834147655
mcq,145,2,6,0.4404822962015833,5.490264953218035
mcq,145,2,7,0.4590598653922132,5.738288194191129
mcq,145,3,4,0.43803397197277816,5.451115294215569
mcq,145,3,5,0.4449419367551992,5.555605488389633
mcq,145,3,6,0.4381090710579559,5.448300350495339
mcq,145,3,7,0.45587314587230016,5.681055103976951
mcq,145,4,5,0.44547677390469986,5.559901994488483
mcq,145,4,6,0.4378036438098617,5.436717051529409
mcq,145,4,7,0.4529097465173308,5.643467233427394
mcq,145,5,6,0.4419072295597729,5.499812553406153
mcq,145,5,7,0.4592702946521576,5.71627364332081
mcq,145,6,7,0.45161744627901534,5.6357768132444885
mcq,146,0,1,0.4477354392807306,5.580890382179368
mcq,146,0,2,0.44889876843044124,5.598573662313083
mcq,146,0,3,0.4451963178309341,5.563379075221418
mcq,146,0,4,0.44631263918285424,5.56594505389917
mcq,146,0,5,0.4521575842913153,5.6448551094459924
mcq,146,0,6,0.44355987581700407,5.525804045910219
mcq,146,0,7,0.4583589645951135,5.710225506632723
mcq,146,1,2,0.44430977730337595,5.552617618442239
mcq,146,1,3,0.4406213319762067,5.492031026938358
mcq,146,1,4,0.4416654698013368,5.502207758152293
mcq,146,1,5,0.4431364767661376,5.515564193500954
mcq,146,1,6,0.43766717368180813,5.44885561433431
mcq,146,1,7,0.45655750672538764,5.707969745615448
mcq,146,2,3,0.4451653125508171,5.552959332835108
mcq,146,2,4,0.4413160603431926,5.487181731858785
mcq,146,2,5,0.4486268129187308,5.594229029126825
mcq,146,2,6,0.4404822881919691,5.4902648533845015
mcq,146,2,7,0.4590599370277541,5.738289089641612
mcq,146,3,4,0.4380338738202212,5.451114072755731
mcq,146,3,5,0.44494194222546773,5.555605556692149
mcq,146,3,6,0.4381090492976655,5.448300079885562
mcq,146,3,7,0.4558730888506306,5.681054393377413
mcq,146,4,5,0.4454767288507706,5.55990143217986
mcq,146,4,6,0.43780356688258953,5.436716096233997
mcq,146,4,7,0.4529096630437843,5.643466193307971
mcq,146,5,6,0.44190718920139554,5.499812051120841
mcq,146,5,7,0.4592702573088092,5.716273178529596
mcq,146,6,7,0.45161740667354683,5.635776319004102
mcq,147,0,1,0.44773541180112797,5.580890039654214
mcq,147,0,2,0.4488987914923756,5.598573949936813
mcq,147,0,3,0.4451962802145817,5.563378605150082
mcq,147,0,4,0.4463126232925848,5.565944855732327
mcq,147,0,5,0.4521575769517613,5.644855017817055
mcq,147,0,6,0.44355984526849235,5.5258036653413285
mcq,147,0,7,0.4583589819752448,5.710225723154001
mcq,147,1,2,0.4443097205588618,5.5526169092960425
mcq,147,1,3,0.4406211308012929,5.4920285194363645
mcq,147,1,4,0.4416653842847263,5.502206692798105
mcq,147,1,5,0.4431364105485211,5.515563369313523
mcq,147,1,6,0.43766714403628154,5.448855245254324
mcq,147,1,7,0.45655746998761615,5.707969286312764
mcq,147,2,3,0.44516522188116747,5.552958201828575
mcq,147,2,4,0.4413159950363347,5.487180919854351
mcq,147,2,5,0.4486268144899876,5.594229048719881
mcq,147,2,6,0.44048227486833497,5.490264687315894
mcq,147,2,7,0.4590600052399705,5.738289942300242
mcq,147,3,4,0.4380337814896343,5.45111292374742
mcq,147,3,5,0.4449419445221482,5.555605585368814
mcq,147,3,6,0.43810902354786635,5.448299759662474
mcq,147,3,7,0.4558730328991878,5.681053696114956
mcq,147,4,5,0.44547668865622897,5.559900930520233
mcq,147,4,6,0.43780348627052895,5.436715095180282
mcq,147,4,7,0.45290958094321204,5.643465170296447
mcq,147,5,6,0.441907146552729,5.499811520331445
mcq,147,5,7,0.45927021369206367,5.716272635657009
mcq,147,6,7,0.45161736815377956,5.635775838312284
mcq,148,0,1,0.4477353627835411,5.580889428664431
mcq,148,0,2,0.44889879706973795,5.598574019496536
mcq,148,0,3,0.44519622104546835,5.563377865745478
mcq,148,0,4,0.44631259788312305,5.565944538852061
mcq,148,0,5,0.4521575603544886,5.644854810612305
mcq,148,0,6,0.4435598039697732,5.525803150847927
mcq,148,0,7,0.4583589852986974,5.7102257645574985
mcq,148,1,2,0.4443096635232867,5.552616196512405
mcq,148,1,3,0.44062091927554325,5.4920258829185755
mcq,148,1,4,0.4416652962936149,5.502205596616926
mcq,148,1,5,0.4431363472245563,5.515562581142359
mcq,148,1,6,0.43766710186576446,5.44885472024109
mcq,148,1,7,0.45655742270407007,5.707968695164778
mcq,148,2,3,0.4451651271958287,5.55295702073063
mcq,148,2,4,0.44131592574837103,5.487180058350131
mcq,148,2,5,0.44862681250903563,5.594229024018061
mcq,148,2,6,0.44048225563392535,5.490264447574124
mcq,148,2,7,0.4590600685650735,5.738290733869531
mcq,148,3,4,0.4380336698548808,5.45111153450834
mcq,148,3,5,0.4449419369215739,5.55560549046701
mcq,148,3,6,0.43810897790922715,5.448299192102863
mcq,148,3,7,0.4558729533393728,5.681052704646831
mcq,148,4,5,0.44547663981382,5.559900320928391
mcq,148,4,6,0.43780339744299607,5.436713992105491
mcq,148,4,7,0.45290948881853976,5.643464022379951
mcq,148,5,6,0.44190709531051675,5.499810882589984
mcq,148,5,7,0.45927015824534784,5.716271945543574
mcq,148,6,7,0.45161731162827035,5.635775132925111
mcq,149,0,1,0.44773530376525256,5.580888693018847
mcq,149,0,2,0.44889880107727836,5.598574069477761
mcq,149,0,3,0.4451961634634088,5.5633771461734325
mcq,149,0,4,0.4463125696012501,5.565944186150082
mcq,149,0,5,0.45215752155366273,5.644854326212512
mcq,149,0,6,0.443559766823619,5.525802688086571
mcq,149,0,7,0.45835898329849173,5.7102257396389815
mcq,149,1,2,0.44430960091345,5.552615414066238
mcq,149,1,3,0.4406207103654087,5.492023279002565
mcq,149,1,4,0.4416652021292472,5.502204423530166
mcq,149,1,5,0.44313626388634975,5.515561543860952
mcq,149,1,6,0.43766705036134274,5.4488540790228885
mcq,149,1,7,0.45655737730180324,5.707968127536907
mcq,149,2,3,0.44516503731422574,5.552955899554132
mcq,149,2,4,0.44131586028496644,5.487179244399247
mcq,149,2,5,0.44862680704771735,5.594228955917215
mcq,149,2,6,0.4404822380752864,5.490264228719517
mcq,149,2,7,0.45906012892801584,5.738291488411554
mcq,149,3,4,0.43803356317576686,5.451110206939735
mcq,149,3,5,0.44494192428474694,5.555605332681871
mcq,149,3,6,0.43810893432239506,5.448298650059413
mcq,149,3,7,0.45587287932604353,5.6810517822985735
mcq,149,4,5,0.44547658257900896,5.559899606592743
mcq,149,4,6,0.4378033150937341,5.436712969478926
mcq,149,4,7,0.4529093968775616,5.643462876752369
mcq,149,5,6,0.44190702100249557,5.4998099577800685
mcq,149,5,7,0.45927009287337406,5.716271131896153
mcq,149,6,7,0.45161726034619754,5.635774492971275
mcq,150,0,1,0.4477352532308814,5.580888063122794
mcq,150,0,2,0.4488988084427934,5.598574161338958
mcq,150,0,3,0.4451961133431853,5.563376519847941
mcq,150,0,4,0.44631254644003254,5.565943897307569
mcq,150,0,5,0.4521574859141683,5.6448538812796185
mcq,150,0,6,0.44355973661727094,5.525802311780306
mcq,150,0,7,0.45835898388674784,5.710225746967462
mcq,150,1,2,0.4443095344130249,5.552614582998701
mcq,150,1,3,0.4406205128651282,5.492020817302258
mcq,150,1,4,0.4416651118676753,5.502203299063902
mcq,150,1,5,0.4431361839231142,5.515560548586625
mcq,150,1,6,0.4376669974011508,5.448853419680685
mcq,150,1,7,0.4565573337023764,5.707967582448489
mcq,150,2,3,0.4451649544541931,5.552954865964185
mcq,150,2,4,0.4413158011119531,5.487178508661061
mcq,150,2,5,0.44862680182593834,5.594228890803345
mcq,150,2,6,0.44048222418724303,5.4902640556159925
mcq,150,2,7,0.4590601848226952,5.738292187099901
mcq,150,3,4,0.43803346768261603,5.451109018574885
mcq,150,3,5,0.44494191382904874,5.555605202130603
mcq,150,3,6,0.43810889856916363,5.44829820543419
mcq,150,3,7,0.45587281340207303,5.681050960759265
mcq,150,4,5,0.4454765318855661,5.559898973898536
mcq,150,4,6,0.43780324406998267,5.436712087494397
mcq,150,4,7,0.4529093137818047,5.643461841340381
mcq,150,5,6,0.4419069544554595,5.499809129560479
mcq,150,5,7,0.4592700332199585,5.716270389424343
mcq,150,6,7,0.45161721447686576,5.635773920563547
mcq,151,0,1,0.44773521903976105,5.580887636940549
mcq,151,0,2,0.4488988177976164,5.598574278010399
mcq,151,0,3,0.4451960661777457,5.563375930446795
mcq,151,0,4,0.4463125288005401,5.565943677326245
mcq,151,0,5,0.4521574552089231,5.644853497947199
mcq,151,0,6,0.44355969702777776,5.525801818580192
mcq,151,0,7,0.45835898786661217,5.710225796548522
mcq,151,1,2,0.4443094712233819,5.552613793306592
mcq,151,1,3,0.4406203043681963,5.492018218536525
mcq,151,1,4,0.4416650349031727,5.5022023402507
mcq,151,1,5,0.4431360976043243,5.515559474206944
mcq,151,1,6,0.43766696055034443,5.448852960896624
mcq,151,1,7,0.4565572959023796,5.70796710986566
mcq,151,2,3,0.4451648554011669,5.55295363038403
mcq,151,2,4,0.4413157429741799,5.487177785794716
mcq,151,2,5,0.44862678165213904,5.594228639242693
mcq,151,2,6,0.44048220730777,5.490263845226654
mcq,151,2,7,0.4590602440388336,5.738292927306775
mcq,151,3,4,0.43803337772773826,5.451107899131094
mcq,151,3,5,0.44494190123498406,5.5556050448794
mcq,151,3,6,0.43810885736657446,5.448297693041053
mcq,151,3,7,0.4558727507276681,5.681050179715785
mcq,151,4,5,0.44547648288981184,5.559898362392825
mcq,151,4,6,0.43780317451780154,5.436711223784068
mcq,151,4,7,0.4529092299905419,5.643460797262064
mcq,151,5,6,0.44190689135296146,5.499808344210325
mcq,151,5,7,0.4592699741480577,5.716269654190313
mcq,151,6,7,0.45161716816107667,5.635773342584435
mcq,152,0,1,0.447735169643269,5.580887021227824
mcq,152,0,2,0.44889881460134107,5.598574238147106
mcq,152,0,3,0.4451960022618245,5.563375131723885
mcq,152,0,4,0.44631249780078386,5.565943290729664
mcq,152,0,5,0.4521574216119443,5.644853078513613
mcq,152,0,6,0.44355965392314545,5.525801281588988
mcq,152,0,7,0.45835898164778255,5.710225719074485
mcq,152,1,2,0.44430941010151176,5.552613029455806
mcq,152,1,3,0.44062008827255,5.492015525058228
mcq,152,1,4,0.4416649508989547,5.50220129373769
mcq,152,1,5,0.443136011109254,5.5155583976331615
mcq,152,1,6,0.4376669161099438,5.4488524076238605
mcq,152,1,7,0.45655725608659925,5.707966612081117
mcq,152,2,3,0.4451647497825899,5.552952312905677
mcq,152,2,4,0.4413156715727872,5.487176898012801
mcq,152,2,5,0.4486267666135113,5.594228451715944
mcq,152,2,6,0.440482188368021,5.490263609157597
mcq,152,2,7,0.4590603062193178,5.738293704568229
mcq,152,3,4,0.4380332581147617,5.4511064106069895
mcq,152,3,5,0.4449418834471064,5.555604822777542
mcq,152,3,6,0.43810880257963614,5.448297011713697
mcq,152,3,7,0.45587267224259315,5.681049201640986
mcq,152,4,5,0.44547642426340733,5.55989763068899
mcq,152,4,6,0.43780308922847216,5.436710164647265
mcq,152,4,7,0.45290913188177845,5.643459574780993
mcq,152,5,6,0.44190682245903845,5.499807486782255
mcq,152,5,7,0.45926991530547606,5.716268921810487
mcq,152,6,7,0.45161710901785895,5.635772604530629
mcq,153,0,1,0.44773510975877195,5.580886274785206
mcq,153,0,2,0.44889880572836693,5.598574127485186
mcq,153,0,3,0.4451959410863222,5.563374367246516
mcq,153,0,4,0.44631246017981874,5.565942821560283
mcq,153,0,5,0.45215737367546516,5.644852480061903
mcq,153,0,6,0.4435596196240741,5.5258008542961745
mcq,153,0,7,0.45835897667412784,5.710225657112808
mcq,153,1,2,0.4443093429639548,5.552612190425919
mcq,153,1,3,0.44061986972809114,5.492012801057228
mcq,153,1,4,0.44166485797655214,5.502200136123163
mcq,153,1,5,0.4431359046324784,5.515557072354107
mcq,153,1,6,0.4376668567280328,5.448851668332731
mcq,153,1,7,0.4565572139420195,5.707966085181477
mcq,153,2,3,0.44516464743447653,5.552951036222846
mcq,153,2,4,0.4413155999326438,5.487176007262335
mcq,153,2,5,0.4486267556472916,5.594228314970786
mcq,153,2,6,0.44048217264546013,5.490263413188257
mcq,153,2,7,0.4590603666895027,5.738294460450793
mcq,153,3,4,0.43803314169840785,5.451104961863268
mcq,153,3,5,0.4449418618249314,5.555604552800126
mcq,153,3,6,0.43810875256423315,5.4482963897248915
mcq,153,3,7,0.45587259696594706,5.681048263549374
mcq,153,4,5,0.44547634929587515,5.559896695034976
mcq,153,4,6,0.43780301639979186,5.436709260248835
mcq,153,4,7,0.4529090321757309,5.6434583323970156
mcq,153,5,6,0.44190672422075206,5.499806264145184
mcq,153,5,7,0.45926982766869767,5.716267831045828
mcq,153,6,7,0.45161705402369534,5.635771918253262
mcq,154,0,1,0.44773505669107677,5.580885613312015
mcq,154,0,2,0.44889880080525923,5.5985740660851935
mcq,154,0,3,0.44519588688095735,5.563373689871209
mcq,154,0,4,0.44631242923932923,5.565942435702816
mcq,154,0,5,0.45215732993750163,5.644851934025576
mcq,154,0,6,0.44355959199475675,5.525800510094181
mcq,154,0,7,0.45835897425811895,5.710225627014224
mcq,154,1,2,0.4443092748835301,5.55261133961285
mcq,154,1,3,0.440619662299894,5.492010215612512
mcq,154,1,4,0.44166476921321707,5.502199030321726
mcq,154,1,5,0.443135802077612,5.5155557958896795
mcq,154,1,6,0.4376667988588916,5.448850947875238
mcq,154,1,7,0.4565571731563652,5.707965575271383
mcq,154,2,3,0.44516455374428554,5.5529498675383016
mcq,154,2,4,0.44131553514796745,5.487175201750539
mcq,154,2,5,0.4486267451340903,5.594228183874618
mcq,154,2,6,0.44048216045476973,5.490263261240901
mcq,154,2,7,0.45906042281028253,5.738295161965416
mcq,154,3,4,0.43803303692493595,5.451103658009431
mcq,154,3,5,0.4449418430125991,5.555604317906789
mcq,154,3,6,0.43810871093772097,5.448295872059872
mcq,154,3,7,0.4558725296707514,5.681047424921966
mcq,154,4,5,0.445476282196953,5.55989585758743
mcq,154,4,6,0.4378029545206723,5.436708491823837
mcq,154,4,7,0.45290894191468395,5.643457207702162
mcq,154,5,6,0.4419066363702667,5.499805170790811
mcq,154,5,7,0.45926974732335,5.71626683103342
mcq,154,6,7,0.45161700464734,5.635771302081055
mcq,155,0,1,0.4477350227872918,5.580885190711321
mcq,155,0,2,0.44889879895803453,5.598574043046985
mcq,155,0,3,0.4451958357327141,5.5633730506991075
mcq,155,0,4,0.44631240661211463,5.5659421535198295
mcq,155,0,5,0.45215729125303206,5.644851451078406
mcq,155,0,6,0.44355955787187035,5.525800084996254
mcq,155,0,7,0.458358977721841,5.710225670165194
mcq,155,1,2,0.4443092021129772,5.552610430186421
mcq,155,1,3,0.4406194470712553,5.492007532940849
mcq,155,1,4,0.44166469642960315,5.502198123593461
mcq,155,1,5,0.4431356973504505,5.515554492387458
mcq,155,1,6,0.43766675214672834,5.448850366319553
mcq,155,1,7,0.4565571348940686,5.707965096908794
mcq,155,2,3,0.44516444995402066,5.552948572866179
mcq,155,2,4,0.44131546843832,5.487174372304271
mcq,155,2,5,0.4486267164547746,5.594227826252969
mcq,155,2,6,0.4404821432572551,5.490263046887423
mcq,155,2,7,0.4590604758785895,5.7382958253238625
mcq,155,3,4,0.43803293920425046,5.451102441924019
mcq,155,3,5,0.44494182943860416,5.555604148420043
mcq,155,3,6,0.4381086693665172,5.4482953550826645
mcq,155,3,7,0.4558724626235593,5.681046589385158
mcq,155,4,5,0.4454762211794641,5.559895096040975
mcq,155,4,6,0.43780288920181154,5.436707680683571
mcq,155,4,7,0.452908855332626,5.643456128849231
mcq,155,5,6,0.44190655935562617,5.49980421229532
mcq,155,5,7,0.459269668910103,5.71626585506876
mcq,155,6,7,0.45161695760416803,5.635770715024864
mcq,156,0,1,0.4477349730355206,5.580884570570146
mcq,156,0,2,0.4488987832917345,5.598573847660094
mcq,156,0,3,0.4451957696888803,5.563372225384818
mcq,156,0,4,0.446312372900495,5.565941733103722
mcq,156,0,5,0.4521572486993182,5.644850919826565
mcq,156,0,6,0.4435595151022969,5.525799552179165
mcq,156,0,7,0.4583589627236602,5.710225483318201
mcq,156,1,2,0.4443091330344141,5.55260956689944
mcq,156,1,3,0.4406192281047738,5.492004803679637
mcq,156,1,4,0.441664617943434,5.502197145823546
mcq,156,1,5,0.4431355964935094,5.515553237056511
mcq,156,1,6,0.43766670166759625,5.448849737865972
mcq,156,1,7,0.4565570833721374,5.707964452771702
mcq,156,2,3,0.4451643417015405,5.552947222532712
mcq,156,2,4,0.4413153921698293,5.487173424006427
mcq,156,2,5,0.4486266949130031,5.594227557634153
mcq,156,2,6,0.44048212200094916,5.490262781944309
mcq,156,2,7,0.45906051903120293,5.738296364735279
mcq,156,3,4,0.4380328198451402,5.451100956559154
mcq,156,3,5,0.44494180891447527,5.5556038921529804
mcq,156,3,6,0.438108614729282,5.448294675617007
mcq,156,3,7,0.45587235845093455,5.681045291194144
mcq,156,4,5,0.4454761538663163,5.5598942559197235
mcq,156,4,6,0.4378028072449317,5.43670666292967
mcq,156,4,7,0.45290875140032155,5.6434548338041175
mcq,156,5,6,0.44190648270995875,5.499803258391931
mcq,156,5,7,0.4592695703161481,5.7162646279264155
mcq,156,6,7,0.45161688526295135,5.635769812271981
mcq,157,0,1,0.4477349194664648,5.580883902847642
mcq,157,0,2,0.44889877009220025,5.598573683038201
mcq,157,0,3,0.4451957078250055,5.563371452305228
mcq,157,0,4,0.44631234048996304,5.5659413289134205
mcq,157,0,5,0.45215718753615475,5.644850156249423
mcq,157,0,6,0.44355948106586107,5.525799128158226
mcq,157,0,7,0.4583589499219346,5.710225323834596
mcq,157,1,2,0.4443090628535537,5.552608689836854
mcq,157,1,3,0.4406190133696286,5.49200212715902
mcq,157,1,4,0.4416645346412206,5.502196108056014
mcq,157,1,5,0.44313548310104756,5.515551825700337
mcq,157,1,6,0.43766664719422216,5.448849059684998
mcq,157,1,7,0.45655703204980996,5.707963811130095
mcq,157,2,3,0.4451642372921824,5.552945920138066
mcq,157,2,4,0.4413153182533861,5.4871725049531825
mcq,157,2,5,0.44862667533536915,5.594227313507487
mcq,157,2,6,0.44048210378839703,5.490262554939188
mcq,157,2,7,0.4590605608573481,5.738296887565727
mcq,157,3,4,0.43803270616134077,5.4510995418207155
mcq,157,3,5,0.44494178328146566,5.555603572095739
mcq,157,3,6,0.4381085666008906,5.4482940770949755
mcq,157,3,7,0.45587226082345084,5.68104407456816
mcq,157,4,5,0.4454760697664907,5.559893206287474
mcq,157,4,6,0.4378027321181652,5.436705729993232
mcq,157,4,7,0.45290864990466617,5.64345356912079
mcq,157,5,6,0.44190638085948114,5.4998019907988756
mcq,157,5,7,0.4592694435784282,5.716263050494789
mcq,157,6,7,0.4516168187505572,5.635768982257526
mcq,158,0,1,0.44773487363444364,5.580883331564997
mcq,158,0,2,0.4488987611059491,5.598573570963515
mcq,158,0,3,0.44519565331398997,5.563370771110368
mcq,158,0,4,0.4463123131784057,5.565940988312205
mcq,158,0,5,0.4521571316381716,5.644849458404188
mcq,158,0,6,0.4435594526119571,5.525798773683653
mcq,158,0,7,0.4583589396914653,5.710225196383643
mcq,158,1,2,0.44430899420267267,5.552607831894691
mcq,158,1,3,0.44061881149326365,5.491999610913936
mcq,158,1,4,0.4416644562178568,5.502195131068519
mcq,158,1,5,0.44313537796581914,5.51555051711905
mcq,158,1,6,0.4376665965599216,5.4488484292996056
mcq,158,1,7,0.45655698419882146,5.707963212887835
mcq,158,2,3,0.44516414315630903,5.552944745894113
mcq,158,2,4,0.44131525215220013,5.48717168307233
mcq,158,2,5,0.44862665800903245,5.594227097453758
mcq,158,2,6,0.4404820897642822,5.490262380139641
mcq,158,2,7,0.45906060066402166,5.738297385152604
mcq,158,3,4,0.43803260383173204,5.451098268379542
mcq,158,3,5,0.4449417620224707,5.5556033066530395
mcq,158,3,6,0.43810852675989936,5.448293581634596
mcq,158,3,7,0.45587217429737903,5.681042996287093
mcq,158,4,5,0.4454759940985647,5.559892261891992
mcq,158,4,6,0.4378026657037931,5.436704905248727
mcq,158,4,7,0.45290855782915945,5.643452421816919
mcq,158,5,6,0.44190629014151867,5.499800861756952
mcq,158,5,7,0.4592693283264783,5.716261616019947
mcq,158,6,7,0.4516167590295728,5.635768236993715
mcq,159,0,1,0.4477348486358514,5.580883019964907
mcq,159,0,2,0.4488987539563311,5.59857348179494
mcq,159,0,3,0.44519560604531583,5.563370180419156
mcq,159,0,4,0.44631229105042325,5.565940712355121
mcq,159,0,5,0.4521570761045378,5.644848765107587
mcq,159,0,6,0.4435594173688774,5.5257983346305215
mcq,159,0,7,0.45835893537698524,5.7102251426339485
mcq,159,1,2,0.4443089248293847,5.552606964924481
mcq,159,1,3,0.440618613062502,5.4919971376158445
mcq,159,1,4,0.4416643861745796,5.502194258478992
mcq,159,1,5,0.4431352669242673,5.515549135023828
mcq,159,1,6,0.4376665511335676,5.448847863751951
mcq,159,1,7,0.4565569417618626,5.707962682332815
mcq,159,2,3,0.4451640340517308,5.552943384931637
mcq,159,2,4,0.4413151828914936,5.487170821907016
mcq,159,2,5,0.4486266228249437,5.594226658719726
mcq,159,2,6,0.44048206975161475,5.4902621306975
mcq,159,2,7,0.4590606401347611,5.738297878540276
mcq,159,3,4,0.43803250958712014,5.45109709555214
mcq,159,3,5,0.4449417366060391,5.55560298930002
mcq,159,3,6,0.43810848694809557,5.44829308653719
mcq,159,3,7,0.45587209491321845,5.68104200700796
mcq,159,4,5,0.4454759205163797,5.559891343528205
mcq,159,4,6,0.4378025989474755,5.436704076257887
mcq,159,4,7,0.45290846579924093,5.643451275081098
mcq,159,5,6,0.4419062016413752,5.499799760317175
mcq,159,5,7,0.45926921837048407,5.7162602474608235
mcq,159,6,7,0.4516167014641065,5.635767518628818
mcq,160,0,1,0.44773480184852893,5.580882436774712
mcq,160,0,2,0.44889872538214337,5.5985731254235125
mcq,160,0,3,0.44519553608286433,5.563369306136007
mcq,160,0,4,0.4463122571643122,5.565940289762939
mcq,160,0,5,0.45215701260042,5.644847972305351
mcq,160,0,6,0.4435593687472893,5.52579772890989
mcq,160,0,7,0.45835889295072757,5.710224614088601
mcq,160,1,2,0.4443088567734972,5.552606114418056
mcq,160,1,3,0.44061841203446583,5.491994631944576
mcq,160,1,4,0.44166431174224485,5.50219333121119
mcq,160,1,5,0.44313517367825545,5.515547974423446
mcq,160,1,6,0.43766650284567465,5.448847262578793
mcq,160,1,7,0.45655688318142695,5.707961949948944
mcq,160,2,3,0.4451639154272329,5.5529419052183835
mcq,160,2,4,0.4413151065998809,5.48716987332168
mcq,160,2,5,0.4486265964323697,5.5942263296129955
mcq,160,2,6,0.4404820465137325,5.490261841055598
mcq,160,2,7,0.45906066855238103,5.738298233762993
mcq,160,3,4,0.43803239848645303,5.4510957129595
mcq,160,3,5,0.44494170542531947,5.555602599973318
mcq,160,3,6,0.43810843882714806,5.44829248810773
mcq,160,3,7,0.4558719847619214,5.681040634311205
mcq,160,4,5,0.4454758496877743,5.559890459531267
mcq,160,4,6,0.4378025251530375,5.436703159866521
mcq,160,4,7,0.45290836017640984,5.643449958971232
mcq,160,5,6,0.44190612634911786,5.499798823257824
mcq,160,5,7,0.45926910299400525,5.716258811436041
mcq,160,6,7,0.4516166250193264,5.635766564667179
mcq,161,0,1,0.4477347555286002,5.580881859410443
mcq,161,0,2,0.4488987063770663,5.5985728883960775
mcq,161,0,3,0.4451954728366526,5.563368515782097
mcq,161,0,4,0.4463122282293993,5.5659399289169285
mcq,161,0,5,0.4521569484886756,5.644847171917343
mcq,161,0,6,0.44355932658277974,5.525797203630598
mcq,161,0,7,0.45835885865742015,5.7102241868633605
mcq,161,1,2,0.4443087851099992,5.552605218826687
mcq,161,1,3,0.4406182113450354,5.491992130493786
mcq,161,1,4,0.4416642300861357,5.502192313950598
mcq,161,1,5,0.44313507415569214,5.51554673570103
mcq,161,1,6,0.4376664525897606,5.448846636904226
mcq,161,1,7,0.4565568267047963,5.7079612438672465
mcq,161,2,3,0.4451638004192826,5.5529404706176795
mcq,161,2,4,0.44131503263769767,5.487168953699719
mcq,161,2,5,0.4486265683851941,5.594225979873926
mcq,161,2,6,0.44048202549826215,5.490261579114309
mcq,161,2,7,0.45906069739562433,5.73829859430604
mcq,161,3,4,0.4380322925688945,5.451094394868073
mcq,161,3,5,0.4449416740935513,5.555602208760602
mcq,161,3,6,0.43810839309544103,5.448291919390732
mcq,161,3,7,0.4558718836108014,5.6810393737739435
mcq,161,4,5,0.4454757749724884,5.559889527025486
mcq,161,4,6,0.4378024562957564,5.436702304785575
mcq,161,4,7,0.4529082579446827,5.643448685116105
mcq,161,5,6,0.44190604315560983,5.499797787862453
mcq,161,5,7,0.4592689850692195,5.716257343693945
mcq,161,6,7,0.4516165563831866,5.6357657081503
mcq,162,0,1,0.4477347141770619,5.5808813439756975
mcq,162,0,2,0.4488986913031581,5.598572700397376
mcq,162,0,3,0.4451954168035619,5.563367815566681
mcq,162,0,4,0.4463122037487119,5.565939623619365
mcq,162,0,5,0.4521568894483481,5.644846434842248
mcq,162,0,6,0.44355929013470974,5.525796749565874
mcq,162,0,7,0.45835882966539304,5.710223825681349
mcq,162,1,2,0.4443087133149586,5.552604321591407
mcq,162,1,3,0.4406180223699068,5.491989775053425
mcq,162,1,4,0.44166415033443235,5.502191320414831
mcq,162,1,5,0.4431349809490004,5.515545575590052
mcq,162,1,6,0.43766640549112545,5.448846050537055
mcq,162,1,7,0.45655677342263856,5.707960577723464
mcq,162,2,3,0.4451636952779915,5.552939159092955
mcq,162,2,4,0.4413149660964208,5.487168126346917
mcq,162,2,5,0.4486265427181614,5.594225659814457
mcq,162,2,6,0.4404820087073116,5.490261369828333
mcq,162,2,7,0.45906072517365626,5.738298941533852
mcq,162,3,4,0.43803219774276625,5.451093214803989
mcq,162,3,5,0.4449416471397761,5.555601872212102
mcq,162,3,6,0.4381083560122897,5.448291458226699
mcq,162,3,7,0.4558717939918348,5.681038256949467
mcq,162,4,5,0.44547570773150114,5.559888687804854
mcq,162,4,6,0.437802395792856,5.43670155345069
mcq,162,4,7,0.4529081657656056,5.643447536521699
mcq,162,5,6,0.4419059705787521,5.499796884597951
mcq,162,5,7,0.45926887770036895,5.716256007335514
mcq,162,6,7,0.45161649518706715,5.63576494447814
mcq,163,0,1,0.4477346911131024,5.5808810564902345
mcq,163,0,2,0.44889867380167103,5.598572482122408
mcq,163,0,3,0.4451953617597116,5.563367127713272
mcq,163,0,4,0.44631218419946855,5.565939379821622
mcq,163,0,5,0.4521568387288382,5.644845801646445
mcq,163,0,6,0.4435592442685947,5.525796178172523
mcq,163,0,7,0.45835880164446624,5.7102234765972835
mcq,163,1,2,0.44430862634266716,5.552603234683349
mcq,163,1,3,0.4406178253770021,5.491987319677195
mcq,163,1,4,0.44166408386713507,5.502190492374372
mcq,163,1,5,0.44313488803187956,5.515544419083262
mcq,163,1,6,0.43766636855543367,5.44884559069619
mcq,163,1,7,0.45655672421786186,5.707959962555884
mcq,163,2,3,0.44516357326183054,5.552937637072347
mcq,163,2,4,0.44131488928248325,5.487167171267163
mcq,163,2,5,0.4486265054273778,5.594225194810632
mcq,163,2,6,0.44048198209955614,5.490261038183614
mcq,163,2,7,0.459060751699682,5.738299273111479
mcq,163,3,4,0.4380321090869765,5.4510921115267035
mcq,163,3,5,0.44494161941013954,5.555601525976091
mcq,163,3,6,0.43810831584725524,5.448290958736536
mcq,163,3,7,0.4558717085435887,5.68103719210018
mcq,163,4,5,0.4454756483669164,5.559887946887948
mcq,163,4,6,0.4378023328405226,5.436700771698346
mcq,163,4,7,0.4529080737237424,5.643446389637043
mcq,163,5,6,0.4419059041241137,5.499796057528308
mcq,163,5,7,0.45926878226822176,5.716254819546376
mcq,163,6,7,0.45161643665311596,5.635764214027429
mcq,164,0,1,0.44773465642879057,5.580880624160503
mcq,164,0,2,0.44889865038096227,5.598572190024116
mcq,164,0,3,0.44519528861671276,5.5633662136845325
mcq,164,0,4,0.44631216278676233,5.565939112784716
mcq,164,0,5,0.4521567816597679,5.644845089181048
mcq,164,0,6,0.443559188895985,5.525795488348651
mcq,164,0,7,0.45835875394186165,5.710222882319325
mcq,164,1,2,0.44430854731009534,5.552602246999365
mcq,164,1,3,0.44061761905405245,5.491984748008601
mcq,164,1,4,0.44166401472047556,5.502189630954785
mcq,164,1,5,0.44313480300440167,5.515543360776087
mcq,164,1,6,0.43766633004258904,5.448845111220136
mcq,164,1,7,0.45655667388148113,5.707959333240772
mcq,164,2,3,0.44516345031529697,5.552936103446339
mcq,164,2,4,0.4413148113648192,5.487166202464028
mcq,164,2,5,0.4486264807338785,5.594224886890805
mcq,164,2,6,0.44048195518727873,5.490260702743269
mcq,164,2,7,0.45906078084574004,5.738299637439736
mcq,164,3,4,0.43803200209505033,5.451090780065305
mcq,164,3,5,0.4449415851190399,5.555601097812762
mcq,164,3,6,0.4381082600881971,5.44829026531995
mcq,164,3,7,0.45587160323511267,5.681035879754276
mcq,164,4,5,0.44547558895400585,5.559887205367898
mcq,164,4,6,0.43780225886148255,5.436699853014561
mcq,164,4,7,0.4529079680004765,5.643445072275711
mcq,164,5,6,0.44190583841168385,5.499795239695917
mcq,164,5,7,0.45926867798684584,5.716253521615968
mcq,164,6,7,0.45161636319950194,5.635763297392834
mcq,165,0,1,0.4477346197041143,5.580880166398231
mcq,165,0,2,0.4488986337342013,5.5985719824091165
mcq,165,0,3,0.44519522165875464,5.563365376946923
mcq,165,0,4,0.4463121438872037,5.565938877089161
mcq,165,0,5,0.4521567171461414,5.644844283775838
mcq,165,0,6,0.443559143828499,5.525794926904503
mcq,165,0,7,0.45835871279387513,5.710222369698649
mcq,165,1,2,0.44430846839514376,5.552601260785303
mcq,165,1,3,0.4406174170803812,5.491982230550666
mcq,165,1,4,0.4416639401206363,5.502188701600234
mcq,165,1,5,0.44313469564536206,5.515542024515803
mcq,165,1,6,0.43766629174066507,5.448844634369995
mcq,165,1,7,0.4565566262565855,5.707958737825169
mcq,165,2,3,0.4451633338728535,5.552934650951873
mcq,165,2,4,0.4413147349021144,5.487165251751388
mcq,165,2,5,0.44862644795265527,5.594224478119717
mcq,165,2,6,0.4404819316311768,5.490260409135009
mcq,165,2,7,0.4590608122964705,5.738300030576599
mcq,165,3,4,0.43803189845088275,5.451089490265099
mcq,165,3,5,0.44494154471836717,5.555600593364471
mcq,165,3,6,0.4381082094177558,5.448289635185124
mcq,165,3,7,0.45587150661514175,5.681034675683837
mcq,165,4,5,0.44547550741459,5.559886187691585
mcq,165,4,6,0.4378021881592481,5.436698975022683
mcq,165,4,7,0.45290786304533703,5.6434437644855935
mcq,165,5,6,0.4419057536528441,5.499794184819011
mcq,165,5,7,0.4592685528937881,5.716251964654507
mcq,165,6,7,0.4516162973161676,5.635762475228475
mcq,166,0,1,0.4477345879231039,5.580879770257296
mcq,166,0,2,0.4488986209160671,5.598571822543968
mcq,166,0,3,0.44519516261065717,5.563364639054589
mcq,166,0,4,0.44631212879104204,5.565938688825602
mcq,166,0,5,0.4521566580993698,5.644843546620293
mcq,166,0,6,0.44355910456133363,5.525794437719901
mcq,166,0,7,0.45835867709436406,5.710221924954957
mcq,166,1,2,0.44430839046208453,5.552600286842122
mcq,166,1,3,0.4406172260723156,5.491979849771193
mcq,166,1,4,0.44166386821360093,5.502187805792264
mcq,166,1,5,0.4431345920871025,5.515540735562492
mcq,166,1,6,0.4376662548766443,5.448844175421417
mcq,166,1,7,0.4565565812181431,5.7079581747459
mcq,166,2,3,0.4451632289651727,5.552933342341187
mcq,166,2,4,0.44131466721641915,5.487164410169257
mcq,166,2,5,0.4486264189167433,5.59422411605143
mcq,166,2,6,0.440481912528217,5.490260171031657
mcq,166,2,7,0.4590608423882025,5.7383004067258625
mcq,166,3,4,0.4380318055374359,5.451088334003385
mcq,166,3,5,0.44494151009776284,5.555600161086901
mcq,166,3,6,0.4381081671781475,5.448289109895675
mcq,166,3,7,0.4558714202044183,5.681033598840233
mcq,166,4,5,0.44547543459676625,5.55988527886763
mcq,166,4,6,0.4378021259543783,5.436698202552464
mcq,166,4,7,0.4529077674290299,5.6434425730616935
mcq,166,5,6,0.4419056779485376,5.499793242631449
mcq,166,5,7,0.45926843891580343,5.716250546035979
mcq,166,6,7,0.4516162383777359,5.6357617397302135
mcq,167,0,1,0.4477345729362695,5.580879583450819
mcq,167,0,2,0.4488986102679464,5.5985716897427835
mcq,167,0,3,0.4451951036324116,5.563363902035157
mcq,167,0,4,0.44631211392298664,5.565938503406745
mcq,167,0,5,0.4521566150260785,5.644843008881909
mcq,167,0,6,0.4435590570821841,5.525793846231602
mcq,167,0,7,0.4583586471548084,5.710221551968656
mcq,167,1,2,0.4443083034345239,5.552599199243353
mcq,167,1,3,0.4406170288929862,5.491977392071312
mcq,167,1,4,0.4416638070184239,5.502187043431154
mcq,167,1,5,0.4431344850857435,5.515539403754133
mcq,167,1,6,0.4376662248548895,5.448843801657477
mcq,167,1,7,0.456556541913027,5.707957683345781
mcq,167,2,3,0.4451631183929664,5.552931963071626
mcq,167,2,4,0.44131459481521756,5.487163509956039
mcq,167,2,5,0.44862638383032005,5.594223678535254
mcq,167,2,6,0.44048188630224056,5.4902598441455135
mcq,167,2,7,0.4590608693796636,5.738300744121471
mcq,167,3,4,0.4380317157152455,5.451087216210824
mcq,167,3,5,0.4449414807497077,5.555599794643096
mcq,167,3,6,0.43810812267451904,5.448288556450995
mcq,167,3,7,0.4558713351201206,5.681032538526442
mcq,167,4,5,0.44547537145918975,5.5598844908608065
mcq,167,4,6,0.4378020598623758,5.436697381811198
mcq,167,4,7,0.45290767283183786,5.643441394336445
mcq,167,5,6,0.44190561185991795,5.4997924201171395
mcq,167,5,7,0.4592683375146486,5.716249283954029
mcq,167,6,7,0.45161618034257467,5.635761015503949
mcq,168,0,1,0.4477345430818172,5.580879211323864
mcq,168,0,2,0.4488985880341615,5.598571412447564
mcq,168,0,3,0.4451950352317786,5.563363047269214
mcq,168,0,4,0.44631208757492224,5.5659381748212065
mcq,168,0,5,0.4521565758891988,5.644842520286732
mcq,168,0,6,0.4435589972924556,5.525793101379911
mcq,168,0,7,0.458358605171054,5.710221028936003
mcq,168,1,2,0.4443082180044856,5.552598131609104
mcq,168,1,3,0.44061683144892544,5.491974931071743
mcq,168,1,4,0.44166373988074403,5.50218620703916
mcq,168,1,5,0.4431343788329532,5.515538081262945
mcq,168,1,6,0.4376661860185067,5.448843318153448
mcq,168,1,7,0.45655649395098147,5.707957083715065
mcq,168,2,3,0.44516300921668495,5.5529306012147295
mcq,168,2,4,0.4413145134015144,5.487162497684279
mcq,168,2,5,0.44862636266445083,5.594223414603816
mcq,168,2,6,0.4404818511508614,5.490259406011253
mcq,168,2,7,0.459060896799029,5.7383010868659206
mcq,168,3,4,0.4380316070244849,5.451085863608273
mcq,168,3,5,0.44494144846940414,5.555599391586839
mcq,168,3,6,0.438108064719685,5.448287835727862
mcq,168,3,7,0.45587123277999625,5.681031263171903
mcq,168,4,5,0.44547530349539416,5.559883642618956
mcq,168,4,6,0.4378019747691266,5.436696325109351
mcq,168,4,7,0.4529075653907609,5.643440055570384
mcq,168,5,6,0.44190554147778,5.499791544167302
mcq,168,5,7,0.4592682334191367,5.716247988336964
mcq,168,6,7,0.45161610510009326,5.6357600765459095
mcq,169,0,1,0.44773450706776663,5.580878762419331
mcq,169,0,2,0.4488985676962607,5.598571158797423
mcq,169,0,3,0.4451949687759924,5.5633622168069765
mcq,169,0,4,0.44631205759624853,5.565937800958501
mcq,169,0,5,0.4521565302690179,5.644841950752303
mcq,169,0,6,0.44355894155106196,5.5257924069617825
mcq,169,0,7,0.4583585695676137,5.710220585389158
mcq,169,1,2,0.4443081331784819,5.55259707152358
mcq,169,1,3,0.4406166375168171,5.49197251384616
mcq,169,1,4,0.4416636635631676,5.5021852562852755
mcq,169,1,5,0.44313427707143527,5.515536814673047
mcq,169,1,6,0.43766614322329545,5.448842785362913
mcq,169,1,7,0.45655644631570863,5.707956488169723
mcq,169,2,3,0.445162906844136,5.552929324227092
mcq,169,2,4,0.4413144343898372,5.487161515278538
mcq,169,2,5,0.4486263502834533,5.594223260216843
mcq,169,2,6,0.4404818199070595,5.490259016581866
mcq,169,2,7,0.45906092515210667,5.738301441281854
mcq,169,3,4,0.438031501371776,5.451084548812768
mcq,169,3,5,0.4449414151253551,5.555598975248512
mcq,169,3,6,0.438108010051171,5.448287155873223
mcq,169,3,7,0.45587113678751406,5.681030066921179
mcq,169,4,5,0.4454752333922438,5.55988276767627
mcq,169,4,6,0.43780188947898147,5.4366952659624195
mcq,169,4,7,0.4529074581735216,5.643438719593445
mcq,169,5,6,0.4419054665942656,5.499790612195013
mcq,169,5,7,0.45926812271043466,5.7162466104093195
mcq,169,6,7,0.45161603723873844,5.635759229697646
mcq,170,0,1,0.44773447353608375,5.580878344456779
mcq,170,0,2,0.44889855145146457,5.598570956195647
mcq,170,0,3,0.4451949102727841,5.56336148572383
mcq,170,0,4,0.4463120324685258,5.56593748759179
mcq,170,0,5,0.45215648707893,5.6448414115558005
mcq,170,0,6,0.44355889480745425,5.525791824636756
mcq,170,0,7,0.45835853942406973,5.710220209861576
mcq,170,1,2,0.44430805091818176,5.552596043502107
mcq,170,1,3,0.4406164546078457,5.491970234016127
mcq,170,1,4,0.44166358834198166,5.502184319190073
mcq,170,1,5,0.44313418040049907,5.515535611443834
mcq,170,1,6,0.43766610048367366,5.448842253264456
mcq,170,1,7,0.45655640020712207,5.7079559117113075
mcq,170,2,3,0.44516281227684923,5.552928144601719
mcq,170,2,4,0.44131436268226626,5.487160623689699
mcq,170,2,5,0.4486263380060558,5.594223107121727
mcq,170,2,6,0.44048179371412766,5.490258690107597
mcq,170,2,7,0.459060951600645,5.73830177189088
mcq,170,3,4,0.43803140594466794,5.451083361269789
mcq,170,3,5,0.44494138541059514,5.55559860422598
mcq,170,3,6,0.4381079660998447,5.448286609296943
mcq,170,3,7,0.45587105020237534,5.681028987904025
mcq,170,4,5,0.44547516970255496,5.559881972778649
mcq,170,4,6,0.4378018158980226,5.436694352222071
mcq,170,4,7,0.45290736017023975,5.643437498426724
mcq,170,5,6,0.44190540080095597,5.499789793356021
mcq,170,5,7,0.4592680212969936,5.716245348174451
mcq,170,6,7,0.4516159756497814,5.635758461123228
mcq,171,0,1,0.44773445169564463,5.580878072222138
mcq,171,0,2,0.44889854303307786,5.598570851203249
mcq,171,0,3,0.44519485371303674,5.56336077892707
mcq,171,0,4,0.4463120117197973,5.56593722883532
mcq,171,0,5,0.4521564501746025,5.644840950832395
mcq,171,0,6,0.4435588403153228,5.525791145781754
mcq,171,0,7,0.45835851550735496,5.710219911907689
mcq,171,1,2,0.4443079722504792,5.55259506037796
mcq,171,1,3,0.44061626040125323,5.491967813369294
mcq,171,1,4,0.44166352295462846,5.502183504603408
mcq,171,1,5,0.4431340641402448,5.515534164393255
mcq,171,1,6,0.43766606543284037,5.4488418168896455
mcq,171,1,7,0.45655635530892336,5.707955350385393
mcq,171,2,3,0.44516271499592014,5.552926931126572
mcq,171,2,4,0.44131429591273225,5.487159793498822
mcq,171,2,5,0.4486263126300801,5.594222790691644
mcq,171,2,6,0.4404817692489293,5.490258385168165
mcq,171,2,7,0.4590609786193624,5.738302109627195
mcq,171,3,4,0.43803131701665277,5.451082254604794
mcq,171,3,5,0.44494135519362155,5.555598226932742
mcq,171,3,6,0.4381079248657076,5.448286096511478
mcq,171,3,7,0.45587096395822363,5.681027913136225
mcq,171,4,5,0.4454751096248662,5.559881222961641
mcq,171,4,6,0.43780173790729676,5.4366933837205185
mcq,171,4,7,0.45290726686930755,5.64343633585348
mcq,171,5,6,0.4419053361586655,5.499788988842185
mcq,171,5,7,0.45926792282163464,5.716244122508202
mcq,171,6,7,0.45161591526004136,5.635757707513952
mcq,172,0,1,0.4477344151013292,5.580877616084774
mcq,172,0,2,0.44889852241382505,5.598570594044144
mcq,172,0,3,0.44519478396528595,5.5633599073269195
mcq,172,0,4,0.44631197600635575,5.565936783454581
mcq,172,0,5,0.4521564062490924,5.644840402454687
mcq,172,0,6,0.4435587774813411,5.525790363005202
mcq,172,0,7,0.45835848110652133,5.7102194833428905
mcq,172,1,2,0.44430789955700756,5.552594151914828
mcq,172,1,3,0.4406160600102159,5.491965315637763
mcq,172,1,4,0.4416634510035637,5.502182608246926
mcq,172,1,5,0.4431339537727706,5.51553279068804
mcq,172,1,6,0.43766602556523937,5.448841320547186
mcq,172,1,7,0.4565562975917338,5.707954628793989
mcq,172,2,3,0.44516261524693923,5.552925686865128
mcq,172,2,4,0.44131421630089046,5.487158803630828
mcq,172,2,5,0.44862628553770234,5.59422245285859
mcq,172,2,6,0.4404817416662117,5.490258041371311
mcq,172,2,7,0.4590610052112763,5.738302442028429
mcq,172,3,4,0.4380312003134323,5.451080802291158
mcq,172,3,5,0.44494132098856976,5.555597799843817
mcq,172,3,6,0.43810787196907053,5.448285438691804
mcq,172,3,7,0.45587085079587014,5.6810265029159215
mcq,172,4,5,0.4454750366209694,5.559880311815347
mcq,172,4,6,0.437801639811048,5.436692165545303
mcq,172,4,7,0.4529071540633626,5.643434930238655
mcq,172,5,6,0.44190526680138775,5.499788125647375
mcq,172,5,7,0.4592678207414804,5.716242851975138
mcq,172,6,7,0.45161583159963764,5.6357566635078635
mcq,173,0,1,0.4477343712571282,5.5808770695797225
mcq,173,0,2,0.44889850388002817,5.598570362894418
mcq,173,0,3,0.4451947159963867,5.563359057956122
mcq,173,0,4,0.44631193552906306,5.565936278664066
mcq,173,0,5,0.4521563540617623,5.644839750934227
mcq,173,0,6,0.4435587189046365,5.525789633265185
mcq,173,0,7,0.45835845198983904,5.710219120607928
mcq,173,1,2,0.4443078277535993,5.552593254574976
mcq,173,1,3,0.4406158596946631,5.4919628188470915
mcq,173,1,4,0.4416633697252592,5.5021815956929725
mcq,173,1,5,0.4431338388596054,5.515531360404205
mcq,173,1,6,0.4376659845241952,5.448840809595628
mcq,173,1,7,0.4565562427279794,5.707953942876782
mcq,173,2,3,0.44516252008138824,5.552924499777052
mcq,173,2,4,0.4413141394842135,5.487157848517011
mcq,173,2,5,0.4486262692205943,5.594222249389611
mcq,173,2,6,0.4404817179252913,5.4902577454594335
mcq,173,2,7,0.45906103219021177,5.738302779267466
mcq,173,3,4,0.4380310867669691,5.451079389261801
mcq,173,3,5,0.44494127853404464,5.555597269750847
mcq,173,3,6,0.4381078207541783,5.448284801786217
mcq,173,3,7,0.45587074477851375,5.681025181736008
mcq,173,4,5,0.4454749630502338,5.559879393594458
mcq,173,4,6,0.4378015446393463,5.436690983687589
mcq,173,4,7,0.4529070428249537,5.6434335441560615
mcq,173,5,6,0.4419051839035164,5.499787093931388
mcq,173,5,7,0.45926770849609944,5.716241454921332
mcq,173,6,7,0.4516157568121509,5.6357557302277455
mcq,174,0,1,0.44773433308076915,5.58087659372265
mcq,174,0,2,0.4488984890285107,5.598570177669329
mcq,174,0,3,0.44519465717489876,5.563358322895605
mcq,174,0,4,0.44631190111366664,5.565935849471189
mcq,174,0,5,0.4521563065070209,5.644839157248233
mcq,174,0,6,0.4435586681124631,5.5257890005037185
mcq,174,0,7,0.458358428864134,5.710218832508423
mcq,174,1,2,0.4443077576056189,5.552592377923299
mcq,174,1,3,0.4406156733752469,5.491960496508292
mcq,174,1,4,0.4416632920385738,5.502180627882916
mcq,174,1,5,0.4431337306435231,5.515530013476611
mcq,174,1,6,0.4376659436571758,5.44884030081064
mcq,174,1,7,0.4565561915645627,5.707953303221907
mcq,174,2,3,0.4451624329424559,5.552923412812426
mcq,174,2,4,0.44131407011681056,5.487156986025068
mcq,174,2,5,0.44862625380435317,5.594222057154147
mcq,174,2,6,0.44048169786824226,5.490257495464111
mcq,174,2,7,0.4590610579325908,5.738303101049439
mcq,174,3,4,0.43803098582180383,5.4510781330493385
mcq,174,3,5,0.44494124196398976,5.555596813132172
mcq,174,3,6,0.4381077807407436,5.44828430418134
mcq,174,3,7,0.45587065078379896,5.681024010381303
mcq,174,4,5,0.44547489680364083,5.559878566784653
mcq,174,4,6,0.4378014627490413,5.436689966760426
mcq,174,4,7,0.45290694217234334,5.6434322899774685
mcq,174,5,6,0.4419051089967106,5.499786161669222
mcq,174,5,7,0.45926760684202955,5.7162401896914945
mcq,174,6,7,0.4516156896763277,5.63575489243346
mcq,175,0,1,0.4477343048603379,5.580876241963286
mcq,175,0,2,0.44889847755692636,5.598570034598074
mcq,175,0,3,0.44519460315249376,5.563357647806649
mcq,175,0,4,0.4463118699336938,5.565935460627136
mcq,175,0,5,0.45215626111513785,5.6448385905639356
mcq,175,0,6,0.4435586092944264,5.525788267757222
mcq,175,0,7,0.45835841011417827,5.7102185989219025
mcq,175,1,2,0.44430769138398635,5.552591550339882
mcq,175,1,3,0.44061548691225144,5.491958172379881
mcq,175,1,4,0.4416632268906851,5.502179816279467
mcq,175,1,5,0.44313361327192724,5.515528552593553
mcq,175,1,6,0.43766590897284824,5.448839868998742
mcq,175,1,7,0.45655614316462706,5.707952698116605
mcq,175,2,3,0.44516234334215743,5.552922295144899
mcq,175,2,4,0.44131399987693526,5.487156112685086
mcq,175,2,5,0.4486262249814667,5.594221697742219
mcq,175,2,6,0.4404816719519078,5.490257172437411
mcq,175,2,7,0.4590610817799393,5.738303399143367
mcq,175,3,4,0.4380308941253873,5.451076991932963
mcq,175,3,5,0.4449412097947234,5.55559641146234
mcq,175,3,6,0.4381077409923369,5.448283809872337
mcq,175,3,7,0.4558705591811916,5.681022868836852
mcq,175,4,5,0.4454748342857765,5.559877786512327
mcq,175,4,6,0.4378013793180643,5.436688930700946
mcq,175,4,7,0.45290684219364286,5.643431044196109
mcq,175,5,6,0.4419050385195284,5.499785284536499
mcq,175,5,7,0.45926750636020486,5.716238939051919
mcq,175,6,7,0.45161562571235125,5.63575409422095
mcq,176,0,1,0.44773426338823535,5.580875725025742
mcq,176,0,2,0.4488984504670936,5.598569696739219
mcq,176,0,3,0.4451945359492456,5.563356808003781
mcq,176,0,4,0.4463118176094676,5.56593480809404
mcq,176,0,5,0.45215621915764964,5.644838066755534
mcq,176,0,6,0.44355854495235947,5.525787466193164
mcq,176,0,7,0.4583583881040926,5.710218324720758
mcq,176,1,2,0.44430762695567544,5.5525907451679215
mcq,176,1,3,0.44061529615154493,5.491955794683562
mcq,176,1,4,0.4416631462580418,5.502178811769072
mcq,176,1,5,0.44313351349560787,5.5155273107127245
mcq,176,1,6,0.43766587076786606,5.448839393355504
mcq,176,1,7,0.45655609594714075,5.707952107794511
mcq,176,2,3,0.4451622446827272,5.552921064474431
mcq,176,2,4,0.44131390763191375,5.487154965740204
mcq,176,2,5,0.44862620881414206,5.59422149614099
mcq,176,2,6,0.4404816389760212,5.490256761418952
mcq,176,2,7,0.4590611094939178,5.738303745570507
mcq,176,3,4,0.4380307671879713,5.451075412259846
mcq,176,3,5,0.444941175891586,5.55559598814316
mcq,176,3,6,0.4381076869088034,5.448283137292484
mcq,176,3,7,0.45587045793346603,5.6810216070957
mcq,176,4,5,0.44547476014856446,5.5598768612213645
mcq,176,4,6,0.4378012653638858,5.436687515599373
mcq,176,4,7,0.45290672697664336,5.643429608538416
mcq,176,5,6,0.44190497292827596,5.499784468212236
mcq,176,5,7,0.45926741429703455,5.716237793194501
mcq,176,6,7,0.45161555592898484,5.635753223387723
mcq,177,0,1,0.44773421709547473,5.580875148000115
mcq,177,0,2,0.44889842617787956,5.5985693938091075
mcq,177,0,3,0.44519447307900045,5.563356022348122
mcq,177,0,4,0.44631176576994164,5.56593416160562
mcq,177,0,5,0.45215616757349136,5.644837422765232
mcq,177,0,6,0.44355848953663646,5.525786775832194
mcq,177,0,7,0.45835836840820177,5.710218079349801
mcq,177,1,2,0.4443075621908571,5.552589935790569
mcq,177,1,3,0.44061510644487595,5.491953430125071
mcq,177,1,4,0.4416630596064314,5.502177732275212
mcq,177,1,5,0.44313339999033075,5.5155258979523785
mcq,177,1,6,0.4376658242948651,5.448838814777335
mcq,177,1,7,0.45655605138663213,5.7079515506904634
mcq,177,2,3,0.44516215043187185,5.5529198887962
mcq,177,2,4,0.44131381815434034,5.487153853204879
mcq,177,2,5,0.44862619487756705,5.594221322356476
mcq,177,2,6,0.44048161044112666,5.4902564057539625
mcq,177,2,7,0.45906113911286894,5.738304115809968
mcq,177,3,4,0.43803064602983527,5.451073904506999
mcq,177,3,5,0.4449411364331121,5.5555954954592925
mcq,177,3,6,0.43810763840076794,5.448282534049219
mcq,177,3,7,0.45587036358435806,5.681020431324575
mcq,177,4,5,0.44547467876688734,5.559875845513755
mcq,177,4,6,0.4378011651750192,5.436686271437687
mcq,177,4,7,0.4529066151855825,5.6434282155695215
mcq,177,5,6,0.44190488514180654,5.499783375654581
mcq,177,5,7,0.45926731293314416,5.716236531576361
mcq,177,6,7,0.45161549245564425,5.635752431297903
mcq,178,0,1,0.4477341765751073,5.58087464292567
mcq,178,0,2,0.4488984045512364,5.598569124086035
mcq,178,0,3,0.44519441768738977,5.563355330148939
mcq,178,0,4,0.44631172074271247,5.565933600073049
mcq,178,0,5,0.45215612061895455,5.64483683657235
mcq,178,0,6,0.44355843984798454,5.525786156818237
mcq,178,0,7,0.45835835232101996,5.710217878936057
mcq,178,1,2,0.44430749489624166,5.552589094797896
mcq,178,1,3,0.4406149298051903,5.491951228437219
mcq,178,1,4,0.4416629756634576,5.502176686525174
mcq,178,1,5,0.44313329332143914,5.515524570282124
mcq,178,1,6,0.437665778833976,5.448838248799725
mcq,178,1,7,0.4565560102701679,5.707951036644521
mcq,178,2,3,0.44516206418901655,5.552918813009173
mcq,178,2,4,0.4413137375281415,5.487152850724695
mcq,178,2,5,0.44862618264394943,5.594221169807281
mcq,178,2,6,0.4404815861095696,5.490256102480264
mcq,178,2,7,0.4590611671761417,5.738304466603315
mcq,178,3,4,0.438030538076605,5.451072561082649
mcq,178,3,5,0.4449411023185207,5.5555950694998675
mcq,178,3,6,0.43810759814037714,5.44828203337321
mcq,178,3,7,0.45587027880136866,5.681019374765664
mcq,178,4,5,0.44547460615402806,5.559874939247918
mcq,178,4,6,0.43780107682669256,5.436685174313758
mcq,178,4,7,0.4529065142655747,5.643426958059032
mcq,178,5,6,0.4419048058597015,5.499782388939073
mcq,178,5,7,0.45926722099703976,5.716235387300459
mcq,178,6,7,0.45161543573519514,5.635751723478056
mcq,179,0,1,0.44773414127976335,5.580874202979603
mcq,179,0,2,0.44889838403414534,5.59856886820107
mcq,179,0,3,0.4451943656239612,5.563354679540257
mcq,179,0,4,0.4463116789238517,5.565933078551899
mcq,179,0,5,0.4521560771923224,5.644836294422766
mcq,179,0,6,0.44355838221998994,5.525785438897111
mcq,179,0,7,0.4583583367666853,5.7102176851605115
mcq,179,1,2,0.44430743634501474,5.55258836307289
mcq,179,1,3,0.4406147555216677,5.49194905611726
mcq,179,1,4,0.44166289738172937,5.502175711302156
mcq,179,1,5,0.44313317346812664,5.515523078510009
mcq,179,1,6,0.4376657450144751,5.448837827754719
mcq,179,1,7,0.45655596691899786,5.7079504946598565
mcq,179,2,3,0.4451619740962357,5.552917689198458
mcq,179,2,4,0.4413136602007188,5.487151889260431
mcq,179,2,5,0.4486261576223464,5.594220857796109
mcq,179,2,6,0.4404815605677814,5.490255784121988
mcq,179,2,7,0.45906119354585123,5.738304796226975
mcq,179,3,4,0.4380304426808973,5.45107137393043
mcq,179,3,5,0.44494106977212683,5.5555946631211715
mcq,179,3,6,0.4381075602517087,5.448281562191809
mcq,179,3,7,0.45587019585634814,5.681018341111376
mcq,179,4,5,0.44547453593138703,5.559874062813893
mcq,179,4,6,0.4378009913665128,5.436684113055308
mcq,179,4,7,0.4529064160903713,5.643425734750088
mcq,179,5,6,0.4419047306222153,5.499781452561383
mcq,179,5,7,0.45926713452978013,5.716234311092128
mcq,179,6,7,0.451615380730096,5.635751037064223
mcq,180,0,1,0.44773409210092757,5.580873589979899
mcq,180,0,2,0.4488983524143516,5.598568473845467
mcq,180,0,3,0.4451942959358602,5.563353808685519
mcq,180,0,4,0.44631162963286636,5.565932463846215
mcq,180,0,5,0.4521560258891001,5.644835653939743
mcq,180,0,6,0.44355831609874735,5.525784615168343
mcq,180,0,7,0.4583582999077403,5.710217225972617
mcq,180,1,2,0.44430738165376105,5.552587679586651
mcq,180,1,3,0.440614573952035,5.491946792981129
mcq,180,1,4,0.44166281926896883,5.502174738184115
mcq,180,1,5,0.44313306664371005,5.51552174890399
mcq,180,1,6,0.4376657065181743,5.448837348484632
mcq,180,1,7,0.45655590626353404,5.707949736333584
mcq,180,2,3,0.4451618763832587,5.552916470333978
mcq,180,2,4,0.44131358175054647,5.48715091383626
mcq,180,2,5,0.4486261269580785,5.594220475422759
mcq,180,2,6,0.44048153066491014,5.490255411406245
mcq,180,2,7,0.4590612147997256,5.738305061902252
mcq,180,3,4,0.438030333419641,5.451070014228344
mcq,180,3,5,0.44494103176039673,5.555594188501543
mcq,180,3,6,0.438107502890278,5.448280848848207
mcq,180,3,7,0.4558700781827282,5.681016874672027
mcq,180,4,5,0.4454744629424127,5.559873151853845
mcq,180,4,6,0.43780089981284337,5.436682976126909
mcq,180,4,7,0.4529063047874044,5.643424347863073
mcq,180,5,6,0.4419046533625746,5.499780491016711
mcq,180,5,7,0.4592670370340261,5.716233097618461
mcq,180,6,7,0.4516153020964888,5.635750055788004
mcq,181,0,1,0.44773403689025476,5.580872901795123
mcq,181,0,2,0.448898326658135,5.5985681526192
mcq,181,0,3,0.44519422805799685,5.563352960452348
mcq,181,0,4,0.44631157953594325,5.565931839089717
mcq,181,0,5,0.4521559622266624,5.644834859160999
mcq,181,0,6,0.44355826353520467,5.525783960339417
mcq,181,0,7,0.45835826411149255,5.710216780023781
mcq,181,1,2,0.44430732693674674,5.552586995778476
mcq,181,1,3,0.44061439279260856,5.491944534957928
mcq,181,1,4,0.4416627334255117,5.502173668758116
mcq,181,1,5,0.4431329517792184,5.515520319225978
mcq,181,1,6,0.4376656541358039,5.448836696336173
mcq,181,1,7,0.4565558503011559,5.707949036681171
mcq,181,2,3,0.4451617835717418,5.552915312609949
mcq,181,2,4,0.4413135054452252,5.487149965080476
mcq,181,2,5,0.4486260883830681,5.594219994405047
mcq,181,2,6,0.4404815078982495,5.490255127637749
mcq,181,2,7,0.4590612355664776,5.738305321488455
mcq,181,3,4,0.4380302278204383,5.451068700098698
mcq,181,3,5,0.44494099514663815,5.555593731337178
mcq,181,3,6,0.43810745411622615,5.448280242296776
mcq,181,3,7,0.45586996730036494,5.681015492864782
mcq,181,4,5,0.44547438106341675,5.559872129939303
mcq,181,4,6,0.43780082070709736,5.436681993778853
mcq,181,4,7,0.4529061946689819,5.643422975736034
mcq,181,5,6,0.4419045618971506,5.499779352672159
mcq,181,5,7,0.45926692785649087,5.71623173874837
mcq,181,6,7,0.4516152261545289,5.635749108101106
mcq,182,0,1,0.44773398748190213,5.58087228593456
mcq,182,0,2,0.4488983050443974,5.5985678830570835
mcq,182,0,3,0.4451941682840773,5.563352213489806
mcq,182,0,4,0.4463115356454279,5.565931291733055
mcq,182,0,5,0.45215590448236476,5.644834138265884
mcq,182,0,6,0.44355821874592366,5.525783402361107
mcq,182,0,7,0.45835823388308244,5.710216403438938
mcq,182,1,2,0.44430727273762055,5.552586318442441
mcq,182,1,3,0.4406142210178609,5.491942393908062
mcq,182,1,4,0.4416626520838347,5.502172655414677
mcq,182,1,5,0.44313284410339365,5.515518979022779
mcq,182,1,6,0.4376656038744639,5.448836070594053
mcq,182,1,7,0.4565557991517015,5.707948397200856
mcq,182,2,3,0.4451616985036437,5.552914251476756
mcq,182,2,4,0.44131343655739774,5.48714910855142
mcq,182,2,5,0.44862605285932544,5.594219551435642
mcq,182,2,6,0.44048148953723765,5.490254898782195
mcq,182,2,7,0.4590612554938263,5.738305570582045
mcq,182,3,4,0.438030133640977,5.451067528082063
mcq,182,3,5,0.4449409642251368,5.55559334524711
mcq,182,3,6,0.4381074150502489,5.448279756474428
mcq,182,3,7,0.4558698682660946,5.681014258707535
mcq,182,4,5,0.4454743074005195,5.559871210568164
mcq,182,4,6,0.4378007524985296,5.436681146753735
mcq,182,4,7,0.452906094979239,5.64342173355522
mcq,182,5,6,0.44190448051530773,5.499778339824098
mcq,182,5,7,0.4592668289160634,5.71623050729368
mcq,182,6,7,0.45161515812440617,5.635748259146772
mcq,183,0,1,0.44773395874388017,5.58087192772358
mcq,183,0,2,0.4488982852767088,5.598567636518513
mcq,183,0,3,0.44519411357726174,5.563351529848139
mcq,183,0,4,0.4463114987839387,5.565930832035064
mcq,183,0,5,0.45215584891285243,5.644833444521366
mcq,183,0,6,0.44355817215806165,5.525782821976337
mcq,183,0,7,0.45835820913019154,5.710216095067989
mcq,183,1,2,0.444307204585921,5.552585466738637
mcq,183,1,3,0.4406140492223428,5.491940252599307
mcq,183,1,4,0.44166258262211805,5.502171790070152
mcq,183,1,5,0.44313273378507445,5.51551760592938
mcq,183,1,6,0.43766555967882254,5.448835520368487
mcq,183,1,7,0.4565557508886781,5.707947793807256
mcq,183,2,3,0.4451615953604608,5.5529129648762865
mcq,183,2,4,0.44131335675182887,5.4871481162746845
mcq,183,2,5,0.44862599386630847,5.594218815812093
mcq,183,2,6,0.4404814687573813,5.490254639777649
mcq,183,2,7,0.4590612710642905,5.7383057652142
mcq,183,3,4,0.43803004841895693,5.451066467536337
mcq,183,3,5,0.4449409336026196,5.5555929628901985
mcq,183,3,6,0.4381073845552704,5.44827937724055
mcq,183,3,7,0.45586977051453453,5.681013040535321
mcq,183,4,5,0.4454742360102046,5.5598703195606465
mcq,183,4,6,0.43780068812331135,5.436680347331775
mcq,183,4,7,0.4529059986069956,5.6434205327120015
mcq,183,5,6,0.4419044139100139,5.499777510879453
mcq,183,5,7,0.4592667392656106,5.716229391465973
mcq,183,6,7,0.4516150928500822,5.635747444582312
mcq,184,0,1,0.44773391790723255,5.580871418706795
mcq,184,0,2,0.4488982607369641,5.598567330463834
mcq,184,0,3,0.44519403997577023,5.563350610089863
mcq,184,0,4,0.4463114539806241,5.565930273294922
mcq,184,0,5,0.4521557907846599,5.644832718833606
mcq,184,0,6,0.4435581180671672,5.525782148119887
mcq,184,0,7,0.4583581625156648,5.71021551434528
mcq,184,1,2,0.44430714325731413,5.552584700304225
mcq,184,1,3,0.4406138599430394,5.491937893367623
mcq,184,1,4,0.4416625045266001,5.502170817166916
mcq,184,1,5,0.44313263510733536,5.515516377722196
mcq,184,1,6,0.43766550348896927,5.448834820817742
mcq,184,1,7,0.45655570645379917,5.707947238273855
mcq,184,2,3,0.44516148613364215,5.552911602388993
mcq,184,2,4,0.4413132682845658,5.4871470163012335
mcq,184,2,5,0.4486259445336524,5.594218200650072
mcq,184,2,6,0.4404814456121014,5.490254351289961
mcq,184,2,7,0.45906130271575873,5.7383061608603025
mcq,184,3,4,0.4380299300082035,5.451064993973302
mcq,184,3,5,0.4449408949977575,5.555592480864645
mcq,184,3,6,0.4381073305650768,5.448278705821467
mcq,184,3,7,0.45586964748780406,5.681011507385932
mcq,184,4,5,0.44547415365862586,5.5598692917479
mcq,184,4,6,0.4378006066667678,5.4366793357911325
mcq,184,4,7,0.45290587462423393,5.643418987828814
mcq,184,5,6,0.4419043458937515,5.499776664374421
mcq,184,5,7,0.459266637923906,5.716228130123965
mcq,184,6,7,0.45161500048222003,5.635746291915026
mcq,185,0,1,0.44773386996996173,5.580870821182832
mcq,185,0,2,0.4488982331549727,5.598566986466876
mcq,185,0,3,0.44519397121704873,5.56334975084908
mcq,185,0,4,0.446311406556226,5.565929681867364
mcq,185,0,5,0.45215570597986937,5.644831660108126
mcq,185,0,6,0.44355807071770453,5.525781558247208
mcq,185,0,7,0.45835812382495056,5.7102150323372465
mcq,185,1,2,0.4443070786639805,5.552583893069946
mcq,185,1,3,0.4406136693322493,5.491935517539906
mcq,185,1,4,0.4416624182573812,5.502169742436836
mcq,185,1,5,0.4431325299866912,5.515515069322433
mcq,185,1,6,0.4376654439893563,5.448834080061251
mcq,185,1,7,0.45655566552464694,5.707946726569722
mcq,185,2,3,0.44516138454202286,5.552910335142614
mcq,185,2,4,0.44131318292498417,5.487145954967693
mcq,185,2,5,0.448625872264936,5.594217299482912
mcq,185,2,6,0.4404814262064149,5.49025410941336
mcq,185,2,7,0.4590613357137462,5.738306573338012
mcq,185,3,4,0.4380298147977135,5.451063560235957
mcq,185,3,5,0.44494085819111956,5.555592021291961
mcq,185,3,6,0.43810728300767743,5.44827811440026
mcq,185,3,7,0.4558695322810412,5.681010071688362
mcq,185,4,5,0.4454740515934749,5.5598680178942
mcq,185,4,6,0.43780053150878223,5.43667840246701
mcq,185,4,7,0.4529057530242212,5.643417472635792
mcq,185,5,6,0.4419042581727912,5.499775572632068
mcq,185,5,7,0.45926652136347074,5.7162266793631575
mcq,185,6,7,0.45161491684346017,5.635745248179034
mcq,186,0,1,0.4477338278740216,5.580870296469337
mcq,186,0,2,0.4488982103504353,5.598566702053349
mcq,186,0,3,0.44519391013123927,5.563348987492555
mcq,186,0,4,0.4463113649530495,5.565929163036002
mcq,186,0,5,0.4521556281483518,5.644830688438835
mcq,186,0,6,0.44355802966204927,5.52578104678186
mcq,186,0,7,0.4583580908333755,5.710214621328958
mcq,186,1,2,0.44430701591091726,5.5525831088338515
mcq,186,1,3,0.4406134894555374,5.4919332755048265
mcq,186,1,4,0.44166233537856114,5.50216870994388
mcq,186,1,5,0.4431324288366592,5.515513810343487
mcq,186,1,6,0.4376653871623522,5.4488333725781235
mcq,186,1,7,0.45655562596175353,5.7079462319468215
mcq,186,2,3,0.44516129154786616,5.55290917514035
mcq,186,2,4,0.44131310733396445,5.487145015093304
mcq,186,2,5,0.448625806078624,5.594216474161337
mcq,186,2,6,0.4404814119099506,5.490253931219191
mcq,186,2,7,0.45906136754374055,5.738306971215707
mcq,186,3,4,0.43802971213750425,5.451062282680624
mcq,186,3,5,0.44494082669514107,5.5555916280288935
mcq,186,3,6,0.4381072441346069,5.448277630976889
mcq,186,3,7,0.45586943056509066,5.681008804112227
mcq,186,4,5,0.4454739589733644,5.559866861922066
mcq,186,4,6,0.43780046603256967,5.4366775893727235
mcq,186,4,7,0.4529056432530912,5.64341610483618
mcq,186,5,6,0.44190417933058296,5.499774591391351
mcq,186,5,7,0.4592664157864186,5.716225365306212
mcq,186,6,7,0.4516148419537563,5.635744313623338
mcq,187,0,1,0.44773379081962117,5.580869834597149
mcq,187,0,2,0.44889818073345594,5.5985663326764366
mcq,187,0,3,0.44519385126244604,5.56334825184089
mcq,187,0,4,0.4463113288962455,5.5659287133732045
mcq,187,0,5,0.4521555567595582,5.644829797202217
mcq,187,0,6,0.4435579806707086,5.525780436454905
mcq,187,0,7,0.45835806480095115,5.71021429701761
mcq,187,1,2,0.4443069419282927,5.55258218425995
mcq,187,1,3,0.4406133040584606,5.491930964662332
mcq,187,1,4,0.4416622577798195,5.502167743229415
mcq,187,1,5,0.4431323219118826,5.515512479488321
mcq,187,1,6,0.4376653365832783,5.448832742880291
mcq,187,1,7,0.45655558855255546,5.707945764249834
mcq,187,2,3,0.4451611777098107,5.552907755132828
mcq,187,2,4,0.4413130126833442,5.487143838237982
mcq,187,2,5,0.4486257123040155,5.594215304822764
mcq,187,2,6,0.44048138310477836,5.490253572185402
mcq,187,2,7,0.45906139668823287,5.738307335524392
mcq,187,3,4,0.4380296201972488,5.451061138529794
mcq,187,3,5,0.4449408011105964,5.555591308576792
mcq,187,3,6,0.4381072054168596,5.4482771494851105
mcq,187,3,7,0.45586933600364066,5.681007625694913
mcq,187,4,5,0.44547387431398594,5.559865805306155
mcq,187,4,6,0.43780040300359363,5.436676806668619
mcq,187,4,7,0.4529055413462466,5.643414835029243
mcq,187,5,6,0.441904108969492,5.499773715703457
mcq,187,5,7,0.4592663172480153,5.716224138855287
mcq,187,6,7,0.4516147698174674,5.635743413427768
mcq,188,0,1,0.44773374504512403,5.580869264031524
mcq,188,0,2,0.4488981430989588,5.598565863306683
mcq,188,0,3,0.4451937791203088,5.56334735031938
mcq,188,0,4,0.44631128797652125,5.565928203065146
mcq,188,0,5,0.4521554911514093,5.644828978132699
mcq,188,0,6,0.4435579300928349,5.525779806363153
mcq,188,0,7,0.4583580277571534,5.710213835526824
mcq,188,1,2,0.4443068712385943,5.552581300838327
mcq,188,1,3,0.4406131095916481,5.491928540772043
mcq,188,1,4,0.44166217762925225,5.502166744724658
mcq,188,1,5,0.4431322218147201,5.515511233614071
mcq,188,1,6,0.43766528141564937,5.448832056056004
mcq,188,1,7,0.45655553604148896,5.707945107746382
mcq,188,2,3,0.4451610573386981,5.552906253632432
mcq,188,2,4,0.44131291399676337,5.487142611200826
mcq,188,2,5,0.4486256386904555,5.594214386885845
mcq,188,2,6,0.44048135212306244,5.490253186022711
mcq,188,2,7,0.4590614204138699,5.738307632096916
mcq,188,3,4,0.43802950665103424,5.45105972550353
mcq,188,3,5,0.4449407663788541,5.5555908749115375
mcq,188,3,6,0.4381071511340732,5.4482764744273595
mcq,188,3,7,0.45586920886804116,5.6810060413411225
mcq,188,4,5,0.44547379855206143,5.559864859737497
mcq,188,4,6,0.43780033022698317,5.436675902916802
mcq,188,4,7,0.4529054342433594,5.643413500477184
mcq,188,5,6,0.4419040439494945,5.499772906488819
mcq,188,5,7,0.4592662103402435,5.7162228082356386
mcq,188,6,7,0.4516146794056172,5.635742285169742
mcq,189,0,1,0.4477336957211769,5.580868649223049
mcq,189,0,2,0.4488981035548522,5.598565370120671
mcq,189,0,3,0.44519371097896265,5.563346498793606
mcq,189,0,4,0.44631124304303343,5.565927642701619
mcq,189,0,5,0.4521554206633982,5.644828098141688
mcq,189,0,6,0.4435578867606214,5.525779266536777
mcq,189,0,7,0.4583579958065133,5.71021343748648
mcq,189,1,2,0.44430680005264683,5.552580411214991
mcq,189,1,3,0.4406129176397713,5.491926148228634
mcq,189,1,4,0.4416620914481179,5.502165671091923
mcq,189,1,5,0.4431321108948135,5.515509853032925
mcq,189,1,6,0.4376652097035399,5.44883116325674
mcq,189,1,7,0.45655548769590487,5.707944503320593
mcq,189,2,3,0.4451609423981082,5.552904819871976
mcq,189,2,4,0.4413128197842234,5.4871414397924525
mcq,189,2,5,0.4486255653649142,5.594213472540425
mcq,189,2,6,0.44048132537252604,5.49025285259834
mcq,189,2,7,0.4590614440146391,5.738307927108581
mcq,189,3,4,0.43802940018750014,5.4510584006177085
mcq,189,3,5,0.4449407276737245,5.55559039163403
mcq,189,3,6,0.4381071041707603,5.4482758903941795
mcq,189,3,7,0.45586909057905334,5.681004567233108
mcq,189,4,5,0.4454737196516121,5.55986387499757
mcq,189,4,6,0.4378002748442932,5.436675215165525
mcq,189,4,7,0.45290533202644956,5.643412226806689
mcq,189,5,6,0.44190395904194624,5.499771849761143
mcq,189,5,7,0.45926609760672626,5.716221405106281
mcq,189,6,7,0.45161459593750125,5.63574124356323
mcq,190,0,1,0.44773365201771476,5.580868104472266
mcq,190,0,2,0.4488980699748487,5.598564951317733
mcq,190,0,3,0.44519365145023787,5.563345754895131
mcq,190,0,4,0.44631120365089005,5.565927151443953
mcq,190,0,5,0.45215535674071144,5.644827300113927
mcq,190,0,6,0.4435578500873481,5.525778809666503
mcq,190,0,7,0.4583579692228123,5.71021310630734
mcq,190,1,2,0.4443067304509306,5.552579541390072
mcq,190,1,3,0.44061273844179666,5.491923914653532
mcq,190,1,4,0.44166200940235695,5.502164648977103
mcq,190,1,5,0.4431320056262412,5.515508542791953
mcq,190,1,6,0.43766514281616564,5.44883033052432
mcq,190,1,7,0.45655544336404047,5.707943949075099
mcq,190,2,3,0.4451608372743815,5.552903508566349
mcq,190,2,4,0.4413127346198004,5.487140380885452
mcq,190,2,5,0.4486254987435797,5.594212641794263
mcq,190,2,6,0.4404813036227157,5.490252581504081
mcq,190,2,7,0.4590614668918828,5.738308213076115
mcq,190,3,4,0.4380293053762631,5.451057220738938
mcq,190,3,5,0.44494069408673576,5.555589972262323
mcq,190,3,6,0.43810706617551665,5.448275417887415
mcq,190,3,7,0.45586898558164574,5.681003258763715
mcq,190,4,5,0.44547364903567194,5.559862993654862
mcq,190,4,6,0.4378002277602812,5.436674630468585
mcq,190,4,7,0.4529052398666831,5.6434110784529015
mcq,190,5,6,0.4419038837268666,5.499770912417754
mcq,190,5,7,0.4592659963149025,5.716220144385113
mcq,190,6,7,0.4516145214723173,5.635740314305158
mcq,191,0,1,0.4477336211716001,5.580867719984531
mcq,191,0,2,0.44889803538470946,5.598564519916588
mcq,191,0,3,0.4451935968006021,5.563345071968008
mcq,191,0,4,0.44631116836179446,5.565926711355212
mcq,191,0,5,0.45215529569614776,5.644826538017416
mcq,191,0,6,0.44355780217083607,5.525778212729605
mcq,191,0,7,0.4583579451044385,5.710212805841191
mcq,191,1,2,0.4443066542542392,5.552578589146586
mcq,191,1,3,0.4406125543505801,5.4919216200876555
mcq,191,1,4,0.4416619347602885,5.502163719096465
mcq,191,1,5,0.4431318932711446,5.5155071443475
mcq,191,1,6,0.43766508244125263,5.448829578870544
mcq,191,1,7,0.4565554034446355,5.707943449995022
mcq,191,2,3,0.4451607208034726,5.552902055716807
mcq,191,2,4,0.44131263781722335,5.487139177273392
mcq,191,2,5,0.4486254164948444,5.594211616179543
mcq,191,2,6,0.44048127011604504,5.490252163869817
mcq,191,2,7,0.45906149038532695,5.738308506746208
mcq,191,3,4,0.4380292194586461,5.451056151536853
mcq,191,3,5,0.44494066026302564,5.555589549934883
mcq,191,3,6,0.4381070238893296,5.448274892018715
mcq,191,3,7,0.4558688819899928,5.681001967812726
mcq,191,4,5,0.4454735820543172,5.55986215767465
mcq,191,4,6,0.4378001771512786,5.436674001997737
mcq,191,4,7,0.4529051506135387,5.643409966316986
mcq,191,5,6,0.44190381121276145,5.499770009934248
mcq,191,5,7,0.4592659004652693,5.716218951399765
mcq,191,6,7,0.4516144497856475,5.635739419720428
mcq,192,0,1,0.44773357724672164,5.580867172473859
mcq,192,0,2,0.4488979978211386,5.598564051431412
mcq,192,0,3,0.4451935245573956,5.56334416918349
mcq,192,0,4,0.4463111273087178,5.565926199384121
mcq,192,0,5,0.4521552356665949,5.644825788592569
mcq,192,0,6,0.44355775194960667,5.525777587080876
mcq,192,0,7,0.45835790883704736,5.710212354022861
mcq,192,1,2,0.44430658344982593,5.552577704291351
mcq,192,1,3,0.44061236036807955,5.4919192022339685
mcq,192,1,4,0.4416618562142738,5.502162740581003
mcq,192,1,5,0.44313178870928494,5.515505842902732
mcq,192,1,6,0.43766501367283245,5.448828722719535
mcq,192,1,7,0.4565553621972722,5.707942934312554
mcq,192,2,3,0.44516060265698376,5.552900581966203
mcq,192,2,4,0.4413125401330636,5.487137962700017
mcq,192,2,5,0.44862534494133965,5.594210723930837
mcq,192,2,6,0.44048123320488186,5.490251703801235
mcq,192,2,7,0.4590615234157708,5.738308919629624
mcq,192,3,4,0.4380291139234826,5.451054838204142
mcq,192,3,5,0.4449406189459798,5.555589034044634
mcq,192,3,6,0.4381069610377362,5.448274110399751
mcq,192,3,7,0.45586875399974225,5.681000372808342
mcq,192,4,5,0.445473509300526,5.559861249649872
mcq,192,4,6,0.43780011248027645,5.436673198902684
mcq,192,4,7,0.45290506157863386,5.643408856900437
mcq,192,5,6,0.4419037340213632,5.499769049238896
mcq,192,5,7,0.45926579568901205,5.716217647309854
mcq,192,6,7,0.4516143592901744,5.635738290418863
mcq,193,0,1,0.44773352773817165,5.580866555364365
mcq,193,0,2,0.4488979633814576,5.598563621906751
mcq,193,0,3,0.4451934583853377,5.563343342266853
mcq,193,0,4,0.4463110837392054,5.565925656030672
mcq,193,0,5,0.45215516652896104,5.644824925460026
mcq,193,0,6,0.44355770501542297,5.525777002381681
mcq,193,0,7,0.4583578774260562,5.7102119627054515
mcq,193,1,2,0.4443065140434323,5.552576836907414
mcq,193,1,3,0.44061217229619504,5.491916858051901
mcq,193,1,4,0.4416617716187459,5.502161686701537
mcq,193,1,5,0.4431316739335001,5.515504414328823
mcq,193,1,6,0.43766494730502176,5.448827896455562
mcq,193,1,7,0.4565553235127065,5.707942450670674
mcq,193,2,3,0.4451604927616551,5.552899211139965
mcq,193,2,4,0.4413124463329967,5.487136796420201
mcq,193,2,5,0.44862527147584913,5.594209807840296
mcq,193,2,6,0.4404812004527577,5.490251295571799
mcq,193,2,7,0.4590615586687753,5.738309360295243
mcq,193,3,4,0.4380290131986382,5.451053584733464
mcq,193,3,5,0.4449405714338266,5.555588440801432
mcq,193,3,6,0.43810690195223134,5.448273375615657
mcq,193,3,7,0.4558686358866356,5.680998900892145
mcq,193,4,5,0.44547342769046355,5.559860231091833
mcq,193,4,6,0.4378000493042986,5.4366724143730885
mcq,193,4,7,0.4529049722161388,5.643407743401959
mcq,193,5,6,0.441903647162448,5.499767968225235
mcq,193,5,7,0.4592656754136041,5.716216150310913
mcq,193,6,7,0.45161427917725994,5.635737290682228
mcq,194,0,1,0.4477334837264651,5.580866006771404
mcq,194,0,2,0.448897936281811,5.5985632839254995
mcq,194,0,3,0.445193401297971,5.563342628876717
mcq,194,0,4,0.4463110465352586,5.565925192061908
mcq,194,0,5,0.45215510441745144,5.64482415004348
mcq,194,0,6,0.44355766570211713,5.525776512622268
mcq,194,0,7,0.45835785183937744,5.710211643947192
mcq,194,1,2,0.44430644721781976,5.552576001775952
mcq,194,1,3,0.4406119946088575,5.491914643305814
mcq,194,1,4,0.4416616897417575,5.502160666689261
mcq,194,1,5,0.44313156441294593,5.515503051164925
mcq,194,1,6,0.4376648847083029,5.448827117140814
mcq,194,1,7,0.45655528693787367,5.707941993405081
mcq,194,2,3,0.4451603939106402,5.552897978079684
mcq,194,2,4,0.44131236155797443,5.487135742354883
mcq,194,2,5,0.4486252047361524,5.594208975618195
mcq,194,2,6,0.4404811727559173,5.490250950352494
mcq,194,2,7,0.45906159186355433,5.738309775232865
mcq,194,3,4,0.4380289237920107,5.451052472112376
mcq,194,3,5,0.444940529802182,5.5555879209830605
mcq,194,3,6,0.43810685203316735,5.448272754824918
mcq,194,3,7,0.45586853061140936,5.680997588960598
mcq,194,4,5,0.4454733540174603,5.559859311594563
mcq,194,4,6,0.4377999946121487,5.43667173519705
mcq,194,4,7,0.45290489119835226,5.643406733882454
mcq,194,5,6,0.4419035692250071,5.499766998244915
mcq,194,5,7,0.4592655664154454,5.716214793673419
mcq,194,6,7,0.45161420678407665,5.63573638728085
mcq,195,0,1,0.4477334523137349,5.580865615220975
mcq,195,0,2,0.4488979161139533,5.598563032396101
mcq,195,0,3,0.4451933471727331,5.5633419525027135
mcq,195,0,4,0.4463110126037792,5.565924768903939
mcq,195,0,5,0.45215505035319375,5.644823475090959
mcq,195,0,6,0.44355761952774103,5.525775937388645
mcq,195,0,7,0.4583578298474391,5.710211369972127
mcq,195,1,2,0.4443063888972909,5.552575272934021
mcq,195,1,3,0.44061180912940734,5.491912331436594
mcq,195,1,4,0.44166161587313424,5.502159746444099
mcq,195,1,5,0.4431314481192447,5.515501603698042
mcq,195,1,6,0.4376648266322275,5.448826394107037
mcq,195,1,7,0.45655525152347637,5.707941550647475
mcq,195,2,3,0.44516029374888305,5.552896728669299
mcq,195,2,4,0.4413122814242326,5.487134745997751
mcq,195,2,5,0.4486251352990338,5.594208109760129
mcq,195,2,6,0.4404811429959886,5.490250579418418
mcq,195,2,7,0.45906162555926794,5.738310196432211
mcq,195,3,4,0.4380288413717736,5.451051446433447
mcq,195,3,5,0.44494049033723027,5.55558742821831
mcq,195,3,6,0.4381067999610504,5.448272107258931
mcq,195,3,7,0.4558684296434643,5.680996330706049
mcq,195,4,5,0.4454732842292462,5.55985844058253
mcq,195,4,6,0.4377999413283629,5.4366710735103085
mcq,195,4,7,0.4529048129732577,5.643405759161196
mcq,195,5,6,0.4419034926426687,5.499766045129696
mcq,195,5,7,0.45926546442676,5.716213524278814
mcq,195,6,7,0.4516141375799176,5.635735523675605
mcq,196,0,1,0.44773340364147707,5.580865008535616
mcq,196,0,2,0.4488978831220357,5.598562620927651
mcq,196,0,3,0.4451932769715309,5.563341075236025
mcq,196,0,4,0.4463109714724924,5.5659242559574915
mcq,196,0,5,0.45215499437384954,5.644822776229991
mcq,196,0,6,0.4435575612076375,5.525775210845327
mcq,196,0,7,0.4583577996159862,5.710210993349377
mcq,196,1,2,0.44430633453727025,5.552574593587259
mcq,196,1,3,0.44061161680553373,5.491909934256511
mcq,196,1,4,0.4416615409652152,5.502158813251532
mcq,196,1,5,0.44313134210613325,5.515500284190052
mcq,196,1,6,0.43766476496631923,5.448825626380668
mcq,196,1,7,0.45655521105160474,5.707941044660354
mcq,196,2,3,0.44516018757880293,5.552895404311537
mcq,196,2,4,0.4413122015243947,5.487133752548905
mcq,196,2,5,0.4486250767233259,5.594207379340288
mcq,196,2,6,0.44048110728805834,5.490250134347186
mcq,196,2,7,0.45906166738931725,5.738310719311461
mcq,196,3,4,0.438028743819879,5.451050232448554
mcq,196,3,5,0.4449404441189408,5.5555868511304665
mcq,196,3,6,0.43810672897045494,5.4482712244237845
mcq,196,3,7,0.4558683101653482,5.680994841779211
mcq,196,4,5,0.44547321621476665,5.559857591708104
mcq,196,4,6,0.4377998752641775,5.43667025311448
mcq,196,4,7,0.4529047428569717,5.643404885479484
mcq,196,5,6,0.4419034092505981,5.49976500726309
mcq,196,5,7,0.4592653578200629,5.7162121974064695
mcq,196,6,7,0.45161405821728684,5.635734533301832
mcq,197,0,1,0.44773335358536287,5.580864384600895
mcq,197,0,2,0.4488978547969347,5.598562267662782
mcq,197,0,3,0.44519321175173754,5.563340260219325
mcq,197,0,4,0.44631092825950924,5.565923717050302
mcq,197,0,5,0.4521549292369143,5.6448219630432295
mcq,197,0,6,0.44355750958706897,5.525774567763836
mcq,197,0,7,0.4583577742392598,5.710210677206699
mcq,197,1,2,0.4443062781575706,5.552573889000214
mcq,197,1,3,0.44061142566424977,5.491907551816566
mcq,197,1,4,0.4416614580294096,5.502157780048658
mcq,197,1,5,0.4431312197853742,5.515498761706497
mcq,197,1,6,0.4376647008635257,5.448824828315637
mcq,197,1,7,0.45655517356061887,5.707940575940839
mcq,197,2,3,0.44516008990183686,5.552894185896253
mcq,197,2,4,0.44131212489057914,5.4871327997087285
mcq,197,2,5,0.44862502003991594,5.594206672516781
mcq,197,2,6,0.44048107678763837,5.49024975418347
mcq,197,2,7,0.45906170825967535,5.738311230194488
mcq,197,3,4,0.4380286492223501,5.451049055229275
mcq,197,3,5,0.44494039860563195,5.555586282845107
mcq,197,3,6,0.4381066638109757,5.448270414104078
mcq,197,3,7,0.4558682000893173,5.680993470020416
mcq,197,4,5,0.4454731337861235,5.559856562933532
mcq,197,4,6,0.43779981535118273,5.436669509105139
mcq,197,4,7,0.45290467039112553,5.6434039825211535
mcq,197,5,6,0.44190330518628085,5.499763712117412
mcq,197,5,7,0.4592652323758872,5.716210636074845
mcq,197,6,7,0.4516139865579364,5.635733639058023
mcq,198,0,1,0.44773330821590435,5.580863819083957
mcq,198,0,2,0.4488978318528495,5.598561981508842
mcq,198,0,3,0.4451931558343837,5.563339561450212
mcq,198,0,4,0.44631089066498386,5.56592324821065
mcq,198,0,5,0.45215486894796497,5.644821210380009
mcq,198,0,6,0.4435574659512636,5.525774024155356
mcq,198,0,7,0.458357753972308,5.710210424721477
mcq,198,1,2,0.44430622328991604,5.5525732033094615
mcq,198,1,3,0.44061124617824593,5.491905314651385
mcq,198,1,4,0.4416613771918698,5.502156772985691
mcq,198,1,5,0.4431311065078777,5.515497351781256
mcq,198,1,6,0.437664640397388,5.448824075526135
mcq,198,1,7,0.45655513890786636,5.707940142705463
mcq,198,2,3,0.44516000162858677,5.552893084782231
mcq,198,2,4,0.4413120558401984,5.4871319411585375
mcq,198,2,5,0.44862496835437315,5.594206028015035
mcq,198,2,6,0.44048105148890265,5.490249438854651
mcq,198,2,7,0.4590617467539285,5.738311711375997
mcq,198,3,4,0.43802856621933944,5.4510480222980195
mcq,198,3,5,0.4449403587344652,5.555585785008301
mcq,198,3,6,0.43810660960719905,5.448269740028889
mcq,198,3,7,0.4558681024324108,5.680992253027768
mcq,198,4,5,0.44547305947982024,5.559855635532177
mcq,198,4,6,0.43779976373565704,5.436668868135123
mcq,198,4,7,0.4529046049896089,5.643403167587673
mcq,198,5,6,0.44190321269139393,5.499762560960549
mcq,198,5,7,0.4592651181851282,5.716209214808036
mcq,198,6,7,0.4516139226357907,5.635732841367522
mcq,199,0,1,0.44773327902218785,5.580863455192879
mcq,199,0,2,0.44889780741307794,5.598561676701008
mcq,199,0,3,0.44519310572666404,5.563338935280974
mcq,199,0,4,0.4463108568118032,5.565922826029142
mcq,199,0,5,0.45215481902553467,5.644820587135158
mcq,199,0,6,0.44355741740215654,5.525773419337682
mcq,199,0,7,0.4583577371329064,5.7102102149365965
mcq,199,1,2,0.4443061587989057,5.552572397353935
mcq,199,1,3,0.44061107714509923,5.491903207773622
mcq,199,1,4,0.4416613006444197,5.502155819368071
mcq,199,1,5,0.44313099378594817,5.515495948770963
mcq,199,1,6,0.4376645872259981,5.448823413554564
mcq,199,1,7,0.45655510565466556,5.707939726967552
mcq,199,2,3,0.4451599013963271,5.552891834492404
mcq,199,2,4,0.4413119769919894,5.487130960785306
mcq,199,2,5,0.4486249040819645,5.594205226559206
mcq,199,2,6,0.44048101546928203,5.490248989898444
mcq,199,2,7,0.45906178217637006,5.738312154159593
mcq,199,3,4,0.43802849211170447,5.451047100065297
mcq,199,3,5,0.44494032265978084,5.555585334574889
mcq,199,3,6,0.4381065583654178,5.4482691027889105
mcq,199,3,7,0.4558680101888879,5.680991103496278
mcq,199,4,5,0.4454729931930971,5.559854808221516
mcq,199,4,6,0.4377997085708866,5.436668183090007
mcq,199,4,7,0.45290453812483117,5.643402334421275
mcq,199,5,6,0.44190313207813503,5.499761557677996
mcq,199,5,7,0.4592650099268176,5.716207867379007
mcq,199,6,7,0.451613861790314,5.6357320820710655
mcq,200,0,1,0.4477332361860417,5.580862921252933
mcq,200,0,2,0.44889777649531304,5.598561291100966
mcq,200,0,3,0.44519304595801357,5.563338188384277
mcq,200,0,4,0.4463108165387461,5.565922323785639
mcq,200,0,5,0.45215476838965474,5.644819954983414
mcq,200,0,6,0.44355736078601943,5.525772714022128
mcq,200,0,7,0.4583577068721361,5.710209837948612
mcq,200,1,2,0.4443060994722076,5.55257165593773
mcq,200,1,3,0.4406109063349648,5.491901078746973
mcq,200,1,4,0.4416612223567989,5.502154844071645
mcq,200,1,5,0.4431308896600157,5.515494652752027
mcq,200,1,6,0.43766453366126823,5.448822746686001
mcq,200,1,7,0.45655506457044676,5.707939213324748
mcq,200,2,3,0.4451598040160329,5.552890619777783
mcq,200,2,4,0.441311896806448,5.487129963784115
mcq,200,2,5,0.4486248510370913,5.5942045651070575
mcq,200,2,6,0.4404809798399157,5.49024854580645
mcq,200,2,7,0.4590618119274202,5.738312526050303
mcq,200,3,4,0.438028406527571,5.45104603501325
mcq,200,3,5,0.4449402856340532,5.555584872266622
mcq,200,3,6,0.43810649975344945,5.448268373893691
mcq,200,3,7,0.4558679046952139,5.680989788842453
mcq,200,4,5,0.4454729277619639,5.559853991589294
mcq,200,4,6,0.43779964247321584,5.436667362278351
mcq,200,4,7,0.4529044678654733,5.643401458956821
mcq,200,5,6,0.4419030527113181,5.499760569908195
mcq,200,5,7,0.4592648995537513,5.716206493628827
mcq,200,6,7,0.4516137897722546,5.6357311833508925
mcq,201,0,1,0.447733188998949,5.58086233307972
mcq,201,0,2,0.4488977476994272,5.598560931964564
mcq,201,0,3,0.44519299174620974,5.5633375109285055
mcq,201,0,4,0.4463107775979275,5.565921838156424
mcq,201,0,5,0.4521547216218662,5.644819371121948
mcq,201,0,6,0.44355731210988,5.525772107621903
mcq,201,0,7,0.4583576801941836,5.710209505595289
mcq,201,1,2,0.44430603895072246,5.5525708995900604
mcq,201,1,3,0.44061073584645716,5.491898953729172
mcq,201,1,4,0.44166113937969625,5.502153810354296
mcq,201,1,5,0.4431307768473256,5.515493248612069
mcq,201,1,6,0.43766447422236177,5.448822006685291
mcq,201,1,7,0.4565550278335603,5.707938754033129
mcq,201,2,3,0.4451597131955445,5.552889486889698
mcq,201,2,4,0.4413118210676927,5.487129022072829
mcq,201,2,5,0.44862480662295956,5.59420401127742
mcq,201,2,6,0.44048094810241956,5.490248150223554
mcq,201,2,7,0.4590618406947333,5.738312885644217
mcq,201,3,4,0.438028324081447,5.451045009012171
mcq,201,3,5,0.44494024075222005,5.555584311865954
mcq,201,3,6,0.43810644565535856,5.448267701132803
mcq,201,3,7,0.45586780659276616,5.680988566297505
mcq,201,4,5,0.44547286057123103,5.559853152995878
mcq,201,4,6,0.43779958210534486,5.436666612620284
mcq,201,4,7,0.4529043974530427,5.643400581585008
mcq,201,5,6,0.44190296343457147,5.499759458803106
mcq,201,5,7,0.4592647858702897,5.716205078676057
mcq,201,6,7,0.45161372351503315,5.635730356520762
mcq,202,0,1,0.44773314779589096,5.580861819495738
mcq,202,0,2,0.448897724327604,5.598560640475964
mcq,202,0,3,0.4451929450281037,5.563336927117446
mcq,202,0,4,0.44631074438701346,5.5659214239845936
mcq,202,0,5,0.45215468024140737,5.644818854517334
mcq,202,0,6,0.4435572714762168,5.525771601413672
mcq,202,0,7,0.4583576589917028,5.710209241455267
mcq,202,1,2,0.44430597883439626,5.552570148305733
mcq,202,1,3,0.44061057384743185,5.4918969345267215
mcq,202,1,4,0.4416610590541458,5.502152809669623
mcq,202,1,5,0.44313067130167505,5.515491934922402
mcq,202,1,6,0.43766441721603133,5.4488212969695935
mcq,202,1,7,0.45655499510922015,5.707938344907135
mcq,202,2,3,0.4451596297140172,5.552888445547273
mcq,202,2,4,0.44131175314372273,5.487128177528068
mcq,202,2,5,0.44862476722553507,5.594203520004474
mcq,202,2,6,0.4404809217755197,5.490247822079478
mcq,202,2,7,0.4590618685791615,5.738313234201991
mcq,202,3,4,0.43802825109109106,5.451044100683432
mcq,202,3,5,0.44494020104920273,5.555583816128684
mcq,202,3,6,0.43810640038089044,5.448267138102003
mcq,202,3,7,0.45586771980667884,5.6809874847761455
mcq,202,4,5,0.44547280123355537,5.559852412414818
mcq,202,4,6,0.43779952995476007,5.436665965005816
mcq,202,4,7,0.4529043344564247,5.64339979661769
mcq,202,5,6,0.44190288357633406,5.499758464917269
mcq,202,5,7,0.4592646836725329,5.716203806679261
mcq,202,6,7,0.45161366474862424,5.635729623169189
mcq,203,0,1,0.4477331110326212,5.580861361252407
mcq,203,0,2,0.4488977059261814,5.598560410977183
mcq,203,0,3,0.44519290225045194,5.563336392548127
mcq,203,0,4,0.44631071316904336,5.565921034666678
mcq,203,0,5,0.4521546443975337,5.644818407032917
mcq,203,0,6,0.44355722367220246,5.525771005878254
mcq,203,0,7,0.4583576399208134,5.710209003870563
mcq,203,1,2,0.4443059188507623,5.552569398679685
mcq,203,1,3,0.4406104229501437,5.491895053699516
mcq,203,1,4,0.44166098382040814,5.502151872418052
mcq,203,1,5,0.4431305571181801,5.515490513720517
mcq,203,1,6,0.4376643672852208,5.44882067534249
mcq,203,1,7,0.4565549612198056,5.707937921215158
mcq,203,2,3,0.44515954131481206,5.552887342862096
mcq,203,2,4,0.44131169152093097,5.487127411330126
mcq,203,2,5,0.4486247214233081,5.594202948865746
mcq,203,2,6,0.440480895332711,5.490247492490691
mcq,203,2,7,0.45906189983985257,5.738313624963345
mcq,203,3,4,0.43802818772999147,5.451043312186006
mcq,203,3,5,0.4449401565408157,5.555583260390915
mcq,203,3,6,0.43810636047185103,5.448266641795381
mcq,203,3,7,0.45586764103902194,5.680986503179833
mcq,203,4,5,0.4454727458081,5.559851720661357
mcq,203,4,6,0.4377994751765242,5.436665284760749
mcq,203,4,7,0.4529042699029174,5.643398992250802
mcq,203,5,6,0.4419028050679302,5.499757487830958
mcq,203,5,7,0.4592645833416849,5.716202557918806
mcq,203,6,7,0.45161361019798485,5.635728942426602
mcq,204,0,1,0.4477330584837319,5.580860706245979
mcq,204,0,2,0.4488976762515301,5.598560040880999
mcq,204,0,3,0.445192841693776,5.5633356358039
mcq,204,0,4,0.4463106753440607,5.5659205629530035
mcq,204,0,5,0.45215460866001,5.6448179608762
mcq,204,0,6,0.4435571681035722,5.525770313612387
mcq,204,0,7,0.45835761022059857,5.710208633865966
mcq,204,1,2,0.4443058641203065,5.552568714703529
mcq,204,1,3,0.44061026126570607,5.491893038418177
mcq,204,1,4,0.44166090618475423,5.502150905243739
mcq,204,1,5,0.4431304523690468,5.5154892099448185
mcq,204,1,6,0.4376643162531436,5.448820040004871
mcq,204,1,7,0.45655492506695794,5.707937469225304
mcq,204,2,3,0.44515944701238747,5.5528861665405955
mcq,204,2,4,0.44131162783402944,5.487126619467708
mcq,204,2,5,0.448624684966721,5.594202494264076
mcq,204,2,6,0.4404808681340317,5.490247153480572
mcq,204,2,7,0.45906193260718775,5.738314034557881
mcq,204,3,4,0.4380281060975905,5.451042296311308
mcq,204,3,5,0.44494010529489536,5.55558262052739
mcq,204,3,6,0.4381063051066777,5.448265953277126
mcq,204,3,7,0.4558675482761543,5.68098534717631
mcq,204,4,5,0.4454726908796988,5.559851035111526
mcq,204,4,6,0.43779941141135503,5.4366644929144785
mcq,204,4,7,0.4529042017540671,5.6433981430842595
mcq,204,5,6,0.4419027323279886,5.499756582536775
mcq,204,5,7,0.4592644819005537,5.716201295339293
mcq,204,6,7,0.4516135478181357,5.635728163982566
mcq,205,0,1,0.44773300468818195,5.580860035700293
mcq,205,0,2,0.44889765548234806,5.598559781852007
mcq,205,0,3,0.4451927863252781,5.563334943893544
mcq,205,0,4,0.4463106411532529,5.565920136560962
mcq,205,0,5,0.45215458412491977,5.644817654573631
mcq,205,0,6,0.44355712399757025,5.5257697641462675
mcq,205,0,7,0.4583575875922019,5.710208351961917
mcq,205,1,2,0.4443058090484869,5.552568026461291
mcq,205,1,3,0.4406100988719306,5.4918910142954465
mcq,205,1,4,0.4416608241425838,5.502149883173649
mcq,205,1,5,0.4431303350314119,5.5154877494844605
mcq,205,1,6,0.4376642648825202,5.448819400452428
mcq,205,1,7,0.45655489071656524,5.707937039770089
mcq,205,2,3,0.4451593571900873,5.552885046103836
mcq,205,2,4,0.4413115670700967,5.487125863948543
mcq,205,2,5,0.4486246585396907,5.594202164727688
mcq,205,2,6,0.4404808437217678,5.490246849200927
mcq,205,2,7,0.45906196476005584,5.7383144364715255
mcq,205,3,4,0.43802802691328047,5.451041310901885
mcq,205,3,5,0.44494005297666117,5.555581967274808
mcq,205,3,6,0.4381062510585128,5.448265281137115
mcq,205,3,7,0.45586746159745917,5.6809842669932635
mcq,205,4,5,0.4454726332123002,5.559850315376843
mcq,205,4,6,0.437799349780949,5.436663727578045
mcq,205,4,7,0.45290413097819343,5.643397261183777
mcq,205,5,6,0.44190264724198586,5.499755523588121
mcq,205,5,7,0.45926437992464664,5.716200026103733
mcq,205,6,7,0.4516134920924458,5.6357274685764125
mcq,206,0,1,0.4477329579860003,5.580859453571354
mcq,206,0,2,0.4488976406418079,5.598559596763825
mcq,206,0,3,0.4451927389135923,5.563334351415191
mcq,206,0,4,0.4463106129995102,5.56591978545689
mcq,206,0,5,0.4521545634541704,5.644817396514517
mcq,206,0,6,0.4435570884862826,5.525769321751841
mcq,206,0,7,0.45835757133117966,5.710208149382474
mcq,206,1,2,0.444305755138855,5.552567352743117
mcq,206,1,3,0.44060994522048175,5.49188909913959
mcq,206,1,4,0.44166074528631905,5.502148900793134
mcq,206,1,5,0.4431302244121275,5.515486372645054
mcq,206,1,6,0.4376642166416957,5.448818799865262
mcq,206,1,7,0.45655485874575924,5.707936640064924
mcq,206,2,3,0.4451592755831479,5.552884028144883
mcq,206,2,4,0.4413115121763325,5.487125181417161
mcq,206,2,5,0.4486246353345655,5.594201875367396
mcq,206,2,6,0.44048082336933525,5.490246595523882
mcq,206,2,7,0.45906199538822645,5.738314819326319
mcq,206,3,4,0.43802795708868225,5.451040441969428
mcq,206,3,5,0.4449400063083602,5.55558138456806
mcq,206,3,6,0.4381062060750143,5.448264721724798
mcq,206,3,7,0.4558673851963061,5.680983314888134
mcq,206,4,5,0.44547258189090816,5.559849674845334
mcq,206,4,6,0.4377992967711252,5.436663069293408
mcq,206,4,7,0.452904067186657,5.643396466311402
mcq,206,5,6,0.4419025713521393,5.499754579091396
mcq,206,5,7,0.4592642880494077,5.71619888258539
mcq,206,6,7,0.45161344234944734,5.635726847828832
mcq,207,0,1,0.44773292519022045,5.580859044781617
mcq,207,0,2,0.44889762075876893,5.598559348786628
mcq,207,0,3,0.445192696498691,5.563333821378969
mcq,207,0,4,0.44631058964151255,5.56591949416034
mcq,207,0,5,0.4521545484442902,5.644817209127195
mcq,207,0,6,0.4435570461528621,5.525768794368282
mcq,207,0,7,0.4583575634759121,5.71020805152173
mcq,207,1,2,0.44430569036110873,5.552566543204201
mcq,207,1,3,0.44060979155998503,5.491887183870959
mcq,207,1,4,0.44166067716959145,5.502148052204298
mcq,207,1,5,0.44313011272576214,5.515484982524063
mcq,207,1,6,0.43766417944648073,5.448818336793394
mcq,207,1,7,0.4565548298783369,5.707936279158859
mcq,207,2,3,0.44515917617289597,5.552882788108719
mcq,207,2,4,0.4413114419063112,5.487124307702353
mcq,207,2,5,0.4486245914471236,5.594201328105409
mcq,207,2,6,0.4404807875068721,5.490246148526519
mcq,207,2,7,0.4590620228243908,5.738315162280756
mcq,207,3,4,0.43802789290604666,5.451039643248396
mcq,207,3,5,0.44493996009446285,5.5555808075350575
mcq,207,3,6,0.43810616153562487,5.448264167835396
mcq,207,3,7,0.4558673121242014,5.680982404269342
mcq,207,4,5,0.44547253648583135,5.559849108154113
mcq,207,4,6,0.43779924265976566,5.43666239732972
mcq,207,4,7,0.45290400297554445,5.643395666210913
mcq,207,5,6,0.4419025015884541,5.499753710838592
mcq,207,5,7,0.4592641991089348,5.7161977755943925
mcq,207,6,7,0.45161339553164115,5.635726263585002
mcq,208,0,1,0.447732877427578,5.580858449434346
mcq,208,0,2,0.4488975893444601,5.598558956993791
mcq,208,0,3,0.4451926401611145,5.563333117358559
mcq,208,0,4,0.4463105495045018,5.565918993613466
mcq,208,0,5,0.4521545294814744,5.644816972390378
mcq,208,0,6,0.4435569949791255,5.525768156853356
mcq,208,0,7,0.4583575506809546,5.710207892122441
mcq,208,1,2,0.4443056311810767,5.552565803620907
mcq,208,1,3,0.4406096336306259,5.491885215393998
mcq,208,1,4,0.4416606035947246,5.502147135618712
mcq,208,1,5,0.44313001336206786,5.5154837457790356
mcq,208,1,6,0.4376641411086643,5.4488178594964
mcq,208,1,7,0.45655480111542013,5.707935919559342
mcq,208,2,3,0.44515907492587264,5.552881525160805
mcq,208,2,4,0.4413113612095248,5.487123304344506
mcq,208,2,5,0.44862455297589354,5.594200848381804
mcq,208,2,6,0.44048075065372916,5.490245689181114
mcq,208,2,7,0.45906205676380996,5.7383155865264435
mcq,208,3,4,0.43802780227978133,5.45103851544952
mcq,208,3,5,0.4449399063771777,5.5555801368137345
mcq,208,3,6,0.43810610677618284,5.448263486849982
mcq,208,3,7,0.4558672350877261,5.680981444246877
mcq,208,4,5,0.44547248227381697,5.559848431545355
mcq,208,4,6,0.4377991648150203,5.436661430640976
mcq,208,4,7,0.45290392619869596,5.643394709535478
mcq,208,5,6,0.4419024314252239,5.499752837613198
mcq,208,5,7,0.4592641035126181,5.716196585761931
mcq,208,6,7,0.45161334088254446,5.635725581613757
mcq,209,0,1,0.44773282776463713,5.580857830400415
mcq,209,0,2,0.44889755871601317,5.5985585750020626
mcq,209,0,3,0.4451925881991287,5.563332468017554
mcq,209,0,4,0.4463105094133243,5.5659184936381765
mcq,209,0,5,0.4521545001168786,5.644816605794982
mcq,209,0,6,0.44355694709636156,5.525767560336888
mcq,209,0,7,0.45835754263855205,5.710207791930375
mcq,209,1,2,0.4443055703884998,5.552565043885357
mcq,209,1,3,0.4406094746921783,5.491883234339468
mcq,209,1,4,0.4416605246286156,5.5021461518697725
mcq,209,1,5,0.44312991393647544,5.515482508263583
mcq,209,1,6,0.43766410251238325,5.448817378981581
mcq,209,1,7,0.4565547752587121,5.707935596293806
mcq,209,2,3,0.44515898035258233,5.552880345460545
mcq,209,2,4,0.4413112843676279,5.487122348917113
mcq,209,2,5,0.4486245141879536,5.594200364708931
mcq,209,2,6,0.4404807185173801,5.490245288626829
mcq,209,2,7,0.45906209059262165,5.7383160093895285
mcq,209,3,4,0.4380277149765355,5.451037429003972
mcq,209,3,5,0.44493984931379743,5.555579424312614
mcq,209,3,6,0.43810605628462723,5.448262858939769
mcq,209,3,7,0.45586716213808426,5.680980535154208
mcq,209,4,5,0.44547242326096376,5.559847695018336
mcq,209,4,6,0.43779909159045344,5.436660521326362
mcq,209,4,7,0.4529038497025707,5.643393756357987
mcq,209,5,6,0.44190235584499227,5.499751896969826
mcq,209,5,7,0.45926399905590015,5.716195285649142
mcq,209,6,7,0.45161329227284513,5.635724975008722
mcq,210,0,1,0.44773278452182896,5.580857291391547
mcq,210,0,2,0.448897533505987,5.59855826058777
mcq,210,0,3,0.44519254329364216,5.563331906857828
mcq,210,0,4,0.4463104751982368,5.565918066943344
mcq,210,0,5,0.4521544743719767,5.644816284388804
mcq,210,0,6,0.4435569064552884,5.5257670540363435
mcq,210,0,7,0.4583575378935264,5.710207732816953
mcq,210,1,2,0.44430550865037377,5.552564272333111
mcq,210,1,3,0.4406093231877965,5.491881345945273
mcq,210,1,4,0.4416604480917553,5.5021451983840794
mcq,210,1,5,0.44312981843111526,5.515481319541886
mcq,210,1,6,0.4376640654331456,5.448816917353604
mcq,210,1,7,0.4565547495323939,5.707935274658428
mcq,210,2,3,0.4451588933430607,5.552879260110178
mcq,210,2,4,0.4413112149805189,5.487121486180151
mcq,210,2,5,0.4486244795908696,5.594199933294655
mcq,210,2,6,0.44048069120846073,5.490244948242655
mcq,210,2,7,0.45906212250101874,5.738316408247264
mcq,210,3,4,0.4380276376455519,5.451036466658277
mcq,210,3,5,0.44493979817899204,5.555578785836485
mcq,210,3,6,0.43810601487922113,5.448262344024412
mcq,210,3,7,0.45586709757410243,5.68097973056297
mcq,210,4,5,0.44547237076454704,5.559847039821592
mcq,210,4,6,0.4377990274249754,5.436659724508991
mcq,210,4,7,0.4529037803952355,5.64339289275618
mcq,210,5,6,0.4419022890847234,5.499751066096421
mcq,210,5,7,0.4592639047698383,5.716194112124669
mcq,210,6,7,0.45161324876600895,5.6357244320828
mcq,211,0,1,0.4477327547234474,5.580856919963497
mcq,211,0,2,0.44889751310038045,5.598558006093217
mcq,211,0,3,0.44519250088626505,5.563331376915631
mcq,211,0,4,0.4463104457445986,5.565917699628333
mcq,211,0,5,0.45215445238430174,5.644816009888842
mcq,211,0,6,0.4435568641980566,5.525766527601932
mcq,211,0,7,0.45835753679656205,5.710207719150997
mcq,211,1,2,0.44430545295158813,5.552563576255567
mcq,211,1,3,0.44060916822770235,5.491879414478085
mcq,211,1,4,0.441660375632124,5.502144295691946
mcq,211,1,5,0.4431297184574201,5.515480075204391
mcq,211,1,6,0.43766401958359863,5.448816346537293
mcq,211,1,7,0.4565547271317848,5.707934994601707
mcq,211,2,3,0.4451588077914289,5.552878192945422
mcq,211,2,4,0.44131115269845145,5.487120711784988
mcq,211,2,5,0.4486244397086479,5.5941994359764475
mcq,211,2,6,0.4404806683377802,5.490244663177632
mcq,211,2,7,0.4590621527261745,5.7383167860643365
mcq,211,3,4,0.4380275681424199,5.451035601726308
mcq,211,3,5,0.4449397545261433,5.555578240781084
mcq,211,3,6,0.43810597989478506,5.4482619089598865
mcq,211,3,7,0.4558670336773889,5.680978934287178
mcq,211,4,5,0.44547232199298337,5.559846431113955
mcq,211,4,6,0.4377989717199209,5.436659032754539
mcq,211,4,7,0.4529037074489791,5.643391983811714
mcq,211,5,6,0.44190222648880545,5.499750287050973
mcq,211,5,7,0.4592638170430208,5.716193020239344
mcq,211,6,7,0.45161320396947036,5.63572387306256
mcq,212,0,1,0.44773271682928284,5.580856447623897
mcq,212,0,2,0.44889748847770017,5.598557699004183
mcq,212,0,3,0.4451924364070907,5.563330571154049
mcq,212,0,4,0.4463104101477955,5.565917255702186
mcq,212,0,5,0.4521544300836646,5.644815731481779
mcq,212,0,6,0.44355681834815297,5.525765956410539
mcq,212,0,7,0.45835753113643646,5.710207648637281
mcq,212,1,2,0.44430540195212603,5.5525629389062985
mcq,212,1,3,0.4406089960314562,5.491877268174541
mcq,212,1,4,0.4416602996708253,5.50214334937652
mcq,212,1,5,0.4431296308174011,5.515478984379834
mcq,212,1,6,0.43766397026593573,5.4488157325437365
mcq,212,1,7,0.45655469755355405,5.707934624808978
mcq,212,2,3,0.44515871255583706,5.552877004983661
mcq,212,2,4,0.4413110840675364,5.487119858450298
mcq,212,2,5,0.448624407112671,5.59419902951532
mcq,212,2,6,0.44048064342239335,5.490244352626955
mcq,212,2,7,0.459062190712057,5.738317260891168
mcq,212,3,4,0.43802747182932816,5.451034403157702
mcq,212,3,5,0.44493969814517875,5.5555775368006985
mcq,212,3,6,0.4381059234447545,5.448261206950407
mcq,212,3,7,0.45586694764724267,5.680977862186297
mcq,212,4,5,0.44547226826514713,5.559845760548122
mcq,212,4,6,0.43779890505002717,5.436658204836926
mcq,212,4,7,0.4529036334167149,5.643391061335082
mcq,212,5,6,0.4419021708702634,5.499749594843344
mcq,212,5,7,0.459263729391416,5.71619192929015
mcq,212,6,7,0.451613145299198,5.635723140910684
mcq,213,0,1,0.44773267497823277,5.580855925962884
mcq,213,0,2,0.448897462477984,5.598557374741039
mcq,213,0,3,0.4451923762910792,5.563329819916568
mcq,213,0,4,0.44631037148443803,5.565916773533177
mcq,213,0,5,0.45215440297945986,5.644815393105704
mcq,213,0,6,0.4435567781116358,5.5257654551498945
mcq,213,0,7,0.45835753168233806,5.710207655438111
mcq,213,1,2,0.44430534967678037,5.552562285612088
mcq,213,1,3,0.4406088229515099,5.491875110856303
mcq,213,1,4,0.441660217881495,5.5021423304562775
mcq,213,1,5,0.4431295316743666,5.515477750381281
mcq,213,1,6,0.43766391463427484,5.4488150399423585
mcq,213,1,7,0.45655467013047557,5.707934281960377
mcq,213,2,3,0.4451586228926563,5.552875886531746
mcq,213,2,4,0.4413110183701815,5.487119041590551
mcq,213,2,5,0.4486243701390771,5.594198568466745
mcq,213,2,6,0.44048062110482816,5.490244074456079
mcq,213,2,7,0.4590622280852171,5.738317728058916
mcq,213,3,4,0.438027380309281,5.451033264236155
mcq,213,3,5,0.44493963864985286,5.555576793933974
mcq,213,3,6,0.43810587169795523,5.448260563430052
mcq,213,3,7,0.4558668660368659,5.680976845164233
mcq,213,4,5,0.44547220352474914,5.559844952536821
mcq,213,4,6,0.43779884507512445,5.436657460058802
mcq,213,4,7,0.4529035612247824,5.643390161789845
mcq,213,5,6,0.44190209978043327,5.499748710085833
mcq,213,5,7,0.4592636334321662,5.716190734940468
mcq,213,6,7,0.45161309205025857,5.635722476412134
mcq,214,0,1,0.44773263866549373,5.580855473335286
mcq,214,0,2,0.4488974429347086,5.598557131001304
mcq,214,0,3,0.445192323685545,5.563329162533485
mcq,214,0,4,0.4463103384174948,5.565916361156799
mcq,214,0,5,0.45215437839209743,5.6448150861505555
mcq,214,0,6,0.4435567448591956,5.525765040895859
mcq,214,0,7,0.4583575344756765,5.710207690237458
mcq,214,1,2,0.44430529755882703,5.552561634284836
mcq,214,1,3,0.4406086600296937,5.4918730801519215
mcq,214,1,4,0.4416601392244313,5.502141350557382
mcq,214,1,5,0.44312943809976263,5.515476585691029
mcq,214,1,6,0.43766386263902085,5.448814392613409
mcq,214,1,7,0.45655464484672614,5.707933965858079
mcq,214,2,3,0.44515854098647006,5.5528748648400095
mcq,214,2,4,0.44131095906972595,5.487118304267789
mcq,214,2,5,0.4486243357895542,5.594198140139476
mcq,214,2,6,0.44048060253127935,5.490243842951419
mcq,214,2,7,0.4590622633801879,5.7383181692491165
mcq,214,3,4,0.4380272990892538,5.451032253493243
mcq,214,3,5,0.444939586029824,5.5555761369131424
mcq,214,3,6,0.4381058285578761,5.448260026942397
mcq,214,3,7,0.4558667940374206,5.680975947912838
mcq,214,4,5,0.44547214445262623,5.559844215270069
mcq,214,4,6,0.4377987928813263,5.436656811907704
mcq,214,4,7,0.4529034959301464,5.643389348188147
mcq,214,5,6,0.44190203664931793,5.499747924379519
mcq,214,5,7,0.45926354625425775,5.716189649887099
mcq,214,6,7,0.45161304477268566,5.635721886430831
mcq,215,0,1,0.4477326210554593,5.580855253831394
mcq,215,0,2,0.4488974327580065,5.598557004079555
mcq,215,0,3,0.44519227687066293,5.563328577513068
mcq,215,0,4,0.4463103088707604,5.56591599268079
mcq,215,0,5,0.4521543580354543,5.644814832012827
mcq,215,0,6,0.4435567027877153,5.525764516775512
mcq,215,0,7,0.458357540075499,5.710207759999919
mcq,215,1,2,0.44430525375631846,5.552561086877164
mcq,215,1,3,0.44060850011343483,5.491871086909671
mcq,215,1,4,0.4416600688377987,5.50214047369038
mcq,215,1,5,0.4431293484600308,5.5154754699767485
mcq,215,1,6,0.4376638194199916,5.448813854546439
mcq,215,1,7,0.4565546271757358,5.70793374493196
mcq,215,2,3,0.44515845972820167,5.552873851230352
mcq,215,2,4,0.44131090633340475,5.48711764856136
mcq,215,2,5,0.4486243033198918,5.594197735253449
mcq,215,2,6,0.44048058733270384,5.4902436535131445
mcq,215,2,7,0.4590622995485793,5.73831862135715
mcq,215,3,4,0.43802722447788683,5.451031324991826
mcq,215,3,5,0.44493954050834966,5.5555755685258275
mcq,215,3,6,0.4381057895876908,5.4482595423113125
mcq,215,3,7,0.45586672353874386,5.680975069363901
mcq,215,4,5,0.4454720907000702,5.559843544395714
mcq,215,4,6,0.43779873764046545,5.436656125917684
mcq,215,4,7,0.4529034307803714,5.643388536391484
mcq,215,5,6,0.4419019845795856,5.499747276339052
mcq,215,5,7,0.45926346732116624,5.716188667452232
mcq,215,6,7,0.45161300165797824,5.635721348398321
mcq,216,0,1,0.4477325948172085,5.580854926779326
mcq,216,0,2,0.4488974209975501,5.598556857405548
mcq,216,0,3,0.445192216934113,5.563327828518221
mcq,216,0,4,0.4463102760225029,5.565915583031633
mcq,216,0,5,0.4521543352034123,5.644814546971564
mcq,216,0,6,0.44355665666137384,5.525763942140298
mcq,216,0,7,0.45835754149206154,5.710207777647422
mcq,216,1,2,0.44430521491833846,5.552560601512081
mcq,216,1,3,0.44060833237078484,5.49186899611703
mcq,216,1,4,0.4416599973778209,5.502139583451792
mcq,216,1,5,0.4431292678321645,5.515474466429995
mcq,216,1,6,0.43766377491847114,5.448813300512748
mcq,216,1,7,0.4565546084118995,5.70793351034287
mcq,216,2,3,0.44515837716720114,5.55287282137051
mcq,216,2,4,0.4413108477397857,5.487116920027175
mcq,216,2,5,0.4486242746458677,5.5941973776977845
mcq,216,2,6,0.4404805691579406,5.490243426979033
mcq,216,2,7,0.45906233667390767,5.73831908542698
mcq,216,3,4,0.4380271315603398,5.451030168679087
mcq,216,3,5,0.44493948728959676,5.555574904029247
mcq,216,3,6,0.4381057347483454,5.448258860332224
mcq,216,3,7,0.45586664095434587,5.680974040203663
mcq,216,4,5,0.44547203660429285,5.559842869237685
mcq,216,4,6,0.4377986707992743,5.436655295872872
mcq,216,4,7,0.45290336470424253,5.64338771305202
mcq,216,5,6,0.4419019307084649,5.499746605879177
mcq,216,5,7,0.45926338289150825,5.716187616604759
mcq,216,6,7,0.45161294354089127,5.635720623149697
mcq,217,0,1,0.4477325636956393,5.580854538858131
mcq,217,0,2,0.4488974177964478,5.598556817482055
mcq,217,0,3,0.44519215879867025,5.5633271020308435
mcq,217,0,4,0.4463102416413593,5.565915154265922
mcq,217,0,5,0.4521542992640168,5.644814098294627
mcq,217,0,6,0.44355661397454277,5.525763410354001
mcq,217,0,7,0.4583575335345165,5.710207678512508
mcq,217,1,2,0.44430517492376087,5.5525601016927935
mcq,217,1,3,0.44060816555113963,5.491866916828986
mcq,217,1,4,0.4416599187112186,5.502138603434067
mcq,217,1,5,0.443129185716182,5.515473444361183
mcq,217,1,6,0.4376637308073241,5.4488127513391165
mcq,217,1,7,0.45655458951397776,5.707933274077418
mcq,217,2,3,0.4451582997045252,5.552871855106794
mcq,217,2,4,0.4413107906954409,5.4871162107561675
mcq,217,2,5,0.4486242396460831,5.5941969412619645
mcq,217,2,6,0.44048055461332813,5.490243245691892
mcq,217,2,7,0.45906237272427036,5.738319536059645
mcq,217,3,4,0.438027040337288,5.4510290334535005
mcq,217,3,5,0.44493943245478174,5.555574219354295
mcq,217,3,6,0.43810568494530283,5.448258240984321
mcq,217,3,7,0.45586656386944857,5.680973079577767
mcq,217,4,5,0.4454719678418828,5.559842011028497
mcq,217,4,6,0.43779860512228996,5.436654480285369
mcq,217,4,7,0.45290329590130757,5.643386855735276
mcq,217,5,6,0.4419018695032353,5.499745844141717
mcq,217,5,7,0.4592632890780742,5.716186448962813
mcq,217,6,7,0.4516128913929781,5.635719972390959
mcq,218,0,1,0.44773253717461137,5.5808542082813295
mcq,218,0,2,0.44889741738164235,5.5985568123086855
mcq,218,0,3,0.4451921082927712,5.563326470885772
mcq,218,0,4,0.4463102128437158,5.565914795131792
mcq,218,0,5,0.4521542669731889,5.6448136951673735
mcq,218,0,6,0.4435565779922058,5.525762962091311
mcq,218,0,7,0.4583575275726155,5.710207604239281
mcq,218,1,2,0.4443051351971646,5.552559605222516
mcq,218,1,3,0.44060800771363023,5.491864949496867
mcq,218,1,4,0.44165984388800295,5.5021376712967225
mcq,218,1,5,0.4431291068669406,5.51547246295235
mcq,218,1,6,0.4376636917446688,5.448812265018045
mcq,218,1,7,0.45655457109964714,5.707933043857916
mcq,218,2,3,0.44515822851062836,5.552870967039366
mcq,218,2,4,0.44131073913631225,5.487115569686571
mcq,218,2,5,0.44862420831662775,5.594196550593945
mcq,218,2,6,0.4404805433662376,5.490243105505765
mcq,218,2,7,0.4590624064504146,5.738319957639377
mcq,218,3,4,0.43802695912682704,5.451028022829635
mcq,218,3,5,0.44493938454742227,5.555573621176494
mcq,218,3,6,0.4381056449632373,5.44825774376955
mcq,218,3,7,0.4558664955848871,5.68097222862096
mcq,218,4,5,0.44547190644554885,5.5598412447537555
mcq,218,4,6,0.43779854846577276,5.436653776715498
mcq,218,4,7,0.4529032333036018,5.643386075738591
mcq,218,5,6,0.4419018166865532,5.499745186804993
mcq,218,5,7,0.459263204122193,5.716185391565742
mcq,218,6,7,0.45161284519025985,5.635719395822869
mcq,219,0,1,0.44773253143375197,5.580854136723207
mcq,219,0,2,0.4488974214686936,5.598556863281553
mcq,219,0,3,0.4451920580650601,5.563325843217065
mcq,219,0,4,0.44631018702286307,5.5659144731210874
mcq,219,0,5,0.45215423749038597,5.644813327096249
mcq,219,0,6,0.4435565340765974,5.525762414997085
mcq,219,0,7,0.4583575237898159,5.710207557113251
mcq,219,1,2,0.4443051042642577,5.5525592186485255
mcq,219,1,3,0.44060785099404426,5.491862996098867
mcq,219,1,4,0.4416597869616621,5.502136962116188
mcq,219,1,5,0.4431290233818229,5.515471423842391
mcq,219,1,6,0.4376636657507791,5.448811941400099
mcq,219,1,7,0.45655455541787315,5.707932847801362
mcq,219,2,3,0.44515815726443164,5.552870078319554
mcq,219,2,4,0.4413106963639673,5.487115037869012
mcq,219,2,5,0.44862417220220263,5.594196100258923
mcq,219,2,6,0.44048053297158146,5.490242975944562
mcq,219,2,7,0.45906244239965377,5.738320407007991
mcq,219,3,4,0.4380268832859587,5.451027079027684
mcq,219,3,5,0.44493933875515995,5.555573049408084
mcq,219,3,6,0.438105599994515,5.448257184540989
mcq,219,3,7,0.4558664298265506,5.680971409145769
mcq,219,4,5,0.44547184862646827,5.5598405231259616
mcq,219,4,6,0.437798490751846,5.436653060014542
mcq,219,4,7,0.45290317220890147,5.643385314470055
mcq,219,5,6,0.4419017697351115,5.499744602464862
mcq,219,5,7,0.45926312169484446,5.716184365639864
mcq,219,6,7,0.4516128036164989,5.6357188770199755
mcq,220,0,1,0.4477325102092439,5.5808538721659655
mcq,220,0,2,0.44889740705693953,5.598556683541103
mcq,220,0,3,0.44519198896142065,5.563324979666028
mcq,220,0,4,0.44631015217747033,5.5659140385657455
mcq,220,0,5,0.452154208105636,5.644812960249243
mcq,220,0,6,0.4435564773910759,5.525761708817151
mcq,220,0,7,0.45835751432633864,5.710207439217467
mcq,220,1,2,0.44430507347741105,5.552558833899875
mcq,220,1,3,0.4406076874884865,5.491860958118562
mcq,220,1,4,0.44165972864913516,5.502136235666737
mcq,220,1,5,0.44312894837674494,5.515470490280511
mcq,220,1,6,0.43766363830545035,5.448811599712071
mcq,220,1,7,0.45655453829681486,5.707932633750599
mcq,220,2,3,0.4451580769361853,5.552869076310923
mcq,220,2,4,0.4413106481992588,5.487114439004542
mcq,220,2,5,0.448624143190553,5.5941957384931795
mcq,220,2,6,0.44048051876197397,5.490242798832995
mcq,220,2,7,0.45906248975427183,5.73832099894483
mcq,220,3,4,0.43802679314681,5.451025957290733
mcq,220,3,5,0.44493928664540067,5.555572398758548
mcq,220,3,6,0.438105542036158,5.448256463774044
mcq,220,3,7,0.4558663515268025,5.680970433380499
mcq,220,4,5,0.44547179363978134,5.5598398368486786
mcq,220,4,6,0.43779842520239587,5.43665224601078
mcq,220,4,7,0.4529031135473521,5.643384583519718
mcq,220,5,6,0.44190172547497353,5.499744051619692
mcq,220,5,7,0.4592630408608992,5.716183359546163
mcq,220,6,7,0.4516127495665542,5.635718202525604
mcq,221,0,1,0.44773248703839386,5.580853583348144
mcq,221,0,2,0.4488973938492661,5.5985565188177
mcq,221,0,3,0.44519192573434613,5.563324189551265
mcq,221,0,4,0.44631012055048397,5.565913644147007
mcq,221,0,5,0.4521541673166998,5.644812451029353
mcq,221,0,6,0.44355642930266637,5.52576110973878
mcq,221,0,7,0.4583575100220865,5.710207385595193
mcq,221,1,2,0.44430504075532384,5.552558424966183
mcq,221,1,3,0.440607525137969,5.491858934535013
mcq,221,1,4,0.44165966433031684,5.502135434391732
mcq,221,1,5,0.443128859079426,5.515469378828124
mcq,221,1,6,0.4376636069725969,5.448811209625254
mcq,221,1,7,0.4565545234690886,5.707932448371514
mcq,221,2,3,0.4451580015850177,5.552868136386007
mcq,221,2,4,0.4413106014490513,5.487113857727523
mcq,221,2,5,0.4486241134160195,5.594195367214525
mcq,221,2,6,0.44048050664549393,5.490242647810612
mcq,221,2,7,0.4590625362531166,5.7383215801844285
mcq,221,3,4,0.43802670724052084,5.451024888229618
mcq,221,3,5,0.444939225778549,5.555571638766766
mcq,221,3,6,0.4381054914449604,5.448255834624689
mcq,221,3,7,0.4558662803693808,5.680969546622335
mcq,221,4,5,0.4454717357432239,5.559839114253912
mcq,221,4,6,0.4377983637986844,5.436651483489477
mcq,221,4,7,0.45290305551985505,5.64338386046997
mcq,221,5,6,0.4419016672464371,5.499743326929046
mcq,221,5,7,0.4592629451660594,5.716182168487441
mcq,221,6,7,0.4516127013557853,5.635717600898861
mcq,222,0,1,0.4477324680409797,5.580853346550972
mcq,222,0,2,0.44889738534657225,5.598556412773841
mcq,222,0,3,0.4451918708185314,5.563323503297847
mcq,222,0,4,0.44631009368689434,5.565913309132377
mcq,222,0,5,0.4521541310575935,5.644811998361061
mcq,222,0,6,0.44355638908800077,5.525760608750359
mcq,222,0,7,0.45835750876087267,5.710207369883019
mcq,222,1,2,0.44430500677895196,5.5525580003574735
mcq,222,1,3,0.44060737184224635,5.491857023813029
mcq,222,1,4,0.44165960223282064,5.502134660789654
mcq,222,1,5,0.4431287741660412,5.515468321941026
mcq,222,1,6,0.43766357689832114,5.448810835207441
mcq,222,1,7,0.45655450948960896,5.707932273597371
mcq,222,2,3,0.4451579334919037,5.5528672869975155
mcq,222,2,4,0.441310559779002,5.4871133396155525
mcq,222,2,5,0.44862408772714085,5.5941950468826445
mcq,222,2,6,0.4404804982211904,5.490242542808303
mcq,222,2,7,0.4590625800212156,5.738322127289468
mcq,222,3,4,0.4380266315926433,5.451023946829342
mcq,222,3,5,0.4449391725732308,5.5555709744379325
mcq,222,3,6,0.43810545060368794,5.448255326724867
mcq,222,3,7,0.4558662171925274,5.680968759317382
mcq,222,4,5,0.4454716841358515,5.559838470153142
mcq,222,4,6,0.4377983105475997,5.436650822208822
mcq,222,4,7,0.4529030027022527,5.6433832023379455
mcq,222,5,6,0.4419016160840379,5.499742690180909
mcq,222,5,7,0.4592628591541572,5.716181097946682
mcq,222,6,7,0.45161265805642004,5.635717060561988
mcq,223,0,1,0.4477324656972107,5.580853317336581
mcq,223,0,2,0.44889737842358596,5.598556326431771
mcq,223,0,3,0.445191816912983,5.563322829669185
mcq,223,0,4,0.4463100694222874,5.565913006529543
mcq,223,0,5,0.45215410295123815,5.6448116474738725
mcq,223,0,6,0.4435563381195843,5.525759973793282
mcq,223,0,7,0.45835750872940345,5.710207369490976
mcq,223,1,2,0.44430497598647745,5.552557615538491
mcq,223,1,3,0.4406072182567623,5.491855109479377
mcq,223,1,4,0.4416595505805048,5.502134017312199
mcq,223,1,5,0.4431286915037782,5.515467293072852
mcq,223,1,6,0.43766354965599535,5.448810496046753
mcq,223,1,7,0.4565545035423031,5.707932199243009
mcq,223,2,3,0.44515786000277263,5.552866370299506
mcq,223,2,4,0.4413105203560747,5.487112849443574
mcq,223,2,5,0.4486240569842819,5.594194663529289
mcq,223,2,6,0.44048048849974464,5.490242421638136
mcq,223,2,7,0.45906262279712146,5.738322661992007
mcq,223,3,4,0.4380265624016422,5.451023085781688
mcq,223,3,5,0.44493912244038863,5.555570348472452
mcq,223,3,6,0.438105408657549,5.448254805084986
mcq,223,3,7,0.4558661563713302,5.680968001368432
mcq,223,4,5,0.44547163799855444,5.559837894323234
mcq,223,4,6,0.4377982562024589,5.436650147342
mcq,223,4,7,0.45290294735236525,5.643382512652465
mcq,223,5,6,0.44190157412399045,5.499742167961809
mcq,223,5,7,0.4592627813428244,5.716180129473702
mcq,223,6,7,0.4516126167062679,5.635716544549529
mcq,224,0,1,0.4477324443583341,5.5808530513537695
mcq,224,0,2,0.4488973570920062,5.5985560603886695
mcq,224,0,3,0.44519174812663526,5.563321970083172
mcq,224,0,4,0.44631003626326166,5.56591259300481
mcq,224,0,5,0.45215407473397823,5.644811295202122
mcq,224,0,6,0.4435562724206726,5.525759155325851
mcq,224,0,7,0.4583574908227096,5.710207146409793
mcq,224,1,2,0.4443049490853075,5.552557279349827
mcq,224,1,3,0.4406070632976387,5.491853178024287
mcq,224,1,4,0.44165949599002086,5.502133337231447
mcq,224,1,5,0.44312861562990374,5.515466348697367
mcq,224,1,6,0.4376635192760459,5.448810117823372
mcq,224,1,7,0.4565544899133609,5.707932028851353
mcq,224,2,3,0.4451577846092262,5.5528654298459585
mcq,224,2,4,0.44131047972922577,5.487112344302421
mcq,224,2,5,0.44862403987398225,5.594194450169471
mcq,224,2,6,0.4404804745962635,5.490242248342192
mcq,224,2,7,0.45906266789001754,5.738323225657125
mcq,224,3,4,0.4380264809506305,5.451022072164288
mcq,224,3,5,0.4449390702933922,5.555569697357968
mcq,224,3,6,0.4381053555920055,5.4482541451648006
mcq,224,3,7,0.45586608031930687,5.680967053614129
mcq,224,4,5,0.4454715937778358,5.559837342413738
mcq,224,4,6,0.437798191893497,5.436649348742823
mcq,224,4,7,0.4529028939314921,5.643381847003404
mcq,224,5,6,0.44190152825398515,5.499741597080832
mcq,224,5,7,0.45926270252913315,5.716179148524942
mcq,224,6,7,0.4516125607547656,5.635715846325442
mcq,225,0,1,0.44773241927955565,5.580852738754182
mcq,225,0,2,0.44889733526733305,5.598555788195808
mcq,225,0,3,0.4451916825667484,5.563321150816507
mcq,225,0,4,0.44631000142418215,5.5659121585282
mcq,225,0,5,0.45215405523580465,5.644811051781756
mcq,225,0,6,0.4435562116074908,5.525758397724129
mcq,225,0,7,0.45835747594026505,5.71020696100464
mcq,225,1,2,0.44430491643312303,5.552556871289721
mcq,225,1,3,0.4406069061241942,5.491851218969263
mcq,225,1,4,0.44165943536732133,5.502132582002183
mcq,225,1,5,0.4431285274869283,5.515465251612689
mcq,225,1,6,0.4376634878543356,5.448809726630309
mcq,225,1,7,0.4565544764595813,5.707931860649613
mcq,225,2,3,0.445157710143995,5.552864500972148
mcq,225,2,4,0.4413104379021705,5.48711182423829
mcq,225,2,5,0.44862403949264973,5.59419444541438
mcq,225,2,6,0.44048046100841315,5.490242078980338
mcq,225,2,7,0.4590627109122972,5.738323763439358
mcq,225,3,4,0.4380264032784927,5.451021105573097
mcq,225,3,5,0.4449390181219664,5.555569045938456
mcq,225,3,6,0.4381053036674755,5.448253499434197
mcq,225,3,7,0.4558660096834403,5.680966173355544
mcq,225,4,5,0.4454715592198517,5.559836911102802
mcq,225,4,6,0.43779813123052713,5.436648595420169
mcq,225,4,7,0.45290283946883575,5.643381168373239
mcq,225,5,6,0.4419014660903788,5.499740823415774
mcq,225,5,7,0.4592626302917746,5.716178249428019
mcq,225,6,7,0.45161251066976094,5.635715221309933
mcq,226,0,1,0.4477323993339057,5.58085249013753
mcq,226,0,2,0.4488973179745079,5.598555572523228
mcq,226,0,3,0.445191626049315,5.5633204445485225
mcq,226,0,4,0.4463099716247801,5.565911786901184
mcq,226,0,5,0.4521540383254801,5.644810840668783
mcq,226,0,6,0.44355615995004,5.5257577541831635
mcq,226,0,7,0.45835746508011727,5.710206825709166
mcq,226,1,2,0.4443048817158516,5.552556437421859
mcq,226,1,3,0.4406067570718784,5.491849361138324
mcq,226,1,4,0.44165937719922044,5.502131857351972
mcq,226,1,5,0.4431284436100812,5.515464207627011
mcq,226,1,6,0.4376634569203386,5.448809341509162
mcq,226,1,7,0.45655446411717043,5.7079317063424195
mcq,226,2,3,0.445157642373545,5.552863655608544
mcq,226,2,4,0.44131040013668466,5.487111354674404
mcq,226,2,5,0.4486240398975466,5.594194450463311
mcq,226,2,6,0.4404804502087088,5.490241944370528
mcq,226,2,7,0.4590627511831742,5.738324266828818
mcq,226,3,4,0.4380263346011968,5.451020250918249
mcq,226,3,5,0.44493897207045396,5.5555684709330135
mcq,226,3,6,0.43810526163045294,5.448252976664093
mcq,226,3,7,0.4558659470417711,5.680965392720014
mcq,226,4,5,0.44547152845662424,5.559836527153425
mcq,226,4,6,0.43779808027458966,5.436647962641027
mcq,226,4,7,0.4529027897846334,5.643380549284843
mcq,226,5,6,0.4419014118776987,5.499740148704978
mcq,226,5,7,0.4592625655000791,5.716177443002989
mcq,226,6,7,0.45161246627349233,5.6357146672847
mcq,227,0,1,0.44773238967550116,5.580852369748363
mcq,227,0,2,0.44889730338831363,5.598555390607196
mcq,227,0,3,0.44519157371999435,5.563319790617131
mcq,227,0,4,0.44630994491279735,5.565911453777236
mcq,227,0,5,0.4521540252591534,5.644810677545297
mcq,227,0,6,0.4435561034724568,5.525757050593693
mcq,227,0,7,0.4583574590017855,5.710206749985448
mcq,227,1,2,0.44430484486095023,5.55255597683966
mcq,227,1,3,0.44060659729156526,5.491847369590539
mcq,227,1,4,0.4416593204388736,5.502131150239368
mcq,227,1,5,0.4431283640346971,5.515463217180135
mcq,227,1,6,0.43766343360272403,5.448809051210226
mcq,227,1,7,0.456554456142958,5.707931606647282
mcq,227,2,3,0.44515756285281477,5.552862663672809
mcq,227,2,4,0.4413103555926804,5.487110800828605
mcq,227,2,5,0.4486240351081479,5.594194390741082
mcq,227,2,6,0.44048043271832926,5.490241726366721
mcq,227,2,7,0.4590627891972008,5.738324742007453
mcq,227,3,4,0.4380262661212382,5.451019398719164
mcq,227,3,5,0.44493892967075077,5.555567941524557
mcq,227,3,6,0.43810521632498806,5.44825241324782
mcq,227,3,7,0.4558658867044751,5.680964640801402
mcq,227,4,5,0.44547150154000953,5.559836191212813
mcq,227,4,6,0.43779802489328384,5.43664727490694
mcq,227,4,7,0.4529027332666316,5.643379845044112
mcq,227,5,6,0.44190137287462883,5.4997396632873174
mcq,227,5,7,0.4592625129717847,5.7161767892134705
mcq,227,6,7,0.4516124249759539,5.635714151928813
mcq,228,0,1,0.44773236527169896,5.580852065562156
mcq,228,0,2,0.4488972771502388,5.598555063371291
mcq,228,0,3,0.4451915086022762,5.56331897687601
mcq,228,0,4,0.44630990636457823,5.565910973044112
mcq,228,0,5,0.4521540186735809,5.644810595329265
mcq,228,0,6,0.44355603965340695,5.525756255545306
mcq,228,0,7,0.4583574426475099,5.710206546244256
mcq,228,1,2,0.4443048060233237,5.552555491478993
mcq,228,1,3,0.44060643344729644,5.491845327388443
mcq,228,1,4,0.441659255641569,5.502130343003447
mcq,228,1,5,0.44312829263358006,5.515462328475492
mcq,228,1,6,0.4376634078797341,5.44880873096492
mcq,228,1,7,0.45655444958841995,5.707931524701187
mcq,228,2,3,0.4451574801254189,5.552861631737364
mcq,228,2,4,0.4413102986009955,5.487110092212354
mcq,228,2,5,0.44862404120820093,5.59419446680674
mcq,228,2,6,0.44048041098680774,5.490241455500418
mcq,228,2,7,0.4590628314328284,5.738325269956467
mcq,228,3,4,0.4380261802404057,5.451018329974844
mcq,228,3,5,0.4449388876613992,5.555567416990085
mcq,228,3,6,0.43810516270469496,5.448251746428799
mcq,228,3,7,0.4558658190160752,5.680963797273914
mcq,228,4,5,0.4454714754722498,5.5598358658665825
mcq,228,4,6,0.43779796158686196,5.436646488757468
mcq,228,4,7,0.45290267269875983,5.643379090340106
mcq,228,5,6,0.44190134097295797,5.499739266251021
mcq,228,5,7,0.4592624670962022,5.716176218226437
mcq,228,6,7,0.45161238048999747,5.635713596784356
mcq,229,0,1,0.4477323364894206,5.580851706799533
mcq,229,0,2,0.448897251059885,5.598554737977732
mcq,229,0,3,0.445191446858478,5.563318205296953
mcq,229,0,4,0.446309861022123,5.565910407580371
mcq,229,0,5,0.45215399717283583,5.6448103269082655
mcq,229,0,6,0.4435559800300905,5.525755512766752
mcq,229,0,7,0.4583574308599216,5.7102063993947505
mcq,229,1,2,0.44430476512375294,5.552554980349847
mcq,229,1,3,0.44060627204884,5.491843315671656
mcq,229,1,4,0.44165917930014165,5.502129391952431
mcq,229,1,5,0.44312821765249255,5.5154613952122125
mcq,229,1,6,0.437663380639122,5.448808391825567
mcq,229,1,7,0.4565544425062781,5.707931436158887
mcq,229,2,3,0.44515740178254254,5.552860654494093
mcq,229,2,4,0.4413102390835006,5.487109352190995
mcq,229,2,5,0.44862404367372155,5.594194497550973
mcq,229,2,6,0.44048039131625805,5.490241210322505
mcq,229,2,7,0.4590628723884503,5.738325781905298
mcq,229,3,4,0.4380260946960626,5.451017265417968
mcq,229,3,5,0.4449388404575293,5.5555668275961505
mcq,229,3,6,0.4381051130713177,5.4482511291908455
mcq,229,3,7,0.45586575615664604,5.680963013924677
mcq,229,4,5,0.44547144673366007,5.559835507186284
mcq,229,4,6,0.43779789639334327,5.43664567917372
mcq,229,4,7,0.4529026045264585,5.643378240881352
mcq,229,5,6,0.44190129704573783,5.4997387195492236
mcq,229,5,7,0.4592624099496383,5.716175506955969
mcq,229,6,7,0.4516123420125125,5.635713116620183
mcq,230,0,1,0.44773231080576287,5.580851386660304
mcq,230,0,2,0.44889722917696745,5.598554465058458
mcq,230,0,3,0.4451913930851173,5.56331753332017
mcq,230,0,4,0.4463098219695012,5.565909920556863
mcq,230,0,5,0.45215397848219496,5.644810093569352
mcq,230,0,6,0.4435559288249558,5.525754874860675
mcq,230,0,7,0.45835742280578295,5.710206299056476
mcq,230,1,2,0.44430472365040563,5.552554462050114
mcq,230,1,3,0.4406061180372491,5.491841396026885
mcq,230,1,4,0.44165910552841076,5.5021284729143405
mcq,230,1,5,0.44312814442263926,5.515460483745931
mcq,230,1,6,0.43766335482800117,5.448808070483051
mcq,230,1,7,0.4565544361139505,5.707931356240779
mcq,230,2,3,0.4451573294586925,5.552859752331712
mcq,230,2,4,0.44131018503816166,5.48710868020866
mcq,230,2,5,0.4486240463476582,5.594194530894084
mcq,230,2,6,0.44048037465525997,5.490241002656285
mcq,230,2,7,0.4590629103930273,5.738326256965813
mcq,230,3,4,0.43802601853138684,5.451016317586395
mcq,230,3,5,0.44493879836269606,5.555566301994342
mcq,230,3,6,0.4381050710569686,5.4482506067027066
mcq,230,3,7,0.45586570019593553,5.680962316546727
mcq,230,4,5,0.445471421081532,5.559835187027464
mcq,230,4,6,0.43779783996951616,5.436644978493432
mcq,230,4,7,0.4529025427758292,5.643377471439636
mcq,230,5,6,0.4419012587018475,5.499738242335466
mcq,230,5,7,0.4592623584847384,5.716174866401912
mcq,230,6,7,0.45161230819235343,5.63571269457522
mcq,231,0,1,0.4477323062354575,5.580851329692793
mcq,231,0,2,0.44889720807199385,5.598554201841543
mcq,231,0,3,0.44519134180262654,5.563316892470449
mcq,231,0,4,0.4463097867317976,5.56590948110903
mcq,231,0,5,0.45215395967861716,5.644809858820503
mcq,231,0,6,0.4435558737257353,5.5257541884426455
mcq,231,0,7,0.45835741815918174,5.710206241169224
mcq,231,1,2,0.44430467891991243,5.552553903045255
mcq,231,1,3,0.4406059686447931,5.491839533956341
mcq,231,1,4,0.4416590474879093,5.502127749853745
mcq,231,1,5,0.4431280716094687,5.515459577465953
mcq,231,1,6,0.4376633322288097,5.448807789128317
mcq,231,1,7,0.45655443923530353,5.707931395264534
mcq,231,2,3,0.4451572459757922,5.552858710972161
mcq,231,2,4,0.4413101270102225,5.4871079587079565
mcq,231,2,5,0.4486240334305726,5.59419436982227
mcq,231,2,6,0.4404803538470925,5.490240743298863
mcq,231,2,7,0.4590629452865501,5.7383266931378785
mcq,231,3,4,0.4380259471265565,5.451015428988734
mcq,231,3,5,0.4449387574082191,5.555565790631177
mcq,231,3,6,0.4381050290136113,5.448250083853824
mcq,231,3,7,0.4558656457931969,5.680961638584098
mcq,231,4,5,0.4454713952155444,5.559834864199509
mcq,231,4,6,0.4377977867822335,5.436644318005082
mcq,231,4,7,0.4529024802827342,5.6433766927464495
mcq,231,5,6,0.4419012263002022,5.4997378390766745
mcq,231,5,7,0.459262307397319,5.7161742305461365
mcq,231,6,7,0.4516122748024341,5.63571227789926
mcq,232,0,1,0.4477322816201842,5.580851022870661
mcq,232,0,2,0.44889717377196,5.598553774058533
mcq,232,0,3,0.4451912660646163,5.563315946013247
mcq,232,0,4,0.4463097364745621,5.565908854353284
mcq,232,0,5,0.45215393866984677,5.644809596541446
mcq,232,0,6,0.44355580596458055,5.525753344284093
mcq,232,0,7,0.4583574020542268,5.7102060405340636
mcq,232,1,2,0.44430463797164954,5.552553391307594
mcq,232,1,3,0.440605808484026,5.491837537666469
mcq,232,1,4,0.441658985143836,5.502126973179843
mcq,232,1,5,0.44312800580341677,5.515458758401122
mcq,232,1,6,0.4376633044513588,5.448807443305444
mcq,232,1,7,0.45655444194775757,5.707931429176156
mcq,232,2,3,0.4451571564959696,5.552857594807441
mcq,232,2,4,0.44131006218544544,5.487107152697561
mcq,232,2,5,0.44862402973306403,5.594194323715551
mcq,232,2,6,0.44048033092216027,5.490240457557635
mcq,232,2,7,0.4590629855105414,5.738327195941264
mcq,232,3,4,0.438025852930324,5.451014256763389
mcq,232,3,5,0.44493871452483263,5.555565255183386
mcq,232,3,6,0.43810497136913845,5.448249366990325
mcq,232,3,7,0.45586557878454,5.680960803527514
mcq,232,4,5,0.4454713614587079,5.559834442887527
mcq,232,4,6,0.4377977207319942,5.436643497782438
mcq,232,4,7,0.45290241018046534,5.643375819239397
mcq,232,5,6,0.4419011918054555,5.499737409767923
mcq,232,5,7,0.45926225267126075,5.716173549402313
mcq,232,6,7,0.45161223046455995,5.635711724602737
mcq,233,0,1,0.44773225436534503,5.580850683147118
mcq,233,0,2,0.44889714068533104,5.598553361408862
mcq,233,0,3,0.4451911969756165,5.563315082645154
mcq,233,0,4,0.4463096860938617,5.565908226057812
mcq,233,0,5,0.45215390095628516,5.644809125715349
mcq,233,0,6,0.4435557483157612,5.525752626103535
mcq,233,0,7,0.4583573897115217,5.710205886768925
mcq,233,1,2,0.4443045954105382,5.552552859413882
mcq,233,1,3,0.4406056499777132,5.491835561998192
mcq,233,1,4,0.4416589181085582,5.502126138063559
mcq,233,1,5,0.4431279328559176,5.515457850449203
mcq,233,1,6,0.4376632687780665,5.448806999181162
mcq,233,1,7,0.4565544453399752,5.707931471586313
mcq,233,2,3,0.44515707118193115,5.552856530606407
mcq,233,2,4,0.44130999879394783,5.487106364508101
mcq,233,2,5,0.4486240161401123,5.5941941542159075
mcq,233,2,6,0.4404803122893471,5.490240225314293
mcq,233,2,7,0.45906302526677867,5.738327692897683
mcq,233,3,4,0.43802576252857517,5.45101313175851
mcq,233,3,5,0.4449386723078459,5.5555647280563525
mcq,233,3,6,0.4381049240266985,5.448248778242341
mcq,233,3,7,0.45586551758981464,5.680960040923685
mcq,233,4,5,0.4454713131262821,5.559833839660678
mcq,233,4,6,0.43779766586287117,5.436642816408719
mcq,233,4,7,0.45290234052105377,5.643374951250554
mcq,233,5,6,0.4419011470866104,5.499736853213856
mcq,233,5,7,0.45926218480222786,5.716172704675432
mcq,233,6,7,0.45161219024837534,5.6357112227411665
mcq,234,0,1,0.4477322307818679,5.580850389186022
mcq,234,0,2,0.4488971130736215,5.598553017041265
mcq,234,0,3,0.44519113597206295,5.563314320316537
mcq,234,0,4,0.44630964226767667,5.565907679503409
mcq,234,0,5,0.45215386708696315,5.644808702881757
mcq,234,0,6,0.44355569838804415,5.5257520041113395
mcq,234,0,7,0.45835738104324586,5.710205778779743
mcq,234,1,2,0.4443045519362729,5.552552316108324
mcq,234,1,3,0.4406054992657913,5.4918336834814445
mcq,234,1,4,0.44165885402953203,5.502125339775853
mcq,234,1,5,0.44312786233592094,5.515456972711555
mcq,234,1,6,0.4376632348930304,5.448806577320259
mcq,234,1,7,0.4565544480064147,5.707931504922653
mcq,234,2,3,0.44515699284423493,5.552855553427753
mcq,234,2,4,0.44130994144061647,5.487105651395254
mcq,234,2,5,0.44862400515352235,5.594194017216739
mcq,234,2,6,0.4404802970622062,5.490240035519972
mcq,234,2,7,0.45906306310865497,5.738328165924424
mcq,234,3,4,0.43802568221966826,5.4510121323540375
mcq,234,3,5,0.44493863512964565,5.555564263844292
mcq,234,3,6,0.4381048847685629,5.448248290030323
mcq,234,3,7,0.45586546447541054,5.68095937901618
mcq,234,4,5,0.4454712703583166,5.559833305882688
mcq,234,4,6,0.43779761845757353,5.436642227722002
mcq,234,4,7,0.4529022779975304,5.643374172178216
mcq,234,5,6,0.4419011088821733,5.499736377735682
mcq,234,5,7,0.45926212432631636,5.716171951966487
mcq,234,6,7,0.45161215464980176,5.6357107785032
mcq,235,0,1,0.4477322222337906,5.580850282636756
mcq,235,0,2,0.44889708962719105,5.598552724622178
mcq,235,0,3,0.445191078032287,5.563313596274302
mcq,235,0,4,0.4463096037373707,5.5659071989936795
mcq,235,0,5,0.4521538391848394,5.644808354544249
mcq,235,0,6,0.4435556459648219,5.525751351030506
mcq,235,0,7,0.45835737647585917,5.710205721879344
mcq,235,1,2,0.44430450943636474,5.55255178497948
mcq,235,1,3,0.44060534696718745,5.491831785187838
mcq,235,1,4,0.44165880145022834,5.50212468475011
mcq,235,1,5,0.443127788416358,5.5154560526607
mcq,235,1,6,0.4376632087466392,5.448806251803705
mcq,235,1,7,0.4565544596067858,5.707931649952724
mcq,235,2,3,0.44515691001508856,5.552854520223079
mcq,235,2,4,0.44130987789088594,5.487104861238376
mcq,235,2,5,0.4486239842867468,5.5941937570149
mcq,235,2,6,0.4404802766217094,5.490239780745276
mcq,235,2,7,0.45906309792372274,5.7383286011157955
mcq,235,3,4,0.43802560722222117,5.451011199048046
mcq,235,3,5,0.4449385990023698,5.555563812754216
mcq,235,3,6,0.4381048462343083,5.448247810820448
mcq,235,3,7,0.4558654131482743,5.680958739381465
mcq,235,4,5,0.44547122916650767,5.559832791776378
mcq,235,4,6,0.43779757240175765,5.436641655793369
mcq,235,4,7,0.45290221664602337,5.643373407709749
mcq,235,5,6,0.44190108156969876,5.499736037814811
mcq,235,5,7,0.4592620707014962,5.716171284529143
mcq,235,6,7,0.4516121241882094,5.635710398370109
mcq,236,0,1,0.44773220337796943,5.580850047604498
mcq,236,0,2,0.4488970622604859,5.598552383310227
mcq,236,0,3,0.4451910118820366,5.56331276963018
mcq,236,0,4,0.44630956017491685,5.565906655728257
mcq,236,0,5,0.4521538064089528,5.6448079453613955
mcq,236,0,6,0.44355558859117106,5.525750636277956
mcq,236,0,7,0.45835736726492,5.710205607129674
mcq,236,1,2,0.4443044704073236,5.552551297226672
mcq,236,1,3,0.4406051949221846,5.491829890055186
mcq,236,1,4,0.4416587444686068,5.502123974880896
mcq,236,1,5,0.44312772051486543,5.515455207514655
mcq,236,1,6,0.4376631803085441,5.448805897755964
mcq,236,1,7,0.4565544674295241,5.707931747754102
mcq,236,2,3,0.4451568241437666,5.552853449070532
mcq,236,2,4,0.4413098114060626,5.4871040345874995
mcq,236,2,5,0.4486239617502816,5.594193475992579
mcq,236,2,6,0.4404802554476895,5.490239516827792
mcq,236,2,7,0.45906313783496633,5.738329100009807
mcq,236,3,4,0.4380255210303584,5.451010126433109
mcq,236,3,5,0.4449385589352124,5.555563312470244
mcq,236,3,6,0.43810480009102765,5.448247236985144
mcq,236,3,7,0.4558653579336581,5.680958051301284
mcq,236,4,5,0.44547118249640416,5.559832209296625
mcq,236,4,6,0.4377975148425749,5.43664094101405
mcq,236,4,7,0.45290215823121066,5.643372679833866
mcq,236,5,6,0.4419010552315017,5.499735710019435
mcq,236,5,7,0.45926201087971885,5.716170539961829
mcq,236,6,7,0.45161208653298446,5.635709928466997
mcq,237,0,1,0.4477321817612301,5.580849778158209
mcq,237,0,2,0.4488970405032759,5.598552111958752
mcq,237,0,3,0.44519095101227735,5.563312008973519
mcq,237,0,4,0.4463095176404757,5.565906125283135
mcq,237,0,5,0.4521537590190311,5.644807353733054
mcq,237,0,6,0.4435555419754371,5.525750055545962
mcq,237,0,7,0.4583573561266955,5.710205468369928
mcq,237,1,2,0.44430442829228933,5.552550770907663
mcq,237,1,3,0.440605043128119,5.491827998050288
mcq,237,1,4,0.4416586800429028,5.502123172274325
mcq,237,1,5,0.44312764548009387,5.515454273583188
mcq,237,1,6,0.43766314770965903,5.448805491907345
mcq,237,1,7,0.4565544732122191,5.707931820050467
mcq,237,2,3,0.44515674253756415,5.55285243112077
mcq,237,2,4,0.4413097455562588,5.487103215832251
mcq,237,2,5,0.4486239363893342,5.594193159749894
mcq,237,2,6,0.4404802356814975,5.490239270457774
mcq,237,2,7,0.45906317635580746,5.738329581523668
mcq,237,3,4,0.4380254373992201,5.451009085685116
mcq,237,3,5,0.44493851963903813,5.555562821812871
mcq,237,3,6,0.4381047595711951,5.4482467330827316
mcq,237,3,7,0.45586530721032764,5.68095741919115
mcq,237,4,5,0.44547113033987196,5.559831558341907
mcq,237,4,6,0.4377974619364422,5.436640284017066
mcq,237,4,7,0.45290209780089036,5.643371926843817
mcq,237,5,6,0.4419010176707848,5.499735242552762
mcq,237,5,7,0.45926193993165954,5.716169656912073
mcq,237,6,7,0.45161205201050014,5.6357094976576505
mcq,238,0,1,0.44773216276169836,5.580849541334642
mcq,238,0,2,0.44889702334551823,5.598551897970706
mcq,238,0,3,0.4451908987879984,5.563311356354777
mcq,238,0,4,0.44630948082056576,5.565905666103677
mcq,238,0,5,0.4521537151684833,5.644806806291194
mcq,238,0,6,0.44355550281805295,5.525749567728998
mcq,238,0,7,0.4583573481672299,5.710205369211088
mcq,238,1,2,0.44430438512919307,5.55255023149084
mcq,238,1,3,0.4406048991122867,5.4918262029955285
mcq,238,1,4,0.4416586173471916,5.502122391219766
mcq,238,1,5,0.44312757444986456,5.515453389494854
mcq,238,1,6,0.43766311721007345,5.448805112194521
mcq,238,1,7,0.45655447696515,5.7079318669703305
mcq,238,2,3,0.44515666723889297,5.5528514918506895
mcq,238,2,4,0.4413096854529966,5.487102468527651
mcq,238,2,5,0.4486239118687314,5.59419285398603
mcq,238,2,6,0.4404802192267573,5.490239065362395
mcq,238,2,7,0.4590632121110669,5.738330028467516
mcq,238,3,4,0.4380253638344969,5.451008170208661
mcq,238,3,5,0.44493848455245133,5.55556238371698
mcq,238,3,6,0.43810472781745086,5.448246338194911
mcq,238,3,7,0.4558652637571906,5.680956877681591
mcq,238,4,5,0.4454710835722288,5.559830974644782
mcq,238,4,6,0.4377974166389196,5.436639721505042
mcq,238,4,7,0.4529020426996052,5.6433712402560365
mcq,238,5,6,0.44190098566028346,5.499734844162002
mcq,238,5,7,0.45926187468229607,5.716168844790713
mcq,238,6,7,0.4516120210463762,5.635709111253421
mcq,239,0,1,0.4477321608684855,5.580849517736301
mcq,239,0,2,0.44889700896482787,5.598551718617676
mcq,239,0,3,0.44519084942889997,5.563310739540657
mcq,239,0,4,0.4463094471236201,5.565905245870567
mcq,239,0,5,0.45215368086014607,5.64480637797682
mcq,239,0,6,0.44355545976000177,5.525749031318096
mcq,239,0,7,0.458357345147696,5.710205331593803
mcq,239,1,2,0.44430434019581494,5.5525496699504915
mcq,239,1,3,0.44060475038752156,5.491824349247275
mcq,239,1,4,0.4416585680239222,5.50212177675725
mcq,239,1,5,0.4431274940714218,5.515452389052589
mcq,239,1,6,0.43766309093332856,5.448804785055094
mcq,239,1,7,0.45655448232318147,5.707931933957471
mcq,239,2,3,0.4451565825393994,5.552850435315443
mcq,239,2,4,0.4413096216755068,5.487101675538887
mcq,239,2,5,0.44862388500515404,5.594192519006042
mcq,239,2,6,0.4404801967885743,5.490238785688113
mcq,239,2,7,0.4590632448852748,5.738330438147962
mcq,239,3,4,0.4380252956140711,5.4510073212393335
mcq,239,3,5,0.4449384488991774,5.555561938545357
mcq,239,3,6,0.4381046919499311,5.448245892148406
mcq,239,3,7,0.4558652215833038,5.680956352113947
mcq,239,4,5,0.44547104126297177,5.559830446591836
mcq,239,4,6,0.43779737317458933,5.436639181757901
mcq,239,4,7,0.452901987318587,5.643370550182652
mcq,239,5,6,0.4419009628929289,5.499734560807998
mcq,239,5,7,0.4592618179887692,5.716168139158937
mcq,239,6,7,0.4516119918193313,5.6357087465263636
mcq,240,0,1,0.4477321460430772,5.580849332941953
mcq,240,0,2,0.44889698211400114,5.598551383739655
mcq,240,0,3,0.4451907905208856,5.5633100033988665
mcq,240,0,4,0.4463094012075934,5.565904673253843
mcq,240,0,5,0.4521536477471344,5.644805964585207
mcq,240,0,6,0.4435554057442559,5.525748358397835
mcq,240,0,7,0.45835733126550837,5.710205158649827
mcq,240,1,2,0.44430429704611896,5.552549130701133
mcq,240,1,3,0.44060460391709055,5.4918225235976905
mcq,240,1,4,0.4416585126744321,5.502121087220905
mcq,240,1,5,0.4431274185408878,5.515451448950541
mcq,240,1,6,0.43766306151247847,5.448804418772279
mcq,240,1,7,0.45655448454657344,5.707931961754745
mcq,240,2,3,0.44515649447158434,5.552849336764002
mcq,240,2,4,0.4413095428730604,5.487100695734654
mcq,240,2,5,0.4486238653321021,5.594192273689544
mcq,240,2,6,0.44048017176041643,5.490238473731835
mcq,240,2,7,0.4590632807300826,5.738330886211173
mcq,240,3,4,0.4380252121450174,5.451006282508403
mcq,240,3,5,0.4449384108645533,5.555561463639872
mcq,240,3,6,0.43810465085805234,5.4482453811320575
mcq,240,3,7,0.4558651743265016,5.680955763203414
mcq,240,4,5,0.4454709925969877,5.5598298392019165
mcq,240,4,6,0.4377973160062261,5.436638471831842
mcq,240,4,7,0.45290192684132535,5.643369796607692
mcq,240,5,6,0.4419009368294021,5.499734236431065
mcq,240,5,7,0.45926175877664077,5.7161674021795745
mcq,240,6,7,0.4516119509697587,5.635708236760685
mcq,241,0,1,0.44773212657920675,5.58084909033054
mcq,241,0,2,0.44889695514362205,5.598551047370601
mcq,241,0,3,0.4451907347786346,5.563309306817918
mcq,241,0,4,0.44630935435661306,5.565904088977352
mcq,241,0,5,0.452153601180147,5.6448053832305956
mcq,241,0,6,0.4435553568716221,5.525747749549713
mcq,241,0,7,0.45835731889890496,5.710205004586964
mcq,241,1,2,0.44430425139602775,5.5525485602038955
mcq,241,1,3,0.44060445559771694,5.491820674902354
mcq,241,1,4,0.4416584492036706,5.502120296510876
mcq,241,1,5,0.4431273362349174,5.515450424517017
mcq,241,1,6,0.43766302953080904,5.448804020607853
mcq,241,1,7,0.45655448505792257,5.707931968147729
mcq,241,2,3,0.44515641125462807,5.552848298721816
mcq,241,2,4,0.4413094658964917,5.4870997386327955
mcq,241,2,5,0.44862383403626505,5.594191883440734
mcq,241,2,6,0.44048014987402295,5.490238200935175
mcq,241,2,7,0.4590633155091491,5.7383313209525255
mcq,241,3,4,0.4380251311228707,5.451005274228016
mcq,241,3,5,0.44493837032420835,5.555560957447615
mcq,241,3,6,0.43810461432860026,5.448244926853797
mcq,241,3,7,0.4558651286585766,5.680955194093343
mcq,241,4,5,0.4454709294451837,5.559829051017522
mcq,241,4,6,0.4377972625678753,5.4366378082256865
mcq,241,4,7,0.4529018656701274,5.64336903438596
mcq,241,5,6,0.4419008921227778,5.4997336800290935
mcq,241,5,7,0.45926168020337355,5.716166424223235
mcq,241,6,7,0.45161191505755127,5.635707788608853
mcq,242,0,1,0.44773211046953626,5.580848889528243
mcq,242,0,2,0.4488969334399137,5.5985507766863885
mcq,242,0,3,0.4451906872245657,5.563308712560281
mcq,242,0,4,0.4463093137174081,5.565903582167637
mcq,242,0,5,0.4521535576907143,5.644804840296993
mcq,242,0,6,0.4435553159003946,5.525747239136154
mcq,242,0,7,0.45835730980246664,5.710204891263743
mcq,242,1,2,0.4443042056609051,5.5525479886440054
mcq,242,1,3,0.4406043161701741,5.491818937037353
mcq,242,1,4,0.44165838689851383,5.502119520321791
mcq,242,1,5,0.4431272581054951,5.515449452067519
mcq,242,1,6,0.4376629988925739,5.448803639168874
mcq,242,1,7,0.45655448445210933,5.707931960573736
mcq,242,2,3,0.4451563357455398,5.552847356827009
mcq,242,2,4,0.4413093975562501,5.487098888912246
mcq,242,2,5,0.4486238052275786,5.5941915242058755
mcq,242,2,6,0.4404801322240712,5.490237980942425
mcq,242,2,7,0.45906334814590144,5.738331728914765
mcq,242,3,4,0.4380250601487731,5.451004390990611
mcq,242,3,5,0.4449383351891164,5.555560518746082
mcq,242,3,6,0.43810458642505673,5.448244579846862
mcq,242,3,7,0.4558650891444321,5.680954701671198
mcq,242,4,5,0.44547087208463865,5.5598283351126145
mcq,242,4,6,0.4377972173784553,5.436637247056098
mcq,242,4,7,0.45290181045712663,5.6433683464061515
mcq,242,5,6,0.4419008531798331,5.499733195359729
mcq,242,5,7,0.4592616081850329,5.716165527852302
mcq,242,6,7,0.4516118829726443,5.635707388218266
mcq,243,0,1,0.4477321074819571,5.580848852288948
mcq,243,0,2,0.4488969106975141,5.59855049304783
mcq,243,0,3,0.44519064734344005,5.563308214187292
mcq,243,0,4,0.44630927675864296,5.565903121256522
mcq,243,0,5,0.4521535199241625,5.644804368809351
mcq,243,0,6,0.44355527164165753,5.525746687767282
mcq,243,0,7,0.45835730244105205,5.710204799555409
mcq,243,1,2,0.44430415890586367,5.552547404338009
mcq,243,1,3,0.4406041887085151,5.491817348318571
mcq,243,1,4,0.44165833586873254,5.502118884599785
mcq,243,1,5,0.44312717635353077,5.515448434529512
mcq,243,1,6,0.4376629773846656,5.4488033714003645
mcq,243,1,7,0.45655449043063173,5.707932035318373
mcq,243,2,3,0.4451562493007565,5.552846278521146
mcq,243,2,4,0.4413093204274292,5.487097929917332
mcq,243,2,5,0.44862376050170755,5.594190966488951
mcq,243,2,6,0.44048010731548426,5.490237670476504
mcq,243,2,7,0.45906337685608045,5.738332087794497
mcq,243,3,4,0.43802500096034525,5.451003654420013
mcq,243,3,5,0.44493830127957285,5.555560095346913
mcq,243,3,6,0.43810456453437785,5.448244307615582
mcq,243,3,7,0.4558650553571982,5.68095428061736
mcq,243,4,5,0.44547082199434523,5.559827709946189
mcq,243,4,6,0.4377971768332823,5.436636743559528
mcq,243,4,7,0.45290175914889547,5.643367707081598
mcq,243,5,6,0.44190082055034713,5.499732789265318
mcq,243,5,7,0.4592615418908184,5.71616470272628
mcq,243,6,7,0.4516118538952323,5.635707025358491
mcq,244,0,1,0.4477320938043863,5.580848681802056
mcq,244,0,2,0.44889688043536646,5.598550115624511
mcq,244,0,3,0.44519058994999716,5.563307496972287
mcq,244,0,4,0.44630922822478414,5.56590251599293
mcq,244,0,5,0.45215347733492883,5.644803837114071
mcq,244,0,6,0.44355522024559046,5.525746047482597
mcq,244,0,7,0.4583572826991629,5.710204553611405
mcq,244,1,2,0.4443041147493202,5.552546852505901
mcq,244,1,3,0.44060405031281974,5.491815623314815
mcq,244,1,4,0.4416582741725603,5.502118115997345
mcq,244,1,5,0.4431271005471652,5.515447490994287
mcq,244,1,6,0.4376629496424505,5.4488030260161695
mcq,244,1,7,0.456554493089743,5.707932068563093
mcq,244,2,3,0.4451561538840865,5.55284508830063
mcq,244,2,4,0.44130923039558456,5.487096810490378
mcq,244,2,5,0.4486237140367988,5.5941903870867975
mcq,244,2,6,0.44048007863877137,5.49023731304386
mcq,244,2,7,0.4590634133992223,5.738332544586944
mcq,244,3,4,0.43802491595136506,5.451002596525462
mcq,244,3,5,0.44493825925679387,5.5555595706447845
mcq,244,3,6,0.4381045283977001,5.448243858221842
mcq,244,3,7,0.45586501185264694,5.680953738467083
mcq,244,4,5,0.44547075967844135,5.559826932194489
mcq,244,4,6,0.4377971205918932,5.436636045144785
mcq,244,4,7,0.45290170615380193,5.643367046737951
mcq,244,5,6,0.4419007844548805,5.499732340034603
mcq,244,5,7,0.45926146877044255,5.716163792638947
mcq,244,6,7,0.4516118124350661,5.635706507973158
mcq,245,0,1,0.4477320763337019,5.580848464035121
mcq,245,0,2,0.44889685379633715,5.598549783387984
mcq,245,0,3,0.44519053567415506,5.5633068187162635
mcq,245,0,4,0.4463091792499671,5.565901905230167
mcq,245,0,5,0.4521534308533471,5.6448032568256865
mcq,245,0,6,0.4435551791912317,5.525745536033401
mcq,245,0,7,0.4583572668114598,5.710204355682762
mcq,245,1,2,0.4443040678932638,5.552546266937504
mcq,245,1,3,0.4406039118013499,5.4918138968680115
mcq,245,1,4,0.44165820532936767,5.502117258358307
mcq,245,1,5,0.4431270221493635,5.515446515204365
mcq,245,1,6,0.43766291345306807,5.448802575466685
mcq,245,1,7,0.4565544950548313,5.707932093131005
mcq,245,2,3,0.44515606267928987,5.552843950618712
mcq,245,2,4,0.44130914208575456,5.4870957124743995
mcq,245,2,5,0.4486236696896912,5.59418983409293
mcq,245,2,6,0.4404800503874496,5.490236960913381
mcq,245,2,7,0.45906344950793776,5.7383329959490235
mcq,245,3,4,0.43802483368098905,5.451001572711481
mcq,245,3,5,0.4449382138774299,5.5555590040318785
mcq,245,3,6,0.4381044966467343,5.448243463368574
mcq,245,3,7,0.4558649710477757,5.680953229960003
mcq,245,4,5,0.44547069121126887,5.559826077670098
mcq,245,4,6,0.4377970705688542,5.436635423950529
mcq,245,4,7,0.4529016508399066,5.643366357500948
mcq,245,5,6,0.44190074059209683,5.499731794134758
mcq,245,5,7,0.45926139259007087,5.716162844465604
mcq,245,6,7,0.451611774267406,5.635706031675318
mcq,246,0,1,0.44773206212367855,5.580848286911365
mcq,246,0,2,0.44889683245747836,5.5985495172541
mcq,246,0,3,0.44519049080801687,5.563306258048252
mcq,246,0,4,0.44630913752811213,5.565901384918771
mcq,246,0,5,0.45215338805104316,5.644802722470382
mcq,246,0,6,0.44355514600983237,5.525745122664382
mcq,246,0,7,0.45835725516059367,5.7102042105365385
mcq,246,1,2,0.4443040206917778,5.552545677052212
mcq,246,1,3,0.440603782654498,5.4918122871445005
mcq,246,1,4,0.44165813861154163,5.502116427196794
mcq,246,1,5,0.44312694767307814,5.515445588224181
mcq,246,1,6,0.43766287846628127,5.448802139889239
mcq,246,1,7,0.4565544961206708,5.707932106456335
mcq,246,2,3,0.44515597933268497,5.552842910959299
mcq,246,2,4,0.4413090625950847,5.487094724113017
mcq,246,2,5,0.44862362960486646,5.594189334248329
mcq,246,2,6,0.4404800266767153,5.490236665377751
mcq,246,2,7,0.4590634834020101,5.738333419627872
mcq,246,3,4,0.43802476277112323,5.451000690273408
mcq,246,3,5,0.4449381737587448,5.555558503104525
mcq,246,3,6,0.4381044742448269,5.448243184779685
mcq,246,3,7,0.45586493719633825,5.680952808106066
mcq,246,4,5,0.44547062894906236,5.559825300588584
mcq,246,4,6,0.4377970283384766,5.436634899526812
mcq,246,4,7,0.45290160059867807,5.643365731471747
mcq,246,5,6,0.4419007024565807,5.499731319514348
mcq,246,5,7,0.4592613237441,5.716161987579336
mcq,246,6,7,0.4516117400152808,5.635705604239809
mcq,247,0,1,0.44773205598094173,5.58084821034396
mcq,247,0,2,0.4488968157955507,5.598549309449945
mcq,247,0,3,0.44519045185507927,5.563305771274329
mcq,247,0,4,0.44630909926523027,5.565900907744075
mcq,247,0,5,0.4521533489753854,5.644802234639514
mcq,247,0,6,0.4435551109984639,5.525744686497876
mcq,247,0,7,0.4583572447230374,5.710204080505701
mcq,247,1,2,0.44430398123623593,5.5525451839693485
mcq,247,1,3,0.44060366486948005,5.491810819038156
mcq,247,1,4,0.4416580752429613,5.502115637759725
mcq,247,1,5,0.44312687014231367,5.515444623225967
mcq,247,1,6,0.43766284686628987,5.448801746476616
mcq,247,1,7,0.45655450132541253,5.707932171527017
mcq,247,2,3,0.4451558929430302,5.552841833341106
mcq,247,2,4,0.44130899165619214,5.487093842081679
mcq,247,2,5,0.448623584104516,5.594188766873901
mcq,247,2,6,0.4404800050122843,5.490236395347678
mcq,247,2,7,0.4590635171593314,5.7383338415973215
mcq,247,3,4,0.43802470277658107,5.4509999436711185
mcq,247,3,5,0.44493813409318234,5.555558007834922
mcq,247,3,6,0.4381044618813575,5.448243031028257
mcq,247,3,7,0.45586490872402824,5.680952453286389
mcq,247,4,5,0.4454705697713158,5.559824562003566
mcq,247,4,6,0.43779699094304503,5.436634435144244
mcq,247,4,7,0.45290154952346384,5.643365095050694
mcq,247,5,6,0.4419006691569222,5.499730905079219
mcq,247,5,7,0.4592612535790245,5.7161611142749305
mcq,247,6,7,0.4516117070978105,5.635705193459585
mcq,248,0,1,0.4477320365784385,5.580847968497472
mcq,248,0,2,0.4488967919508507,5.598549012063722
mcq,248,0,3,0.44519039351705997,5.56330504225546
mcq,248,0,4,0.44630904053958487,5.565900175379165
mcq,248,0,5,0.4521533163401988,5.644801827213196
mcq,248,0,6,0.44355507042944337,5.525744181094953
mcq,248,0,7,0.4583572237327098,5.7102038190086795
mcq,248,1,2,0.44430394430347636,5.552544722414141
mcq,248,1,3,0.44060353295812815,5.491809174857121
mcq,248,1,4,0.44165799953215973,5.502114694564958
mcq,248,1,5,0.44312680170939583,5.515443771465458
mcq,248,1,6,0.43766281596263407,5.448801361733212
mcq,248,1,7,0.45655448815180083,5.70793200682799
mcq,248,2,3,0.44515579745025485,5.552840642171257
mcq,248,2,4,0.44130890625999764,5.4870927802929055
mcq,248,2,5,0.44862355414475424,5.594188393285511
mcq,248,2,6,0.4404799821010134,5.4902361097767285
mcq,248,2,7,0.4590635489217428,5.738334238630222
mcq,248,3,4,0.43802460281690947,5.450998699722636
mcq,248,3,5,0.4449380866517805,5.555557415475131
mcq,248,3,6,0.4381044309680209,5.448242646591701
mcq,248,3,7,0.45586485791881437,5.680951820155831
mcq,248,4,5,0.44547050325982823,5.5598237318876675
mcq,248,4,6,0.43779692513359686,5.436633617911784
mcq,248,4,7,0.45290147285519977,5.643364139728272
mcq,248,5,6,0.44190064562713577,5.499730612236273
mcq,248,5,7,0.4592611826410986,5.716160231351299
mcq,248,6,7,0.45161165517899754,5.6357045455598085
mcq,249,0,1,0.4477320125875251,5.5808476694578015
mcq,249,0,2,0.44889677522595045,5.598548803474185
mcq,249,0,3,0.445190337122651,5.563304337524846
mcq,249,0,4,0.4463089835698754,5.565899464912454
mcq,249,0,5,0.45215328123464227,5.644801388946125
mcq,249,0,6,0.4435550362380735,5.5257437551438695
mcq,249,0,7,0.4583572044308389,5.7102035785464125
mcq,249,1,2,0.44430390623606647,5.552544246679008
mcq,249,1,3,0.4406033986958572,5.491807501373555
mcq,249,1,4,0.44165791824899214,5.502113681950421
mcq,249,1,5,0.4431267277059799,5.515442850370913
mcq,249,1,6,0.43766278352733673,5.448800957921223
mcq,249,1,7,0.45655447430533824,5.707931833716852
mcq,249,2,3,0.44515570851943953,5.552839532854815
mcq,249,2,4,0.4413088265412646,5.487091789095858
mcq,249,2,5,0.44862352101287917,5.594187980141909
mcq,249,2,6,0.44047996122751387,5.490235849604994
mcq,249,2,7,0.45906358033095485,5.738334631248102
mcq,249,3,4,0.438024507913963,5.450997518702588
mcq,249,3,5,0.4449380452932549,5.555556899066961
mcq,249,3,6,0.4381044000279333,5.448242261822471
mcq,249,3,7,0.455864809546904,5.680951217348908
mcq,249,4,5,0.44547042769768713,5.559822788812465
mcq,249,4,6,0.4377968613098026,5.436632825337497
mcq,249,4,7,0.45290139744466473,5.643363200077741
mcq,249,5,6,0.4419006095756898,5.499730163553423
mcq,249,5,7,0.4592611009644451,5.716159214768893
mcq,249,6,7,0.45161160924819443,5.635703972384974
mcq,250,0,1,0.44773199122813434,5.580847403219287
mcq,250,0,2,0.44889676344496676,5.598548656544165
mcq,250,0,3,0.4451902885861572,5.563303730990373
mcq,250,0,4,0.44630893425158175,5.56589884986621
mcq,250,0,5,0.4521532489781867,5.6448009862479855
mcq,250,0,6,0.44355500933821024,5.525743420029308
mcq,250,0,7,0.4583571896017434,5.710203393805879
mcq,250,1,2,0.4443038674142137,5.552543761515469
mcq,250,1,3,0.44060326893023327,5.4918058839374915
mcq,250,1,4,0.441657838731799,5.50211269133615
mcq,250,1,5,0.44312665649932215,5.515441964086637
mcq,250,1,6,0.43766275184238423,5.448800563450854
mcq,250,1,7,0.4565544611942426,5.707931669799414
mcq,250,2,3,0.44515562828268657,5.552838531987466
mcq,250,2,4,0.4413087545681168,5.487090894204924
mcq,250,2,5,0.44862349138604124,5.594187610704969
mcq,250,2,6,0.4404799443647708,5.4902356394241805
mcq,250,2,7,0.4590636101265444,5.738335003695559
mcq,250,3,4,0.4380244236358687,5.450996469903548
mcq,250,3,5,0.44493800950011836,5.555556452148993
mcq,250,3,6,0.43810437664367813,5.448241971017158
mcq,250,3,7,0.45586476676432597,5.680950684195802
mcq,250,4,5,0.44547035884986735,5.559821929537295
mcq,250,4,6,0.43779680689566186,5.436632149613823
mcq,250,4,7,0.45290132888379386,5.64336234577723
mcq,250,5,6,0.44190057814630224,5.499729772394988
mcq,250,5,7,0.45926102658100637,5.7161582889609415
mcq,250,6,7,0.45161156869899666,5.635703466367701
mcq,251,0,1,0.44773198009386156,5.5808472644338565
mcq,251,0,2,0.44889675226487696,5.598548517108371
mcq,251,0,3,0.4451902434058349,5.563303166396171
mcq,251,0,4,0.446308892677696,5.565898331400132
mcq,251,0,5,0.45215321568509653,5.644800570608225
mcq,251,0,6,0.4435549735498923,5.525742974183678
mcq,251,0,7,0.4583571758987554,5.710203223094369
mcq,251,1,2,0.4443038275812663,5.552543263716104
mcq,251,1,3,0.44060313885381414,5.4918042626275865
mcq,251,1,4,0.44165776412535923,5.502111761899371
mcq,251,1,5,0.4431265778542147,5.5154409852185875
mcq,251,1,6,0.4376627264488152,5.448800247306763
mcq,251,1,7,0.45655444916218746,5.707931519372346
mcq,251,2,3,0.4451555442177313,5.552837483367403
mcq,251,2,4,0.44130868079507307,5.487089976934663
mcq,251,2,5,0.44862344510043906,5.59418703353871
mcq,251,2,6,0.44047992217951776,5.490235362902472
mcq,251,2,7,0.4590636358374486,5.738335325084095
mcq,251,3,4,0.4380243478661186,5.450995526986628
mcq,251,3,5,0.4449379795184117,5.555556077793329
mcq,251,3,6,0.43810435175680446,5.448241661525363
mcq,251,3,7,0.4558647199639736,5.6809501009735115
mcq,251,4,5,0.4454702927052364,5.559821104000057
mcq,251,4,6,0.43779675475507335,5.4366315021234906
mcq,251,4,7,0.45290126203710895,5.643361512836276
mcq,251,5,6,0.4419005507234266,5.499729431100107
mcq,251,5,7,0.4592609527472228,5.716157369994233
mcq,251,6,7,0.45161153163162293,5.635703003800439
mcq,252,0,1,0.44773195563182483,5.5808469595217725
mcq,252,0,2,0.44889672966433447,5.598548235239026
mcq,252,0,3,0.44519017971825603,5.563302370526732
mcq,252,0,4,0.4463088445459814,5.5658977311516615
mcq,252,0,5,0.45215318192124704,5.64480014909138
mcq,252,0,6,0.44355492948061276,5.52574242517504
mcq,252,0,7,0.4583571552197758,5.710202965476114
mcq,252,1,2,0.4443037921056369,5.552542820370909
mcq,252,1,3,0.4406029983921887,5.491802511873483
mcq,252,1,4,0.4416576857820353,5.502110785909003
mcq,252,1,5,0.44312650391355524,5.515440064905151
mcq,252,1,6,0.43766269957477605,5.448799912731158
mcq,252,1,7,0.45655443435379783,5.7079313342350115
mcq,252,2,3,0.44515545626999553,5.552836386313823
mcq,252,2,4,0.4413086061380238,5.487089048672962
mcq,252,2,5,0.44862340631966174,5.594186549955152
mcq,252,2,6,0.4404798986201044,5.490235069252937
mcq,252,2,7,0.4590636622859425,5.738335655692566
mcq,252,3,4,0.4380242511059306,5.450994322854131
mcq,252,3,5,0.4449379388586781,5.5555555701103705
mcq,252,3,6,0.43810431000550415,5.448241142308485
mcq,252,3,7,0.45586466019008987,5.6809493560760975
mcq,252,4,5,0.4454702221629365,5.559820223576437
mcq,252,4,6,0.437796689641115,5.436630693527737
mcq,252,4,7,0.45290119118649663,5.643360630004516
mcq,252,5,6,0.44190052240762623,5.499729078692217
mcq,252,5,7,0.4592608836298591,5.716156509730095
mcq,252,6,7,0.45161148793292205,5.635702458480219
mcq,253,0,1,0.4477319262769626,5.580846593622061
mcq,253,0,2,0.4488967100606755,5.598547990746199
mcq,253,0,3,0.4451901173683782,5.563301591373825
mcq,253,0,4,0.4463087971791556,5.565897140442086
mcq,253,0,5,0.4521531349265592,5.6447995623972425
mcq,253,0,6,0.4435548928578385,5.525741968933876
mcq,253,0,7,0.4583571369024292,5.710202737279028
mcq,253,1,2,0.4443037529671711,5.552542331250602
mcq,253,1,3,0.44060285604710536,5.491800737643419
mcq,253,1,4,0.44165760309733193,5.502109755834326
mcq,253,1,5,0.4431264309219316,5.515439156404031
mcq,253,1,6,0.43766267041491347,5.448799549697578
mcq,253,1,7,0.4565544201177197,5.707931156252825
mcq,253,2,3,0.4451553707070384,5.552835319007795
mcq,253,2,4,0.44130853338171294,5.48708814404443
mcq,253,2,5,0.4486233586741405,5.594185955831149
mcq,253,2,6,0.4404798766223353,5.490234795068067
mcq,253,2,7,0.45906368827617994,5.738335980572792
mcq,253,3,4,0.4380241599847613,5.450993188896422
mcq,253,3,5,0.44493790160263363,5.555555104926336
mcq,253,3,6,0.4381042712828126,5.44824066075522
mcq,253,3,7,0.4558646034252421,5.680948648677052
mcq,253,4,5,0.44547014850728067,5.559819304295676
mcq,253,4,6,0.43779662887347304,5.436629938905248
mcq,253,4,7,0.45290112143184735,5.643359760828966
mcq,253,5,6,0.44190049051780467,5.499728681803392
mcq,253,5,7,0.45926081323915685,5.716155633617443
mcq,253,6,7,0.45161144893077265,5.635701971768709
mcq,254,0,1,0.4477319013473077,5.5808462828812555
mcq,254,0,2,0.4488966956873982,5.5985478114856235
mcq,254,0,3,0.4451900635615107,5.563300918978324
mcq,254,0,4,0.4463087570006968,5.565896639378314
mcq,254,0,5,0.4521530923914418,5.6447990313775644
mcq,254,0,6,0.4435548631598836,5.525741598961098
mcq,254,0,7,0.4583571237285756,5.710202573159461
mcq,254,1,2,0.4443037124500403,5.5525418249008744
mcq,254,1,3,0.4406027220042109,5.491799066894225
mcq,254,1,4,0.44165752267769476,5.502108753977532
mcq,254,1,5,0.44312636338910955,5.515438315846697
mcq,254,1,6,0.4376626428876539,5.44879920698953
mcq,254,1,7,0.4565544065856905,5.707930987072794
mcq,254,2,3,0.44515529225971756,5.552834340461691
mcq,254,2,4,0.4413084673515461,5.487087323046605
mcq,254,2,5,0.44862331493041074,5.594185410361204
mcq,254,2,6,0.4404798580825801,5.490234563984619
mcq,254,2,7,0.45906371310587796,5.738336290946174
mcq,254,3,4,0.43802407927198855,5.450992184466039
mcq,254,3,5,0.4449378688304916,5.555554695728916
mcq,254,3,6,0.4381042399810422,5.448240271488121
mcq,254,3,7,0.4558645547988402,5.6809480426986765
mcq,254,4,5,0.44547008170927993,5.559818470603866
mcq,254,4,6,0.43779657532307953,5.4366292739077275
mcq,254,4,7,0.45290105819395354,5.643358972855238
mcq,254,5,6,0.4419004633429981,5.499728343595885
mcq,254,5,7,0.4592607495050851,5.716154840356047
mcq,254,6,7,0.4516114138131518,5.635701533532599
mcq,255,0,1,0.4477318878482994,5.580846114620092
mcq,255,0,2,0.4488966848037578,5.598547675747085
mcq,255,0,3,0.4451900144549961,5.563300305320608
mcq,255,0,4,0.4463087216357317,5.56589619834341
mcq,255,0,5,0.4521530580518511,5.6447986026730135
mcq,255,0,6,0.4435548284426461,5.525741166458832
mcq,255,0,7,0.45835711466838003,5.710202460287752
mcq,255,1,2,0.4443036797285699,5.55254141597489
mcq,255,1,3,0.4406025876240679,5.491797391941468
mcq,255,1,4,0.44165744519343314,5.502107788689243
mcq,255,1,5,0.4431263004147402,5.515437532026825
mcq,255,1,6,0.4376626281919893,5.448799024031887
mcq,255,1,7,0.4565544009626279,5.707930916772184
mcq,255,2,3,0.4451552109125617,5.552833325743258
mcq,255,2,4,0.4413084066315688,5.487086568073967
mcq,255,2,5,0.4486232669645609,5.594184812242808
mcq,255,2,6,0.440479842200638,5.490234366028717
mcq,255,2,7,0.459063736689101,5.7383365857385105
mcq,255,3,4,0.43802400678225994,5.450991282367358
mcq,255,3,5,0.44493784256766233,5.5555543678076615
mcq,255,3,6,0.43810421100868463,5.448239911189473
mcq,255,3,7,0.45586450949119833,5.6809474780784255
mcq,255,4,5,0.4454700211665523,5.559817714982807
mcq,255,4,6,0.43779652470002606,5.4366286452623935
mcq,255,4,7,0.4529009990910843,5.643358236405849
mcq,255,5,6,0.44190044418897934,5.499728105212112
mcq,255,5,7,0.45926069138968134,5.716154117026987
mcq,255,6,7,0.4516113821184327,5.6357011380112025
mcq,256,0,1,0.44773186449779817,5.580845823562972
mcq,256,0,2,0.4488966676216364,5.59854746145518
mcq,256,0,3,0.44518995446348747,5.563299555638972
mcq,256,0,4,0.44630868328014567,5.565895720012604
mcq,256,0,5,0.4521530236048357,5.644798172627345
mcq,256,0,6,0.44355478993228825,5.525740686702427
mcq,256,0,7,0.45835710001291147,5.710202277710259
mcq,256,1,2,0.4443036480657068,5.552541020278508
mcq,256,1,3,0.4406024475681295,5.491795646243964
mcq,256,1,4,0.44165736511777964,5.50210679111775
mcq,256,1,5,0.4431262401413888,5.515436781825574
mcq,256,1,6,0.4376626100180668,5.448798797770733
mcq,256,1,7,0.4565543912429631,5.7079307952550655
mcq,256,2,3,0.4451551253582667,5.552832258545281
mcq,256,2,4,0.4413083421001408,5.4870857657109795
mcq,256,2,5,0.44862322737502913,5.5941843185743485
mcq,256,2,6,0.4404798238078446,5.4902341367770315
mcq,256,2,7,0.45906376743260124,5.7383369700349345
mcq,256,3,4,0.438023920227118,5.450990205231592
mcq,256,3,5,0.444937809085243,5.555553949741624
mcq,256,3,6,0.43810417149633935,5.448239419816117
mcq,256,3,7,0.4558644581179005,5.680946837868449
mcq,256,4,5,0.44546995979347653,5.559816948998346
mcq,256,4,6,0.43779646647742193,5.4366279222445995
mcq,256,4,7,0.4529009375638735,5.643357469748031
mcq,256,5,6,0.44190042772208565,5.499727900271295
mcq,256,5,7,0.459260638544261,5.716153459290384
mcq,256,6,7,0.45161133992453467,5.635700611469559
open,0,0,1,0.08022652455429298,1.0
open,0,0,2,0.08018091669530274,1.0
open,0,0,3,0.08002264663462927,1.0
open,0,0,4,0.08018631784196184,1.0
open,0,0,5,0.0801008308494373,1.0
open,0,0,6,0.08027064878373555,1.0
open,0,0,7,0.08026985345197064,1.0
open,0,1,2,0.08001807576802397,1.0
open,0,1,3,0.0802292138946345,1.0
open,0,1,4,0.08027059122712105,1.0
open,0,1,5,0.08034290984923896,1.0
open,0,1,6,0.08032276952438172,1.0
open,0,1,7,0.07998597173295992,1.0
open,0,2,3,0.08016722001159234,1.0
open,0,2,4,0.0804267257599461,1.0
open,0,2,5,0.08019457383366278,1.0
open,0,2,6,0.08022969746540216,1.0
open,0,2,7,0.07999944406015015,1.0
open,0,3,4,0.08035676156723309,1.0
open,0,3,5,0.08008882878474001,1.0
open,0,3,6,0.08041206300569033,1.0
open,0,3,7,0.08024445063966584,1.0
open,0,4,5,0.08012313424702448,1.0
open,0,4,6,0.08052720780948176,1.0
open,0,4,7,0.0802538098980455,1.0
open,0,5,6,0.08034950741841014,1.0
open,0,5,7,0.08034435076228248,1.0
open,0,6,7,0.08013401900829026,1.0
open,1,0,1,0.10672403108222105,1.3302836147413564
open,1,0,2,0.10683753571387986,1.3324559024421674
open,1,0,3,0.10611993402916592,1.326123772357752
open,1,0,4,0.10735295730304595,1.338793951290125
open,1,0,5,0.10712663807246976,1.3373973395336176
open,1,0,6,0.10670808480273926,1.3293537104730673
open,1,0,7,0.10660498919075223,1.3280825192304504
open,1,1,2,0.10663187539226524,1.332597345897143
open,1,1,3,0.10721952391498821,1.3364149878845908
open,1,1,4,0.10720820425029955,1.3355850830469165
open,1,1,5,0.1070647169909021,1.3325969546261867
open,1,1,6,0.10679321732942641,1.3295509848799434
open,1,1,7,0.10669479275784159,1.3339188165901315
open,1,2,3,0.10672986816390352,1.3313405173395083
open,1,2,4,0.10704561614506725,1.3309707082266653
open,1,2,5,0.1065043197128844,1.3280738910564263
open,1,2,6,0.1068261661918213,1.3315040386122414
open,1,2,7,0.10642450733952777,1.3303155864371894
open,1,3,4,0.10721321397309849,1.3342152157711715
open,1,3,5,0.10660778929322275,1.3311193447435656
open,1,3,6,0.1067003822990125,1.3269200952034013
open,1,3,7,0.1064289650552893,1.3263093485829178
open,1,4,5,0.10658371245024628,1.3302489156457888
open,1,4,6,0.10662666405564357,1.324107304302791
open,1,4,7,0.106821934156056,1.3310512521681235
open,1,5,6,0.10673805741713525,1.3284220506954696
open,1,5,7,0.10652435987376753,1.3258475407803683
open,1,6,7,0.10674396716234014,1.332068059026179
open,2,0,1,0.13455617871277825,1.6772031377442742
open,2,0,2,0.13397782142528813,1.6709439969914561
open,2,0,3,0.13312322266327464,1.6635693551988375
open,2,0,4,0.13455715276084826,1.678056261743371
open,2,0,5,0.13463957547906366,1.6808761413741253
open,2,0,6,0.13405913386680385,1.670089078611844
open,2,0,7,0.1343518980435043,1.6737528756532936
open,2,1,2,0.13427278424263742,1.6780306568718335
open,2,1,3,0.13524556803767523,1.6857396635506616
open,2,1,4,0.13512155729838335,1.6833258013020564
open,2,1,5,0.13479554017185624,1.6777527777472336
open,2,1,6,0.13455774354286815,1.675212948204227
open,2,1,7,0.13461138490428404,1.682937419997794
open,2,2,3,0.13405612694031416,1.6722062573821244
open,2,2,4,0.13420980363979032,1.6687214650559494
open,2,2,5,0.1336326913634424,1.6663557766466768
open,2,2,6,0.1341611278623379,1.6722128102276945
open,2,2,7,0.1336659830898112,1.6708363996793545
open,2,3,4,0.13455133912752273,1.674424609744209
open,2,3,5,0.13399227662331195,1.6730457750037995
open,2,3,6,0.13389495032334092,1.6651102498622115
open,2,3,7,0.13374922048057641,1.6667722118401853
open,2,4,5,0.13370350643384302,1.668725364906807
open,2,4,6,0.13354309632030592,1.658359950046371
open,2,4,7,0.13422674402624543,1.6725279983189234
open,2,5,6,0.1341303002301706,1.6693356877933754
open,2,5,7,0.13362231981005143,1.663120288387223
open,2,6,7,0.13447739435101183,1.6781561191520855
open,3,0,1,0.15888972436236304,1.9805136174736704
open,3,0,2,0.15956030690733095,1.9900035255730435
open,3,0,3,0.15881272628086746,1.9845972728942747
open,3,0,4,0.16016945053074402,1.9974660870002772
open,3,0,5,0.15838079174485714,1.9772677769417888
open,3,0,6,0.15923875540244084,1.9837731202529638
open,3,0,7,0.1600334981567955,1.9936936629958009
open,3,1,2,0.15893843773067487,1.9862816770481286
open,3,1,3,0.16037903411506557,1.999010414407055
open,3,1,4,0.1601972009381635,1.9957147255200187
open,3,1,5,0.15768797052331052,1.9626868235069805
open,3,1,6,0.15884173813945007,1.9775430936956695
open,3,1,7,0.15899994951212057,1.9878479446740442
open,3,2,3,0.16047881432349687,2.0018009143923328
open,3,2,4,0.16018764416911213,1.991721565878893
open,3,2,5,0.15738544342547378,1.9625447945133796
open,3,2,6,0.1597312506902309,1.990924255436867
open,3,2,7,0.15927426400131342,1.9909421355673165
open,3,3,4,0.16091779087149205,2.002542010566901
open,3,3,5,0.15805171456695163,1.9734551867621586
open,3,3,6,0.15954907166226556,1.984143494129421
open,3,3,7,0.15975945142188822,1.9909096535445294
open,3,4,5,0.15742830092332463,1.964829538968903
open,3,4,6,0.15888930146279906,1.9731132592938416
open,3,4,7,0.16015979535271005,1.995665944784144
open,3,5,6,0.15754498296718528,1.9607460957637142
open,3,5,7,0.15714035849468921,1.9558358117750636
open,3,6,7,0.16018474261786214,1.9989605488436846
open,4,0,1,0.1815179204539492,2.262567417227549
open,4,0,2,0.18263791042258692,2.2778226783890894
open,4,0,3,0.18176750302728803,2.271450778892751
open,4,0,4,0.18367202607070116,2.290565660250143
open,4,0,5,0.1810599122230104,2.2603999272284994
open,4,0,6,0.18241095453354342,2.2724489872380795
open,4,0,7,0.1833687686857147,2.2844039299938816
open,4,1,2,0.18181085409425182,2.2721222967336745
open,4,1,3,0.18337159806985864,2.2855963453746617
open,4,1,4,0.18370088225505155,2.2885203590351093
open,4,1,5,0.18010476635964037,2.241700813395999
open,4,1,6,0.18176597610271286,2.2629445819536684
open,4,1,7,0.1818069593265891,2.2729855671887984
open,4,2,3,0.18404318858130772,2.2957411839239867
open,4,2,4,0.1838833795956884,2.2863467069955683
open,4,2,5,0.18006371798744517,2.2453354308101696
open,4,2,6,0.1832096804257042,2.2835643934057037
open,4,2,7,0.18262258533005765,2.282798180356691
open,4,3,4,0.18475109325306685,2.2991356253012865
open,4,3,5,0.18080334244487806,2.2575351043131753
open,4,3,6,0.1830808855866935,2.276783839928816
open,4,3,7,0.183261586825886,2.2837914069449368
open,4,4,5,0.18032345967586588,2.250579203753035
open,4,4,6,0.18256237439322587,2.267089339855763
open,4,4,7,0.184044760567474,2.2932837805617527
open,4,5,6,0.18029224980648784,2.2438500944086464
open,4,5,7,0.17983153477738398,2.238259853632492
open,4,6,7,0.18389910468243234,2.2948943152770993
open,5,0,1,0.20196227433558955,2.517400267026554
open,5,0,2,0.2030098213022811,2.531896985834462
open,5,0,3,0.20251115969697503,2.53067310584726
open,5,0,4,0.20485448577975873,2.5547311722618784
open,5,0,5,0.20143746384490274,2.5147986819704484
open,5,0,6,0.20307979322096745,2.529938356024793
open,5,0,7,0.2039628199110185,2.540964149549113
open,5,1,2,0.2025169044504712,2.530889458496564
open,5,1,3,0.20462279154832463,2.5504773338182893
open,5,1,4,0.20518789349063762,2.556202593675562
open,5,1,5,0.20071486586076148,2.4982274881180784
open,5,1,6,0.20285089177418822,2.5254469308682572
open,5,1,7,0.20236915360944543,2.5300580742467234
open,5,2,3,0.205201004049089,2.559662216295096
open,5,2,4,0.20508467219183735,2.5499567495009607
open,5,2,5,0.20046026180542606,2.4996736340443033
open,5,2,6,0.20420070091306297,2.545200933870172
open,5,2,7,0.20319609033711103,2.5399687800871655
open,5,3,4,0.20650399169730022,2.569839645970824
open,5,3,5,0.20177977507591224,2.5194496927686254
open,5,3,6,0.20461713324492287,2.5446074332210977
open,5,3,7,0.20452082096865373,2.5487223021445486
open,5,4,5,0.20114906950063843,2.510499263302452
open,5,4,6,0.2040727000548378,2.534208072104656
open,5,4,7,0.20527667721719497,2.55784339058767
open,5,5,6,0.20104517410073244,2.5021332496018243
open,5,5,7,0.20023192499091425,2.492171796662433
open,5,6,7,0.20516360759754818,2.560256057746498
open,6,0,1,0.22063237479843437,2.7501175705189906
open,6,0,2,0.22162648650264224,2.7640802280279475
open,6,0,3,0.22101579958978146,2.7619156436915238
open,6,0,4,0.22385240430365183,2.7916533684068097
open,6,0,5,0.22004147876249974,2.747056134487593
open,6,0,6,0.2200327780191505,2.741136160640246
open,6,0,7,0.22291421936269568,2.7770602508459303
open,6,1,2,0.22155253059752464,2.7687810344229655
open,6,1,3,0.22362617300977275,2.7873409466963284
open,6,1,4,0.22453199150185457,2.7971887097050794
open,6,1,5,0.21965291458124428,2.7339427336328286
open,6,1,6,0.22021612111430766,2.7416400407789943
open,6,1,7,0.22128883211378125,2.7665955331839083
open,6,2,3,0.22399154586310413,2.7940540514029863
open,6,2,4,0.22416373631183628,2.7871796867736434
open,6,2,5,0.21921926570526795,2.7335922522634273
open,6,2,6,0.22149136720806933,2.760715473264549
open,6,2,7,0.2222372501577371,2.7779849318782874
open,6,3,4,0.22552993018970788,2.8066080039949215
open,6,3,5,0.2204466196815719,2.7525264512742558
open,6,3,6,0.22191777752408265,2.759757295474172
open,6,3,7,0.22354147950462697,2.785756245106968
open,6,4,5,0.21996714174662296,2.7453636682315863
open,6,4,6,0.22155974845726803,2.751365091180775
open,6,4,7,0.22450648935052764,2.7974558421057
open,6,5,6,0.21820836358691048,2.7157399042985713
open,6,5,7,0.21914945715333076,2.7276274569911654
open,6,6,7,0.22275349311041676,2.7797619022124898
open,7,0,1,0.23678683079501986,2.9514781066550544
open,7,0,2,0.2380991039570873,2.9695233450858756
open,7,0,3,0.2372269239302704,2.9644973505239207
open,7,0,4,0.24037935090581175,2.997760183720772
open,7,0,5,0.23627246481131814,2.949688065725949
open,7,0,6,0.23567905821889698,2.936055230522197
open,7,0,7,0.23942889892162944,2.982799751402205
open,7,1,2,0.23884799903398277,2.9849255526515526
open,7,1,3,0.24067420762321248,2.9998325540032256
open,7,1,4,0.24177557749175715,3.0120069354873316
open,7,1,5,0.23666809519300314,2.945724714689867
open,7,1,6,0.23667798839488371,2.946586500893011
open,7,1,7,0.23809843534796502,2.976752425323746
open,7,2,3,0.2413303964008038,3.010337596412935
open,7,2,4,0.2415840206806488,3.003777890967704
open,7,2,5,0.23655247837795707,2.9497317221063764
open,7,2,6,0.23828407115408543,2.9700233041118196
open,7,2,7,0.2396337011672871,2.9954420806613458
open,7,3,4,0.24280315001471342,3.021564648440496
open,7,3,5,0.23746309577221236,2.9649964842220067
open,7,3,6,0.23858496779109006,2.9670295584159643
open,7,3,7,0.24082803992295815,3.0011799944196245
open,7,4,5,0.23692056107564996,2.956955731976354
open,7,4,6,0.23823169476192957,2.958400039469377
open,7,4,7,0.24179740477915249,3.0129087340069227
open,7,5,6,0.2347419539489489,2.921510803128626
open,7,5,7,0.23621746542470423,2.9400631554495815
open,7,6,7,0.23947823420851497,2.9884715277258187
open,8,0,1,0.2512973147521153,3.132347015506709
open,8,0,2,0.25361543390756885,3.163039839907773
open,8,0,3,0.25249370709644925,3.1552781333176285
open,8,0,4,0.2559980384065091,3.1925401402150957
open,8,0,5,0.2517778127802087,3.14326093887174
open,8,0,6,0.2508301300979489,3.124805067587446
open,8,0,7,0.25444894479237246,3.169919139625957
open,8,1,2,0.2540263540668939,3.174612131430501
open,8,1,3,0.25551669387511655,3.1848335721036496
open,8,1,4,0.256909750954114,3.200546389738211
open,8,1,5,0.25172396872633873,3.133119888222758
open,8,1,6,0.25139859776746715,3.1298547006793123
open,8,1,7,0.25240416844869806,3.155605451558071
open,8,2,3,0.25721373751544263,3.2084652240435556
open,8,2,4,0.2576760780358882,3.2038613483406952
open,8,2,5,0.2526552579128515,3.150528094792318
open,8,2,6,0.25412142164494445,3.16742340645782
open,8,2,7,0.25519208044598984,3.189923173142497
open,8,3,4,0.258676904863095,3.21910564609631
open,8,3,5,0.25328382417438583,3.1625362490335993
open,8,3,6,0.2542724380956502,3.1621180777025546
open,8,3,7,0.2561403065154407,3.1920002501559566
open,8,4,5,0.252719857901273,3.1541434353044946
open,8,4,6,0.25400817233218637,3.154314910969481
open,8,4,7,0.2573267509192608,3.206411648819775
open,8,5,6,0.25050117393383325,3.1176441770747805
open,8,5,7,0.25150066864282083,3.130284410249879
open,8,6,7,0.2546593624148666,3.177918262012053
open,9,0,1,0.26520044197168124,3.3056454015056818
open,9,0,2,0.2680638983802366,3.343238134815945
open,9,0,3,0.2667326781152411,3.3332149001906957
open,9,0,4,0.27054609777128896,3.3739683408895855
open,9,0,5,0.2663057787949312,3.3246319166838205
open,9,0,6,0.26514430382232085,3.303128949868964
open,9,0,7,0.2687352789609886,3.3478979642311915
open,9,1,2,0.26841965108619587,3.354487701808234
open,9,1,3,0.2695563855016471,3.359828327068705
open,9,1,4,0.2712573043295072,3.3792862389913156
open,9,1,5,0.2660584220454651,3.3115357975547024
open,9,1,6,0.2655880928400847,3.30651064962926
open,9,1,7,0.2662641771514154,3.328885945655088
open,9,2,3,0.2718460468915016,3.390987573876107
open,9,2,4,0.27254803898082125,3.3887745199812036
open,9,2,5,0.2675545020561819,3.336316776383594
open,9,2,6,0.2688541615261282,3.351055407407805
open,9,2,7,0.26980742641666583,3.3726162673555886
open,9,3,4,0.2732716449247423,3.4007299397711632
open,9,3,5,0.2679102851179098,3.345164228059694
open,9,3,6,0.2689094957134169,3.34414372249581
open,9,3,7,0.2705057749786209,3.3710215824557777
open,9,4,5,0.26738627192574027,3.337191866476069
open,9,4,6,0.2687730612234632,3.3376677092710056
open,9,4,7,0.27191276618949434,3.3881602198690945
open,9,5,6,0.2652474334042075,3.3011706222785437
open,9,5,7,0.2659498057249758,3.3101245227788367
open,9,6,7,0.269067732650665,3.357721676518292
open,10,0,1,0.27834884460214643,3.469536367785382
open,10,0,2,0.2813428616449938,3.5088506497640948
open,10,0,3,0.2799972670195112,3.498975337543313
open,10,0,4,0.28401069333987566,3.5418847127963726
open,10,0,5,0.2797953383420886,3.493039152964718
open,10,0,6,0.278576291603024,3.4704626887165406
open,10,0,7,0.28213640245012217,3.5148488544200234
open,10,1,2,0.28173113456890014,3.520843657696187
open,10,1,3,0.2828030801289721,3.5249389393292456
open,10,1,4,0.28470176755150406,3.5467755151566864
open,10,1,5,0.27957720577154727,3.47979935374715
open,10,1,6,0.27909111503980805,3.4746201692546324
open,10,1,7,0.27946571162322165,3.493934068291901
open,10,2,3,0.2852418354219049,3.5580856537205405
open,10,2,4,0.2860360035794888,3.5564795268830856
open,10,2,5,0.2811455639036046,3.50579285434883
open,10,2,6,0.28240380364967804,3.519941026469162
open,10,2,7,0.2832761516106742,3.54097650225774
open,10,3,4,0.2867295939582337,3.568207433525455
open,10,3,5,0.2815236179298479,3.5151421515542123
open,10,3,6,0.2825940351364305,3.514323903323222
open,10,3,7,0.28394922346522716,3.5385527746995065
open,10,4,5,0.28092581590735494,3.506176069463828
open,10,4,6,0.2824733228608642,3.5077997927006734
open,10,4,7,0.2854958268447944,3.55741150740991
open,10,5,6,0.2790064457951656,3.4724101585623166
open,10,5,7,0.27950147382438373,3.4787943542086
open,10,6,7,0.2826749963245489,3.5275280064925334
open,11,0,1,0.2905790766129425,3.6219826077134165
open,11,0,2,0.29336626486539197,3.658804076538805
open,11,0,3,0.29214705032277316,3.6508046485474335
open,11,0,4,0.29640728873195377,3.6964821020481198
open,11,0,5,0.2921744368377265,3.6475830991930214
open,11,0,6,0.29090395143987186,3.6240388715883265
open,11,0,7,0.29433916539133637,3.666870596287482
open,11,1,2,0.2939985423900943,3.6741516159724887
open,11,1,3,0.29521471538174726,3.679641131339695
open,11,1,4,0.2972581726455616,3.703201485142754
open,11,1,5,0.2922191815578889,3.6371495892572145
open,11,1,6,0.29172970074367255,3.631967653395205
open,11,1,7,0.2917543220293744,3.6475686387035644
open,11,2,3,0.2974839644164797,3.7107930694548585
open,11,2,4,0.298352981709933,3.7096248652524157
open,11,2,5,0.29355971828525607,3.6605932827094882
open,11,2,6,0.2947775398439898,3.674169904119458
open,11,2,7,0.29550886887353317,3.693886530653205
open,11,3,4,0.2991647872751426,3.7229572401923723
open,11,3,5,0.2941446323773361,3.672729853097589
open,11,3,6,0.29525428619305616,3.671766090271339
open,11,3,7,0.2963311123111604,3.692854894624703
open,11,4,5,0.29342577621033966,3.6621854470356863
open,11,4,6,0.2951048597226111,3.6646602775647668
open,11,4,7,0.2979929511608506,3.713131520353004
open,11,5,6,0.2917550919520974,3.631075053550967
open,11,5,7,0.2920134173421799,3.6345233307836384
open,11,6,7,0.2951765088350686,3.6835355631486686
open,12,0,1,0.3021227467169976,3.7658710556823043
open,12,0,2,0.3045921842503792,3.7988114479641917
open,12,0,3,0.3035240365130547,3.7929767294363232
open,12,0,4,0.30795662850325667,3.8405134041720728
open,12,0,5,0.3037186892184883,3.791704605279034
open,12,0,6,0.3025499850865486,3.769123455095972
open,12,0,7,0.305907149843097,3.8109842822391116
open,12,1,2,0.30539055744440496,3.816519636509956
open,12,1,3,0.30677272050614796,3.823703431882486
open,12,1,4,0.30891185748491157,3.8483814901881455
open,12,1,5,0.3039691034041034,3.7833967424691513
open,12,1,6,0.3035789775909222,3.7794884238742763
open,12,1,7,0.30336385773877206,3.792713286669549
open,12,2,3,0.30879739738446793,3.8519159993300907
open,12,2,4,0.30966911990819235,3.850326082308487
open,12,2,5,0.3049970043881779,3.803212484435589
open,12,2,6,0.3063052874599009,3.8178542003351112
open,12,2,7,0.3068895111285216,3.836145547433765
open,12,3,4,0.3106446516072913,3.8658184519715917
open,12,3,5,0.3057720019714221,3.8179107699685004
open,12,3,6,0.3070455489959775,3.818401587013749
open,12,3,7,0.30791187311596124,3.8371734202359473
open,12,4,5,0.3049264997067408,3.805723560022426
open,12,4,6,0.30682143463479966,3.8101586157153786
open,12,4,7,0.3096529740160099,3.8584208576439334
open,12,5,6,0.30363575598390113,3.778937366756406
open,12,5,7,0.30370082221647904,3.7799897483153337
open,12,6,7,0.3069490126152108,3.83044575092952
open,13,0,1,0.312891226703796,3.9000969871510276
open,13,0,2,0.3151252777340533,3.930178036396962
open,13,0,3,0.314006531123169,3.923970829868613
open,13,0,4,0.3186098667344247,3.973369463882463
open,13,0,5,0.3143876648176615,3.9248989240649066
open,13,0,6,0.31342599804915716,3.904615233565467
open,13,0,7,0.3167218840016344,3.9457139932508354
open,13,1,2,0.3160476321140108,3.9497029774903263
open,13,1,3,0.3174681295816834,3.957014087145565
open,13,1,4,0.3196743335425675,3.9824589386425133
open,13,1,5,0.31484727871375334,3.918793572507577
open,13,1,6,0.31464034333693686,3.917199882424731
open,13,1,7,0.31424161563978337,3.9287091077533716
open,13,2,3,0.3193037132699353,3.9829710101430904
open,13,2,4,0.32017867884986045,3.9809985527138663
open,13,2,5,0.31562468435463487,3.935736163512687
open,13,2,6,0.3171395354434512,3.9528945697472286
open,13,2,7,0.31760850294261245,3.9701338762280436
open,13,3,4,0.3211620344547473,3.996702059552719
open,13,3,5,0.31643772323211306,3.9510844150639715
open,13,3,6,0.3179543347701712,3.9540626478849483
open,13,3,7,0.31865277309481027,3.971025666630911
open,13,4,5,0.31548514260502114,3.937503763050024
open,13,4,6,0.3176730713706675,3.9449160105271
open,13,4,7,0.3204613401951287,3.993098154495631
open,13,5,6,0.31466294446983184,3.916177641653276
open,13,5,7,0.31456523207828785,3.9152128194924685
open,13,6,7,0.31796962332580697,3.967972994002852
open,14,0,1,0.3229969004639729,4.026061234216696
open,14,0,2,0.3250945751618886,4.0545130756896635
open,14,0,3,0.32384036340625894,4.046858945878943
open,14,0,4,0.32853006302719623,4.097083790213335
open,14,0,5,0.3243706321978757,4.049528934444934
open,14,0,6,0.3236259554434274,4.031684810662706
open,14,0,7,0.32690974759971114,4.072634165145414
open,14,1,2,0.32603394428375493,4.074503681254996
open,14,1,3,0.3273907257216638,4.080692179679437
open,14,1,4,0.3295892784882165,4.105977960915505
open,14,1,5,0.3249059906165828,4.043990829137992
open,14,1,6,0.32491789836776597,4.0451530779094735
open,14,1,7,0.324376533850843,4.05541780418449
open,14,2,3,0.32911301278707783,4.105331490096419
open,14,2,4,0.32995780513786754,4.102589058800056
open,14,2,5,0.3255631962381977,4.059666142917241
open,14,2,6,0.3273045550452813,4.079593534382034
open,14,2,7,0.3276672890204784,4.095869575969943
open,14,3,4,0.33085534109373116,4.117330447879116
open,14,3,5,0.3263153098109138,4.074417303416595
open,14,3,6,0.32808092396055305,4.079996354991372
open,14,3,7,0.3286627251310777,4.095768897551846
open,14,4,5,0.32520191866755777,4.0587768030259594
open,14,4,6,0.3276952492423928,4.069373049884985
open,14,4,7,0.33045546420420624,4.1176296131487975
open,14,5,6,0.3249156380777799,4.043778842175371
open,14,5,7,0.32466442365987946,4.040911658126094
open,14,6,7,0.3282409707332837,4.096150109472552
open,15,0,1,0.33242118033012996,4.143532107079689
open,15,0,2,0.3344601041260919,4.171318038144676
open,15,0,3,0.3330606593716534,4.162080028324427
open,15,0,4,0.3377320831536808,4.21184177354686
open,15,0,5,0.33361705671199215,4.164963748491952
open,15,0,6,0.3331879456301514,4.150806685614605
open,15,0,7,0.3364707307455058,4.191744674690762
open,15,1,2,0.3353512234578023,4.190943361722428
open,15,1,3,0.33660323069514214,4.19551949165556
open,15,1,4,0.3387084951104782,4.219583909032411
open,15,1,5,0.3341029146849203,4.158461715064271
open,15,1,6,0.3344467739011359,4.163785385906243
open,15,1,7,0.33381153249456763,4.173375971589447
open,15,2,3,0.3382808458328744,4.219690364515051
open,15,2,4,0.3390403599479391,4.215518619518228
open,15,2,5,0.3347667140069811,4.174430987080801
open,15,2,6,0.3368393902940019,4.19843774730995
open,15,2,7,0.33708789519320487,4.213627971461333
open,15,3,4,0.3397862275248605,4.228470895265824
open,15,3,5,0.3354092706732438,4.1879657345813515
open,15,3,6,0.3375037216974519,4.197177750228453
open,15,3,7,0.33800923864009186,4.2122444099954945
open,15,4,5,0.3340412338122218,4.169098437691571
open,15,4,6,0.33694539619905195,4.184242883426761
open,15,4,7,0.339704531182702,4.232877312793784
open,15,5,6,0.33434123096913027,4.161086255676586
open,15,5,7,0.33400853565086963,4.157212454664197
open,15,6,7,0.33782300227547785,4.215725187083508
open,16,0,1,0.3411835414330633,4.2527523575095
open,16,0,2,0.3432553936484139,4.28101109086625
open,16,0,3,0.34164117018845014,4.269306059674952
open,16,0,4,0.3462517817297643,4.318090555201541
open,16,0,5,0.34227994738863843,4.273113571468565
open,16,0,6,0.34214608631354443,4.262405891789305
open,16,0,7,0.34540710542537933,4.303073826241046
open,16,1,2,0.3440472892935256,4.299619629581375
open,16,1,3,0.34511840946612043,4.301655129257112
open,16,1,4,0.34708209575480925,4.323901075709786
open,16,1,5,0.3426630985775134,4.265007319507227
open,16,1,6,0.34329873758101875,4.273990297070267
open,16,1,7,0.34256213244307354,4.282777654896122
open,16,2,3,0.3468559590022787,4.326655694835404
open,16,2,4,0.34748400259504625,4.320504152216766
open,16,2,5,0.3434149743553534,4.28227195355704
open,16,2,6,0.345783527504979,4.309919374357517
open,16,2,7,0.34591132547331116,4.3239216164205665
open,16,3,4,0.3480237522738611,4.330982800777452
open,16,3,5,0.3438768406475011,4.293692963993286
open,16,3,6,0.34626946581403656,4.306188062723039
open,16,3,7,0.3467101213906177,4.32067412296838
open,16,4,5,0.34223347549782046,4.2713440845024095
open,16,4,6,0.34549693827765565,4.2904373276552965
open,16,4,7,0.3482442438732739,4.339286126299594
open,16,5,6,0.3431579691656454,4.270816090740826
open,16,5,7,0.3427489978791994,4.265999969223752
open,16,6,7,0.34676779104532185,4.327348051886016
open,17,0,1,0.3493060437099191,4.353996956125497
open,17,0,2,0.3514693580159432,4.383453975109434
open,17,0,3,0.3496511627757441,4.369402631385037
open,17,0,4,0.3541222338398228,4.416242613082168
open,17,0,5,0.35038179493695254,4.3742591833479585
open,17,0,6,0.3502771972201648,4.363702081988629
open,17,0,7,0.35372632103868484,4.406714424243175
open,17,1,2,0.3521015992428214,4.400275760986554
open,17,1,3,0.3530135929784067,4.400062967612041
open,17,1,4,0.35476267522405663,4.419584679777379
open,17,1,5,0.35062109862782076,4.364057753020779
open,17,1,6,0.351288994216409,4.37346715379101
open,17,1,7,0.3506565233207714,4.383975286209793
open,17,2,3,0.35487587723026587,4.426695564333529
open,17,2,4,0.35530237844008666,4.417715318917451
open,17,2,5,0.3515306255645669,4.383471458975532
open,17,2,6,0.3539098739044803,4.411207882930115
open,17,2,7,0.35413621257042144,4.426733419599175
open,17,3,4,0.3556371176005692,4.425727352178247
open,17,3,5,0.35178834782903357,4.392477117808254
open,17,3,6,0.3542062311007902,4.404889240010232
open,17,3,7,0.35481505258060697,4.421677134707897
open,17,4,5,0.34982121725930937,4.366045094801076
open,17,4,6,0.35317265476414883,4.385755626840003
open,17,4,7,0.35611493214124235,4.4373585826473665
open,17,5,6,0.35118231914219866,4.370684157570003
open,17,5,7,0.3509068977107938,4.367536664140006
open,17,6,7,0.3548398051937729,4.42807947966597
open,18,0,1,0.3568148931778652,4.447592553213397
open,18,0,2,0.3591270615821119,4.478959288365815
open,18,0,3,0.35711292109389786,4.462648214128919
open,18,0,4,0.3613762684812619,4.506707356153872
open,18,0,5,0.3579383955362787,4.468597787819241
open,18,0,6,0.3579593014153709,4.459404612260973
open,18,0,7,0.3614419036710803,4.502834976363182
open,18,1,2,0.3595702919948149,4.493613331033171
open,18,1,3,0.36032768686379446,4.491227937706269
open,18,1,4,0.361803730381285,4.507301177807225
open,18,1,5,0.35800227623797864,4.455928680075928
open,18,1,6,0.35879271069611074,4.46688669751608
open,18,1,7,0.35812624726228176,4.477363211363078
open,18,2,3,0.36236922348815503,4.520167013846255
open,18,2,4,0.36253749558443615,4.507674434820597
open,18,2,5,0.3591182296066264,4.4780863896290395
open,18,2,6,0.36161953979046046,4.5073027970272905
open,18,2,7,0.36179170031852775,4.522427681453674
open,18,3,4,0.36266821297247287,4.513225843092678
open,18,3,5,0.3591735905301468,4.484690261803193
open,18,3,6,0.36170912593032295,4.49819482811586
open,18,3,7,0.36234650975567406,4.515533558610489
open,18,4,5,0.3568419345073277,4.453669191311992
open,18,4,6,0.36036904236316014,4.475121541724785
open,18,4,7,0.36335665235657266,4.527593802938219
open,18,5,6,0.3587758066382424,4.465189870672905
open,18,5,7,0.35850159869894704,4.46206354644221
open,18,6,7,0.3624522128295367,4.523075434317593
open,19,0,1,0.36374075083825685,4.533921329124718
open,19,0,2,0.3662464342675344,4.5677506489395165
open,19,0,3,0.36403507299644283,4.549150625554405
open,19,0,4,0.3680515273833896,4.589954212747086
open,19,0,5,0.364960479638905,4.556263346692474
open,19,0,6,0.3652016102714462,4.54962823653474
open,19,0,7,0.3685809191015657,4.591772667457349
open,19,1,2,0.36648448147177987,4.580021175893244
open,19,1,3,0.36708743720231735,4.575483410374872
open,19,1,4,0.3682534663954164,4.587651103172571
open,19,1,5,0.3648261625419885,4.54086319784252
open,19,1,6,0.3657971347007358,4.554090164803136
open,19,1,7,0.36501150231919055,4.563443994127033
open,19,2,3,0.3693532012288506,4.607284637978483
open,19,2,4,0.3692229516848904,4.590799242367887
open,19,2,5,0.3661959162880611,4.566342818251193
open,19,2,6,0.3689046658450576,4.598106156440913
open,19,2,7,0.3688997464316154,4.611278875316262
open,19,3,4,0.3691512190276252,4.5939036345903865
open,19,3,5,0.3660415075939366,4.570444007587754
open,19,3,6,0.3687702167494974,4.586006165808748
open,19,3,7,0.36932902814711005,4.602549150788828
open,19,4,5,0.3633247605746894,4.534579981039397
open,19,4,6,0.36708119364438646,4.558474131039771
open,19,4,7,0.37001430648268224,4.610551286633603
open,19,5,6,0.36592848103565656,4.554209388367861
open,19,5,7,0.3655470351184624,4.549754048047742
open,19,6,7,0.36959925488508416,4.612264047892659
open,20,0,1,0.37012400003066137,4.613486650293338
open,20,0,2,0.3728458592703815,4.6500573283196704
open,20,0,3,0.3704454410481508,4.629257549297838
open,20,0,4,0.37418619778687073,4.666459414240087
open,20,0,5,0.37148182591167095,4.6376775617962345
open,20,0,6,0.3719986358893091,4.63430458736598
open,20,0,7,0.3751721117712828,4.673885595116559
open,20,1,2,0.37287016242081855,4.659824156504164
open,20,1,3,0.3733387987655789,4.6534021791100555
open,20,1,4,0.37416862450673194,4.661341330451188
open,20,1,5,0.37114090787470083,4.61946061663855
open,20,1,6,0.372338369346194,4.635527031138685
open,20,1,7,0.37135261821684123,4.642721844483356
open,20,2,3,0.37583913144089903,4.688189653907819
open,20,2,4,0.3753890021708857,4.667465927822663
open,20,2,5,0.37278608539776004,4.648520062853404
open,20,2,6,0.37573803252018223,4.683278690938771
open,20,2,7,0.3754805242388684,4.6935391695541195
open,20,3,4,0.3751388881989403,4.668417204507031
open,20,3,5,0.3724341150370598,4.650262972855745
open,20,3,6,0.3754119742343175,4.668602697181785
open,20,3,7,0.37579027859723513,4.683068743092338
open,20,4,5,0.369311983629612,4.609305253723609
open,20,4,6,0.37333342696565225,4.63611538411858
open,20,4,7,0.37612770059303896,4.686727036023235
open,20,5,6,0.3726689246759537,4.638098435816492
open,20,5,7,0.3720812436766474,4.631081590011681
open,20,6,7,0.3763040654987167,4.695934013490403
open,21,0,1,0.37599387784596344,4.6866529484461354
open,21,0,2,0.378948350353434,4.726166349450505
open,21,0,3,0.37637213307623085,4.703320233766903
open,21,0,4,0.3798185235340417,4.736699897888079
open,21,0,5,0.37751871109640384,4.713043636289022
open,21,0,6,0.3783565233406932,4.713510219159407
open,21,0,7,0.38124706344532144,4.749567204248605
open,21,1,2,0.37875922204353807,4.733420772846103
open,21,1,3,0.3791000873085694,4.725212536750563
open,21,1,4,0.37958313398405913,4.728794545813801
open,21,1,5,0.3769711130357153,4.692027133982204
open,21,1,6,0.3784498898117663,4.711614054802842
open,21,1,7,0.3771805619668792,4.7155839179666295
open,21,2,3,0.3818539054673815,4.763217502267943
open,21,2,4,0.38106867444642345,4.738085143287062
open,21,2,5,0.37891021975490036,4.724886007135904
open,21,2,6,0.3821471775091809,4.763163636183173
open,21,2,7,0.3815608158165176,4.76954334244659
open,21,3,4,0.3806634432226069,4.737167548795661
open,21,3,5,0.3783724802060101,4.724410207358464
open,21,3,6,0.3816377333874942,4.746025896145554
open,21,3,7,0.3817628367549353,4.757498290682111
open,21,4,5,0.3748402064957825,4.678301841514679
open,21,4,6,0.3791630742946725,4.708508895424877
open,21,4,7,0.3817374890487328,4.756627623457284
open,21,5,6,0.37900018761616827,4.7168949728910174
open,21,5,7,0.37812505575454364,4.706305448572419
open,21,6,7,0.3825680933794374,4.7741034096874495
open,22,0,1,0.3813861714093773,4.753866299558767
open,22,0,2,0.3845804040785204,4.796408172033912
open,22,0,3,0.38184439279991567,4.771704122001322
open,22,0,4,0.3849857470998395,4.801140112938006
open,22,0,5,0.3830993460706835,4.782713762242764
open,22,0,6,0.3842758967025751,4.787252906574703
open,22,0,7,0.38683821025739784,4.819221583466101
open,22,1,2,0.38418127236505717,4.80118109161755
open,22,1,3,0.3844029137405374,4.791308490762181
open,22,1,4,0.3845351811518144,4.790486469244933
open,22,1,5,0.382335826929912,4.758799844906709
open,22,1,6,0.3841342198284221,4.782382655665519
open,22,1,7,0.3825308691114506,4.78247448675829
open,22,2,3,0.38741453266900644,4.832580356571995
open,22,2,4,0.3862923185446149,4.803034251296043
open,22,2,5,0.384576097538401,4.795537642435477
open,22,2,6,0.38813375466048305,4.83778160609243
open,22,2,7,0.38716836577384867,4.839638204019814
open,22,3,4,0.3857437716886965,4.800389714136893
open,22,3,5,0.3838692082269759,4.793043100414495
open,22,3,6,0.387447317988791,4.818273571234871
open,22,3,7,0.38727110279766225,4.8261418666405485
open,22,4,5,0.37992570036056794,4.741772821682611
open,22,4,6,0.3845852158477104,4.7758419335436955
open,22,4,7,0.38688047211535737,4.820711597453761
open,22,5,6,0.38492134799371264,4.790587526433513
open,22,5,7,0.3837022541567929,4.775721634643182
open,22,6,7,0.38840053567898314,4.8468870086099285
open,23,0,1,0.3863362068963348,4.815567034003615
open,23,0,2,0.3897725413115736,4.861163446069802
open,23,0,3,0.386890261268004,4.834759627914878
open,23,0,4,0.38972327165485315,4.860221570754173
open,23,0,5,0.388255863146486,4.847089087955615
open,23,0,6,0.38978672820877275,4.8559060393162214
open,23,0,7,0.39198193060554615,4.883301934020448
open,23,1,2,0.3891668432763308,4.8634866502481655
open,23,1,3,0.38927636246270503,4.852052557487899
open,23,1,4,0.3890635345356698,4.846900073712385
open,23,1,5,0.38727855461365884,4.820320241579193
open,23,1,6,0.3894173144618864,4.848155968323279
open,23,1,7,0.3874391603756033,4.843838888012793
open,23,2,3,0.39254886322518057,4.896625617907384
open,23,2,4,0.3910920990068207,4.862713175395626
open,23,2,5,0.3898173658610437,4.86089453719888
open,23,2,6,0.39371432853052535,4.907339064818345
open,23,2,7,0.39233331881941114,4.904200565749216
open,23,3,4,0.3904111741242448,4.858473220048753
open,23,3,5,0.38895889432492875,4.856593612704202
open,23,3,6,0.3928685101304101,4.885691219022808
open,23,3,7,0.3923469213939946,4.889396316709938
open,23,4,5,0.3846097758988736,4.8002337840791185
open,23,4,6,0.3896260065843747,4.838439295029149
open,23,4,7,0.39159279364290683,4.879429327285354
open,23,5,6,0.39045129840392007,4.859411226638803
open,23,5,7,0.3888495293819037,4.839786813791125
open,23,6,7,0.3938249930215771,4.914579324678997
open,24,0,1,0.39087427415976933,4.87213270587643
open,24,0,2,0.3945496777151233,4.920742914607227
open,24,0,3,0.3915354301184754,4.8928078060972435
open,24,0,4,0.39406269316201276,4.914338303183665
open,24,0,5,0.39300980469233726,4.906438554065237
open,24,0,6,0.39490067324070954,4.919614818420707
open,24,0,7,0.3967121842925513,4.942231326358699
open,24,1,2,0.39374527599929665,4.920704131161339
open,24,1,3,0.3937512337998374,4.907828641035337
open,24,1,4,0.3932025695110043,4.8984636029210264
open,24,1,5,0.3918310526553549,4.876983586860546
open,24,1,6,0.39431478407139436,4.909128338156982
open,24,1,7,0.39193992709707054,4.900108339067204
open,24,2,3,0.397282694212088,4.955675077103087
open,24,2,4,0.39549840896849703,4.9174998140414425
open,24,2,5,0.3946577514392468,4.921252555788055
open,24,2,6,0.39889914829679984,4.97196376028738
open,24,2,7,0.39709178125146694,4.9636817594994875
open,24,3,4,0.39469672628916763,4.911804788934056
open,24,3,5,0.39367007017270694,4.915417994572
open,24,3,6,0.397910205332669,4.948389463711571
open,24,3,7,0.3970160360996591,4.947582455046543
open,24,4,5,0.3889219469554039,4.854053084797381
open,24,4,6,0.3942975540898563,4.896451333848797
open,24,4,7,0.39591241425333107,4.933253820052887
open,24,5,6,0.39559973050872915,4.923486692316511
open,24,5,7,0.39360002278054007,4.8989134773781124
open,24,6,7,0.3988542399192446,4.977339772238071
open,25,0,1,0.39503291860731693,4.923968984098021
open,25,0,2,0.3989404024221703,4.975503135467913
open,25,0,3,0.39580776553249486,4.9461968852353815
open,25,0,4,0.3980362641130729,4.963892529615306
open,25,0,5,0.39738005629221174,4.9609979332068725
open,25,0,6,0.39963571486496596,4.978603274300933
open,25,0,7,0.40105670773814966,4.996355300164107
open,25,1,2,0.3979472898917988,4.973217439587851
open,25,1,3,0.39786111942303015,4.959055437655708
open,25,1,4,0.39698597667260394,4.945596769673152
open,25,1,5,0.3960116328604868,4.929017801366551
open,25,1,6,0.39884559654477975,4.965535911006049
open,25,1,7,0.39607249657696947,4.951774517402773
open,25,2,3,0.4016404617673337,5.0100335487404415
open,25,2,4,0.3995405820016848,4.967758891418939
open,25,2,5,0.3991198518889268,4.976893483052474
open,25,2,6,0.40370380676748824,5.031850044574571
open,25,2,7,0.4014727747472771,5.018444558757395
open,25,3,4,0.39862923741253886,4.960742937344641
open,25,3,5,0.39801632003222365,4.969685860958189
open,25,3,6,0.4025847590356538,5.006521956875613
open,25,3,7,0.4013149402240506,5.001155058386998
open,25,4,5,0.3928866851086669,4.903536148465853
open,25,4,6,0.39861740017731223,4.950095887099374
open,25,4,7,0.3998739421799657,4.982616310527386
open,25,5,6,0.4003822554225124,4.983008213573373
open,25,5,7,0.39797323419330327,4.953344328723247
open,25,6,7,0.4035154836934271,5.035507874023908
open,26,0,1,0.3988421336012259,4.971449727095072
open,26,0,2,0.4029718600256408,5.02578265046511
open,26,0,3,0.39973360273068786,4.99525596242534
open,26,0,4,0.4016725830927987,5.009240901726526
open,26,0,5,0.40140228269525235,5.011212473560406
open,26,0,6,0.4040114729575195,5.033115828501692
open,26,0,7,0.40504651293758837,5.046060202164782
open,26,1,2,0.4018010295075443,5.021378302977238
open,26,1,3,0.40163136960714624,5.00604892046694
open,26,1,4,0.4004421399847135,4.988653177496667
open,26,1,5,0.39985387489224383,4.976840839379076
open,26,1,6,0.40302759742997857,5.017600859836398
open,26,1,7,0.39986456977494284,4.999183745743882
open,26,2,3,0.40565044701598746,5.060053809491331
open,26,2,4,0.40324528859193787,5.013822019754048
open,26,2,5,0.40323219450900183,5.0281730450413535
open,26,2,6,0.40814787517896095,5.087241857729409
open,26,2,7,0.40549960159288484,5.068780244122658
open,26,3,4,0.40223523195681354,5.005617749046175
open,26,3,5,0.40202234136145204,5.019705587679323
open,26,3,6,0.40691255813372396,5.060342228813716
open,26,3,7,0.40526994055433124,5.050441959833185
open,26,4,5,0.396529628505997,4.949002959413346
open,26,4,6,0.40260447960773577,4.999608089731018
open,26,4,7,0.4035048542891012,5.027859173311699
open,26,5,6,0.4048130878790691,5.038152701684342
open,26,5,7,0.4020016456697079,5.003483653245561
open,26,6,7,0.40782826932579486,5.089327533710783
open,27,0,1,0.4023284657101315,5.0149058300270415
open,27,0,2,0.4066703367435523,5.071909295935705
open,27,0,3,0.4033371707228682,5.0402878145788135
open,27,0,4,0.4049990759703268,5.050725446310357
open,27,0,5,0.4051017661646193,5.05739780559923
open,27,0,6,0.4080477592178733,5.083399292277204
open,27,0,7,0.40870499923473913,5.091637540851961
open,27,1,2,0.40533209826335637,5.065506691743407
open,27,1,3,0.40508724212411695,5.049123909603806
open,27,1,4,0.4035989902603311,5.027980784623485
open,27,1,5,0.40338131444833003,5.020745641466843
open,27,1,6,0.40688301843039604,5.065599964240376
open,27,1,7,0.4033387959716817,5.042619189753212
open,27,2,3,0.40933454100971084,5.106008926722422
open,27,2,4,0.4066389535293804,5.05601775637488
open,27,2,5,0.40701618792102356,5.0753582002349
open,27,2,6,0.4122501416716485,5.138373379127163
open,27,2,7,0.4091975006762049,5.11500430388662
open,27,3,4,0.40554161027478086,5.0467639855729045
open,27,3,5,0.40571016654705816,5.065752274109438
open,27,3,6,0.4109099931632471,5.1100541113361215
open,27,3,7,0.4089014370740117,5.095697382366858
open,27,4,5,0.3998754865948202,4.990761911060291
open,27,4,6,0.40628122921340903,5.045266565986298
open,27,4,7,0.40683079302550323,5.069301925258644
open,27,5,6,0.4089142798992387,5.089194607875665
open,27,5,7,0.4057106728489234,5.049647784812067
open,27,6,7,0.4118102252284642,5.1390187379202885
open,28,0,1,0.40551857402766417,5.054669590644314
open,28,0,2,0.41006078915085764,5.114194325180126
open,28,0,3,0.40664225344352684,5.081589656740435
open,28,0,4,0.40804097995172034,5.088660895440079
open,28,0,5,0.4084978924629703,5.099795946321822
open,28,0,6,0.41176512235712687,5.129709658464337
open,28,0,7,0.41205782475748604,5.133406964596494
open,28,1,2,0.4085663258704207,5.105925404340802
open,28,1,3,0.4082542241539614,5.0885980846094805
open,28,1,4,0.4064823544692731,5.063901339896134
open,28,1,5,0.4066165110614671,5.0610129982156575
open,28,1,6,0.41043290968810225,5.109795293643562
open,28,1,7,0.40652046708664513,5.0823970538715075
open,28,2,3,0.41271572695056946,5.14818559120411
open,28,2,4,0.4097460499353564,5.094650392188625
open,28,2,5,0.41049116721444684,5.11869005084902
open,28,2,6,0.41603157030191446,5.185505909221728
open,28,2,7,0.4125897216370379,5.157407360566394
open,28,3,4,0.4085696845534194,5.084446866510123
open,28,3,5,0.4090985854013781,5.1080605323988335
open,28,3,6,0.41459524504022593,5.155883701315899
open,28,3,7,0.4122340077775783,5.137227615012244
open,28,4,5,0.4029438134349253,5.029057053517466
open,28,4,6,0.40966613084199616,5.087300826463768
open,28,4,7,0.4098747463985011,5.107231007714229
open,28,5,6,0.4126993406704901,5.13630206245583
open,28,5,7,0.40911909220670184,5.092070423434949
open,28,6,7,0.41548008371789313,5.184815249000673
open,29,0,1,0.4084359314398481,5.091033591557873
open,29,0,2,0.4131667621404207,5.152931385288407
open,29,0,3,0.40967057793588546,5.119433000090292
open,29,0,4,0.41082160484272195,5.1233379446653835
open,29,0,5,0.41161572831785287,5.138719835397867
open,29,0,6,0.41518472581916055,5.172310578151018
open,29,0,7,0.41512888263758574,5.171666133487805
open,29,1,2,0.41152663304736736,5.142920885031049
open,29,1,3,0.41115435840911063,5.124746192192311
open,29,1,4,0.4091153302507655,5.096702590531533
open,29,1,5,0.409583235484695,5.097938775845504
open,29,1,6,0.4136968515562283,5.150430618937411
open,29,1,7,0.4094327719717282,5.1188072495844015
open,29,2,3,0.41581588601327135,5.1868567470986715
open,29,2,4,0.4125891482146892,5.130000560338187
open,29,2,5,0.4136826213112973,5.158486435370872
open,29,2,6,0.419512442780882,5.228892243570909
open,29,2,7,0.4156992649096069,5.196276921587731
open,29,3,4,0.41134030196537,5.118925824570579
open,29,3,5,0.4122131642660179,5.146949587363179
open,29,3,6,0.4179875605247277,5.198070350404379
open,29,3,7,0.415290116641535,5.175312602068607
open,29,4,5,0.40575777325749945,5.064177494686162
open,29,4,6,0.4127780097745916,5.12594464657433
open,29,4,7,0.41265938804204416,5.141928944760218
open,29,5,6,0.4161887655707018,5.179730143253401
open,29,5,7,0.41225011315287075,5.131040443311428
open,29,6,7,0.4188582438866206,5.2269716291564965
open,30,0,1,0.41110236688933227,5.124269924108708
open,30,0,2,0.41601006801973617,5.188392514900087
open,30,0,3,0.4124441527732246,5.15409287393829
open,30,0,4,0.4133621752481974,5.1550212850886545
open,30,0,5,0.4144760023105387,5.174428253929284
open,30,0,6,0.4183274406188444,5.211462059387341
open,30,0,7,0.41794053075342624,5.206693581463935
open,30,1,2,0.4142350040498592,5.176767874932974
open,30,1,3,0.4138093680002498,5.157838995452556
open,30,1,4,0.4115186536573512,5.126642863424074
open,30,1,5,0.41230260987168305,5.131785874389618
open,30,1,6,0.41669580308284226,5.1877668754481325
open,30,1,7,0.4120961462029643,5.1521052663932485
open,30,2,3,0.4186571846681451,5.222298897324947
open,30,2,4,0.4151890693035216,5.162327141636456
open,30,2,5,0.4166122145785733,5.195017501342398
open,30,2,6,0.422713308907973,5.2687885192420385
open,30,2,7,0.4185471918451582,5.231876255670728
open,30,3,4,0.4138754406598445,5.150474366908902
open,30,3,5,0.41507539934190946,5.182687843488569
open,30,3,6,0.4211081273077714,5.236877547563627
open,30,3,7,0.4180909026787742,5.21021577624343
open,30,4,5,0.4083377336236001,5.096377437815526
open,30,4,6,0.4156362859628525,5.16143918644492
open,30,4,7,0.41520562071781375,5.173656194581806
open,30,5,6,0.41940201222585993,5.219721012623957
open,30,5,7,0.4151251841658686,5.166824801336852
open,30,6,7,0.421965315907926,5.265745074688836
open,31,0,1,0.4135383275916207,5.154633456815898
open,31,0,2,0.4186112428340381,5.220833835372722
open,31,0,3,0.4149835623617648,5.185826510544122
open,31,0,4,0.41568239528345097,5.183956645854645
open,31,0,5,0.417097952410956,5.207161373830944
open,31,0,6,0.4212115707882671,5.247392131127425
open,31,0,7,0.42051354297054067,5.238748108866978
open,31,1,2,0.41671142346293577,5.207716124929085
open,31,1,3,0.41623825841553436,5.18811338426153
open,31,1,4,0.41371163539910705,5.153962728747489
open,31,1,5,0.41479277921781366,5.162780138236961
open,31,1,6,0.41944727570236245,5.222022076505225
open,31,1,7,0.41453137963077247,5.1825510230059
open,31,2,3,0.4212592094560804,5.254756362951909
open,31,2,4,0.4175655164863027,5.191875120375192
open,31,2,5,0.41929900517046004,5.228520897687638
open,31,2,6,0.4256527147206988,5.305425897988149
open,31,2,7,0.42115581032743266,5.264484213299947
open,31,3,4,0.41619378456321265,5.179325005712066
open,31,3,5,0.4177027951123577,5.215493864132348
open,31,3,6,0.42397443932011675,5.272522846355955
open,31,3,7,0.4206562044916108,5.242184364630383
open,31,4,5,0.41070153171602053,5.125879505035372
open,31,4,6,0.41825873572473377,5.194005195291093
open,31,4,7,0.4175332584006578,5.202659648571107
open,31,5,6,0.4223564404834246,5.256490724753987
open,31,5,7,0.41776324564597733,5.199659237797906
open,31,6,7,0.4248196294682145,5.301364323487442
open,32,0,1,0.4157631641706213,5.182365389507248
open,32,0,2,0.42098951879329616,5.2504952068970185
open,32,0,3,0.4173069922550731,5.214861164995339
open,32,0,4,0.41780067276825705,5.2103735900642665
open,32,0,5,0.41949731111735183,5.237115603780267
open,32,0,6,0.4238564178325663,5.280341248698717
open,32,0,7,0.42286663382454537,5.268062860953982
open,32,1,2,0.41897446856260656,5.235997798512833
open,32,1,3,0.41845928920503894,5.215796950903744
open,32,1,4,0.4157122018302851,5.1788855105607885
open,32,1,5,0.4170690082262751,5.1911115617904855
open,32,1,6,0.4219699027885065,5.253428203324325
open,32,1,7,0.4167571103016466,5.210377535863741
open,32,2,3,0.4236403776140836,5.284458879237977
open,32,2,4,0.4197366257105423,5.2188699930835485
open,32,2,5,0.42175779470997504,5.2591811957848
open,32,2,6,0.4283497930729383,5.339042855766191
open,32,2,7,0.42354246178457755,5.294317563833613
open,32,3,4,0.41831297985169513,5.205697338881682
open,32,3,5,0.4201071415522677,5.2455148605233965
open,32,3,6,0.42660534259292443,5.305240614990016
open,32,3,7,0.42300442265682614,5.271447673762623
open,32,4,5,0.41286256098244384,5.1528508571514875
open,32,4,6,0.42066333224257824,5.223865867022485
open,32,4,7,0.41965939344839637,5.229152285499367
open,32,5,6,0.4250673649591085,5.290229879638498
open,32,5,7,0.4201782022566891,5.22971681605698
open,32,6,7,0.42743845673928527,5.334044916617307
open,33,0,1,0.41779455239914937,5.2076860454849765
open,33,0,2,0.42316318250154866,5.277604696259839
open,33,0,3,0.419431846168816,5.241414322171515
open,33,0,4,0.41973410346691803,5.234485318233049
open,33,0,5,0.4216936485999047,5.264535262968088
open,33,0,6,0.4262799847457725,5.3105336907672465
open,33,0,7,0.4250178668980201,5.294862873423943
open,33,1,2,0.4210417012440507,5.261832369784418
open,33,1,3,0.4204890043606402,5.241095904452846
open,33,1,4,0.4175368482802631,5.201616705411656
open,33,1,5,0.41915069933943777,5.217021640440474
open,33,1,6,0.4242809507843979,5.282200219149675
open,33,1,7,0.41879098085816635,5.235805376677003
open,33,2,3,0.4258184681730936,5.31162822050608
open,33,2,4,0.42171955377596904,5.243525081882578
open,33,2,5,0.42400825885817633,5.287243744665839
open,33,2,6,0.4308223102971213,5.369860835919353
open,33,2,7,0.42572531498053373,5.3216034183992384
open,33,3,4,0.4202494814439891,5.229796139710953
open,33,3,5,0.4223083896926056,5.272999943945634
open,33,3,6,0.42901786148050947,5.335242567401239
open,33,3,7,0.4251526178371565,5.298218312270409
open,33,4,5,0.41483933919801597,5.177522610623807
open,33,4,6,0.42286618264182885,5.251221222549803
open,33,4,7,0.42160150027109705,5.253351844687497
open,33,5,6,0.42755468683222336,5.321186159932321
open,33,5,7,0.4223893239104351,5.25723737764927
open,33,6,7,0.4298393707729496,5.364006149853542
open,34,0,1,0.41964878188907423,5.230798469963367
open,34,0,2,0.4251489172056356,5.302370373504874
open,34,0,3,0.4213743332718793,5.265688539343215
open,34,0,4,0.4214983831802845,5.25648757199464
open,34,0,5,0.42369586918181945,5.289531515325049
open,34,0,6,0.4284983007604363,5.338169147167261
open,34,0,7,0.42698408232388496,5.3193579402679525
open,34,1,2,0.422929354036074,5.2854226995181115
open,34,1,3,0.42234260234931226,5.264199682973054
open,34,1,4,0.41920070581672225,5.2223448140629465
open,34,1,5,0.42105256196666985,5.240693457042597
open,34,1,6,0.4263959996093736,5.308532090392406
open,34,1,7,0.4206489390317342,5.259033927050447
open,34,2,3,0.4278096449453896,5.336466012960503
open,34,2,4,0.42352985642596735,5.266033801874507
open,34,2,5,0.4260614011154492,5.3128457543670375
open,34,2,6,0.4330858175882811,5.398073671847544
open,34,2,7,0.4277209364022193,5.346548859522368
open,34,3,4,0.4220180793739516,5.251805462827872
open,34,3,5,0.424316089528562,5.298068356936822
open,34,3,6,0.43122765783977024,5.362723473581999
open,34,3,7,0.4271170150073425,5.322698474506263
open,34,4,5,0.4166433633568454,5.200038257019609
open,34,4,6,0.4248811389745565,5.276243278914836
open,34,4,7,0.4233751060889498,5.275451802559976
open,34,5,6,0.429834344718113,5.349557931697126
open,34,5,7,0.4244077946864246,5.282360124386768
open,34,6,7,0.432037515254073,5.391437002671445
open,35,0,1,0.4213405635299069,5.251886029847477
open,35,0,2,0.4269621564128593,5.324984722179812
open,35,0,3,0.42314912424542267,5.287867148126886
open,35,0,4,0.42310771459932983,5.276557472475881
open,35,0,5,0.42552680013006583,5.312389342501497
open,35,0,6,0.4305271587085523,5.363444362689464
open,35,0,7,0.4287801465152489,5.341733266920799
open,35,1,2,0.4246521436225461,5.30695270470677
open,35,1,3,0.42403446082634777,5.285287493695685
open,35,1,4,0.4207172595107435,5.241237831677957
open,35,1,5,0.42279011977647113,5.262320229250148
open,35,1,6,0.42833086742678605,5.332620749546834
open,35,1,7,0.4223452226315965,5.280241190813216
open,35,2,3,0.42962882309573747,5.359158307268386
open,35,2,4,0.42518187349498604,5.286574449941539
open,35,2,5,0.4279393524655613,5.336263190988214
open,35,2,6,0.43515773253515405,5.4238984600784415
open,35,2,7,0.42954439505386594,5.369342251064885
open,35,3,4,0.4236321698243487,5.271892017075665
open,35,3,5,0.42615270291416407,5.321000561258832
open,35,3,6,0.4332498035082593,5.387870766076484
open,35,3,7,0.4289125739064104,5.345074587555261
open,35,4,5,0.4182927033812871,5.220623323242265
open,35,4,6,0.4267245042465915,5.299134489502892
open,35,4,7,0.42499412378338336,5.295625520125415
open,35,5,6,0.43192112019665424,5.375529160962722
open,35,5,7,0.42625468364060004,5.3053472907108805
open,35,6,7,0.43404930543938197,5.416542322611791
open,36,0,1,0.4228837646244781,5.271121576982849
open,36,0,2,0.4286174243236013,5.345628885142331
open,36,0,3,0.4247706541364889,5.308130535546074
open,36,0,4,0.42457543047537244,5.294861291824904
open,36,0,5,0.42720068887329715,5.33328661317248
open,36,0,6,0.43238278934556545,5.386561537710842
open,36,0,7,0.43042035020719704,5.362166887033604
open,36,1,2,0.4262239294930514,5.32659558983515
open,36,1,3,0.42557840145608217,5.3045316138208305
open,36,1,4,0.4220995067329856,5.258457677715107
open,36,1,5,0.4243772760213829,5.28207500596772
open,36,1,6,0.4300998341017359,5.354643977647963
open,36,1,7,0.4238934442550898,5.299597355274932
open,36,2,3,0.4312909040749326,5.379890983029811
open,36,2,4,0.42668911285020905,5.305314978552908
open,36,2,5,0.4296556280997315,5.357664584525513
open,36,2,6,0.43705292050905464,5.447520485759367
open,36,2,7,0.43120991933346003,5.390161449237585
open,36,3,4,0.4251052971559769,5.29022435529957
open,36,3,5,0.42783310385316076,5.341982275743797
open,36,3,6,0.4350999527683803,5.410879120681068
open,36,3,7,0.4305532397824322,5.365520435996409
open,36,4,5,0.4197997828756492,5.2394328656862195
open,36,4,6,0.4284099967902917,5.320065210802555
open,36,4,7,0.42647164443701524,5.314036118394942
open,36,5,6,0.43383025450385565,5.399289534467687
open,36,5,7,0.42794394826256676,5.326372597480299
open,36,6,7,0.4358898153534389,5.4395102198523695
open,37,0,1,0.4242910795952261,5.288663343606376
open,37,0,2,0.4301280151771586,5.364468665426931
open,37,0,3,0.4262505659759622,5.326624198299199
open,37,0,4,0.4259136183049573,5.311549772673
open,37,0,5,0.42872877949524035,5.352363701459061
open,37,0,6,0.4340787545947202,5.40768962468724
open,37,0,7,0.4319175130007642,5.380818506903111
open,37,1,2,0.4276575737281037,5.344512094591007
open,37,1,3,0.4269877630691835,5.3220983023708675
open,37,1,4,0.42335912957770033,5.274149886100003
open,37,1,5,0.42582570652549667,5.300103112079781
open,37,1,6,0.4317160231324066,5.374765159228736
open,37,1,7,0.42530608611152215,5.317258475416706
open,37,2,3,0.4328083589133756,5.398819602959796
open,37,2,4,0.4280639410883304,5.3224091499882205
open,37,2,5,0.4312234640137821,5.377214983500169
open,37,2,6,0.4387852799491389,5.469112981989722
open,37,2,7,0.4327305660770977,5.409169665625868
open,37,3,4,0.4264493954524581,5.306950991244904
open,37,3,5,0.4293681715790115,5.361149339979144
open,37,3,6,0.4367917525129218,5.431918249405097
open,37,3,7,0.4320523088780115,5.384201716553875
open,37,4,5,0.42117563454108153,5.256604581175912
open,37,4,6,0.42995013159666806,5.339190856013303
open,37,4,7,0.42781955441783337,5.330831707072046
open,37,5,6,0.4355756511928598,5.421012090648588
open,37,5,7,0.4294872267154196,5.3455808982284
open,37,6,7,0.4375722413060897,5.460505372391477
open,38,0,1,0.42557413494343965,5.3046562506323465
open,38,0,2,0.4315059528665428,5.381654022568962
open,38,0,3,0.42760098327977714,5.343499637448078
open,38,0,4,0.42713348950956487,5.32676273215833
open,38,0,5,0.4301234005111925,5.369774519813412
open,38,0,6,0.4356280896355557,5.426991013978483
open,38,0,7,0.43328352712115836,5.397836279599201
open,38,1,2,0.42896482102040584,5.360848994469628
open,38,1,3,0.4282729834808073,5.3381176592763415
open,38,1,4,0.42450683636756076,5.28844785964567
open,38,1,5,0.4271476023129858,5.316556284985388
open,38,1,6,0.4331921335942776,5.393142394857084
open,38,1,7,0.4265945978398494,5.333367696826542
open,38,2,3,0.43419304861082914,5.416092120296101
open,38,2,4,0.4293175973569783,5.337996708188585
open,38,2,5,0.43265523315476023,5.395068674498613
open,38,2,6,0.4403679131225545,5.488839258211792
open,38,2,7,0.43411827710518686,5.426516174022173
open,38,3,4,0.42767503939261103,5.322203521539166
open,38,3,5,0.4307696495799187,5.378648384754464
open,38,3,6,0.43833760872120603,5.451142432326195
open,38,3,7,0.4334204487954061,5.401251368043647
open,38,4,5,0.42243123362286633,5.272275449441172
open,38,4,6,0.4313569671960846,5.35666116993186
open,38,4,7,0.429048848352086,5.346149284341142
open,38,5,6,0.4371706838836107,5.44086327259106
open,38,5,7,0.43089695633865077,5.36312699337829
open,38,6,7,0.4391095986494919,5.47969020003931
open,39,0,1,0.4267435309334255,5.319232427233321
open,39,0,2,0.43276238872500417,5.397324033716826
open,39,0,3,0.4288325997416867,5.358890486335305
open,39,0,4,0.4282450511735141,5.340624968183931
open,39,0,5,0.43139693505532434,5.385673662564199
open,39,0,6,0.43704276143191023,5.444614788269456
open,39,0,7,0.43452946293387895,5.413358119482292
open,39,1,2,0.43015649105484,5.375741504980489
open,39,1,3,0.4294454568198886,5.352731704237834
open,39,1,4,0.42555228318514965,5.3014718925026205
open,39,1,5,0.4283539846520468,5.33157170254152
open,39,1,6,0.43453960230804284,5.409918070319272
open,39,1,7,0.4277695163405817,5.348056753860879
open,39,2,3,0.4354561094575765,5.431847448303792
open,39,2,4,0.43046029374178674,5.352204626937125
open,39,2,5,0.4339620573534667,5.411364343098549
open,39,2,6,0.44181335279572326,5.5068555254897795
open,39,2,7,0.43538416910869493,5.442339934029259
open,39,3,4,0.4287928689653694,5.336114355561802
open,39,3,5,0.4320488116555999,5.394620176265104
open,39,3,6,0.4397497877876758,5.468704213652087
open,39,3,7,0.4346694993944474,5.416816937862925
open,39,4,5,0.42357677605822547,5.2865727238317035
open,39,4,6,0.4326412753298193,5.372609917798211
open,39,4,7,0.43016951642325135,5.360113332560025
open,39,5,6,0.4386283215229634,5.459004486970413
open,39,5,7,0.4321844883753925,5.379152165335323
open,39,6,7,0.44051364724346637,5.497211455198485
open,40,0,1,0.42780910874947836,5.3325145408730785
open,40,0,2,0.43390773352539486,5.4116085399010485
open,40,0,3,0.42995528578935815,5.372920090389735
open,40,0,4,0.42925768351243737,5.35325346100136
open,40,0,5,0.43255962104928186,5.4001889426384215
open,40,0,6,0.4383339388898619,5.460700088158216
open,40,0,7,0.4356655096902795,5.427510964012901
open,40,1,2,0.4312425333651677,5.389313967201103
open,40,1,3,0.4305137505915994,5.366047225104258
open,40,1,4,0.426504429569968,5.313333601383327
open,40,1,5,0.42945458594506697,5.345270500544796
open,40,1,6,0.4357692377832885,5.425226749072841
open,40,1,7,0.42884058991695606,5.361447521681395
open,40,2,3,0.4366075460862133,5.446210384033263
open,40,2,4,0.4315016341678215,5.365152318344368
open,40,2,5,0.43515445352245646,5.426233131745809
open,40,2,6,0.44313283481020066,5.523301829740726
open,40,2,7,0.4365385930550425,5.456770333639031
open,40,3,4,0.42981131341871054,5.348788391118711
open,40,3,5,0.43321573139974767,5.409190494770875
open,40,3,6,0.4410388991319943,5.484735531543126
open,40,3,7,0.4358085157629793,5.4310112698005515
open,40,4,5,0.4246213597799606,5.299609953734801
open,40,4,6,0.4338132761411127,5.387164015017952
open,40,4,7,0.43119086380071925,5.372839798490619
open,40,5,6,0.4399597369086199,5.475574786259533
open,40,5,7,0.43335984262447075,5.393781124782089
open,40,6,7,0.4417955072626709,5.513207907579988
open,41,0,1,0.42877975204867863,5.344613323720681
open,41,0,2,0.434951452430439,5.424625588695968
open,41,0,3,0.4309787053246662,5.3857092141984095
open,41,0,4,0.43018000436688975,5.364755683316521
open,41,0,5,0.43361996215601956,5.413426522017976
open,41,0,6,0.4395117850258043,5.475373523016277
open,41,0,7,0.43670098726455836,5.440410919970818
open,41,1,2,0.4322320410761033,5.401680019514136
open,41,1,3,0.4314875217359655,5.378184588753925
open,41,1,4,0.42737143373715486,5.324134620211428
open,41,1,5,0.4304577349825063,5.357756344526819
open,41,1,6,0.43689082828105386,5.439190292715654
open,41,1,7,0.4298165979942699,5.373649762351451
open,41,2,3,0.43765775170236443,5.459310571566262
open,41,2,4,0.43245037827236454,5.37694869691851
open,41,2,5,0.43624178108093714,5.439791749324299
open,41,2,6,0.44433675689766705,5.53830777050207
open,41,2,7,0.43759096719165214,5.469925101762398
open,41,3,4,0.43073959607663287,5.360340407897605
open,41,3,5,0.43428008671753215,5.422480179910924
open,41,3,6,0.4422154146821079,5.499366614320226
open,41,3,7,0.4368471081918493,5.44395412654131
open,41,4,5,0.4255733307821602,5.3114913037487
open,41,4,6,0.4348821786753876,5.400437821019071
open,41,4,7,0.4321214415985888,5.384435233013314
open,41,5,6,0.44117457648512315,5.490694226509206
open,41,5,7,0.4344320737705155,5.407126570178956
open,41,6,7,0.44296521799252103,5.527804838375748
open,42,0,1,0.4296636208484318,5.355630487989775
open,42,0,2,0.43590222529783673,5.436483433512221
open,42,0,3,0.4319111865067605,5.3973619302895415
open,42,0,4,0.4310199230972758,5.375230272410904
open,42,0,5,0.4345852387042895,5.425477290256377
open,42,0,6,0.4405857403205171,5.488752700972173
open,42,0,7,0.43764446946138286,5.452164799618662
open,42,1,2,0.4331333076565691,5.412943306862842
open,42,1,3,0.43237454314209117,5.38924067871251
open,42,1,4,0.4281609163618155,5.33396988631065
open,42,1,5,0.43137106039908196,5.369124185426402
open,42,1,6,0.43791355166048057,5.451922963482395
open,42,1,7,0.4307057936665499,5.384766657639648
open,42,2,3,0.4386149930714047,5.471251129925426
open,42,2,4,0.4333145954782427,5.387694095263553
open,42,2,5,0.4372330045183548,5.452151980073497
open,42,2,6,0.44543479811286524,5.551993989569165
open,42,2,7,0.43855000439001984,5.481913150049917
open,42,3,4,0.43158539257050627,5.370865925319879
open,42,3,5,0.43525074928009144,5.43460000457671
open,42,3,6,0.4432886477477766,5.512713281792154
open,42,3,7,0.4377936126863267,5.455749390723847
open,42,4,5,0.4264412302609802,5.322323374747623
open,42,4,6,0.43585682761659333,5.412541170529359
open,42,4,7,0.43296914368761635,5.394997997449102
open,42,5,6,0.4422825242955246,5.504483331707225
open,42,5,7,0.43540975587204594,5.419295217909064
open,42,6,7,0.44403216953893365,5.541119427605351
open,43,0,1,0.43046837617718525,5.365661526143607
open,43,0,2,0.4367681429734326,5.447282981725
open,43,0,3,0.4327605165803955,5.407975551674909
open,43,0,4,0.43178459700779676,5.384766486706565
open,43,0,5,0.43546463370042654,5.436455890438316
open,43,0,6,0.4415647489887371,5.5009490477446725
open,43,0,7,0.4385039161212112,5.462871766466964
open,43,1,2,0.43395405858216973,5.423200375877848
open,43,1,3,0.4331823179904869,5.399309016780195
open,43,1,4,0.42887960258428526,5.342923180555566
open,43,1,5,0.43220313123221266,5.379480679044719
open,43,1,6,0.4388458521947425,5.463529890631227
open,43,1,7,0.43151571634416813,5.394892466704295
open,43,2,3,0.4394872337126229,5.482131395464034
open,43,2,4,0.4341015761899713,5.397479159920762
open,43,2,5,0.4381360643489222,5.463412839597989
open,43,2,6,0.4464359189637812,5.564472172617875
open,43,2,7,0.4394237204619197,5.492834676845065
open,43,3,4,0.43235577633257155,5.380452968737759
open,43,3,5,0.43613524526362857,5.445643941627088
open,43,3,6,0.444267281708217,5.524883519986032
open,43,3,7,0.4386559730928812,5.466496057934853
open,43,4,5,0.4272319620381071,5.332192331879143
open,43,4,6,0.4367452893258675,5.423574232936988
open,43,4,7,0.433741139495728,5.404617426222544
open,43,5,6,0.4432926071366838,5.517054446000425
open,43,5,7,0.43630101485130857,5.430388206660689
open,43,6,7,0.44500506436858717,5.55326027417331
open,44,0,1,0.43120076601733626,5.374790549795322
open,44,0,2,0.4375565467432294,5.457115792352408
open,44,0,3,0.43353391185422757,5.41764025668477
open,44,0,4,0.4324804817346652,5.393444834155314
open,44,0,5,0.4362660132113261,5.446460524627515
open,44,0,6,0.4424568171563358,5.512062302478692
open,44,0,7,0.43928655558757257,5.472621871054232
open,44,1,2,0.43470123340059863,5.432537951310117
open,44,1,3,0.43391765221328404,5.408474434052796
open,44,1,4,0.4295335865543001,5.351070423026528
open,44,1,5,0.43296165576402107,5.388921767663886
open,44,1,6,0.43969543139910494,5.474106956255247
open,44,1,7,0.4322531848886312,5.404112440263223
open,44,2,3,0.44028158475611345,5.492040071895319
open,44,2,4,0.43481807000679445,5.406387813232866
open,44,2,5,0.4389589534430232,5.473673996366624
open,44,2,6,0.44734836744745393,5.575845124436199
open,44,2,7,0.44021948218273677,5.502781767480079
open,44,3,4,0.433057022742577,5.389179632136442
open,44,3,5,0.43694173819224164,5.45571392193334
open,44,3,6,0.44515910611008935,5.535974199276392
open,44,3,7,0.4394414018268351,5.476284008723884
open,44,4,5,0.42795281548474184,5.341189152253297
open,44,4,6,0.43755486369805024,5.433627659526646
open,44,4,7,0.43444394201098907,5.41337467421057
open,44,5,6,0.44421316328425303,5.528511344457506
open,44,5,7,0.43711355242270944,5.440501395250699
open,44,6,7,0.4458918158295181,5.5643261294979895
open,45,0,1,0.4318672196317171,5.383097697812556
open,45,0,2,0.43827420972221265,5.466066338299774
open,45,0,3,0.4342379688523412,5.426438478534745
open,45,0,4,0.4331136054551276,5.401340491887226
open,45,0,5,0.4369964562480156,5.455579569073664
open,45,0,6,0.44326946257092953,5.522186120174288
open,45,0,7,0.4399991147497128,5.481498916812969
open,45,1,2,0.4353812821438421,5.441036640346516
open,45,1,3,0.43458666546163816,5.416813207622642
open,45,1,4,0.43012857752443345,5.358482738807906
open,45,1,5,0.43365274392534314,5.3975234994485435
open,45,1,6,0.4404693983973461,5.483742667309834
open,45,1,7,0.43292460483792766,5.412506661584158
open,45,2,3,0.44100443710065057,5.5010568788200525
open,45,2,4,0.4354701753286297,5.414495880739949
open,45,2,5,0.43970862386703713,5.483022140364107
open,45,2,6,0.44817971588344163,5.586207228024414
open,45,2,7,0.4409440796669873,5.511839298976244
open,45,3,4,0.43369507713393785,5.39711990223838
open,45,3,5,0.4376766918398144,5.4648906530545815
open,45,3,6,0.44597160917570494,5.546078442784709
open,45,3,7,0.4401565740667142,5.485196428638011
open,45,4,5,0.42860936699378127,5.349383433657907
open,45,4,6,0.4382921299366905,5.442783151921025
open,45,4,7,0.4350838018029572,5.421347626432789
open,45,5,6,0.4450520370244852,5.538951654139355
open,45,5,7,0.437854178701411,5.449719545272135
open,45,6,7,0.4466998217269426,5.574409311490159
open,46,0,1,0.43247355263804843,5.390655460157366
open,46,0,2,0.4389272987972616,5.474211531719435
open,46,0,3,0.43487884684974476,5.434447186373786
open,46,0,4,0.433689073189227,5.408517124379986
open,46,0,5,0.4376616383201301,5.463883878343125
open,46,0,6,0.444009529884305,5.5314057705021344
open,46,0,7,0.44064769161784717,5.489578872615086
open,46,1,2,0.4360001310465864,5.448770504186711
open,46,1,3,0.4351954436552901,5.4244011941440045
open,46,1,4,0.4306697968366666,5.36522517466093
open,46,1,5,0.434282040715871,5.405356135728568
open,46,1,6,0.4411743135852489,5.492518699213077
open,46,1,7,0.43353572194391643,5.420146965161752
open,46,2,3,0.4416624696649442,5.509265128578476
open,46,2,4,0.4360632799277636,5.421870352267041
open,46,2,5,0.44039115308918547,5.491533055623337
open,46,2,6,0.4489369320740258,5.595645331550989
open,46,2,7,0.44160370787629133,5.520084708891944
open,46,3,4,0.43427525716207305,5.404339954625008
open,46,3,5,0.438346209022432,5.473250335581805
open,46,3,6,0.44671175792438467,5.555282891980688
open,46,3,7,0.44080773747529667,5.493311175556854
open,46,4,5,0.4292068413011134,5.356840384923569
open,46,4,6,0.4389631103035301,5.451115495548622
open,46,4,7,0.43566551570625034,5.428596053691659
open,46,5,6,0.4458161662695054,5.548461721712527
open,46,5,7,0.4385288759011319,5.458117113904149
open,46,6,7,0.44743586709081795,5.583594491180188
open,47,0,1,0.4330250730091885,5.397529999148106
open,47,0,2,0.4395214410660163,5.481621552622695
open,47,0,3,0.43546194105503316,5.441733801223589
open,47,0,4,0.43421289706689187,5.4150497086382785
open,47,0,5,0.43826760455108527,5.471448921358649
open,47,0,6,0.44468323840027635,5.539798732639347
open,47,0,7,0.4412378378393682,5.496930900756936
open,47,1,2,0.43656315410117014,5.455806702560388
open,47,1,3,0.43574940957825353,5.431305984756698
open,47,1,4,0.4311624574703549,5.3713626731663835
open,47,1,5,0.4348548714748154,5.412485959132018
open,47,1,6,0.4418161641928765,5.500509591601727
open,47,1,7,0.4340918361956015,5.427099612477731
open,47,2,3,0.4422613929268007,5.5167360532503045
open,47,2,4,0.43660321736046215,5.428583760373571
open,47,2,5,0.441012550714995,5.499281679951691
open,47,2,6,0.44962643106322714,5.6042393934879495
open,47,2,7,0.44220401414671767,5.527588589418602
open,47,3,4,0.4348035015466663,5.410913693714173
open,47,3,5,0.43895593324301924,5.480863435059462
open,47,3,6,0.4473857169172206,5.563664209007566
open,47,3,7,0.44140043592557004,5.500697336787303
open,47,4,5,0.42975106212198694,5.3636326906164
open,47,4,6,0.43957421298425126,5.458704268304372
open,47,4,7,0.4361951185378105,5.435195152628307
open,47,5,6,0.44651193616180046,5.557121014278839
open,47,5,7,0.43914343188126365,5.465766139309184
open,47,6,7,0.4481061893566393,5.591959506115381
open,48,0,1,0.43352664883100683,5.403781994041378
open,48,0,2,0.44006184027414286,5.488361301061592
open,48,0,3,0.435992273661536,5.448361082734587
open,48,0,4,0.43468921663232973,5.420989868733629
open,48,0,5,0.43881941521987644,5.478337871984247
open,48,0,6,0.4452964627041038,5.547438191309721
open,48,0,7,0.4417747329266071,5.503619527484779
open,48,1,2,0.43707527762127274,5.462206800478104
open,48,1,3,0.43625336602649245,5.437587442891147
open,48,1,4,0.43161053449013914,5.376944755133568
open,48,1,5,0.43537609222949286,5.418973410926526
open,48,1,6,0.44240047134828725,5.507784081249813
open,48,1,7,0.43459778212667455,5.433425045801991
open,48,2,3,0.4428063709559639,5.52353406906131
open,48,2,4,0.4370944344233558,5.434691395096385
open,48,2,5,0.44157799349295496,5.506332565702799
open,48,2,6,0.4502541071377035,5.612062881476883
open,48,2,7,0.4427501810755392,5.534415723472319
open,48,3,4,0.43528396942961656,5.416892877961764
open,48,3,5,0.4395109658948113,5.487793648176748
open,48,3,6,0.4479991751299974,5.57129314165581
open,48,3,7,0.44193975477299907,5.507418285627127
open,48,4,5,0.43024645762669533,5.369815617799216
open,48,4,6,0.44013052194385904,5.465612603694865
open,48,4,7,0.43667693404675206,5.441198799178591
open,48,5,6,0.44714534708208326,5.565004210338579
open,48,5,7,0.4397030739075476,5.472731682262413
open,48,6,7,0.44871649317087714,5.599575545118425
open,49,0,1,0.433982676143922,5.409466240186261
open,49,0,2,0.4405532442999422,5.494489991603591
open,49,0,3,0.43647456947466373,5.454388074260247
open,49,0,4,0.4351223791994891,5.426391819824749
open,49,0,5,0.43932132168107335,5.484603805257028
open,49,0,6,0.4458544411552439,5.554389405229063
open,49,0,7,0.4422630810872321,5.509703357710247
open,49,1,2,0.4375410293499698,5.468027381943314
open,49,1,3,0.4367116949198888,5.4433001860572245
open,49,1,4,0.43201808343409603,5.382021943898801
open,49,1,5,0.43585012699849485,5.424873555318751
open,49,1,6,0.44293221270912586,5.514404138849759
open,49,1,7,0.43505799032701703,5.43917865722124
open,49,2,3,0.44330210462485947,5.5297178143480235
open,49,2,4,0.4375413290811057,5.440247939311349
open,49,2,5,0.4420921677497292,5.512744149831181
open,49,2,6,0.4508253617730917,5.619183120658073
open,49,2,7,0.4432469938296349,5.540625926054753
open,49,3,4,0.43572098464075004,5.422331315283157
open,49,3,5,0.44001572771817504,5.494096172898646
open,49,3,6,0.4485574047191385,5.578235254173202
open,49,3,7,0.44243036445932915,5.513532224752129
open,49,4,5,0.4306971914581714,5.37544113202444
open,49,4,6,0.4406368100582749,5.471899772071715
open,49,4,7,0.4371152750976749,5.4466607336522275
open,49,5,6,0.44772178378800753,5.572178326577058
open,49,5,7,0.44021228840041954,5.479069582662885
open,49,6,7,0.4492719765306895,5.606507474487335
open,50,0,1,0.4343972080340736,5.41463325810776
open,50,0,2,0.4410000324686236,5.500062242297348
open,50,0,3,0.4369129641902658,5.4598664573685145
open,50,0,4,0.4355162560973472,5.431303841082969
open,50,0,5,0.43977784819679333,5.490303203264249
open,50,0,6,0.4463620490308062,5.5607131098864135
open,50,0,7,0.4427072075047158,5.515236274470204
open,50,1,2,0.43796448680345207,5.473319404394714
open,50,1,3,0.43712839381379365,5.448494040934727
open,50,1,4,0.43238871619220953,5.3866392358913915
open,50,1,5,0.4362812850307902,5.430240028018139
open,50,1,6,0.44341601634043964,5.5204273827465835
open,50,1,7,0.43547648017133606,5.444410697730996
open,50,2,3,0.4437529002755361,5.535341006104098
open,50,2,4,0.4379477927767118,5.4453017779671615
open,50,2,5,0.44255981864239363,5.518575602887275
open,50,2,6,0.4513450804294752,5.625661004444281
open,50,2,7,0.4436988002844389,5.546273545986516
open,50,3,4,0.4361182475977384,5.42727505553899
open,50,3,5,0.4404749340535196,5.499829885606306
open,50,3,6,0.4490651382492936,5.584549400473853
open,50,3,7,0.44287647607978153,5.5190916324980375
open,50,4,5,0.4311074267326129,5.380561192270418
open,50,4,6,0.44109749480661486,5.477620630411047
open,50,4,7,0.4375139867400101,5.451628867163169
open,50,5,6,0.4482462556355683,5.578705707570568
open,50,5,7,0.44067555426855015,5.484835586915024
open,50,6,7,0.44977747130654117,5.612815591590501
open,51,0,1,0.4347739905677265,5.4193297414185615
open,51,0,2,0.4414061941096336,5.505127807244097
open,51,0,3,0.43731132788741744,5.464844594357292
open,51,0,4,0.43587438448166305,5.4357700442202885
open,51,0,5,0.4401929263304522,5.4954851486855025
open,51,0,6,0.44682370113012054,5.566464304205998
open,51,0,7,0.443111029629421,5.520267081271749
open,51,1,2,0.43834941560712193,5.478129927516837
open,51,1,3,0.43750709390428716,5.453214267796115
open,51,1,4,0.43272574277163217,5.390837866725803
open,51,1,5,0.43667323961890797,5.435118549207542
open,51,1,6,0.44385599999224945,5.525905077980639
open,51,1,7,0.4358569777807428,5.449167752013928
open,51,2,3,0.44416281376448213,5.540454236784752
open,51,2,4,0.43831750278437986,5.449898633106727
open,51,2,5,0.44298499198241326,5.523877374811414
open,51,2,6,0.45181769002841937,5.631551710926728
open,51,2,7,0.4441096077408262,5.551408674876642
open,51,3,4,0.4364792339514332,5.4317673514784275
open,51,3,5,0.4408923986178644,5.505042404888699
open,51,3,6,0.4495266487438992,5.590288719642581
open,51,3,7,0.44328197053723856,5.524144872369762
open,51,4,5,0.4314806393226731,5.385219180173259
open,51,4,6,0.44151648271868177,5.482823690637079
open,51,4,7,0.43787654339887055,5.456146492673049
open,51,5,6,0.4487231728781643,5.584641241687939
open,51,5,7,0.44109691845155574,5.490080064952469
open,51,6,7,0.45023719304004983,5.618552502570358
open,52,0,1,0.4351163371973381,5.423596991327661
open,52,0,2,0.44177528374307606,5.509731017691854
open,52,0,3,0.43767341351621003,5.469369383826525
open,52,0,4,0.436199842370287,5.43982881506029
open,52,0,5,0.44057026444917635,5.5001959377587575
open,52,0,6,0.4472434411226397,5.571693363630321
open,52,0,7,0.44347811511904855,5.524840223912992
open,52,1,2,0.43869926449368235,5.48250205073028
open,52,1,3,0.4378511836591364,5.457503101478333
open,52,1,4,0.43303209131533377,5.394654314804961
open,52,1,5,0.43702957473114934,5.439553727282496
open,52,1,6,0.4442561191354601,5.530886469254619
open,52,1,7,0.43620286350828386,5.45349208189387
open,52,2,3,0.4445354157619933,5.545102046668359
open,52,2,4,0.43865362048735984,5.45407781235099
open,52,2,5,0.4433714542588541,5.528696432485346
open,52,2,6,0.4522474375942611,5.636908175919347
open,52,2,7,0.4444830679347915,5.556076959742278
open,52,3,4,0.4368071957597476,5.435848673347527
open,52,3,5,0.4412720287287478,5.509782518043603
open,52,3,6,0.44994626244579317,5.595507012597761
open,52,3,7,0.4436505987147916,5.5287386875758555
open,52,4,5,0.4318200594123431,5.389455410980499
open,52,4,6,0.4418974974935352,5.4875551942520415
open,52,4,7,0.43820612314608964,5.460253210443057
open,52,5,6,0.44915688785784846,5.590039096554997
open,52,5,7,0.44148012702815925,5.494849642066077
open,52,6,7,0.45065531246095897,5.623770254357721
open,53,0,1,0.4354273750364627,5.427473986384503
open,53,0,2,0.442110639395232,5.5139135048219305
open,53,0,3,0.4380023659251645,5.473480125257716
open,53,0,4,0.4364956311993784,5.443517584379693
open,53,0,5,0.4409131007201363,5.504475996621122
open,53,0,6,0.44762503444210877,5.576447197382147
open,53,0,7,0.44381175143990986,5.528996657574116
open,53,1,2,0.4390171804028196,5.486475101895106
open,53,1,3,0.4381638198915792,5.46139988940964
open,53,1,4,0.433310506092234,5.398122767854129
open,53,1,5,0.43735339988395494,5.443584265302755
open,53,1,6,0.4446198227161504,5.535414495153675
open,53,1,7,0.4365172157142563,5.457422173623229
open,53,2,3,0.4448740488642378,5.549326131053418
open,53,2,4,0.43895920322746756,5.4578773297032175
open,53,2,5,0.44372268717448654,5.5330761915992355
open,53,2,6,0.45263810135409027,5.64177749204755
open,53,2,7,0.4448225100947143,5.560320016227365
open,53,3,4,0.437105161780504,5.439556712533591
open,53,3,5,0.4416173323057561,5.514094025431686
open,53,3,6,0.45032765675417613,5.600250011273916
open,53,3,7,0.4439856293624353,5.532913813020331
open,53,4,5,0.43212885546417207,5.393309429607341
open,53,4,6,0.4422439209563304,5.491857137312265
open,53,4,7,0.4385056624222089,5.463985609895491
open,53,5,6,0.4495512927620781,5.594947712885099
open,53,5,7,0.4418285561783254,5.499186339629258
open,53,6,7,0.4510355021087404,5.628514676919905
open,54,0,1,0.4357098954536985,5.430995520176541
open,54,0,2,0.4424152625243875,5.517712702208425
open,54,0,3,0.4383012369550112,5.477214955863998
open,54,0,4,0.4367636455193278,5.4468599790320775
open,54,0,5,0.44122485942263373,5.508368074882875
open,54,0,6,0.4479718533116717,5.580767816124091
open,54,0,7,0.44411490820128025,5.5327733775796135
open,54,1,2,0.43930601870536834,5.490084765084034
open,54,1,3,0.4384477903438976,5.464939378811734
open,54,1,4,0.4335628922733144,5.401266960231712
open,54,1,5,0.43764783204651936,5.447248959089884
open,54,1,6,0.4449502927060934,5.539528770494276
open,54,1,7,0.43680286286782677,5.460993389267444
open,54,2,3,0.44518171476038026,5.553163932789563
open,54,2,4,0.43923595398072585,5.461318359418692
open,54,2,5,0.4440420989377661,5.537059151393274
open,54,2,6,0.45299308391179466,5.646202070089333
open,54,2,7,0.44513096008659847,5.564175667919798
open,54,3,4,0.4373756628655471,5.4429229642312364
open,54,3,5,0.44193153865803364,5.5180172486457755
open,54,3,6,0.450674342504282,5.6045613762252335
open,54,3,7,0.44429006036188523,5.536707608068128
open,54,4,5,0.432409409252808,5.396810962482616
open,54,4,6,0.4425584966968869,5.495763590163589
open,54,4,7,0.43877739740573984,5.467371554860299
open,54,5,6,0.44991011558578126,5.599413487912625
open,54,5,7,0.4421454774813678,5.503130877111179
open,54,6,7,0.45138113097669225,5.632827812242821
open,55,0,1,0.4359665068609581,5.434194105790031
open,55,0,2,0.4426920127150787,5.521164274005027
open,55,0,3,0.4385728670658811,5.4806093713487805
open,55,0,4,0.4370071204018296,5.449896343452522
open,55,0,5,0.44150834989387727,5.5119072450542355
open,55,0,6,0.4482870128938313,5.584694028094903
open,55,0,7,0.4443903351547115,5.536204640271479
open,55,1,2,0.4395683858977402,5.493363614142246
open,55,1,3,0.4387056665895696,5.468153622516161
open,55,1,4,0.4337921521679012,5.4041230485086516
open,55,1,5,0.4379154679661965,5.450580129446788
open,55,1,6,0.44525054332879177,5.543266821665522
open,55,1,7,0.43706237660744357,5.464237879944925
open,55,2,3,0.4454611626009885,5.556649744578569
open,55,2,4,0.4394874980250248,5.4644459770348774
open,55,2,5,0.4443324491800334,5.540679723564024
open,55,2,6,0.4533156437502809,5.6502225244681545
open,55,2,7,0.44541123347613665,5.567679109635311
open,55,3,4,0.4376212517143507,5.445979195517986
open,55,3,5,0.44221730818736454,5.521585405824088
open,55,3,6,0.45098942956658333,5.608479781630142
open,55,3,7,0.4445667247975268,5.540155378392881
open,55,4,5,0.4326646920960685,5.399997093999556
open,55,4,6,0.44284436722148074,5.49931357696147
open,55,4,7,0.43902420641327067,5.470446910508142
open,55,5,6,0.45023651439803497,5.603475725787389
open,55,5,7,0.44243374108675476,5.5067187286857076
open,55,6,7,0.4516952280735052,5.636747459612317
open,56,0,1,0.43619952370467874,5.4370985921181525
open,56,0,2,0.4429433935085585,5.524299443866393
open,56,0,3,0.43881966385573146,5.483693458169567
open,56,0,4,0.43722821377630855,5.452653589082814
open,56,0,5,0.44176602920132624,5.515124181816518
open,56,0,6,0.44857337657694496,5.588261504967865
open,56,0,7,0.4446405078369713,5.539321285830194
open,56,1,2,0.43980663469812104,5.49634105140369
open,56,1,3,0.43893993113760965,5.471073563229375
open,56,1,4,0.4340003797893025,5.406717119615118
open,56,1,5,0.43815859357773956,5.453606228601017
open,56,1,6,0.44552324815520444,5.54666193401072
open,56,1,7,0.4372980920164643,5.467184839316847
open,56,2,3,0.4457150562628572,5.5598167954234405
open,56,2,4,0.43971585563060267,5.467285301941121
open,56,2,5,0.44459623250150854,5.543969014957009
open,56,2,6,0.4536086719467366,5.653874890184503
open,56,2,7,0.4456658629473899,5.570862000144673
open,56,3,4,0.4378444456139688,5.448756732781373
open,56,3,5,0.4424772381429648,5.524830926573291
open,56,3,6,0.45127577917355205,5.612040809618548
open,56,3,7,0.44481811570539015,5.543288192012507
open,56,4,5,0.4328966548127265,5.402892171917287
open,56,4,6,0.4431040196035799,5.502537982589857
open,56,4,7,0.4392485050510841,5.473241776422898
open,56,5,6,0.4505332867879768,5.607169244260334
open,56,5,7,0.4426958279290084,5.509980773120283
open,56,6,7,0.4519806609914961,5.640309403984049
open,57,0,1,0.43641109091377567,5.439735715068103
open,57,0,2,0.44317161252433845,5.5271457447717225
open,57,0,3,0.4390438018528683,5.486494390237713
open,57,0,4,0.4374289927780587,5.455157495075179
open,57,0,5,0.44200030074167945,5.518048889811041
open,57,0,6,0.4488335623011585,5.591502860658344
open,57,0,7,0.4448677131085868,5.542151803911948
open,57,1,2,0.4400229876693161,5.499044852627582
open,57,1,3,0.4391527317494473,5.473725971267638
open,57,1,4,0.4341894568521565,5.4090726156936135
open,57,1,5,0.4383794735616117,5.4563554442354345
open,57,1,6,0.44577097018945533,5.549746016341518
open,57,1,7,0.43751214299975094,5.4698609458721466
open,57,2,3,0.4459456466766806,5.562693163267928
open,57,2,4,0.43992327006475984,5.469864226200406
open,57,2,5,0.4448359873177448,5.546958678780568
open,57,2,6,0.4538748752639724,5.657192904905307
open,57,2,7,0.44589710849099035,5.573752589527101
open,57,3,4,0.43804715538337674,5.451279355214811
open,57,3,5,0.4427136638961773,5.5277829706573405
open,57,3,6,0.4515359686528685,5.615276511695959
open,57,3,7,0.44504645023215744,5.546133678833678
open,57,4,5,0.43310760706113494,5.405525022596319
open,57,4,6,0.443339943848849,5.505467728345195
open,57,4,7,0.43945218523686097,5.47577972678358
open,57,5,6,0.4508030819697811,5.6105270144629475
open,57,5,7,0.4429340991418407,5.512946398090447
open,57,6,7,0.45224000874573594,5.6435458291309395
open,58,0,1,0.4366031434477872,5.442129593340638
open,58,0,2,0.4433788269578358,5.529730080821219
open,58,0,3,0.4392474356284454,5.489039092070769
open,58,0,4,0.43761128470965804,5.457430849638717
open,58,0,5,0.4422131845037942,5.5207065871140175
open,58,0,6,0.449069915362263,5.594447312518216
open,58,0,7,0.4450740413747604,5.544722236736982
open,58,1,2,0.44021937216377155,5.501499104277232
open,58,1,3,0.4393460091528351,5.476135036419911
open,58,1,4,0.43436116330308505,5.41121171107467
open,58,1,5,0.43857994976718834,5.458850701202762
open,58,1,6,0.4459959438856995,5.552546887098046
open,58,1,7,0.43770648664590334,5.472290667508851
open,58,2,3,0.4461550330264086,5.5653050331780705
open,58,2,4,0.4401116790104524,5.472206842338417
open,58,2,5,0.44505363188754765,5.549672635092055
open,58,2,6,0.45411665491488745,5.660206497858456
open,58,2,7,0.44610708097844687,5.57637726385982
open,58,3,4,0.43823127054731054,5.453570577015478
open,58,3,5,0.44292852876695965,5.530465802633319
open,58,3,6,0.4517724337895946,5.618217179151654
open,58,3,7,0.4452539716294279,5.548719794080481
open,58,4,5,0.4332992264068635,5.407916583379973
open,58,4,6,0.4435542371939982,5.508128858054997
open,58,4,7,0.43963712909442865,5.478084213733205
open,58,5,6,0.4510482721762936,5.613578560320419
open,58,5,7,0.443150616800147,5.515641269058375
open,58,6,7,0.45247560473316795,5.646485853734069
open,59,0,1,0.43677746891763125,5.444302508979357
open,59,0,2,0.44356700196078014,5.532076960985478
open,59,0,3,0.43943231662769167,5.491349450538296
open,59,0,4,0.4377767694683263,5.459494602696869
open,59,0,5,0.44240654980522554,5.523120610781198
open,59,0,6,0.4492845800273865,5.597121573513688
open,59,0,7,0.44526137791337617,5.547056071054094
open,59,1,2,0.4403976673365816,5.503727290485145
open,59,1,3,0.43952146126650654,5.478321922033696
open,59,1,4,0.4345170668232189,5.413153935714485
open,59,1,5,0.4387619225026813,5.461115651972337
open,59,1,6,0.4462002238830022,5.555090126063937
open,59,1,7,0.43788290412249137,5.474496272726439
open,59,2,3,0.44634518385959393,5.567676960671101
open,59,2,4,0.4402828114377113,5.474334647811558
open,59,2,5,0.4452511721543941,5.552135897347879
open,59,2,6,0.4543362461968132,5.662943530264947
open,59,2,7,0.4462977462424731,5.578760596222517
open,59,3,4,0.43839834629303337,5.4556497517167015
open,59,3,5,0.44312369614466574,5.532902689033927
open,59,3,6,0.4519870932425757,5.620886672321676
open,59,3,7,0.445442383479151,5.551067767656487
open,59,4,5,0.43347323520430997,5.4100883506115185
open,59,4,6,0.44374884441530776,5.5105455222682895
open,59,4,7,0.43980503459985537,5.480176394847597
open,59,5,6,0.45127099434705215,5.616350477385184
open,59,5,7,0.44334729979704973,5.518089269384928
open,59,6,7,0.4526895868741776,5.649156157104072
open,60,0,1,0.43693569040487296,5.446274693217933
open,60,0,2,0.44373783739459843,5.53420758558868
open,60,0,3,0.4396002935483337,5.493448567822044
open,60,0,4,0.4379269711612337,5.461367761322302
open,60,0,5,0.44258203141684077,5.525311369725323
open,60,0,6,0.4494795417449068,5.599550378070202
open,60,0,7,0.44543145418566776,5.549174877367766
open,60,1,2,0.44055946224600323,5.505749269992509
open,60,1,3,0.43968108215048696,5.480311482646742
open,60,1,4,0.43465856571120254,5.41491670942551
open,60,1,5,0.4389270377992426,5.4631707841161825
open,60,1,6,0.4463856648134576,5.5573988229820515
open,60,1,7,0.4380430305020169,5.476498203515754
open,60,2,3,0.4465177132310909,5.569829079348437
open,60,2,4,0.44043818228709797,5.476266478902761
open,60,2,5,0.44543037512687755,5.5543704995649215
open,60,2,6,0.4545356240730922,5.665428618487609
open,60,2,7,0.4464708326518893,5.580924191375578
open,60,3,4,0.43855034984885394,5.45754136049804
open,60,3,5,0.4433011552803526,5.535118467918193
open,60,3,6,0.45218238355636553,5.623315291940303
open,60,3,7,0.4456137718408864,5.553203595871014
open,60,4,5,0.43363115021845855,5.412059254715965
open,60,4,6,0.4439255504201495,5.512739886255922
open,60,4,7,0.4399574413503141,5.482075454227487
open,60,5,6,0.4514732015997589,5.618867073431676
open,60,5,7,0.44352588542787896,5.520312022187519
open,60,6,7,0.4528839037021091,5.651581055172786
open,61,0,1,0.4370792676175389,5.448064340887
open,61,0,2,0.4438928757907546,5.536141192767871
open,61,0,3,0.43975267902461523,5.49535284720657
open,61,0,4,0.4380632831397928,5.463067701938453
open,61,0,5,0.4427411881308662,5.527298324321644
open,61,0,6,0.449656559022495,5.60175563341908
open,61,0,7,0.445585816388038,5.551097918157452
open,61,1,2,0.44070632645905117,5.50758465795502
open,61,1,3,0.43982588936387745,5.482116401408387
open,61,1,4,0.4347869824358655,5.416516507342777
open,61,1,5,0.4390767696626298,5.465034444066615
open,61,1,6,0.4465539999394508,5.559494556570297
open,61,1,7,0.43818835238782367,5.478315045677677
open,61,2,3,0.4466743221803222,5.571782607850594
open,61,2,4,0.44057920444080395,5.478019902934057
open,61,2,5,0.44559282656271665,5.556396215621173
open,61,2,6,0.4547166424993369,5.667684870623207
open,61,2,7,0.44662796410867317,5.58288834823479
open,61,3,4,0.43868818440523705,5.459256643116389
open,61,3,5,0.4434620431728924,5.537127336008551
open,61,3,6,0.4523595828756157,5.625518932944235
open,61,3,7,0.4457692541841094,5.555141204540318
open,61,4,5,0.4337743953848317,5.413847067533316
open,61,4,6,0.4440859896663669,5.514732246981964
open,61,4,7,0.4400957539431582,5.48379889381272
open,61,5,6,0.4516567406046227,5.621151331428529
open,61,5,7,0.4436879848928483,5.522329581150052
open,61,6,7,0.45306032578607464,5.653782643039572
open,62,0,1,0.43720951691204785,5.449687859981621
open,62,0,2,0.4440335903169301,5.537896155569185
open,62,0,3,0.4398908739622505,5.497079795057549
open,62,0,4,0.4381869526791492,5.4646099792581335
open,62,0,5,0.44288559113045745,5.5291010896370585
open,62,0,6,0.4498172620365319,5.603757648059198
open,62,0,7,0.44572590163133635,5.5528430969172735
open,62,1,2,0.44083958341865315,5.5092499936722685
open,62,1,3,0.43995728163554326,5.483754112477554
open,62,1,4,0.4349035337227793,5.417968487266334
open,62,1,5,0.4392125557998586,5.466724526458248
open,62,1,6,0.4467067620070455,5.561396409164516
open,62,1,7,0.43832021905052,5.479963668052817
open,62,2,3,0.4468163317582948,5.573554024870568
open,62,2,4,0.4407072320290931,5.479611756724939
open,62,2,5,0.4457401208447336,5.558232926946835
open,62,2,6,0.454880983320287,5.66973324954201
open,62,2,7,0.44677057485501065,5.584670994952063
open,62,3,4,0.4388131961226706,5.460812351870643
open,62,3,5,0.44360816952035054,5.538951889440977
open,62,3,6,0.45252042690020966,5.627519180401916
open,62,3,7,0.44591038674209593,5.556899987320454
open,62,4,5,0.43390436031169044,5.415469132472239
open,62,4,6,0.4442316400699299,5.516540957447966
open,62,4,7,0.4402212795161584,5.485363001151171
open,62,5,6,0.45182338226960517,5.623225291435711
open,62,5,7,0.4438351367917491,5.524161096340662
open,62,6,7,0.45322047947294364,5.65578121604079
open,63,0,1,0.43732770320167436,5.451161017273216
open,63,0,2,0.4441612976313712,5.539488895085078
open,63,0,3,0.44001623550632246,5.498646370887568
open,63,0,4,0.4382991472349988,5.466009152569355
open,63,0,5,0.4430166675235734,5.5307374820655255
open,63,0,6,0.4499631554848486,5.6055751672960215
open,63,0,7,0.44585302294480156,5.554426771335481
open,63,1,2,0.44096048420827494,5.510760912154891
open,63,1,3,0.4400764671338894,5.485239674812774
open,63,1,4,0.4350092711575083,5.419285749704701
open,63,1,5,0.43933575891827276,5.468257992431106
open,63,1,6,0.44684538168891763,5.563122192310352
open,63,1,7,0.43843987195348216,5.4814595916550415
open,63,2,3,0.4469451999164268,5.5751615167870066
open,63,2,4,0.4408234326653575,5.4810565580041954
open,63,2,5,0.44587381175152613,5.559900008650765
open,63,2,6,0.45503016977835575,5.671592741261184
open,63,2,7,0.4468999963390995,5.586288774745527
open,63,3,4,0.438926528819467,5.462222721011782
open,63,3,5,0.44374086414703395,5.540608732582484
open,63,3,6,0.45266634392070454,5.629333796456283
open,63,3,7,0.44603843013658906,5.558495653979923
open,63,4,5,0.43402234668946327,5.416941695657412
open,63,4,6,0.44436383963839426,5.518182633249978
open,63,4,7,0.44033516553785723,5.486782074237465
open,63,5,6,0.4519746312807294,5.625107680214233
open,63,5,7,0.443968719999339,5.5258237298217034
open,63,6,7,0.4533658623046667,5.657595462144034
open,64,0,1,0.43743492392149147,5.452497491966751
open,64,0,2,0.44427720785592045,5.540934503707759
open,64,0,3,0.4401299505356659,5.500067406483437
open,64,0,4,0.4384009236048129,5.467278401146334
open,64,0,5,0.4431354744325973,5.5322206990030285
open,64,0,6,0.45009556308891024,5.607224681857918
open,64,0,7,0.44596836680867274,5.555863722555783
open,64,1,2,0.4410701506359476,5.512131432835625
open,64,1,3,0.44018453922425316,5.486586716434117
open,64,1,4,0.43510518180876345,5.420480591424302
open,64,1,5,0.43944748100976944,5.469648558091552
open,64,1,6,0.4469711339354765,5.564687778847065
open,64,1,7,0.43854841910125236,5.482816668970206
open,64,2,3,0.4470621232293618,5.576620009583914
open,64,2,4,0.44092886771810735,5.482367503485982
open,64,2,5,0.44599507451751197,5.5614121155202065
open,64,2,6,0.45516554775594537,5.673280121145023
open,64,2,7,0.4470174486495355,5.587756938828614
open,64,3,4,0.43902927533828157,5.463501350424052
open,64,3,5,0.44386117256371727,5.542110919822688
open,64,3,6,0.4527987113907574,5.630979911045377
open,64,3,7,0.44615457505281714,5.559943042743909
open,64,4,5,0.43412932823208006,5.4182769098077594
open,64,4,6,0.44448378164335667,5.5196720926293
open,64,4,7,0.4404384760123913,5.488069371060697
open,64,5,6,0.4521118126866113,5.626814988824945
open,64,5,7,0.44408993296518695,5.527332398006808
open,64,6,7,0.45349779626305153,5.659241878485278
open,65,0,1,0.43753217821563206,5.4537097380995725
open,65,0,2,0.4443823646506543,5.542245997752326
open,65,0,3,0.4402330751409927,5.501356099243095
open,65,0,4,0.4384932092827274,5.468429291727149
open,65,0,5,0.4432431322456733,5.533564727672073
open,65,0,6,0.45021572878497773,5.608721688520855
open,65,0,7,0.44607300815433676,5.557167342048829
open,65,1,2,0.44116964246538726,5.513374799768468
open,65,1,3,0.44028242694664144,5.48780681716347
open,65,1,4,0.4351921510045394,5.421564041719689
open,65,1,5,0.43954868096892397,5.4709081584638115
open,65,1,6,0.4470852033313553,5.5661079165807905
open,65,1,7,0.43864688257732715,5.4840476782827325
open,65,2,3,0.44716802518404103,5.577941022769402
open,65,2,4,0.4410244904787031,5.483556446087986
open,65,2,5,0.4461049045345295,5.562781659764501
open,65,2,6,0.4552883795316584,5.6748111225022955
open,65,2,7,0.4471240067102692,5.589088923844079
open,65,3,4,0.439122280283202,5.464658750785969
open,65,3,5,0.44397028719529097,5.543473339940817
open,65,3,6,0.45291865223811534,5.632471488837001
open,65,3,7,0.4462598847297031,5.561255403611813
open,65,4,5,0.4342263080156684,5.4194872941056245
open,65,4,6,0.44459258332727364,5.52102320968497
open,65,4,7,0.4405321729791005,5.489236879080917
open,65,5,6,0.4522362462544446,5.6283636425980825
open,65,5,7,0.44419987047581627,5.528700727075202
open,65,6,7,0.4536175200633126,5.660735923108806
open,66,0,1,0.4376203792045784,5.454809137449555
open,66,0,2,0.4444777265071334,5.543435331329561
open,66,0,3,0.440326684500665,5.50252588509259
open,66,0,4,0.438576856208038,5.469472448808827
open,66,0,5,0.4433408010377499,5.534784050755753
open,66,0,6,0.45032476685498113,5.610080068846111
open,66,0,7,0.44616795032589845,5.558350129452553
open,66,1,2,0.44125989357916834,5.514502683848594
open,66,1,3,0.4403711450382125,5.488912624976664
open,66,1,4,0.43527103476254786,5.422546764741939
open,66,1,5,0.4396404722593301,5.472050652438432
open,66,1,6,0.44718864383364604,5.567395727034827
open,66,1,7,0.4387361992908708,5.485164333011163
open,66,2,3,0.4472639392043534,5.579137447196974
open,66,2,4,0.44111117565617175,5.484634261660479
open,66,2,5,0.4462045492728243,5.564024196927945
open,66,2,6,0.455399829629344,5.6762002602057455
open,66,2,7,0.4472206798875241,5.5902973469573976
open,66,3,4,0.43920648606247775,5.465706649900287
open,66,3,5,0.444069316535971,5.544709833746292
open,66,3,6,0.45302742677462826,5.633824203000114
open,66,3,7,0.4463554402346558,5.5624462087602184
open,66,4,5,0.43431423971943506,5.420584751220764
open,66,4,6,0.44469134036240826,5.522249590653851
open,66,4,7,0.44061714871124047,5.49029571644014
open,66,5,6,0.4523491755313155,5.6297691182568546
open,66,5,7,0.4442996429922156,5.529942538297183
open,66,6,7,0.4537261551012435,5.662091590018757
open,67,0,1,0.43770044379172796,5.455807118947499
open,67,0,2,0.44456421482663744,5.544513995967839
open,67,0,3,0.4404117508074585,5.50358891300245
open,67,0,4,0.4386526910399742,5.470418181621819
open,67,0,5,0.44342951148229176,5.535891535454739
open,67,0,6,0.4504237164193847,5.611312768044422
open,67,0,7,0.44625404058271645,5.55942263990468
open,67,1,2,0.4413417631340166,5.5155258221090735
open,67,1,3,0.4404516734757726,5.489916354586502
open,67,1,4,0.43534249250476753,5.423436975479486
open,67,1,5,0.43972389473020934,5.473088982653702
open,67,1,6,0.4472824371602736,5.56856343237147
open,67,1,7,0.43881725449599207,5.486177700772598
open,67,2,3,0.4473511398780913,5.580225181980907
open,67,2,4,0.4411897767700165,5.485611562590014
open,67,2,5,0.4462950621839822,5.56515286320586
open,67,2,6,0.45550093572812245,5.677460468108462
open,67,2,7,0.44730832047967733,5.591392861972318
open,67,3,4,0.4392830109861723,5.466658964580496
open,67,3,5,0.4441596032829003,5.545837166338106
open,67,3,6,0.4531262859029349,5.6350536096912425
open,67,3,7,0.4464422335243336,5.563527819874582
open,67,4,5,0.43439417109586015,5.421582357931688
open,67,4,6,0.44478092092033217,5.52336201663211
open,67,4,7,0.4406941766975544,5.491255521169807
open,67,5,6,0.4524517281153916,5.631045449467475
open,67,5,7,0.444390236404984,5.531070102486934
open,67,6,7,0.45382471508610306,5.663321529388819
open,68,0,1,0.43777278854891194,5.456708875038591
open,68,0,2,0.444642625830683,5.545491921979131
open,68,0,3,0.44048894308768416,5.504553543434859
open,68,0,4,0.4387214873046918,5.471276136776379
open,68,0,5,0.4435100212534041,5.536896640773355
open,68,0,6,0.45051349667854695,5.612431237379385
open,68,0,7,0.44633194919429203,5.560393223607343
open,68,1,2,0.44141578915045676,5.516450938287258
open,68,1,3,0.4405244739293227,5.490823760380677
open,68,1,4,0.435407235957336,5.424243540518795
open,68,1,5,0.43979931094019253,5.474027661749651
open,68,1,6,0.44736737745645605,5.569620919515968
open,68,1,7,0.4388903467153359,5.487091513754552
open,68,2,3,0.4474302489087345,5.581211982204637
open,68,2,4,0.441261084141207,5.486498175472943
open,68,2,5,0.446377251853142,5.566177741389392
open,68,2,6,0.45559263715496473,5.678603454181441
open,68,2,7,0.44738742730628106,5.592381704176574
open,68,3,4,0.43935249418075606,5.467523648438191
open,68,3,5,0.44424170181544337,5.546862259772345
open,68,3,6,0.4532160534408417,5.636169953863391
open,68,3,7,0.4465207122899655,5.564505816047604
open,68,4,5,0.43446680016114886,5.42248882603196
open,68,4,6,0.44486222057533775,5.524371609007372
open,68,4,7,0.44076372178037876,5.492122085422802
open,68,5,6,0.4525447741429422,5.632203465621402
open,68,5,7,0.44447221888619765,5.532090491356044
open,68,6,7,0.4539140419539829,5.664436247819085
open,69,0,1,0.4378377456225188,5.457518545829738
open,69,0,2,0.44471371520373254,5.546378534105552
open,69,0,3,0.44055897299201763,5.505428669505773
open,69,0,4,0.43878385140092097,5.472053876644072
open,69,0,5,0.44358301085122626,5.537807862255681
open,69,0,6,0.45059493610022977,5.613445797781186
open,69,0,7,0.44640259001074234,5.561273265284416
open,69,1,2,0.44148232306433904,5.517282424338925
open,69,1,3,0.44059001086434263,5.491640631590534
open,69,1,4,0.43546589630474863,5.4249743230696135
open,69,1,5,0.4398669076348118,5.474869014082372
open,69,1,6,0.44744416253628705,5.570576876093233
open,69,1,7,0.4389560826093542,5.487913356542657
open,69,2,3,0.44750203342539097,5.582107416980174
open,69,2,4,0.44132576067750706,5.487302342690854
open,69,2,5,0.4464518683155005,5.567108184171135
open,69,2,6,0.45567580487206555,5.679640074282578
open,69,2,7,0.44745914664698694,5.5932782021653855
open,69,3,4,0.43941552541208806,5.468308040816662
open,69,3,5,0.4443161771843132,5.547792169348997
open,69,3,6,0.4532975043531697,5.637182872936518
open,69,3,7,0.44659193059054314,5.56539333287911
open,69,4,5,0.4345327192983654,5.4233115489301085
open,69,4,6,0.4449359534454289,5.525287235813477
open,69,4,7,0.44082679305288863,5.492907982971966
open,69,5,6,0.4526291309306059,5.633253338736672
open,69,5,7,0.44454658928772806,5.533016137040212
open,69,6,7,0.4539950322421678,5.665446933283102
open,70,0,1,0.43789661108440864,5.458252286474953
open,70,0,2,0.44477811506779164,5.547181716043516
open,70,0,3,0.4406224709342669,5.50622216915768
open,70,0,4,0.4388403278780037,5.472758192275499
open,70,0,5,0.443649242990998,5.538634721840898
open,70,0,6,0.450668796705115,5.614365942392004
open,70,0,7,0.4464666297412085,5.562071070783145
open,70,1,2,0.44154268020444853,5.518036718159792
open,70,1,3,0.44064940055824997,5.492380881818902
open,70,1,4,0.4355190711959346,5.42563676856021
open,70,1,5,0.43992819908355746,5.475631887232731
open,70,1,6,0.44751379463445334,5.571443779694523
open,70,1,7,0.43901568688519965,5.488658540661248
open,70,2,3,0.44756710908040254,5.582919165909501
open,70,2,4,0.44138434488323897,5.488030759833021
open,70,2,5,0.4465196044899256,5.5679528320218195
open,70,2,6,0.45575123323245453,5.680580229396855
open,70,2,7,0.44752419110976405,5.594091263600265
open,70,3,4,0.4394726385517768,5.469018785483009
open,70,3,5,0.4443838435843912,5.548637061216
open,70,3,6,0.4533713972863889,5.638101801396468
open,70,3,7,0.4466564825704181,5.566197774549038
open,70,4,5,0.4345925752284639,5.424058598214451
open,70,4,6,0.4450028174189757,5.526117563542025
open,70,4,7,0.44088396012962,5.49362031148078
open,70,5,6,0.4527057211180272,5.6342065516421656
open,70,5,7,0.44461411757581815,5.533856622867148
open,70,6,7,0.45406849340619787,5.666363662094899
open,71,0,1,0.4379499718113452,5.458917412220248
open,71,0,2,0.44483647322985775,5.547909547109453
open,71,0,3,0.4406800022515359,5.50694110710448
open,71,0,4,0.4388914813339417,5.473396124747206
open,71,0,5,0.44370922206598656,5.539383516508226
open,71,0,6,0.45073578824323896,5.615200513173965
open,71,0,7,0.4465246866943599,5.562794342978804
open,71,1,2,0.4415974284413186,5.51872091652803
open,71,1,3,0.44070325504514807,5.4930521396349
open,71,1,4,0.4355672660249777,5.426237173120664
open,71,1,5,0.4399837635363406,5.476323478474415
open,71,1,6,0.4475769465198659,5.57223000613799
open,71,1,7,0.4390697335681477,5.489334242684705
open,71,2,3,0.44762611756351817,5.583655233383302
open,71,2,4,0.44143743344630665,5.488690845924628
open,71,2,5,0.44658109049576034,5.568719542322722
open,71,2,6,0.4558196326471044,5.681432774237615
open,71,2,7,0.4475831688437397,5.5948284903981325
open,71,3,4,0.4395243524377456,5.469662339117578
open,71,3,5,0.44444514311808664,5.549402455524115
open,71,3,6,0.45343836022291817,5.638934548798117
open,71,3,7,0.4467149764037299,5.566926720075433
open,71,4,5,0.4346468562141312,5.4247360677889676
open,71,4,6,0.44506344911951723,5.526870497887955
open,71,4,7,0.4409357744649049,5.494265942328097
open,71,5,6,0.45277511662847364,5.635070222281552
open,71,5,7,0.4446753949876584,5.534619307626673
open,71,6,7,0.4541351260046867,5.667195176591657
open,72,0,1,0.43799833653283476,5.459520264229084
open,72,0,2,0.44488935664060136,5.54856909819621
open,72,0,3,0.4407321547362084,5.507592828671634
open,72,0,4,0.43893784516210543,5.4739743259841696
open,72,0,5,0.44376341319865586,5.540060052969766
open,72,0,6,0.4507965392203621,5.61595733995989
open,72,0,7,0.446577317791782,5.563450019987777
open,72,1,2,0.44164707203380255,5.51934132125543
open,72,1,3,0.44075204383167976,5.493660257104376
open,72,1,4,0.43561095238621445,5.426781411808444
open,72,1,5,0.4400340060590153,5.476948829519939
open,72,1,6,0.4476342149134011,5.5729429844612515
open,72,1,7,0.43911872001741065,5.48994668069354
open,72,2,3,0.4476796118528507,5.584322517209844
open,72,2,4,0.44148556408720974,5.489289286809152
open,72,2,5,0.44663678800875456,5.56941407201883
open,72,2,6,0.4558816510783065,5.682205785144566
open,72,2,7,0.4476366362736934,5.595496837917066
open,72,3,4,0.4395712043690656,5.470245388140538
open,72,3,5,0.4445006113532666,5.5500950394465125
open,72,3,6,0.45349907638087694,5.639689611604483
open,72,3,7,0.44676798683898705,5.56758733192877
open,72,4,5,0.43469602245654165,5.425349701327802
open,72,4,6,0.4451184386619438,5.527553366994216
open,72,4,7,0.4409827399916133,5.494851154753128
open,72,5,6,0.45283793650005016,5.635852054972192
open,72,5,7,0.444730976667437,5.5353111008797296
open,72,6,7,0.4541955585313386,5.667949319805735
open,73,0,1,0.43804215248749157,5.4600664171990685
open,73,0,2,0.4449372599067086,5.549166537937256
open,73,0,3,0.4407795094891776,5.508184595564641
open,73,0,4,0.4389798318460385,5.4744979400502976
open,73,0,5,0.4438123486106361,5.540670975621396
open,73,0,6,0.4508516215086999,5.616643547050183
open,73,0,7,0.44662501715443664,5.564044257557716
open,73,1,2,0.44169208088007367,5.519903804742306
open,73,1,3,0.4407962709762347,5.494211516956093
open,73,1,4,0.43565054227313266,5.427274617181832
open,73,1,5,0.4400793809445682,5.477513594794661
open,73,1,6,0.44768613569792887,5.573589386282742
open,73,1,7,0.4391631280713792,5.490501878723975
open,73,2,3,0.447728096712754,5.5849273137825115
open,73,2,4,0.44152917740624703,5.489831560768774
open,73,2,5,0.446687021707687,5.570040469747891
open,73,2,6,0.45593788080298514,5.6829066443831655
open,73,2,7,0.4476851133528992,5.596102805618158
open,73,3,4,0.43961364987091106,5.47077360133651
open,73,3,5,0.444550635688921,5.550719650099627
open,73,3,6,0.4535541528814896,5.640374539941774
open,73,3,7,0.44681603449474466,5.5681860980163265
open,73,4,5,0.4347403916302998,5.42590346366093
open,73,4,6,0.44516827325556313,5.528172221105453
open,73,4,7,0.4410252996370595,5.4953814678373325
open,73,5,6,0.45289462092307536,5.636557528158605
open,73,5,7,0.4447813508890584,5.53593807989124
open,73,6,7,0.45425036663171875,5.66863327527257
open,74,0,1,0.4380818626525254,5.460561392710652
open,74,0,2,0.4449806526442021,5.549707723287611
open,74,0,3,0.4408225404111962,5.50872232986647
open,74,0,4,0.4390178391598094,5.474971927568291
open,74,0,5,0.4438566180990328,5.541223647646483
open,74,0,6,0.45090156335853954,5.617265715309645
open,74,0,7,0.4466682521259404,5.564582877844716
open,74,1,2,0.4417328839622078,5.520413728053289
open,74,1,3,0.44083631645465626,5.494710655318263
open,74,1,4,0.4356864125074867,5.4277214836344845
open,74,1,5,0.44012037342746035,5.478023813841606
open,74,1,6,0.4477332146662142,5.5741755086060145
open,74,1,7,0.4392033607019436,5.491004874808072
open,74,2,3,0.44777202225613333,5.585475237776546
open,74,2,4,0.44156866967955666,5.4903225949733425
open,74,2,5,0.44673241064833885,5.570606454932201
open,74,2,6,0.45598886931493093,5.6835421760323745
open,74,2,7,0.44772904606635333,5.596651968352603
open,74,3,4,0.4396520908198159,5.471251979859426
open,74,3,5,0.44459585728763173,5.551284293126588
open,74,3,6,0.4536041542574698,5.640996354307819
open,74,3,7,0.44685960603022684,5.568729083046878
open,74,4,5,0.4347804731722602,5.426403712962671
open,74,4,6,0.4452134279533516,5.528732959507003
open,74,4,7,0.44106384293804274,5.495861735391387
open,74,5,6,0.4529458404494008,5.637194987279029
open,74,5,7,0.4448270322073465,5.536506649029639
open,74,6,7,0.4543000698868102,5.669253526892375
open,75,0,1,0.4381178190025916,5.46100957802425
open,75,0,2,0.44501992019583825,5.550197460163348
open,75,0,3,0.4408615540585435,5.509209862446159
open,75,0,4,0.43905225887530014,5.475401174307847
open,75,0,5,0.4438967375625756,5.541724509661487
open,75,0,6,0.45094683451624107,5.617829696769712
open,75,0,7,0.44670742064633223,5.565070838376689
open,75,1,2,0.44176984738262576,5.520875666434876
open,75,1,3,0.4408724499060161,5.495161033049838
open,75,1,4,0.43571891800961354,5.428126432715212
open,75,1,5,0.44015743895243176,5.478485155421603
open,75,1,6,0.44777588941973423,5.5747067994687765
open,75,1,7,0.4392398218184699,5.491460718698399
open,75,2,3,0.44781176921072546,5.585971038361702
open,75,2,4,0.4416044684596632,5.490767705473221
open,75,2,5,0.44677346248895283,5.571118357903331
open,75,2,6,0.45603508132085246,5.684118172295373
open,75,2,7,0.44776883138429624,5.597149288282889
open,75,3,4,0.4396868643707062,5.471684719434941
open,75,3,5,0.4446367679151106,5.551795108780901
open,75,3,6,0.45364940017719496,5.641559030081004
open,75,3,7,0.44689897100350473,5.569219646231797
open,75,4,5,0.4348167762534382,5.426856804089462
open,75,4,6,0.4452543717244147,5.529241405933706
open,75,4,7,0.4410987736699332,5.496296988645217
open,75,5,6,0.45299221983676957,5.637772207835308
open,75,5,7,0.44486848095218234,5.5370225377566324
open,75,6,7,0.45434514392352454,5.669816010058353
open,76,0,1,0.4381503786611848,5.46141542457904
open,76,0,2,0.44505545415893955,5.550640632486213
open,76,0,3,0.4408968814354502,5.509651329685652
open,76,0,4,0.4390834092903996,5.47578964974777
open,76,0,5,0.4439330161779793,5.542177421510453
open,76,0,6,0.45098785592810425,5.618340735517806
open,76,0,7,0.4467429197706241,5.5655130856559
open,76,1,2,0.44180334716826475,5.521294319161994
open,76,1,3,0.4409051642964744,5.495568794622839
open,76,1,4,0.43574836510437415,5.428493280577055
open,76,1,5,0.44019091186406,5.47890178100426
open,76,1,6,0.447814571174091,5.575188378410662
open,76,1,7,0.43927285790013304,5.491873742144228
open,76,2,3,0.44784774172888275,5.586419756904669
open,76,2,4,0.4416368959543281,5.491170898495919
open,76,2,5,0.44681059581132315,5.571581398238795
open,76,2,6,0.456076953296451,5.684640073498062
open,76,2,7,0.44780487244749756,5.597599804703656
open,76,3,4,0.43971830351678703,5.472075963998156
open,76,3,5,0.4446737427504345,5.552256781599507
open,76,3,6,0.45369036770712856,5.642068500033674
open,76,3,7,0.4469346323638408,5.569664055285031
open,76,4,5,0.43484959060296613,5.427266353089714
open,76,4,6,0.4452914550859834,5.529701913165702
open,76,4,7,0.44113042355384474,5.4966913609990256
open,76,5,6,0.4530342046749746,5.6382947354718045
open,76,5,7,0.44490605322615795,5.537490178276707
open,76,6,7,0.45438602044273735,5.670326112006548
open,77,0,1,0.4381798584354206,5.461782881282414
open,77,0,2,0.4450876030342748,5.551041586686543
open,77,0,3,0.4409288881730871,5.510051300681151
open,77,0,4,0.4391115980080211,5.4761411899902965
open,77,0,5,0.44396587556875106,5.542587646852978
open,77,0,6,0.45102502380585,5.618803767501587
open,77,0,7,0.44677507595323507,5.565913686644044
open,77,1,2,0.44183369593297317,5.521673593025019
open,77,1,3,0.44093477119025665,5.495937823463394
open,77,1,4,0.4357750318312355,5.4288254909975056
open,77,1,5,0.4402212124618789,5.479278921910355
open,77,1,6,0.4478496250812913,5.575624791490139
open,77,1,7,0.4393027831429939,5.492247873285134
open,77,2,3,0.44788029637182175,5.586825841123808
open,77,2,4,0.44166627488520604,5.491536186658534
open,77,2,5,0.4468442141157725,5.572000607455108
open,77,2,6,0.4561148940173893,5.6851129747071765
open,77,2,7,0.44783750627744556,5.5980077304127835
open,77,3,4,0.43974674706338573,5.472429929813154
open,77,3,5,0.4447073318751966,5.552676179975932
open,77,3,6,0.45372747998881563,5.6425300263308475
open,77,3,7,0.44696691986665055,5.570066419592499
open,77,4,5,0.4348793412446003,5.427637664595608
open,77,4,6,0.44532503747744734,5.530118944779954
open,77,4,7,0.44115909136546055,5.497048575337537
open,77,5,6,0.4530723275327226,5.638769198340002
open,77,5,7,0.4449401512661665,5.5379145770015095
open,77,6,7,0.45442307662253917,5.670788539578014
open,78,0,1,0.4382065215034972,5.462115228573097
open,78,0,2,0.44511667947442474,5.551404222103401
open,78,0,3,0.44095789317699047,5.510413760623719
open,78,0,4,0.4391370900570037,5.476459100198281
open,78,0,5,0.44399570020633444,5.542959985532454
open,78,0,6,0.45105868786128206,5.619223149379548
open,78,0,7,0.4468041960451126,5.56627646408321
open,78,1,2,0.44186117677998776,5.522017026015014
open,78,1,3,0.44096155700581274,5.496271689573454
open,78,1,4,0.43579914063516917,5.429125835165465
open,78,1,5,0.44024868114838817,5.479620815010329
open,78,1,6,0.4478813827292864,5.5760201669009115
open,78,1,7,0.43932989534810235,5.492586835287107
open,78,2,3,0.4479097785540493,5.587193599694247
open,78,2,4,0.44169286650635897,5.491866818309911
open,78,2,5,0.4468747432829637,5.572381296144277
open,78,2,6,0.4561492399911291,5.685541070223237
open,78,2,7,0.44786704686804063,5.5983769903613005
open,78,3,4,0.439772446004117,5.472749740370848
open,78,3,5,0.44473792853013544,5.553058213967478
open,78,3,6,0.453761053990167,5.642947550768057
open,78,3,7,0.4469961460273698,5.570430633696855
open,78,4,5,0.43490636636428837,5.4279749594348825
open,78,4,6,0.4453554250311032,5.530496302377249
open,78,4,7,0.44118504487936017,5.497371968257233
open,78,5,6,0.453107015039369,5.639200906109731
open,78,5,7,0.44497109570529775,5.538299724666998
open,78,6,7,0.45445665467411894,5.671207563258536
open,79,0,1,0.43823065240523656,5.462416013156169
open,79,0,2,0.44514299851463485,5.551732467791963
open,79,0,3,0.44098421520481923,5.5107426928564776
open,79,0,4,0.43916015816510745,5.476746781547476
open,79,0,5,0.4440227736851378,5.543297978016629
open,79,0,6,0.45108920830678,5.619603368624819
open,79,0,7,0.4468305784014934,5.566605134876119
open,79,1,2,0.4418860531438542,5.522327910319937
open,79,1,3,0.4409858032296368,5.496573901481648
open,79,1,4,0.4358209474685647,5.429397501700644
open,79,1,5,0.44027355561262305,5.479930418736178
open,79,1,6,0.4479101479340766,5.576378287082281
open,79,1,7,0.43935445183409383,5.492893845197213
open,79,2,3,0.4479364673497913,5.587526513767333
open,79,2,4,0.4417169561003179,5.492166340561145
open,79,2,5,0.4469024725623589,5.572727071152105
open,79,2,6,0.45618036424682046,5.685929009560846
open,79,2,7,0.44789379730426027,5.598711373137755
open,79,3,4,0.43979570968655135,5.473039245348159
open,79,3,5,0.44476576632274656,5.553405800429079
open,79,3,6,0.4537915298893103,5.64332654737633
open,79,3,7,0.44702263621002203,5.570760752258837
open,79,4,5,0.43493090763409503,5.428281253865789
open,79,4,6,0.44538294307778403,5.530838025968931
open,79,4,7,0.44120855488916444,5.497664913973257
open,79,5,6,0.4531385241739842,5.639593057046651
open,79,5,7,0.4449991870481837,5.538649361481776
open,79,6,7,0.45448709621227024,5.6715874460914195
open,80,0,1,0.43825243975080563,5.46268758600181
open,80,0,2,0.4451667974820462,5.552029283647808
open,80,0,3,0.4410080613680252,5.511040685539909
open,80,0,4,0.4391810081325494,5.477006800563227
open,80,0,5,0.4440472972489683,5.543604136686526
open,80,0,6,0.4511168428354261,5.619947635540121
open,80,0,7,0.446854469411762,5.566902768536095
open,80,1,2,0.4419085497825108,5.52260905477937
open,80,1,3,0.4410077326500418,5.496847236085596
open,80,1,4,0.43584063383703675,5.429642751775063
open,80,1,5,0.44029605771067976,5.480210494452864
open,80,1,6,0.4479361680086758,5.5767022310243695
open,80,1,7,0.43937669397234425,5.493171920686809
open,80,2,3,0.4479606235754683,5.587827836747891
open,80,2,4,0.4417387543549232,5.492437373036971
open,80,2,5,0.44692764414844266,5.5730409525642814
open,80,2,6,0.45620854248188075,5.686280229071208
open,80,2,7,0.447918015121686,5.599014097959286
open,80,3,4,0.43981672275835987,5.473300742593676
open,80,3,5,0.44479111449811276,5.5537223011914305
open,80,3,6,0.45381913801893586,5.643669880560353
open,80,3,7,0.4470466170348484,5.571059599401975
open,80,4,5,0.4349531914902593,5.4285593739914395
open,80,4,6,0.4454078332013314,5.531147115582547
open,80,4,7,0.4412298381713363,5.49793011362171
open,80,5,6,0.45316714911922024,5.639949312438324
open,80,5,7,0.44502469894951474,5.5389668934686425
open,80,6,7,0.45451467907404774,5.6719316552315435
open,81,0,1,0.43827210844336406,5.462932750461665
open,81,0,2,0.44518831214992893,5.552297610186958
open,81,0,3,0.4410296536114012,5.511310512198787
open,81,0,4,0.4391998768558259,5.477242111571193
open,81,0,5,0.4440695528264699,5.54388198121405
open,81,0,6,0.45114186763164227,5.620259390790581
open,81,0,7,0.4468761020750824,5.567172267761396
open,81,1,2,0.4419288914952041,5.522863268749126
open,81,1,3,0.44102756334482035,5.497094411569637
open,81,1,4,0.4358584475940354,5.429864673112957
open,81,1,5,0.44031643656222436,5.4804641428654355
open,81,1,6,0.4479597182248373,5.576995425797172
open,81,1,7,0.4393968413606758,5.493423807210096
open,81,2,3,0.44798246974255407,5.588100344227665
open,81,2,4,0.4417585315264299,5.492683276016606
open,81,2,5,0.4469505250435036,5.57332626981166
open,81,2,6,0.45623405198161004,5.686598184897233
open,81,2,7,0.4479399375921462,5.599288130744361
open,81,3,4,0.439835701070467,5.4735369182649825
open,81,3,5,0.44481414669342245,5.554009884312062
open,81,3,6,0.4538441289793968,5.6439806667723555
open,81,3,7,0.4470682947289483,5.571329745112079
open,81,4,5,0.4349734299369176,5.4288119657909055
open,81,4,6,0.44543038972834725,5.531427226213841
open,81,4,7,0.44124913310027836,5.498170537459114
open,81,5,6,0.45319313865520744,5.640272768509458
open,81,5,7,0.4450478597384315,5.539255162509303
open,81,6,7,0.45453967724215666,5.67224360973499
open,82,0,1,0.43828988280361525,5.463154302627236
open,82,0,2,0.4452077539542833,5.5525400843959805
open,82,0,3,0.44104924563477577,5.511555343183496
open,82,0,4,0.4392169455483354,5.4774549744756
open,82,0,5,0.44408974039223953,5.544134008135063
open,82,0,6,0.4511645246539445,5.620541648659996
open,82,0,7,0.44689568398929125,5.56741621880113
open,82,1,2,0.4419473027841043,5.523093357872408
open,82,1,3,0.4410454757848979,5.497317677375295
open,82,1,4,0.43587456454917983,5.430065455926414
open,82,1,5,0.4403349043251086,5.480694004628208
open,82,1,6,0.4479810388279016,5.5772608623999
open,82,1,7,0.43941508189380285,5.493651853862926
open,82,2,3,0.448002250973492,5.588347093845964
open,82,2,4,0.441776460196412,5.492906195323748
open,82,2,5,0.4469713035852041,5.573585371403042
open,82,2,6,0.4562571517048979,5.686886104757554
open,82,2,7,0.44795977353165733,5.599536081711323
open,82,3,4,0.4398528637786113,5.473750499646432
open,82,3,5,0.4448350569072221,5.554270972083191
open,82,3,6,0.4538667907591786,5.644262487421332
open,82,3,7,0.4470879021916484,5.571574091762144
open,82,4,5,0.4349918090991424,5.429041352252101
open,82,4,6,0.44545084010753655,5.531681182357927
open,82,4,7,0.4412666080506796,5.498388283512833
open,82,5,6,0.4532167166462202,5.640566211391317
open,82,5,7,0.44506890251050313,5.539517069810463
open,82,6,7,0.45456233633495624,5.6725263746964885
open,83,0,1,0.43830594432256265,5.463354504730425
open,83,0,2,0.44522531940340915,5.552759157086213
open,83,0,3,0.4410669728569225,5.511776870749657
open,83,0,4,0.4392323969009068,5.47764766760564
open,83,0,5,0.4441079992212662,5.54436195619544
open,83,0,6,0.451185034705482,5.620797159881698
open,83,0,7,0.44691341191137984,5.567637072849396
open,83,1,2,0.44196395749788303,5.523301494766715
open,83,1,3,0.44106167470370566,5.497519585358951
open,83,1,4,0.4358891633541603,5.430247325833652
open,83,1,5,0.44035160869807455,5.480901918095586
open,83,1,6,0.4480003332029741,5.577501072930323
open,83,1,7,0.439431602255323,5.493858394599536
open,83,2,3,0.44802016159905333,5.588570509670521
open,83,2,4,0.4417927208735785,5.493108375345536
open,83,2,5,0.44699011101605834,5.57381989388948
open,83,2,6,0.4562780637198838,5.687146756556658
open,83,2,7,0.44797771832974637,5.599760393246232
open,83,3,4,0.4398683775434905,5.473943560747658
open,83,3,5,0.4448540422175529,5.554508025248019
open,83,3,6,0.45388729095280916,5.6445174267036275
open,83,3,7,0.4471056628152773,5.571795423249709
open,83,4,5,0.4350084932062243,5.429249583086287
open,83,4,6,0.4454693913043136,5.531911554145074
open,83,4,7,0.44128245375515807,5.498585728400479
open,83,5,6,0.45323810693605704,5.6408324269603245
open,83,5,7,0.44508799511595326,5.539754704507477
open,83,6,7,0.4545828765316738,5.672782697753434
open,84,0,1,0.4383204702070619,5.463535565602499
open,84,0,2,0.4452412123369514,5.552957370504036
open,84,0,3,0.44108304768588974,5.511977749246474
open,84,0,4,0.43924638676422906,5.477822134568319
open,84,0,5,0.44412445582921856,5.544567404850315
open,84,0,6,0.4512036126793791,5.621028601562792
open,84,0,7,0.44692946553819785,5.567837068565442
open,84,1,2,0.44197903127937027,5.523489874471457
open,84,1,3,0.44107633578486916,5.497702325291848
open,84,1,4,0.43590239913938056,5.430412215427935
open,84,1,5,0.4403666614176331,5.481089274012701
open,84,1,6,0.4480178010964797,5.5777185441854735
open,84,1,7,0.43944655014208706,5.494045275954355
open,84,2,3,0.44803642733785937,5.588773407298799
open,84,2,4,0.44180750027233545,5.493292137628749
open,84,2,5,0.44700696181749,5.574030017849569
open,84,2,6,0.4562970129032375,5.687382943205147
open,84,2,7,0.44799396342377096,5.599963458332689
open,84,3,4,0.43988244447891867,5.474118616774728
open,84,3,5,0.44487117071413795,5.554721893984083
open,84,3,6,0.45390589772855866,5.644748819545124
open,84,3,7,0.4471217558471946,5.571995973341198
open,84,4,5,0.4350235286897216,5.4294372377959865
open,84,4,6,0.44548621314516723,5.532120450508319
open,84,4,7,0.4412968300137143,5.4987648633047845
open,84,5,6,0.4532574013099582,5.641072557541345
open,84,5,7,0.4451052909097394,5.539969975321442
open,84,6,7,0.45460150151203527,5.6730151206443855
open,85,0,1,0.43833362484290284,5.463699534263911
open,85,0,2,0.4452555789063614,5.553136547420466
open,85,0,3,0.44109760384790553,5.512159649778735
open,85,0,4,0.4392590586764953,5.477980165422051
open,85,0,5,0.44413934264014,5.54475325574304
open,85,0,6,0.45122043142649537,5.621238127054004
open,85,0,7,0.44694400200137463,5.568018163491515
open,85,1,2,0.44199267727011016,5.523660410823512
open,85,1,3,0.4410895832940427,5.497867446056847
open,85,1,4,0.43591441100070577,5.4305618575464445
open,85,1,5,0.44038028078974206,5.481258789557191
open,85,1,6,0.44803361156132143,5.577915380835098
open,85,1,7,0.43946006478946015,5.494214238674696
open,85,2,3,0.44805112343272524,5.5889567253041355
open,85,2,4,0.44182091416538594,5.493458921653882
open,85,2,5,0.44702219928243603,5.5742200240335
open,85,2,6,0.45631416516368734,5.687596732624673
open,85,2,7,0.4480086571936728,5.600147131732854
open,85,3,4,0.4398951582467265,5.47427683330262
open,85,3,5,0.4448867110286589,5.554915932463066
open,85,3,6,0.4539227465426567,5.644958350472056
open,85,3,7,0.447136321614364,5.57217749078014
open,85,4,5,0.43503717434042516,5.429607546294672
open,85,4,6,0.4455014938008818,5.53231020818315
open,85,4,7,0.4413098738663414,5.498927395808147
open,85,5,6,0.45327488443413233,5.641290145983837
open,85,5,7,0.44512099750707274,5.540165466319681
open,85,6,7,0.45461839338823484,5.673225915964633
open,86,0,1,0.43834551193539156,5.463847703370759
open,86,0,2,0.44526854886067857,5.553298306038997
open,86,0,3,0.4411108091689421,5.512324669577403
open,86,0,4,0.439270521620998,5.4781231192926265
open,86,0,5,0.4441527756108042,5.544920956508709
open,86,0,6,0.45123565452554215,5.621427774194988
open,86,0,7,0.4469571640278187,5.568182135716181
open,86,1,2,0.442005008790942,5.523814520013385
open,86,1,3,0.4411015551108287,5.498016666224974
open,86,1,4,0.4359252886603757,5.430697369936519
open,86,1,5,0.4403925730442105,5.481411786934203
open,86,1,6,0.4480479087945733,5.578093378099591
open,86,1,7,0.4394722865175509,5.494367037069539
open,86,2,3,0.44806443741136476,5.589122802893424
open,86,2,4,0.44183308787887754,5.4936102856858815
open,86,2,5,0.44703595112292493,5.574391504968325
open,86,2,6,0.456329683742157,5.687790159484799
open,86,2,7,0.4480219409006328,5.600313179223759
open,86,3,4,0.43990668124490906,5.4744202312937515
open,86,3,5,0.444900823253948,5.5550921396258275
open,86,3,6,0.45393803873331084,5.645148523315315
open,86,3,7,0.44714952228472854,5.57234199649062
open,86,4,5,0.43504951754894605,5.429761599286194
open,86,4,6,0.44551531488645596,5.5324818406779315
open,86,4,7,0.4413217072541218,5.499074845353476
open,86,5,6,0.4532907030673275,5.6414870187924375
open,86,5,7,0.44513523883916334,5.540342720002802
open,86,6,7,0.45463371066666114,5.673417061730388
open,87,0,1,0.43835623490058245,5.463981361973703
open,87,0,2,0.4452802451000003,5.553444179144516
open,87,0,3,0.4411227613294852,5.512474029303003
open,87,0,4,0.43928086985489834,5.478252171656906
open,87,0,5,0.44416490142985976,5.5450723384472855
open,87,0,6,0.4512494387536793,5.621599496092668
open,87,0,7,0.4469690778281867,5.568330557568913
open,87,1,2,0.44201613065788453,5.523953511945343
open,87,1,3,0.44111236243552937,5.498151371828781
open,87,1,4,0.43593509775253325,5.430819570259297
open,87,1,5,0.44040367372353384,5.481549953193605
open,87,1,6,0.4480608413260898,5.578254385141468
open,87,1,7,0.4394833507695439,5.494505364475624
open,87,2,3,0.448076440093009,5.58927252346054
open,87,2,4,0.4418441133485999,5.493747372824743
open,87,2,5,0.4470483262031567,5.574545818154869
open,87,2,6,0.456343718404535,5.687965090499391
open,87,2,7,0.44803394602547103,5.600463244327077
open,87,3,4,0.43991708063293516,5.474549646514366
open,87,3,5,0.44491355967266943,5.555251168280819
open,87,3,6,0.45395190409409775,5.645320952180695
open,87,3,7,0.4471614733570718,5.572490929809347
open,87,4,5,0.4350606619810426,5.429900690601096
open,87,4,6,0.44552781696613536,5.532637093542392
open,87,4,7,0.441332408522216,5.499208188158108
open,87,5,6,0.45330495737754606,5.641664422620744
open,87,5,7,0.4451481763838195,5.540503746192365
open,87,6,7,0.45464759864968407,5.673590371183661
open,88,0,1,0.4383659351502739,5.464102272729158
open,88,0,2,0.4452907982985944,5.553575796479775
open,88,0,3,0.441133571058381,5.5126091126744035
open,88,0,4,0.43929021057537193,5.478368659366093
open,88,0,5,0.44417572855058496,5.545207507091735
open,88,0,6,0.45126192799515485,5.621755085235957
open,88,0,7,0.4469798685221218,5.5684649877873715
open,88,1,2,0.44202619014363864,5.524079227112291
open,88,1,3,0.44112213502118913,5.498273180147539
open,88,1,4,0.43594396400193375,5.4309300247765115
open,88,1,5,0.44041359960404836,5.481673497144566
open,88,1,6,0.448072548736664,5.578400139709489
open,88,1,7,0.43949334743770124,5.494630344743298
open,88,2,3,0.4480872785743822,5.589407721879191
open,88,2,4,0.44185408074718535,5.493871304247926
open,88,2,5,0.4470593210355198,5.5746829201037595
open,88,2,6,0.4563564184150533,5.688123386129557
open,88,2,7,0.44804479419380144,5.600598847373546
open,88,3,4,0.43992643253960223,5.47466602634955
open,88,3,5,0.4449249056549265,5.55539283575716
open,88,3,6,0.45396442562828415,5.645476669292262
open,88,3,7,0.44717230207124076,5.572625876389237
open,88,4,5,0.43507057889090867,5.4300244614690145
open,88,4,6,0.44553913414727836,5.532777632143578
open,88,4,7,0.44134209022815857,5.499328826741558
open,88,5,6,0.45331768755656976,5.641822857680681
open,88,5,7,0.4451598608594653,5.540649176151471
open,88,6,7,0.45466020161769716,5.673747644813126
open,89,0,1,0.4383747100170378,5.464211648858969
open,89,0,2,0.4453003153679743,5.553694491423313
open,89,0,3,0.441143362853391,5.512731475473209
open,89,0,4,0.43929864750079994,5.478473875887503
open,89,0,5,0.44418546544665605,5.54532906508268
open,89,0,6,0.4512732396255014,5.621896003872071
open,89,0,7,0.44698964183458106,5.568586743490652
open,89,1,2,0.4420352948452481,5.524193010173457
open,89,1,3,0.4411309614116221,5.498383194816816
open,89,1,4,0.4359520076774266,5.431030231780968
open,89,1,5,0.44042253761194045,5.481784745391722
open,89,1,6,0.4480831547926396,5.578532182666154
open,89,1,7,0.4395023853412958,5.494743338352037
open,89,2,3,0.448097052037392,5.58952963533719
open,89,2,4,0.4418630942403621,5.4939833751185425
open,89,2,5,0.44706921145462464,5.574806250382007
open,89,2,6,0.4563679105110572,5.688266626056504
open,89,2,7,0.4480545985635003,5.6007214028464505
open,89,3,4,0.43993489243895456,5.474771305596589
open,89,3,5,0.4449351248269589,5.555520433727907
open,89,3,6,0.45397578265271477,5.645617904624451
open,89,3,7,0.4471821093868416,5.57274809438092
open,89,4,5,0.4350795042853144,5.430135857440847
open,89,4,6,0.4455493850576058,5.532904929619876
open,89,4,7,0.44135086101823834,5.499438114887391
open,89,5,6,0.45332915779869587,5.64196561203593
open,89,5,7,0.4451704637214816,5.5407811438867975
open,89,6,7,0.45467163576041425,5.673890332561209
open,90,0,1,0.43838264395137383,5.46431054301374
open,90,0,2,0.445308912730826,5.553801715975064
open,90,0,3,0.44115221331918303,5.512842074986774
open,90,0,4,0.4393062555597553,5.478568755652033
open,90,0,5,0.444194241804591,5.54543863146098
open,90,0,6,0.45128348251060324,5.62202360823627
open,90,0,7,0.44699848701944817,5.568696936601598
open,90,1,2,0.442043540581461,5.524296058592626
open,90,1,3,0.44113891511420883,5.498482332053747
open,90,1,4,0.4359592886797966,5.4311209375084175
open,90,1,5,0.44043062960986057,5.48188546364969
open,90,1,6,0.4480927474048008,5.578651608480503
open,90,1,7,0.43951055565694036,5.494845485209386
open,90,2,3,0.4481058522109,5.589639408053603
open,90,2,4,0.4418712494926326,5.494084774898199
open,90,2,5,0.4470782280758088,5.5749186846871375
open,90,2,6,0.45637832971709946,5.688396493254953
open,90,2,7,0.4480634682215528,5.60083227434258
open,90,3,4,0.43994253063853844,5.47486635919799
open,90,3,5,0.44494443880016005,5.555636729263033
open,90,3,6,0.45398607398340524,5.6457458870478066
open,90,3,7,0.44719101010197315,5.572859014389227
open,90,4,5,0.435087614659882,5.430237081321363
open,90,4,6,0.445558677883599,5.533020329448654
open,90,4,7,0.4413588078051063,5.49953713556788
open,90,5,6,0.45333959053294876,5.642095453955166
open,90,5,7,0.4451800964666226,5.54090103713442
open,90,6,7,0.45468201701688404,5.674019881242259
open,91,0,1,0.4383897879114962,5.4643995903726035
open,91,0,2,0.4453166672725785,5.553898429034382
open,91,0,3,0.44116022453350745,5.512942186825876
open,91,0,4,0.439313098448071,5.47865409300758
open,91,0,5,0.4442021510515292,5.545537372595802
open,91,0,6,0.4512927514107846,5.62213907883881
open,91,0,7,0.44700649057157277,5.568796644671072
open,91,1,2,0.4420509958640016,5.524389228572898
open,91,1,3,0.44114606443109494,5.4985714431959245
open,91,1,4,0.43596585913559954,5.43120279134433
open,91,1,5,0.4404379836840872,5.4819769972304435
open,91,1,6,0.44810142473254416,5.578759639214438
open,91,1,7,0.4395179379627513,5.49493778021626
open,91,2,3,0.44811383128441534,5.589738938429163
open,91,2,4,0.4418786081814629,5.494176270464639
open,91,2,5,0.44708643961235994,5.575021079851281
open,91,2,6,0.45638777790832036,5.688514257518304
open,91,2,7,0.4480714873116617,5.600932513665529
open,91,3,4,0.43994939639595393,5.474951800140128
open,91,3,5,0.444952965790673,5.5557431984253665
open,91,3,6,0.45399538654059723,5.64586169749768
open,91,3,7,0.44719907104649853,5.57295946924263
open,91,4,5,0.43509498479801667,5.430329066466527
open,91,4,6,0.44556708686724655,5.5331247535790355
open,91,4,7,0.4413659902820363,5.499626632589132
open,91,5,6,0.45334911153438096,5.642213948787781
open,91,5,7,0.44518885922052326,5.541010102100625
open,91,6,7,0.45469143425015374,5.6741373997866456
open,92,0,1,0.4383962477928,5.464480110890471
open,92,0,2,0.4453236669908351,5.5539857280893825
open,92,0,3,0.44116746323097916,5.513032644937126
open,92,0,4,0.43931926335225985,5.4787309752532645
open,92,0,5,0.44420929115047364,5.545626511483235
open,92,0,6,0.45130115624031425,5.6222437849755735
open,92,0,7,0.4470137342413554,5.5688868861436935
open,92,1,2,0.4420577423087531,5.52447354008235
open,92,1,3,0.44115249383614846,5.498651581149937
open,92,1,4,0.43597180461482815,5.431276859307923
open,92,1,5,0.44044464066350303,5.482059854316754
open,92,1,6,0.4481092849728173,5.578857497397363
open,92,1,7,0.43952460459932224,5.495021127788672
open,92,2,3,0.44812104263694924,5.5898288923097255
open,92,2,4,0.44188526920719795,5.494259091512892
open,92,2,5,0.44709392800209924,5.575114457612161
open,92,2,6,0.45639634186034295,5.688621000436365
open,92,2,7,0.44807873207510596,5.601023073837908
open,92,3,4,0.4399555813819326,5.475028769219743
open,92,3,5,0.4449607459075206,5.555840342021616
open,92,3,6,0.45400381088891345,5.645966462230748
open,92,3,7,0.44720635772222295,5.573050275219446
open,92,4,5,0.43510171050433377,5.430413008593608
open,92,4,6,0.44557471406425186,5.53321946935539
open,92,4,7,0.4413724916968854,5.4997076432583745
open,92,5,6,0.45335780851330815,5.642322188143647
open,92,5,7,0.44519681806463485,5.541109161263292
open,92,6,7,0.4546999895704214,5.674244162437184
open,93,0,1,0.4384020779869185,5.464552782543031
open,93,0,2,0.44532998105344085,5.554064475787288
open,93,0,3,0.4411740162847143,5.513114534927157
open,93,0,4,0.43932479557727877,5.478799967385187
open,93,0,5,0.4442157951917329,5.545707709657964
open,93,0,6,0.45130876198602315,5.622338536242993
open,93,0,7,0.4470202907365589,5.568968566811112
open,93,1,2,0.44206384776032187,5.5245498409869915
open,93,1,3,0.44115828126261647,5.498723717298193
open,93,1,4,0.4359771748737712,5.431343761256208
open,93,1,5,0.4404506887550805,5.482135132789849
open,93,1,6,0.44811638735493053,5.578945920420563
open,93,1,7,0.43953063295016903,5.495096495390217
open,93,2,3,0.44812758405427644,5.589910489467844
open,93,2,4,0.4418912635333044,5.4943336230327295
open,93,2,5,0.44710078776146395,5.57519999655871
open,93,2,6,0.4564041024165565,5.68871772965832
open,93,2,7,0.4480852825291868,5.601104955082931
open,93,3,4,0.43996115396086743,5.475098117197763
open,93,3,5,0.4449678559834953,5.555929119396471
open,93,3,6,0.4540114326860674,5.646061246481631
open,93,3,7,0.4472129680215899,5.573132652247567
open,93,4,5,0.4351078315544263,5.430489404133423
open,93,4,6,0.44558161394489115,5.533305153198491
open,93,4,7,0.44137837623471643,5.499780967351505
open,93,5,6,0.4533657403837789,5.642420905245041
open,93,5,7,0.4452040869682284,5.541199633132497
open,93,6,7,0.4547077604602907,5.674341136106613
open,94,0,1,0.43840733050636277,5.464618253650915
open,94,0,2,0.4453356688353153,5.554135412639957
open,94,0,3,0.4411799416248624,5.513188580717908
open,94,0,4,0.43932977466606543,5.478862061379782
open,94,0,5,0.44422165476895387,5.545780862172848
open,94,0,6,0.45131564581766825,5.622424294010614
open,94,0,7,0.44702622132746417,5.569042449977085
open,94,1,2,0.4420693617215759,5.52461874993289
open,94,1,3,0.44116349506287533,5.498788703604375
open,94,1,4,0.43598203126515134,5.431404261512975
open,94,1,5,0.4404561441683661,5.4822030344042645
open,94,1,6,0.4481228030066605,5.579025793808495
open,94,1,7,0.4395360787898474,5.495164580325118
open,94,2,3,0.4481335164864939,5.589984490190541
open,94,2,4,0.4418966688459354,5.494400830948754
open,94,2,5,0.44710701046328144,5.575277591606854
open,94,2,6,0.4564111292141413,5.688805313156785
open,94,2,7,0.448091196181835,5.601178876254731
open,94,3,4,0.4399661775720082,5.47516063354415
open,94,3,5,0.44497433290331356,5.556009991097513
open,94,3,6,0.4540183195734211,5.646146891434593
open,94,3,7,0.4472189605658094,5.573207330859879
open,94,4,5,0.4351133648022674,5.4305584634368715
open,94,4,6,0.44558785186393274,5.533382616694509
open,94,4,7,0.44138370764652834,5.499847399235781
open,94,5,6,0.4533729419599176,5.642510533375569
open,94,5,7,0.44521070180175487,5.541281964167147
open,94,6,7,0.4547148106335578,5.6744291158854185
open,95,0,1,0.43841205145244067,5.464677098853349
open,95,0,2,0.4453408007691159,5.554199417069093
open,95,0,3,0.4411853489785693,5.5132561535105395
open,95,0,4,0.4393342446369024,5.478917806187091
open,95,0,5,0.4442269829194175,5.5458473802152595
open,95,0,6,0.4513218706299288,5.622501841811147
open,95,0,7,0.4470315894097334,5.569109325423326
open,95,1,2,0.44207434171828247,5.524680985829702
open,95,1,3,0.44116821063886197,5.498847479899912
open,95,1,4,0.43598637729070727,5.431458403702407
open,95,1,5,0.44046107599945417,5.482264419174835
open,95,1,6,0.44812859019547147,5.5790978429776805
open,95,1,7,0.4395410148397784,5.495226291770563
open,95,2,3,0.4481389022424682,5.590051671714031
open,95,2,4,0.4419015429977635,5.49446143458246
open,95,2,5,0.44711270397312153,5.575348587804824
open,95,2,6,0.45641748093534906,5.688884482359817
open,95,2,7,0.44809653986539927,5.601245672763469
open,95,3,4,0.4399707031410342,5.475216952003702
open,95,3,5,0.44498026852078604,5.5560841040239035
open,95,3,6,0.45402456632338506,5.646224575674127
open,95,3,7,0.44722440766692373,5.5732752122033355
open,95,4,5,0.4351184219473557,5.430621580601917
open,95,4,6,0.4455934921972264,5.533452659273249
open,95,4,7,0.441388521780158,5.4999073855920155
open,95,5,6,0.4533795202271525,5.642592404035965
open,95,5,7,0.4452167512068316,5.541357257638552
open,95,6,7,0.4547212004294312,5.674508854752288
open,96,0,1,0.4384163192481876,5.4647302956703685
open,96,0,2,0.4453454287444169,5.554257136230855
open,96,0,3,0.4411902516253077,5.513317419251484
open,96,0,4,0.4393382626147633,5.478967914210118
open,96,0,5,0.44423176559479977,5.545907088402198
open,96,0,6,0.45132751135615184,5.622572113153269
open,96,0,7,0.4470364436016055,5.569169798834741
open,96,1,2,0.44207885276170494,5.524737361134647
open,96,1,3,0.44117244552038526,5.498900264681387
open,96,1,4,0.4359903039328471,5.431507321270844
open,96,1,5,0.4404655087024787,5.482319591473583
open,96,1,6,0.4481338329707594,5.579163114323764
open,96,1,7,0.4395454671476175,5.495281955379351
open,96,2,3,0.44814378839995106,5.590112621282722
open,96,2,4,0.4419059474545378,5.494516198179171
open,96,2,5,0.44711779783016786,5.575412106529382
open,96,2,6,0.45642323892765885,5.688956251199681
open,96,2,7,0.4481013674660045,5.60130601819039
open,96,3,4,0.4399748014664146,5.475267953628213
open,96,3,5,0.4449856614601178,5.556151440997282
open,96,3,6,0.45403025480148956,5.646295317275473
open,96,3,7,0.4472293683710564,5.57333703210606
open,96,4,5,0.4351229567091557,5.4306781780109254
open,96,4,6,0.4455985949500798,5.533516026090406
open,96,4,7,0.44139288182027636,5.499961713730753
open,96,5,6,0.45338548378118415,5.6426666242051144
open,96,5,7,0.44522225028484436,5.541425701504992
open,96,6,7,0.4547270130438181,5.6745813909168135
open,97,0,1,0.43842015363775055,5.464778090206955
open,97,0,2,0.44534959937978014,5.554309151542417
open,97,0,3,0.4411946878935292,5.513372856910798
open,97,0,4,0.4393418664004798,5.4790128568613525
open,97,0,5,0.4442360766331701,5.54596090854769
open,97,0,6,0.45133261520210355,5.622635696119509
open,97,0,7,0.4470408291905134,5.5692244344011375
open,97,1,2,0.44208292746942723,5.52478828347542
open,97,1,3,0.44117620540868585,5.498947129010701
open,97,1,4,0.43599382976102297,5.431551245553971
open,97,1,5,0.4404694944803619,5.48236920105196
open,97,1,6,0.4481385644022468,5.579222019557179
open,97,1,7,0.4395494887662192,5.495332234428472
open,97,2,3,0.44814817121630685,5.590167292211253
open,97,2,4,0.4419099185640276,5.494565573675342
open,97,2,5,0.4471224036274871,5.57546953930942
open,97,2,6,0.4564284471466523,5.68902116754809
open,97,2,7,0.44810573505145074,5.601360613387864
open,97,3,4,0.43997842956258715,5.475313103483705
open,97,3,5,0.4449905099977486,5.556211980497039
open,97,3,6,0.4540353872278503,5.646359143847866
open,97,3,7,0.44723386407686594,5.573393057236442
open,97,4,5,0.43512705511054944,5.4307293292974075
open,97,4,6,0.4456032015905003,5.533573232102459
open,97,4,7,0.4413968127876638,5.500010695422618
open,97,5,6,0.45339088476990486,5.6427338428962335
open,97,5,7,0.445227255474619,5.541487998228124
open,97,6,7,0.4547322813465371,5.6746471345645695
open,98,0,1,0.4384236109403768,5.464821184465936
open,98,0,2,0.4453533633033074,5.554356094427113
open,98,0,3,0.4411986847782022,5.51342280383009
open,98,0,4,0.43934509080731077,5.479053068295395
open,98,0,5,0.4442399819908773,5.546009664068273
open,98,0,6,0.4513372364534016,5.622693266992152
open,98,0,7,0.4470447988970957,5.569273888915025
open,98,1,2,0.4420866114869861,5.5248343232923425
open,98,1,3,0.44117958226488724,5.498989219117751
open,98,1,4,0.43599697796219056,5.4315904654116975
open,98,1,5,0.44047310629947667,5.4824141560968
open,98,1,6,0.4481428332602458,5.579275165857092
open,98,1,7,0.4395531175922719,5.49537760270961
open,98,2,3,0.44815210642622477,5.590216379730033
open,98,2,4,0.44191348744770526,5.494609948025334
open,98,2,5,0.447126607408116,5.575521959073351
open,98,2,6,0.45643317381350823,5.689080081728316
open,98,2,7,0.44810968071686547,5.601409934548292
open,98,3,4,0.43998165013208695,5.475353181872094
open,98,3,5,0.44499493476682317,5.556267228765015
open,98,3,6,0.4540400152946177,5.646416698232051
open,98,3,7,0.4472379587077871,5.573444084203272
open,98,4,5,0.435130791826668,5.430775966465982
open,98,4,6,0.44560736986310107,5.53362499439143
open,98,4,7,0.44140033895088415,5.5000546330652655
open,98,5,6,0.45339582548750545,5.642795333224666
open,98,5,7,0.44523182459175054,5.541544867405461
open,98,6,7,0.4547370637703965,5.674706814884098
open,99,0,1,0.438426727207974,5.464860027823721
open,99,0,2,0.44535674911762024,5.554398321610991
open,99,0,3,0.4412022989178091,5.51346796779003
open,99,0,4,0.43934799710257083,5.479089312574198
open,99,0,5,0.4442434898131726,5.546053456651422
open,99,0,6,0.45134142302028557,5.622745422629952
open,99,0,7,0.44704838607342773,5.569318577875796
open,99,1,2,0.44208993711664923,5.524875884272548
open,99,1,3,0.4411826146936503,5.4990270161821355
open,99,1,4,0.435999824001882,5.431625920983258
open,99,1,5,0.4404763568021649,5.482454613962893
open,99,1,6,0.44814668495838217,5.579323118612695
open,99,1,7,0.4395563828825168,5.495418425996171
open,99,2,3,0.44815565947190783,5.590260700160286
open,99,2,4,0.4419167058988127,5.494649965209636
open,99,2,5,0.44713040369658724,5.575569297543895
open,99,2,6,0.456437454843053,5.6891334413903865
open,99,2,7,0.4481132414327478,5.601454443806127
open,99,3,4,0.439984555261039,5.475389334759486
open,99,3,5,0.44499895211842594,5.556317389963072
open,99,3,6,0.45404420538433043,5.646468805957635
open,99,3,7,0.44724164738216005,5.573490052171693
open,99,4,5,0.43513415453618637,5.43081793573678
open,99,4,6,0.4456111604679808,5.533672066741048
open,99,4,7,0.4414035328473526,5.500094430508807
open,99,5,6,0.45340031009226184,5.642851146942765
open,99,5,7,0.44523598257843655,5.541596619478215
open,99,6,7,0.45474140708592137,5.674761015529199
open,100,0,1,0.4384294457413891,5.4648939135420695
open,100,0,2,0.4453597867495566,5.554436206335457
open,100,0,3,0.44120555551858603,5.513508663779401
open,100,0,4,0.43935059820703887,5.4791217508322205
open,100,0,5,0.44424664722441065,5.5460928746100695
open,100,0,6,0.4513452247874832,5.622792784489551
open,100,0,7,0.4470516346354407,5.569359048387119
open,100,1,2,0.44209288632226423,5.524912741015062
open,100,1,3,0.44118536021886096,5.499061237198115
open,100,1,4,0.4360022719247764,5.431656416870444
open,100,1,5,0.4404792644624846,5.482490804590356
open,100,1,6,0.4481501246640741,5.579365942157156
open,100,1,7,0.43955938183082416,5.495455919424611
open,100,2,3,0.44815883386045696,5.590300297249328
open,100,2,4,0.44191959397895403,5.494685874667767
open,100,2,5,0.4471338666302339,5.5756124791892505
open,100,2,6,0.45644132649210073,5.689181698446939
open,100,2,7,0.44811645145600587,5.601494569375697
open,100,3,4,0.4399872014434143,5.475422265185298
open,100,3,5,0.44500263473523743,5.556363371617035
open,100,3,6,0.4540480375609141,5.6465164626952
open,100,3,7,0.4472449862635604,5.573531661047743
open,100,4,5,0.43513721952227435,5.430856189184012
open,100,4,6,0.4456145897522886,5.533714652152875
open,100,4,7,0.44140639903797757,5.500130144584296
open,100,5,6,0.45340440064651805,5.642902056455314
open,100,5,7,0.4452397923217034,5.541644037165093
open,100,6,7,0.4547453475546798,5.6748101890114135
open,101,0,1,0.4384318683337676,5.464924110442558
open,101,0,2,0.44536251832108903,5.554470273937138
open,101,0,3,0.44120852126030236,5.51354572505944
open,101,0,4,0.439352928756471,5.479150815010435
open,101,0,5,0.4442495256546031,5.546128809695411
open,101,0,6,0.4513486691774054,5.622835694195333
open,101,0,7,0.4470545712094714,5.569395632159288
open,101,1,2,0.44209552957874754,5.524945774257338
open,101,1,3,0.44118782383298416,5.499091944393207
open,101,1,4,0.43600444877116756,5.431683535723786
open,101,1,5,0.44048189363486756,5.482523528976216
open,101,1,6,0.44815322059083557,5.579404485733028
open,101,1,7,0.4395621076577409,5.495489998236903
open,101,2,3,0.44816168948425833,5.5903359180903776
open,101,2,4,0.44192221113088487,5.494718415491804
open,101,2,5,0.4471370059065583,5.575651624934085
open,101,2,6,0.4564448315257111,5.689225385930764
open,101,2,7,0.44811935204072273,5.60153082693662
open,101,3,4,0.4399896414574211,5.475452629948128
open,101,3,5,0.4450059763010936,5.556405094862423
open,101,3,6,0.4540515663896471,5.6465603470155505
open,101,3,7,0.44724802044875345,5.5735694728237455
open,101,4,5,0.4351400028717689,5.430890927584109
open,101,4,6,0.4456176944572613,5.533753206885581
open,101,4,7,0.44140899575184017,5.500162500853312
open,101,5,6,0.4534080951879542,5.642948037340012
open,101,5,7,0.44524328918183304,5.5416875605752205
open,101,6,7,0.45474891890048796,5.6748547561734295
open,102,0,1,0.43843406437650706,5.4649514834685196
open,102,0,2,0.4453649660742439,5.554500801814042
open,102,0,3,0.4412112155075469,5.513579393619001
open,102,0,4,0.4393550180839316,5.479176870920182
open,102,0,5,0.4442520985329056,5.546160930189982
open,102,0,6,0.45135179112141266,5.622874586917075
open,102,0,7,0.44705722779980134,5.5694287279009105
open,102,1,2,0.44209792724972274,5.524975738374223
open,102,1,3,0.4411900202660117,5.499119321366269
open,102,1,4,0.43600640589501954,5.431707917303915
open,102,1,5,0.4404842652553993,5.482553047704579
open,102,1,6,0.44815603220253897,5.579439489651843
open,102,1,7,0.4395645602115625,5.4955206605364095
open,102,2,3,0.44816422238299347,5.590367513282711
open,102,2,4,0.44192457955172815,5.494747863673623
open,102,2,5,0.44713979829625333,5.575686445116568
open,102,2,6,0.456448011756057,5.689265024997673
open,102,2,7,0.44812196677682425,5.601563511365021
open,102,3,4,0.4399918239234296,5.475479789653994
open,102,3,5,0.4450089727000626,5.55644250830715
open,102,3,6,0.45405475442998494,5.646599993310132
open,102,3,7,0.44725075579247797,5.5736035604609935
open,102,4,5,0.43514249672741717,5.430922052872351
open,102,4,6,0.4456205064431021,5.5337881265843665
open,102,4,7,0.4414113288007625,5.500191571733875
open,102,5,6,0.45341142044912053,5.642989422300208
open,102,5,7,0.4452464840453884,5.541727325207395
open,102,6,7,0.45475216391274675,5.674895250988228
open,103,0,1,0.43843603832004757,5.464976088093381
open,103,0,2,0.4453671489328748,5.554528025980599
open,103,0,3,0.4412136203876817,5.513609446113339
open,103,0,4,0.43935691080080397,5.479200474908035
open,103,0,5,0.44425444840781436,5.546190266651088
open,103,0,6,0.4513546195482387,5.622909823044712
open,103,0,7,0.4470596304598543,5.569458660184945
open,103,1,2,0.4421001026189541,5.525002924347023
open,103,1,3,0.44119195856945403,5.49914348093793
open,103,1,4,0.4360081830030758,5.431730056271986
open,103,1,5,0.4404864081734913,5.482579719853945
open,103,1,6,0.4481585821169128,5.579471235499115
open,103,1,7,0.43956676591244775,5.495548236633036
open,103,2,3,0.44816647996425224,5.590395674185116
open,103,2,4,0.44192674846979557,5.494774831302193
open,103,2,5,0.4471423215480075,5.575717909237312
open,103,2,6,0.4564509024783877,5.689301055575153
open,103,2,7,0.44812432577612293,5.601592999061172
open,103,3,4,0.4399937877859135,5.475504228947535
open,103,3,5,0.4450116752447611,5.5564762526475215
open,103,3,6,0.4540576133380009,5.646635546533232
open,103,3,7,0.4472532145019168,5.573634200703642
open,103,4,5,0.43514479008224527,5.430950675751993
open,103,4,6,0.44562308766909126,5.5338201806696805
open,103,4,7,0.441413455662608,5.500218073427043
open,103,5,6,0.45341444502683614,5.643027065066328
open,103,5,7,0.44524943637103087,5.541764071109434
open,103,6,7,0.4547551060605529,5.674931966328885
open,104,0,1,0.43843781347580274,5.464998214887044
open,104,0,2,0.4453691138070862,5.554552531490045
open,104,0,3,0.44121580182490194,5.51363670636168
open,104,0,4,0.43935861025043993,5.479221668668788
open,104,0,5,0.4442565689960059,5.546216740636053
open,104,0,6,0.4513571671241512,5.622941560372753
open,104,0,7,0.44706180175233123,5.5694857100970045
open,104,1,2,0.4421020740160857,5.525027561244532
open,104,1,3,0.44119367969010065,5.499164933480751
open,104,1,4,0.43600978869395973,5.431750059748469
open,104,1,5,0.4404883373697623,5.482603731882818
open,104,1,6,0.44816088226467243,5.5794998718095075
open,104,1,7,0.4395687462377442,5.495572995040711
open,104,2,3,0.44816856444458597,5.590421675839326
open,104,2,4,0.4419287260469296,5.494799419859235
open,104,2,5,0.4471445959178935,5.5757462698828935
open,104,2,6,0.4564535283237891,5.689333784670293
open,104,2,7,0.4481264643625434,5.601619731577198
open,104,3,4,0.43999555143749947,5.4755261767158565
open,104,3,5,0.4450141238698055,5.556506826512585
open,104,3,6,0.454060202172707,5.64666774113948
open,104,3,7,0.44725542830437687,5.573661788934883
open,104,4,5,0.4351468548234791,5.4309764453534095
open,104,4,6,0.4456254247807662,5.533849203303626
open,104,4,7,0.4414153926294564,5.500242208939748
open,104,5,6,0.4534171696837984,5.643060975130619
open,104,5,7,0.44525214348596365,5.541797765014569
open,104,6,7,0.4547577592372283,5.674965075571479
open,105,0,1,0.43843941466799224,5.465018173276098
open,105,0,2,0.4453708576734324,5.55457428063458
open,105,0,3,0.44121779308270936,5.513661590040129
open,105,0,4,0.4393601221994379,5.47924052411743
open,105,0,5,0.4442585024617413,5.546240878534685
open,105,0,6,0.45135947720093206,5.622970338971355
open,105,0,7,0.4470637630696109,5.569510144142855
open,105,1,2,0.4421038485865704,5.525049738364736
open,105,1,3,0.44119519158048737,5.499183778117428
open,105,1,4,0.436011246768473,5.431768224240484
open,105,1,5,0.4404900844688191,5.4826254774115775
open,105,1,6,0.4481629781072391,5.579525964567253
open,105,1,7,0.43957051154807475,5.495595065289935
open,105,2,3,0.44817044559899893,5.590445141220971
open,105,2,4,0.44193049856900124,5.494821458827686
open,105,2,5,0.44714668035498745,5.57577226212893
open,105,2,6,0.4564559138383919,5.689363518231283
open,105,2,7,0.44812838445582215,5.601643732909974
open,105,3,4,0.4399971543263195,5.475546123871376
open,105,3,5,0.44501636109626114,5.556534760826142
open,105,3,6,0.4540625676793556,5.646697158450269
open,105,3,7,0.4472574357629262,5.573686805724622
open,105,4,5,0.4351487368480509,5.430999934506567
open,105,4,6,0.4456275515103348,5.533875613378264
open,105,4,7,0.44141715286381655,5.500264142283005
open,105,5,6,0.45341967764681756,5.6430921883029175
open,105,5,7,0.44525462590207204,5.541828662222461
open,105,6,7,0.45476017087662923,5.674995170647588
open,106,0,1,0.4384408624979517,5.4650362200501235
open,106,0,2,0.4453724235957448,5.554593810497507
open,106,0,3,0.4412196026679552,5.51368420345423
open,106,0,4,0.4393614995008993,5.47925770038264
open,106,0,5,0.4442602091967582,5.546262185866941
open,106,0,6,0.4513615727322011,5.6229964447933565
open,106,0,7,0.4470655413812598,5.56953229830874
open,106,1,2,0.4421054457291358,5.52506969813695
open,106,1,3,0.44119650211243294,5.499200112964573
open,106,1,4,0.4360125895157011,5.431784952001019
open,106,1,5,0.4404916220553675,5.482644615211681
open,106,1,6,0.4481648696780193,5.579549514188256
open,106,1,7,0.43957207655107516,5.495614631258398
open,106,2,3,0.4481721298807505,5.590466150827532
open,106,2,4,0.4419321379200478,5.49484184199051
open,106,2,5,0.4471484859309572,5.575794777068326
open,106,2,6,0.4564580706834799,5.689390401606842
open,106,2,7,0.4481301170594332,5.601665390605617
open,106,3,4,0.43999860372178,5.475564160878247
open,106,3,5,0.4450183497503121,5.556559591430873
open,106,3,6,0.454064690438291,5.646723556963827
open,106,3,7,0.4472592366845178,5.573709248667121
open,106,4,5,0.4351504459261652,5.431021265151335
open,106,4,6,0.44562950342460494,5.533899852568014
open,106,4,7,0.4414187665511674,5.5002842495819975
open,106,5,6,0.45342188163928643,5.643119618371124
open,106,5,7,0.4452569071332251,5.541857055396734
open,106,6,7,0.4547623651350336,5.675022553005687
open,107,0,1,0.4384421719072667,5.465052541451583
open,107,0,2,0.44537382663069297,5.55461130886253
open,107,0,3,0.441221264298003,5.513704967951753
open,107,0,4,0.4393627006797007,5.479272680229997
open,107,0,5,0.4442617286067593,5.546281154584056
open,107,0,6,0.4513634605739256,5.623019963249393
open,107,0,7,0.4470671488970709,5.56955232470398
open,107,1,2,0.44210689515003865,5.525087811805505
open,107,1,3,0.44119768470004267,5.4992148530767135
open,107,1,4,0.4360138051660008,5.431800096405478
open,107,1,5,0.44049298238699897,5.482661546782046
open,107,1,6,0.44816657488727046,5.5795707436511
open,107,1,7,0.43957347692988197,5.495632139063535
open,107,2,3,0.44817367858518276,5.590485469252594
open,107,2,4,0.4419335936457379,5.494859942014804
open,107,2,5,0.44715011645392766,5.575815109154308
open,107,2,6,0.4564600130332876,5.689414611467643
open,107,2,7,0.44813168190760944,5.601684951343752
open,107,3,4,0.43999991771008296,5.475580512810272
open,107,3,5,0.44502017031067254,5.556582323194942
open,107,3,6,0.4540666302215082,5.6467476800014
open,107,3,7,0.4472608869215881,5.5737298137910285
open,107,4,5,0.4351519740782601,5.431040337696478
open,107,4,6,0.44563127025785065,5.533921793391417
open,107,4,7,0.4414202369956236,5.500302572007538
open,107,5,6,0.45342385783173406,5.6431442133252325
open,107,5,7,0.44525899229873017,5.541883008254468
open,107,6,7,0.4547643537785174,5.675047369475751
open,108,0,1,0.4384433593707065,5.465067342833625
open,108,0,2,0.44537506427880547,5.55462674455675
open,108,0,3,0.44122281125841684,5.513724299484498
open,108,0,4,0.43936378627922557,5.479286218693342
open,108,0,5,0.4442630255473962,5.546297345934673
open,108,0,6,0.4513651748051586,5.623041318891324
open,108,0,7,0.4470686011835537,5.569570417255795
open,108,1,2,0.4421082024256682,5.525104149059518
open,108,1,3,0.44119873136910337,5.499227899060961
open,108,1,4,0.4360149225224358,5.431814016278471
open,108,1,5,0.44049415622246874,5.482676157100143
open,108,1,6,0.44816812016749147,5.5795899820343156
open,108,1,7,0.43957473537797903,5.495647872423645
open,108,2,3,0.44817508608235024,5.590503026268633
open,108,2,4,0.44193491326515644,5.49487634973756
open,108,2,5,0.4471515339423783,5.575832784769787
open,108,2,6,0.4564617638718688,5.689436434291816
open,108,2,7,0.44813308188631584,5.601702451199193
open,108,3,4,0.4400011508070204,5.4755958580894175
open,108,3,5,0.4450217949442535,5.556602608590615
open,108,3,6,0.45406843092374094,5.646770073435486
open,108,3,7,0.44726238114689715,5.573748434708701
open,108,4,5,0.43515331979250454,5.43105713327315
open,108,4,6,0.44563289422806773,5.533941960118431
open,108,4,7,0.44142158863415004,5.500319414055636
open,108,5,6,0.4534255871601232,5.643165735901347
open,108,5,7,0.44526088239358863,5.541906533179874
open,108,6,7,0.4547661637045957,5.675069955714413
open,109,0,1,0.4384444311846818,5.465080702679153
open,109,0,2,0.44537615773106737,5.554640381869804
open,109,0,3,0.44122417765554184,5.513741374614884
open,109,0,4,0.43936475603657127,5.479298312494028
open,109,0,5,0.4442642139936638,5.546312182812829
open,109,0,6,0.45136672086830076,5.62306057951978
open,109,0,7,0.4470699132283453,5.569586762679826
open,109,1,2,0.44210938215425366,5.5251188923356365
open,109,1,3,0.441199595396596,5.499238668548168
open,109,1,4,0.43601597005074216,5.43182706624223
open,109,1,5,0.4404952116948508,5.482689294194431
open,109,1,6,0.44816951701207286,5.57960737242797
open,109,1,7,0.4395758620747238,5.495661958603014
open,109,2,3,0.44817636226218904,5.590518945241981
open,109,2,4,0.441936125411204,5.494891421171044
open,109,2,5,0.44715281872332413,5.575848805566263
open,109,2,6,0.4564633419967946,5.689456104376282
open,109,2,7,0.4481343372827229,5.601718143763333
open,109,3,4,0.4400022670944053,5.475609749731678
open,109,3,5,0.445023231954378,5.556620551294315
open,109,3,6,0.45406998741777876,5.646789429909871
open,109,3,7,0.4472636886127242,5.573764728244474
open,109,4,5,0.43515455241523876,5.43107251737845
open,109,4,6,0.44563438370966885,5.533960456743878
open,109,4,7,0.4414228387965661,5.500334991663947
open,109,5,6,0.45342716050718335,5.643185317192019
open,109,5,7,0.44526261352187463,5.54192807953963
open,109,6,7,0.45476780342783285,5.675090417975728
open,110,0,1,0.43844539574728053,5.46509272566786
open,110,0,2,0.4453771392862327,5.554652623625147
open,110,0,3,0.4412253996680686,5.513756645448556
open,110,0,4,0.4393656257986565,5.479309159258272
open,110,0,5,0.44426528280893995,5.546325526185986
open,110,0,6,0.4513681280204877,5.623078109615877
open,110,0,7,0.4470710954188512,5.5696014903821345
open,110,1,2,0.44211044740401056,5.525132204949651
open,110,1,3,0.4412003756986968,5.499248394458007
open,110,1,4,0.4360169091079886,5.431838764888423
open,110,1,5,0.4404961460611244,5.482700923923494
open,110,1,6,0.44817077498868735,5.579623033947386
open,110,1,7,0.43957687496196834,5.495674621914125
open,110,2,3,0.44817750698679587,5.590533224452445
open,110,2,4,0.4419372266010379,5.494905113010709
open,110,2,5,0.4471539717677447,5.57586318365153
open,110,2,6,0.4564647821447643,5.6894740546866425
open,110,2,7,0.4481354654252349,5.60173224564273
open,110,3,4,0.4400032843343576,5.475622408777817
open,110,3,5,0.44502455055539825,5.556637015525847
open,110,3,6,0.45407142365222286,5.646807290842553
open,110,3,7,0.44726487376498986,5.573779497518315
open,110,4,5,0.435155664270454,5.431086394209726
open,110,4,6,0.4456357190068068,5.533977038681514
open,110,4,7,0.4414239668316845,5.50034904750902
open,110,5,6,0.45342857710614215,5.643202947654288
open,110,5,7,0.44526419325172495,5.5419477415299925
open,110,6,7,0.4547692867166956,5.675108928077693
open,111,0,1,0.43844627376912904,5.465103669951604
open,111,0,2,0.4453780139697377,5.554663532498992
open,111,0,3,0.44122655240380465,5.513771050567413
open,111,0,4,0.4393664092499433,5.479318929644391
open,111,0,5,0.44426620049402166,5.546336982809743
open,111,0,6,0.45136939892421307,5.6230939423485715
open,111,0,7,0.44707216629292845,5.569614831306917
open,111,1,2,0.4421114126577991,5.52514426789642
open,111,1,3,0.44120108178953577,5.499257195377331
open,111,1,4,0.43601777638616307,5.4318495693207955
open,111,1,5,0.440496925586671,5.482710626404373
open,111,1,6,0.448171909782026,5.57963716186336
open,111,1,7,0.43957778833579725,5.495686041089376
open,111,2,3,0.44817858797628335,5.590546708635722
open,111,2,4,0.44193823845738645,5.4949176941065945
open,111,2,5,0.4471549637895459,5.575875553837614
open,111,2,6,0.45646609293549306,5.689490392660861
open,111,2,7,0.44813647808415236,5.601744903967164
open,111,3,4,0.4400042463075218,5.475634380056219
open,111,3,5,0.445025757594114,5.5566520867752835
open,111,3,6,0.4540727633906995,5.646823951756682
open,111,3,7,0.447265956133525,5.573792985909431
open,111,4,5,0.43515662817061057,5.4310984244450085
open,111,4,6,0.4456369404606227,5.533992206894211
open,111,4,7,0.4414250100682241,5.500362046724146
open,111,5,6,0.45342979895345753,5.643218154310241
open,111,5,7,0.4452656339639477,5.541965673247768
open,111,6,7,0.45477063348891106,5.675125734575509
open,112,0,1,0.43844706814631157,5.465113571629222
open,112,0,2,0.44537879261531715,5.554673243607464
open,112,0,3,0.4412276237668918,5.5137844388160175
open,112,0,4,0.4393671377357443,5.4793280145583845
open,112,0,5,0.4442670184714611,5.546347194656871
open,112,0,6,0.45137055695805167,5.623108368964727
open,112,0,7,0.4470731393676434,5.56962695384948
open,112,1,2,0.4421122694478786,5.525154975353096
open,112,1,3,0.4412016457449263,5.499264224679542
open,112,1,4,0.436018606231299,5.4318599074175165
open,112,1,5,0.4404976106615444,5.482719153290874
open,112,1,6,0.4481729293633934,5.5796498554168
open,112,1,7,0.4395786136241494,5.495696359003059
open,112,2,3,0.4481795578578153,5.590558806866543
open,112,2,4,0.44193921132942054,5.494929790484072
open,112,2,5,0.44715585149751114,5.575886623264419
open,112,2,6,0.4564672726234892,5.689505096542757
open,112,2,7,0.4481373875512321,5.601756272384663
open,112,3,4,0.44000511703429657,5.475645215818609
open,112,3,5,0.44502682087729817,5.556665363073618
open,112,3,6,0.4540739797354101,5.646839078152711
open,112,3,7,0.44726690219684023,5.573804775675672
open,112,4,5,0.4351575258840315,5.431109628617553
open,112,4,6,0.44563807863187505,5.53400634089045
open,112,4,7,0.4414259984359673,5.5003743622484125
open,112,5,6,0.45343089543306137,5.643231800686418
open,112,5,7,0.44526695862244137,5.541982160511417
open,112,6,7,0.4547718639596269,5.675141089735915
open,113,0,1,0.43844778878028107,5.465122554119408
open,113,0,2,0.44537947930180716,5.554681807820974
open,113,0,3,0.4412285543567899,5.51379606789775
open,113,0,4,0.43936780202334974,5.479336298859538
open,113,0,5,0.4442677568080378,5.546356412246363
open,113,0,6,0.45137160112184266,5.623121377004487
open,113,0,7,0.4470740235434444,5.569637968891404
open,113,1,2,0.4421130429811018,5.525164642334159
open,113,1,3,0.4412021841520465,5.499270935540761
open,113,1,4,0.4360192814376633,5.43186831904566
open,113,1,5,0.44049822004305944,5.482726738048709
open,113,1,6,0.44817384583054704,5.579661265222002
open,113,1,7,0.43957935636788675,5.495705644928093
open,113,2,3,0.4481804455184389,5.590569879479807
open,113,2,4,0.44194006749323433,5.494940435749134
open,113,2,5,0.4471566720743682,5.5758968555883515
open,113,2,6,0.456468331195837,5.689518290813474
open,113,2,7,0.44813820300137835,5.601766465582326
open,113,3,4,0.440005885671379,5.475654781125466
open,113,3,5,0.44502782047186606,5.556677844147234
open,113,3,6,0.4540750568926397,5.6468524736208705
open,113,3,7,0.44726778060020794,5.573815722268997
open,113,4,5,0.43515826559497106,5.431118860794333
open,113,4,6,0.4456389756557383,5.534017480279082
open,113,4,7,0.441426814482818,5.5003845305737755
open,113,5,6,0.4534318987219099,5.6432442872452135
open,113,5,7,0.44526818708734056,5.541997450508629
open,113,6,7,0.4547729845124937,5.67515507322109
open,114,0,1,0.43844840590709244,5.465130246423354
open,114,0,2,0.44538008694047476,5.554689386166205
open,114,0,3,0.44122938684109764,5.513806471006653
open,114,0,4,0.43936844295402855,5.4793442918775
open,114,0,5,0.44426839624506503,5.546364395147669
open,114,0,6,0.45137255727758785,5.623133288652888
open,114,0,7,0.44707482411988597,5.569647942454418
open,114,1,2,0.4421137112766712,5.52517299414171
open,114,1,3,0.4412026664840532,5.499276947465636
open,114,1,4,0.4360197424141747,5.431874061827722
open,114,1,5,0.4404987391957504,5.48273319976004
open,114,1,6,0.4481746714507191,5.579671544003187
open,114,1,7,0.43958004060315153,5.495714199368953
open,114,2,3,0.4481812286722678,5.590579648483007
open,114,2,4,0.4419407787509101,5.4949492792979555
open,114,2,5,0.4471573810144272,5.575905695838073
open,114,2,6,0.45646928837945194,5.6895302213534755
open,114,2,7,0.4481389339688172,5.601775602738808
open,114,3,4,0.44000657842223984,5.475663402065973
open,114,3,5,0.44502870086284163,5.556688836828597
open,114,3,6,0.45407602608719894,5.646864526471189
open,114,3,7,0.44726856464721454,5.573825493000808
open,114,4,5,0.43515875982728963,5.4311250292040345
open,114,4,6,0.4456396346529162,5.534025663813515
open,114,4,7,0.4414274688306316,5.500392684053523
open,114,5,6,0.45343280338286546,5.643255546318039
open,114,5,7,0.4452693113642179,5.542011443737358
open,114,6,7,0.45477401089784486,5.675167881580934
open,115,0,1,0.438448929109975,5.46513676799319
open,115,0,2,0.4453806154912119,5.554695978142936
open,115,0,3,0.44123015393977477,5.513816057026479
open,115,0,4,0.4393689882150792,5.479351091803788
open,115,0,5,0.4442689842994309,5.546371736574214
open,115,0,6,0.4513734243039618,5.623144089940621
open,115,0,7,0.4470755451475318,5.569656925000353
open,115,1,2,0.442114299073644,5.525180339944107
open,115,1,3,0.4412031062644401,5.499282429014881
open,115,1,4,0.436020132972121,5.431878927344972
open,115,1,5,0.4404992143950866,5.482739114399392
open,115,1,6,0.4481754019121652,5.579680638080127
open,115,1,7,0.43958066840632276,5.495722048284927
open,115,2,3,0.448181933609982,5.590588441824152
open,115,2,4,0.44194142449487184,5.49495730827036
open,115,2,5,0.44715805777003803,5.575914134758295
open,115,2,6,0.4564701608835425,5.689541096429888
open,115,2,7,0.4481395932014745,5.60178384320429
open,115,3,4,0.4400071807066477,5.475670897196391
open,115,3,5,0.44502953752703006,5.556699283531354
open,115,3,6,0.4540768940027806,5.646875319821705
open,115,3,7,0.44726927189541466,5.573834306671966
open,115,4,5,0.4351592310937436,5.431130910981606
open,115,4,6,0.4456402282084096,5.534033034682437
open,115,4,7,0.4414280524590896,5.500399956337028
open,115,5,6,0.4534336531902739,5.643266122704078
open,115,5,7,0.44527034901034107,5.542024358722835
open,115,6,7,0.4547749484352502,5.67517958119886
open,116,0,1,0.4384493738404699,5.465142311427825
open,116,0,2,0.44538107083124856,5.554701657050779
open,116,0,3,0.4412308872395093,5.513825220679087
open,116,0,4,0.4393694761338124,5.479357176616588
open,116,0,5,0.4442695471122387,5.546378762878459
open,116,0,6,0.45137421178272824,5.623153900235895
open,116,0,7,0.4470761947532852,5.569665017773985
open,116,1,2,0.44211481344443176,5.525186768126525
open,116,1,3,0.44120352388933515,5.499287634411703
open,116,1,4,0.436020462623487,5.43188303409641
open,116,1,5,0.4404996612213793,5.482744675889429
open,116,1,6,0.4481760473787724,5.579688673990879
open,116,1,7,0.4395812426660819,5.495729227790867
open,116,2,3,0.44818257881995194,5.5905964901258125
open,116,2,4,0.4419420286995383,5.4949648207565485
open,116,2,5,0.44715872048291183,5.5759223985701984
open,116,2,6,0.4564709623704314,5.689551086332807
open,116,2,7,0.44814017987324445,5.601791176652376
open,116,3,4,0.4400077472863581,5.475677947999576
open,116,3,5,0.44503035562324295,5.556709498391844
open,116,3,6,0.45407768679352284,5.646885178923841
open,116,3,7,0.4472699222685101,5.573842411570065
open,116,4,5,0.43515969408542227,5.431136689483446
open,116,4,6,0.4456408001190574,5.534040136762136
open,116,4,7,0.44142858238673743,5.500406559483327
open,116,5,6,0.4534344735159391,5.643276332171335
open,116,5,7,0.44527131887606625,5.542036430084616
open,116,6,7,0.4547758196091832,5.675190452660741
open,117,0,1,0.4384497680820424,5.465147225532913
open,117,0,2,0.44538146981980453,5.554706633154475
open,117,0,3,0.4412315714199876,5.513833770514752
open,117,0,4,0.4393699075252724,5.479362556480281
open,117,0,5,0.44427009201566425,5.546385565597229
open,117,0,6,0.4513749320605718,5.623162873351903
open,117,0,7,0.4470767823817253,5.569672338435663
open,117,1,2,0.4421152769583738,5.525192560741976
open,117,1,3,0.44120389600986953,5.499292272629085
open,117,1,4,0.4360207687960037,5.43188684835157
open,117,1,5,0.4405000839930705,5.482749937980285
open,117,1,6,0.44817662816442316,5.579695904638604
open,117,1,7,0.4395817546420504,5.495735628612879
open,117,2,3,0.448183160618647,5.590603747439899
open,117,2,4,0.44194260116609124,5.494971938621258
open,117,2,5,0.4471593493327428,5.575930240121077
open,117,2,6,0.4564716959370067,5.689560229662503
open,117,2,7,0.44814070802602557,5.601797778608018
open,117,3,4,0.4400082641651265,5.475684380299215
open,117,3,5,0.4450311362152419,5.5567192449696226
open,117,3,6,0.45407841116181763,5.646894187128179
open,117,3,7,0.4472705025999475,5.573849643614558
open,117,4,5,0.435160161886782,5.431142528013905
open,117,4,6,0.445641340007802,5.534046841188618
open,117,4,7,0.44142907370699025,5.500412681563431
open,117,5,6,0.45343526484979346,5.64328618081733
open,117,5,7,0.4452722333413146,5.542047811908475
open,117,6,7,0.4547766154641693,5.6752003842103615
open,118,0,1,0.4384501107712697,5.465151497053202
open,118,0,2,0.4453818045565642,5.554710807922905
open,118,0,3,0.4412321704074884,5.513841255739574
open,118,0,4,0.4393702805465634,5.479367208412195
open,118,0,5,0.4442705987354994,5.546391891621938
open,118,0,6,0.4513755901911798,5.623171072246741
open,118,0,7,0.4470773110687742,5.569678924806836
open,118,1,2,0.44211569413031443,5.5251977742132645
open,118,1,3,0.4412042095334453,5.499296180477119
open,118,1,4,0.4360210295808402,5.431890097173243
open,118,1,5,0.44050047554252947,5.482754811458974
open,118,1,6,0.4481771546135039,5.579702458808534
open,118,1,7,0.43958220873312287,5.4957413057467885
open,118,2,3,0.4481836603464385,5.590609981007577
open,118,2,4,0.4419431391400343,5.494978627615967
open,118,2,5,0.44715993921648783,5.575937595777662
open,118,2,6,0.456472365255837,5.689568572194651
open,118,2,7,0.44814117333085307,5.601803594958781
open,118,3,4,0.44000871198447844,5.475689953188704
open,118,3,5,0.44503187359822627,5.556728452033774
open,118,3,6,0.4540790749643519,5.646902442140045
open,118,3,7,0.44727101486690374,5.573856027444869
open,118,4,5,0.435160613996138,5.431148170695762
open,118,4,6,0.44564182485033094,5.534052862042217
open,118,4,7,0.44142951251817686,5.500418149356015
open,118,5,6,0.45343600197208866,5.643295354766479
open,118,5,7,0.4452730818868531,5.5420583732675555
open,118,6,7,0.4547773499829705,5.675209550339932
open,119,0,1,0.4384504123633974,5.465155256310247
open,119,0,2,0.4453820899805025,5.554714367671909
open,119,0,3,0.44123274392134526,5.513848422633958
open,119,0,4,0.43937060955948287,5.479371311517666
open,119,0,5,0.4442710689683184,5.546397762133068
open,119,0,6,0.45137618741795316,5.623178512410517
open,119,0,7,0.4470777899792714,5.569684891062867
open,119,1,2,0.44211607492838456,5.525202533113882
open,119,1,3,0.44120439461186883,5.4992984873478274
open,119,1,4,0.4360212623287822,5.431892996715136
open,119,1,5,0.44050082955410225,5.482759217716768
open,119,1,6,0.44817762119197524,5.579708267603153
open,119,1,7,0.4395825899990175,5.495746072406321
open,119,2,3,0.44818406239521624,5.59061499613443
open,119,2,4,0.4419436433777182,5.494984897144897
open,119,2,5,0.44716046827609834,5.575944192977262
open,119,2,6,0.45647298924781204,5.689576349763241
open,119,2,7,0.4481415927195279,5.601808837353648
open,119,3,4,0.44000912875325465,5.475695139669195
open,119,3,5,0.44503256912657424,5.556737136495246
open,119,3,6,0.4540796784829078,5.646909947463667
open,119,3,7,0.44727147534933864,5.573861765940569
open,119,4,5,0.4351610404900923,5.431153493677175
open,119,4,6,0.44564227694372627,5.534058476211734
open,119,4,7,0.4414299127970414,5.500423137017848
open,119,5,6,0.4534366695634939,5.643303663360105
open,119,5,7,0.4452739003469494,5.542068560170412
open,119,6,7,0.45477803214642254,5.675218063122149
open,120,0,1,0.43845068114070956,5.465158606540283
open,120,0,2,0.44538232835566816,5.554717340638239
open,120,0,3,0.4412332540951177,5.513854798001357
open,120,0,4,0.43937087255776436,5.479374591357526
open,120,0,5,0.4442714730034032,5.54640280621414
open,120,0,6,0.4513767350029269,5.623185334144016
open,120,0,7,0.44707821837489525,5.56969022800576
open,120,1,2,0.4421164163834271,5.525206800337746
open,120,1,3,0.4412045254978566,5.499300118748429
open,120,1,4,0.43602144199847376,5.4318952350154746
open,120,1,5,0.44050112992116336,5.482762956280155
open,120,1,6,0.44817804785701665,5.579713579484752
open,120,1,7,0.43958292145271965,5.495750216304245
open,120,2,3,0.4481843608601988,5.590618719164647
open,120,2,4,0.44194407417228,5.494990253505705
open,120,2,5,0.44716092792237894,5.575949924615435
open,120,2,6,0.45647354189578515,5.68958323808503
open,120,2,7,0.44814195890690306,5.601813414727647
open,120,3,4,0.44000945362023247,5.4756991824774355
open,120,3,5,0.44503320946590463,5.556745131859145
open,120,3,6,0.4540802154938804,5.646916625702634
open,120,3,7,0.4472718797234543,5.573866805218829
open,120,4,5,0.4351614225985178,5.43115826269213
open,120,4,6,0.4456426988410354,5.534063715401327
open,120,4,7,0.44143025636042404,5.500427417978254
open,120,5,6,0.45343726486454516,5.643311072254949
open,120,5,7,0.4452746631381589,5.5420780541946
open,120,6,7,0.4547786507557623,5.67522578280659
open,121,0,1,0.4384509314284448,5.465161726303187
open,121,0,2,0.4453825241234797,5.554719782214359
open,121,0,3,0.44123373856203263,5.513860852123974
open,121,0,4,0.43937108387506746,5.479377226686205
open,121,0,5,0.4442718442529133,5.54640744099141
open,121,0,6,0.4513772392645117,5.623191616161072
open,121,0,7,0.4470785989136702,5.569694968749121
open,121,1,2,0.442116724861746,5.525210655445683
open,121,1,3,0.441204624789305,5.499301356345603
open,121,1,4,0.436021584515097,5.431897010467991
open,121,1,5,0.4405014016999927,5.482766339015854
open,121,1,6,0.44817843820120884,5.579718439180135
open,121,1,7,0.4395832041238962,5.495753750313652
open,121,2,3,0.44818461761517797,5.590621921907354
open,121,2,4,0.4419444495430893,5.4949949207454285
open,121,2,5,0.4471613604801843,5.575955318469217
open,121,2,6,0.45647403007154636,5.689589322811467
open,121,2,7,0.4481422814140219,5.601817446094647
open,121,3,4,0.44000974610235083,5.475702822272179
open,121,3,5,0.4450338335977682,5.556752924854411
open,121,3,6,0.4540807224521745,5.646922930208142
open,121,3,7,0.44727224580134567,5.573871367252571
open,121,4,5,0.4351617616543797,5.431162494377087
open,121,4,6,0.4456430730046778,5.534068361826462
open,121,4,7,0.4414305576679792,5.50043117241129
open,121,5,6,0.45343781464922817,5.643317914670051
open,121,5,7,0.4452753824331326,5.542087006846116
open,121,6,7,0.454779209661557,5.6752327574448485
open,122,0,1,0.4384511558966516,5.465164524233273
open,122,0,2,0.44538268107812934,5.5547217397206605
open,122,0,3,0.441234187755733,5.51386646545619
open,122,0,4,0.4393712404875925,5.479379179794033
open,122,0,5,0.4442721690953355,5.546411496410296
open,122,0,6,0.4513777029060163,5.623197392139112
open,122,0,7,0.44707894161727596,5.56969923814281
open,122,1,2,0.4421170178032441,5.525214316387229
open,122,1,3,0.4412047237245115,5.499302589502476
open,122,1,4,0.43602169208014685,5.431898350498608
open,122,1,5,0.44050163012093174,5.48276918209111
open,122,1,6,0.44817879929286397,5.579722934688161
open,122,1,7,0.4395834473530483,5.495756791211284
open,122,2,3,0.44818485067946684,5.590624829134133
open,122,2,4,0.4419447809032226,5.494999040770583
open,122,2,5,0.44716175264898084,5.575960208685323
open,122,2,6,0.45647448598022333,5.689595005354109
open,122,2,7,0.4481425626485425,5.601820961550585
open,122,3,4,0.44001002378598963,5.475706277907192
open,122,3,5,0.4450344453010965,5.556760562665296
open,122,3,6,0.4540812172866061,5.646929083941961
open,122,3,7,0.44727259777206624,5.573875753483865
open,122,4,5,0.4351620593069179,5.431166209315863
open,122,4,6,0.4456434266148195,5.534072753014873
open,122,4,7,0.441430809059989,5.5004343048732895
open,122,5,6,0.4534383346348458,5.643324386217101
open,122,5,7,0.44527605294810807,5.542095352361004
open,122,6,7,0.4547797321983553,5.675239278230961
open,123,0,1,0.43845136153672765,5.465167087476256
open,123,0,2,0.44538280230618166,5.554723251652144
open,123,0,3,0.44123462082159287,5.513871877247453
open,123,0,4,0.4393713598008058,5.479380667743805
open,123,0,5,0.4442724899903486,5.54641550254868
open,123,0,6,0.4513781292555775,5.623202703539576
open,123,0,7,0.44707924639526614,5.569703035060048
open,123,1,2,0.44211728781453735,5.525217690765964
open,123,1,3,0.44120475786509555,5.499303015040536
open,123,1,4,0.4360217890284211,5.431899558266892
open,123,1,5,0.4405018481784832,5.48277189617692
open,123,1,6,0.44817914165057327,5.579727196962873
open,123,1,7,0.4395836504425963,5.495759330275868
open,123,2,3,0.44818504624731964,5.5906272686331295
open,123,2,4,0.4419450910822906,5.495002897437196
open,123,2,5,0.44716212702510005,5.575964877032585
open,123,2,6,0.45647488761671656,5.689600011436718
open,123,2,7,0.4481428021884318,5.6018239558200085
open,123,3,4,0.440010291655049,5.475709611404637
open,123,3,5,0.44503501386641864,5.556767661849175
open,123,3,6,0.4540817033432812,5.646935128516081
open,123,3,7,0.4472729066145715,5.573879602254749
open,123,4,5,0.43516234771719753,5.431169808903951
open,123,4,6,0.4456437530897401,5.534076807233682
open,123,4,7,0.44143103542441636,5.500437125479908
open,123,5,6,0.4534388371407395,5.643330640218026
open,123,5,7,0.44527668765433503,5.542103252184962
open,123,6,7,0.45478021606326396,5.675245316426906
open,124,0,1,0.4384515461810618,5.465169389013498
open,124,0,2,0.4453828989647662,5.5547244571582475
open,124,0,3,0.44123502658975106,5.513876947914011
open,124,0,4,0.4393714539354856,5.479381841693205
open,124,0,5,0.4442727682891059,5.546418976904119
open,124,0,6,0.45137851809203416,5.623207547607271
open,124,0,7,0.44707952025131,5.569706446752384
open,124,1,2,0.44211753891758093,5.525220828844969
open,124,1,3,0.44120476774080813,5.499303138134258
open,124,1,4,0.436021876606911,5.43190064930769
open,124,1,5,0.44050203877170435,5.4827742684238485
open,124,1,6,0.44817945166865697,5.579731056616686
open,124,1,7,0.43958381532976376,5.495761391726943
open,124,2,3,0.44818524169417745,5.590629706622844
open,124,2,4,0.44194538075295764,5.495006499108958
open,124,2,5,0.4471624360761836,5.575968730798105
open,124,2,6,0.4564752531179425,5.689604567121676
open,124,2,7,0.44814300940291873,5.601826546019095
open,124,3,4,0.4400105500861677,5.475712827451597
open,124,3,5,0.44503556107771297,5.55677449440376
open,124,3,6,0.45408216671115625,5.646940890933532
open,124,3,7,0.44727317819962925,5.573882986726268
open,124,4,5,0.435162595942826,5.431172906955853
open,124,4,6,0.44564405604097607,5.53408056933154
open,124,4,7,0.4414312327046506,5.50043958368388
open,124,5,6,0.45343928564968944,5.6433362221931285
open,124,5,7,0.44527728839909747,5.54211072931007
open,124,6,7,0.4547806697114152,5.675250977545078
open,125,0,1,0.43845170064119926,5.46517131431362
open,125,0,2,0.44538295970600494,5.554725214710559
open,125,0,3,0.4412353966618534,5.513881572506148
open,125,0,4,0.43937150993556884,5.479382540067751
open,125,0,5,0.4442730210949322,5.5464221329990515
open,125,0,6,0.4513788607218121,5.623211816038922
open,125,0,7,0.44707976212735256,5.569709460038595
open,125,1,2,0.4421177645602735,5.525223648741479
open,125,1,3,0.44120480135199236,5.499303557073727
open,125,1,4,0.4360219472021913,5.431901528773995
open,125,1,5,0.44050221475288326,5.482776458799816
open,125,1,6,0.44817973249629806,5.5797345528562055
open,125,1,7,0.4395839552161708,5.495763140613704
open,125,2,3,0.4481854339470967,5.590632104771604
open,125,2,4,0.441945633888609,5.495009646516104
open,125,2,5,0.4471627264202712,5.5759723512935295
open,125,2,6,0.4564755721707852,5.689608543864114
open,125,2,7,0.44814318486568105,5.601828739318866
open,125,3,4,0.4400107934009091,5.475715855382746
open,125,3,5,0.4450361215129567,5.556781492074374
open,125,3,6,0.45408259536886825,5.6469462216973
open,125,3,7,0.44727344765756316,5.573886344689738
open,125,4,5,0.4351628330861326,5.431175866691625
open,125,4,6,0.44564431503554824,5.534083785568377
open,125,4,7,0.4414314084385214,5.500441773410087
open,125,5,6,0.45343969307201487,5.643341292819428
open,125,5,7,0.4452778596483643,5.542117839321682
open,125,6,7,0.4547810865197146,5.675256178935257
open,126,0,1,0.4384518155079141,5.46517274609339
open,126,0,2,0.44538298773796364,5.554725564319416
open,126,0,3,0.44123576633381656,5.513886192097959
open,126,0,4,0.4393715198111005,5.479382663225066
open,126,0,5,0.44427323246464917,5.546424771794613
open,126,0,6,0.45137917633079466,5.623215747849458
open,126,0,7,0.4470799783908264,5.5697121542440104
open,126,1,2,0.44211796166399725,5.525226111981463
open,126,1,3,0.4412048087377135,5.4993036491314795
open,126,1,4,0.436021986132899,5.431902013767405
open,126,1,5,0.44050237311161045,5.482778429835313
open,126,1,6,0.4481799929977202,5.579737796038975
open,126,1,7,0.43958408897794987,5.495764812929189
open,126,2,3,0.4481856098289452,5.590634298708832
open,126,2,4,0.44194582820350287,5.495012062564899
open,126,2,5,0.4471629946253205,5.575975695722416
open,126,2,6,0.4564758679594445,5.6896122306368255
open,126,2,7,0.44814332725526373,5.601830519201018
open,126,3,4,0.44001101196174,5.475718575263769
open,126,3,5,0.4450366446376435,5.556788023880304
open,126,3,6,0.4540830106318297,5.6469513858846865
open,126,3,7,0.4472736832600247,5.573889280748988
open,126,4,5,0.43516302318112526,5.431178239227278
open,126,4,6,0.4456445546814923,5.534086761530795
open,126,4,7,0.44143156661937516,5.5004437444174945
open,126,5,6,0.4534400380895775,5.643345586779325
open,126,5,7,0.4452783999260964,5.542124563848384
open,126,6,7,0.45478147132634594,5.675260980973594
open,127,0,1,0.43845188017016107,5.4651735520892535
open,127,0,2,0.44538300031477396,5.554725721174823
open,127,0,3,0.4412361029801685,5.513890398986461
open,127,0,4,0.43937149570445777,5.479382362592197
open,127,0,5,0.4442734465657514,5.546427444689513
open,127,0,6,0.4513794706424769,5.623219414341341
open,127,0,7,0.447080171518543,5.56971456022469
open,127,1,2,0.44211811660501654,5.525228048306698
open,127,1,3,0.4412048094665036,5.499303658215329
open,127,1,4,0.4360219879117335,5.431902035927881
open,127,1,5,0.44050252643133586,5.482780338152122
open,127,1,6,0.44818022347450764,5.579740665421951
open,127,1,7,0.4395842210045435,5.4957664635510515
open,127,2,3,0.4481857672057171,5.590636261815098
open,127,2,4,0.44194598771786026,5.495014045915034
open,127,2,5,0.44716324138671076,5.575978772755917
open,127,2,6,0.45647613841074963,5.68961560159937
open,127,2,7,0.4481434474551991,5.601832021710651
open,127,3,4,0.440011198185357,5.475720892724222
open,127,3,5,0.44503715455169074,5.556794390736394
open,127,3,6,0.45408340969641564,5.646956348629963
open,127,3,7,0.4472738780626918,5.573891708364425
open,127,4,5,0.43516319568727024,5.43118039224022
open,127,4,6,0.4456447763433254,5.53408951416359
open,127,4,7,0.4414317120536614,5.50044555659671
open,127,5,6,0.4534403889949585,5.643349954016814
open,127,5,7,0.44527891402799075,5.542130962579464
open,127,6,7,0.45478183200924877,5.675265481969641
open,128,0,1,0.43845188034857224,5.465173554313096
open,128,0,2,0.445383006256826,5.554725795282882
open,128,0,3,0.4412364238488311,5.513894408709659
open,128,0,4,0.43937144974383585,5.479381789419328
open,128,0,5,0.4442736092408584,5.54642947556866
open,128,0,6,0.4513797387662516,5.623222754588103
open,128,0,7,0.44708033815614767,5.569716636192161
open,128,1,2,0.44211823813368856,5.525229567071937
open,128,1,3,0.4412048140671475,5.499303715559078
open,128,1,4,0.43602195287361234,5.43190159942778
open,128,1,5,0.44050266989832776,5.482782123835416
open,128,1,6,0.44818042560558424,5.579743181907348
open,128,1,7,0.43958435449025857,5.49576813241513
open,128,2,3,0.4481859457974787,5.590638489555584
open,128,2,4,0.44194612994822613,5.495015814361586
open,128,2,5,0.44716345122294826,5.575981389344888
open,128,2,6,0.45647638461944556,5.689618670396882
open,128,2,7,0.44814355968528735,5.601833424596504
open,128,3,4,0.44001140144113027,5.475723422141402
open,128,3,5,0.44503763707460314,5.5568004155830515
open,128,3,6,0.4540838373107677,5.646961666418565
open,128,3,7,0.4472740633984188,5.573894018003602
open,128,4,5,0.43516334675659396,5.431182277704701
open,128,4,6,0.4456449957798618,5.5340922391622875
open,128,4,7,0.44143184605933816,5.500447226370107
open,128,5,6,0.45344069768413725,5.6433537958471955
open,128,5,7,0.44527939979889614,5.542137008690993
open,128,6,7,0.45478216857657466,5.675269682025124
open,129,0,1,0.4384518845402198,5.465173606560748
open,129,0,2,0.4453830027006336,5.5547257509307775
open,129,0,3,0.4412367428931233,5.513898395634681
open,129,0,4,0.43937139369926553,5.479381090489986
open,129,0,5,0.44427374992029334,5.546431231848007
open,129,0,6,0.4513799868235309,5.623225844849402
open,129,0,7,0.44708049215181206,5.569718554666629
open,129,1,2,0.44211835098997954,5.525230977456902
open,129,1,3,0.4412048174112374,5.499303757240776
open,129,1,4,0.43602192764246495,5.4319012851016115
open,129,1,5,0.4405027964297768,5.482783698727952
open,129,1,6,0.44818061330559417,5.579745518729286
open,129,1,7,0.4395844701672012,5.4957695786305125
open,129,2,3,0.4481861307871515,5.590640797103142
open,129,2,4,0.44194625888723094,5.495017417547636
open,129,2,5,0.4471636299150604,5.575983617576846
open,129,2,6,0.45647660221946207,5.689621382609733
open,129,2,7,0.44814364952729135,5.601834547629358
open,129,3,4,0.4400115867630978,5.475725728381274
open,129,3,5,0.4450381017704349,5.556806217838357
open,129,3,6,0.4540842593489679,5.646966914862448
open,129,3,7,0.44727423094101165,5.573896105906149
open,129,4,5,0.4351634848845938,5.431184001651238
open,129,4,6,0.44564521024907155,5.534094902475913
open,129,4,7,0.44143197614485186,5.500448847296439
open,129,5,6,0.4534409643889869,5.6433571151562765
open,129,5,7,0.4452798519602414,5.542142636483625
open,129,6,7,0.4547824798103456,5.6752735659407785
open,130,0,1,0.43845188124857426,5.465173565531356
open,130,0,2,0.445382985581627,5.554725537426027
open,130,0,3,0.4412370556858303,5.5139023044370035
open,130,0,4,0.43937132060525086,5.479380178937784
open,130,0,5,0.4442738851634014,5.546432920258809
open,130,0,6,0.4513802090202039,5.623228612943049
open,130,0,7,0.4470806281088466,5.5697202484162585
open,130,1,2,0.44211844953224405,5.525232208956955
open,130,1,3,0.44120480196305994,5.499303564690249
open,130,1,4,0.43602189579912154,5.431900888401613
open,130,1,5,0.44050291192141805,5.482785136211875
open,130,1,6,0.44818078136854933,5.57974761107441
open,130,1,7,0.4395845760844242,5.495770902828002
open,130,2,3,0.4481863136571339,5.590643078209838
open,130,2,4,0.44194636068036103,5.495018683210625
open,130,2,5,0.4471637697333978,5.575985361065596
open,130,2,6,0.456476796081157,5.689623798943099
open,130,2,7,0.4481437315335609,5.601835572714851
open,130,3,4,0.44001175461635667,5.47572781723174
open,130,3,5,0.4450385524136483,5.556811844630761
open,130,3,6,0.4540846697971272,5.6469720191732184
open,130,3,7,0.44727438614495063,5.573898040045367
open,130,4,5,0.43516359106714825,5.431185326893385
open,130,4,6,0.4456453934747186,5.534097177801881
open,130,4,7,0.4414321024548636,5.50045042117825
open,130,5,6,0.4534412098939007,5.643360170618863
open,130,5,7,0.44528029445923084,5.542148144014463
open,130,6,7,0.4547827692351681,5.675277177700504
open,131,0,1,0.43845188088154435,5.465173560956437
open,131,0,2,0.44538295730515387,5.554725184767635
open,131,0,3,0.44123735947729903,5.513906100755689
open,131,0,4,0.4393712790576064,5.479379660798959
open,131,0,5,0.4442740289604574,5.546434715459364
open,131,0,6,0.4513804192866239,5.62323123241135
open,131,0,7,0.44708075276292064,5.5697218013538645
open,131,1,2,0.4421185334152304,5.525233257257423
open,131,1,3,0.44120475061394876,5.499302924660157
open,131,1,4,0.4360218983361244,5.431900920007246
open,131,1,5,0.4405030214761855,5.482786499801613
open,131,1,6,0.448180928634141,5.579749444497144
open,131,1,7,0.439584660655828,5.495771960155956
open,131,2,3,0.44818647341000106,5.590645070955341
open,131,2,4,0.44194648554307897,5.4950202357134375
open,131,2,5,0.44716390209461965,5.575987011566566
open,131,2,6,0.45647697444954366,5.689626022164578
open,131,2,7,0.4481437958529952,5.601836376713367
open,131,3,4,0.44001193864815313,5.475730107416075
open,131,3,5,0.44503898354860566,5.556817227840428
open,131,3,6,0.45408504343546163,5.646976665719029
open,131,3,7,0.4472745051282774,5.573899522806179
open,131,4,5,0.43516372566092454,5.431187006730021
open,131,4,6,0.4456456096700348,5.534099862550577
open,131,4,7,0.4414322431481762,5.500452174282717
open,131,5,6,0.4534414489461324,5.643363145773776
open,131,5,7,0.4452807218306783,5.542153463261472
open,131,6,7,0.454783041777344,5.675280578780087
open,132,0,1,0.43845186774798156,5.465173397250444
open,132,0,2,0.44538291633291144,5.554724673770204
open,132,0,3,0.4412376785059397,5.513910087485122
open,132,0,4,0.43937122811951373,5.479379025552273
open,132,0,5,0.44427415750828625,5.546436320284526
open,132,0,6,0.45138061137508184,5.62323362542126
open,132,0,7,0.44708085902384115,5.5697231251499835
open,132,1,2,0.44211860721189167,5.52523417950731
open,132,1,3,0.4412046737244137,5.499301966286874
open,132,1,4,0.4360218987516384,5.431900925183663
open,132,1,5,0.4405031145046498,5.482787657694257
open,132,1,6,0.4481810596692247,5.579751075853787
open,132,1,7,0.43958472900161477,5.495772814628125
open,132,2,3,0.4481866043290539,5.590646704029966
open,132,2,4,0.44194660760034354,5.4950217533341466
open,132,2,5,0.4471639923444385,5.575988136952168
open,132,2,6,0.45647714114460625,5.6896280998872655
open,132,2,7,0.44814384181906686,5.601836951293255
open,132,3,4,0.4400120892909433,5.475731982090803
open,132,3,5,0.4450393860457443,5.556822253474399
open,132,3,6,0.45408538561430395,5.646980921036322
open,132,3,7,0.4472746249996393,5.573901016633615
open,132,4,5,0.43516383109976603,5.431188322690043
open,132,4,6,0.44564580488434763,5.534102286753752
open,132,4,7,0.44143237367657795,5.500453800727642
open,132,5,6,0.4534416646433603,5.643365830261022
open,132,5,7,0.44528112211320126,5.542158445348192
open,132,6,7,0.45478329473637874,5.675283735479799
open,133,0,1,0.4384518673831093,5.465173392702419
open,133,0,2,0.4453828599385569,5.554723970431345
open,133,0,3,0.44123800032785976,5.513914109120667
open,133,0,4,0.43937116973847345,5.479378297484919
open,133,0,5,0.4442742839638289,5.546437898989033
open,133,0,6,0.4513807849102388,5.623235787296859
open,133,0,7,0.4470809520822234,5.569724284469184
open,133,1,2,0.44211867582759873,5.525235037009898
open,133,1,3,0.44120453248160485,5.499300205795876
open,133,1,4,0.4360218990496871,5.431900928896712
open,133,1,5,0.44050318607292127,5.482788548479414
open,133,1,6,0.4481811748092975,5.579752509321202
open,133,1,7,0.43958477236127186,5.495773356718896
open,133,2,3,0.44818672616621846,5.590648223817787
open,133,2,4,0.44194671424840726,5.4950230793618156
open,133,2,5,0.4471640564459947,5.575988936277525
open,133,2,6,0.45647727628178486,5.6896297842657795
open,133,2,7,0.44814387242210707,5.601837333833917
open,133,3,4,0.4400122132612689,5.475733524839953
open,133,3,5,0.44503973534999575,5.556826614934752
open,133,3,6,0.45408570432814876,5.646984884544195
open,133,3,7,0.4472747137547063,5.5739021226922425
open,133,4,5,0.4351639211687002,5.431189446821481
open,133,4,6,0.4456459909390758,5.53410459721171
open,133,4,7,0.4414324976709405,5.500455345755381
open,133,5,6,0.4534418554016376,5.643368204367391
open,133,5,7,0.44528149543607376,5.542163091883623
open,133,6,7,0.4547835293200218,5.675286662871261
open,134,0,1,0.4384518649126903,5.465173361909374
open,134,0,2,0.44538279172684986,5.55472311970888
open,134,0,3,0.44123834827302727,5.513918457204392
open,134,0,4,0.4393711034556887,5.479377470875261
open,134,0,5,0.4442743888652325,5.546439208605956
open,134,0,6,0.4513809443682957,5.623237773802004
open,134,0,7,0.44708103440590297,5.569725310055702
open,134,1,2,0.4421187366211565,5.525235796757707
open,134,1,3,0.44120438019015035,5.49929830759138
open,134,1,4,0.4360218887488051,5.431900800569739
open,134,1,5,0.4405032517397778,5.482789365811729
open,134,1,6,0.44818127713459527,5.579753783247616
open,134,1,7,0.4395848031702948,5.495773741899225
open,134,2,3,0.4481868603635149,5.590649897784982
open,134,2,4,0.44194680861859836,5.495024252730372
open,134,2,5,0.44716411640862036,5.575989683991774
open,134,2,6,0.4564774032712525,5.6896313670894925
open,134,2,7,0.448143891542058,5.601837572834964
open,134,3,4,0.440012338974336,5.475735089276656
open,134,3,5,0.4450400993530846,5.5568311599267854
open,134,3,6,0.45408601913960944,5.646988799522234
open,134,3,7,0.4472747859850229,5.573903022820738
open,134,4,5,0.435164001323859,5.431190447221174
open,134,4,6,0.44564615764609733,5.534106667406693
open,134,4,7,0.44143260789728966,5.500456719227237
open,134,5,6,0.453442038443166,5.643370482433982
open,134,5,7,0.4452818485629207,5.54216748705072
open,134,6,7,0.4547837425513451,5.675289323805106
open,135,0,1,0.4384518534335959,5.465173218825843
open,135,0,2,0.44538270961360277,5.55472209560925
open,135,0,3,0.4412386766035821,5.513922560174847
open,135,0,4,0.43937103633437297,5.479376633808321
open,135,0,5,0.44427452223806546,5.5464408736677475
open,135,0,6,0.4513810929484252,5.623239624791523
open,135,0,7,0.4470811049143853,5.569726188448763
open,135,1,2,0.4421187867423007,5.525236423130482
open,135,1,3,0.44120419392083243,5.499295985877021
open,135,1,4,0.4360218931492,5.431900855389254
open,135,1,5,0.4405033490194875,5.482790576618132
open,135,1,6,0.4481813656485229,5.57975488522565
open,135,1,7,0.4395848157206275,5.495773898805899
open,135,2,3,0.44818697452566547,5.590651321835243
open,135,2,4,0.4419469040968838,5.495025439876617
open,135,2,5,0.4471641783305284,5.575990456137633
open,135,2,6,0.45647752290643007,5.689632858247771
open,135,2,7,0.44814389745200456,5.601837646709809
open,135,3,4,0.4400124599217116,5.475736594406694
open,135,3,5,0.44504045290106303,5.55683557437489
open,135,3,6,0.4540863160118916,5.646992491409633
open,135,3,7,0.4472748542508746,5.573903873544384
open,135,4,5,0.4351640974234899,5.43119164662047
open,135,4,6,0.4456463091093137,5.534108548301616
open,135,4,7,0.4414327130871177,5.500458029941683
open,135,5,6,0.45344223205414513,5.643372892044013
open,135,5,7,0.44528220664216533,5.5421719438574675
open,135,6,7,0.45478395148492023,5.675291931106945
open,136,0,1,0.43845184249226316,5.465173082445353
open,136,0,2,0.44538260908937294,5.5547208418916085
open,136,0,3,0.4412389901505428,5.513926478402672
open,136,0,4,0.4393709610101304,5.479375694443045
open,136,0,5,0.444274641489355,5.546442362432449
open,136,0,6,0.4513812278573405,5.623241305467054
open,136,0,7,0.4470811642889923,5.569726928136261
open,136,1,2,0.4421188332143526,5.525237003899908
open,136,1,3,0.44120404846095856,5.499294172823312
open,136,1,4,0.43602188961233296,5.43190081132745
open,136,1,5,0.440503430814815,5.482791594695866
open,136,1,6,0.4481814496839598,5.5797559314475045
open,136,1,7,0.43958480996739524,5.495773826877882
open,136,2,3,0.4481870594540625,5.590652381225815
open,136,2,4,0.4419469983411807,5.495026611679845
open,136,2,5,0.44716424295662205,5.5759912620037975
open,136,2,6,0.4564776393691725,5.689634309864144
open,136,2,7,0.44814389514850805,5.601837617915903
open,136,3,4,0.4400125878583231,5.4757381865143016
open,136,3,5,0.445040805193895,5.556839973151066
open,136,3,6,0.4540865917040576,5.64699591990227
open,136,3,7,0.4472749705237414,5.573905322527658
open,136,4,5,0.4351642023282772,5.431192955915074
open,136,4,6,0.44564645444227985,5.534110353070092
open,136,4,7,0.4414328064840736,5.500459193711429
open,136,5,6,0.45344243113037264,5.643375369672488
open,136,5,7,0.44528254579296167,5.542176165072688
open,136,6,7,0.45478415484688633,5.675294468880148
open,137,0,1,0.4384518312010952,5.46517294170427
open,137,0,2,0.44538252334276834,5.554719772477487
open,137,0,3,0.44123925453958274,5.513929782330385
open,137,0,4,0.439370858741191,5.479374419051655
open,137,0,5,0.44427473244106375,5.546443497897685
open,137,0,6,0.45138134856952533,5.623242809281794
open,137,0,7,0.4470812191163997,5.56972761117485
open,137,1,2,0.4421188725054097,5.525237494927175
open,137,1,3,0.4412039205902339,5.499292579005817
open,137,1,4,0.43602187702037576,5.431900654458578
open,137,1,5,0.4405035039646074,5.482792505165657
open,137,1,6,0.4481815360994297,5.5797570073002225
open,137,1,7,0.4395847919685601,5.495773601852984
open,137,2,3,0.44818712129986654,5.590653152685821
open,137,2,4,0.44194707266781386,5.495027535833258
open,137,2,5,0.4471643038021104,5.575992020727056
open,137,2,6,0.45647772622900407,5.689635392503544
open,137,2,7,0.4481438963096893,5.60183763243077
open,137,3,4,0.4400126880268193,5.475739433061503
open,137,3,5,0.44504114706760967,5.556844241832727
open,137,3,6,0.4540868310221195,5.646998896048547
open,137,3,7,0.4472751160720076,5.573907136338645
open,137,4,5,0.43516431020829865,5.43119430234295
open,137,4,6,0.4456465799046225,5.534111911081926
open,137,4,7,0.441432867486061,5.500459953824717
open,137,5,6,0.45344260795087443,5.6433775703145015
open,137,5,7,0.445282875435706,5.542180267946645
open,137,6,7,0.45478434527743355,5.675296845280952
open,138,0,1,0.4384518195953567,5.4651727970421575
open,138,0,2,0.4453824279932604,5.554718583297918
open,138,0,3,0.44123948292759657,5.513932636372628
open,138,0,4,0.4393707435096656,5.479372982004431
open,138,0,5,0.44427481654521983,5.546444547876257
open,138,0,6,0.4513814561301987,5.623244149256928
open,138,0,7,0.4470812606676589,5.569728128819487
open,138,1,2,0.44211892209926673,5.52523811471035
open,138,1,3,0.4412038128285445,5.499291235833122
open,138,1,4,0.43602187165903517,5.431900587667733
open,138,1,5,0.4405035779478722,5.482793426009387
open,138,1,6,0.4481816239002203,5.579758100399865
open,138,1,7,0.43958476080627645,5.495773212256122
open,138,2,3,0.4481871815950009,5.590653904802888
open,138,2,4,0.44194713342512143,5.4950282912700485
open,138,2,5,0.4471643735666134,5.575992890667498
open,138,2,6,0.4564778094745886,5.689636430094202
open,138,2,7,0.44814388647026343,5.601837509437091
open,138,3,4,0.4400127475708585,5.475740174057507
open,138,3,5,0.4450414814723416,5.5568484172556545
open,138,3,6,0.45408703809658374,5.647001471215214
open,138,3,7,0.4472752511061004,5.573908819122834
open,138,4,5,0.43516441983608634,5.431195670584329
open,138,4,6,0.44564669884468733,5.534113388099049
open,138,4,7,0.4414329186305646,5.5004605911091495
open,138,5,6,0.45344278046646974,5.643379717379255
open,138,5,7,0.4452831835508864,5.542184102879376
open,138,6,7,0.45478452379522605,5.675299073021364
open,139,0,1,0.438451777782918,5.4651722758624235
open,139,0,2,0.44538236162334877,5.5547177555459495
open,139,0,3,0.44123967976910744,5.51393509619518
open,139,0,4,0.4393706063616734,5.479371271637927
open,139,0,5,0.444274908762832,5.546445699145367
open,139,0,6,0.4513815602750635,5.6232454466784185
open,139,0,7,0.4470812955929028,5.569728563917378
open,139,1,2,0.44211893593359464,5.525238287600385
open,139,1,3,0.44120372941110636,5.4992901960941785
open,139,1,4,0.43602183288516155,5.431900104628141
open,139,1,5,0.44050365211002607,5.482794349079686
open,139,1,6,0.4481816863220957,5.579758877537851
open,139,1,7,0.439584744314742,5.495773006075786
open,139,2,3,0.4481872474741695,5.590654726574787
open,139,2,4,0.44194720722771663,5.495029208907743
open,139,2,5,0.4471644367812712,5.5759936789335205
open,139,2,6,0.45647789664952637,5.689637516661153
open,139,2,7,0.44814389133371824,5.601837570230699
open,139,3,4,0.44001277540863076,5.475740520484761
open,139,3,5,0.4450417839264002,5.556852193738132
open,139,3,6,0.4540872367324821,5.647003941440338
open,139,3,7,0.4472753621786559,5.5739102033002395
open,139,4,5,0.4351645463270924,5.431197249291992
open,139,4,6,0.44564680801217554,5.534114743758722
open,139,4,7,0.4414329460760069,5.500460933092194
open,139,5,6,0.4534429610780637,5.643381965203787
open,139,5,7,0.44528347511682925,5.542187731833248
open,139,6,7,0.45478469375416797,5.67530119395507
open,140,0,1,0.4384517121932048,5.465171458305966
open,140,0,2,0.44538228982771405,5.554716860125472
open,140,0,3,0.4412398731357656,5.513937512594366
open,140,0,4,0.4393704585784354,5.479369428639744
open,140,0,5,0.4442749939500567,5.546446762645256
open,140,0,6,0.4513816433586312,5.623246481721351
open,140,0,7,0.447081317669226,5.569728838943707
open,140,1,2,0.44211893277723985,5.525238248154863
open,140,1,3,0.44120367898286067,5.499289567542019
open,140,1,4,0.4360217831788693,5.43189948539398
open,140,1,5,0.4405037159273645,5.482795143391699
open,140,1,6,0.44818173690840013,5.5797595073257025
open,140,1,7,0.4395847405069422,5.49577295846994
open,140,2,3,0.44818734421406686,5.590655933301144
open,140,2,4,0.44194726616244745,5.495029941683201
open,140,2,5,0.44716451227273424,5.575994620287274
open,140,2,6,0.45647797320112393,5.689638470816534
open,140,2,7,0.4481438959966798,5.6018376285181235
open,140,3,4,0.44001279170931884,5.47574072333873
open,140,3,5,0.4450420799184897,5.556855889535586
open,140,3,6,0.45408739832724887,5.647005951023984
open,140,3,7,0.4472754606369728,5.573911430280002
open,140,4,5,0.43516470377642397,5.43119921438401
open,140,4,6,0.4456469309752341,5.534116270734038
open,140,4,7,0.44143297131502734,5.500461247582192
open,140,5,6,0.45344314892666043,5.643384303097357
open,140,5,7,0.4452837488827544,5.542191139240521
open,140,6,7,0.45478484700386324,5.675303106372507
open,141,0,1,0.4384516209548804,5.4651703210471245
open,141,0,2,0.4453821953147994,5.554715681379723
open,141,0,3,0.44124001033906385,5.5139392271502325
open,141,0,4,0.43937029892655977,5.479367437628311
open,141,0,5,0.44427507556825335,5.546447781588452
open,141,0,6,0.4513817186200222,5.62324741931675
open,141,0,7,0.4470813327301945,5.569729026572909
open,141,1,2,0.442118919458637,5.525238081709936
open,141,1,3,0.44120365638215375,5.499289285840306
open,141,1,4,0.4360217071771898,5.431898538575496
open,141,1,5,0.44050378564177056,5.482796011102443
open,141,1,6,0.4481817814284159,5.579760061589656
open,141,1,7,0.43958475257250934,5.495773109315982
open,141,2,3,0.4481874217340671,5.590656900279919
open,141,2,4,0.44194730905281016,5.495030474968155
open,141,2,5,0.4471645939151764,5.575995638341716
open,141,2,6,0.4564780282705127,5.689639157213099
open,141,2,7,0.4481438892593561,5.6018375443009925
open,141,3,4,0.44001277261565275,5.4757404857275365
open,141,3,5,0.44504237010857023,5.5568595128883675
open,141,3,6,0.45408752662910523,5.647007546578825
open,141,3,7,0.44727555272445085,5.5739125778668726
open,141,4,5,0.43516485103304564,5.431201052262958
open,141,4,6,0.4456470473137564,5.534117715444782
open,141,4,7,0.441432994101059,5.500461531506802
open,141,5,6,0.4534433512012334,5.643386820531247
open,141,5,7,0.44528401175137705,5.542194411015328
open,141,6,7,0.45478499693854346,5.6753049774215585
open,142,0,1,0.43845150869330374,5.465168921739635
open,142,0,2,0.44538209833446263,5.554714471860791
open,142,0,3,0.4412401642892954,5.5139411509835226
open,142,0,4,0.439370157560806,5.479365674662289
open,142,0,5,0.4442751733118941,5.546449001845967
open,142,0,6,0.4513817906802639,5.623248317032701
open,142,0,7,0.44708134621329476,5.569729194545064
open,142,1,2,0.44211890285511046,5.525237874212737
open,142,1,3,0.44120365367258757,5.499289252067494
open,142,1,4,0.43602164124470877,5.431897717197703
open,142,1,5,0.44050387030303884,5.4827970648515345
open,142,1,6,0.4481818098391177,5.579760415296357
open,142,1,7,0.43958478536626844,5.495773519309864
open,142,2,3,0.44818752567960163,5.590658196888864
open,142,2,4,0.441947358412438,5.495031088689867
open,142,2,5,0.44716469675707016,5.575996920746358
open,142,2,6,0.45647807419316216,5.689639729602762
open,142,2,7,0.44814387549788337,5.601837372281388
open,142,3,4,0.44001274636004334,5.475740158989513
open,142,3,5,0.4450426366570867,5.556862841049367
open,142,3,6,0.454087620031392,5.647008708124535
open,142,3,7,0.4472756299678582,5.573913540468109
open,142,4,5,0.435165023678913,5.431203207019746
open,142,4,6,0.44564718532845604,5.534119429333831
open,142,4,7,0.44143303006646534,5.500461979652583
open,142,5,6,0.45344356896457333,5.643389530732552
open,142,5,7,0.4452842719578727,5.542197649656168
open,142,6,7,0.4547851421225103,5.675306789186008
open,143,0,1,0.4384513962403837,5.465167520047107
open,143,0,2,0.44538200129485145,5.5547132616026005
open,143,0,3,0.4412403424045247,5.5139433767938
open,143,0,4,0.43936999149343003,5.479363603643437
open,143,0,5,0.4442752636929921,5.546450130187546
open,143,0,6,0.45138186273445335,5.623249214673252
open,143,0,7,0.44708135628267515,5.569729319989174
open,143,1,2,0.4421188929126813,5.525237749960446
open,143,1,3,0.44120363251387246,5.499288988339183
open,143,1,4,0.43602159197207707,5.431897103366025
open,143,1,5,0.4405039597955121,5.482798178732939
open,143,1,6,0.448181833241012,5.5797607066445565
open,143,1,7,0.4395848109340797,5.495773838963557
open,143,2,3,0.44818764230706143,5.59065965169121
open,143,2,4,0.44194738144792606,5.495031375105706
open,143,2,5,0.4471647957686943,5.575998155388796
open,143,2,6,0.45647812009528355,5.689640301736558
open,143,2,7,0.4481438624120175,5.601837208706927
open,143,3,4,0.4400126754936525,5.475739277092465
open,143,3,5,0.4450428601343219,5.556865631416496
open,143,3,6,0.45408766968424796,5.647009325604724
open,143,3,7,0.44727569112282384,5.573914302576456
open,143,4,5,0.43516517271287425,5.4312050670812955
open,143,4,6,0.44564731491806875,5.5341210385987765
open,143,4,7,0.44143306155519313,5.500462372016855
open,143,5,6,0.45344378677974867,5.643392241578982
open,143,5,7,0.4452845187106171,5.542200720845891
open,143,6,7,0.4547852840186425,5.675308559921258
open,144,0,1,0.43845128559256696,5.4651661408546595
open,144,0,2,0.4453818899439093,5.554711872856416
open,144,0,3,0.4412405543572163,5.513946025452655
open,144,0,4,0.4393698116496845,5.479361360820093
open,144,0,5,0.44427534512352107,5.54645114678785
open,144,0,6,0.45138193256058556,5.623250084556992
open,144,0,7,0.44708135959432427,5.569729361245623
open,144,1,2,0.4421188842655554,5.52523764189579
open,144,1,3,0.4412036165176131,5.499288788957204
open,144,1,4,0.43602154090570205,5.431896467188139
open,144,1,5,0.44050406060319497,5.482799433450786
open,144,1,6,0.44818186048201875,5.579761045788823
open,144,1,7,0.4395848230100629,5.4957739899398215
open,144,2,3,0.4481877626182871,5.590661152444581
open,144,2,4,0.441947369507645,5.495031226644097
open,144,2,5,0.4471649050289364,5.5759995178281345
open,144,2,6,0.4564781529277448,5.689640710967333
open,144,2,7,0.44814383467049285,5.6018368619354595
open,144,3,4,0.44001260583384766,5.47573841021078
open,144,3,5,0.44504308725707925,5.556868467302109
open,144,3,6,0.4540877268347083,5.647010036324711
open,144,3,7,0.4472757693182009,5.5739152770410625
open,144,4,5,0.4351652923017899,5.431206559645419
open,144,4,6,0.445647433995805,5.534122517325526
open,144,4,7,0.44143308123253805,5.500462617205775
open,144,5,6,0.45344399578760974,5.643394842812864
open,144,5,7,0.4452847655013101,5.542203792507939
open,144,6,7,0.45478541449928916,5.675310188201585
open,145,0,1,0.43845116953757635,5.4651646942633825
open,145,0,2,0.4453817597544488,5.554710249160082
open,145,0,3,0.4412407757596978,5.513948792200454
open,145,0,4,0.43936962332200585,5.479359012193997
open,145,0,5,0.4442754269839707,5.546452168755397
open,145,0,6,0.4513819960102275,5.623250875003349
open,145,0,7,0.447081358357073,5.569729345831976
open,145,1,2,0.4421188628335892,5.525237374056729
open,145,1,3,0.44120361456929924,5.49928876467286
open,145,1,4,0.43602148565294685,5.431895778856904
open,145,1,5,0.44050415833007595,5.482800649822973
open,145,1,6,0.4481818810631409,5.579761302019058
open,145,1,7,0.43958484038322554,5.495774207142442
open,145,2,3,0.44818789173818446,5.590662763076674
open,145,2,4,0.4419473329489511,5.495030772085074
open,145,2,5,0.4471650128858451,5.576000862768366
open,145,2,6,0.4564781625655521,5.689640831095012
open,145,2,7,0.44814379274043536,5.601836337806098
open,145,3,4,0.4400125446629947,5.475737648969887
open,145,3,5,0.4450433206845048,5.556871381908667
open,145,3,6,0.45408780022029055,5.647010948943782
open,145,3,7,0.4472758629428812,5.573916443784427
open,145,4,5,0.4351653887763269,5.43120776372384
open,145,4,6,0.44564753707158755,5.534123797337405
open,145,4,7,0.4414331073782847,5.500462942994004
open,145,5,6,0.4534441980305023,5.643397359852471
open,145,5,7,0.4452850123761983,5.542206865217916
open,145,6,7,0.4547855372922146,5.675311720546111
open,146,0,1,0.438451033094239,5.465162993537368
open,146,0,2,0.4453816286628968,5.554708614213047
open,146,0,3,0.44124098655621863,5.513951426411264
open,146,0,4,0.4393694470527417,5.479356813947851
open,146,0,5,0.44427552107087986,5.546453343361305
open,146,0,6,0.45138204935850784,5.623251539608422
open,146,0,7,0.4470813559993517,5.569729316459537
open,146,1,2,0.4421188153087075,5.525236780129904
open,146,1,3,0.4412036776653707,5.499289551120445
open,146,1,4,0.4360213596597046,5.431894209250398
open,146,1,5,0.44050428697216015,5.482802250985845
open,146,1,6,0.44818188480471055,5.57976134860074
open,146,1,7,0.439584888665726,5.4957748107795465
open,146,2,3,0.44818800946164206,5.5906642315504165
open,146,2,4,0.44194726093734743,5.495029876715991
open,146,2,5,0.4471651303138982,5.576002327057625
open,146,2,6,0.456478174110858,5.689640974998158
open,146,2,7,0.4481437456533508,5.601835749213451
open,146,3,4,0.44001251344736836,5.475737260506916
open,146,3,5,0.4450435994367583,5.556874862447185
open,146,3,6,0.45408788173264975,5.647011962627005
open,146,3,7,0.4472759845396498,5.573917959113744
open,146,4,5,0.43516543302599325,5.431208315994627
open,146,4,6,0.445647577468329,5.534124298990728
open,146,4,7,0.4414331027587502,5.500462885432444
open,146,5,6,0.4534443910989633,5.643399762710524
open,146,5,7,0.4452852725454556,5.542210103395272
open,146,6,7,0.4547856550796215,5.675313190426299
open,147,0,1,0.4384508984203913,5.4651613148675215
open,147,0,2,0.4453814837216841,5.554706806535876
open,147,0,3,0.44124120721139193,5.513954183820355
open,147,0,4,0.4393692649620662,5.479354543103143
open,147,0,5,0.4442755800125848,5.54645407920517
open,147,0,6,0.45138209572538673,5.623252117240217
open,147,0,7,0.4470813515374687,5.569729260873501
open,147,1,2,0.44211877973850416,5.525236335602802
open,147,1,3,0.44120372429973986,5.499290132384637
open,147,1,4,0.43602125304540373,5.431892881064082
open,147,1,5,0.4405044053111589,5.482803723909828
open,147,1,6,0.44818188350795973,5.57976133245649
open,147,1,7,0.4395849106469294,5.495775085592779
open,147,2,3,0.4481881332390603,5.590665775540819
open,147,2,4,0.44194718324134313,5.4950289106689025
open,147,2,5,0.4471652451260046,5.576003758726888
open,147,2,6,0.4564781731185905,5.689640962630325
open,147,2,7,0.4481436936245356,5.601835098848742
open,147,3,4,0.44001249653851854,5.475737050084676
open,147,3,5,0.4450438717841805,5.556878263014109
open,147,3,6,0.45408798370293335,5.647013230723853
open,147,3,7,0.44727611805456624,5.573919622966077
open,147,4,5,0.43516547773448416,5.431208873991906
open,147,4,6,0.44564761928511365,5.53412481827838
open,147,4,7,0.4414330985045852,5.500462832423559
open,147,5,6,0.4534445572590776,5.643401830677331
open,147,5,7,0.44528553365118606,5.542213353228371
open,147,6,7,0.4547857711910893,5.675314639392285
open,148,0,1,0.4384507655804585,5.465159659056883
open,148,0,2,0.4453813511513498,5.55470515314577
open,148,0,3,0.4412414306692148,5.5139569762526515
open,148,0,4,0.4393690845711913,5.479352293456572
open,148,0,5,0.44427564132487973,5.546454844644108
open,148,0,6,0.4513821472589289,5.623252759237546
open,148,0,7,0.4470813520099911,5.5697292667601745
open,148,1,2,0.44211872920636536,5.525235704093755
open,148,1,3,0.4412037882986047,5.4992909300848964
open,148,1,4,0.4360211494244349,5.431891590168284
open,148,1,5,0.4405045250470344,5.482805214220244
open,148,1,6,0.44818188703832923,5.579761376408778
open,148,1,7,0.4395849418280358,5.495775475424968
open,148,2,3,0.44818825316766936,5.5906672715214585
open,148,2,4,0.4419471084453285,5.4950279806793505
open,148,2,5,0.44716535424698384,5.576005119429664
open,148,2,6,0.45647816488073323,5.689640859951921
open,148,2,7,0.4481436443741535,5.601834483214687
open,148,3,4,0.44001249561276823,5.475737038564172
open,148,3,5,0.4450441517630434,5.55688175886824
open,148,3,6,0.454088094252413,5.647014605511111
open,148,3,7,0.44727626003241217,5.573921392282769
open,148,4,5,0.43516551095007355,5.431209288548697
open,148,4,6,0.4456476808724712,5.534125583080231
open,148,4,7,0.4414331208454447,5.500463110801116
open,148,5,6,0.4534447172222195,5.643403821518931
open,148,5,7,0.44528580403736995,5.542216718569946
open,148,6,7,0.4547858950423269,5.675316184943589
open,149,0,1,0.4384506470663647,5.465158181813609
open,149,0,2,0.44538122346011316,5.554703560606773
open,149,0,3,0.4412416409422741,5.513959603922044
open,149,0,4,0.4393688991437098,5.479349980998706
open,149,0,5,0.44427566132617174,5.546455094345538
open,149,0,6,0.45138220572664917,5.623253487619852
open,149,0,7,0.44708135644749386,5.569729322042482
open,149,1,2,0.442118685333035,5.525235155801011
open,149,1,3,0.4412038468087943,5.499291659372731
open,149,1,4,0.436021059634077,5.431890471572339
open,149,1,5,0.440504636309464,5.482806599064655
open,149,1,6,0.44818189829153,5.579761516508539
open,149,1,7,0.43958495672677894,5.495775661691919
open,149,2,3,0.44818836575370774,5.590668675911411
open,149,2,4,0.4419470265848359,5.495026962852355
open,149,2,5,0.4471654463729887,5.576006268210691
open,149,2,6,0.4564781554322041,5.689640742183446
open,149,2,7,0.448143593114916,5.601833842469765
open,149,3,4,0.4400124886712426,5.475736952180332
open,149,3,5,0.44504445427272404,5.556885536045223
open,149,3,6,0.45408822763595835,5.647016264261557
open,149,3,7,0.4472763945535231,5.573923068674218
open,149,4,5,0.4351655579114689,5.4312098746640025
open,149,4,6,0.44564774815509584,5.534126418606837
open,149,4,7,0.44143313594918704,5.500463299000808
open,149,5,6,0.45344483880702846,5.643405334718114
open,149,5,7,0.4452860938618073,5.5422203258483
open,149,6,7,0.4547860204282651,5.675317749646567
open,150,0,1,0.43845053046005567,5.46515672835031
open,150,0,2,0.44538109287999056,5.554701932038181
open,150,0,3,0.4412418184198522,5.513961821763937
open,150,0,4,0.4393687285392849,5.479347853398518
open,150,0,5,0.4442756778893049,5.546455301124082
open,150,0,6,0.4513822553572969,5.623254105911202
open,150,0,7,0.4470813617146361,5.56972938766042
open,150,1,2,0.4421186517607489,5.525234736242232
open,150,1,3,0.44120390225936024,5.499292350524535
open,150,1,4,0.4360209895032485,5.431889597892111
open,150,1,5,0.4405047491958124,5.482808004121412
open,150,1,6,0.4481818956036806,5.5797614830454325
open,150,1,7,0.4395849538610617,5.495775625864171
open,150,2,3,0.4481884592981405,5.590669842777778
open,150,2,4,0.4419469580882747,5.495026111188179
open,150,2,5,0.44716554283258797,5.576007471030216
open,150,2,6,0.4564781539111449,5.689640723224641
open,150,2,7,0.4481435372112525,5.601833143669116
open,150,3,4,0.440012510273,5.475737221003477
open,150,3,5,0.44504477976939594,5.556889600240901
open,150,3,6,0.45408836729592417,5.647018001065223
open,150,3,7,0.44727653347426444,5.573924799893515
open,150,4,5,0.43516559933371723,5.4312103916463785
open,150,4,6,0.44564781514726304,5.534127250526495
open,150,4,7,0.44143317308910934,5.5004637617816075
open,150,5,6,0.45344495798365114,5.643406817945909
open,150,5,7,0.44528638065060755,5.542223895343821
open,150,6,7,0.45478613740739854,5.675319209440234
open,151,0,1,0.43845042714160204,5.465155440516216
open,151,0,2,0.4453809599085057,5.5547002736450075
open,151,0,3,0.44124197790751374,5.513963814795513
open,151,0,4,0.43936858270131646,5.479346034659706
open,151,0,5,0.4442756717804155,5.546455224859088
open,151,0,6,0.4513823005906093,5.62325466942119
open,151,0,7,0.44708137002743836,5.56972949122112
open,151,1,2,0.44211862486167663,5.525234400079784
open,151,1,3,0.44120394704444205,5.499292908738677
open,151,1,4,0.43602094352890197,5.431889025150016
open,151,1,5,0.44050482067147884,5.482808893753946
open,151,1,6,0.448181893543297,5.579761457394131
open,151,1,7,0.43958492871600846,5.49577531149588
open,151,2,3,0.4481885421891358,5.590670876753951
open,151,2,4,0.4419469197104263,5.495025634010375
open,151,2,5,0.4471655989285281,5.576008170528167
open,151,2,6,0.45647815794698643,5.689640773528227
open,151,2,7,0.44814348562905343,5.601832498887147
open,151,3,4,0.4400125543052237,5.475737768962639
open,151,3,5,0.44504509582338286,5.556893546533933
open,151,3,6,0.4540884972494507,5.647019617160143
open,151,3,7,0.44727668293473316,5.57392666245806
open,151,4,5,0.43516561663755193,5.431210607611903
open,151,4,6,0.4456478696416193,5.534127927246299
open,151,4,7,0.44143323031647813,5.500464474861384
open,151,5,6,0.45344505216279796,5.643407990064442
open,151,5,7,0.4452866648168202,5.542227432197501
open,151,6,7,0.45478625939358863,5.675320731717434
open,152,0,1,0.4384503285305043,5.465154211357926
open,152,0,2,0.44538082105233745,5.554698541859267
open,152,0,3,0.4412421427579777,5.513965874843148
open,152,0,4,0.4393684500893504,5.4793443808617806
open,152,0,5,0.4442756822105487,5.546455355071635
open,152,0,6,0.45138234138975414,5.623255177690968
open,152,0,7,0.44708137072758136,5.569729499943486
open,152,1,2,0.4421186003663798,5.5252340939577405
open,152,1,3,0.4412039864314439,5.499293399669598
open,152,1,4,0.43602093305693856,5.431888894691734
open,152,1,5,0.44050489710017665,5.482809845035122
open,152,1,6,0.448181905162382,5.579761602049065
open,152,1,7,0.4395848788425551,5.4957746879683755
open,152,2,3,0.4481885963396369,5.590671552223315
open,152,2,4,0.44194691693866206,5.495025599547151
open,152,2,5,0.44716567362114984,5.576009101920632
open,152,2,6,0.4564781644104159,5.689640854089785
open,152,2,7,0.44814342024830006,5.60183168162205
open,152,3,4,0.44001263888423026,5.475738821506382
open,152,3,5,0.445045439135566,5.556897833176507
open,152,3,6,0.45408865279435773,5.6470215515080655
open,152,3,7,0.4472768478640432,5.573928717794083
open,152,4,5,0.43516568620724133,5.431211475896576
open,152,4,6,0.44564794889659665,5.534128911447533
open,152,4,7,0.4414332873176038,5.5004651851220645
open,152,5,6,0.4534451699191936,5.643409455616621
open,152,5,7,0.4452869408275761,5.542230867544894
open,152,6,7,0.45478637311821674,5.675322150897821
open,153,0,1,0.4384502510028616,5.465153244998693
open,153,0,2,0.4453806858470109,5.5546968556060765
open,153,0,3,0.44124233513050276,5.5139682788191875
open,153,0,4,0.43936833812086334,5.479342984507764
open,153,0,5,0.4442756897665077,5.54645544940223
open,153,0,6,0.4513823921064501,5.623255809512147
open,153,0,7,0.44708137375278145,5.56972953763136
open,153,1,2,0.4421185770579713,5.525233802668451
open,153,1,3,0.4412039951890381,5.499293508826771
open,153,1,4,0.436020936252605,5.431888934502908
open,153,1,5,0.4405049639554035,5.482810677158666
open,153,1,6,0.44818192049417066,5.579761792926306
open,153,1,7,0.43958480413071105,5.495773753906534
open,153,2,3,0.44818863913664986,5.590672086070104
open,153,2,4,0.44194693727246065,5.495025852371052
open,153,2,5,0.4471657485512552,5.576010036274439
open,153,2,6,0.4564781782687986,5.6896410268236135
open,153,2,7,0.4481433524588073,5.601830834247503
open,153,3,4,0.4400127695598267,5.475740447699298
open,153,3,5,0.445045798797085,5.556902323959109
open,153,3,6,0.4540888492621275,5.647023994770462
open,153,3,7,0.44727699513776126,5.573930553107514
open,153,4,5,0.43516578304570047,5.431212684517033
open,153,4,6,0.44564806278249736,5.534130325701223
open,153,4,7,0.44143336166724423,5.500466111553352
open,153,5,6,0.4534452810761211,5.6434108390342805
open,153,5,7,0.44528721052447884,5.542234224307381
open,153,6,7,0.45478648540349137,5.67532355211638
open,154,0,1,0.43845017028121197,5.4651522388271045
open,154,0,2,0.4453805502935681,5.554695165011252
open,154,0,3,0.44124253210476366,5.513970740300645
open,154,0,4,0.43936823889679494,5.479341747088824
open,154,0,5,0.4442756820357301,5.546455352889153
open,154,0,6,0.4513824450739853,5.623256469373952
open,154,0,7,0.44708137689145544,5.569729576732889
open,154,1,2,0.4421185508538938,5.525233475191475
open,154,1,3,0.4412040283579046,5.499293922253065
open,154,1,4,0.4360209445457582,5.4318890378178715
open,154,1,5,0.44050502748212744,5.482811467853502
open,154,1,6,0.44818193498466613,5.579761973329641
open,154,1,7,0.4395847341728331,5.495772879279691
open,154,2,3,0.44818867041305555,5.5906724762096855
open,154,2,4,0.4419469763996362,5.495026338865749
open,154,2,5,0.4471658136723133,5.576010848312648
open,154,2,6,0.4564781874119246,5.689641140785478
open,154,2,7,0.4481432813475588,5.601829945350719
open,154,3,4,0.44001290192744347,5.475742094948568
open,154,3,5,0.445046153022768,5.556906746869126
open,154,3,6,0.45408906290622747,5.647026651636758
open,154,3,7,0.44727713965707117,5.573932354095729
open,154,4,5,0.43516588708250803,5.431213982978564
open,154,4,6,0.44564817805767587,5.53413175720719
open,154,4,7,0.4414334436074519,5.500467132566657
open,154,5,6,0.45344539908961773,5.6434123077862415
open,154,5,7,0.4452874678491252,5.542237427079498
open,154,6,7,0.45478658844215114,5.675324837945557
open,155,0,1,0.4384501076268853,5.465151457859376
open,155,0,2,0.4453804284843277,5.55469364583131
open,155,0,3,0.44124272124478486,5.5139731038818205
open,155,0,4,0.4393681247188897,5.479340323181251
open,155,0,5,0.44427565583918516,5.546455025844543
open,155,0,6,0.4513825000442969,5.623257154186053
open,155,0,7,0.44708138567934363,5.569729686212199
open,155,1,2,0.4421185246634892,5.525233147885371
open,155,1,3,0.44120406161492276,5.499294336778105
open,155,1,4,0.43602096727093037,5.431889320924944
open,155,1,5,0.44050508265742466,5.482812154601061
open,155,1,6,0.4481819477263502,5.579762131960677
open,155,1,7,0.43958466898579945,5.495772064298861
open,155,2,3,0.4481887084994926,5.590672951297097
open,155,2,4,0.4419470210298288,5.495026893783186
open,155,2,5,0.4471658607702602,5.576011435608579
open,155,2,6,0.4564782021472915,5.689641324450224
open,155,2,7,0.44814321977663973,5.601829175708882
open,155,3,4,0.4400130372309454,5.47574377873347
open,155,3,5,0.445046501430725,5.556911097138224
open,155,3,6,0.4540892614348757,5.647029120528126
open,155,3,7,0.44727729564277185,5.5739342979772
open,155,4,5,0.435165993912934,5.431215316306659
open,155,4,6,0.4456482966649238,5.534133230091339
open,155,4,7,0.4414335185632591,5.500468066551066
open,155,5,6,0.45344551532322225,5.64341375438633
open,155,5,7,0.44528771033388426,5.542240445148059
open,155,6,7,0.4547866921525591,5.675326132157545
open,156,0,1,0.438450041768795,5.465150636957677
open,156,0,2,0.4453803029094888,5.554692079687594
open,156,0,3,0.44124293411199533,5.513975763968926
open,156,0,4,0.4393680046075163,5.479338825277661
open,156,0,5,0.44427562662110537,5.546454661078292
open,156,0,6,0.4513825542727116,5.62325782975571
open,156,0,7,0.44708139454991075,5.569729796721521
open,156,1,2,0.4421185002657464,5.5252328429824775
open,156,1,3,0.44120409812867567,5.499294791896024
open,156,1,4,0.4360209790234559,5.431889467336293
open,156,1,5,0.44050512247445656,5.482812650189682
open,156,1,6,0.4481819550471281,5.579762223102677
open,156,1,7,0.43958460702582425,5.4957712896633355
open,156,2,3,0.4481887554814141,5.5906735373461265
open,156,2,4,0.4419470523050127,5.495027282648748
open,156,2,5,0.44716591278904305,5.576012084265718
open,156,2,6,0.45647822214080686,5.689641573653648
open,156,2,7,0.44814315812924177,5.6018284051110525
open,156,3,4,0.44001317852930555,5.475745537121406
open,156,3,5,0.44504682980845195,5.5569151973071484
open,156,3,6,0.4540894589401865,5.647031576693325
open,156,3,7,0.4472774545485394,5.573936278248312
open,156,4,5,0.43516609979319365,5.431216637775928
open,156,4,6,0.445648415650128,5.53413470766901
open,156,4,7,0.4414335866250962,5.500468914633384
open,156,5,6,0.45344564281627514,5.643415341117313
open,156,5,7,0.44528792150359364,5.542243073456177
open,156,6,7,0.45478679724882365,5.675327443663766
open,157,0,1,0.43844996735030145,5.4651497093530725
open,157,0,2,0.4453801650114442,5.5546903598513735
open,157,0,3,0.4412431251825772,5.51397815167528
open,157,0,4,0.4393678766251305,5.479337229215025
open,157,0,5,0.44427561122385734,5.546454468854968
open,157,0,6,0.4513825958720991,5.623258347994795
open,157,0,7,0.44708140499818017,5.569729926885823
open,157,1,2,0.44211848988004804,5.525232713190574
open,157,1,3,0.441204134462855,5.499295244775688
open,157,1,4,0.43602099813201184,5.431889705388059
open,157,1,5,0.44050516459242645,5.48281317441727
open,157,1,6,0.44818196138309424,5.5797623019839975
open,157,1,7,0.439584540585952,5.495770459019276
open,157,2,3,0.4481887917569234,5.590673989844158
open,157,2,4,0.44194709037174307,5.495027755958211
open,157,2,5,0.44716598030182275,5.57601292612791
open,157,2,6,0.45647824603708265,5.689641871501908
open,157,2,7,0.4481431008073488,5.601827688582411
open,157,3,4,0.44001331490626266,5.475747234264926
open,157,3,5,0.4450471670256157,5.556919407846482
open,157,3,6,0.4540896414906931,5.647033846881402
open,157,3,7,0.44727761270744476,5.573938249212087
open,157,4,5,0.4351662253074546,5.4312182042930415
open,157,4,6,0.44564853019992967,5.53413613016713
open,157,4,7,0.4414336559199861,5.500469778080116
open,157,5,6,0.45344578724404727,5.643417138611495
open,157,5,7,0.4452881372543205,5.54224575878159
open,157,6,7,0.454786901549711,5.675328745244403
open,158,0,1,0.4384498954408475,5.465148813022909
open,158,0,2,0.445380033038175,5.554688713907743
open,158,0,3,0.44124330592464617,5.513980410311762
open,158,0,4,0.43936776217379975,5.479335801897574
open,158,0,5,0.4442756063454402,5.546454407951515
open,158,0,6,0.4513826411170649,5.623258911649959
open,158,0,7,0.4470814158841231,5.569730062502651
open,158,1,2,0.4421184961297448,5.525232791294137
open,158,1,3,0.4412041529299752,5.4992954749551854
open,158,1,4,0.43602094714102224,5.431889070149314
open,158,1,5,0.44050520404686394,5.482813665492806
open,158,1,6,0.4481819804984765,5.579762539966109
open,158,1,7,0.4395844755320534,5.495769645702926
open,158,2,3,0.44818883636620693,5.590674546297077
open,158,2,4,0.4419470917542138,5.495027773147407
open,158,2,5,0.44716605131197695,5.5760138116012135
open,158,2,6,0.45647827598921603,5.689642244831664
open,158,2,7,0.448143048535046,5.601827035174085
open,158,3,4,0.44001342387592307,5.475748590338245
open,158,3,5,0.44504747487067386,5.556923251641713
open,158,3,6,0.45408982861498204,5.647036173948783
open,158,3,7,0.4472777395294816,5.573939829658284
open,158,4,5,0.43516628254556877,5.431218918669916
open,158,4,6,0.4456485473114777,5.534136342661124
open,158,4,7,0.44143365927640776,5.500469819902699
open,158,5,6,0.45344592768166336,5.643418886445684
open,158,5,7,0.44528834429154995,5.5422483356551036
open,158,6,7,0.45478700897710617,5.675330085841024
open,159,0,1,0.43844982410604333,5.465147923855584
open,159,0,2,0.445379897894706,5.554687028426027
open,159,0,3,0.4412434872827188,5.513982676646108
open,159,0,4,0.4393676278757986,5.47933412707318
open,159,0,5,0.44427560676851613,5.546454413233307
open,159,0,6,0.451382681697536,5.6232594171955315
open,159,0,7,0.4470814253901374,5.56973018092836
open,159,1,2,0.44211849760308397,5.525232809706716
open,159,1,3,0.4412041732175634,5.499295727825521
open,159,1,4,0.43602089363665375,5.431888403599241
open,159,1,5,0.4405052468763707,5.482814198576644
open,159,1,6,0.4481820033940343,5.579762825010535
open,159,1,7,0.4395844115024373,5.495768845192353
open,159,2,3,0.4481888778003553,5.5906750631435935
open,159,2,4,0.44194708970413876,5.495027747657434
open,159,2,5,0.447166108191297,5.5760145208676555
open,159,2,6,0.4564782958351968,5.689642492196186
open,159,2,7,0.448143000855883,5.601826439180406
open,159,3,4,0.44001354985793834,5.475750158121874
open,159,3,5,0.4450477906039571,5.556927193930394
open,159,3,6,0.4540900172690255,5.647038520040109
open,159,3,7,0.4472778935110968,5.573941748565
open,159,4,5,0.435166349000085,5.431219748074766
open,159,4,6,0.4456485657444833,5.534136571565194
open,159,4,7,0.44143365168411214,5.500469725299145
open,159,5,6,0.4534460548703503,5.643420469388642
open,159,5,7,0.44528856850575815,5.5422511263206085
open,159,6,7,0.4547871192362875,5.675331461775773
open,160,0,1,0.43844975157718097,5.465147019804676
open,160,0,2,0.44537976071259533,5.55468531751879
open,160,0,3,0.44124364602952393,5.513984660419601
open,160,0,4,0.43936749016781773,5.4793324097230816
open,160,0,5,0.44427562229417805,5.546454607059785
open,160,0,6,0.451382719680058,5.623259890376235
open,160,0,7,0.44708143789393684,5.569730336700408
open,160,1,2,0.4421184971167022,5.525232803628318
open,160,1,3,0.4412041797368646,5.499295809083966
open,160,1,4,0.43602082466174075,5.431887544319248
open,160,1,5,0.44050530772373725,5.48281495592246
open,160,1,6,0.4481820241302762,5.579763083171976
open,160,1,7,0.43958434964126797,5.495768071792118
open,160,2,3,0.4481888816904342,5.590675111668151
open,160,2,4,0.4419470528622258,5.4950272895769565
open,160,2,5,0.4471661783438286,5.576015395646687
open,160,2,6,0.45647830708000564,5.689642632353873
open,160,2,7,0.4481429489720532,5.601825790628027
open,160,3,4,0.44001362309984104,5.475751069580988
open,160,3,5,0.4450481104808347,5.556931187956558
open,160,3,6,0.4540902055888503,5.64704086197511
open,160,3,7,0.4472779970765812,5.573943039189879
open,160,4,5,0.435166406842014,5.431220469987727
open,160,4,6,0.4456485623233095,5.5341365290805
open,160,4,7,0.44143363702685023,5.500469542662808
open,160,5,6,0.45344619807826075,5.643422251700881
open,160,5,7,0.44528879317358966,5.542253922632103
open,160,6,7,0.45478722689496226,5.675332805258554
open,161,0,1,0.438449656743148,5.465145837726387
open,161,0,2,0.4453796491935289,5.554683926675794
open,161,0,3,0.44124380549173714,5.513986653133162
open,161,0,4,0.4393673654783977,5.479330854726876
open,161,0,5,0.4442756229122295,5.546454614775703
open,161,0,6,0.4513827502360564,5.623260271038393
open,161,0,7,0.44708145706540764,5.569730575538153
open,161,1,2,0.44211848104403856,5.525232602765406
open,161,1,3,0.44120421879381944,5.499296295901086
open,161,1,4,0.43602075498718845,5.431886676323246
open,161,1,5,0.4405053865793343,5.4828159374103995
open,161,1,6,0.4481820233643716,5.57976307363664
open,161,1,7,0.4395843246831287,5.495767759760661
open,161,2,3,0.4481889007679393,5.590675349639545
open,161,2,4,0.44194704269427026,5.495027163151873
open,161,2,5,0.44716622798600214,5.576016014668288
open,161,2,6,0.4564783178786903,5.689642766950974
open,161,2,7,0.4481429164887189,5.601825384583526
open,161,3,4,0.4400137193480448,5.475752267342096
open,161,3,5,0.44504840583431593,5.556934875780263
open,161,3,6,0.45409038088864945,5.647043041993785
open,161,3,7,0.44727812002100115,5.57394457131352
open,161,4,5,0.4351664850914032,5.431221446601908
open,161,4,6,0.4456485920079731,5.534136897709494
open,161,4,7,0.44143364109406835,5.500469593342248
open,161,5,6,0.4534463176094241,5.643423739341156
open,161,5,7,0.445289008383335,5.54225660122423
open,161,6,7,0.454787330245118,5.67533409497492
open,162,0,1,0.43844956305588617,5.46514466994226
open,162,0,2,0.4453795413645167,5.554682581854399
open,162,0,3,0.4412439769670635,5.5139887959681415
open,162,0,4,0.4393672457647721,5.479329361783581
open,162,0,5,0.44427562536836546,5.5464546454387555
open,162,0,6,0.45138278077355193,5.623260651470045
open,162,0,7,0.4470814834596213,5.569730904356663
open,162,1,2,0.44211846241571223,5.525232369963928
open,162,1,3,0.44120426386970213,5.4992968577398536
open,162,1,4,0.4360207227002203,5.431886274096631
open,162,1,5,0.44050545893530607,5.482816837999784
open,162,1,6,0.4481820213394296,5.579763048426578
open,162,1,7,0.4395843004338844,5.495767456591946
open,162,2,3,0.44818891185307796,5.590675487914749
open,162,2,4,0.4419470630944694,5.495027416801378
open,162,2,5,0.44716627903011974,5.576016651171672
open,162,2,6,0.45647831670616384,5.689642752336355
open,162,2,7,0.44814289221929327,5.6018250812135975
open,162,3,4,0.4400138401221057,5.475753770315318
open,162,3,5,0.44504872067911033,5.556938806975151
open,162,3,6,0.4540905768607903,5.647045479092568
open,162,3,7,0.44727825399401594,5.573946240874639
open,162,4,5,0.4351666017149309,5.431222902155648
open,162,4,6,0.4456486520280875,5.534137643049063
open,162,4,7,0.4414336669588171,5.500469915629112
open,162,5,6,0.4534464340658675,5.643425188714613
open,162,5,7,0.44528922052049985,5.54225924157371
open,162,6,7,0.45478743772093694,5.675335436175827
open,163,0,1,0.438449467235408,5.4651434755682216
open,163,0,2,0.4453794346805403,5.554681251313657
open,163,0,3,0.44124415454827465,5.5139910151050815
open,163,0,4,0.439367145999021,5.47932811760934
open,163,0,5,0.4442756310352643,5.546454716185822
open,163,0,6,0.45138281002429986,5.6232610158715834
open,163,0,7,0.4470815123657157,5.5697312644681265
open,163,1,2,0.44211842362574477,5.525231885198866
open,163,1,3,0.44120434994433133,5.499297930598792
open,163,1,4,0.43602071038691426,5.431886120699156
open,163,1,5,0.44050553817315,5.482817824245417
open,163,1,6,0.44818201541114894,5.579762974620848
open,163,1,7,0.43958429295349716,5.495767363070706
open,163,2,3,0.4481889240717511,5.590675640329577
open,163,2,4,0.44194712527016533,5.495028189873952
open,163,2,5,0.44716632268476103,5.576017195530713
open,163,2,6,0.4564783113891383,5.689642686063818
open,163,2,7,0.448142868135872,5.60182478016874
open,163,3,4,0.4400139956525705,5.475755705814731
open,163,3,5,0.44504904115202376,5.5569428084435
open,163,3,6,0.4540907764574405,5.6470479612655495
open,163,3,7,0.4472784131768107,5.573948224598043
open,163,4,5,0.43516677038696167,5.431225007315816
open,163,4,6,0.4456487607498515,5.53413899317366
open,163,4,7,0.4414337180513969,5.500470552266549
open,163,5,6,0.45344654575229215,5.643426578722197
open,163,5,7,0.4452894396555204,5.542261969021483
open,163,6,7,0.4547875498056822,5.67533683489196
open,164,0,1,0.4384493691917556,5.46514225348297
open,164,0,2,0.44537932014114845,5.55467982280178
open,164,0,3,0.44124431648189844,5.513993038702533
open,164,0,4,0.43936707954910675,5.479327288915417
open,164,0,5,0.44427563681794774,5.546454788378375
open,164,0,6,0.4513828346170741,5.623261322244768
open,164,0,7,0.44708154270515005,5.569731642436107
open,164,1,2,0.4421183851706106,5.525231404618275
open,164,1,3,0.4412044101113199,5.499298680537445
open,164,1,4,0.43602061959501703,5.431884989626171
open,164,1,5,0.4405056115538228,5.482818737588896
open,164,1,6,0.44818200754671045,5.579762876710398
open,164,1,7,0.43958428011229234,5.495767202527494
open,164,2,3,0.448188945453085,5.590675907038762
open,164,2,4,0.4419471484406251,5.495028477967985
open,164,2,5,0.44716637956700894,5.576017904833664
open,164,2,6,0.45647830896378766,5.689642655833732
open,164,2,7,0.44814284132950655,5.601824445086843
open,164,3,4,0.4400141564846079,5.475757707289582
open,164,3,5,0.4450493504376025,5.556946670225267
open,164,3,6,0.4540909780619407,5.647050468408044
open,164,3,7,0.44727858077687666,5.573950313216815
open,164,4,5,0.43516685071564304,5.431226009881207
open,164,4,6,0.44564875907011897,5.534138972314468
open,164,4,7,0.44143370482058114,5.500470387404397
open,164,5,6,0.45344667392852167,5.6434281739557415
open,164,5,7,0.4452896425559249,5.542264494406312
open,164,6,7,0.4547876639768484,5.675338259644738
open,165,0,1,0.4384492828377771,5.465141177106062
open,165,0,2,0.44537919873528276,5.554678308652644
open,165,0,3,0.4412445047409926,5.513995391275237
open,165,0,4,0.4393669841134648,5.479326098741776
open,165,0,5,0.4442756458630562,5.546454901299906
open,165,0,6,0.4513828672367747,5.623261728616225
open,165,0,7,0.4470815758842755,5.569732055780894
open,165,1,2,0.44211834876450934,5.525230949644809
open,165,1,3,0.4412044713046041,5.499299443268141
open,165,1,4,0.4360205369927634,5.431883960578641
open,165,1,5,0.4405056774563152,5.4828195578540875
open,165,1,6,0.4481820131321268,5.579762946247547
open,165,1,7,0.4395842639275551,5.495767000182797
open,165,2,3,0.4481889773133255,5.590676304461057
open,165,2,4,0.4419471451479833,5.495028437028337
open,165,2,5,0.4471664372263765,5.576018623827043
open,165,2,6,0.45647830973592857,5.689642665457861
open,165,2,7,0.4481428088772482,5.601824039430794
open,165,3,4,0.4400142999274045,5.475759492363966
open,165,3,5,0.4450496652401463,5.556950600892609
open,165,3,6,0.45409119699962486,5.647053191105062
open,165,3,7,0.4472787809860502,5.573952808207707
open,165,4,5,0.43516692036362165,5.431226879142991
open,165,4,6,0.44564876537615805,5.53413905062389
open,165,4,7,0.44143367862647287,5.500470061013559
open,165,5,6,0.4534468156901904,5.6434299382685955
open,165,5,7,0.44528983918012255,5.542266941674798
open,165,6,7,0.454787784035976,5.675339757873943
open,166,0,1,0.4384491969012365,5.465140105932393
open,166,0,2,0.4453790877580122,5.554676924566815
open,166,0,3,0.44124467257130634,5.513997488560452
open,166,0,4,0.43936690052065946,5.479325056259622
open,166,0,5,0.4442756427257162,5.546454862132522
open,166,0,6,0.45138289257315983,5.623262044253205
open,166,0,7,0.44708160282478676,5.569732391405167
open,166,1,2,0.44211832646610616,5.525230670977733
open,166,1,3,0.4412045118549246,5.499299948699
open,166,1,4,0.4360204844530546,5.431883306046165
open,166,1,5,0.44050572549256456,5.482820155744424
open,166,1,6,0.44818201304631916,5.579762945179262
open,166,1,7,0.4395842340548622,5.495766626708646
open,166,2,3,0.4481890129583788,5.590676749094827
open,166,2,4,0.44194716252613186,5.495028653102638
open,166,2,5,0.4471664899040379,5.576019280700181
open,166,2,6,0.4564783210071019,5.68964280594416
open,166,2,7,0.44814278010340824,5.601823679755295
open,166,3,4,0.4400144192004989,5.475760976658405
open,166,3,5,0.4450499428700025,5.556954067416723
open,166,3,6,0.45409137455676174,5.6470553991958665
open,166,3,7,0.44727895367636816,5.573954960260798
open,166,4,5,0.43516698537375154,5.4312276905207595
open,166,4,6,0.44564877808769565,5.5341392084778365
open,166,4,7,0.4414336700411854,5.500469954036863
open,166,5,6,0.4534469467815816,5.643431569783155
open,166,5,7,0.4452900220192278,5.542269217368154
open,166,6,7,0.4547878895441627,5.675341074520581
open,167,0,1,0.43844910877022797,5.4651390074053285
open,167,0,2,0.4453789756136621,5.554675525925409
open,167,0,3,0.44124485500305854,5.513999768311996
open,167,0,4,0.43936680955664054,5.479323921851392
open,167,0,5,0.44427563304072465,5.5464547412225205
open,167,0,6,0.4513829183911375,5.6232623658897944
open,167,0,7,0.447081624254189,5.56973265837217
open,167,1,2,0.4421183085483941,5.525230447056927
open,167,1,3,0.44120452441598823,5.4993001052637105
open,167,1,4,0.43602044551073255,5.431882820908066
open,167,1,5,0.4405057606184408,5.482820592943877
open,167,1,6,0.44818201293893767,5.579762943842386
open,167,1,7,0.4395841958156125,5.495766148634192
open,167,2,3,0.4481890623938739,5.590677365749553
open,167,2,4,0.4419471724334575,5.495028776287134
open,167,2,5,0.4471665412486383,5.576019920950486
open,167,2,6,0.45647834755536365,5.689643136847337
open,167,2,7,0.44814274979647534,5.601823300916002
open,167,3,4,0.44001454628810927,5.475762558200617
open,167,3,5,0.4450502123203454,5.556957431810321
open,167,3,6,0.45409156703279485,5.647057792817245
open,167,3,7,0.4472791098799104,5.573956906856992
open,167,4,5,0.4351670437439563,5.431228419027018
open,167,4,6,0.44564881963513797,5.5341397244207515
open,167,4,7,0.4414336592543856,5.500469819628293
open,167,5,6,0.45344709910082687,5.643433465491668
open,167,5,7,0.44529019369000994,5.5422713540558055
open,167,6,7,0.4547880017235669,5.675342474417973
open,168,0,1,0.43844904119855815,5.465138165144366
open,168,0,2,0.4453788664816946,5.5546741648538225
open,168,0,3,0.4412450674728977,5.514002423433366
open,168,0,4,0.4393667272782132,5.479322895760786
open,168,0,5,0.4442756262613124,5.546454656586541
open,168,0,6,0.4513829546740261,5.623262817896713
open,168,0,7,0.4470816490991626,5.569732967890284
open,168,1,2,0.4421182887720007,5.525230199907852
open,168,1,3,0.4412044990695699,5.499299789338661
open,168,1,4,0.43602042217379317,5.4318825301796805
open,168,1,5,0.44050578995573436,5.482820958094873
open,168,1,6,0.4481820160727504,5.579762982857633
open,168,1,7,0.43958415150551194,5.495765594660794
open,168,2,3,0.44818911261233135,5.590677992170894
open,168,2,4,0.4419471902940398,5.49502899835986
open,168,2,5,0.4471665937948014,5.576020576183884
open,168,2,6,0.45647837556636256,5.689643485982381
open,168,2,7,0.4481427122796399,5.6018228319523
open,168,3,4,0.4400146703435079,5.475764102008458
open,168,3,5,0.4450504863669236,5.556960853593139
open,168,3,6,0.4540917695561509,5.647060311386579
open,168,3,7,0.44727924821188103,5.573958630739074
open,168,4,5,0.43516711497398564,5.431229308034045
open,168,4,6,0.44564886521127456,5.534140290392648
open,168,4,7,0.4414336615526639,5.500469848265915
open,168,5,6,0.4534472546899032,5.64343540189528
open,168,5,7,0.4452903659677829,5.542273498298323
open,168,6,7,0.4547881154558681,5.675343893694113
open,169,0,1,0.4384489746832516,5.4651373360506605
open,169,0,2,0.4453787611320202,5.554672850954222
open,169,0,3,0.441245307238025,5.51400541964928
open,169,0,4,0.4393666359148674,5.479321756372569
open,169,0,5,0.44427560336910205,5.5464543707941205
open,169,0,6,0.45138298745223004,5.623263226242782
open,169,0,7,0.44708167592187076,5.569733302046969
open,169,1,2,0.44211826452626635,5.5252298969046345
open,169,1,3,0.44120447114958283,5.4992994413359115
open,169,1,4,0.4360204109878015,5.431882390826133
open,169,1,5,0.4405058297825807,5.48282145380565
open,169,1,6,0.4481820192898058,5.579763022909233
open,169,1,7,0.4395841045257878,5.495765007311248
open,169,2,3,0.4481891918382145,5.590678980428727
open,169,2,4,0.4419471964162739,5.495029074481747
open,169,2,5,0.4471666340157494,5.576021077725898
open,169,2,6,0.45647840751800317,5.68964388423442
open,169,2,7,0.4481426750049136,5.601822366014983
open,169,3,4,0.44001479045287073,5.475765596709843
open,169,3,5,0.44505078254569197,5.5569645517214905
open,169,3,6,0.4540919761150754,5.647062880142022
open,169,3,7,0.44727939795265137,5.573960496796716
open,169,4,5,0.43516718264033327,5.431230152563509
open,169,4,6,0.4456489178524642,5.534140944099526
open,169,4,7,0.44143366319130306,5.500469868684125
open,169,5,6,0.45344740775615033,5.6434373069007
open,169,5,7,0.4452905509298943,5.542275800415518
open,169,6,7,0.454788236546821,5.675345404799564
open,170,0,1,0.43844891128626823,5.465136545825934
open,170,0,2,0.4453786558139757,5.554671537449103
open,170,0,3,0.44124555429531537,5.514008506991436
open,170,0,4,0.43936653311243035,5.479320474327953
open,170,0,5,0.4442755917459975,5.546454225688204
open,170,0,6,0.4513830208115967,5.623263641828892
open,170,0,7,0.4470817021134116,5.569733628340586
open,170,1,2,0.4421182474172132,5.525229683089781
open,170,1,3,0.4412044506405952,5.49929918570599
open,170,1,4,0.4360204122298285,5.431882406299135
open,170,1,5,0.440505875934561,5.482822028243151
open,170,1,6,0.44818203156868563,5.579763175778462
open,170,1,7,0.43958405613936596,5.495764402374898
open,170,2,3,0.44818926770556694,5.590679926792496
open,170,2,4,0.44194719100102564,5.495029007150295
open,170,2,5,0.4471666761596398,5.576021603246371
open,170,2,6,0.45647844061617415,5.6896442967770575
open,170,2,7,0.4481426371516213,5.601821892845541
open,170,3,4,0.44001492532058933,5.475767275071639
open,170,3,5,0.44505110518162977,5.556968580197655
open,170,3,6,0.45409220404200545,5.647065714628809
open,170,3,7,0.44727955227339977,5.573962419929682
open,170,4,5,0.4351672555075354,5.431231062003745
open,170,4,6,0.44564898242912715,5.534141746023059
open,170,4,7,0.44143367083259705,5.5004699638982215
open,170,5,6,0.45344756939194897,5.643439318559562
open,170,5,7,0.44529074979953753,5.5422782756317766
open,170,6,7,0.45478836344979573,5.675346988433784
open,171,0,1,0.43844885253300403,5.4651358134838
open,171,0,2,0.4453785439368449,5.554670142140401
open,171,0,3,0.4412458076854256,5.514011673471437
open,171,0,4,0.43936643626970323,5.479319266606614
open,171,0,5,0.44427557708543897,5.546454042661906
open,171,0,6,0.45138305614238355,5.623264081974666
open,171,0,7,0.44708173119737704,5.569733990667963
open,171,1,2,0.442118232889234,5.525229501531064
open,171,1,3,0.44120443009313526,5.499298929596539
open,171,1,4,0.43602042742102476,5.431882595548971
open,171,1,5,0.4405059249116903,5.48282263784429
open,171,1,6,0.44818204243186016,5.579763311022486
open,171,1,7,0.439584013462463,5.495763868820051
open,171,2,3,0.4481893488784908,5.590680939337572
open,171,2,4,0.44194718582760917,5.495028942825701
open,171,2,5,0.447166712254171,5.576022053333321
open,171,2,6,0.4564784739538246,5.689644712304618
open,171,2,7,0.4481425977477467,5.6018214002936855
open,171,3,4,0.44001507120902794,5.4757690905808225
open,171,3,5,0.44505142891834093,5.556972622418225
open,171,3,6,0.45409242947020345,5.6470685180415
open,171,3,7,0.4472797139565784,5.573964434812672
open,171,4,5,0.43516732593553575,5.431231941000816
open,171,4,6,0.4456490613272308,5.534142725792578
open,171,4,7,0.4414336858858837,5.500470151469213
open,171,5,6,0.45344773004942507,5.643441318042586
open,171,5,7,0.44529095695922205,5.542280854029418
open,171,6,7,0.45478850012676614,5.675348694038621
open,172,0,1,0.4384487924579605,5.465135064666076
open,172,0,2,0.44537843145428213,5.554668739280875
open,172,0,3,0.44124609220644745,5.514015228977707
open,172,0,4,0.4393663156324607,5.479317762144934
open,172,0,5,0.4442755640096176,5.546453879419886
open,172,0,6,0.4513831045465468,5.623264684986651
open,172,0,7,0.4470817601422736,5.569734351262823
open,172,1,2,0.4421182171006353,5.525229304218163
open,172,1,3,0.44120443135426085,5.499298945315571
open,172,1,4,0.4360204213763899,5.431882520245741
open,172,1,5,0.4405059864678351,5.482823404012019
open,172,1,6,0.44818207007228134,5.57976365513937
open,172,1,7,0.4395839843938491,5.495763505398649
open,172,2,3,0.4481894516353147,5.590682221118628
open,172,2,4,0.4419471399000414,5.495028371777118
open,172,2,5,0.44716675700752156,5.576022611392906
open,172,2,6,0.4564785108847495,5.689645172619514
open,172,2,7,0.4481425546460686,5.6018208615189655
open,172,3,4,0.44001520213800627,5.475770719926951
open,172,3,5,0.4450517655004441,5.556976825028106
open,172,3,6,0.45409267331906183,5.647071550532513
open,172,3,7,0.4472798880138345,5.573966603900438
open,172,4,5,0.4351673949460998,5.4312328023071625
open,172,4,6,0.4456491405612575,5.534143709733645
open,172,4,7,0.44143368826565166,5.5004701811222345
open,172,5,6,0.4534478900142554,5.6434433089052
open,172,5,7,0.44529118090818753,5.542283641393599
open,172,6,7,0.45478864689037113,5.675350525515524
open,173,0,1,0.43844872146300634,5.465134179734882
open,173,0,2,0.44537830409753904,5.554667150913613
open,173,0,3,0.4412463916209676,5.51401897060002
open,173,0,4,0.4393662050364064,5.479316382906464
open,173,0,5,0.4442755236515618,5.5464533755792225
open,173,0,6,0.4513831419063705,5.62326515040987
open,173,0,7,0.44708178750665845,5.569734692167704
open,173,1,2,0.4421182046240999,5.5252291482967
open,173,1,3,0.4412044231723811,5.499298843334269
open,173,1,4,0.4360203321693828,5.431881408917099
open,173,1,5,0.44050605060108117,5.4828242022560225
open,173,1,6,0.4481820834469571,5.579763821651006
open,173,1,7,0.43958395274718104,5.49576310974592
open,173,2,3,0.44818956599583826,5.590683647643378
open,173,2,4,0.4419470253286126,5.495026947232879
open,173,2,5,0.4471667896230396,5.576023018097705
open,173,2,6,0.45647855111608066,5.689645674071376
open,173,2,7,0.4481425134350229,5.601820346377314
open,173,3,4,0.44001534137888193,5.4757724527105145
open,173,3,5,0.44505210371174847,5.556981047980414
open,173,3,6,0.4540929164538056,5.647074574142836
open,173,3,7,0.4472800597047238,5.573968743498726
open,173,4,5,0.43516731889181054,5.431231853089562
open,173,4,6,0.44564910731905405,5.5341432969265405
open,173,4,7,0.4414336406601663,5.500469587935625
open,173,5,6,0.45344802649413757,5.6434450074829074
open,173,5,7,0.44529140940692985,5.54228648538624
open,173,6,7,0.45478878922909666,5.6753523017739385
open,174,0,1,0.43844865699800223,5.465133376197592
open,174,0,2,0.4453781762174285,5.55466555601902
open,174,0,3,0.44124670367121627,5.514022870124239
open,174,0,4,0.43936608112323366,5.479314837590803
open,174,0,5,0.44427548143378787,5.546452848521344
open,174,0,6,0.4513831825738232,5.623265657039046
open,174,0,7,0.44708181679403863,5.5697350570292175
open,174,1,2,0.4421181954855137,5.525229034090177
open,174,1,3,0.44120439620078494,5.4992985071525355
open,174,1,4,0.43602022933877377,5.431880127867496
open,174,1,5,0.44050612591153976,5.4828251396188685
open,174,1,6,0.44818210441377565,5.579764082683073
open,174,1,7,0.43958392112649053,5.495762714417967
open,174,2,3,0.44818967810785887,5.590685046120469
open,174,2,4,0.4419469014063291,5.495025406423125
open,174,2,5,0.44716683007819163,5.576023522560166
open,174,2,6,0.4564785932020183,5.689646198639447
open,174,2,7,0.4481424735114457,5.601819847329131
open,174,3,4,0.4400154866558977,5.475774260610844
open,174,3,5,0.44505244869822974,5.556985355528502
open,174,3,6,0.4540931787601775,5.647077836170474
open,174,3,7,0.44728024086176177,5.573971001063412
open,174,4,5,0.43516726628453517,5.431231196509214
open,174,4,6,0.44564908660916813,5.534143039747799
open,174,4,7,0.4414335806048003,5.500468839617682
open,174,5,6,0.45344816076743966,5.643446678598344
open,174,5,7,0.44529165324404346,5.542289520286781
open,174,6,7,0.4547889375284706,5.6753541524158475
open,175,0,1,0.43844858335498693,5.465132458259096
open,175,0,2,0.44537804264793796,5.554663890167642
open,175,0,3,0.4412469888236459,5.514026433520873
open,175,0,4,0.4393659541963898,5.4793132546917835
open,175,0,5,0.44427544315424206,5.54645237062935
open,175,0,6,0.45138322468477177,5.623266181651084
open,175,0,7,0.44708185072918455,5.56973547979249
open,175,1,2,0.4421181863707279,5.5252289201810925
open,175,1,3,0.4412044316805304,5.499298949382289
open,175,1,4,0.43602012284594815,5.431878801194502
open,175,1,5,0.4405061946739728,5.482825995480738
open,175,1,6,0.44818214176169835,5.579764547656118
open,175,1,7,0.4395839201829579,5.4957627026217395
open,175,2,3,0.4481897840693202,5.590686367875936
open,175,2,4,0.4419467777935832,5.495023869462063
open,175,2,5,0.4471668626371985,5.576023928560289
open,175,2,6,0.4564786312899464,5.689646673375478
open,175,2,7,0.44814242776755553,5.60181927552653
open,175,3,4,0.44001559501839504,5.475775609128321
open,175,3,5,0.4450527939017394,5.5569896657864355
open,175,3,6,0.454093414931998,5.647080773190265
open,175,3,7,0.4472804161277818,5.573973185214697
open,175,4,5,0.4351672261899963,5.431230696097701
open,175,4,6,0.4456490782588069,5.534142936051651
open,175,4,7,0.4414335395694255,5.500468328297722
open,175,5,6,0.45344828788623104,5.643448260671407
open,175,5,7,0.4452919087088407,5.5422926999104245
open,175,6,7,0.4547890889152655,5.675356041585975
open,176,0,1,0.43844851639662624,5.465131623642851
open,176,0,2,0.44537790536214655,5.55466217796732
open,176,0,3,0.44124726094009326,5.514029834013844
open,176,0,4,0.43936582027507354,5.479311584565011
open,176,0,5,0.44427539515351594,5.5464517713755646
open,176,0,6,0.4513832635619538,5.623266665977329
open,176,0,7,0.4470818843744683,5.569735898944666
open,176,1,2,0.44211818390391283,5.525228889352869
open,176,1,3,0.4412044847990053,5.499299611466239
open,176,1,4,0.43602001305621646,5.431877433449104
open,176,1,5,0.44050626510893426,5.482826872159982
open,176,1,6,0.4481821803124289,5.579765027603843
open,176,1,7,0.4395839230698653,5.4957627387144115
open,176,2,3,0.4481898859884394,5.590687639207525
open,176,2,4,0.4419466541086401,5.495022331603324
open,176,2,5,0.4471668916457559,5.5760242902874735
open,176,2,6,0.4564786711408643,5.689647170085788
open,176,2,7,0.4481423799251395,5.601818677492174
open,176,3,4,0.44001567642194994,5.475776622155144
open,176,3,5,0.4450531301573675,5.556993864319904
open,176,3,6,0.45409362456859,5.647083380219411
open,176,3,7,0.44728059688214805,5.57397543776132
open,176,4,5,0.4351671894038614,5.431230236977682
open,176,4,6,0.4456490619931666,5.534142734062278
open,176,4,7,0.44143349626223577,5.500467788669887
open,176,5,6,0.45344840298001327,5.643449693085692
open,176,5,7,0.44529216641657626,5.542295907450632
open,176,6,7,0.45478923864749154,5.675357910108581
open,177,0,1,0.43844845404290644,5.465130846422098
open,177,0,2,0.44537777031006515,5.554660493625372
open,177,0,3,0.4412474780239394,5.514032546793978
open,177,0,4,0.4393656790607175,5.479309823487063
open,177,0,5,0.44427534200473,5.546451107852036
open,177,0,6,0.4513833042996903,5.623267173482092
open,177,0,7,0.4470819108035183,5.569736228197167
open,177,1,2,0.4421181860776795,5.525228916518815
open,177,1,3,0.4412045664425325,5.4993006290946465
open,177,1,4,0.4360198990223412,5.431876012830749
open,177,1,5,0.4405063458821986,5.482827877516454
open,177,1,6,0.44818222524908297,5.5797655870548475
open,177,1,7,0.4395839245143549,5.495762756773698
open,177,2,3,0.4481899865198177,5.590688893228536
open,177,2,4,0.441946534593373,5.495020845588993
open,177,2,5,0.44716692867619195,5.57602475204485
open,177,2,6,0.4564787045848194,5.689647586938351
open,177,2,7,0.4481423266540887,5.601818011599412
open,177,3,4,0.44001573545888667,5.47577735684051
open,177,3,5,0.4450534686162152,5.556998090363071
open,177,3,6,0.45409380479657446,5.647085621524729
open,177,3,7,0.4472807766635,5.573977678182315
open,177,4,5,0.43516717941929395,5.431230112362394
open,177,4,6,0.4456490448575836,5.534142521269813
open,177,4,7,0.44143345131011963,5.5004672285454985
open,177,5,6,0.453448509252976,5.643451015719347
open,177,5,7,0.4452924286350232,5.542299171133075
open,177,6,7,0.4547893836394493,5.675359719476932
open,178,0,1,0.43844840209983266,5.465130198966982
open,178,0,2,0.44537765735204154,5.554659084835996
open,178,0,3,0.4412477055337387,5.514035389861646
open,178,0,4,0.4393655334622437,5.4793080077349785
open,178,0,5,0.4442753194521903,5.546450826300153
open,178,0,6,0.4513833408593746,5.62326762893729
open,178,0,7,0.4470819409186511,5.569736603370803
open,178,1,2,0.44211818325067803,5.525228881189279
open,178,1,3,0.4412046282934932,5.499301400022813
open,178,1,4,0.4360198008354126,5.431874789631479
open,178,1,5,0.44050643015000496,5.482828926368263
open,178,1,6,0.448182268443711,5.579766124818028
open,178,1,7,0.4395839270458656,5.495762788423131
open,178,2,3,0.4481900871157097,5.590690148054286
open,178,2,4,0.4419464273651118,5.495019512347334
open,178,2,5,0.44716696250657967,5.5760251738986755
open,178,2,6,0.45647873844324394,5.689648008956951
open,178,2,7,0.4481422810521584,5.601817441571322
open,178,3,4,0.44001575535381976,5.475777604423074
open,178,3,5,0.445053785959048,5.557002052748807
open,178,3,6,0.45409393677637855,5.647087262818325
open,178,3,7,0.44728096694285785,5.57398004942863
open,178,4,5,0.4351671848540637,5.431230180192613
open,178,4,6,0.4456490346287623,5.534142394246643
open,178,4,7,0.4414334108173874,5.50046672398712
open,178,5,6,0.4534486299226906,5.6434525175296075
open,178,5,7,0.44529269439615543,5.542302478909287
open,178,6,7,0.4547895321623426,5.67536157290816
open,179,0,1,0.43844832636804165,5.465129254992512
open,179,0,2,0.44537756897894604,5.554657982664817
open,179,0,3,0.44124792467919766,5.514038128404648
open,179,0,4,0.4393653745162212,5.479306025526208
open,179,0,5,0.444275320040203,5.546450833641059
open,179,0,6,0.45138337301206655,5.6232680294908235
open,179,0,7,0.4470819711607218,5.569736980125828
open,179,1,2,0.4421181592948058,5.52522858180852
open,179,1,3,0.4412047171383426,5.4993025074105715
open,179,1,4,0.4360196789727063,5.431873271482623
open,179,1,5,0.44050652474145824,5.482830103714882
open,179,1,6,0.4481823043672215,5.579766572057468
open,179,1,7,0.4395839398250384,5.495762948190808
open,179,2,3,0.4481901945142204,5.590691487735401
open,179,2,4,0.441946321119153,5.495018191319308
open,179,2,5,0.4471669929316158,5.5760255532888845
open,179,2,6,0.45647877269273357,5.689648435849868
open,179,2,7,0.4481422459758048,5.601817003113855
open,179,3,4,0.44001574315255787,5.475777452584428
open,179,3,5,0.44505409142940766,5.55700586689323
open,179,3,6,0.45409406108293715,5.647088808687863
open,179,3,7,0.4472811550485642,5.573982393587071
open,179,4,5,0.43516719503768186,5.4312303072922115
open,179,4,6,0.4456490155195816,5.53414215694572
open,179,4,7,0.4414333601410709,5.500466092536518
open,179,5,6,0.45344875679651014,5.643454096553843
open,179,5,7,0.4452929560311856,5.542305735330276
open,179,6,7,0.4547896762417967,5.675363370889291
open,180,0,1,0.43844826408405546,5.465128478640968
open,180,0,2,0.44537747428409796,5.554656801650032
open,180,0,3,0.4412481328002378,5.5140407291814135
open,180,0,4,0.43936523017761775,5.47930422548591
open,180,0,5,0.44427533361334653,5.54645100309178
open,180,0,6,0.4513834097464421,5.6232684871223
open,180,0,7,0.4470820006639376,5.569737347676217
open,180,1,2,0.4421181265821715,5.5252281729929615
open,180,1,3,0.44120478845519945,5.4993033963243905
open,180,1,4,0.43601958091151305,5.431872049849746
open,180,1,5,0.4405066226386712,5.482831322207131
open,180,1,6,0.4481823332783689,5.579766931994603
open,180,1,7,0.4395839424575567,5.4957629811030575
open,180,2,3,0.4481902986036536,5.590692786139328
open,180,2,4,0.4419462357335905,5.495017129662729
open,180,2,5,0.44716703453853723,5.576026072113531
open,180,2,6,0.45647881134853024,5.689648917663933
open,180,2,7,0.4481422065677171,5.601816510509336
open,180,3,4,0.4400157259522058,5.475777238534586
open,180,3,5,0.44505437850254503,5.557009451327436
open,180,3,6,0.45409417254413303,5.647090194813174
open,180,3,7,0.44728132174067076,5.573984470890925
open,180,4,5,0.43516722783881007,5.431230716676199
open,180,4,6,0.44564900912609434,5.534142077550352
open,180,4,7,0.4414333255406848,5.500465661399528
open,180,5,6,0.4534488934140528,5.643455796844823
open,180,5,7,0.44529320780708453,5.542308869040319
open,180,6,7,0.4547898204663231,5.675365170680792
open,181,0,1,0.4384481656368843,5.465127251525975
open,181,0,2,0.4453773780577759,5.554655601535017
open,181,0,3,0.44124833527379514,5.514043259384623
open,181,0,4,0.43936508197009194,5.479302377196454
open,181,0,5,0.4442753737303021,5.546451503922485
open,181,0,6,0.45138345556038345,5.62326905786568
open,181,0,7,0.4470820249511954,5.56973765024632
open,181,1,2,0.44211805294206347,5.525227252699549
open,181,1,3,0.4412049177878524,5.49930500836378
open,181,1,4,0.4360194336515182,5.431870215304957
open,181,1,5,0.44050674812138557,5.482832884046435
open,181,1,6,0.44818237556823,5.5797674584936425
open,181,1,7,0.43958397368331104,5.495763371493443
open,181,2,3,0.4481903844296458,5.5906938567264355
open,181,2,4,0.44194614524698,5.495016004581363
open,181,2,5,0.44716710136325766,5.5760269053958496
open,181,2,6,0.4564788450270575,5.689649337440255
open,181,2,7,0.4481421567982613,5.601815888386815
open,181,3,4,0.44001571052956684,5.475777046607502
open,181,3,5,0.44505468394843023,5.557013265166267
open,181,3,6,0.45409430614736157,5.647091856295588
open,181,3,7,0.44728146892368814,5.573986305074052
open,181,4,5,0.4351672771089029,5.431231331605873
open,181,4,6,0.4456490018980459,5.534141987791267
open,181,4,7,0.4414332738550852,5.500465017372787
open,181,5,6,0.45344906319423356,5.643457909865627
open,181,5,7,0.44529344704134954,5.542311846651847
open,181,6,7,0.4547899584836254,5.675366893011757
open,182,0,1,0.43844808395716006,5.465126233412269
open,182,0,2,0.4453772780060555,5.554654353710415
open,182,0,3,0.44124852606509163,5.514045643600898
open,182,0,4,0.4393649448585018,5.479300667283917
open,182,0,5,0.4442754296648555,5.546452202224273
open,182,0,6,0.45138350611603406,5.623269687680579
open,182,0,7,0.44708205418151664,5.569738014396994
open,182,1,2,0.4421179795271044,5.5252263352198625
open,182,1,3,0.4412049696412123,5.499305654678973
open,182,1,4,0.436019309581731,5.43186866966059
open,182,1,5,0.440506871514543,5.482834419877756
open,182,1,6,0.4481824147015226,5.579767945694131
open,182,1,7,0.4395839965696165,5.495763657622435
open,182,2,3,0.4481904316708023,5.5906944460091434
open,182,2,4,0.44194606251020774,5.4950149758589895
open,182,2,5,0.4471671788426749,5.576027871538738
open,182,2,6,0.4564788784889089,5.689649754515882
open,182,2,7,0.44814210405864907,5.60181522913708
open,182,3,4,0.4400156645261301,5.4757764741175725
open,182,3,5,0.44505495506815096,5.557016650403945
open,182,3,6,0.4540943976328348,5.64709299400391
open,182,3,7,0.4472815741797962,5.573987616767349
open,182,4,5,0.4351673345202187,5.43123204814444
open,182,4,6,0.44564900748107983,5.534142057122294
open,182,4,7,0.44143323524574396,5.500464536282341
open,182,5,6,0.4534492529218799,5.6434602711451465
open,182,5,7,0.4452936788652619,5.54231473203097
open,182,6,7,0.454790105179381,5.675368723641962
open,183,0,1,0.4384480119371565,5.465125335704135
open,183,0,2,0.4453771651845895,5.554652946624158
open,183,0,3,0.44124870561101476,5.514047887289788
open,183,0,4,0.43936481197689015,5.479299010123254
open,183,0,5,0.4442754798056547,5.5464528281952985
open,183,0,6,0.4513835599072433,5.623270357803595
open,183,0,7,0.44708208262756616,5.569738368777228
open,183,1,2,0.44211790853146365,5.525225447974824
open,183,1,3,0.44120496547472776,5.499305602746711
open,183,1,4,0.4360191899164995,5.431867178887573
open,183,1,5,0.4405070037735695,5.482836066059439
open,183,1,6,0.4481824594784981,5.579768503157174
open,183,1,7,0.4395840161652847,5.495763902611247
open,183,2,3,0.4481903999649917,5.590694050513196
open,183,2,4,0.4419459928417845,5.495014109624257
open,183,2,5,0.4471672664977276,5.57602896456846
open,183,2,6,0.45647889762750443,5.689649993063404
open,183,2,7,0.44814204466983687,5.601814486771769
open,183,3,4,0.44001559158926384,5.475775566454486
open,183,3,5,0.4450552105029811,5.557019839797946
open,183,3,6,0.45409448023768906,5.647094021273341
open,183,3,7,0.4472816185888114,5.5739881701889855
open,183,4,5,0.4351673933477676,5.431232782358714
open,183,4,6,0.44564900590729056,5.534142037578722
open,183,4,7,0.44143320792098445,5.50046419580306
open,183,5,6,0.45344943124943043,5.643462490543327
open,183,5,7,0.4452939128013585,5.542317643699238
open,183,6,7,0.4547902479260761,5.6753705049914664
open,184,0,1,0.43844794976282286,5.465124560719379
open,184,0,2,0.44537705063806315,5.5546515180233005
open,184,0,3,0.44124889545440626,5.514050259660604
open,184,0,4,0.4393646819737324,5.479297388859662
open,184,0,5,0.4442755301296268,5.5464534564531025
open,184,0,6,0.4513836148574974,5.623271042365822
open,184,0,7,0.44708211229084804,5.569738738321717
open,184,1,2,0.44211784197520665,5.525224616209546
open,184,1,3,0.4412049638277738,5.499305582218603
open,184,1,4,0.4360190856886573,5.43186588043143
open,184,1,5,0.44050714676549635,5.482837845829765
open,184,1,6,0.44818250349839056,5.579769051194708
open,184,1,7,0.4395840223824116,5.495763980338963
open,184,2,3,0.4481903676820872,5.590693647818622
open,184,2,4,0.44194592568845786,5.495013274661426
open,184,2,5,0.44716735972070587,5.5760301270283845
open,184,2,6,0.45647891507457505,5.6896502105274
open,184,2,7,0.4481419855617047,5.601813747914982
open,184,3,4,0.44001553754215794,5.475774893865088
open,184,3,5,0.4450554908778134,5.557023340596205
open,184,3,6,0.4540945956348449,5.647095456346034
open,184,3,7,0.44728166713037193,5.573988775110076
open,184,4,5,0.4351674497984679,5.431233486908042
open,184,4,6,0.4456490127151056,5.534142122119279
open,184,4,7,0.441433191690529,5.500463993563995
open,184,5,6,0.45344961984167753,5.643464837692092
open,184,5,7,0.4452941460107493,5.542320546322616
open,184,6,7,0.4547903909863397,5.675372290254023
open,185,0,1,0.43844790939021894,5.4651240574867614
open,185,0,2,0.4453769470818178,5.55465022649098
open,185,0,3,0.4412490984952157,5.514052796952458
open,185,0,4,0.4393645604835638,5.479295873761178
open,185,0,5,0.444275580093115,5.54645408021053
open,185,0,6,0.45138367792756906,5.623271828083548
open,185,0,7,0.4470821455907767,5.569739153171467
open,185,1,2,0.44211778778230765,5.525223938951333
open,185,1,3,0.4412049397175227,5.499305281701498
open,185,1,4,0.4360190243614124,5.431865116425037
open,185,1,5,0.44050728238564696,5.482839533846179
open,185,1,6,0.4481825519386199,5.5797696542644175
open,185,1,7,0.4395839993131709,5.495763691922879
open,185,2,3,0.44819035087466136,5.590693438164029
open,185,2,4,0.44194586251183376,5.495012489143633
open,185,2,5,0.44716746003817825,5.576031377954322
open,185,2,6,0.4564789386817855,5.689650504772689
open,185,2,7,0.44814193126454055,5.601813069195714
open,185,3,4,0.440015520343266,5.4757746798334175
open,185,3,5,0.4450557834264076,5.557026993397709
open,185,3,6,0.4540947338541609,5.647097175233858
open,185,3,7,0.44728172674957006,5.573989518079809
open,185,4,5,0.4351675076914616,5.43123420945833
open,185,4,6,0.44564904729683524,5.534142551560838
open,185,4,7,0.4414331990863222,5.500464085719037
open,185,5,6,0.4534498123421447,5.643467233481107
open,185,5,7,0.44529437772300523,5.542323430312015
open,185,6,7,0.45479054226065413,5.675374178020496
open,186,0,1,0.4384478728834312,5.465123602440404
open,186,0,2,0.4453768775381445,5.554649359156505
open,186,0,3,0.4412492870984203,5.514055153825325
open,186,0,4,0.43936446098640414,5.479294632936528
open,186,0,5,0.44427563972769335,5.54645482470441
open,186,0,6,0.45138373855695985,5.62327258339563
open,186,0,7,0.4470821709139422,5.569739468646884
open,186,1,2,0.4421177421847929,5.525223369111153
open,186,1,3,0.44120487987997536,5.499304535869095
open,186,1,4,0.4360189988044002,5.431864798039289
open,186,1,5,0.4405074231451583,5.482841285830413
open,186,1,6,0.4481825979630562,5.57977022725806
open,186,1,7,0.4395839641382612,5.495763252159394
open,186,2,3,0.4481903423605902,5.590693331960133
open,186,2,4,0.4419458424377289,5.49501223954868
open,186,2,5,0.4471675700117949,5.576032749289206
open,186,2,6,0.4564789647954135,5.689650830258498
open,186,2,7,0.4481418931462146,5.601812592713329
open,186,3,4,0.44001551797733995,5.475774650390642
open,186,3,5,0.445056054067675,5.557030372661353
open,186,3,6,0.45409486615240885,5.647098820487606
open,186,3,7,0.4472817634375227,5.573989975282174
open,186,4,5,0.4351675955212964,5.431235305644039
open,186,4,6,0.44564910970961313,5.5341433266128925
open,186,4,7,0.44143322939685875,5.500464463402496
open,186,5,6,0.45345002146424196,5.643469836136729
open,186,5,7,0.445294601253379,5.542326212466226
open,186,6,7,0.4547906855281691,5.675375965869361
open,187,0,1,0.4384478540299201,5.4651233674369415
open,187,0,2,0.4453767977381209,5.554648363906926
open,187,0,3,0.44124946275366955,5.5140573488945535
open,187,0,4,0.43936438924054094,5.479293738197063
open,187,0,5,0.4442757026390833,5.546455610106874
open,187,0,6,0.45138380035959075,5.623273353323764
open,187,0,7,0.4470822004276767,5.5697398363283135
open,187,1,2,0.4421177059398896,5.525222916152206
open,187,1,3,0.441204795718276,5.499303486853465
open,187,1,4,0.4360190284599792,5.431865167484419
open,187,1,5,0.4405075699217906,5.482843112707639
open,187,1,6,0.4481826557794494,5.5797709470588535
open,187,1,7,0.43958391790942697,5.4957626741976195
open,187,2,3,0.4481903045170639,5.590692859902772
open,187,2,4,0.44194585948470905,5.49501245150534
open,187,2,5,0.4471676829163597,5.576034157172051
open,187,2,6,0.45647898592811076,5.6896510936609275
open,187,2,7,0.44814185012597996,5.601812054956659
open,187,3,4,0.44001556888441357,5.475775283903897
open,187,3,5,0.44505632515941024,5.557033757549599
open,187,3,6,0.45409501438532013,5.6471006639039505
open,187,3,7,0.44728178666091295,5.573990264690228
open,187,4,5,0.43516771279633837,5.431236769329192
open,187,4,6,0.4456492131396212,5.534144611023602
open,187,4,7,0.4414332956674037,5.500465289164476
open,187,5,6,0.45345023319768424,5.643472471292178
open,187,5,7,0.44529482508697277,5.542328998394441
open,187,6,7,0.45479082979608804,5.675377766202363
open,188,0,1,0.43844783010770755,5.4651230692536075
open,188,0,2,0.44537670353105696,5.554647188975686
open,188,0,3,0.44124961628433695,5.514059267484776
open,188,0,4,0.4393643441363179,5.4792931757043055
open,188,0,5,0.4442757806164322,5.546456583596763
open,188,0,6,0.45138385638506345,5.623274051280908
open,188,0,7,0.4470822223916262,5.569740109954695
open,188,1,2,0.44211765647544427,5.525222297986312
open,188,1,3,0.44120471485542934,5.499302478955684
open,188,1,4,0.43601909339248573,5.431865976404667
open,188,1,5,0.44050772165480884,5.482845001275262
open,188,1,6,0.4481827040812996,5.579771548405775
open,188,1,7,0.4395838625885447,5.495761982565311
open,188,2,3,0.44819025100764875,5.590692192430267
open,188,2,4,0.44194590775443854,5.495013051675607
open,188,2,5,0.4471677989663965,5.5760356042779
open,188,2,6,0.4564790000780722,5.689651270029054
open,188,2,7,0.44814179005923693,5.6018113041171524
open,188,3,4,0.44001564212980737,5.475776195406456
open,188,3,5,0.44505659234163797,5.557037093623204
open,188,3,6,0.454095160385042,5.647102479548474
open,188,3,7,0.44728181690337543,5.573990641569405
open,188,4,5,0.43516785658254115,5.431238563894571
open,188,4,6,0.4456493477892937,5.534146283125195
open,188,4,7,0.4414333811929302,5.50046635485253
open,188,5,6,0.4534504502424353,5.643475172550194
open,188,5,7,0.4452950537248436,5.542331844118736
open,188,6,7,0.45479096311323597,5.675379429879657
open,189,0,1,0.4384478078586687,5.465122791925891
open,189,0,2,0.445376599728136,5.554645894366877
open,189,0,3,0.4412497872800273,5.514061404326002
open,189,0,4,0.43936429884880174,5.479292610925707
open,189,0,5,0.4442758538958091,5.546457498435924
open,189,0,6,0.45138391579127507,5.623274791354802
open,189,0,7,0.44708224118463785,5.569740344077604
open,189,1,2,0.4421176057064306,5.525221663516998
open,189,1,3,0.44120461683029005,5.499301257142151
open,189,1,4,0.4360191646703084,5.4318668643739905
open,189,1,5,0.4405078770297766,5.482846935172952
open,189,1,6,0.4481827408646362,5.579772006349853
open,189,1,7,0.4395837975630859,5.4957611696045205
open,189,2,3,0.44819022107750806,5.5906918190838955
open,189,2,4,0.44194596489651694,5.495013762161802
open,189,2,5,0.44716791350317026,5.576037032513855
open,189,2,6,0.45647901047616063,5.689651399633038
open,189,2,7,0.44814172497826343,5.6018104905993304
open,189,3,4,0.4400157091892202,5.475777029927554
open,189,3,5,0.4450568589647866,5.55704042271607
open,189,3,6,0.45409531098788763,5.647104352437193
open,189,3,7,0.4472818457046015,5.573991000488007
open,189,4,5,0.4351680169303913,5.4312405651623905
open,189,4,6,0.4456494922158302,5.53414807663748
open,189,4,7,0.44143346413049067,5.500467388293317
open,189,5,6,0.4534506615830103,5.643477802816164
open,189,5,7,0.4452952819958527,5.542334685276912
open,189,6,7,0.4547910869204868,5.675380974882047
open,190,0,1,0.4384477947691639,5.465122628769069
open,190,0,2,0.4453764905170369,5.554644532308378
open,190,0,3,0.44124996538320904,5.514063629985728
open,190,0,4,0.43936424773147414,5.47929197344379
open,190,0,5,0.44427593551035527,5.546458517333548
open,190,0,6,0.4513839785365608,5.623275573026392
open,190,0,7,0.44708225909139665,5.569740567159596
open,190,1,2,0.4421175572237275,5.52522105762011
open,190,1,3,0.44120450661125804,5.499299883340432
open,190,1,4,0.4360192363705073,5.431867757605221
open,190,1,5,0.4405080349129316,5.482848900289168
open,190,1,6,0.4481827811998938,5.579772508514529
open,190,1,7,0.43958373056976113,5.495760332041091
open,190,2,3,0.4481901727059638,5.590691215700814
open,190,2,4,0.4419460132442033,5.49501436330136
open,190,2,5,0.44716802825242186,5.576038463399339
open,190,2,6,0.4564790151477211,5.689651457860361
open,190,2,7,0.4481416550222123,5.6018096161426145
open,190,3,4,0.4400157762493143,5.475777864457129
open,190,3,5,0.4450571250353803,5.557043744909661
open,190,3,6,0.4540954625353846,5.647106237073543
open,190,3,7,0.44728186996600383,5.5739913028316845
open,190,4,5,0.43516817039942746,5.431242480577177
open,190,4,6,0.44564964756886355,5.534150005836786
open,190,4,7,0.4414335392113995,5.500468323836551
open,190,5,6,0.4534508786538848,5.643480504399303
open,190,5,7,0.44529551126159395,5.542337538815948
open,190,6,7,0.4547912020974714,5.6753824121865275
open,191,0,1,0.43844778438044474,5.465122499276744
open,191,0,2,0.4453763720469433,5.554643054773592
open,191,0,3,0.44125010438762174,5.514065367049153
open,191,0,4,0.4393641836822923,5.479291174689295
open,191,0,5,0.444276023379723,5.546459614318021
open,191,0,6,0.4513840402561569,5.623276341920092
open,191,0,7,0.447082273119896,5.569740741926321
open,191,1,2,0.4421175173567295,5.5252205593952075
open,191,1,3,0.44120440456114574,5.499298611358477
open,191,1,4,0.43601930789589144,5.431868648658632
open,191,1,5,0.4405081949715055,5.48285089248206
open,191,1,6,0.44818282833877243,5.5797730953827225
open,191,1,7,0.4395836657195845,5.4957595212717125
open,191,2,3,0.44819012143675807,5.590690576172517
open,191,2,4,0.44194604552252514,5.495014764639616
open,191,2,5,0.4471681436004618,5.576039901751517
open,191,2,6,0.45647902408306357,5.689651569232368
open,191,2,7,0.44814158087718575,5.6018086893233425
open,191,3,4,0.4400158100740017,5.475778285388569
open,191,3,5,0.4450573698454435,5.557046801641379
open,191,3,6,0.45409558457959287,5.647107754808616
open,191,3,7,0.4472818725305631,5.57399133479102
open,191,4,5,0.4351683058547109,5.431244171166103
open,191,4,6,0.44564979089079915,5.534151785631956
open,191,4,7,0.441433598370542,5.500469060987131
open,191,5,6,0.45345109372832826,5.643483181135607
open,191,5,7,0.44529574087595813,5.542340396694094
open,191,6,7,0.45479130535299317,5.675383700721946
open,192,0,1,0.4384477779971908,5.465122419711364
open,192,0,2,0.4453762537776715,5.554641579743414
open,192,0,3,0.4412502508035516,5.514067196730325
open,192,0,4,0.439364112522175,5.47929028725464
open,192,0,5,0.44427609867468526,5.546460554320284
open,192,0,6,0.4513841040448035,5.62327713658972
open,192,0,7,0.44708229016495166,5.569740954273234
open,192,1,2,0.4421174886735334,5.525220200936249
open,192,1,3,0.4412043114553825,5.499297450861462
open,192,1,4,0.43601937727296064,5.431869512948631
open,192,1,5,0.44050833948981705,5.48285269125076
open,192,1,6,0.4481828801237458,5.579773740093727
open,192,1,7,0.43958360581849015,5.495758772376711
open,192,2,3,0.4481900828649861,5.590690095031073
open,192,2,4,0.44194607326838214,5.495015109622664
open,192,2,5,0.44716825312473873,5.576041267483283
open,192,2,6,0.4564790402807154,5.6896517711233425
open,192,2,7,0.4481415047441737,5.601807737654078
open,192,3,4,0.4400158181541012,5.475778385941395
open,192,3,5,0.4450576148872721,5.557049861266951
open,192,3,6,0.4540957094257522,5.6471093073885985
open,192,3,7,0.44728187275238424,5.573991337555337
open,192,4,5,0.4351684272608137,5.431245686410158
open,192,4,6,0.4456499312528608,5.53415352867093
open,192,4,7,0.4414336465123721,5.500469660856846
open,192,5,6,0.4534513028839091,5.643485784207953
open,192,5,7,0.4452959628255752,5.542343159173534
open,192,6,7,0.45479140965844683,5.675385002359565
open,193,0,1,0.43844776771463034,5.465122291542277
open,193,0,2,0.4453761357344719,5.554640107532762
open,193,0,3,0.4412504179806838,5.514069285853083
open,193,0,4,0.43936403457870726,5.479289315225125
open,193,0,5,0.44427615884087734,5.54646130545097
open,193,0,6,0.4513841697813779,5.623277955526348
open,193,0,7,0.4470823106000275,5.5697412088529425
open,193,1,2,0.44211746621130205,5.525219920221784
open,193,1,3,0.4412042491649992,5.499296674456207
open,193,1,4,0.4360194514001563,5.4318704364150525
open,193,1,5,0.44050847615725935,5.482854392302447
open,193,1,6,0.4481829354941819,5.579774429442917
open,193,1,7,0.43958354791051185,5.495758048400031
open,193,2,3,0.4481900743247622,5.590689988500949
open,193,2,4,0.4419460939081082,5.495015366250369
open,193,2,5,0.4471683565417264,5.576042557059157
open,193,2,6,0.4564790634417869,5.689652059807861
open,193,2,7,0.4481414300747684,5.6018068042800255
open,193,3,4,0.44001585402611604,5.47577883235081
open,193,3,5,0.4450578699705631,5.557053046271588
open,193,3,6,0.4540958664478186,5.647111260106393
open,193,3,7,0.4472818873602542,5.573991519597458
open,193,4,5,0.43516853359958324,5.431247013601992
open,193,4,6,0.44565007144246555,5.534155269568306
open,193,4,7,0.4414337019340792,5.500470351437233
open,193,5,6,0.4534515098137345,5.643488359579378
open,193,5,7,0.44529617239588054,5.542345767574789
open,193,6,7,0.45479151629218223,5.675386333052032
open,194,0,1,0.4384477505429793,5.465122077502704
open,194,0,2,0.4453760196005254,5.554638659133926
open,194,0,3,0.4412505702757399,5.514071189002535
open,194,0,4,0.43936395058357186,5.47928826772553
open,194,0,5,0.4442762044219635,5.5464618744973295
open,194,0,6,0.4513842422412311,5.623278858220599
open,194,0,7,0.44708233370615497,5.56974149670855
open,194,1,2,0.4421174346205048,5.525219525426021
open,194,1,3,0.44120421610941263,5.4992962624418675
open,194,1,4,0.4360195152597277,5.431871231968822
open,194,1,5,0.4405086087125863,5.4828560421720764
open,194,1,6,0.4481829971209431,5.579775196681915
open,194,1,7,0.4395834968476036,5.495757410001733
open,194,2,3,0.44819005485913427,5.590689745688139
open,194,2,4,0.44194611171971354,5.495015587714132
open,194,2,5,0.4471684563376687,5.576043801481785
open,194,2,6,0.45647908462369113,5.6896523238236165
open,194,2,7,0.4481413564939224,5.601805884513059
open,194,3,4,0.44001588427582716,5.475779208793445
open,194,3,5,0.44505812719959004,5.557056258068175
open,194,3,6,0.454096053195291,5.647113582487705
open,194,3,7,0.4472819127799349,5.573991836375509
open,194,4,5,0.4351686305884852,5.431248224100095
open,194,4,6,0.44565020720269954,5.534156955461033
open,194,4,7,0.4414337500195979,5.5004709506052825
open,194,5,6,0.4534517113657198,5.643490868020211
open,194,5,7,0.44529637213971796,5.542348253671639
open,194,6,7,0.4547916222164901,5.675387654891485
open,195,0,1,0.43844772117403846,5.465121711427506
open,195,0,2,0.44537591170146196,5.5546373134388665
open,195,0,3,0.4412507441479334,5.514073361789874
open,195,0,4,0.43936385066329825,5.479287021624247
open,195,0,5,0.4442762372053603,5.546462283773943
open,195,0,6,0.45138430749944114,5.623279671197833
open,195,0,7,0.4470823547609625,5.569741759008861
open,195,1,2,0.4421173994161266,5.5252190854707
open,195,1,3,0.441204210913678,5.499296197680737
open,195,1,4,0.43601955728554725,5.431871755520709
open,195,1,5,0.4405087282362538,5.482857529841215
open,195,1,6,0.448183048579353,5.579775837327278
open,195,1,7,0.43958345474384264,5.495756883612416
open,195,2,3,0.4481900511888685,5.590689699905514
open,195,2,4,0.4419461230888306,5.495015729074071
open,195,2,5,0.4471685418203877,5.576044867423218
open,195,2,6,0.45647911417412285,5.689652692146478
open,195,2,7,0.4481412872889101,5.601805019444394
open,195,3,4,0.4400159242028131,5.475779705664961
open,195,3,5,0.4450583887325563,5.557059523604333
open,195,3,6,0.45409625393568126,5.647116078884176
open,195,3,7,0.4472819571761769,5.573992389637967
open,195,4,5,0.43516873124746674,5.431249480403689
open,195,4,6,0.4456503487976697,5.5341587138104655
open,195,4,7,0.44143379043976566,5.500471454259474
open,195,5,6,0.4534519119090911,5.64349336390821
open,195,5,7,0.4452965671237952,5.542350680526488
open,195,6,7,0.45479172879750573,5.675388984926056
open,196,0,1,0.4384476872798344,5.465121288946235
open,196,0,2,0.4453757942336725,5.554635848404613
open,196,0,3,0.4412509194022052,5.514075551848304
open,196,0,4,0.43936373048518357,5.479285522888328
open,196,0,5,0.4442762859834578,5.546462892732639
open,196,0,6,0.45138436949839844,5.623280443571773
open,196,0,7,0.44708237279905494,5.569741983727005
open,196,1,2,0.44211736010255476,5.5252185941620615
open,196,1,3,0.4412042401821879,5.499296562491863
open,196,1,4,0.4360195798819372,5.431872037023432
open,196,1,5,0.4405088321714182,5.482858823485727
open,196,1,6,0.4481831025003548,5.579776508631345
open,196,1,7,0.43958342530714434,5.495756515589154
open,196,2,3,0.4481900532439383,5.590689725540304
open,196,2,4,0.4419461156617515,5.495015636728162
open,196,2,5,0.4471686504929748,5.576046222534692
open,196,2,6,0.4564791373881786,5.689652981491402
open,196,2,7,0.44814121406959523,5.601804104196598
open,196,3,4,0.44001596460294745,5.475780208424575
open,196,3,5,0.44505868841717433,5.5570632655072
open,196,3,6,0.45409648250529394,5.647118921363328
open,196,3,7,0.44728202148135604,5.573993191004026
open,196,4,5,0.43516884235511855,5.431250867114941
open,196,4,6,0.4456504764494834,5.534160299011508
open,196,4,7,0.44143381538709403,5.500471765114852
open,196,5,6,0.45345213167598736,5.643496099045031
open,196,5,7,0.4452967450594462,5.5423528951893655
open,196,6,7,0.45479182756780995,5.675390217490022
open,197,0,1,0.4384476573320069,5.465120915655385
open,197,0,2,0.44537571109530033,5.554634811519833
open,197,0,3,0.44125107905333844,5.514077546922698
open,197,0,4,0.43936359857835006,5.47928387788408
open,197,0,5,0.4442763364857493,5.54646352321663
open,197,0,6,0.45138442923214633,5.623281187726066
open,197,0,7,0.4470823879969315,5.569742173061804
open,197,1,2,0.4421173287759659,5.5252182026681576
open,197,1,3,0.4412042853233338,5.49929712514409
open,197,1,4,0.4360195974259809,5.431872255584718
open,197,1,5,0.4405089326083361,5.482860073588793
open,197,1,6,0.44818315941599673,5.579777217217991
open,197,1,7,0.43958339432462246,5.495756128239707
open,197,2,3,0.4481900595322007,5.590689803979626
open,197,2,4,0.4419461080611513,5.495015542224748
open,197,2,5,0.44716873600450346,5.5760472888353725
open,197,2,6,0.456479173352949,5.689653429763944
open,197,2,7,0.44814115636240653,5.601803382851726
open,197,3,4,0.4400159670129291,5.4757802384156
open,197,3,5,0.4450589928917555,5.557067067218197
open,197,3,6,0.4540966910923333,5.647121515340296
open,197,3,7,0.447282085530545,5.573993989179955
open,197,4,5,0.435168937938042,5.431252060065321
open,197,4,6,0.4456506002351385,5.534161836201961
open,197,4,7,0.441433816783764,5.500471782518012
open,197,5,6,0.45345234371938015,5.643498738058008
open,197,5,7,0.4452969237270884,5.5423551189629165
open,197,6,7,0.45479193299632475,5.675391533142426
open,198,0,1,0.4384476244686766,5.465120506023652
open,198,0,2,0.44537565516298716,5.554634113943458
open,198,0,3,0.4412512762398795,5.514080011056906
open,198,0,4,0.4393634551096764,5.479282088692638
open,198,0,5,0.4442763780558769,5.546464042189119
open,198,0,6,0.45138448692105326,5.62328190640603
open,198,0,7,0.4470824028299138,5.5697423578507586
open,198,1,2,0.44211729586072007,5.525217791320528
open,198,1,3,0.4412043173826343,5.499297524740434
open,198,1,4,0.43601960414470187,5.431872339285621
open,198,1,5,0.4405090376932409,5.48286138154372
open,198,1,6,0.44818321306600406,5.579777885148239
open,198,1,7,0.4395833772635978,5.4957559149394966
open,198,2,3,0.44819008146543254,5.590690077573145
open,198,2,4,0.44194610411222923,5.495015493125123
open,198,2,5,0.4471688215193118,5.576048355176949
open,198,2,6,0.4564792208658023,5.689654021974245
open,198,2,7,0.44814111931066203,5.601802919701701
open,198,3,4,0.4400159715659422,5.4757802950755865
open,198,3,5,0.4450593174760149,5.55707112002137
open,198,3,6,0.45409691594016643,5.647124311535602
open,198,3,7,0.44728215413281036,5.573994844095963
open,198,4,5,0.4351690415917343,5.431253353745271
open,198,4,6,0.4456507201018896,5.534163324726826
open,198,4,7,0.4414338105901525,5.500471705342717
open,198,5,6,0.4534525535898255,5.643501350027291
open,198,5,7,0.44529710574264914,5.542357384406087
open,198,6,7,0.45479204445522614,5.675392924048595
open,199,0,1,0.43844759016377305,5.465120078423133
open,199,0,2,0.4453756167724455,5.554633635144472
open,199,0,3,0.441251497832398,5.514082780179496
open,199,0,4,0.4393632859255869,5.47927997880539
open,199,0,5,0.44427641747345853,5.5464645342886545
open,199,0,6,0.4513845316876925,5.623282464102272
open,199,0,7,0.4470824138305055,5.569742494895879
open,199,1,2,0.4421172587962973,5.525217328119902
open,199,1,3,0.4412043058822665,5.499297381396541
open,199,1,4,0.43601961077602547,5.43187242189774
open,199,1,5,0.44050913467130587,5.4828625885956574
open,199,1,6,0.44818325797515207,5.5797784442567995
open,199,1,7,0.43958335393160675,5.495755623238457
open,199,2,3,0.4481901099711794,5.590690433151733
open,199,2,4,0.44194609169932453,5.495015338787065
open,199,2,5,0.44716890124852865,5.576049349374101
open,199,2,6,0.4564792737135596,5.689654680679924
open,199,2,7,0.4481410903257818,5.60180255738818
open,199,3,4,0.44001596383726954,5.475780198896093
open,199,3,5,0.44505963462345566,5.557075079967414
open,199,3,6,0.4540971505334764,5.647127228925123
open,199,3,7,0.4472822265693673,5.573995746794608
open,199,4,5,0.4351691558015927,5.431254779174512
open,199,4,6,0.445650860436622,5.534165067426421
open,199,4,7,0.44143379699250185,5.500471535909631
open,199,5,6,0.4534527769900055,5.643504130382607
open,199,5,7,0.4452972776878474,5.542359524509238
open,199,6,7,0.4547921626171591,5.675394398602529
open,200,0,1,0.4384475619108043,5.465119726258199
open,200,0,2,0.44537556628743313,5.554633005505719
open,200,0,3,0.4412517270539697,5.514085644638263
open,200,0,4,0.4393631180717765,5.479277885507993
open,200,0,5,0.4442764678891585,5.546465163691614
open,200,0,6,0.45138456968850443,5.623282937510829
open,200,0,7,0.4470824293608964,5.569742688373133
open,200,1,2,0.44211723358921334,5.52521701310253
open,200,1,3,0.4412042885328997,5.499297165149043
open,200,1,4,0.4360196263427781,5.431872615826205
open,200,1,5,0.4405092222612105,5.482863678796457
open,200,1,6,0.4481832991068983,5.579778956337576
open,200,1,7,0.439583333423745,5.495755366845226
open,200,2,3,0.4481901560190239,5.590691007549155
open,200,2,4,0.4419460768491888,5.4950151541452605
open,200,2,5,0.4471689923487353,5.576050485363761
open,200,2,6,0.4564793342347323,5.6896554350286825
open,200,2,7,0.4481410550539351,5.601802116487033
open,200,3,4,0.4400159627108213,5.475780184878004
open,200,3,5,0.44505995747615784,5.557079111150128
open,200,3,6,0.45409738214184847,5.64713010919412
open,200,3,7,0.44728230658949075,5.573996743999061
open,200,4,5,0.4351692919414853,5.4312564783079
open,200,4,6,0.4456510051688012,5.534166864734226
open,200,4,7,0.4414337892347048,5.500471439243852
open,200,5,6,0.45345301250777664,5.643507061548941
open,200,5,7,0.44529745124146514,5.542361684631463
open,200,6,7,0.45479228842711156,5.675395968596821
open,201,0,1,0.4384475227710437,5.46511923839261
open,201,0,2,0.4453755064978676,5.5546322598224815
open,201,0,3,0.44125194279634333,5.514088340654737
open,201,0,4,0.4393629529294003,5.479275826024771
open,201,0,5,0.44427650073050295,5.546465573691662
open,201,0,6,0.45138459984723134,5.623283313223836
open,201,0,7,0.44708244877618425,5.569742930248346
open,201,1,2,0.4421172049984751,5.525216655799034
open,201,1,3,0.4412043045104496,5.499297364297821
open,201,1,4,0.43601964297212203,5.431872822992289
open,201,1,5,0.4405093262100929,5.482864972611713
open,201,1,6,0.448183335810511,5.57977941328911
open,201,1,7,0.4395833324851788,5.495755355111091
open,201,2,3,0.4481901996069821,5.590691551262136
open,201,2,4,0.44194605066128273,5.4950148285332725
open,201,2,5,0.44716908803100447,5.576051678490235
open,201,2,6,0.45647939725435105,5.689656220518604
open,201,2,7,0.4481410201656599,5.601801680380562
open,201,3,4,0.44001596464913534,5.4757802089993595
open,201,3,5,0.4450602847094352,5.5570831970293
open,201,3,6,0.4540976122720639,5.6471329710808424
open,201,3,7,0.4472824007723313,5.573997917698174
open,201,4,5,0.4351694294036605,5.43125819394442
open,201,4,6,0.4456511604691316,5.534168793279058
open,201,4,7,0.441433790103147,5.500471450065048
open,201,5,6,0.45345322832558815,5.643509747536926
open,201,5,7,0.44529764111823694,5.542364047918614
open,201,6,7,0.45479242335114306,5.675397652326567
open,202,0,1,0.4384474907534681,5.465118839302961
open,202,0,2,0.4453754450491758,5.554631493446961
open,202,0,3,0.44125217928583554,5.5140912959368
open,202,0,4,0.4393627948447624,5.47927385455829
open,202,0,5,0.4442765232943563,5.5464658553847865
open,202,0,6,0.4513846298002998,5.623283686374782
open,202,0,7,0.44708246981843186,5.569743192392186
open,202,1,2,0.4421171815759048,5.525216363083043
open,202,1,3,0.44120430277325234,5.499297342644894
open,202,1,4,0.436019671839578,5.43187318261909
open,202,1,5,0.4405094207456079,5.482866149262088
open,202,1,6,0.44818336930434477,5.579779830279634
open,202,1,7,0.4395833219579134,5.495755223497194
open,202,2,3,0.44819025639139776,5.590692259586756
open,202,2,4,0.44194602504775604,5.495014510062933
open,202,2,5,0.44716918326998356,5.576052866089029
open,202,2,6,0.4564794657044333,5.689657073694976
open,202,2,7,0.4481409842680624,5.6018012316574755
open,202,3,4,0.4400159812726211,5.475780415870386
open,202,3,5,0.4450606060734332,5.557087209623851
open,202,3,6,0.4540978456512948,5.647135873372142
open,202,3,7,0.4472824901951936,5.573999032078815
open,202,4,5,0.4351695658717031,5.43125989717338
open,202,4,6,0.4456513088018212,5.534170635298589
open,202,4,7,0.44143379526818427,5.500471514423828
open,202,5,6,0.4534534413931672,5.643512399296543
open,202,5,7,0.4452978303854646,5.542366403619119
open,202,6,7,0.45479256834565124,5.6753994617267445
open,203,0,1,0.43844745709667926,5.4651184197810005
open,203,0,2,0.4453753750072072,5.554630619897849
open,203,0,3,0.4412524385024866,5.51409453522795
open,203,0,4,0.43936263481904975,5.4792718588847515
open,203,0,5,0.4442765343849971,5.5464659938432845
open,203,0,6,0.45138466419996776,5.623284114920812
open,203,0,7,0.44708249215154516,5.569743470617601
open,203,1,2,0.44211715697680404,5.525216055663744
open,203,1,3,0.4412042995527696,5.499297302503871
open,203,1,4,0.43601969565767973,5.431873479341729
open,203,1,5,0.4405095098294087,5.482867258056889
open,203,1,6,0.44818340919550576,5.57978032691541
open,203,1,7,0.43958330849904514,5.495755055231835
open,203,2,3,0.4481903153099958,5.59069299453301
open,203,2,4,0.44194599403023127,5.495014124401021
open,203,2,5,0.44716927463295664,5.576054005355299
open,203,2,6,0.45647953241862005,5.689657905234778
open,203,2,7,0.44814094482519107,5.601800738618157
open,203,3,4,0.44001601915216115,5.475780887262455
open,203,3,5,0.4450609338446567,5.557091302219891
open,203,3,6,0.45409810289392766,5.647139072427399
open,203,3,7,0.44728258369334634,5.574000197245402
open,203,4,5,0.43516969857268306,5.431261553386422
open,203,4,6,0.4456514538211294,5.53417243617201
open,203,4,7,0.44143379861260107,5.500471556096825
open,203,5,6,0.45345364126269916,5.643514886798189
open,203,5,7,0.4452980277200361,5.542368859729221
open,203,6,7,0.4547927170329314,5.6754013172093725
open,204,0,1,0.4384474250568544,5.46511802041402
open,204,0,2,0.44537529809487486,5.554629660662965
open,204,0,3,0.4412526976470332,5.51409777361805
open,204,0,4,0.4393624968455329,5.479270138223165
open,204,0,5,0.44427654284031654,5.546466099401734
open,204,0,6,0.4513846942027845,5.623284488691515
open,204,0,7,0.44708251686550227,5.569743778503513
open,204,1,2,0.4421171261635548,5.525215670585136
open,204,1,3,0.44120429231314706,5.499297212267133
open,204,1,4,0.4360196795545249,5.431873278730839
open,204,1,5,0.4405096090376229,5.482868492866711
open,204,1,6,0.4481834434352089,5.5797807531918355
open,204,1,7,0.4395832885875988,5.495754806295104
open,204,2,3,0.44819036147001234,5.590693570329658
open,204,2,4,0.44194593297314716,5.495013365236906
open,204,2,5,0.4471693594327176,5.57605506278047
open,204,2,6,0.4564795947274971,5.689658681865864
open,204,2,7,0.44814090543137874,5.601800246192081
open,204,3,4,0.4400160963807927,5.47578184833443
open,204,3,5,0.44506125813727776,5.557095351381627
open,204,3,6,0.45409836385173336,5.647142317684342
open,204,3,7,0.447282698806892,5.574001631781307
open,204,4,5,0.4351697766082923,5.4312625273324615
open,204,4,6,0.44565153043314515,5.534173387552516
open,204,4,7,0.44143378233164127,5.500471353228453
open,204,5,6,0.4534538255603874,5.643517180498476
open,204,5,7,0.44529823097346993,5.542371389508003
open,204,6,7,0.45479286431034793,5.675403155098178
open,205,0,1,0.4384473826629022,5.465117491985891
open,205,0,2,0.44537521749589776,5.554628655449
open,205,0,3,0.44125296565985606,5.514101122830231
open,205,0,4,0.4393624281596453,5.479269281644519
open,205,0,5,0.4442765586589452,5.546466296885686
open,205,0,6,0.45138471775530364,5.623284782105353
open,205,0,7,0.44708253844776225,5.569744047374815
open,205,1,2,0.4421170895845041,5.5252152134502905
open,205,1,3,0.44120431971814716,5.499297553850938
open,205,1,4,0.4360195459329968,5.431871614092195
open,205,1,5,0.44050972030306684,5.48286987774864
open,205,1,6,0.44818348211762266,5.579781234778987
open,205,1,7,0.4395832753505208,5.495754640802609
open,205,2,3,0.4481903986856099,5.590694034554281
open,205,2,4,0.4419458367713675,5.495012169094967
open,205,2,5,0.4471694508720854,5.576056202999359
open,205,2,6,0.456479647965546,5.68965934543622
open,205,2,7,0.4481408602843527,5.601799681850333
open,205,3,4,0.44001624653075605,5.475783716876173
open,205,3,5,0.4450616101385803,5.557099746517727
open,205,3,6,0.45409862454521144,5.64714555965412
open,205,3,7,0.44728281814167015,5.574003118921879
open,205,4,5,0.4351697014303485,5.431261589052344
open,205,4,6,0.44565142448284395,5.534172071844396
open,205,4,7,0.441433697189478,5.500470292317283
open,205,5,6,0.453454024119558,5.643519651691854
open,205,5,7,0.4452984454498414,5.542374058972245
open,205,6,7,0.45479300259079397,5.675404880712939
open,206,0,1,0.4384473422864964,5.465116988705885
open,206,0,2,0.4453751265563609,5.55462752126969
open,206,0,3,0.44125323685955364,5.514104511867072
open,206,0,4,0.4393623714153852,5.479268573989377
open,206,0,5,0.4442765946748652,5.546466746517976
open,206,0,6,0.4513847447900687,5.6232851189005
open,206,0,7,0.4470825530050673,5.569744228729388
open,206,1,2,0.44211705237639876,5.525214748454038
open,206,1,3,0.44120436081366876,5.4992980660773405
open,206,1,4,0.43601945999863306,5.431870543533695
open,206,1,5,0.4405098323891342,5.482871272844581
open,206,1,6,0.44818352020761204,5.579781708990591
open,206,1,7,0.4395832502343836,5.495754326795832
open,206,2,3,0.44819045944340546,5.59069479244255
open,206,2,4,0.44194576822501414,5.4950113168116905
open,206,2,5,0.44716956230113086,5.576057592482963
open,206,2,6,0.4564796858899227,5.689659818133711
open,206,2,7,0.44814080322691763,5.601798968627439
open,206,3,4,0.44001640931284686,5.475785742618471
open,206,3,5,0.4450619836552131,5.557104410297163
open,206,3,6,0.454098885465031,5.647148804438668
open,206,3,7,0.44728295407420476,5.574004812902379
open,206,4,5,0.435169651794744,5.431260969560796
open,206,4,6,0.44565133408054225,5.53417094921387
open,206,4,7,0.44143363451119283,5.50046951131654
open,206,5,6,0.45345424058238915,5.643522345707512
open,206,5,7,0.4452986508399226,5.542376615344651
open,206,6,7,0.45479312341526223,5.6754063884929025
open,207,0,1,0.4384472920877057,5.465116362992744
open,207,0,2,0.4453750323023486,5.554626345752919
open,207,0,3,0.4412535146843756,5.514107983694532
open,207,0,4,0.4393623047790174,5.479267742970201
open,207,0,5,0.44427661173067795,5.546466959447263
open,207,0,6,0.45138477123824494,5.623285448388011
open,207,0,7,0.44708256588245077,5.569744389155538
open,207,1,2,0.44211700916447755,5.525214208427041
open,207,1,3,0.4412044149369203,5.499298740685116
open,207,1,4,0.4360193898479986,5.431869669606726
open,207,1,5,0.4405099268786714,5.482872448922686
open,207,1,6,0.44818356627366446,5.579782282502345
open,207,1,7,0.43958322133281463,5.4957539654628595
open,207,2,3,0.44819053252025015,5.5906957039977305
open,207,2,4,0.44194572792685727,5.495010815757389
open,207,2,5,0.4471696837848193,5.576059107344662
open,207,2,6,0.4564797180987774,5.689660219591721
open,207,2,7,0.448140751488912,5.601798321897875
open,207,3,4,0.4400165644608229,5.475787673358
open,207,3,5,0.4450623484753088,5.557108965490456
open,207,3,6,0.45409915395680833,5.647152143387668
open,207,3,7,0.4472831004439438,5.574006636950495
open,207,4,5,0.4351696288187216,5.431260682801889
open,207,4,6,0.4456512625570241,5.534170061023157
open,207,4,7,0.4414335817660173,5.500468854086988
open,207,5,6,0.45345445778696886,5.643525048954697
open,207,5,7,0.4452988344177508,5.5423789002324675
open,207,6,7,0.45479325017169414,5.6754079702984015
open,208,0,1,0.43844723750278164,5.465115682607742
open,208,0,2,0.44537492750336066,5.554625038721367
open,208,0,3,0.44125377081654105,5.514111184440523
open,208,0,4,0.43936223583660355,5.479266883192427
open,208,0,5,0.44427663883008695,5.546467297763466
open,208,0,6,0.4513847969363402,5.623285768531123
open,208,0,7,0.4470825817178455,5.569744586432523
open,208,1,2,0.44211695918709915,5.525213583850932
open,208,1,3,0.44120450772035563,5.499299897164543
open,208,1,4,0.4360193340655288,5.431868974676379
open,208,1,5,0.4405100196587104,5.4828736037232675
open,208,1,6,0.448183611877299,5.579782850257103
open,208,1,7,0.43958321144070134,5.495753841789757
open,208,2,3,0.4481906012898339,5.590696561824455
open,208,2,4,0.4419456985070402,5.495010449960861
open,208,2,5,0.44716981242744175,5.576060711475918
open,208,2,6,0.4564797486635625,5.689660600557698
open,208,2,7,0.4481406944891642,5.601797609396076
open,208,3,4,0.44001670964725537,5.475789480131066
open,208,3,5,0.4450627147574459,5.557113538938996
open,208,3,6,0.4540994055387156,5.647155272046452
open,208,3,7,0.44728325614011427,5.574008577223863
open,208,4,5,0.4351696318699635,5.431260720883798
open,208,4,6,0.4456512152804334,5.5341694739347425
open,208,4,7,0.441433547017658,5.5004684211061825
open,208,5,6,0.45345469398437405,5.643527988579503
open,208,5,7,0.44529901451834497,5.542381141841149
open,208,6,7,0.4547933866866108,5.675409673880954
open,209,0,1,0.4384471819153126,5.465114989726312
open,209,0,2,0.4453748254197486,5.554623765555428
open,209,0,3,0.4412539958432519,5.514113996478369
open,209,0,4,0.4393621745053652,5.479266118333284
open,209,0,5,0.4442766655194168,5.546467630960133
open,209,0,6,0.45138481913966666,5.623286045136916
open,209,0,7,0.4470825987708657,5.569744798878659
open,209,1,2,0.44211690872698317,5.525212953241967
open,209,1,3,0.4412045880773796,5.499300898757605
open,209,1,4,0.4360192922208239,5.431868453380794
open,209,1,5,0.4405101235833278,5.4828748972365045
open,209,1,6,0.4481836525898379,5.579783357118845
open,209,1,7,0.4395831985985485,5.495753681234692
open,209,2,3,0.4481906646612977,5.590697352315429
open,209,2,4,0.44194569961733327,5.495010463765888
open,209,2,5,0.4471699408745334,5.576062313168969
open,209,2,6,0.4564797675207963,5.689660835598268
open,209,2,7,0.4481406348372298,5.601796863741714
open,209,3,4,0.44001682971165584,5.475790974272917
open,209,3,5,0.44506306949944413,5.5571179682957945
open,209,3,6,0.4540996339159018,5.647158112132599
open,209,3,7,0.4472833937934723,5.574010292649128
open,209,4,5,0.4351696668206709,5.431261157096231
open,209,4,6,0.4456511641522086,5.534168839016109
open,209,4,7,0.4414335201077831,5.500468085796557
open,209,5,6,0.45345492069819326,5.643530810175136
open,209,5,7,0.44529920302660114,5.5423834880951715
open,209,6,7,0.4547935130273032,5.6754112504984
open,210,0,1,0.4384471323909638,5.46511437241989
open,210,0,2,0.4453747265545554,5.554622532528952
open,210,0,3,0.44125422096572653,5.514116809712923
open,210,0,4,0.4393621172010984,5.479265403694324
open,210,0,5,0.4442766991251508,5.546468050503021
open,210,0,6,0.45138485186416183,5.62328645281389
open,210,0,7,0.4470826118794519,5.569744962185127
open,210,1,2,0.44211685505606124,5.525212282506993
open,210,1,3,0.44120469136186813,5.499302186125179
open,210,1,4,0.43601925698097654,5.431868014367615
open,210,1,5,0.4405102320118938,5.482876246808809
open,210,1,6,0.4481836943425849,5.579783876930939
open,210,1,7,0.43958318043620814,5.49575345416562
open,210,2,3,0.4481907318491942,5.5906981904123025
open,210,2,4,0.44194571570501656,5.495010663794959
open,210,2,5,0.44717007237421036,5.576063952926757
open,210,2,6,0.45647977934151596,5.68966098293423
open,210,2,7,0.4481405728951049,5.601796089459772
open,210,3,4,0.44001693229177086,5.4757922508315175
open,210,3,5,0.4450634346522719,5.5571225276436245
open,210,3,6,0.45409986051351153,5.647160930088031
open,210,3,7,0.4472835260896187,5.574011941313246
open,210,4,5,0.4351697245192669,5.431261877220282
open,210,4,6,0.4456511255579963,5.534168359746886
open,210,4,7,0.4414334954254538,5.500467778243192
open,210,5,6,0.45345515747493687,5.643533757010172
open,210,5,7,0.44529939550015596,5.542385883702989
open,210,6,7,0.45479363171431475,5.6754127316048395
open,211,0,1,0.4384470959729849,5.46511391848051
open,211,0,2,0.4453746261524042,5.5546212803338495
open,211,0,3,0.4412544172689751,5.514119262809101
open,211,0,4,0.439362045300695,5.479264507027594
open,211,0,5,0.44427674637475617,5.546468640379617
open,211,0,6,0.4513848906924028,5.623286936530436
open,211,0,7,0.4470826207482331,5.5697450726722
open,211,1,2,0.4421168144733584,5.525211775337801
open,211,1,3,0.44120480879945945,5.4993036499010985
open,211,1,4,0.4360192222561883,5.431867581770973
open,211,1,5,0.44051033373707393,5.4828775129464224
open,211,1,6,0.4481837439665065,5.579784494737345
open,211,1,7,0.43958315793676195,5.495753172873218
open,211,2,3,0.4481908065703275,5.590699122478218
open,211,2,4,0.44194572464383525,5.495010774937351
open,211,2,5,0.44717020793761525,5.5760656433578975
open,211,2,6,0.45647978987913174,5.689661114277312
open,211,2,7,0.44814051111296305,5.601795317177632
open,211,3,4,0.4400170079316683,5.475793192132485
open,211,3,5,0.4450638011131238,5.557127103323623
open,211,3,6,0.45410005881483945,5.647163396152456
open,211,3,7,0.4472836640846772,5.574013660996755
open,211,4,5,0.43516980151532086,5.43126283819185
open,211,4,6,0.44565110099260646,5.534168054689868
open,211,4,7,0.4414334633852002,5.500467379006649
open,211,5,6,0.45345538350877346,5.643536570142994
open,211,5,7,0.44529959694836213,5.54238839101314
open,211,6,7,0.45479374174633147,5.67541410470478
open,212,0,1,0.4384470595060374,5.4651134639307495
open,212,0,2,0.44537452633749625,5.554620035462724
open,212,0,3,0.44125463209442856,5.514121947367316
open,212,0,4,0.439361973333682,5.479263609530179
open,212,0,5,0.44427676857738,5.5464689175630575
open,212,0,6,0.4513849371815244,5.623287515685112
open,212,0,7,0.4470826268790373,5.569745149049619
open,212,1,2,0.44211677748881434,5.525211313135434
open,212,1,3,0.44120493844682734,5.499305265863185
open,212,1,4,0.4360191963558669,5.431867259108326
open,212,1,5,0.44051043686172414,5.482878796502749
open,212,1,6,0.44818380098909205,5.5797852046554155
open,212,1,7,0.4395831394088446,5.495752941233632
open,212,2,3,0.4481908943081985,5.590700216913961
open,212,2,4,0.4419457459340034,5.495011039652444
open,212,2,5,0.44717033172674914,5.5760671869677445
open,212,2,6,0.4564798064720663,5.689661321095175
open,212,2,7,0.4481404595781699,5.601794672988241
open,212,3,4,0.44001708882044943,5.475794198753205
open,212,3,5,0.445064160377722,5.557131589150218
open,212,3,6,0.45410026836364786,5.64716600208993
open,212,3,7,0.44728380003828655,5.574015355239887
open,212,4,5,0.4351698888674597,5.431263928415538
open,212,4,6,0.4456510895198585,5.534167912219413
open,212,4,7,0.44143344463858897,5.500467145415107
open,212,5,6,0.45345558630541916,5.643539094074407
open,212,5,7,0.4452998087637191,5.542391027357263
open,212,6,7,0.4547938521878842,5.675415482915359
open,213,0,1,0.4384470209257926,5.46511298303936
open,213,0,2,0.44537442997702664,5.554618833674649
open,213,0,3,0.44125483217076117,5.514124447613697
open,213,0,4,0.43936189255696767,5.4792626021673705
open,213,0,5,0.4442768004724689,5.5464693157498
open,213,0,6,0.4513849833929184,5.623288091379898
open,213,0,7,0.447082639198835,5.569745302529377
open,213,1,2,0.4421167415996182,5.5252108646218225
open,213,1,3,0.44120509324704543,5.499307195337632
open,213,1,4,0.43601916122602224,5.4318668214655474
open,213,1,5,0.44051054182141797,5.482880102899219
open,213,1,6,0.44818386665508275,5.579786022181891
open,213,1,7,0.4395831316408937,5.495752844117216
open,213,2,3,0.44819098984679834,5.590701408655421
open,213,2,4,0.4419457679285919,5.4950113131260725
open,213,2,5,0.44717044789059085,5.576068635492703
open,213,2,6,0.45647981838150387,5.689661469536936
open,213,2,7,0.4481404085415711,5.601794035026323
open,213,3,4,0.44001716183031125,5.475795107324685
open,213,3,5,0.4450645150845327,5.55713601806766
open,213,3,6,0.4541004584038379,5.647168365419298
open,213,3,7,0.44728394771268054,5.57401719554651
open,213,4,5,0.43516999099970644,5.431265203106645
open,213,4,6,0.44565109314768947,5.53416795727041
open,213,4,7,0.4414334275677497,5.500466932704468
open,213,5,6,0.4534557833513729,5.643541546434851
open,213,5,7,0.44530001936097435,5.542393648540374
open,213,6,7,0.4547939599334032,5.675416827481878
open,214,0,1,0.4384469691892284,5.465112338158325
open,214,0,2,0.4453743309308433,5.5546175983909
open,214,0,3,0.44125502622480167,5.51412687260273
open,214,0,4,0.43936181637559796,5.4792616521129
open,214,0,5,0.4442768391633928,5.546469798777546
open,214,0,6,0.4513850336551516,5.623288717539446
open,214,0,7,0.4470826527547942,5.569745471409207
open,214,1,2,0.4421167010213946,5.525210357508608
open,214,1,3,0.441205295764607,5.499309719574773
open,214,1,4,0.4360191229150818,5.431866344193113
open,214,1,5,0.4405106565263406,5.482881530591131
open,214,1,6,0.44818393923629957,5.579786925801342
open,214,1,7,0.43958315453189506,5.495753130304917
open,214,2,3,0.44819109513916144,5.590702722064607
open,214,2,4,0.44194579792522437,5.4950116860945375
open,214,2,5,0.44717056332689764,5.576070074945539
open,214,2,6,0.45647982305242235,5.6896615277562566
open,214,2,7,0.4481403511563082,5.6017933177055514
open,214,3,4,0.4400172241126593,5.475795882397583
open,214,3,5,0.44506485899361153,5.557140312163154
open,214,3,6,0.45410064514060733,5.647170687667509
open,214,3,7,0.44728409318793233,5.574019008447597
open,214,4,5,0.4351700941527263,5.431266490537808
open,214,4,6,0.4456511115576166,5.5341681858878875
open,214,4,7,0.4414334121794666,5.500466740959263
open,214,5,6,0.4534559836011708,5.643544038669145
open,214,5,7,0.44530022332513963,5.542396187165222
open,214,6,7,0.45479406536770467,5.675418143206495
open,215,0,1,0.4384469245403251,5.465111781622896
open,215,0,2,0.4453742200296485,5.554616215253872
open,215,0,3,0.44125523323124627,5.514129459450995
open,215,0,4,0.43936175216592527,5.479260851356931
open,215,0,5,0.4442768913880323,5.5464704507637865
open,215,0,6,0.45138508263401367,5.623289327710945
open,215,0,7,0.447082663935651,5.569745610700066
open,215,1,2,0.4421166551659924,5.525209784445562
open,215,1,3,0.4412054738164043,5.499311938863592
open,215,1,4,0.4360191041675275,5.431866110638657
open,215,1,5,0.440510778228389,5.482883045373813
open,215,1,6,0.4481840010672,5.579787695581826
open,215,1,7,0.4395831632987738,5.495753239910121
open,215,2,3,0.4481912063667801,5.5907041095097325
open,215,2,4,0.4419458475879153,5.4950123035844385
open,215,2,5,0.4471706779685823,5.576071504489699
open,215,2,6,0.45647982962032496,5.689661609619991
open,215,2,7,0.44814028813382734,5.6017925299190665
open,215,3,4,0.4400173207839354,5.475797085423616
open,215,3,5,0.4450652100041898,5.557144694928936
open,215,3,6,0.454100844629136,5.647173168495898
open,215,3,7,0.4472842380277429,5.574020813429866
open,215,4,5,0.43517022545513856,5.431268129295621
open,215,4,6,0.44565114919731796,5.534168653303838
open,215,4,7,0.4414334163924732,5.5004667934552955
open,215,5,6,0.453456180677423,5.643546491406673
open,215,5,7,0.4453004389177035,5.542398870522071
open,215,6,7,0.4547941649915025,5.675419386421288
open,216,0,1,0.4384469030085274,5.465111513235379
open,216,0,2,0.44537411789713954,5.554614941478102
open,216,0,3,0.44125541850592676,5.514131774729085
open,216,0,4,0.43936167347656235,5.4792598700253885
open,216,0,5,0.44427695133158257,5.546471199114954
open,216,0,6,0.45138513695365057,5.6232900044170355
open,216,0,7,0.4470826598727485,5.5697455600845185
open,216,1,2,0.44211661874150093,5.525209329242271
open,216,1,3,0.44120563226535087,5.49931391381684
open,216,1,4,0.4360190887363828,5.431865918399576
open,216,1,5,0.4405108893023058,5.48288442787187
open,216,1,6,0.44818406594105803,5.579788503246433
open,216,1,7,0.4395831569141581,5.4957531600884275
open,216,2,3,0.4481913095837283,5.590705397030344
open,216,2,4,0.4419458701133773,5.495012583658777
open,216,2,5,0.4471707905083266,5.576072907823352
open,216,2,6,0.4564798371215057,5.689661703116301
open,216,2,7,0.448140229562736,5.601791797775337
open,216,3,4,0.4400173849172869,5.475797883531333
open,216,3,5,0.4450655511757413,5.557148954843292
open,216,3,6,0.4541010279848117,5.647175448697013
open,216,3,7,0.4472843674980731,5.574022426878885
open,216,4,5,0.43517034333278104,5.431269600501704
open,216,4,6,0.4456511889896135,5.5341691474510535
open,216,4,7,0.4414334174377254,5.500466806479627
open,216,5,6,0.453456380058175,5.643548972825146
open,216,5,7,0.44530064460984814,5.542401430654086
open,216,6,7,0.45479425486003444,5.675420507899195
open,217,0,1,0.4384468858268876,5.4651112990712996
open,217,0,2,0.4453740178308486,5.554613693471779
open,217,0,3,0.4412555988877798,5.514134028864142
open,217,0,4,0.43936159403677383,5.4792588793353225
open,217,0,5,0.4442770140654812,5.546471982301569
open,217,0,6,0.4513851991700719,5.6232907795001115
open,217,0,7,0.44708266174772004,5.569745583442872
open,217,1,2,0.4421165847398992,5.5252089043182595
open,217,1,3,0.441205769769564,5.4993156277089055
open,217,1,4,0.43601907350556607,5.431865728656153
open,217,1,5,0.44051100078759553,5.4828858154901425
open,217,1,6,0.44818412780981376,5.579789273498206
open,217,1,7,0.43958315192152686,5.495753097669591
open,217,2,3,0.4481914060167564,5.590706599928836
open,217,2,4,0.44194589285254643,5.49501286639028
open,217,2,5,0.4471708970473337,5.576074236329784
open,217,2,6,0.4564798496019627,5.68966185867537
open,217,2,7,0.4481401737041487,5.6017910995381435
open,217,3,4,0.44001743367911605,5.475798490348086
open,217,3,5,0.445065868346228,5.557152915077092
open,217,3,6,0.45410119998282733,5.64717758765489
open,217,3,7,0.4472844879943428,5.5740239284938715
open,217,4,5,0.43517046861435427,5.4312711641146905
open,217,4,6,0.44565123922204836,5.534169771245622
open,217,4,7,0.4414334215180671,5.500466857322593
open,217,5,6,0.45345657285553365,5.643551372309161
open,217,5,7,0.44530084576676365,5.542403934338709
open,217,6,7,0.45479434823793863,5.675421673170891
open,218,0,1,0.4384468627142182,5.465111010978682
open,218,0,2,0.44537390143657607,5.554612241826209
open,218,0,3,0.44125576333606104,5.514136083885915
open,218,0,4,0.439361493007594,5.479257619404918
open,218,0,5,0.44427707306078285,5.54647271881455
open,218,0,6,0.45138525535861784,5.623291479488796
open,218,0,7,0.4470826651219478,5.569745625478924
open,218,1,2,0.44211654587676585,5.52520841863883
open,218,1,3,0.4412058809466145,5.499317013451644
open,218,1,4,0.4360190503437326,5.431865440109213
open,218,1,5,0.4405111019398712,5.482887074497015
open,218,1,6,0.44818417957321244,5.5797899179406105
open,218,1,7,0.43958313434638685,5.495752877941811
open,218,2,3,0.4481914983079388,5.590707751162252
open,218,2,4,0.4419458865187765,5.495012787638226
open,218,2,5,0.4471709978897319,5.5760754938013735
open,218,2,6,0.45647984896045635,5.6896618506794985
open,218,2,7,0.44814011459683306,5.601790360691563
open,218,3,4,0.4400174529906483,5.475798730670516
open,218,3,5,0.44506617545305527,5.557156749654672
open,218,3,6,0.4541013585765012,5.6471795599171095
open,218,3,7,0.44728460716359886,5.57402541357172
open,218,4,5,0.4351705921419313,5.431272705836419
open,218,4,6,0.44565129073900867,5.534170410991638
open,218,4,7,0.44143340987348856,5.500466712225699
open,218,5,6,0.4534567547160224,5.643553635676972
open,218,5,7,0.44530104061927034,5.542406359555975
open,218,6,7,0.4547944401457598,5.675422820097281
open,219,0,1,0.4384468418468874,5.46511075087355
open,219,0,2,0.4453737821298527,5.554610753857148
open,219,0,3,0.441255971683568,5.514138687492715
open,219,0,4,0.4393613852773249,5.479256275905529
open,219,0,5,0.4442771388507988,5.546473540154544
open,219,0,6,0.45138530577501446,5.62329210756889
open,219,0,7,0.4470826687887141,5.569745671159415
open,219,1,2,0.4421165116330276,5.525207990688797
open,219,1,3,0.4412059593348246,5.499317990504843
open,219,1,4,0.4360190293489311,5.431865178558859
open,219,1,5,0.44051119775612957,5.482888267088353
open,219,1,6,0.44818422353442844,5.579790465247635
open,219,1,7,0.4395831151454308,5.495752637887767
open,219,2,3,0.44819157831288087,5.590708749138008
open,219,2,4,0.44194589218149927,5.495012858046697
open,219,2,5,0.4471711059601545,5.576076841404054
open,219,2,6,0.45647985595469404,5.689661937857164
open,219,2,7,0.44814005403098484,5.6017896036131996
open,219,3,4,0.4400174966506089,5.4757992739970485
open,219,3,5,0.4450665094945291,5.557160920541908
open,219,3,6,0.4541015368397782,5.647181776789434
open,219,3,7,0.44728471394153546,5.574026744229924
open,219,4,5,0.43517073294598557,5.431274463182229
open,219,4,6,0.4456513612169399,5.534171286198082
open,219,4,7,0.44143339522884945,5.500466529746648
open,219,5,6,0.4534569524073759,5.643556096069822
open,219,5,7,0.445301227082825,5.542408680360771
open,219,6,7,0.45479453874391634,5.675424050512999
open,220,0,1,0.43844681071560837,5.465110362831326
open,220,0,2,0.44537366195919664,5.554609255113294
open,220,0,3,0.44125618672400985,5.514141374737525
open,220,0,4,0.43936126618511906,5.4792547907119316
open,220,0,5,0.4442772011748412,5.546474318224406
open,220,0,6,0.4513853548845741,5.6232927193686
open,220,0,7,0.4470826740413704,5.569745736596887
open,220,1,2,0.44211647493761574,5.525207532099765
open,220,1,3,0.4412060390243917,5.49931898377853
open,220,1,4,0.43601900128973115,5.431864829001201
open,220,1,5,0.4405113017459804,5.482889561413528
open,220,1,6,0.448184268424746,5.579791024121761
open,220,1,7,0.4395831232843412,5.495752739641989
open,220,2,3,0.4481916621873415,5.590709795381855
open,220,2,4,0.44194588006734464,5.4950127074232
open,220,2,5,0.44717121063222076,5.576078146630345
open,220,2,6,0.4564798770456886,5.689662200739802
open,220,2,7,0.4481399908821573,5.601788814247369
open,220,3,4,0.4400175398676668,5.475799811811877
open,220,3,5,0.44506684316973105,5.557165086855825
open,220,3,6,0.4541017363539036,5.647184257936142
open,220,3,7,0.4472848164443001,5.574028021611274
open,220,4,5,0.4351708458393809,5.431275872180971
open,220,4,6,0.445651433442823,5.534172183110877
open,220,4,7,0.44143337928144577,5.5004663310345405
open,220,5,6,0.4534571512114106,5.643558570310686
open,220,5,7,0.44530140927092654,5.542410947951459
open,220,6,7,0.4547946373089261,5.675425280515075
open,221,0,1,0.4384467892086121,5.465110094752951
open,221,0,2,0.4453735381705515,5.554607711246621
open,221,0,3,0.4412564149830538,5.5141442271681
open,221,0,4,0.43936116526474134,5.479253532138394
open,221,0,5,0.44427727361878444,5.546475222633792
open,221,0,6,0.45138540122623677,5.6232932966862545
open,221,0,7,0.44708267829419496,5.569745789578478
open,221,1,2,0.4421164268677963,5.5252069313627565
open,221,1,3,0.441206047196826,5.499319085642101
open,221,1,4,0.4360189986854992,5.431864796558037
open,221,1,5,0.4405114085060318,5.482890890218417
open,221,1,6,0.4481842888591841,5.579791278525813
open,221,1,7,0.4395830967723188,5.495752408183588
open,221,2,3,0.4481917391738176,5.590710755705489
open,221,2,4,0.44194588183834904,5.495012729443299
open,221,2,5,0.44717131178244524,5.576079407940427
open,221,2,6,0.45647990290283125,5.689662523028724
open,221,2,7,0.44813992639413186,5.60178800814145
open,221,3,4,0.4400176048636458,5.475800620654564
open,221,3,5,0.445067169953964,5.557169167128167
open,221,3,6,0.45410194897830714,5.647186902121549
open,221,3,7,0.4472849022895834,5.574029091408407
open,221,4,5,0.43517096758939,5.431277391717248
open,221,4,6,0.44565152196199226,5.534173282356359
open,221,4,7,0.4414333902901892,5.500466468208631
open,221,5,6,0.4534573497952116,5.643561041810604
open,221,5,7,0.44530158884999715,5.542413183069035
open,221,6,7,0.45479473071225524,5.6754264461040504
open,222,0,1,0.4384467636862104,5.465109776623731
open,222,0,2,0.4453734102524347,5.554606115878021
open,222,0,3,0.4412566443507215,5.51414709345255
open,222,0,4,0.4393610754734196,5.4792524123548185
open,222,0,5,0.4442773548955191,5.546476237314087
open,222,0,6,0.45138544112748713,5.623293793770195
open,222,0,7,0.44708267730762113,5.569745777287764
open,222,1,2,0.44211637242658236,5.5252062510013085
open,222,1,3,0.4412060429587064,5.4993190328169606
open,222,1,4,0.43601899773549807,5.431864784723054
open,222,1,5,0.44051151519137516,5.482892218093441
open,222,1,6,0.4481843049155842,5.5797914784243
open,222,1,7,0.4395830636528815,5.495751994118013
open,222,2,3,0.4481917967821742,5.590711474307888
open,222,2,4,0.4419458959789782,5.4950129052633265
open,222,2,5,0.4471714289413363,5.5760808688733245
open,222,2,6,0.45647992150748534,5.689662754921086
open,222,2,7,0.44813985130600703,5.6017870695333665
open,222,3,4,0.4400176893851732,5.475801672483008
open,222,3,5,0.44506751105316816,5.557173426139184
open,222,3,6,0.4541021674477373,5.647189618995386
open,222,3,7,0.4472849816959248,5.574030080963956
open,222,4,5,0.43517109113591734,5.4312789336754905
open,222,4,6,0.4456516222196604,5.534174527372433
open,222,4,7,0.44143340393516034,5.5004666382313525
open,222,5,6,0.45345755982989167,5.643563655823892
open,222,5,7,0.44530176226133616,5.542415341420399
open,222,6,7,0.45479481094698776,5.675427447360864
open,223,0,1,0.4384467379355405,5.465109455649215
open,223,0,2,0.44537327869652077,5.554604475139559
open,223,0,3,0.44125685067373543,5.514149671760349
open,223,0,4,0.43936100189146643,5.4792514947175555
open,223,0,5,0.4442774151534159,5.54647698958964
open,223,0,6,0.45138547725684613,5.623294243864464
open,223,0,7,0.44708267859905537,5.5697457933764225
open,223,1,2,0.44211631683297703,5.525205556238221
open,223,1,3,0.4412060362131749,5.499318948738715
open,223,1,4,0.436019020548139,5.431865068919801
open,223,1,5,0.44051160601520856,5.482893348545818
open,223,1,6,0.44818432609261666,5.579791742073482
open,223,1,7,0.43958303764206624,5.495751668925799
open,223,2,3,0.4481918363728477,5.5907119681590345
open,223,2,4,0.44194592581715914,5.495013276261656
open,223,2,5,0.44717153154560063,5.576082148314805
open,223,2,6,0.4564799281677875,5.689662837936507
open,223,2,7,0.4481397746715698,5.601786111596245
open,223,3,4,0.4400177657263639,5.475802622511222
open,223,3,5,0.4450678197135482,5.557177280114635
open,223,3,6,0.4541023717173285,5.647192159280805
open,223,3,7,0.44728504757424625,5.57403090193439
open,223,4,5,0.4351712199428582,5.431280541287849
open,223,4,6,0.4456517308092548,5.534175875855726
open,223,4,7,0.4414334331258489,5.500467001960982
open,223,5,6,0.45345776121361925,5.643566162170652
open,223,5,7,0.4453019268186202,5.542417389570424
open,223,6,7,0.4547948871598617,5.675428398428524
open,224,0,1,0.4384467050414298,5.465109045633813
open,224,0,2,0.44537314191819394,5.554602769268231
open,224,0,3,0.4412570445434791,5.514152094446324
open,224,0,4,0.43936092003697796,5.479250473913874
open,224,0,5,0.4442774690428307,5.546477662359376
open,224,0,6,0.45138550485945206,5.623294587733691
open,224,0,7,0.4470826843201735,5.569745864649981
open,224,1,2,0.44211626180299196,5.525204868518796
open,224,1,3,0.44120600922116465,5.499318612302535
open,224,1,4,0.4360190461792551,5.431865388228724
open,224,1,5,0.44051168074684816,5.482894278704307
open,224,1,6,0.44818432891930804,5.5797917772651395
open,224,1,7,0.43958299665197625,5.495751156459812
open,224,2,3,0.4481918794594789,5.5907125056185
open,224,2,4,0.44194594274187204,5.495013486698085
open,224,2,5,0.44717163369452967,5.576083422078405
open,224,2,6,0.45647993093169686,5.689662872386461
open,224,2,7,0.4481396974374143,5.601785146162592
open,224,3,4,0.440017829856108,5.475803420574046
open,224,3,5,0.44506811265099183,5.557180937771365
open,224,3,6,0.45410256693321094,5.647194586974799
open,224,3,7,0.4472851064624338,5.574031635794328
open,224,4,5,0.43517133378197387,5.431281962089928
open,224,4,6,0.44565182889164046,5.534177093858788
open,224,4,7,0.44143346337462,5.5004673788748155
open,224,5,6,0.45345795502729863,5.643568574303416
open,224,5,7,0.4453020792208565,5.5424192864335495
open,224,6,7,0.4547949620689334,5.675429333225913
open,225,0,1,0.4384466710995876,5.4651086225587475
open,225,0,2,0.44537299851524964,5.554600980776029
open,225,0,3,0.4412572418444988,5.514154560011112
open,225,0,4,0.43936083132215875,5.4792493675553136
open,225,0,5,0.44427752626247263,5.546478376704549
open,225,0,6,0.45138553143284066,5.623294918781078
open,225,0,7,0.4470826935185921,5.569745979243669
open,225,1,2,0.4421162089189049,5.525204207617037
open,225,1,3,0.4412060018709629,5.499318520687506
open,225,1,4,0.43601907338566687,5.4318657271624655
open,225,1,5,0.4405117605805903,5.482895272366874
open,225,1,6,0.4481843320604463,5.579791816371587
open,225,1,7,0.4395829600028096,5.4957506982648825
open,225,2,3,0.4481919325015021,5.590713167260791
open,225,2,4,0.4419459526444609,5.495013609823684
open,225,2,5,0.4471717388990465,5.576084733944181
open,225,2,6,0.45647993305637413,5.689662898868891
open,225,2,7,0.44813962129677143,5.601784194397942
open,225,3,4,0.44001789316208695,5.475804208385522
open,225,3,5,0.4450684082575835,5.557184628755441
open,225,3,6,0.4541027772935004,5.647197203003808
open,225,3,7,0.44728517375758053,5.574032474421126
open,225,4,5,0.4351714446554811,5.431283345878871
open,225,4,6,0.4456519215142898,5.534178244061954
open,225,4,7,0.441433495073092,5.500467773852599
open,225,5,6,0.45345815517896965,5.6435710653164595
open,225,5,7,0.4453022275450643,5.542421132539796
open,225,6,7,0.4547950410157072,5.675430318410168
open,226,0,1,0.43844663726928224,5.465108200873955
open,226,0,2,0.44537288178853024,5.5545995249842495
open,226,0,3,0.4412574450812855,5.514157099751988
open,226,0,4,0.4393607416169452,5.479248248845589
open,226,0,5,0.4442775741234531,5.546478974213713
open,226,0,6,0.4513855585927825,5.623295257135661
open,226,0,7,0.4470827046983407,5.569746118520722
open,226,1,2,0.44211615165247636,5.525203491948384
open,226,1,3,0.44120596609993495,5.499318074827124
open,226,1,4,0.4360191043070316,5.43186611237658
open,226,1,5,0.440511845962806,5.482896335089346
open,226,1,6,0.4481843290859119,5.579791779339319
open,226,1,7,0.43958292190681897,5.495750221981481
open,226,2,3,0.4481919807340305,5.5907137689098
open,226,2,4,0.4419459651217978,5.495013764962872
open,226,2,5,0.44717184028444473,5.576085998186802
open,226,2,6,0.45647993591712327,5.689662934525876
open,226,2,7,0.4481395596915353,5.601783424327139
open,226,3,4,0.44001796184122416,5.475805063063285
open,226,3,5,0.4450686977444817,5.557188243328192
open,226,3,6,0.45410299372000407,5.647199894471923
open,226,3,7,0.44728522795144954,5.5740331497808375
open,226,4,5,0.4351715356504552,5.431284481568019
open,226,4,6,0.44565201610346405,5.5341794186857465
open,226,4,7,0.44143353928271145,5.500468324725131
open,226,5,6,0.4534583522790621,5.643573518350694
open,226,5,7,0.4453023770987918,5.542422993949168
open,226,6,7,0.4547951158001569,5.675431251652387
open,227,0,1,0.438446594802183,5.46510767153407
open,227,0,2,0.4453727601031436,5.554598007348986
open,227,0,3,0.4412576340619476,5.514159461341738
open,227,0,4,0.43936064289116833,5.47924701764082
open,227,0,5,0.4442776197568658,5.54647954391333
open,227,0,6,0.45138558322942574,5.623295564055358
open,227,0,7,0.4470827203904328,5.569746314012447
open,227,1,2,0.44211609721194467,5.525202811595461
open,227,1,3,0.44120593547358783,5.499317693091524
open,227,1,4,0.4360191336184196,5.431866477533825
open,227,1,5,0.4405119386877846,5.48289748920461
open,227,1,6,0.44818431472066267,5.5797916004952715
open,227,1,7,0.43958287214864467,5.495749599895218
open,227,2,3,0.44819203455145357,5.590714440224373
open,227,2,4,0.4419459678580338,5.495013798984349
open,227,2,5,0.4471719330105875,5.5760871544513515
open,227,2,6,0.4564799372116631,5.689662950661295
open,227,2,7,0.4481395004521071,5.60178268382914
open,227,3,4,0.4400180414485872,5.475806053737393
open,227,3,5,0.44506898823741575,5.557191870462444
open,227,3,6,0.4541032189493113,5.64720269541122
open,227,3,7,0.447285300413168,5.574034052793045
open,227,4,5,0.43517160326241494,5.4312853254186795
open,227,4,6,0.44565210349002526,5.534180503866315
open,227,4,7,0.4414335873871891,5.500468924129417
open,227,5,6,0.4534585410002964,5.6435758671047855
open,227,5,7,0.445302531297276,5.542424913169159
open,227,6,7,0.45479519721558764,5.675432267643244
open,228,0,1,0.4384465580239161,5.4651072131038045
open,228,0,2,0.4453726349700199,5.554596446714251
open,228,0,3,0.44125781207438675,5.514161685867502
open,228,0,4,0.4393605449100657,5.479245795722852
open,228,0,5,0.4442776498096172,5.546479919099843
open,228,0,6,0.4513856110410814,5.6232959105288955
open,228,0,7,0.4470827411372645,5.569746572476002
open,228,1,2,0.44211605010571137,5.525202222900559
open,228,1,3,0.4412059458006008,5.499317821810384
open,228,1,4,0.43601917275627505,5.4318669651078535
open,228,1,5,0.440512033357099,5.482898667520338
open,228,1,6,0.4481843074378561,5.579791509826005
open,228,1,7,0.4395828459681753,5.495749272581955
open,228,2,3,0.44819209491722,5.590715193222499
open,228,2,4,0.44194597075030934,5.495013834945971
open,228,2,5,0.4471720248592057,5.576088299773457
open,228,2,6,0.4564799494080401,5.68966310267953
open,228,2,7,0.4481394393001185,5.601781919423971
open,228,3,4,0.44001812860710793,5.475807138381908
open,228,3,5,0.44506927668121865,5.5571954720109655
open,228,3,6,0.45410343624739985,5.647205397718317
open,228,3,7,0.4472853926167061,5.574035201826247
open,228,4,5,0.43517165911431316,5.431286022494484
open,228,4,6,0.4456521945978756,5.534181635258459
open,228,4,7,0.44143364689255177,5.500469665594062
open,228,5,6,0.45345872125219433,5.643578110452675
open,228,5,7,0.4453026933404423,5.542426930027405
open,228,6,7,0.4547952888993955,5.675433411774152
open,229,0,1,0.4384465250934533,5.465106802635285
open,229,0,2,0.44537252755326495,5.554595107034444
open,229,0,3,0.4412579652082141,5.5141635994986276
open,229,0,4,0.43936044162046367,5.479244507602823
open,229,0,5,0.4442776909019847,5.546480432107849
open,229,0,6,0.4513856397503328,5.62329626818455
open,229,0,7,0.44708276401753344,5.56974685751787
open,229,1,2,0.4421160009235392,5.525201608262282
open,229,1,3,0.44120595096404447,5.499317886169031
open,229,1,4,0.4360192189660989,5.431867540783491
open,229,1,5,0.44051214314779963,5.482900034046655
open,229,1,6,0.448184299061718,5.579791405545013
open,229,1,7,0.43958281261598764,5.495748855606491
open,229,2,3,0.4481921459375683,5.590715829646567
open,229,2,4,0.4419459796064223,5.495013945060027
open,229,2,5,0.44717213001378253,5.576089611016498
open,229,2,6,0.45647997219279046,5.689663386673501
open,229,2,7,0.44813939316734713,5.601781342760321
open,229,3,4,0.44001818815346694,5.475807879406781
open,229,3,5,0.4450695734840366,5.557199177931285
open,229,3,6,0.45410362712109115,5.647207771413061
open,229,3,7,0.4472854864794072,5.574036371535807
open,229,4,5,0.435171708453741,5.431286638289514
open,229,4,6,0.4456522886252716,5.534182802905999
open,229,4,7,0.44143371425200545,5.500470504924355
open,229,5,6,0.4534589295221643,5.64358070250304
open,229,5,7,0.4453028643396817,5.54242905835675
open,229,6,7,0.45479538773698236,5.675434645177743
open,230,0,1,0.43844650242945044,5.465106520135165
open,230,0,2,0.4453724237763087,5.554593812749463
open,230,0,3,0.4412581025028625,5.514165315196048
open,230,0,4,0.43936033971772437,5.479243236778298
open,230,0,5,0.4442777427121311,5.546481078919447
open,230,0,6,0.45138566525589296,5.623296585929087
open,230,0,7,0.4470827916699542,5.569747202011095
open,230,1,2,0.4421159583801245,5.525201076589728
open,230,1,3,0.44120595023745796,5.499317877112648
open,230,1,4,0.4360192727916513,5.43186821133483
open,230,1,5,0.4405122645865079,5.482901545551634
open,230,1,6,0.4481842894864158,5.579791286334704
open,230,1,7,0.4395827746993495,5.49574838156539
open,230,2,3,0.44819219047966524,5.590716385261405
open,230,2,4,0.4419459889240285,5.4950140609121405
open,230,2,5,0.44717225412289596,5.576091158616386
open,230,2,6,0.45647999569388154,5.689663679596094
open,230,2,7,0.4481393520125335,5.601780828321576
open,230,3,4,0.44001823861226896,5.475808507341519
open,230,3,5,0.44506987735928394,5.557202972158919
open,230,3,6,0.45410379927269395,5.647209912280941
open,230,3,7,0.4472855866111816,5.574037619370064
open,230,4,5,0.43517176994678936,5.431287405771327
open,230,4,6,0.4456523836540395,5.534183982988736
open,230,4,7,0.4414337854302721,5.5004713918388415
open,230,5,6,0.45345913519335024,5.643583262209908
open,230,5,7,0.44530305047980706,5.542431375136008
open,230,6,7,0.45479548638784423,5.675435876251176
open,231,0,1,0.43844647158417466,5.465106135657886
open,231,0,2,0.44537232398489646,5.554592568171372
open,231,0,3,0.441258211820247,5.514166681276641
open,231,0,4,0.43936023769516935,5.479241964459556
open,231,0,5,0.44427778434256693,5.54648159864484
open,231,0,6,0.4513856984448236,5.623296999391931
open,231,0,7,0.44708282043814157,5.569747560404517
open,231,1,2,0.4421159120865912,5.525200498051281
open,231,1,3,0.4412059848023301,5.4993183079391565
open,231,1,4,0.43601932072180116,5.431868808442053
open,231,1,5,0.44051240783464973,5.482903328510978
open,231,1,6,0.44818430535910225,5.579791483945998
open,231,1,7,0.4395827743029351,5.495748376609341
open,231,2,3,0.44819220845782864,5.590716609519691
open,231,2,4,0.4419459987296756,5.495014182832398
open,231,2,5,0.4471723547057836,5.576092412851962
open,231,2,6,0.4564800262029986,5.689664059868214
open,231,2,7,0.4481393135263104,5.601780347240444
open,231,3,4,0.44001826489578794,5.4758088344268625
open,231,3,5,0.4450701605227421,5.557206507776338
open,231,3,6,0.45410395257096914,5.647211818689873
open,231,3,7,0.44728567144901116,5.574038676612389
open,231,4,5,0.43517182863901255,5.43128813829663
open,231,4,6,0.44565248596093954,5.534185253452507
open,231,4,7,0.4414338625426259,5.500472352694829
open,231,5,6,0.45345931959882985,5.6435855572517255
open,231,5,7,0.44530323983011966,5.542433731870624
open,231,6,7,0.45479559382475865,5.675437216966589
open,232,0,1,0.4384464464410237,5.465105822255915
open,232,0,2,0.44537222314413,5.554591310505949
open,232,0,3,0.4412583066311747,5.51416786607784
open,232,0,4,0.439360139011393,5.479240733778575
open,232,0,5,0.4442778305246625,5.5464821751943605
open,232,0,6,0.45138572855046016,5.623297374443546
open,232,0,7,0.44708285620071603,5.569748005933852
open,232,1,2,0.4421158787290515,5.5252000811762265
open,232,1,3,0.4412060327992829,5.499318906186983
open,232,1,4,0.4360193734414645,5.431869465216378
open,232,1,5,0.44051253683497255,5.482904934132719
open,232,1,6,0.44818432811042236,5.579791767194698
open,232,1,7,0.4395827943983883,5.495748627846561
open,232,2,3,0.448192205212666,5.590716569039771
open,232,2,4,0.44194601418230395,5.495014374965401
open,232,2,5,0.44717247201565724,5.576093875667563
open,232,2,6,0.4564800593108541,5.689664472531561
open,232,2,7,0.4481392751278567,5.601779867256437
open,232,3,4,0.44001828166457707,5.475809043106118
open,232,3,5,0.4450704417171995,5.557210018808546
open,232,3,6,0.454104089490822,5.647213521417645
open,232,3,7,0.44728574005598504,5.574039531587074
open,232,4,5,0.4351718978286807,5.431289001838337
open,232,4,6,0.44565258719918266,5.5341865106455215
open,232,4,7,0.44143393779803813,5.500473290412457
open,232,5,6,0.45345950903272925,5.643587914875381
open,232,5,7,0.44530342449851085,5.542436030332051
open,232,6,7,0.4547956986594042,5.675438525208044
open,233,0,1,0.4384464282730424,5.46510559579738
open,233,0,2,0.4453721521929009,5.554590425616726
open,233,0,3,0.44125840275601536,5.514169067298303
open,233,0,4,0.4393600329934867,5.479239411633984
open,233,0,5,0.4442778791341724,5.546482782048364
open,233,0,6,0.45138576515908607,5.623297830508452
open,233,0,7,0.4470828955087352,5.569748495632257
open,233,1,2,0.4421158520945489,5.525199748320152
open,233,1,3,0.4412060573565021,5.499319212275227
open,233,1,4,0.43601943160687884,5.431870189833121
open,233,1,5,0.44051266378230053,5.482906514201554
open,233,1,6,0.448184344937778,5.579791976691404
open,233,1,7,0.4395827942914538,5.495748626509646
open,233,2,3,0.4481922060918055,5.5907165800060925
open,233,2,4,0.44194603164694796,5.495014592115159
open,233,2,5,0.44717258329600146,5.576095263296911
open,233,2,6,0.4564800977578092,5.6896649517425795
open,233,2,7,0.4481392523239121,5.601779582205149
open,233,3,4,0.44001826919122483,5.475808887881442
open,233,3,5,0.44507071800991216,5.557213468636904
open,233,3,6,0.45410423314387705,5.647215307879149
open,233,3,7,0.4472857988014073,5.574040263667881
open,233,4,5,0.4351719791694962,5.431290017035961
open,233,4,6,0.4456526910214877,5.534187799927838
open,233,4,7,0.4414339938173307,5.5004739884390395
open,233,5,6,0.4534596905472722,5.64359017393768
open,233,5,7,0.4453036086749555,5.542438322670503
open,233,6,7,0.45479580634850103,5.675439869070465
open,234,0,1,0.4384464222029733,5.465105520135755
open,234,0,2,0.4453720883075013,5.554589628851084
open,234,0,3,0.44125851574025454,5.514170479201607
open,234,0,4,0.43935994318908517,5.479238291687292
open,234,0,5,0.44427792405642524,5.546483342869673
open,234,0,6,0.4513858038844346,5.62329831294318
open,234,0,7,0.4470829336892535,5.569748971284281
open,234,1,2,0.442115822716811,5.525199381181382
open,234,1,3,0.44120606169613796,5.4993192663656965
open,234,1,4,0.43601949260247197,5.431870949707842
open,234,1,5,0.44051278464901067,5.482908018587073
open,234,1,6,0.4481843697640042,5.579792285772209
open,234,1,7,0.4395827894554682,5.495748566049223
open,234,2,3,0.4481922002757521,5.590716507457071
open,234,2,4,0.4419460666041276,5.49501502676147
open,234,2,5,0.4471726900935199,5.576096595026894
open,234,2,6,0.4564801364854281,5.689665434451853
open,234,2,7,0.4481392250634981,5.601779241447606
open,234,3,4,0.44001825273224765,5.475808683057643
open,234,3,5,0.44507097880710655,5.557216724986115
open,234,3,6,0.4541043840263742,5.647217184245599
open,234,3,7,0.44728583192400895,5.574040676439124
open,234,4,5,0.4351720652608333,5.431291091523846
open,234,4,6,0.4456527921077904,5.534189055234031
open,234,4,7,0.44143404335057096,5.500474605646375
open,234,5,6,0.4534598714303823,5.643592425141401
open,234,5,7,0.44530377658285364,5.542440412523699
open,234,6,7,0.4547959148920244,5.675441223595357
open,235,0,1,0.4384464147534776,5.465105427279986
open,235,0,2,0.44537201370255075,5.554588698393394
open,235,0,3,0.4412586214510505,5.5141718002126
open,235,0,4,0.4393598464472256,5.479237085223867
open,235,0,5,0.44427795467650455,5.546483725138859
open,235,0,6,0.451385846674038,5.623298846009799
open,235,0,7,0.44708297073081543,5.569749432747213
open,235,1,2,0.4421157906482053,5.525198980414363
open,235,1,3,0.44120607548211516,5.499319438198082
open,235,1,4,0.4360195353740244,5.431871482549967
open,235,1,5,0.44051289723728676,5.482909419933829
open,235,1,6,0.4481844029897102,5.579792699424604
open,235,1,7,0.4395827771273967,5.495748411921303
open,235,2,3,0.4481921913137992,5.59071639566633
open,235,2,4,0.44194609549271907,5.49501538595291
open,235,2,5,0.4471727807347078,5.57609772529274
open,235,2,6,0.4564801782649975,5.689665955201285
open,235,2,7,0.44813919318741346,5.601778842993779
open,235,3,4,0.4400182173517565,5.475808242764997
open,235,3,5,0.4450712338729159,5.557219909772473
open,235,3,6,0.454104533593676,5.64721904425635
open,235,3,7,0.44728585953188144,5.574041020486249
open,235,4,5,0.4351721433865081,5.431292066593975
open,235,4,6,0.4456528896486741,5.534190266512634
open,235,4,7,0.4414340715419498,5.500474956924139
open,235,5,6,0.4534600405380364,5.643594529792189
open,235,5,7,0.4453039382516354,5.542442424722194
open,235,6,7,0.4547960267529455,5.675442619518368
open,236,0,1,0.4384464070136774,5.465105330805655
open,236,0,2,0.44537193558678306,5.55458772414951
open,236,0,3,0.44125871731558614,5.514172998180172
open,236,0,4,0.43935973472323503,5.479235691918955
open,236,0,5,0.44427798676772123,5.5464841257741115
open,236,0,6,0.45138588799094415,5.623299360729772
open,236,0,7,0.44708300349363894,5.56974984090572
open,236,1,2,0.4421157639680636,5.525198646987929
open,236,1,3,0.441206086351583,5.499319573678256
open,236,1,4,0.43601955829513717,5.431871768098042
open,236,1,5,0.4405130065312321,5.482910780277207
open,236,1,6,0.4481844423832168,5.579793189864698
open,236,1,7,0.43958276020870907,5.495748200400617
open,236,2,3,0.44819217544689083,5.590716197743683
open,236,2,4,0.4419461004244948,5.495015447273021
open,236,2,5,0.44717287411382517,5.576098889699669
open,236,2,6,0.4564802195154814,5.689666469356083
open,236,2,7,0.4481391583434795,5.601778407441578
open,236,3,4,0.4400181557226829,5.475807475821775
open,236,3,5,0.44507148327598306,5.557223023853062
open,236,3,6,0.4541046753499978,5.647220807130185
open,236,3,7,0.4472858950646955,5.574041463293369
open,236,4,5,0.43517222129837957,5.431293038995669
open,236,4,6,0.4456529802360795,5.534191391441809
open,236,4,7,0.4414340768453569,5.500475023007071
open,236,5,6,0.4534602120481815,5.643596664343484
open,236,5,7,0.4453040969101276,5.542444399453345
open,236,6,7,0.4547961375428926,5.675444002076593
open,237,0,1,0.4384463808290182,5.4651050044215905
open,237,0,2,0.44537186140386475,5.554586798955319
open,237,0,3,0.441258804234075,5.514174084353805
open,237,0,4,0.43935963202282485,5.479234411146712
open,237,0,5,0.4442780178912182,5.546484514328096
open,237,0,6,0.4513859238907668,5.623299807964511
open,237,0,7,0.44708303602111077,5.56975024613222
open,237,1,2,0.44211574285746663,5.525198383165076
open,237,1,3,0.4412061373846655,5.499320209769277
open,237,1,4,0.4360195897976725,5.431872160552301
open,237,1,5,0.4405131212381184,5.482912207993561
open,237,1,6,0.44818450082127104,5.579793917405027
open,237,1,7,0.439582774849085,5.4957483834374115
open,237,2,3,0.4481921709366415,5.590716141483165
open,237,2,4,0.44194611408006357,5.495015617061964
open,237,2,5,0.44717296951422564,5.576100079311334
open,237,2,6,0.4564802695081179,5.689667092474928
open,237,2,7,0.4481391314662033,5.601778071473291
open,237,3,4,0.4400181025234674,5.475806813783953
open,237,3,5,0.44507172857532357,5.557226086693963
open,237,3,6,0.454104811995047,5.647222506440513
open,237,3,7,0.44728593422458585,5.574041951300827
open,237,4,5,0.43517230379872107,5.4312940686650935
open,237,4,6,0.4456530701554128,5.534192508074754
open,237,4,7,0.44143409219496405,5.500475214270354
open,237,5,6,0.4534603784100493,5.64359873482124
open,237,5,7,0.44530425629044407,5.5424463831686275
open,237,6,7,0.45479625012339747,5.675445406979358
open,238,0,1,0.4384463691013437,5.465104858239583
open,238,0,2,0.4453717903021233,5.554585912188937
open,238,0,3,0.4412588922570619,5.5141751843297575
open,238,0,4,0.4393595296238843,5.479233134134083
open,238,0,5,0.4442780545227544,5.546484971645902
open,238,0,6,0.45138596107320444,5.62330027117788
open,238,0,7,0.44708306359147254,5.569750589603157
open,238,1,2,0.4421157278952952,5.525198196180182
open,238,1,3,0.44120619100694136,5.499320878132747
open,238,1,4,0.4360196218187695,5.431872559466728
open,238,1,5,0.44051322785286046,5.4829135349898355
open,238,1,6,0.44818456059885864,5.579794661622239
open,238,1,7,0.43958278802852846,5.495748548209349
open,238,2,3,0.4481921718210457,5.590716152515158
open,238,2,4,0.44194612119878346,5.4950157055738345
open,238,2,5,0.4471730677016334,5.576101303676063
open,238,2,6,0.4564803127428427,5.6896676313617265
open,238,2,7,0.448139096980541,5.601777640399516
open,238,3,4,0.4400180603768062,5.47580628928968
open,238,3,5,0.445071980505313,5.557229232326048
open,238,3,6,0.4541049294943235,5.647223967655064
open,238,3,7,0.4472859867439786,5.574042605793347
open,238,4,5,0.4351723902027586,5.431295147055727
open,238,4,6,0.4456531699277375,5.534193747063754
open,238,4,7,0.44143408952071006,5.500475180947899
open,238,5,6,0.4534605346708053,5.643600679584326
open,238,5,7,0.445304410513011,5.542448302688363
open,238,6,7,0.45479635995839623,5.675446777620692
open,239,0,1,0.43844635324574854,5.465104660604259
open,239,0,2,0.44537171970268785,5.554585031687212
open,239,0,3,0.44125899229028154,5.514176434391132
open,239,0,4,0.43935943452397735,5.479231948147377
open,239,0,5,0.44427810765897674,5.5464856350125835
open,239,0,6,0.45138600179724214,5.623300778511984
open,239,0,7,0.4470830975387828,5.5697510125179726
open,239,1,2,0.44211571292000845,5.525198009031383
open,239,1,3,0.4412062458779475,5.499321562060751
open,239,1,4,0.4360196410204193,5.431872798678244
open,239,1,5,0.4405133350254112,5.482914868928959
open,239,1,6,0.44818463214564647,5.5797955523632865
open,239,1,7,0.43958282018763006,5.495748950268621
open,239,2,3,0.4481921579131487,5.590715979029075
open,239,2,4,0.4419461231581437,5.495015729935888
open,239,2,5,0.44717320026302426,5.576102956673075
open,239,2,6,0.45648035271530774,5.689668129587027
open,239,2,7,0.4481390642425036,5.601777231171205
open,239,3,4,0.44001802254032424,5.4758058184334475
open,239,3,5,0.44507224246942195,5.557232503245512
open,239,3,6,0.45410503783967776,5.64722531503194
open,239,3,7,0.4472860373178158,5.574043236040508
open,239,4,5,0.4351724928873693,5.431296428640773
open,239,4,6,0.4456532806566199,5.534195122113076
open,239,4,7,0.4414340873494712,5.500475153893247
open,239,5,6,0.4534606985527338,5.643602719197682
open,239,5,7,0.4453045599203473,5.542450162275688
open,239,6,7,0.45479647497913084,5.675448212975315
open,240,0,1,0.43844632713852305,5.465104335185382
open,240,0,2,0.44537164782175803,5.554584135202951
open,240,0,3,0.44125910429016896,5.5141778339935215
open,240,0,4,0.43935933563477947,5.479230714904593
open,240,0,5,0.44427818634745,5.546486617380337
open,240,0,6,0.45138604207629845,5.6233012803025755
open,240,0,7,0.4470831328437498,5.569751452346445
open,240,1,2,0.4421156881821707,5.525197699878263
open,240,1,3,0.4412062891684919,5.499322101646549
open,240,1,4,0.43601965380210606,5.431872957910742
open,240,1,5,0.44051344090558353,5.482916186782302
open,240,1,6,0.4481847022929507,5.579796425681085
open,240,1,7,0.43958285054667634,5.495749329823256
open,240,2,3,0.44819215453792766,5.5907159369268165
open,240,2,4,0.4419461218029828,5.4950157130862545
open,240,2,5,0.447173340461085,5.576104704896851
open,240,2,6,0.4564803968758963,5.6896686800139875
open,240,2,7,0.44813902782244774,5.601776775917343
open,240,3,4,0.44001799493871835,5.475805474945167
open,240,3,5,0.4450724892677826,5.557235584803382
open,240,3,6,0.4541051524058498,5.647226739770565
open,240,3,7,0.44728610020225645,5.574044019701436
open,240,4,5,0.4351726183240991,5.431297994190236
open,240,4,6,0.4456534107532759,5.534196737674567
open,240,4,7,0.44143408439661724,5.500475117099306
open,240,5,6,0.4534608871915286,5.643605066925763
open,240,5,7,0.44530469508512477,5.54245184459406
open,240,6,7,0.45479658849815796,5.675449629589988
open,241,0,1,0.4384462991941338,5.4651039868668
open,241,0,2,0.44537159649526703,5.5545834950694495
open,241,0,3,0.4412592436498689,5.51417957549678
open,241,0,4,0.4393592388426993,5.479229507814869
open,241,0,5,0.44427826600077036,5.546487611793498
open,241,0,6,0.4513860833530137,5.623301794521856
open,241,0,7,0.4470831608952774,5.5697518018117345
open,241,1,2,0.44211567146873576,5.525197491007521
open,241,1,3,0.4412063414863,5.499322753750758
open,241,1,4,0.4360196737871949,5.431873206882234
open,241,1,5,0.4405135503365467,5.482917548831092
open,241,1,6,0.4481847765829364,5.579797350574314
open,241,1,7,0.4395828768813904,5.4957496590649155
open,241,2,3,0.44819219876712424,5.590716488638558
open,241,2,4,0.4419461334291296,5.495015857642018
open,241,2,5,0.44717347793563195,5.576106419159306
open,241,2,6,0.45648044730592907,5.689669308584634
open,241,2,7,0.44813900220416486,5.601776455686582
open,241,3,4,0.4400179956162287,5.475805483376447
open,241,3,5,0.4450727573040825,5.557238931541049
open,241,3,6,0.45410529615380135,5.647228527412197
open,241,3,7,0.44728616426978973,5.57404481810597
open,241,4,5,0.4351727439378163,5.4312995619486415
open,241,4,6,0.44565354029340454,5.534198346325011
open,241,4,7,0.4414340798027329,5.500475059857359
open,241,5,6,0.4534610731870762,5.643607381756974
open,241,5,7,0.4453048377341464,5.542453620064523
open,241,6,7,0.4547966900910043,5.675450897376723
open,242,0,1,0.4384462712772475,5.465103638891034
open,242,0,2,0.4453715372103876,5.554582755680554
open,242,0,3,0.4412594083401278,5.514181633542419
open,242,0,4,0.43935914132912635,5.479228291727443
open,242,0,5,0.44427835871787624,5.546488769298418
open,242,0,6,0.4513861212759621,5.623302266960399
open,242,0,7,0.44708318112477546,5.569752053830359
open,242,1,2,0.44211564566168177,5.525197168492218
open,242,1,3,0.44120639341636503,5.499323401022027
open,242,1,4,0.43601970382457617,5.431873581083804
open,242,1,5,0.4405136543628838,5.482918843610399
open,242,1,6,0.4481848451236506,5.579798203890436
open,242,1,7,0.43958288553547203,5.495749767259908
open,242,2,3,0.4481922618309802,5.590717275292454
open,242,2,4,0.4419461465358356,5.495016020606578
open,242,2,5,0.44717362497478946,5.576108252689313
open,242,2,6,0.4564804872664011,5.68966980666045
open,242,2,7,0.44813896900389666,5.601776040680345
open,242,3,4,0.44001803028712916,5.475805914838589
open,242,3,5,0.44507305563267785,5.5572426565124315
open,242,3,6,0.45410546304402827,5.647230602849894
open,242,3,7,0.4472862581986961,5.574045988640576
open,242,4,5,0.43517287479969236,5.431301195208215
open,242,4,6,0.44565365904047377,5.534199820945484
open,242,4,7,0.4414340763436959,5.50047501675614
open,242,5,6,0.4534612916794903,5.643610101032064
open,242,5,7,0.4453049755462045,5.542455335332079
open,242,6,7,0.4547967827979006,5.675452054274847
open,243,0,1,0.438446248545086,5.465103355541337
open,243,0,2,0.4453714769544867,5.5545820041812775
open,243,0,3,0.44125955478081613,5.5141834635329845
open,243,0,4,0.43935905766900957,5.479227248405851
open,243,0,5,0.444278468501181,5.546490139862289
open,243,0,6,0.4513861590498555,5.623302737542037
open,243,0,7,0.4470831996539636,5.569752284666562
open,243,1,2,0.44211562270708993,5.525196881624637
open,243,1,3,0.44120645653772206,5.499324187784778
open,243,1,4,0.4360197457743563,5.431874103688403
open,243,1,5,0.4405137706113525,5.482920290514287
open,243,1,6,0.44818490597646793,5.579798961494011
open,243,1,7,0.4395828735573801,5.495749617507499
open,243,2,3,0.44819232338039383,5.590718043055308
open,243,2,4,0.44194616827372085,5.495016290888441
open,243,2,5,0.4471737829122815,5.576110222117972
open,243,2,6,0.4564805278145603,5.689670312061323
open,243,2,7,0.44813893114633613,5.60177556745755
open,243,3,4,0.4400180770888232,5.475806497262433
open,243,3,5,0.44507337424491983,5.557246634748183
open,243,3,6,0.45410561673018107,5.647232514082451
open,243,3,7,0.4472863540777144,5.574047183477322
open,243,4,5,0.4351730043486783,5.431302812081883
open,243,4,6,0.44565378337562717,5.5342013649596975
open,243,4,7,0.44143408632616693,5.500475141142397
open,243,5,6,0.45346152386093624,5.643612990675741
open,243,5,7,0.44530511595199035,5.542457082882274
open,243,6,7,0.4547968745134085,5.675453198801342
open,244,0,1,0.4384462252811366,5.465103065563059
open,244,0,2,0.44537145151541585,5.554581686910386
open,244,0,3,0.4412597006663559,5.514185286586156
open,244,0,4,0.43935897750626135,5.479226248699787
open,244,0,5,0.4442785729349846,5.546491443641568
open,244,0,6,0.4513862024481598,5.623303278191764
open,244,0,7,0.4470832182943153,5.569752516887637
open,244,1,2,0.4421155843635314,5.525196402438425
open,244,1,3,0.44120650040785675,5.499324734594755
open,244,1,4,0.4360197905018996,5.431874660897994
open,244,1,5,0.4405138814253409,5.482921669777108
open,244,1,6,0.4481849671272867,5.5797997228076355
open,244,1,7,0.4395828364444793,5.495749153514876
open,244,2,3,0.44819240574581554,5.590719070475514
open,244,2,4,0.4419462197124665,5.495016930461235
open,244,2,5,0.4471739297312585,5.576112052902401
open,244,2,6,0.45648057159498556,5.6896708577498485
open,244,2,7,0.4481389179647632,5.601775402686743
open,244,3,4,0.44001812084520536,5.475807041788885
open,244,3,5,0.44507369279621756,5.557250612222976
open,244,3,6,0.45410577089899107,5.647234431317306
open,244,3,7,0.4472864576037131,5.574048473610134
open,244,4,5,0.4351731337404282,5.431304426993121
open,244,4,6,0.4456539098225566,5.534202935198289
open,244,4,7,0.44143410197367017,5.500475336117605
open,244,5,6,0.453461760377672,5.643615934274816
open,244,5,7,0.4453052657094277,5.5424589468271055
open,244,6,7,0.4547969743735188,5.6754544449651005
open,245,0,1,0.43844620494392933,5.46510281206576
open,245,0,2,0.44537141273258335,5.554581203218829
open,245,0,3,0.44125985353598174,5.514187196915698
open,245,0,4,0.43935889689382057,5.479225243385627
open,245,0,5,0.4442786607424275,5.546492539852956
open,245,0,6,0.4513862406178681,5.6233037537044055
open,245,0,7,0.4470832371330695,5.569752751580407
open,245,1,2,0.4421155443283262,5.525195902111408
open,245,1,3,0.4412065249547614,5.499325040554436
open,245,1,4,0.4360198324628787,5.4318751836421075
open,245,1,5,0.4405139858832047,5.4829229699274755
open,245,1,6,0.44818502045315867,5.579800386702472
open,245,1,7,0.43958278399551354,5.495748497787821
open,245,2,3,0.44819249848454906,5.590720227291648
open,245,2,4,0.4419462643746641,5.4950174857766125
open,245,2,5,0.44717408661477526,5.576114009188334
open,245,2,6,0.4564806087024825,5.689671320265576
open,245,2,7,0.44813889869067364,5.601775161758949
open,245,3,4,0.44001816677422534,5.475807613352734
open,245,3,5,0.4450740010144433,5.557254460677629
open,245,3,6,0.454105940327796,5.647236538324622
open,245,3,7,0.44728655338895373,5.57404966727823
open,245,4,5,0.43517326296175807,5.431306039777382
open,245,4,6,0.445654026453983,5.534204383546364
open,245,4,7,0.4414341165756464,5.500475518065057
open,245,5,6,0.45346198212955297,5.643618694116016
open,245,5,7,0.4453054173203906,5.542460833841705
open,245,6,7,0.4547970689959882,5.675455625767843
open,246,0,1,0.4384461916774044,5.465102646702435
open,246,0,2,0.44537136613706896,5.5545806220891
open,246,0,3,0.4412600066762134,5.514189110626854
open,246,0,4,0.4393588189694104,5.479224271593777
open,246,0,5,0.4442787477219906,5.546493625728873
open,246,0,6,0.45138627707674267,5.623304207903732
open,246,0,7,0.4470832575214656,5.56975300557858
open,246,1,2,0.44211551258522414,5.525195505412265
open,246,1,3,0.44120652611691774,5.499325055039887
open,246,1,4,0.43601988947569453,5.431875893899936
open,246,1,5,0.4405140830584224,5.4829241794333035
open,246,1,6,0.4481850764499499,5.57980108384964
open,246,1,7,0.4395827193189092,5.495747689188476
open,246,2,3,0.4481925966995506,5.590721452418346
open,246,2,4,0.44194631354981456,5.495018097204592
open,246,2,5,0.4471742395987859,5.576115916848707
open,246,2,6,0.4564806411896567,5.68967172519262
open,246,2,7,0.4481388764352562,5.601774883564298
open,246,3,4,0.44001821675000874,5.475808235276545
open,246,3,5,0.4450743025311933,5.557258225456744
open,246,3,6,0.4541061164079581,5.647238728047848
open,246,3,7,0.4472866420335704,5.574050771960435
open,246,4,5,0.4351733949121204,5.431307686622124
open,246,4,6,0.4456541633166007,5.534206083128672
open,246,4,7,0.441434146855785,5.500475895369744
open,246,5,6,0.4534621893895952,5.643621273597196
open,246,5,7,0.44530556946814753,5.542462727537472
open,246,6,7,0.45479716707662826,5.675456849725424
open,247,0,1,0.43844618904851385,5.4651026139340875
open,247,0,2,0.44537131501824406,5.554579984545567
open,247,0,3,0.4412601638093705,5.514191074235454
open,247,0,4,0.4393587493249131,5.479223403060351
open,247,0,5,0.4442788260638078,5.54649460376888
open,247,0,6,0.4513863135151202,5.623304661847708
open,247,0,7,0.44708327564291206,5.569753231335145
open,247,1,2,0.4421154775680454,5.5251950677964095
open,247,1,3,0.4412064944093557,5.499324659827713
open,247,1,4,0.4360199546435472,5.431876705752094
open,247,1,5,0.4405141662897065,5.482925215383884
open,247,1,6,0.4481851219011858,5.579801649707069
open,247,1,7,0.4395826375788539,5.495746667258586
open,247,2,3,0.44819268972166526,5.590722612769356
open,247,2,4,0.44194636896310907,5.495018786195645
open,247,2,5,0.44717438910007246,5.576117781080654
open,247,2,6,0.45648066847841917,5.689672065325555
open,247,2,7,0.44813885134036674,5.601774569876
open,247,3,4,0.44001828086384404,5.475809033141393
open,247,3,5,0.44507457842513953,5.55726167030605
open,247,3,6,0.45410628443038253,5.647240817565493
open,247,3,7,0.44728671266404124,5.574051652151779
open,247,4,5,0.43517353578966156,5.431309444885108
open,247,4,6,0.44565430961235103,5.534207899853159
open,247,4,7,0.44143418139510465,5.500476325745818
open,247,5,6,0.4534623688021516,5.643623506498955
open,247,5,7,0.44530572597273815,5.542464675460246
open,247,6,7,0.4547972582196492,5.675457987107801
open,248,0,1,0.4384461803893235,5.46510250599983
open,248,0,2,0.44537124328884475,5.554579089951164
open,248,0,3,0.4412603003866633,5.514192780968467
open,248,0,4,0.4393586815511168,5.479222557856355
open,248,0,5,0.44427889342563937,5.546495444731837
open,248,0,6,0.4513863437192656,5.623305038126533
open,248,0,7,0.4470832953442863,5.569753476774416
open,248,1,2,0.4421154462539868,5.525194676459098
open,248,1,3,0.44120649027068415,5.49932460824212
open,248,1,4,0.43602002970286446,5.431877640830758
open,248,1,5,0.44051424333896333,5.482926174388941
open,248,1,6,0.448185166148154,5.579802200571643
open,248,1,7,0.4395825675659113,5.495745791943314
open,248,2,3,0.4481927793622536,5.590723730939454
open,248,2,4,0.44194642710080523,5.495019509061032
open,248,2,5,0.4471745310083999,5.576119550630896
open,248,2,6,0.45648069340899816,5.68967237606559
open,248,2,7,0.44813882001551675,5.601774178312654
open,248,3,4,0.4400183469224016,5.475809855207343
open,248,3,5,0.44507483632150674,5.557264890435138
open,248,3,6,0.4541064452553539,5.6472428175760045
open,248,3,7,0.44728679923003906,5.5740527309304
open,248,4,5,0.43517366263056334,5.4313110279597465
open,248,4,6,0.4456544549904156,5.534209705181676
open,248,4,7,0.44143423345543,5.500476974441816
open,248,5,6,0.45346254661629676,5.643625719507483
open,248,5,7,0.44530587385149123,5.5424665160221736
open,248,6,7,0.4547973540192642,5.675459182600253
open,249,0,1,0.4384461761132667,5.465102452700042
open,249,0,2,0.44537117041521224,5.554578181086118
open,249,0,3,0.44126044321004737,5.514194565755525
open,249,0,4,0.4393586401421879,5.4792220414474455
open,249,0,5,0.44427896142436013,5.5464962936458875
open,249,0,6,0.4513863803624933,5.623305494622503
open,249,0,7,0.4470833195065624,5.569753777787499
open,249,1,2,0.4421154174750606,5.525194316803784
open,249,1,3,0.4412064499485294,5.499324105655186
open,249,1,4,0.4360200226610761,5.431877553105126
open,249,1,5,0.44051430714331485,5.48292696853931
open,249,1,6,0.4481852074060163,5.579802714222536
open,249,1,7,0.43958249010101086,5.495744823462232
open,249,2,3,0.44819286301701783,5.590724774442824
open,249,2,4,0.44194645242000435,5.4950198238717975
open,249,2,5,0.44717467631051244,5.576121362500523
open,249,2,6,0.4564807235999494,5.689672752372022
open,249,2,7,0.4481387872279465,5.601773768465177
open,249,3,4,0.4400184142660484,5.47581069326559
open,249,3,5,0.44507507778742567,5.5572679054114165
open,249,3,6,0.4541066061574608,5.647244818545771
open,249,3,7,0.44728687902962716,5.574053725386558
open,249,4,5,0.43517372361586665,5.431311789104501
open,249,4,6,0.44565453741200517,5.534210728706418
open,249,4,7,0.44143424131643016,5.500477072393554
open,249,5,6,0.453462730030549,5.643628002212855
open,249,5,7,0.44530602010160386,5.542468336313348
open,249,6,7,0.4547974547870685,5.675460440091211
open,250,0,1,0.4384461444962573,5.465102058603332
open,250,0,2,0.4453710966405607,5.554577260983748
open,250,0,3,0.44126058295599146,5.5141963120854705
open,250,0,4,0.43935858813134937,5.479221392822594
open,250,0,5,0.44427902344838816,5.54649706797029
open,250,0,6,0.45138642051934097,5.623305994890638
open,250,0,7,0.44708334944154965,5.569754150716886
open,250,1,2,0.44211537860465067,5.525193831033418
open,250,1,3,0.4412064373060112,5.499323948075202
open,250,1,4,0.436019994737283,5.431877205234347
open,250,1,5,0.4405143972036783,5.482928089489044
open,250,1,6,0.44818526554684335,5.579803438062456
open,250,1,7,0.43958246201061413,5.49574447227069
open,250,2,3,0.44819292835673535,5.59072558948565
open,250,2,4,0.44194646026855705,5.495019921458173
open,250,2,5,0.44717482123793006,5.576123169697826
open,250,2,6,0.45648075797361165,5.689673180812654
open,250,2,7,0.4481387559858537,5.601773377936303
open,250,3,4,0.44001846509925974,5.475811325859667
open,250,3,5,0.4450753178154663,5.5572709024341505
open,250,3,6,0.4541067545360712,5.647246663774022
open,250,3,7,0.4472869448216474,5.574054545281513
open,250,4,5,0.4351737800696958,5.431312493692879
open,250,4,6,0.44565463406337014,5.534211928938831
open,250,4,7,0.44143424746738374,5.500477149037312
open,250,5,6,0.45346292321939236,5.643630406569143
open,250,5,7,0.4453061710092666,5.542470214574375
open,250,6,7,0.4547975681126626,5.675461854292014
open,251,0,1,0.4384461241419989,5.465101804893496
open,251,0,2,0.4453710196825126,5.554576301178705
open,251,0,3,0.44126073809673594,5.51419825079596
open,251,0,4,0.439358520333155,5.47922054731433
open,251,0,5,0.44427907495101343,5.546497710942713
open,251,0,6,0.45138646572537816,5.623306558060836
open,251,0,7,0.44708339306831113,5.569754694218084
open,251,1,2,0.44211534591339413,5.525193422485022
open,251,1,3,0.4412064310405219,5.499323869980341
open,251,1,4,0.4360199387742635,5.431876508054737
open,251,1,5,0.440514471711849,5.482929016866094
open,251,1,6,0.4481853219960209,5.579804140841729
open,251,1,7,0.4395824439194234,5.495744246091145
open,251,2,3,0.448192987900124,5.590726332225496
open,251,2,4,0.4419464412935288,5.495019685528784
open,251,2,5,0.4471749475359044,5.57612474459209
open,251,2,6,0.4564807895933958,5.689673574928364
open,251,2,7,0.44813871420785817,5.601772855707731
open,251,3,4,0.4400185186376335,5.475811992118146
open,251,3,5,0.44507556421901284,5.557273979062318
open,251,3,6,0.45410692123146384,5.647248736788772
open,251,3,7,0.44728702403767684,5.574055532465409
open,251,4,5,0.4351738129920616,5.431312904590007
open,251,4,6,0.44565472285814645,5.5342130316068445
open,251,4,7,0.4414342321348317,5.500476957986544
open,251,5,6,0.4534631023184845,5.6436326355696425
open,251,5,7,0.44530632141799015,5.542472086625391
open,251,6,7,0.45479767975646485,5.675463247505579
open,252,0,1,0.4384461036282154,5.465101549195226
open,252,0,2,0.4453709327673766,5.554575217190899
open,252,0,3,0.4412609130943928,5.51420043764761
open,252,0,4,0.4393584445262431,5.479219601929707
open,252,0,5,0.44427910951782945,5.546498142484005
open,252,0,6,0.4513865082237272,5.623307087499051
open,252,0,7,0.44708343304172604,5.569755192205973
open,252,1,2,0.4421153193100171,5.525193090017928
open,252,1,3,0.4412064316528627,5.499323877612732
open,252,1,4,0.4360198635854101,5.43187557136233
open,252,1,5,0.4405145428899383,5.4829299027947895
open,252,1,6,0.4481853741075743,5.579804789618579
open,252,1,7,0.43958242694017524,5.4957440338133186
open,252,2,3,0.44819305307846236,5.59072714525529
open,252,2,4,0.4419464110483439,5.495019309469899
open,252,2,5,0.4471750700149254,5.57612627186526
open,252,2,6,0.45648081998283424,5.689673953708783
open,252,2,7,0.44813866921569495,5.601772293301782
open,252,3,4,0.44001858002532973,5.475812756057546
open,252,3,5,0.44507581455008177,5.557277104730064
open,252,3,6,0.4541071054511135,5.647251027734219
open,252,3,7,0.4472871042168446,5.574056531651859
open,252,4,5,0.4351738283020341,5.431313095670556
open,252,4,6,0.4456548012514134,5.534214005107219
open,252,4,7,0.44143419140258067,5.500476450443649
open,252,5,6,0.4534632765101995,5.643634803494756
open,252,5,7,0.4453064707344821,5.542473945082029
open,252,6,7,0.45479779086983785,5.675464634099867
open,253,0,1,0.4384460829390594,5.46510129131099
open,253,0,2,0.44537084436512425,5.554574114656082
open,253,0,3,0.4412610855381198,5.514202592584173
open,253,0,4,0.4393583928950242,5.479218958039074
open,253,0,5,0.4442791455449118,5.546498592255649
open,253,0,6,0.4513865516906304,5.6233076290033726
open,253,0,7,0.44708347132380155,5.569755669123195
open,253,1,2,0.44211529481000084,5.525192783836906
open,253,1,3,0.44120642383298225,5.499323780143493
open,253,1,4,0.43601975703252976,5.431874243941182
open,253,1,5,0.4405146130832206,5.482930776465937
open,253,1,6,0.4481854196924438,5.5798053571397155
open,253,1,7,0.4395824116732382,5.495743842943136
open,253,2,3,0.44819310749237695,5.590727824010454
open,253,2,4,0.4419463737755024,5.495018846031394
open,253,2,5,0.447175196451101,5.576127848482848
open,253,2,6,0.456480846291775,5.689674281629012
open,253,2,7,0.44813862692240414,5.601771764631973
open,253,3,4,0.4400186744809814,5.475813931511233
open,253,3,5,0.4450760586968349,5.557280153179603
open,253,3,6,0.45410729216937257,5.647253349752236
open,253,3,7,0.4472872004509778,5.574057730914019
open,253,4,5,0.43517379884769053,5.431312728057084
open,253,4,6,0.44565484175352854,5.53421450806909
open,253,4,7,0.44143414921971347,5.500475924825398
open,253,5,6,0.45346346139202665,5.643637104465017
open,253,5,7,0.4453066103430629,5.5424756827098705
open,253,6,7,0.4547979080492555,5.675466096392899
open,254,0,1,0.4384460408953655,5.465100767248728
open,254,0,2,0.4453707868670222,5.554573397551509
open,254,0,3,0.4412612533188841,5.514204689250196
open,254,0,4,0.4393583280853314,5.47921814980028
open,254,0,5,0.44427919582248415,5.546499219934186
open,254,0,6,0.45138658998874454,5.623308106115676
open,254,0,7,0.44708350290297655,5.569756062535835
open,254,1,2,0.4421152657047285,5.525192420103186
open,254,1,3,0.4412064524257396,5.499324136531845
open,254,1,4,0.43601964705935864,5.431872873910521
open,254,1,5,0.4405147025731886,5.48293189031616
open,254,1,6,0.4481854685467517,5.579805965364608
open,254,1,7,0.4395824079891394,5.495743796883825
open,254,2,3,0.4481931809676254,5.590728740535294
open,254,2,4,0.44194634458518345,5.495018483088371
open,254,2,5,0.44717531063211335,5.576129272282576
open,254,2,6,0.4564808855678949,5.689674771174917
open,254,2,7,0.4481385994899486,5.601771421723896
open,254,3,4,0.44001877194350975,5.475815144384008
open,254,3,5,0.44507629546077315,5.557283109446311
open,254,3,6,0.45410747427301895,5.647255614383183
open,254,3,7,0.44728729119559524,5.574058861766268
open,254,4,5,0.43517376804703406,5.431312343640564
open,254,4,6,0.44565489969363525,5.534215227578786
open,254,4,7,0.44143410828777485,5.500475414794302
open,254,5,6,0.453463654365287,5.643639506138239
open,254,5,7,0.4453067461689509,5.542477373256706
open,254,6,7,0.45479802952798326,5.675467612337429
open,255,0,1,0.4384459958022378,5.465100205176173
open,255,0,2,0.44537071900621444,5.554572551205388
open,255,0,3,0.4412614122919535,5.51420667585119
open,255,0,4,0.43935828146422345,5.479217568390519
open,255,0,5,0.44427924385962814,5.546499819642622
open,255,0,6,0.4513866358454686,5.623308677392036
open,255,0,7,0.44708353292589725,5.569756436560695
open,255,1,2,0.4421152373347584,5.525192065558668
open,255,1,3,0.441206495676209,5.499324675618137
open,255,1,4,0.4360195816458633,5.431872058998181
open,255,1,5,0.44051478290350693,5.482932890159438
open,255,1,6,0.4481855279833528,5.579806705336617
open,255,1,7,0.43958241310489116,5.4957438608419364
open,255,2,3,0.44819323126717214,5.5907293679681365
open,255,2,4,0.4419463568346629,5.495018635394453
open,255,2,5,0.4471754225794779,5.576130668229449
open,255,2,6,0.4564809237730368,5.689675247371925
open,255,2,7,0.44813856286452763,5.601770963902952
open,255,3,4,0.44001889491315466,5.475816674680183
open,255,3,5,0.4450765287449151,5.55728602226381
open,255,3,6,0.45410765849459095,5.647257905352537
open,255,3,7,0.44728738083569947,5.57405997885416
open,255,4,5,0.4351737896886411,5.431312613744914
open,255,4,6,0.44565500106223754,5.534216486390621
open,255,4,7,0.4414341026376634,5.500475344391272
open,255,5,6,0.4534638573090929,5.643642031901152
open,255,5,7,0.44530687558740484,5.542478984053891
open,255,6,7,0.4547981517438055,5.67546913748023
open,256,0,1,0.43844591880935424,5.465099245482555
open,256,0,2,0.4453706415809654,5.554571585573512
open,256,0,3,0.4412615783573577,5.514208751081281
open,256,0,4,0.43935821305148065,5.479216715218249
open,256,0,5,0.44427929034770675,5.546500400012115
open,256,0,6,0.45138667858591724,5.623309209846293
open,256,0,7,0.4470835637309975,5.56975682032993
open,256,1,2,0.44211521960210415,5.525191843950562
open,256,1,3,0.4412066130490091,5.49932613858648
open,256,1,4,0.43601951054261656,5.4318711732036995
open,256,1,5,0.4405148907201759,5.482934232115674
open,256,1,6,0.4481856235630672,5.57980789528207
open,256,1,7,0.43958248300874714,5.495744734793387
open,256,2,3,0.4481932799816596,5.590729975629066
open,256,2,4,0.4419463470679724,5.49501851395857
open,256,2,5,0.447175535739758,5.576132079300979
open,256,2,6,0.4564809516047376,5.68967559427216
open,256,2,7,0.4481385211685087,5.601770442699094
open,256,3,4,0.4400190024430308,5.475818012836103
open,256,3,5,0.4450767638725021,5.557288958098814
open,256,3,6,0.454107855149044,5.647260350936516
open,256,3,7,0.4472874765977396,5.574061172233133
open,256,4,5,0.43517380768677466,5.431312838375836
open,256,4,6,0.4456550966976833,5.534217674007183
open,256,4,7,0.44143408944487805,5.500475180002996
open,256,5,6,0.4534640591753177,5.643644544252893
open,256,5,7,0.4453070014034273,5.5424805500136785
open,256,6,7,0.4547982677994418,5.67547058574949
